level_key,plan_row,session,date,label,kind,grade,machine_grade,price,narrative_distance_pts,narrative_distance_atr,publication_distance_pts,publication_distance_atr
p2:L0,2,NY,2026-08-15,GATE 30150,other,A,,30150,,,,
p2:L1,2,NY,2026-08-15,PDC,PDC,A,,30154.75,,,,
p2:L2,2,NY,2026-08-15,EQH,EQH,A,,30218,,,,
p2:L3,2,NY,2026-08-15,EQH,EQH,A,,30219.5,,,,
p2:L4,2,NY,2026-08-15,EQL,EQL,A,,30223.5,,,,
p2:L5,2,NY,2026-08-15,RTH-H,RTH-H,A,,30280.75,,,,
p2:L6,2,NY,2026-08-15,PDH,PDH,A,,30287.25,,,,
p2:L7,2,NY,2026-08-15,PDL/RTH-L,composite,A,,30025,,,,
p3:L0,3,NY,2026-08-16,PDH,PDH,A,,30287.25,,,,
p3:L1,3,NY,2026-08-16,RTH-H,RTH-H,B,,30280.75,,,,
p3:L2,3,NY,2026-08-16,RN,RN,B,,30200,,,,
p3:L3,3,NY,2026-08-16,PDC,PDC,A,,30154.75,,,,
p3:L4,3,NY,2026-08-16,👤 D-zone 📝 [S1],other,A,,30120,,,,
p3:L5,3,NY,2026-08-16,nPOC·Thu,NPOC,C,,30075.5,,,,
p3:L6,3,NY,2026-08-16,PDL,PDL,A,,30025,,,,
p3:L7,3,NY,2026-08-16,ONL,ONL,C,,29980,,,,
p4:L0,4,NY,2026-08-16,PDH,PDH,A,,30287.25,,,,
p4:L1,4,NY,2026-08-16,RTH-H,RTH-H,A,,30280.75,,,,
p4:L2,4,NY,2026-08-16,RN,RN,A,,30200,,,,
p4:L3,4,NY,2026-08-16,PDC,PDC,B,,30154.75,,,,
p4:L4,4,NY,2026-08-16,👤 D-zone 📝 [S1],other,A,,30120,,,,
p4:L5,4,NY,2026-08-16,nPOC·Thu,NPOC,B,,30075.5,,,,
p4:L6,4,NY,2026-08-16,PDL,PDL,A,,30025,,,,
p4:L7,4,NY,2026-08-16,ONL,ONL,C,,29980,,,,
p5:L0,5,ASIA,2026-08-16,ONH,ONH,A,,30200.5,8.25,2.0008245822520796,,
p5:L1,5,ASIA,2026-08-16,EQL,EQL,A,,30192.25,0.0,0.0,,
p5:L2,5,ASIA,2026-08-16,ONL,ONL,A,,30166.25,26.0,6.305628986491402,,
p5:L3,5,ASIA,2026-08-16,PDH,PDH,A,,30148.25,44.0,10.671064438677757,,
p5:L4,5,ASIA,2026-08-16,PDC/RTH-H/RTH-L,composite,A,,30147.5,44.75,10.852957582518854,,
p5:L5,5,ASIA,2026-08-16,PDL,PDL,A,,30146.75,45.5,11.034850726359954,,
p6:L0,6,ASIA,2026-08-16,ONH,ONH,A,,30203,,,,
p6:L1,6,ASIA,2026-08-16,EQL,EQL,A,,30192.25,,,,
p6:L2,6,ASIA,2026-08-16,ONL,ONL,A,,30166.25,,,,
p6:L3,6,ASIA,2026-08-16,PDH,PDH,A,,30148.25,,,,
p6:L4,6,ASIA,2026-08-16,PDC,PDC,A,,30147.5,,,,
p6:L5,6,ASIA,2026-08-16,PDL,PDL,A,,30146.75,,,,
p7:L0,7,ASIA,2026-08-16,EQL,EQL,A,,30191.25,,,,
p7:L1,7,ASIA,2026-08-16,ONH,ONH,A,,30203,,,,
p7:L2,7,ASIA,2026-08-16,ONL,ONL,A,,30166.25,,,,
p7:L3,7,ASIA,2026-08-16,PDH,PDH,A,,30148.25,,,,
p7:L4,7,ASIA,2026-08-16,PDC,PDC,A,,30147.5,,,,
p7:L5,7,ASIA,2026-08-16,PDL,PDL,A,,30146.75,,,,
p8:L0,8,ASIA,2026-08-16,ONH,ONH,A,,30203,,,,
p8:L1,8,ASIA,2026-08-16,EQL,EQL,A,,30191.25,,,,
p8:L2,8,ASIA,2026-08-16,ONL,ONL,A,,30166.25,,,,
p8:L3,8,ASIA,2026-08-16,PDH,PDH,A,,30148.25,,,,
p8:L4,8,ASIA,2026-08-16,PDC,PDC,A,,30147.5,,,,
p8:L5,8,ASIA,2026-08-16,PDL,PDL,A,,30146.75,,,,
p9:L0,9,ASIA,2026-08-16,EQL,EQL,A,,30199.5,6.0,1.1219776726443145,,
p9:L1,9,ASIA,2026-08-16,ONH,ONH,A,,30203,9.5,1.7764646483534978,,
p9:L2,9,ASIA,2026-08-16,ONL,ONL,A,,30166.25,27.25,5.095648596592928,,
p9:L3,9,ASIA,2026-08-16,PDH,PDH,A,,30148.25,45.25,8.46158161452587,,
p9:L4,9,ASIA,2026-08-16,PDC,PDC,A,,30147.5,46.0,8.60182882360641,,
p9:L5,9,ASIA,2026-08-16,PDL,PDL,A,,30146.75,46.75,8.74207603268695,,
p11:L0,11,ASIA,2026-08-17,PDH/ONH,composite,A,,30254.75,19.5,2.536882366716103,,
p11:L1,11,ASIA,2026-08-17,PDC,PDC,A,,30234.5,0.75,0.09757239871985013,,
p11:L2,11,ASIA,2026-08-17,EQH,EQH,A,,30219.5,15.75,2.0490203731168526,,
p11:L3,11,ASIA,2026-08-17,EQH,EQH,A,,30218,17.25,2.244165170556553,,
p11:L4,11,ASIA,2026-08-17,EQH,EQH,A,,30214.75,20.5,2.66697889834257,,
p11:L5,11,ASIA,2026-08-17,PDL/ONL,composite,A,,30166.25,69.0,8.976660682226212,,
p12:L0,12,LONDON,2026-08-17,ONH,ONH,A,,30327.5,,,,
p12:L1,12,LONDON,2026-08-17,PDH,PDH,A,,30254.75,,,,
p12:L2,12,LONDON,2026-08-17,PDC,PDC,A,,30234.5,,,,
p12:L3,12,LONDON,2026-08-17,EQL,EQL,A,,30212,,,,
p12:L4,12,LONDON,2026-08-17,EQL,EQL,A,,30210.75,,,,
p12:L5,12,LONDON,2026-08-17,EQH,EQH,A,,30210,,,,
p12:L6,12,LONDON,2026-08-17,PDL/ONL,composite,A,,30166.25,,,,
p13:L0,13,NY,2026-08-17,EQH,EQH,A,,30222.25,,,,
p13:L1,13,NY,2026-08-17,EQL,EQL,A,,30221.25,,,,
p13:L2,13,NY,2026-08-17,EQL,EQL,A,,30214.5,,,,
p13:L3,13,NY,2026-08-17,EQH,EQH,A,,30212.75,,,,
p13:L4,13,NY,2026-08-17,PWH,PWH,A,,30287.25,,,,
p13:L5,13,NY,2026-08-17,ONL,ONL,A,,30166.25,,,,
p13:L6,13,NY,2026-08-17,ONH,ONH,A,,30339.75,,,,
p14:L0,14,NY,2026-08-17,EQH,EQH,A,,30217.75,,,,
p14:L1,14,NY,2026-08-17,EQL,EQL,A,,30222.5,,,,
p14:L2,14,NY,2026-08-17,EQH/EQL,composite,A,,30223.5,,,,
p14:L3,14,NY,2026-08-17,EQH/EQL,composite,A,,30225,,,,
p14:L4,14,NY,2026-08-17,OR-L,OR-L,A,,30190.5,,,,
p14:L5,14,NY,2026-08-17,OR-H,OR-H,A,,30265.75,,,,
p15:L0,15,NY,2026-08-17,PDL/ONL,composite,A,,30166.25,,,,
p15:L1,15,NY,2026-08-17,OR-L,OR-L,A,,30190.5,,,,
p15:L2,15,NY,2026-08-17,EQL,EQL,A,,30227.25,,,,
p15:L3,15,NY,2026-08-17,PDC,PDC,A,,30234.5,,,,
p15:L4,15,NY,2026-08-17,PDH,PDH,A,,30254.75,,,,
p15:L5,15,NY,2026-08-17,OR-H,OR-H,A,,30265.75,,,,
p15:L6,15,NY,2026-08-17,ONH,ONH,A,,30339.75,,,,
p16:L0,16,ASIA,2026-08-17,ONH,ONH,A,,30091.5,6.25,0.41574648112178375,,
p16:L1,16,ASIA,2026-08-17,ONL,ONL,A,,30069.75,15.5,1.0310512731820238,,
p16:L2,16,ASIA,2026-08-17,PDL,PDL,A,,30166.25,81.0,5.388074395338317,,
p16:L3,16,ASIA,2026-08-17,OR-L,OR-L,A,,30190.5,105.25,7.001170742090839,,
p16:L4,16,ASIA,2026-08-17,nPOC·2026-08-16,NPOC,A,,30203.12,117.86999999999898,7.840646036771877,,
p16:L5,16,ASIA,2026-08-17,PDC,PDC,A,,30234.5,149.25,9.928025969188196,,
p16:L6,16,ASIA,2026-08-17,PDH,PDH,A,,30254.75,169.5,11.275044568022775,,
p16:L7,16,ASIA,2026-08-17,OR-H,OR-H,A,,30265.75,180.5,12.006758374797116,,
p17:L0,17,ASIA,2026-08-17,ONH,ONH,A,,30104,3.75,0.3032214244129633,,
p17:L1,17,ASIA,2026-08-17,ONL,ONL,A,,30062,38.25,3.0928585290122257,,
p17:L2,17,ASIA,2026-08-17,PDL,PDL,A,,30166.25,66.0,5.336697069668154,,
p17:L3,17,ASIA,2026-08-17,OR-L,OR-L,A,,30190.5,90.25,7.29752894753865,,
p17:L4,17,ASIA,2026-08-17,nPOC·2026-08-16,NPOC,A,,30203.12,102.86999999999898,8.317970114496328,,
p17:L5,17,ASIA,2026-08-17,PDC,PDC,A,,30234.5,134.25,10.855326993984086,,
p17:L6,17,ASIA,2026-08-17,PDH,PDH,A,,30254.75,154.5,12.492722685814089,,
p17:L7,17,ASIA,2026-08-17,OR-H,OR-H,A,,30265.75,165.5,13.382172197425447,,
p18:L0,18,ASIA,2026-08-17,ONL,ONL,A,,29853,,,,
p18:L1,18,ASIA,2026-08-17,EQH,EQH,A,,30084.5,,,,
p18:L2,18,ASIA,2026-08-17,EQH,EQH,A,,30085.25,,,,
p18:L3,18,ASIA,2026-08-17,EQH,EQH,A,,30090.25,,,,
p18:L4,18,ASIA,2026-08-17,EQL,EQL,A,,30090.5,,,,
p18:L5,18,ASIA,2026-08-17,ONH,ONH,A,,30124.25,,,,
p18:L6,18,ASIA,2026-08-17,PDL,PDL,A,,30166.25,,,,
p18:L7,18,ASIA,2026-08-17,OR-L,OR-L,A,,30190.5,,,,
p19:L0,19,ASIA,2026-08-17,ONL,ONL,A,,29853,,,,
p19:L1,19,ASIA,2026-08-17,EQL,EQL,A,,30086.25,,,,
p19:L2,19,ASIA,2026-08-17,EQL,EQL,A,,30089.25,,,,
p19:L3,19,ASIA,2026-08-17,EQH,EQH,A,,30090.25,,,,
p19:L4,19,ASIA,2026-08-17,EQL,EQL,A,,30090.5,,,,
p19:L5,19,ASIA,2026-08-17,ONH,ONH,A,,30124.25,,,,
p19:L6,19,ASIA,2026-08-17,PDL,PDL,A,,30166.25,,,,
p19:L7,19,ASIA,2026-08-17,OR-L,OR-L,A,,30190.5,,,,
p20:L0,20,ASIA,2026-08-17,PDL/ONL,composite,A,,29853,25.75,1.1945408324209978,,
p20:L1,20,ASIA,2026-08-17,PDC,PDC,A,,29919,40.25,1.8671948933959288,,
p20:L2,20,ASIA,2026-08-17,RTH-L,RTH-L,A,,30079,200.25,9.289584531739994,,
p20:L3,20,ASIA,2026-08-17,EQH,EQH,A,,30085.25,206.5,9.579521626987809,,
p20:L4,20,ASIA,2026-08-17,EQH,EQH,A,,30087.75,209.0,9.695496465086935,,
p20:L5,20,ASIA,2026-08-17,EQH,EQH,A,,30088.25,209.5,9.718691432706759,,
p20:L6,20,ASIA,2026-08-17,ONH,ONH,A,,30124.25,245.5,11.388729101334174,,
p21:L0,21,LONDON,2026-08-18,PDL,PDL,A,,29853,,,,
p21:L1,21,LONDON,2026-08-18,PDC,PDC,A,,29919,,,,
p21:L2,21,LONDON,2026-08-18,ONL,ONL,A,,29785.5,,,,
p21:L3,21,LONDON,2026-08-18,RTH-L,RTH-L,A,,30079,,,,
p21:L4,21,LONDON,2026-08-18,EQL,EQL,A,,30090.75,,,,
p21:L5,21,LONDON,2026-08-18,EQH,EQH,A,,30091.5,,,,
p21:L6,21,LONDON,2026-08-18,PWL,PWL,A,,30096.25,,,,
p21:L7,21,LONDON,2026-08-18,ONH,ONH,A,,30124.25,,,,
p22:L0,22,NY,2026-08-18,ONL,ONL,A,,29680.75,,,,
p22:L1,22,NY,2026-08-18,PDL,PDL,A,,29853,,,,
p22:L2,22,NY,2026-08-18,PDC,PDC,A,,29919,,,,
p22:L3,22,NY,2026-08-18,RTH-L,RTH-L,A,,30079,,,,
p22:L4,22,NY,2026-08-18,EQL,EQL,A,,30089.25,,,,
p22:L5,22,NY,2026-08-18,EQL,EQL,A,,30090.75,,,,
p22:L6,22,NY,2026-08-18,EQH,EQH,A,,30091.5,,,,
p22:L7,22,NY,2026-08-18,EQL,EQL,A,,30092,,,,
p23:L0,23,ASIA,2026-08-18,IB-L,IB-L,A,,29568.25,5.25,0.28647197485594555,,
p23:L1,23,ASIA,2026-08-18,ONH,ONH,A,,29582.5,9.0,0.49109481403876376,,
p23:L2,23,ASIA,2026-08-18,EQL,EQL,A,,29564.5,9.0,0.49109481403876376,,
p23:L3,23,ASIA,2026-08-18,ONL,ONL,A,,29551.5,22.0,1.2004539898725337,,
p23:L4,23,ASIA,2026-08-18,OR-L,OR-L,A,,29644.5,71.0,3.8741924218613586,,
p23:L5,23,ASIA,2026-08-18,OR-H,OR-H,A,,29755,181.5,9.903745416448402,,
p23:L6,23,ASIA,2026-08-18,PDC,PDC,A,,29919,345.5,18.852584250043652,,
p23:L7,23,ASIA,2026-08-18,RTH-L,RTH-L,A,,30079,505.5,27.583158721843898,,
p24:L0,24,ASIA,2026-08-18,EQH,EQH,A,,29586.25,,,,
p24:L1,24,ASIA,2026-08-18,EQH,EQH,A,,29582.5,,,,
p24:L2,24,ASIA,2026-08-18,ONH,ONH,A,,29602,,,,
p24:L3,24,ASIA,2026-08-18,OR-L,OR-L,A,,29644.5,,,,
p24:L4,24,ASIA,2026-08-18,ONL,ONL,A,,29441,,,,
p24:L5,24,ASIA,2026-08-18,OR-H,OR-H,A,,29755,,,,
p24:L6,24,ASIA,2026-08-18,PDL,PDL,A,,29853,,,,
p24:L7,24,ASIA,2026-08-18,RTH-L,RTH-L,A,,30079,,,,
p27:L0,27,ASIA,2026-08-18,EQH,EQH,A,,29478.25,,,,
p27:L1,27,ASIA,2026-08-18,PDC,PDC,A,,29496.25,,,,
p27:L2,27,ASIA,2026-08-18,RTH-L,RTH-L,A,,29514,,,,
p27:L3,27,ASIA,2026-08-18,PDL,PDL,A,,29441,,,,
p27:L4,27,ASIA,2026-08-18,ONL,ONL,A,,29430.25,,,,
p27:L5,27,ASIA,2026-08-18,ONH,ONH,A,,29609.75,,,,
p27:L6,27,ASIA,2026-08-18,RTH-H,RTH-H,A,,29770,,,,
p27:L7,27,ASIA,2026-08-18,PDH,PDH,A,,29920,,,,
p28:L0,28,ASIA,2026-08-18,EQH,EQH,A,,29478.25,,,,
p28:L1,28,ASIA,2026-08-18,PDC,PDC,A,,29496.25,,,,
p28:L2,28,ASIA,2026-08-18,RTH-L,RTH-L,A,,29514,,,,
p28:L3,28,ASIA,2026-08-18,PDL,PDL,A,,29441,,,,
p28:L4,28,ASIA,2026-08-18,ONL,ONL,A,,29430.25,,,,
p28:L5,28,ASIA,2026-08-18,ONH,ONH,A,,29609.75,,,,
p28:L6,28,ASIA,2026-08-18,RTH-H,RTH-H,A,,29770,,,,
p28:L7,28,ASIA,2026-08-18,PDH,PDH,A,,29920,,,,
p29:L0,29,LONDON,2026-08-19,EQH,EQH,A,,29552.5,10.5,0.4235527605555399,,
p29:L1,29,LONDON,2026-08-19,ONH,ONH,A,,29609.75,67.75,2.732923764536936,,
p29:L2,29,LONDON,2026-08-19,RTH-H,RTH-H,A,,29770,228.0,9.197145657777437,,
p29:L3,29,LONDON,2026-08-19,PDH,PDH,A,,29919.25,377.25,15.217645611388326,,
p29:L4,29,LONDON,2026-08-19,RTH-L,RTH-L,A,,29514,28.0,1.1294740281481064,,
p29:L5,29,LONDON,2026-08-19,PDC,PDC,A,,29505.75,36.25,1.4622654828703163,,
p29:L6,29,LONDON,2026-08-19,PDL,PDL,A,,29441,101.0,4.074174172962812,,
p29:L7,29,LONDON,2026-08-19,ONL,ONL,A,,29430.25,111.75,4.507811523055389,,
p30:L0,30,LONDON,2026-08-19,EQH,EQH,A,,29555,23.5,0.9445793205460071,,
p30:L1,30,LONDON,2026-08-19,ONH,ONH,A,,29609.75,31.25,1.256089522002669,,
p30:L2,30,LONDON,2026-08-19,RTH-L,RTH-L,A,,29514,64.5,2.5925687734135088,,
p30:L3,30,LONDON,2026-08-19,PDC,PDC,A,,29505.75,72.75,2.9241764072222134,,
p30:L4,30,LONDON,2026-08-19,PDL,PDL,A,,29441,137.5,5.526793896811744,,
p30:L5,30,LONDON,2026-08-19,ONL,ONL,A,,29430.25,148.25,5.958888692380662,,
p30:L6,30,LONDON,2026-08-19,RTH-H,RTH-H,A,,29770,191.5,7.697316590832356,,
p30:L7,30,LONDON,2026-08-19,PDH,PDH,A,,29919.25,340.75,13.696400147917103,,
p31:L0,31,LONDON,2026-08-19,ONH,ONH,A,,29641.25,,,,
p31:L1,31,LONDON,2026-08-19,EQL,EQL,A,,29554.5,,,,
p31:L2,31,LONDON,2026-08-19,RTH-L,RTH-L,A,,29514,,,,
p31:L3,31,LONDON,2026-08-19,PDC,PDC,A,,29505.75,,,,
p31:L4,31,LONDON,2026-08-19,RTH-H,RTH-H,A,,29770,,,,
p31:L5,31,LONDON,2026-08-19,PDL,PDL,A,,29441,,,,
p31:L6,31,LONDON,2026-08-19,ONL,ONL,A,,29430.25,,,,
p31:L7,31,LONDON,2026-08-19,PDH,PDH,A,,29919.25,,,,
p32:L0,32,NY,2026-08-19,ONH,ONH,A,,29759,17.5,0.5390237817292499,,
p32:L1,32,NY,2026-08-19,RTH-H,RTH-H,A,,29770,28.5,0.8778387302447784,,
p32:L2,32,NY,2026-08-19,PDH,PDH,A,,29919.25,177.75,5.474941554421381,,
p32:L3,32,NY,2026-08-19,EQH,EQH,A,,29584.5,157.0,4.8358133560852705,,
p32:L4,32,NY,2026-08-19,RTH-L,RTH-L,A,,29514,227.5,7.007309162480249,,
p32:L5,32,NY,2026-08-19,PDC,PDC,A,,29505.75,235.75,7.261420373866896,,
p32:L6,32,NY,2026-08-19,PDL,PDL,A,,29441,300.5,9.25580836626512,,
p32:L7,32,NY,2026-08-19,ONL,ONL,A,,29430.25,311.25,9.58692297504166,,
p33:L0,33,NY,2026-08-19,EQL,EQL,A,,29496.25,,,,
p33:L1,33,NY,2026-08-19,PDL,PDL,A,,29441,,,,
p33:L2,33,NY,2026-08-19,ONL,ONL,A,,29430.25,,,,
p33:L3,33,NY,2026-08-19,PDC,PDC,A,,29505.75,,,,
p33:L4,33,NY,2026-08-19,RTH-L,RTH-L,A,,29514,,,,
p33:L5,33,NY,2026-08-19,OR-H,OR-H,A,,29742,,,,
p33:L6,33,NY,2026-08-19,ONH,ONH,A,,29759,,,,
p33:L7,33,NY,2026-08-19,RTH-H,RTH-H,A,,29770,,,,
p34:L0,34,NY,2026-08-19,RTH-L,RTH-L,A,,29514,,,,
p34:L1,34,NY,2026-08-19,PDC,PDC,A,,29505.75,,,,
p34:L2,34,NY,2026-08-19,PDL,PDL,A,,29441,,,,
p34:L3,34,NY,2026-08-19,OR-L,OR-L,A,,29648.25,,,,
p34:L4,34,NY,2026-08-19,OR-H,OR-H,A,,29742,,,,
p34:L5,34,NY,2026-08-19,ONH,ONH,A,,29759,,,,
p34:L6,34,NY,2026-08-19,RTH-H,RTH-H,A,,29770,,,,
p34:L7,34,NY,2026-08-19,PDH,PDH,A,,29919.25,,,,
p35:L0,35,ASIA,2026-08-19,nPOC,NPOC,A,,29553.12,,,11.880000000001019,0.5972550399678759
p35:L1,35,ASIA,2026-08-19,RTH-L,RTH-L,A,,29514,,,51.0,2.5639736564275304
p35:L2,35,ASIA,2026-08-19,PDC,PDC,A,,29505.75,,,59.25,2.9787341008496306
p35:L3,35,ASIA,2026-08-19,PDL,PDL,A,,29441,,,124.0,6.233975164647329
p35:L4,35,ASIA,2026-08-19,OR-L,OR-L,A,,29648.25,,,83.25,4.1853099391684685
p35:L5,35,ASIA,2026-08-19,OR-H,OR-H,A,,29742,,,177.0,8.898496807601429
p35:L6,35,ASIA,2026-08-19,RTH-H,RTH-H,A,,29770,,,205.0,10.306168618973405
p35:L7,35,ASIA,2026-08-19,PDH,PDH,A,,29785.5,,,220.5,11.085415514554322
p36:L0,36,ASIA,2026-08-19,OR-L,OR-L,A,,29648.25,,,9.5,0.3962064277194358
p36:L1,36,ASIA,2026-08-19,ONH,ONH,A,,29688.5,,,30.75,1.2824576476181737
p36:L2,36,ASIA,2026-08-19,OR-H,OR-H,A,,29742,,,84.25,3.5137254247749965
p36:L3,36,ASIA,2026-08-19,ONL,ONL,A,,29554.75,,,103.0,4.295711795273883
p36:L4,36,ASIA,2026-08-19,PDH,PDH,A,,29770,,,112.25,4.681491738053333
p36:L5,36,ASIA,2026-08-19,RTH-L,RTH-L,A,,29514,,,143.75,5.995228840491463
p36:L6,36,ASIA,2026-08-19,PDC,PDC,A,,29505.75,,,152.0,6.339302843510973
p36:L7,36,ASIA,2026-08-19,PDL,PDL,A,,29441,,,216.75,9.039762442967127
p37:L0,37,ASIA,2026-08-19,PDH,PDH,A,,29770,,,148.75,6.400712576808551
p37:L1,37,ASIA,2026-08-19,OR-H,OR-H,A,,29742,,,120.75,5.195872562350471
p37:L2,37,ASIA,2026-08-19,ONH,ONH,A,,29688.5,,,67.25,2.8937675347252103
p37:L3,37,ASIA,2026-08-19,OR-L,OR-L,A,,29648.25,,,27.0,1.1618100139417202
p37:L4,37,ASIA,2026-08-19,ONL,ONL,A,,29554.75,,,66.5,2.8614950343379406
p37:L5,37,ASIA,2026-08-19,RTH-L,RTH-L,A,,29514,,,107.25,4.614967555379611
p37:L6,37,ASIA,2026-08-19,PDC,PDC,A,,29505.75,,,115.5,4.969965059639581
p37:L7,37,ASIA,2026-08-19,PDL,PDL,A,,29441,,,180.25,7.756157593073891
p38:L0,38,ASIA,2026-08-19,OR-L,OR-L,A,,29648.25,,,14.0,0.6027078804055362
p38:L1,38,ASIA,2026-08-19,ONH,ONH,A,,29688.5,,,26.25,1.1300772757603805
p38:L2,38,ASIA,2026-08-19,OR-H,OR-H,A,,29742,,,79.75,3.4332823901672516
p38:L3,38,ASIA,2026-08-19,ONL,ONL,A,,29554.75,,,107.5,4.627935510256797
p38:L4,38,ASIA,2026-08-19,PDH,PDH,A,,29770,,,107.75,4.638698150978324
p38:L5,38,ASIA,2026-08-19,RTH-L,RTH-L,A,,29514,,,148.25,6.382245947865768
p38:L6,38,ASIA,2026-08-19,PDC,PDC,A,,29505.75,,,156.5,6.737413091676173
p38:L7,38,ASIA,2026-08-19,PDL,PDL,A,,29441,,,221.25,9.524937038551778
p39:L0,39,LONDON,2026-08-20,ONH,ONH,A,,29688.5,,,17.5,0.9440832951204381
p39:L1,39,LONDON,2026-08-20,RTH-H,RTH-H,A,,29742,,,71.0,3.830280797345777
p39:L2,39,LONDON,2026-08-20,PDH,PDH,A,,29759,,,88.0,4.747390284034203
p39:L3,39,LONDON,2026-08-20,PDC,PDC,A,,29617,,,54.0,2.9131713106573516
p39:L4,39,LONDON,2026-08-20,ONL,ONL,A,,29554.75,,,116.25,6.27141046044291
p39:L5,39,LONDON,2026-08-20,EQH,EQH,A,,29545.25,,,125.75,6.783912820651148
p39:L6,39,LONDON,2026-08-20,EQH,EQH,A,,29541.5,,,129.5,6.986216383891241
p39:L7,39,LONDON,2026-08-20,PDL,PDL,A,,29375.75,,,295.25,15.92803387910339
p40:L0,40,LONDON,2026-08-20,PDH,PDH,A,,29759,,,220.75,8.63742008185496
p40:L1,40,LONDON,2026-08-20,RTH-H,RTH-H,A,,29742,,,203.75,7.972250698427852
p40:L2,40,LONDON,2026-08-20,ONH,ONH,A,,29688.5,,,150.25,5.8789235211719495
p40:L3,40,LONDON,2026-08-20,PDC,PDC,A,,29617,,,78.75,3.0812993496991083
p40:L4,40,LONDON,2026-08-20,EQH,EQH,A,,29557.5,,,19.25,0.7532065077042265
p40:L5,40,LONDON,2026-08-20,EQL,EQL,A,,29534.5,,,3.75,0.14672854046186232
p40:L6,40,LONDON,2026-08-20,ONL,ONL,A,,29515.25,,,23.0,0.8999350481660888
p40:L7,40,LONDON,2026-08-20,PDL,PDL,A,,29375.75,,,162.5,6.3582367533473665
p41:L0,41,NY,2026-08-20,RTH-L,RTH-L,A,,29375.75,28.0,0.977097531781842,38.0,1.3260609359896427
p41:L1,41,NY,2026-08-20,RN 29275,RN,A,,29275,72.75,2.53870876561175,62.75,2.1897453614039493
p41:L2,41,NY,2026-08-20,EQL,EQL,A,,29263.5,84.25,2.940016680450721,74.25,2.59105327624292
p41:L3,41,NY,2026-08-20,ONL,ONL,A,,29240.25,107.5,3.7513565952338577,97.5,3.4023931910260568
p41:L4,41,NY,2026-08-20,PDC,PDC,A,,29617,269.25,9.395839658295033,279.25,9.744803062502834
p41:L5,41,NY,2026-08-20,ONH,ONH,A,,29688.5,340.75,11.890927998380809,350.75,12.23989140258861
p41:L6,41,NY,2026-08-20,RTH-H,RTH-H,A,,29742,394.25,13.757882210892543,404.25,14.106845615100344
p41:L7,41,NY,2026-08-20,PDH,PDH,A,,29759,411.25,14.351119998045805,421.25,14.700083402253604
p42:L0,42,NY,2026-08-20,ONL,ONL,A,,29240.25,,,156.5,3.7787237330410153
p42:L1,42,NY,2026-08-20,OR-L,OR-L,A,,29338.5,,,58.25,1.4064578750775665
p42:L2,42,NY,2026-08-20,PDL,PDL,A,,29375.75,,,21.0,0.5070491910150884
p42:L3,42,NY,2026-08-20,OR-H,OR-H,A,,29433.75,,,37.0,0.8933723841694413
p42:L4,42,NY,2026-08-20,PDC,PDC,A,,29617,,,220.25,5.317980205765391
p42:L5,42,NY,2026-08-20,ONH,ONH,A,,29688.5,,,291.75,7.0443619751739055
p42:L6,42,NY,2026-08-20,RTH-H,RTH-H,A,,29742,,,345.25,8.336130152283774
p42:L7,42,NY,2026-08-20,PDH,PDH,A,,29759,,,362.25,8.746598545010274
p43:L0,43,ASIA,2026-08-20,ONL,ONL,A,,29323,1.0,0.04852767047770639,33.25,1.6135450433837375
p43:L1,43,ASIA,2026-08-20,OR-L,OR-L,A,,29338.5,14.5,0.7036512219267427,48.75,2.3657239357881865
p43:L2,43,ASIA,2026-08-20,EQL,EQL,A,,29309.25,14.75,0.7157831395461692,19.5,0.9462895743152746
p43:L3,43,ASIA,2026-08-20,EQH,EQH,A,,29306,18.0,0.873498068598715,16.25,0.7885746452627288
p43:L4,43,ASIA,2026-08-20,ONH,ONH,A,,29345.25,21.25,1.0312129976512607,55.5,2.6932857115127047
p43:L5,43,ASIA,2026-08-20,PDL,PDL,A,,29375.75,51.75,2.5113069472213057,86.0,4.173379661082749
p43:L6,43,ASIA,2026-08-20,OR-H,OR-H,A,,29433.75,109.75,5.325911834928276,144.0,6.98798454878972
p43:L7,43,ASIA,2026-08-20,PDC,PDC,A,,29617,293.0,14.218607449967973,327.25,15.880680163829416
p44:L0,44,ASIA,2026-08-20,ONH,ONH,A,,29365,3.5,0.175305908810875,32.25,1.6153187311859194
p44:L1,44,ASIA,2026-08-20,PDL,PDL,A,,29375.75,14.25,0.7137454858728481,43.0,2.153758308247893
p44:L2,44,ASIA,2026-08-20,PDC,PDC,A,,29617,255.5,12.797331343193873,284.25,14.237344165568919
p44:L3,44,ASIA,2026-08-20,RTH-H,RTH-H,A,,29742,380.5,19.05825665786798,409.25,20.498269480243025
p44:L4,44,ASIA,2026-08-20,PDH,PDH,A,,29748.25,386.75,19.371302923601686,415.5,20.81131574597673
p44:L5,44,ASIA,2026-08-20,OR-L,OR-L,A,,29338.5,23.0,1.1520102579000355,5.75,0.2880025644750089
p44:L6,44,ASIA,2026-08-20,EQL,EQL,A,,29334.25,27.25,1.3648817185989552,1.5,0.07513110377608928
p44:L7,44,ASIA,2026-08-20,ONL,ONL,A,,29273.5,88.0,4.407691421530571,59.25,2.9676785991555263
p45:L0,45,ASIA,2026-08-20,ONH,ONH,A,,29395,5.25,0.2414281509822677,3.0,0.13795894341843867
p45:L1,45,ASIA,2026-08-20,PDL,PDL,A,,29485,95.25,4.380196453535428,93.0,4.276727245971599
p45:L2,45,ASIA,2026-08-20,RTH-L,RTH-L,A,,29491.75,102.0,4.690604076226915,99.75,4.587134868663086
p45:L3,45,ASIA,2026-08-20,PDC,PDC,A,,29617,227.25,10.45038996394673,225.0,10.3469207563829
p45:L4,45,ASIA,2026-08-20,RTH-H,RTH-H,A,,29667.25,277.5,12.761202266205578,275.25,12.657733058641748
p45:L5,45,ASIA,2026-08-20,OR-L,OR-L,A,,29338.5,51.25,2.356798616731661,53.5,2.4602678242954896
p45:L6,45,ASIA,2026-08-20,EQH,EQH,A,,29331,58.75,2.701695975277757,61.0,2.8051651828415864
p45:L7,45,ASIA,2026-08-20,ONL,ONL,A,,29273.5,116.25,5.345909057464499,118.5,5.449378265028328
p46:L0,46,LONDON,2026-08-21,PDH,PDH,A,,29686.75,306.75,19.960956564177646,293.0,19.066211159915404
p46:L1,46,LONDON,2026-08-21,RTH-H,RTH-H,A,,29470.25,90.25,5.872783471612169,76.5,4.978038067349927
p46:L2,46,LONDON,2026-08-21,ONH,ONH,A,,29402.25,22.25,1.4478607450789003,8.5,0.5531153408166586
p46:L3,46,LONDON,2026-08-21,PDC,PDC,A,,29358.25,21.75,1.4153245485602732,35.5,2.310069952822515
p46:L4,46,LONDON,2026-08-21,EQH,EQH,A,,29346,34.0,2.2124613632666343,47.75,3.107206767528876
p46:L5,46,LONDON,2026-08-21,EQL,EQL,A,,29341.75,38.25,2.4890190336749636,52.0,3.3837644379372054
p46:L6,46,LONDON,2026-08-21,ONL,ONL,A,,29273.5,106.5,6.930209858467546,120.25,7.824955262729787
p46:L7,46,LONDON,2026-08-21,PDL,PDL,A,,29202.5,177.5,11.550349764112575,191.25,12.445095168374817
p47:L0,47,LONDON,2026-08-21,ONH,ONH,A,,29415.5,,,3.5,0.22628530050687906
p47:L1,47,LONDON,2026-08-21,RTH-H,RTH-H,A,,29470.25,,,51.25,3.3134633288507294
p47:L2,47,LONDON,2026-08-21,PDH,PDH,A,,29686.75,,,267.75,17.31082548877625
p47:L3,47,LONDON,2026-08-21,PDC,PDC,A,,29358.25,,,60.75,3.927666287369401
p47:L4,47,LONDON,2026-08-21,EQL,EQL,A,,29353.75,,,65.25,4.218604530878245
p47:L5,47,LONDON,2026-08-21,EQH,EQH,A,,29346,,,73.0,4.719664839143478
p47:L6,47,LONDON,2026-08-21,ONL,ONL,A,,29273.5,,,145.5,9.407003206785973
p47:L7,47,LONDON,2026-08-21,PDL,PDL,A,,29202.5,,,216.5,13.997362159925519
p48:L0,48,LONDON,2026-08-21,RTH-H,RTH-H,A,,29470.25,4.75,0.26074116361919714,2.5,0.1372321913785248
p48:L1,48,LONDON,2026-08-21,ONH,ONH,A,,29483.25,8.25,0.4528662315491318,10.5,0.5763752037898041
p48:L2,48,LONDON,2026-08-21,PDC,PDC,A,,29358.25,116.75,6.408743337377108,114.5,6.285234365136436
p48:L3,48,LONDON,2026-08-21,EQH,EQH,A,,29342,133.0,7.30075258133752,130.75,7.1772436090968466
p48:L4,48,LONDON,2026-08-21,EQL,EQL,A,,29638.5,163.5,8.974985316155522,165.75,9.098494288396195
p48:L5,48,LONDON,2026-08-21,ONL,ONL,A,,29273.5,201.5,11.060914625109099,199.25,10.937405652868426
p48:L6,48,LONDON,2026-08-21,PDH,PDH,A,,29686.75,211.75,11.62356660976105,214.0,11.747075582001722
p48:L7,48,LONDON,2026-08-21,PDL,PDL,A,,29202.5,272.5,14.958308860259203,270.25,14.83479988801853
p49:L0,49,LONDON,2026-08-21,PDH,PDH,A,,29686.75,,,240.0,13.010598216463828
p49:L1,49,LONDON,2026-08-21,ONH,ONH,A,,29539.75,,,93.0,5.041606808879733
p49:L2,49,LONDON,2026-08-21,RTH-H,RTH-H,A,,29470.25,,,23.5,1.2739544086954164
p49:L3,49,LONDON,2026-08-21,PDC,PDC,A,,29358.25,,,88.5,4.797658092321036
p49:L4,49,LONDON,2026-08-21,EQH,EQH,A,,29346,,,100.75,5.461740709619711
p49:L5,49,LONDON,2026-08-21,EQH,EQH,A,,29342,,,104.75,5.678584013227441
p49:L6,49,LONDON,2026-08-21,ONL,ONL,A,,29273.5,,,173.25,9.392025587509826
p49:L7,49,LONDON,2026-08-21,PDL,PDL,A,,29202.5,,,244.25,13.240994226547041
p50:L0,50,NY,2026-08-21,RTH-H,RTH-H,A,,29470.25,,,9.5,0.4756968959525705
p50:L1,50,NY,2026-08-21,PDC,PDC,A,,29358.25,,,121.5,6.083912932446033
p50:L2,50,NY,2026-08-21,EQH,EQH,A,,29346,,,133.75,6.697311561437505
p50:L3,50,NY,2026-08-21,EQH,EQH,A,,29342,,,137.75,6.897604991312273
p50:L4,50,NY,2026-08-21,ONH,ONH,A,,29539.75,,,60.0,3.004401448121498
p50:L5,50,NY,2026-08-21,ONL,ONL,A,,29273.5,,,206.25,10.327629977917649
p50:L6,50,NY,2026-08-21,PDL,PDL,A,,29202.5,,,277.25,13.882838358194755
p50:L7,50,NY,2026-08-21,PDH,PDH,A,,29686.75,,,207.0,10.365184996019167
p51:L0,51,ASIA,2026-08-23,EQL,EQL,A,,29319.25,,,2.5,0.11592536261453426
p51:L1,51,ASIA,2026-08-23,ONL,ONL,A,,29302.25,,,19.5,0.9042178283933672
p51:L2,51,ASIA,2026-08-23,EQL,EQL,A,,29348.5,,,26.75,1.2404013799755165
p51:L3,51,ASIA,2026-08-23,PDC,PDC,A,,29370,,,48.25,2.237359498460511
p51:L4,51,ASIA,2026-08-23,ONH,ONH,A,,29409,,,87.25,4.045795155247245
p51:L5,51,ASIA,2026-08-23,PDL,PDL,A,,29220.25,,,101.5,4.706569722150091
p51:L6,51,ASIA,2026-08-23,RTH-H,RTH-H,A,,29488.5,,,166.75,7.732221686389435
p51:L7,51,ASIA,2026-08-23,PDH,PDH,A,,29539.75,,,218.0,10.108691619987388
p52:L0,52,ASIA,2026-08-23,ONH,ONH,A,,29428.75,,,1.5,0.08846113017939916
p52:L1,52,ASIA,2026-08-23,PDC,PDC,A,,29370,,,57.25,3.3762664685137347
p52:L2,52,ASIA,2026-08-23,RTH-H,RTH-H,A,,29488.5,,,61.25,3.6121628156587993
p52:L3,52,ASIA,2026-08-23,EQL,EQL,A,,29335.25,,,92.0,5.425615984336482
p52:L4,52,ASIA,2026-08-23,EQL,EQL,A,,29321.25,,,106.0,6.251253199344208
p52:L5,52,ASIA,2026-08-23,PDH,PDH,A,,29539.75,,,112.5,6.634584763454937
p52:L6,52,ASIA,2026-08-23,ONL,ONL,A,,29302.25,,,125.0,7.371760848283263
p52:L7,52,ASIA,2026-08-23,PDL,PDL,A,,29220.25,,,207.0,12.207635964757085
p53:L0,53,ASIA,2026-08-23,ONH,ONH,A,,29480.5,,,22.5,1.3212521947467013
p53:L1,53,ASIA,2026-08-23,RTH-H,RTH-H,A,,29488.5,,,30.5,1.7910307528788618
p53:L2,53,ASIA,2026-08-23,PDH,PDH,A,,29539.75,,,81.75,4.800549640913015
p53:L3,53,ASIA,2026-08-23,PDC,PDC,A,,29370,,,88.0,5.1675641394537655
p53:L4,53,ASIA,2026-08-23,EQL,EQL,A,,29353.75,,,104.25,6.121801835659716
p53:L5,53,ASIA,2026-08-23,EQL,EQL,A,,29348.5,,,109.5,6.430094014433947
p53:L6,53,ASIA,2026-08-23,ONL,ONL,A,,29302.25,,,155.75,9.146001303635499
p53:L7,53,ASIA,2026-08-23,PDL,PDL,A,,29220.25,,,237.75,13.961231524490143
p54:L0,54,ASIA,2026-08-23,ONL,ONL,A,,29265.5,,,4.25,0.174828770645221
p54:L1,54,ASIA,2026-08-23,EQL,EQL,A,,29242,,,27.75,1.1415290318599725
p54:L2,54,ASIA,2026-08-23,PDL,PDL,A,,29220.25,,,49.5,2.0362409757502213
p54:L3,54,ASIA,2026-08-23,EQL,EQL,A,,29358.75,,,89.0,3.6611201382175693
p54:L4,54,ASIA,2026-08-23,PDC,PDC,A,,29370,,,100.25,4.123902178160801
p54:L5,54,ASIA,2026-08-23,ONH,ONH,A,,29480.5,,,210.75,8.669450214936548
p54:L6,54,ASIA,2026-08-23,RTH-H,RTH-H,A,,29488.5,,,218.75,8.998539665562847
p54:L7,54,ASIA,2026-08-23,PDH,PDH,A,,29539.75,,,270.0,11.10676895863757
p55:L0,55,LONDON,2026-08-24,EQH,EQH,A,,29179.25,,,4.25,0.17266947000629737
p55:L1,55,LONDON,2026-08-24,RN 29175 (25),RN,B,,29175,,,8.5,0.34533894001259474
p55:L2,55,LONDON,2026-08-24,ONL,ONL,A,,29124.75,,,58.75,2.3869014971458755
p55:L3,55,LONDON,2026-08-24,PDL,PDL,A,,29263.25,,,79.75,3.240091819529933
p55:L4,55,LONDON,2026-08-24,EQL,EQL,A,,29358.75,,,175.25,7.120076380847909
p55:L5,55,LONDON,2026-08-24,EQH,EQH,A,,29363,,,179.5,7.292745850854207
p55:L6,55,LONDON,2026-08-24,EQL,EQL,A,,29367.5,,,184.0,7.475572348507933
p55:L7,55,LONDON,2026-08-24,EQH,EQH,A,,29371.25,,,187.75,7.627927763219372
p56:L0,56,NY,2026-08-24,ONL,ONL,A,A,29116.75,80.0,3.4593547438564025,15.0,0.6486290144730754
p56:L1,56,NY,2026-08-24,EQH,EQH,A,A,29180.75,16.0,0.6918709487712805,49.0,2.1188547806120464
p56:L2,56,NY,2026-08-24,EQL,EQL,A,A,29192,4.75,0.2053991879164739,60.25,2.605326541466853
p56:L3,56,NY,2026-08-24,PDL,PDL,A,A,29263.25,66.5,2.8755886308306344,131.5,5.686314360213961
p56:L4,56,NY,2026-08-24,EQL,EQL,A,A,29356,159.25,6.886278036989151,224.25,9.697003766372479
p56:L5,56,NY,2026-08-24,EQH,EQH,A,A,29362,165.25,7.145729642778381,230.25,9.956455372161708
p56:L6,56,NY,2026-08-24,EQH,EQH,A,A,29369,172.25,7.448423182865817,237.25,10.259148912249143
p56:L7,56,NY,2026-08-24,PDH,PDH,A,A,29480.5,283.75,12.269898857115678,348.75,15.080624586499004
p57:L0,57,NY,2026-08-24,IB-L,IB-L,A,A,28976.25,1.5,0.03618721819203833,14.0,0.33774736979235775
p57:L1,57,NY,2026-08-24,IB-1.5x,other,B,B,28842.5,135.25,3.2628808403154563,147.75,3.5644409919157756
p57:L2,57,NY,2026-08-24,IB-2x,other,B,B,28708.75,269.0,6.489574462438874,281.5,6.791134614039193
p57:L3,57,NY,2026-08-24,OR-L,OR-L,A,A,29082.5,104.75,2.5270740704106767,92.25,2.2255139188103574
p57:L4,57,NY,2026-08-24,ONL,ONL,B,B,29116.75,139.0,3.353348885795552,126.5,3.0517887341952328
p57:L5,57,NY,2026-08-24,PWL,PWL,A,A,29220.25,242.5,5.850266941046197,230.0,5.548706789445878
p57:L6,57,NY,2026-08-24,OR-H,OR-H,A,A,29243.75,266.0,6.417200026054798,253.5,6.115639874454478
p57:L7,57,NY,2026-08-24,PDL,PDL,A,A,29263.25,285.5,6.887633862551296,273.0,6.586073710950976
p58:L0,58,NY,2026-08-24,RN 29050 (50),RN,A,A,29050,,,41.5,0.886761610700969
p58:L1,58,NY,2026-08-24,OR-L,OR-L,B,B,29082.5,,,9.0,0.19230974689900532
p58:L2,58,NY,2026-08-24,RN 29100 (100),RN,A,A,29100,,,8.5,0.1816258720712828
p58:L3,58,NY,2026-08-24,ONL,ONL,A,A,29116.75,,,25.25,0.5395356787999872
p58:L4,58,NY,2026-08-24,PWL,PWL,A,A,29220.25,,,128.75,2.7510977681385484
p58:L5,58,NY,2026-08-24,OR-H,OR-H,A,A,29243.75,,,152.25,3.2532398850415065
p58:L6,58,NY,2026-08-24,PDL,PDL,A,A,29263.25,,,171.75,3.6699110033226847
p58:L7,58,NY,2026-08-24,PDH,PDH,A,A,29480.5,,,389.0,8.312054615968119
p59:L0,59,NY,2026-08-24,OR-L,OR-L,B,B,29082.5,52.75,1.3234117177758655,69.0,1.7310977919722221
p59:L1,59,NY,2026-08-24,ONL,ONL,A,A,29116.75,18.5,0.46413491523892914,34.75,0.8718209894352859
p59:L2,59,NY,2026-08-24,AS-L,AS-L,A,A,29124.75,10.5,0.26342792486533817,26.75,0.6711139990616949
p59:L3,59,NY,2026-08-24,PWL,PWL,A,A,29220.25,85.0,2.132511772719404,68.75,1.7248256985230475
p59:L4,59,NY,2026-08-24,OR-H,OR-H,A,A,29243.75,108.5,2.7220885569418276,92.25,2.314402482745471
p59:L5,59,NY,2026-08-24,PDL,PDL,A,A,29263.25,128.0,3.211311845977456,111.75,2.8036257717810993
p59:L6,59,NY,2026-08-24,EQH·15m (HTF),EQH,A,A,29381,245.75,6.165467860538748,229.5,5.757781786342392
p60:L0,60,NY,2026-08-24,OR-L,OR-L,B,B,29082.5,,,97.25,2.4321498954613205
p60:L1,60,NY,2026-08-24,ONL,ONL,A,A,29116.75,,,63.0,1.575582965697308
p60:L2,60,NY,2026-08-24,EQL,EQL,A,A,29173,,,6.75,0.16881246061042587
p60:L3,60,NY,2026-08-24,PWL,PWL,A,A,29220.25,,,40.5,1.0128747636625552
p60:L4,60,NY,2026-08-24,OR-H,OR-H,A,A,29243.75,,,64.0,1.6005922191210749
p60:L5,60,NY,2026-08-24,PDL,PDL,A,A,29263.25,,,83.5,2.0882726608845275
p60:L6,60,NY,2026-08-24,EQH·15m (HTF),EQH,A,A,29381,,,201.25,5.033112251533067
p60:L7,60,NY,2026-08-24,PDH,PDH,A,A,29480.5,,,300.75,7.521532967197864
p61:L0,61,NY,2026-08-24,EQL,EQL,A,A,29146.75,13.25,0.36067572938159764,35.5,0.9663387466450352
p61:L1,61,NY,2026-08-24,ONL,ONL,A,A,29116.75,43.25,1.177300022321064,65.5,1.7829630395845015
p61:L2,61,NY,2026-08-24,OR-L,OR-L,A,A,29082.5,77.5,2.109612756760288,99.75,2.7152757740237257
p61:L3,61,NY,2026-08-24,PWL,PWL,A,A,29220.25,60.25,1.6400537883200947,38.0,1.0343907710566573
p61:L4,61,NY,2026-08-24,OR-H,OR-H,A,A,29243.75,83.75,2.2797428177893435,61.5,1.6740798005259059
p61:L5,61,NY,2026-08-24,PDL,PDL,A,A,29263.25,103.25,2.8105486081999964,81.0,2.2048855909365592
p62:L0,62,NY,2026-08-24,OR-L,OR-L,B,B,29082.5,80.5,,77.0,
p62:L1,62,NY,2026-08-24,ONL,ONL,A,A,29116.75,46.25,,42.75,
p62:L2,62,NY,2026-08-24,EQL,EQL,A,A,29150,13.0,,9.5,
p62:L3,62,NY,2026-08-24,PWL,PWL,A,A,29220.25,57.25,,60.75,
p62:L4,62,NY,2026-08-24,OR-H,OR-H,A,A,29243.75,80.75,,84.25,
p62:L5,62,NY,2026-08-24,PDL,PDL,A,A,29263.25,100.25,,103.75,
p62:L6,62,NY,2026-08-24,EQL,EQL,A,A,29377.5,214.5,,218.0,
p62:L7,62,NY,2026-08-24,EQH,EQH,A,A,29400.75,237.75,,241.25,
p62:L8,62,NY,2026-08-24,PDH,PDH,A,A,29480.5,317.5,,321.0,
p63:L0,63,NY,2026-08-24,EQL,EQL,A,A,29150,,,43.75,1.2783240076553346
p63:L1,63,NY,2026-08-24,ONL,ONL,A,A,29116.75,,,77.0,2.249850253473389
p63:L2,63,NY,2026-08-24,OR-L,OR-L,A,A,29082.5,,,111.25,3.2505953337521367
p63:L3,63,NY,2026-08-24,PWL,PWL,A,A,29220.25,,,26.5,0.7742991132083742
p63:L4,63,NY,2026-08-24,OR-H,OR-H,A,A,29243.75,,,50.0,1.4609417230346682
p63:L5,63,NY,2026-08-24,PDL,PDL,A,A,29263.25,,,69.5,2.030708995018189
p63:L6,63,NY,2026-08-24,EQH·15m (HTF),EQH,A,A,29381,,,187.25,5.471226752764832
p63:L7,63,NY,2026-08-24,EQL·1h (HTF),EQL,A,A,29430.25,,,236.5,6.910254349953981
p63:L8,63,NY,2026-08-24,PDH,PDH,A,A,29480.5,,,286.75,8.378500781603822
p63:L9,63,NY,2026-08-24,Supply·1h,SUPPLY,B,,29516.75,,,323.0,9.437683530803957
p64:L0,64,ASIA,2026-08-24,RN 29125,RN,A,A,29125,6.0,0.3240265701787547,7.75,0.4185343198142248
p64:L1,64,ASIA,2026-08-24,EQL·15m (HTF),EQL,A,A,29116,15.0,0.8100664254468867,16.75,0.9045741750823568
p64:L2,64,ASIA,2026-08-24,OR-L,OR-L,A,A,29082.5,48.5,2.6192147756116,50.25,2.7137225252470705
p64:L3,64,ASIA,2026-08-24,nPOC·2026-08-23,NPOC,A,A,29186.88,55.88000000000102,3.0177674569315234,54.13000000000102,2.9232597072960536
p64:L4,64,ASIA,2026-08-24,EQL,EQL,A,A,29192,61.0,3.2942701301506725,59.25,3.1997623805152022
p64:L5,64,ASIA,2026-08-24,EQH,EQH,A,A,29197.5,66.5,3.591294486147864,64.75,3.496786736512394
p64:L6,64,ASIA,2026-08-24,EQL·4h (HTF),EQL,A,A,29202.5,71.5,3.861316627963493,69.75,3.766808878328023
p64:L7,64,ASIA,2026-08-24,OR-H,OR-H,A,A,29243.75,112.75,6.088999297942432,111.0,5.994491548306962
p64:L8,64,ASIA,2026-08-24,PDC,PDC,A,A,29266.25,135.25,7.304098936112761,133.5,7.209591186477291
p64:L9,64,ASIA,2026-08-24,EQL·4h (HTF),EQL,A,A,29371,240.0,12.961062807150187,238.25,12.866555057514717
p64:L10,64,ASIA,2026-08-24,OB(bull)·4h,OB,B,,29423.5,292.5,15.79629529621429,290.75,15.70178754657882
p64:L11,64,ASIA,2026-08-24,PDH,PDH,A,A,29480.5,349.5,18.87454771291246,347.75,18.78003996327699
p65:L0,65,ASIA,2026-08-24,EQL,EQL,A,,29120.75,,,4.5,0.2602570182642592
p65:L1,65,ASIA,2026-08-24,ONL,ONL,A,,29112.5,,,12.75,0.7373948850820676
p65:L2,65,ASIA,2026-08-24,ONH,ONH,A,,29152.25,,,27.0,1.561542109585555
p65:L3,65,ASIA,2026-08-24,OR-L,OR-L,A,,29082.5,,,42.75,2.472441673510462
p65:L4,65,ASIA,2026-08-24,EQL,EQL,A,,29181.75,,,56.5,3.267671451540143
p65:L5,65,ASIA,2026-08-24,EQH,EQH,A,,29188.25,,,63.0,3.6435982556996285
p65:L6,65,ASIA,2026-08-24,EQH,EQH,A,,29193,,,67.75,3.9183139972007908
p65:L7,65,ASIA,2026-08-24,EQH,EQH,A,,29197.5,,,72.25,4.17857101546505
p65:L8,65,ASIA,2026-08-24,EQL,EQL,A,,29202.25,,,77.0,4.453286756966213
p65:L9,65,ASIA,2026-08-24,OR-H,OR-H,A,,29243.75,,,118.5,6.853434814292158
p65:L10,65,ASIA,2026-08-24,PDC,PDC,A,,29266.25,,,141.0,8.154719905613455
p65:L11,65,ASIA,2026-08-24,PDH,PDH,A,,29480.5,,,355.25,20.545845719639573
p66:L0,66,ASIA,2026-08-24,OR-L,OR-L,A,A,29082.5,,,36.25,2.446365544375384
p66:L1,66,ASIA,2026-08-24,ONL,ONL,A,A,29110.25,,,8.5,0.5736305414397452
p66:L2,66,ASIA,2026-08-24,EQL,EQL,A,A,29117.5,,,1.25,0.0843574325646684
p66:L3,66,ASIA,2026-08-24,ONH,ONH,A,A,29152.25,,,33.5,2.2607791927331133
p66:L4,66,ASIA,2026-08-24,OB(bull)·4h,OB,A,A,29162.75,,,44.0,2.969381626276328
p66:L5,66,ASIA,2026-08-24,nPOC·2026-08-23,NPOC,A,A,29186.88,,,68.13000000000102,4.597817504504755
p66:L6,66,ASIA,2026-08-24,EQL·4h,EQL,A,A,29202.5,,,83.75,5.651947981832784
p66:L7,66,ASIA,2026-08-24,PDC,PDC,A,A,29266.25,,,147.5,9.954177042630873
p66:L8,66,ASIA,2026-08-24,Supply·4h,SUPPLY,A,,29412,,,293.25,19.79025367967121
p67:L0,67,ASIA,2026-08-24,OB(bear)·4h,OB,A,A,29154.38,,,12.369999999998981,0.5011830675482538
p67:L1,67,ASIA,2026-08-24,Supply·4h,SUPPLY,A,A,29132.25,,,34.5,1.39780241151303
p67:L2,67,ASIA,2026-08-24,Demand·4h,DEMAND,A,A,29122.25,,,44.5,1.802962530792169
p67:L3,67,ASIA,2026-08-24,OR-L,OR-L,A,A,29082.5,,,84.25,3.413474004926747
p67:L4,67,ASIA,2026-08-24,ONL,ONL,A,A,29016.75,,,150.0,6.077401789187087
p67:L5,67,ASIA,2026-08-24,ONH,ONH,A,A,29175,,,8.25,0.3342570984052898
p67:L6,67,ASIA,2026-08-24,OB(bear)·4h,OB,A,A,29182,,,15.25,0.6178691819006872
p67:L7,67,ASIA,2026-08-24,nPOC·2026-08-23,NPOC,A,A,29186.88,,,20.13000000000102,0.8155873201089483
p67:L8,67,ASIA,2026-08-24,PDL,PDL,A,A,29263.25,,,96.5,3.9097951510436926
p67:L9,67,ASIA,2026-08-24,OB(bull)·4h HTF,OB,A,A,29423.5,,,256.75,10.402486062491898
p68:L0,68,ASIA,2026-08-24,ONH,ONH,A,A,29288,22.0,1.1422696898737792,31.25,1.6225421731161638
p68:L1,68,ASIA,2026-08-24,PDH,PDH,A,A,29297.75,31.75,1.6485028478860224,41.0,2.128775331128407
p68:L2,68,ASIA,2026-08-24,EQL·15m,EQL,A,A,29375,109.0,5.65942709982918,118.25,6.139699583071564
p68:L3,68,ASIA,2026-08-24,OB(bull)·4h,OB,A,A,29423.5,157.5,8.177612552505465,166.75,8.65788503574785
p68:L4,68,ASIA,2026-08-24,RTH-H,RTH-H,A,A,29243.75,22.25,1.1552500272587085,13.0,0.6749775440163241
p68:L5,68,ASIA,2026-08-24,EQH,EQH,A,A,29204,62.0,3.219123671462469,52.75,2.7388511882200843
p68:L6,68,ASIA,2026-08-24,PDC,PDC,A,A,29199.75,66.25,3.439789407006267,57.0,2.9595169237638825
p68:L7,68,ASIA,2026-08-24,EQH,EQH,A,A,29190,76.0,3.9460225650185103,66.75,3.4657500817761258
p68:L8,68,ASIA,2026-08-24,Supply·4h,SUPPLY,A,A,29132.25,133.75,6.944480500937181,124.5,6.464208017694797
p68:L9,68,ASIA,2026-08-24,Demand·4h,DEMAND,A,A,29122.25,143.75,7.463693996334354,134.5,6.983421513091969
p68:L10,68,ASIA,2026-08-24,ONL,ONL,A,A,29016.75,249.25,12.941396372774522,240.0,12.461123889532137
p69:L0,69,LONDON,2026-08-25,OB(bull)·4h,OB,A,,29525.12,,,247.11999999999898,13.525924871784992
p69:L1,69,LONDON,2026-08-25,OB(bull)·4h,OB,A,A,29423.5,,,145.5,7.9638316155905
p69:L2,69,LONDON,2026-08-25,EQL·15m,EQL,A,A,29375,,,97.0,5.309221077060334
p69:L3,69,LONDON,2026-08-25,PDH,PDH,A,A,29297.75,,,19.75,1.0810011986798103
p69:L4,69,LONDON,2026-08-25,ONH,ONH,A,A,29288,,,10.0,0.5473423790783849
p69:L5,69,LONDON,2026-08-25,RTH-H,RTH-H,A,A,29243.75,,,34.25,1.8746476483434684
p69:L6,69,LONDON,2026-08-25,PDC,PDC,A,A,29199.75,,,78.25,4.282954116288362
p69:L7,69,LONDON,2026-08-25,EQL,EQL,A,A,29195,,,83.0,4.542941746350595
p69:L8,69,LONDON,2026-08-25,EQH·15m,EQH,A,A,29156.5,,,121.5,6.6502099058023765
p69:L9,69,LONDON,2026-08-25,Supply·4h,SUPPLY,A,A,29132.25,,,145.75,7.97751517506746
p69:L10,69,LONDON,2026-08-25,Demand·4h,DEMAND,A,A,29122.25,,,155.75,8.524857554145845
p69:L11,69,LONDON,2026-08-25,ONL,ONL,A,A,29016.75,,,261.25,14.299319653422806
p70:L0,70,LONDON,2026-08-25,OB(bull)·4h,OB,A,,29525.12,216.11999999999898,8.283919337961025,203.36999999999898,7.795209493619902
p70:L1,70,LONDON,2026-08-25,OB(bear)·4h (HTF),OB,A,A,29412,103.0,3.948008938598879,90.25,3.4592990942577555
p70:L2,70,LONDON,2026-08-25,ONH,ONH,A,A,29327.75,18.75,0.7186909475604755,6.0,0.22998110321935217
p70:L3,70,LONDON,2026-08-25,PDH,PDH,A,A,29297.75,11.25,0.4312145685362853,24.0,0.9199244128774087
p70:L4,70,LONDON,2026-08-25,RTH-H,RTH-H,A,A,29243.75,65.25,2.501044497510455,78.0,2.989754341851578
p70:L5,70,LONDON,2026-08-25,EQL·1h (HTF),EQL,A,A,29240.25,68.75,2.6352001410550767,81.5,3.1239099853962
p70:L6,70,LONDON,2026-08-25,PDC,PDC,A,A,29199.75,109.25,4.187572587785704,122.0,4.676282432126827
p70:L7,70,LONDON,2026-08-25,EQL,EQL,A,A,29165.5,143.5,5.500381385329506,156.25,5.989091229670629
p70:L8,70,LONDON,2026-08-25,EQH·15m (HTF),EQH,A,A,29156.5,152.5,5.845353040158534,165.25,6.334062884499657
p70:L9,70,LONDON,2026-08-25,Supply·4h (HTF),SUPPLY,A,A,29132.25,176.75,6.774859999003415,189.5,7.263569843344539
p70:L10,70,LONDON,2026-08-25,ONL,ONL,A,A,29016.75,292.25,11.201996235975944,305.0,11.690706080317067
p70:L11,70,LONDON,2026-08-25,PDL,PDL,A,A,28947.75,361.25,13.846778922998494,374.0,14.335488767339617
p71:L0,71,NY,2026-08-25,PDC,PDC,A,A,29199.75,,,175.25,8.41771057485398
p71:L1,71,NY,2026-08-25,Supply·1h (HTF),SUPPLY,B,B,29209.25,,,165.75,7.961401014448202
p71:L2,71,NY,2026-08-25,RTH-H,RTH-H,A,A,29243.75,,,131.25,6.304276821395635
p71:L3,71,NY,2026-08-25,PDH,PDH,A,A,29297.75,,,77.25,3.710517214878574
p71:L4,71,NY,2026-08-25,EQH·15m (HTF),EQH,A,A,29328.75,,,46.25,2.2215070703965574
p71:L5,71,NY,2026-08-25,EQH·4h (HTF),EQH,A,A,29363.5,,,11.5,0.5523747310175223
p71:L6,71,NY,2026-08-25,OB(bear)·4h,OB,A,A,29412,,,37.0,1.7772056563172458
p71:L7,71,NY,2026-08-25,ONH,ONH,A,A,29420,,,45.0,2.161466338764218
p72:L0,72,NY,2026-08-25,RTH-H,RTH-H,A,A,29243.75,2.25,0.05512192970851523,24.5,0.6002165679371658
p72:L1,72,NY,2026-08-25,EQL·15m (HTF),EQL,A,A,29220.25,25.75,0.6308398622196744,1.0,0.02449863542600677
p72:L2,72,NY,2026-08-25,OB(bear)·1h (HTF),OB,B,B,29214.5,31.5,0.7717070159192132,4.75,0.11636851827353216
p72:L3,72,NY,2026-08-25,PDC,PDC,A,A,29199.75,46.25,1.133061888452813,19.5,0.477723390807132
p72:L4,72,NY,2026-08-25,OB(bear)·4h,OB,A,A,29182,64.0,1.5679126672644332,37.25,0.9125741696187522
p72:L5,72,NY,2026-08-25,Supply·4h (HTF),SUPPLY,A,A,29132.25,113.75,2.78671977970827,87.0,2.131381282062589
p72:L6,72,NY,2026-08-25,OR-L,OR-L,A,A,29279.25,33.25,0.814579627914725,60.0,1.4699181255604061
p72:L7,72,NY,2026-08-25,PDH,PDH,A,A,29297.75,51.75,1.2678043832958503,78.5,1.9231428809415314
p72:L8,72,NY,2026-08-25,OR-H,OR-H,A,A,29377,131.0,3.209321240806887,157.75,3.864659738452568
p72:L9,72,NY,2026-08-25,ONH,ONH,A,A,29420,174.0,4.262762564125178,200.75,4.918101061770859
p72:L10,72,NY,2026-08-25,OB(bull)·4h,OB,A,A,29423.5,177.5,4.348507788116201,204.25,5.003846285761883
p73:L0,73,ASIA,2026-08-25,OB(bull)·4h (HTF),OB,A,A,29863.5,,,561.5,32.70791222745834
p73:L1,73,ASIA,2026-08-25,OR-H,OR-H,A,A,29377,,,75.0,4.368821757897373
p73:L2,73,ASIA,2026-08-25,ONH,ONH,A,A,29310,,,8.0,0.4660076541757198
p73:L3,73,ASIA,2026-08-25,PDH,PDH,A,A,29283.5,,,18.5,1.077642700281352
p73:L4,73,ASIA,2026-08-25,RTH-H,RTH-H,B,B,29243.75,,,58.25,3.3931182319669597
p73:L5,73,ASIA,2026-08-25,PDC,PDC,A,A,29199.75,,,102.25,5.956160329933419
p73:L6,73,ASIA,2026-08-25,PDL,PDL,A,A,28947.75,,,354.25,20.63540143646859
p73:L7,73,ASIA,2026-08-25,OB(bear)·4h (HTF),OB,A,A,28711.25,,,590.75,34.41175271303831
p74:L0,74,ASIA,2026-08-25,EQL,EQL,A,,29288.5,,,0.25,0.016217653889317757
p74:L1,74,ASIA,2026-08-25,PDH,PDH,A,,29283.5,,,5.25,0.34057073167567287
p74:L2,74,ASIA,2026-08-25,EQH,EQH,A,,29294,,,5.25,0.34057073167567287
p74:L3,74,ASIA,2026-08-25,ONL,ONL,A,,29280,,,8.75,0.5676178861261214
p74:L4,74,ASIA,2026-08-25,EQH,EQH,A,,29299.75,,,11.0,0.7135767711299812
p74:L5,74,ASIA,2026-08-25,EQH,EQH,A,,29273.25,,,15.5,1.0054945411377008
p74:L6,74,ASIA,2026-08-25,EQH,EQH,A,,29306.75,,,18.0,1.1676710800308785
p74:L7,74,ASIA,2026-08-25,ONH,ONH,A,,29310,,,21.25,1.3785005805920092
p74:L8,74,ASIA,2026-08-25,RTH-H,RTH-H,B,,29243.75,,,45.0,2.919177700077196
p74:L9,74,ASIA,2026-08-25,OR-H,OR-H,A,,29377,,,88.25,5.7248318229291675
p74:L10,74,ASIA,2026-08-25,PDC,PDC,B,,29199.75,,,89.0,5.773484784597121
p74:L11,74,ASIA,2026-08-25,PDL,PDL,A,,28947.75,,,341.0,22.12087990502942
p75:L0,75,ASIA,2026-08-25,Demand·4h (HTF),DEMAND,A,A,29852.38,,,575.380000000001,50.0252134448522
p75:L1,75,ASIA,2026-08-25,OR-H,OR-H,A,A,29377,,,100.0,8.69429132831383
p75:L2,75,ASIA,2026-08-25,ONH,ONH,A,A,29310,,,33.0,2.8691161383435637
p75:L3,75,ASIA,2026-08-25,ONL,ONL,A,A,29280,,,3.0,0.2608287398494149
p75:L4,75,ASIA,2026-08-25,PDH,PDH,A,A,29261.25,,,15.75,1.3693508842094282
p75:L5,75,ASIA,2026-08-25,RTH-H,RTH-H,B,B,29243.75,,,33.25,2.8908518666643483
p75:L6,75,ASIA,2026-08-25,PDC,PDC,B,B,29199.75,,,77.25,6.716340051122433
p75:L7,75,ASIA,2026-08-25,PDL,PDL,A,A,28947.75,,,329.25,28.625954198473284
p75:L8,75,ASIA,2026-08-25,OB(bear)·4h (HTF),OB,A,A,28711.25,,,565.75,49.18795318993549
p76:L0,76,ASIA,2026-08-25,ONL,ONL,A,A,29273.75,3.25,0.27910172184293014,2.5,0.21469363218686932
p76:L1,76,ASIA,2026-08-25,PDH,PDH,A,A,29254.75,22.25,1.910773326463137,21.5,1.8463652368070762
p76:L2,76,ASIA,2026-08-25,ONH,ONH,A,A,29310,33.0,2.833955944866675,33.75,2.8983640345227357
p76:L3,76,ASIA,2026-08-25,RTH-H,RTH-H,B,B,29243.75,33.25,2.855425308085362,32.5,2.7910172184293014
p76:L4,76,ASIA,2026-08-25,PDC,PDC,B,B,29199.75,77.25,6.634033234574262,76.5,6.569625144918201
p76:L5,76,ASIA,2026-08-25,OR-H,OR-H,A,A,29377,100.0,8.587745287474773,100.75,8.652153377130833
p76:L6,76,ASIA,2026-08-25,PDL,PDL,A,A,28947.75,329.25,28.27515135901069,328.5,28.21074326935463
p76:L7,76,ASIA,2026-08-25,OB(bear)·4h (HTF),OB,A,A,28711.25,565.75,48.58516896388853,565.0,48.520760874232465
p76:L8,76,ASIA,2026-08-25,Demand·4h,DEMAND,A,A,29852.38,575.380000000001,49.412168835072436,576.130000000001,49.4765769247285
p76:L9,76,ASIA,2026-08-25,OB(bear)·4h,OB,A,,29927.12,650.119999999999,55.83064966293091,650.869999999999,55.895057752586965
p77:L0,77,ASIA,2026-08-25,Demand·4h,DEMAND,A,A,29852.38,,,591.880000000001,54.95636025998153
p77:L1,77,ASIA,2026-08-25,OR-H,OR-H,A,A,29377,,,116.5,10.817084493964717
p77:L2,77,ASIA,2026-08-25,ONH,ONH,A,A,29310,,,49.5,4.596100278551532
p77:L3,77,ASIA,2026-08-25,ONL,ONL,A,A,29272.25,,,11.75,1.0909935004642526
p77:L4,77,ASIA,2026-08-25,PDH,PDH,A,A,29247.5,,,13.0,1.2070566388115136
p77:L5,77,ASIA,2026-08-25,RTH-H,RTH-H,B,B,29243.75,,,16.75,1.5552460538532962
p77:L6,77,ASIA,2026-08-25,PDC,PDC,B,B,29199.75,,,60.75,5.64066852367688
p77:L7,77,ASIA,2026-08-25,PDL,PDL,A,A,28947.75,,,312.75,29.03899721448468
p78:L0,78,ASIA,2026-08-25,PDL,PDL,A,A,28947.75,291.25,26.061240559790974,287.0,25.68094777909016
p78:L1,78,ASIA,2026-08-25,OB(bear)·4h,OB,A,A,29154.38,84.61999999999898,7.571852965388792,80.36999999999898,7.1915601846879795
p78:L2,78,ASIA,2026-08-25,PDC,PDC,B,B,29199.75,39.25,3.5121156805898566,35.0,3.1318228998890443
p78:L3,78,ASIA,2026-08-25,ONL,ONL,A,A,29231,8.0,0.715845234260353,3.75,0.33555245355954044
p78:L4,78,ASIA,2026-08-25,PDH,PDH,A,A,29243.75,4.75,0.4250331078420846,9.0,0.8053258885428971
p78:L5,78,ASIA,2026-08-25,ONH,ONH,A,A,29310,71.0,6.353126454060632,75.25,6.7334192347614445
p78:L6,78,ASIA,2026-08-25,OR-H,OR-H,A,A,29377,138.0,12.348330290991088,142.25,12.728623071691901
p78:L7,78,ASIA,2026-08-25,Demand·4h,DEMAND,A,A,29852.38,613.380000000001,54.885643723827,617.630000000001,55.265936504527815
p79:L0,79,ASIA,2026-08-25,ONL,ONL,A,A,29218.25,,,5.0,0.41548599396714336
p79:L1,79,ASIA,2026-08-25,PDC,PDC,B,B,29199.75,,,23.5,1.9527841716455738
p79:L2,79,ASIA,2026-08-25,OB(bear)·4h,OB,A,A,29154.38,,,68.86999999999898,5.722904080903348
p79:L3,79,ASIA,2026-08-25,PDL,PDL,A,A,28947.75,,,275.5,22.893278267589597
p79:L4,79,ASIA,2026-08-25,PDH,PDH,A,A,29243.75,,,20.5,1.7034925752652876
p79:L5,79,ASIA,2026-08-25,ONH,ONH,A,A,29310,,,86.75,7.208681995329937
p79:L6,79,ASIA,2026-08-25,OR-H,OR-H,A,A,29377,,,153.75,12.776194314489658
p79:L7,79,ASIA,2026-08-25,Demand·4h,DEMAND,A,A,29852.38,,,629.130000000001,52.27894067690986
p80:L0,80,ASIA,2026-08-25,ONL,ONL,A,,29164.25,,,2.25,
p80:L1,80,ASIA,2026-08-25,EQL,EQL,A,,29171,,,4.5,
p80:L2,80,ASIA,2026-08-25,EQH,EQH,A,,29156.5,,,10.0,
p80:L3,80,ASIA,2026-08-25,EQH,EQH,A,,29152.5,,,14.0,
p80:L4,80,ASIA,2026-08-25,EQL,EQL,A,,29180.5,,,14.0,
p80:L5,80,ASIA,2026-08-25,EQH,EQH,A,,29149.25,,,17.25,
p80:L6,80,ASIA,2026-08-25,EQH,EQH,A,,29145.25,,,21.25,
p80:L7,80,ASIA,2026-08-25,EQL,EQL,A,,29189.5,,,23.0,
p80:L8,80,ASIA,2026-08-25,EQH,EQH,A,,29142,,,24.5,
p80:L9,80,ASIA,2026-08-25,OR-L,OR-L,C,,29279.25,,,112.75,
p80:L10,80,ASIA,2026-08-25,ONH,ONH,A,,29310,,,143.5,
p80:L11,80,ASIA,2026-08-25,OR-H,OR-H,A,,29377,,,210.5,
p81:L0,81,ASIA,2026-08-25,EQL,EQL,A,,29180.5,,,1.75,0.08781217227242849
p81:L1,81,ASIA,2026-08-25,EQH,EQH,A,,29175.75,,,3.0,0.15053515246702026
p81:L2,81,ASIA,2026-08-25,EQL,EQL,A,,29172.25,,,6.5,0.32615949701187724
p81:L3,81,ASIA,2026-08-25,EQH,EQH,A,,29187,,,8.25,0.41397166928430573
p81:L4,81,ASIA,2026-08-25,EQL,EQL,A,,29190.5,,,11.75,0.5895960138291627
p81:L5,81,ASIA,2026-08-25,EQL,EQL,A,,29166.75,,,12.0,0.602140609868081
p81:L6,81,ASIA,2026-08-25,EQH,EQH,A,,29162,,,16.75,0.8404879346075298
p81:L7,81,ASIA,2026-08-25,EQL,EQL,A,,29197,,,18.25,0.91575551084104
p81:L8,81,ASIA,2026-08-25,ONL,ONL,A,,29095.5,,,83.25,4.177350480959812
p81:L9,81,ASIA,2026-08-25,OR-L,OR-L,C,,29279.25,,,100.5,5.042927607645179
p81:L10,81,ASIA,2026-08-25,ONH,ONH,A,,29310,,,131.25,6.585912920432136
p81:L11,81,ASIA,2026-08-25,OR-H,OR-H,A,,29377,,,198.25,9.947864658862256
p82:L0,82,ASIA,2026-08-25,ONH,ONH,A,A,29310,81.0,4.891570194032284,78.5,4.740595805327584
p82:L1,82,ASIA,2026-08-25,OR-H,OR-H,A,A,29377,148.0,8.937683811318248,145.5,8.786709422613548
p82:L2,82,ASIA,2026-08-25,Supply·1h (HTF),SUPPLY,B,B,29539.38,310.380000000001,18.743772306465992,307.880000000001,18.592797917761292
p82:L3,82,ASIA,2026-08-25,nPOC·wk·2026-08-18,NPOC,A,,29553.12,324.119999999999,19.573527546786902,321.619999999999,19.422553158082202
p82:L4,82,ASIA,2026-08-25,OB(bull)·1h (HTF),OB,B,B,29212.5,16.5,0.9964309654510208,19.0,1.147405354155721
p82:L5,82,ASIA,2026-08-25,Supply·1h,SUPPLY,B,B,29209.25,19.75,1.192697670767131,22.25,1.3436720594718312
p82:L6,82,ASIA,2026-08-25,OB(bear)·4h,OB,A,A,29154.38,74.61999999999898,4.506283554057828,77.11999999999898,4.657257942762528
p82:L7,82,ASIA,2026-08-25,ONL,ONL,A,A,29095.5,133.5,8.062032356830986,136.0,8.213006745535687
p83:L0,83,ASIA,2026-08-25,ONH,ONH,A,A,29310,78.5,4.832226332863448,57.75,3.5549180983804347
p83:L1,83,ASIA,2026-08-25,OR-H,OR-H,A,A,29377,145.5,8.956546897218237,124.75,7.679238662735225
p83:L2,83,ASIA,2026-08-25,Supply·1h,SUPPLY,B,B,29539.38,307.880000000001,18.952176348560553,287.130000000001,17.674868114077537
p83:L3,83,ASIA,2026-08-25,nPOC·wk·2026-08-18,NPOC,A,,29553.12,321.619999999999,19.7979698493699,300.869999999999,18.520661614886887
p83:L4,83,ASIA,2026-08-25,Supply·1h,SUPPLY,B,B,29209.25,22.25,1.3696437695058816,43.0,2.646952003988895
p83:L5,83,ASIA,2026-08-25,OB(bear)·4h,OB,A,A,29154.38,77.11999999999898,4.747277640642346,97.86999999999898,6.02458587512536
p83:L6,83,ASIA,2026-08-25,ONL,ONL,A,A,29095.5,136.0,8.371755175406738,156.75,9.64906340988975
p83:L7,83,ASIA,2026-08-25,Demand·4h,DEMAND,A,,29031.12,200.38000000000102,12.334796338588314,221.13000000000102,13.612104573071326
p83:L8,83,ASIA,2026-08-25,OB(bear)·4h,OB,A,A,28711.25,520.25,32.0250413970982,541.0,33.302349631581215
p84:L0,84,ASIA,2026-08-25,PDC,PDC,A,A,29228.5,,,11.0,0.5912865858574999
p84:L1,84,ASIA,2026-08-25,OB(bull)·1h,OB,A,A,29212.5,,,27.0,1.451339801650227
p84:L2,84,ASIA,2026-08-25,Supply·1h,SUPPLY,A,A,29209.25,,,30.25,1.6260381111081248
p84:L3,84,ASIA,2026-08-25,RTH-L,RTH-L,A,A,29145.5,,,94.0,5.052812642782272
p84:L4,84,ASIA,2026-08-25,PDL,PDL,A,A,29095.5,,,144.0,7.740478942134544
p84:L5,84,ASIA,2026-08-25,ONH,ONH,A,A,29310,,,70.5,3.789609482086704
p84:L6,84,ASIA,2026-08-25,RTH-H,RTH-H,A,A,29416,,,176.5,9.487462036713522
p84:L7,84,ASIA,2026-08-25,PDH,PDH,A,A,29420,,,180.5,9.702475340661703
p84:L8,84,ASIA,2026-08-25,OB(bear)·1h (HTF),OB,A,A,29502.88,,,263.380000000001,14.157550998468084
p85:L0,85,ASIA,2026-08-25,PDC,PDC,A,A,29228.5,,,13.75,0.8391565713588234
p85:L1,85,ASIA,2026-08-25,OB(bull)·1h,OB,A,A,29212.5,,,29.75,1.8156296725763632
p85:L2,85,ASIA,2026-08-25,Supply·1h,SUPPLY,A,A,29209.25,,,33.0,2.013975771261176
p85:L3,85,ASIA,2026-08-25,RTH-L,RTH-L,A,A,29145.5,,,96.75,5.904610783924811
p85:L4,85,ASIA,2026-08-25,PDL,PDL,A,A,29095.5,,,146.75,8.956089225229624
p85:L5,85,ASIA,2026-08-25,ONH,ONH,A,A,29310,,,67.75,4.13475328796802
p85:L6,85,ASIA,2026-08-25,RTH-H,RTH-H,A,A,29416,,,173.75,10.603887583534222
p85:L7,85,ASIA,2026-08-25,PDH,PDH,A,A,29420,,,177.75,10.848005858838608
p85:L8,85,ASIA,2026-08-25,OB(bear)·1h (HTF),OB,A,A,29502.88,,,260.630000000001,15.906136523145525
p86:L0,86,ASIA,2026-08-25,OB(bull)·1h (HTF),OB,A,A,29085,133.5,7.872297767451734,142.0,8.37353020957413
p86:L1,86,ASIA,2026-08-25,PDL,PDL,A,A,29095.5,123.0,7.253128280124069,131.5,7.7543607222464646
p86:L2,86,ASIA,2026-08-25,RTH-L,RTH-L,A,A,29145.5,73.0,4.304702149992334,81.5,4.8059345921147285
p86:L3,86,ASIA,2026-08-25,OB(bull)·1h,OB,A,A,29212.5,6.0,0.35381113561580824,14.5,0.8550435777382033
p86:L4,86,ASIA,2026-08-25,PDC,PDC,A,A,29228.5,10.0,0.5896852260263471,1.5,0.08845278390395206
p86:L5,86,ASIA,2026-08-25,ONH,ONH,A,A,29310,91.5,5.395619818141076,83.0,4.894387376018681
p86:L6,86,ASIA,2026-08-25,RTH-H,RTH-H,A,A,29416,197.5,11.646283214020356,189.0,11.14505077189796
p86:L7,86,ASIA,2026-08-25,PDH,PDH,A,A,29420,201.5,11.882157304430894,193.0,11.380924862308499
p86:L8,86,ASIA,2026-08-25,OB(bear)·1h (HTF),OB,A,A,29502.88,284.380000000001,16.769468457737318,275.880000000001,16.268236015614924
p86:L9,86,ASIA,2026-08-25,OB(bull)·1h (HTF),OB,A,A,29532,313.5,18.48663183592598,305.0,17.985399393803586
p86:L10,86,ASIA,2026-08-25,Supply·1h,SUPPLY,A,A,29539.38,320.880000000001,18.921819532733487,312.380000000001,18.42058709061109
p86:L11,86,ASIA,2026-08-25,nPOC·wk·2026-08-18,NPOC,A,,29553.12,334.619999999999,19.732047033293565,326.119999999999,19.23081459117117
p87:L0,87,ASIA,2026-08-25,OB(bull)·1h,OB,A,A,29212.5,,,10.25,0.6310682600370637
p87:L1,87,ASIA,2026-08-25,PDC,PDC,B,B,29228.5,,,5.75,0.3540139019720113
p87:L2,87,ASIA,2026-08-25,ONH,ONH,A,A,29310,,,87.25,5.371776164705738
p87:L3,87,ASIA,2026-08-25,RTH-H,RTH-H,A,A,29416,,,193.25,11.897945488015859
p87:L4,87,ASIA,2026-08-25,PDH,PDH,A,A,29420,,,197.25,12.144216028518128
p87:L5,87,ASIA,2026-08-25,OB(bear)·1h (HTF),OB,A,A,29502.88,,,280.130000000001,17.2469416277252
p87:L6,87,ASIA,2026-08-25,Supply·1h,SUPPLY,A,A,29539.38,,,316.630000000001,19.494160309808404
p87:L7,87,ASIA,2026-08-25,RTH-L,RTH-L,A,A,29145.5,,,77.25,4.756099813450065
p87:L8,87,ASIA,2026-08-25,PDL,PDL,A,A,29095.5,,,127.25,7.834481569728425
p87:L9,87,ASIA,2026-08-25,OB(bull)·1h (HTF),OB,A,A,29085,,,137.75,8.48094173854688
p88:L0,88,ASIA,2026-08-25,PDL,PDL,A,A,29095.5,155.5,8.165129906954276,148.0,7.771313351956481
p88:L1,88,ASIA,2026-08-25,RTH-L,RTH-L,A,A,29145.5,105.5,5.539686206968978,98.0,5.145869651971183
p88:L2,88,ASIA,2026-08-25,OB(bull)·1h,OB,A,A,29212.5,38.5,2.021591648988679,31.0,1.6277750939908846
p88:L3,88,ASIA,2026-08-25,PDC,PDC,B,B,29228.5,22.5,1.1814496649933839,15.0,0.7876331099955892
p88:L4,88,ASIA,2026-08-25,ONH,ONH,A,A,29310,59.0,3.098023565982651,66.5,3.491840120980446
p88:L5,88,ASIA,2026-08-25,RTH-H,RTH-H,A,A,29416,165.0,8.663964209951482,172.5,9.057780764949277
p88:L6,88,ASIA,2026-08-25,PDH,PDH,A,A,29420,169.0,8.873999705950306,176.5,9.2678162609481
p88:L7,88,ASIA,2026-08-25,OB(bear)·1h (HTF),OB,A,A,29502.88,251.88000000000102,13.225935183045989,259.380000000001,13.619751738043783
p88:L8,88,ASIA,2026-08-25,Supply·1h,SUPPLY,A,A,29539.38,288.380000000001,15.142509084035256,295.880000000001,15.53632563903305
p89:L0,89,LONDON,2026-08-26,PDC,PDC,B,B,29228.5,,,7.5,0.3902225829613212
p89:L1,89,LONDON,2026-08-26,OB(bull)·1h,OB,A,A,29212.5,,,8.5,0.4422522606894973
p89:L2,89,LONDON,2026-08-26,ONH,ONH,A,A,29310,,,89.0,4.630641317807678
p89:L3,89,LONDON,2026-08-26,RTH-L,RTH-L,A,A,29145.5,,,75.5,3.9282406684772995
p89:L4,89,LONDON,2026-08-26,PDL,PDL,A,A,29095.5,,,125.5,6.529724554886108
p89:L5,89,LONDON,2026-08-26,RTH-H,RTH-H,A,A,29416,,,195.0,10.14578715699435
p89:L6,89,LONDON,2026-08-26,PDH,PDH,A,A,29420,,,199.0,10.353905867907054
p89:L7,89,LONDON,2026-08-26,OB(bear)·1h (HTF),OB,A,A,29502.88,,,281.880000000001,14.666125558018347
p89:L8,89,LONDON,2026-08-26,Supply·1h,SUPPLY,A,A,29539.38,,,318.380000000001,16.565208795096776
p89:L9,89,LONDON,2026-08-26,nPOC·wk·2026-08-18,NPOC,A,,29553.12,,,332.119999999999,17.28009656708181
p90:L0,90,LONDON,2026-08-26,OB(bull)·1h (HTF),OB,A,A,29085,113.75,5.461135916270584,107.75,5.17307599980796
p90:L1,90,LONDON,2026-08-26,PDL,PDL,A,A,29095.5,103.25,4.957031062460992,97.25,4.668971145998367
p90:L2,90,LONDON,2026-08-26,RTH-L,RTH-L,A,A,29145.5,53.25,2.55653175860579,47.25,2.2684718421431658
p90:L3,90,LONDON,2026-08-26,OB(bull)·1h,OB,A,A,29212.5,13.75,0.6601373085601805,19.75,0.9481972250228047
p90:L4,90,LONDON,2026-08-26,PDC,PDC,B,B,29228.5,29.75,1.428297085793845,35.75,1.7163570022564694
p90:L5,90,LONDON,2026-08-26,ONH,ONH,A,A,29310,111.25,5.341110951077824,117.25,5.629170867540449
p90:L6,90,LONDON,2026-08-26,RTH-H,RTH-H,A,A,29416,217.25,10.430169475250851,223.25,10.718229391713477
p90:L7,90,LONDON,2026-08-26,PDH,PDH,A,A,29420,221.25,10.622209419559269,227.25,10.910269336021893
p90:L8,90,LONDON,2026-08-26,OB(bear)·1h (HTF),OB,A,A,29502.88,304.130000000001,14.601277065629699,310.130000000001,14.889336982092324
p91:L0,91,LONDON,2026-08-26,OB(bear)·4h (HTF),OB,A,A,28711.25,,,494.25,19.993527639004064
p91:L1,91,LONDON,2026-08-26,OB(bull)·1h (HTF),OB,A,A,29085,,,120.5,4.8744968750632065
p91:L2,91,LONDON,2026-08-26,PDL,PDL,A,A,29095.5,,,110.0,4.449748184705002
p91:L3,91,LONDON,2026-08-26,RTH-L,RTH-L,A,A,29145.5,,,60.0,2.4271353734754553
p91:L4,91,LONDON,2026-08-26,PDC,PDC,B,B,29228.5,,,23.0,0.9304018931655913
p91:L5,91,LONDON,2026-08-26,ONH,ONH,A,A,29310,,,104.5,4.227260775469752
p91:L6,91,LONDON,2026-08-26,RTH-H,RTH-H,A,A,29416,,,210.5,8.515199935276389
p91:L7,91,LONDON,2026-08-26,PDH,PDH,A,A,29420,,,214.5,8.677008960174753
p91:L8,91,LONDON,2026-08-26,Supply·1h,SUPPLY,A,A,29539.38,,,333.880000000001,13.506199308266458
p92:L0,92,LONDON,2026-08-26,OB(bull)·1h (HTF),OB,A,A,29085,,,134.0,6.108234264459194
p92:L1,92,LONDON,2026-08-26,PDL,PDL,A,A,29095.5,,,123.5,5.629603967617242
p92:L2,92,LONDON,2026-08-26,RTH-L,RTH-L,A,A,29145.5,,,73.5,3.350412077893662
p92:L3,92,LONDON,2026-08-26,PDC,PDC,B,B,29228.5,,,9.5,0.4330464590474801
p92:L4,92,LONDON,2026-08-26,ONH,ONH,A,A,29310,,,91.0,4.148129239296915
p92:L5,92,LONDON,2026-08-26,RTH-H,RTH-H,A,A,29416,,,197.0,8.980016045510904
p92:L6,92,LONDON,2026-08-26,PDH,PDH,A,A,29420,,,201.0,9.16235139668879
p92:L7,92,LONDON,2026-08-26,OB(bull)·1h (HTF),OB,A,A,29432.25,,,213.25,9.720753409671067
p92:L8,92,LONDON,2026-08-26,Supply·1h,SUPPLY,A,A,29539.38,,,320.380000000001,14.604149952592856
p93:L0,93,LONDON,2026-08-26,OB(bear)·4h (HTF),OB,A,A,28711.25,501.25,25.281437246555168,487.5,24.587931486674602
p93:L1,93,LONDON,2026-08-26,OB(bull)·1h (HTF),OB,A,A,29085,127.5,6.430689773437973,113.75,5.737184013557408
p93:L2,93,LONDON,2026-08-26,PDL,PDL,A,A,29095.5,117.0,5.901103556801905,103.25,5.207597796921339
p93:L3,93,LONDON,2026-08-26,RTH-L,RTH-L,A,A,29145.5,67.0,3.379264429963484,53.25,2.6857586700829184
p93:L4,93,LONDON,2026-08-26,PDC,PDC,B,B,29228.5,16.0,0.8069885205882947,29.75,1.5004942804688604
p93:L5,93,LONDON,2026-08-26,ONH,ONH,A,A,29310,97.5,4.917586297334921,111.25,5.611092057215487
p93:L6,93,LONDON,2026-08-26,RTH-H,RTH-H,A,A,29416,203.5,10.263885246232373,217.25,10.957391006112939
p93:L7,93,LONDON,2026-08-26,PDH,PDH,A,A,29420,207.5,10.465632376379446,221.25,11.159138136260012
p93:L8,93,LONDON,2026-08-26,OB(bull)·1h (HTF),OB,A,A,29432.25,219.75,11.083482962454859,233.5,11.776988722335426
p93:L9,93,LONDON,2026-08-26,Supply·1h,SUPPLY,A,A,29539.38,326.880000000001,16.486775475618913,340.630000000001,17.18028123549948
p94:L0,94,LONDON,2026-08-26,OB(bear)·4h (HTF),OB,A,A,28711.25,520.0,30.67158985006311,525.0,30.966508983236796
p94:L1,94,LONDON,2026-08-26,OB(bull)·1h (HTF),OB,A,A,29085,146.25,8.62638464533025,151.25,8.921303778503933
p94:L2,94,LONDON,2026-08-26,PDL,PDL,A,A,29095.5,135.75,8.007054465665513,140.75,8.301973598839197
p94:L3,94,LONDON,2026-08-26,RTH-L,RTH-L,A,A,29145.5,85.75,5.057863133928676,90.75,5.35278226710236
p94:L4,94,LONDON,2026-08-26,PDC,PDC,B,B,29228.5,2.75,0.16220552324552606,7.75,0.4571246564192098
p94:L5,94,LONDON,2026-08-26,ONH,ONH,A,A,29310,78.75,4.644976347485519,73.75,4.3500572143118355
p94:L6,94,LONDON,2026-08-26,RTH-H,RTH-H,A,A,29416,184.75,10.897261970767614,179.75,10.60234283759393
p94:L7,94,LONDON,2026-08-26,PDH,PDH,A,A,29420,188.75,11.133197277306563,183.75,10.838278144132879
p94:L8,94,LONDON,2026-08-26,OB(bull)·1h (HTF),OB,A,A,29432.25,201.0,11.855749153582087,196.0,11.560830020408403
p94:L9,94,LONDON,2026-08-26,Supply·1h,SUPPLY,A,A,29539.38,308.130000000001,18.174686500961496,303.130000000001,17.87976736778781
p95:L0,95,LONDON,2026-08-26,OB(bear)·4h (HTF),OB,A,A,28711.25,498.25,28.943118711806118,493.75,28.681715732973952
p95:L1,95,LONDON,2026-08-26,OB(bull)·1h (HTF),OB,A,A,29085,124.5,7.232149081023305,120.0,6.970746102191137
p95:L2,95,LONDON,2026-08-26,PDL,PDL,A,A,29095.5,114.0,6.622208797081581,109.5,6.360805818249413
p95:L3,95,LONDON,2026-08-26,RTH-L,RTH-L,A,A,29145.5,64.0,3.71773125450194,59.5,3.4563282756697724
p95:L4,95,LONDON,2026-08-26,OB(bull)·1h,OB,A,A,29212.5,3.0,0.17426865255477844,7.5,0.4356716313869461
p95:L5,95,LONDON,2026-08-26,PDC,PDC,B,B,29228.5,19.0,1.1037014661802635,23.5,1.3651044450124312
p95:L6,95,LONDON,2026-08-26,ONH,ONH,A,A,29310,100.5,5.837999860585078,105.0,6.0994028394172455
p95:L7,95,LONDON,2026-08-26,RTH-H,RTH-H,A,A,29416,206.5,11.995492250853916,211.0,12.256895229686084
p95:L8,95,LONDON,2026-08-26,PDH,PDH,A,A,29420,210.5,12.227850454260288,215.0,12.489253433092456
p95:L9,95,LONDON,2026-08-26,OB(bull)·1h (HTF),OB,A,A,29432.25,222.75,12.939447452192299,227.25,13.200850431024467
p96:L0,96,LONDON,2026-08-26,EQH,EQH,A,,29258.5,,,0.25,
p96:L1,96,LONDON,2026-08-26,EQL,EQL,A,,29261.75,,,3.0,
p96:L2,96,LONDON,2026-08-26,EQH,EQH,A,,29255,,,3.75,
p96:L3,96,LONDON,2026-08-26,EQL,EQL,A,,29265.25,,,6.5,
p96:L4,96,LONDON,2026-08-26,EQH,EQH,A,,29251.5,,,7.25,
p96:L5,96,LONDON,2026-08-26,EQH,EQH,A,,29247.5,,,11.25,
p96:L6,96,LONDON,2026-08-26,PDC,PDC,B,,29228.5,,,30.25,
p96:L7,96,LONDON,2026-08-26,ONH,ONH,A,,29310,,,51.25,
p96:L8,96,LONDON,2026-08-26,RTH-L,RTH-L,A,,29145.5,,,113.25,
p96:L9,96,LONDON,2026-08-26,RTH-H,RTH-H,A,,29416,,,157.25,
p96:L10,96,LONDON,2026-08-26,PDH,PDH,A,,29420,,,161.25,
p96:L11,96,LONDON,2026-08-26,PDL,PDL,A,,29095.5,,,163.25,
p97:L0,97,LONDON,2026-08-26,OB(bull)·1h (HTF),OB,A,A,29085,147.25,8.172519244964674,173.25,9.615544714364209
p97:L1,97,LONDON,2026-08-26,PDL,PDL,A,A,29095.5,136.75,7.58975895924563,162.75,9.032784428645165
p97:L2,97,LONDON,2026-08-26,RTH-L,RTH-L,A,A,29145.5,86.75,4.81470997963114,112.75,6.257735449030675
p97:L3,97,LONDON,2026-08-26,OB(bull)·1h,OB,A,A,29212.5,19.75,1.0961443469477234,45.75,2.5391698163472585
p97:L4,97,LONDON,2026-08-26,PDC,PDC,B,B,29228.5,3.75,0.20812867347108674,29.75,1.6511541428706216
p97:L5,97,LONDON,2026-08-26,ONH,ONH,A,A,29310,77.75,4.315201163300532,51.75,2.872175693900997
p97:L6,97,LONDON,2026-08-26,RTH-H,RTH-H,A,A,29416,183.75,10.19830500008325,157.75,8.755279530683715
p97:L7,97,LONDON,2026-08-26,PDH,PDH,A,A,29420,187.75,10.42030891845241,161.75,8.977283449052875
p97:L8,97,LONDON,2026-08-26,OB(bull)·1h (HTF),OB,A,A,29432.25,200.0,11.10019591845796,174.0,9.657170449058425
p97:L9,97,LONDON,2026-08-26,OB(bear)·1h (HTF),OB,A,A,29502.88,270.630000000001,15.020230107061446,244.63000000000102,13.57720463766191
p97:L10,97,LONDON,2026-08-26,Demand·1h (HTF),DEMAND,A,,29541.12,308.869999999999,17.142587566670493,282.869999999999,15.69956209727096
p98:L0,98,LONDON,2026-08-26,PDC,PDC,B,B,29228.5,,,18.5,1.0294764138606478
p98:L1,98,LONDON,2026-08-26,OB(bull)·1h,OB,A,A,29212.5,,,34.5,1.9198343934158026
p98:L2,98,LONDON,2026-08-26,RTH-L,RTH-L,A,A,29145.5,,,101.5,5.648208432803013
p98:L3,98,LONDON,2026-08-26,PDL,PDL,A,A,29095.5,,,151.5,8.430577118912872
p98:L4,98,LONDON,2026-08-26,OB(bull)·1h (HTF),OB,A,A,29085,,,162.0,9.014874542995942
p98:L5,98,LONDON,2026-08-26,ONH,ONH,A,A,29310,,,63.0,3.505784544498422
p98:L6,98,LONDON,2026-08-26,RTH-H,RTH-H,A,A,29416,,,169.0,9.404406159051323
p98:L7,98,LONDON,2026-08-26,PDH,PDH,A,A,29420,,,173.0,9.626995653940112
p98:L8,98,LONDON,2026-08-26,OB(bull)·1h (HTF),OB,A,A,29432.25,,,185.25,10.308675982037027
p98:L9,98,LONDON,2026-08-26,OB(bear)·1h (HTF),OB,A,A,29502.88,,,255.88000000000102,14.23904998803587
p98:L10,98,LONDON,2026-08-26,Demand·1h (HTF),DEMAND,A,,29541.12,,,294.119999999999,16.367005559172576
p99:L0,99,LONDON,2026-08-26,OB(bull)·1h,OB,A,A,29212.5,1.25,0.058453826153644715,1.0,0.046763060922915774
p99:L1,99,LONDON,2026-08-26,RTH-L,RTH-L,A,A,29145.5,68.25,3.1915789079890016,68.0,3.1798881427582724
p99:L2,99,LONDON,2026-08-26,ONH,ONH,A,A,29310,96.25,4.500944613830643,96.5,4.512635379061372
p99:L3,99,LONDON,2026-08-26,PDL,PDL,A,A,29095.5,118.25,5.52973195413479,118.0,5.5180411889040615
p99:L4,99,LONDON,2026-08-26,OB(bull)·1h (HTF),OB,A,A,29085,128.75,6.020744093825406,128.5,6.009053328594677
p99:L5,99,LONDON,2026-08-26,PDC,PDC,B,B,29228.5,14.75,0.6897551486130077,15.0,0.7014459138437366
p99:L6,99,LONDON,2026-08-26,RTH-H,RTH-H,A,A,29416,202.25,9.457829071659715,202.5,9.469519836890443
p99:L7,99,LONDON,2026-08-26,PDH,PDH,A,A,29420,206.25,9.644881315351379,206.5,9.656572080582107
p99:L8,99,LONDON,2026-08-26,OB(bull)·1h (HTF),OB,A,A,29432.25,218.5,10.217728811657096,218.75,10.229419576887825
p99:L9,99,LONDON,2026-08-26,OB(bear)·1h (HTF),OB,A,A,29502.88,289.130000000001,13.520603804642684,289.380000000001,13.532294569873415
p99:L10,99,LONDON,2026-08-26,Demand·1h (HTF),DEMAND,A,,29541.12,327.369999999999,15.308823254334888,327.619999999999,15.320514019565618
p100:L0,100,LONDON,2026-08-26,EQH,EQH,A,,29167.25,,,3.5,
p100:L1,100,LONDON,2026-08-26,EQH,EQH,A,,29175.75,,,5.0,
p100:L2,100,LONDON,2026-08-26,EQL,EQL,A,,29164,,,6.75,
p100:L3,100,LONDON,2026-08-26,EQH,EQH,A,,29160,,,10.75,
p100:L4,100,LONDON,2026-08-26,EQL,EQL,A,,29183.5,,,12.75,
p100:L5,100,LONDON,2026-08-26,EQL,EQL,A,,29187.25,,,16.5,
p100:L6,100,LONDON,2026-08-26,RTH-L,RTH-L,A,,29145.5,,,25.25,
p100:L7,100,LONDON,2026-08-26,PDC,PDC,B,,29228.5,,,57.75,
p100:L8,100,LONDON,2026-08-26,PDL,PDL,A,,29095.5,,,75.25,
p100:L9,100,LONDON,2026-08-26,ONH,ONH,A,,29310,,,139.25,
p100:L10,100,LONDON,2026-08-26,RTH-H,RTH-H,A,,29416,,,245.25,
p100:L11,100,LONDON,2026-08-26,PDH,PDH,A,,29420,,,249.25,
p101:L0,101,LONDON,2026-08-26,OB(bull)·1h (HTF),OB,A,A,29085,92.0,3.120653980529833,81.75,2.7729724229164545
p101:L1,101,LONDON,2026-08-26,PDL,PDL,A,A,29095.5,81.5,2.7644923849258842,71.25,2.4168108273125064
p101:L2,101,LONDON,2026-08-26,RTH-L,RTH-L,A,A,29145.5,31.5,1.0684847868118448,21.25,0.7208032291984667
p101:L3,101,LONDON,2026-08-26,OB(bull)·1h,OB,A,A,29212.5,35.5,1.204165394660968,45.75,1.551846952274346
p101:L4,101,LONDON,2026-08-26,PDC,PDC,B,B,29228.5,51.5,1.7468878260574607,61.75,2.0945693836708386
p101:L5,101,LONDON,2026-08-26,ONH,ONH,A,A,29310,133.0,4.5113802109833445,143.25,4.859061768596723
p101:L6,101,LONDON,2026-08-26,RTH-H,RTH-H,A,A,29416,239.0,8.106916318985109,249.25,8.454597876598486
p101:L7,101,LONDON,2026-08-26,PDH,PDH,A,A,29420,243.0,8.242596926834231,253.25,8.59027848444761
p101:L8,101,LONDON,2026-08-26,OB(bear)·1h (HTF),OB,A,A,29502.88,325.880000000001,11.053899121468097,336.130000000001,11.401580679081476
p101:L9,101,LONDON,2026-08-26,OB(bull)·1h (HTF),OB,A,A,29532,355.0,12.04165394660968,365.25,12.389335504223059
p101:L10,101,LONDON,2026-08-26,Demand·1h (HTF),DEMAND,A,,29541.12,364.119999999999,12.351005732505646,374.369999999999,12.698687290119025
p102:L0,102,LONDON,2026-08-26,RTH-L,RTH-L,A,A,29145.5,,,23.5,0.8230567979237955
p102:L1,102,LONDON,2026-08-26,PDL,PDL,A,A,29095.5,,,73.5,2.574241474357403
p102:L2,102,LONDON,2026-08-26,OB(bull)·1h (HTF),OB,A,A,29085,,,84.0,2.9419902564084603
p102:L3,102,LONDON,2026-08-26,OB(bull)·1h,OB,A,A,29212.5,,,43.5,1.5235306684972385
p102:L4,102,LONDON,2026-08-26,PDC,PDC,B,B,29228.5,,,59.5,2.0839097649559926
p102:L5,102,LONDON,2026-08-26,ONH,ONH,A,A,29310,,,141.0,4.9383407875427725
p102:L6,102,LONDON,2026-08-26,RTH-H,RTH-H,A,A,29416,,,247.0,8.65085230158202
p102:L7,102,LONDON,2026-08-26,PDH,PDH,A,A,29420,,,251.0,8.790947075696709
p102:L8,102,LONDON,2026-08-26,OB(bear)·1h (HTF),OB,A,A,29502.88,,,333.880000000001,11.693710795353093
p102:L9,102,LONDON,2026-08-26,OB(bull)·1h (HTF),OB,A,A,29532,,,363.0,12.71360075090799
p102:L10,102,LONDON,2026-08-26,Demand·1h (HTF),DEMAND,A,,29541.12,,,372.119999999999,13.033016835889445
p103:L0,103,LONDON,2026-08-26,OB(bull)·1h (HTF),OB,A,A,29085,77.0,2.813556225449895,89.25,3.2611674431351054
p103:L1,103,LONDON,2026-08-26,PDL,PDL,A,A,29095.5,66.5,2.429889467434,78.75,2.8775006851192106
p103:L2,103,LONDON,2026-08-26,RTH-L,RTH-L,B,B,29145.5,16.5,0.6029049054535489,28.75,1.0505161231387594
p103:L3,103,LONDON,2026-08-26,OB(bull)·1h,OB,C,C,29212.5,50.5,1.8452544076002557,38.25,1.3976431899150452
p103:L4,103,LONDON,2026-08-26,PDC,PDC,B,B,29228.5,66.5,2.429889467434,54.25,1.9822782497487896
p103:L5,103,LONDON,2026-08-26,ONH,ONH,A,A,29310,148.0,5.407874303462136,135.75,4.960263085776925
p103:L6,103,LONDON,2026-08-26,RTH-H,RTH-H,A,A,29416,254.0,9.281081574860693,241.75,8.833470357175482
p103:L7,103,LONDON,2026-08-26,PDH,PDH,A,A,29420,258.0,9.427240339819129,245.75,8.979629122133918
p104:L0,104,NY,2026-08-26,OB(bull)·1h (HTF),OB,A,A,29085,,,190.25,6.951676258335617
p104:L1,104,NY,2026-08-26,PDL,PDL,A,A,29095.5,,,179.75,6.5680095003197225
p104:L2,104,NY,2026-08-26,RTH-L,RTH-L,B,B,29145.5,,,129.75,4.7410249383392715
p104:L3,104,NY,2026-08-26,OB(bull)·1h,OB,C,C,29212.5,,,62.75,2.2928656252854664
p104:L4,104,NY,2026-08-26,PDC,PDC,B,B,29228.5,,,46.75,1.708230565451722
p104:L5,104,NY,2026-08-26,ONH,ONH,A,A,29310,,,34.75,1.2697542705764135
p104:L6,104,NY,2026-08-26,PDH,PDH,A,A,29420,,,144.75,5.289120306933406
p104:L7,104,NY,2026-08-26,Supply·1h,SUPPLY,C,C,29539.38,,,264.130000000001,9.65122864711797
p105:L0,105,NY,2026-08-26,PDL,PDL,A,A,29095.5,192.5,4.869879353482406,193.75,4.901501946686838
p105:L1,105,NY,2026-08-26,OR-L,OR-L,A,A,29174.25,113.75,2.8776559816032403,115.0,2.9092785748076713
p105:L2,105,NY,2026-08-26,OB(bull)·1h,OB,C,C,29212.5,75.5,1.9100046295476452,76.75,1.9416272227520763
p105:L3,105,NY,2026-08-26,OR-H,OR-H,A,A,29281,7.0,0.17708652194481478,8.25,0.20870911514924598
p105:L4,105,NY,2026-08-26,ONH,ONH,A,A,29310,22.0,0.5565576403979893,20.75,0.5249350471935581
p105:L5,105,NY,2026-08-26,RTH-H,RTH-H,A,A,29416,128.0,3.238153544133756,126.75,3.206530950929325
p105:L6,105,NY,2026-08-26,Supply·1h,SUPPLY,C,C,29539.38,251.38000000000102,6.35942998378396,250.13000000000102,6.327807390579529
p105:L7,105,NY,2026-08-26,nPOC·wk·2026-08-18,NPOC,A,,29553.12,265.119999999999,6.707025528287017,263.869999999999,6.675402935082585
p106:L0,106,NY,2026-08-26,PDL,PDL,A,A,29095.5,,,116.75,3.0776733580250166
p106:L1,106,NY,2026-08-26,OR-L,OR-L,A,A,29174.25,,,38.0,1.0017266604278428
p106:L2,106,NY,2026-08-26,OB(bull)·1h,OB,C,C,29212.5,,,0.25,0.006590306976498966
p106:L3,106,NY,2026-08-26,PDC,PDC,B,B,29228.5,,,16.25,0.42836995347243273
p106:L4,106,NY,2026-08-26,ONH,ONH,C,C,29310,,,97.75,2.5768100278110952
p106:L5,106,NY,2026-08-26,RTH-H,RTH-H,A,A,29416,,,203.75,5.3711001858466565
p106:L6,106,NY,2026-08-26,PDH,PDH,A,A,29420,,,207.75,5.47654509747064
p106:L7,106,NY,2026-08-26,nPOC·wk·2026-08-18,NPOC,A,,29553.12,,,340.869999999999,8.985751756316782
p107:L0,107,NY,2026-08-26,OR-L,OR-L,B,B,29174.25,19.75,0.48819676183413674,23.0,0.5685329378321592
p107:L1,107,NY,2026-08-26,RTH-L,RTH-L,B,B,29145.5,48.5,1.1988629341243358,51.75,1.2791991101223583
p107:L2,107,NY,2026-08-26,PDL,PDL,A,A,29095.5,98.5,2.434804103324682,101.75,2.5151402793227042
p107:L3,107,NY,2026-08-26,Supply·1h,SUPPLY,C,C,29209.25,15.25,0.37696205660610554,12.0,0.2966258806080831
p107:L4,107,NY,2026-08-26,PDC,PDC,B,B,29228.5,34.5,0.8527994067482388,31.25,0.7724632307502163
p107:L5,107,NY,2026-08-26,ONH,ONH,C,C,29310,116.0,2.867383512544803,112.75,2.7870473365467805
p107:L6,107,NY,2026-08-26,RTH-H,RTH-H,A,A,29416,222.0,5.487578791249537,218.75,5.407242615251514
p107:L7,107,NY,2026-08-26,nPOC·wk·2026-08-18,NPOC,A,,29553.12,359.119999999999,8.877023853664541,355.869999999999,8.796687677666519
p108:L0,108,NY,2026-08-26,PDC,PDC,B,B,29228.5,23.75,0.6408509421183429,30.75,0.8297333250584861
p108:L1,108,NY,2026-08-26,Supply·1h,SUPPLY,C,C,29209.25,43.0,1.1602774952037367,50.0,1.3491598781438798
p108:L2,108,NY,2026-08-26,PDL,PDL,A,A,29095.5,156.75,4.2296162179810635,163.75,4.418498600921207
p108:L3,108,NY,2026-08-26,OR-H,OR-H,C,C,29281,28.75,0.7757669299327309,21.75,0.5868845469925877
p108:L4,108,NY,2026-08-26,ONH,ONH,C,C,29310,57.75,1.5582796592561812,50.75,1.369397276316038
p108:L5,108,NY,2026-08-26,RTH-H,RTH-H,A,A,29416,163.75,4.418498600921207,156.75,4.2296162179810635
p108:L6,108,NY,2026-08-26,Supply·1h,SUPPLY,C,C,29539.38,287.130000000001,7.747685516229072,280.130000000001,7.5588031332889285
p108:L7,108,NY,2026-08-26,nPOC·wk·2026-08-18,NPOC,A,,29553.12,300.869999999999,8.118434650742955,293.869999999999,7.929552267802812
p109:L0,109,NY,2026-08-26,nPOC·wk·2026-08-18,NPOC,A,,29553.12,,,282.369999999999,7.822056998493013
p109:L1,109,NY,2026-08-26,RTH-H,RTH-H,A,A,29416,,,145.25,4.023634872794965
p109:L2,109,NY,2026-08-26,ONH,ONH,C,C,29310,,,39.25,1.0872817126141299
p109:L3,109,NY,2026-08-26,OR-H,OR-H,C,C,29281,,,10.25,0.28393981030050525
p109:L4,109,NY,2026-08-26,PDC,PDC,B,B,29228.5,,,42.25,1.1703860473362289
p109:L5,109,NY,2026-08-26,Supply·1h,SUPPLY,C,C,29209.25,,,61.5,1.7036388618030316
p109:L6,109,NY,2026-08-26,RTH-L,RTH-L,B,B,29145.5,,,125.25,3.4696059746476373
p109:L7,109,NY,2026-08-26,PDL,PDL,A,A,29095.5,,,175.25,4.8546782200159555
p110:L0,110,NY,2026-08-26,OR-H,OR-H,C,C,29281,13.5,0.39340708016179227,4.0,0.11656506078867919
p110:L1,110,NY,2026-08-26,ONH,ONH,C,C,29310,42.5,1.2385037708797164,25.0,0.7285316299292449
p110:L2,110,NY,2026-08-26,RTH-H,RTH-H,A,A,29416,148.5,4.327477881779715,131.0,3.8175057408292434
p110:L3,110,NY,2026-08-26,nPOC·wk·2026-08-18,NPOC,A,,29553.12,285.619999999999,8.323328165615608,268.119999999999,7.813356024665136
p110:L4,110,NY,2026-08-26,PDC,PDC,B,B,29228.5,39.0,1.136509342689622,56.5,1.6464814836400936
p110:L5,110,NY,2026-08-26,OB(bull)·1h,OB,C,C,29212.5,55.0,1.602769585844339,72.5,2.1127417267948103
p110:L6,110,NY,2026-08-26,Supply·1h,SUPPLY,C,C,29209.25,58.25,1.6974786977351406,75.75,2.207450838685612
p110:L7,110,NY,2026-08-26,PDL,PDL,A,A,29095.5,172.0,5.012297613913205,189.5,5.522269754863677
p111:L0,111,NY,2026-08-26,VWAP−1σ,VWAP,A,,29182.837691198336,,,18.41230880166404,
p111:L1,111,NY,2026-08-26,OR-L,OR-L,C,,29174.25,,,27.0,
p111:L2,111,NY,2026-08-26,PDC,PDC,B,,29228.5,,,27.25,
p111:L3,111,NY,2026-08-26,RTH-L,RTH-L,B,,29145.5,,,55.75,
p111:L4,111,NY,2026-08-26,PDL,PDL,A,,29095.5,,,105.75,
p111:L5,111,NY,2026-08-26,ONH,ONH,C,,29310,,,108.75,
p111:L6,111,NY,2026-08-26,RTH-H,RTH-H,A,,29416,,,214.75,
p111:L7,111,NY,2026-08-26,PDH,PDH,A,,29420,,,218.75,
p112:L0,112,ASIA,2026-08-26,ONH,ONH,A,A,29546.75,,,16.5,0.39737396020480414
p112:L1,112,ASIA,2026-08-26,nPOC·wk·2026-08-18,NPOC,A,,29553.12,,,10.130000000001019,0.24396352829545884
p112:L2,112,ASIA,2026-08-26,nPOC·wk·2026-08-17,NPOC,A,A,29596.88,,,33.63000000000102,0.8099203807083617
p112:L3,112,ASIA,2026-08-26,OB(bull)·1h (HTF),OB,A,A,29611,,,47.75,1.1499761575623877
p112:L4,112,ASIA,2026-08-26,Demand·1h,DEMAND,C,,29541.12,,,22.13000000000102,0.5329627720807709
p112:L5,112,ASIA,2026-08-26,OB(bull)·1h (HTF),OB,A,A,29532,,,31.25,0.7526021973575836
p112:L6,112,ASIA,2026-08-26,OB(bear)·1h (HTF),OB,A,A,29502.88,,,60.36999999999898,1.4539070289432499
p112:L7,112,ASIA,2026-08-26,ONL,ONL,A,A,29497.75,,,65.5,1.5774542056614953
p113:L0,113,ASIA,2026-08-26,VWAP+1σ,VWAP,A,,29605.951370607392,8.048629392607836,0.2514811604662985,0.798629392607836,0.024953347537653173
p113:L1,113,ASIA,2026-08-26,RN 29600 (100),RN,B,,29600,14.0,0.43743301806910817,6.75,0.21090520514046288
p113:L2,113,ASIA,2026-08-26,RN 29625 (25),RN,B,,29625,11.0,0.34369737134001355,18.25,0.5702251842686589
p113:L3,113,ASIA,2026-08-26,ONH,ONH,A,,29628.75,14.75,0.4608669297513818,22.0,0.6873947426800271
p113:L4,113,ASIA,2026-08-26,VWAP,VWAP,A,,29581.441670526827,32.55832947317322,1.0172920231956113,25.308329473173217,0.7907642102669659
p113:L5,113,ASIA,2026-08-26,RN 29650 (50),RN,B,,29650,36.0,1.1248277607491353,43.25,1.3513555736777807
p113:L6,113,ASIA,2026-08-26,VWAP−1σ,VWAP,A,,29556.93197044626,57.0680295537386,1.783102885924924,49.8180295537386,1.5565750729962786
p113:L7,113,ASIA,2026-08-26,EQL,EQL,A,,29549.25,64.75,2.0231277085696253,57.5,1.79659989564098
p114:L0,114,ASIA,2026-08-26,OB(bull)·1h,OB,C,C,29611,,,23.5,1.0135339124134184
p114:L1,114,ASIA,2026-08-26,EQH·1h (HTF),EQH,A,A,29621,,,13.5,0.5822428858545169
p114:L2,114,ASIA,2026-08-26,ONH,ONH,A,A,29628.75,,,5.75,0.24799234027136832
p114:L3,114,ASIA,2026-08-26,Demand·1h (HTF),DEMAND,A,A,29638,,,3.5,0.1509518592956155
p114:L4,114,ASIA,2026-08-26,Demand·4h (HTF),DEMAND,A,A,29654,,,19.5,0.8410175017898578
p114:L5,114,ASIA,2026-08-26,VWAP,VWAP,A,A,29585.99,,,48.5099999999984,2.092192769837162
p114:L6,114,ASIA,2026-08-26,VWAP−1σ,VWAP,A,A,29563.12,,,71.38000000000102,3.0785553475774825
p114:L7,114,ASIA,2026-08-26,Demand·1h,DEMAND,C,,29541.12,,,93.38000000000102,4.027395606007065
p115:L0,115,ASIA,2026-08-26,ONL,ONL,A,A,29464,5.75,0.1982683415456655,7.25,0.2499905176010565
p115:L1,115,ASIA,2026-08-26,iFVG(bull)·1h (HTF),IFVG,A,A,29443.38,26.36999999999898,0.9092758550537386,13.369999999998981,0.46101699590701667
p115:L2,115,ASIA,2026-08-26,FVG·1h (HTF),FVG,A,A,29433.25,36.5,1.258572950681181,23.5,0.810314091534459
p115:L3,115,ASIA,2026-08-26,iFVG(bull)·1h (HTF),IFVG,A,A,29403.88,65.86999999999898,2.271293157845702,52.86999999999898,1.8230342986989796
p115:L4,115,ASIA,2026-08-26,OB(bear)·1h,OB,C,C,29502.88,33.13000000000102,1.1423704618101043,46.13000000000102,1.5906293209568263
p115:L5,115,ASIA,2026-08-26,FVG·1h (HTF),FVG,A,A,29511.25,41.5,1.430980204199151,54.5,1.879239063345873
p115:L6,115,ASIA,2026-08-26,OB(bull)·4h (HTF),OB,A,,29525.12,55.36999999999898,1.9092379254579648,68.36999999999898,2.357496784604687
p115:L7,115,ASIA,2026-08-26,Demand·1h,DEMAND,C,,29541.12,71.36999999999898,2.4609411367154688,84.36999999999898,2.9091999958621906
p116:L0,116,ASIA,2026-08-26,EQH·15m,EQH,A,A,29470.25,9.0,0.3185727938834023,2.75,0.0973416870199285
p116:L1,116,ASIA,2026-08-26,Supply·1h,SUPPLY,A,,29465.12,14.130000000001019,0.5001592863969777,7.880000000001019,0.2789281795335039
p116:L2,116,ASIA,2026-08-26,ONL,ONL,A,A,29432.25,47.0,1.6636579236133233,40.75,1.4424268167498495
p116:L3,116,ASIA,2026-08-26,iFVG(bull)·1h,IFVG,A,A,29403.88,75.36999999999898,2.667870163887968,69.11999999999898,2.446639057024494
p116:L4,116,ASIA,2026-08-26,EQL·15m,EQL,A,A,29485,5.75,0.20353261831439595,12.0,0.4247637251778698
p116:L5,116,ASIA,2026-08-26,VWAP−1σ,VWAP,A,A,29491.71,12.459999999999127,0.44104633464299053,18.709999999999127,0.6622774415064644
p116:L6,116,ASIA,2026-08-26,OB(bear)·1h,OB,C,C,29502.88,23.63000000000102,0.836430568829458,29.88000000000102,1.0576616756929318
p116:L7,116,ASIA,2026-08-26,VWAP,VWAP,A,A,29553.8,74.54999999999927,2.6388446426674905,80.79999999999927,2.860075749530964
p117:L0,117,ASIA,2026-08-26,VWAP,VWAP,A,A,29544.6,,,51.849999999998545,1.94373842566554
p117:L1,117,ASIA,2026-08-26,Demand·1h,DEMAND,C,,29541.12,,,48.36999999999898,1.8132811504231983
p117:L2,117,ASIA,2026-08-26,EQL·1h (HTF),EQL,A,A,29530.75,,,38.0,1.4245334652901176
p117:L3,117,ASIA,2026-08-26,EQL·4h (HTF),EQL,A,A,29518.25,,,25.5,0.9559369306552105
p117:L4,117,ASIA,2026-08-26,OB(bear)·1h,OB,C,C,29502.88,,,10.130000000001019,0.37975063166816686
p117:L5,117,ASIA,2026-08-26,eVWAP,EVWAP,A,A,29491,,,1.75,0.06560351484888699
p117:L6,117,ASIA,2026-08-26,VWAP−1σ,VWAP,A,A,29481.16,,,11.590000000000146,0.4344827069134913
p117:L7,117,ASIA,2026-08-26,ONL,ONL,A,A,29432.25,,,60.5,2.26800722763295
p118:L0,118,ASIA,2026-08-26,Supply·1h,SUPPLY,C,C,29619.5,66.75,2.422999437355936,90.25,3.2760404377733816
p118:L1,118,ASIA,2026-08-26,VWAP+1σ,VWAP,A,A,29602.44,49.68999999999869,1.803727970669862,73.18999999999869,2.6567689710873075
p118:L2,118,ASIA,2026-08-26,EQH·15m (HTF),EQH,A,A,29590.75,38.0,1.379385447483529,61.5,2.2324264479009748
p118:L3,118,ASIA,2026-08-26,EQL·15m (HTF),EQL,A,A,29581.25,28.5,1.0345390856126468,52.0,1.8875800860300924
p118:L4,118,ASIA,2026-08-26,EQH·4h (HTF),EQH,A,A,29546.75,6.0,0.2177977022342414,17.5,0.6352432981832041
p118:L5,118,ASIA,2026-08-26,OB(bear)·1h,OB,C,C,29539.38,13.369999999998981,0.485325879811931,10.130000000001019,0.3677151206055146
p118:L6,118,ASIA,2026-08-26,OB(bull)·1h,OB,C,C,29532,20.75,0.753217053560085,2.75,0.09982394685736065
p118:L7,118,ASIA,2026-08-26,EQL·1h (HTF),EQL,A,A,29504.25,48.5,1.7605314263934515,25.0,0.9074904259760059
p119:L0,119,ASIA,2026-08-26,VWAP−1σ,VWAP,A,A,29485.3,64.70000000000073,3.0967754287383022,66.70000000000073,3.192502644464369
p119:L1,119,ASIA,2026-08-26,eVWAP,EVWAP,A,A,29498.33,51.669999999998254,2.4731126182828573,53.669999999998254,2.5688398340089242
p119:L2,119,ASIA,2026-08-26,OB(bull)·1h,OB,C,C,29532,18.0,0.8615449415346029,20.0,0.9572721572606699
p119:L3,119,ASIA,2026-08-26,VWAP,VWAP,A,A,29541.66,8.340000000000146,0.3991824895777063,10.340000000000146,0.4949097053037733
p119:L4,119,ASIA,2026-08-26,EQL·4h (HTF),EQL,A,A,29577.25,27.25,1.3042833142676629,25.25,1.2085560985415957
p119:L5,119,ASIA,2026-08-26,EQL·15m (HTF),EQL,A,A,29588.25,38.25,1.8307830007610313,36.25,1.7350557850349642
p119:L6,119,ASIA,2026-08-26,EQH·15m (HTF),EQH,A,A,29591.75,41.75,1.9983056282816485,39.75,1.9025784125555816
p119:L7,119,ASIA,2026-08-26,OB(bull)·1h,OB,C,C,29611,61.0,2.9196800796450435,59.0,2.823952863918976
p120:L0,120,ASIA,2026-08-26,EQL·4h (HTF),EQL,A,A,29577.25,24.25,1.1940695367010197,38.25,1.8834292692294434
p120:L1,120,ASIA,2026-08-26,EQH·15m (HTF),EQH,A,A,29591.75,38.75,1.908049259676887,52.75,2.597408992205311
p120:L2,120,ASIA,2026-08-26,VWAP+1σ,VWAP,A,A,29597.25,44.25,2.1788691545987677,58.25,2.8682288871271915
p120:L3,120,ASIA,2026-08-26,OB(bull)·1h,OB,C,C,29611,58.0,2.8559188919034697,72.0,3.5452786244318935
p120:L4,120,ASIA,2026-08-26,EQH·1h (HTF),EQH,A,A,29539.75,13.25,0.6524297468572582,0.75,0.03692998567116556
p120:L5,120,ASIA,2026-08-26,OB(bull)·1h,OB,C,C,29532,21.0,1.0340395987926356,7.0,0.3446798662642119
p120:L6,120,ASIA,2026-08-26,EQL·1h (HTF),EQL,A,A,29504.25,48.75,2.400449068625761,34.75,1.7110893360973374
p120:L7,120,ASIA,2026-08-26,eVWAP,EVWAP,A,A,29500.77,52.22999999999956,2.5718042021399476,38.22999999999956,1.8824444696115241
p121:L0,121,ASIA,2026-08-26,EQL,EQL,A,A,29533.5,,,2.75,0.15721382795662042
p121:L1,121,ASIA,2026-08-26,Supply·1h,SUPPLY,C,C,29539.38,,,3.1300000000010186,0.17893792054704802
p121:L2,121,ASIA,2026-08-26,EQL·4h (HTF),EQL,A,A,29577.25,,,41.0,2.343915253171432
p121:L3,121,ASIA,2026-08-26,EQH·15m (HTF),EQH,A,A,29591.75,,,55.5,3.1728608914881575
p121:L4,121,ASIA,2026-08-26,VWAP+1σ,VWAP,A,A,29596.05,,,59.79999999999927,3.4186861497475585
p121:L5,121,ASIA,2026-08-26,eVWAP,EVWAP,A,A,29502.45,,,33.79999999999927,1.932300867248602
p121:L6,121,ASIA,2026-08-26,VWAP−1σ,VWAP,A,A,29488.82,,,47.43000000000029,2.7115097672663824
p121:L7,121,ASIA,2026-08-26,EQL·1h (HTF),EQL,A,A,29475,,,61.25,3.5015807135792727
p122:L0,122,LONDON,2026-08-27,EQL·1h (HTF),EQL,A,A,29448.75,,,36.75,2.068604494078444
p122:L1,122,LONDON,2026-08-27,EQL·15m (HTF),EQL,A,A,29452.75,,,32.75,1.84345026343045
p122:L2,122,LONDON,2026-08-27,EQH·15m (HTF),EQH,A,A,29457.25,,,28.25,1.590151753951457
p122:L3,122,LONDON,2026-08-27,VWAP−1σ,VWAP,A,A,29466.65,,,18.849999999998545,1.0610393119285892
p122:L4,122,LONDON,2026-08-27,eVWAP,EVWAP,A,A,29495.92,,,10.419999999998254,0.5865267708379258
p122:L5,122,LONDON,2026-08-27,PDC,PDC,A,A,29499.75,,,14.25,0.8021119466834782
p122:L6,122,LONDON,2026-08-27,OB(bear)·1h,OB,C,C,29502.88,,,17.38000000000102,0.9782951321655907
p122:L7,122,LONDON,2026-08-27,VWAP,VWAP,A,A,29525.32,,,39.81999999999971,2.2414103661007627
p123:L0,123,LONDON,2026-08-27,Supply·1h,SUPPLY,C,C,29539.38,,,1.1300000000010186,0.05923984272613466
p123:L1,123,LONDON,2026-08-27,EQH·15m (HTF),EQH,A,A,29543.75,,,5.5,0.2883355176933159
p123:L2,123,LONDON,2026-08-27,EQL·4h (HTF),EQL,A,A,29577.25,,,39.0,2.0445609436435124
p123:L3,123,LONDON,2026-08-27,OB(bull)·1h,OB,C,C,29532,,,6.25,0.32765399737876805
p123:L4,123,LONDON,2026-08-27,VWAP,VWAP,A,A,29524.77,,,13.479999999999563,0.706684141546504
p123:L5,123,LONDON,2026-08-27,FVG·1h (HTF),FVG,A,A,29511.25,,,27.0,1.4154652686762779
p123:L6,123,LONDON,2026-08-27,EQL·1h (HTF),EQL,A,A,29504.25,,,34.0,1.782437745740498
p123:L7,123,LONDON,2026-08-27,PDC,PDC,B,B,29499.75,,,38.5,2.018348623853211
p124:L0,124,LONDON,2026-08-27,Supply·1h,SUPPLY,C,C,29539.38,35.38000000000102,1.8209423814303516,44.36999999999898,2.283640855400241
p124:L1,124,LONDON,2026-08-27,OB(bull)·1h,OB,C,C,29532,28.0,1.4411075941223397,51.75,2.663475642708253
p124:L2,124,LONDON,2026-08-27,EQL·15m (HTF),EQL,A,A,29526,22.0,1.132298823953267,57.75,2.9722844128773254
p124:L3,124,LONDON,2026-08-27,EQH,EQH,A,A,29521.5,17.5,0.9006922463264623,62.25,3.20389099050413
p124:L4,124,LONDON,2026-08-27,PDC,PDC,B,B,29499.75,4.25,0.21873954553642655,84.0,4.323322782367019
p124:L5,124,LONDON,2026-08-27,VWAP−1σ,VWAP,A,A,29468.08,35.919999999998254,1.8487351707454258,115.66999999999825,5.953318407576019
p124:L6,124,LONDON,2026-08-27,EQH·15m (HTF),EQH,A,A,29457.25,46.75,2.4061350009006923,126.5,6.510718237731284
p124:L7,124,LONDON,2026-08-27,EQL·1h (HTF),EQL,A,A,29448.75,55.25,2.8436140919735453,135.0,6.948197328804138
p125:L0,125,LONDON,2026-08-27,VWAP+1σ,VWAP,A,A,29583.53,,,23.970000000001164,1.10726164079828
p125:L1,125,LONDON,2026-08-27,OB(bull)·1h,OB,C,C,29611,,,3.5,0.16167775314116778
p125:L2,125,LONDON,2026-08-27,Supply·1h (HTF),SUPPLY,A,A,29619.5,,,12.0,0.5543237250554324
p125:L3,125,LONDON,2026-08-27,EQL·1h (HTF),EQL,A,A,29625,,,17.5,0.8083887657058388
p125:L4,125,LONDON,2026-08-27,Demand·1h (HTF),DEMAND,A,A,29631,,,23.5,1.085550628233555
p125:L5,125,LONDON,2026-08-27,PDH,PDH,A,A,29655.75,,,48.25,2.2288433111603845
p125:L6,125,LONDON,2026-08-27,iFVG(bull)·1h (HTF),IFVG,A,,29670.62,,,63.11999999999898,2.9157427937915275
p126:L0,126,LONDON,2026-08-27,OB(bear)·1h (HTF),OB,A,A,29635,3.0,0.12896126003748476,21.5,0.9242223636019741
p126:L1,126,LONDON,2026-08-27,PDH,PDH,B,B,29655.75,23.75,1.0209433086300876,0.75,0.03224031500937119
p126:L2,126,LONDON,2026-08-27,ONH,ONH,A,A,29659.75,27.75,1.192891655346734,3.25,0.13970803170727514
p126:L3,126,LONDON,2026-08-27,iFVG(bull)·1h (HTF),IFVG,A,,29670.62,38.61999999999898,1.6601612875491765,14.119999999998981,0.6069776639097177
p126:L4,126,LONDON,2026-08-27,Supply·1h,SUPPLY,C,C,29619.5,12.5,0.5373385834895198,37.0,1.5905222071289786
p126:L5,126,LONDON,2026-08-27,VWAP+1σ,VWAP,A,A,29591.45,40.54999999999927,1.7431263648399709,65.04999999999927,2.79630998847943
p126:L6,126,LONDON,2026-08-27,OB(bear)·4h (HTF),OB,A,A,29586.88,45.11999999999898,1.9395773509637269,69.61999999999898,2.992760974603186
p126:L7,126,LONDON,2026-08-27,VWAP,VWAP,A,A,29531.98,100.02000000000044,4.29956840964976,124.52000000000044,5.352752033289219
p127:L0,127,LONDON,2026-08-27,ONH,ONH,A,A,29661.25,90.0,3.442498795125422,65.5,2.505374123119057
p127:L1,127,LONDON,2026-08-27,PDH,PDH,B,B,29655.75,84.5,3.2321238687566463,60.0,2.294999196750281
p127:L2,127,LONDON,2026-08-27,Supply·1h,SUPPLY,C,C,29619.5,48.25,1.8455618540533512,23.75,0.9084371820469863
p127:L3,127,LONDON,2026-08-27,VWAP+1σ,VWAP,A,A,29597.25,26.0,0.9944996519251219,1.5,0.05737497991875703
p127:L4,127,LONDON,2026-08-27,Demand·1h,DEMAND,C,,29541.12,30.13000000000102,1.1524720966348052,54.63000000000102,2.08959676864117
p127:L5,127,LONDON,2026-08-27,VWAP,VWAP,A,A,29536.17,35.080000000001746,1.3418095303667312,59.580000000001746,2.278934202373096
p127:L6,127,LONDON,2026-08-27,PDC,PDC,B,B,29499.75,71.5,2.734874042794085,96.0,3.67199871480045
p127:L7,127,LONDON,2026-08-27,VWAP−1σ,VWAP,A,A,29475.09,96.15999999999985,3.678118712658445,120.65999999999985,4.61524338466481
p128:L0,128,LONDON,2026-08-27,EQL·15m (HTF),EQL,A,A,29452.75,,,95.75,4.611657499542447
p128:L1,128,LONDON,2026-08-27,EQH·15m (HTF),EQH,A,A,29457.25,,,91.25,4.394921637945152
p128:L2,128,LONDON,2026-08-27,EQH·15m (HTF),EQH,A,A,29468,,,80.5,3.8771637463516133
p128:L3,128,LONDON,2026-08-27,VWAP−1σ,VWAP,A,A,29486.95,,,61.54999999999927,2.9644649514029684
p128:L4,128,LONDON,2026-08-27,PDC,PDC,B,B,29499.75,,,48.75,2.347971833970697
p128:L5,128,LONDON,2026-08-27,OB(bull)·1h,OB,C,C,29532,,,16.5,0.7946981591900822
p128:L6,128,LONDON,2026-08-27,Supply·1h,SUPPLY,C,C,29539.38,,,9.119999999998981,0.4392513461704691
p128:L7,128,LONDON,2026-08-27,OB(bear)·1h (HTF),OB,A,,29577.12,,,28.61999999999898,1.3784400797587482
p129:L0,129,NY,2026-08-27,EQH,EQH,A,,29556.75,,,1.25,0.056233101952863164
p129:L1,129,NY,2026-08-27,EQH,EQH,A,,29551,,,4.5,0.2024391670303074
p129:L2,129,NY,2026-08-27,EQH,EQH,A,,29560.25,,,4.75,0.21368578742088004
p129:L3,129,NY,2026-08-27,VWAP,VWAP,A,,29537.969543088995,,,17.530456911004876,0.7886335766054495
p129:L4,129,NY,2026-08-27,eVWAP,EVWAP,A,,29522.266745614263,,,33.23325438573738,1.4950471856788858
p129:L5,129,NY,2026-08-27,OR-H,OR-H,A,,29589.5,,,34.0,1.529540373117878
p129:L6,129,NY,2026-08-27,PDC,PDC,B,,29499.75,,,55.75,2.507996347097697
p129:L7,129,NY,2026-08-27,VWAP−1σ,VWAP,A,,29483.51647983439,,,71.98352016560966,3.238285302718968
p130:L0,130,NY,2026-08-27,EQH,EQH,A,,29602.25,,,1.0,0.019875183845450572
p130:L1,130,NY,2026-08-27,EQH,EQH,A,,29605.75,,,4.5,0.08943832730452757
p130:L2,130,NY,2026-08-27,EQL,EQL,A,,29596.5,,,4.75,0.09440712326589021
p130:L3,130,NY,2026-08-27,OR-H,OR-H,A,,29589.5,,,11.75,0.2335334101840442
p130:L4,130,NY,2026-08-27,PDH,PDH,B,,29655.75,,,54.5,1.083197519577056
p130:L5,130,NY,2026-08-27,ONH,ONH,A,,29661.25,,,60.0,1.1925110307270341
p130:L6,130,NY,2026-08-27,VWAP,VWAP,A,,29540.51020697156,,,60.739793028438726,1.2072145531748366
p130:L7,130,NY,2026-08-27,eVWAP,EVWAP,A,,29529.81354330487,,,71.43645669512989,1.419812710083275
p131:L0,131,NY,2026-08-27,PDH,PDH,B,B,29655.75,,,51.75,1.4163724443714591
p131:L1,131,NY,2026-08-27,OB(bull)·1h,OB,C,C,29611,,,7.0,0.19158661083285436
p131:L2,131,NY,2026-08-27,VWAP+1σ,VWAP,A,A,29597.96,,,6.040000000000873,0.16531187563294394
p131:L3,131,NY,2026-08-27,OR-H,OR-H,A,A,29589.5,,,14.5,0.3968579795823412
p131:L4,131,NY,2026-08-27,VWAP,VWAP,A,A,29547.39,,,56.61000000000058,1.5493882913211425
p131:L5,131,NY,2026-08-27,eVWAP,EVWAP,A,A,29537.91,,,66.09000000000015,1.808851301420482
p131:L6,131,NY,2026-08-27,PDC,PDC,B,B,29499.75,,,104.25,2.853272025617867
p132:L0,132,NY,2026-08-27,ONH,ONH,A,A,29661.25,,,108.75,4.070914392881608
p132:L1,132,NY,2026-08-27,PDH,PDH,B,B,29655.75,,,103.25,3.865029067264608
p132:L2,132,NY,2026-08-27,Demand·1h (HTF),DEMAND,A,A,29638,,,85.5,3.200580970955196
p132:L3,132,NY,2026-08-27,VWAP+1σ,VWAP,A,A,29611.41,,,58.909999999999854,2.205219005835908
p132:L4,132,NY,2026-08-27,VWAP,VWAP,A,A,29557.15,,,4.650000000001455,0.17406668438533704
p132:L5,132,NY,2026-08-27,Demand·1h,DEMAND,C,,29541.12,,,11.380000000001019,0.42599545554939633
p132:L6,132,NY,2026-08-27,VWAP−1σ,VWAP,A,A,29502.88,,,49.61999999999898,1.8574599740209772
p132:L7,132,NY,2026-08-27,PDC,PDC,B,B,29499.75,,,52.75,1.9746274411448723
p133:L0,133,NY,2026-08-27,Supply·1h,SUPPLY,C,C,29619.5,55.5,2.114841615510363,42.0,1.6004206820078422
p133:L1,133,NY,2026-08-27,VWAP+1σ,VWAP,A,A,29611.04,47.04000000000087,1.7924711638488164,33.54000000000087,1.2780502303462957
p133:L2,133,NY,2026-08-27,OR-H,OR-H,C,C,29589.5,25.5,0.9716839855047613,12.0,0.4572630520022406
p133:L3,133,NY,2026-08-27,Demand·4h (HTF),DEMAND,A,A,29575.25,11.25,0.4286841112521006,2.25,0.08573682225042012
p133:L4,133,NY,2026-08-27,eVWAP,EVWAP,A,A,29548.74,15.2599999999984,0.5814861811294549,28.7599999999984,1.0959071146319757
p133:L5,133,NY,2026-08-27,Demand·1h,DEMAND,C,,29541.12,22.88000000000102,0.8718482191509775,36.38000000000102,1.3862691526534983
p133:L6,133,NY,2026-08-27,EQL·15m (HTF),EQL,A,A,29526,38.0,1.447999664673762,51.5,1.9624205981762826
p133:L7,133,NY,2026-08-27,VWAP−1σ,VWAP,A,A,29503.23,60.77000000000044,2.31565630584803,74.27000000000044,2.8300772393505507
p134:L0,134,ASIA,2026-08-27,VWAP+2σ,VWAP,A,A,29636.929963649203,,,0.6799636492032732,0.0330972746443446
p134:L1,134,ASIA,2026-08-27,VWAP+1σ,VWAP,A,A,29629.23921581086,,,7.010784189140395,0.3412503742694065
p134:L2,134,ASIA,2026-08-27,ONH,ONH,A,A,29645.25,,,9.0,0.43807558264052493
p134:L3,134,ASIA,2026-08-27,VWAP,VWAP,A,A,29621.548467972516,,,14.701532027484063,0.7155980231831577
p134:L4,134,ASIA,2026-08-27,PDH,PDH,A,A,29655.75,,,19.5,0.949163762387804
p134:L5,134,ASIA,2026-08-27,VWAP−1σ,VWAP,A,A,29613.857720134172,,,22.39227986582773,1.0899456720969087
p134:L6,134,ASIA,2026-08-27,ONL,ONL,A,A,29599.75,,,36.5,1.7766398629310178
p134:L7,134,ASIA,2026-08-27,OR-H,OR-H,C,C,29589.5,,,46.75,2.275559276493838
p134:L8,134,ASIA,2026-08-27,POC,POC,A,A,29576.496875,,,59.75312499999927,2.9084872276629774
p134:L9,134,ASIA,2026-08-27,PDC,PDC,A,A,29499.75,,,136.5,6.644146336714628
p134:L10,134,ASIA,2026-08-27,OR-L,OR-L,A,A,29452.5,,,183.75,8.944043145577384
p134:L11,134,ASIA,2026-08-27,RTH-H,RTH-H,A,A,29368.75,,,267.5,13.020579817371157
p135:L0,135,ASIA,2026-08-27,Demand·1h,DEMAND,C,C,29638,,,2.25,0.12741739105813066
p135:L1,135,ASIA,2026-08-27,VWAP+1σ,VWAP,A,A,29633.26,,,2.4900000000016007,0.14100857943775522
p135:L2,135,ASIA,2026-08-27,VWAP,VWAP,A,A,29624.55,,,11.200000000000728,0.6342554577116248
p135:L3,135,ASIA,2026-08-27,Supply·1h,SUPPLY,C,C,29619.5,,,16.25,0.9202367131976102
p135:L4,135,ASIA,2026-08-27,VWAP−1σ,VWAP,A,A,29615.84,,,19.909999999999854,1.1275023359854945
p135:L5,135,ASIA,2026-08-27,ONL,ONL,A,A,29599.75,,,36.0,2.0386782569300905
p135:L6,135,ASIA,2026-08-27,Demand·1h (HTF),DEMAND,A,,29541.12,,,94.63000000000102,5.3588923181471255
p135:L7,135,ASIA,2026-08-27,PDC,PDC,A,A,29499.75,,,136.0,7.70167341506923
p135:L8,135,ASIA,2026-08-27,ONH,ONH,A,A,29645.25,,,9.5,0.5379845400232183
p135:L9,135,ASIA,2026-08-27,PDH,PDH,A,A,29655.75,,,20.0,1.132599031627828
p135:L10,135,ASIA,2026-08-27,iFVG(bull)·1h (HTF),IFVG,A,,29670.62,,,34.86999999999898,1.9746864116430602
p135:L11,135,ASIA,2026-08-27,OB(bull)·4h,OB,C,C,29863.5,,,227.75,12.897471472661891
p136:L0,136,ASIA,2026-08-27,VWAP+1σ,VWAP,A,A,29634.04,,,5.790000000000873,0.3368394107928742
p136:L1,136,ASIA,2026-08-27,Demand·1h,DEMAND,C,C,29638,,,9.75,0.5672166243920601
p136:L2,136,ASIA,2026-08-27,ONH,ONH,A,A,29645.25,,,17.0,0.988993088683592
p136:L3,136,ASIA,2026-08-27,PDH,PDH,A,A,29655.75,,,27.5,1.5998417611058107
p136:L4,136,ASIA,2026-08-27,VWAP,VWAP,A,A,29625.28,,,2.970000000001164,0.17278291019949527
p136:L5,136,ASIA,2026-08-27,VWAP−1σ,VWAP,A,A,29616.52,,,11.729999999999563,0.6824052311916531
p136:L6,136,ASIA,2026-08-27,ONL,ONL,A,A,29599.75,,,28.5,1.658017825146022
p136:L7,136,ASIA,2026-08-27,OR-H,OR-H,C,C,29589.5,,,38.75,2.2543224815581877
p136:L8,136,ASIA,2026-08-27,POC,POC,A,A,29576.5,,,51.75,3.0106113140809345
p137:L0,137,ASIA,2026-08-27,VWAP−1σ,VWAP,A,A,29616.22,10.220000000001164,0.6487529596974072,9.470000000001164,0.6011438873125735
p137:L1,137,ASIA,2026-08-27,Supply·1h,SUPPLY,C,C,29619.5,13.5,0.8569633029270058,12.75,0.8093542305421721
p137:L2,137,ASIA,2026-08-27,ONH,ONH,A,A,29645.25,39.25,2.4915414548062946,38.5,2.443932382421461
p137:L3,137,ASIA,2026-08-27,PDH,PDH,B,B,29655.75,49.75,3.158068468193966,49.0,3.110459395809132
p137:L4,137,ASIA,2026-08-27,ONL,ONL,A,A,29599.75,6.25,0.3967422698736138,7.0,0.44435134225844747
p137:L5,137,ASIA,2026-08-27,OR-H,OR-H,C,C,29589.5,16.5,1.0473995924663404,17.25,1.095008664851174
p137:L6,137,ASIA,2026-08-27,POC,POC,A,A,29576.5,29.5,1.872623513803457,30.25,1.9202325861882907
p137:L7,137,ASIA,2026-08-27,Demand·1h,DEMAND,C,,29541.12,64.88000000000102,4.118502155104075,65.63000000000102,4.1661112274889085
p137:L8,137,ASIA,2026-08-27,PDC,PDC,B,B,29499.75,106.25,6.744618587851434,107.0,6.792227660236268
p137:L9,137,ASIA,2026-08-27,OR-L,OR-L,A,A,29452.5,153.5,9.743990148095955,154.25,9.791599220480789
p137:L10,137,ASIA,2026-08-27,iFVG(bull)·1h (HTF),IFVG,A,A,29403.88,202.11999999999898,12.830327613896706,202.86999999999898,12.87793668628154
p137:L11,137,ASIA,2026-08-27,RTH-H,RTH-H,A,A,29368.75,237.25,15.06033656440238,238.0,15.107945636787214
p138:L0,138,ASIA,2026-08-27,SWG-H·15m,SWG-H,A,A,29678.25,,,14.75,0.8501783933645738
p138:L1,138,ASIA,2026-08-27,ONH,ONH,A,A,29660,,,3.5,0.2017372458831192
p138:L2,138,ASIA,2026-08-27,SWG-H·5m,SWG-H,A,A,29656.5,,,7.0,0.4034744917662384
p138:L3,138,ASIA,2026-08-27,OB(bull)·4h,OB,C,C,29863.5,,,200.0,11.527842621892527
p138:L4,138,ASIA,2026-08-27,VWAP+1σ,VWAP,A,A,29642.41,,,21.090000000000146,1.2156110044785753
p138:L5,138,ASIA,2026-08-27,SWG-L·5m,SWG-L,A,A,29627.75,,,35.75,2.060601868663289
p138:L6,138,ASIA,2026-08-27,Supply·1h,SUPPLY,C,C,29619.5,,,44.0,2.5361253768163556
p138:L7,138,ASIA,2026-08-27,VWAP−1σ,VWAP,A,A,29608.79,,,54.70999999999913,3.1534413492186504
p138:L8,138,ASIA,2026-08-27,ONL,ONL,A,A,29591.5,,,72.0,4.150023343881309
p138:L9,138,ASIA,2026-08-27,POC,POC,A,A,29576.5,,,87.0,5.014611540523249
p138:L10,138,ASIA,2026-08-27,Demand·1h,DEMAND,C,C,29541.12,,,122.38000000000102,7.053886900336096
p138:L11,138,ASIA,2026-08-27,OR-L,OR-L,A,A,29452.5,,,211.0,12.161873966096616
p139:L0,139,ASIA,2026-08-27,SWG-H·5m,SWG-H,A,A,29667.75,,,3.0,0.18249285236328244
p139:L1,139,ASIA,2026-08-27,ONH,ONH,A,A,29671.25,,,6.5,0.3954011801204453
p139:L2,139,ASIA,2026-08-27,SWG-H·15m,SWG-H,A,A,29678.25,,,13.5,0.821217835634771
p139:L3,139,ASIA,2026-08-27,OB(bull)·4h,OB,C,C,29863.5,,,198.75,12.090151469067461
p139:L4,139,ASIA,2026-08-27,VWAP+1σ,VWAP,A,A,29650.25,,,14.5,0.8820487864225318
p139:L5,139,ASIA,2026-08-27,eVWAP,EVWAP,A,A,29640.78,,,23.970000000001164,1.4581178903826975
p139:L6,139,ASIA,2026-08-27,VWAP,VWAP,A,A,29630.84,,,33.909999999999854,2.0627775412129603
p139:L7,139,ASIA,2026-08-27,SWG-L·5m,SWG-L,A,A,29627.75,,,37.0,2.25074517914715
p139:L8,139,ASIA,2026-08-27,Supply·1h,SUPPLY,C,C,29619.5,,,45.25,2.7526005231461768
p139:L9,139,ASIA,2026-08-27,ONL,ONL,A,A,29591.5,,,73.25,4.45586714520348
p139:L10,139,ASIA,2026-08-27,POC,POC,A,A,29576.5,,,88.25,5.368331407019892
p139:L11,139,ASIA,2026-08-27,Demand·1h,DEMAND,C,C,29541.12,,,123.63000000000102,7.520530445890931
p140:L0,140,ASIA,2026-08-27,SWG-H·15m,SWG-H,A,A,29707.5,,,47.0,2.821839839575403
p140:L1,140,ASIA,2026-08-27,SWG-H·15m,SWG-H,A,A,29678.25,,,17.75,1.0656948330311364
p140:L2,140,ASIA,2026-08-27,ONH,ONH,A,A,29673.5,,,13.0,0.780508891797452
p140:L3,140,ASIA,2026-08-27,OB(bull)·4h,OB,C,C,29863.5,,,203.0,12.187946541144827
p140:L4,140,ASIA,2026-08-27,VWAP+1σ,VWAP,A,A,29655.28,,,5.220000000001164,0.3134043396295083
p140:L5,140,ASIA,2026-08-27,eVWAP,EVWAP,A,A,29642.63,,,17.86999999999898,1.072899530493821
p140:L6,140,ASIA,2026-08-27,VWAP,VWAP,A,A,29635.04,,,25.459999999999127,1.528596645012496
p140:L7,140,ASIA,2026-08-27,SWG-L·5m,SWG-L,A,A,29627.75,,,32.75,1.9662820158743501
p140:L8,140,ASIA,2026-08-27,Supply·1h,SUPPLY,C,C,29619.5,,,41.0,2.461604966438118
p140:L9,140,ASIA,2026-08-27,ONL,ONL,A,A,29591.5,,,69.0,4.142701041078784
p141:L0,141,ASIA,2026-08-27,VWAP+2σ,VWAP,A,A,29694.69,3.9399999999986903,0.2557760596204056,46.43999999999869,3.014781778876967
p141:L1,141,ASIA,2026-08-27,ONH,ONH,A,A,29704.25,13.5,0.8763900519991431,56.0,3.6353957712557046
p141:L2,141,ASIA,2026-08-27,SWG-H·15m,SWG-H,A,A,29707.5,16.75,1.0873728422952331,59.25,3.846378561551795
p141:L3,141,ASIA,2026-08-27,OB(bull)·4h,OB,C,C,29863.5,172.75,11.214546776507554,215.25,13.973552495764116
p141:L4,141,ASIA,2026-08-27,SWG-H·5m,SWG-H,A,A,29673.5,17.25,1.1198317331100163,25.25,1.6391739861465455
p141:L5,141,ASIA,2026-08-27,VWAP+1σ,VWAP,A,A,29668.54,22.209999999999127,1.4418239299926077,20.290000000000873,1.317181789263954
p141:L6,141,ASIA,2026-08-27,eVWAP,EVWAP,A,A,29647.36,43.38999999999942,2.8167825449068378,0.8899999999994179,0.057776825650276094
p141:L7,141,ASIA,2026-08-27,SWG-L·5m,SWG-L,A,A,29641.5,49.25,3.1972007452561333,6.75,0.43819502599957155
p141:L8,141,ASIA,2026-08-27,Supply·1h,SUPPLY,C,C,29619.5,71.25,4.625391941106589,28.75,1.866386221850027
p141:L9,141,ASIA,2026-08-27,ONL,ONL,A,A,29591.5,99.25,6.4430898267344405,56.75,3.6840841074778794
p142:L0,142,ASIA,2026-08-27,eVWAP,EVWAP,A,A,29652.97,0.22000000000116415,0.013522068630716248,11.529999999998836,0.7086793241423527
p142:L1,142,ASIA,2026-08-27,VWAP+1σ,VWAP,A,A,29677.86,25.110000000000582,1.5433597423431644,13.360000000000582,0.8211583495700955
p142:L2,142,ASIA,2026-08-27,ONH,ONH,A,A,29707.25,54.5,3.3497851835006176,42.75,2.6275837907275488
p142:L3,142,ASIA,2026-08-27,OB(bull)·4h,OB,C,C,29863.5,210.75,12.953527108674407,199.0,12.231325715901338
p142:L4,142,ASIA,2026-08-27,SWG-L·5m,SWG-L,A,A,29643.5,9.25,0.5685415219702883,21.0,1.2907429147433573
p142:L5,142,ASIA,2026-08-27,SWG-L·5m,SWG-L,A,A,29639.5,13.25,0.8143973152547374,25.0,1.5365987080278063
p142:L6,142,ASIA,2026-08-27,VWAP−1σ,VWAP,A,A,29623.48,29.270000000000437,1.7990497673589825,41.02000000000044,2.5212511601320515
p142:L7,142,ASIA,2026-08-27,Supply·1h,SUPPLY,C,C,29619.5,33.25,2.0436762816769822,45.0,2.765877674450051
p142:L8,142,ASIA,2026-08-27,ONL,ONL,A,A,29591.5,61.25,3.7646668346681254,73.0,4.486868227441194
p142:L9,142,ASIA,2026-08-27,POC,POC,A,A,29576.5,76.25,4.6866260594848095,88.0,5.408827452257878
p142:L10,142,ASIA,2026-08-27,Demand·1h,DEMAND,C,,29541.12,111.63000000000102,6.8612205510858235,123.38000000000102,7.583421943858892
p142:L11,142,ASIA,2026-08-27,OR-L,OR-L,A,A,29452.5,200.25,12.308155651302728,212.0,13.030357044075798
p143:L0,143,ASIA,2026-08-27,SWG-H·5m,SWG-H,A,A,29669.5,24.25,1.7662182535925242,27.5,2.0029279164451306
p143:L1,143,ASIA,2026-08-27,VWAP+1σ,VWAP,A,A,29676.98,31.729999999999563,2.311014646865568,34.97999999999956,2.5477243097181743
p143:L2,143,ASIA,2026-08-27,VWAP+2σ,VWAP,A,A,29703.14,57.88999999999942,4.216345348472998,61.13999999999942,4.453055011325604
p143:L3,143,ASIA,2026-08-27,ONH,ONH,A,A,29707.25,62.0,4.515692029803567,65.25,4.752401692656173
p143:L4,143,ASIA,2026-08-27,VWAP−1σ,VWAP,A,A,29624.65,20.599999999998545,1.5003750937733373,17.349999999998545,1.263665430920731
p143:L5,143,ASIA,2026-08-27,Supply·1h,SUPPLY,C,C,29619.5,25.75,1.875468867216804,22.5,1.6387592043641979
p143:L6,143,ASIA,2026-08-27,ONL,ONL,A,A,29591.5,53.75,3.914813654870028,50.5,3.6781039920174217
p143:L7,143,ASIA,2026-08-27,nPOC·2026-08-26,NPOC,A,A,29581.88,63.36999999999898,4.615474256913669,60.11999999999898,4.378764594061062
p143:L8,143,ASIA,2026-08-27,POC,POC,A,A,29576.5,68.75,5.007319791112827,65.5,4.77061012826022
p144:L0,144,ASIA,2026-08-27,VWAP−1σ,VWAP,A,A,29623.66,2.6599999999998545,0.2183119398575108,12.909999999999854,1.0595515577295438
p144:L1,144,ASIA,2026-08-27,PDC,PDC,A,A,29642,21.0,1.7235153146646531,31.25,2.5647549325366863
p144:L2,144,ASIA,2026-08-27,VWAP,VWAP,A,A,29649.68,28.68000000000029,2.353829486884893,38.93000000000029,3.195069104756926
p144:L3,144,ASIA,2026-08-27,RTH-H,RTH-H,A,A,29678.25,57.25,4.6986310364072095,67.5,5.539870654279242
p144:L4,144,ASIA,2026-08-27,PDH,PDH,A,A,29707.5,86.5,7.099241653261547,96.75,7.940481271133581
p144:L5,144,ASIA,2026-08-27,OB(bear)·1h,OB,C,C,29619.5,1.5,0.12310823676176094,8.75,0.7181313811102722
p144:L6,144,ASIA,2026-08-27,ONL,ONL,A,A,29591.5,29.5,2.421128656314632,19.25,1.5798890384425988
p144:L7,144,ASIA,2026-08-27,POC,POC,A,A,29576.5,44.5,3.6522110239322414,34.25,2.810971406060208
p144:L8,144,ASIA,2026-08-27,Supply·1h,SUPPLY,C,C,29539.38,81.61999999999898,6.698729522996535,71.36999999999898,5.857489905124502
p144:L9,144,ASIA,2026-08-27,OB(bull)·1h (HTF),OB,A,A,29432.25,188.75,15.491119792521586,178.5,14.649880174649551
p144:L10,144,ASIA,2026-08-27,RTH-L,RTH-L,A,A,29424,197.0,16.16821509471127,186.75,15.326975476839237
p144:L11,144,ASIA,2026-08-27,PDL,PDL,A,A,29402.25,218.75,17.953284527756804,208.5,17.11204490988477
p145:L0,145,ASIA,2026-08-27,ONL,ONL,A,A,29591.5,10.5,0.8370202080593089,9.75,0.7772330503407868
p145:L1,145,ASIA,2026-08-27,POC,POC,A,A,29576.5,25.5,2.0327633624297503,24.75,1.972976204711228
p145:L2,145,ASIA,2026-08-27,Supply·1h,SUPPLY,C,C,29539.38,62.61999999999898,4.991829088445054,61.86999999999898,4.932041930726532
p145:L3,145,ASIA,2026-08-27,RTH-L,RTH-L,A,A,29424,178.0,14.18948543186257,177.25,14.129698274144047
p145:L4,145,ASIA,2026-08-27,PDL,PDL,A,A,29402.25,199.75,15.92331300569971,199.0,15.863525847981188
p145:L5,145,ASIA,2026-08-27,Demand·1h (HTF),DEMAND,A,A,29316.38,285.619999999999,22.768543983418947,284.869999999999,22.708756825700426
p145:L6,145,ASIA,2026-08-27,OB(bull)·1h,OB,C,C,29611,9.0,0.7174458926222648,9.75,0.7772330503407868
p145:L7,145,ASIA,2026-08-27,VWAP−1σ,VWAP,A,A,29621.01,19.0099999999984,1.5154051576386782,19.7599999999984,1.5751923153572005
p145:L8,145,ASIA,2026-08-27,PDC,PDC,A,A,29642,40.0,3.18864841165451,40.75,3.248435569373032
p145:L9,145,ASIA,2026-08-27,VWAP,VWAP,A,A,29647.73,45.72999999999956,3.645422296623984,46.47999999999956,3.705209454342506
p145:L10,145,ASIA,2026-08-27,PDH,PDH,A,A,29707.5,105.5,8.41006018573877,106.25,8.469847343457293
p146:L0,146,ASIA,2026-08-27,PDH,PDH,A,A,29707.5,,,102.5,7.895790965674493
p146:L1,146,ASIA,2026-08-27,RTH-H,RTH-H,A,A,29678.25,,,73.25,5.64260183644543
p146:L2,146,ASIA,2026-08-27,VWAP+1σ,VWAP,A,A,29673.24,,,68.2400000000016,5.256670980464781
p146:L3,146,ASIA,2026-08-27,VWAP,VWAP,A,A,29645.86,,,40.86000000000058,3.1475318912923353
p146:L4,146,ASIA,2026-08-27,PDC,PDC,A,A,29642,,,37.0,2.8501879583410363
p146:L5,146,ASIA,2026-08-27,VWAP−1σ,VWAP,A,A,29618.47,,,13.470000000001164,1.0376224810501913
p146:L6,146,ASIA,2026-08-27,OB(bull)·1h,OB,C,C,29611,,,6.0,0.4621926418931411
p146:L7,146,ASIA,2026-08-27,ONL,ONL,A,A,29591.5,,,13.5,1.0399334442595674
p146:L8,146,ASIA,2026-08-27,POC,POC,A,A,29576.5,,,28.5,2.19541504899242
p146:L9,146,ASIA,2026-08-27,Supply·1h,SUPPLY,C,C,29539.38,,,65.61999999999898,5.05484686017124
p146:L10,146,ASIA,2026-08-27,RTH-L,RTH-L,A,A,29424,,,181.0,13.942811363776421
p146:L11,146,ASIA,2026-08-27,PDL,PDL,A,A,29402.25,,,202.75,15.618259690639059
p147:L0,147,LONDON,2026-08-28,RTH-L,RTH-L,A,A,29424,202.0,14.295925661186562,185.75,13.145882136462395
p147:L1,147,LONDON,2026-08-28,POC,POC,A,A,29576.5,49.5,3.503209506082846,33.25,2.3531659813586794
p147:L2,147,LONDON,2026-08-28,VWAP−2σ,VWAP,A,A,29588.43,37.56999999999971,2.6589006291622526,21.31999999999971,1.5088571044380858
p147:L3,147,LONDON,2026-08-28,ONL,ONL,A,A,29591.5,34.5,2.4416308678759227,18.25,1.2915873431517564
p147:L4,147,LONDON,2026-08-28,OB(bear)·1h,OB,C,C,29619.5,6.5,0.4600174098896666,9.75,0.6900261148344999
p147:L5,147,LONDON,2026-08-28,PDC,PDC,A,A,29642,16.0,1.1323505474207178,32.25,2.2823940721448843
p147:L6,147,LONDON,2026-08-28,VWAP+1σ,VWAP,A,A,29671.88,45.88000000000102,3.2470151947289803,62.13000000000102,4.397058719453147
p147:L7,147,LONDON,2026-08-28,RTH-H,RTH-H,A,A,29678.25,52.25,3.6978322564207815,68.5,4.847875781144948
p147:L8,147,LONDON,2026-08-28,PDH,PDH,A,A,29707.5,81.5,5.7679106009242815,97.75,6.917954125648448
p148:L0,148,LONDON,2026-08-28,PDL,PDL,A,A,29402.25,231.75,15.513294240501244,214.0,14.325113128229845
p148:L1,148,LONDON,2026-08-28,RTH-L,RTH-L,A,A,29424,210.0,14.057354004337697,192.25,12.869172892066297
p148:L2,148,LONDON,2026-08-28,Demand·1h,DEMAND,C,,29541.12,92.88000000000102,6.217366856775713,75.13000000000102,5.0291857445043116
p148:L3,148,LONDON,2026-08-28,ONL,ONL,A,A,29577.75,56.25,3.765362679733312,38.5,2.577181567461911
p148:L4,148,LONDON,2026-08-28,VWAP−1σ,VWAP,A,A,29606.02,27.979999999999563,1.8729750716255364,10.229999999999563,0.6847939593541358
p148:L5,148,LONDON,2026-08-28,iFVG(bear)·1h (HTF),IFVG,A,A,29620,14.0,0.9371569336225132,3.75,0.25102417864888743
p148:L6,148,LONDON,2026-08-28,OB(bear)·1h,OB,C,A,29644.38,10.380000000001019,0.6948349265001886,28.13000000000102,1.8830160387715893
p148:L7,148,LONDON,2026-08-28,OB(bear)·4h (HTF),OB,A,A,29664.25,30.25,2.0249283744343587,48.0,3.2131094867057595
p148:L8,148,LONDON,2026-08-28,RTH-H,RTH-H,A,A,29678.25,44.25,2.962085308056872,62.0,4.150266420328273
p148:L9,148,LONDON,2026-08-28,PDH,PDH,A,A,29707.5,73.5,4.920073901518194,91.25,6.108255013789595
p149:L0,149,LONDON,2026-08-28,PDC,PDC,B,B,29642,11.25,0.7543247954941665,15.25,1.0225291672254258
p149:L1,149,LONDON,2026-08-28,VWAP+1σ,VWAP,A,A,29662.13,31.38000000000102,2.104063296231797,4.880000000001019,0.32720933351220455
p149:L2,149,LONDON,2026-08-28,RTH-H,RTH-H,A,A,29678.25,47.5,3.1849269143087033,21.0,1.4080729515891108
p149:L3,149,LONDON,2026-08-28,PDH,PDH,A,A,29707.5,76.75,5.146171382593536,50.25,3.369317419873944
p149:L4,149,LONDON,2026-08-28,OB(bear)·1h,OB,C,C,29619.5,11.25,0.7543247954941665,37.75,2.531178758213759
p149:L5,149,LONDON,2026-08-28,ONL,ONL,A,A,29577.75,53.0,3.5537079254391846,79.5,5.330561888158777
p149:L6,149,LONDON,2026-08-28,Demand·1h,DEMAND,C,C,29541.12,89.63000000000102,6.0097894595682595,116.13000000000102,7.786643422287852
p149:L7,149,LONDON,2026-08-28,OB(bull)·1h (HTF),OB,A,A,29490.88,139.86999999999898,9.37843636851274,166.36999999999898,11.155290331232331
p149:L8,149,LONDON,2026-08-28,RTH-L,RTH-L,A,A,29424,206.75,13.862813463859462,233.25,15.639667426579054
p149:L9,149,LONDON,2026-08-28,PDL,PDL,A,A,29402.25,228.5,15.321174735148183,255.0,17.098028697867775
p150:L0,150,LONDON,2026-08-28,OB(bear)·4h (HTF),OB,A,A,29664.25,2.25,0.1464357537536365,35.25,2.294160142140305
p150:L1,150,LONDON,2026-08-28,RTH-H,RTH-H,A,A,29678.25,16.25,1.0575915548873747,49.25,3.205315943274043
p150:L2,150,LONDON,2026-08-28,PDH,PDH,A,A,29707.5,45.5,2.961256353684649,78.5,5.108980742071317
p150:L3,150,LONDON,2026-08-28,OB(bull)·1h (HTF),OB,A,A,29715.75,53.75,3.498187450781316,86.75,5.645911839167985
p150:L4,150,LONDON,2026-08-28,Demand·1h (HTF),DEMAND,A,,29722.62,60.61999999999898,3.9453046189090197,93.61999999999898,6.093029007295688
p150:L5,150,LONDON,2026-08-28,SWG-H·15m,SWG-H,A,A,29653.25,8.75,0.5694723757085863,24.25,1.5782520126780821
p150:L6,150,LONDON,2026-08-28,OB(bear)·1h,OB,C,A,29644.38,17.61999999999898,1.146754658283967,15.380000000001019,1.0009697301027014
p150:L7,150,LONDON,2026-08-28,ONL,ONL,A,A,29577.75,84.25,5.483205446108388,51.25,3.33548105772172
p150:L8,150,LONDON,2026-08-28,Demand·1h,DEMAND,C,C,29541.12,120.88000000000102,7.867179517217656,87.88000000000102,5.7194551288309885
p150:L9,150,LONDON,2026-08-28,OB(bull)·1h (HTF),OB,A,A,29490.88,171.11999999999898,11.136927192143167,138.11999999999898,8.989202803756498
p150:L10,150,LONDON,2026-08-28,RTH-L,RTH-L,A,A,29424,238.0,15.489648619273549,205.0,13.34192423088688
p150:L11,150,LONDON,2026-08-28,PDL,PDL,A,A,29402.25,259.75,16.905194238892033,226.75,14.757469850505366
p151:L0,151,LONDON,2026-08-28,eVWAP,EVWAP,A,A,29637.04,,,14.209999999999127,0.7957708224831369
p151:L1,151,LONDON,2026-08-28,PDC,PDC,B,B,29642,,,9.25,0.5180070448958106
p151:L2,151,LONDON,2026-08-28,SWG-H·15m,SWG-H,A,A,29653.25,,,2.0,0.1120015232207158
p151:L3,151,LONDON,2026-08-28,RTH-H,RTH-H,A,A,29678.25,,,27.0,1.5120205634796633
p151:L4,151,LONDON,2026-08-28,PDH,PDH,A,A,29707.5,,,56.25,3.150042840582632
p151:L5,151,LONDON,2026-08-28,SWG-H·15m,SWG-H,A,A,29633.5,,,17.75,0.9940135185838528
p151:L6,151,LONDON,2026-08-28,OB(bear)·15m,OB,C,C,29629,,,22.25,1.2460169458304633
p151:L7,151,LONDON,2026-08-28,SWG-H·5m,SWG-H,A,A,29623,,,28.25,1.5820215154926107
p151:L8,151,LONDON,2026-08-28,VWAP−1σ,VWAP,A,A,29606.4,,,44.849999999998545,2.5116341582244703
p151:L9,151,LONDON,2026-08-28,SWG-L·5m,SWG-L,A,A,29597.25,,,54.0,3.0240411269593266
p151:L10,151,LONDON,2026-08-28,ONL,ONL,A,A,29577.75,,,73.5,4.116055978361306
p151:L11,151,LONDON,2026-08-28,PDL,PDL,A,A,29402.25,,,249.0,13.944189640979118
p152:L0,152,LONDON,2026-08-28,VWAP+1σ,VWAP,A,A,29663.45,8.700000000000728,0.5042162914022851,6.200000000000728,0.3593265524935946
p152:L1,152,LONDON,2026-08-28,RTH-H,RTH-H,B,B,29678.25,23.5,1.3619635457416905,21.0,1.217073806833
p152:L2,152,LONDON,2026-08-28,PDH,PDH,A,A,29707.5,52.75,3.057173490973369,50.25,2.912283752064679
p152:L3,152,LONDON,2026-08-28,Demand·1h (HTF),DEMAND,A,,29722.62,67.86999999999898,3.9334666318930704,65.36999999999898,3.7885768929843797
p152:L4,152,LONDON,2026-08-28,OB(bear)·1h (HTF),OB,A,A,29644.38,10.369999999998981,0.6010026369931891,12.869999999998981,0.7458923759018796
p152:L5,152,LONDON,2026-08-28,ONL,ONL,A,A,29577.75,77.0,4.462603958387667,79.5,4.607493697296357
p152:L6,152,LONDON,2026-08-28,Demand·1h,DEMAND,C,,29541.12,113.63000000000102,6.585528412877859,116.13000000000102,6.73041815178655
p152:L7,152,LONDON,2026-08-28,OB(bull)·1h (HTF),OB,A,A,29490.88,163.86999999999898,9.497232605986785,166.36999999999898,9.642122344895474
p152:L8,152,LONDON,2026-08-28,RTH-L,RTH-L,A,A,29424,230.75,13.373322901272132,233.25,13.518212640180822
p153:L0,153,NY,2026-08-28,PDL,PDL,A,A,29402.25,,,181.0,10.486309861766102
p153:L1,153,NY,2026-08-28,RTH-L,RTH-L,A,A,29424,,,159.25,9.226214615946143
p153:L2,153,NY,2026-08-28,OB(bull)·1h (HTF),OB,A,A,29490.88,,,92.36999999999898,5.3514941543167085
p153:L3,153,NY,2026-08-28,OB(bull)·1h (HTF),OB,A,A,29514.5,,,68.75,3.9830596850630915
p153:L4,153,NY,2026-08-28,Demand·1h,DEMAND,C,,29541.12,,,42.13000000000102,2.4408189750067217
p153:L5,153,NY,2026-08-28,ONL,ONL,A,A,29577.75,,,5.5,0.3186447748050473
p153:L6,153,NY,2026-08-28,VWAP,VWAP,A,A,29636.13,,,52.88000000000102,3.0636246712165867
p153:L7,153,NY,2026-08-28,OB(bear)·1h,OB,C,C,29644.38,,,61.13000000000102,3.5415918334241576
p153:L8,153,NY,2026-08-28,RTH-H,RTH-H,B,B,29678.25,,,95.0,5.503864292087181
p153:L9,153,NY,2026-08-28,PDH,PDH,A,A,29707.5,,,124.25,7.198475139914024
p153:L10,153,NY,2026-08-28,Demand·1h (HTF),DEMAND,A,,29722.62,,,139.36999999999898,8.074458593559841
p153:L11,153,NY,2026-08-28,Supply·1h,SUPPLY,C,C,29848.75,,,265.5,15.381852311043648
p154:L0,154,NY,2026-08-28,PDH,PDH,A,A,29707.5,,,12.0,0.4406742315743087
p154:L1,154,NY,2026-08-28,OB(bull)·1h (HTF),OB,A,A,29715.75,,,20.25,0.7436377657816459
p154:L2,154,NY,2026-08-28,Demand·1h (HTF),DEMAND,A,A,29722.62,,,27.11999999999898,0.9959237633579002
p154:L3,154,NY,2026-08-28,Supply·1h,SUPPLY,C,C,29848.75,,,153.25,5.627777165730234
p154:L4,154,NY,2026-08-28,RTH-H,RTH-H,B,B,29678.25,,,17.25,0.6334692078880687
p154:L5,154,NY,2026-08-28,VWAP+1σ,VWAP,A,A,29660.45,,,35.04999999999927,1.2871359847232664
p154:L6,154,NY,2026-08-28,PDC,PDC,B,B,29642,,,53.5,1.9646726157687928
p154:L7,154,NY,2026-08-28,OR-H,OR-H,A,A,29637.5,,,58.0,2.1299254526091587
p154:L8,154,NY,2026-08-28,OR-L,OR-L,A,A,29562.5,,,133.0,4.884139399948587
p154:L9,154,NY,2026-08-28,Demand·1h,DEMAND,C,C,29541.12,,,154.38000000000102,5.669273989203519
p154:L10,154,NY,2026-08-28,OB(bull)·1h (HTF),OB,A,A,29490.88,,,204.61999999999898,7.5142301053945495
p154:L11,154,NY,2026-08-28,PDL,PDL,A,A,29402.25,,,293.25,10.768976534097169
p155:L0,155,NY,2026-08-28,OR-L,OR-L,C,C,29562.5,,,41.75,0.94485444715265
p155:L1,155,NY,2026-08-28,ONL,ONL,C,C,29577.75,,,26.5,0.599727972444197
p155:L2,155,NY,2026-08-28,VWAP,VWAP,A,A,29631.14,,,26.889999999999418,0.608554157699023
p155:L3,155,NY,2026-08-28,PDC,PDC,B,B,29642,,,37.75,0.854329470179941
p155:L4,155,NY,2026-08-28,RTH-H,RTH-H,B,B,29678.25,,,74.0,1.674712073995116
p155:L5,155,NY,2026-08-28,ONH,ONH,A,A,29707.25,,,103.0,2.3310181570472563
p155:L6,155,NY,2026-08-28,OB(bull)·1h (HTF),OB,A,A,29715.75,,,111.5,2.5233837331142626
p155:L7,155,NY,2026-08-28,Demand·1h,DEMAND,C,C,29541.12,,,63.13000000000102,1.4287104490718026
p155:L8,155,NY,2026-08-28,OB(bull)·1h,OB,C,C,29532,,,72.25,1.635107396569556
p155:L9,155,NY,2026-08-28,OB(bull)·1h (HTF),OB,A,A,29514.5,,,89.75,2.031154170825158
p155:L10,155,NY,2026-08-28,RTH-L,RTH-L,A,A,29424,,,180.25,4.079281774832698
p155:L11,155,NY,2026-08-28,PDL,PDL,A,A,29402.25,,,202.0,4.5715113371218035
p156:L0,156,NY,2026-08-28,Supply·4h (HTF),SUPPLY,A,A,29767.5,,,144.0,3.428489797861956
p156:L1,156,NY,2026-08-28,PDH,PDH,B,B,29707.5,,,84.0,1.999952382086141
p156:L2,156,NY,2026-08-28,OB(bull)·4h (HTF),OB,A,A,29697.75,,,74.25,1.767815052022571
p156:L3,156,NY,2026-08-28,RTH-H,RTH-H,B,B,29678.25,,,54.75,1.3035403918954311
p156:L4,156,NY,2026-08-28,VWAP,VWAP,A,A,29657.39,,,33.88999999999942,0.8068855503440256
p156:L5,156,NY,2026-08-28,Demand·4h (HTF),DEMAND,A,A,29654,,,30.5,0.7261731863527059
p156:L6,156,NY,2026-08-28,PDC,PDC,B,B,29642,,,18.5,0.4404657031975429
p156:L7,156,NY,2026-08-28,OR-H,OR-H,C,C,29637.5,,,14.0,0.3333253970143568
p156:L8,156,NY,2026-08-28,Supply·1h,SUPPLY,C,C,29619.5,,,4.0,0.09523582771838766
p156:L9,156,NY,2026-08-28,ONL,ONL,C,C,29577.75,,,45.75,1.0892597795290588
p156:L10,156,NY,2026-08-28,RTH-L,RTH-L,A,A,29424,,,199.5,4.749886907454584
p156:L11,156,NY,2026-08-28,PDL,PDL,A,A,29402.25,,,221.25,5.267731720673318
p157:L0,157,NY,2026-08-28,EQL·1h (HTF),EQL,A,A,29441,,,28.5,0.5958304412908405
p157:L1,157,NY,2026-08-28,SWG-L·5m,SWG-L,A,A,29464.5,,,5.0,0.10453165636681412
p157:L2,157,NY,2026-08-28,EQH·15m (HTF),EQH,A,A,29468,,,1.5,0.031359496910044235
p157:L3,157,NY,2026-08-28,VWAP−2σ,VWAP,A,A,29479.5,,,10.0,0.20906331273362824
p157:L4,157,NY,2026-08-28,EQH·15m (HTF),EQH,A,A,29488.5,,,19.0,0.39722029419389365
p157:L5,157,NY,2026-08-28,OB(bear)·1h,OB,C,C,29502.88,,,33.38000000000102,0.6978533379048724
p157:L6,157,NY,2026-08-28,OB(bull)·1h,OB,C,C,29532,,,62.5,1.3066457045851765
p157:L7,157,NY,2026-08-28,Supply·1h,SUPPLY,C,A,29539.38,,,69.88000000000102,1.4609344293826154
p157:L8,157,NY,2026-08-28,VWAP−1σ,VWAP,A,A,29555.56,,,86.06000000000131,1.7991988693856322
p157:L9,157,NY,2026-08-28,pdVWAP,PDVWAP,A,A,29572.69,,,103.18999999999869,2.1573243240982825
p157:L10,157,NY,2026-08-28,EQL·1h (HTF),EQL,A,A,29588.25,,,118.75,2.4826268387118353
p157:L11,157,NY,2026-08-28,SWG-L·15m,SWG-L,A,A,29592.5,,,123.0,2.5714787466236273
p158:L0,158,NY,2026-08-28,EQL,EQL,A,A,29464.25,,,49.75,1.18201624648662
p158:L1,158,NY,2026-08-28,VWAP−2σ,VWAP,A,A,29453.77,,,60.22999999999956,1.4310118296661027
p158:L2,158,NY,2026-08-28,SWG-L·5m,SWG-L,A,A,29437,,,77.0,1.8294522809943665
p158:L3,158,NY,2026-08-28,PDL,PDL,A,A,29424,,,90.0,2.1383208479154936
p158:L4,158,NY,2026-08-28,EQH·1h (HTF),EQH,A,A,29420,,,94.0,2.233357330045071
p158:L5,158,NY,2026-08-28,EQH·15m (HTF),EQH,A,A,29416,,,98.0,2.3283938121746486
p158:L6,158,NY,2026-08-28,EQL·15m (HTF),EQL,A,A,29402.25,,,111.75,2.655081719495071
p158:L7,158,NY,2026-08-28,EQH,EQH,A,A,29495,,,19.0,0.45142329011549304
p158:L8,158,NY,2026-08-28,OB(bear)·1h,OB,C,C,29502.88,,,11.119999999998981,0.2642014203202012
p158:L9,158,NY,2026-08-28,VAL,VAL,A,,29532.67,,,18.669999999998254,0.44358278033976145
p158:L10,158,NY,2026-08-28,SWG-H·5m,SWG-H,A,A,29549,,,35.0,0.8315692186338031
p159:L0,159,NY,2026-08-28,PDL,PDL,A,A,29424,84.25,2.1852976803421775,80.0,2.0750601118976166
p159:L1,159,NY,2026-08-28,SWG-L·5m,SWG-L,A,A,29437,71.25,1.8481004121588147,67.0,1.7378628437142538
p159:L2,159,NY,2026-08-28,VWAP−2σ,VWAP,A,A,29445.53,62.720000000001164,1.6268471277277616,58.470000000001164,1.5166095592832007
p159:L3,159,NY,2026-08-28,OB(bear)·1h,OB,C,C,29502.88,5.369999999998981,0.1392884100111011,1.1199999999989814,0.029050841566540208
p159:L4,159,NY,2026-08-28,EQL,EQL,A,A,29512,3.75,0.09726844274520077,8.0,0.20750601118976164
p159:L5,159,NY,2026-08-28,EQL·15m (HTF),EQL,A,A,29516,7.75,0.2010214483400816,12.0,0.31125901678464246
p159:L6,159,NY,2026-08-28,VWAP−1σ,VWAP,A,A,29531.05,22.799999999999272,0.5913921318908019,27.049999999999272,0.7016297003353628
p159:L7,159,NY,2026-08-28,SWG-H·5m,SWG-H,A,A,29549,40.75,1.0569837444978485,45.0,1.1672213129424094
p159:L8,159,NY,2026-08-28,pdVWAP,PDVWAP,A,A,29573.96,65.70999999999913,1.704402499409882,69.95999999999913,1.814640067854443
p159:L9,159,NY,2026-08-28,ONL,ONL,C,C,29577.75,69.5,1.8027084722110542,73.75,1.9129460406556151
p159:L10,159,NY,2026-08-28,SWG-L·15m,SWG-L,A,A,29592.5,84.25,2.1852976803421775,88.5,2.2955352487867384
p162:L0,162,ASIA,2026-08-30,OB(bear)·1h,OB,C,C,29502.88,,,42.13000000000102,2.102673134894543
p162:L1,162,ASIA,2026-08-30,nPOC·2026-08-27,NPOC,A,A,29494.38,,,33.63000000000102,1.6784452296820296
p162:L2,162,ASIA,2026-08-30,PDL,PDL,A,A,29437,,,23.75,1.185342676329081
p162:L3,162,ASIA,2026-08-30,EQL·1h (HTF),EQL,A,A,29424,,,36.75,1.8341618254776306
p162:L4,162,ASIA,2026-08-30,EQH·15m (HTF),EQH,A,A,29414.75,,,46.0,2.2958216046794835
p162:L5,162,ASIA,2026-08-30,PDC,PDC,A,A,29509.5,,,48.75,2.433071809307061
p162:L6,162,ASIA,2026-08-30,EQL·15m (HTF),EQL,A,A,29514.5,,,53.75,2.6826176359026572
p162:L7,162,ASIA,2026-08-30,EQH,EQH,A,A,29521.5,,,60.75,3.0319817931364916
p162:L8,162,ASIA,2026-08-30,Supply·1h,SUPPLY,C,C,29539.38,,,78.63000000000102,3.9243576690423936
p162:L9,162,ASIA,2026-08-30,ONH,ONH,A,A,29543.5,,,82.75,4.129983430157114
p163:L0,163,ASIA,2026-08-30,EQH·15m,EQH,A,A,29310,,,50.0,2.3505187594902197
p163:L1,163,ASIA,2026-08-30,iFVG(bear)·1h,IFVG,A,A,29335.5,,,24.5,1.1517541921502077
p163:L2,163,ASIA,2026-08-30,OB(bull)·15m,OB,C,B,29357.25,,,2.75,0.12927853177196208
p163:L3,163,ASIA,2026-08-30,ONL,ONL,A,A,29371.5,,,11.5,0.5406193146827505
p163:L4,163,ASIA,2026-08-30,VWAP−2σ,VWAP,A,A,29379.45,,,19.450000000000728,0.9143517974417297
p163:L5,163,ASIA,2026-08-30,EQL·4h,EQL,A,A,29396.75,,,36.75,1.7276312882253115
p163:L6,163,ASIA,2026-08-30,VWAP−1σ,VWAP,A,A,29414.21,,,54.20999999999913,2.548432439039255
p163:L7,163,ASIA,2026-08-30,EQH·1h,EQH,A,A,29420,,,60.0,2.8206225113882635
p163:L8,163,ASIA,2026-08-30,SWG-L·5m,SWG-L,A,A,29427,,,67.0,3.1496951377168942
p163:L9,163,ASIA,2026-08-30,RTH-L,RTH-L,A,A,29437,,,77.0,3.6197988896149385
p163:L10,163,ASIA,2026-08-30,VWAP,VWAP,A,A,29448.96,,,88.95999999999913,4.182042976884958
p163:L11,163,ASIA,2026-08-30,Supply·1h,SUPPLY,C,,29465.12,,,105.11999999999898,4.94173063995219
p164:L0,164,ASIA,2026-08-30,SWG-H·5m,SWG-H,A,A,29477.25,47.0,2.2414574242315854,2.25,0.10730381286215038
p164:L1,164,ASIA,2026-08-30,VWAP+2σ,VWAP,A,A,29482.483126275823,52.23312627582345,2.491028269824902,7.483126275823452,0.3568746584554666
p164:L2,164,ASIA,2026-08-30,PDC,PDC,A,A,29509.5,79.25,3.7794787419224076,34.5,1.6453251305529724
p164:L3,164,ASIA,2026-08-30,PDL,PDL,A,A,29437,6.75,0.3219114385864511,38.0,1.812242172782984
p164:L4,164,ASIA,2026-08-30,VWAP+1σ,VWAP,A,A,29424.826879112316,5.42312088768449,0.25863179949374016,50.17312088768449,2.3927854108631754
p164:L5,164,ASIA,2026-08-30,ONH,ONH,A,A,29543.5,113.25,5.400958580728235,68.5,3.2668049693588004
p164:L6,164,ASIA,2026-08-30,VWAP,VWAP,A,A,29367.17063194881,63.079368051188794,3.0082918688122087,107.8293680511888,5.142445480181644
p164:L7,164,ASIA,2026-08-30,SWG-H·15m,SWG-H,A,A,29363,67.25,3.207191739990939,112.0,5.341345351360374
p164:L8,164,ASIA,2026-08-30,SWG-H·5m,SWG-H,A,A,29356,74.25,3.5410258244509625,119.0,5.6751794358203975
p164:L9,164,ASIA,2026-08-30,SWG-L·5m,SWG-L,A,A,29341,89.25,4.256384576865298,134.0,6.390538188234734
p164:L10,164,ASIA,2026-08-30,VWAP−1σ,VWAP,A,A,29309.514384785307,120.7356152146931,5.757951938130677,165.4856152146931,7.892105549500112
p164:L11,164,ASIA,2026-08-30,ONL,ONL,A,A,29273.5,156.75,7.47549896272981,201.5,9.609652574099245
p165:L0,165,LONDON,2026-08-31,RTH-L,RTH-L,A,A,29437,,,6.25,0.38811438507156826
p165:L1,165,LONDON,2026-08-31,SWG-L·5m,SWG-L,A,A,29443,,,12.25,0.7607041947402738
p165:L2,165,LONDON,2026-08-31,SWG-H·5m,SWG-H,A,A,29460,,,29.25,1.8163753221349395
p165:L3,165,LONDON,2026-08-31,VWAP,VWAP,A,A,29397.006378641967,,,33.743621358033124,2.095421576553738
p165:L4,165,LONDON,2026-08-31,VWAP+1σ,VWAP,A,A,29469.553471578165,,,38.803471578165045,2.4096296816322567
p165:L5,165,LONDON,2026-08-31,SWG-H·15m,SWG-H,A,A,29368.25,,,62.5,3.881143850715683
p165:L6,165,LONDON,2026-08-31,PDC,PDC,A,A,29509.5,,,78.75,4.89024125190176
p165:L7,165,LONDON,2026-08-31,SWG-L·15m,SWG-L,A,A,29329.5,,,101.25,6.2874530381594065
p165:L8,165,LONDON,2026-08-31,VWAP−1σ,VWAP,A,A,29324.45928570577,,,106.2907142942313,6.600472834739733
p165:L9,165,LONDON,2026-08-31,SWG-H·15m,SWG-H,A,A,29538.75,,,108.0,6.7066165740367
p165:L10,165,LONDON,2026-08-31,ONH,ONH,A,A,29543.5,,,112.75,7.001583506691092
p165:L11,165,LONDON,2026-08-31,ONL,ONL,A,A,29273.5,,,157.25,9.764957928400658
p166:L0,166,LONDON,2026-08-31,RTH-L,RTH-L,A,A,29437,,,31.25,1.5334187140873337
p166:L1,166,LONDON,2026-08-31,OB(bull)·1h,OB,C,C,29432.25,,,26.5,1.300339069546059
p166:L2,166,LONDON,2026-08-31,VWAP,VWAP,A,A,29398.52,,,7.229999999999563,0.3547717536912241
p166:L3,166,LONDON,2026-08-31,Demand·1h (HTF),DEMAND,A,A,29316.38,,,89.36999999999898,4.385332175295471
p166:L4,166,LONDON,2026-08-31,OB(bear)·1h (HTF),OB,A,A,29498.5,,,92.75,4.551186743411207
p166:L5,166,LONDON,2026-08-31,PDC,PDC,A,A,29509.5,,,103.75,5.090950130769948
p166:L6,166,LONDON,2026-08-31,ONH,ONH,A,A,29543.5,,,137.75,6.759309691696966
p166:L7,166,LONDON,2026-08-31,OB(bull)·1h (HTF),OB,A,A,29574.38,,,168.63000000000102,8.274572728209556
p166:L8,166,LONDON,2026-08-31,OB(bull)·1h (HTF),OB,A,A,29633.25,,,227.5,11.16328823855579
p166:L9,166,LONDON,2026-08-31,PDH,PDH,A,A,29811.75,,,406.0,19.92217593342264
p167:L0,167,LONDON,2026-08-31,SWG-H·5m,SWG-H,A,A,29470,,,2.5,0.11135113466806228
p167:L1,167,LONDON,2026-08-31,VWAP+1σ,VWAP,A,A,29473.064688787897,,,5.564688787897467,0.2478537642428108
p167:L2,167,LONDON,2026-08-31,SWG-H·5m,SWG-H,A,A,29483,,,15.5,0.6903770349419861
p167:L3,167,LONDON,2026-08-31,PDL,PDL,A,A,29437,,,30.5,1.3584838429503596
p167:L4,167,LONDON,2026-08-31,PDC,PDC,B,B,29509.5,,,42.0,1.870699062423446
p167:L5,167,LONDON,2026-08-31,OR-H,OR-H,A,A,29517,,,49.5,2.204752466427633
p167:L6,167,LONDON,2026-08-31,OR-L,OR-L,A,A,29417,,,50.5,2.2492929202948577
p167:L7,167,LONDON,2026-08-31,VWAP,VWAP,A,A,29404.31143029779,,,63.18856970221168,2.8144475737572847
p167:L8,167,LONDON,2026-08-31,ONH,ONH,A,A,29543.5,,,76.0,3.385074493909093
p167:L9,167,LONDON,2026-08-31,VWAP−1σ,VWAP,A,A,29335.55817180768,,,131.94182819232083,5.876748911757381
p167:L10,167,LONDON,2026-08-31,ONL,ONL,A,A,29273.5,,,194.0,8.640848050241631
p167:L11,167,LONDON,2026-08-31,PDH,PDH,A,A,29811.75,,,344.25,15.333051243792175
p168:L0,168,NY,2026-08-31,OR-L,OR-L,A,A,29417,,,0.25,0.012299215310063219
p168:L1,168,NY,2026-08-31,VWAP,VWAP,A,A,29407.025753624577,,,9.724246375422808,0.47840239959770786
p168:L2,168,NY,2026-08-31,SWG-L·5m,SWG-L,A,A,29400,,,16.75,0.8240474257742356
p168:L3,168,NY,2026-08-31,PDL,PDL,A,A,29437,,,20.25,0.9962364401151207
p168:L4,168,NY,2026-08-31,SWG-H·5m,SWG-H,A,A,29443,,,26.25,1.291417607556638
p168:L5,168,NY,2026-08-31,SWG-L·5m,SWG-L,A,A,29374.25,,,42.5,2.090866602710747
p168:L6,168,NY,2026-08-31,SWG-H·15m,SWG-H,A,A,29368.25,,,48.5,2.386047770152264
p168:L7,168,NY,2026-08-31,VWAP−1σ,VWAP,A,A,29343.127046849873,,,73.6229531501267,3.6220182102244216
p168:L8,168,NY,2026-08-31,PDC,PDC,B,B,29509.5,,,92.75,4.563008880033454
p168:L9,168,NY,2026-08-31,OR-H,OR-H,A,A,29517,,,100.25,4.931985339335351
p168:L10,168,NY,2026-08-31,ONH,ONH,A,A,29543.5,,,126.75,6.235702162202052
p168:L11,168,NY,2026-08-31,ONL,ONL,A,A,29273.5,,,143.25,7.0474503726662245
p169:L0,169,NY,2026-08-31,SWG-L·5m,SWG-L,A,A,29374.25,,,3.0,0.07611103077168974
p169:L1,169,NY,2026-08-31,SWG-L·5m,SWG-L,A,A,29386.75,,,9.5,0.24101826411035085
p169:L2,169,NY,2026-08-31,SWG-L·5m,SWG-L,A,A,29398.5,,,21.25,0.539119801299469
p169:L3,169,NY,2026-08-31,VWAP−1σ,VWAP,A,A,29350.955045722218,,,26.29495427778238,0.6671120247254898
p169:L4,169,NY,2026-08-31,VWAP,VWAP,A,A,29408.713309205574,,,31.46330920557375,0.7982349650415376
p169:L5,169,NY,2026-08-31,OR-L,OR-L,A,A,29417,,,39.75,1.008471157724889
p169:L6,169,NY,2026-08-31,PDL,PDL,A,A,29437,,,59.75,1.515878029536154
p169:L7,169,NY,2026-08-31,VWAP+1σ,VWAP,A,A,29466.47157268893,,,89.22157268892988,2.263581954808565
p169:L8,169,NY,2026-08-31,ONL,ONL,A,A,29273.5,,,103.75,2.6321731475209367
p169:L9,169,NY,2026-08-31,PDC,PDC,B,B,29509.5,,,132.25,3.3552279398519893
p169:L10,169,NY,2026-08-31,OR-H,OR-H,A,A,29517,,,139.75,3.5455055167812137
p169:L11,169,NY,2026-08-31,ONH,ONH,A,A,29543.5,,,166.25,4.21781962193114
p170:L0,170,NY,2026-08-31,Supply·1h,SUPPLY,C,C,29209.25,,,192.25,4.825019325174931
p170:L1,170,NY,2026-08-31,ONL,ONL,A,A,29273.5,,,128.0,3.21249661181998
p170:L2,170,NY,2026-08-31,iFVG(bear)·4h (HTF),IFVG,A,A,29280.88,,,120.61999999999898,3.0272761040447085
p170:L3,170,NY,2026-08-31,VWAP−1σ,VWAP,A,A,29351.47,,,50.029999999998836,1.2556344178855456
p170:L4,170,NY,2026-08-31,VWAP,VWAP,A,A,29408.52,,,7.020000000000437,0.17618536105451296
p170:L5,170,NY,2026-08-31,OR-L,OR-L,A,A,29417,,,15.5,0.38901326158757565
p170:L6,170,NY,2026-08-31,PDL,PDL,A,A,29437,,,35.5,0.8909658571844475
p170:L7,170,NY,2026-08-31,OB(bear)·1h (HTF),OB,A,A,29498.5,,,97.0,2.4344700886448285
p170:L8,170,NY,2026-08-31,PDC,PDC,B,B,29509.5,,,108.0,2.710544016223108
p170:L9,170,NY,2026-08-31,OR-H,OR-H,A,A,29517,,,115.5,2.898776239571935
p170:L10,170,NY,2026-08-31,Supply·1h,SUPPLY,C,C,29539.38,,,137.88000000000102,3.4604611940448597
p170:L11,170,NY,2026-08-31,ONH,ONH,A,A,29543.5,,,142.0,3.56386342873779
p171:L0,171,NY,2026-08-31,iFVG(bear)·4h (HTF),IFVG,A,A,29280.88,,,160.36999999999898,5.2598263014273385
p171:L1,171,NY,2026-08-31,VWAP−1σ,VWAP,A,A,29358.24,,,83.0099999999984,2.722567695214053
p171:L2,171,NY,2026-08-31,SWG-L·5m,SWG-L,A,A,29397.5,,,43.75,1.434915512174643
p171:L3,171,NY,2026-08-31,SWG-H·5m,SWG-H,A,A,29413,,,28.25,0.9265454450041982
p171:L4,171,NY,2026-08-31,OR-L,OR-L,C,C,29417,,,24.25,0.7953531696053736
p171:L5,171,NY,2026-08-31,OB(bull)·1h,OB,C,C,29432.25,,,9.0,0.29518261964735515
p171:L6,171,NY,2026-08-31,VWAP+1σ,VWAP,A,A,29459.08,,,17.830000000001746,0.5847895675903175
p171:L7,171,NY,2026-08-31,OR-H,OR-H,A,A,29517,,,75.75,2.4844537153652393
p171:L8,171,NY,2026-08-31,ONH,ONH,A,A,29543.5,,,102.25,3.3536025398824516
p172:L0,172,NY,2026-08-31,OR-L,OR-L,C,C,29417,2.75,0.10559824284523905,20.25,0.7775870609513057
p172:L1,172,NY,2026-08-31,SWG-H·5m,SWG-H,A,A,29413,6.75,0.2591956869837686,16.25,0.6239896168127762
p172:L2,172,NY,2026-08-31,VWAP,VWAP,A,A,29409.25,10.5,0.40319329086364003,12.5,0.4799920129329048
p172:L3,172,NY,2026-08-31,VWAP−1σ,VWAP,A,A,29359.48,60.27000000000044,2.3143294895573105,37.27000000000044,1.4311441857607656
p172:L4,172,NY,2026-08-31,iFVG(bear)·4h (HTF),IFVG,A,A,29280.88,138.86999999999898,5.33251926687936,115.86999999999898,4.449333963082815
p172:L5,172,NY,2026-08-31,SWG-H·5m,SWG-H,A,A,29432.75,13.0,0.49919169345022096,36.0,1.3823769972467657
p172:L6,172,NY,2026-08-31,VWAP+1σ,VWAP,A,A,29459.03,39.279999999998836,1.5083269014403153,62.279999999998836,2.39151220523686
p172:L7,172,NY,2026-08-31,OR-H,OR-H,A,A,29517,97.25,3.734337860617999,120.25,4.617523164414544
p172:L8,172,NY,2026-08-31,Supply·1h,SUPPLY,C,C,29539.38,119.63000000000102,4.593715560573111,142.63000000000102,5.4769008643696555
p172:L9,172,NY,2026-08-31,ONH,ONH,A,A,29543.5,123.75,4.751920928035757,146.75,5.635106231832302
p173:L0,173,NY,2026-08-31,OB(bull)·1h,OB,C,C,29432.25,,,18.5,0.785736128571914
p173:L1,173,NY,2026-08-31,OR-L,OR-L,C,C,29417,,,33.75,1.4334375318541674
p173:L2,173,NY,2026-08-31,SWG-L·5m,SWG-L,A,A,29394.75,,,56.0,2.3784444972987666
p173:L3,173,NY,2026-08-31,SWG-L·5m,SWG-L,A,A,29388.25,,,62.5,2.6545139478780877
p173:L4,173,NY,2026-08-31,VWAP−1σ,VWAP,A,A,29360.4,,,90.34999999999854,3.837365363052502
p173:L5,173,NY,2026-08-31,SWG-H·5m,SWG-H,A,A,29443.25,,,7.5,0.31854167374537057
p173:L6,173,NY,2026-08-31,VWAP+1σ,VWAP,A,A,29458.38,,,7.630000000001019,0.32406306275700025
p173:L7,173,NY,2026-08-31,OR-H,OR-H,A,A,29517,,,66.25,2.8137847847507733
p173:L8,173,NY,2026-08-31,Supply·1h,SUPPLY,C,C,29539.38,,,88.63000000000102,3.764313139207002
p173:L9,173,NY,2026-08-31,ONH,ONH,A,A,29543.5,,,92.75,3.9392986986510823
p174:L0,174,NY,2026-08-31,SWG-L·5m,SWG-L,A,A,29422.25,3.25,0.1582833320345983,14.75,0.7183628146185614
p174:L1,174,NY,2026-08-31,OR-L,OR-L,C,C,29417,8.5,0.4139717914751032,20.0,0.9740512740590664
p174:L2,174,NY,2026-08-31,VWAP,VWAP,A,A,29410.98,14.520000000000437,0.7071612249669035,26.020000000000437,1.2672407075508667
p174:L3,174,NY,2026-08-31,VWAP−1σ,VWAP,A,A,29363.72,61.779999999998836,3.0088443855683993,73.27999999999884,3.5689238681523627
p174:L4,174,NY,2026-08-31,iFVG(bear)·4h (HTF),IFVG,A,A,29280.88,144.61999999999898,7.043364762721059,156.11999999999898,7.603444245305023
p174:L5,174,NY,2026-08-31,ONL,ONL,C,C,29273.5,152.0,7.402789682848905,163.5,7.962869165432868
p174:L6,174,NY,2026-08-31,OB(bull)·1h,OB,C,C,29432.25,6.75,0.3287423049949349,4.75,0.23133717758902828
p174:L7,174,NY,2026-08-31,SWG-H·15m,SWG-H,A,A,29445.5,20.0,0.9740512740590664,8.5,0.4139717914751032
p174:L8,174,NY,2026-08-31,OR-H,OR-H,A,A,29517,91.5,4.456284578820228,80.0,3.8962050962362658
p174:L9,174,NY,2026-08-31,ONH,ONH,A,A,29543.5,118.0,5.7469025169484915,106.5,5.1868230343645285
p174:L10,174,NY,2026-08-31,OB(bear)·4h (HTF),OB,A,,29563.12,137.61999999999898,6.702446816800387,126.11999999999898,6.142367334216423
p174:L11,174,NY,2026-08-31,Supply·1h,SUPPLY,C,C,29539.38,113.88000000000102,5.546247954492373,102.38000000000102,4.98616847190841
p175:L0,175,ASIA,2026-08-31,VWAP−1σ,VWAP,A,A,29504.191635407595,,,2.441635407594731,0.15360061698507366
p175:L1,175,ASIA,2026-08-31,ONL,ONL,A,A,29499,,,2.75,0.17299949672873677
p175:L2,175,ASIA,2026-08-31,VWAP,VWAP,A,A,29507.960793483766,,,6.210793483765883,0.3907142352645875
p175:L3,175,ASIA,2026-08-31,VWAP+1σ,VWAP,A,A,29511.729951559937,,,9.979951559937035,0.6278278535441013
p175:L4,175,ASIA,2026-08-31,OR-H,OR-H,A,A,29517,,,15.25,0.9593608454957221
p175:L5,175,ASIA,2026-08-31,SWG-H·5m,SWG-H,A,A,29520.25,,,18.5,1.1638147961751384
p175:L6,175,ASIA,2026-08-31,ONH,ONH,A,A,29524,,,22.25,1.399723200805234
p175:L7,175,ASIA,2026-08-31,SWG-H·5m,SWG-H,A,A,29538,,,36.25,2.2804479114242575
p175:L8,175,ASIA,2026-08-31,SWG-H·5m,SWG-H,A,A,29461.75,,,40.0,2.516356316054353
p175:L9,175,ASIA,2026-08-31,SWG-L·5m,SWG-L,A,A,29422.25,,,79.5,5.001258178158027
p175:L10,175,ASIA,2026-08-31,OR-L,OR-L,C,C,29417,,,84.75,5.3315299446401605
p175:L11,175,ASIA,2026-08-31,SWG-L·5m,SWG-L,A,A,29382.5,,,119.25,7.5018872672370405
p176:L0,176,ASIA,2026-08-31,ONH,ONH,A,A,29571,,,5.0,0.292556770641343
p176:L1,176,ASIA,2026-08-31,PDH,PDH,A,A,29538.75,,,27.25,1.5944343999953192
p176:L2,176,ASIA,2026-08-31,SWG-H·15m,SWG-H,A,A,29522.5,,,43.5,2.5452439045796837
p176:L3,176,ASIA,2026-08-31,RTH-H,RTH-H,A,A,29517,,,49.0,2.8670563522851613
p176:L4,176,ASIA,2026-08-31,SWG-H·5m,SWG-H,A,A,29502.25,,,63.75,3.730098825677123
p176:L5,176,ASIA,2026-08-31,SWG-H·5m,SWG-H,A,A,29498.25,,,67.75,3.9641442421901973
p176:L6,176,ASIA,2026-08-31,VWAP,VWAP,A,A,29492.74941504508,,,73.25058495491976,4.2859909164001335
p176:L7,176,ASIA,2026-08-31,SWG-L·5m,SWG-L,A,A,29485.5,,,80.5,4.710164007325622
p176:L8,176,ASIA,2026-08-31,SWG-L·15m,SWG-L,A,A,29477,,,89.0,5.207510517415905
p176:L9,176,ASIA,2026-08-31,PDC,PDC,A,A,29473.25,,,92.75,5.426928095396912
p176:L10,176,ASIA,2026-08-31,ONL,ONL,A,A,29435.75,,,130.25,7.621103875206985
p176:L11,176,ASIA,2026-08-31,POC,POC,A,A,29418.625,,,147.375,8.623110814653584
p177:L0,177,LONDON,2026-09-01,VWAP+1σ,VWAP,A,A,29522.60714834479,,,6.392851655211416,0.34183447700792535
p177:L1,177,LONDON,2026-09-01,PDH,PDH,A,A,29538.75,,,9.75,0.5213457672070839
p177:L2,177,LONDON,2026-09-01,RTH-H,RTH-H,A,A,29517,,,12.0,0.6416563288702571
p177:L3,177,LONDON,2026-09-01,VWAP+2σ,VWAP,A,A,29547.759143575444,,,18.759143575443886,1.0030769332807827
p177:L4,177,LONDON,2026-09-01,SWG-H·5m,SWG-H,A,A,29502.25,,,26.75,1.4303588997732815
p177:L5,177,LONDON,2026-09-01,VWAP,VWAP,A,A,29497.455153114133,,,31.54484688586672,1.6867458872966334
p177:L6,177,LONDON,2026-09-01,ONH,ONH,A,A,29571,,,42.0,2.2457971510459
p177:L7,177,LONDON,2026-09-01,SWG-L·5m,SWG-L,A,A,29485.5,,,43.5,2.326004192154682
p177:L8,177,LONDON,2026-09-01,SWG-L·15m,SWG-L,A,A,29477,,,52.0,2.780510758437781
p177:L9,177,LONDON,2026-09-01,PDC,PDC,A,A,29473.25,,,55.75,2.981028361209736
p177:L10,177,LONDON,2026-09-01,ONL,ONL,A,A,29435.75,,,93.25,4.9862043889292895
p177:L11,177,LONDON,2026-09-01,POC,POC,A,A,29418.625,,,110.375,5.901901441587886
p178:L0,178,LONDON,2026-09-01,SWG-L·15m,SWG-L,A,A,29477,14.0,0.624370055212152,12.5,0.5574732635822787
p178:L1,178,LONDON,2026-09-01,VWAP,VWAP,A,A,29500.21,37.20999999999913,1.659486411031688,35.70999999999913,1.5925896194018145
p178:L2,178,LONDON,2026-09-01,RTH-H,RTH-H,A,A,29517,54.0,2.4082844986754437,52.5,2.34138770704557
p178:L3,178,LONDON,2026-09-01,PDH,PDH,A,A,29538.75,75.75,3.3782879773086085,74.25,3.311391185678735
p178:L4,178,LONDON,2026-09-01,ONH,ONH,A,A,29571,108.0,4.816568997350887,106.5,4.749672205721014
p178:L5,178,LONDON,2026-09-01,SWG-L·5m,SWG-L,A,A,29447.5,15.5,0.6912668468420254,17.0,0.7581636384718989
p178:L6,178,LONDON,2026-09-01,ONL,ONL,A,A,29435.75,27.25,1.2152917146093674,28.75,1.2821885062392409
p178:L7,178,LONDON,2026-09-01,OB(bull)·1h,OB,C,C,29432.25,30.75,1.3713842284124054,32.25,1.4382810200422789
p178:L8,178,LONDON,2026-09-01,OB(bull)·1h (HTF),OB,A,,29422.12,40.88000000000102,1.8231605612195294,42.38000000000102,1.890057352849403
p178:L9,178,LONDON,2026-09-01,POC,POC,A,,29418.62,44.38000000000102,1.9792530750225674,45.88000000000102,2.0461498666524407
p178:L10,178,LONDON,2026-09-01,PDL,PDL,A,A,29354,109.0,4.861166858437469,110.5,4.928063650067343
p179:L0,179,LONDON,2026-09-01,ONL,ONL,A,A,29182,,,39.75,1.531969013758816
p179:L1,179,LONDON,2026-09-01,SWG-L·5m,SWG-L,A,A,29186,,,35.75,1.3778086098585578
p179:L2,179,LONDON,2026-09-01,OB(bull)·1h (HTF),OB,A,A,29201.5,,,20.25,0.7804370447450573
p179:L3,179,LONDON,2026-09-01,Demand·1h,DEMAND,C,C,29212.5,,,9.25,0.35649593401934715
p179:L4,179,LONDON,2026-09-01,VWAP−2σ,VWAP,A,A,29231.63,,,9.880000000001019,0.3807761976336771
p179:L5,179,LONDON,2026-09-01,SWG-L·5m,SWG-L,A,A,29246.75,,,25.0,0.9635025243766139
p179:L6,179,LONDON,2026-09-01,SWG-H·5m,SWG-H,A,A,29280,,,58.25,2.2449608817975104
p179:L7,179,LONDON,2026-09-01,OB(bull)·1h (HTF),OB,A,A,29324.5,,,102.75,3.959995375187883
p179:L8,179,LONDON,2026-09-01,VWAP−1σ,VWAP,A,A,29335.76,,,114.0099999999984,4.393956912167049
p179:L9,179,LONDON,2026-09-01,RTH-L,RTH-L,A,A,29354,,,132.25,5.096928353952287
p179:L10,179,LONDON,2026-09-01,pdVWAP,PDVWAP,A,A,29415.82,,,194.0699999999997,7.4794773962307675
p179:L11,179,LONDON,2026-09-01,PDC,PDC,A,A,29473.25,,,251.5,9.692835395228736
p180:L0,180,LONDON,2026-09-01,OB(bear)·4h,OB,C,C,29154.38,,,93.36999999999898,4.11254553222598
p180:L1,180,LONDON,2026-09-01,ONL,ONL,A,A,29182,,,65.75,2.8960037350740184
p180:L2,180,LONDON,2026-09-01,SWG-L·5m,SWG-L,A,A,29201.25,,,46.5,2.0481243145390398
p180:L3,180,LONDON,2026-09-01,Demand·1h,DEMAND,C,C,29212.5,,,35.25,1.552610367473143
p180:L4,180,LONDON,2026-09-01,SWG-H·5m,SWG-H,A,A,29227.75,,,20.0,0.8809136836727053
p180:L5,180,LONDON,2026-09-01,SWG-L·5m,SWG-L,A,A,29246.75,,,1.0,0.04404568418363526
p180:L6,180,LONDON,2026-09-01,SWG-H·5m,SWG-H,A,A,29280,,,32.25,1.4204733149222373
p180:L7,180,LONDON,2026-09-01,VWAP−1σ,VWAP,A,A,29323.92,,,76.16999999999825,3.354959764267421
p180:L8,180,LONDON,2026-09-01,RTH-L,RTH-L,A,A,29354,,,106.25,4.679853944511247
p180:L9,180,LONDON,2026-09-01,VWAP,VWAP,A,A,29433.23,,,185.47999999999956,8.16959350238065
p180:L10,180,LONDON,2026-09-01,Supply·4h,SUPPLY,A,A,29462.5,,,214.75,9.458810678435674
p180:L11,180,LONDON,2026-09-01,PDC,PDC,A,A,29473.25,,,225.5,9.932301783409752
p181:L0,181,LONDON,2026-09-01,EQL·4h,EQL,A,A,29202.5,6.0,0.30902189420120413,44.75,2.3047882942506477
p181:L1,181,LONDON,2026-09-01,SWG-L·5m,SWG-L,A,A,29182,26.5,1.3648466993886517,24.25,1.2489634890632002
p181:L2,181,LONDON,2026-09-01,ONL,ONL,A,A,29177.5,31.0,1.5966131200395548,19.75,1.017197068412297
p181:L3,181,LONDON,2026-09-01,VWAP−2σ,VWAP,A,A,29161.96,46.54000000000087,2.3969798260207185,4.209999999999127,0.21683036243113327
p181:L4,181,LONDON,2026-09-01,Demand·1h,DEMAND,C,C,29212.5,4.0,0.2060145961341361,54.75,2.819824784585988
p181:L5,181,LONDON,2026-09-01,SWG-H·5m,SWG-H,A,A,29258,49.5,2.5494306271599343,100.25,5.163240815611786
p181:L6,181,LONDON,2026-09-01,iFVG(bear)·4h,IFVG,A,A,29280.88,72.38000000000102,3.7278341170472453,123.13000000000102,6.341644305499097
p181:L7,181,LONDON,2026-09-01,VWAP−1σ,VWAP,A,A,29285.56,77.06000000000131,3.9688711945241995,127.81000000000131,6.582681382976051
p181:L8,181,LONDON,2026-09-01,RTH-L,RTH-L,A,A,29354,145.5,7.493780934379201,196.25,10.107591122831053
p182:L0,182,LONDON,2026-09-01,ONL,ONL,A,A,29123.25,4.0,0.1864115314173335,8.25,0.3844737835482503
p182:L1,182,LONDON,2026-09-01,VWAP−2σ,VWAP,A,A,29100.81,26.43999999999869,1.2321802226685132,30.68999999999869,1.4302424747994302
p182:L2,182,LONDON,2026-09-01,OB(bull)·1h (HTF),OB,A,A,29085,42.25,1.968971800595585,46.5,2.167034052726502
p182:L3,182,LONDON,2026-09-01,Demand·1h (HTF),DEMAND,A,A,29076.5,50.75,2.3650963048574187,55.0,2.5631585569883355
p182:L4,182,LONDON,2026-09-01,OB(bull)·4h,OB,C,C,28970.38,156.86999999999898,7.310594233359229,161.11999999999898,7.508656485490145
p182:L5,182,LONDON,2026-09-01,SWG-L·5m,SWG-L,A,A,29138,10.75,0.5009809906840837,6.5,0.3029187385531669
p182:L6,182,LONDON,2026-09-01,SWG-L·5m,SWG-L,A,A,29177.5,50.25,2.341794863430252,46.0,2.143732611299335
p182:L7,182,LONDON,2026-09-01,SWG-L·15m,SWG-L,A,A,29182,54.75,2.551507836274752,50.5,2.3534455841438353
p182:L8,182,LONDON,2026-09-01,OB(bull)·1h,OB,C,C,29212.5,85.25,3.97289576333192,81.0,3.774833511201003
p182:L9,182,LONDON,2026-09-01,VWAP−1σ,VWAP,A,A,29241.4,114.15000000000146,5.3197190778222225,109.90000000000146,5.121656825691305
p182:L10,182,LONDON,2026-09-01,OB(bull)·1h (HTF),OB,A,A,29324.5,197.25,9.192418643017257,193.0,8.99435639088634
p182:L11,182,LONDON,2026-09-01,RTH-L,RTH-L,A,A,29354,226.75,10.567203687220092,222.5,10.369141435089174
p183:L0,183,NY,2026-09-01,ONL,ONL,C,C,29122.75,,,20.5,1.0152787063863506
p183:L1,183,NY,2026-09-01,Demand·4h (HTF),DEMAND,A,,29099.12,,,3.1300000000010186,0.1550157244385518
p183:L2,183,NY,2026-09-01,VWAP−2σ,VWAP,A,A,29094.31,,,7.93999999999869,0.39323477701006315
p183:L3,183,NY,2026-09-01,OB(bull)·1h (HTF),OB,A,A,29085,,,17.25,0.8543198870811974
p183:L4,183,NY,2026-09-01,SWG-L·5m,SWG-L,A,A,29138,,,35.75,1.7705470123566847
p183:L5,183,NY,2026-09-01,SWG-L·5m,SWG-L,A,A,29177.5,,,75.25,3.726815739296238
p183:L6,183,NY,2026-09-01,SWG-L·15m,SWG-L,A,A,29182,,,79.75,3.949681796795681
p183:L7,183,NY,2026-09-01,EQL·15m (HTF),EQL,A,A,29200.5,,,98.25,4.865908922071168
p183:L8,183,NY,2026-09-01,OB(bull)·1h,OB,C,C,29212.5,,,110.25,5.460218408736349
p183:L9,183,NY,2026-09-01,VWAP−1σ,VWAP,A,A,29236.68,,,134.4300000000003,6.657752024366703
p183:L10,183,NY,2026-09-01,SWG-H·5m,SWG-H,A,A,29258,,,155.75,7.7136418790084935
p183:L11,183,NY,2026-09-01,RTH-L,RTH-L,A,A,29354,,,251.75,12.46811777232994
p184:L0,184,NY,2026-09-01,EQL·4h (HTF),EQL,A,A,28947.75,,,172.25,5.827052407951178
p184:L1,184,NY,2026-09-01,VWAP−2σ,VWAP,A,A,28963.03,,,156.97000000000116,5.310144652981731
p184:L2,184,NY,2026-09-01,OB(bull)·4h (HTF),OB,A,A,28970.38,,,149.61999999999898,5.061501197548036
p184:L3,184,NY,2026-09-01,OR-L,OR-L,A,A,29062.75,,,57.25,1.9367126290577934
p184:L4,184,NY,2026-09-01,ONL,ONL,A,A,29082.75,,,37.25,1.2601317979459006
p184:L5,184,NY,2026-09-01,EQL·4h (HTF),EQL,A,A,29095.5,,,24.5,0.8288115181120688
p184:L6,184,NY,2026-09-01,OR-H,OR-H,A,A,29125,,,5.0,0.16914520777797323
p184:L7,184,NY,2026-09-01,VWAP−1σ,VWAP,A,A,29137.29,,,17.290000000000873,0.5849041284962609
p184:L8,184,NY,2026-09-01,SWG-L·5m,SWG-L,A,A,29177.5,,,57.5,1.945169889446692
p184:L9,184,NY,2026-09-01,SWG-L·15m,SWG-L,A,A,29182,,,62.0,2.097400576446868
p184:L10,184,NY,2026-09-01,OB(bull)·1h,OB,C,C,29212.5,,,92.5,3.1291863438925045
p184:L11,184,NY,2026-09-01,SWG-H·5m,SWG-H,A,A,29238.25,,,118.25,4.0002841639490665
p185:L0,185,NY,2026-09-01,SWG-H·5m,SWG-H,A,A,29157.75,,,12.0,0.3104047678172337
p185:L1,185,NY,2026-09-01,OR-H,OR-H,C,C,29125,,,20.75,0.5367415776839666
p185:L2,185,NY,2026-09-01,VWAP−1σ,VWAP,A,A,29101.38,,,44.36999999999898,1.1477216290041952
p185:L3,185,NY,2026-09-01,OB(bull)·1h,OB,C,C,29085,,,60.75,1.5714241370747455
p185:L4,185,NY,2026-09-01,OR-L,OR-L,A,A,29062.75,,,83.0,2.1469663107358663
p185:L5,185,NY,2026-09-01,SWG-L·5m,SWG-L,A,A,29177.5,,,31.75,0.8212792815164308
p185:L6,185,NY,2026-09-01,SWG-L·15m,SWG-L,A,A,29182,,,36.25,0.9376810694478934
p185:L7,185,NY,2026-09-01,OB(bull)·1h,OB,C,C,29212.5,,,66.75,1.7266265209833624
p185:L8,185,NY,2026-09-01,SWG-H·5m,SWG-H,A,A,29238.25,,,92.5,2.3927034185911764
p185:L9,185,NY,2026-09-01,SWG-H·5m,SWG-H,A,A,29258,,,112.25,2.9035779322903736
p185:L10,185,NY,2026-09-01,VWAP,VWAP,A,A,29274.42,,,128.66999999999825,3.3283151229202432
p186:L0,186,NY,2026-09-01,EQL·15m (HTF),EQL,A,A,29182,,,28.75,0.8724361756039535
p186:L1,186,NY,2026-09-01,EQL·15m (HTF),EQL,A,A,29170,,,40.75,1.2365834488995167
p186:L2,186,NY,2026-09-01,OR-H,OR-H,C,C,29125,,,85.75,2.6021357237578786
p186:L3,186,NY,2026-09-01,VWAP−1σ,VWAP,A,A,29102.19,,,108.56000000000131,3.294318999080568
p186:L4,186,NY,2026-09-01,ONL,ONL,A,A,29082.75,,,128.0,3.884237581819341
p186:L5,186,NY,2026-09-01,OR-L,OR-L,A,A,29062.75,,,148.0,4.491149703978612
p186:L6,186,NY,2026-09-01,SWG-L·5m,SWG-L,A,A,29040,,,170.75,5.181512242934785
p186:L7,186,NY,2026-09-01,Supply·1h,SUPPLY,C,C,29209.25,,,1.5,0.0455184091619454
p186:L8,186,NY,2026-09-01,OB(bull)·1h,OB,C,C,29212.5,,,1.75,0.0531048106889363
p186:L9,186,NY,2026-09-01,VWAP,VWAP,A,A,29261.19,,,50.43999999999869,1.5306323720856443
p186:L10,186,NY,2026-09-01,eVWAP,EVWAP,A,A,29266.78,,,56.029999999998836,1.7002643102291652
p186:L11,186,NY,2026-09-01,OB(bull)·1h (HTF),OB,A,A,29324.5,,,113.75,3.4518126947808594
p187:L0,187,NY,2026-09-01,OR-H,OR-H,C,C,29125,,,15.25,0.5659341067147617
p187:L1,187,NY,2026-09-01,SWG-L·5m,SWG-L,A,A,29130,,,10.25,0.38038194057877434
p187:L2,187,NY,2026-09-01,SWG-H·5m,SWG-H,A,A,29162,,,21.75,0.8071519226915455
p187:L3,187,NY,2026-09-01,SWG-H·5m,SWG-H,A,A,29197.5,,,57.25,2.1245723022570564
p187:L4,187,NY,2026-09-01,Supply·1h,SUPPLY,C,C,29209.25,,,69.0,2.5606198926766273
p187:L5,187,NY,2026-09-01,eVWAP,EVWAP,A,A,29248.19,,,107.93999999999869,4.005700162543649
p187:L6,187,NY,2026-09-01,SWG-L·5m,SWG-L,A,A,29100.5,,,39.75,1.4751397207811003
p187:L7,187,NY,2026-09-01,ONL,ONL,A,A,29082.75,,,57.5,2.133849910563856
p187:L8,187,NY,2026-09-01,OR-L,OR-L,A,A,29062.75,,,77.5,2.876058575107806
p187:L9,187,NY,2026-09-01,SWG-L·15m,SWG-L,A,A,29040,,,100.25,3.720320931026549
p187:L10,187,NY,2026-09-01,VWAP−2σ,VWAP,A,A,28960.89,,,179.36000000000058,6.656127303630164
p188:L0,188,ASIA,2026-09-01,VWAP−1σ,VWAP,A,A,29110.38445990343,,,4.1344599034309795,0.1911897813830806
p188:L1,188,ASIA,2026-09-01,ONL,ONL,A,A,29101.5,,,4.75,0.21965419493269334
p188:L2,188,ASIA,2026-09-01,SWG-L·5m,SWG-L,A,A,29092.75,,,13.5,0.6242803434929178
p188:L3,188,ASIA,2026-09-01,VWAP,VWAP,A,A,29119.947115604296,,,13.697115604296414,0.6333955580972126
p188:L4,188,ASIA,2026-09-01,OR-H,OR-H,C,C,29125,,,18.75,0.8670560326290526
p188:L5,188,ASIA,2026-09-01,SWG-L·5m,SWG-L,A,A,29086,,,20.25,0.9364205152393769
p188:L6,188,ASIA,2026-09-01,VWAP+1σ,VWAP,A,A,29129.509771305162,,,23.25977130516185,1.0756013348113447
p188:L7,188,ASIA,2026-09-01,VWAP+2σ,VWAP,A,A,29139.072427006024,,,32.822427006023645,1.5178071115253084
p188:L8,188,ASIA,2026-09-01,OR-L,OR-L,C,C,29062.75,,,43.5,2.011569995699402
p188:L9,188,ASIA,2026-09-01,ONH,ONH,A,A,29150.5,,,44.25,2.0462522370045644
p188:L10,188,ASIA,2026-09-01,RTH-L,RTH-L,A,A,29354,,,247.75,11.456700377805214
p188:L11,188,ASIA,2026-09-01,PDC,PDC,A,A,29473.25,,,367.0,16.97117674532599
p189:L0,189,ASIA,2026-09-01,VWAP+1σ,VWAP,A,A,29129.817656473806,,,1.4323435261940176,0.07932213155865038
p189:L1,189,ASIA,2026-09-01,OR-H,OR-H,C,C,29125,,,6.25,0.34612040559773605
p189:L2,189,ASIA,2026-09-01,VWAP+2σ,VWAP,A,A,29138.800562797758,,,7.550562797758175,0.41814461728819785
p189:L3,189,ASIA,2026-09-01,VWAP,VWAP,A,A,29120.834750149854,,,10.41524985014621,0.5767888804054986
p189:L4,189,ASIA,2026-09-01,POC,POC,A,A,29113.228125,,,18.021874999998545,0.9980381895409913
p189:L5,189,ASIA,2026-09-01,ONH,ONH,A,A,29150.5,,,19.25,1.066050849241027
p189:L6,189,ASIA,2026-09-01,SWG-H·5m,SWG-H,A,A,29160.25,,,29.0,1.6059986819734953
p189:L7,189,ASIA,2026-09-01,ONL,ONL,A,A,29101.5,,,29.75,1.6475331306452237
p189:L8,189,ASIA,2026-09-01,SWG-L·5m,SWG-L,A,A,29086,,,45.25,2.5059117365276093
p189:L9,189,ASIA,2026-09-01,OR-L,OR-L,C,C,29062.75,,,68.5,3.793479645351187
p189:L10,189,ASIA,2026-09-01,RTH-L,RTH-L,A,A,29354,,,222.75,12.335731255503314
p189:L11,189,ASIA,2026-09-01,PDC,PDC,A,A,29473.25,,,342.0,18.93970859430812
p190:L0,190,ASIA,2026-09-01,OR-L,OR-L,C,C,29062.75,,,3.75,0.17580789588421994
p190:L1,190,ASIA,2026-09-01,VWAP−2σ,VWAP,A,A,29057.492701128256,,,9.007298871743842,0.4222811365977582
p190:L2,190,ASIA,2026-09-01,VWAP−1σ,VWAP,A,A,29085.164745716716,,,18.664745716716425,0.875042579111979
p190:L3,190,ASIA,2026-09-01,SWG-L·5m,SWG-L,A,A,29047.25,,,19.25,0.9024805322056624
p190:L4,190,ASIA,2026-09-01,ONL,ONL,A,A,29044,,,22.5,1.0548473753053196
p190:L5,190,ASIA,2026-09-01,SWG-L·15m,SWG-L,A,A,29101.5,,,35.0,1.640873694919386
p190:L6,190,ASIA,2026-09-01,VWAP,VWAP,A,A,29112.836790305177,,,46.33679030517669,2.172366294821716
p190:L7,190,ASIA,2026-09-01,eVWAP,EVWAP,A,A,29117.550640875677,,,51.050640875677345,2.3933615349050092
p190:L8,190,ASIA,2026-09-01,OR-H,OR-H,C,C,29125,,,58.5,2.742603175793831
p190:L9,190,ASIA,2026-09-01,SWG-L·15m,SWG-L,A,A,29001.75,,,64.75,3.035616335600864
p190:L10,190,ASIA,2026-09-01,VWAP+1σ,VWAP,A,A,29140.508834893637,,,74.00883489363696,3.4696900105314534
p190:L11,190,ASIA,2026-09-01,ONH,ONH,A,A,29171.25,,,104.75,4.910900558365877
p191:L0,191,ASIA,2026-09-01,SWG-L·5m,SWG-L,A,A,29086,,,1.25,0.0623995367458392
p191:L1,191,ASIA,2026-09-01,VWAP−1σ,VWAP,A,A,29080.928456787282,,,3.8215432127180975,0.19077002090225226
p191:L2,191,ASIA,2026-09-01,SWG-H·5m,SWG-H,A,A,29101.25,,,16.5,0.8236738850450774
p191:L3,191,ASIA,2026-09-01,OR-L,OR-L,C,C,29062.75,,,22.0,1.09823184672677
p191:L4,191,ASIA,2026-09-01,VWAP,VWAP,A,A,29109.00317841381,,,24.2531784138082,1.210709678108655
p191:L5,191,ASIA,2026-09-01,POC,POC,A,A,29113.228125,,,28.478125000001455,1.4216174459121542
p191:L6,191,ASIA,2026-09-01,VWAP−2σ,VWAP,A,A,29052.853735160756,,,31.896264839244395,1.5922497199131596
p191:L7,191,ASIA,2026-09-01,OR-H,OR-H,C,C,29125,,,40.25,2.009265083216022
p191:L8,191,ASIA,2026-09-01,ONL,ONL,A,A,29044,,,40.75,2.034224897914358
p191:L9,191,ASIA,2026-09-01,SWG-H·5m,SWG-H,A,A,29131.25,,,46.5,2.3212627669452184
p191:L10,191,ASIA,2026-09-01,SWG-H·5m,SWG-H,A,A,29145.5,,,60.75,3.0326174858477852
p191:L11,191,ASIA,2026-09-01,ONH,ONH,A,A,29171.25,,,86.5,4.318047942812073
p192:L0,192,ASIA,2026-09-01,ONL,ONL,A,A,29042.25,,,3.75,0.2454541884302714
p192:L1,192,ASIA,2026-09-01,Demand·4h (HTF),DEMAND,A,,29031.12,,,7.380000000001019,0.48305384283084074
p192:L2,192,ASIA,2026-09-01,OB(bear)·4h,OB,C,C,28711.25,,,327.25,21.419968843681684
p192:L3,192,ASIA,2026-09-01,OR-L,OR-L,C,C,29062.75,,,24.25,1.587270418515755
p192:L4,192,ASIA,2026-09-01,VWAP−1σ,VWAP,A,A,29072.75,,,34.25,2.241814920996479
p192:L5,192,ASIA,2026-09-01,VWAP,VWAP,A,A,29103,,,64.5,4.221812041000668
p192:L6,192,ASIA,2026-09-01,POC,POC,A,A,29113.23,,,74.72999999999956,4.89141106703842
p192:L7,192,ASIA,2026-09-01,OR-H,OR-H,C,C,29125,,,86.5,5.66180994645826
p192:L8,192,ASIA,2026-09-01,VWAP+1σ,VWAP,A,A,29133.24,,,94.7400000000016,6.201154616502481
p192:L9,192,ASIA,2026-09-01,ONH,ONH,A,A,29171.25,,,132.75,8.689078270431606
p192:L10,192,ASIA,2026-09-01,OB(bull)·1h,OB,C,C,29212.5,,,174.0,11.389074343164593
p192:L11,192,ASIA,2026-09-01,OB(bull)·1h (HTF),OB,A,A,29324.5,,,286.0,18.719972770948697
p193:L0,193,ASIA,2026-09-01,OB(bear)·4h,OB,C,C,28711.25,,,349.25,22.920426579163248
p193:L1,193,ASIA,2026-09-01,Supply·4h (HTF),SUPPLY,A,A,29029.88,,,30.61999999999898,2.0095159967185547
p193:L2,193,ASIA,2026-09-01,ONL,ONL,A,A,29035.25,,,25.25,1.6570959803117309
p193:L3,193,ASIA,2026-09-01,VWAP−2σ,VWAP,A,A,29040.61,,,19.889999999999418,1.3053322395405689
p193:L4,193,ASIA,2026-09-01,OR-L,OR-L,C,C,29062.75,,,2.25,0.14766201804757997
p193:L5,193,ASIA,2026-09-01,VWAP−1σ,VWAP,A,A,29071.41,,,10.909999999999854,0.7159967186218116
p193:L6,193,ASIA,2026-09-01,POC,POC,A,A,29113.23,,,52.72999999999956,3.460541427399479
p193:L7,193,ASIA,2026-09-01,OR-H,OR-H,C,C,29125,,,64.5,4.232977850697293
p193:L8,193,ASIA,2026-09-01,VWAP+1σ,VWAP,A,A,29133,,,72.5,4.7579983593109105
p193:L9,193,ASIA,2026-09-01,ONH,ONH,A,A,29171.25,,,110.75,7.26825266611977
p193:L10,193,ASIA,2026-09-01,OB(bull)·1h,OB,C,C,29212.5,,,152.0,9.975389663658737
p193:L11,193,ASIA,2026-09-01,OB(bull)·1h (HTF),OB,A,A,29324.5,,,264.0,17.325676784249385
p194:L0,194,ASIA,2026-09-01,Supply·4h (HTF),SUPPLY,A,A,29029.88,23.61999999999898,1.6141818380623656,26.86999999999898,1.8362856049422518
p194:L1,194,ASIA,2026-09-01,ONL,ONL,A,A,29035.25,18.25,1.2471980755562846,21.5,1.4693018424361708
p194:L2,194,ASIA,2026-09-01,SWG-L·15m,SWG-L,A,A,29044,9.5,0.6492263954950522,12.75,0.8713301623749385
p194:L3,194,ASIA,2026-09-01,OR-L,OR-L,C,C,29062.75,9.25,0.6321414903504456,6.0,0.4100377234705593
p194:L4,194,ASIA,2026-09-01,VWAP−1σ,VWAP,A,A,29068.05,14.549999999999272,0.9943414794160566,11.299999999999272,0.7722377125361704
p194:L5,194,ASIA,2026-09-01,VWAP,VWAP,A,A,29099.85,46.349999999998545,3.167541413809971,43.099999999998545,2.9454376469300847
p194:L6,194,ASIA,2026-09-01,POC,POC,A,A,29113.23,59.72999999999956,4.081925537149388,56.47999999999956,3.8598217702695017
p194:L7,194,ASIA,2026-09-01,OB(bull)·1h,OB,C,C,29212.5,159.0,10.865999671969822,155.75,10.643895905089936
p195:L0,195,ASIA,2026-09-01,PDL,PDL,A,A,29001.75,,,81.5,5.400283597715316
p195:L1,195,ASIA,2026-09-01,Supply·4h (HTF),SUPPLY,A,A,29029.88,,,53.36999999999898,3.5363574921479866
p195:L2,195,ASIA,2026-09-01,ONL,ONL,A,A,29035.25,,,48.0,3.1805351250347873
p195:L3,195,ASIA,2026-09-01,PDC,PDC,A,A,29058.75,,,24.5,1.623398136736506
p195:L4,195,ASIA,2026-09-01,VWAP−1σ,VWAP,A,A,29065.3,,,17.950000000000728,1.1893876144661821
p195:L5,195,ASIA,2026-09-01,OB(bull)·1h,OB,C,C,29085,,,1.75,0.11595700976689328
p195:L6,195,ASIA,2026-09-01,VWAP,VWAP,A,A,29097.88,,,14.630000000001019,0.9694006016512954
p195:L7,195,ASIA,2026-09-01,POC,POC,A,A,29113.23,,,29.979999999999563,1.9865092301779486
p195:L8,195,ASIA,2026-09-01,VWAP+1σ,VWAP,A,A,29130.45,,,47.20000000000073,3.1275262062842555
p195:L9,195,ASIA,2026-09-01,ONH,ONH,A,A,29171.25,,,88.0,5.830981062563777
p195:L10,195,ASIA,2026-09-01,OB(bull)·1h,OB,C,C,29212.5,,,129.25,8.564253435640547
p195:L11,195,ASIA,2026-09-01,RTH-H,RTH-H,A,A,29317.25,,,234.0,15.505108734544589
p196:L0,196,ASIA,2026-09-01,VWAP,VWAP,A,A,29096.67,2.3300000000017462,0.14361882454474967,0.6699999999982538,0.041298116929038356
p196:L1,196,ASIA,2026-09-01,OB(bull)·1h,OB,C,C,29085,14.0,0.8629457268776773,11.0,0.6780287854038893
p196:L2,196,ASIA,2026-09-01,VWAP−1σ,VWAP,A,A,29065.05,33.95000000000073,2.0926433876784123,30.950000000000728,1.9077264462046244
p196:L3,196,ASIA,2026-09-01,PDC,PDC,A,A,29058.75,40.25,2.4809689647733224,37.25,2.2960520232995343
p196:L4,196,ASIA,2026-09-01,ONL,ONL,A,A,29035.25,63.75,3.929485006317995,60.75,3.744568064844207
p196:L5,196,ASIA,2026-09-01,PDL,PDL,A,A,29001.75,97.25,5.994390852775295,94.25,5.809473911301507
p196:L6,196,ASIA,2026-09-01,POC,POC,A,A,29113.23,14.229999999999563,0.8771226923906409,17.229999999999563,1.062039633864429
p196:L7,196,ASIA,2026-09-01,VWAP+1σ,VWAP,A,A,29128.29,29.290000000000873,1.8054057385891373,32.29000000000087,1.9903226800629255
p196:L8,196,ASIA,2026-09-01,ONH,ONH,A,A,29171.25,72.25,4.453416340493728,75.25,4.638333281967516
p196:L9,196,ASIA,2026-09-01,OB(bull)·1h,OB,C,C,29212.5,113.5,6.996024285758313,116.5,7.180941227232101
p196:L10,196,ASIA,2026-09-01,RTH-H,RTH-H,A,A,29317.25,218.25,13.452707492218078,221.25,13.637624433691865
p197:L0,197,LONDON,2026-09-02,SWG-L·5m,SWG-L,A,A,29035.25,,,0.5,0.026729391639046297
p197:L1,197,LONDON,2026-09-02,VWAP−2σ,VWAP,A,A,29023.939252306212,,,11.810747693787562,0.6313882013144212
p197:L2,197,LONDON,2026-09-02,ONL,ONL,A,A,29016.5,,,19.25,1.0290815781032825
p197:L3,197,LONDON,2026-09-02,PDC,PDC,B,B,29058.75,,,23.0,1.2295520153961297
p197:L4,197,LONDON,2026-09-02,SWG-H·5m,SWG-H,A,A,29065.75,,,30.0,1.6037634983427778
p197:L5,197,LONDON,2026-09-02,SWG-L·5m,SWG-L,A,A,29070,,,34.25,1.8309633272746713
p197:L6,197,LONDON,2026-09-02,PDL,PDL,A,A,29001.75,,,34.0,1.8175986314551482
p197:L7,197,LONDON,2026-09-02,VWAP,VWAP,A,A,29091.68604566847,,,55.93604566846989,2.9902729428242214
p197:L8,197,LONDON,2026-09-02,POC,POC,A,A,29113.228125,,,77.47812500000146,4.141886293168046
p197:L9,197,LONDON,2026-09-02,VWAP+1σ,VWAP,A,A,29125.559442349597,,,89.8094423495968,4.801103514893446
p197:L10,197,LONDON,2026-09-02,ONH,ONH,A,A,29171.25,,,135.5,7.243665134181546
p197:L11,197,LONDON,2026-09-02,RTH-H,RTH-H,A,A,29317.25,,,281.5,15.048647492783065
p198:L0,198,ASIA,2026-09-01,OB(bull)·4h (HTF),OB,A,A,28970.38,94.61999999999898,4.430210835334886,90.61999999999898,4.2429265049466
p198:L1,198,ASIA,2026-09-01,PDL,PDL,A,A,29001.75,63.25,2.961433474264792,59.25,2.7741491438765045
p198:L2,198,ASIA,2026-09-01,ONL,ONL,A,A,29016.5,48.5,2.2708225059579825,44.5,2.0835381755696956
p198:L3,198,ASIA,2026-09-01,PDC,PDC,B,B,29058.75,6.25,0.2926317662316988,2.25,0.10534743584341157
p198:L4,198,ASIA,2026-09-01,OB(bull)·1h,OB,C,C,29085,20.0,0.9364216519414361,24.0,1.1237059823297233
p198:L5,198,ASIA,2026-09-01,VWAP,VWAP,A,A,29091,26.0,1.217348147523867,30.0,1.4046324779121542
p198:L6,198,ASIA,2026-09-01,POC,POC,A,A,29113.23,48.22999999999956,2.258180813656753,52.22999999999956,2.44546514404504
p198:L7,198,ASIA,2026-09-01,VWAP+1σ,VWAP,A,A,29124.64,59.63999999999942,2.7924093660893354,63.63999999999942,2.9796936964776224
p198:L8,198,ASIA,2026-09-01,ONH,ONH,A,A,29171.25,106.25,4.974740025938879,110.25,5.162024356327167
p198:L9,198,ASIA,2026-09-01,RTH-H,RTH-H,A,A,29317.25,252.25,11.810618085111363,256.25,11.99790241549965
p199:L0,199,LONDON,2026-09-02,PDC,PDC,B,B,29058.75,46.75,1.7588478511958285,65.0,2.445456905405965
p199:L1,199,LONDON,2026-09-02,PDL,PDL,A,A,29001.75,103.75,3.903325445167213,122.0,4.58993449937735
p199:L2,199,LONDON,2026-09-02,OB(bull)·4h (HTF),OB,A,A,28970.38,135.11999999999898,5.0835405701300225,153.36999999999898,5.770149624340159
p199:L3,199,LONDON,2026-09-02,ONL,ONL,A,A,28927.25,178.25,6.706195282901742,196.5,7.392804337111878
p199:L4,199,LONDON,2026-09-02,OB(bull)·1h (HTF),OB,A,A,28921.5,184.0,6.922524162995346,202.25,7.609133217205483
p199:L5,199,LONDON,2026-09-02,POC,POC,A,A,29113.23,7.729999999999563,0.29082125967364675,10.520000000000437,0.3957877945364895
p199:L6,199,LONDON,2026-09-02,ONH,ONH,A,A,29171.25,65.75,2.4736737158529567,47.5,1.7870646616428205
p199:L7,199,LONDON,2026-09-02,Supply·1h,SUPPLY,C,C,29209.25,103.75,3.903325445167213,85.5,3.216716390957077
p199:L8,199,LONDON,2026-09-02,OB(bull)·4h (HTF),OB,A,A,29246.25,140.75,5.295354760552147,122.5,4.6087457063420105
p199:L9,199,LONDON,2026-09-02,RTH-H,RTH-H,A,A,29317.25,211.75,7.966546149534047,193.5,7.279937095323911
p199:L10,199,LONDON,2026-09-02,OB(bull)·1h (HTF),OB,A,A,29324.5,219.0,8.239308650521636,200.75,7.552699596311499
p199:L11,199,LONDON,2026-09-02,PDH,PDH,A,A,29571,465.5,17.51323368409964,447.25,16.826624629889505
p200:L0,200,LONDON,2026-09-02,VWAP+1σ,VWAP,A,A,29117.48,,,20.270000000000437,0.7346705037222981
p200:L1,200,LONDON,2026-09-02,PDC,PDC,B,B,29058.75,,,79.0,2.8632940204272472
p200:L2,200,LONDON,2026-09-02,RTH-L,RTH-L,A,A,29001.75,,,136.0,4.929215022507666
p200:L3,200,LONDON,2026-09-02,ONL,ONL,A,A,28927.25,,,210.5,7.62941001645488
p200:L4,200,LONDON,2026-09-02,ONH,ONH,A,A,29171.25,,,33.5,1.2141816415735796
p200:L5,200,LONDON,2026-09-02,Supply·1h,SUPPLY,C,C,29209.25,,,71.5,2.591462309627192
p200:L6,200,LONDON,2026-09-02,OB(bull)·4h (HTF),OB,A,A,29246.25,,,108.5,3.9324987495741306
p200:L7,200,LONDON,2026-09-02,RTH-H,RTH-H,A,A,29317.25,,,179.5,6.505838945147985
p200:L8,200,LONDON,2026-09-02,OB(bull)·1h (HTF),OB,A,A,29324.5,,,186.75,6.768609598921372
p200:L9,200,LONDON,2026-09-02,PDH,PDH,A,A,29571,,,433.25,15.702811827216516
p201:L0,201,LONDON,2026-09-02,RTH-L,RTH-L,A,A,29001.75,,,69.5,2.3338515939031064
p201:L1,201,LONDON,2026-09-02,ONL,ONL,A,A,28927.25,,,144.0,4.835606180173343
p201:L2,201,LONDON,2026-09-02,OB(bull)·1h (HTF),OB,A,A,28921.5,,,149.75,5.028694621395543
p201:L3,201,LONDON,2026-09-02,PDC,PDC,B,B,29058.75,,,12.5,0.41975748091782494
p201:L4,201,LONDON,2026-09-02,VWAP,VWAP,A,A,29066.56,,,4.68999999999869,0.15749300684032394
p201:L5,201,LONDON,2026-09-02,ONH,ONH,A,A,29171.25,,,100.0,3.3580598473425995
p201:L6,201,LONDON,2026-09-02,Supply·1h,SUPPLY,C,C,29209.25,,,138.0,4.6341225893327875
p201:L7,201,LONDON,2026-09-02,OB(bull)·4h (HTF),OB,A,A,29246.25,,,175.0,5.8766047328495485
p201:L8,201,LONDON,2026-09-02,RTH-H,RTH-H,A,A,29317.25,,,246.0,8.260827224462794
p201:L9,201,LONDON,2026-09-02,PDH,PDH,A,A,29571,,,499.75,16.78190408709464
p202:L0,202,LONDON,2026-09-02,PDC,PDC,B,B,29058.75,0.5,0.018933297991177083,11.75,0.44493250279266144
p202:L1,202,LONDON,2026-09-02,VWAP−1σ,VWAP,A,A,29014.19,44.06000000000131,1.6684022189825742,32.81000000000131,1.2424030141810898
p202:L2,202,LONDON,2026-09-02,RTH-L,RTH-L,A,A,29001.75,56.5,2.13946267300301,45.25,1.713463468201526
p202:L3,202,LONDON,2026-09-02,ONL,ONL,A,A,28927.25,131.0,4.960524073688396,119.75,4.534524868886911
p202:L4,202,LONDON,2026-09-02,ONH,ONH,A,A,29171.25,113.0,4.27892534600602,124.25,4.7049245508075055
p202:L5,202,LONDON,2026-09-02,Supply·1h,SUPPLY,C,C,29209.25,151.0,5.717855993335479,162.25,6.143855198136963
p202:L6,202,LONDON,2026-09-02,RTH-H,RTH-H,A,A,29317.25,259.0,9.80744835942973,270.25,10.233447564231213
p202:L7,202,LONDON,2026-09-02,OB(bull)·1h (HTF),OB,A,A,29324.5,266.25,10.081981180301797,277.5,10.50798038510328
p203:L0,203,NY,2026-09-02,VWAP−1σ,VWAP,A,A,29014.14,,,52.61000000000058,2.0517120349426947
p203:L1,203,NY,2026-09-02,RTH-L,RTH-L,A,A,29001.75,,,65.0,2.534903673660401
p203:L2,203,NY,2026-09-02,ONL,ONL,A,A,28927.25,,,139.5,5.4402932688557835
p203:L3,203,NY,2026-09-02,OB(bull)·1h (HTF),OB,A,A,28921.5,,,145.25,5.664534747679588
p203:L4,203,NY,2026-09-02,OB(bull)·4h (HTF),OB,A,A,28917.25,,,149.5,5.830278449418922
p203:L5,203,NY,2026-09-02,PDC,PDC,B,B,29058.75,,,8.0,0.3119881444505109
p203:L6,203,NY,2026-09-02,ONH,ONH,A,A,29171.25,,,104.5,4.075345136884798
p203:L7,203,NY,2026-09-02,Supply·1h,SUPPLY,C,C,29209.25,,,142.5,5.5572888230247255
p203:L8,203,NY,2026-09-02,OB(bull)·4h (HTF),OB,A,A,29246.25,,,179.5,7.000233991108338
p203:L9,203,NY,2026-09-02,RTH-H,RTH-H,A,A,29317.25,,,250.5,9.769128773106623
p203:L10,203,NY,2026-09-02,PDH,PDH,A,A,29571,,,504.25,19.665002729896266
p204:L0,204,LONDON,2026-09-02,PDC,PDC,B,B,29058.75,4.0,0.16476228920724625,16.5,0.6796444429798908
p204:L1,204,LONDON,2026-09-02,VWAP−1σ,VWAP,A,A,29014.42,48.330000000001746,1.9907403593466246,60.830000000001746,2.505622513119269
p204:L2,204,LONDON,2026-09-02,RTH-L,RTH-L,A,A,29001.75,61.0,2.5126249104105054,73.5,3.02750706418315
p204:L3,204,LONDON,2026-09-02,ONL,ONL,A,A,28927.25,135.5,5.581322546895467,148.0,6.096204700668111
p204:L4,204,LONDON,2026-09-02,ONH,ONH,A,A,29171.25,108.5,4.469177094746555,96.0,3.95429494097391
p204:L5,204,LONDON,2026-09-02,Supply·1h,SUPPLY,C,C,29209.25,146.5,6.034418842215394,134.0,5.5195366884427495
p204:L6,204,LONDON,2026-09-02,OB(bull)·4h (HTF),OB,A,A,29246.25,183.5,7.5584700173824215,171.0,7.043587863609777
p204:L7,204,LONDON,2026-09-02,RTH-H,RTH-H,A,A,29317.25,254.5,10.483000650811043,242.0,9.968118497038398
p204:L8,204,LONDON,2026-09-02,OB(bear)·4h (HTF),OB,A,,29563.12,500.369999999999,20.61052666265741,487.869999999999,20.095644508884764
p204:L9,204,LONDON,2026-09-02,PDH,PDH,A,A,29571,508.25,20.935108372395725,495.75,20.420226218623082
p205:L0,205,NY,2026-09-02,PDH,PDH,A,A,29571,463.25,15.542485589859556,480.75,16.12962751716132
p205:L1,205,NY,2026-09-02,RTH-H,RTH-H,A,A,29317.25,209.5,7.028927643983977,227.0,7.616069571285741
p205:L2,205,NY,2026-09-02,OB(bull)·4h (HTF),OB,A,A,29246.25,138.5,4.646808967502533,156.0,5.233950894804297
p205:L3,205,NY,2026-09-02,Supply·1h,SUPPLY,C,C,29209.25,101.5,3.405423178350232,119.0,3.992565105651996
p205:L4,205,NY,2026-09-02,ONH,ONH,A,A,29171.25,63.5,2.130486421923544,81.0,2.717628349225308
p205:L5,205,NY,2026-09-02,VWAP+1σ,VWAP,A,A,29115.1,7.349999999998545,0.24659960946669213,24.849999999998545,0.8337415367684562
p205:L6,205,NY,2026-09-02,OR-H,OR-H,A,A,29102,5.75,0.1929180618277225,11.75,0.39422386547404165
p205:L7,205,NY,2026-09-02,PDC,PDC,B,B,29058.75,49.0,1.6439973964449395,31.5,1.0568554691431755
p205:L8,205,NY,2026-09-02,OR-L,OR-L,A,A,29042.75,65.0,2.1808128728351237,47.5,1.5936709455333598
p205:L9,205,NY,2026-09-02,RTH-L,RTH-L,A,A,29001.75,106.0,3.5564025310849714,88.5,2.969260603783207
p205:L10,205,NY,2026-09-02,ONL,ONL,A,A,28927.25,180.5,6.055949593026767,163.0,5.468807665725003
p206:L0,206,NY,2026-09-02,OB(bull)·1h (HTF),OB,A,A,28921.5,,,228.25,6.371373620698799
p206:L1,206,NY,2026-09-02,ONL,ONL,A,A,28927.25,,,222.5,6.210868042083167
p206:L2,206,NY,2026-09-02,RTH-L,RTH-L,A,A,29001.75,,,148.0,4.131274023498016
p206:L3,206,NY,2026-09-02,OR-L,OR-L,C,C,29042.75,,,107.0,2.986799462934377
p206:L4,206,NY,2026-09-02,PDC,PDC,B,B,29058.75,,,91.0,2.5401752441778345
p206:L5,206,NY,2026-09-02,OR-H,OR-H,C,C,29102,,,47.75,1.332894152851556
p206:L6,206,NY,2026-09-02,VWAP+1σ,VWAP,A,A,29111.58,,,38.169999999998254,1.0654779018710276
p206:L7,206,NY,2026-09-02,ONH,ONH,A,A,29171.25,,,21.5,0.6001512939541037
p206:L8,206,NY,2026-09-02,Supply·1h,SUPPLY,C,C,29209.25,,,59.5,1.6608838135008919
p206:L9,206,NY,2026-09-02,OB(bull)·4h (HTF),OB,A,A,29246.25,,,96.5,2.693702319375396
p206:L10,206,NY,2026-09-02,RTH-H,RTH-H,A,A,29317.25,,,167.5,4.675597290107553
p206:L11,206,NY,2026-09-02,OB(bull)·1h (HTF),OB,A,A,29324.5,,,174.75,4.877973889231611
p207:L0,207,NY,2026-09-02,ONL,ONL,A,A,28927.25,254.75,7.02411774599577,274.25,7.561783284943435
p207:L1,207,NY,2026-09-02,RTH-L,RTH-L,A,A,29001.75,180.25,4.969959661298283,199.75,5.507625200245948
p207:L2,207,NY,2026-09-02,PDC,PDC,B,B,29058.75,123.25,3.398321932066649,142.75,3.9359874710143132
p207:L3,207,NY,2026-09-02,VWAP+1σ,VWAP,A,A,29135.65,46.349999999998545,1.277989627190947,65.84999999999854,1.8156551661386116
p207:L4,207,NY,2026-09-02,ONH,ONH,C,C,29171.25,10.75,0.29640536121473815,30.25,0.8340709001624026
p207:L5,207,NY,2026-09-02,Supply·1h,SUPPLY,C,C,29209.25,27.25,0.751353124939685,7.75,0.2136875859920205
p207:L6,207,NY,2026-09-02,OB(bull)·4h (HTF),OB,A,A,29246.25,64.25,1.7715390193532023,44.75,1.2338734804055378
p207:L7,207,NY,2026-09-02,RTH-H,RTH-H,A,A,29317.25,135.25,3.7291930329575194,115.75,3.1915274940098546
p207:L8,207,NY,2026-09-02,OB(bull)·1h (HTF),OB,A,A,29324.5,142.5,3.9290943230790867,123.0,3.3914287841314223
p207:L9,207,NY,2026-09-02,PDH,PDH,A,A,29571,389.0,10.725738187212384,369.5,10.18807264826472
p208:L0,208,NY,2026-09-02,PDH,PDH,A,A,29571,428.75,11.844217121420145,395.75,10.932592246768566
p208:L1,208,NY,2026-09-02,RTH-H,RTH-H,A,A,29317.25,175.0,4.8343743352735284,142.0,3.922749460621949
p208:L2,208,NY,2026-09-02,OB(bull)·4h (HTF),OB,A,A,29246.25,104.0,2.8729996049625544,71.0,1.9613747303109745
p208:L3,208,NY,2026-09-02,Supply·1h,SUPPLY,C,C,29209.25,67.0,1.8508747455047225,34.0,0.9392498708531427
p208:L4,208,NY,2026-09-02,ONH,ONH,C,C,29171.25,29.0,0.8011248898453276,4.0,0.11049998480625209
p208:L5,208,NY,2026-09-02,VWAP+1σ,VWAP,A,A,29143.97,1.7200000000011642,0.047514993466720556,31.279999999998836,0.8641098811848591
p208:L6,208,NY,2026-09-02,OR-H,OR-H,C,C,29102,40.25,1.1119060971129116,73.25,2.023530971764491
p208:L7,208,NY,2026-09-02,PDC,PDC,B,B,29058.75,83.5,2.306687182830512,116.5,3.218312057482092
p208:L8,208,NY,2026-09-02,OR-L,OR-L,C,C,29042.75,99.5,2.7486871220555207,132.5,3.6603119967071005
p208:L9,208,NY,2026-09-02,RTH-L,RTH-L,A,A,29001.75,140.5,3.8813119663196045,173.5,4.792936840971184
p208:L10,208,NY,2026-09-02,ONL,ONL,A,A,28927.25,215.0,5.939374183336049,248.0,6.85099905798763
p208:L11,208,NY,2026-09-02,OB(bull)·1h (HTF),OB,A,A,28921.5,220.75,6.098217911495037,253.75,7.009842786146617
p209:L0,209,NY,2026-09-02,ONH,ONH,C,C,29171.25,,,28.25,0.8774545431956118
p209:L1,209,NY,2026-09-02,VWAP+1σ,VWAP,A,A,29153.35,,,10.349999999998545,0.32147449635657716
p209:L2,209,NY,2026-09-02,OR-H,OR-H,C,C,29102,,,41.0,1.2734738503015959
p209:L3,209,NY,2026-09-02,PDC,PDC,B,B,29058.75,,,84.25,2.616833460680718
p209:L4,209,NY,2026-09-02,OR-L,OR-L,C,C,29042.75,,,100.25,3.113798865676463
p209:L5,209,NY,2026-09-02,RTH-L,RTH-L,A,A,29001.75,,,141.25,4.387272715978059
p209:L6,209,NY,2026-09-02,ONL,ONL,A,A,28927.25,,,215.75,6.701267882989495
p209:L7,209,NY,2026-09-02,OB(bull)·1h (HTF),OB,A,A,28921.5,,,221.5,6.879864825409841
p209:L8,209,NY,2026-09-02,Supply·1h,SUPPLY,C,C,29209.25,,,66.25,2.0577473800605057
p209:L9,209,NY,2026-09-02,OB(bull)·4h (HTF),OB,A,A,29246.25,,,103.25,3.2069798791131654
p209:L10,209,NY,2026-09-02,RTH-H,RTH-H,A,A,29317.25,,,174.25,5.412263863781782
p209:L11,209,NY,2026-09-02,PDH,PDH,A,A,29571,,,428.0,13.293824583636171
p210:L0,210,NY,2026-09-02,Supply·1h,SUPPLY,C,C,29209.25,23.0,0.806771266315195,39.0,1.3680034515779393
p210:L1,210,NY,2026-09-02,OB(bull)·4h (HTF),OB,A,A,29246.25,60.0,2.1046206947352912,76.0,2.6658528799980354
p210:L2,210,NY,2026-09-02,RTH-H,RTH-H,A,A,29317.25,131.0,4.595088516838719,147.0,5.156320702101463
p210:L3,210,NY,2026-09-02,PDH,PDH,A,A,29571,384.75,13.495880204990055,400.75,14.057112390252799
p210:L4,210,NY,2026-09-02,ONH,ONH,C,C,29171.25,15.0,0.5261551736838228,1.0,0.03507701157892152
p210:L5,210,NY,2026-09-02,VWAP+1σ,VWAP,A,A,29158.47,27.779999999998836,0.974439381662399,11.779999999998836,0.4132071963996547
p210:L6,210,NY,2026-09-02,OR-H,OR-H,C,C,29102,84.25,2.955238225524138,68.25,2.394006040261394
p210:L7,210,NY,2026-09-02,PDC,PDC,B,B,29058.75,127.5,4.4723189763124935,111.5,3.9110867910497498
p210:L8,210,NY,2026-09-02,OR-L,OR-L,C,C,29042.75,143.5,5.033551161575239,127.5,4.4723189763124935
p210:L9,210,NY,2026-09-02,RTH-L,RTH-L,A,A,29001.75,184.5,6.47170863631102,168.5,5.910476451048276
p210:L10,210,NY,2026-09-02,ONL,ONL,A,A,28927.25,259.0,9.084945998940674,243.0,8.52371381367793
p211:L0,211,NY,2026-09-02,RTH-L,RTH-L,A,A,29001.75,136.75,5.257391103763792,145.5,5.593787243858368
p211:L1,211,NY,2026-09-02,OR-L,OR-L,C,C,29042.75,95.75,3.6811349044634962,104.5,4.017531044558072
p211:L2,211,NY,2026-09-02,PDC,PDC,B,B,29058.75,79.75,3.0660105340048442,88.5,3.4024066740994194
p211:L3,211,NY,2026-09-02,OR-H,OR-H,C,C,29102,36.5,1.4032524701088,45.25,1.7396486102033755
p211:L4,211,NY,2026-09-02,VWAP+1σ,VWAP,A,A,29161.16,22.659999999999854,0.8711698896620604,13.909999999999854,0.5347737495674851
p211:L5,211,NY,2026-09-02,Supply·1h,SUPPLY,C,C,29209.25,70.75,2.7200030756218525,62.0,2.383606935527277
p211:L6,211,NY,2026-09-02,OB(bull)·4h (HTF),OB,A,A,29246.25,107.75,4.142478182307485,99.0,3.80608204221291
p211:L7,211,NY,2026-09-02,RTH-H,RTH-H,A,A,29317.25,178.75,6.872092576217754,170.0,6.535696436123179
p212:L0,212,NY,2026-09-02,VWAP+1σ,VWAP,A,A,29163.03,16.529999999998836,0.6158511823373596,17.029999999998836,0.6344794697643833
p212:L1,212,NY,2026-09-02,ONH,ONH,C,C,29171.25,24.75,0.9221002276376723,25.25,0.940728515064696
p212:L2,212,NY,2026-09-02,Supply·1h,SUPPLY,C,C,29209.25,62.75,2.3378500720914723,63.25,2.356478359518496
p212:L3,212,NY,2026-09-02,OB(bull)·4h (HTF),OB,A,A,29246.25,99.75,3.716343341691225,100.25,3.7349716291182484
p212:L4,212,NY,2026-09-02,RTH-H,RTH-H,A,A,29317.25,170.75,6.361560156328588,171.25,6.380188443755611
p212:L5,212,NY,2026-09-02,OR-H,OR-H,C,C,29102,44.5,1.6579175810051079,44.0,1.639289293578084
p212:L6,212,NY,2026-09-02,PDC,PDC,B,B,29058.75,87.75,3.2692644434426565,87.25,3.2506361560156325
p212:L7,212,NY,2026-09-02,OR-L,OR-L,C,C,29042.75,103.75,3.865369641107414,103.25,3.8467413536803905
p212:L8,212,NY,2026-09-02,RTH-L,RTH-L,A,A,29001.75,144.75,5.392889210123356,144.25,5.374260922696332
p212:L9,212,NY,2026-09-02,ONL,ONL,A,A,28927.25,219.25,8.168504036749885,218.75,8.149875749322861
p213:L0,213,NY,2026-09-02,PDH,PDH,A,A,29550.75,381.0,15.198902168536279,413.75,16.505369480923584
p213:L1,213,NY,2026-09-02,RTH-H,RTH-H,A,A,29317.25,147.5,5.884089422202365,180.25,7.19055673458967
p213:L2,213,NY,2026-09-02,OB(bull)·4h (HTF),OB,A,A,29246.25,76.5,3.05174807321004,109.25,4.358215385597345
p213:L3,213,NY,2026-09-02,Supply·1h,SUPPLY,C,C,29209.25,39.5,1.5757392011999554,72.25,2.8822065135872603
p213:L4,213,NY,2026-09-02,ONH,ONH,C,C,29171.25,1.5,0.05983819751392236,34.25,1.3663055099012271
p213:L5,213,NY,2026-09-02,VWAP+1σ,VWAP,A,A,29163.99,5.759999999998399,0.229778678453398,26.9900000000016,1.0766886339339068
p213:L6,213,NY,2026-09-02,OR-H,OR-H,C,C,29102,67.75,2.702691921045493,35.0,1.3962246086581884
p213:L7,213,NY,2026-09-02,PDC,PDC,B,B,29058.75,111.0,4.428026616030254,78.25,3.1215593036429494
p213:L8,213,NY,2026-09-02,OR-L,OR-L,C,C,29042.75,127.0,5.066300722845426,94.25,3.7598334104581213
p213:L9,213,NY,2026-09-02,RTH-L,RTH-L,A,A,29001.75,168.0,6.701878121559304,135.25,5.395410809171999
p213:L10,213,NY,2026-09-02,ONL,ONL,A,A,28927.25,242.5,9.673841931417448,209.75,8.367374619030143
p214:L0,214,NY,2026-09-02,ONL,ONL,A,A,28927.25,224.5,9.879553065741934,229.75,10.110589384651266
p214:L1,214,NY,2026-09-02,RTH-L,RTH-L,A,A,29001.75,150.0,6.601037683123787,155.25,6.832074002033119
p214:L2,214,NY,2026-09-02,OR-L,OR-L,C,C,29042.75,109.0,4.796754049736618,114.25,5.027790368645951
p214:L3,214,NY,2026-09-02,PDC,PDC,B,B,29058.75,93.0,4.092643363536748,98.25,4.32367968244608
p214:L4,214,NY,2026-09-02,OR-H,OR-H,C,C,29102,49.75,2.1893441649027228,55.0,2.420380483812055
p214:L5,214,NY,2026-09-02,VWAP+1σ,VWAP,A,A,29165.06,13.31000000000131,0.585732077082575,8.06000000000131,0.35469575817324245
p214:L6,214,NY,2026-09-02,ONH,ONH,C,C,29171.25,19.5,0.8581348988060923,14.25,0.6270985798967598
p214:L7,214,NY,2026-09-02,Supply·1h,SUPPLY,C,C,29209.25,57.5,2.530397778530785,52.25,2.299361459621452
p214:L8,214,NY,2026-09-02,OB(bull)·4h (HTF),OB,A,A,29246.25,94.5,4.158653740367986,89.25,3.927617421458653
p214:L9,214,NY,2026-09-02,RTH-H,RTH-H,A,A,29317.25,165.5,7.283144910379911,160.25,7.052108591470579
p214:L10,214,NY,2026-09-02,PDH,PDH,A,A,29450.5,298.75,13.147066718888208,293.5,12.916030399978876
p214:L11,214,NY,2026-09-02,Supply·4h (HTF),SUPPLY,A,A,29462.5,310.75,13.675149733538111,305.5,13.444113414628779
p215:L0,215,NY,2026-09-02,ONL,ONL,A,A,28927.25,,,216.5,9.445816354133035
p215:L1,215,NY,2026-09-02,RTH-L,RTH-L,A,A,29001.75,,,142.0,6.19540841702952
p215:L2,215,NY,2026-09-02,OR-L,OR-L,C,C,29042.75,,,101.0,4.406593310704094
p215:L3,215,NY,2026-09-02,VWAP−1σ,VWAP,A,A,29050.13,,,93.61999999999898,4.084606591565474
p215:L4,215,NY,2026-09-02,PDC,PDC,B,B,29058.75,,,85.0,3.7085191228697827
p215:L5,215,NY,2026-09-02,OR-H,OR-H,C,C,29102,,,41.75,1.821537333880158
p215:L6,215,NY,2026-09-02,VWAP,VWAP,A,A,29108.47,,,35.279999999998836,1.5392535841746073
p215:L7,215,NY,2026-09-02,OB(bear)·4h,OB,C,C,29154.38,,,10.630000000001019,0.4637830385424655
p215:L8,215,NY,2026-09-02,VWAP+1σ,VWAP,A,A,29166.8,,,23.049999999999272,1.0056631268487741
p215:L9,215,NY,2026-09-02,ONH,ONH,C,C,29171.25,,,27.5,1.1998150103402239
p215:L10,215,NY,2026-09-02,PDH,PDH,A,A,29317.25,,,173.5,7.569741974328322
p215:L11,215,NY,2026-09-02,FVG·1h (HTF),FVG,A,A,29336.88,,,193.13000000000102,8.426191743527587
p216:L0,216,ASIA,2026-09-02,ONH,ONH,C,C,29171.25,28.25,1.5084446200588426,,
p216:L1,216,ASIA,2026-09-02,Supply·1h,SUPPLY,C,C,29209.25,66.25,3.537502870049498,,
p216:L2,216,ASIA,2026-09-02,PDH,PDH,A,A,29317.25,174.25,9.304300001601888,,
p216:L3,216,ASIA,2026-09-02,FVG·4h (HTF),FVG,A,A,29346.88,203.88000000000102,10.886431473897288,,
p216:L4,216,ASIA,2026-09-02,VWAP,VWAP,A,A,29113.89,29.110000000000582,1.5543654120323465,,
p216:L5,216,ASIA,2026-09-02,OR-H,OR-H,C,C,29102,41.0,2.189247059200444,,
p216:L6,216,ASIA,2026-09-02,PDC,PDC,B,B,29058.75,84.25,4.49863572530823,,
p216:L7,216,ASIA,2026-09-02,VWAP−1σ,VWAP,A,A,29055.46,87.54000000000087,4.674309452741678,,
p216:L8,216,ASIA,2026-09-02,OR-L,OR-L,C,C,29042.75,100.25,5.352976041093768,,
p216:L9,216,ASIA,2026-09-02,iFVG(bear)·4h (HTF),IFVG,A,A,29004.5,138.5,7.395383358518573,,
p216:L10,216,ASIA,2026-09-02,ONL,ONL,A,A,28927.25,215.75,11.520245195670629,,
p217:L0,217,ASIA,2026-09-02,ONH,ONH,A,A,29189.25,,,1.5,0.0783703154143961
p217:L1,217,ASIA,2026-09-02,Supply·1h,SUPPLY,C,C,29209.25,,,21.5,1.1233078542730108
p217:L2,217,ASIA,2026-09-02,PDH,PDH,A,A,29317.25,,,129.5,6.76597056410953
p217:L3,217,ASIA,2026-09-02,OB(bull)·1h (HTF),OB,A,A,29324.5,,,136.75,7.144760421945778
p217:L4,217,ASIA,2026-09-02,VWAP+1σ,VWAP,A,A,29175.56,,,12.18999999999869,0.6368894299342572
p217:L5,217,ASIA,2026-09-02,ONL,ONL,A,A,29149,,,38.75,2.024566481538566
p217:L6,217,ASIA,2026-09-02,Demand·4h (HTF),DEMAND,A,A,29136.25,,,51.5,2.690714162560933
p217:L7,217,ASIA,2026-09-02,PDC,PDC,B,B,29058.75,,,129.0,6.7398471256380645
p217:L8,217,ASIA,2026-09-02,OR-L,OR-L,C,C,29042.75,,,145.0,7.575797156724956
p218:L0,218,ASIA,2026-09-02,VWAP+1σ,VWAP,A,A,29199.68,,,17.43000000000029,1.0824876721857364
p218:L1,218,ASIA,2026-09-02,ONH,ONH,A,A,29208.75,,,26.5,1.6457787328124804
p218:L2,218,ASIA,2026-09-02,OB(bull)·1h,OB,C,A,29212.5,,,30.25,1.878671949719907
p218:L3,218,ASIA,2026-09-02,PDH,PDH,A,A,29317.25,,,135.0,8.384155808667353
p218:L4,218,ASIA,2026-09-02,OB(bull)·1h (HTF),OB,A,A,29324.5,,,142.25,8.834416028021712
p218:L5,218,ASIA,2026-09-02,ONL,ONL,A,A,29149,,,33.25,2.064986523245848
p218:L6,218,ASIA,2026-09-02,Demand·4h (HTF),DEMAND,A,A,29136.25,,,46.0,2.856823460731098
p218:L7,218,ASIA,2026-09-02,OR-H,OR-H,C,C,29102,,,80.25,4.983914841818927
p218:L8,218,ASIA,2026-09-02,PDC,PDC,B,B,29058.75,,,123.5,7.669949943484579
p218:L9,218,ASIA,2026-09-02,OR-L,OR-L,C,C,29042.75,,,139.5,8.663627668956265
p218:L10,218,ASIA,2026-09-02,RTH-L,RTH-L,A,A,29001.75,,,180.5,11.209926840477461
p219:L0,219,ASIA,2026-09-02,VWAP,VWAP,A,A,29183.59,,,0.5900000000001455,0.036021735148674856
p219:L1,219,ASIA,2026-09-02,ONH,ONH,A,A,29208.75,,,25.75,1.5721350509799132
p219:L2,219,ASIA,2026-09-02,PDH,PDH,A,A,29317.25,,,134.25,8.196471091031198
p219:L3,219,ASIA,2026-09-02,OB(bull)·1h (HTF),OB,A,A,29324.5,,,141.5,8.639111056841076
p219:L4,219,ASIA,2026-09-02,FVG·4h (HTF),FVG,A,A,29346.88,,,163.88000000000102,10.005494840954942
p219:L5,219,ASIA,2026-09-02,ONL,ONL,A,A,29149,,,34.0,2.0758288051773612
p219:L6,219,ASIA,2026-09-02,Demand·4h (HTF),DEMAND,A,A,29136.25,,,46.75,2.8542646071188713
p219:L7,219,ASIA,2026-09-02,OR-H,OR-H,C,C,29102,,,81.0,4.945356859393125
p219:L8,219,ASIA,2026-09-02,PDC,PDC,B,B,29058.75,,,124.25,7.585933207155503
p219:L9,219,ASIA,2026-09-02,OR-L,OR-L,C,C,29042.75,,,140.25,8.562793821356614
p219:L10,219,ASIA,2026-09-02,RTH-L,RTH-L,A,A,29001.75,,,181.25,11.06599914524696
p220:L0,220,ASIA,2026-09-02,VWAP+1σ,VWAP,A,A,29197.57,,,25.31999999999971,1.7305720729956742
p220:L1,220,ASIA,2026-09-02,ONH,ONH,A,A,29208.75,,,36.5,2.4947030278176476
p220:L2,220,ASIA,2026-09-02,PDH,PDH,A,A,29317.25,,,145.0,9.910464083111203
p220:L3,220,ASIA,2026-09-02,OB(bull)·1h (HTF),OB,C,A,29324.5,,,152.25,10.405987287266763
p220:L4,220,ASIA,2026-09-02,ONL,ONL,A,A,29149,,,23.25,1.5890916547057616
p220:L5,220,ASIA,2026-09-02,Demand·4h (HTF),DEMAND,A,A,29136.25,,,36.0,2.4605290137379536
p220:L6,220,ASIA,2026-09-02,OR-H,OR-H,C,C,29102,,,70.25,4.801448978196979
p220:L7,220,ASIA,2026-09-02,PDC,PDC,B,B,29058.75,,,113.5,7.757501196090493
p220:L8,220,ASIA,2026-09-02,OR-L,OR-L,C,C,29042.75,,,129.5,8.851069646640694
p220:L9,220,ASIA,2026-09-02,RTH-L,RTH-L,A,A,29001.75,,,170.5,11.653338801175586
p221:L0,221,ASIA,2026-09-02,VWAP,VWAP,A,A,29181.64,2.639999999999418,0.1972755057052538,3.610000000000582,0.26975930893796896
p221:L1,221,ASIA,2026-09-02,Supply·1h,SUPPLY,C,C,29209.25,30.25,2.260448502873198,24.0,1.7934136882299754
p221:L2,221,ASIA,2026-09-02,OB(bull)·1h,OB,C,A,29212.5,33.5,2.5033066064876737,27.25,2.036271791844451
p221:L3,221,ASIA,2026-09-02,PDH,PDH,A,A,29317.25,138.25,10.330810099908087,132.0,9.863775285264865
p221:L4,221,ASIA,2026-09-02,ONL,ONL,A,A,29149,30.0,2.2417671102874692,36.25,2.708801924930692
p221:L5,221,ASIA,2026-09-02,Demand·4h (HTF),DEMAND,A,A,29136.25,42.75,3.1945181321596436,49.0,3.6615529468028662
p221:L6,221,ASIA,2026-09-02,OR-H,OR-H,C,C,29102,77.0,5.753868916404504,83.25,6.220903731047727
p221:L7,221,ASIA,2026-09-02,PDC,PDC,B,B,29058.75,120.25,8.985749833735605,126.5,9.452784648378827
p222:L0,222,ASIA,2026-09-02,ONL,ONL,A,A,29149,,,43.5,3.2533823958356707
p222:L1,222,ASIA,2026-09-02,Demand·4h (HTF),DEMAND,A,A,29136.25,,,56.25,4.206959994615091
p222:L2,222,ASIA,2026-09-02,PDC,PDC,B,B,29058.75,,,133.75,10.003215987195883
p222:L3,222,ASIA,2026-09-02,OR-L,OR-L,C,C,29042.75,,,149.75,11.199862385664177
p222:L4,222,ASIA,2026-09-02,OB(bull)·1h,OB,C,A,29212.5,,,20.0,1.4958079980853658
p222:L5,222,ASIA,2026-09-02,ONH,ONH,A,A,29218.25,,,25.75,1.9258527975349085
p222:L6,222,ASIA,2026-09-02,PDH,PDH,A,A,29317.25,,,124.75,9.330102388057469
p222:L7,222,ASIA,2026-09-02,OB(bull)·1h (HTF),OB,A,A,29324.5,,,132.0,9.872332787363414
p224:L0,224,ASIA,2026-09-02,ONL,ONL,A,A,29141.25,15.0,1.079315282384855,31.25,2.248573504968448
p224:L1,224,ASIA,2026-09-02,Demand·4h (HTF),DEMAND,A,A,29136.25,20.0,1.4390870431798066,36.25,2.6083452657633996
p224:L2,224,ASIA,2026-09-02,OR-H,OR-H,C,C,29102,54.25,3.9035236046252257,70.5,5.072781827208819
p224:L3,224,ASIA,2026-09-02,Demand·1h (HTF),DEMAND,A,A,29076.5,79.75,5.738359584679479,96.0,6.9076178072630725
p224:L4,224,ASIA,2026-09-02,VWAP−1σ,VWAP,A,A,29157.03,0.7799999999988358,0.05612439468392869,15.470000000001164,1.1131338278996643
p224:L5,224,ASIA,2026-09-02,SWG-L·5m,SWG-L,A,A,29167,10.75,0.7735092857091461,5.5,0.39574893687444684
p224:L6,224,ASIA,2026-09-02,VWAP,VWAP,A,A,29175.66,19.409999999999854,1.396633975405992,3.1599999999998545,0.227375752822399
p224:L7,224,ASIA,2026-09-02,SWG-H·5m,SWG-H,A,A,29189.25,33.0,2.374493621246681,16.75,1.2052353986630882
p224:L8,224,ASIA,2026-09-02,VWAP+1σ,VWAP,A,A,29194.3,38.04999999999927,2.73786309964953,21.799999999999272,1.5686048770659369
p224:L9,224,ASIA,2026-09-02,ONH,ONH,C,C,29218.25,62.0,4.461169833857401,45.75,3.291911611273808
p224:L10,224,ASIA,2026-09-02,OB(bull)·1h,OB,C,C,29324.5,168.25,12.106319750750124,152.0,10.93706152816653
p225:L0,225,ASIA,2026-09-02,VWAP,VWAP,A,A,29176.29,10.709999999999127,0.5985514050029691,3.459999999999127,0.1933695482082091
p225:L1,225,ASIA,2026-09-02,VWAP−1σ,VWAP,A,A,29159.39,27.610000000000582,1.5430442849798014,20.360000000000582,1.1378624281850414
p225:L2,225,ASIA,2026-09-02,ONL,ONL,A,A,29141.25,45.75,2.556837234256589,38.5,2.151655377461829
p225:L3,225,ASIA,2026-09-02,Demand·4h (HTF),DEMAND,A,A,29136.25,50.75,2.83627299756332,43.5,2.4310911407685603
p225:L4,225,ASIA,2026-09-02,OR-H,OR-H,C,C,29102,85.0,4.750407976214428,77.75,4.345226119419668
p225:L5,225,ASIA,2026-09-02,OR-L,OR-L,C,C,29042.75,144.25,8.06172177139919,137.0,7.656539914604431
p225:L6,225,ASIA,2026-09-02,VWAP+1σ,VWAP,A,A,29193.19,6.18999999999869,0.34594147497365985,13.43999999999869,0.7511233317684198
p225:L7,225,ASIA,2026-09-02,SWG-H·5m,SWG-H,A,A,29200.5,13.5,0.7544765609281738,20.75,1.1596584177229339
p225:L8,225,ASIA,2026-09-02,SWG-H·15m,SWG-H,A,A,29208.75,21.75,1.2155455703842801,29.0,1.6207274271790402
p225:L9,225,ASIA,2026-09-02,OB(bull)·1h,OB,C,A,29212.5,25.5,1.4251223928643284,32.75,1.8303042496590884
p225:L10,225,ASIA,2026-09-02,ONH,ONH,C,C,29218.25,31.25,1.746473520667069,38.5,2.151655377461829
p226:L0,226,ASIA,2026-09-02,VWAP+1σ,VWAP,A,A,29193.38,15.380000000001019,0.8502451779821337,47.63000000000102,2.6331064907208854
p226:L1,226,ASIA,2026-09-02,SWG-H·5m,SWG-H,A,A,29200.5,22.5,1.2438567298177337,54.75,3.0267180425564852
p226:L2,226,ASIA,2026-09-02,SWG-H·15m,SWG-H,A,A,29208.75,30.75,1.6999375307509026,63.0,3.482798843489654
p226:L3,226,ASIA,2026-09-02,OB(bull)·1h,OB,C,A,29212.5,34.5,1.9072469857205248,66.75,3.6901082984592763
p226:L4,226,ASIA,2026-09-02,ONH,ONH,C,C,29218.25,40.25,2.2251214833406125,72.5,4.0079827960793635
p226:L5,226,ASIA,2026-09-02,POC,POC,A,A,29159.02,18.979999999999563,1.0492622547528907,13.270000000000437,0.7335990579858608
p226:L6,226,ASIA,2026-09-02,ONL,ONL,A,A,29141.25,36.75,2.031632658702298,4.5,0.24877134596354672
p226:L7,226,ASIA,2026-09-02,Demand·4h (HTF),DEMAND,A,A,29136.25,41.75,2.3080452653284613,9.5,0.5251839525897097
p226:L8,226,ASIA,2026-09-02,pdVWAP,PDVWAP,A,A,29113.9,64.09999999999854,3.5436096169473297,31.849999999998545,1.760748304208578
p226:L9,226,ASIA,2026-09-02,OR-H,OR-H,C,C,29102,76.0,4.201471620717678,43.75,2.4186103079789265
p227:L0,227,ASIA,2026-09-02,VWAP+1σ,VWAP,A,A,29191.25,0.75,0.03955466718703029,0.25,0.01318488906234343
p227:L1,227,ASIA,2026-09-02,SWG-H·5m,SWG-H,A,A,29199.5,9.0,0.4746560062443635,8.0,0.4219164499949898
p227:L2,227,ASIA,2026-09-02,VWAP+2σ,VWAP,A,A,29208.63,18.13000000000102,0.9561681548011993,17.13000000000102,0.9034285985518256
p227:L3,227,ASIA,2026-09-02,OB(bull)·1h,OB,C,C,29212.5,22.0,1.160270237486222,21.0,1.1075306812368482
p227:L4,227,ASIA,2026-09-02,ONH,ONH,C,C,29218.25,27.75,1.4635226859201207,26.75,1.4107831296707471
p227:L5,227,ASIA,2026-09-02,VWAP,VWAP,A,A,29173.88,16.61999999999898,0.8765314248645375,17.61999999999898,0.9292709811139113
p227:L6,227,ASIA,2026-09-02,VWAP−1σ,VWAP,A,A,29156.5,34.0,1.7931449124787067,35.0,1.8458844687280802
p227:L7,227,ASIA,2026-09-02,SWG-L·5m,SWG-L,A,A,29141.25,49.25,2.5974231452816556,50.25,2.6501627015310296
p227:L8,227,ASIA,2026-09-02,ONL,ONL,A,A,29132.5,58.0,3.058894262463676,59.0,3.1116338187130497
p227:L9,227,ASIA,2026-09-02,pdVWAP,PDVWAP,A,A,29113.9,76.59999999999854,4.039850008701951,77.59999999999854,4.092589564951324
p227:L10,227,ASIA,2026-09-02,OR-H,OR-H,C,C,29102,88.5,4.667450728069574,89.5,4.7201902843189485
p227:L11,227,ASIA,2026-09-02,OR-L,OR-L,C,C,29042.75,147.75,7.792269435844967,148.75,7.845008992094341
p228:L0,228,ASIA,2026-09-02,SWG-H·5m,SWG-H,A,A,29199.5,,,22.75,1.1845380041445814
p228:L1,228,ASIA,2026-09-02,VWAP+2σ,VWAP,A,A,29208.69,,,31.93999999999869,1.6630392902143463
p228:L2,228,ASIA,2026-09-02,OB(bull)·1h,OB,C,C,29212.5,,,35.75,1.8614168636557706
p228:L3,228,ASIA,2026-09-02,ONH,ONH,C,C,29218.25,,,41.5,2.1608055899780276
p228:L4,228,ASIA,2026-09-02,VWAP+1σ,VWAP,A,A,29191.51,,,14.7599999999984,0.7685178435680055
p228:L5,228,ASIA,2026-09-02,VWAP,VWAP,A,A,29174.34,,,2.4099999999998545,0.12548292703245137
p228:L6,228,ASIA,2026-09-02,SWG-L·5m,SWG-L,A,A,29157.25,,,19.5,1.015318289266784
p228:L7,228,ASIA,2026-09-02,SWG-L·5m,SWG-L,A,A,29141.25,,,35.5,1.8483999625113248
p228:L8,228,ASIA,2026-09-02,ONL,ONL,A,A,29132.5,,,44.25,2.303991502566933
p228:L9,228,ASIA,2026-09-02,OR-H,OR-H,C,C,29102,,,74.75,3.8920534421893387
p228:L10,228,ASIA,2026-09-02,OR-L,OR-L,C,C,29042.75,,,134.0,6.977059013423029
p228:L11,228,ASIA,2026-09-02,iFVG(bear)·4h,IFVG,A,A,29004.5,,,172.25,8.968644888523258
p229:L0,229,ASIA,2026-09-02,SWG-H·5m,SWG-H,A,A,29195,,,2.75,0.15631305810866883
p229:L1,229,ASIA,2026-09-02,SWG-H·5m,SWG-H,A,A,29199.5,,,1.75,0.0994719460691529
p229:L2,229,ASIA,2026-09-02,VWAP+2σ,VWAP,A,A,29208.39,,,10.639999999999418,0.6047894321004165
p229:L3,229,ASIA,2026-09-02,OB(bull)·1h,OB,C,C,29212.5,,,14.75,0.8384064025828601
p229:L4,229,ASIA,2026-09-02,ONH,ONH,C,C,29218.25,,,20.5,1.1652427968100767
p229:L5,229,ASIA,2026-09-02,SWG-L·5m,SWG-L,A,A,29167.5,,,30.25,1.7194436391953571
p229:L6,229,ASIA,2026-09-02,SWG-L·5m,SWG-L,A,A,29157.25,,,40.5,2.3020650376003955
p229:L7,229,ASIA,2026-09-02,VWAP−2σ,VWAP,A,A,29141.44,,,56.31000000000131,3.200723018945217
p229:L8,229,ASIA,2026-09-02,ONL,ONL,A,A,29132.5,,,65.25,3.7088825605784153
p229:L9,229,ASIA,2026-09-02,Demand·1h (HTF),DEMAND,A,A,29105.75,,,92.0,5.229382307635467
p230:L0,230,ASIA,2026-09-02,PDC,PDC,A,A,29207.5,,,38.5,2.8560830860534123
p230:L1,230,ASIA,2026-09-02,OB(bull)·1h,OB,C,C,29212.5,,,43.5,3.2270029673590503
p230:L2,230,ASIA,2026-09-02,SWG-H·15m,SWG-H,A,A,29218.25,,,49.25,3.653560830860534
p230:L3,230,ASIA,2026-09-02,SWG-L·5m,SWG-L,A,A,29228.75,,,59.75,4.432492581602374
p230:L4,230,ASIA,2026-09-02,SWG-H·5m,SWG-H,A,A,29235,,,66.0,4.896142433234421
p230:L5,230,ASIA,2026-09-02,PDH,PDH,A,A,29255,,,86.0,6.379821958456973
p230:L6,230,ASIA,2026-09-02,SWG-H·15m,SWG-H,A,A,29200.5,,,31.5,2.336795252225519
p230:L7,230,ASIA,2026-09-02,SWG-H·5m,SWG-H,A,A,29195,,,26.0,1.9287833827893175
p230:L8,230,ASIA,2026-09-02,VWAP,VWAP,A,A,29186.14,,,17.139999999999418,1.2715133531156837
p230:L9,230,ASIA,2026-09-02,ONL,ONL,A,A,29132.5,,,36.5,2.707715133531157
p230:L10,230,ASIA,2026-09-02,Demand·1h,DEMAND,C,C,29098.88,,,70.11999999999898,5.201780415430191
p230:L11,230,ASIA,2026-09-02,RTH-L,RTH-L,A,A,29017.25,,,151.75,11.257418397626113
p231:L0,231,ASIA,2026-09-02,Demand·1h,DEMAND,C,C,29098.88,4.119999999998981,0.19452129819354783,22.61999999999898,1.0679785837715876
p231:L1,231,ASIA,2026-09-02,ONL,ONL,A,A,29075,28.0,1.3219894051991956,46.5,2.1954466907772354
p231:L2,231,ASIA,2026-09-02,RTH-L,RTH-L,A,A,29017.25,85.75,4.048592553422536,104.25,4.922049839000576
p231:L3,231,ASIA,2026-09-02,PDL,PDL,A,A,28927.25,175.75,8.297844212991379,194.25,9.171301498569418
p231:L4,231,ASIA,2026-09-02,VWAP−2σ,VWAP,A,A,29107.02,4.020000000000437,0.18979990746076225,14.479999999999563,0.6836573781172777
p231:L5,231,ASIA,2026-09-02,pdVWAP,PDVWAP,A,A,29113.9,10.900000000001455,0.5146315898811841,7.599999999998545,0.3588256956968558
p231:L6,231,ASIA,2026-09-02,SWG-L·15m,SWG-L,A,A,29132.5,29.5,1.3928102661920096,11.0,0.5193529806139696
p231:L7,231,ASIA,2026-09-02,PDC,PDC,A,A,29207.5,104.5,4.933853315832712,86.0,4.0603960302546716
p232:L0,232,LONDON,2026-09-03,VWAP,VWAP,A,A,29173.56,4.18999999999869,0.18957474629101717,1.5600000000013097,0.0705815284521068
p232:L1,232,LONDON,2026-09-03,SWG-L·5m,SWG-L,A,A,29162.5,15.25,0.6899796851882852,9.5,0.4298234104451613
p232:L2,232,LONDON,2026-09-03,VWAP−1σ,VWAP,A,A,29139.1,38.650000000001455,1.7487026119690643,32.900000000001455,1.4885463372259402
p232:L3,232,LONDON,2026-09-03,Demand·1h,DEMAND,C,C,29098.88,78.86999999999898,3.568439198085204,73.11999999999898,3.30828292334208
p232:L4,232,LONDON,2026-09-03,ONL,ONL,A,A,29075,102.75,4.648879518235824,97.0,4.3887232434926995
p232:L5,232,LONDON,2026-09-03,RTH-L,RTH-L,A,A,29017.25,160.5,7.261753408047199,154.75,7.001597133304075
p232:L6,232,LONDON,2026-09-03,SWG-H·5m,SWG-H,A,A,29204.25,26.5,1.1989810922943973,32.25,1.4591373670375214
p232:L7,232,LONDON,2026-09-03,PDC,PDC,A,A,29207.5,29.75,1.346025943236163,35.5,1.606182217979287
p232:L8,232,LONDON,2026-09-03,SWG-H·15m,SWG-H,A,A,29218.25,40.5,1.8324050655820034,46.25,2.0925613403251275
p232:L9,232,LONDON,2026-09-03,SWG-L·5m,SWG-L,A,A,29228.75,51.0,2.307473045547708,56.75,2.5676293202908322
p232:L10,232,LONDON,2026-09-03,SWG-H·5m,SWG-H,A,A,29235,57.25,2.5902516050511037,63.0,2.850407879794228
p232:L11,232,LONDON,2026-09-03,PDH,PDH,A,A,29255,77.25,3.4951429954619697,83.0,3.755299270205094
p233:L0,233,NY,2026-09-03,ONH,ONH,A,A,29293,,,79.0,2.7226920876500067
p233:L1,233,NY,2026-09-03,VWAP+2σ,VWAP,A,A,29259.67,,,45.669999999998254,1.5739917423160892
p233:L2,233,NY,2026-09-03,PDH,PDH,B,B,29255,,,41.0,1.4130427290335477
p233:L3,233,NY,2026-09-03,VWAP+1σ,VWAP,A,A,29219.2,,,5.200000000000728,0.17921517538964576
p233:L4,233,NY,2026-09-03,Supply·1h,SUPPLY,C,C,29209.25,,,4.75,0.16370616982705735
p233:L5,233,NY,2026-09-03,VWAP,VWAP,A,A,29178.73,,,35.27000000000044,1.215561391536923
p233:L6,233,NY,2026-09-03,Demand·1h (HTF),DEMAND,A,A,29144.5,,,69.5,2.395279747995892
p234:L0,234,LONDON,2026-09-03,ONH,ONH,A,A,29293,,,53.75,1.8589096241371201
p234:L1,234,LONDON,2026-09-03,PDH,PDH,B,B,29255,,,15.75,0.5447037503285515
p234:L2,234,LONDON,2026-09-03,VWAP+1σ,VWAP,A,A,29219.97,,,19.279999999998836,0.6667865591323072
p234:L3,234,LONDON,2026-09-03,Supply·1h,SUPPLY,C,C,29209.25,,,30.0,1.0375309530067647
p234:L4,234,LONDON,2026-09-03,SWG-H·5m,SWG-H,A,A,29187.25,,,52.0,1.7983869852117256
p234:L5,234,LONDON,2026-09-03,VWAP,VWAP,A,A,29179.57,,,59.68000000000029,2.0639949091814676
p234:L6,234,LONDON,2026-09-03,Demand·1h,DEMAND,A,A,29144.5,,,94.75,3.2768685932463653
p234:L7,234,LONDON,2026-09-03,ONL,ONL,A,A,29075,,,164.25,5.680481967712037
p234:L8,234,LONDON,2026-09-03,RTH-L,RTH-L,A,A,29017.25,,,222.0,7.677729052250059
p235:L0,235,NY,2026-09-03,OB(bear)·1h,OB,C,C,29498.5,,,153.25,4.209251288868625
p235:L1,235,NY,2026-09-03,ONH,ONH,A,A,29293,,,52.25,1.4351280903320434
p235:L2,235,NY,2026-09-03,OR-H,OR-H,A,A,29285,,,60.25,1.6548606209091983
p235:L3,235,NY,2026-09-03,PDH,PDH,B,B,29255,,,90.25,2.4788576105735296
p235:L4,235,NY,2026-09-03,VWAP+1σ,VWAP,A,A,29233.08,,,112.16999999999825,3.080924744354886
p235:L5,235,NY,2026-09-03,OR-L,OR-L,A,A,29222.75,,,122.5,3.3646543744626856
p235:L6,235,NY,2026-09-03,Supply·1h,SUPPLY,C,C,29209.25,,,136.0,3.7354530198116347
p235:L7,235,NY,2026-09-03,Demand·1h,DEMAND,C,A,29144.5,,,200.75,5.5139131891704825
p235:L8,235,NY,2026-09-03,ONL,ONL,A,A,29075,,,270.25,7.422839548559517
p236:L0,236,NY,2026-09-03,VWAP+2σ,VWAP,A,A,29351.05,,,49.54999999999927,1.0987280919605316
p236:L1,236,NY,2026-09-03,ONH,ONH,C,C,29293,,,8.5,0.1884800965018094
p236:L2,236,NY,2026-09-03,OR-H,OR-H,C,C,29285,,,16.5,0.3658731285035124
p236:L3,236,NY,2026-09-03,PDH,PDH,B,B,29255,,,46.5,1.0310969985098986
p236:L4,236,NY,2026-09-03,OR-L,OR-L,A,A,29222.75,,,78.75,1.7462126587667637
p236:L5,236,NY,2026-09-03,VWAP,VWAP,A,A,29217.09,,,84.40999999999985,1.8717182289079652
p236:L6,236,NY,2026-09-03,Supply·1h,SUPPLY,C,C,29209.25,,,92.25,2.0455634002696375
p236:L7,236,NY,2026-09-03,VWAP−1σ,VWAP,A,A,29150.11,,,151.38999999999942,3.3569413893422135
p236:L8,236,NY,2026-09-03,Demand·1h (HTF),DEMAND,A,A,29144.5,,,157.0,3.481338253033421
p236:L9,236,NY,2026-09-03,ONL,ONL,A,A,29075,,,226.5,5.0224402185482155
p236:L10,236,NY,2026-09-03,RTH-L,RTH-L,A,A,29017.25,,,284.25,6.302996168310509
p237:L0,237,NY,2026-09-03,SWG-H·5m,SWG-H,A,A,29375.25,79.25,1.6788938155271727,85.25,1.8060024955670848
p237:L1,237,NY,2026-09-03,FVG·4h (HTF),FVG,A,A,29346.88,50.88000000000102,1.0778816067384764,56.88000000000102,1.2049902867783886
p237:L2,237,NY,2026-09-03,VWAP+1σ,VWAP,A,A,29303.68,7.680000000000291,0.1626991104510937,13.680000000000291,0.2898077904910058
p237:L3,237,NY,2026-09-03,ONH,ONH,C,C,29293,3.0,0.06355434001995607,3.0,0.06355434001995607
p237:L4,237,NY,2026-09-03,OR-H,OR-H,C,C,29285,11.0,0.23303258007317224,5.0,0.1059239000332601
p237:L5,237,NY,2026-09-03,SWG-H·5m,SWG-H,A,A,29260,36.0,0.7626520802394728,30.0,0.6355434001995607
p237:L6,237,NY,2026-09-03,PDH,PDH,B,B,29255,41.0,0.8685759802727329,35.0,0.7414673002328208
p237:L7,237,NY,2026-09-03,OR-L,OR-L,A,A,29222.75,73.25,1.5517851354872607,67.25,1.4246764554473486
p237:L8,237,NY,2026-09-03,Supply·1h,SUPPLY,C,C,29209.25,86.75,1.8377796655770628,80.75,1.7106709855371507
p237:L9,237,NY,2026-09-03,Demand·1h,DEMAND,C,A,29144.5,151.5,3.209494171007781,145.5,3.0823854909678694
p237:L10,237,NY,2026-09-03,ONL,ONL,A,A,29075,221.0,4.681836381470097,215.0,4.554727701430185
p238:L0,238,NY,2026-09-03,EQL·15m (HTF),EQL,A,A,29435.75,,,25.25,0.5216403264125606
p238:L1,238,NY,2026-09-03,EQH·15m (HTF),EQH,A,A,29445.5,,,15.5,0.3202148538374135
p238:L2,238,NY,2026-09-03,EQL·1h (HTF),EQL,A,A,29455,,,6.0,0.12395413696932135
p238:L3,238,NY,2026-09-03,Supply·1h,SUPPLY,C,C,29539.38,,,78.38000000000102,1.6192542092759223
p238:L4,238,NY,2026-09-03,VWAP+2σ,VWAP,A,A,29406.28,,,54.720000000001164,1.1304617291602348
p238:L5,238,NY,2026-09-03,SWG-H·5m,SWG-H,A,A,29364.75,,,96.25,1.9884309472161967
p238:L6,238,NY,2026-09-03,VWAP+1σ,VWAP,A,A,29326.74,,,134.2599999999984,2.7736804049168144
p238:L7,238,NY,2026-09-03,PDH,PDH,B,B,29255,,,206.0,4.255758702613366
p239:L0,239,NY,2026-09-03,EQH·15m,EQH,A,A,29517,11.0,0.271015396138277,3.25,0.0800727306772182
p239:L1,239,NY,2026-09-03,EQL·1h,EQL,A,A,29526.5,20.5,0.5050741473486071,12.75,0.31413148188754836
p239:L2,239,NY,2026-09-03,VWAP+2σ,VWAP,A,A,29481.05,24.950000000000728,0.6147121939682008,32.70000000000073,0.8056548594292595
p239:L3,239,NY,2026-09-03,SWG-H·5m,SWG-H,A,A,29543.75,37.75,0.930075564019996,30.0,0.7391328985589373
p239:L4,239,NY,2026-09-03,SWG-H·5m,SWG-H,A,A,29364.75,141.25,3.4800840640483295,149.0,3.6710267295093884
p239:L5,239,NY,2026-09-03,PDH,PDH,B,B,29255,251.0,6.184078584609775,258.75,6.375021250070834
p239:L6,239,NY,2026-09-03,OB(bear)·1h,OB,C,C,29502.88,3.1199999999989814,0.07686982145010438,10.869999999998981,0.26781248691116316
p239:L7,239,NY,2026-09-03,Supply·1h,SUPPLY,C,C,29539.38,33.38000000000102,0.8224085384632693,25.63000000000102,0.6314658730022105
p239:L8,239,NY,2026-09-03,Supply·1h,SUPPLY,C,C,29619.5,113.5,2.7963861328813127,105.75,2.605443467420254
p240:L0,240,NY,2026-09-03,EQH·15m (HTF),EQH,A,A,29529.5,,,38.0,1.1706319255970992
p240:L1,240,NY,2026-09-03,VWAP+2σ,VWAP,A,A,29512.29,,,20.790000000000873,0.6404588877148609
p240:L2,240,NY,2026-09-03,SWG-H·5m,SWG-H,A,A,29543.75,,,52.25,1.6096188976960115
p240:L3,240,NY,2026-09-03,SWG-L·5m,SWG-L,A,A,29502.25,,,10.75,0.3311656105307583
p240:L4,240,NY,2026-09-03,EQL·15m (HTF),EQL,A,A,29567,,,75.5,2.325860799541605
p240:L5,240,NY,2026-09-03,VWAP+1σ,VWAP,A,A,29397.11,,,94.38999999999942,2.9077880909765663
p240:L6,240,NY,2026-09-03,SWG-H·5m,SWG-H,A,A,29364.75,,,126.75,3.9046735939324297
p240:L7,240,NY,2026-09-03,ONH,ONH,C,C,29293,,,198.5,6.115011506079584
p240:L8,240,NY,2026-09-03,PDH,PDH,B,B,29255,,,236.5,7.285643431676683
p240:L9,240,NY,2026-09-03,Supply·1h,SUPPLY,C,C,29539.38,,,47.88000000000102,1.4749962262523764
p240:L10,240,NY,2026-09-03,Supply·1h,SUPPLY,C,C,29619.5,,,128.0,3.943181223063913
p241:L0,241,ASIA,2026-09-03,Supply·1h,SUPPLY,C,C,29619.5,,,,
p241:L1,241,ASIA,2026-09-03,Supply·1h,SUPPLY,C,C,29539.38,,,,
p241:L2,241,ASIA,2026-09-03,SWG-H·5m,SWG-H,A,A,29525.75,,,,
p241:L3,241,ASIA,2026-09-03,SWG-H·5m,SWG-H,A,A,29517.5,,,,
p241:L4,241,ASIA,2026-09-03,eVWAP,EVWAP,A,A,29512.54,,,,
p241:L5,241,ASIA,2026-09-03,OB(bear)·1h,OB,C,C,29502.88,,,,
p241:L6,241,ASIA,2026-09-03,VWAP+2σ,VWAP,A,A,29460.16,,,,
p241:L7,241,ASIA,2026-09-03,VWAP+1σ,VWAP,A,A,29362.15,,,,
p241:L8,241,ASIA,2026-09-03,Demand·1h (HTF),DEMAND,A,,29304.62,,,,
p241:L9,241,ASIA,2026-09-03,ONH,ONH,C,C,29293,,,,
p241:L10,241,ASIA,2026-09-03,OR-L,OR-L,A,A,29222.75,,,,
p242:L0,242,ASIA,2026-09-03,OB(bull)·4h (HTF),OB,A,A,29545,,,29.5,3.2547414411333118
p242:L1,242,ASIA,2026-09-03,Supply·1h,SUPPLY,C,C,29539.38,,,23.88000000000102,2.6346856140429424
p242:L2,242,ASIA,2026-09-03,ONH,ONH,A,A,29513,,,2.5,0.27582554585875524
p242:L3,242,ASIA,2026-09-03,OB(bear)·1h (HTF),OB,A,A,29509.25,,,6.25,0.6895638646468881
p242:L4,242,ASIA,2026-09-03,OB(bear)·1h,OB,C,C,29502.88,,,12.619999999998981,1.392367355494884
p242:L5,242,ASIA,2026-09-03,ONL,ONL,A,A,29481.5,,,34.0,3.751227423679071
p242:L6,242,ASIA,2026-09-03,Supply·4h (HTF),SUPPLY,A,A,29462.5,,,53.0,5.847501572205611
p242:L7,242,ASIA,2026-09-03,OB(bull)·1h (HTF),OB,A,A,29324.5,,,191.0,21.0730717036089
p243:L0,243,ASIA,2026-09-03,PDH,PDH,A,A,29255,,,268.25,23.87287969670541
p243:L1,243,ASIA,2026-09-03,ONL,ONL,A,A,29481.5,,,41.75,3.715536728191802
p243:L2,243,ASIA,2026-09-03,VWAP,VWAP,A,A,29503.08,,,20.169999999998254,1.7950269654520277
p243:L3,243,ASIA,2026-09-03,ONH,ONH,A,A,29521.25,,,2.0,0.17798978338643362
p243:L4,243,ASIA,2026-09-03,POC,POC,A,,29527.62,,,4.369999999998981,0.38890767669926685
p243:L5,243,ASIA,2026-09-03,Supply·1h,SUPPLY,C,C,29539.38,,,16.13000000000102,1.4354876030116779
p243:L6,243,ASIA,2026-09-03,OB(bull)·4h (HTF),OB,A,A,29545,,,21.75,1.9356388943274658
p243:L7,243,ASIA,2026-09-03,OB(bear)·1h (HTF),OB,A,,29577.12,,,53.86999999999898,4.794154815513499
p244:L0,244,ASIA,2026-09-03,SWG-H·15m,SWG-H,A,A,29548,,,6.5,0.6254089212177193
p244:L1,244,ASIA,2026-09-03,ONH,ONH,A,A,29541.75,,,0.25,0.02405418927760459
p244:L2,244,ASIA,2026-09-03,VWAP+1σ,VWAP,A,A,29522.22,,,19.279999999998836,1.8550590770887538
p244:L3,244,ASIA,2026-09-03,SWG-H·5m,SWG-H,A,A,29516.75,,,24.75,2.381364738482854
p244:L4,244,ASIA,2026-09-03,VWAP,VWAP,A,A,29509.18,,,32.31999999999971,3.109725589808693
p244:L5,244,ASIA,2026-09-03,ONL,ONL,A,A,29481.5,,,60.0,5.773005426625101
p244:L6,244,ASIA,2026-09-03,OB(bull)·1h (HTF),OB,A,A,29574.38,,,32.88000000000102,3.163606973790653
p245:L0,245,ASIA,2026-09-03,Demand·1h,DEMAND,C,,29541.12,,,2.1300000000010186,0.19137638253722125
p245:L1,245,ASIA,2026-09-03,SWG-H·15m,SWG-H,A,A,29548,,,4.75,0.42677831786449116
p245:L2,245,ASIA,2026-09-03,SWG-H·15m,SWG-H,A,A,29585,,,41.75,3.7511567938615804
p245:L3,245,ASIA,2026-09-03,OB(bull)·1h,OB,C,C,29532,,,11.25,1.0107907528369529
p245:L4,245,ASIA,2026-09-03,VWAP+1σ,VWAP,A,A,29528.63,,,14.619999999998981,1.3135787383533528
p245:L5,245,ASIA,2026-09-03,SWG-L·5m,SWG-L,A,A,29517.5,,,25.75,2.3135877231601363
p245:L6,245,ASIA,2026-09-03,VWAP−1σ,VWAP,A,A,29499.27,,,43.97999999999956,3.9515179830905547
p245:L7,245,ASIA,2026-09-03,ONL,ONL,A,A,29481.5,,,61.75,5.548118132238385
p246:L0,246,ASIA,2026-09-03,Supply·1h,SUPPLY,C,C,29848.75,,,230.75,18.992863786390984
p246:L1,246,ASIA,2026-09-03,ONH,ONH,A,A,29643.5,,,25.5,2.0988863555925033
p246:L2,246,ASIA,2026-09-03,OB(bull)·1h (HTF),OB,A,A,29633.25,,,15.25,1.2552163499131637
p246:L3,246,ASIA,2026-09-03,OB(bear)·1h,OB,C,C,29619.5,,,1.5,0.12346390327014725
p246:L4,246,ASIA,2026-09-03,PDH,PDH,A,A,29601,,,17.0,1.399257570395002
p246:L5,246,ASIA,2026-09-03,RTH-H,RTH-H,A,A,29585,,,33.0,2.7162058719432394
p246:L6,246,ASIA,2026-09-03,Demand·1h,DEMAND,C,C,29541.12,,,76.88000000000102,6.327936588939364
p246:L7,246,ASIA,2026-09-03,VWAP−1σ,VWAP,A,A,29509.09,,,108.90999999999985,8.964302470101146
p246:L8,246,ASIA,2026-09-03,ONL,ONL,A,A,29481.5,,,136.5,11.2352151975834
p247:L0,247,ASIA,2026-09-03,VWAP+2σ,VWAP,A,A,29637.52,,,7.270000000000437,0.5627283423122512
p247:L1,247,ASIA,2026-09-03,ONH,ONH,A,A,29643.5,,,13.25,1.0256053006378103
p247:L2,247,ASIA,2026-09-03,OB(bear)·1h (HTF),OB,A,,29652.12,,,21.86999999999898,1.6928292773545561
p247:L3,247,ASIA,2026-09-03,Supply·1h,SUPPLY,C,C,29848.75,,,218.5,16.91281193881974
p247:L4,247,ASIA,2026-09-03,OB(bear)·1h,OB,C,C,29619.5,,,10.75,0.8320948665552047
p247:L5,247,ASIA,2026-09-03,PDH,PDH,B,B,29601,,,29.25,2.264072078766487
p247:L6,247,ASIA,2026-09-03,PDC,PDC,A,A,29597.25,,,33.0,2.5543377298903955
p247:L7,247,ASIA,2026-09-03,SWG-L·5m,SWG-L,A,A,29591.5,,,38.75,2.9994117282803887
p247:L8,247,ASIA,2026-09-03,SWG-H·5m,SWG-H,A,A,29579.5,,,50.75,3.9282618118768964
p247:L9,247,ASIA,2026-09-03,VWAP,VWAP,A,A,29554.2,,,76.04999999999927,5.88658740479281
p247:L10,247,ASIA,2026-09-03,eVWAP,EVWAP,A,A,29549.25,,,81.0,6.269738064276426
p247:L11,247,ASIA,2026-09-03,Demand·1h,DEMAND,C,C,29541.12,,,89.13000000000102,6.899033995913139
p248:L0,248,LONDON,2026-09-04,OB(bull)·4h,OB,C,C,29863.5,,,260.75,19.578324560942463
p248:L1,248,LONDON,2026-09-04,Supply·1h,SUPPLY,C,C,29848.75,,,246.0,18.47082585615281
p248:L2,248,LONDON,2026-09-04,ONH,ONH,A,A,29644.25,,,41.5,3.1160133050013887
p248:L3,248,LONDON,2026-09-04,EQL·15m (HTF),EQL,A,A,29639.5,,,36.75,2.7593611797301456
p248:L4,248,LONDON,2026-09-04,OB(bear)·1h,OB,C,C,29619.5,,,16.75,1.2576680206933317
p248:L5,248,LONDON,2026-09-04,PDH,PDH,B,B,29601,,,1.75,0.13139815141572123
p248:L6,248,LONDON,2026-09-04,PDC,PDC,A,A,29597.25,,,5.5,0.41296561873512383
p248:L7,248,LONDON,2026-09-04,SWG-L·5m,SWG-L,A,A,29591.5,,,11.25,0.8447024019582078
p248:L8,248,LONDON,2026-09-04,SWG-H·15m,SWG-H,A,A,29579.5,,,23.25,1.7457182973802963
p248:L9,248,LONDON,2026-09-04,VWAP,VWAP,A,A,29558.34,,,44.409999999999854,3.3345096596412342
p248:L10,248,LONDON,2026-09-04,ONL,ONL,A,A,29481.5,,,121.25,9.104014776660684
p249:L0,249,LONDON,2026-09-04,VWAP,VWAP,A,A,29561.43,14.569999999999709,1.0363615671323092,21.56999999999971,1.5342703502432433
p249:L1,249,LONDON,2026-09-04,Demand·1h,DEMAND,C,,29541.12,34.88000000000102,2.4810083364156985,41.88000000000102,2.978917119526632
p249:L2,249,LONDON,2026-09-04,VWAP−1σ,VWAP,A,A,29517.35,58.650000000001455,4.1717643042081445,65.65000000000146,4.669673087319079
p249:L3,249,LONDON,2026-09-04,OB(bull)·1h (HTF),OB,A,A,29490.88,85.11999999999898,6.054570802628886,92.11999999999898,6.55247958573982
p249:L4,249,LONDON,2026-09-04,ONL,ONL,A,A,29481.5,94.5,6.72176857199761,101.5,7.219677355108544
p249:L5,249,LONDON,2026-09-04,VWAP−2σ,VWAP,A,A,29473.28,102.72000000000116,7.306455743022247,109.72000000000116,7.804364526133181
p249:L6,249,LONDON,2026-09-04,PDC,PDC,B,B,29597.25,21.25,1.5115088058724784,14.25,1.0136000227615445
p249:L7,249,LONDON,2026-09-04,PDH,PDH,B,B,29601,25.0,1.7782456539676217,18.0,1.2803368708566876
p249:L8,249,LONDON,2026-09-04,OB(bull)·1h,OB,C,C,29611,35.0,2.4895439155546706,28.0,1.9916351324437362
p249:L9,249,LONDON,2026-09-04,ONH,ONH,A,A,29644.25,68.25,4.854610635331607,61.25,4.356701852220673
p249:L10,249,LONDON,2026-09-04,VWAP+2σ,VWAP,A,A,29649.59,73.59000000000015,5.234443907019101,66.59000000000015,4.736535123908167
p250:L0,250,LONDON,2026-09-04,VWAP−1σ,VWAP,A,A,29538.84,,,4.0900000000001455,0.12995265783370336
p250:L1,250,LONDON,2026-09-04,OB(bear)·4h,OB,C,C,29503.38,,,31.36999999999898,0.9967273536046447
p250:L2,250,LONDON,2026-09-04,Supply·1h (HTF),SUPPLY,A,A,29496.25,,,38.5,1.2232707399993645
p250:L3,250,LONDON,2026-09-04,ONL,ONL,A,A,29481.5,,,53.25,1.6919264131160043
p250:L4,250,LONDON,2026-09-04,Demand·1h (HTF),DEMAND,A,A,29278,,,256.75,8.15778603882693
p250:L5,250,LONDON,2026-09-04,RTH-H,RTH-H,B,B,29585,,,50.25,1.5966066151939757
p250:L6,250,LONDON,2026-09-04,PDC,PDC,B,B,29597.25,,,62.5,1.9858291233755918
p250:L7,250,LONDON,2026-09-04,PDH,PDH,B,B,29601,,,66.25,2.1049788707781274
p250:L8,250,LONDON,2026-09-04,ONH,ONH,A,A,29720,,,185.25,5.885997521685254
p250:L9,250,LONDON,2026-09-04,OB(bull)·4h,OB,C,C,29863.5,,,328.75,10.445461188955614
p251:L0,251,NY,2026-09-04,VWAP−1σ,VWAP,A,A,29531.275675205263,,,2.0256752052628144,0.05920499451295104
p251:L1,251,NY,2026-09-04,SWG-L·15m,SWG-L,A,A,29573.75,,,44.5,1.3006143576134166
p251:L2,251,NY,2026-09-04,ONL,ONL,A,A,29481.5,,,47.75,1.3956030466525986
p251:L3,251,NY,2026-09-04,VWAP−2σ,VWAP,A,A,29476.083071977766,,,53.16692802223406,1.553925167099252
p251:L4,251,NY,2026-09-04,RTH-H,RTH-H,B,B,29585,,,55.75,1.6294213581336623
p251:L5,251,NY,2026-09-04,PDC,PDC,B,B,29597.25,,,68.0,1.987455647589041
p251:L6,251,NY,2026-09-04,PDH,PDH,B,B,29601,,,71.75,2.09705798109579
p251:L7,251,NY,2026-09-04,SWG-L·5m,SWG-L,A,A,29616.25,,,87.0,2.542774137356567
p251:L8,251,NY,2026-09-04,SWG-H·15m,SWG-H,A,A,29644.25,,,115.0,3.36113822754029
p251:L9,251,NY,2026-09-04,ONH,ONH,A,A,29720,,,190.75,5.575105364376611
p251:L10,251,NY,2026-09-04,RTH-L,RTH-L,A,A,29199.25,,,330.0,9.645005348593877
p251:L11,251,NY,2026-09-04,PDL,PDL,A,A,29075,,,454.25,13.276495998784146
p252:L0,252,NY,2026-09-04,OR-H,OR-H,A,A,29611.25,,,31.5,0.9665867826161668
p252:L1,252,NY,2026-09-04,ONH,ONH,A,A,29720,,,77.25,2.3704390145110756
p252:L2,252,NY,2026-09-04,OB(bull)·4h,OB,C,C,29863.5,,,220.75,6.773778801984724
p252:L3,252,NY,2026-09-04,PDH,PDH,B,B,29601,,,41.75,1.2811110531499987
p252:L4,252,NY,2026-09-04,PDC,PDC,B,B,29597.25,,,45.5,1.396180908223352
p252:L5,252,NY,2026-09-04,RTH-H,RTH-H,B,B,29585,,,57.75,1.772075768129639
p252:L6,252,NY,2026-09-04,OR-L,OR-L,A,A,29553.75,,,89.0,2.730991227074249
p252:L7,252,NY,2026-09-04,VWAP−1σ,VWAP,A,A,29532.64,,,110.11000000000058,3.37875779790053
p252:L8,252,NY,2026-09-04,OB(bear)·4h,OB,C,C,29503.38,,,139.36999999999898,4.276609520419497
p252:L9,252,NY,2026-09-04,ONL,ONL,A,A,29481.5,,,161.25,4.948003768154187
p253:L0,253,NY,2026-09-04,OB(bull)·4h,OB,C,C,29863.5,,,203.75,5.700480658933597
p253:L1,253,NY,2026-09-04,ONH,ONH,A,A,29720,,,60.25,1.6856636058932477
p253:L2,253,NY,2026-09-04,Supply·1h (HTF),SUPPLY,A,A,29657.38,,,2.3699999999989814,0.0663074314683034
p253:L3,253,NY,2026-09-04,OR-H,OR-H,A,A,29635,,,24.75,0.6924510248275166
p253:L4,253,NY,2026-09-04,PDH,PDH,B,B,29601,,,58.75,1.6436968771158225
p253:L5,253,NY,2026-09-04,PDC,PDC,B,B,29597.25,,,62.5,1.7486136990593855
p253:L6,253,NY,2026-09-04,VWAP,VWAP,A,A,29591.02,,,68.72999999999956,1.9229155125816129
p253:L7,253,NY,2026-09-04,OR-L,OR-L,A,A,29553.75,,,106.0,2.965648833604718
p253:L8,253,NY,2026-09-04,OB(bear)·4h,OB,C,C,29503.38,,,156.36999999999898,4.374891585950629
p253:L9,253,NY,2026-09-04,ONL,ONL,A,A,29481.5,,,178.25,4.987046269717368
p254:L0,254,NY,2026-09-04,OB(bear)·4h,OB,C,C,29503.38,,,9.869999999998981,0.31488476557511874
p254:L1,254,NY,2026-09-04,ONL,ONL,C,C,29481.5,,,31.75,1.0129271840943315
p254:L2,254,NY,2026-09-04,RTH-L,RTH-L,A,A,29199.25,,,314.0,10.017610576554963
p254:L3,254,NY,2026-09-04,Demand·1h (HTF),DEMAND,A,A,29144.5,,,368.75,11.764311783772747
p254:L4,254,NY,2026-09-04,VWAP−1σ,VWAP,A,A,29526.38,,,13.130000000001019,0.418889257548334
p254:L5,254,NY,2026-09-04,OR-L,OR-L,C,C,29553.75,,,40.5,1.2920803450652103
p254:L6,254,NY,2026-09-04,RTH-H,RTH-H,B,B,29585,,,71.75,2.2890559199612057
p254:L7,254,NY,2026-09-04,PDH,PDH,B,B,29601,,,87.75,2.7995074143079552
p254:L8,254,NY,2026-09-04,OR-H,OR-H,C,C,29635,,,121.75,3.8842168397947985
p254:L9,254,NY,2026-09-04,OB(bull)·4h (HTF),OB,A,A,29697.75,,,184.5,5.886143794185958
p254:L10,254,NY,2026-09-04,ONH,ONH,A,A,29720,,,206.75,6.595990403511906
p254:L11,254,NY,2026-09-04,Demand·4h,DEMAND,C,C,29852.38,,,339.130000000001,10.81933845486336
p255:L0,255,NY,2026-09-04,ONH,ONH,A,A,29720,,,160.25,5.921346778454796
p255:L1,255,NY,2026-09-04,OR-H,OR-H,C,C,29635,,,75.25,2.780538814843828
p255:L2,255,NY,2026-09-04,PDH,PDH,B,B,29601,,,41.25,1.5242156293994407
p255:L3,255,NY,2026-09-04,PDC,PDC,B,B,29597.25,,,37.5,1.3856505721813097
p255:L4,255,NY,2026-09-04,RTH-H,RTH-H,B,B,29585,,,25.25,0.9330047186020819
p255:L5,255,NY,2026-09-04,OR-L,OR-L,C,C,29553.75,,,6.0,0.22170409154900955
p255:L6,255,NY,2026-09-04,POC,POC,A,A,29530.63,,,29.11999999999898,1.0760038576511555
p255:L7,255,NY,2026-09-04,OB(bear)·4h,OB,C,C,29503.38,,,56.36999999999898,2.082909940102907
p255:L8,255,NY,2026-09-04,ONL,ONL,C,C,29481.5,,,78.25,2.891390860618333
p255:L9,255,NY,2026-09-04,FVG·1h (HTF),FVG,A,,29425.12,,,134.63000000000102,4.974670307540563
p255:L10,255,NY,2026-09-04,RTH-L,RTH-L,B,B,29199.25,,,360.5,13.32072083390299
p255:L11,255,NY,2026-09-04,Demand·1h (HTF),DEMAND,A,A,29144.5,,,415.25,15.343770669287702
p256:L0,256,NY,2026-09-04,VWAP,VWAP,A,A,29579.56,9.81000000000131,0.421232523788315,40.06000000000131,1.720140153206748
p256:L1,256,NY,2026-09-04,RTH-H,RTH-H,B,B,29585,15.25,0.6548212016076398,45.5,1.9537288310260728
p256:L2,256,NY,2026-09-04,PDC,PDC,B,B,29597.25,27.5,1.1808251176531208,57.75,2.4797327470715538
p256:L3,256,NY,2026-09-04,PDH,PDH,B,B,29601,31.25,1.3418467246058192,61.5,2.6407543540242524
p256:L4,256,NY,2026-09-04,OR-H,OR-H,C,C,29635,65.25,2.8017759609769506,95.5,4.100683590395383
p256:L5,256,NY,2026-09-04,ONH,ONH,A,A,29720,150.25,6.451599051904779,180.5,7.750506681323212
p256:L6,256,NY,2026-09-04,OR-L,OR-L,C,C,29553.75,16.0,0.6870255229981794,14.25,0.6118821064202535
p256:L7,256,NY,2026-09-04,OB(bear)·4h,OB,C,C,29503.38,66.36999999999898,2.8498677475867793,36.11999999999898,1.5509601181683463
p256:L8,256,NY,2026-09-04,ONL,ONL,C,C,29481.5,88.25,3.7893751502868334,58.0,2.4904675208684006
p256:L9,256,NY,2026-09-04,FVG·1h (HTF),FVG,A,A,29425.12,144.63000000000102,6.210281336951712,114.38000000000102,4.911373707533279
p256:L10,256,NY,2026-09-04,Demand·1h (HTF),DEMAND,A,A,29144.5,425.25,18.259850228435987,395.0,16.960942599017553
p256:L11,256,NY,2026-09-04,PDL,PDL,A,A,29101.75,468.0,20.095496547696747,437.75,18.796588918278314
p258:L0,258,ASIA,2026-09-06,OB(bull)·1h (HTF),OB,A,A,29432.25,,,,
p258:L1,258,ASIA,2026-09-06,Supply·1h (HTF),SUPPLY,A,,29465.12,,,,
p258:L2,258,ASIA,2026-09-06,PDL,PDL,A,A,29468.25,,,,
p258:L3,258,ASIA,2026-09-06,OB(bear)·1h (HTF),OB,A,A,29502.88,,,,
p258:L4,258,ASIA,2026-09-06,PDC,PDC,A,A,29524.75,,,,
p258:L5,258,ASIA,2026-09-06,nPOC·2026-09-03,NPOC,A,A,29534.33,,,,
p258:L6,258,ASIA,2026-09-06,Supply·1h,SUPPLY,C,A,29539.38,,,,
p258:L7,258,ASIA,2026-09-06,Supply·1h (HTF),SUPPLY,A,A,29657.38,,,,
p258:L8,258,ASIA,2026-09-06,RTH-H,RTH-H,A,A,29692,,,,
p258:L9,258,ASIA,2026-09-06,PDH,PDH,A,A,29720,,,,
p259:L0,259,ASIA,2026-09-06,VWAP,VWAP,A,A,29575.48,5.270000000000437,0.45846020008703237,7.270000000000437,0.6324488908221346
p259:L1,259,ASIA,2026-09-06,VWAP−1σ,VWAP,A,A,29566.02,14.729999999999563,1.28142670726399,16.729999999999563,1.4554153979990923
p259:L2,259,ASIA,2026-09-06,OB(bull)·4h (HTF),OB,A,A,29545,35.75,3.110047846889952,37.75,3.2840365376250547
p259:L3,259,ASIA,2026-09-06,Demand·1h,DEMAND,C,,29541.12,39.63000000000102,3.447585906916139,41.63000000000102,3.6215745976512417
p259:L4,259,ASIA,2026-09-06,ONL,ONL,A,A,29530.25,50.5,4.393214441061331,52.5,4.5672031317964334
p259:L5,259,ASIA,2026-09-06,PDC,PDC,A,A,29524.75,56.0,4.871683340582862,58.0,5.045672031317965
p259:L6,259,ASIA,2026-09-06,PDL,PDL,A,A,29468.25,112.5,9.7868638538495,114.5,9.960852544584602
p259:L7,259,ASIA,2026-09-06,ONH,ONH,A,A,29587.75,7.0,0.6089604175728578,5.0,0.4349717268377556
p259:L8,259,ASIA,2026-09-06,VWAP+2σ,VWAP,A,A,29594.4,13.650000000001455,1.1874728142671993,11.650000000001455,1.013484123532097
p259:L9,259,ASIA,2026-09-06,OB(bear)·1h (HTF),OB,A,A,29607.5,26.75,2.3270987385819923,24.75,2.1531100478468903
p259:L10,259,ASIA,2026-09-06,Supply·1h,SUPPLY,C,C,29657.38,76.63000000000102,6.66637668551553,74.63000000000102,6.492387994780429
p259:L11,259,ASIA,2026-09-06,PDH,PDH,A,A,29720,139.25,12.113962592431493,137.25,11.93997390169639
p260:L0,260,ASIA,2026-09-06,Demand·1h,DEMAND,C,C,29541.12,1.8800000000010186,0.11272267224689975,27.13000000000102,1.6266840947110892
p260:L1,260,ASIA,2026-09-06,ONL,ONL,A,A,29530.25,12.75,0.7644755697591452,38.0,2.2784369922233347
p260:L2,260,ASIA,2026-09-06,PDC,PDC,A,A,29524.75,18.25,1.0942493449493647,43.5,2.608210767413554
p260:L3,260,ASIA,2026-09-06,PDL,PDL,A,A,29468.25,74.75,4.481925399176165,100.0,5.9958868216403545
p260:L4,260,ASIA,2026-09-06,VWAP−1σ,VWAP,A,A,29553.16,10.159999999999854,0.6091821010786513,15.090000000000146,0.9047793213855382
p260:L5,260,ASIA,2026-09-06,VWAP,VWAP,A,A,29564.54,21.540000000000873,1.2915140213813847,3.709999999999127,0.2224474010828048
p260:L6,260,ASIA,2026-09-06,ONH,ONH,A,A,29587.75,44.75,2.6831593526840587,19.5,1.1691979302198692
p260:L7,260,ASIA,2026-09-06,OB(bear)·1h (HTF),OB,A,A,29607.5,64.5,3.8673469999580288,39.25,2.3533855774938393
p260:L8,260,ASIA,2026-09-06,RTH-H,RTH-H,A,A,29692,149.0,8.933871364244128,123.75,7.419909941779939
p261:L0,261,ASIA,2026-09-06,PDL,PDL,A,A,29468.25,,,114.0,7.595999440294778
p261:L1,261,ASIA,2026-09-06,PDC,PDC,A,A,29524.75,,,57.5,3.831315507166226
p261:L2,261,ASIA,2026-09-06,ONL,ONL,A,A,29530.25,,,52.0,3.4648418499590217
p261:L3,261,ASIA,2026-09-06,Demand·1h,DEMAND,C,C,29541.12,,,41.13000000000102,2.740556640169579
p261:L4,261,ASIA,2026-09-06,SWG-L·5m,SWG-L,A,A,29575.25,,,7.0,0.46642101826371446
p261:L5,261,ASIA,2026-09-06,VWAP+1σ,VWAP,A,A,29593.68,,,11.430000000000291,0.7615988912506274
p261:L6,261,ASIA,2026-09-06,SWG-H·15m,SWG-H,A,A,29597.5,,,15.25,1.0161315040745207
p261:L7,261,ASIA,2026-09-06,OB(bull)·1h,OB,C,C,29611,,,28.75,1.915657753583113
p261:L8,261,ASIA,2026-09-06,EQH·1h (HTF),EQH,A,A,29619.25,,,37.0,2.465368239393919
p261:L9,261,ASIA,2026-09-06,ONH,ONH,A,A,29623,,,40.75,2.7152366420351948
p261:L10,261,ASIA,2026-09-06,RTH-H,RTH-H,A,A,29692,,,109.75,7.312815250634666
p261:L11,261,ASIA,2026-09-06,PDH,PDH,A,A,29720,,,137.75,9.178499323689524
p262:L0,262,ASIA,2026-09-06,PDC,PDC,A,A,29524.75,59.5,4.060297118212651,59.0,4.026176974362124
p262:L1,262,ASIA,2026-09-06,ONL,ONL,A,A,29530.25,54.0,3.6849755358568594,53.5,3.6508553920063327
p262:L2,262,ASIA,2026-09-06,Demand·1h,DEMAND,C,C,29541.12,43.13000000000102,2.943203608546483,42.63000000000102,2.9090834646959567
p262:L3,262,ASIA,2026-09-06,VWAP−1σ,VWAP,A,A,29557.57,26.68000000000029,1.8206508758641125,26.18000000000029,1.7865307320135861
p262:L4,262,ASIA,2026-09-06,SWG-L·5m,SWG-L,A,A,29572.25,12.0,0.8188834524126354,11.5,0.784763308562109
p262:L5,262,ASIA,2026-09-06,SWG-L·5m,SWG-L,A,A,29576,8.25,0.5629823735336869,7.75,0.5288622296831603
p262:L6,262,ASIA,2026-09-06,VWAP+1σ,VWAP,A,A,29593.84,9.590000000000146,0.6544243590531077,10.090000000000146,0.6885445029036342
p262:L7,262,ASIA,2026-09-06,SWG-H·15m,SWG-H,A,A,29597.5,13.25,0.9041838120389516,13.75,0.938303955889478
p262:L8,262,ASIA,2026-09-06,OB(bull)·1h,OB,C,C,29611,26.75,1.8254276960031663,27.25,1.8595478398536929
p262:L9,262,ASIA,2026-09-06,ONH,ONH,A,A,29623,38.75,2.644311148415802,39.25,2.6784312922663283
p263:L0,263,ASIA,2026-09-06,SWG-H·5m,SWG-H,A,A,29596.75,,,1.75,0.14296918401359435
p263:L1,263,ASIA,2026-09-06,SWG-L·5m,SWG-L,A,A,29569.5,,,29.0,2.369203620796706
p263:L2,263,ASIA,2026-09-06,Demand·1h,DEMAND,C,C,29541.12,,,57.38000000000102,4.687755302114393
p263:L3,263,ASIA,2026-09-06,ONL,ONL,A,A,29530.25,,,68.25,5.575798176530179
p263:L4,263,ASIA,2026-09-06,PDC,PDC,A,A,29524.75,,,73.75,6.025129897715761
p263:L5,263,ASIA,2026-09-06,OB(bull)·1h,OB,C,C,29611,,,12.5,1.0212084572399596
p263:L6,263,ASIA,2026-09-06,ONH,ONH,A,A,29623,,,24.5,2.0015685761903206
p263:L7,263,ASIA,2026-09-06,RTH-H,RTH-H,A,A,29692,,,93.5,7.638639260154897
p263:L8,263,ASIA,2026-09-06,PDH,PDH,A,A,29720,,,121.5,9.926146204372406
p264:L0,264,ASIA,2026-09-07,ONH,ONH,A,A,29687.5,9.5,0.48911084796375437,15.5,0.7980229624671782
p264:L1,264,ASIA,2026-09-07,EQH·1h (HTF),EQH,A,A,29707.5,29.5,1.5188178963085004,35.5,1.827730010811924
p264:L2,264,ASIA,2026-09-07,OB(bear)·1h,OB,C,,29750.62,72.61999999999898,3.7388662925397202,78.61999999999898,4.047778407043144
p264:L3,264,ASIA,2026-09-07,VWAP+2σ,VWAP,A,A,29674.82,3.180000000000291,0.1637234206868296,2.819999999999709,0.14518869381659422
p264:L4,264,ASIA,2026-09-07,SWG-H·15m,SWG-H,A,A,29664.5,13.5,0.6950522576327035,7.5,0.38614014312927974
p264:L5,264,ASIA,2026-09-07,VWAP+1σ,VWAP,A,A,29636.64,41.36000000000058,2.129434175976965,35.36000000000058,1.820522061473541
p264:L6,264,ASIA,2026-09-07,OR-L,OR-L,B,B,29612.25,65.75,3.3851619214333524,59.75,3.076249806929929
p264:L7,264,ASIA,2026-09-07,POC,POC,A,A,29583.34,94.65999999999985,4.873603459815675,88.65999999999985,4.5646913453122515
p264:L8,264,ASIA,2026-09-07,VWAP−1σ,VWAP,A,A,29560.28,117.72000000000116,6.060855686557235,111.72000000000116,5.751943572053811
p264:L9,264,ASIA,2026-09-07,ONL,ONL,A,A,29521.75,156.25,8.044586315193328,150.25,7.735674200689904
p265:L0,265,ASIA,2026-09-07,OB(bear)·1h,OB,C,C,29750.62,,,85.36999999999898,5.282698959796476
p265:L1,265,ASIA,2026-09-07,VWAP+2σ,VWAP,A,A,29724.57,,,59.31999999999971,3.6707239345804044
p265:L2,265,ASIA,2026-09-07,ONH,ONH,A,A,29721.25,,,56.0,3.465282203919482
p265:L3,265,ASIA,2026-09-07,OB(bull)·1h,OB,A,A,29715.75,,,50.5,3.124941987463104
p265:L4,265,ASIA,2026-09-07,OB(bear)·4h,OB,A,A,29708.25,,,43.0,2.660841692295316
p265:L5,265,ASIA,2026-09-07,VWAP+1σ,VWAP,A,A,29671.42,,,6.169999999998254,0.381799842824592
p265:L6,265,ASIA,2026-09-07,SWG-H·15m,SWG-H,A,A,29664.5,,,0.75,0.04641002951677877
p265:L7,265,ASIA,2026-09-07,OR-H,OR-H,A,A,29646,,,19.25,1.191190757597322
p265:L8,265,ASIA,2026-09-07,POC,POC,A,A,29583.34,,,81.90999999999985,5.06859402362579
p265:L9,265,ASIA,2026-09-07,ONL,ONL,C,C,29521.75,,,143.5,8.879785647543672
p266:L0,266,ASIA,2026-09-07,OB(bear)·1h,OB,C,C,29750.62,84.86999999999898,5.370941101273849,61.61999999999898,3.899580424890928
p266:L1,266,ASIA,2026-09-07,ONH,ONH,A,A,29721.25,55.5,3.512280324268908,32.25,2.040919647885987
p266:L2,266,ASIA,2026-09-07,OB(bear)·4h (HTF),OB,A,A,29708.25,42.5,2.6895840320978124,19.25,1.2182233557148914
p266:L3,266,ASIA,2026-09-07,VWAP+1σ,VWAP,A,A,29675.22,9.470000000001164,0.5993026066816333,13.779999999998836,0.8720580697012875
p266:L4,266,ASIA,2026-09-07,OB(bear)·1h,OB,C,C,29670,4.25,0.2689584032097812,19.0,1.2024022731731396
p266:L5,266,ASIA,2026-09-07,SWG-H·5m,SWG-H,A,A,29662.5,3.25,0.20567407304277388,26.5,1.6770347494256947
p266:L6,266,ASIA,2026-09-07,OR-H,OR-H,A,A,29646,19.75,1.249865520798395,43.0,2.721226197181316
p266:L7,266,ASIA,2026-09-07,VWAP,VWAP,A,A,29621.97,43.779999999998836,2.770587974711508,67.02999999999884,4.241948651094429
p266:L8,266,ASIA,2026-09-07,OB(bull)·1h,OB,C,C,29611,54.75,3.4648170766436523,78.0,4.936177753026573
p266:L9,266,ASIA,2026-09-07,POC,POC,A,A,29583.34,82.40999999999985,5.215261649063066,105.65999999999985,6.686622325445987
p266:L10,266,ASIA,2026-09-07,VWAP−1σ,VWAP,A,A,29568.73,97.02000000000044,6.139845712803081,120.27000000000044,7.611206389186001
p266:L11,266,ASIA,2026-09-07,ONL,ONL,C,C,29521.75,144.0,9.112943544049058,167.25,10.584304220431978
p267:L0,267,ASIA,2026-09-07,ONH,ONH,A,A,29753.25,,,4.75,0.31402259640493707
p267:L1,267,ASIA,2026-09-07,OB(bear)·1h (HTF),OB,A,,29761.62,,,3.6199999999989814,0.2393182734706426
p267:L2,267,ASIA,2026-09-07,OB(bear)·1h,OB,C,C,29845.25,,,87.25,5.768099270806476
p267:L3,267,ASIA,2026-09-07,Demand·1h (HTF),DEMAND,A,,29722.62,,,35.38000000000102,2.3389725180646304
p267:L4,267,ASIA,2026-09-07,OB(bear)·4h (HTF),OB,A,A,29708.25,,,49.75,3.2889735097148676
p267:L5,267,ASIA,2026-09-07,VWAP+1σ,VWAP,A,A,29702.73,,,55.27000000000044,3.653900821747581
p267:L6,267,ASIA,2026-09-07,OB(bear)·1h,OB,C,C,29670,,,88.0,5.8176817860283085
p267:L7,267,ASIA,2026-09-07,OR-H,OR-H,A,A,29646,,,112.0,7.404322273126938
p267:L8,267,ASIA,2026-09-07,VWAP,VWAP,A,A,29640.01,,,117.9900000000016,7.800321294698743
p267:L9,267,ASIA,2026-09-07,OR-L,OR-L,C,C,29612.25,,,145.75,9.635535458109386
p268:L0,268,ASIA,2026-09-07,VWAP+1σ,VWAP,A,A,29712.47,12.470000000001164,0.725379559071675,14.220000000001164,0.8271770112268725
p268:L1,268,ASIA,2026-09-07,SWG-H·15m,SWG-H,A,A,29721.25,21.25,1.2361119190273981,23.0,1.3379093711825956
p268:L2,268,ASIA,2026-09-07,SWG-L·5m,SWG-L,A,A,29726.25,26.25,1.5269617823279624,28.0,1.6287592344831598
p268:L3,268,ASIA,2026-09-07,PDC,PDC,A,A,29736.75,36.75,2.1377464952591474,38.5,2.239543947414345
p268:L4,268,ASIA,2026-09-07,OB(bear)·1h (HTF),OB,A,,29750.62,50.61999999999898,2.944564016054853,52.36999999999898,3.046361468210051
p268:L5,268,ASIA,2026-09-07,PDH,PDH,A,A,29764.75,64.75,3.7665057297423075,66.5,3.8683031818975047
p268:L6,268,ASIA,2026-09-07,OB(bear)·1h,OB,C,C,29670,30.0,1.7450991798033857,28.25,1.643301727648188
p268:L7,268,ASIA,2026-09-07,SWG-L·5m,SWG-L,A,A,29660.25,39.75,2.312256413239486,38.0,2.2104589610842886
p268:L8,268,ASIA,2026-09-07,RTH-H,RTH-H,A,A,29646,54.0,3.141178523646094,52.25,3.0393810714908964
p268:L9,268,ASIA,2026-09-07,POC,POC,A,A,29583.34,116.65999999999985,6.786109010528757,114.90999999999985,6.68431155837356
p268:L10,268,ASIA,2026-09-07,RTH-L,RTH-L,B,B,29563.75,136.25,7.925658774940376,134.5,7.823861322785179
p268:L11,268,ASIA,2026-09-07,PDL,PDL,A,A,29521.75,178.25,10.368797626665117,176.5,10.267000174509919
p269:L0,269,LONDON,2026-09-08,nPOC·2026-09-03,NPOC,A,A,29501.78,,,107.97000000000116,4.404439929998946
p269:L1,269,LONDON,2026-09-08,PDL,PDL,A,A,29521.75,,,88.0,3.5898000726118653
p269:L2,269,LONDON,2026-09-08,Demand·1h,DEMAND,C,,29541.12,,,68.63000000000102,2.7996361248108634
p269:L3,269,LONDON,2026-09-08,SWG-L·5m,SWG-L,A,A,29546.25,,,63.5,2.5903670978506073
p269:L4,269,LONDON,2026-09-08,RTH-L,RTH-L,B,B,29563.75,,,46.0,1.876486401592566
p269:L5,269,LONDON,2026-09-08,EQH·1h (HTF),EQH,A,A,29575.5,,,34.25,1.3971665055335953
p269:L6,269,LONDON,2026-09-08,VWAP−1σ,VWAP,A,A,29581.47,,,28.279999999998836,1.1536312051529474
p269:L7,269,LONDON,2026-09-08,OB(bull)·1h,OB,C,C,29611,,,1.25,0.05099147830414581
p269:L8,269,LONDON,2026-09-08,SWG-H·15m,SWG-H,A,A,29623.25,,,13.5,0.5507079656847748
p269:L9,269,LONDON,2026-09-08,EQH·1h (HTF),EQH,A,A,29661.25,,,51.5,2.1008489061308073
p269:L10,269,LONDON,2026-09-08,SWG-L·5m,SWG-L,A,A,29675.75,,,66.0,2.692350054458899
p269:L11,269,LONDON,2026-09-08,VWAP+1σ,VWAP,A,A,29705.64,,,95.88999999999942,3.91165828366761
p270:L0,270,LONDON,2026-09-08,VWAP−2σ,VWAP,A,A,29518.22,,,113.02999999999884,4.740574841358667
p270:L1,270,LONDON,2026-09-08,PDL,PDL,A,A,29521.75,,,109.5,4.592523623186582
p270:L2,270,LONDON,2026-09-08,SWG-L·5m,SWG-L,A,A,29546.25,,,85.0,3.5649726755329634
p270:L3,270,LONDON,2026-09-08,RTH-L,RTH-L,B,B,29563.75,,,67.5,2.8310077129232356
p270:L4,270,LONDON,2026-09-08,EQH·1h (HTF),EQH,A,A,29575.5,,,55.75,2.338202666599561
p270:L5,270,LONDON,2026-09-08,VWAP−1σ,VWAP,A,A,29579.75,,,51.5,2.159954032822913
p270:L6,270,LONDON,2026-09-08,OB(bull)·1h,OB,C,C,29611,,,20.25,0.8493023138769707
p270:L7,270,LONDON,2026-09-08,SWG-H·5m,SWG-H,A,A,29620.75,,,10.5,0.44037897756583666
p270:L8,270,LONDON,2026-09-08,RTH-H,RTH-H,B,B,29646,,,14.75,0.6186276113424848
p270:L9,270,LONDON,2026-09-08,Supply·1h,SUPPLY,C,C,29657.38,,,26.13000000000102,1.095914541313882
p270:L10,270,LONDON,2026-09-08,SWG-L·5m,SWG-L,A,A,29675.75,,,44.5,1.866368047779022
p270:L11,270,LONDON,2026-09-08,PDC,PDC,A,A,29736.75,,,105.5,4.424760203161502
p271:L0,271,LONDON,2026-09-08,SWG-L·5m,SWG-L,A,A,29546.25,,,0.0,0.0
p271:L1,271,LONDON,2026-09-08,Demand·1h,DEMAND,C,,29541.12,,,5.130000000001019,0.20413523063703795
p271:L2,271,LONDON,2026-09-08,PDL,PDL,A,A,29521.75,,,24.5,0.9749148441727946
p271:L3,271,LONDON,2026-09-08,EQL·15m (HTF),EQL,A,A,29514,,,32.25,1.2833062744723522
p271:L4,271,LONDON,2026-09-08,OB(bear)·1h,OB,C,C,29498.5,,,47.75,1.900089135071467
p271:L5,271,LONDON,2026-09-08,RTH-L,RTH-L,B,B,29563.75,,,17.5,0.6963677458377104
p271:L6,271,LONDON,2026-09-08,EQL·15m (HTF),EQL,A,A,29572,,,25.75,1.0246553974469168
p271:L7,271,LONDON,2026-09-08,VWAP−1σ,VWAP,A,A,29577.87,,,31.61999999999898,1.258237035622154
p271:L8,271,LONDON,2026-09-08,SWG-L·5m,SWG-L,A,A,29595.75,,,49.5,1.9697259096552382
p271:L9,271,LONDON,2026-09-08,SWG-H·5m,SWG-H,A,A,29629.25,,,83.0,3.3027727374017126
p271:L10,271,LONDON,2026-09-08,EQH·1h (HTF),EQH,A,A,29661.25,,,115.0,4.57613090121924
p271:L11,271,LONDON,2026-09-08,VWAP+1σ,VWAP,A,A,29698.69,,,152.4399999999987,6.065959952885695
p272:L0,272,LONDON,2026-09-08,EQL·1h (HTF),EQL,A,A,29435.75,,,79.75,2.9207532796671622
p272:L1,272,LONDON,2026-09-08,ONL,ONL,A,A,29478.5,,,37.0,1.3550830263032603
p272:L2,272,LONDON,2026-09-08,VWAP−2σ,VWAP,A,A,29492.91,,,22.590000000000146,0.8273331233565093
p272:L3,272,LONDON,2026-09-08,OB(bear)·1h,OB,C,C,29502.88,,,12.619999999998981,0.46219318356610173
p272:L4,272,LONDON,2026-09-08,PDL,PDL,B,B,29521.75,,,6.25,0.2288991598485237
p272:L5,272,LONDON,2026-09-08,EQH·1h (HTF),EQH,A,A,29543.5,,,28.0,1.025468236121386
p272:L6,272,LONDON,2026-09-08,VWAP−1σ,VWAP,A,A,29560.23,,,44.72999999999956,1.6381855072038984
p272:L7,272,LONDON,2026-09-08,SWG-L·5m,SWG-L,A,A,29580.25,,,64.75,2.3713952960307054
p272:L8,272,LONDON,2026-09-08,SETT,SETT,A,A,29604.25,,,88.75,3.2503680698490363
p273:L0,273,LONDON,2026-09-08,EQL·1h (HTF),EQL,A,A,29435.75,,,98.25,3.8003326499825936
p273:L1,273,LONDON,2026-09-08,ONL,ONL,A,A,29478.5,,,55.5,2.146752794646656
p273:L2,273,LONDON,2026-09-08,PDL,PDL,B,B,29521.75,,,12.25,0.47383282404363125
p273:L3,273,LONDON,2026-09-08,OB(bull)·1h,OB,C,C,29532,,,2.0,0.07736046106834796
p273:L4,273,LONDON,2026-09-08,Demand·1h,DEMAND,C,,29541.12,,,7.119999999998981,0.2754032414032793
p273:L5,273,LONDON,2026-09-08,VWAP−1σ,VWAP,A,A,29548.59,,,14.590000000000146,0.5643445634936041
p273:L6,273,LONDON,2026-09-08,RTH-L,RTH-L,B,B,29563.75,,,29.75,1.150736858391676
p273:L7,273,LONDON,2026-09-08,EQL·15m (HTF),EQL,A,A,29572,,,38.0,1.4698487602986112
p273:L8,273,LONDON,2026-09-08,SWG-L·5m,SWG-L,A,A,29580.25,,,46.25,1.7889606622055467
p273:L9,273,LONDON,2026-09-08,VWAP,VWAP,A,A,29619.86,,,85.86000000000058,3.3210845936642004
p273:L10,273,LONDON,2026-09-08,EQH·1h (HTF),EQH,A,A,29661.25,,,127.25,4.922059335473639
p273:L11,273,LONDON,2026-09-08,OB(bear)·1h,OB,C,C,29670,,,136.0,5.2605113526476615
p274:L0,274,NY,2026-09-08,PDL,PDL,B,B,29521.75,132.0,6.147311948139041,119.5,5.5651801348682985
p274:L1,274,NY,2026-09-08,VWAP−1σ,VWAP,A,A,29546.25,107.5,5.006333594128386,95.0,4.4242017808576435
p274:L2,274,NY,2026-09-08,SWG-H·5m,SWG-H,A,A,29582.5,71.25,3.3181513356432326,58.75,2.73601952237249
p274:L3,274,NY,2026-09-08,VWAP,VWAP,A,A,29612.43,41.31999999999971,1.924294921947753,28.81999999999971,1.3421631086770105
p274:L4,274,NY,2026-09-08,RTH-H,RTH-H,B,B,29646,7.75,0.3609217242278604,4.75,0.22121008904288217
p274:L5,274,NY,2026-09-08,Supply·1h,SUPPLY,C,C,29657.38,3.6300000000010186,0.16905107857387108,16.13000000000102,0.7511828918446136
p274:L6,274,NY,2026-09-08,OB(bear)·1h,OB,C,C,29670,16.25,0.7567713572519653,28.75,1.338903170522708
p274:L7,274,NY,2026-09-08,PDC,PDC,A,A,29736.75,83.0,3.8653552401177302,95.5,4.447487053388473
p274:L8,274,NY,2026-09-08,Supply·1h,SUPPLY,A,A,29746.25,92.5,4.307775418203494,105.0,4.889907231474237
p274:L9,274,NY,2026-09-08,PDH,PDH,A,A,29764.75,111.0,5.169330501844193,123.5,5.751462315114936
p275:L0,275,NY,2026-09-08,EQL·1h (HTF),EQL,A,A,29353.75,,,149.0,4.440404702656792
p275:L1,275,NY,2026-09-08,EQL·1h (HTF),EQL,A,A,29424,,,78.75,2.3468581901625662
p275:L2,275,NY,2026-09-08,EQL·1h (HTF),EQL,A,A,29435.75,,,67.0,1.9966920475033898
p275:L3,275,NY,2026-09-08,ONL,ONL,A,A,29478.5,,,24.25,0.7226833157008538
p275:L4,275,NY,2026-09-08,OB(bear)·1h,OB,C,C,29498.5,,,4.25,0.12665583883417025
p275:L5,275,NY,2026-09-08,PDL,PDL,B,B,29521.75,,,19.0,0.5662261030233493
p275:L6,275,NY,2026-09-08,SWG-L·5m,SWG-L,A,A,29534,,,31.25,0.931292932604193
p275:L7,275,NY,2026-09-08,Supply·1h,SUPPLY,C,C,29539.38,,,36.63000000000102,1.0916243238813612
p275:L8,275,NY,2026-09-08,SWG-H·5m,SWG-H,A,A,29577.75,,,75.0,2.235103038250063
p275:L9,275,NY,2026-09-08,SWG-H·5m,SWG-H,A,A,29601.75,,,99.0,2.9503360104900835
p276:L0,276,NY,2026-09-08,EQL·15m (HTF),EQL,A,A,29556.25,,,7.75,0.21091878946222511
p276:L1,276,NY,2026-09-08,Demand·1h,DEMAND,C,,29541.12,,,22.88000000000102,0.6226866971478614
p276:L2,276,NY,2026-09-08,VWAP−1σ,VWAP,A,A,29496.72,,,67.27999999999884,1.8310472458088078
p276:L3,276,NY,2026-09-08,ONL,ONL,C,C,29478.5,,,85.5,2.326910516002613
p276:L4,276,NY,2026-09-08,SWG-L·5m,SWG-L,A,A,29424.5,,,139.5,3.7965382103200525
p276:L5,276,NY,2026-09-08,RTH-L,RTH-L,B,B,29563.75,,,0.25,0.006803831918136294
p276:L6,276,NY,2026-09-08,OR-L,OR-L,A,A,29571.75,,,7.75,0.21091878946222511
p276:L7,276,NY,2026-09-08,SWG-H·5m,SWG-H,A,A,29577.75,,,13.75,0.3742107554974962
p276:L8,276,NY,2026-09-08,SWG-H·5m,SWG-H,A,A,29601.75,,,37.75,1.0273786196385803
p276:L9,276,NY,2026-09-08,Supply·1h,SUPPLY,C,C,29619.5,,,55.5,1.5104506858262574
p276:L10,276,NY,2026-09-08,RTH-H,RTH-H,B,B,29646,,,82.0,2.2316568691487046
p276:L11,276,NY,2026-09-08,OR-H,OR-H,A,A,29686.75,,,122.75,3.3406814718049205
p277:L0,277,NY,2026-09-08,RTH-H,RTH-H,B,B,29646,,,29.5,0.9137540112252358
p277:L1,277,NY,2026-09-08,EQH·1h (HTF),EQH,A,A,29653.25,,,36.75,1.1383206750009294
p277:L2,277,NY,2026-09-08,OR-H,OR-H,A,A,29686.75,,,70.25,2.1759735352058582
p277:L3,277,NY,2026-09-08,VWAP+2σ,VWAP,A,A,29718.88,,,102.38000000000102,3.1711910396352736
p277:L4,277,NY,2026-09-08,PDC,PDC,A,A,29736.75,,,120.25,3.72470914745202
p277:L5,277,NY,2026-09-08,PDH,PDH,A,A,29764.75,,,148.25,4.592001090309871
p277:L6,277,NY,2026-09-08,SWG-H·5m,SWG-H,A,A,29640,,,23.5,0.7279057377556963
p277:L7,277,NY,2026-09-08,Supply·1h,SUPPLY,C,C,29619.5,,,3.0,0.09292413673476974
p277:L8,277,NY,2026-09-08,VWAP,VWAP,A,A,29574.81,,,41.68999999999869,1.2913357534908096
p277:L9,277,NY,2026-09-08,Demand·1h,DEMAND,C,C,29541.12,,,75.38000000000102,2.334873809022346
p277:L10,277,NY,2026-09-08,PDL,PDL,B,B,29521.75,,,94.75,2.9348539852064777
p278:L0,278,NY,2026-09-08,PDH,PDH,A,A,29764.75,,,151.0,5.387162142877529
p278:L1,278,NY,2026-09-08,PDC,PDC,A,A,29736.75,,,123.0,4.388218169363816
p278:L2,278,NY,2026-09-08,OR-H,OR-H,A,A,29686.75,,,73.0,2.604389645232183
p278:L3,278,NY,2026-09-08,RTH-H,RTH-H,B,B,29646,,,32.25,1.1505693980649028
p278:L4,278,NY,2026-09-08,Supply·1h,SUPPLY,C,C,29619.5,,,5.75,0.20514028027513773
p278:L5,278,NY,2026-09-08,pdVWAP,PDVWAP,A,A,29606.9,,,6.849999999998545,0.24438450780598173
p278:L6,278,NY,2026-09-08,SWG-L·5m,SWG-L,A,A,29595.25,,,18.5,0.660016553928704
p278:L7,278,NY,2026-09-08,VWAP,VWAP,A,A,29577.77,,,35.97999999999956,1.2836430059651072
p278:L8,278,NY,2026-09-08,OR-L,OR-L,C,C,29571.75,,,42.0,1.4984159602705711
p278:L9,278,NY,2026-09-08,Demand·1h,DEMAND,C,C,29541.12,,,72.63000000000102,2.5911893141536457
p278:L10,278,NY,2026-09-08,PDL,PDL,B,B,29521.75,,,92.0,3.2822444844022036
p279:L0,279,ASIA,2026-09-08,ONL,ONL,C,C,29478.5,,,,
p279:L1,279,ASIA,2026-09-08,OB(bear)·1h,OB,C,C,29498.5,,,,
p279:L2,279,ASIA,2026-09-08,SWG-L·5m,SWG-L,A,A,29503.25,,,,
p279:L3,279,ASIA,2026-09-08,PDL,PDL,B,B,29521.75,,,,
p279:L4,279,ASIA,2026-09-08,SWG-H·5m,SWG-H,A,A,29528.75,,,,
p279:L5,279,ASIA,2026-09-08,Supply·1h,SUPPLY,C,C,29539.38,,,,
p279:L6,279,ASIA,2026-09-08,SWG-L·15m,SWG-L,A,A,29549.5,,,,
p279:L7,279,ASIA,2026-09-08,OR-L,OR-L,C,C,29571.75,,,,
p279:L8,279,ASIA,2026-09-08,SWG-L·5m,SWG-L,A,A,29585.5,,,,
p279:L9,279,ASIA,2026-09-08,POC,POC,A,A,29616.99,,,,
p279:L10,279,ASIA,2026-09-08,VWAP+1σ,VWAP,A,A,29638.86,,,,
p279:L11,279,ASIA,2026-09-08,RTH-H,RTH-H,B,B,29646,,,,
p280:L0,280,ASIA,2026-09-08,SWG-L·5m,SWG-L,A,A,29495,,,27.5,1.620430386310604
p280:L1,280,ASIA,2026-09-08,ONL,ONL,A,A,29503.25,,,19.25,1.134301270417423
p280:L2,280,ASIA,2026-09-08,VWAP−2σ,VWAP,A,A,29508.79,,,13.709999999999127,0.8078582035024352
p280:L3,280,ASIA,2026-09-08,PDL,PDL,B,B,29521.75,,,0.75,0.0441935559902892
p280:L4,280,ASIA,2026-09-08,OB(bull)·1h,OB,C,C,29532,,,9.5,0.5597850425436632
p280:L5,280,ASIA,2026-09-08,ONH,ONH,A,A,29540,,,17.5,1.0311829731067481
p280:L6,280,ASIA,2026-09-08,RTH-L,RTH-L,B,B,29563.75,,,41.25,2.430645579465906
p280:L7,280,ASIA,2026-09-08,POC,POC,A,A,29576.19,,,53.68999999999869,3.1636693614914257
p280:L8,280,ASIA,2026-09-08,RTH-H,RTH-H,B,B,29646,,,123.5,7.277205553067621
p280:L9,280,ASIA,2026-09-08,PDC,PDC,A,A,29736.75,,,214.25,12.624625827892615
p280:L10,280,ASIA,2026-09-08,PDH,PDH,A,A,29764.75,,,242.25,14.274518584863412
p281:L0,281,ASIA,2026-09-08,ONL,ONL,A,A,29503.25,30.5,2.1676403280599263,37.25,2.64736400722073
p281:L1,281,ASIA,2026-09-08,PDL,PDL,B,B,29521.75,12.0,0.8528420962858726,18.75,1.332565775446676
p281:L2,281,ASIA,2026-09-08,VWAP+1σ,VWAP,A,A,29530.68,3.069999999999709,0.21818543629978174,9.819999999999709,0.6979091154605851
p281:L3,281,ASIA,2026-09-08,ONH,ONH,A,A,29540,6.25,0.44418859181555864,0.5,0.035535087345244694
p281:L4,281,ASIA,2026-09-08,RTH-L,RTH-L,B,B,29563.75,30.0,2.1321052407146817,23.25,1.6523815615538782
p281:L5,281,ASIA,2026-09-08,POC,POC,A,A,29576.19,42.43999999999869,3.0162182138642764,35.68999999999869,2.5364945347034733
p281:L6,281,ASIA,2026-09-08,RTH-H,RTH-H,B,B,29646,112.25,7.977627109007433,105.5,7.49790342984663
p281:L7,281,ASIA,2026-09-08,PDC,PDC,A,A,29736.75,203.0,14.427245462169346,196.25,13.947521783008542
