scenario_key,plan_row,plan_id,version,scenario,date,session,session_day,created_ct,hour_ct,day_type,day_type_group,bias,regime,condition,family,side,quality,trigger,anchor,anchor_source,level_keys,level_labels,level_kind,level_grade,arm_enabled,arm_ids,has_arm_evidence,placed_arm_ids,position_ids,complete_geometry,entry,stop,target,stop_pts,target_R,first_target_R,atr5m_saved,stop_atr,reached,reach_bar_ids,window_start_ct,window_end_ct,window_bars_n,expected_bars_n,window_complete,narrative_distance_pts,narrative_distance_atr,publication_distance_pts,publication_distance_atr
p1:S0:0,1,2026-08-15:NY,1,S0,2026-08-15,NY,2026-08-15:NY,2026-08-15T19:44:31.825000-05:00,19,no-trade,no-trade,neutral,not-recorded,hold,stand-aside,long,B,none,,unresolved,[],[],unresolved,unresolved,False,[],False,[],[],False,,,,,,,12.641,,unknown,[],2026-08-15T19:44:31.825000-05:00,2026-08-15T14:45:00-05:00,0,0,False,,,,
p2:S1:0,2,2026-08-15:NY,2,S1,2026-08-15,NY,2026-08-15:NY,2026-08-15T19:52:04.526000-05:00,19,balance,balance,neutral,not-recorded,reclaim,follow,long,B,5m close above PDC 30154.75 and holds 30150 as floor,30154.75,first trigger price matching a seated level,"[""p2:L1""]","[""PDC""]",PDC,A,False,[],False,[],[],False,,,,,,,12.641,,unknown,[],2026-08-15T19:52:04.526000-05:00,2026-08-15T14:45:00-05:00,0,0,False,,,,
p2:S2:1,2,2026-08-15:NY,2,S2,2026-08-15,NY,2026-08-15:NY,2026-08-15T19:52:04.526000-05:00,19,balance,balance,neutral,not-recorded,reject,fade,short,B,Rally into 30218-30223.5 cluster and 5m RSI roll/rejection,30218.0,first trigger price matching a seated level,"[""p2:L2""]","[""EQH""]",EQH,A,False,[],False,[],[],False,,,,,,,12.641,,unknown,[],2026-08-15T19:52:04.526000-05:00,2026-08-15T14:45:00-05:00,0,0,False,,,,
p2:S3:2,2,2026-08-15:NY,2,S3,2026-08-15,NY,2026-08-15:NY,2026-08-15T19:52:04.526000-05:00,19,balance,balance,neutral,not-recorded,breakout_retest,follow,short,B,5m close below 30150 gate and failed retest,30150.0,first trigger price matching a seated level,"[""p2:L0""]","[""GATE 30150""]",other,A,False,[],False,[],[],False,,,,,,,12.641,,unknown,[],2026-08-15T19:52:04.526000-05:00,2026-08-15T14:45:00-05:00,0,0,False,,,,
p3:S1:0,3,2026-08-16:NY,1,S1,2026-08-16,NY,2026-08-16:NY,2026-08-16T00:12:57.845000-05:00,0,balance,balance,long,not-recorded,sweep_reclaim,fade,long,A,"sweep PDL 30025.00 and reclaim it on a 5m close, holding the 30120.00 owner zone as the first bid",30025.0,first trigger price matching a seated level,"[""p3:L6""]","[""PDL""]",PDL,A,False,[],False,[],[],False,,,,,,,,,unknown,[],2026-08-16T00:12:57.845000-05:00,2026-08-16T00:12:57.846000-05:00,0,0,False,,,,
p3:S2:1,3,2026-08-16:NY,1,S2,2026-08-16,NY,2026-08-16:NY,2026-08-16T00:12:57.845000-05:00,0,balance,balance,long,not-recorded,reject,fade,short,B,rally into 30280.75-30287.25 and reject it with a 5m RSI roll,30280.75,first trigger price matching a seated level,"[""p3:L1""]","[""RTH-H""]",RTH-H,B,False,[],False,[],[],False,,,,,,,,,unknown,[],2026-08-16T00:12:57.845000-05:00,2026-08-16T00:12:57.846000-05:00,0,0,False,,,,
p3:S3:2,3,2026-08-16:NY,1,S3,2026-08-16,NY,2026-08-16:NY,2026-08-16T00:12:57.845000-05:00,0,balance,balance,long,not-recorded,breakout_retest,follow,long,B,acceptance above RN 30200.00 then a held retest of it as support,30200.0,first trigger price matching a seated level,"[""p3:L2""]","[""RN""]",RN,B,False,[],False,[],[],False,,,,,,,,,unknown,[],2026-08-16T00:12:57.845000-05:00,2026-08-16T00:12:57.846000-05:00,0,0,False,,,,
p4:S1:0,4,2026-08-16:NY,2,S1,2026-08-16,NY,2026-08-16:NY,2026-08-16T00:12:57.846000-05:00,0,balance,balance,long,not-recorded,sweep_reclaim,fade,long,A,30025.00 sweep reclaimed — hold 30120.00 and continue up,30025.0,first trigger price matching a seated level,"[""p4:L6""]","[""PDL""]",PDL,A,False,[],False,[],[],False,,,,,,,,,unknown,[],2026-08-16T00:12:57.846000-05:00,2026-08-16T14:45:00-05:00,0,872,False,,,,
p4:S2:1,4,2026-08-16:NY,2,S2,2026-08-16,NY,2026-08-16:NY,2026-08-16T00:12:57.846000-05:00,0,balance,balance,long,not-recorded,reject,fade,short,B,rally into 30280.75-30287.25 and reject it with a 5m RSI roll,30280.75,first trigger price matching a seated level,"[""p4:L1""]","[""RTH-H""]",RTH-H,A,False,[],False,[],[],False,,,,,,,,,unknown,[],2026-08-16T00:12:57.846000-05:00,2026-08-16T14:45:00-05:00,0,872,False,,,,
p4:S3:2,4,2026-08-16:NY,2,S3,2026-08-16,NY,2026-08-16:NY,2026-08-16T00:12:57.846000-05:00,0,balance,balance,long,not-recorded,breakout_retest,follow,long,A,acceptance above RN 30200.00 then a held retest of it as support,30200.0,first trigger price matching a seated level,"[""p4:L2""]","[""RN""]",RN,A,False,[],False,[],[],False,,,,,,,,,unknown,[],2026-08-16T00:12:57.846000-05:00,2026-08-16T14:45:00-05:00,0,872,False,,,,
p5:S1:0,5,2026-08-16:ASIA,1,S1,2026-08-16,ASIA,2026-08-16:ASIA,2026-08-16T17:12:46.855000-05:00,17,trend,trend,long,not-recorded,reclaim,follow,long,B,5m reclaims 30166.25 ONL after a pullback holds above 30148.25/30147.50,30166.25,first trigger price matching a seated level,"[""p5:L2""]","[""ONL""]",ONL,A,False,[],False,[],[],False,,,,,,,4.1233,,unknown,[],2026-08-16T17:12:46.855000-05:00,2026-08-16T17:19:02.222000-05:00,0,6,False,26.0,6.305628986491402,,
p5:S2:1,5,2026-08-16:ASIA,1,S2,2026-08-16,ASIA,2026-08-16:ASIA,2026-08-16T17:12:46.855000-05:00,17,trend,trend,long,not-recorded,breakout_retest,follow,long,B,"Break above 30200.50 ONH with 1m/5m close above, then retest holds",30200.5,first trigger price matching a seated level,"[""p5:L0""]","[""ONH""]",ONH,A,False,[],False,[],[],False,,,,,,,4.1233,,unknown,[],2026-08-16T17:12:46.855000-05:00,2026-08-16T17:19:02.222000-05:00,0,6,False,8.25,2.0008245822520796,,
p5:S3:2,5,2026-08-16:ASIA,1,S3,2026-08-16,ASIA,2026-08-16:ASIA,2026-08-16T17:12:46.855000-05:00,17,trend,trend,long,not-recorded,reject,fade,short,B,Reject at 30200.50 ONH then losing 30166.25 ONL on 5m,30200.5,first trigger price matching a seated level,"[""p5:L0""]","[""ONH""]",ONH,A,False,[],False,[],[],False,,,,,,,4.1233,,unknown,[],2026-08-16T17:12:46.855000-05:00,2026-08-16T17:19:02.222000-05:00,0,6,False,8.25,2.0008245822520796,,
p6:S1:0,6,2026-08-16:ASIA,2,S1,2026-08-16,ASIA,2026-08-16:ASIA,2026-08-16T17:19:02.222000-05:00,17,balance,balance,neutral,not-recorded,reject,fade,short,B,15m stall/rejection at ONH 30203 with RSI stretched,30203.0,first trigger price matching a seated level,"[""p6:L0""]","[""ONH""]",ONH,A,False,[],False,[],[],False,,,,,,,5.1157,,unknown,[],2026-08-16T17:19:02.222000-05:00,2026-08-16T17:23:34.425000-05:00,0,3,False,,,,
p6:S2:1,6,2026-08-16:ASIA,2,S2,2026-08-16,ASIA,2026-08-16:ASIA,2026-08-16T17:19:02.222000-05:00,17,balance,balance,neutral,not-recorded,hold,ambiguous,long,B,"Hold of EQL 30192.25 above PDH/PDC, then reclaim back through it",30192.25,first trigger price matching a seated level,"[""p6:L1""]","[""EQL""]",EQL,A,False,[],False,[],[],False,,,,,,,5.1157,,unknown,[],2026-08-16T17:19:02.222000-05:00,2026-08-16T17:23:34.425000-05:00,0,3,False,,,,
p6:S3:2,6,2026-08-16:ASIA,2,S3,2026-08-16,ASIA,2026-08-16:ASIA,2026-08-16T17:19:02.222000-05:00,17,balance,balance,neutral,not-recorded,acceptance,follow,short,B,Acceptance below EQL 30192.25 after ONH failure,30192.25,first trigger price matching a seated level,"[""p6:L1""]","[""EQL""]",EQL,A,False,[],False,[],[],False,,,,,,,5.1157,,unknown,[],2026-08-16T17:19:02.222000-05:00,2026-08-16T17:23:34.425000-05:00,0,3,False,,,,
p7:S1:0,7,2026-08-16:ASIA,3,S1,2026-08-16,ASIA,2026-08-16:ASIA,2026-08-16T17:23:34.425000-05:00,17,trend,trend,long,not-recorded,reclaim,follow,long,B,30203 ONH,30203.0,first trigger price matching a seated level,"[""p7:L1""]","[""ONH""]",ONH,A,False,[],False,[],[],False,,,,,,,5.4787,,unknown,[],2026-08-16T17:23:34.425000-05:00,2026-08-16T17:26:19.609000-05:00,0,2,False,,,,
p7:S2:1,7,2026-08-16:ASIA,3,S2,2026-08-16,ASIA,2026-08-16:ASIA,2026-08-16T17:23:34.425000-05:00,17,trend,trend,long,not-recorded,hold,ambiguous,long,B,30191.25 EQL,30191.25,first trigger price matching a seated level,"[""p7:L0""]","[""EQL""]",EQL,A,False,[],False,[],[],False,,,,,,,5.4787,,unknown,[],2026-08-16T17:23:34.425000-05:00,2026-08-16T17:26:19.609000-05:00,0,2,False,,,,
p7:S3:2,7,2026-08-16:ASIA,3,S3,2026-08-16,ASIA,2026-08-16:ASIA,2026-08-16T17:23:34.425000-05:00,17,trend,trend,long,not-recorded,reject,fade,short,B,30203 ONH,30203.0,first trigger price matching a seated level,"[""p7:L1""]","[""ONH""]",ONH,A,False,[],False,[],[],False,,,,,,,5.4787,,unknown,[],2026-08-16T17:23:34.425000-05:00,2026-08-16T17:26:19.609000-05:00,0,2,False,,,,
p8:S1:0,8,2026-08-16:ASIA,4,S1,2026-08-16,ASIA,2026-08-16:ASIA,2026-08-16T17:26:19.609000-05:00,17,balance,balance,neutral,not-recorded,hold,fade,long,B,Pullback into 30191.25 EQL / 30166.25 ONL after an ONH rejection or open drive; 15m RSI resets while price holds 30166.25,30191.25,first trigger price matching a seated level,"[""p8:L1""]","[""EQL""]",EQL,A,False,[],False,[],[],False,,,,,,,5.1945,,unknown,[],2026-08-16T17:26:19.609000-05:00,2026-08-16T17:32:28.654000-05:00,0,5,False,,,,
p8:S2:1,8,2026-08-16:ASIA,4,S2,2026-08-16,ASIA,2026-08-16:ASIA,2026-08-16T17:26:19.609000-05:00,17,balance,balance,neutral,not-recorded,reject,fade,short,A,First or second touch of 30203.00 ONH in low RV with 15m RSI still stretched; sellers defend and reject,30203.0,first trigger price matching a seated level,"[""p8:L0""]","[""ONH""]",ONH,A,False,[],False,[],[],False,,,,,,,5.1945,,unknown,[],2026-08-16T17:26:19.609000-05:00,2026-08-16T17:32:28.654000-05:00,0,5,False,,,,
p8:S3:2,8,2026-08-16:ASIA,4,S3,2026-08-16,ASIA,2026-08-16:ASIA,2026-08-16T17:26:19.609000-05:00,17,balance,balance,neutral,not-recorded,acceptance,follow,short,B,"15m close below 30166.25 ONL, then retest of 30166.25 from below as resistance",30166.25,first trigger price matching a seated level,"[""p8:L2""]","[""ONL""]",ONL,A,False,[],False,[],[],False,,,,,,,5.1945,,unknown,[],2026-08-16T17:26:19.609000-05:00,2026-08-16T17:32:28.654000-05:00,0,5,False,,,,
p9:S1:0,9,2026-08-16:ASIA,5,S1,2026-08-16,ASIA,2026-08-16:ASIA,2026-08-16T17:32:28.654000-05:00,17,balance,balance,long,not-recorded,hold,fade,long,A,Pullback to 30147.50-30148.25 and 5m hold/reclaim,30147.5,first trigger price matching a seated level,"[""p9:L4""]","[""PDC""]",PDC,A,False,[],False,[],[],False,,,,,,,5.3477,,unknown,[],2026-08-16T17:32:28.654000-05:00,2026-08-16T17:37:29.565000-05:00,0,4,False,46.0,8.60182882360641,,
p9:S2:1,9,2026-08-16:ASIA,5,S2,2026-08-16,ASIA,2026-08-16:ASIA,2026-08-16T17:32:28.654000-05:00,17,balance,balance,long,not-recorded,reject,fade,short,B,Rejection at 30199.50-30203.00 with a 5m lower high,30199.5,first trigger price matching a seated level,"[""p9:L0""]","[""EQL""]",EQL,A,False,[],False,[],[],False,,,,,,,5.3477,,unknown,[],2026-08-16T17:32:28.654000-05:00,2026-08-16T17:37:29.565000-05:00,0,4,False,6.0,1.1219776726443145,,
p10:S0:0,10,2026-08-16:ASIA,6,S0,2026-08-16,ASIA,2026-08-16:ASIA,2026-08-16T17:37:29.565000-05:00,17,no-trade,no-trade,neutral,not-recorded,hold,stand-aside,long,B,none,,unresolved,[],[],unresolved,unresolved,False,[],False,[],[],False,,,,,,,,,unknown,[],2026-08-16T17:37:29.565000-05:00,2026-08-17T02:00:00-05:00,0,502,False,,,,
p11:S1:0,11,2026-08-17:ASIA,1,S1,2026-08-17,ASIA,2026-08-17:ASIA,2026-08-17T00:07:03.453000-05:00,0,balance,balance,long,not-recorded,hold,ambiguous,long,B,15m test of 30219.50-30214.75 EQH support zone with stabilization,30219.5,first trigger price matching a seated level,"[""p11:L2""]","[""EQH""]",EQH,A,False,[],False,[],[],False,,,,,,,7.6866,,unknown,[],2026-08-17T00:07:03.453000-05:00,2026-08-17T17:13:56.022000-05:00,0,1025,False,15.75,2.0490203731168526,,
p11:S2:1,11,2026-08-17:ASIA,1,S2,2026-08-17,ASIA,2026-08-17:ASIA,2026-08-17T00:07:03.453000-05:00,0,balance,balance,long,not-recorded,reject,fade,short,B,Rally into 30254.75 PDH/ONH with visible rejection,30254.75,first trigger price matching a seated level,"[""p11:L0""]","[""PDH/ONH""]",composite,A,False,[],False,[],[],False,,,,,,,7.6866,,unknown,[],2026-08-17T00:07:03.453000-05:00,2026-08-17T17:13:56.022000-05:00,0,1025,False,19.5,2.536882366716103,,
p11:S3:2,11,2026-08-17:ASIA,1,S3,2026-08-17,ASIA,2026-08-17:ASIA,2026-08-17T00:07:03.453000-05:00,0,balance,balance,long,not-recorded,sweep_reclaim,fade,long,B,Sweep of 30166.25 PDL/ONL and quick reclaim,30166.25,first trigger price matching a seated level,"[""p11:L5""]","[""PDL/ONL""]",composite,A,False,[],False,[],[],False,,,,,,,7.6866,,unknown,[],2026-08-17T00:07:03.453000-05:00,2026-08-17T17:13:56.022000-05:00,0,1025,False,69.0,8.976660682226212,,
p12:S1:0,12,2026-08-17:LONDON,1,S1,2026-08-17,LONDON,2026-08-17:LONDON,2026-08-17T01:58:03.410000-05:00,1,trend,trend,long,not-recorded,hold,fade,long,A,first pullback to 30254.75 PDH holds with a 5m higher low,30254.75,first trigger price matching a seated level,"[""p12:L1""]","[""PDH""]",PDH,A,False,[],False,[],[],False,,,,,,,11.4204,,unknown,[],2026-08-17T01:58:03.410000-05:00,2026-08-17T08:30:00-05:00,0,391,False,,,,
p12:S2:1,12,2026-08-17:LONDON,1,S2,2026-08-17,LONDON,2026-08-17:LONDON,2026-08-17T01:58:03.410000-05:00,1,trend,trend,long,not-recorded,sweep_reclaim,fade,long,B,sweep of 30234.50 PDC followed by 5m reclaim,30234.5,first trigger price matching a seated level,"[""p12:L2""]","[""PDC""]",PDC,A,False,[],False,[],[],False,,,,,,,11.4204,,unknown,[],2026-08-17T01:58:03.410000-05:00,2026-08-17T08:30:00-05:00,0,391,False,,,,
p12:S3:2,12,2026-08-17:LONDON,1,S3,2026-08-17,LONDON,2026-08-17:LONDON,2026-08-17T01:58:03.410000-05:00,1,trend,trend,long,not-recorded,reject,fade,short,B,first test of 30327.50 ONH rejects with 5m bearish reversal,30327.5,first trigger price matching a seated level,"[""p12:L0""]","[""ONH""]",ONH,A,False,[],False,[],[],False,,,,,,,11.4204,,unknown,[],2026-08-17T01:58:03.410000-05:00,2026-08-17T08:30:00-05:00,0,391,False,,,,
p13:S1:0,13,2026-08-17:NY,1,S1,2026-08-17,NY,2026-08-17:NY,2026-08-17T08:28:57.840000-05:00,8,trend,trend,long,not-recorded,hold,fade,long,B,15m/5m RSI stabilizes and price holds 30222.25-30214.50 on a pullback,30222.25,first trigger price matching a seated level,"[""p13:L0""]","[""EQH""]",EQH,A,False,[],False,[],[],False,,,,,,,19.6283,,unknown,[],2026-08-17T08:28:57.840000-05:00,2026-08-17T09:54:53.378000-05:00,0,85,False,,,,
p13:S2:1,13,2026-08-17:NY,1,S2,2026-08-17,NY,2026-08-17:NY,2026-08-17T08:28:57.840000-05:00,8,trend,trend,long,not-recorded,acceptance,follow,short,B,15m close below 30212.75 after failing at 30222.25,30212.75,first trigger price matching a seated level,"[""p13:L3""]","[""EQH""]",EQH,A,False,[],False,[],[],False,,,,,,,19.6283,,unknown,[],2026-08-17T08:28:57.840000-05:00,2026-08-17T09:54:53.378000-05:00,0,85,False,,,,
p13:S3:2,13,2026-08-17:NY,1,S3,2026-08-17,NY,2026-08-17:NY,2026-08-17T08:28:57.840000-05:00,8,trend,trend,long,not-recorded,breakout_retest,follow,long,B,breakout above 30287.25 holds and retests it,30287.25,first trigger price matching a seated level,"[""p13:L4""]","[""PWH""]",PWH,A,False,[],False,[],[],False,,,,,,,19.6283,,unknown,[],2026-08-17T08:28:57.840000-05:00,2026-08-17T09:54:53.378000-05:00,0,85,False,,,,
p14:S1:0,14,2026-08-17:NY,2,S1,2026-08-17,NY,2026-08-17:NY,2026-08-17T09:54:53.378000-05:00,9,trend,trend,long,not-recorded,hold,ambiguous,long,B,NY holds above 30217.75 after first 5m and buyers defend the shelf,30217.75,first trigger price matching a seated level,"[""p14:L0""]","[""EQH""]",EQH,A,False,[],False,[],[],False,,,,,,,31.6951,,unknown,[],2026-08-17T09:54:53.378000-05:00,2026-08-17T11:57:35.576000-05:00,0,122,False,,,,
p14:S2:1,14,2026-08-17:NY,2,S2,2026-08-17,NY,2026-08-17:NY,2026-08-17T09:54:53.378000-05:00,9,trend,trend,long,not-recorded,sweep_reclaim,fade,long,A,Sweep of 30190.50 OR-L then reclaim of 30217.75,30190.5,first trigger price matching a seated level,"[""p14:L4""]","[""OR-L""]",OR-L,A,False,[],False,[],[],False,,,,,,,31.6951,,unknown,[],2026-08-17T09:54:53.378000-05:00,2026-08-17T11:57:35.576000-05:00,0,122,False,,,,
p14:S3:2,14,2026-08-17:NY,2,S3,2026-08-17,NY,2026-08-17:NY,2026-08-17T09:54:53.378000-05:00,9,trend,trend,long,not-recorded,reject,fade,short,B,Clean rejection at 30222.50-30225.00 EQ cluster without acceptance,30222.5,first trigger price matching a seated level,"[""p14:L1""]","[""EQL""]",EQL,A,False,[],False,[],[],False,,,,,,,31.6951,,unknown,[],2026-08-17T09:54:53.378000-05:00,2026-08-17T11:57:35.576000-05:00,0,122,False,,,,
p15:S1:0,15,2026-08-17:NY,3,S1,2026-08-17,NY,2026-08-17:NY,2026-08-17T11:57:35.576000-05:00,11,trend,trend,long,not-recorded,reclaim,follow,long,A,5m close back above 30190.50 OR-L while 30166.25 PDL/ONL is holding,30190.5,first trigger price matching a seated level,"[""p15:L1""]","[""OR-L""]",OR-L,A,False,[],False,[],[],False,,,,,,,21.4829,,unknown,[],2026-08-17T11:57:35.576000-05:00,2026-08-17T14:45:00-05:00,0,167,False,,,,
p15:S2:1,15,2026-08-17:NY,3,S2,2026-08-17,NY,2026-08-17:NY,2026-08-17T11:57:35.576000-05:00,11,trend,trend,long,not-recorded,breakout_retest,follow,long,B,5m close above 30234.50 PDC and retest holds 30227.25,30234.5,first trigger price matching a seated level,"[""p15:L3""]","[""PDC""]",PDC,A,False,[],False,[],[],False,,,,,,,21.4829,,unknown,[],2026-08-17T11:57:35.576000-05:00,2026-08-17T14:45:00-05:00,0,167,False,,,,
p15:S3:2,15,2026-08-17:NY,3,S3,2026-08-17,NY,2026-08-17:NY,2026-08-17T11:57:35.576000-05:00,11,trend,trend,long,not-recorded,reject,fade,short,B,Rejection at 30227.25-30234.50 and 5m close back below 30227.25,30227.25,first trigger price matching a seated level,"[""p15:L2""]","[""EQL""]",EQL,A,False,[],False,[],[],False,,,,,,,21.4829,,unknown,[],2026-08-17T11:57:35.576000-05:00,2026-08-17T14:45:00-05:00,0,167,False,,,,
p16:S1:0,16,2026-08-17:ASIA,2,S1,2026-08-17,ASIA,2026-08-17:ASIA,2026-08-17T17:13:56.022000-05:00,17,balance,balance,neutral,not-recorded,sweep_reclaim,fade,long,B,5m close/acceptance above 30091.50 ONH after a sweep,30091.5,first trigger price matching a seated level,"[""p16:L0""]","[""ONH""]",ONH,A,False,[],False,[],[],False,,,,,,,15.0332,,unknown,[],2026-08-17T17:13:56.022000-05:00,2026-08-17T19:18:14.747000-05:00,0,124,False,6.25,0.41574648112178375,,
p16:S2:1,16,2026-08-17:ASIA,2,S2,2026-08-17,ASIA,2026-08-17:ASIA,2026-08-17T17:13:56.022000-05:00,17,balance,balance,neutral,not-recorded,reject,fade,short,B,5m rejection at 30091.50 ONH / failure to reclaim 15m EMA50,30091.5,first trigger price matching a seated level,"[""p16:L0""]","[""ONH""]",ONH,A,False,[],False,[],[],False,,,,,,,15.0332,,unknown,[],2026-08-17T17:13:56.022000-05:00,2026-08-17T19:18:14.747000-05:00,0,124,False,6.25,0.41574648112178375,,
p17:S1:0,17,2026-08-17:ASIA,3,S1,2026-08-17,ASIA,2026-08-17:ASIA,2026-08-17T19:18:14.747000-05:00,19,balance,balance,neutral,not-recorded,reclaim,follow,long,B,"After first 5m, 15m close back above 30104 ONH after testing the high",30104.0,first trigger price matching a seated level,"[""p17:L0""]","[""ONH""]",ONH,A,False,[],False,[],[],False,,,,,,,12.3672,,unknown,[],2026-08-17T19:18:14.747000-05:00,2026-08-17T23:29:41.440000-05:00,0,250,False,3.75,0.3032214244129633,,
p17:S2:1,17,2026-08-17:ASIA,3,S2,2026-08-17,ASIA,2026-08-17:ASIA,2026-08-17T19:18:14.747000-05:00,19,balance,balance,neutral,not-recorded,reject,fade,short,B,Failed breakout or weak rally above 30104–30110 ONH,30104.0,first trigger price matching a seated level,"[""p17:L0""]","[""ONH""]",ONH,A,False,[],False,[],[],False,,,,,,,12.3672,,unknown,[],2026-08-17T19:18:14.747000-05:00,2026-08-17T23:29:41.440000-05:00,0,250,False,3.75,0.3032214244129633,,
p17:S3:2,17,2026-08-17:ASIA,3,S3,2026-08-17,ASIA,2026-08-17:ASIA,2026-08-17T19:18:14.747000-05:00,19,balance,balance,neutral,not-recorded,sweep_reclaim,fade,long,B,Sweep of 30062 ONL followed by recovery back above 30080,30062.0,first trigger price matching a seated level,"[""p17:L1""]","[""ONL""]",ONL,A,False,[],False,[],[],False,,,,,,,12.3672,,unknown,[],2026-08-17T19:18:14.747000-05:00,2026-08-17T23:29:41.440000-05:00,0,250,False,38.25,3.0928585290122257,,
p18:S0:0,18,2026-08-17:ASIA,4,S0,2026-08-17,ASIA,2026-08-17:ASIA,2026-08-17T23:29:41.440000-05:00,23,no-trade,no-trade,neutral,not-recorded,hold,stand-aside,long,B,none,,unresolved,[],[],unresolved,unresolved,False,[],False,[],[],False,,,,,,,22.7639,,unknown,[],2026-08-17T23:29:41.440000-05:00,2026-08-17T23:49:55.208000-05:00,0,19,False,,,,
p19:S1:0,19,2026-08-17:ASIA,5,S1,2026-08-17,ASIA,2026-08-17:ASIA,2026-08-17T23:49:55.208000-05:00,23,balance,balance,neutral,not-recorded,sweep_reclaim,fade,long,B,Price sweeps 29853 ONL and 5m closes back above it while 15m RSI is oversold/diverging,29853.0,first trigger price matching a seated level,"[""p19:L0""]","[""ONL""]",ONL,A,False,[],False,[],[],False,,,,,,,22.3875,,unknown,[],2026-08-17T23:49:55.208000-05:00,2026-08-18T00:22:08.330000-05:00,0,32,False,,,,
p19:S2:1,19,2026-08-17:ASIA,5,S2,2026-08-17,ASIA,2026-08-17:ASIA,2026-08-17T23:49:55.208000-05:00,23,balance,balance,neutral,not-recorded,reject,fade,short,B,Price rallies into 30086-30090.50 EQL/EQH supply and 5m/15m shows rejection wick or bearish engulf,30090.5,first trigger price matching a seated level,"[""p19:L4""]","[""EQL""]",EQL,A,False,[],False,[],[],False,,,,,,,22.3875,,unknown,[],2026-08-17T23:49:55.208000-05:00,2026-08-18T00:22:08.330000-05:00,0,32,False,,,,
p19:S3:2,19,2026-08-17:ASIA,5,S3,2026-08-17,ASIA,2026-08-17:ASIA,2026-08-17T23:49:55.208000-05:00,23,balance,balance,neutral,not-recorded,breakout_retest,follow,long,B,"Price breaks above 30090.50 EQH, then holds a 5m retest of the 30090.25/30086.25 zone",30090.5,first trigger price matching a seated level,"[""p19:L4""]","[""EQL""]",EQL,A,False,[],False,[],[],False,,,,,,,22.3875,,unknown,[],2026-08-17T23:49:55.208000-05:00,2026-08-18T00:22:08.330000-05:00,0,32,False,,,,
p20:S1:0,20,2026-08-17:ASIA,6,S1,2026-08-17,ASIA,2026-08-17:ASIA,2026-08-18T00:22:08.330000-05:00,0,balance/breakdown attempt,balance,short,not-recorded,reject,fade,short,A,Weak 5m rally into 29919 PDC or 30079 RTH-L with rejection,29919.0,first trigger price matching a seated level,"[""p20:L1""]","[""PDC""]",PDC,A,False,[],False,[],[],False,,,,,,,21.5564,,unknown,[],2026-08-18T00:22:08.330000-05:00,2026-08-18T02:00:00-05:00,0,97,False,40.25,1.8671948933959288,,
p20:S2:1,20,2026-08-17:ASIA,6,S2,2026-08-17,ASIA,2026-08-17:ASIA,2026-08-18T00:22:08.330000-05:00,0,balance/breakdown attempt,balance,short,not-recorded,sweep_reclaim,fade,long,B,5m sweep below 29853 PDL/ONL then strong 5m reclaim close back above,29853.0,first trigger price matching a seated level,"[""p20:L0""]","[""PDL/ONL""]",composite,A,False,[],False,[],[],False,,,,,,,21.5564,,unknown,[],2026-08-18T00:22:08.330000-05:00,2026-08-18T02:00:00-05:00,0,97,False,25.75,1.1945408324209978,,
p21:S1:0,21,2026-08-18:LONDON,1,S1,2026-08-18,LONDON,2026-08-18:LONDON,2026-08-18T01:58:40.966000-05:00,1,balance,balance,neutral,not-recorded,reclaim,follow,long,B,PDL 29853 holds and price reclaims PDC 29919 with a 5m close,29853.0,first trigger price matching a seated level,"[""p21:L0""]","[""PDL""]",PDL,A,False,[],False,[],[],False,,,,,,,20.3808,,unknown,[],2026-08-18T01:58:40.966000-05:00,2026-08-18T08:30:00-05:00,0,391,False,,,,
p21:S2:1,21,2026-08-18:LONDON,1,S2,2026-08-18,LONDON,2026-08-18:LONDON,2026-08-18T01:58:40.966000-05:00,1,balance,balance,neutral,not-recorded,breakout_retest,follow,short,B,PDL 29853 breaks and holds as resistance on a 5m retest,29853.0,first trigger price matching a seated level,"[""p21:L0""]","[""PDL""]",PDL,A,False,[],False,[],[],False,,,,,,,20.3808,,unknown,[],2026-08-18T01:58:40.966000-05:00,2026-08-18T08:30:00-05:00,0,391,False,,,,
p21:S3:2,21,2026-08-18:LONDON,1,S3,2026-08-18,LONDON,2026-08-18:LONDON,2026-08-18T01:58:40.966000-05:00,1,balance,balance,neutral,not-recorded,reject,fade,short,B,Rally into 30079-30096 cluster stalls with an upper wick,30079.0,first trigger price matching a seated level,"[""p21:L3""]","[""RTH-L""]",RTH-L,A,False,[],False,[],[],False,,,,,,,20.3808,,unknown,[],2026-08-18T01:58:40.966000-05:00,2026-08-18T08:30:00-05:00,0,391,False,,,,
p22:S1:0,22,2026-08-18:NY,1,S1,2026-08-18,NY,2026-08-18:NY,2026-08-18T08:31:50.114000-05:00,8,balance,balance,neutral,not-recorded,sweep_reclaim,fade,long,B,"After 08:35 CT, price sweeps 29680.75 ONL and a 5m close back above follows",29680.75,first trigger price matching a seated level,"[""p22:L0""]","[""ONL""]",ONL,A,False,[],False,[],[],False,,,,,,,21.2965,,unknown,[],2026-08-18T08:31:50.114000-05:00,2026-08-18T14:45:00-05:00,0,373,False,,,,
p22:S2:1,22,2026-08-18:NY,1,S2,2026-08-18,NY,2026-08-18:NY,2026-08-18T08:31:50.114000-05:00,8,balance,balance,neutral,not-recorded,reclaim,follow,long,B,5m close reclaims 29853 PDL after a higher low holds above ONL,29853.0,first trigger price matching a seated level,"[""p22:L1""]","[""PDL""]",PDL,A,False,[],False,[],[],False,,,,,,,21.2965,,unknown,[],2026-08-18T08:31:50.114000-05:00,2026-08-18T14:45:00-05:00,0,373,False,,,,
p22:S3:2,22,2026-08-18:NY,1,S3,2026-08-18,NY,2026-08-18:NY,2026-08-18T08:31:50.114000-05:00,8,balance,balance,neutral,not-recorded,reject,fade,short,B,Rally into 29853 PDL / 29919 PDC stalls and a 5m rejection prints,29853.0,first trigger price matching a seated level,"[""p22:L1""]","[""PDL""]",PDL,A,False,[],False,[],[],False,,,,,,,21.2965,,unknown,[],2026-08-18T08:31:50.114000-05:00,2026-08-18T14:45:00-05:00,0,373,False,,,,
p23:S1:0,23,2026-08-18:ASIA,1,S1,2026-08-18,ASIA,2026-08-18:ASIA,2026-08-18T17:13:02.271000-05:00,17,trend,trend,short,not-recorded,acceptance,follow,short,A,5m acceptance below 29568.25 IB-L and 29564.50 EQL,29568.25,first trigger price matching a seated level,"[""p23:L0""]","[""IB-L""]",IB-L,A,False,[],False,[],[],False,,,,,,,18.3264,,unknown,[],2026-08-18T17:13:02.271000-05:00,2026-08-18T20:25:39.444000-05:00,0,191,False,5.25,0.28647197485594555,,
p23:S2:1,23,2026-08-18:ASIA,1,S2,2026-08-18,ASIA,2026-08-18:ASIA,2026-08-18T17:13:02.271000-05:00,17,trend,trend,short,not-recorded,reject,fade,short,A,5m/15m pullback to 29582.50 ONH or 29644.50 OR-L stalls,29582.5,first trigger price matching a seated level,"[""p23:L1""]","[""ONH""]",ONH,A,False,[],False,[],[],False,,,,,,,18.3264,,unknown,[],2026-08-18T17:13:02.271000-05:00,2026-08-18T20:25:39.444000-05:00,0,191,False,9.0,0.49109481403876376,,
p23:S3:2,23,2026-08-18:ASIA,1,S3,2026-08-18,ASIA,2026-08-18:ASIA,2026-08-18T17:13:02.271000-05:00,17,trend,trend,short,not-recorded,reclaim,follow,long,B,5m/15m close and acceptance above 29582.50 ONH,29582.5,first trigger price matching a seated level,"[""p23:L1""]","[""ONH""]",ONH,A,False,[],False,[],[],False,,,,,,,18.3264,,unknown,[],2026-08-18T17:13:02.271000-05:00,2026-08-18T20:25:39.444000-05:00,0,191,False,9.0,0.49109481403876376,,
p24:S1:0,24,2026-08-18:ASIA,2,S1,2026-08-18,ASIA,2026-08-18:ASIA,2026-08-18T20:25:39.444000-05:00,20,trend-down,trend,short,not-recorded,breakout_retest,follow,short,A,5m close below 29586.25 then failure to reclaim it,29586.25,first trigger price matching a seated level,"[""p24:L0""]","[""EQH""]",EQH,A,False,[],False,[],[],False,,,,,,,26.4919,,unknown,[],2026-08-18T20:25:39.444000-05:00,2026-08-19T01:04:25.350000-05:00,0,278,False,,,,
p24:S2:1,24,2026-08-18:ASIA,2,S2,2026-08-18,ASIA,2026-08-18:ASIA,2026-08-18T20:25:39.444000-05:00,20,trend-down,trend,short,not-recorded,reject,fade,short,A,Rally into 29602.00 ONH stalls,29602.0,first trigger price matching a seated level,"[""p24:L2""]","[""ONH""]",ONH,A,False,[],False,[],[],False,,,,,,,26.4919,,unknown,[],2026-08-18T20:25:39.444000-05:00,2026-08-19T01:04:25.350000-05:00,0,278,False,,,,
p24:S3:2,24,2026-08-18:ASIA,2,S3,2026-08-18,ASIA,2026-08-18:ASIA,2026-08-18T20:25:39.444000-05:00,20,trend-down,trend,short,not-recorded,reclaim,follow,long,B,15m close above 29644.50 OR-L,29644.5,first trigger price matching a seated level,"[""p24:L3""]","[""OR-L""]",OR-L,A,False,[],False,[],[],False,,,,,,,26.4919,,unknown,[],2026-08-18T20:25:39.444000-05:00,2026-08-19T01:04:25.350000-05:00,0,278,False,,,,
p25:S0:0,25,2026-08-18:ASIA,3,S0,2026-08-18,ASIA,2026-08-18:ASIA,2026-08-19T01:04:25.350000-05:00,1,no-trade,no-trade,neutral,not-recorded,hold,stand-aside,long,B,none,,unresolved,[],[],unresolved,unresolved,False,[],False,[],[],False,,,,,,,,,unknown,[],2026-08-19T01:04:25.350000-05:00,2026-08-19T01:08:51.642000-05:00,0,3,False,,,,
p26:S0:0,26,2026-08-18:ASIA,4,S0,2026-08-18,ASIA,2026-08-18:ASIA,2026-08-19T01:08:51.642000-05:00,1,no-trade,no-trade,neutral,not-recorded,hold,stand-aside,long,B,none,,unresolved,[],[],unresolved,unresolved,False,[],False,[],[],False,,,,,,,,,unknown,[],2026-08-19T01:08:51.642000-05:00,2026-08-19T01:30:04.473000-05:00,0,21,False,,,,
p27:S0:0,27,2026-08-18:ASIA,5,S0,2026-08-18,ASIA,2026-08-18:ASIA,2026-08-19T01:30:04.473000-05:00,1,no-trade,no-trade,neutral,not-recorded,hold,stand-aside,long,B,none,,unresolved,[],[],unresolved,unresolved,False,[],False,[],[],False,,,,,,,,,unknown,[],2026-08-19T01:30:04.473000-05:00,2026-08-19T01:34:55.506000-05:00,0,3,False,,,,
p28:S1:0,28,2026-08-18:ASIA,6,S1,2026-08-18,ASIA,2026-08-18:ASIA,2026-08-19T01:34:55.506000-05:00,1,balance,balance,neutral,not-recorded,sweep_reclaim,fade,long,B,Sweep of 29441 PDL / 29430 ONL with 5m close back above 29441,29441.0,first trigger price matching a seated level,"[""p28:L3""]","[""PDL""]",PDL,A,False,[],False,[],[],False,,,,,,,21.9243,,unknown,[],2026-08-19T01:34:55.506000-05:00,2026-08-19T02:00:00-05:00,0,25,False,,,,
p28:S2:1,28,2026-08-18:ASIA,6,S2,2026-08-18,ASIA,2026-08-18:ASIA,2026-08-19T01:34:55.506000-05:00,1,balance,balance,neutral,not-recorded,reject,fade,short,B,Rally into 29496.25 PDC or 29514.00 RTH-L with 5m close back below the level,29496.25,first trigger price matching a seated level,"[""p28:L1""]","[""PDC""]",PDC,A,False,[],False,[],[],False,,,,,,,21.9243,,unknown,[],2026-08-19T01:34:55.506000-05:00,2026-08-19T02:00:00-05:00,0,25,False,,,,
p29:S1:0,29,2026-08-19:LONDON,1,S1,2026-08-19,LONDON,2026-08-19:LONDON,2026-08-19T01:58:20.565000-05:00,1,balance,balance,short,not-recorded,reject,fade,short,B,EQH 29552.50 rejects a 3m/5m stall,29552.5,first trigger price matching a seated level,"[""p29:L0""]","[""EQH""]",EQH,A,False,[],False,[],[],False,,,,,,,24.7903,,unknown,[],2026-08-19T01:58:20.565000-05:00,2026-08-19T02:32:34.885000-05:00,0,33,False,10.5,0.4235527605555399,,
p29:S2:1,29,2026-08-19:LONDON,1,S2,2026-08-19,LONDON,2026-08-19:LONDON,2026-08-19T01:58:20.565000-05:00,1,balance,balance,short,not-recorded,acceptance,follow,short,B,Acceptance below 29514.00 RTH-L,29514.0,first trigger price matching a seated level,"[""p29:L4""]","[""RTH-L""]",RTH-L,A,False,[],False,[],[],False,,,,,,,24.7903,,unknown,[],2026-08-19T01:58:20.565000-05:00,2026-08-19T02:32:34.885000-05:00,0,33,False,28.0,1.1294740281481064,,
p29:S3:2,29,2026-08-19:LONDON,1,S3,2026-08-19,LONDON,2026-08-19:LONDON,2026-08-19T01:58:20.565000-05:00,1,balance,balance,short,not-recorded,reclaim,follow,long,B,Reclaim of 29552.50 EQH with 2x5m or 15m close,29552.5,first trigger price matching a seated level,"[""p29:L0""]","[""EQH""]",EQH,A,False,[],False,[],[],False,,,,,,,24.7903,,unknown,[],2026-08-19T01:58:20.565000-05:00,2026-08-19T02:32:34.885000-05:00,0,33,False,10.5,0.4235527605555399,,
p30:S1:0,30,2026-08-19:LONDON,2,S1,2026-08-19,LONDON,2026-08-19:LONDON,2026-08-19T02:32:34.885000-05:00,2,balance,balance,short,not-recorded,reject,fade,short,A,Rally into 29609.75 ONH and 15m RSI stalls/reverses,29609.75,first trigger price matching a seated level,"[""p30:L1""]","[""ONH""]",ONH,A,False,[],False,[],[],False,,,,,,,24.8788,,unknown,[],2026-08-19T02:32:34.885000-05:00,2026-08-19T03:20:20.739000-05:00,0,47,False,31.25,1.256089522002669,,
p30:S2:1,30,2026-08-19:LONDON,2,S2,2026-08-19,LONDON,2026-08-19:LONDON,2026-08-19T02:32:34.885000-05:00,2,balance,balance,short,not-recorded,acceptance,follow,short,B,5m close below 29555 EQH and failed retest,29555.0,first trigger price matching a seated level,"[""p30:L0""]","[""EQH""]",EQH,A,False,[],False,[],[],False,,,,,,,24.8788,,unknown,[],2026-08-19T02:32:34.885000-05:00,2026-08-19T03:20:20.739000-05:00,0,47,False,23.5,0.9445793205460071,,
p30:S3:2,30,2026-08-19:LONDON,2,S3,2026-08-19,LONDON,2026-08-19:LONDON,2026-08-19T02:32:34.885000-05:00,2,balance,balance,short,not-recorded,reclaim,follow,long,B,15m close above 29609.75 ONH,29609.75,first trigger price matching a seated level,"[""p30:L1""]","[""ONH""]",ONH,A,False,[],False,[],[],False,,,,,,,24.8788,,unknown,[],2026-08-19T02:32:34.885000-05:00,2026-08-19T03:20:20.739000-05:00,0,47,False,31.25,1.256089522002669,,
p31:S1:0,31,2026-08-19:LONDON,3,S1,2026-08-19,LONDON,2026-08-19:LONDON,2026-08-19T03:20:20.739000-05:00,3,balance,balance,neutral,not-recorded,reject,fade,short,B,First touch of 29641.25 ONH with 5m RSI > 63 and no 15m close above,29641.25,first trigger price matching a seated level,"[""p31:L0""]","[""ONH""]",ONH,A,False,[],False,[],[521],False,,,,,,,24.4215,,unknown,[],2026-08-19T03:20:20.739000-05:00,2026-08-19T08:30:00-05:00,0,309,False,,,,
p31:S2:1,31,2026-08-19:LONDON,3,S2,2026-08-19,LONDON,2026-08-19:LONDON,2026-08-19T03:20:20.739000-05:00,3,balance,balance,neutral,not-recorded,breakout_retest,follow,long,A,15m close above 29770.00 RTH-H after 29641.25 ONH is reclaimed,29770.0,first trigger price matching a seated level,"[""p31:L4""]","[""RTH-H""]",RTH-H,A,False,[],False,[],[],False,,,,,,,24.4215,,unknown,[],2026-08-19T03:20:20.739000-05:00,2026-08-19T08:30:00-05:00,0,309,False,,,,
p31:S3:2,31,2026-08-19:LONDON,3,S3,2026-08-19,LONDON,2026-08-19:LONDON,2026-08-19T03:20:20.739000-05:00,3,balance,balance,neutral,not-recorded,acceptance,follow,short,B,15m close below 29554.50 EQL after ONH rejection,29554.5,first trigger price matching a seated level,"[""p31:L1""]","[""EQL""]",EQL,A,False,[],False,[],[522],False,,,,,,,24.4215,,unknown,[],2026-08-19T03:20:20.739000-05:00,2026-08-19T08:30:00-05:00,0,309,False,,,,
p32:S1:0,32,2026-08-19:NY,1,S1,2026-08-19,NY,2026-08-19:NY,2026-08-19T08:29:41.885000-05:00,8,balance,balance,neutral,not-recorded,breakout_retest,follow,long,A,"5m close above 29770 RTH-H, then retest holds 29759 ONH",29770.0,first trigger price matching a seated level,"[""p32:L1""]","[""RTH-H""]",RTH-H,A,False,[],False,[],[],False,,,,,,,32.4661,,unknown,[],2026-08-19T08:29:41.885000-05:00,2026-08-19T09:04:08.963000-05:00,0,34,False,28.5,0.8778387302447784,,
p32:S2:1,32,2026-08-19:NY,1,S2,2026-08-19,NY,2026-08-19:NY,2026-08-19T08:29:41.885000-05:00,8,balance,balance,neutral,not-recorded,reclaim,follow,long,B,Pullback to 29584.50 EQH followed by 15m reclaim,29584.5,first trigger price matching a seated level,"[""p32:L3""]","[""EQH""]",EQH,A,False,[],False,[],[],False,,,,,,,32.4661,,unknown,[],2026-08-19T08:29:41.885000-05:00,2026-08-19T09:04:08.963000-05:00,0,34,False,157.0,4.8358133560852705,,
p32:S3:2,32,2026-08-19:NY,1,S3,2026-08-19,NY,2026-08-19:NY,2026-08-19T08:29:41.885000-05:00,8,balance,balance,neutral,not-recorded,acceptance,follow,short,B,15m close below 29505.75 PDC with retest rejection,29505.75,first trigger price matching a seated level,"[""p32:L5""]","[""PDC""]",PDC,A,False,[],False,[],[],False,,,,,,,32.4661,,unknown,[],2026-08-19T08:29:41.885000-05:00,2026-08-19T09:04:08.963000-05:00,0,34,False,235.75,7.261420373866896,,
p33:S1:0,33,2026-08-19:NY,2,S1,2026-08-19,NY,2026-08-19:NY,2026-08-19T09:04:08.963000-05:00,9,balance,balance,short,not-recorded,reject,fade,short,B,Rally into 29505.75-29514.00 stalls and rejects with 5m close back below 29505.75,29505.75,first trigger price matching a seated level,"[""p33:L3""]","[""PDC""]",PDC,A,False,[],False,[],[523],False,,,,,,,55.4609,,unknown,[],2026-08-19T09:04:08.963000-05:00,2026-08-19T09:51:07.657000-05:00,0,46,False,,,,
p33:S2:1,33,2026-08-19:NY,2,S2,2026-08-19,NY,2026-08-19:NY,2026-08-19T09:04:08.963000-05:00,9,balance,balance,short,not-recorded,breakout_retest,follow,short,A,Price breaks below PDL 29441.00 and retests it as resistance,29441.0,first trigger price matching a seated level,"[""p33:L1""]","[""PDL""]",PDL,A,False,[],False,[],[],False,,,,,,,55.4609,,unknown,[],2026-08-19T09:04:08.963000-05:00,2026-08-19T09:51:07.657000-05:00,0,46,False,,,,
p33:S3:2,33,2026-08-19:NY,2,S3,2026-08-19,NY,2026-08-19:NY,2026-08-19T09:04:08.963000-05:00,9,balance,balance,short,not-recorded,sweep_reclaim,fade,long,B,Sweep of ONL 29430.25 or PDL 29441.00 followed by 5m close back above 29441.00,29430.25,first trigger price matching a seated level,"[""p33:L2""]","[""ONL""]",ONL,A,False,[],False,[],[],False,,,,,,,55.4609,,unknown,[],2026-08-19T09:04:08.963000-05:00,2026-08-19T09:51:07.657000-05:00,0,46,False,,,,
p34:S1:0,34,2026-08-19:NY,3,S1,2026-08-19,NY,2026-08-19:NY,2026-08-19T09:51:07.657000-05:00,9,balance (short-lean pullback),balance,short,not-recorded,reject,fade,short,B,Rally into 29648.25 OR-L stalls; 5m rejection confirms,29648.25,first trigger price matching a seated level,"[""p34:L3""]","[""OR-L""]",OR-L,A,False,[],False,[],[524],False,,,,,,,60.6115,,observed,[1787155620000],2026-08-19T09:51:07.657000-05:00,2026-08-19T14:45:00-05:00,285,293,False,,,,
p34:S2:1,34,2026-08-19:NY,3,S2,2026-08-19,NY,2026-08-19:NY,2026-08-19T09:51:07.657000-05:00,9,balance (short-lean pullback),balance,short,not-recorded,acceptance,follow,short,A,5m close below 29505.75 PDC after losing 29514 RTH-L,29505.75,first trigger price matching a seated level,"[""p34:L1""]","[""PDC""]",PDC,A,False,[],False,[],[],False,,,,,,,60.6115,,observed,[1787162880000],2026-08-19T09:51:07.657000-05:00,2026-08-19T14:45:00-05:00,285,293,False,,,,
p34:S3:2,34,2026-08-19:NY,3,S3,2026-08-19,NY,2026-08-19:NY,2026-08-19T09:51:07.657000-05:00,9,balance (short-lean pullback),balance,short,not-recorded,sweep_reclaim,fade,long,B,Sweep of 29514/29505.75 then 5m close back above 29514,29514.0,first trigger price matching a seated level,"[""p34:L0""]","[""RTH-L""]",RTH-L,A,False,[],False,[],[],False,,,,,,,60.6115,,observed,[1787160060000],2026-08-19T09:51:07.657000-05:00,2026-08-19T14:45:00-05:00,285,293,False,,,,
p35:S1:0,35,2026-08-19:ASIA,1,S1,2026-08-19,ASIA,2026-08-19:ASIA,2026-08-19T17:02:41.871000-05:00,17,balance,balance,neutral,not-recorded,reclaim,follow,long,B,price reclaims 29648.25 OR-L,29648.25,first trigger price matching a seated level,"[""p35:L4""]","[""OR-L""]",OR-L,A,False,[],False,[],[525],False,,,,,,,19.891,,observed,[1787180340000],2026-08-19T17:02:41.871000-05:00,2026-08-19T19:21:12.332000-05:00,138,138,True,,,83.25,4.1853099391684685
p35:S2:1,35,2026-08-19:ASIA,1,S2,2026-08-19,ASIA,2026-08-19:ASIA,2026-08-19T17:02:41.871000-05:00,17,balance,balance,neutral,not-recorded,reject,fade,short,A,price rallies into 29648.25 OR-L and reverses,29648.25,first trigger price matching a seated level,"[""p35:L4""]","[""OR-L""]",OR-L,A,False,[],False,[],[],False,,,,,,,19.891,,observed,[1787180340000],2026-08-19T17:02:41.871000-05:00,2026-08-19T19:21:12.332000-05:00,138,138,True,,,83.25,4.1853099391684685
p35:S3:2,35,2026-08-19:ASIA,1,S3,2026-08-19,ASIA,2026-08-19:ASIA,2026-08-19T17:02:41.871000-05:00,17,balance,balance,neutral,not-recorded,acceptance,follow,short,B,price accepts below 29553.12 nPOC and breaks 29514.00 RTH-L,29553.12,first trigger price matching a seated level,"[""p35:L0""]","[""nPOC""]",NPOC,A,False,[],False,[],[],False,,,,,,,19.891,,not observed (complete window),[],2026-08-19T17:02:41.871000-05:00,2026-08-19T19:21:12.332000-05:00,138,138,True,,,11.880000000001019,0.5972550399678759
p36:S1:0,36,2026-08-19:ASIA,2,S1,2026-08-19,ASIA,2026-08-19:ASIA,2026-08-19T19:21:12.332000-05:00,19,balance,balance,neutral,not-recorded,hold,fade,long,A,Dip holds above 29648.25 OR-L; 5m close forms higher low,29648.25,first trigger price matching a seated level,"[""p36:L0""]","[""OR-L""]",OR-L,A,False,[],False,[],[],False,,,,,,,23.9774,,observed,[1787185320000],2026-08-19T19:21:12.332000-05:00,2026-08-19T19:32:51.515000-05:00,10,10,True,,,9.5,0.3962064277194358
p36:S2:1,36,2026-08-19:ASIA,2,S2,2026-08-19,ASIA,2026-08-19:ASIA,2026-08-19T19:21:12.332000-05:00,19,balance,balance,neutral,not-recorded,breakout_retest,follow,short,B,5m close below 29648.25 OR-L then retest rejects from below,29648.25,first trigger price matching a seated level,"[""p36:L0""]","[""OR-L""]",OR-L,A,False,[],False,[],[],False,,,,,,,23.9774,,observed,[1787185320000],2026-08-19T19:21:12.332000-05:00,2026-08-19T19:32:51.515000-05:00,10,10,True,,,9.5,0.3962064277194358
p36:S3:2,36,2026-08-19:ASIA,2,S3,2026-08-19,ASIA,2026-08-19:ASIA,2026-08-19T19:21:12.332000-05:00,19,balance,balance,neutral,not-recorded,reject,fade,short,B,Rally into 29688.50 ONH stalls and 5m close back below 29675,29688.5,first trigger price matching a seated level,"[""p36:L1""]","[""ONH""]",ONH,A,False,[],False,[],[],False,,,,,,,23.9774,,not observed (complete window),[],2026-08-19T19:21:12.332000-05:00,2026-08-19T19:32:51.515000-05:00,10,10,True,,,30.75,1.2824576476181737
p37:S1:0,37,2026-08-19:ASIA,3,S1,2026-08-19,ASIA,2026-08-19:ASIA,2026-08-19T19:32:51.515000-05:00,19,balance,balance,short,not-recorded,reject,fade,short,A,Pullback to 29648.25 OR-L stalls and 5m rejects,29648.25,first trigger price matching a seated level,"[""p37:L3""]","[""OR-L""]",OR-L,A,False,[],False,[],[],False,,,,,,,23.2396,,observed,[1787186160000],2026-08-19T19:32:51.515000-05:00,2026-08-19T19:47:30.128000-05:00,14,14,True,,,27.0,1.1618100139417202
p37:S2:1,37,2026-08-19:ASIA,3,S2,2026-08-19,ASIA,2026-08-19:ASIA,2026-08-19T19:32:51.515000-05:00,19,balance,balance,short,not-recorded,acceptance,follow,short,A,5m close below 29554.75 ONL,29554.75,first trigger price matching a seated level,"[""p37:L4""]","[""ONL""]",ONL,A,False,[],False,[],[],False,,,,,,,23.2396,,not observed (complete window),[],2026-08-19T19:32:51.515000-05:00,2026-08-19T19:47:30.128000-05:00,14,14,True,,,66.5,2.8614950343379406
p37:S3:2,37,2026-08-19:ASIA,3,S3,2026-08-19,ASIA,2026-08-19:ASIA,2026-08-19T19:32:51.515000-05:00,19,balance,balance,short,not-recorded,reclaim,follow,long,B,29554.75 ONL holds and price 5m reclaims above it,29554.75,first trigger price matching a seated level,"[""p37:L4""]","[""ONL""]",ONL,A,False,[],False,[],[],False,,,,,,,23.2396,,not observed (complete window),[],2026-08-19T19:32:51.515000-05:00,2026-08-19T19:47:30.128000-05:00,14,14,True,,,66.5,2.8614950343379406
p38:S1:0,38,2026-08-19:ASIA,4,S1,2026-08-19,ASIA,2026-08-19:ASIA,2026-08-19T19:47:30.128000-05:00,19,balance,balance,short,not-recorded,reject,fade,short,B,Retest 29688.50 ONH and 5m close back below,29688.5,first trigger price matching a seated level,"[""p38:L1""]","[""ONH""]",ONH,A,False,[],False,[],[],False,,,,,,,23.2285,,not observed (complete window),[],2026-08-19T19:47:30.128000-05:00,2026-08-20T02:00:00-05:00,372,372,True,,,26.25,1.1300772757603805
p38:S2:1,38,2026-08-19:ASIA,4,S2,2026-08-19,ASIA,2026-08-19:ASIA,2026-08-19T19:47:30.128000-05:00,19,balance,balance,short,not-recorded,acceptance,follow,short,A,5m close below 29648.25 OR-L after a failed bounce,29648.25,first trigger price matching a seated level,"[""p38:L0""]","[""OR-L""]",OR-L,A,False,[],False,[],"[526, 527]",False,,,,,,,23.2285,,observed,[1787186880000],2026-08-19T19:47:30.128000-05:00,2026-08-20T02:00:00-05:00,372,372,True,,,14.0,0.6027078804055362
p38:S3:2,38,2026-08-19:ASIA,4,S3,2026-08-19,ASIA,2026-08-19:ASIA,2026-08-19T19:47:30.128000-05:00,19,balance,balance,short,not-recorded,reclaim,follow,long,B,15m close above 29688.50 ONH and acceptance above 29742.00 OR-H,29688.5,first trigger price matching a seated level,"[""p38:L1""]","[""ONH""]",ONH,A,False,[],False,[],[],False,,,,,,,23.2285,,not observed (complete window),[],2026-08-19T19:47:30.128000-05:00,2026-08-20T02:00:00-05:00,372,372,True,,,26.25,1.1300772757603805
p39:S1:0,39,2026-08-20:LONDON,1,S1,2026-08-20,LONDON,2026-08-20:LONDON,2026-08-20T01:59:34.192000-05:00,1,balance,balance,neutral,not-recorded,breakout_retest,follow,long,A,"Price breaks 29688.50 ONH after the 07:30 calendar event, then holds a retest with a 5m close above 29688.50.",29688.5,confirm.ref_price,"[""p39:L0""]","[""ONH""]",ONH,A,False,[],False,[],[],False,,,,,,,18.5365,,not observed (complete window),[],2026-08-20T01:59:34.192000-05:00,2026-08-20T03:22:22.600000-05:00,82,82,True,,,17.5,0.9440832951204381
p39:S2:1,39,2026-08-20:LONDON,1,S2,2026-08-20,LONDON,2026-08-20:LONDON,2026-08-20T01:59:34.192000-05:00,1,balance,balance,neutral,not-recorded,reject,fade,short,B,Price tests 29688.50 ONH and rejects with a 5m close below 29688.50.,29688.5,confirm.ref_price,"[""p39:L0""]","[""ONH""]",ONH,A,False,[],False,[],[],False,,,,,,,18.5365,,not observed (complete window),[],2026-08-20T01:59:34.192000-05:00,2026-08-20T03:22:22.600000-05:00,82,82,True,,,17.5,0.9440832951204381
p39:S3:2,39,2026-08-20:LONDON,1,S3,2026-08-20,LONDON,2026-08-20:LONDON,2026-08-20T01:59:34.192000-05:00,1,balance,balance,neutral,not-recorded,acceptance,follow,short,B,"Price loses 29617.00 PDC and prints a 5m close below 29617.00, accepting balance down.",29617,confirm.ref_price,"[""p39:L3""]","[""PDC""]",PDC,A,False,[],False,[],[],False,,,,,,,18.5365,,observed,[1787210580000],2026-08-20T01:59:34.192000-05:00,2026-08-20T03:22:22.600000-05:00,82,82,True,,,54.0,2.9131713106573516
p40:S1:0,40,2026-08-20:LONDON,2,S1,2026-08-20,LONDON,2026-08-20:LONDON,2026-08-20T03:22:22.600000-05:00,3,trend_down,trend,short,not-recorded,breakout_retest,follow,short,A,5m closes below 29515.25 ONL,29515.25,confirm.ref_price,"[""p40:L6""]","[""ONL""]",ONL,A,False,[],False,[],[528],False,,,,,,,25.5574,,observed,[1787214180000],2026-08-20T03:22:22.600000-05:00,2026-08-20T08:30:00-05:00,307,307,True,,,23.0,0.8999350481660888
p40:S2:1,40,2026-08-20:LONDON,2,S2,2026-08-20,LONDON,2026-08-20:LONDON,2026-08-20T03:22:22.600000-05:00,3,trend_down,trend,short,not-recorded,reject,fade,short,B,Rally into 29557.50 EQH stalls and 2x5m closes below 29557.50,29557.5,confirm.ref_price,"[""p40:L4""]","[""EQH""]",EQH,A,False,[],False,[],[529],False,,,,,,,25.5574,,observed,[1787220720000],2026-08-20T03:22:22.600000-05:00,2026-08-20T08:30:00-05:00,307,307,True,,,19.25,0.7532065077042265
p40:S3:2,40,2026-08-20:LONDON,2,S3,2026-08-20,LONDON,2026-08-20:LONDON,2026-08-20T03:22:22.600000-05:00,3,trend_down,trend,short,not-recorded,reject,fade,short,A,Rally into 29617.00 PDC and 2x5m closes below 29617.00,29617,confirm.ref_price,"[""p40:L3""]","[""PDC""]",PDC,A,False,[],False,[],[],False,,,,,,,25.5574,,not observed (complete window),[],2026-08-20T03:22:22.600000-05:00,2026-08-20T08:30:00-05:00,307,307,True,,,78.75,3.0812993496991083
p41:S1:0,41,2026-08-20:NY,1,S1,2026-08-20,NY,2026-08-20:NY,2026-08-20T08:28:09.531000-05:00,8,balance,balance,short,not-recorded,acceptance,follow,short,A+,Acceptance below 29275.00 after a failed reclaim of 29375.75 RTH-L,29275,confirm.ref_price,"[""p41:L1""]","[""RN 29275""]",RN,A,False,[],False,[],[],False,,,,,,,28.6563,,not observed (complete window),[],2026-08-20T08:28:09.531000-05:00,2026-08-20T08:47:52.571000-05:00,18,18,True,72.75,2.53870876561175,62.75,2.1897453614039493
p41:S2:1,41,2026-08-20:NY,1,S2,2026-08-20,NY,2026-08-20:NY,2026-08-20T08:28:09.531000-05:00,8,balance,balance,short,not-recorded,reject,fade,short,A,"Price rallies to 29375.75 RTH-L and rejects, confirming the open fulcrum as resistance",29375.75,confirm.ref_price,"[""p41:L0""]","[""RTH-L""]",RTH-L,A,False,[],False,[],[],False,,,,,,,28.6563,,observed,[1787232600000],2026-08-20T08:28:09.531000-05:00,2026-08-20T08:47:52.571000-05:00,18,18,True,28.0,0.977097531781842,38.0,1.3260609359896427
p41:S3:2,41,2026-08-20:NY,1,S3,2026-08-20,NY,2026-08-20:NY,2026-08-20T08:28:09.531000-05:00,8,balance,balance,short,not-recorded,reclaim,follow,long,B,A 15m close above 29375.75 RTH-L reclaims the open fulcrum,29375.75,confirm.ref_price,"[""p41:L0""]","[""RTH-L""]",RTH-L,A,False,[],False,[],[531],False,,,,,,,28.6563,,observed,[1787232600000],2026-08-20T08:28:09.531000-05:00,2026-08-20T08:47:52.571000-05:00,18,18,True,28.0,0.977097531781842,38.0,1.3260609359896427
p42:S1:0,42,2026-08-20:NY,2,S1,2026-08-20,NY,2026-08-20:NY,2026-08-20T08:47:52.571000-05:00,8,trend,trend,short,not-recorded,acceptance,follow,short,A,Acceptance below 29433.75 OR-H after a 2x5m close below 29433.75,29433.75,confirm.ref_price,"[""p42:L3""]","[""OR-H""]",OR-H,A,False,[],False,[],[532],False,,,,,,,41.4161,,observed,[1787237220000],2026-08-20T08:47:52.571000-05:00,2026-08-20T14:45:00-05:00,357,357,True,,,37.0,0.8933723841694413
p42:S2:1,42,2026-08-20:NY,2,S2,2026-08-20,NY,2026-08-20:NY,2026-08-20T08:47:52.571000-05:00,8,trend,trend,short,not-recorded,reject,fade,short,B,Rally to 29617.00 PDC and 1x5m close back below 29617.00,29617,confirm.ref_price,"[""p42:L4""]","[""PDC""]",PDC,A,False,[],False,[],[],False,,,,,,,41.4161,,not observed (complete window),[],2026-08-20T08:47:52.571000-05:00,2026-08-20T14:45:00-05:00,357,357,True,,,220.25,5.317980205765391
p42:S3:2,42,2026-08-20:NY,2,S3,2026-08-20,NY,2026-08-20:NY,2026-08-20T08:47:52.571000-05:00,8,trend,trend,short,not-recorded,acceptance,follow,short,A,2x5m close below 29375.75 PDL after the OR-H break,29375.75,confirm.ref_price,"[""p42:L2""]","[""PDL""]",PDL,A,False,[],False,[],[],False,,,,,,,41.4161,,observed,[1787233680000],2026-08-20T08:47:52.571000-05:00,2026-08-20T14:45:00-05:00,357,357,True,,,21.0,0.5070491910150884
p43:S1:0,43,2026-08-20:ASIA,1,S1,2026-08-20,ASIA,2026-08-20:ASIA,2026-08-20T17:04:04.018000-05:00,17,trend,trend,short,not-recorded,acceptance,follow,short,A,Acceptance below ONL: price breaks and holds below 29323.0 with two 5m closes.,29323,confirm.ref_price,"[""p43:L0""]","[""ONL""]",ONL,A,False,[],False,[],[],False,,,,,,,20.6068,,observed,[1787266260000],2026-08-20T17:04:04.018000-05:00,2026-08-20T19:19:45.447000-05:00,134,134,True,1.0,0.04852767047770639,33.25,1.6135450433837375
p43:S2:1,43,2026-08-20:ASIA,1,S2,2026-08-20,ASIA,2026-08-20:ASIA,2026-08-20T17:04:04.018000-05:00,17,trend,trend,short,not-recorded,reject,fade,short,B,Rally-rejection at OR-L: price touches 29338.5 OR-L and rejects with a 5m close below it.,29338.5,confirm.ref_price,"[""p43:L1""]","[""OR-L""]",OR-L,A,False,[],False,[],[533],False,,,,,,,20.6068,,observed,[1787270760000],2026-08-20T17:04:04.018000-05:00,2026-08-20T19:19:45.447000-05:00,134,134,True,14.5,0.7036512219267427,48.75,2.3657239357881865
p43:S3:2,43,2026-08-20:ASIA,1,S3,2026-08-20,ASIA,2026-08-20:ASIA,2026-08-20T17:04:04.018000-05:00,17,trend,trend,short,not-recorded,reclaim,follow,long,B,Reclaim of OR-L and ONH: price makes a 5m close above 29338.5 and then a 5m close above 29345.25; enters long toward PDL.,29345.25,confirm.ref_price,"[""p43:L4""]","[""ONH""]",ONH,A,False,[],False,[],[],False,,,,,,,20.6068,,observed,[1787271060000],2026-08-20T17:04:04.018000-05:00,2026-08-20T19:19:45.447000-05:00,134,134,True,21.25,1.0312129976512607,55.5,2.6932857115127047
p44:S1:0,44,2026-08-20:ASIA,2,S1,2026-08-20,ASIA,2026-08-20:ASIA,2026-08-20T19:19:45.447000-05:00,19,trend-down,trend,short,not-recorded,reject,fade,short,A,Price retests 29365.00 ONH or 29375.75 PDL and stalls with a 5m close back below 29365.00.,29365,confirm.ref_price,"[""p44:L0""]","[""ONH""]",ONH,A,False,[],False,[],[535],False,,,,,,,19.9651,,observed,[1787276940000],2026-08-20T19:19:45.447000-05:00,2026-08-20T21:33:40.408000-05:00,133,133,True,3.5,0.175305908810875,32.25,1.6153187311859194
p44:S2:1,44,2026-08-20:ASIA,2,S2,2026-08-20,ASIA,2026-08-20:ASIA,2026-08-20T19:19:45.447000-05:00,19,trend-down,trend,short,not-recorded,breakout_retest,follow,short,B,Breakdown of 29338.50 OR-L with a 5m close below 29338.50; short the retest if the level fails from below.,29338.5,confirm.ref_price,"[""p44:L5""]","[""OR-L""]",OR-L,A,False,[],False,[],[534],False,,,,,,,19.9651,,observed,[1787271720000],2026-08-20T19:19:45.447000-05:00,2026-08-20T21:33:40.408000-05:00,133,133,True,23.0,1.1520102579000355,5.75,0.2880025644750089
p44:S3:2,44,2026-08-20:ASIA,2,S3,2026-08-20,ASIA,2026-08-20:ASIA,2026-08-20T19:19:45.447000-05:00,19,trend-down,trend,short,not-recorded,reclaim,follow,long,B,Reclaim of 29375.75 PDL with a 15m close above 29375.75; pullback holds the level for continuation long.,29375.75,confirm.ref_price,"[""p44:L1""]","[""PDL""]",PDL,A,False,[],False,[],[],False,,,,,,,19.9651,,observed,[1787278500000],2026-08-20T19:19:45.447000-05:00,2026-08-20T21:33:40.408000-05:00,133,133,True,14.25,0.7137454858728481,43.0,2.153758308247893
p45:S1:0,45,2026-08-20:ASIA,3,S1,2026-08-20,ASIA,2026-08-20:ASIA,2026-08-20T21:33:40.408000-05:00,21,trend-down,trend,short,not-recorded,reject,fade,short,A,Rally into 29395 ONH rejects: price touches 29395 and then prints two consecutive 5m closes below 29395,29395,confirm.ref_price,"[""p45:L0""]","[""ONH""]",ONH,A,False,[],False,[],"[536, 537, 538]",False,,,,,,,21.7456,,observed,[1787279760000],2026-08-20T21:33:40.408000-05:00,2026-08-21T02:00:00-05:00,266,266,True,5.25,0.2414281509822677,3.0,0.13795894341843867
p45:S2:1,45,2026-08-20:ASIA,3,S2,2026-08-20,ASIA,2026-08-20:ASIA,2026-08-20T21:33:40.408000-05:00,21,trend-down,trend,short,not-recorded,acceptance,follow,short,B,Acceptance below 29331 EQH: price breaks below 29331 and prints two consecutive 5m closes below 29331,29331,confirm.ref_price,"[""p45:L6""]","[""EQH""]",EQH,A,False,[],False,[],[],False,,,,,,,21.7456,,observed,[1787286420000],2026-08-20T21:33:40.408000-05:00,2026-08-21T02:00:00-05:00,266,266,True,58.75,2.701695975277757,61.0,2.8051651828415864
p45:S3:2,45,2026-08-20:ASIA,3,S3,2026-08-20,ASIA,2026-08-20:ASIA,2026-08-20T21:33:40.408000-05:00,21,trend-down,trend,short,not-recorded,reject,fade,short,A,Rally into 29485 PDL rejects: price touches 29485 and then a 5m close below 29485,29485,confirm.ref_price,"[""p45:L1""]","[""PDL""]",PDL,A,False,[],False,[],[],False,,,,,,,21.7456,,not observed (complete window),[],2026-08-20T21:33:40.408000-05:00,2026-08-21T02:00:00-05:00,266,266,True,95.25,4.380196453535428,93.0,4.276727245971599
p46:S1:0,46,2026-08-21:LONDON,1,S1,2026-08-21,LONDON,2026-08-21:LONDON,2026-08-21T02:03:07.589000-05:00,2,balance,balance,short,not-recorded,sweep_reclaim,fade,long,B,Price sweeps 29341.75 EQL and then prints a 1x5m close back above 29346.00 EQH.,29346,confirm.ref_price,"[""p46:L4""]","[""EQH""]",EQH,A,False,[],False,[],[],False,,,,,,,15.3675,,not observed (complete window),[],2026-08-21T02:03:07.589000-05:00,2026-08-21T02:17:15.594000-05:00,13,13,True,34.0,2.2124613632666343,47.75,3.107206767528876
p46:S2:1,46,2026-08-21:LONDON,1,S2,2026-08-21,LONDON,2026-08-21:LONDON,2026-08-21T02:03:07.589000-05:00,2,balance,balance,short,not-recorded,reject,fade,short,A,Price pushes to 29402.25 ONH and stalls; short the first 1x5m close below 29402.25.,29402.25,confirm.ref_price,"[""p46:L2""]","[""ONH""]",ONH,A,False,[],False,[],[],False,,,,,,,15.3675,,observed,[1787295840000],2026-08-21T02:03:07.589000-05:00,2026-08-21T02:17:15.594000-05:00,13,13,True,22.25,1.4478607450789003,8.5,0.5531153408166586
p46:S3:2,46,2026-08-21:LONDON,1,S3,2026-08-21,LONDON,2026-08-21:LONDON,2026-08-21T02:03:07.589000-05:00,2,balance,balance,short,not-recorded,acceptance,follow,short,B,Price loses 29358.25 PDC; sell the first 1x5m close below 29358.25.,29358.25,confirm.ref_price,"[""p46:L3""]","[""PDC""]",PDC,A,False,[],False,[],[],False,,,,,,,15.3675,,not observed (complete window),[],2026-08-21T02:03:07.589000-05:00,2026-08-21T02:17:15.594000-05:00,13,13,True,21.75,1.4153245485602732,35.5,2.310069952822515
p47:S1:0,47,2026-08-21:LONDON,2,S1,2026-08-21,LONDON,2026-08-21:LONDON,2026-08-21T02:17:15.594000-05:00,2,balance,balance,short,not-recorded,reject,fade,short,B,Tag of 29415.50 ONH followed by a 5m close back below 29415.50,29415.5,confirm.ref_price,"[""p47:L0""]","[""ONH""]",ONH,A,False,[],False,[],[],False,,,,,,,15.4672,,observed,[1787299620000],2026-08-21T02:17:15.594000-05:00,2026-08-21T04:49:07.693000-05:00,151,151,True,,,3.5,0.22628530050687906
p47:S2:1,47,2026-08-21:LONDON,2,S2,2026-08-21,LONDON,2026-08-21:LONDON,2026-08-21T02:17:15.594000-05:00,2,balance,balance,short,not-recorded,breakout_retest,follow,short,A,Breakdown and 5m close below 29358.25 PDC,29358.25,confirm.ref_price,"[""p47:L3""]","[""PDC""]",PDC,A,False,[],False,[],[],False,,,,,,,15.4672,,not observed (complete window),[],2026-08-21T02:17:15.594000-05:00,2026-08-21T04:49:07.693000-05:00,151,151,True,,,60.75,3.927666287369401
p47:S3:2,47,2026-08-21:LONDON,2,S3,2026-08-21,LONDON,2026-08-21:LONDON,2026-08-21T02:17:15.594000-05:00,2,balance,balance,short,not-recorded,reclaim,follow,long,B,Sweep/reclaim of 29415.50 ONH and 15m close above 29415.50,29415.5,confirm.ref_price,"[""p47:L0""]","[""ONH""]",ONH,A,False,[],False,[],[],False,,,,,,,15.4672,,observed,[1787299620000],2026-08-21T02:17:15.594000-05:00,2026-08-21T04:49:07.693000-05:00,151,151,True,,,3.5,0.22628530050687906
p48:S1:0,48,2026-08-21:LONDON,3,S1,2026-08-21,LONDON,2026-08-21:LONDON,2026-08-21T04:49:07.693000-05:00,4,balance,balance,long,not-recorded,reclaim,follow,long,A,Reclaim of ONH 29483.25: 1x5m close above 29483.25 confirms breakout; invalid 2x5m close below 29470.25.,29483.25,confirm.ref_price,"[""p48:L1""]","[""ONH""]",ONH,A,False,[],False,[],"[540, 541]",False,,,,,,,18.2173,,observed,[1787305860000],2026-08-21T04:49:07.693000-05:00,2026-08-21T08:22:47.022000-05:00,212,212,True,8.25,0.4528662315491318,10.5,0.5763752037898041
p48:S2:1,48,2026-08-21:LONDON,3,S2,2026-08-21,LONDON,2026-08-21:LONDON,2026-08-21T04:49:07.693000-05:00,4,balance,balance,long,not-recorded,acceptance,follow,short,A,"Reject ONH 29483.25: after rejection, 1x5m close below 29470.25 confirms short; invalid 2x5m close above 29483.25.",29470.25,confirm.ref_price,"[""p48:L0""]","[""RTH-H""]",RTH-H,A,False,[],False,[],[],False,,,,,,,18.2173,,observed,[1787307600000],2026-08-21T04:49:07.693000-05:00,2026-08-21T08:22:47.022000-05:00,212,212,True,4.75,0.26074116361919714,2.5,0.1372321913785248
p48:S3:2,48,2026-08-21:LONDON,3,S3,2026-08-21,LONDON,2026-08-21:LONDON,2026-08-21T04:49:07.693000-05:00,4,balance,balance,long,not-recorded,hold,fade,long,B,Dip-buy at PDC 29358.25: hold of 29358.25 and 1x5m close above 29358.25 confirms long; invalid 15m close below 29342.00.,29358.25,confirm.ref_price,"[""p48:L2""]","[""PDC""]",PDC,A,False,[],False,[],[],False,,,,,,,18.2173,,not observed (complete window),[],2026-08-21T04:49:07.693000-05:00,2026-08-21T08:22:47.022000-05:00,212,212,True,116.75,6.408743337377108,114.5,6.285234365136436
p49:S1:0,49,2026-08-21:LONDON,4,S1,2026-08-21,LONDON,2026-08-21:LONDON,2026-08-21T08:22:47.022000-05:00,8,balance,balance,neutral,not-recorded,reject,fade,short,B,A rally into 29470.25 RTH-H stalls and a 5m candle closes back below 29470.25.,29470.25,confirm.ref_price,"[""p49:L2""]","[""RTH-H""]",RTH-H,A,False,[],False,[],[],False,,,,,,,18.4465,,observed,[1787318880000],2026-08-21T08:22:47.022000-05:00,2026-08-21T08:30:00-05:00,7,7,True,,,23.5,1.2739544086954164
p49:S2:1,49,2026-08-21:LONDON,4,S2,2026-08-21,LONDON,2026-08-21:LONDON,2026-08-21T08:22:47.022000-05:00,8,balance,balance,neutral,not-recorded,breakout_retest,follow,short,A,"Price closes below 29358.25 PDC/4h EMA200 for a second 5m candle, with the first bounce failing; enter on the 2x5m close or retest of 29358.25.",29358.25,confirm.ref_price,"[""p49:L3""]","[""PDC""]",PDC,A,False,[],False,[],[],False,,,,,,,18.4465,,not observed (complete window),[],2026-08-21T08:22:47.022000-05:00,2026-08-21T08:30:00-05:00,7,7,True,,,88.5,4.797658092321036
p49:S3:2,49,2026-08-21:LONDON,4,S3,2026-08-21,LONDON,2026-08-21:LONDON,2026-08-21T08:22:47.022000-05:00,8,balance,balance,neutral,not-recorded,reclaim,follow,long,B,Price reclaims 29470.25 RTH-H and a 5m candle closes above 29470.25.,29470.25,confirm.ref_price,"[""p49:L2""]","[""RTH-H""]",RTH-H,A,False,[],False,[],[],False,,,,,,,18.4465,,observed,[1787318880000],2026-08-21T08:22:47.022000-05:00,2026-08-21T08:30:00-05:00,7,7,True,,,23.5,1.2739544086954164
p50:S1:0,50,2026-08-21:NY,1,S1,2026-08-21,NY,2026-08-21:NY,2026-08-21T08:29:29.366000-05:00,8,trend-down,trend,short,not-recorded,reject,fade,short,B,Price lifts into 29470.25 RTH-H and shows a 5m rejection/stall; enters only after a 5m close back below 29470.25.,29470.25,confirm.ref_price,"[""p50:L0""]","[""RTH-H""]",RTH-H,A,False,[],False,[],[544],False,,,,,,,19.9707,,observed,[1787319000000],2026-08-21T08:29:29.366000-05:00,2026-08-21T14:45:00-05:00,375,375,True,,,9.5,0.4756968959525705
p50:S2:1,50,2026-08-21:NY,1,S2,2026-08-21,NY,2026-08-21:NY,2026-08-21T08:29:29.366000-05:00,8,trend-down,trend,short,not-recorded,acceptance,follow,short,A,Price accepts below 29358.25 PDC with two 5m closes below 29358.25.,29358.25,confirm.ref_price,"[""p50:L1""]","[""PDC""]",PDC,A,False,[],False,[],"[542, 543]",False,,,,,,,19.9707,,observed,[1787319180000],2026-08-21T08:29:29.366000-05:00,2026-08-21T14:45:00-05:00,375,375,True,,,121.5,6.083912932446033
p50:S3:2,50,2026-08-21:NY,1,S3,2026-08-21,NY,2026-08-21:NY,2026-08-21T08:29:29.366000-05:00,8,trend-down,trend,short,not-recorded,breakout_retest,follow,short,B,Price breaks 29273.50 ONL and holds below 29273.50 on a 5m close; sell the retest.,29273.5,confirm.ref_price,"[""p50:L5""]","[""ONL""]",ONL,A,False,[],False,[],[],False,,,,,,,19.9707,,observed,[1787320440000],2026-08-21T08:29:29.366000-05:00,2026-08-21T14:45:00-05:00,375,375,True,,,206.25,10.327629977917649
p51:S0:0,51,2026-08-23:ASIA,1,S0,2026-08-23,ASIA,2026-08-23:ASIA,2026-08-23T17:11:56.406000-05:00,17,no-trade,no-trade,neutral,not-recorded,hold,stand-aside,long,B,none,,unresolved,[],[],unresolved,unresolved,False,[],False,[],[],False,,,,,,,21.5656,,unknown,[],2026-08-23T17:11:56.406000-05:00,2026-08-23T18:27:11.973000-05:00,75,75,True,,,,
p52:S0:0,52,2026-08-23:ASIA,2,S0,2026-08-23,ASIA,2026-08-23:ASIA,2026-08-23T18:27:11.973000-05:00,18,no-trade,no-trade,neutral,not-recorded,hold,stand-aside,long,B,none,,unresolved,[],[],unresolved,unresolved,False,[],False,[],[],False,,,,,,,16.9566,,unknown,[],2026-08-23T18:27:11.973000-05:00,2026-08-23T18:53:10.129000-05:00,25,25,True,,,,
p53:S0:0,53,2026-08-23:ASIA,3,S0,2026-08-23,ASIA,2026-08-23:ASIA,2026-08-23T18:53:10.129000-05:00,18,no-trade,no-trade,neutral,not-recorded,hold,stand-aside,long,B,none,,unresolved,[],[],unresolved,unresolved,False,[],False,[],[],False,,,,,,,17.0293,,unknown,[],2026-08-23T18:53:10.129000-05:00,2026-08-23T22:56:59.292000-05:00,242,242,True,,,,
p54:S0:0,54,2026-08-23:ASIA,4,S0,2026-08-23,ASIA,2026-08-23:ASIA,2026-08-23T22:56:59.292000-05:00,22,no-trade,no-trade,neutral,not-recorded,hold,stand-aside,long,B,none,,unresolved,[],[],unresolved,unresolved,False,[],False,[],[],False,,,,,,,24.3095,,unknown,[],2026-08-23T22:56:59.292000-05:00,2026-08-24T02:00:00-05:00,183,183,True,,,,
p55:S0:0,55,2026-08-24:LONDON,1,S0,2026-08-24,LONDON,2026-08-24:LONDON,2026-08-24T02:07:53.647000-05:00,2,no-trade,no-trade,neutral,not-recorded,hold,stand-aside,long,B,none,,unresolved,[],[],unresolved,unresolved,False,[],False,[],[],False,,,,,,,24.6135,,unknown,[],2026-08-24T02:07:53.647000-05:00,2026-08-24T08:30:00-05:00,382,382,True,,,,
p56:S1:0,56,2026-08-24:NY,1,S1,2026-08-24,NY,2026-08-24:NY,2026-08-24T08:31:43.341000-05:00,8,trend-down,trend,short,not-recorded,reject,fade,short,C,Rally into 29263.25 PDL stalls and a 5m candle closes back below 29263.25,29263.25,confirm.ref_price,"[""p56:L3""]","[""PDL""]",PDL,A,False,[],False,[],[],False,,,,,,,23.1257,,not observed (complete window),[],2026-08-24T08:31:43.341000-05:00,2026-08-24T08:54:57.009000-05:00,22,22,True,66.5,2.8755886308306344,131.5,5.686314360213961
p56:S2:1,56,2026-08-24:NY,1,S2,2026-08-24,NY,2026-08-24:NY,2026-08-24T08:31:43.341000-05:00,8,trend-down,trend,short,not-recorded,breakout_retest,follow,short,C,Breakdown through 29192.00 EQL with a 5m close back below 29192.00 after the retest,29192,confirm.ref_price,"[""p56:L2""]","[""EQL""]",EQL,A,False,[],False,[],[],False,,,,,,,23.1257,,not observed (complete window),[],2026-08-24T08:31:43.341000-05:00,2026-08-24T08:54:57.009000-05:00,22,22,True,4.75,0.2053991879164739,60.25,2.605326541466853
p56:S3:2,56,2026-08-24:NY,1,S3,2026-08-24,NY,2026-08-24:NY,2026-08-24T08:31:43.341000-05:00,8,trend-down,trend,short,not-recorded,sweep_reclaim,fade,long,C,Sweep of 29116.75 ONL; wait for a 5m close back above 29116.75,29116.75,confirm.ref_price,"[""p56:L0""]","[""ONL""]",ONL,A,False,[],False,[],[],False,,,,,,,23.1257,,observed,[1787578320000],2026-08-24T08:31:43.341000-05:00,2026-08-24T08:54:57.009000-05:00,22,22,True,80.0,3.4593547438564025,15.0,0.6486290144730754
p57:S1:0,57,2026-08-24:NY,2,S1,2026-08-24,NY,2026-08-24:NY,2026-08-24T08:54:57.009000-05:00,8,trend-down,trend,short,not-recorded,acceptance,follow,short,C,A 2x5m close below 28976.25 (IB-L) while price remains below PDL 29263.25 opens continuation short.,28976.25,confirm.ref_price,"[""p57:L0""]","[""IB-L""]",IB-L,A,False,[],False,[],[],False,,,,,,,41.4511,,observed,[1787580120000],2026-08-24T08:54:57.009000-05:00,2026-08-24T09:52:27.586000-05:00,57,57,True,1.5,0.03618721819203833,14.0,0.33774736979235775
p57:S2:1,57,2026-08-24:NY,2,S2,2026-08-24,NY,2026-08-24:NY,2026-08-24T08:54:57.009000-05:00,8,trend-down,trend,short,not-recorded,reject,fade,short,C,An oversold bounce that prints a 5m close back below 29082.50 (OR-L) after testing it offers a rejection short.,29082.5,confirm.ref_price,"[""p57:L3""]","[""OR-L""]",OR-L,A,False,[],False,[],[547],False,,,,,,,41.4511,,observed,[1787582160000],2026-08-24T08:54:57.009000-05:00,2026-08-24T09:52:27.586000-05:00,57,57,True,104.75,2.5270740704106767,92.25,2.2255139188103574
p57:S3:2,57,2026-08-24:NY,2,S3,2026-08-24,NY,2026-08-24:NY,2026-08-24T08:54:57.009000-05:00,8,trend-down,trend,short,not-recorded,sweep_reclaim,fade,long,B,A sweep below 28842.50 (IB-1.5x) that recovers with a 5m close above 28842.50 is a failed-breakdown long.,28842.5,confirm.ref_price,"[""p57:L1""]","[""IB-1.5x""]",other,B,False,[],False,[],[],False,,,,,,,41.4511,,not observed (complete window),[],2026-08-24T08:54:57.009000-05:00,2026-08-24T09:52:27.586000-05:00,57,57,True,135.25,3.2628808403154563,147.75,3.5644409919157756
p58:S1:0,58,2026-08-24:NY,3,S1,2026-08-24,NY,2026-08-24:NY,2026-08-24T09:52:27.586000-05:00,9,trend,trend,short,not-recorded,reject,fade,short,C,Rejection at 29116.75 ONL: a retest of 29116.75 followed by a 1x5m close below 29116.75 triggers a pullback short.,29116.75,confirm.ref_price,"[""p58:L3""]","[""ONL""]",ONL,A,False,[],False,[],[548],False,,,,,,,46.7995,,observed,[1787585340000],2026-08-24T09:52:27.586000-05:00,2026-08-24T10:38:29.871000-05:00,45,45,True,,,25.25,0.5395356787999872
p58:S2:1,58,2026-08-24:NY,3,S2,2026-08-24,NY,2026-08-24:NY,2026-08-24T09:52:27.586000-05:00,9,trend,trend,short,not-recorded,acceptance,follow,short,C,Acceptance below 29082.50 OR-L: a 2x5m close below 29082.50 triggers the continuation short toward 29050 and the 28947.75 low.,29082.5,confirm.ref_price,"[""p58:L1""]","[""OR-L""]",OR-L,B,False,[],False,[],[],False,,,,,,,46.7995,,observed,[1787583180000],2026-08-24T09:52:27.586000-05:00,2026-08-24T10:38:29.871000-05:00,45,45,True,,,9.0,0.19230974689900532
p58:S3:2,58,2026-08-24:NY,3,S3,2026-08-24,NY,2026-08-24:NY,2026-08-24T09:52:27.586000-05:00,9,trend,trend,short,not-recorded,reject,fade,short,C,Rejection at 29220.25 PWL: a rally into 29220.25 followed by a 15m close below 29220.25 triggers a higher-level fade short.,29220.25,confirm.ref_price,"[""p58:L4""]","[""PWL""]",PWL,A,False,[],False,[],[],False,,,,,,,46.7995,,not observed (complete window),[],2026-08-24T09:52:27.586000-05:00,2026-08-24T10:38:29.871000-05:00,45,45,True,,,128.75,2.7510977681385484
p59:S1:0,59,2026-08-24:NY,4,S1,2026-08-24,NY,2026-08-24:NY,2026-08-24T10:38:29.871000-05:00,10,trend-down,trend,short,not-recorded,reject,fade,short,C,Rally into the 29220.25–29263.25 resistance shelf; PWL 29220.25 is a consumed-level re-test — a stall/rejection there is a NEW short setup in the 1h/15m downtrend.,29220.25,confirm.ref_price,"[""p59:L3""]","[""PWL""]",PWL,A,False,[],False,[],[],False,,,,,,,39.8591,,not observed (complete window),[],2026-08-24T10:38:29.871000-05:00,2026-08-24T10:56:32.744000-05:00,17,17,True,85.0,2.132511772719404,68.75,1.7248256985230475
p59:S2:1,59,2026-08-24:NY,4,S2,2026-08-24,NY,2026-08-24:NY,2026-08-24T10:38:29.871000-05:00,10,trend-down,trend,short,not-recorded,breakout_retest,follow,short,C,"Break below AS-L 29124.75 and failed retest from underneath — Asia low lost, intraday continuation toward ONL 29116.75 and OR-L 29082.50.",29124.75,confirm.ref_price,"[""p59:L2""]","[""AS-L""]",AS-L,A,False,[],False,[],[],False,,,,,,,39.8591,,not observed (complete window),[],2026-08-24T10:38:29.871000-05:00,2026-08-24T10:56:32.744000-05:00,17,17,True,10.5,0.26342792486533817,26.75,0.6711139990616949
p59:S3:2,59,2026-08-24:NY,4,S3,2026-08-24,NY,2026-08-24:NY,2026-08-24T10:38:29.871000-05:00,10,trend-down,trend,short,not-recorded,reclaim,follow,long,C,Reclaim of PWL 29220.25 with a 15m close above — counter-trend flex that invalidates S1 and opens OR-H 29243.75 / PDL 29263.25.,29220.25,confirm.ref_price,"[""p59:L3""]","[""PWL""]",PWL,A,False,[],False,[],[],False,,,,,,,39.8591,,not observed (complete window),[],2026-08-24T10:38:29.871000-05:00,2026-08-24T10:56:32.744000-05:00,17,17,True,85.0,2.132511772719404,68.75,1.7248256985230475
p60:S1:0,60,2026-08-24:NY,5,S1,2026-08-24,NY,2026-08-24:NY,2026-08-24T10:56:32.744000-05:00,10,trend,trend,short,not-recorded,reject,fade,short,C,Below-PDL continuation: rally into the 29173.00 EQL / 29220.25 PWL supply band stalls and prints rejection back below 29173.00,29173,confirm.ref_price,"[""p60:L2""]","[""EQL""]",EQL,A,False,[],False,[],[],False,,,,,,,39.9852,,observed,[1787587200000],2026-08-24T10:56:32.744000-05:00,2026-08-24T11:03:50.525000-05:00,6,6,True,,,6.75,0.16881246061042587
p60:S2:1,60,2026-08-24:NY,5,S2,2026-08-24,NY,2026-08-24:NY,2026-08-24T10:56:32.744000-05:00,10,trend,trend,short,not-recorded,acceptance,follow,short,C,Re-test of the flipped 29116.75 ONL resolves with acceptance below it — losing the overnight low after the bounce opens the 29082.50 OR-L,29116.75,confirm.ref_price,"[""p60:L1""]","[""ONL""]",ONL,A,False,[],False,[],[],False,,,,,,,39.9852,,not observed (complete window),[],2026-08-24T10:56:32.744000-05:00,2026-08-24T11:03:50.525000-05:00,6,6,True,,,63.0,1.575582965697308
p60:S3:2,60,2026-08-24:NY,5,S3,2026-08-24,NY,2026-08-24:NY,2026-08-24T10:56:32.744000-05:00,10,trend,trend,short,not-recorded,sweep_reclaim,fade,long,C,Sweep of the flipped 29082.50 OR-L that immediately reclaims back through 29116.75 ONL,29116.75,confirm.ref_price,"[""p60:L1""]","[""ONL""]",ONL,A,False,[],False,[],[],False,,,,,,,39.9852,,not observed (complete window),[],2026-08-24T10:56:32.744000-05:00,2026-08-24T11:03:50.525000-05:00,6,6,True,,,63.0,1.575582965697308
p61:S1:0,61,2026-08-24:NY,6,S1,2026-08-24,NY,2026-08-24:NY,2026-08-24T11:03:50.525000-05:00,11,trend,trend,short,not-recorded,acceptance,follow,short,C,Acceptance below 29146.75 EQL: first 1x5m close below 29146.75 without immediate reclaim of 29146.75 triggers continuation short.,29146.75,confirm.ref_price,"[""p61:L0""]","[""EQL""]",EQL,A,False,[],False,[],[],False,,,,,,,36.7366,,not observed (complete window),[],2026-08-24T11:03:50.525000-05:00,2026-08-24T11:10:07.931000-05:00,6,6,True,13.25,0.36067572938159764,35.5,0.9663387466450352
p61:S2:1,61,2026-08-24:NY,6,S2,2026-08-24,NY,2026-08-24:NY,2026-08-24T11:03:50.525000-05:00,11,trend,trend,short,not-recorded,reject,fade,short,C,Rally into 29220.25 PWL is rejected; first 1x5m close below 29220.25 triggers short.,29220.25,confirm.ref_price,"[""p61:L3""]","[""PWL""]",PWL,A,False,[],False,[],[],False,,,,,,,36.7366,,not observed (complete window),[],2026-08-24T11:03:50.525000-05:00,2026-08-24T11:10:07.931000-05:00,6,6,True,60.25,1.6400537883200947,38.0,1.0343907710566573
p61:S3:2,61,2026-08-24:NY,6,S3,2026-08-24,NY,2026-08-24:NY,2026-08-24T11:03:50.525000-05:00,11,trend,trend,short,not-recorded,reject,fade,short,C,Extended bounce to 29263.25 PDL is rejected; first 1x5m close below 29263.25 triggers short.,29263.25,confirm.ref_price,"[""p61:L5""]","[""PDL""]",PDL,A,False,[],False,[],[],False,,,,,,,36.7366,,not observed (complete window),[],2026-08-24T11:03:50.525000-05:00,2026-08-24T11:10:07.931000-05:00,6,6,True,103.25,2.8105486081999964,81.0,2.2048855909365592
p62:S1:0,62,2026-08-24:NY,7,S1,2026-08-24,NY,2026-08-24:NY,2026-08-24T11:10:07.931000-05:00,11,trend,trend,short,not-recorded,reject,fade,short,C,Pullback stalls at 29220.25 PWL and rolls back under 29220.25,29220.25,confirm.ref_price,"[""p62:L3""]","[""PWL""]",PWL,A,False,[],False,[],[],False,,,,,,,,,not observed (complete window),[],2026-08-24T11:10:07.931000-05:00,2026-08-24T11:19:30.348000-05:00,8,8,True,57.25,,60.75,
p62:S2:1,62,2026-08-24:NY,7,S2,2026-08-24,NY,2026-08-24:NY,2026-08-24T11:10:07.931000-05:00,11,trend,trend,short,not-recorded,acceptance,follow,short,C,Acceptance below 29150.00 EQL after a 5m close under 29150.00,29150,confirm.ref_price,"[""p62:L2""]","[""EQL""]",EQL,A,False,[],False,[],[],False,,,,,,,,,not observed (complete window),[],2026-08-24T11:10:07.931000-05:00,2026-08-24T11:19:30.348000-05:00,8,8,True,13.0,,9.5,
p62:S3:2,62,2026-08-24:NY,7,S3,2026-08-24,NY,2026-08-24:NY,2026-08-24T11:10:07.931000-05:00,11,trend,trend,short,not-recorded,sweep_reclaim,fade,long,C,Sweep of 29116.75 ONL that reverses with a 1x5m close back above 29116.75,29116.75,confirm.ref_price,"[""p62:L1""]","[""ONL""]",ONL,A,False,[],False,[],[],False,,,,,,,,,not observed (complete window),[],2026-08-24T11:10:07.931000-05:00,2026-08-24T11:19:30.348000-05:00,8,8,True,46.25,,42.75,
p63:S1:0,63,2026-08-24:NY,8,S1,2026-08-24,NY,2026-08-24:NY,2026-08-24T11:19:30.348000-05:00,11,trend_down,trend,short,not-recorded,acceptance,follow,short,C,Acceptance below 29150.00 EQL: 2x5m closes below 29150.00 and any bounce fails at 29150.00,29150,confirm.ref_price,"[""p63:L0""]","[""EQL""]",EQL,A,False,[],False,[],[],False,,,,,,,34.2245,,observed,[1787592060000],2026-08-24T11:19:30.348000-05:00,2026-08-24T14:45:00-05:00,205,205,True,,,43.75,1.2783240076553346
p63:S2:1,63,2026-08-24:NY,8,S2,2026-08-24,NY,2026-08-24:NY,2026-08-24T11:19:30.348000-05:00,11,trend_down,trend,short,not-recorded,reject,fade,short,C,Rejection after a push into 29220.25 PWL; entry if 1x5m close back below 29220.25 while 29243.75 OR-H holds,29220.25,confirm.ref_price,"[""p63:L3""]","[""PWL""]",PWL,A,False,[],False,[],[549],False,,,,,,,34.2245,,observed,[1787588520000],2026-08-24T11:19:30.348000-05:00,2026-08-24T14:45:00-05:00,205,205,True,,,26.5,0.7742991132083742
p63:S3:2,63,2026-08-24:NY,8,S3,2026-08-24,NY,2026-08-24:NY,2026-08-24T11:19:30.348000-05:00,11,trend_down,trend,short,not-recorded,sweep_reclaim,fade,long,C,Sweep of 29082.50 OR-L without strong volume destruction; 1x5m close back above 29082.50,29082.5,confirm.ref_price,"[""p63:L2""]","[""OR-L""]",OR-L,A,False,[],False,[],[],False,,,,,,,34.2245,,not observed (complete window),[],2026-08-24T11:19:30.348000-05:00,2026-08-24T14:45:00-05:00,205,205,True,,,111.25,3.2505953337521367
p64:S1:0,64,2026-08-24:ASIA,1,S1,2026-08-24,ASIA,2026-08-24:ASIA,2026-08-24T17:04:54.594000-05:00,17,trend_down,trend,short,not-recorded,reject,fade,short,C,Rally into the 29186.88 nPOC / 29202.50 EQL·4h shelf; first 5m close back below 29186.88 while 29202.50 caps.,29186.88,confirm.ref_price,"[""p64:L3""]","[""nPOC·2026-08-23""]",NPOC,A,False,[],False,[],[],False,,,,,,,18.517,,not observed (complete window),[],2026-08-24T17:04:54.594000-05:00,2026-08-24T17:37:26.362000-05:00,32,32,True,55.88000000000102,3.0177674569315234,54.13000000000102,2.9232597072960536
p64:S2:1,64,2026-08-24:ASIA,1,S2,2026-08-24,ASIA,2026-08-24:ASIA,2026-08-24T17:04:54.594000-05:00,17,trend_down,trend,short,not-recorded,acceptance,follow,short,A,Acceptance below 29116.00 (EQL·15m) after two consecutive 5m closes below 29116.00.,29116,confirm.ref_price,"[""p64:L1""]","[""EQL·15m (HTF)""]",EQL,A,False,[],False,[],[],False,,,,,,,18.517,,observed,[1787610660000],2026-08-24T17:04:54.594000-05:00,2026-08-24T17:37:26.362000-05:00,32,32,True,15.0,0.8100664254468867,16.75,0.9045741750823568
p64:S3:2,64,2026-08-24:ASIA,1,S3,2026-08-24,ASIA,2026-08-24:ASIA,2026-08-24T17:04:54.594000-05:00,17,trend_down,trend,short,not-recorded,breakout_retest,follow,short,B,"After the 29116 breakdown, a pullback retests 29125.00 and prints a 1x5m close back below 29125.00.",29125,confirm.ref_price,"[""p64:L0""]","[""RN 29125""]",RN,A,False,[],False,[],[],False,,,,,,,18.517,,observed,[1787609220000],2026-08-24T17:04:54.594000-05:00,2026-08-24T17:37:26.362000-05:00,32,32,True,6.0,0.3240265701787547,7.75,0.4185343198142248
p65:S0:0,65,2026-08-24:ASIA,2,S0,2026-08-24,ASIA,2026-08-24:ASIA,2026-08-24T17:37:26.362000-05:00,17,no-trade,no-trade,neutral,not-recorded,hold,stand-aside,long,B,none,,unresolved,[],[],unresolved,unresolved,False,[],False,[],[],False,,,,,,,17.2906,,unknown,[],2026-08-24T17:37:26.362000-05:00,2026-08-24T18:02:25.240000-05:00,24,24,True,,,,
p66:S1:0,66,2026-08-24:ASIA,3,S1,2026-08-24,ASIA,2026-08-24:ASIA,2026-08-24T18:02:25.240000-05:00,18,trend,trend,short,not-recorded,breakout_retest,follow,short,C,Price loses 29117.50 EQL then 29110.25 ONL breaks; after the break a retest from below fails (2x5m closes holding under 29110.25) and triggers the continuation short.,29110.25,confirm.ref_price,"[""p66:L1""]","[""ONL""]",ONL,A,False,[],False,[],[],False,,,,,,,14.8179,,observed,[1787614020000],2026-08-24T18:02:25.240000-05:00,2026-08-24T22:39:02.560000-05:00,276,276,True,,,8.5,0.5736305414397452
p66:S2:1,66,2026-08-24:ASIA,3,S2,2026-08-24,ASIA,2026-08-24:ASIA,2026-08-24T18:02:25.240000-05:00,18,trend,trend,short,not-recorded,reject,fade,short,C,Rally into the 4h bear OB 29154.38 with ONH 29152.25 below it — rejection confirmed by a 1x5m close back below 29152.25.,29152.25,confirm.ref_price,"[""p66:L3""]","[""ONH""]",ONH,A,False,[],False,[],"[550, 551, 552]",False,,,,,,,14.8179,,observed,[1787621880000],2026-08-24T18:02:25.240000-05:00,2026-08-24T22:39:02.560000-05:00,276,276,True,,,33.5,2.2607791927331133
p66:S3:2,66,2026-08-24:ASIA,3,S3,2026-08-24,ASIA,2026-08-24:ASIA,2026-08-24T18:02:25.240000-05:00,18,trend,trend,short,not-recorded,sweep_reclaim,fade,long,C,Sweep below 29082.50 OR-L that fails — a 1x5m close back above 29082.50 triggers the reclaim long.,29082.5,confirm.ref_price,"[""p66:L0""]","[""OR-L""]",OR-L,A,False,[],False,[],[],False,,,,,,,14.8179,,observed,[1787614920000],2026-08-24T18:02:25.240000-05:00,2026-08-24T22:39:02.560000-05:00,276,276,True,,,36.25,2.446365544375384
p67:S1:0,67,2026-08-24:ASIA,4,S1,2026-08-24,ASIA,2026-08-24:ASIA,2026-08-24T22:39:02.560000-05:00,22,trend_down,trend,short,not-recorded,reject,fade,short,C,5m sweep-up through 29156.50 EQH rejects; enter only after 1x5m close below 29154.38 OB(bear)·4h,29154.38,confirm.ref_price,"[""p67:L0""]","[""OB(bear)·4h""]",OB,A,False,[],False,[],[],False,,,,,,,24.6816,,observed,[1787629740000],2026-08-24T22:39:02.560000-05:00,2026-08-25T01:38:15.571000-05:00,178,178,True,,,12.369999999998981,0.5011830675482538
p67:S2:1,67,2026-08-24:ASIA,4,S2,2026-08-24,ASIA,2026-08-24:ASIA,2026-08-24T22:39:02.560000-05:00,22,trend_down,trend,short,not-recorded,reject,fade,short,B,Rally into 29175.00 ONH / 29182.00 OB(bear)·4h; short only after upper-tail rejection and 1x5m close below 29175.00,29175,confirm.ref_price,"[""p67:L5""]","[""ONH""]",ONH,A,False,[],False,[],[553],False,,,,,,,24.6816,,observed,[1787629320000],2026-08-24T22:39:02.560000-05:00,2026-08-25T01:38:15.571000-05:00,178,178,True,,,8.25,0.3342570984052898
p67:S3:2,67,2026-08-24:ASIA,4,S3,2026-08-24,ASIA,2026-08-24:ASIA,2026-08-24T22:39:02.560000-05:00,22,trend_down,trend,short,not-recorded,breakout_retest,follow,short,C,"After losing 29132.25 Supply·4h, a pullback retest rejects and prints a 1x5m close below 29132.25",29132.25,confirm.ref_price,"[""p67:L1""]","[""Supply·4h""]",SUPPLY,A,False,[],False,[],[],False,,,,,,,24.6816,,not observed (complete window),[],2026-08-24T22:39:02.560000-05:00,2026-08-25T01:38:15.571000-05:00,178,178,True,,,34.5,1.39780241151303
p68:S1:0,68,2026-08-24:ASIA,5,S1,2026-08-24,ASIA,2026-08-24:ASIA,2026-08-25T01:38:15.571000-05:00,1,balance,balance,neutral,not-recorded,reclaim,follow,long,C,Pullback to 29243.75 RTH-H holds as support (consumed level re-tested); enter on 1x5m close above 29243.75.,29243.75,confirm.ref_price,"[""p68:L4""]","[""RTH-H""]",RTH-H,A,False,[],False,[],[],False,,,,,,,19.2599,,observed,[1787639940000],2026-08-25T01:38:15.571000-05:00,2026-08-25T02:00:00-05:00,21,21,True,22.25,1.1552500272587085,13.0,0.6749775440163241
p68:S2:1,68,2026-08-24:ASIA,5,S2,2026-08-24,ASIA,2026-08-24:ASIA,2026-08-25T01:38:15.571000-05:00,1,balance,balance,neutral,not-recorded,reject,fade,short,C,Rally into 29288.00 ONH / 29297.75 PDH stalls and prints rejection; entry on 2x5m close below 29288.00.,29288,confirm.ref_price,"[""p68:L0""]","[""ONH""]",ONH,A,False,[],False,[],[],False,,,,,,,19.2599,,not observed (complete window),[],2026-08-25T01:38:15.571000-05:00,2026-08-25T02:00:00-05:00,21,21,True,22.0,1.1422696898737792,31.25,1.6225421731161638
p68:S3:2,68,2026-08-24:ASIA,5,S3,2026-08-24,ASIA,2026-08-24:ASIA,2026-08-25T01:38:15.571000-05:00,1,balance,balance,neutral,not-recorded,sweep_reclaim,fade,long,C,Sweep of 29288.00 ONH and reclaim; entry on 15m close above 29297.75 PDH.,29297.75,confirm.ref_price,"[""p68:L1""]","[""PDH""]",PDH,A,False,[],False,[],[],False,,,,,,,19.2599,,not observed (complete window),[],2026-08-25T01:38:15.571000-05:00,2026-08-25T02:00:00-05:00,21,21,True,31.75,1.6485028478860224,41.0,2.128775331128407
p68:S4:3,68,2026-08-24:ASIA,5,S4,2026-08-24,ASIA,2026-08-24:ASIA,2026-08-25T01:38:15.571000-05:00,1,balance,balance,neutral,not-recorded,acceptance,follow,short,C,"Failed retest of 29297.75 PDH; entry on acceptance, 2x5m close below 29243.75 RTH-H.",29243.75,confirm.ref_price,"[""p68:L4""]","[""RTH-H""]",RTH-H,A,False,[],False,[],[],False,,,,,,,19.2599,,observed,[1787639940000],2026-08-25T01:38:15.571000-05:00,2026-08-25T02:00:00-05:00,21,21,True,22.25,1.1552500272587085,13.0,0.6749775440163241
p69:S1:0,69,2026-08-25:LONDON,1,S1,2026-08-25,LONDON,2026-08-25:LONDON,2026-08-25T02:04:10.561000-05:00,2,balance,balance,neutral,not-recorded,hold,fade,long,C,"After the 01:00 CT sweep-up, 29243.75 RTH-H is support; any dip that prints 2×5m closes back above 29243.75 is a long.",29243.75,confirm.ref_price,"[""p69:L5""]","[""RTH-H""]",RTH-H,A,False,[],False,[],[],False,,,,,,,18.2701,,observed,[1787642160000],2026-08-25T02:04:10.561000-05:00,2026-08-25T04:09:27.368000-05:00,124,124,True,,,34.25,1.8746476483434684
p69:S2:1,69,2026-08-25:LONDON,1,S2,2026-08-25,LONDON,2026-08-25:LONDON,2026-08-25T02:04:10.561000-05:00,2,balance,balance,neutral,not-recorded,reject,fade,short,C,A push into 29288.00 ONH that stalls before 29297.75 PDH and then prints a 5m close back below 29288.00 is a fade.,29288,confirm.ref_price,"[""p69:L4""]","[""ONH""]",ONH,A,False,[],False,[],[554],False,,,,,,,18.2701,,observed,[1787641500000],2026-08-25T02:04:10.561000-05:00,2026-08-25T04:09:27.368000-05:00,124,124,True,,,10.0,0.5473423790783849
p69:S3:2,69,2026-08-25:LONDON,1,S3,2026-08-25,LONDON,2026-08-25:LONDON,2026-08-25T02:04:10.561000-05:00,2,balance,balance,neutral,not-recorded,acceptance,follow,short,C,Acceptance below 29195.00 EQL: 2×5m closes below 29195.00 after 29199.75 PDC gives way opens continuation toward 29156.50.,29195,confirm.ref_price,"[""p69:L7""]","[""EQL""]",EQL,A,False,[],False,[],[],False,,,,,,,18.2701,,not observed (complete window),[],2026-08-25T02:04:10.561000-05:00,2026-08-25T04:09:27.368000-05:00,124,124,True,,,83.0,4.542941746350595
p69:S4:3,69,2026-08-25:LONDON,1,S4,2026-08-25,LONDON,2026-08-25:LONDON,2026-08-25T02:04:10.561000-05:00,2,balance,balance,neutral,not-recorded,breakout_retest,follow,long,C,"Breakout-retest above 29297.75 PDH: 2×5m closes above 29297.75, then a pullback that does not close below 29288.00 gets a continuation long.",29297.75,confirm.ref_price,"[""p69:L3""]","[""PDH""]",PDH,A,False,[],False,[],[],False,,,,,,,18.2701,,observed,[1787646180000],2026-08-25T02:04:10.561000-05:00,2026-08-25T04:09:27.368000-05:00,124,124,True,,,19.75,1.0810011986798103
p69:S5:4,69,2026-08-25:LONDON,1,S5,2026-08-25,LONDON,2026-08-25:LONDON,2026-08-25T02:04:10.561000-05:00,2,balance,balance,neutral,not-recorded,reclaim,follow,long,C,Reclaim of 29199.75 PDC on a dip: a 15m close above 29199.75 starts a retest long toward 29243.75.,29199.75,confirm.ref_price,"[""p69:L6""]","[""PDC""]",PDC,A,False,[],False,[],[],False,,,,,,,18.2701,,not observed (complete window),[],2026-08-25T02:04:10.561000-05:00,2026-08-25T04:09:27.368000-05:00,124,124,True,,,78.25,4.282954116288362
p70:S1:0,70,2026-08-25:LONDON,2,S1,2026-08-25,LONDON,2026-08-25:LONDON,2026-08-25T04:09:27.368000-05:00,4,trend,trend,long,not-recorded,breakout_retest,follow,long,C,"ONH breakout-retest: 5m close above 29327.75, then a shallow pullback holds above 29327.75 with a 5m close back above 29327.75",29327.75,confirm.ref_price,"[""p70:L2""]","[""ONH""]",ONH,A,False,[],False,[],"[556, 557, 558]",False,,,,,,,26.0891,,observed,[1787649060000],2026-08-25T04:09:27.368000-05:00,2026-08-25T08:30:00-05:00,260,260,True,18.75,0.7186909475604755,6.0,0.22998110321935217
p70:S2:1,70,2026-08-25:LONDON,2,S2,2026-08-25,LONDON,2026-08-25:LONDON,2026-08-25T04:09:27.368000-05:00,4,trend,trend,long,not-recorded,hold,fade,long,C,PDH pullback: first touch of 29297.75 holds and prints a 5m close back above 29297.75,29297.75,confirm.ref_price,"[""p70:L3""]","[""PDH""]",PDH,A,False,[],False,[],[555],False,,,,,,,26.0891,,observed,[1787664540000],2026-08-25T04:09:27.368000-05:00,2026-08-25T08:30:00-05:00,260,260,True,11.25,0.4312145685362853,24.0,0.9199244128774087
p70:S3:2,70,2026-08-25:LONDON,2,S3,2026-08-25,LONDON,2026-08-25:LONDON,2026-08-25T04:09:27.368000-05:00,4,trend,trend,long,not-recorded,sweep_reclaim,fade,long,C,Deep sweep-reclaim: price sweeps 29243.75/29240.25 and a 5m close back above 29243.75 confirms the reclaim,29243.75,confirm.ref_price,"[""p70:L4""]","[""RTH-H""]",RTH-H,A,False,[],False,[],[],False,,,,,,,26.0891,,not observed (complete window),[],2026-08-25T04:09:27.368000-05:00,2026-08-25T08:30:00-05:00,260,260,True,65.25,2.501044497510455,78.0,2.989754341851578
p71:S1:0,71,2026-08-25:NY,1,S1,2026-08-25,NY,2026-08-25:NY,2026-08-25T08:35:00.440000-05:00,8,trend,trend,long,not-recorded,reclaim,follow,long,A,Reclaim of 29328.75 EQH·15m with a 2x5m close above,29328.75,confirm.ref_price,"[""p71:L4""]","[""EQH·15m (HTF)""]",EQH,A,False,[],False,[],[],False,,,,,,,20.8192,,observed,[1787664960000],2026-08-25T08:35:00.440000-05:00,2026-08-25T09:36:32.271000-05:00,60,60,True,,,46.25,2.2215070703965574
p71:S2:1,71,2026-08-25:NY,1,S2,2026-08-25,NY,2026-08-25:NY,2026-08-25T08:35:00.440000-05:00,8,trend,trend,long,not-recorded,hold,fade,long,B,Pullback holds 29297.75 PDH and prints a 1x5m close back above,29297.75,confirm.ref_price,"[""p71:L3""]","[""PDH""]",PDH,A,False,[],False,[],[],False,,,,,,,20.8192,,observed,[1787666220000],2026-08-25T08:35:00.440000-05:00,2026-08-25T09:36:32.271000-05:00,60,60,True,,,77.25,3.710517214878574
p71:S3:2,71,2026-08-25:NY,1,S3,2026-08-25,NY,2026-08-25:NY,2026-08-25T08:35:00.440000-05:00,8,trend,trend,long,not-recorded,breakout_retest,follow,long,B,Breakout-retest of 29363.50 EQH·4h with a 2x5m close above,29363.5,confirm.ref_price,"[""p71:L5""]","[""EQH·4h (HTF)""]",EQH,A,False,[],False,[],[],False,,,,,,,20.8192,,observed,[1787664960000],2026-08-25T08:35:00.440000-05:00,2026-08-25T09:36:32.271000-05:00,60,60,True,,,11.5,0.5523747310175223
p71:S4:3,71,2026-08-25:NY,1,S4,2026-08-25,NY,2026-08-25:NY,2026-08-25T08:35:00.440000-05:00,8,trend,trend,long,not-recorded,sweep_reclaim,fade,long,C,Sweep of 29243.75 RTH-H and 1x5m close back above,29243.75,confirm.ref_price,"[""p71:L2""]","[""RTH-H""]",RTH-H,A,False,[],False,[],[559],False,,,,,,,20.8192,,observed,[1787666880000],2026-08-25T08:35:00.440000-05:00,2026-08-25T09:36:32.271000-05:00,60,60,True,,,131.25,6.304276821395635
p72:S1:0,72,2026-08-25:NY,2,S1,2026-08-25,NY,2026-08-25:NY,2026-08-25T09:36:32.271000-05:00,9,trend,trend,short,not-recorded,acceptance,follow,short,C,1x5m close below 29243.75 RTH-H after the failed rebound above it,29243.75,confirm.ref_price,"[""p72:L0""]","[""RTH-H""]",RTH-H,A,False,[],False,[],[],False,,,,,,,40.8186,,observed,[1787668680000],2026-08-25T09:36:32.271000-05:00,2026-08-25T14:45:00-05:00,308,308,True,2.25,0.05512192970851523,24.5,0.6002165679371658
p72:S2:1,72,2026-08-25:NY,2,S2,2026-08-25,NY,2026-08-25:NY,2026-08-25T09:36:32.271000-05:00,9,trend,trend,short,not-recorded,acceptance,follow,short,C,1x5m close below 29220.25 EQL·15m after acceptance,29220.25,confirm.ref_price,"[""p72:L1""]","[""EQL·15m (HTF)""]",EQL,A,False,[],False,[],[],False,,,,,,,40.8186,,observed,[1787668920000],2026-08-25T09:36:32.271000-05:00,2026-08-25T14:45:00-05:00,308,308,True,25.75,0.6308398622196744,1.0,0.02449863542600677
p72:S3:2,72,2026-08-25:NY,2,S3,2026-08-25,NY,2026-08-25:NY,2026-08-25T09:36:32.271000-05:00,9,trend,trend,short,not-recorded,reject,fade,short,C,rally into 29279.25 OR-L rejects with a 1x5m close below 29279.25,29279.25,confirm.ref_price,"[""p72:L6""]","[""OR-L""]",OR-L,A,False,[],False,[],[560],False,,,,,,,40.8186,,observed,[1787671740000],2026-08-25T09:36:32.271000-05:00,2026-08-25T14:45:00-05:00,308,308,True,33.25,0.814579627914725,60.0,1.4699181255604061
p72:S4:3,72,2026-08-25:NY,2,S4,2026-08-25,NY,2026-08-25:NY,2026-08-25T09:36:32.271000-05:00,9,trend,trend,short,not-recorded,reject,fade,short,C,rally into 29377.00 OR-H rejects with a 1x5m close below 29377.00,29377,confirm.ref_price,"[""p72:L8""]","[""OR-H""]",OR-H,A,False,[],False,[],[],False,,,,,,,40.8186,,not observed (complete window),[],2026-08-25T09:36:32.271000-05:00,2026-08-25T14:45:00-05:00,308,308,True,131.0,3.209321240806887,157.75,3.864659738452568
p73:S1:0,73,2026-08-25:ASIA,1,S1,2026-08-25,ASIA,2026-08-25:ASIA,2026-08-25T17:05:07.288000-05:00,17,trend,trend,long,not-recorded,breakout_retest,follow,long,C,"Two consecutive 5m closes above 29310.00 (ONH), with any retest holding above 29310.00",29310,confirm.ref_price,"[""p73:L2""]","[""ONH""]",ONH,A,False,[],False,[],[],False,,,,,,,17.1671,,not observed (complete window),[],2026-08-25T17:05:07.288000-05:00,2026-08-25T17:29:20.214000-05:00,23,23,True,,,8.0,0.4660076541757198
p73:S2:1,73,2026-08-25:ASIA,1,S2,2026-08-25,ASIA,2026-08-25:ASIA,2026-08-25T17:05:07.288000-05:00,17,trend,trend,long,not-recorded,hold,fade,long,C,Shallow pullback to 29283.50 (PDH) holds with a 1x5m close back above 29283.50,29283.5,confirm.ref_price,"[""p73:L3""]","[""PDH""]",PDH,A,False,[],False,[],[],False,,,,,,,17.1671,,observed,[1787696460000],2026-08-25T17:05:07.288000-05:00,2026-08-25T17:29:20.214000-05:00,23,23,True,,,18.5,1.077642700281352
p73:S3:2,73,2026-08-25:ASIA,1,S3,2026-08-25,ASIA,2026-08-25:ASIA,2026-08-25T17:05:07.288000-05:00,17,trend,trend,long,not-recorded,hold,fade,long,C,Pullback to 29243.75 (RTH-H) holds with a 1x5m close back above 29243.75,29243.75,confirm.ref_price,"[""p73:L4""]","[""RTH-H""]",RTH-H,B,False,[],False,[],[],False,,,,,,,17.1671,,not observed (complete window),[],2026-08-25T17:05:07.288000-05:00,2026-08-25T17:29:20.214000-05:00,23,23,True,,,58.25,3.3931182319669597
p73:S4:3,73,2026-08-25:ASIA,1,S4,2026-08-25,ASIA,2026-08-25:ASIA,2026-08-25T17:05:07.288000-05:00,17,trend,trend,long,not-recorded,sweep_reclaim,fade,long,C,Full retrace to 29199.75 (PDC): a sweep below 29199.75 that reclaims with a 1x5m close above 29199.75,29199.75,confirm.ref_price,"[""p73:L5""]","[""PDC""]",PDC,A,False,[],False,[],[],False,,,,,,,17.1671,,not observed (complete window),[],2026-08-25T17:05:07.288000-05:00,2026-08-25T17:29:20.214000-05:00,23,23,True,,,102.25,5.956160329933419
p74:S0:0,74,2026-08-25:ASIA,2,S0,2026-08-25,ASIA,2026-08-25:ASIA,2026-08-25T17:29:20.214000-05:00,17,no-trade,no-trade,neutral,not-recorded,hold,stand-aside,long,B,none,,unresolved,[],[],unresolved,unresolved,False,[],False,[],[],False,,,,,,,15.4153,,unknown,[],2026-08-25T17:29:20.214000-05:00,2026-08-25T18:08:10.389000-05:00,38,38,True,,,,
p75:S1:0,75,2026-08-25:ASIA,3,S1,2026-08-25,ASIA,2026-08-25:ASIA,2026-08-25T18:08:10.389000-05:00,18,balance,balance,neutral,not-recorded,reclaim,follow,long,C,ONL 29280.00 holds on a sweep and a 1x5m close above 29280.00 confirms reclaim,29280,confirm.ref_price,"[""p75:L3""]","[""ONL""]",ONL,A,False,[],False,[],[],False,,,,,,,11.5018,,observed,[1787699340000],2026-08-25T18:08:10.389000-05:00,2026-08-25T18:15:03.217000-05:00,6,6,True,,,3.0,0.2608287398494149
p75:S2:1,75,2026-08-25:ASIA,3,S2,2026-08-25,ASIA,2026-08-25:ASIA,2026-08-25T18:08:10.389000-05:00,18,balance,balance,neutral,not-recorded,breakout_retest,follow,long,C,Break above 29310.00 ONH with a 15m close above 29310.00; enter longs on retest,29310,confirm.ref_price,"[""p75:L2""]","[""ONH""]",ONH,A,False,[],False,[],[],False,,,,,,,11.5018,,not observed (complete window),[],2026-08-25T18:08:10.389000-05:00,2026-08-25T18:15:03.217000-05:00,6,6,True,,,33.0,2.8691161383435637
p75:S3:2,75,2026-08-25:ASIA,3,S3,2026-08-25,ASIA,2026-08-25:ASIA,2026-08-25T18:08:10.389000-05:00,18,balance,balance,neutral,not-recorded,reject,fade,short,C,Rally toward 29310.00 ONH stalls and a 1x5m close below 29310.00 confirms rejection,29310,confirm.ref_price,"[""p75:L2""]","[""ONH""]",ONH,A,False,[],False,[],[],False,,,,,,,11.5018,,not observed (complete window),[],2026-08-25T18:08:10.389000-05:00,2026-08-25T18:15:03.217000-05:00,6,6,True,,,33.0,2.8691161383435637
p75:S4:3,75,2026-08-25:ASIA,3,S4,2026-08-25,ASIA,2026-08-25:ASIA,2026-08-25T18:08:10.389000-05:00,18,balance,balance,neutral,not-recorded,acceptance,follow,short,C,2x5m closes below 29261.25 show acceptance below PDH,29261.25,confirm.ref_price,"[""p75:L4""]","[""PDH""]",PDH,A,False,[],False,[],[],False,,,,,,,11.5018,,not observed (complete window),[],2026-08-25T18:08:10.389000-05:00,2026-08-25T18:15:03.217000-05:00,6,6,True,,,15.75,1.3693508842094282
p76:S1:0,76,2026-08-25:ASIA,4,S1,2026-08-25,ASIA,2026-08-25:ASIA,2026-08-25T18:15:03.217000-05:00,18,balance,balance,long,not-recorded,sweep_reclaim,fade,long,C,sweep of 29273.75 ONL followed by 1x5m close back above 29273.75,29273.75,confirm.ref_price,"[""p76:L0""]","[""ONL""]",ONL,A,False,[],False,[],[],False,,,,,,,11.6445,,observed,[1787699760000],2026-08-25T18:15:03.217000-05:00,2026-08-25T18:22:02.948000-05:00,6,6,True,3.25,0.27910172184293014,2.5,0.21469363218686932
p76:S2:1,76,2026-08-25:ASIA,4,S2,2026-08-25,ASIA,2026-08-25:ASIA,2026-08-25T18:15:03.217000-05:00,18,balance,balance,long,not-recorded,breakout_retest,follow,long,C,2x5m close above 29310.00 ONH,29310,confirm.ref_price,"[""p76:L2""]","[""ONH""]",ONH,A,False,[],False,[],[],False,,,,,,,11.6445,,not observed (complete window),[],2026-08-25T18:15:03.217000-05:00,2026-08-25T18:22:02.948000-05:00,6,6,True,33.0,2.833955944866675,33.75,2.8983640345227357
p76:S3:2,76,2026-08-25:ASIA,4,S3,2026-08-25,ASIA,2026-08-25:ASIA,2026-08-25T18:15:03.217000-05:00,18,balance,balance,long,not-recorded,breakout_retest,follow,short,C,2x5m close below 29254.75 PDH with retest rejection,29254.75,confirm.ref_price,"[""p76:L1""]","[""PDH""]",PDH,A,False,[],False,[],[],False,,,,,,,11.6445,,not observed (complete window),[],2026-08-25T18:15:03.217000-05:00,2026-08-25T18:22:02.948000-05:00,6,6,True,22.25,1.910773326463137,21.5,1.8463652368070762
p77:S1:0,77,2026-08-25:ASIA,5,S1,2026-08-25,ASIA,2026-08-25:ASIA,2026-08-25T18:22:02.948000-05:00,18,balance,balance,neutral,not-recorded,sweep_reclaim,fade,long,C,Sweep of ONL 29272.25 followed by a 5m close back above 29272.25,29272.25,confirm.ref_price,"[""p77:L3""]","[""ONL""]",ONL,A,False,[],False,[],[],False,,,,,,,10.77,,not observed (complete window),[],2026-08-25T18:22:02.948000-05:00,2026-08-25T18:45:02.693000-05:00,22,22,True,,,11.75,1.0909935004642526
p77:S2:1,77,2026-08-25:ASIA,5,S2,2026-08-25,ASIA,2026-08-25:ASIA,2026-08-25T18:22:02.948000-05:00,18,balance,balance,neutral,not-recorded,breakout_retest,follow,long,C,Breakout holds above ONH 29310.00 with two 5m closes above 29310.00,29310,confirm.ref_price,"[""p77:L2""]","[""ONH""]",ONH,A,False,[],False,[],[],False,,,,,,,10.77,,not observed (complete window),[],2026-08-25T18:22:02.948000-05:00,2026-08-25T18:45:02.693000-05:00,22,22,True,,,49.5,4.596100278551532
p77:S3:2,77,2026-08-25:ASIA,5,S3,2026-08-25,ASIA,2026-08-25:ASIA,2026-08-25T18:22:02.948000-05:00,18,balance,balance,neutral,not-recorded,acceptance,follow,short,C,Acceptance below ONL 29272.25 with two 5m closes below 29272.25,29272.25,confirm.ref_price,"[""p77:L3""]","[""ONL""]",ONL,A,False,[],False,[],[],False,,,,,,,10.77,,not observed (complete window),[],2026-08-25T18:22:02.948000-05:00,2026-08-25T18:45:02.693000-05:00,22,22,True,,,11.75,1.0909935004642526
p77:S4:3,77,2026-08-25:ASIA,5,S4,2026-08-25,ASIA,2026-08-25:ASIA,2026-08-25T18:22:02.948000-05:00,18,balance,balance,neutral,not-recorded,reject,fade,short,C,Rally into ONH 29310.00 rejects with a 15m close below 29310.00,29310,confirm.ref_price,"[""p77:L2""]","[""ONH""]",ONH,A,False,[],False,[],[],False,,,,,,,10.77,,not observed (complete window),[],2026-08-25T18:22:02.948000-05:00,2026-08-25T18:45:02.693000-05:00,22,22,True,,,49.5,4.596100278551532
p78:S1:0,78,2026-08-25:ASIA,6,S1,2026-08-25,ASIA,2026-08-25:ASIA,2026-08-25T18:45:02.693000-05:00,18,balance,balance,neutral,not-recorded,sweep_reclaim,fade,long,C,sweep of 29199.75 PDC or 29154.38 OB(bear)·4h followed by 2x5m close back above 29231.00 ONL,29231,confirm.ref_price,"[""p78:L3""]","[""ONL""]",ONL,A,False,[],False,[],[],False,,,,,,,11.1756,,not observed (complete window),[],2026-08-25T18:45:02.693000-05:00,2026-08-25T18:52:59.313000-05:00,6,6,True,8.0,0.715845234260353,3.75,0.33555245355954044
p78:S2:1,78,2026-08-25:ASIA,6,S2,2026-08-25,ASIA,2026-08-25:ASIA,2026-08-25T18:45:02.693000-05:00,18,balance,balance,neutral,not-recorded,reject,fade,short,C,rally to 29310.00 ONH and reject with 1x5m close back below 29243.75 PDH,29243.75,confirm.ref_price,"[""p78:L4""]","[""PDH""]",PDH,A,False,[],False,[],[],False,,,,,,,11.1756,,not observed (complete window),[],2026-08-25T18:45:02.693000-05:00,2026-08-25T18:52:59.313000-05:00,6,6,True,4.75,0.4250331078420846,9.0,0.8053258885428971
p78:S3:2,78,2026-08-25:ASIA,6,S3,2026-08-25,ASIA,2026-08-25:ASIA,2026-08-25T18:45:02.693000-05:00,18,balance,balance,neutral,not-recorded,acceptance,follow,long,C,acceptance above 29310.00 ONH with 15m close,29310,confirm.ref_price,"[""p78:L5""]","[""ONH""]",ONH,A,False,[],False,[],[],False,,,,,,,11.1756,,not observed (complete window),[],2026-08-25T18:45:02.693000-05:00,2026-08-25T18:52:59.313000-05:00,6,6,True,71.0,6.353126454060632,75.25,6.7334192347614445
p78:S4:3,78,2026-08-25:ASIA,6,S4,2026-08-25,ASIA,2026-08-25:ASIA,2026-08-25T18:45:02.693000-05:00,18,balance,balance,neutral,not-recorded,acceptance,follow,short,C,15m close below 29199.75 PDC,29199.75,confirm.ref_price,"[""p78:L2""]","[""PDC""]",PDC,B,False,[],False,[],[],False,,,,,,,11.1756,,not observed (complete window),[],2026-08-25T18:45:02.693000-05:00,2026-08-25T18:52:59.313000-05:00,6,6,True,39.25,3.5121156805898566,35.0,3.1318228998890443
p79:S1:0,79,2026-08-25:ASIA,7,S1,2026-08-25,ASIA,2026-08-25:ASIA,2026-08-25T18:52:59.313000-05:00,18,balance,balance,long,not-recorded,sweep_reclaim,fade,long,C,Sweep 29199.75 PDC then reclaim 29218.25 ONL,29218.25,confirm.ref_price,"[""p79:L0""]","[""ONL""]",ONL,A,False,[],False,[],[561],False,,,,,,,12.0341,,observed,[1787701980000],2026-08-25T18:52:59.313000-05:00,2026-08-25T19:35:01.039000-05:00,42,42,True,,,5.0,0.41548599396714336
p79:S2:1,79,2026-08-25:ASIA,7,S2,2026-08-25,ASIA,2026-08-25:ASIA,2026-08-25T18:52:59.313000-05:00,18,balance,balance,long,not-recorded,breakout_retest,follow,short,C,2x5m close below 29199.75 PDC after losing 29218.25 ONL,29199.75,confirm.ref_price,"[""p79:L1""]","[""PDC""]",PDC,B,False,[],False,[],[],False,,,,,,,12.0341,,observed,[1787702400000],2026-08-25T18:52:59.313000-05:00,2026-08-25T19:35:01.039000-05:00,42,42,True,,,23.5,1.9527841716455738
p79:S3:2,79,2026-08-25:ASIA,7,S3,2026-08-25,ASIA,2026-08-25:ASIA,2026-08-25T18:52:59.313000-05:00,18,balance,balance,long,not-recorded,acceptance,follow,long,C,15m close above 29243.75 PDH,29243.75,confirm.ref_price,"[""p79:L4""]","[""PDH""]",PDH,A,False,[],False,[],[],False,,,,,,,12.0341,,not observed (complete window),[],2026-08-25T18:52:59.313000-05:00,2026-08-25T19:35:01.039000-05:00,42,42,True,,,20.5,1.7034925752652876
p79:S4:3,79,2026-08-25:ASIA,7,S4,2026-08-25,ASIA,2026-08-25:ASIA,2026-08-25T18:52:59.313000-05:00,18,balance,balance,long,not-recorded,reject,fade,short,C,Rejection at 29310.00 ONH: touch and 1x5m close below 29310.00,29310,confirm.ref_price,"[""p79:L5""]","[""ONH""]",ONH,A,False,[],False,[],[],False,,,,,,,12.0341,,not observed (complete window),[],2026-08-25T18:52:59.313000-05:00,2026-08-25T19:35:01.039000-05:00,42,42,True,,,86.75,7.208681995329937
p80:S0:0,80,2026-08-25:ASIA,8,S0,2026-08-25,ASIA,2026-08-25:ASIA,2026-08-25T19:35:01.039000-05:00,19,no-trade,no-trade,neutral,not-recorded,hold,stand-aside,long,B,none,,unresolved,[],[],unresolved,unresolved,False,[],False,[],[],False,,,,,,,,,unknown,[],2026-08-25T19:35:01.039000-05:00,2026-08-25T21:36:44.579000-05:00,120,120,True,,,,
p81:S0:0,81,2026-08-25:ASIA,9,S0,2026-08-25,ASIA,2026-08-25:ASIA,2026-08-25T21:36:44.579000-05:00,21,no-trade,no-trade,neutral,not-recorded,hold,stand-aside,long,B,none,,unresolved,[],[],unresolved,unresolved,False,[],False,[],[],False,,,,,,,19.9289,,unknown,[],2026-08-25T21:36:44.579000-05:00,2026-08-25T23:55:53.543000-05:00,138,138,True,,,,
p82:S1:0,82,2026-08-25:ASIA,10,S1,2026-08-25,ASIA,2026-08-25:ASIA,2026-08-25T23:55:53.543000-05:00,23,trend,trend,short,not-recorded,breakout_retest,follow,short,A,1x5m close below 29212.50 and price retests 29209.25 as resistance,29212.5,confirm.ref_price,"[""p82:L4""]","[""OB(bull)·1h (HTF)""]",OB,B,False,[],False,[],[],False,,,,,,,16.5591,,not observed (complete window),[],2026-08-25T23:55:53.543000-05:00,2026-08-26T00:04:40.581000-05:00,8,8,True,16.5,0.9964309654510208,19.0,1.147405354155721
p82:S2:1,82,2026-08-25:ASIA,10,S2,2026-08-25,ASIA,2026-08-25:ASIA,2026-08-25T23:55:53.543000-05:00,23,trend,trend,short,not-recorded,reject,fade,short,A,rally to 29310.00 ONH with 1x5m close below 29310.00,29310,confirm.ref_price,"[""p82:L0""]","[""ONH""]",ONH,A,False,[],False,[],[],False,,,,,,,16.5591,,not observed (complete window),[],2026-08-25T23:55:53.543000-05:00,2026-08-26T00:04:40.581000-05:00,8,8,True,81.0,4.891570194032284,78.5,4.740595805327584
p82:S3:2,82,2026-08-25:ASIA,10,S3,2026-08-25,ASIA,2026-08-25:ASIA,2026-08-25T23:55:53.543000-05:00,23,trend,trend,short,not-recorded,acceptance,follow,short,B,2x5m close below 29154.38 after losing 29209.25,29154.38,confirm.ref_price,"[""p82:L6""]","[""OB(bear)·4h""]",OB,A,False,[],False,[],[],False,,,,,,,16.5591,,not observed (complete window),[],2026-08-25T23:55:53.543000-05:00,2026-08-26T00:04:40.581000-05:00,8,8,True,74.61999999999898,4.506283554057828,77.11999999999898,4.657257942762528
p83:S1:0,83,2026-08-25:ASIA,11,S1,2026-08-25,ASIA,2026-08-25:ASIA,2026-08-26T00:04:40.581000-05:00,0,trend,trend,short,not-recorded,reject,fade,short,A,"Rally to 29310.00 ONH, then 1x5m close below 29310.00 confirms rejection; short toward ONL.",29310,confirm.ref_price,"[""p83:L0""]","[""ONH""]",ONH,A,False,[],False,[],[],False,,,,,,,16.2451,,not observed (complete window),[],2026-08-26T00:04:40.581000-05:00,2026-08-26T00:29:52.393000-05:00,24,24,True,78.5,4.832226332863448,57.75,3.5549180983804347
p83:S2:1,83,2026-08-25:ASIA,11,S2,2026-08-25,ASIA,2026-08-25:ASIA,2026-08-26T00:04:40.581000-05:00,0,trend,trend,short,not-recorded,acceptance,follow,short,A,Acceptance below 29095.50 ONL: one 5m close below 29095.50 confirms breakdown.,29095.5,confirm.ref_price,"[""p83:L6""]","[""ONL""]",ONL,A,False,[],False,[],[],False,,,,,,,16.2451,,not observed (complete window),[],2026-08-26T00:04:40.581000-05:00,2026-08-26T00:29:52.393000-05:00,24,24,True,136.0,8.371755175406738,156.75,9.64906340988975
p83:S3:2,83,2026-08-25:ASIA,11,S3,2026-08-25,ASIA,2026-08-25:ASIA,2026-08-26T00:04:40.581000-05:00,0,trend,trend,short,not-recorded,hold,fade,long,B,"Invalidated supply reclaim: pullback to 29209.25 Supply·1h holds, then 15m close above 29250.25 confirms long.",29250.25,confirm.ref_price,[],[],unresolved,unresolved,False,[],False,[],[],False,,,,,,,16.2451,,observed,[1787720700000],2026-08-26T00:04:40.581000-05:00,2026-08-26T00:29:52.393000-05:00,24,24,True,18.75,1.1541941877858555,2.0,0.1231140466971579
p84:S1:0,84,2026-08-25:ASIA,12,S1,2026-08-25,ASIA,2026-08-25:ASIA,2026-08-26T00:29:52.393000-05:00,0,trend,trend,short,not-recorded,reject,fade,short,A,"Rally into 29310.00 ONH; after 29310.00 is touched, the first 1x5m close below 29310.00 triggers the short.",29310,confirm.ref_price,"[""p84:L5""]","[""ONH""]",ONH,A,False,[],False,[],[],False,,,,,,,18.6035,,not observed (complete window),[],2026-08-26T00:29:52.393000-05:00,2026-08-26T01:02:29.743000-05:00,32,32,True,,,70.5,3.789609482086704
p84:S2:1,84,2026-08-25:ASIA,12,S2,2026-08-25,ASIA,2026-08-25:ASIA,2026-08-26T00:29:52.393000-05:00,0,trend,trend,short,not-recorded,acceptance,follow,short,B,Two consecutive 5m closes below 29228.50 PDC signal acceptance; retest failure below 29228.50 keeps the short alive.,29228.5,confirm.ref_price,"[""p84:L0""]","[""PDC""]",PDC,A,False,[],False,[],[],False,,,,,,,18.6035,,observed,[1787723640000],2026-08-26T00:29:52.393000-05:00,2026-08-26T01:02:29.743000-05:00,32,32,True,,,11.0,0.5912865858574999
p84:S3:2,84,2026-08-25:ASIA,12,S3,2026-08-25,ASIA,2026-08-25:ASIA,2026-08-26T00:29:52.393000-05:00,0,trend,trend,short,not-recorded,sweep_reclaim,fade,long,B,"Dip into 29212.50/29209.25 HTF confluence: a 1x5m close below 29212.50 sweeps the zone, then the next 1x5m close above 29212.50 triggers the long.",29212.5,confirm.ref_price,"[""p84:L1""]","[""OB(bull)·1h""]",OB,A,False,[],False,[],[],False,,,,,,,18.6035,,not observed (complete window),[],2026-08-26T00:29:52.393000-05:00,2026-08-26T01:02:29.743000-05:00,32,32,True,,,27.0,1.451339801650227
p85:S1:0,85,2026-08-25:ASIA,13,S1,2026-08-25,ASIA,2026-08-25:ASIA,2026-08-26T01:02:29.743000-05:00,1,balance,balance,neutral,not-recorded,acceptance,follow,short,B,Loses 29228.50 PDC with a 1x5m close below it; lower cluster 29212.50/29209.25 is target confluence.,29228.5,confirm.ref_price,"[""p85:L0""]","[""PDC""]",PDC,A,False,[],False,[],[],False,,,,,,,16.3855,,observed,[1787724180000],2026-08-26T01:02:29.743000-05:00,2026-08-26T01:12:08.952000-05:00,9,9,True,,,13.75,0.8391565713588234
p85:S2:1,85,2026-08-25:ASIA,13,S2,2026-08-25,ASIA,2026-08-25:ASIA,2026-08-26T01:02:29.743000-05:00,1,balance,balance,neutral,not-recorded,reject,fade,short,B,Rally into 29310.00 ONH stalls and 2x5m close below 29310.00 rejects the probe.,29310,confirm.ref_price,"[""p85:L5""]","[""ONH""]",ONH,A,False,[],False,[],[],False,,,,,,,16.3855,,not observed (complete window),[],2026-08-26T01:02:29.743000-05:00,2026-08-26T01:12:08.952000-05:00,9,9,True,,,67.75,4.13475328796802
p85:S3:2,85,2026-08-25:ASIA,13,S3,2026-08-25,ASIA,2026-08-25:ASIA,2026-08-26T01:02:29.743000-05:00,1,balance,balance,neutral,not-recorded,sweep_reclaim,fade,long,B,Sweep of 29212.50 OB(bull)·1h fails and 2x5m close back above 29212.50.,29212.5,confirm.ref_price,"[""p85:L1""]","[""OB(bull)·1h""]",OB,A,False,[],False,[],[],False,,,,,,,16.3855,,observed,[1787724480000],2026-08-26T01:02:29.743000-05:00,2026-08-26T01:12:08.952000-05:00,9,9,True,,,29.75,1.8156296725763632
p85:S4:3,85,2026-08-25:ASIA,13,S4,2026-08-25,ASIA,2026-08-25:ASIA,2026-08-26T01:02:29.743000-05:00,1,balance,balance,neutral,not-recorded,breakout_retest,follow,long,C,15m close above 29310.00 ONH holds; shallow retest stays above 29310.00.,29310,confirm.ref_price,"[""p85:L5""]","[""ONH""]",ONH,A,False,[],False,[],[],False,,,,,,,16.3855,,not observed (complete window),[],2026-08-26T01:02:29.743000-05:00,2026-08-26T01:12:08.952000-05:00,9,9,True,,,67.75,4.13475328796802
p86:S1:0,86,2026-08-25:ASIA,14,S1,2026-08-25,ASIA,2026-08-25:ASIA,2026-08-26T01:12:08.952000-05:00,1,trend,trend,short,not-recorded,acceptance,follow,short,A,"Acceptance below 29212.50 OB after a 1x5m close below 29212.50; the zone is confluence, not the sole trigger",29212.5,confirm.ref_price,"[""p86:L3""]","[""OB(bull)·1h""]",OB,A,False,[],False,[],[],False,,,,,,,16.9582,,observed,[1787724900000],2026-08-26T01:12:08.952000-05:00,2026-08-26T01:26:14.282000-05:00,13,13,True,6.0,0.35381113561580824,14.5,0.8550435777382033
p86:S2:1,86,2026-08-25:ASIA,14,S2,2026-08-25,ASIA,2026-08-25:ASIA,2026-08-26T01:12:08.952000-05:00,1,trend,trend,short,not-recorded,reject,fade,short,A,Price lifts to 29228.50 PDC and stalls; entry after a 1x5m close below 29228.50,29228.5,confirm.ref_price,"[""p86:L4""]","[""PDC""]",PDC,A,False,[],False,[],[],False,,,,,,,16.9582,,observed,[1787724780000],2026-08-26T01:12:08.952000-05:00,2026-08-26T01:26:14.282000-05:00,13,13,True,10.0,0.5896852260263471,1.5,0.08845278390395206
p86:S3:2,86,2026-08-25:ASIA,14,S3,2026-08-25,ASIA,2026-08-25:ASIA,2026-08-26T01:12:08.952000-05:00,1,trend,trend,short,not-recorded,acceptance,follow,short,B,Break below 29145.50 RTH-L with a 1x5m close below 29145.50,29145.5,confirm.ref_price,"[""p86:L2""]","[""RTH-L""]",RTH-L,A,False,[],False,[],[],False,,,,,,,16.9582,,not observed (complete window),[],2026-08-26T01:12:08.952000-05:00,2026-08-26T01:26:14.282000-05:00,13,13,True,73.0,4.304702149992334,81.5,4.8059345921147285
p86:S4:3,86,2026-08-25:ASIA,14,S4,2026-08-25,ASIA,2026-08-25:ASIA,2026-08-26T01:12:08.952000-05:00,1,trend,trend,short,not-recorded,reject,fade,short,B,Price reaches 29310.00 ONH and rejects with a 1x5m close below 29310.00,29310,confirm.ref_price,"[""p86:L5""]","[""ONH""]",ONH,A,False,[],False,[],[],False,,,,,,,16.9582,,not observed (complete window),[],2026-08-26T01:12:08.952000-05:00,2026-08-26T01:26:14.282000-05:00,13,13,True,91.5,5.395619818141076,83.0,4.894387376018681
p86:S5:4,86,2026-08-25:ASIA,14,S5,2026-08-25,ASIA,2026-08-25:ASIA,2026-08-26T01:12:08.952000-05:00,1,trend,trend,short,not-recorded,acceptance,follow,long,B,Two 5m closes above 29310.00 ONH confirm a breakout,29310,confirm.ref_price,"[""p86:L5""]","[""ONH""]",ONH,A,False,[],False,[],[],False,,,,,,,16.9582,,not observed (complete window),[],2026-08-26T01:12:08.952000-05:00,2026-08-26T01:26:14.282000-05:00,13,13,True,91.5,5.395619818141076,83.0,4.894387376018681
p87:S1:0,87,2026-08-25:ASIA,15,S1,2026-08-25,ASIA,2026-08-25:ASIA,2026-08-26T01:26:14.282000-05:00,1,balance,balance,short,not-recorded,reject,fade,short,B,Rally to 29228.50 PDC and 1x5m close back below 29228.50,29228.5,confirm.ref_price,"[""p87:L1""]","[""PDC""]",PDC,B,False,[],False,[],[],False,,,,,,,16.2423,,observed,[1787726040000],2026-08-26T01:26:14.282000-05:00,2026-08-26T02:00:00-05:00,33,33,True,,,5.75,0.3540139019720113
p87:S2:1,87,2026-08-25:ASIA,15,S2,2026-08-25,ASIA,2026-08-25:ASIA,2026-08-26T01:26:14.282000-05:00,1,balance,balance,short,not-recorded,breakout_retest,follow,short,B,2x5m closes below 29212.50 and a pullback retest of 29212.50 holds below,29212.5,confirm.ref_price,"[""p87:L0""]","[""OB(bull)·1h""]",OB,A,False,[],False,[],[],False,,,,,,,16.2423,,observed,[1787725800000],2026-08-26T01:26:14.282000-05:00,2026-08-26T02:00:00-05:00,33,33,True,,,10.25,0.6310682600370637
p87:S3:2,87,2026-08-25:ASIA,15,S3,2026-08-25,ASIA,2026-08-25:ASIA,2026-08-26T01:26:14.282000-05:00,1,balance,balance,short,not-recorded,sweep_reclaim,fade,long,C,Sweep of 29095.50 PDL followed by 1x5m close above 29145.50 RTH-L,29145.5,confirm.ref_price,"[""p87:L7""]","[""RTH-L""]",RTH-L,A,False,[],False,[],[],False,,,,,,,16.2423,,not observed (complete window),[],2026-08-26T01:26:14.282000-05:00,2026-08-26T02:00:00-05:00,33,33,True,,,77.25,4.756099813450065
p87:S4:3,87,2026-08-25:ASIA,15,S4,2026-08-25,ASIA,2026-08-25:ASIA,2026-08-26T01:26:14.282000-05:00,1,balance,balance,short,not-recorded,breakout_retest,follow,long,C,2x5m closes above 29310.00 ONH and pullback retest holds above 29310.00,29310,confirm.ref_price,"[""p87:L2""]","[""ONH""]",ONH,A,False,[],False,[],[],False,,,,,,,16.2423,,not observed (complete window),[],2026-08-26T01:26:14.282000-05:00,2026-08-26T02:00:00-05:00,33,33,True,,,87.25,5.371776164705738
p88:S1:0,88,2026-08-25:ASIA,16,S1,2026-08-25,ASIA,2026-08-25:ASIA,2026-08-26T02:04:03.527000-05:00,2,balance,balance,long,not-recorded,hold,ambiguous,long,A,Price pulls back to 29228.50 PDC and holds: two consecutive 5m closes above 29228.50 without closing below 29212.50.,29228.5,confirm.ref_price,"[""p88:L3""]","[""PDC""]",PDC,B,False,[],False,[],[],False,,,,,,,19.0444,,unknown,[],2026-08-26T02:04:03.527000-05:00,2026-08-26T02:00:00-05:00,0,0,False,22.5,1.1814496649933839,15.0,0.7876331099955892
p88:S2:1,88,2026-08-25:ASIA,16,S2,2026-08-25,ASIA,2026-08-25:ASIA,2026-08-26T02:04:03.527000-05:00,2,balance,balance,long,not-recorded,breakout_retest,follow,long,B,"Price closes a 5m above 29310.00 ONH, then retests 29310.00 and holds; enter long on a 5m close back above 29310.00.",29310,confirm.ref_price,"[""p88:L4""]","[""ONH""]",ONH,A,False,[],False,[],[],False,,,,,,,19.0444,,unknown,[],2026-08-26T02:04:03.527000-05:00,2026-08-26T02:00:00-05:00,0,0,False,59.0,3.098023565982651,66.5,3.491840120980446
p88:S3:2,88,2026-08-25:ASIA,16,S3,2026-08-25,ASIA,2026-08-25:ASIA,2026-08-26T02:04:03.527000-05:00,2,balance,balance,long,not-recorded,sweep_reclaim,fade,short,B,"Price wicks above 29310.00 ONH and then produces a 5m close below 29310.00, confirming sweep-reclaim.",29310,confirm.ref_price,"[""p88:L4""]","[""ONH""]",ONH,A,False,[],False,[],[],False,,,,,,,19.0444,,unknown,[],2026-08-26T02:04:03.527000-05:00,2026-08-26T02:00:00-05:00,0,0,False,59.0,3.098023565982651,66.5,3.491840120980446
p88:S4:3,88,2026-08-25:ASIA,16,S4,2026-08-25,ASIA,2026-08-25:ASIA,2026-08-26T02:04:03.527000-05:00,2,balance,balance,long,not-recorded,reject,fade,short,B,Rally into 29502.88 OB(bear)·1h (HTF) stalls and produces a 5m close below 29502.88.,29502.88,confirm.ref_price,"[""p88:L7""]","[""OB(bear)·1h (HTF)""]",OB,A,False,[],False,[],[],False,,,,,,,19.0444,,unknown,[],2026-08-26T02:04:03.527000-05:00,2026-08-26T02:00:00-05:00,0,0,False,251.88000000000102,13.225935183045989,259.380000000001,13.619751738043783
p89:S1:0,89,2026-08-26:LONDON,1,S1,2026-08-26,LONDON,2026-08-26:LONDON,2026-08-26T02:09:52.946000-05:00,2,trend-down,trend,short,not-recorded,sweep_reclaim,fade,short,C,Price sweeps above 29310 ONH and prints a 5m close back below 29310 (sweep-reclaim).,29310,confirm.ref_price,"[""p89:L2""]","[""ONH""]",ONH,A,False,[],False,[],[],False,,,,,,,19.2198,,not observed (complete window),[],2026-08-26T02:09:52.946000-05:00,2026-08-26T02:33:49.969000-05:00,23,23,True,,,89.0,4.630641317807678
p89:S2:1,89,2026-08-26:LONDON,1,S2,2026-08-26,LONDON,2026-08-26:LONDON,2026-08-26T02:09:52.946000-05:00,2,trend-down,trend,short,not-recorded,breakout_retest,follow,short,A,"Price breaks below 29228.50 PDC and retests it from below, entering on the first 5m close back below 29228.50.",29228.5,confirm.ref_price,"[""p89:L0""]","[""PDC""]",PDC,B,False,[],False,[],[562],False,,,,,,,19.2198,,observed,[1787728380000],2026-08-26T02:09:52.946000-05:00,2026-08-26T02:33:49.969000-05:00,23,23,True,,,7.5,0.3902225829613212
p89:S3:2,89,2026-08-26:LONDON,1,S3,2026-08-26,LONDON,2026-08-26:LONDON,2026-08-26T02:09:52.946000-05:00,2,trend-down,trend,short,not-recorded,sweep_reclaim,fade,long,C,"Following the PDC-breakdown extension into 29212.50 HTF OB, price sweeps 29212.50 and posts a 15m close back above 29212.50.",29212.5,confirm.ref_price,"[""p89:L1""]","[""OB(bull)·1h""]",OB,A,False,[],False,[],[],False,,,,,,,19.2198,,observed,[1787728200000],2026-08-26T02:09:52.946000-05:00,2026-08-26T02:33:49.969000-05:00,23,23,True,,,8.5,0.4422522606894973
p90:S1:0,90,2026-08-26:LONDON,2,S1,2026-08-26,LONDON,2026-08-26:LONDON,2026-08-26T02:33:49.969000-05:00,2,trend,trend,short,not-recorded,reject,fade,short,A,Retest of 29212.50–29228.50 supply (invalidated 1h OB + flipped PDC) with 5m rejection back below 29212.50,29212.5,confirm.ref_price,"[""p90:L3""]","[""OB(bull)·1h""]",OB,A,False,[],False,[],[],False,,,,,,,20.829,,observed,[1787730480000],2026-08-26T02:33:49.969000-05:00,2026-08-26T03:26:13.014000-05:00,52,52,True,13.75,0.6601373085601805,19.75,0.9481972250228047
p90:S2:1,90,2026-08-26:LONDON,2,S2,2026-08-26,LONDON,2026-08-26:LONDON,2026-08-26T02:33:49.969000-05:00,2,trend,trend,short,not-recorded,breakout_retest,follow,short,B,"5m close below 29145.50, then retest of 29145.50 from below fails to reclaim",29145.5,confirm.ref_price,"[""p90:L2""]","[""RTH-L""]",RTH-L,A,False,[],False,[],[],False,,,,,,,20.829,,not observed (complete window),[],2026-08-26T02:33:49.969000-05:00,2026-08-26T03:26:13.014000-05:00,52,52,True,53.25,2.55653175860579,47.25,2.2684718421431658
p90:S3:2,90,2026-08-26:LONDON,2,S3,2026-08-26,LONDON,2026-08-26:LONDON,2026-08-26T02:33:49.969000-05:00,2,trend,trend,short,not-recorded,sweep_reclaim,fade,long,B,"Sweep below 29095.50 into the 29085.00 HTF OB, then 15m close back above 29095.50 reclaims",29095.5,confirm.ref_price,"[""p90:L1""]","[""PDL""]",PDL,A,False,[],False,[],[],False,,,,,,,20.829,,not observed (complete window),[],2026-08-26T02:33:49.969000-05:00,2026-08-26T03:26:13.014000-05:00,52,52,True,103.25,4.957031062460992,97.25,4.668971145998367
p90:S4:3,90,2026-08-26:LONDON,2,S4,2026-08-26,LONDON,2026-08-26:LONDON,2026-08-26T02:33:49.969000-05:00,2,trend,trend,short,not-recorded,sweep_reclaim,fade,short,C,Liquidity sweep through 29310.00 ONH with 15m close back below 29310.00,29310,confirm.ref_price,"[""p90:L5""]","[""ONH""]",ONH,A,False,[],False,[],[],False,,,,,,,20.829,,not observed (complete window),[],2026-08-26T02:33:49.969000-05:00,2026-08-26T03:26:13.014000-05:00,52,52,True,111.25,5.341110951077824,117.25,5.629170867540449
p91:S1:0,91,2026-08-26:LONDON,3,S1,2026-08-26,LONDON,2026-08-26:LONDON,2026-08-26T03:26:13.014000-05:00,3,balance,balance,short,not-recorded,reject,fade,short,B,Rally into 29228.50 PDC / 15m EMA cluster stalls; invalidated 29212.50 demand adds supply confluence.,29228.5,confirm.ref_price,"[""p91:L4""]","[""PDC""]",PDC,B,False,[],False,[],[],False,,,,,,,24.7205,,observed,[1787732940000],2026-08-26T03:26:13.014000-05:00,2026-08-26T03:59:46.328000-05:00,32,32,True,,,23.0,0.9304018931655913
p91:S2:1,91,2026-08-26:LONDON,3,S2,2026-08-26,LONDON,2026-08-26:LONDON,2026-08-26T03:26:13.014000-05:00,3,balance,balance,short,not-recorded,breakout_retest,follow,short,B,"Break of 29145.50 RTH-L with 5m close below, then a pullback retest holds below 29145.50.",29145.5,confirm.ref_price,"[""p91:L3""]","[""RTH-L""]",RTH-L,A,False,[],False,[],[],False,,,,,,,24.7205,,not observed (complete window),[],2026-08-26T03:26:13.014000-05:00,2026-08-26T03:59:46.328000-05:00,32,32,True,,,60.0,2.4271353734754553
p91:S3:2,91,2026-08-26:LONDON,3,S3,2026-08-26,LONDON,2026-08-26:LONDON,2026-08-26T03:26:13.014000-05:00,3,balance,balance,short,not-recorded,sweep_reclaim,fade,long,C,"Wick below 29095.50 PDL into 29085.00 OB(bull)·1h, then a 5m close back above 29095.50.",29095.5,confirm.ref_price,"[""p91:L2""]","[""PDL""]",PDL,A,False,[],False,[],[],False,,,,,,,24.7205,,not observed (complete window),[],2026-08-26T03:26:13.014000-05:00,2026-08-26T03:59:46.328000-05:00,32,32,True,,,110.0,4.449748184705002
p91:S4:3,91,2026-08-26:LONDON,3,S4,2026-08-26,LONDON,2026-08-26:LONDON,2026-08-26T03:26:13.014000-05:00,3,balance,balance,short,not-recorded,reclaim,follow,long,B,"15m close above 29228.50 PDC reclaims the shelf after the sweep-up, opening the path to 29310.00 ONH.",29228.5,confirm.ref_price,"[""p91:L4""]","[""PDC""]",PDC,B,False,[],False,[],[],False,,,,,,,24.7205,,observed,[1787732940000],2026-08-26T03:26:13.014000-05:00,2026-08-26T03:59:46.328000-05:00,32,32,True,,,23.0,0.9304018931655913
p92:S1:0,92,2026-08-26:LONDON,4,S1,2026-08-26,LONDON,2026-08-26:LONDON,2026-08-26T03:59:46.328000-05:00,3,balance,balance,short,not-recorded,breakout_retest,follow,short,B,"Price breaks 29228.50 PDC, retests the underside, and posts a 1x5m close below 29228.50.",29228.5,confirm.ref_price,"[""p92:L3""]","[""PDC""]",PDC,B,False,[],False,[],[],False,,,,,,,21.9376,,observed,[1787734800000],2026-08-26T03:59:46.328000-05:00,2026-08-26T04:30:00.597000-05:00,30,30,True,,,9.5,0.4330464590474801
p92:S2:1,92,2026-08-26:LONDON,4,S2,2026-08-26,LONDON,2026-08-26:LONDON,2026-08-26T03:59:46.328000-05:00,3,balance,balance,short,not-recorded,sweep_reclaim,fade,short,B,Price sweeps above 29310.00 ONH and then posts a 1x5m close back below 29310.00.,29310,confirm.ref_price,"[""p92:L4""]","[""ONH""]",ONH,A,False,[],False,[],[],False,,,,,,,21.9376,,not observed (complete window),[],2026-08-26T03:59:46.328000-05:00,2026-08-26T04:30:00.597000-05:00,30,30,True,,,91.0,4.148129239296915
p92:S3:2,92,2026-08-26:LONDON,4,S3,2026-08-26,LONDON,2026-08-26:LONDON,2026-08-26T03:59:46.328000-05:00,3,balance,balance,short,not-recorded,sweep_reclaim,fade,long,B,Price sweeps below 29095.50 PDL and then posts a 1x5m close back above 29095.50.,29095.5,confirm.ref_price,"[""p92:L1""]","[""PDL""]",PDL,A,False,[],False,[],[],False,,,,,,,21.9376,,not observed (complete window),[],2026-08-26T03:59:46.328000-05:00,2026-08-26T04:30:00.597000-05:00,30,30,True,,,123.5,5.629603967617242
p93:S1:0,93,2026-08-26:LONDON,5,S1,2026-08-26,LONDON,2026-08-26:LONDON,2026-08-26T04:30:00.597000-05:00,4,trend,trend,short,not-recorded,reject,fade,short,B,pullback to 29228.50 PDC stalls and rejects,29228.5,confirm.ref_price,"[""p93:L4""]","[""PDC""]",PDC,B,False,[],False,[],[],False,,,,,,,19.8268,,observed,[1787738040000],2026-08-26T04:30:00.597000-05:00,2026-08-26T04:59:46.142000-05:00,28,28,True,16.0,0.8069885205882947,29.75,1.5004942804688604
p93:S2:1,93,2026-08-26:LONDON,5,S2,2026-08-26,LONDON,2026-08-26:LONDON,2026-08-26T04:30:00.597000-05:00,4,trend,trend,short,not-recorded,breakout_retest,follow,short,A,break of 29145.50 RTH-L followed by a failed retest from below,29145.5,confirm.ref_price,"[""p93:L3""]","[""RTH-L""]",RTH-L,A,False,[],False,[],[],False,,,,,,,19.8268,,not observed (complete window),[],2026-08-26T04:30:00.597000-05:00,2026-08-26T04:59:46.142000-05:00,28,28,True,67.0,3.379264429963484,53.25,2.6857586700829184
p93:S3:2,93,2026-08-26:LONDON,5,S3,2026-08-26,LONDON,2026-08-26:LONDON,2026-08-26T04:30:00.597000-05:00,4,trend,trend,short,not-recorded,sweep_reclaim,fade,long,B,sweep below 29085.00 OB(bull)·1h then 15m close back above 29085.00,29085,confirm.ref_price,"[""p93:L1""]","[""OB(bull)·1h (HTF)""]",OB,A,False,[],False,[],[],False,,,,,,,19.8268,,not observed (complete window),[],2026-08-26T04:30:00.597000-05:00,2026-08-26T04:59:46.142000-05:00,28,28,True,127.5,6.430689773437973,113.75,5.737184013557408
p93:S4:3,93,2026-08-26:LONDON,5,S4,2026-08-26,LONDON,2026-08-26:LONDON,2026-08-26T04:30:00.597000-05:00,4,trend,trend,short,not-recorded,sweep_reclaim,fade,short,B,wick above 29310.00 ONH followed by 15m close below 29310.00,29310,confirm.ref_price,"[""p93:L5""]","[""ONH""]",ONH,A,False,[],False,[],[],False,,,,,,,19.8268,,not observed (complete window),[],2026-08-26T04:30:00.597000-05:00,2026-08-26T04:59:46.142000-05:00,28,28,True,97.5,4.917586297334921,111.25,5.611092057215487
p93:S5:4,93,2026-08-26:LONDON,5,S5,2026-08-26,LONDON,2026-08-26:LONDON,2026-08-26T04:30:00.597000-05:00,4,trend,trend,short,not-recorded,breakout_retest,follow,long,B,15m close above 29310.00 ONH followed by retest of 29310.00 holding,29310,confirm.ref_price,"[""p93:L5""]","[""ONH""]",ONH,A,False,[],False,[],[],False,,,,,,,19.8268,,not observed (complete window),[],2026-08-26T04:30:00.597000-05:00,2026-08-26T04:59:46.142000-05:00,28,28,True,97.5,4.917586297334921,111.25,5.611092057215487
p94:S1:0,94,2026-08-26:LONDON,6,S1,2026-08-26,LONDON,2026-08-26:LONDON,2026-08-26T04:59:46.142000-05:00,4,trend,trend,short,not-recorded,breakout_retest,follow,short,B,"5m close below 29228.50 PDC, then a 5m retest from below rejects",29228.5,confirm.ref_price,"[""p94:L4""]","[""PDC""]",PDC,B,False,[],False,[],[],False,,,,,,,16.9538,,observed,[1787738400000],2026-08-26T04:59:46.142000-05:00,2026-08-26T05:33:13.514000-05:00,33,33,True,2.75,0.16220552324552606,7.75,0.4571246564192098
p94:S2:1,94,2026-08-26:LONDON,6,S2,2026-08-26,LONDON,2026-08-26:LONDON,2026-08-26T04:59:46.142000-05:00,4,trend,trend,short,not-recorded,sweep_reclaim,fade,short,B,"Wick above 29310.00 ONH, then 15m close back below 29310.00",29310,confirm.ref_price,"[""p94:L5""]","[""ONH""]",ONH,A,False,[],False,[],[],False,,,,,,,16.9538,,not observed (complete window),[],2026-08-26T04:59:46.142000-05:00,2026-08-26T05:33:13.514000-05:00,33,33,True,78.75,4.644976347485519,73.75,4.3500572143118355
p94:S3:2,94,2026-08-26:LONDON,6,S3,2026-08-26,LONDON,2026-08-26:LONDON,2026-08-26T04:59:46.142000-05:00,4,trend,trend,short,not-recorded,breakout_retest,follow,short,A,"15m close below 29145.50 RTH-L, then a 5m retest from below rejects",29145.5,confirm.ref_price,"[""p94:L3""]","[""RTH-L""]",RTH-L,A,False,[],False,[],[],False,,,,,,,16.9538,,not observed (complete window),[],2026-08-26T04:59:46.142000-05:00,2026-08-26T05:33:13.514000-05:00,33,33,True,85.75,5.057863133928676,90.75,5.35278226710236
p94:S4:3,94,2026-08-26:LONDON,6,S4,2026-08-26,LONDON,2026-08-26:LONDON,2026-08-26T04:59:46.142000-05:00,4,trend,trend,short,not-recorded,sweep_reclaim,fade,long,B,"Wick below 29095.50 PDL, then 15m close back above 29095.50",29095.5,confirm.ref_price,"[""p94:L2""]","[""PDL""]",PDL,A,False,[],False,[],[],False,,,,,,,16.9538,,not observed (complete window),[],2026-08-26T04:59:46.142000-05:00,2026-08-26T05:33:13.514000-05:00,33,33,True,135.75,8.007054465665513,140.75,8.301973598839197
p95:S1:0,95,2026-08-26:LONDON,7,S1,2026-08-26,LONDON,2026-08-26:LONDON,2026-08-26T05:33:13.514000-05:00,5,balance,balance,short,not-recorded,hold,fade,short,B,Price rallies into 29212.50-29228.50 and a 1x5m close below 29228.50 holds the ceiling,29228.5,confirm.ref_price,"[""p95:L5""]","[""PDC""]",PDC,B,False,[],False,[],[],False,,,,,,,17.2148,,observed,[1787740500000],2026-08-26T05:33:13.514000-05:00,2026-08-26T06:03:54.123000-05:00,29,29,True,19.0,1.1037014661802635,23.5,1.3651044450124312
p95:S2:1,95,2026-08-26:LONDON,7,S2,2026-08-26,LONDON,2026-08-26:LONDON,2026-08-26T05:33:13.514000-05:00,5,balance,balance,short,not-recorded,hold,follow,short,A,A 1x5m close below 29145.50 RTH-L confirms downside break,29145.5,confirm.ref_price,"[""p95:L3""]","[""RTH-L""]",RTH-L,A,False,[],False,[],[],False,,,,,,,17.2148,,not observed (complete window),[],2026-08-26T05:33:13.514000-05:00,2026-08-26T06:03:54.123000-05:00,29,29,True,64.0,3.71773125450194,59.5,3.4563282756697724
p95:S3:2,95,2026-08-26:LONDON,7,S3,2026-08-26,LONDON,2026-08-26:LONDON,2026-08-26T05:33:13.514000-05:00,5,balance,balance,short,not-recorded,reclaim,follow,long,B,Price absorbs 29095.50-29085.00 and produces a 15m close back above 29145.50,29145.5,confirm.ref_price,"[""p95:L3""]","[""RTH-L""]",RTH-L,A,False,[],False,[],[],False,,,,,,,17.2148,,not observed (complete window),[],2026-08-26T05:33:13.514000-05:00,2026-08-26T06:03:54.123000-05:00,29,29,True,64.0,3.71773125450194,59.5,3.4563282756697724
p95:S4:3,95,2026-08-26:LONDON,7,S4,2026-08-26,LONDON,2026-08-26:LONDON,2026-08-26T05:33:13.514000-05:00,5,balance,balance,short,not-recorded,breakout_retest,follow,long,A,A 15m close above 29310.00 ONH sets a breakout; a retest of 29228.50 must produce a 1x5m close back above 29228.50,29228.5,confirm.ref_price,"[""p95:L5""]","[""PDC""]",PDC,B,False,[],False,[],[],False,,,,,,,17.2148,,observed,[1787740500000],2026-08-26T05:33:13.514000-05:00,2026-08-26T06:03:54.123000-05:00,29,29,True,19.0,1.1037014661802635,23.5,1.3651044450124312
p96:S0:0,96,2026-08-26:LONDON,8,S0,2026-08-26,LONDON,2026-08-26:LONDON,2026-08-26T06:03:54.123000-05:00,6,no-trade,no-trade,neutral,not-recorded,hold,stand-aside,long,B,none,,unresolved,[],[],unresolved,unresolved,False,[],False,[],[],False,,,,,,,,,unknown,[],2026-08-26T06:03:54.123000-05:00,2026-08-26T06:05:35.472000-05:00,1,1,True,,,,
p97:S1:0,97,2026-08-26:LONDON,9,S1,2026-08-26,LONDON,2026-08-26:LONDON,2026-08-26T06:05:35.472000-05:00,6,balance,balance,long,not-recorded,breakout_retest,follow,long,A,Break of the 15m LH 29238.25 (set 05:00 CT) with a 15m close above 29238.25; enter long on the retest that holds above 29238.25.,29238.25,confirm.ref_price,[],[],unresolved,unresolved,False,[],False,[],[563],False,,,,,,,18.0177,,observed,[1787742540000],2026-08-26T06:05:35.472000-05:00,2026-08-26T06:34:00.898000-05:00,28,28,True,6.0,0.3330058775537388,20.0,1.110019591845796
p97:S2:1,97,2026-08-26:LONDON,9,S2,2026-08-26,LONDON,2026-08-26:LONDON,2026-08-26T06:05:35.472000-05:00,6,balance,balance,long,not-recorded,hold,fade,long,B,Dip into the 29212.50 OB(bull)·1h confluence (15m EMA200 at 29216.9) that holds — two 5m closes above 29212.50.,29212.5,confirm.ref_price,"[""p97:L3""]","[""OB(bull)·1h""]",OB,A,False,[],False,[],[],False,,,,,,,18.0177,,not observed (complete window),[],2026-08-26T06:05:35.472000-05:00,2026-08-26T06:34:00.898000-05:00,28,28,True,19.75,1.0961443469477234,45.75,2.5391698163472585
p97:S3:2,97,2026-08-26:LONDON,9,S3,2026-08-26,LONDON,2026-08-26:LONDON,2026-08-26T06:05:35.472000-05:00,6,balance,balance,long,not-recorded,sweep_reclaim,fade,short,B,Wick through ONH 29310.00 that fails — a 15m close back below 29310.00.,29310,confirm.ref_price,"[""p97:L5""]","[""ONH""]",ONH,A,False,[],False,[],[],False,,,,,,,18.0177,,not observed (complete window),[],2026-08-26T06:05:35.472000-05:00,2026-08-26T06:34:00.898000-05:00,28,28,True,77.75,4.315201163300532,51.75,2.872175693900997
p97:S4:3,97,2026-08-26:LONDON,9,S4,2026-08-26,LONDON,2026-08-26:LONDON,2026-08-26T06:05:35.472000-05:00,6,balance,balance,long,not-recorded,acceptance,follow,short,C,Two consecutive 5m closes below PDC 29228.50 without a reclaim — acceptance through the pivot with downside displacement.,29228.5,confirm.ref_price,"[""p97:L4""]","[""PDC""]",PDC,B,False,[],False,[],[],False,,,,,,,18.0177,,not observed (complete window),[],2026-08-26T06:05:35.472000-05:00,2026-08-26T06:34:00.898000-05:00,28,28,True,3.75,0.20812867347108674,29.75,1.6511541428706216
p98:S1:0,98,2026-08-26:LONDON,10,S1,2026-08-26,LONDON,2026-08-26:LONDON,2026-08-26T06:34:00.898000-05:00,6,balance,balance,long,not-recorded,hold,fade,long,A,Retest of 29228.50 PDC or 29212.50 OB(bull)·1h produces two consecutive 5m closes above 29228.50,29228.5,confirm.ref_price,"[""p98:L0""]","[""PDC""]",PDC,B,False,[],False,[],[],False,,,,,,,17.9703,,observed,[1787744220000],2026-08-26T06:34:00.898000-05:00,2026-08-26T07:06:45.581000-05:00,31,31,True,,,18.5,1.0294764138606478
p98:S2:1,98,2026-08-26:LONDON,10,S2,2026-08-26,LONDON,2026-08-26:LONDON,2026-08-26T06:34:00.898000-05:00,6,balance,balance,long,not-recorded,breakout_retest,follow,long,A,2x5m closes above 29310.00 ONH and a retest of 29310.00 holds without a 5m close back below it,29310,confirm.ref_price,"[""p98:L5""]","[""ONH""]",ONH,A,False,[],False,[],[],False,,,,,,,17.9703,,not observed (complete window),[],2026-08-26T06:34:00.898000-05:00,2026-08-26T07:06:45.581000-05:00,31,31,True,,,63.0,3.505784544498422
p98:S3:2,98,2026-08-26:LONDON,10,S3,2026-08-26,LONDON,2026-08-26:LONDON,2026-08-26T06:34:00.898000-05:00,6,balance,balance,long,not-recorded,reject,fade,short,B,Touch of 29416.00-29420.00 supply produces 2x5m closes back below 29416.00 with no 15m close above 29432.25,29416,confirm.ref_price,"[""p98:L6""]","[""RTH-H""]",RTH-H,A,False,[],False,[],[],False,,,,,,,17.9703,,not observed (complete window),[],2026-08-26T06:34:00.898000-05:00,2026-08-26T07:06:45.581000-05:00,31,31,True,,,169.0,9.404406159051323
p98:S4:3,98,2026-08-26:LONDON,10,S4,2026-08-26,LONDON,2026-08-26:LONDON,2026-08-26T06:34:00.898000-05:00,6,balance,balance,long,not-recorded,breakout_retest,follow,short,B,2x5m closes below 29212.50 OB(bull)·1h then a 5m retest of 29212.50 from below with lower highs while 29310.00 ONH remains intact,29212.5,confirm.ref_price,"[""p98:L1""]","[""OB(bull)·1h""]",OB,A,False,[],False,[],[],False,,,,,,,17.9703,,observed,[1787744280000],2026-08-26T06:34:00.898000-05:00,2026-08-26T07:06:45.581000-05:00,31,31,True,,,34.5,1.9198343934158026
p99:S1:0,99,2026-08-26:LONDON,11,S1,2026-08-26,LONDON,2026-08-26:LONDON,2026-08-26T07:06:45.581000-05:00,7,balance,balance,short,not-recorded,hold,follow,short,B,15m close below 29212.50 with the 15m EMA200 near 29214.30 rolling down confirms the 1h OB loss,29212.5,confirm.ref_price,"[""p99:L0""]","[""OB(bull)·1h""]",OB,A,False,[],False,[],[],False,,,,,,,21.3844,,observed,[1787746080000],2026-08-26T07:06:45.581000-05:00,2026-08-26T07:38:06.514000-05:00,31,31,True,1.25,0.058453826153644715,1.0,0.046763060922915774
p99:S2:1,99,2026-08-26:LONDON,11,S2,2026-08-26,LONDON,2026-08-26:LONDON,2026-08-26T07:06:45.581000-05:00,7,balance,balance,short,not-recorded,sweep_reclaim,fade,short,B,5m close back below 29310.00 after a sweep above 29310.00,29310,confirm.ref_price,"[""p99:L2""]","[""ONH""]",ONH,A,False,[],False,[],[],False,,,,,,,21.3844,,not observed (complete window),[],2026-08-26T07:06:45.581000-05:00,2026-08-26T07:38:06.514000-05:00,31,31,True,96.25,4.500944613830643,96.5,4.512635379061372
p99:S3:2,99,2026-08-26:LONDON,11,S3,2026-08-26,LONDON,2026-08-26:LONDON,2026-08-26T07:06:45.581000-05:00,7,balance,balance,short,not-recorded,sweep_reclaim,fade,long,B,5m close back above 29212.50 after a sweep below 29212.50 while the 1h HL at 29186.25 holds,29212.5,confirm.ref_price,"[""p99:L0""]","[""OB(bull)·1h""]",OB,A,False,[],False,[],[],False,,,,,,,21.3844,,observed,[1787746080000],2026-08-26T07:06:45.581000-05:00,2026-08-26T07:38:06.514000-05:00,31,31,True,1.25,0.058453826153644715,1.0,0.046763060922915774
p99:S4:3,99,2026-08-26:LONDON,11,S4,2026-08-26,LONDON,2026-08-26:LONDON,2026-08-26T07:06:45.581000-05:00,7,balance,balance,short,not-recorded,reclaim,follow,long,B,15m close above 29228.50 after the T1 release settles,29228.5,confirm.ref_price,"[""p99:L5""]","[""PDC""]",PDC,B,False,[],False,[],[],False,,,,,,,21.3844,,observed,[1787746980000],2026-08-26T07:06:45.581000-05:00,2026-08-26T07:38:06.514000-05:00,31,31,True,14.75,0.6897551486130077,15.0,0.7014459138437366
p99:S5:4,99,2026-08-26:LONDON,11,S5,2026-08-26,LONDON,2026-08-26:LONDON,2026-08-26T07:06:45.581000-05:00,7,balance,balance,short,not-recorded,hold,ambiguous,short,B,15m close below 29145.50,29145.5,confirm.ref_price,"[""p99:L1""]","[""RTH-L""]",RTH-L,A,False,[],False,[],[],False,,,,,,,21.3844,,not observed (complete window),[],2026-08-26T07:06:45.581000-05:00,2026-08-26T07:38:06.514000-05:00,31,31,True,68.25,3.1915789079890016,68.0,3.1798881427582724
p100:S0:0,100,2026-08-26:LONDON,12,S0,2026-08-26,LONDON,2026-08-26:LONDON,2026-08-26T07:38:06.514000-05:00,7,no-trade,no-trade,neutral,not-recorded,hold,stand-aside,long,B,none,,unresolved,[],[],unresolved,unresolved,False,[],False,[],[],False,,,,,,,,,unknown,[],2026-08-26T07:38:06.514000-05:00,2026-08-26T07:39:04.302000-05:00,0,0,False,,,,
p101:S1:0,101,2026-08-26:LONDON,13,S1,2026-08-26,LONDON,2026-08-26:LONDON,2026-08-26T07:39:04.302000-05:00,7,balance,balance,short,not-recorded,hold,fade,short,B,15m close below 29145.50 RTH-L; retest from below holds below 29145.50,29145.5,confirm.ref_price,"[""p101:L2""]","[""RTH-L""]",RTH-L,A,False,[],False,[],[],False,,,,,,,29.481,,not observed (complete window),[],2026-08-26T07:39:04.302000-05:00,2026-08-26T07:48:40.733000-05:00,8,8,True,31.5,1.0684847868118448,21.25,0.7208032291984667
p101:S2:1,101,2026-08-26:LONDON,13,S2,2026-08-26,LONDON,2026-08-26:LONDON,2026-08-26T07:39:04.302000-05:00,7,balance,balance,short,not-recorded,reject,fade,short,B,Rally to 29228.50 PDC stalls; first 5m close back below 29228.50,29228.5,confirm.ref_price,"[""p101:L4""]","[""PDC""]",PDC,B,False,[],False,[],[],False,,,,,,,29.481,,not observed (complete window),[],2026-08-26T07:39:04.302000-05:00,2026-08-26T07:48:40.733000-05:00,8,8,True,51.5,1.7468878260574607,61.75,2.0945693836708386
p101:S3:2,101,2026-08-26:LONDON,13,S3,2026-08-26,LONDON,2026-08-26:LONDON,2026-08-26T07:39:04.302000-05:00,7,balance,balance,short,not-recorded,hold,fade,long,B,Retest of 29095.50 PDL holds with 5m close above 29095.50 while 29085.00 HTF OB is intact,29095.5,confirm.ref_price,"[""p101:L1""]","[""PDL""]",PDL,A,False,[],False,[],[],False,,,,,,,29.481,,not observed (complete window),[],2026-08-26T07:39:04.302000-05:00,2026-08-26T07:48:40.733000-05:00,8,8,True,81.5,2.7644923849258842,71.25,2.4168108273125064
p101:S4:3,101,2026-08-26:LONDON,13,S4,2026-08-26,LONDON,2026-08-26:LONDON,2026-08-26T07:39:04.302000-05:00,7,balance,balance,short,not-recorded,reclaim,follow,long,B,15m close above 29228.50 PDC after 29212.50 reclaimed; retest holds above 29212.50,29228.5,confirm.ref_price,"[""p101:L4""]","[""PDC""]",PDC,B,False,[],False,[],[],False,,,,,,,29.481,,not observed (complete window),[],2026-08-26T07:39:04.302000-05:00,2026-08-26T07:48:40.733000-05:00,8,8,True,51.5,1.7468878260574607,61.75,2.0945693836708386
p102:S1:0,102,2026-08-26:LONDON,14,S1,2026-08-26,LONDON,2026-08-26:LONDON,2026-08-26T07:48:40.733000-05:00,7,balance,balance,short,not-recorded,acceptance,follow,short,A,Displacement candle and 2x5m closes below RTH-L 29145.50 after the 07:45 CHoCH-down,29145.5,confirm.ref_price,"[""p102:L0""]","[""RTH-L""]",RTH-L,A,False,[],False,[],[],False,,,,,,,28.5521,,observed,[1787748840000],2026-08-26T07:48:40.733000-05:00,2026-08-26T08:30:00-05:00,41,41,True,,,23.5,0.8230567979237955
p102:S2:1,102,2026-08-26:LONDON,14,S2,2026-08-26,LONDON,2026-08-26:LONDON,2026-08-26T07:48:40.733000-05:00,7,balance,balance,short,not-recorded,reject,fade,short,B,"Retest of 29212.50 OB(bull)·1h from below with a wick above, then 2x5m closes back below 29212.50",29212.5,confirm.ref_price,"[""p102:L3""]","[""OB(bull)·1h""]",OB,A,False,[],False,[],[],False,,,,,,,28.5521,,not observed (complete window),[],2026-08-26T07:48:40.733000-05:00,2026-08-26T08:30:00-05:00,41,41,True,,,43.5,1.5235306684972385
p102:S3:2,102,2026-08-26:LONDON,14,S3,2026-08-26,LONDON,2026-08-26:LONDON,2026-08-26T07:48:40.733000-05:00,7,balance,balance,short,not-recorded,sweep_reclaim,fade,long,B,"Sweep of PDL 29095.50 into the 29085.00 OB(bull)·1h, then a 15m close back above 29095.50",29095.5,confirm.ref_price,"[""p102:L1""]","[""PDL""]",PDL,A,False,[],False,[],[],False,,,,,,,28.5521,,not observed (complete window),[],2026-08-26T07:48:40.733000-05:00,2026-08-26T08:30:00-05:00,41,41,True,,,73.5,2.574241474357403
p102:S4:3,102,2026-08-26:LONDON,14,S4,2026-08-26,LONDON,2026-08-26:LONDON,2026-08-26T07:48:40.733000-05:00,7,balance,balance,short,not-recorded,reclaim,follow,long,B,2x5m closes above PDC 29228.50 reclaiming the prior-day center after the failed-zone break,29228.5,confirm.ref_price,"[""p102:L4""]","[""PDC""]",PDC,B,False,[],False,[],[],False,,,,,,,28.5521,,not observed (complete window),[],2026-08-26T07:48:40.733000-05:00,2026-08-26T08:30:00-05:00,41,41,True,,,59.5,2.0839097649559926
p103:S1:0,103,2026-08-26:LONDON,15,S1,2026-08-26,LONDON,2026-08-26:LONDON,2026-08-26T08:30:48.789000-05:00,8,balance,balance,short,not-recorded,reject,fade,short,B,Pullback into VWAP 29251.87 / PDC 29228.50 area stalls; 2x5m close back below 29212.50 confirms rejection.,29212.5,confirm.ref_price,"[""p103:L3""]","[""OB(bull)·1h""]",OB,C,False,[],False,[],[],False,,,,,,,27.3675,,unknown,[],2026-08-26T08:30:48.789000-05:00,2026-08-26T08:30:00-05:00,0,0,False,50.5,1.8452544076002557,38.25,1.3976431899150452
p103:S2:1,103,2026-08-26:LONDON,15,S2,2026-08-26,LONDON,2026-08-26:LONDON,2026-08-26T08:30:48.789000-05:00,8,balance,balance,short,not-recorded,acceptance,follow,short,A,Acceptance below 29095.50 PDL with 2x5m close below 29095.50.,29095.5,confirm.ref_price,"[""p103:L1""]","[""PDL""]",PDL,A,False,[],False,[],[],False,,,,,,,27.3675,,unknown,[],2026-08-26T08:30:48.789000-05:00,2026-08-26T08:30:00-05:00,0,0,False,66.5,2.429889467434,78.75,2.8775006851192106
p103:S3:2,103,2026-08-26:LONDON,15,S3,2026-08-26,LONDON,2026-08-26:LONDON,2026-08-26T08:30:48.789000-05:00,8,balance,balance,short,not-recorded,sweep_reclaim,fade,long,C,Wick through 29095.50 PDL then 1x5m close back above 29095.50.,29095.5,confirm.ref_price,"[""p103:L1""]","[""PDL""]",PDL,A,False,[],False,[],[],False,,,,,,,27.3675,,unknown,[],2026-08-26T08:30:48.789000-05:00,2026-08-26T08:30:00-05:00,0,0,False,66.5,2.429889467434,78.75,2.8775006851192106
p104:S1:0,104,2026-08-26:NY,1,S1,2026-08-26,NY,2026-08-26:NY,2026-08-26T08:32:30.541000-05:00,8,trend_down,trend,short,not-recorded,reject,fade,short,B,Rally into the 29212.50 OB(bull)·1h / 15m-EMA200 confluence stalls; 5m close back below 29212.50 confirms rejection.,29212.5,confirm.ref_price,"[""p104:L3""]","[""OB(bull)·1h""]",OB,C,False,[],False,[],[],False,,,,,,,27.3675,,observed,[1787751300000],2026-08-26T08:32:30.541000-05:00,2026-08-26T08:48:28.261000-05:00,15,15,True,,,62.75,2.2928656252854664
p104:S2:1,104,2026-08-26:NY,1,S2,2026-08-26,NY,2026-08-26:NY,2026-08-26T08:32:30.541000-05:00,8,trend_down,trend,short,not-recorded,breakout_retest,follow,short,C,PDL 29095.50 fails on a 15m close with displacement; a retest of 29095.50 holds as resistance and 5m closes below.,29095.5,confirm.ref_price,"[""p104:L1""]","[""PDL""]",PDL,A,False,[],False,[],[],False,,,,,,,27.3675,,not observed (complete window),[],2026-08-26T08:32:30.541000-05:00,2026-08-26T08:48:28.261000-05:00,15,15,True,,,179.75,6.5680095003197225
p104:S3:2,104,2026-08-26:NY,1,S3,2026-08-26,NY,2026-08-26:NY,2026-08-26T08:32:30.541000-05:00,8,trend_down,trend,short,not-recorded,reject,fade,long,C,First touch of PDL 29095.50 produces a downside rejection; 5m close back above 29095.50 confirms the bounce.,29095.5,confirm.ref_price,"[""p104:L1""]","[""PDL""]",PDL,A,False,[],False,[],[],False,,,,,,,27.3675,,not observed (complete window),[],2026-08-26T08:32:30.541000-05:00,2026-08-26T08:48:28.261000-05:00,15,15,True,,,179.75,6.5680095003197225
p105:S1:0,105,2026-08-26:NY,2,S1,2026-08-26,NY,2026-08-26:NY,2026-08-26T08:48:28.261000-05:00,8,balance,balance,long,not-recorded,sweep_reclaim,fade,long,B,"Pullback to 29281.00 OR-H that sweeps 29281.00, then 2x5m closes back above 29281.00.",29281,confirm.ref_price,"[""p105:L3""]","[""OR-H""]",OR-H,A,False,[],False,[],[],False,,,,,,,39.5287,,observed,[1787752140000],2026-08-26T08:48:28.261000-05:00,2026-08-26T09:24:07.617000-05:00,35,35,True,7.0,0.17708652194481478,8.25,0.20870911514924598
p105:S2:1,105,2026-08-26:NY,2,S2,2026-08-26,NY,2026-08-26:NY,2026-08-26T08:48:28.261000-05:00,8,balance,balance,long,not-recorded,breakout_retest,follow,long,A,Break above 29310.00 ONH and 1x5m close above 29310.00; retest of 29310.00 holds.,29310,confirm.ref_price,"[""p105:L4""]","[""ONH""]",ONH,A,False,[],False,[],[],False,,,,,,,39.5287,,observed,[1787752500000],2026-08-26T08:48:28.261000-05:00,2026-08-26T09:24:07.617000-05:00,35,35,True,22.0,0.5565576403979893,20.75,0.5249350471935581
p105:S3:2,105,2026-08-26:NY,2,S3,2026-08-26,NY,2026-08-26:NY,2026-08-26T08:48:28.261000-05:00,8,balance,balance,long,not-recorded,sweep_reclaim,fade,short,B,Wick through 29310.00 ONH followed by 2x5m close back below 29310.00.,29310,confirm.ref_price,"[""p105:L4""]","[""ONH""]",ONH,A,False,[],False,[],[],False,,,,,,,39.5287,,observed,[1787752500000],2026-08-26T08:48:28.261000-05:00,2026-08-26T09:24:07.617000-05:00,35,35,True,22.0,0.5565576403979893,20.75,0.5249350471935581
p105:S4:3,105,2026-08-26:NY,2,S4,2026-08-26,NY,2026-08-26:NY,2026-08-26T08:48:28.261000-05:00,8,balance,balance,long,not-recorded,reject,fade,short,B,Rally into 29416.00 RTH-H and 15m close rejecting below 29416.00.,29416,confirm.ref_price,"[""p105:L5""]","[""RTH-H""]",RTH-H,A,False,[],False,[],[],False,,,,,,,39.5287,,not observed (complete window),[],2026-08-26T08:48:28.261000-05:00,2026-08-26T09:24:07.617000-05:00,35,35,True,128.0,3.238153544133756,126.75,3.206530950929325
p106:S1:0,106,2026-08-26:NY,3,S1,2026-08-26,NY,2026-08-26:NY,2026-08-26T09:24:07.617000-05:00,9,balance,balance,short,not-recorded,breakout_retest,follow,short,B,Displaced break below PDC 29228.50 with a failed retest of 29228.50 as resistance,29228.5,confirm.ref_price,"[""p106:L3""]","[""PDC""]",PDC,B,False,[],False,[],[],False,,,,,,,37.9345,,not observed (complete window),[],2026-08-26T09:24:07.617000-05:00,2026-08-26T09:35:45.341000-05:00,10,10,True,,,16.25,0.42836995347243273
p106:S2:1,106,2026-08-26:NY,3,S2,2026-08-26,NY,2026-08-26:NY,2026-08-26T09:24:07.617000-05:00,9,balance,balance,short,not-recorded,reject,fade,short,A,Rally into 29416.00 RTH-H that rejects with a 1×5m close below 29416.00,29416,confirm.ref_price,"[""p106:L5""]","[""RTH-H""]",RTH-H,A,False,[],False,[],[],False,,,,,,,37.9345,,not observed (complete window),[],2026-08-26T09:24:07.617000-05:00,2026-08-26T09:35:45.341000-05:00,10,10,True,,,203.75,5.3711001858466565
p106:S3:2,106,2026-08-26:NY,3,S3,2026-08-26,NY,2026-08-26:NY,2026-08-26T09:24:07.617000-05:00,9,balance,balance,short,not-recorded,reject,fade,short,B,Rally to 29553.12 weekly nPOC that fades with a 5m close back below 29553.12,29553.12,confirm.ref_price,"[""p106:L7""]","[""nPOC·wk·2026-08-18""]",NPOC,A,False,[],False,[],[],False,,,,,,,37.9345,,not observed (complete window),[],2026-08-26T09:24:07.617000-05:00,2026-08-26T09:35:45.341000-05:00,10,10,True,,,340.869999999999,8.985751756316782
p106:S4:3,106,2026-08-26:NY,3,S4,2026-08-26,NY,2026-08-26:NY,2026-08-26T09:24:07.617000-05:00,9,balance,balance,short,not-recorded,sweep_reclaim,fade,long,C,Sweep through 29174.25 OR-L that reclaims with a 15m close back above 29174.25,29174.25,confirm.ref_price,"[""p106:L1""]","[""OR-L""]",OR-L,A,False,[],False,[],[],False,,,,,,,37.9345,,observed,[1787754420000],2026-08-26T09:24:07.617000-05:00,2026-08-26T09:35:45.341000-05:00,10,10,True,,,38.0,1.0017266604278428
p106:S5:4,106,2026-08-26:NY,3,S5,2026-08-26,NY,2026-08-26:NY,2026-08-26T09:24:07.617000-05:00,9,balance,balance,short,not-recorded,hold,fade,long,B,First-touch hold at 29095.50 PDL with a 1×5m close back above 29095.50,29095.5,confirm.ref_price,"[""p106:L0""]","[""PDL""]",PDL,A,False,[],False,[],[],False,,,,,,,37.9345,,not observed (complete window),[],2026-08-26T09:24:07.617000-05:00,2026-08-26T09:35:45.341000-05:00,10,10,True,,,116.75,3.0776733580250166
p107:S1:0,107,2026-08-26:NY,4,S1,2026-08-26,NY,2026-08-26:NY,2026-08-26T09:35:45.341000-05:00,9,balance,balance,short,not-recorded,breakout_retest,follow,short,B,5m close below 29174.25 OR-L with a retest from below that fails to reclaim 29174.25,29174.25,confirm.ref_price,"[""p107:L0""]","[""OR-L""]",OR-L,B,False,[],False,[],[],False,,,,,,,40.455,,not observed (complete window),[],2026-08-26T09:35:45.341000-05:00,2026-08-26T10:04:46.278000-05:00,28,28,True,19.75,0.48819676183413674,23.0,0.5685329378321592
p107:S2:1,107,2026-08-26:NY,4,S2,2026-08-26,NY,2026-08-26:NY,2026-08-26T09:35:45.341000-05:00,9,balance,balance,short,not-recorded,sweep_reclaim,fade,long,C,Wick through 29174.25 OR-L followed by a 5m close back above 29174.25,29174.25,confirm.ref_price,"[""p107:L0""]","[""OR-L""]",OR-L,B,False,[],False,[],[],False,,,,,,,40.455,,not observed (complete window),[],2026-08-26T09:35:45.341000-05:00,2026-08-26T10:04:46.278000-05:00,28,28,True,19.75,0.48819676183413674,23.0,0.5685329378321592
p107:S3:2,107,2026-08-26:NY,4,S3,2026-08-26,NY,2026-08-26:NY,2026-08-26T09:35:45.341000-05:00,9,balance,balance,short,not-recorded,reject,fade,short,B,Rally into 29209.25 Supply·1h while 15m EMA50 and 29228.50 PDC remain overhead; after the touch a 5m close below 29209.25 rejects the zone,29209.25,confirm.ref_price,"[""p107:L3""]","[""Supply·1h""]",SUPPLY,C,False,[],False,[],[],False,,,,,,,40.455,,observed,[1787754960000],2026-08-26T09:35:45.341000-05:00,2026-08-26T10:04:46.278000-05:00,28,28,True,15.25,0.37696205660610554,12.0,0.2966258806080831
p107:S4:3,107,2026-08-26:NY,4,S4,2026-08-26,NY,2026-08-26:NY,2026-08-26T09:35:45.341000-05:00,9,balance,balance,short,not-recorded,hold,fade,long,B,First touch of 29095.50 PDL holds and prints a 5m close back above 29095.50,29095.5,confirm.ref_price,"[""p107:L2""]","[""PDL""]",PDL,A,False,[],False,[],[],False,,,,,,,40.455,,not observed (complete window),[],2026-08-26T09:35:45.341000-05:00,2026-08-26T10:04:46.278000-05:00,28,28,True,98.5,2.434804103324682,101.75,2.5151402793227042
p108:S1:0,108,2026-08-26:NY,5,S1,2026-08-26,NY,2026-08-26:NY,2026-08-26T10:04:46.278000-05:00,10,balance,balance,long,not-recorded,hold,follow,long,B,Two 5m closes above 29228.50 after the 10:00 sweep confirm PDC is reclaimed; enter long on the next higher low.,29228.5,confirm.ref_price,"[""p108:L0""]","[""PDC""]",PDC,B,False,[],False,[],[],False,,,,,,,37.0601,,not observed (complete window),[],2026-08-26T10:04:46.278000-05:00,2026-08-26T10:09:28.395000-05:00,4,4,True,23.75,0.6408509421183429,30.75,0.8297333250584861
p108:S2:1,108,2026-08-26:NY,5,S2,2026-08-26,NY,2026-08-26:NY,2026-08-26T10:04:46.278000-05:00,10,balance,balance,long,not-recorded,breakout_retest,follow,long,C,"Break and 1x5m close above 29310.00 ONH, then hold the retest from above 29310.00.",29310,confirm.ref_price,"[""p108:L4""]","[""ONH""]",ONH,C,False,[],False,[],[],False,,,,,,,37.0601,,not observed (complete window),[],2026-08-26T10:04:46.278000-05:00,2026-08-26T10:09:28.395000-05:00,4,4,True,57.75,1.5582796592561812,50.75,1.369397276316038
p108:S3:2,108,2026-08-26:NY,5,S3,2026-08-26,NY,2026-08-26:NY,2026-08-26T10:04:46.278000-05:00,10,balance,balance,long,not-recorded,reject,fade,short,A,First-touch rejection at 29416.00 RTH-H with a 1x5m close back below 29416.00.,29416,confirm.ref_price,"[""p108:L5""]","[""RTH-H""]",RTH-H,A,False,[],False,[],[],False,,,,,,,37.0601,,not observed (complete window),[],2026-08-26T10:04:46.278000-05:00,2026-08-26T10:09:28.395000-05:00,4,4,True,163.75,4.418498600921207,156.75,4.2296162179810635
p108:S4:3,108,2026-08-26:NY,5,S4,2026-08-26,NY,2026-08-26:NY,2026-08-26T10:04:46.278000-05:00,10,balance,balance,long,not-recorded,reject,fade,short,C,Stall/rejection at the 29539.38 Supply·1h and 29553.12 nPOC cluster with a 1x5m close back below 29539.38.,29539.38,confirm.ref_price,"[""p108:L6""]","[""Supply·1h""]",SUPPLY,C,False,[],False,[],[],False,,,,,,,37.0601,,not observed (complete window),[],2026-08-26T10:04:46.278000-05:00,2026-08-26T10:09:28.395000-05:00,4,4,True,287.130000000001,7.747685516229072,280.130000000001,7.5588031332889285
p109:S1:0,109,2026-08-26:NY,6,S1,2026-08-26,NY,2026-08-26:NY,2026-08-26T10:09:28.395000-05:00,10,balance,balance,neutral,not-recorded,reject,fade,long,B,probe of 29095.50 PDL that rejects — wick under and 15m close back above 29095.50,29095.5,confirm.ref_price,"[""p109:L7""]","[""PDL""]",PDL,A,False,[],False,[],[],False,,,,,,,36.0992,,not observed (complete window),[],2026-08-26T10:09:28.395000-05:00,2026-08-26T10:44:42.971000-05:00,34,34,True,,,175.25,4.8546782200159555
p109:S2:1,109,2026-08-26:NY,6,S2,2026-08-26,NY,2026-08-26:NY,2026-08-26T10:09:28.395000-05:00,10,balance,balance,neutral,not-recorded,reject,fade,short,B,first touch of 29416.00 RTH-H that rejects — 15m close back below 29416.00,29416,confirm.ref_price,"[""p109:L1""]","[""RTH-H""]",RTH-H,A,False,[],False,[],[],False,,,,,,,36.0992,,not observed (complete window),[],2026-08-26T10:09:28.395000-05:00,2026-08-26T10:44:42.971000-05:00,34,34,True,,,145.25,4.023634872794965
p109:S3:2,109,2026-08-26:NY,6,S3,2026-08-26,NY,2026-08-26:NY,2026-08-26T10:09:28.395000-05:00,10,balance,balance,neutral,not-recorded,breakout_retest,follow,short,C,"15m close below 29228.50 PDC, then a failed retest of the underside at 29228.50",29228.5,confirm.ref_price,"[""p109:L4""]","[""PDC""]",PDC,B,False,[],False,[],[],False,,,,,,,36.0992,,observed,[1787757420000],2026-08-26T10:09:28.395000-05:00,2026-08-26T10:44:42.971000-05:00,34,34,True,,,42.25,1.1703860473362289
p110:S1:0,110,2026-08-26:NY,7,S1,2026-08-26,NY,2026-08-26:NY,2026-08-26T10:44:42.971000-05:00,10,balance,balance,long,not-recorded,reject,fade,long,B,Dip into PDC 29228.50 stalls and price rejects lower prices: 1x5m close back above 29228.50,29228.5,confirm.ref_price,"[""p110:L4""]","[""PDC""]",PDC,B,False,[],False,[],[],False,,,,,,,34.3156,,observed,[1787759760000],2026-08-26T10:44:42.971000-05:00,2026-08-26T11:15:53.757000-05:00,30,30,True,39.0,1.136509342689622,56.5,1.6464814836400936
p110:S2:1,110,2026-08-26:NY,7,S2,2026-08-26,NY,2026-08-26:NY,2026-08-26T10:44:42.971000-05:00,10,balance,balance,long,not-recorded,reject,fade,short,B,Rally into RTH-H 29416.00 stalls and rejects (PDH 29420.00 is the ruler): 2x5m close below 29416.00,29416,confirm.ref_price,"[""p110:L2""]","[""RTH-H""]",RTH-H,A,False,[],False,[],[],False,,,,,,,34.3156,,not observed (complete window),[],2026-08-26T10:44:42.971000-05:00,2026-08-26T11:15:53.757000-05:00,30,30,True,148.5,4.327477881779715,131.0,3.8175057408292434
p110:S3:2,110,2026-08-26:NY,7,S3,2026-08-26,NY,2026-08-26:NY,2026-08-26T10:44:42.971000-05:00,10,balance,balance,long,not-recorded,breakout_retest,follow,short,B,"1x5m close below 29212.50 breaks the 1h bull OB, then a retest of 29212.50 rejects with 1x5m close back below 29212.50",29212.5,confirm.ref_price,"[""p110:L5""]","[""OB(bull)·1h""]",OB,C,False,[],False,[],[],False,,,,,,,34.3156,,observed,[1787760000000],2026-08-26T10:44:42.971000-05:00,2026-08-26T11:15:53.757000-05:00,30,30,True,55.0,1.602769585844339,72.5,2.1127417267948103
p110:S4:3,110,2026-08-26:NY,7,S4,2026-08-26,NY,2026-08-26:NY,2026-08-26T10:44:42.971000-05:00,10,balance,balance,long,not-recorded,sweep_reclaim,fade,long,C,Sweep through OR-H 29281.00 (wick beyond) then 1x5m close back above 29281.00 confirms the reclaim,29281,confirm.ref_price,"[""p110:L0""]","[""OR-H""]",OR-H,C,False,[],False,[],[],False,,,,,,,34.3156,,observed,[1787759100000],2026-08-26T10:44:42.971000-05:00,2026-08-26T11:15:53.757000-05:00,30,30,True,13.5,0.39340708016179227,4.0,0.11656506078867919
p111:S0:0,111,2026-08-26:NY,8,S0,2026-08-26,NY,2026-08-26:NY,2026-08-26T11:15:53.757000-05:00,11,no-trade,no-trade,neutral,not-recorded,hold,stand-aside,long,B,none,,unresolved,[],[],unresolved,unresolved,False,[],False,[],[],False,,,,,,,,,unknown,[],2026-08-26T11:15:53.757000-05:00,2026-08-26T14:45:00-05:00,209,209,True,,,,
p112:S1:0,112,2026-08-26:ASIA,1,S1,2026-08-26,ASIA,2026-08-26:ASIA,2026-08-26T17:06:12.677000-05:00,17,trend,trend,long,not-recorded,breakout_retest,follow,long,A,"Break above 29546.75 and hold; the first retest must hold a 1x5m close above 29546.75, no wick-only reclaim.",29546.75,confirm.ref_price,"[""p112:L0""]","[""ONH""]",ONH,A,False,[],False,[],[],False,,,,,,,41.5226,,not observed (complete window),[],2026-08-26T17:06:12.677000-05:00,2026-08-26T18:01:15.076000-05:00,54,54,True,,,16.5,0.39737396020480414
p112:S2:1,112,2026-08-26:ASIA,1,S2,2026-08-26,ASIA,2026-08-26:ASIA,2026-08-26T17:06:12.677000-05:00,17,trend,trend,long,not-recorded,hold,fade,long,B,"Pullback to 29541.12 Demand·1h that holds; a 1x5m close above 29541.12 plus a 5m higher low required, no freefall buy.",29541.12,confirm.ref_price,"[""p112:L4""]","[""Demand·1h""]",DEMAND,C,False,[],False,[],[],False,,,,,,,41.5226,,not observed (complete window),[],2026-08-26T17:06:12.677000-05:00,2026-08-26T18:01:15.076000-05:00,54,54,True,,,22.13000000000102,0.5329627720807709
p112:S3:2,112,2026-08-26:ASIA,1,S3,2026-08-26,ASIA,2026-08-26:ASIA,2026-08-26T17:06:12.677000-05:00,17,trend,trend,long,not-recorded,breakout_retest,follow,long,B,Break above 29553.12 nPOC; first retest holds a 1x5m close above 29553.12 and 5m displacement prints.,29553.12,confirm.ref_price,"[""p112:L1""]","[""nPOC·wk·2026-08-18""]",NPOC,A,False,[],False,[],[],False,,,,,,,41.5226,,observed,[1787782020000],2026-08-26T17:06:12.677000-05:00,2026-08-26T18:01:15.076000-05:00,54,54,True,,,10.130000000001019,0.24396352829545884
p113:S0:0,113,2026-08-26:ASIA,2,S0,2026-08-26,ASIA,2026-08-26:ASIA,2026-08-26T18:01:15.076000-05:00,18,no-trade,no-trade,neutral,not-recorded,hold,stand-aside,long,B,none,,unresolved,[],[],unresolved,unresolved,False,[],False,[],[],False,,,,,,,32.0049,,unknown,[],2026-08-26T18:01:15.076000-05:00,2026-08-26T19:02:08.802000-05:00,60,60,True,,,,
p114:S1:0,114,2026-08-26:ASIA,3,S1,2026-08-26,ASIA,2026-08-26:ASIA,2026-08-26T19:02:08.802000-05:00,19,balance,balance,short,not-recorded,sweep_reclaim,fade,short,A,"Sweep of ONH 29628.75 into 29631.12 iFVG(bear)·4h, then 1x5m close back below 29628.75",29628.75,confirm.ref_price,"[""p114:L2""]","[""ONH""]",ONH,A,False,[],False,[],[],False,,,,,,,23.1862,,observed,[1787789220000],2026-08-26T19:02:08.802000-05:00,2026-08-26T19:52:59.078000-05:00,49,49,True,,,5.75,0.24799234027136832
p114:S2:1,114,2026-08-26:ASIA,3,S2,2026-08-26,ASIA,2026-08-26:ASIA,2026-08-26T19:02:08.802000-05:00,19,balance,balance,short,not-recorded,acceptance,follow,short,B,Displacement through 29611.00 OB(bull)·1h with 2x5m close below; 29608.86 VWAP+1σ acceptance,29611,confirm.ref_price,"[""p114:L0""]","[""OB(bull)·1h""]",OB,C,False,[],False,[],[],False,,,,,,,23.1862,,observed,[1787789160000],2026-08-26T19:02:08.802000-05:00,2026-08-26T19:52:59.078000-05:00,49,49,True,,,23.5,1.0135339124134184
p114:S3:2,114,2026-08-26:ASIA,3,S3,2026-08-26,ASIA,2026-08-26:ASIA,2026-08-26T19:02:08.802000-05:00,19,balance,balance,short,not-recorded,reject,fade,short,B,Rejection at 29638.00 Demand·1h after a bounce; 1x5m close back below 29638.00,29638,confirm.ref_price,"[""p114:L3""]","[""Demand·1h (HTF)""]",DEMAND,A,False,[],False,[],[],False,,,,,,,23.1862,,not observed (complete window),[],2026-08-26T19:02:08.802000-05:00,2026-08-26T19:52:59.078000-05:00,49,49,True,,,3.5,0.1509518592956155
p115:S1:0,115,2026-08-26:ASIA,4,S1,2026-08-26,ASIA,2026-08-26:ASIA,2026-08-26T19:52:59.078000-05:00,19,trend-down,trend,short,not-recorded,reject,fade,short,B,Recovery stalls under the 15m MSS-down body at 29479.00 and price rejects 29502.88 OB(bear)·1h (HTF): short on the first 5m close below 29502.88.,29502.88,confirm.ref_price,"[""p115:L4""]","[""OB(bear)·1h""]",OB,C,False,[],False,[],[],False,,,,,,,29.0011,,not observed (complete window),[],2026-08-26T19:52:59.078000-05:00,2026-08-26T20:13:56.798000-05:00,20,20,True,33.13000000000102,1.1423704618101043,46.13000000000102,1.5906293209568263
p115:S2:1,115,2026-08-26:ASIA,4,S2,2026-08-26,ASIA,2026-08-26:ASIA,2026-08-26T19:52:59.078000-05:00,19,trend-down,trend,short,not-recorded,breakout_retest,follow,short,A,Sweep of 29464.00 ONL followed by 5m close below 29464.00; short the first failed retest of 29464.00 ONL.,29464,confirm.ref_price,"[""p115:L0""]","[""ONL""]",ONL,A,False,[],False,[],[],False,,,,,,,29.0011,,observed,[1787792520000],2026-08-26T19:52:59.078000-05:00,2026-08-26T20:13:56.798000-05:00,20,20,True,5.75,0.1982683415456655,7.25,0.2499905176010565
p115:S3:2,115,2026-08-26:ASIA,4,S3,2026-08-26,ASIA,2026-08-26:ASIA,2026-08-26T19:52:59.078000-05:00,19,trend-down,trend,short,not-recorded,sweep_reclaim,fade,short,C,Rally wicks above 29525.12 OB(bull)·4h (HTF) and 5m closes back below 29525.12; short the failed reclaim.,29525.12,confirm.ref_price,"[""p115:L6""]","[""OB(bull)·4h (HTF)""]",OB,A,False,[],False,[],[],False,,,,,,,29.0011,,not observed (complete window),[],2026-08-26T19:52:59.078000-05:00,2026-08-26T20:13:56.798000-05:00,20,20,True,55.36999999999898,1.9092379254579648,68.36999999999898,2.357496784604687
p116:S1:0,116,2026-08-26:ASIA,5,S1,2026-08-26,ASIA,2026-08-26:ASIA,2026-08-26T20:13:56.798000-05:00,20,trend,trend,short,not-recorded,sweep_reclaim,fade,short,A,Sweep of 29485.00 EQL·15m: 15m wick above 29485.00 then 15m close back below 29485.00,29485,confirm.ref_price,"[""p116:L4""]","[""EQL·15m""]",EQL,A,False,[],False,[],[],False,,,,,,,28.251,,observed,[1787793660000],2026-08-26T20:13:56.798000-05:00,2026-08-26T20:45:50.225000-05:00,31,31,True,5.75,0.20353261831439595,12.0,0.4247637251778698
p116:S2:1,116,2026-08-26:ASIA,5,S2,2026-08-26,ASIA,2026-08-26:ASIA,2026-08-26T20:13:56.798000-05:00,20,trend,trend,short,not-recorded,reject,fade,short,B,"First touch of 29502.88 OB(bear)·1h confluence with 29491.71 VWAP−1σ, then 1x5m close back below 29491.71",29491.71,confirm.ref_price,"[""p116:L5""]","[""VWAP−1σ""]",VWAP,A,False,[],False,[],[],False,,,,,,,28.251,,observed,[1787793660000],2026-08-26T20:13:56.798000-05:00,2026-08-26T20:45:50.225000-05:00,31,31,True,12.459999999999127,0.44104633464299053,18.709999999999127,0.6622774415064644
p116:S3:2,116,2026-08-26:ASIA,5,S3,2026-08-26,ASIA,2026-08-26:ASIA,2026-08-26T20:13:56.798000-05:00,20,trend,trend,short,not-recorded,breakout_retest,follow,short,B,"15m close below 29470.25 EQH·15m with 29465.12 Supply·1h confluence, then 1x5m close retest below 29470.25",29470.25,confirm.ref_price,"[""p116:L0""]","[""EQH·15m""]",EQH,A,False,[],False,[],[],False,,,,,,,28.251,,observed,[1787793480000],2026-08-26T20:13:56.798000-05:00,2026-08-26T20:45:50.225000-05:00,31,31,True,9.0,0.3185727938834023,2.75,0.0973416870199285
p117:S1:0,117,2026-08-26:ASIA,6,S1,2026-08-26,ASIA,2026-08-26:ASIA,2026-08-26T20:45:50.225000-05:00,20,trend,trend,short,not-recorded,reject,fade,short,A,Asia probe into the 29502.88 OB(bear)·1h / re-test of consumed 29504.25 EQL·1h toward 29518.25 shows absorption and a 15m candle closes back below 29502.88,29502.88,confirm.ref_price,"[""p117:L4""]","[""OB(bear)·1h""]",OB,C,False,[],False,[],[],False,,,,,,,26.6754,,observed,[1787795160000],2026-08-26T20:45:50.225000-05:00,2026-08-26T21:09:04.089000-05:00,23,23,True,,,10.130000000001019,0.37975063166816686
p117:S2:1,117,2026-08-26:ASIA,6,S2,2026-08-26,ASIA,2026-08-26:ASIA,2026-08-26T20:45:50.225000-05:00,20,trend,trend,short,not-recorded,sweep_reclaim,fade,short,B,"Sweep of buy-side liquidity: wick above 29518.25 toward 29530.75, then a 15m candle closes back below 29518.25 — reclaim close required, never the wick alone",29518.25,confirm.ref_price,"[""p117:L3""]","[""EQL·4h (HTF)""]",EQL,A,False,[],False,[],[],False,,,,,,,26.6754,,observed,[1787795280000],2026-08-26T20:45:50.225000-05:00,2026-08-26T21:09:04.089000-05:00,23,23,True,,,25.5,0.9559369306552105
p117:S3:2,117,2026-08-26:ASIA,6,S3,2026-08-26,ASIA,2026-08-26:ASIA,2026-08-26T20:45:50.225000-05:00,20,trend,trend,short,not-recorded,breakout_retest,follow,short,B,5m displacement through 29491.00 eVWAP followed by a retest that rejects — two 5m candles close below 29491.00,29491,confirm.ref_price,"[""p117:L5""]","[""eVWAP""]",EVWAP,A,False,[],False,[],[],False,,,,,,,26.6754,,not observed (complete window),[],2026-08-26T20:45:50.225000-05:00,2026-08-26T21:09:04.089000-05:00,23,23,True,,,1.75,0.06560351484888699
p118:S1:0,118,2026-08-26:ASIA,7,S1,2026-08-26,ASIA,2026-08-26:ASIA,2026-08-26T21:09:04.089000-05:00,21,balance,balance,short,not-recorded,sweep_reclaim,fade,short,B,Sweep of 29546.75 EQH·4h already printed at 29552.75; the first 5m close back below 29546.75 confirms the sweep-reclaim and triggers short.,29546.75,confirm.ref_price,"[""p118:L4""]","[""EQH·4h (HTF)""]",EQH,A,False,[],False,[],[],False,,,,,,,27.5485,,observed,[1787797860000],2026-08-26T21:09:04.089000-05:00,2026-08-26T22:06:22.298000-05:00,56,56,True,6.0,0.2177977022342414,17.5,0.6352432981832041
p118:S2:1,118,2026-08-26:ASIA,7,S2,2026-08-26,ASIA,2026-08-26:ASIA,2026-08-26T21:09:04.089000-05:00,21,balance,balance,short,not-recorded,reject,fade,short,C,Re-test of the consumed 29581.25–29590.75 EQL·15m/EQH·15m cluster rejects; the first 5m close back below 29581.25 triggers the short fade.,29581.25,confirm.ref_price,"[""p118:L3""]","[""EQL·15m (HTF)""]",EQL,A,False,[],False,[],[],False,,,,,,,27.5485,,not observed (complete window),[],2026-08-26T21:09:04.089000-05:00,2026-08-26T22:06:22.298000-05:00,56,56,True,28.5,1.0345390856126468,52.0,1.8875800860300924
p118:S3:2,118,2026-08-26:ASIA,7,S3,2026-08-26,ASIA,2026-08-26:ASIA,2026-08-26T21:09:04.089000-05:00,21,balance,balance,short,not-recorded,acceptance,follow,short,C,Displacement through 29539.38 OB(bear)·1h followed by two consecutive 5m closes below 29539.38 confirms acceptance; enter short for the breakdown.,29539.38,confirm.ref_price,"[""p118:L5""]","[""OB(bear)·1h""]",OB,C,False,[],False,[],[],False,,,,,,,27.5485,,observed,[1787796600000],2026-08-26T21:09:04.089000-05:00,2026-08-26T22:06:22.298000-05:00,56,56,True,13.369999999998981,0.485325879811931,10.130000000001019,0.3677151206055146
p119:S1:0,119,2026-08-26:ASIA,8,S1,2026-08-26,ASIA,2026-08-26:ASIA,2026-08-26T22:06:22.298000-05:00,22,trend,trend,short,not-recorded,sweep_reclaim,fade,short,B,"The 21:55 5m sweep-up toward the 15m LH 29554.25: short only after a 15m close back below 29554.25 (decision-TF reclaim close, never the wick alone), entry on the retest of VWAP 29541.66.",29554.25,confirm.ref_price,[],[],unresolved,unresolved,False,[],False,[],[],False,,,,,,,20.8927,,observed,[1787800740000],2026-08-26T22:06:22.298000-05:00,2026-08-26T22:50:13.447000-05:00,43,43,True,4.25,0.20342033341789237,2.25,0.10769311769182537
p119:S2:1,119,2026-08-26:ASIA,8,S2,2026-08-26,ASIA,2026-08-26:ASIA,2026-08-26T22:06:22.298000-05:00,22,trend,trend,short,not-recorded,sweep_reclaim,fade,short,A,Sweep of the 29591.75 EQH·15m then displacement back through the 29588.25 pocket; short once a 15m close back below 29591.75 prints (reclaim close).,29591.75,confirm.ref_price,"[""p119:L6""]","[""EQH·15m (HTF)""]",EQH,A,False,[],False,[],[],False,,,,,,,20.8927,,not observed (complete window),[],2026-08-26T22:06:22.298000-05:00,2026-08-26T22:50:13.447000-05:00,43,43,True,41.75,1.9983056282816485,39.75,1.9025784125555816
p119:S3:2,119,2026-08-26:ASIA,8,S3,2026-08-26,ASIA,2026-08-26:ASIA,2026-08-26T22:06:22.298000-05:00,22,trend,trend,short,not-recorded,reject,fade,short,B,First touch of 29577.25 EQL·4h that fails cleanly — two consecutive 5m closes back below 29577.25 (failed breakout); no bare fade into the level.,29577.25,confirm.ref_price,"[""p119:L4""]","[""EQL·4h (HTF)""]",EQL,A,False,[],False,[],[],False,,,,,,,20.8927,,not observed (complete window),[],2026-08-26T22:06:22.298000-05:00,2026-08-26T22:50:13.447000-05:00,43,43,True,27.25,1.3042833142676629,25.25,1.2085560985415957
p119:S4:3,119,2026-08-26:ASIA,8,S4,2026-08-26,ASIA,2026-08-26:ASIA,2026-08-26T22:06:22.298000-05:00,22,trend,trend,short,not-recorded,acceptance,follow,short,B,5m body displacement ≥15 pts below VWAP 29541.66 followed by a pullback that holds below 29541.66 — acceptance short.,29541.66,confirm.ref_price,"[""p119:L3""]","[""VWAP""]",VWAP,A,False,[],False,[],[],False,,,,,,,20.8927,,observed,[1787800020000],2026-08-26T22:06:22.298000-05:00,2026-08-26T22:50:13.447000-05:00,43,43,True,8.340000000000146,0.3991824895777063,10.340000000000146,0.4949097053037733
p120:S1:0,120,2026-08-26:ASIA,9,S1,2026-08-26,ASIA,2026-08-26:ASIA,2026-08-26T22:50:13.447000-05:00,22,premium-fade,premium-fade,short,not-recorded,reject,fade,short,B,Price extends to VWAP+1σ 29597.25 and loses it — first-touch rejection after upper extension.,29597.25,confirm.ref_price,"[""p120:L2""]","[""VWAP+1σ""]",VWAP,A,False,[],False,[],[],False,,,,,,,20.3087,,not observed (complete window),[],2026-08-26T22:50:13.447000-05:00,2026-08-26T23:10:36.095000-05:00,19,19,True,44.25,2.1788691545987677,58.25,2.8682288871271915
p120:S2:1,120,2026-08-26:ASIA,9,S2,2026-08-26,ASIA,2026-08-26:ASIA,2026-08-26T22:50:13.447000-05:00,22,premium-fade,premium-fade,short,not-recorded,sweep_reclaim,fade,short,B,"Price sweeps above 29591.75 EQH·15m into 29597.25 but a 5m close returns below 29591.75 — sweep of resting stops, no acceptance.",29591.75,confirm.ref_price,"[""p120:L1""]","[""EQH·15m (HTF)""]",EQH,A,False,[],False,[],[],False,,,,,,,20.3087,,not observed (complete window),[],2026-08-26T22:50:13.447000-05:00,2026-08-26T23:10:36.095000-05:00,19,19,True,38.75,1.908049259676887,52.75,2.597408992205311
p120:S3:2,120,2026-08-26:ASIA,9,S3,2026-08-26,ASIA,2026-08-26:ASIA,2026-08-26T22:50:13.447000-05:00,22,premium-fade,premium-fade,short,not-recorded,breakout_retest,follow,short,C,"Sweep of 29539.75 EQH·1h, downside displacement, then failed retest from below holding under 29539.75.",29539.75,confirm.ref_price,"[""p120:L4""]","[""EQH·1h (HTF)""]",EQH,A,False,[],False,[],[],False,,,,,,,20.3087,,observed,[1787802660000],2026-08-26T22:50:13.447000-05:00,2026-08-26T23:10:36.095000-05:00,19,19,True,13.25,0.6524297468572582,0.75,0.03692998567116556
p121:S1:0,121,2026-08-26:ASIA,10,S1,2026-08-26,ASIA,2026-08-26:ASIA,2026-08-26T23:10:36.095000-05:00,23,trend,trend,neutral,not-recorded,reject,fade,short,C,Tag 29539.38 Supply·1h; first test stalls and a 5m candle closes back below 29539.38 without displacing through 29577.25.,29539.38,confirm.ref_price,"[""p121:L1""]","[""Supply·1h""]",SUPPLY,C,False,[],False,[],[],False,,,,,,,17.4921,,observed,[1787804160000],2026-08-26T23:10:36.095000-05:00,2026-08-27T02:00:00-05:00,169,169,True,,,3.1300000000010186,0.17893792054704802
p121:S2:1,121,2026-08-26:ASIA,10,S2,2026-08-26,ASIA,2026-08-26:ASIA,2026-08-26T23:10:36.095000-05:00,23,trend,trend,neutral,not-recorded,sweep_reclaim,fade,short,A,"Sweep of 29591.75 EQH·15m (HTF), optionally 29596.05 VWAP+1σ, then a 5m close back below 29577.25 EQL·4h (HTF).",29577.25,confirm.ref_price,"[""p121:L2""]","[""EQL·4h (HTF)""]",EQL,A,False,[],False,[],[],False,,,,,,,17.4921,,not observed (complete window),[],2026-08-26T23:10:36.095000-05:00,2026-08-27T02:00:00-05:00,169,169,True,,,41.0,2.343915253171432
p121:S3:2,121,2026-08-26:ASIA,10,S3,2026-08-26,ASIA,2026-08-26:ASIA,2026-08-26T23:10:36.095000-05:00,23,trend,trend,neutral,not-recorded,breakout_retest,follow,short,B,5m close below 29533.50 EQL followed by a retest of 29533.50 that fails from below.,29533.5,confirm.ref_price,"[""p121:L0""]","[""EQL""]",EQL,A,False,[],False,[],[],False,,,,,,,17.4921,,observed,[1787803860000],2026-08-26T23:10:36.095000-05:00,2026-08-27T02:00:00-05:00,169,169,True,,,2.75,0.15721382795662042
p122:S1:0,122,2026-08-27:LONDON,1,S1,2026-08-27,LONDON,2026-08-27:LONDON,2026-08-27T02:01:51.690000-05:00,2,balance,balance,short,not-recorded,sweep_reclaim,fade,short,B,Sweep above 29502.88 then a 1x5m close back below 29502.88.,29502.88,confirm.ref_price,"[""p122:L6""]","[""OB(bear)·1h""]",OB,C,False,[],False,[],[],False,,,,,,,17.7656,,observed,[1787814180000],2026-08-27T02:01:51.690000-05:00,2026-08-27T02:21:46.431000-05:00,19,19,True,,,17.38000000000102,0.9782951321655907
p122:S2:1,122,2026-08-27:LONDON,1,S2,2026-08-27,LONDON,2026-08-27:LONDON,2026-08-27T02:01:51.690000-05:00,2,balance,balance,short,not-recorded,reject,fade,short,B,Rejection at 29495.92 eVWAP / 29499.75 PDC; a 1x5m close below 29495.92.,29495.92,confirm.ref_price,"[""p122:L4""]","[""eVWAP""]",EVWAP,A,False,[],False,[],[],False,,,,,,,17.7656,,observed,[1787814120000],2026-08-27T02:01:51.690000-05:00,2026-08-27T02:21:46.431000-05:00,19,19,True,,,10.419999999998254,0.5865267708379258
p122:S3:2,122,2026-08-27:LONDON,1,S3,2026-08-27,LONDON,2026-08-27:LONDON,2026-08-27T02:01:51.690000-05:00,2,balance,balance,short,not-recorded,breakout_retest,follow,short,B,"Break and 1x5m close below 29466.65, then a failed retest of 29466.65.",29466.65,confirm.ref_price,"[""p122:L3""]","[""VWAP−1σ""]",VWAP,A,False,[],False,[],[],False,,,,,,,17.7656,,not observed (complete window),[],2026-08-27T02:01:51.690000-05:00,2026-08-27T02:21:46.431000-05:00,19,19,True,,,18.849999999998545,1.0610393119285892
p123:S1:0,123,2026-08-27:LONDON,2,S1,2026-08-27,LONDON,2026-08-27:LONDON,2026-08-27T02:21:46.431000-05:00,2,balance,balance,long,not-recorded,sweep_reclaim,fade,short,B,Sweep above 29539.38 Supply·1h / 29543.75 EQH·15m with a 1x5m close back below 29539.38 (not the wick alone).,29539.38,confirm.ref_price,"[""p123:L0""]","[""Supply·1h""]",SUPPLY,C,False,[],False,[],[],False,,,,,,,19.075,,observed,[1787815320000],2026-08-27T02:21:46.431000-05:00,2026-08-27T03:07:37.947000-05:00,45,45,True,,,1.1300000000010186,0.05923984272613466
p123:S2:1,123,2026-08-27:LONDON,2,S2,2026-08-27,LONDON,2026-08-27:LONDON,2026-08-27T02:21:46.431000-05:00,2,balance,balance,long,not-recorded,sweep_reclaim,fade,long,B,"Dip below 29524.77 VWAP with a 1x5m close back above 29524.77, preferably after 29532.00 OB(bull)·1h has been retested.",29524.77,confirm.ref_price,"[""p123:L4""]","[""VWAP""]",VWAP,A,False,[],False,[],[],False,,,,,,,19.075,,observed,[1787815380000],2026-08-27T02:21:46.431000-05:00,2026-08-27T03:07:37.947000-05:00,45,45,True,,,13.479999999999563,0.706684141546504
p123:S3:2,123,2026-08-27:LONDON,2,S3,2026-08-27,LONDON,2026-08-27:LONDON,2026-08-27T02:21:46.431000-05:00,2,balance,balance,long,not-recorded,breakout_retest,follow,long,B,"Break 29543.75 EQH·15m with a 1x5m close above, then hold a retest with a 1x5m close above 29543.75.",29543.75,confirm.ref_price,"[""p123:L1""]","[""EQH·15m (HTF)""]",EQH,A,False,[],False,[],[],False,,,,,,,19.075,,observed,[1787815740000],2026-08-27T02:21:46.431000-05:00,2026-08-27T03:07:37.947000-05:00,45,45,True,,,5.5,0.2883355176933159
p123:S4:3,123,2026-08-27:LONDON,2,S4,2026-08-27,LONDON,2026-08-27:LONDON,2026-08-27T02:21:46.431000-05:00,2,balance,balance,long,not-recorded,sweep_reclaim,fade,short,B,Rally prints above 29577.25 EQL·4h with a 1x5m close back below 29577.25.,29577.25,confirm.ref_price,"[""p123:L2""]","[""EQL·4h (HTF)""]",EQL,A,False,[],False,[],[],False,,,,,,,19.075,,observed,[1787817900000],2026-08-27T02:21:46.431000-05:00,2026-08-27T03:07:37.947000-05:00,45,45,True,,,39.0,2.0445609436435124
p124:S1:0,124,2026-08-27:LONDON,3,S1,2026-08-27,LONDON,2026-08-27:LONDON,2026-08-27T03:07:37.947000-05:00,3,balance,balance,long,not-recorded,sweep_reclaim,fade,long,A,"Sweep below 29468.08 VWAP−1σ, then a 15m close back above 29468.08.",29468.08,confirm.ref_price,"[""p124:L5""]","[""VWAP−1σ""]",VWAP,A,False,[],False,[],[],False,,,,,,,19.4295,,not observed (complete window),[],2026-08-27T03:07:37.947000-05:00,2026-08-27T03:22:52.769000-05:00,14,14,True,35.919999999998254,1.8487351707454258,115.66999999999825,5.953318407576019
p124:S2:1,124,2026-08-27:LONDON,3,S2,2026-08-27,LONDON,2026-08-27:LONDON,2026-08-27T03:07:37.947000-05:00,3,balance,balance,long,not-recorded,sweep_reclaim,fade,short,B,"Sweep above 29532.00 OB(bull)·1h toward 29539.38 Supply·1h, then a 15m close back below 29532.00.",29532,confirm.ref_price,"[""p124:L1""]","[""OB(bull)·1h""]",OB,C,False,[],False,[],[],False,,,,,,,19.4295,,not observed (complete window),[],2026-08-27T03:07:37.947000-05:00,2026-08-27T03:22:52.769000-05:00,14,14,True,28.0,1.4411075941223397,51.75,2.663475642708253
p124:S3:2,124,2026-08-27:LONDON,3,S3,2026-08-27,LONDON,2026-08-27:LONDON,2026-08-27T03:07:37.947000-05:00,3,balance,balance,long,not-recorded,breakout_retest,follow,long,B,"Two 5m closes above 29521.50 EQH, then a retest holds above 29521.50.",29521.5,confirm.ref_price,"[""p124:L3""]","[""EQH""]",EQH,A,False,[],False,[],[],False,,,,,,,19.4295,,not observed (complete window),[],2026-08-27T03:07:37.947000-05:00,2026-08-27T03:22:52.769000-05:00,14,14,True,17.5,0.9006922463264623,62.25,3.20389099050413
p124:S4:3,124,2026-08-27:LONDON,3,S4,2026-08-27,LONDON,2026-08-27:LONDON,2026-08-27T03:07:37.947000-05:00,3,balance,balance,long,not-recorded,breakout_retest,follow,short,C,Two 5m closes below 29468.08 VWAP−1σ; a retest back to 29468.08 fails with a 2x5m close below.,29468.08,confirm.ref_price,"[""p124:L5""]","[""VWAP−1σ""]",VWAP,A,False,[],False,[],[],False,,,,,,,19.4295,,not observed (complete window),[],2026-08-27T03:07:37.947000-05:00,2026-08-27T03:22:52.769000-05:00,14,14,True,35.919999999998254,1.8487351707454258,115.66999999999825,5.953318407576019
p125:S1:0,125,2026-08-27:LONDON,4,S1,2026-08-27,LONDON,2026-08-27:LONDON,2026-08-27T03:22:52.769000-05:00,3,trend,trend,long,not-recorded,breakout_retest,follow,long,B,Price clears 29625.00 EQL·1h and then a 1x5m close holds above 29625.00 on the retest; do not buy the first poke.,29625,confirm.ref_price,"[""p125:L3""]","[""EQL·1h (HTF)""]",EQL,A,False,[],False,[],[],False,,,,,,,21.648,,observed,[1787819100000],2026-08-27T03:22:52.769000-05:00,2026-08-27T03:52:32.204000-05:00,29,29,True,,,17.5,0.8083887657058388
p125:S2:1,125,2026-08-27:LONDON,4,S2,2026-08-27,LONDON,2026-08-27:LONDON,2026-08-27T03:22:52.769000-05:00,3,trend,trend,long,not-recorded,breakout_retest,follow,long,B,"On a break of 29655.75 PDH, a 15m close above 29655.75 is required; then enter on a pullback that holds above 29655.75.",29655.75,confirm.ref_price,"[""p125:L5""]","[""PDH""]",PDH,A,False,[],False,[],[],False,,,,,,,21.648,,observed,[1787819340000],2026-08-27T03:22:52.769000-05:00,2026-08-27T03:52:32.204000-05:00,29,29,True,,,48.25,2.2288433111603845
p125:S3:2,125,2026-08-27:LONDON,4,S3,2026-08-27,LONDON,2026-08-27:LONDON,2026-08-27T03:22:52.769000-05:00,3,trend,trend,long,not-recorded,sweep_reclaim,fade,short,A,A wick through 29655.75 PDH that reverses and posts a 1x5m close back below 29655.75 is the only short; a wick alone is not enough.,29655.75,confirm.ref_price,"[""p125:L5""]","[""PDH""]",PDH,A,False,[],False,[],[],False,,,,,,,21.648,,observed,[1787819340000],2026-08-27T03:22:52.769000-05:00,2026-08-27T03:52:32.204000-05:00,29,29,True,,,48.25,2.2288433111603845
p126:S1:0,126,2026-08-27:LONDON,5,S1,2026-08-27,LONDON,2026-08-27:LONDON,2026-08-27T03:52:32.204000-05:00,3,balance,balance,short,not-recorded,sweep_reclaim,fade,short,A,Sweep of ONH 29659.75 then 15m close back below 29659.75 (confirmed sweep-reclaim only; never a wick-only fade).,29659.75,confirm.ref_price,"[""p126:L2""]","[""ONH""]",ONH,A,False,[],False,[],[],False,,,,,,,23.2628,,not observed (complete window),[],2026-08-27T03:52:32.204000-05:00,2026-08-27T04:29:53.998000-05:00,36,36,True,27.75,1.192891655346734,3.25,0.13970803170727514
p126:S2:1,126,2026-08-27:LONDON,5,S2,2026-08-27,LONDON,2026-08-27:LONDON,2026-08-27T03:52:32.204000-05:00,3,balance,balance,short,not-recorded,acceptance,follow,short,C,Displacement through invalidated 29619.50 Supply·1h followed by 15m close below 29619.50 (acceptance only with displacement; no slow drift).,29619.5,confirm.ref_price,"[""p126:L4""]","[""Supply·1h""]",SUPPLY,C,False,[],False,[],[],False,,,,,,,23.2628,,observed,[1787821200000],2026-08-27T03:52:32.204000-05:00,2026-08-27T04:29:53.998000-05:00,36,36,True,12.5,0.5373385834895198,37.0,1.5905222071289786
p126:S3:2,126,2026-08-27:LONDON,5,S3,2026-08-27,LONDON,2026-08-27:LONDON,2026-08-27T03:52:32.204000-05:00,3,balance,balance,short,not-recorded,reject,fade,short,C,"Retest of 29591.45 VWAP+1σ from below forms a lower high, then 15m close below 29591.45 confirms continuation short.",29591.45,confirm.ref_price,"[""p126:L5""]","[""VWAP+1σ""]",VWAP,A,False,[],False,[],[564],False,,,,,,,23.2628,,observed,[1787821440000],2026-08-27T03:52:32.204000-05:00,2026-08-27T04:29:53.998000-05:00,36,36,True,40.54999999999927,1.7431263648399709,65.04999999999927,2.79630998847943
p127:S1:0,127,2026-08-27:LONDON,6,S1,2026-08-27,LONDON,2026-08-27:LONDON,2026-08-27T04:29:53.998000-05:00,4,trend,trend,neutral,not-recorded,reject,fade,short,B,"Price rallies to 29597.25 VWAP+1σ, stalls against the 1h EMA200, and a 5m candle closes back below 29597.25, showing rejection.",29597.25,confirm.ref_price,"[""p127:L3""]","[""VWAP+1σ""]",VWAP,A,False,[],False,[],[565],False,,,,,,,26.1438,,observed,[1787823000000],2026-08-27T04:29:53.998000-05:00,2026-08-27T08:06:27.164000-05:00,216,216,True,26.0,0.9944996519251219,1.5,0.05737497991875703
p127:S2:1,127,2026-08-27:LONDON,6,S2,2026-08-27,LONDON,2026-08-27:LONDON,2026-08-27T04:29:53.998000-05:00,4,trend,trend,neutral,not-recorded,sweep_reclaim,fade,short,A,"Price sweeps above 29661.25 ONH, then a 5m close prints back below 29661.25, confirming a false breakout over PDH.",29661.25,confirm.ref_price,"[""p127:L0""]","[""ONH""]",ONH,A,False,[],False,[],[],False,,,,,,,26.1438,,not observed (complete window),[],2026-08-27T04:29:53.998000-05:00,2026-08-27T08:06:27.164000-05:00,216,216,True,90.0,3.442498795125422,65.5,2.505374123119057
p127:S3:2,127,2026-08-27:LONDON,6,S3,2026-08-27,LONDON,2026-08-27:LONDON,2026-08-27T04:29:53.998000-05:00,4,trend,trend,neutral,not-recorded,breakout_retest,follow,short,B,"A 5m displacement closes below 29541.12 Demand·1h and 29536.17 VWAP, then price retests 29541.12 and holds below it.",29541.12,confirm.ref_price,"[""p127:L4""]","[""Demand·1h""]",DEMAND,C,False,[],False,[],[],False,,,,,,,26.1438,,observed,[1787831160000],2026-08-27T04:29:53.998000-05:00,2026-08-27T08:06:27.164000-05:00,216,216,True,30.13000000000102,1.1524720966348052,54.63000000000102,2.08959676864117
p128:S1:0,128,2026-08-27:LONDON,7,S1,2026-08-27,LONDON,2026-08-27:LONDON,2026-08-27T08:06:27.164000-05:00,8,trend-down,trend,short,not-recorded,reject,fade,short,B,"price rallies into 29539.38 Supply·1h and a 5m candle closes back below 29539.38, rejecting at the 29532.00 OB(bull)·1h confluence",29539.38,confirm.ref_price,"[""p128:L6""]","[""Supply·1h""]",SUPPLY,C,False,[],False,[],[],False,,,,,,,20.7626,,observed,[1787836920000],2026-08-27T08:06:27.164000-05:00,2026-08-27T08:30:00-05:00,23,23,True,,,9.119999999998981,0.4392513461704691
p128:S2:1,128,2026-08-27:LONDON,7,S2,2026-08-27,LONDON,2026-08-27:LONDON,2026-08-27T08:06:27.164000-05:00,8,trend-down,trend,short,not-recorded,acceptance,follow,short,B,displacement below 29486.95 VWAP−1σ with a 5m close below 29486.95,29486.95,confirm.ref_price,"[""p128:L3""]","[""VWAP−1σ""]",VWAP,A,False,[],False,[],[],False,,,,,,,20.7626,,not observed (complete window),[],2026-08-27T08:06:27.164000-05:00,2026-08-27T08:30:00-05:00,23,23,True,,,61.54999999999927,2.9644649514029684
p129:S0:0,129,2026-08-27:NY,1,S0,2026-08-27,NY,2026-08-27:NY,2026-08-27T08:47:04.776000-05:00,8,no-trade,no-trade,neutral,not-recorded,hold,stand-aside,long,B,none,,unresolved,[],[],unresolved,unresolved,False,[],False,[],[],False,,,,,,,22.2289,,unknown,[],2026-08-27T08:47:04.776000-05:00,2026-08-27T10:00:52.653000-05:00,72,72,True,,,,
p130:S0:0,130,2026-08-27:NY,2,S0,2026-08-27,NY,2026-08-27:NY,2026-08-27T10:00:52.653000-05:00,10,no-trade,no-trade,neutral,not-recorded,hold,stand-aside,long,B,none,,unresolved,[],[],unresolved,unresolved,False,[],False,[],[],False,,,,,,,50.314,,unknown,[],2026-08-27T10:00:52.653000-05:00,2026-08-27T11:31:06.084000-05:00,90,90,True,,,,
p131:S1:0,131,2026-08-27:NY,3,S1,2026-08-27,NY,2026-08-27:NY,2026-08-27T11:31:06.084000-05:00,11,premium_rejection,premium_rejection,short,not-recorded,sweep_reclaim,fade,short,A,Price sweeps above 29589.50 OR-H and fails to hold; two consecutive 5m closes print back below 29589.50.,29589.5,confirm.ref_price,"[""p131:L3""]","[""OR-H""]",OR-H,A,False,[],False,[],[],False,,,,,,,36.537,,observed,[1787853660000],2026-08-27T11:31:06.084000-05:00,2026-08-27T13:50:22.541000-05:00,138,138,True,,,14.5,0.3968579795823412
p131:S2:1,131,2026-08-27:NY,3,S2,2026-08-27,NY,2026-08-27:NY,2026-08-27T11:31:06.084000-05:00,11,premium_rejection,premium_rejection,short,not-recorded,reject,fade,short,C,Price rotates into 29597.96 VWAP+1σ and stalls; a 5m close prints back below 29597.96.,29597.96,confirm.ref_price,"[""p131:L2""]","[""VWAP+1σ""]",VWAP,A,False,[],False,[],[],False,,,,,,,36.537,,observed,[1787853660000],2026-08-27T11:31:06.084000-05:00,2026-08-27T13:50:22.541000-05:00,138,138,True,,,6.040000000000873,0.16531187563294394
p131:S3:2,131,2026-08-27:NY,3,S3,2026-08-27,NY,2026-08-27:NY,2026-08-27T11:31:06.084000-05:00,11,premium_rejection,premium_rejection,short,not-recorded,acceptance,follow,short,C,"After a failed probe of 29589.50 or 29597.96, price displaces through 29547.39 VWAP and prints two consecutive 5m closes below it.",29547.39,confirm.ref_price,"[""p131:L4""]","[""VWAP""]",VWAP,A,False,[],False,[],[],False,,,,,,,36.537,,observed,[1787855220000],2026-08-27T11:31:06.084000-05:00,2026-08-27T13:50:22.541000-05:00,138,138,True,,,56.61000000000058,1.5493882913211425
p132:S1:0,132,2026-08-27:NY,4,S1,2026-08-27,NY,2026-08-27:NY,2026-08-27T13:50:22.541000-05:00,13,balance,balance,short,not-recorded,reject,fade,short,A,Rally stalls and rejects at VWAP+1σ 29611.41,29611.41,confirm.ref_price,"[""p132:L3""]","[""VWAP+1σ""]",VWAP,A,True,[],False,[],[],True,29611.41,29638,29557.15,26.590000000000146,2.0406167732229448,2.0406167732229448,26.7139,0.995361965119288,not observed (complete window),[],2026-08-27T13:50:22.541000-05:00,2026-08-27T14:04:28.355000-05:00,13,13,True,,,58.909999999999854,2.205219005835908
p132:S2:1,132,2026-08-27:NY,4,S2,2026-08-27,NY,2026-08-27:NY,2026-08-27T13:50:22.541000-05:00,13,balance,balance,short,not-recorded,sweep_reclaim,fade,short,B,Re-test of ONH 29661.25 sweeps the high and prints a 5m close back below 29661.25,29661.25,confirm.ref_price,"[""p132:L0""]","[""ONH""]",ONH,A,False,[],False,[],[],False,,,,,,,26.7139,,not observed (complete window),[],2026-08-27T13:50:22.541000-05:00,2026-08-27T14:04:28.355000-05:00,13,13,True,,,108.75,4.070914392881608
p132:S3:2,132,2026-08-27:NY,4,S3,2026-08-27,NY,2026-08-27:NY,2026-08-27T13:50:22.541000-05:00,13,balance,balance,short,not-recorded,reject,fade,short,B,Price accepts below VWAP then rallies back and rejects VWAP 29557.15,29557.15,confirm.ref_price,"[""p132:L4""]","[""VWAP""]",VWAP,A,False,[],False,[],[],False,,,,,,,26.7139,,observed,[1787856660000],2026-08-27T13:50:22.541000-05:00,2026-08-27T14:04:28.355000-05:00,13,13,True,,,4.650000000001455,0.17406668438533704
p133:S1:0,133,2026-08-27:NY,5,S1,2026-08-27,NY,2026-08-27:NY,2026-08-27T14:04:28.355000-05:00,14,balance,balance,long,not-recorded,sweep_reclaim,fade,long,A,"sweep below 29548.74 eVWAP toward 29541.12 Demand·1h, then 2x5m close back above 29548.74",29548.74,confirm.ref_price,"[""p133:L4""]","[""eVWAP""]",EVWAP,A,False,[],False,[],[],False,,,,,,,26.2431,,not observed (complete window),[],2026-08-27T14:04:28.355000-05:00,2026-08-27T14:45:00-05:00,40,40,True,15.2599999999984,0.5814861811294549,28.7599999999984,1.0959071146319757
p133:S2:1,133,2026-08-27:NY,5,S2,2026-08-27,NY,2026-08-27:NY,2026-08-27T14:04:28.355000-05:00,14,balance,balance,long,not-recorded,breakout_retest,follow,long,B,"15m close above 29575.25 Demand·4h (HTF), then retest holds with 2x5m close above 29575.25",29575.25,confirm.ref_price,"[""p133:L3""]","[""Demand·4h (HTF)""]",DEMAND,A,False,[],False,[],[],False,,,,,,,26.2431,,observed,[1787857560000],2026-08-27T14:04:28.355000-05:00,2026-08-27T14:45:00-05:00,40,40,True,11.25,0.4286841112521006,2.25,0.08573682225042012
p133:S3:2,133,2026-08-27:NY,5,S3,2026-08-27,NY,2026-08-27:NY,2026-08-27T14:04:28.355000-05:00,14,balance,balance,long,not-recorded,reject,fade,short,B,"stall at 29611.04 VWAP+1σ / 29619.50 Supply·1h, then 2x5m close below 29611.04",29611.04,confirm.ref_price,"[""p133:L1""]","[""VWAP+1σ""]",VWAP,A,False,[],False,[],[],False,,,,,,,26.2431,,observed,[1787858460000],2026-08-27T14:04:28.355000-05:00,2026-08-27T14:45:00-05:00,40,40,True,47.04000000000087,1.7924711638488164,33.54000000000087,1.2780502303462957
p133:S4:3,133,2026-08-27:NY,5,S4,2026-08-27,NY,2026-08-27:NY,2026-08-27T14:04:28.355000-05:00,14,balance,balance,long,not-recorded,sweep_reclaim,fade,long,B,"sweep below 29526.00 EQL·15m (HTF), then 2x5m close back above 29526.00",29526,confirm.ref_price,"[""p133:L6""]","[""EQL·15m (HTF)""]",EQL,A,False,[],False,[],[],False,,,,,,,26.2431,,not observed (complete window),[],2026-08-27T14:04:28.355000-05:00,2026-08-27T14:45:00-05:00,40,40,True,38.0,1.447999664673762,51.5,1.9624205981762826
p134:S0:0,134,2026-08-27:ASIA,1,S0,2026-08-27,ASIA,2026-08-27:ASIA,2026-08-27T17:25:10.296000-05:00,17,no-trade,no-trade,neutral,not-recorded,hold,stand-aside,long,B,none,,unresolved,[],[],unresolved,unresolved,False,[],False,[],[],False,,,,,,,20.5444,,unknown,[],2026-08-27T17:25:10.296000-05:00,2026-08-27T17:42:49.493000-05:00,16,16,True,,,,
p135:S1:0,135,2026-08-27:ASIA,2,S1,2026-08-27,ASIA,2026-08-27:ASIA,2026-08-27T17:42:49.493000-05:00,17,trend,trend,neutral,not-recorded,sweep_reclaim,fade,short,A,"A fresh sweep of the 29645.25 ONH / 29655.75 PDH cluster, then a 5m close back below 29645.25 fires the reclaim short.",29645.25,confirm.ref_price,"[""p135:L8""]","[""ONH""]",ONH,A,False,[],False,[],[],False,,,,,,,17.6585,,not observed (complete window),[],2026-08-27T17:42:49.493000-05:00,2026-08-27T18:04:19.566000-05:00,21,21,True,,,9.5,0.5379845400232183
p135:S2:1,135,2026-08-27:ASIA,2,S2,2026-08-27,ASIA,2026-08-27:ASIA,2026-08-27T17:42:49.493000-05:00,17,trend,trend,neutral,not-recorded,breakout_retest,follow,long,B,"A 5m close above 29655.75 PDH, then a pullback that holds 29655.75 on a 1x5m close above.",29655.75,confirm.ref_price,"[""p135:L9""]","[""PDH""]",PDH,A,False,[],False,[],[],False,,,,,,,17.6585,,not observed (complete window),[],2026-08-27T17:42:49.493000-05:00,2026-08-27T18:04:19.566000-05:00,21,21,True,,,20.0,1.132599031627828
p135:S3:2,135,2026-08-27:ASIA,2,S3,2026-08-27,ASIA,2026-08-27:ASIA,2026-08-27T17:42:49.493000-05:00,17,trend,trend,neutral,not-recorded,reject,fade,short,B,"Price loses 29633.26 VWAP+1σ, then a retest of 29633.26 rejects with a 1x5m close below.",29633.26,confirm.ref_price,"[""p135:L1""]","[""VWAP+1σ""]",VWAP,A,False,[],False,[],[],False,,,,,,,17.6585,,observed,[1787870580000],2026-08-27T17:42:49.493000-05:00,2026-08-27T18:04:19.566000-05:00,21,21,True,,,2.4900000000016007,0.14100857943775522
p136:S1:0,136,2026-08-27:ASIA,3,S1,2026-08-27,ASIA,2026-08-27:ASIA,2026-08-27T18:04:19.566000-05:00,18,trend,trend,long,not-recorded,breakout_retest,follow,long,A,"5m close above 29645.25 ONH, then retrace holds 29638.00 Demand·1h; 2x5m close above 29645.25 activates the breakout",29645.25,confirm.ref_price,"[""p136:L2""]","[""ONH""]",ONH,A,False,[],False,[],[],False,,,,,,,17.1892,,not observed (complete window),[],2026-08-27T18:04:19.566000-05:00,2026-08-27T18:26:09.990000-05:00,21,21,True,,,17.0,0.988993088683592
p136:S2:1,136,2026-08-27:ASIA,3,S2,2026-08-27,ASIA,2026-08-27:ASIA,2026-08-27T18:04:19.566000-05:00,18,trend,trend,long,not-recorded,reclaim,follow,long,B,pullback to 29625.28 VWAP holds; 1x5m close above 29625.28 triggers the long,29625.28,confirm.ref_price,"[""p136:L4""]","[""VWAP""]",VWAP,A,False,[],False,[],[],False,,,,,,,17.1892,,observed,[1787871900000],2026-08-27T18:04:19.566000-05:00,2026-08-27T18:26:09.990000-05:00,21,21,True,,,2.970000000001164,0.17278291019949527
p136:S3:2,136,2026-08-27:ASIA,3,S3,2026-08-27,ASIA,2026-08-27:ASIA,2026-08-27T18:04:19.566000-05:00,18,trend,trend,long,not-recorded,sweep_reclaim,fade,long,B,"sweep of 29599.75 ONL, then 2x5m close above 29599.75",29599.75,confirm.ref_price,"[""p136:L6""]","[""ONL""]",ONL,A,False,[],False,[],[],False,,,,,,,17.1892,,not observed (complete window),[],2026-08-27T18:04:19.566000-05:00,2026-08-27T18:26:09.990000-05:00,21,21,True,,,28.5,1.658017825146022
p136:S4:3,136,2026-08-27:ASIA,3,S4,2026-08-27,ASIA,2026-08-27:ASIA,2026-08-27T18:04:19.566000-05:00,18,trend,trend,long,not-recorded,sweep_reclaim,fade,short,C,"sweep above 29655.75 PDH, then 1x5m close back below 29655.75",29655.75,confirm.ref_price,"[""p136:L3""]","[""PDH""]",PDH,A,False,[],False,[],[],False,,,,,,,17.1892,,not observed (complete window),[],2026-08-27T18:04:19.566000-05:00,2026-08-27T18:26:09.990000-05:00,21,21,True,,,27.5,1.5998417611058107
p137:S1:0,137,2026-08-27:ASIA,4,S1,2026-08-27,ASIA,2026-08-27:ASIA,2026-08-27T18:26:09.990000-05:00,18,balance,balance,neutral,not-recorded,reject,fade,short,B,Rally into 29616.22 VWAP−1σ / 29619.50 Supply·1h and first 5m close back below 29619.50,29619.5,confirm.ref_price,"[""p137:L1""]","[""Supply·1h""]",SUPPLY,C,False,[],False,[],[],False,,,,,,,15.7533,,observed,[1787875260000],2026-08-27T18:26:09.990000-05:00,2026-08-27T19:53:45.515000-05:00,86,86,True,13.5,0.8569633029270058,12.75,0.8093542305421721
p137:S2:1,137,2026-08-27:ASIA,4,S2,2026-08-27,ASIA,2026-08-27:ASIA,2026-08-27T18:26:09.990000-05:00,18,balance,balance,neutral,not-recorded,sweep_reclaim,fade,long,B,Sweep below 29599.75 ONL then 2x5m close back above 29599.75,29599.75,confirm.ref_price,"[""p137:L4""]","[""ONL""]",ONL,A,False,[],False,[],[],False,,,,,,,15.7533,,observed,[1787874300000],2026-08-27T18:26:09.990000-05:00,2026-08-27T19:53:45.515000-05:00,86,86,True,6.25,0.3967422698736138,7.0,0.44435134225844747
p137:S3:2,137,2026-08-27:ASIA,4,S3,2026-08-27,ASIA,2026-08-27:ASIA,2026-08-27T18:26:09.990000-05:00,18,balance,balance,neutral,not-recorded,breakout_retest,follow,short,C,5m close below 29599.75 ONL followed by retest from below 29599.75 that fails,29599.75,confirm.ref_price,"[""p137:L4""]","[""ONL""]",ONL,A,False,[],False,[],[],False,,,,,,,15.7533,,observed,[1787874300000],2026-08-27T18:26:09.990000-05:00,2026-08-27T19:53:45.515000-05:00,86,86,True,6.25,0.3967422698736138,7.0,0.44435134225844747
p137:S4:3,137,2026-08-27:ASIA,4,S4,2026-08-27,ASIA,2026-08-27:ASIA,2026-08-27T18:26:09.990000-05:00,18,balance,balance,neutral,not-recorded,hold,fade,long,B,First touch of 29368.75 RTH-H holds with 2x5m close back above 29368.75,29368.75,confirm.ref_price,"[""p137:L11""]","[""RTH-H""]",RTH-H,A,False,[],False,[],[],False,,,,,,,15.7533,,not observed (complete window),[],2026-08-27T18:26:09.990000-05:00,2026-08-27T19:53:45.515000-05:00,86,86,True,237.25,15.06033656440238,238.0,15.107945636787214
p137:S5:4,137,2026-08-27:ASIA,4,S5,2026-08-27,ASIA,2026-08-27:ASIA,2026-08-27T18:26:09.990000-05:00,18,balance,balance,neutral,not-recorded,sweep_reclaim,fade,short,A,Wick through 29645.25 ONH then 2x5m close back below 29645.25,29645.25,confirm.ref_price,"[""p137:L2""]","[""ONH""]",ONH,A,False,[],False,[],[],False,,,,,,,15.7533,,observed,[1787875980000],2026-08-27T18:26:09.990000-05:00,2026-08-27T19:53:45.515000-05:00,86,86,True,39.25,2.4915414548062946,38.5,2.443932382421461
p138:S1:0,138,2026-08-27:ASIA,5,S1,2026-08-27,ASIA,2026-08-27:ASIA,2026-08-27T19:53:45.515000-05:00,19,balance,balance,short,not-recorded,sweep_reclaim,fade,short,A,"Sweep of ONH 29660.00 fails: price trades through 29660.00, then prints a 5m close back below 29660.00",29660,confirm.ref_price,"[""p138:L1""]","[""ONH""]",ONH,A,False,[],False,[],[],False,,,,,,,17.3493,,observed,[1787879040000],2026-08-27T19:53:45.515000-05:00,2026-08-27T20:22:24.743000-05:00,28,28,True,,,3.5,0.2017372458831192
p138:S2:1,138,2026-08-27:ASIA,5,S2,2026-08-27,ASIA,2026-08-27:ASIA,2026-08-27T19:53:45.515000-05:00,19,balance,balance,short,not-recorded,reject,fade,short,B,First touch of 29678.25 SWG-H·15m stalls and prints a 5m close below 29678.25,29678.25,confirm.ref_price,"[""p138:L0""]","[""SWG-H·15m""]",SWG-H,A,False,[],False,[],[],False,,,,,,,17.3493,,not observed (complete window),[],2026-08-27T19:53:45.515000-05:00,2026-08-27T20:22:24.743000-05:00,28,28,True,,,14.75,0.8501783933645738
p138:S3:2,138,2026-08-27:ASIA,5,S3,2026-08-27,ASIA,2026-08-27:ASIA,2026-08-27T19:53:45.515000-05:00,19,balance,balance,short,not-recorded,sweep_reclaim,fade,long,C,OR-L 29452.50 is swept and price prints a 5m close back above 29452.50,29452.5,confirm.ref_price,"[""p138:L11""]","[""OR-L""]",OR-L,A,False,[],False,[],[],False,,,,,,,17.3493,,not observed (complete window),[],2026-08-27T19:53:45.515000-05:00,2026-08-27T20:22:24.743000-05:00,28,28,True,,,211.0,12.161873966096616
p139:S1:0,139,2026-08-27:ASIA,6,S1,2026-08-27,ASIA,2026-08-27:ASIA,2026-08-27T20:22:24.743000-05:00,20,trend,trend,short,not-recorded,sweep_reclaim,fade,short,B,Price sweeps above ONH 29671.25 and prints a 5m close back below 29671.25,29671.25,confirm.ref_price,"[""p139:L1""]","[""ONH""]",ONH,A,False,[],False,[],[],False,,,,,,,16.439,,observed,[1787880900000],2026-08-27T20:22:24.743000-05:00,2026-08-27T20:54:08.021000-05:00,31,31,True,,,6.5,0.3954011801204453
p139:S2:1,139,2026-08-27:ASIA,6,S2,2026-08-27,ASIA,2026-08-27:ASIA,2026-08-27T20:22:24.743000-05:00,20,trend,trend,short,not-recorded,reject,fade,short,B,"After S1 invalidates, price reaches 29678.25 and prints a 5m close back below 29678.25",29678.25,confirm.ref_price,"[""p139:L2""]","[""SWG-H·15m""]",SWG-H,A,False,[],False,[],[],False,,,,,,,16.439,,not observed (complete window),[],2026-08-27T20:22:24.743000-05:00,2026-08-27T20:54:08.021000-05:00,31,31,True,,,13.5,0.821217835634771
p139:S3:2,139,2026-08-27:ASIA,6,S3,2026-08-27,ASIA,2026-08-27:ASIA,2026-08-27T20:22:24.743000-05:00,20,trend,trend,short,not-recorded,breakout_retest,follow,short,C,"Price prints a 5m close below 29630.84 VWAP, then pulls back to 29630.84 and holds below it",29630.84,confirm.ref_price,"[""p139:L6""]","[""VWAP""]",VWAP,A,False,[],False,[],[],False,,,,,,,16.439,,not observed (complete window),[],2026-08-27T20:22:24.743000-05:00,2026-08-27T20:54:08.021000-05:00,31,31,True,,,33.909999999999854,2.0627775412129603
p140:S1:0,140,2026-08-27:ASIA,7,S1,2026-08-27,ASIA,2026-08-27:ASIA,2026-08-27T20:54:08.021000-05:00,20,balance,balance,short,not-recorded,sweep_reclaim,fade,short,A,Price wicks through ONH 29673.50 and the next 5m bar closes back below 29673.50.,29673.5,confirm.ref_price,"[""p140:L2""]","[""ONH""]",ONH,A,False,[],False,[],[],False,,,,,,,16.6558,,observed,[1787882100000],2026-08-27T20:54:08.021000-05:00,2026-08-27T21:49:38.209000-05:00,54,54,True,,,13.0,0.780508891797452
p140:S2:1,140,2026-08-27:ASIA,7,S2,2026-08-27,ASIA,2026-08-27:ASIA,2026-08-27T20:54:08.021000-05:00,20,balance,balance,short,not-recorded,reject,fade,short,B,Price taps SWG-H·15m 29678.25 and prints a 5m close below 29678.25 without accepting above.,29678.25,confirm.ref_price,"[""p140:L1""]","[""SWG-H·15m""]",SWG-H,A,False,[],False,[],[],False,,,,,,,16.6558,,observed,[1787882100000],2026-08-27T20:54:08.021000-05:00,2026-08-27T21:49:38.209000-05:00,54,54,True,,,17.75,1.0656948330311364
p140:S3:2,140,2026-08-27:ASIA,7,S3,2026-08-27,ASIA,2026-08-27:ASIA,2026-08-27T20:54:08.021000-05:00,20,balance,balance,short,not-recorded,breakout_retest,follow,short,B,"29655.28 VWAP+1σ is lost with a 5m close below it, then price retests 29655.28 and prints another 5m close below 29655.28.",29655.28,confirm.ref_price,"[""p140:L4""]","[""VWAP+1σ""]",VWAP,A,False,[],False,[],[],False,,,,,,,16.6558,,observed,[1787884920000],2026-08-27T20:54:08.021000-05:00,2026-08-27T21:49:38.209000-05:00,54,54,True,,,5.220000000001164,0.3134043396295083
p140:S4:3,140,2026-08-27:ASIA,7,S4,2026-08-27,ASIA,2026-08-27:ASIA,2026-08-27T20:54:08.021000-05:00,20,balance,balance,short,not-recorded,sweep_reclaim,fade,short,B,Price runs stops above 29707.50 and a 5m close back below 29707.50 prints.,29707.5,confirm.ref_price,"[""p140:L0""]","[""SWG-H·15m""]",SWG-H,A,False,[],False,[],[],False,,,,,,,16.6558,,not observed (complete window),[],2026-08-27T20:54:08.021000-05:00,2026-08-27T21:49:38.209000-05:00,54,54,True,,,47.0,2.821839839575403
p141:S1:0,141,2026-08-27:ASIA,8,S1,2026-08-27,ASIA,2026-08-27:ASIA,2026-08-27T21:49:38.209000-05:00,21,trend,trend,short,not-recorded,sweep_reclaim,fade,short,A,"Sweep of ONH 29704.25 into 29707.50 SWG-H·15m, then a 5m candle closes back below 29704.25.",29704.25,confirm.ref_price,"[""p141:L1""]","[""ONH""]",ONH,A,True,[],False,[],[],True,29694.69,29710.5,29673.5,15.81000000000131,1.3402909550915203,1.3402909550915203,15.4041,1.0263501275635258,observed,[1787887740000],2026-08-27T21:49:38.209000-05:00,2026-08-27T23:14:29.118000-05:00,84,84,True,13.5,0.8763900519991431,56.0,3.6353957712557046
p141:S2:1,141,2026-08-27:ASIA,8,S2,2026-08-27,ASIA,2026-08-27:ASIA,2026-08-27T21:49:38.209000-05:00,21,trend,trend,short,not-recorded,reject,fade,short,B,First touch of 29694.69 VWAP+2σ; a 5m candle close below 29694.69 rejects the level.,29694.69,confirm.ref_price,"[""p141:L0""]","[""VWAP+2σ""]",VWAP,A,True,[],False,[],[],True,29694.69,29704.25,29673.5,9.56000000000131,2.216527196652279,2.216527196652279,15.4041,0.6206139923787375,observed,[1787886720000],2026-08-27T21:49:38.209000-05:00,2026-08-27T23:14:29.118000-05:00,84,84,True,3.9399999999986903,0.2557760596204056,46.43999999999869,3.014781778876967
p141:S3:2,141,2026-08-27:ASIA,8,S3,2026-08-27,ASIA,2026-08-27:ASIA,2026-08-27T21:49:38.209000-05:00,21,trend,trend,short,not-recorded,hold,follow,short,B,Two consecutive 5m closes below 29673.50 SWG-H·5m accept the break.,29673.5,confirm.ref_price,"[""p141:L4""]","[""SWG-H·5m""]",SWG-H,A,False,[],False,[],[],False,,,,,,,15.4041,,observed,[1787886180000],2026-08-27T21:49:38.209000-05:00,2026-08-27T23:14:29.118000-05:00,84,84,True,17.25,1.1198317331100163,25.25,1.6391739861465455
p142:S1:0,142,2026-08-27:ASIA,9,S1,2026-08-27,ASIA,2026-08-27:ASIA,2026-08-27T23:14:29.118000-05:00,23,balance,balance,short,not-recorded,reject,fade,short,B,Price rallies into 29677.86 VWAP+1σ and stalls/rejects; short the extension back toward eVWAP.,29677.86,confirm.ref_price,"[""p142:L1""]","[""VWAP+1σ""]",VWAP,A,True,[],False,[],[],True,29676,29692,29643.5,16,2.03125,1.4393749999999272,16.2697,0.983423173137796,not observed (complete window),[],2026-08-27T23:14:29.118000-05:00,2026-08-28T00:00:39.924000-05:00,45,45,True,25.110000000000582,1.5433597423431644,13.360000000000582,0.8211583495700955
p142:S2:1,142,2026-08-27:ASIA,9,S2,2026-08-27,ASIA,2026-08-27:ASIA,2026-08-27T23:14:29.118000-05:00,23,balance,balance,short,not-recorded,sweep_reclaim,fade,short,A,A sweep through 29707.25 ONH is followed by a 15m close back below 29707.25; short the failed breakout.,29707.25,confirm.ref_price,"[""p142:L2""]","[""ONH""]",ONH,A,True,[],False,[],[],True,29700,29722,29645,22,2.5,1.00636363636361,16.2697,1.3522068630644695,not observed (complete window),[],2026-08-27T23:14:29.118000-05:00,2026-08-28T00:00:39.924000-05:00,45,45,True,54.5,3.3497851835006176,42.75,2.6275837907275488
p142:S3:2,142,2026-08-27:ASIA,9,S3,2026-08-27,ASIA,2026-08-27:ASIA,2026-08-27T23:14:29.118000-05:00,23,balance,balance,short,not-recorded,breakout_retest,follow,short,B,"Break of 29639.50 SWG-L·5m with a 5m close below, then a retest of 29639.50 from below that holds.",29639.5,confirm.ref_price,"[""p142:L5""]","[""SWG-L·5m""]",SWG-L,A,True,[],False,[],[],True,29638,29650,29615,12,1.9166666666666667,1.2100000000000364,16.2697,0.737567379853347,observed,[1787892060000],2026-08-27T23:14:29.118000-05:00,2026-08-28T00:00:39.924000-05:00,45,45,True,13.25,0.8143973152547374,25.0,1.5365987080278063
p142:S4:3,142,2026-08-27:ASIA,9,S4,2026-08-27,ASIA,2026-08-27:ASIA,2026-08-27T23:14:29.118000-05:00,23,balance,balance,short,not-recorded,sweep_reclaim,fade,long,C,"A sweep of 29576.50 POC that closes back above on 2x5m; price is below the 29584.3 midpoint, the only allowed long zone.",29576.5,confirm.ref_price,"[""p142:L9""]","[""POC""]",POC,A,False,[],False,[],[],False,,,,,,,16.2697,,not observed (complete window),[],2026-08-27T23:14:29.118000-05:00,2026-08-28T00:00:39.924000-05:00,45,45,True,76.25,4.6866260594848095,88.0,5.408827452257878
p143:S1:0,143,2026-08-27:ASIA,10,S1,2026-08-27,ASIA,2026-08-27:ASIA,2026-08-28T00:00:39.924000-05:00,0,balance,balance,short,not-recorded,sweep_reclaim,fade,short,B,"Sweep of 29669.50 SWG-H·5m, then a 5m close back below 29669.50",29669.5,confirm.ref_price,"[""p143:L0""]","[""SWG-H·5m""]",SWG-H,A,True,[],False,[],[],True,29667,29681,29625,14,3.0,3.024999999999896,13.7299,1.019672393826612,not observed (complete window),[],2026-08-28T00:00:39.924000-05:00,2026-08-28T00:44:43.231000-05:00,43,43,True,24.25,1.7662182535925242,27.5,2.0029279164451306
p143:S2:1,143,2026-08-27:ASIA,10,S2,2026-08-27,ASIA,2026-08-27:ASIA,2026-08-28T00:00:39.924000-05:00,0,balance,balance,short,not-recorded,reject,fade,short,B,First touch of 29676.98 VWAP+1σ rejects and a 5m close prints below 29676.98,29676.98,confirm.ref_price,"[""p143:L1""]","[""VWAP+1σ""]",VWAP,A,True,[],False,[],[],True,29671,29683,29625,12,3.8333333333333335,3.8624999999998786,13.7299,0.8740049089942388,not observed (complete window),[],2026-08-28T00:00:39.924000-05:00,2026-08-28T00:44:43.231000-05:00,43,43,True,31.729999999999563,2.311014646865568,34.97999999999956,2.5477243097181743
p143:S3:2,143,2026-08-27:ASIA,10,S3,2026-08-27,ASIA,2026-08-27:ASIA,2026-08-28T00:00:39.924000-05:00,0,balance,balance,short,not-recorded,breakout_retest,follow,short,B,"2x5m close below 29624.65 VWAP−1σ, then a failed retest from below",29624.65,confirm.ref_price,"[""p143:L4""]","[""VWAP−1σ""]",VWAP,A,True,[],False,[],[],True,29621,29634,29592,13,2.230769230769231,2.269230769230769,13.7299,0.9468386514104253,observed,[1787893800000],2026-08-28T00:00:39.924000-05:00,2026-08-28T00:44:43.231000-05:00,43,43,True,20.599999999998545,1.5003750937733373,17.349999999998545,1.263665430920731
p143:S4:3,143,2026-08-27:ASIA,10,S4,2026-08-27,ASIA,2026-08-27:ASIA,2026-08-28T00:00:39.924000-05:00,0,balance,balance,short,not-recorded,hold,ambiguous,long,C,"Sweep of ONL 29591.50, then a 1x5m close holds above 29581.88 nPOC·2026-08-26",29581.88,confirm.ref_price,"[""p143:L7""]","[""nPOC·2026-08-26""]",NPOC,A,False,[],False,[],[],False,,,,,,,13.7299,,not observed (complete window),[],2026-08-28T00:00:39.924000-05:00,2026-08-28T00:44:43.231000-05:00,43,43,True,63.36999999999898,4.615474256913669,60.11999999999898,4.378764594061062
p144:S1:0,144,2026-08-27:ASIA,11,S1,2026-08-27,ASIA,2026-08-27:ASIA,2026-08-28T00:44:43.231000-05:00,0,balance,balance,short,not-recorded,sweep_reclaim,fade,short,B,"Price sweeps 29642.00 PDC and then posts a 5m close back below 29642.00; entry on that close, not the wick. 29649.68 VWAP is the fail line for the sweep.",29642,confirm.ref_price,"[""p144:L1""]","[""PDC""]",PDC,A,False,[],False,[],[],False,,,,,,,12.1844,,not observed (complete window),[],2026-08-28T00:44:43.231000-05:00,2026-08-28T01:02:44.772000-05:00,17,17,True,21.0,1.7235153146646531,31.25,2.5647549325366863
p144:S2:1,144,2026-08-27:ASIA,11,S2,2026-08-27,ASIA,2026-08-27:ASIA,2026-08-28T00:44:43.231000-05:00,0,balance,balance,short,not-recorded,reject,fade,short,B,"Price retests 29623.66 VWAP−1σ with 29619.50 OB(bear)·1h just below as confluence, then closes back below 29623.66 on 5m; short the failed retest.",29623.66,confirm.ref_price,"[""p144:L0""]","[""VWAP−1σ""]",VWAP,A,True,[],False,[],[],True,29622.5,29631,29591,8.5,3.7058823529411766,3.6470588235294117,12.1844,0.6976133416499787,not observed (complete window),[],2026-08-28T00:44:43.231000-05:00,2026-08-28T01:02:44.772000-05:00,17,17,True,2.6599999999998545,0.2183119398575108,12.909999999999854,1.0595515577295438
p144:S3:2,144,2026-08-27:ASIA,11,S3,2026-08-27,ASIA,2026-08-27:ASIA,2026-08-28T00:44:43.231000-05:00,0,balance,balance,short,not-recorded,breakout_retest,follow,short,B,"A 5m close below 29591.50 ONL, followed by a pullback that fails at 29591.50 and posts a 5m close back below 29591.50, triggers continuation short.",29591.5,confirm.ref_price,"[""p144:L6""]","[""ONL""]",ONL,A,True,[],False,[],[],True,29590,29602.5,29570,12.5,1.6,1.08,12.1844,1.0259019730146746,not observed (complete window),[],2026-08-28T00:44:43.231000-05:00,2026-08-28T01:02:44.772000-05:00,17,17,True,29.5,2.421128656314632,19.25,1.5798890384425988
p144:S4:3,144,2026-08-27:ASIA,11,S4,2026-08-27,ASIA,2026-08-27:ASIA,2026-08-28T00:44:43.231000-05:00,0,balance,balance,short,not-recorded,sweep_reclaim,fade,long,C,"Price sweeps below 29424.00 RTH-L and 29402.25 PDL, then a 15m close back above 29424.00 prints the reclaim; long the reclaim only.",29424,confirm.ref_price,"[""p144:L10""]","[""RTH-L""]",RTH-L,A,False,[],False,[],[],False,,,,,,,12.1844,,not observed (complete window),[],2026-08-28T00:44:43.231000-05:00,2026-08-28T01:02:44.772000-05:00,17,17,True,197.0,16.16821509471127,186.75,15.326975476839237
p145:S1:0,145,2026-08-27:ASIA,12,S1,2026-08-27,ASIA,2026-08-27:ASIA,2026-08-28T01:02:44.772000-05:00,1,balance,balance,short,not-recorded,reject,fade,short,B,pullback into 29621.01 VWAP−1σ stalls/rejects below it,29621.01,confirm.ref_price,"[""p145:L7""]","[""VWAP−1σ""]",VWAP,A,True,[5],True,[5],[567],True,29621.01,29642,29576.5,20.9900000000016,2.120533587422344,1.4059075750355479,12.5445,1.6732432540158317,observed,[1787898000000],2026-08-28T01:02:44.772000-05:00,2026-08-28T01:43:10.839000-05:00,40,40,True,19.0099999999984,1.5154051576386782,19.7599999999984,1.5751923153572005
p145:S2:1,145,2026-08-27:ASIA,12,S2,2026-08-27,ASIA,2026-08-27:ASIA,2026-08-28T01:02:44.772000-05:00,1,balance,balance,short,not-recorded,breakout_retest,follow,short,A,"1×5m close below 29591.50 ONL, then retest from below fails",29591.5,confirm.ref_price,"[""p145:L0""]","[""ONL""]",ONL,A,True,[],False,[],[],True,29591.5,29621.01,29539.38,29.5099999999984,1.7661809556083297,0.5083022704168354,12.5445,2.352425365697987,not observed (complete window),[],2026-08-28T01:02:44.772000-05:00,2026-08-28T01:43:10.839000-05:00,40,40,True,10.5,0.8370202080593089,9.75,0.7772330503407868
p145:S3:2,145,2026-08-27:ASIA,12,S3,2026-08-27,ASIA,2026-08-27:ASIA,2026-08-28T01:02:44.772000-05:00,1,balance,balance,short,not-recorded,sweep_reclaim,fade,long,B,flush through 29402.25 PDL and a 15m close back above 29402.25,29402.25,confirm.ref_price,"[""p145:L4""]","[""PDL""]",PDL,A,True,[],False,[],[],True,29424,29316.38,29576.5,107.61999999999898,1.4170228582048081,0.0,12.5445,8.579058551556379,not observed (complete window),[],2026-08-28T01:02:44.772000-05:00,2026-08-28T01:43:10.839000-05:00,40,40,True,199.75,15.92331300569971,199.0,15.863525847981188
p146:S1:0,146,2026-08-27:ASIA,13,S1,2026-08-27,ASIA,2026-08-27:ASIA,2026-08-28T01:43:10.839000-05:00,1,balance,balance,short,not-recorded,reject,fade,short,B,First retest of 29618.47 VWAP−1σ stalls; poke above it then 1x5m close below 29618.47 confirms rejection.,29618.47,confirm.ref_price,"[""p146:L5""]","[""VWAP−1σ""]",VWAP,A,True,[],False,[],[],True,29618.47,29624,29611,5.529999999998836,1.3508137432193015,1.3508137432193015,12.9816,0.425987551611422,observed,[1787899440000],2026-08-28T01:43:10.839000-05:00,2026-08-28T02:00:00-05:00,16,16,True,,,13.470000000001164,1.0376224810501913
p146:S2:1,146,2026-08-27:ASIA,13,S2,2026-08-27,ASIA,2026-08-27:ASIA,2026-08-28T01:43:10.839000-05:00,1,balance,balance,short,not-recorded,breakout_retest,follow,short,B,5m displacement breaks 29591.50 ONL; then 1x5m close below 29591.50 on the retest is the entry.,29591.5,confirm.ref_price,"[""p146:L7""]","[""ONL""]",ONL,A,False,[],False,[],[],False,,,,,,,12.9816,,not observed (complete window),[],2026-08-28T01:43:10.839000-05:00,2026-08-28T02:00:00-05:00,16,16,True,,,13.5,1.0399334442595674
p146:S3:2,146,2026-08-27:ASIA,13,S3,2026-08-27,ASIA,2026-08-27:ASIA,2026-08-28T01:43:10.839000-05:00,1,balance,balance,short,not-recorded,reject,fade,short,B,Rally into 29642.00 PDC and 29645.86 VWAP stalls; 1x5m close below 29642.00 after touching 29642.00.,29642,confirm.ref_price,"[""p146:L4""]","[""PDC""]",PDC,A,True,[],False,[],[],True,29642,29647,29618.47,5,4.705999999999767,4.705999999999767,12.9816,0.38516053491095087,observed,[1787900220000],2026-08-28T01:43:10.839000-05:00,2026-08-28T02:00:00-05:00,16,16,True,,,37.0,2.8501879583410363
p146:S4:3,146,2026-08-27:ASIA,13,S4,2026-08-27,ASIA,2026-08-27:ASIA,2026-08-28T01:43:10.839000-05:00,1,balance,balance,short,not-recorded,sweep_reclaim,fade,long,B,"Wick sweeps 29402.25 PDL, then 2x5m closes above 29402.25 confirm the reclaim.",29402.25,confirm.ref_price,"[""p146:L11""]","[""PDL""]",PDL,A,False,[],False,[],[],False,,,,,,,12.9816,,not observed (complete window),[],2026-08-28T01:43:10.839000-05:00,2026-08-28T02:00:00-05:00,16,16,True,,,202.75,15.618259690639059
p146:S5:4,146,2026-08-27:ASIA,13,S5,2026-08-27,ASIA,2026-08-27:ASIA,2026-08-28T01:43:10.839000-05:00,1,balance,balance,short,not-recorded,sweep_reclaim,fade,short,B,Wick sweeps 29707.50 PDH; 15m close back below 29707.50 confirms the trap.,29707.5,confirm.ref_price,"[""p146:L0""]","[""PDH""]",PDH,A,False,[],False,[],[],False,,,,,,,12.9816,,not observed (complete window),[],2026-08-28T01:43:10.839000-05:00,2026-08-28T02:00:00-05:00,16,16,True,,,102.5,7.895790965674493
p147:S1:0,147,2026-08-28:LONDON,1,S1,2026-08-28,LONDON,2026-08-28:LONDON,2026-08-28T02:13:44-05:00,2,balance,balance,short,not-recorded,reject,fade,short,B,Price retests 29642.00 PDC from below and stalls; a 5m close below 29642.00 confirms the fade.,29642,confirm.ref_price,"[""p147:L5""]","[""PDC""]",PDC,A,True,[],False,[],[],True,29640,29650,29619.5,10,2.05,2.05,14.1299,0.7077190921379486,not observed (complete window),[],2026-08-28T02:13:44-05:00,2026-08-28T06:36:41.146000-05:00,262,262,True,16.0,1.1323505474207178,32.25,2.2823940721448843
p147:S2:1,147,2026-08-28:LONDON,1,S2,2026-08-28,LONDON,2026-08-28:LONDON,2026-08-28T02:13:44-05:00,2,balance,balance,short,not-recorded,sweep_reclaim,fade,short,B,"Sweep above 29678.25 RTH-H toward 29707.50 PDH, then a 5m close back below 29678.25 triggers a short reclaim.",29678.25,confirm.ref_price,"[""p147:L7""]","[""RTH-H""]",RTH-H,A,True,[],False,[],[],True,29676,29712.5,29642,36.5,0.9315068493150684,0.9315068493150684,14.1299,2.5831746863035128,not observed (complete window),[],2026-08-28T02:13:44-05:00,2026-08-28T06:36:41.146000-05:00,262,262,True,52.25,3.6978322564207815,68.5,4.847875781144948
p147:S3:2,147,2026-08-28:LONDON,1,S3,2026-08-28,LONDON,2026-08-28:LONDON,2026-08-28T02:13:44-05:00,2,balance,balance,short,not-recorded,breakout_retest,follow,short,B,"A 5m close below 29591.50 ONL, then a retest that fails with a 5m close below 29591.50 opens continuation short.",29591.5,confirm.ref_price,"[""p147:L3""]","[""ONL""]",ONL,A,True,[],False,[],[],True,29589,29598,29576.5,9,1.3888888888888888,1.3888888888888888,14.1299,0.6369471829241538,observed,[1787904060000],2026-08-28T02:13:44-05:00,2026-08-28T06:36:41.146000-05:00,262,262,True,34.5,2.4416308678759227,18.25,1.2915873431517564
p148:S1:0,148,2026-08-28:LONDON,2,S1,2026-08-28,LONDON,2026-08-28:LONDON,2026-08-28T06:36:41.146000-05:00,6,balance,balance,short,not-recorded,sweep_reclaim,fade,short,A,"The 06:30 CT sweep-up through PDC 29642.00 / OB(bear)·1h 29644.38 fails: a 5m close back below 29642.00 prints, then short the retest at 29642.00",29642,confirm.ref_price,[],[],unresolved,unresolved,True,[],False,[],[],True,29642,29658,29606.02,16,2.2487499999999727,1.375,14.9388,1.0710364955685865,observed,[1787919480000],2026-08-28T06:36:41.146000-05:00,2026-08-28T07:26:52.585000-05:00,49,49,True,8.0,0.5355182477842932,25.75,1.7236993600556938
p148:S2:1,148,2026-08-28:LONDON,2,S2,2026-08-28,LONDON,2026-08-28:LONDON,2026-08-28T06:36:41.146000-05:00,6,balance,balance,short,not-recorded,acceptance,follow,short,B,"Displaced sweep of ONL 29577.75: two consecutive 5m closes below 29577.75 — play the break, never fade it",29577.75,confirm.ref_price,"[""p148:L3""]","[""ONL""]",ONL,A,False,[],False,[],[],False,,,,,,,14.9388,,not observed (complete window),[],2026-08-28T06:36:41.146000-05:00,2026-08-28T07:26:52.585000-05:00,49,49,True,56.25,3.765362679733312,38.5,2.577181567461911
p148:S3:2,148,2026-08-28:LONDON,2,S3,2026-08-28,LONDON,2026-08-28:LONDON,2026-08-28T06:36:41.146000-05:00,6,balance,balance,short,not-recorded,sweep_reclaim,fade,long,B,"Sweep of 1h Demand 29541.12: wick below the zone, then a 5m close back above 29541.12 (below the 29554.88 fifty — the only zone where longs are allowed)",29541.12,confirm.ref_price,"[""p148:L2""]","[""Demand·1h""]",DEMAND,C,False,[],False,[],[],False,,,,,,,14.9388,,not observed (complete window),[],2026-08-28T06:36:41.146000-05:00,2026-08-28T07:26:52.585000-05:00,49,49,True,92.88000000000102,6.217366856775713,75.13000000000102,5.0291857445043116
p149:S1:0,149,2026-08-28:LONDON,3,S1,2026-08-28,LONDON,2026-08-28:LONDON,2026-08-28T07:26:52.585000-05:00,7,balance,balance,short,not-recorded,reject,fade,short,B,Price stretches into VWAP+1σ 29662.13 and prints a 1x5m close back below 29662.13.,29662.13,confirm.ref_price,"[""p149:L1""]","[""VWAP+1σ""]",VWAP,A,True,[],False,[],[],True,29662.13,29678.25,29577.75,16.11999999999898,5.234491315136871,5.234491315136871,14.914,1.0808636180769065,observed,[1787920140000],2026-08-28T07:26:52.585000-05:00,2026-08-28T07:35:21.169000-05:00,8,8,True,31.38000000000102,2.104063296231797,4.880000000001019,0.32720933351220455
p149:S2:1,149,2026-08-28:LONDON,3,S2,2026-08-28,LONDON,2026-08-28:LONDON,2026-08-28T07:26:52.585000-05:00,7,balance,balance,short,not-recorded,sweep_reclaim,fade,short,A,Sweep of PDH 29707.50 followed by a 1x5m close back below 29707.50.,29707.5,confirm.ref_price,"[""p149:L3""]","[""PDH""]",PDH,A,True,[],False,[],[],True,29707.5,29722.62,29678.25,15.119999999998981,1.9345238095239399,1.9345238095239399,14.914,1.0138125251440915,not observed (complete window),[],2026-08-28T07:26:52.585000-05:00,2026-08-28T07:35:21.169000-05:00,8,8,True,76.75,5.146171382593536,50.25,3.369317419873944
p149:S3:2,149,2026-08-28:LONDON,3,S3,2026-08-28,LONDON,2026-08-28:LONDON,2026-08-28T07:26:52.585000-05:00,7,balance,balance,short,not-recorded,breakout_retest,follow,short,B,"Liquidity break below ONL 29577.75 with a 1x5m close below 29577.75, then a retest into 29577.75 that rejects.",29577.75,confirm.ref_price,"[""p149:L5""]","[""ONL""]",ONL,A,True,[],False,[],[],True,29577.75,29619.5,29490.88,41.75,2.0807185628742273,0.8773652694611023,14.914,2.799383129945018,not observed (complete window),[],2026-08-28T07:26:52.585000-05:00,2026-08-28T07:35:21.169000-05:00,8,8,True,53.0,3.5537079254391846,79.5,5.330561888158777
p149:S4:3,149,2026-08-28:LONDON,3,S4,2026-08-28,LONDON,2026-08-28:LONDON,2026-08-28T07:26:52.585000-05:00,7,balance,balance,short,not-recorded,sweep_reclaim,fade,long,B,Sweep of PDL 29402.25 followed by a 1x5m close back above 29402.25 in the discount.,29402.25,confirm.ref_price,"[""p149:L9""]","[""PDL""]",PDL,A,True,[],False,[],[],True,29402.25,29370.25,29490.88,32.0,2.769687500000032,2.769687500000032,14.914,2.1456349738500737,not observed (complete window),[],2026-08-28T07:26:52.585000-05:00,2026-08-28T07:35:21.169000-05:00,8,8,True,228.5,15.321174735148183,255.0,17.098028697867775
p150:S1:0,150,2026-08-28:LONDON,4,S1,2026-08-28,LONDON,2026-08-28:LONDON,2026-08-28T07:35:21.169000-05:00,7,balance,balance,short,not-recorded,sweep_reclaim,fade,short,A,5m sweep above 29678.25 RTH-H then 15m close back below 29678.25,29678.25,confirm.ref_price,"[""p150:L1""]","[""RTH-H""]",RTH-H,A,False,[],False,[],[],False,,,,,,,15.3651,,not observed (complete window),[],2026-08-28T07:35:21.169000-05:00,2026-08-28T07:48:28.211000-05:00,12,12,True,16.25,1.0575915548873747,49.25,3.205315943274043
p150:S2:1,150,2026-08-28:LONDON,4,S2,2026-08-28,LONDON,2026-08-28:LONDON,2026-08-28T07:35:21.169000-05:00,7,balance,balance,short,not-recorded,breakout_retest,follow,long,B,"Two 5m closes above 29678.25, then a 5m retest of 29678.25 holds",29678.25,confirm.ref_price,"[""p150:L1""]","[""RTH-H""]",RTH-H,A,True,[],False,[],[],True,29682,29663,29722.62,19,2.1378947368420516,1.3421052631578947,15.3651,1.2365685872529304,not observed (complete window),[],2026-08-28T07:35:21.169000-05:00,2026-08-28T07:48:28.211000-05:00,12,12,True,16.25,1.0575915548873747,49.25,3.205315943274043
p150:S3:2,150,2026-08-28:LONDON,4,S3,2026-08-28,LONDON,2026-08-28:LONDON,2026-08-28T07:35:21.169000-05:00,7,balance,balance,short,not-recorded,sweep_reclaim,fade,short,A,Sweep above 29707.50 PDH then 15m close back below 29707.50,29707.5,confirm.ref_price,"[""p150:L2""]","[""PDH""]",PDH,A,False,[],False,[],[],False,,,,,,,15.3651,,not observed (complete window),[],2026-08-28T07:35:21.169000-05:00,2026-08-28T07:48:28.211000-05:00,12,12,True,45.5,2.961256353684649,78.5,5.108980742071317
p150:S4:3,150,2026-08-28:LONDON,4,S4,2026-08-28,LONDON,2026-08-28:LONDON,2026-08-28T07:35:21.169000-05:00,7,balance,balance,short,not-recorded,breakout_retest,follow,short,B,Two 5m closes below 29577.75 ONL then retest of 29577.75 from below rejects,29577.75,confirm.ref_price,"[""p150:L7""]","[""ONL""]",ONL,A,True,[7],True,[],[],True,29574,29592,29490.88,18,4.617777777777722,4.617777777777722,15.3651,1.171486030029092,not observed (complete window),[],2026-08-28T07:35:21.169000-05:00,2026-08-28T07:48:28.211000-05:00,12,12,True,84.25,5.483205446108388,51.25,3.33548105772172
p151:S1:0,151,2026-08-28:LONDON,5,S1,2026-08-28,LONDON,2026-08-28:LONDON,2026-08-28T07:48:28.211000-05:00,7,trend,trend,short,not-recorded,reject,fade,short,B,Price rallies into 29653.25 SWG-H·15m and stalls; two 5m closes below 29642.00 confirm rejection.,29642,confirm.ref_price,"[""p151:L1""]","[""PDC""]",PDC,B,True,[],False,[],[],True,29640.5,29659.5,29597.25,19.0,2.276315789473684,0.18210526315784878,17.8569,1.0640144705968002,not observed (complete window),[],2026-08-28T07:48:28.211000-05:00,2026-08-28T08:16:22.385000-05:00,27,27,True,,,9.25,0.5180070448958106
p151:S2:1,151,2026-08-28:LONDON,5,S2,2026-08-28,LONDON,2026-08-28:LONDON,2026-08-28T07:48:28.211000-05:00,7,trend,trend,short,not-recorded,sweep_reclaim,fade,short,C,"Price wicks above 29678.25 RTH-H, then two 5m closes back below 29678.25 confirm the sweep_reclaim.",29678.25,confirm.ref_price,"[""p151:L3""]","[""RTH-H""]",RTH-H,A,False,[],False,[],[],False,,,,,,,17.8569,,observed,[1787922060000],2026-08-28T07:48:28.211000-05:00,2026-08-28T08:16:22.385000-05:00,27,27,True,,,27.0,1.5120205634796633
p151:S3:2,151,2026-08-28:LONDON,5,S3,2026-08-28,LONDON,2026-08-28:LONDON,2026-08-28T07:48:28.211000-05:00,7,trend,trend,short,not-recorded,breakout_retest,follow,short,C,Price loses 29623.00 SWG-H·5m on a 5m close and then retests it; two 5m closes below 29623.00 confirm the break.,29623,confirm.ref_price,"[""p151:L7""]","[""SWG-H·5m""]",SWG-H,A,False,[],False,[],[],False,,,,,,,17.8569,,not observed (complete window),[],2026-08-28T07:48:28.211000-05:00,2026-08-28T08:16:22.385000-05:00,27,27,True,,,28.25,1.5820215154926107
p152:S1:0,152,2026-08-28:LONDON,6,S1,2026-08-28,LONDON,2026-08-28:LONDON,2026-08-28T08:16:22.385000-05:00,8,balance,balance,short,not-recorded,sweep_reclaim,fade,short,A,price sweeps 29707.50 PDH and prints a 5m close back below 29707.50,29707.5,confirm.ref_price,"[""p152:L2""]","[""PDH""]",PDH,A,True,[6],True,[6],[568],True,29702,29726.7,29644.38,24.700000000000728,2.3327935222670964,1.5607287449391958,17.2545,1.4315106204179042,not observed (complete window),[],2026-08-28T08:16:22.385000-05:00,2026-08-28T08:30:00-05:00,13,13,True,52.75,3.057173490973369,50.25,2.912283752064679
p152:S2:1,152,2026-08-28:LONDON,6,S2,2026-08-28,LONDON,2026-08-28:LONDON,2026-08-28T08:16:22.385000-05:00,8,balance,balance,short,not-recorded,reject,fade,short,B,price rejects 29663.45 VWAP+1σ and prints a 5m close back below 29663.45,29663.45,confirm.ref_price,"[""p152:L0""]","[""VWAP+1σ""]",VWAP,A,True,[8],True,[8],[],True,29663.45,29684,29620,20.549999999999272,2.1143552311436626,0.927980535279824,17.2545,1.1909936538293937,not observed (complete window),[],2026-08-28T08:16:22.385000-05:00,2026-08-28T08:30:00-05:00,13,13,True,8.700000000000728,0.5042162914022851,6.200000000000728,0.3593265524935946
p152:S3:2,152,2026-08-28:LONDON,6,S3,2026-08-28,LONDON,2026-08-28:LONDON,2026-08-28T08:16:22.385000-05:00,8,balance,balance,short,not-recorded,sweep_reclaim,fade,long,B,price sweeps 29541.12 Demand·1h and prints a 5m close back above 29541.12,29541.12,confirm.ref_price,"[""p152:L6""]","[""Demand·1h""]",DEMAND,C,True,[],False,[],[],True,29541.12,29506,29644.38,35.11999999999898,2.940205011389665,1.042995444191403,17.2545,2.035411052189225,not observed (complete window),[],2026-08-28T08:16:22.385000-05:00,2026-08-28T08:30:00-05:00,13,13,True,113.63000000000102,6.585528412877859,116.13000000000102,6.73041815178655
p153:S1:0,153,2026-08-28:NY,1,S1,2026-08-28,NY,2026-08-28:NY,2026-08-28T08:33:59.064000-05:00,8,balance,balance,neutral,not-recorded,reject,fade,short,B,Grind into 29707.50–29722.62; a 5m close back below 29707.50 rejects the PDH/react zone.,29707.5,confirm.ref_price,"[""p153:L9""]","[""PDH""]",PDH,A,True,[],False,[],[569],True,29700,29722.62,29636.13,22.61999999999898,2.823607427055785,0.9615384615385049,17.2606,1.3104990556526992,not observed (complete window),[],2026-08-28T08:33:59.064000-05:00,2026-08-28T08:49:08.043000-05:00,15,15,True,,,124.25,7.198475139914024
p153:S2:1,153,2026-08-28:NY,1,S2,2026-08-28,NY,2026-08-28:NY,2026-08-28T08:33:59.064000-05:00,8,balance,balance,neutral,not-recorded,breakout_retest,follow,short,B,"5m close below 29577.75 ONL, then a retest fails back below 29577.75.",29577.75,confirm.ref_price,"[""p153:L5""]","[""ONL""]",ONL,A,True,[],False,[],[],True,29574,29594,29514.5,20,2.975,1.644000000000051,17.2606,1.158708272018354,not observed (complete window),[],2026-08-28T08:33:59.064000-05:00,2026-08-28T08:49:08.043000-05:00,15,15,True,,,5.5,0.3186447748050473
p153:S3:2,153,2026-08-28:NY,1,S3,2026-08-28,NY,2026-08-28:NY,2026-08-28T08:33:59.064000-05:00,8,balance,balance,neutral,not-recorded,breakout_retest,follow,long,B,"5m close above 29707.50 PDH, then a retest holds above 29707.50.",29707.5,confirm.ref_price,"[""p153:L9""]","[""PDH""]",PDH,A,True,[],False,[],[],True,29710,29685,29848.75,25,5.55,0.5047999999999593,17.2606,1.4483853400229425,not observed (complete window),[],2026-08-28T08:33:59.064000-05:00,2026-08-28T08:49:08.043000-05:00,15,15,True,,,124.25,7.198475139914024
p153:S4:3,153,2026-08-28:NY,1,S4,2026-08-28,NY,2026-08-28:NY,2026-08-28T08:33:59.064000-05:00,8,balance,balance,neutral,not-recorded,sweep_reclaim,fade,long,B,"Sweep of 29402.25 PDL, then 5m close back above 29402.25.",29402.25,confirm.ref_price,"[""p153:L0""]","[""PDL""]",PDL,A,True,[],False,[],[],True,29410,29385,29490.88,25,3.2352000000000407,0.56,17.2606,1.4483853400229425,not observed (complete window),[],2026-08-28T08:33:59.064000-05:00,2026-08-28T08:49:08.043000-05:00,15,15,True,,,181.0,10.486309861766102
p154:S1:0,154,2026-08-28:NY,2,S1,2026-08-28,NY,2026-08-28:NY,2026-08-28T08:49:08.043000-05:00,8,trend,trend,long,not-recorded,sweep_reclaim,fade,short,B,"Sweep above 29707.50 PDH, then 2x5m close back below 29707.50.",29707.5,confirm.ref_price,"[""p154:L0""]","[""PDH""]",PDH,A,False,[],False,[],[],False,,,,,,,27.231,,observed,[1787925600000],2026-08-28T08:49:08.043000-05:00,2026-08-28T09:20:49.330000-05:00,30,30,True,,,12.0,0.4406742315743087
p154:S2:1,154,2026-08-28:NY,2,S2,2026-08-28,NY,2026-08-28:NY,2026-08-28T08:49:08.043000-05:00,8,trend,trend,long,not-recorded,breakout_retest,follow,long,B,"Post-news 2x5m close above 29707.50 PDH, then retest holds above 29707.50.",29707.5,confirm.ref_price,"[""p154:L0""]","[""PDH""]",PDH,A,False,[],False,[],[],False,,,,,,,27.231,,observed,[1787925600000],2026-08-28T08:49:08.043000-05:00,2026-08-28T09:20:49.330000-05:00,30,30,True,,,12.0,0.4406742315743087
p154:S3:2,154,2026-08-28:NY,2,S3,2026-08-28,NY,2026-08-28:NY,2026-08-28T08:49:08.043000-05:00,8,trend,trend,long,not-recorded,breakout_retest,follow,short,B,"2x5m close below 29637.50 OR-H, then retest holds below 29637.50.",29637.5,confirm.ref_price,"[""p154:L7""]","[""OR-H""]",OR-H,A,False,[],False,[],[],False,,,,,,,27.231,,observed,[1787925060000],2026-08-28T08:49:08.043000-05:00,2026-08-28T09:20:49.330000-05:00,30,30,True,,,58.0,2.1299254526091587
p155:S1:0,155,2026-08-28:NY,3,S1,2026-08-28,NY,2026-08-28:NY,2026-08-28T09:20:49.330000-05:00,9,trend-down,trend,short,not-recorded,reject,fade,short,B,Rally retraces into VWAP 29631.14; 2x5m closes back below 29631.14 reject the magnet.,29631.14,confirm.ref_price,"[""p155:L2""]","[""VWAP""]",VWAP,A,True,[],False,[],[],True,29631.14,29676,29532,44.86000000000058,2.2099866250556874,1.5300936246098646,44.1867,1.0152376167489443,observed,[1787926860000],2026-08-28T09:20:49.330000-05:00,2026-08-28T10:51:47.269000-05:00,90,90,True,,,26.889999999999418,0.608554157699023
p155:S2:1,155,2026-08-28:NY,3,S2,2026-08-28,NY,2026-08-28:NY,2026-08-28T09:20:49.330000-05:00,9,trend-down,trend,short,not-recorded,reject,fade,short,C,Bounce retests 29577.75 ONL / 29562.50 OR-L; 2x5m closes back below 29562.50 reject the retest.,29562.5,confirm.ref_price,"[""p155:L0""]","[""OR-L""]",OR-L,C,False,[],False,[],[],False,,,,,,,44.1867,,not observed (complete window),[],2026-08-28T09:20:49.330000-05:00,2026-08-28T10:51:47.269000-05:00,90,90,True,,,41.75,0.94485444715265
p155:S3:2,155,2026-08-28:NY,3,S3,2026-08-28,NY,2026-08-28:NY,2026-08-28T09:20:49.330000-05:00,9,trend-down,trend,short,not-recorded,sweep_reclaim,fade,short,B,"Rally sweeps ONH 29707.25; 2x5m closes back below 29707.25 confirm a failed breakout, with 29715.75 OB(bull)·1h (HTF) as upper confluence.",29707.25,confirm.ref_price,"[""p155:L5""]","[""ONH""]",ONH,A,False,[],False,[],[],False,,,,,,,44.1867,,observed,[1787927880000],2026-08-28T09:20:49.330000-05:00,2026-08-28T10:51:47.269000-05:00,90,90,True,,,103.0,2.3310181570472563
p156:S1:0,156,2026-08-28:NY,4,S1,2026-08-28,NY,2026-08-28:NY,2026-08-28T10:51:47.269000-05:00,10,balance,balance,short,not-recorded,reject,fade,short,B,Rally back into 29767.50 Supply·4h after the 10:15 PDH sweep stalls; 5m close back below 29767.50 after the touch rejects,29767.5,confirm.ref_price,"[""p156:L0""]","[""Supply·4h (HTF)""]",SUPPLY,A,True,[],False,[],[],True,29767.5,29821.75,29654,54.25,2.0921658986175116,1.1059907834101383,42.001,1.2916359134306328,not observed (complete window),[],2026-08-28T10:51:47.269000-05:00,2026-08-28T12:05:44.936000-05:00,73,73,True,,,144.0,3.428489797861956
p156:S2:1,156,2026-08-28:NY,4,S2,2026-08-28,NY,2026-08-28:NY,2026-08-28T10:51:47.269000-05:00,10,balance,balance,short,not-recorded,breakout_retest,follow,short,B,"2x5m close below VWAP 29657.39, then a retest fails with a 5m close back below 29657.39 — VWAP holds as resistance",29657.39,confirm.ref_price,"[""p156:L4""]","[""VWAP""]",VWAP,A,False,[],False,[],[],False,,,,,,,42.001,,not observed (complete window),[],2026-08-28T10:51:47.269000-05:00,2026-08-28T12:05:44.936000-05:00,73,73,True,,,33.88999999999942,0.8068855503440256
p156:S3:2,156,2026-08-28:NY,4,S3,2026-08-28,NY,2026-08-28:NY,2026-08-28T10:51:47.269000-05:00,10,balance,balance,short,not-recorded,sweep_reclaim,fade,long,C,Sweep of PDL 29402.25 with a 2x5m close back above 29402.25 reclaiming inside the range — mirror branch-2 long below the mid,29402.25,confirm.ref_price,"[""p156:L11""]","[""PDL""]",PDL,A,False,[],False,[],[],False,,,,,,,42.001,,not observed (complete window),[],2026-08-28T10:51:47.269000-05:00,2026-08-28T12:05:44.936000-05:00,73,73,True,,,221.25,5.267731720673318
p157:S1:0,157,2026-08-28:NY,5,S1,2026-08-28,NY,2026-08-28:NY,2026-08-28T12:05:44.936000-05:00,12,balance,balance,long,not-recorded,sweep_reclaim,fade,long,B,"Sweep of 29468.00 EQH·15m and 29464.50 SWG-L·5m, with a wick below 29464.50 and 2x5m close back above 29464.50",29464.5,confirm.ref_price,"[""p157:L1""]","[""SWG-L·5m""]",SWG-L,A,False,[],False,[],[],False,,,,,,,47.8324,,observed,[1787936880000],2026-08-28T12:05:44.936000-05:00,2026-08-28T12:59:59.305000-05:00,53,53,True,,,5.0,0.10453165636681412
p157:S2:1,157,2026-08-28:NY,5,S2,2026-08-28,NY,2026-08-28:NY,2026-08-28T12:05:44.936000-05:00,12,balance,balance,long,not-recorded,reject,fade,long,B,Pullback holds 29479.50 VWAP−2σ and prints a 1x5m close back above 29479.50,29479.5,confirm.ref_price,"[""p157:L3""]","[""VWAP−2σ""]",VWAP,A,True,[10],True,[10],[570],True,29480,29430,29588.25,50,2.165,1.5112000000000263,47.8324,1.0453165636681412,observed,[1787937240000],2026-08-28T12:05:44.936000-05:00,2026-08-28T12:59:59.305000-05:00,53,53,True,,,10.0,0.20906331273362824
p157:S3:2,157,2026-08-28:NY,5,S3,2026-08-28,NY,2026-08-28:NY,2026-08-28T12:05:44.936000-05:00,12,balance,balance,long,not-recorded,reject,fade,short,A,Rally into 29588.25 EQL·1h (HTF) with 29592.50 SWG-L·15m overhead; 1x5m close below 29588.25 confirms rejection,29588.25,confirm.ref_price,"[""p157:L10""]","[""EQL·1h (HTF)""]",EQL,A,True,[11],True,[],[],True,29586.25,29636.25,29479.5,50.0,2.135,0.6137999999999738,47.8324,1.0453165636681412,not observed (complete window),[],2026-08-28T12:05:44.936000-05:00,2026-08-28T12:59:59.305000-05:00,53,53,True,,,118.75,2.4826268387118353
p158:S1:0,158,2026-08-28:NY,6,S1,2026-08-28,NY,2026-08-28:NY,2026-08-28T12:59:59.305000-05:00,12,balance,balance,long,not-recorded,sweep_reclaim,fade,long,A,Sweep of 29464.25 EQL then two consecutive 5m closes back above 29464.25 reclaim the pool,29464.25,confirm.ref_price,"[""p158:L0""]","[""EQL""]",EQL,A,True,[9],True,[9],[],True,29464.25,29420,29562,44.25,2.209039548022599,0.6949152542372882,42.0891,1.051341083558451,not observed (complete window),[],2026-08-28T12:59:59.305000-05:00,2026-08-28T13:08:51.095000-05:00,8,8,True,,,49.75,1.18201624648662
p158:S2:1,158,2026-08-28:NY,6,S2,2026-08-28,NY,2026-08-28:NY,2026-08-28T12:59:59.305000-05:00,12,balance,balance,long,not-recorded,hold,fade,long,B,29453.77 VWAP−2σ holds with two consecutive 5m closes above 29453.77 after the EQL sweep,29453.77,confirm.ref_price,"[""p158:L1""]","[""VWAP−2σ""]",VWAP,A,False,[],False,[],[],False,,,,,,,42.0891,,not observed (complete window),[],2026-08-28T12:59:59.305000-05:00,2026-08-28T13:08:51.095000-05:00,8,8,True,,,60.22999999999956,1.4310118296661027
p158:S3:2,158,2026-08-28:NY,6,S3,2026-08-28,NY,2026-08-28:NY,2026-08-28T12:59:59.305000-05:00,12,balance,balance,long,not-recorded,breakout_retest,follow,long,B,"Break of 29495.00 EQH with a 5m close above 29495.00, then a retest holds above 29495.00",29495,confirm.ref_price,"[""p158:L7""]","[""EQH""]",EQH,A,False,[],False,[],[],False,,,,,,,42.0891,,observed,[1787940360000],2026-08-28T12:59:59.305000-05:00,2026-08-28T13:08:51.095000-05:00,8,8,True,,,19.0,0.45142329011549304
p159:S1:0,159,2026-08-28:NY,7,S1,2026-08-28,NY,2026-08-28:NY,2026-08-28T13:08:51.095000-05:00,13,balance,balance,neutral,not-recorded,sweep_reclaim,fade,long,B,"Sweep of 29437.00 SWG-L·5m, then a 1x5m close back above 29445.53 VWAP−2σ; long the shelf reclaim.",29445.53,confirm.ref_price,"[""p159:L2""]","[""VWAP−2σ""]",VWAP,A,False,[],False,[],[],False,,,,,,,38.5531,,observed,[1787943000000],2026-08-28T13:08:51.095000-05:00,2026-08-28T14:45:00-05:00,96,96,True,62.720000000001164,1.6268471277277616,58.470000000001164,1.5166095592832007
p159:S2:1,159,2026-08-28:NY,7,S2,2026-08-28,NY,2026-08-28:NY,2026-08-28T13:08:51.095000-05:00,13,balance,balance,neutral,not-recorded,breakout_retest,follow,long,B,2x5m close above 29531.05 VWAP−1σ followed by a retest of 29531.05 that holds; long continuation.,29531.05,confirm.ref_price,"[""p159:L6""]","[""VWAP−1σ""]",VWAP,A,False,[],False,[],[],False,,,,,,,38.5531,,not observed (complete window),[],2026-08-28T13:08:51.095000-05:00,2026-08-28T14:45:00-05:00,96,96,True,22.799999999999272,0.5913921318908019,27.049999999999272,0.7016297003353628
p159:S3:2,159,2026-08-28:NY,7,S3,2026-08-28,NY,2026-08-28:NY,2026-08-28T13:08:51.095000-05:00,13,balance,balance,neutral,not-recorded,reject,fade,short,C,Rally into 29577.75 ONL stalls and a 1x5m close back below 29577.75 prints; short the failed reclamation.,29577.75,confirm.ref_price,"[""p159:L9""]","[""ONL""]",ONL,C,False,[],False,[],[],False,,,,,,,38.5531,,not observed (complete window),[],2026-08-28T13:08:51.095000-05:00,2026-08-28T14:45:00-05:00,96,96,True,69.5,1.8027084722110542,73.75,1.9129460406556151
p162:S1:0,162,2026-08-30:ASIA,1,S1,2026-08-30,ASIA,2026-08-30:ASIA,2026-08-30T17:08:56.532000-05:00,17,balance,balance,long,not-recorded,sweep_reclaim,fade,long,B,Sweep of ONL 29501.00 and 2x5m close back above 29501.00,29501,confirm.ref_price,[],[],unresolved,unresolved,False,[],False,[],[],False,,,,,,,20.0364,,not observed (complete window),[],2026-08-30T17:08:56.532000-05:00,2026-08-30T18:35:34.353000-05:00,86,86,True,,,40.25,2.008843904094548
p162:S2:1,162,2026-08-30:ASIA,1,S2,2026-08-30,ASIA,2026-08-30:ASIA,2026-08-30T17:08:56.532000-05:00,17,balance,balance,long,not-recorded,reject,fade,long,B,First touch of nPOC 29494.38 holds and 2x5m closes back above 29494.38,29494.38,confirm.ref_price,"[""p162:L1""]","[""nPOC·2026-08-27""]",NPOC,A,True,[],False,[],[],True,29494.38,29472.38,29543.5,22.0,2.2327272727272263,0.38636363636363635,20.0364,1.0980016370206225,observed,[1788128400000],2026-08-30T17:08:56.532000-05:00,2026-08-30T18:35:34.353000-05:00,86,86,True,,,33.63000000000102,1.6784452296820296
p162:S3:2,162,2026-08-30:ASIA,1,S3,2026-08-30,ASIA,2026-08-30:ASIA,2026-08-30T17:08:56.532000-05:00,17,balance,balance,long,not-recorded,breakout_retest,follow,long,B,"After the opening sweep of ONH 29543.50/ONL 29501.00, a break above PDC 29509.50 with 2x5m closes above 29509.50",29509.5,confirm.ref_price,"[""p162:L5""]","[""PDC""]",PDC,A,False,[],False,[],[],False,,,,,,,20.0364,,not observed (complete window),[],2026-08-30T17:08:56.532000-05:00,2026-08-30T18:35:34.353000-05:00,86,86,True,,,48.75,2.433071809307061
p162:S4:3,162,2026-08-30:ASIA,1,S4,2026-08-30,ASIA,2026-08-30:ASIA,2026-08-30T17:08:56.532000-05:00,17,balance,balance,long,not-recorded,sweep_reclaim,fade,long,A,Sweep of PDL 29437.00 and 15m close back above 29437.00,29437,confirm.ref_price,"[""p162:L2""]","[""PDL""]",PDL,A,True,[12],True,[12],[],True,29437,29414.75,29509.5,22.25,3.258426966292135,2.578876404494428,20.0364,1.1104789283504022,observed,[1788129360000],2026-08-30T17:08:56.532000-05:00,2026-08-30T18:35:34.353000-05:00,86,86,True,,,23.75,1.185342676329081
p163:S1:0,163,2026-08-30:ASIA,2,S1,2026-08-30,ASIA,2026-08-30:ASIA,2026-08-30T18:35:34.353000-05:00,18,trend,trend,short,not-recorded,breakdown_continue,follow,short,C,ONL 29371.50 fails: a 5m close below 29371.50 with bearish displacement of at least one 5m ATR (~21 pts) on the break candle; price holds under 29371.50 thereafter,29371.5,confirm.ref_price,"[""p163:L3""]","[""ONL""]",ONL,A,False,[],False,[],[],False,,,,,,,21.2719,,observed,[1788132960000],2026-08-30T18:35:34.353000-05:00,2026-08-31T01:06:50.529000-05:00,390,390,True,,,11.5,0.5406193146827505
p163:S2:1,163,2026-08-30:ASIA,2,S2,2026-08-30,ASIA,2026-08-30:ASIA,2026-08-30T18:35:34.353000-05:00,18,trend,trend,short,not-recorded,sweep_reclaim,fade,long,B,"Liquidity sweep of ONL: price trades below 29371.50 into the OB(bull)·15m demand at 29357.25 (sweep low ~29355–29360), then reclaims — valid only on a 5m CLOSE back above 29371.50",29371.5,confirm.ref_price,"[""p163:L3""]","[""ONL""]",ONL,A,True,[14],True,[14],[],True,29371.5,29350,29420,21.5,2.255813953488372,0.369767441860499,21.2719,1.0107230665807945,observed,[1788132960000],2026-08-30T18:35:34.353000-05:00,2026-08-31T01:06:50.529000-05:00,390,390,True,,,11.5,0.5406193146827505
p163:S3:2,163,2026-08-30:ASIA,2,S3,2026-08-30,ASIA,2026-08-30:ASIA,2026-08-30T18:35:34.353000-05:00,18,trend,trend,short,not-recorded,reject,fade,short,B,Rally into the 29412.00–29414.21 confluence (VWAP−1σ + OB(bear)·4h): price touches 29414.21 from below and stalls with no 5m close above 29414.21 — only valid while S2's reclaim has NOT confirmed (no 5m close above 29371.50),29414.21,confirm.ref_price,"[""p163:L6""]","[""VWAP−1σ""]",VWAP,A,True,[13],True,[],[],True,29414.21,29440,29357.25,25.790000000000873,2.2086079875919813,0.6770065917021534,21.2719,1.2123975761450962,observed,[1788152220000],2026-08-30T18:35:34.353000-05:00,2026-08-31T01:06:50.529000-05:00,390,390,True,,,54.20999999999913,2.548432439039255
p164:S0:0,164,2026-08-30:ASIA,3,S0,2026-08-30,ASIA,2026-08-30:ASIA,2026-08-31T01:06:50.529000-05:00,1,no-trade,no-trade,neutral,not-recorded,hold,stand-aside,long,B,none,,unresolved,[],[],unresolved,unresolved,False,[],False,[],[],False,,,,,,,20.9685,,unknown,[],2026-08-31T01:06:50.529000-05:00,2026-08-31T02:00:00-05:00,53,53,True,,,,
p165:S0:0,165,2026-08-31:LONDON,1,S0,2026-08-31,LONDON,2026-08-31:LONDON,2026-08-31T06:50:50.477000-05:00,6,no-trade,no-trade,neutral,not-recorded,hold,stand-aside,long,B,none,,unresolved,[],[],unresolved,unresolved,False,[],False,[],[],False,,,,,,,16.1035,,unknown,[],2026-08-31T06:50:50.477000-05:00,2026-08-31T07:40:35.635000-05:00,49,49,True,,,,
p166:S1:0,166,2026-08-31:LONDON,2,S1,2026-08-31,LONDON,2026-08-31:LONDON,2026-08-31T07:40:35.635000-05:00,7,balance,balance,neutral,not-recorded,reject,fade,long,B,Retest of 29437.00 RTH-L after the 07:00 sweep reclaimed 29437.00; first-touch rejection from above goes long.,29437,confirm.ref_price,"[""p166:L0""]","[""RTH-L""]",RTH-L,A,True,[17],True,[],[],True,29437,29416,29498.5,21,2.9285714285714284,2.9285714285714284,20.3793,1.0304573758666882,observed,[1788182880000],2026-08-31T07:40:35.635000-05:00,2026-08-31T08:30:00-05:00,49,49,True,,,31.25,1.5334187140873337
p166:S2:1,166,2026-08-31:LONDON,2,S2,2026-08-31,LONDON,2026-08-31:LONDON,2026-08-31T07:40:35.635000-05:00,7,balance,balance,neutral,not-recorded,reject,fade,long,B,"If the shelf fails, first touch of 29398.52 VWAP; rejection from above goes long.",29398.52,confirm.ref_price,"[""p166:L2""]","[""VWAP""]",VWAP,A,True,[18],True,[18],[],True,29398.52,29378.02,29498.5,20.5,4.877073170731686,1.8770731707316861,20.3793,1.005922676441291,observed,[1788180060000],2026-08-31T07:40:35.635000-05:00,2026-08-31T08:30:00-05:00,49,49,True,,,7.229999999999563,0.3547717536912241
p166:S3:2,166,2026-08-31:LONDON,2,S3,2026-08-31,LONDON,2026-08-31:LONDON,2026-08-31T07:40:35.635000-05:00,7,balance,balance,neutral,not-recorded,breakout_retest,follow,long,B,"5m close above 29509.50 PDC, then a successful retest of 29509.50 from above.",29509.5,confirm.ref_price,"[""p166:L5""]","[""PDC""]",PDC,A,False,[],False,[],[],False,,,,,,,20.3793,,not observed (complete window),[],2026-08-31T07:40:35.635000-05:00,2026-08-31T08:30:00-05:00,49,49,True,,,103.75,5.090950130769948
p166:S4:3,166,2026-08-31:LONDON,2,S4,2026-08-31,LONDON,2026-08-31:LONDON,2026-08-31T07:40:35.635000-05:00,7,balance,balance,neutral,not-recorded,reject,fade,short,C,Rally into 29811.75 PDH; first-touch rejection from below shorts back into range.,29811.75,confirm.ref_price,"[""p166:L9""]","[""PDH""]",PDH,A,False,[],False,[],[],False,,,,,,,20.3793,,not observed (complete window),[],2026-08-31T07:40:35.635000-05:00,2026-08-31T08:30:00-05:00,49,49,True,,,406.0,19.92217593342264
p167:S0:0,167,2026-08-31:LONDON,3,S0,2026-08-31,LONDON,2026-08-31:LONDON,2026-08-31T08:33:54.052000-05:00,8,no-trade,no-trade,neutral,not-recorded,hold,stand-aside,long,B,none,,unresolved,[],[],unresolved,unresolved,False,[],False,[],[],False,,,,,,,22.4515,,unknown,[],2026-08-31T08:33:54.052000-05:00,2026-08-31T08:30:00-05:00,0,0,False,,,,
p168:S0:0,168,2026-08-31:NY,1,S0,2026-08-31,NY,2026-08-31:NY,2026-08-31T08:47:19.159000-05:00,8,no-trade,no-trade,neutral,not-recorded,hold,stand-aside,long,B,none,,unresolved,[],[],unresolved,unresolved,False,[],False,[],[],False,,,,,,,20.3265,,unknown,[],2026-08-31T08:47:19.159000-05:00,2026-08-31T09:33:18.205000-05:00,45,45,True,,,,
p169:S0:0,169,2026-08-31:NY,2,S0,2026-08-31,NY,2026-08-31:NY,2026-08-31T09:33:18.205000-05:00,9,no-trade,no-trade,neutral,not-recorded,hold,stand-aside,long,B,none,,unresolved,[],[],unresolved,unresolved,False,[],False,[],[],False,,,,,,,39.4161,,unknown,[],2026-08-31T09:33:18.205000-05:00,2026-08-31T09:52:26.136000-05:00,18,18,True,,,,
p170:S1:0,170,2026-08-31:NY,3,S1,2026-08-31,NY,2026-08-31:NY,2026-08-31T09:52:26.136000-05:00,9,trend-down,trend,short,not-recorded,reject,fade,short,B,Breakdown is void: 5m close back above 29351.47 VWAP−1σ. Await the first retest of 29351.47 from below; rejection prints and no 1m close above it.,29351.47,confirm.ref_price,"[""p170:L3""]","[""VWAP−1σ""]",VWAP,A,True,[],False,[],[],True,29351.47,29408.52,29280.88,57.04999999999927,1.237335670464523,1.237335670464523,39.8444,1.4318197789400586,not observed (complete window),[],2026-08-31T09:52:26.136000-05:00,2026-08-31T11:58:55.105000-05:00,125,125,True,,,50.029999999998836,1.2556344178855456
p170:S2:1,170,2026-08-31:NY,3,S2,2026-08-31,NY,2026-08-31:NY,2026-08-31T09:52:26.136000-05:00,9,trend-down,trend,short,not-recorded,reject,fade,short,A,First touch of 29437.00 PDL from below; rejection prints and no 1m close above it,29437,confirm.ref_price,"[""p170:L6""]","[""PDL""]",PDL,A,True,[],False,[],[575],True,29437,29479.75,29351.47,42.75,2.0007017543859376,0.6661988304093465,39.8444,1.0729236730883136,observed,[1788188220000],2026-08-31T09:52:26.136000-05:00,2026-08-31T11:58:55.105000-05:00,125,125,True,,,35.5,0.8909658571844475
p170:S3:2,170,2026-08-31:NY,3,S3,2026-08-31,NY,2026-08-31:NY,2026-08-31T09:52:26.136000-05:00,9,trend-down,trend,short,not-recorded,sweep_reclaim,fade,long,B,Sell-side sweep below 29351.47 VWAP−1σ followed by 1m_mss back above it,29351.47,confirm.ref_price,"[""p170:L3""]","[""VWAP−1σ""]",VWAP,A,False,[],False,[],[],False,,,,,,,39.8444,,not observed (complete window),[],2026-08-31T09:52:26.136000-05:00,2026-08-31T11:58:55.105000-05:00,125,125,True,,,50.029999999998836,1.2556344178855456
p171:S1:0,171,2026-08-31:NY,4,S1,2026-08-31,NY,2026-08-31:NY,2026-08-31T11:58:55.105000-05:00,11,balance,balance,long,not-recorded,sweep_reclaim,fade,long,B,Price sweeps below 29413.00 SWG-H·5m and then prints 1m_mss above 29417.00 OR-L.,29413,confirm.ref_price,"[""p171:L3""]","[""SWG-H·5m""]",SWG-H,A,True,[21],True,[21],[578],True,29413,29363.25,29517,49.75,2.090452261306533,0.3869346733668342,30.4896,1.63170392527288,observed,[1788196740000],2026-08-31T11:58:55.105000-05:00,2026-08-31T12:30:09.506000-05:00,31,31,True,,,28.25,0.9265454450041982
p171:S2:1,171,2026-08-31:NY,4,S2,2026-08-31,NY,2026-08-31:NY,2026-08-31T11:58:55.105000-05:00,11,balance,balance,long,not-recorded,reclaim,follow,long,B,"After S1 or a simple hold above 29417.00, a 5m close prints back above 29432.25 OB(bull)·1h.",29432.25,confirm.ref_price,"[""p171:L5""]","[""OB(bull)·1h""]",OB,C,False,[],False,[],[],False,,,,,,,30.4896,,observed,[1788195540000],2026-08-31T11:58:55.105000-05:00,2026-08-31T12:30:09.506000-05:00,31,31,True,,,9.0,0.29518261964735515
p171:S3:2,171,2026-08-31:NY,4,S3,2026-08-31,NY,2026-08-31:NY,2026-08-31T11:58:55.105000-05:00,11,balance,balance,long,not-recorded,reject,fade,short,B,Price rises into 29459.08 VWAP+1σ; only fade if it touches and reverses below.,29459.08,confirm.ref_price,"[""p171:L6""]","[""VWAP+1σ""]",VWAP,A,True,[],False,[],[],True,29459.08,29489.75,29397.5,30.669999999998254,2.0078252363875206,0.8747962178025195,30.4896,1.0059167716204298,not observed (complete window),[],2026-08-31T11:58:55.105000-05:00,2026-08-31T12:30:09.506000-05:00,31,31,True,,,17.830000000001746,0.5847895675903175
p172:S1:0,172,2026-08-31:NY,5,S1,2026-08-31,NY,2026-08-31:NY,2026-08-31T12:30:09.506000-05:00,12,balance,balance,long,not-recorded,reject,fade,long,B,"After 13:30, first touch of 29413.00 SWG-H·5m that holds without a 5m close below 29409.25 VWAP — fade the flush.",29413,confirm.ref_price,"[""p172:L1""]","[""SWG-H·5m""]",SWG-H,A,False,[],False,[],[],False,,,,,,,26.0421,,observed,[1788197940000],2026-08-31T12:30:09.506000-05:00,2026-08-31T12:53:49.126000-05:00,22,22,True,6.75,0.2591956869837686,16.25,0.6239896168127762
p172:S2:1,172,2026-08-31:NY,5,S2,2026-08-31,NY,2026-08-31:NY,2026-08-31T12:30:09.506000-05:00,12,balance,balance,long,not-recorded,breakout_retest,follow,long,B,"5m close above 29432.75 SWG-H·5m, then a retest of 29432.75 holds; stop-entry above the retest for continuation.",29432.75,confirm.ref_price,"[""p172:L5""]","[""SWG-H·5m""]",SWG-H,A,False,[],False,[],[],False,,,,,,,26.0421,,observed,[1788198060000],2026-08-31T12:30:09.506000-05:00,2026-08-31T12:53:49.126000-05:00,22,22,True,13.0,0.49919169345022096,36.0,1.3823769972467657
p172:S3:2,172,2026-08-31:NY,5,S3,2026-08-31,NY,2026-08-31:NY,2026-08-31T12:30:09.506000-05:00,12,balance,balance,long,not-recorded,sweep_reclaim,fade,long,B,"Sweep below 29417.00 OR-L toward 29413.00 SWG-H·5m, then a 5m close reclaims above 29417.00.",29417,confirm.ref_price,"[""p172:L0""]","[""OR-L""]",OR-L,C,True,[22],True,[22],[],True,29417,29387,29517,30,3.3333333333333335,0.525,26.0421,1.1519808310389714,observed,[1788197940000],2026-08-31T12:30:09.506000-05:00,2026-08-31T12:53:49.126000-05:00,22,22,True,2.75,0.10559824284523905,20.25,0.7775870609513057
p172:S4:3,172,2026-08-31:NY,5,S4,2026-08-31,NY,2026-08-31:NY,2026-08-31T12:30:09.506000-05:00,12,balance,balance,long,not-recorded,sweep_reclaim,fade,short,B,A sweep of 29543.50 ONH into the 29539.38 Supply·1h/29545.00 OB(bull)·4h zone that prints a 5m close back below 29543.50; fade the confirmed sweep-reclaim only.,29543.5,confirm.ref_price,"[""p172:L9""]","[""ONH""]",ONH,A,False,[],False,[],[],False,,,,,,,26.0421,,not observed (complete window),[],2026-08-31T12:30:09.506000-05:00,2026-08-31T12:53:49.126000-05:00,22,22,True,123.75,4.751920928035757,146.75,5.635106231832302
p173:S1:0,173,2026-08-31:NY,6,S1,2026-08-31,NY,2026-08-31:NY,2026-08-31T12:53:49.126000-05:00,12,balance,balance,long,not-recorded,breakout_retest,follow,long,B,"After 13:30, a 5m close above 29443.25 breaks the range high; buy the first retest of 29443.25 that holds.",29443.25,confirm.ref_price,"[""p173:L5""]","[""SWG-H·5m""]",SWG-H,A,False,[],False,[],[],False,,,,,,,23.5448,,observed,[1788199020000],2026-08-31T12:53:49.126000-05:00,2026-08-31T14:34:06.907000-05:00,100,100,True,,,7.5,0.31854167374537057
p173:S2:1,173,2026-08-31:NY,6,S2,2026-08-31,NY,2026-08-31:NY,2026-08-31T12:53:49.126000-05:00,12,balance,balance,long,not-recorded,sweep_reclaim,fade,long,C,"After 13:30, sweep 29417.00 OR-L into 29394.75; then a 5m close back above 29417.00 ignites the long.",29417,confirm.ref_price,"[""p173:L1""]","[""OR-L""]",OR-L,C,False,[],False,[],[],False,,,,,,,23.5448,,observed,[1788201300000],2026-08-31T12:53:49.126000-05:00,2026-08-31T14:34:06.907000-05:00,100,100,True,,,33.75,1.4334375318541674
p173:S3:2,173,2026-08-31:NY,6,S3,2026-08-31,NY,2026-08-31:NY,2026-08-31T12:53:49.126000-05:00,12,balance,balance,long,not-recorded,reject,fade,short,B,"After 13:30, first touch of 29458.38 VWAP+1σ triggers the short; structure stop above 29482.50.",29458.38,confirm.ref_price,"[""p173:L6""]","[""VWAP+1σ""]",VWAP,A,True,[20],True,[20],[],True,29458.38,29482.5,29394.75,24.11999999999898,2.6380597014926908,0.6272802653400356,23.5448,1.0244300227650684,observed,[1788199740000],2026-08-31T12:53:49.126000-05:00,2026-08-31T14:34:06.907000-05:00,100,100,True,,,7.630000000001019,0.32406306275700025
p173:S4:3,173,2026-08-31:NY,6,S4,2026-08-31,NY,2026-08-31:NY,2026-08-31T12:53:49.126000-05:00,12,balance,balance,long,not-recorded,sweep_reclaim,fade,short,C,"After 13:30, sweep above 29517.00 OR-H toward 29543.50 ONH; then a 5m close back below 29517.00 triggers the liquidity short.",29517,confirm.ref_price,"[""p173:L7""]","[""OR-H""]",OR-H,A,False,[],False,[],[],False,,,,,,,23.5448,,not observed (complete window),[],2026-08-31T12:53:49.126000-05:00,2026-08-31T14:34:06.907000-05:00,100,100,True,,,66.25,2.8137847847507733
p174:S1:0,174,2026-08-31:NY,7,S1,2026-08-31,NY,2026-08-31:NY,2026-08-31T14:34:06.907000-05:00,14,balance,balance,long,not-recorded,hold,ambiguous,long,B,Price pulls back to 29422.25 SWG-L·5m and holds above 29422.25 on 1m closes — enter long on the hold.,29422.25,confirm.ref_price,"[""p174:L0""]","[""SWG-L·5m""]",SWG-L,A,False,[],False,[],[],False,,,,,,,20.5328,,not observed (complete window),[],2026-08-31T14:34:06.907000-05:00,2026-08-31T14:45:00-05:00,10,10,True,3.25,0.1582833320345983,14.75,0.7183628146185614
p174:S2:1,174,2026-08-31:NY,7,S2,2026-08-31,NY,2026-08-31:NY,2026-08-31T14:34:06.907000-05:00,14,balance,balance,long,not-recorded,reject,fade,long,B,"Touch of 29410.98 VWAP; enter long on first-touch rejection, stop below 29363.72.",29410.98,confirm.ref_price,"[""p174:L2""]","[""VWAP""]",VWAP,A,True,[19],True,[],[],True,29410.98,29363.72,29517,47.2599999999984,2.2433347439696156,0.45006347862888607,20.5328,2.301683160601496,not observed (complete window),[],2026-08-31T14:34:06.907000-05:00,2026-08-31T14:45:00-05:00,10,10,True,14.520000000000437,0.7071612249669035,26.020000000000437,1.2672407075508667
p174:S3:2,174,2026-08-31:NY,7,S3,2026-08-31,NY,2026-08-31:NY,2026-08-31T14:34:06.907000-05:00,14,balance,balance,long,not-recorded,reject,fade,short,C,First touch of 29445.50 SWG-H·15m; fade short at the touch back into the range.,29445.5,confirm.ref_price,"[""p174:L7""]","[""SWG-H·15m""]",SWG-H,A,False,[],False,[],[],False,,,,,,,20.5328,,observed,[1788204900000],2026-08-31T14:34:06.907000-05:00,2026-08-31T14:45:00-05:00,10,10,True,20.0,0.9740512740590664,8.5,0.4139717914751032
p175:S0:0,175,2026-08-31:ASIA,1,S0,2026-08-31,ASIA,2026-08-31:ASIA,2026-08-31T17:18:32.424000-05:00,17,no-trade,no-trade,neutral,not-recorded,hold,stand-aside,long,B,none,,unresolved,[],[],unresolved,unresolved,False,[],False,[],[],False,,,,,,,15.896,,unknown,[],2026-08-31T17:18:32.424000-05:00,2026-09-01T01:01:09.185000-05:00,462,462,True,,,,
p176:S0:0,176,2026-08-31:ASIA,2,S0,2026-08-31,ASIA,2026-08-31:ASIA,2026-09-01T01:01:09.185000-05:00,1,no-trade,no-trade,neutral,not-recorded,hold,stand-aside,long,B,none,,unresolved,[],[],unresolved,unresolved,False,[],False,[],[],False,,,,,,,17.0907,,unknown,[],2026-09-01T01:01:09.185000-05:00,2026-09-01T02:00:00-05:00,58,58,True,,,,
p177:S0:0,177,2026-09-01:LONDON,1,S0,2026-09-01,LONDON,2026-09-01:LONDON,2026-09-01T01:49:31.611000-05:00,1,no-trade,no-trade,neutral,not-recorded,hold,stand-aside,long,B,none,,unresolved,[],[],unresolved,unresolved,False,[],False,[],[],False,,,,,,,18.7016,,unknown,[],2026-09-01T01:49:31.611000-05:00,2026-09-01T02:48:27.147000-05:00,58,58,True,,,,
p178:S1:0,178,2026-09-01:LONDON,2,S1,2026-09-01,LONDON,2026-09-01:LONDON,2026-09-01T02:48:27.147000-05:00,2,balance,balance,short,not-recorded,reject,fade,short,A,Rally retest of 29477.00 fails — sell the touch,29477,confirm.ref_price,"[""p178:L0""]","[""SWG-L·15m""]",SWG-L,A,True,[23],True,[23],[581],True,29477,29500.21,29418.62,23.209999999999127,2.515295131409014,1.2710038776389965,22.4226,1.035116355819536,observed,[1788248940000],2026-09-01T02:48:27.147000-05:00,2026-09-01T04:52:43.589000-05:00,123,123,True,14.0,0.624370055212152,12.5,0.5574732635822787
p178:S2:1,178,2026-09-01:LONDON,2,S2,2026-09-01,LONDON,2026-09-01:LONDON,2026-09-01T02:48:27.147000-05:00,2,balance,balance,short,not-recorded,reject,fade,short,A,Rally retest of 29447.50 fails — sell the touch,29447.5,confirm.ref_price,"[""p178:L5""]","[""SWG-L·5m""]",SWG-L,A,False,[],False,[],[],False,,,,,,,22.4226,,observed,[1788249360000],2026-09-01T02:48:27.147000-05:00,2026-09-01T04:52:43.589000-05:00,123,123,True,15.5,0.6912668468420254,17.0,0.7581636384718989
p178:S3:2,178,2026-09-01:LONDON,2,S3,2026-09-01,LONDON,2026-09-01:LONDON,2026-09-01T02:48:27.147000-05:00,2,balance,balance,short,not-recorded,sweep_reclaim,fade,long,B,Wick below 29435.75 then 1m reclaim above it,29435.75,confirm.ref_price,"[""p178:L6""]","[""ONL""]",ONL,A,False,[],False,[],[],False,,,,,,,22.4226,,observed,[1788249540000],2026-09-01T02:48:27.147000-05:00,2026-09-01T04:52:43.589000-05:00,123,123,True,27.25,1.2152917146093674,28.75,1.2821885062392409
p179:S1:0,179,2026-09-01:LONDON,3,S1,2026-09-01,LONDON,2026-09-01:LONDON,2026-09-01T04:52:43.589000-05:00,4,trend,trend,short,not-recorded,acceptance,follow,short,B,"After the 9.4×ATR5m drop, price holds below 29231.63 VWAP−2σ—acceptance continuation short toward ONL",29231.63,confirm.ref_price,"[""p179:L4""]","[""VWAP−2σ""]",VWAP,A,False,[],False,[],[],False,,,,,,,25.947,,observed,[1788258060000],2026-09-01T04:52:43.589000-05:00,2026-09-01T05:34:30.471000-05:00,41,41,True,,,9.880000000001019,0.3807761976336771
p179:S2:1,179,2026-09-01:LONDON,3,S2,2026-09-01,LONDON,2026-09-01:LONDON,2026-09-01T04:52:43.589000-05:00,4,trend,trend,short,not-recorded,reject,fade,short,B,"If the drop retraces, first touch of 29246.75 SWG-L·5m rejects; short back toward 29212.50 then ONL 29182.00",29246.75,confirm.ref_price,"[""p179:L5""]","[""SWG-L·5m""]",SWG-L,A,True,[],False,[],[582],True,29246.75,29273,29182,26.25,2.466666666666667,1.3047619047619048,25.947,1.0116776505954446,observed,[1788258180000],2026-09-01T04:52:43.589000-05:00,2026-09-01T05:34:30.471000-05:00,41,41,True,,,25.0,0.9635025243766139
p180:S1:0,180,2026-09-01:LONDON,4,S1,2026-09-01,LONDON,2026-09-01:LONDON,2026-09-01T05:34:30.471000-05:00,5,trend-down,trend,short,not-recorded,reject,fade,short,C,Pullback stalls at 29182.00 ONL and rejects; short the touch,29182,confirm.ref_price,"[""p180:L1""]","[""ONL""]",ONL,A,True,[],False,[],[],True,29182,29212.5,29154.38,30.5,0.9055737704917699,0.9055737704917699,22.7037,1.3433933676008756,observed,[1788260700000],2026-09-01T05:34:30.471000-05:00,2026-09-01T07:07:32.457000-05:00,92,92,True,,,65.75,2.8960037350740184
p180:S2:1,180,2026-09-01:LONDON,4,S2,2026-09-01,LONDON,2026-09-01:LONDON,2026-09-01T05:34:30.471000-05:00,5,trend-down,trend,short,not-recorded,sweep_reclaim,fade,long,B,Sweep-reclaim of ONL is intact and price reclaims 29212.50 Demand·1h after holding 29201.25 SWG-L·5m,29212.5,confirm.ref_price,"[""p180:L3""]","[""Demand·1h""]",DEMAND,C,True,[],False,[],[583],True,29212.5,29170,29323.92,42.5,2.621647058823488,1.588235294117647,22.7037,1.8719415778044988,observed,[1788259860000],2026-09-01T05:34:30.471000-05:00,2026-09-01T07:07:32.457000-05:00,92,92,True,,,35.25,1.552610367473143
p180:S3:2,180,2026-09-01:LONDON,4,S3,2026-09-01,LONDON,2026-09-01:LONDON,2026-09-01T05:34:30.471000-05:00,5,trend-down,trend,short,not-recorded,reject,fade,short,B,Pullback stalls at 29354.00 RTH-L/PDL and rejects; short the touch,29354,confirm.ref_price,"[""p180:L8""]","[""RTH-L""]",RTH-L,A,True,[],False,[],[],True,29354,29385,29280,31,2.3870967741935485,2.3870967741935485,22.7037,1.3654162096926932,not observed (complete window),[],2026-09-01T05:34:30.471000-05:00,2026-09-01T07:07:32.457000-05:00,92,92,True,,,106.25,4.679853944511247
p181:S1:0,181,2026-09-01:LONDON,5,S1,2026-09-01,LONDON,2026-09-01:LONDON,2026-09-01T07:07:32.457000-05:00,7,trend-down,trend,neutral,not-recorded,breakdown_continue,follow,short,B,"1x5m close below 29177.50 ONL with displacement, no 1m MSS back above 29182.00.",29177.5,confirm.ref_price,"[""p181:L2""]","[""ONL""]",ONL,A,False,[],False,[],[],False,,,,,,,19.4161,,not observed (complete window),[],2026-09-01T07:07:32.457000-05:00,2026-09-01T07:56:33.428000-05:00,48,48,True,31.0,1.5966131200395548,19.75,1.017197068412297
p181:S2:1,181,2026-09-01:LONDON,5,S2,2026-09-01,LONDON,2026-09-01:LONDON,2026-09-01T07:07:32.457000-05:00,7,trend-down,trend,neutral,not-recorded,sweep_reclaim,fade,long,B,Sweep of 29177.50 ONL followed by a 1m MSS back above 29182.00 (1x5m close above 29182.00 accepted).,29177.5,confirm.ref_price,"[""p181:L2""]","[""ONL""]",ONL,A,False,[],False,[],[],False,,,,,,,19.4161,,not observed (complete window),[],2026-09-01T07:07:32.457000-05:00,2026-09-01T07:56:33.428000-05:00,48,48,True,31.0,1.5966131200395548,19.75,1.017197068412297
p181:S3:2,181,2026-09-01:LONDON,5,S3,2026-09-01,LONDON,2026-09-01:LONDON,2026-09-01T07:07:32.457000-05:00,7,trend-down,trend,neutral,not-recorded,reject,fade,long,B,"First touch of 29161.96 VWAP−2σ; expect a rejection body, do not chase below it.",29161.96,confirm.ref_price,"[""p181:L3""]","[""VWAP−2σ""]",VWAP,A,True,[25],True,[],[],True,29161.96,29140,29212.5,21.959999999999127,2.301457194899949,0.7076502732241116,19.4161,1.1310201327763623,observed,[1788264480000],2026-09-01T07:07:32.457000-05:00,2026-09-01T07:56:33.428000-05:00,48,48,True,46.54000000000087,2.3969798260207185,4.209999999999127,0.21683036243113327
p182:S1:0,182,2026-09-01:LONDON,6,S1,2026-09-01,LONDON,2026-09-01:LONDON,2026-09-01T07:56:33.428000-05:00,7,trend,trend,short,not-recorded,reject,fade,short,B,Price retests ONL 29123.25 and rejects with a 5m close below it; one-sided delivery continues,29123.25,confirm.ref_price,"[""p182:L0""]","[""ONL""]",ONL,A,True,[],False,[],[],True,29123.25,29147.25,29085,24.0,1.59375,0.9349999999999454,21.4579,1.118469188504001,observed,[1788267540000],2026-09-01T07:56:33.428000-05:00,2026-09-01T08:30:00-05:00,33,33,True,4.0,0.1864115314173335,8.25,0.3844737835482503
p182:S2:1,182,2026-09-01:LONDON,6,S2,2026-09-01,LONDON,2026-09-01:LONDON,2026-09-01T07:56:33.428000-05:00,7,trend,trend,short,not-recorded,reject,fade,short,B,Rally into 29138.00 SWG-L·5m and stall/reject with 5m close below it,29138,confirm.ref_price,"[""p182:L5""]","[""SWG-L·5m""]",SWG-L,A,True,[24],True,[24],[584],True,29138,29162,29085,24,2.2083333333333335,0.6145833333333334,21.4579,1.118469188504001,not observed (complete window),[],2026-09-01T07:56:33.428000-05:00,2026-09-01T08:30:00-05:00,33,33,True,10.75,0.5009809906840837,6.5,0.3029187385531669
p183:S1:0,183,2026-09-01:NY,1,S1,2026-09-01,NY,2026-09-01:NY,2026-09-01T08:06:46.843000-05:00,8,trend-down,trend,short,not-recorded,breakdown_continue,follow,short,C,5m close below 29122.75 ONL with displacement >= 1.0x ATR5m (20.2) fires immediate continuation short.,29122.75,confirm.ref_price,"[""p183:L0""]","[""ONL""]",ONL,C,False,[],False,[],[],False,,,,,,,20.1915,,observed,[1788269340000],2026-09-01T08:06:46.843000-05:00,2026-09-01T08:53:16.675000-05:00,46,46,True,,,20.5,1.0152787063863506
p183:S2:1,183,2026-09-01:NY,1,S2,2026-09-01,NY,2026-09-01:NY,2026-09-01T08:06:46.843000-05:00,8,trend-down,trend,short,not-recorded,reject,fade,short,B,Touch of 29138.00 SWG-L·5m from below with rejection; short fade.,29138,confirm.ref_price,"[""p183:L4""]","[""SWG-L·5m""]",SWG-L,A,True,[],False,[],[],True,29138,29158.5,29085,20.5,2.5853658536585367,0.7439024390243902,20.1915,1.0152787063863506,observed,[1788269700000],2026-09-01T08:06:46.843000-05:00,2026-09-01T08:53:16.675000-05:00,46,46,True,,,35.75,1.7705470123566847
p183:S3:2,183,2026-09-01:NY,1,S3,2026-09-01,NY,2026-09-01:NY,2026-09-01T08:06:46.843000-05:00,8,trend-down,trend,short,not-recorded,reject,fade,short,B,Touch of 29177.50 SWG-L·5m from below that stalls/rejects rallies; short fade.,29177.5,confirm.ref_price,"[""p183:L5""]","[""SWG-L·5m""]",SWG-L,A,True,[],False,[],[],True,29177.5,29198,29122.75,20.5,2.6707317073170733,1.9268292682926829,20.1915,1.0152787063863506,not observed (complete window),[],2026-09-01T08:06:46.843000-05:00,2026-09-01T08:53:16.675000-05:00,46,46,True,,,75.25,3.726815739296238
p183:S4:3,183,2026-09-01:NY,1,S4,2026-09-01,NY,2026-09-01:NY,2026-09-01T08:06:46.843000-05:00,8,trend-down,trend,short,not-recorded,sweep_reclaim,fade,long,C,"Sweep of 29122.75 ONL into 29099.12 Demand·4h, then 1m_mss back above 29122.75; long reversion.",29122.75,confirm.ref_price,"[""p183:L0""]","[""ONL""]",ONL,C,False,[],False,[],[],False,,,,,,,20.1915,,observed,[1788269340000],2026-09-01T08:06:46.843000-05:00,2026-09-01T08:53:16.675000-05:00,46,46,True,,,20.5,1.0152787063863506
p184:S1:0,184,2026-09-01:NY,2,S1,2026-09-01,NY,2026-09-01:NY,2026-09-01T08:53:16.675000-05:00,8,trend-down,trend,short,not-recorded,reject,fade,short,B,Post-news or current tape: breakdown is void after the 5m close back above 29062.75 OR-L; a weak rally into 29062.75 from below stalls — touch of 29062.75 is the short reject leg.,29062.75,confirm.ref_price,"[""p184:L3""]","[""OR-L""]",OR-L,A,True,[],False,[],[],True,29062.75,29095.5,28970.38,32.75,2.8204580152671443,2.8204580152671443,29.5604,1.1079011109457246,not observed (complete window),[],2026-09-01T08:53:16.675000-05:00,2026-09-01T09:20:44.334000-05:00,26,26,True,,,57.25,1.9367126290577934
p184:S2:1,184,2026-09-01:NY,2,S2,2026-09-01,NY,2026-09-01:NY,2026-09-01T08:53:16.675000-05:00,8,trend-down,trend,short,not-recorded,reject,fade,short,B,Weak rally into 29125.00 OR-H / 29137.29 VWAP−1σ stalls; touch of 29137.29 is the short reject leg.,29137.29,confirm.ref_price,"[""p184:L7""]","[""VWAP−1σ""]",VWAP,A,True,[],False,[],[],True,29137.29,29170.5,29062.75,33.20999999999913,2.24450466726898,2.24450466726898,29.5604,1.1234624700612685,observed,[1788271260000],2026-09-01T08:53:16.675000-05:00,2026-09-01T09:20:44.334000-05:00,26,26,True,,,17.290000000000873,0.5849041284962609
p184:S3:2,184,2026-09-01:NY,2,S3,2026-09-01,NY,2026-09-01:NY,2026-09-01T08:53:16.675000-05:00,8,trend-down,trend,short,not-recorded,sweep_reclaim,fade,long,B,OR-L sweep has already printed (low 29040); a 5m close back above 29062.75 converts it to a discount sweep-reclaim long.,29062.75,confirm.ref_price,"[""p184:L3""]","[""OR-L""]",OR-L,A,False,[],False,[],[],False,,,,,,,29.5604,,not observed (complete window),[],2026-09-01T08:53:16.675000-05:00,2026-09-01T09:20:44.334000-05:00,26,26,True,,,57.25,1.9367126290577934
p184:S4:3,184,2026-09-01:NY,2,S4,2026-09-01,NY,2026-09-01:NY,2026-09-01T08:53:16.675000-05:00,8,trend-down,trend,short,not-recorded,reclaim,follow,long,C,If ISM resolves strong: 5m close above 29095.50 EQL·4h reclaims the broken shelf and flips intraday path long.,29095.5,confirm.ref_price,"[""p184:L5""]","[""EQL·4h (HTF)""]",EQL,A,False,[],False,[],[],False,,,,,,,29.5604,,observed,[1788271020000],2026-09-01T08:53:16.675000-05:00,2026-09-01T09:20:44.334000-05:00,26,26,True,,,24.5,0.8288115181120688
p185:S1:0,185,2026-09-01:NY,3,S1,2026-09-01,NY,2026-09-01:NY,2026-09-01T09:20:44.334000-05:00,9,trend-down,trend,short,not-recorded,reject,fade,short,B,Price rallies into 29182.00 SWG-L·15m; fade the first touch with a structure stop above 29220.75.,29182,confirm.ref_price,"[""p185:L6""]","[""SWG-L·15m""]",SWG-L,A,True,[],False,[],[585],True,29182,29220.75,29085,38.75,2.503225806451613,0.6258064516129033,38.6592,1.002348729409817,observed,[1788273000000],2026-09-01T09:20:44.334000-05:00,2026-09-01T10:24:39.842000-05:00,63,63,True,,,36.25,0.9376810694478934
p185:S2:1,185,2026-09-01:NY,3,S2,2026-09-01,NY,2026-09-01:NY,2026-09-01T09:20:44.334000-05:00,9,trend-down,trend,short,not-recorded,reject,fade,short,B,Price rallies into 29085.00 OB(bull)·1h; fade the first touch with a structure stop above.,29085,confirm.ref_price,"[""p185:L3""]","[""OB(bull)·1h""]",OB,C,True,[],False,[],[],True,29085,29125,29062.75,40,0.55625,0.55625,38.6592,1.034682559390779,not observed (complete window),[],2026-09-01T09:20:44.334000-05:00,2026-09-01T10:24:39.842000-05:00,63,63,True,,,60.75,1.5714241370747455
p186:S1:0,186,2026-09-01:NY,4,S1,2026-09-01,NY,2026-09-01:NY,2026-09-01T10:24:39.842000-05:00,10,trend,trend,short,not-recorded,reject,fade,short,B,Touch-and-reject from below at 29170.00 EQL·15m after a 5m close back above the level voided the breakdown,29170,confirm.ref_price,"[""p186:L1""]","[""EQL·15m (HTF)""]",EQL,A,True,[27],True,[],[],True,29170,29210,29082.75,40,2.18125,1.125,32.9537,1.213824244318544,observed,[1788279960000],2026-09-01T10:24:39.842000-05:00,2026-09-01T13:00:02.422000-05:00,155,155,True,,,40.75,1.2365834488995167
p186:S2:1,186,2026-09-01:NY,4,S2,2026-09-01,NY,2026-09-01:NY,2026-09-01T10:24:39.842000-05:00,10,trend,trend,short,not-recorded,reject,fade,short,C,Touch of 29209.25 Supply·1h and rejection from the 29212.50 OB(bull)·1h cluster,29209.25,confirm.ref_price,"[""p186:L7""]","[""Supply·1h""]",SUPPLY,C,False,[],False,[],[],False,,,,,,,32.9537,,observed,[1788276300000],2026-09-01T10:24:39.842000-05:00,2026-09-01T13:00:02.422000-05:00,155,155,True,,,1.5,0.0455184091619454
p186:S3:2,186,2026-09-01:NY,4,S3,2026-09-01,NY,2026-09-01:NY,2026-09-01T10:24:39.842000-05:00,10,trend,trend,short,not-recorded,sweep_reclaim,fade,long,B,Sweep of 29082.75 ONL followed by a 1m MSS back above 29082.75,29082.75,confirm.ref_price,"[""p186:L4""]","[""ONL""]",ONL,A,False,[],False,[],[],False,,,,,,,32.9537,,not observed (complete window),[],2026-09-01T10:24:39.842000-05:00,2026-09-01T13:00:02.422000-05:00,155,155,True,,,128.0,3.884237581819341
p187:S1:0,187,2026-09-01:NY,5,S1,2026-09-01,NY,2026-09-01:NY,2026-09-01T13:00:02.422000-05:00,13,trend,trend,short,not-recorded,reject,fade,short,B,first touch of 29100.50 after the failed breakdown,29100.5,confirm.ref_price,"[""p187:L6""]","[""SWG-L·5m""]",SWG-L,A,True,[],False,[],[],True,29100.5,29130,29082.75,29.5,0.6016949152542372,0.6016949152542372,26.9466,1.094757780202326,observed,[1788286500000],2026-09-01T13:00:02.422000-05:00,2026-09-01T14:45:00-05:00,104,104,True,,,39.75,1.4751397207811003
p187:S2:1,187,2026-09-01:NY,5,S2,2026-09-01,NY,2026-09-01:NY,2026-09-01T13:00:02.422000-05:00,13,trend,trend,short,not-recorded,reject,fade,short,B,first touch of 29162.00 after lunch,29162,confirm.ref_price,"[""p187:L2""]","[""SWG-H·5m""]",SWG-H,A,True,[26],True,[],[],True,29162,29189,29100.5,27,2.2777777777777777,2.2777777777777777,26.9466,1.0019816971343323,not observed (complete window),[],2026-09-01T13:00:02.422000-05:00,2026-09-01T14:45:00-05:00,104,104,True,,,21.75,0.8071519226915455
p187:S3:2,187,2026-09-01:NY,5,S3,2026-09-01,NY,2026-09-01:NY,2026-09-01T13:00:02.422000-05:00,13,trend,trend,short,not-recorded,sweep_reclaim,fade,long,B,sweep of 29082.75 ONL and 5m close back above 29082.75,29082.75,confirm.ref_price,"[""p187:L7""]","[""ONL""]",ONL,A,True,[28],True,[28],[586],True,29082.75,29055.75,29162,27.0,2.935185185185185,1.75,26.9466,1.0019816971343323,observed,[1788287400000],2026-09-01T13:00:02.422000-05:00,2026-09-01T14:45:00-05:00,104,104,True,,,57.5,2.133849910563856
p188:S0:0,188,2026-09-01:ASIA,1,S0,2026-09-01,ASIA,2026-09-01:ASIA,2026-09-01T17:23:14.552000-05:00,17,no-trade,no-trade,neutral,not-recorded,hold,stand-aside,long,B,none,,unresolved,[],[],unresolved,unresolved,False,[],False,[],[],False,,,,,,,21.6249,,unknown,[],2026-09-01T17:23:14.552000-05:00,2026-09-01T18:00:41.426000-05:00,36,36,True,,,,
p189:S0:0,189,2026-09-01:ASIA,2,S0,2026-09-01,ASIA,2026-09-01:ASIA,2026-09-01T18:00:41.426000-05:00,18,no-trade,no-trade,neutral,not-recorded,hold,stand-aside,long,B,none,,unresolved,[],[],unresolved,unresolved,False,[],False,[],[],False,,,,,,,18.0573,,unknown,[],2026-09-01T18:00:41.426000-05:00,2026-09-01T21:14:52.024000-05:00,193,193,True,,,,
p190:S0:0,190,2026-09-01:ASIA,3,S0,2026-09-01,ASIA,2026-09-01:ASIA,2026-09-01T21:14:52.024000-05:00,21,no-trade,no-trade,neutral,not-recorded,hold,stand-aside,long,B,none,,unresolved,[],[],unresolved,unresolved,False,[],False,[],[],False,,,,,,,21.3301,,unknown,[],2026-09-01T21:14:52.024000-05:00,2026-09-01T21:53:46.232000-05:00,38,38,True,,,,
p191:S0:0,191,2026-09-01:ASIA,4,S0,2026-09-01,ASIA,2026-09-01:ASIA,2026-09-01T21:53:46.232000-05:00,21,no-trade,no-trade,neutral,not-recorded,hold,stand-aside,long,B,none,,unresolved,[],[],unresolved,unresolved,False,[],False,[],[],False,,,,,,,20.0322,,unknown,[],2026-09-01T21:53:46.232000-05:00,2026-09-01T23:12:44.863000-05:00,78,78,True,,,,
p192:S1:0,192,2026-09-01:ASIA,5,S1,2026-09-01,ASIA,2026-09-01:ASIA,2026-09-01T23:12:44.863000-05:00,23,balance,balance,long,not-recorded,sweep_reclaim,fade,long,B,"re-test sweep of 29042.25 ONL, then 1x5m close back above 29045.00",29042.25,confirm.ref_price,"[""p192:L0""]","[""ONL""]",ONL,A,False,[],False,[],[],False,,,,,,,15.2778,,observed,[1788322380000],2026-09-01T23:12:44.863000-05:00,2026-09-01T23:20:29.111000-05:00,7,7,True,,,3.75,0.2454541884302714
p192:S2:1,192,2026-09-01:ASIA,5,S2,2026-09-01,ASIA,2026-09-01:ASIA,2026-09-01T23:12:44.863000-05:00,23,balance,balance,long,not-recorded,breakout_retest,follow,long,C,"breakout above 29062.75 OR-L, then retest holds at 29062.75; stop-entry above 29065.00",29062.75,confirm.ref_price,"[""p192:L3""]","[""OR-L""]",OR-L,C,False,[],False,[],[],False,,,,,,,15.2778,,observed,[1788322500000],2026-09-01T23:12:44.863000-05:00,2026-09-01T23:20:29.111000-05:00,7,7,True,,,24.25,1.587270418515755
p193:S1:0,193,2026-09-01:ASIA,6,S1,2026-09-01,ASIA,2026-09-01:ASIA,2026-09-01T23:20:29.111000-05:00,23,balance,balance,long,not-recorded,sweep_reclaim,fade,long,A,"Sweep of ONL 29035.25 (trade through overnight-low stops), then a reclaim: 1m MSS up or a 5m close back above 29035.25.",29035.25,confirm.ref_price,"[""p193:L2""]","[""ONL""]",ONL,A,True,[30],True,[30],[],True,29035.25,29018,29071.41,17.25,2.096231884057963,2.096231884057963,15.2375,1.1320754716981132,not observed (complete window),[],2026-09-01T23:20:29.111000-05:00,2026-09-01T23:58:16.814000-05:00,37,37,True,,,25.25,1.6570959803117309
p193:S2:1,193,2026-09-01:ASIA,6,S2,2026-09-01,ASIA,2026-09-01:ASIA,2026-09-01T23:20:29.111000-05:00,23,balance,balance,long,not-recorded,reject,fade,long,B,"First-touch reaction at VWAP−2σ 29040.61: price dips to the react zone and rejects upward with no 5m acceptance, mean-reverting toward the magnets.",29040.61,confirm.ref_price,"[""p193:L3""]","[""VWAP−2σ""]",VWAP,A,True,[],False,[],[],True,29040.61,29020,29113.23,20.610000000000582,3.5235322658901955,1.4944201843764386,15.2375,1.3525840853158708,not observed (complete window),[],2026-09-01T23:20:29.111000-05:00,2026-09-01T23:58:16.814000-05:00,37,37,True,,,19.889999999999418,1.3053322395405689
p193:S3:2,193,2026-09-01:ASIA,6,S3,2026-09-01,ASIA,2026-09-01:ASIA,2026-09-01T23:20:29.111000-05:00,23,balance,balance,long,not-recorded,reclaim,follow,long,B,"Reclaim of the lost VWAP−1σ 29071.41: price 5m-closes back above the magnet after a bounce off ONL/VWAP−2σ, turning it to support.",29071.41,confirm.ref_price,"[""p193:L5""]","[""VWAP−1σ""]",VWAP,A,False,[],False,[],[],False,,,,,,,15.2375,,not observed (complete window),[],2026-09-01T23:20:29.111000-05:00,2026-09-01T23:58:16.814000-05:00,37,37,True,,,10.909999999999854,0.7159967186218116
p194:S1:0,194,2026-09-01:ASIA,7,S1,2026-09-01,ASIA,2026-09-01:ASIA,2026-09-01T23:58:16.814000-05:00,23,trend,trend,long,not-recorded,reject,fade,long,A,Price touches 29044.00 (SWG-L·15m) and rejects upward,29044,confirm.ref_price,"[""p194:L2""]","[""SWG-L·15m""]",SWG-L,A,True,[29],True,[29],[],True,29044,29025,29099.85,19,2.9394736842104496,1.2657894736841722,14.6328,1.2984527909901045,observed,[1788325320000],2026-09-01T23:58:16.814000-05:00,2026-09-02T00:19:46.268000-05:00,20,20,True,9.5,0.6492263954950522,12.75,0.8713301623749385
p194:S2:1,194,2026-09-01:ASIA,7,S2,2026-09-01,ASIA,2026-09-01:ASIA,2026-09-01T23:58:16.814000-05:00,23,trend,trend,long,not-recorded,reclaim,follow,long,C,Price reclaims 29062.75 (OR-L) with a 5m close above,29062.75,confirm.ref_price,"[""p194:L3""]","[""OR-L""]",OR-L,C,False,[],False,[],[],False,,,,,,,14.6328,,observed,[1788325980000],2026-09-01T23:58:16.814000-05:00,2026-09-02T00:19:46.268000-05:00,20,20,True,9.25,0.6321414903504456,6.0,0.4100377234705593
p194:S3:2,194,2026-09-01:ASIA,7,S3,2026-09-01,ASIA,2026-09-01:ASIA,2026-09-01T23:58:16.814000-05:00,23,trend,trend,long,not-recorded,reject,fade,long,B,Price touches 29068.05 (VWAP−1σ) and rejects upward,29068.05,confirm.ref_price,"[""p194:L4""]","[""VWAP−1σ""]",VWAP,A,True,[31],True,[31],[587],True,29068.05,29044,29131.66,24.049999999999272,2.644906444906549,1.322245322245332,14.6328,1.643567874911109,observed,[1788326040000],2026-09-01T23:58:16.814000-05:00,2026-09-02T00:19:46.268000-05:00,20,20,True,14.549999999999272,0.9943414794160566,11.299999999999272,0.7722377125361704
p195:S1:0,195,2026-09-01:ASIA,8,S1,2026-09-01,ASIA,2026-09-01:ASIA,2026-09-02T00:19:46.268000-05:00,0,balance,balance,long,not-recorded,sweep_reclaim,fade,long,B,Sweep of ONL 29035.25 followed by a 5m close back above 29035.25; entry on that reclaim close.,29035.25,confirm.ref_price,"[""p195:L2""]","[""ONL""]",ONL,A,False,[],False,[],[],False,,,,,,,15.0918,,not observed (complete window),[],2026-09-02T00:19:46.268000-05:00,2026-09-02T00:47:12.316000-05:00,27,27,True,,,48.0,3.1805351250347873
p195:S2:1,195,2026-09-01:ASIA,8,S2,2026-09-01,ASIA,2026-09-01:ASIA,2026-09-02T00:19:46.268000-05:00,0,balance,balance,long,not-recorded,reclaim,follow,long,B,"After a dip back under PDC 29058.75, a 5m close back above 29058.75; entry on that close.",29058.75,confirm.ref_price,"[""p195:L3""]","[""PDC""]",PDC,A,False,[],False,[],[],False,,,,,,,15.0918,,not observed (complete window),[],2026-09-02T00:19:46.268000-05:00,2026-09-02T00:47:12.316000-05:00,27,27,True,,,24.5,1.623398136736506
p195:S3:2,195,2026-09-01:ASIA,8,S3,2026-09-01,ASIA,2026-09-01:ASIA,2026-09-02T00:19:46.268000-05:00,0,balance,balance,long,not-recorded,breakout_retest,follow,long,B,A 5m close above VWAP 29097.88 followed by a retest of 29097.88 that holds; entry at the retest or stop-entry.,29097.88,confirm.ref_price,"[""p195:L6""]","[""VWAP""]",VWAP,A,False,[],False,[],[],False,,,,,,,15.0918,,observed,[1788327000000],2026-09-02T00:19:46.268000-05:00,2026-09-02T00:47:12.316000-05:00,27,27,True,,,14.630000000001019,0.9694006016512954
p196:S1:0,196,2026-09-01:ASIA,9,S1,2026-09-01,ASIA,2026-09-01:ASIA,2026-09-02T00:47:12.316000-05:00,0,balance,balance,long,not-recorded,sweep_reclaim,fade,long,B,"Price sweeps ONL 29035.25 with a wick below, then closes back above it",29035.25,confirm.ref_price,"[""p196:L4""]","[""ONL""]",ONL,A,False,[],False,[],[],False,,,,,,,16.2235,,observed,[1788329820000],2026-09-02T00:47:12.316000-05:00,2026-09-02T01:51:21.943000-05:00,63,63,True,63.75,3.929485006317995,60.75,3.744568064844207
p196:S2:1,196,2026-09-01:ASIA,9,S2,2026-09-01,ASIA,2026-09-01:ASIA,2026-09-02T00:47:12.316000-05:00,0,balance,balance,long,not-recorded,reclaim,follow,long,B,Pullback to PDC 29058.75 and 5m close back above it,29058.75,confirm.ref_price,"[""p196:L3""]","[""PDC""]",PDC,A,False,[],False,[],[],False,,,,,,,16.2235,,observed,[1788328860000],2026-09-02T00:47:12.316000-05:00,2026-09-02T01:51:21.943000-05:00,63,63,True,40.25,2.4809689647733224,37.25,2.2960520232995343
p197:S0:0,197,2026-09-02:LONDON,1,S0,2026-09-02,LONDON,2026-09-02:LONDON,2026-09-02T01:37:44.942000-05:00,1,no-trade,no-trade,neutral,not-recorded,hold,stand-aside,long,B,none,,unresolved,[],[],unresolved,unresolved,False,[],False,[],[],False,,,,,,,18.706,,unknown,[],2026-09-02T01:37:44.942000-05:00,2026-09-02T07:15:26.915000-05:00,337,337,True,,,,
p198:S1:0,198,2026-09-01:ASIA,10,S1,2026-09-01,ASIA,2026-09-01:ASIA,2026-09-02T01:51:21.943000-05:00,1,balance,balance,long,not-recorded,sweep_reclaim,fade,long,B,"Price sweeps 29016.50 ONL, wicks below, then closes back above on 5m (reclaim close on decision TF).",29016.5,confirm.ref_price,"[""p198:L2""]","[""ONL""]",ONL,A,False,[],False,[],[],False,,,,,,,21.3579,,not observed (complete window),[],2026-09-02T01:51:21.943000-05:00,2026-09-02T02:00:00-05:00,8,8,True,48.5,2.2708225059579825,44.5,2.0835381755696956
p198:S2:1,198,2026-09-01:ASIA,10,S2,2026-09-01,ASIA,2026-09-01:ASIA,2026-09-02T01:51:21.943000-05:00,1,balance,balance,long,not-recorded,reject,fade,short,B,Price rallies into 29317.25 RTH-H and rejects with a 5m close back below the level.,29317.25,confirm.ref_price,"[""p198:L9""]","[""RTH-H""]",RTH-H,A,True,[],False,[],[],True,29317.25,29342,29212.5,24.75,4.232323232323233,4.232323232323233,21.3579,1.1588217942775272,not observed (complete window),[],2026-09-02T01:51:21.943000-05:00,2026-09-02T02:00:00-05:00,8,8,True,252.25,11.810618085111363,256.25,11.99790241549965
p199:S1:0,199,2026-09-02:LONDON,2,S1,2026-09-02,LONDON,2026-09-02:LONDON,2026-09-02T07:15:26.915000-05:00,7,balance,balance,long,not-recorded,sweep_reclaim,fade,long,A,Price trades below 29001.75 PDL (sweep) and then prints a 5m close back above 29001.75 (reclaim).,29001.75,confirm.ref_price,"[""p199:L1""]","[""PDL""]",PDL,A,False,[],False,[],[],False,,,,,,,26.5799,,not observed (complete window),[],2026-09-02T07:15:26.915000-05:00,2026-09-02T07:21:59.485000-05:00,5,5,True,103.75,3.903325445167213,122.0,4.58993449937735
p199:S2:1,199,2026-09-02:LONDON,2,S2,2026-09-02,LONDON,2026-09-02:LONDON,2026-09-02T07:15:26.915000-05:00,7,balance,balance,long,not-recorded,breakout_retest,follow,long,B,"Price breaks above 29171.25 ONH on the 5m, then pulls back to touch 29171.25 as support.",29171.25,confirm.ref_price,"[""p199:L6""]","[""ONH""]",ONH,A,False,[],False,[],[],False,,,,,,,26.5799,,not observed (complete window),[],2026-09-02T07:15:26.915000-05:00,2026-09-02T07:21:59.485000-05:00,5,5,True,65.75,2.4736737158529567,47.5,1.7870646616428205
p199:S3:2,199,2026-09-02:LONDON,2,S3,2026-09-02,LONDON,2026-09-02:LONDON,2026-09-02T07:15:26.915000-05:00,7,balance,balance,long,not-recorded,reject,fade,short,B,"Price rallies into 29317.25 RTH-H, wicks above it, and rejects without a 5m close above.",29317.25,confirm.ref_price,"[""p199:L9""]","[""RTH-H""]",RTH-H,A,True,[],False,[],[],True,29317.25,29345.25,29246.25,28.0,2.5357142857142856,2.5357142857142856,26.5799,1.053427590021031,not observed (complete window),[],2026-09-02T07:15:26.915000-05:00,2026-09-02T07:21:59.485000-05:00,5,5,True,211.75,7.966546149534047,193.5,7.279937095323911
p200:S1:0,200,2026-09-02:LONDON,3,S1,2026-09-02,LONDON,2026-09-02:LONDON,2026-09-02T07:21:59.485000-05:00,7,balance,balance,long,not-recorded,hold,fade,long,B,Dips to 29117.48 VWAP+1σ and holds above it; entry on the hold with a 1x5m close above 29117.48 as fallback.,29117.48,confirm.ref_price,"[""p200:L0""]","[""VWAP+1σ""]",VWAP,A,False,[],False,[],[],False,,,,,,,27.5906,,observed,[1788351780000],2026-09-02T07:21:59.485000-05:00,2026-09-02T07:44:03.782000-05:00,22,22,True,,,20.270000000000437,0.7346705037222981
p200:S2:1,200,2026-09-02:LONDON,3,S2,2026-09-02,LONDON,2026-09-02:LONDON,2026-09-02T07:21:59.485000-05:00,7,balance,balance,long,not-recorded,reclaim,follow,long,B,Undercut of 29058.75 PDC followed by a 1x5m close back above 29058.75.,29058.75,confirm.ref_price,"[""p200:L1""]","[""PDC""]",PDC,B,False,[],False,[],[588],False,,,,,,,27.5906,,not observed (complete window),[],2026-09-02T07:21:59.485000-05:00,2026-09-02T07:44:03.782000-05:00,22,22,True,,,79.0,2.8632940204272472
p200:S3:2,200,2026-09-02:LONDON,3,S3,2026-09-02,LONDON,2026-09-02:LONDON,2026-09-02T07:21:59.485000-05:00,7,balance,balance,long,not-recorded,breakout_retest,follow,long,B,Thrust through 29171.25 ONH then pullback to 29171.25; a 1x5m close above 29171.25 validates the break-retest.,29171.25,confirm.ref_price,"[""p200:L4""]","[""ONH""]",ONH,A,False,[],False,[],[],False,,,,,,,27.5906,,not observed (complete window),[],2026-09-02T07:21:59.485000-05:00,2026-09-02T07:44:03.782000-05:00,22,22,True,,,33.5,1.2141816415735796
p200:S4:3,200,2026-09-02:LONDON,3,S4,2026-09-02,LONDON,2026-09-02:LONDON,2026-09-02T07:21:59.485000-05:00,7,balance,balance,long,not-recorded,reject,fade,short,B,"First touch of 29317.25 RTH-H from below; short on the touch, structure stop beyond 29324.50.",29317.25,confirm.ref_price,"[""p200:L7""]","[""RTH-H""]",RTH-H,A,True,[],False,[],[],True,29317.25,29350,29246.25,32.75,2.16793893129771,2.16793893129771,27.5906,1.1869984704935739,not observed (complete window),[],2026-09-02T07:21:59.485000-05:00,2026-09-02T07:44:03.782000-05:00,22,22,True,,,179.5,6.505838945147985
p200:S5:4,200,2026-09-02:LONDON,3,S5,2026-09-02,LONDON,2026-09-02:LONDON,2026-09-02T07:21:59.485000-05:00,7,balance,balance,long,not-recorded,sweep_reclaim,fade,long,A,Re-test of 28927.25 ONL: a sweep below 28927.25 (touch) then a 5m close back above 28927.25; leg-2 is a 1m_mss above 28927.25.,28927.25,confirm.ref_price,"[""p200:L3""]","[""ONL""]",ONL,A,False,[],False,[],[],False,,,,,,,27.5906,,not observed (complete window),[],2026-09-02T07:21:59.485000-05:00,2026-09-02T07:44:03.782000-05:00,22,22,True,,,210.5,7.62941001645488
p201:S1:0,201,2026-09-02:LONDON,4,S1,2026-09-02,LONDON,2026-09-02:LONDON,2026-09-02T07:44:03.782000-05:00,7,balance,balance,long,not-recorded,reclaim,follow,long,B,"Pullback to VWAP 29066.56 holds; wick below 29066.56, then 5m close back above 29066.56",29066.56,confirm.ref_price,"[""p201:L4""]","[""VWAP""]",VWAP,A,False,[],False,[],[],False,,,,,,,29.7791,,observed,[1788353100000],2026-09-02T07:44:03.782000-05:00,2026-09-02T08:01:50.097000-05:00,16,16,True,,,4.68999999999869,0.15749300684032394
p201:S2:1,201,2026-09-02:LONDON,4,S2,2026-09-02,LONDON,2026-09-02:LONDON,2026-09-02T07:44:03.782000-05:00,7,balance,balance,long,not-recorded,sweep_reclaim,fade,long,B,"Sweep below ONL 28927.25, then 5m close back above 28927.25",28927.25,confirm.ref_price,"[""p201:L1""]","[""ONL""]",ONL,A,False,[],False,[],[],False,,,,,,,29.7791,,not observed (complete window),[],2026-09-02T07:44:03.782000-05:00,2026-09-02T08:01:50.097000-05:00,16,16,True,,,144.0,4.835606180173343
p201:S3:2,201,2026-09-02:LONDON,4,S3,2026-09-02,LONDON,2026-09-02:LONDON,2026-09-02T07:44:03.782000-05:00,7,balance,balance,long,not-recorded,reject,fade,long,B,First touch of RTH-L 29001.75 rejects back up; no 5m close below 29001.75,29001.75,confirm.ref_price,"[""p201:L0""]","[""RTH-L""]",RTH-L,A,True,[],False,[],[],True,29001.75,28927.25,29171.25,74.5,2.2751677852348995,0.8699328859060579,29.7791,2.5017545862702364,not observed (complete window),[],2026-09-02T07:44:03.782000-05:00,2026-09-02T08:01:50.097000-05:00,16,16,True,,,69.5,2.3338515939031064
p201:S4:3,201,2026-09-02:LONDON,4,S4,2026-09-02,LONDON,2026-09-02:LONDON,2026-09-02T07:44:03.782000-05:00,7,balance,balance,long,not-recorded,breakout_retest,follow,long,B,5m closes above ONH 29171.25; pullback retests 29171.25,29171.25,confirm.ref_price,"[""p201:L5""]","[""ONH""]",ONH,A,False,[],False,[],[],False,,,,,,,29.7791,,not observed (complete window),[],2026-09-02T07:44:03.782000-05:00,2026-09-02T08:01:50.097000-05:00,16,16,True,,,100.0,3.3580598473425995
p201:S5:4,201,2026-09-02:LONDON,4,S5,2026-09-02,LONDON,2026-09-02:LONDON,2026-09-02T07:44:03.782000-05:00,7,balance,balance,long,not-recorded,reject,fade,short,C,First touch of RTH-H 29317.25 rejects back down; no 5m close above 29317.25,29317.25,confirm.ref_price,"[""p201:L8""]","[""RTH-H""]",RTH-H,A,False,[],False,[],[],False,,,,,,,29.7791,,not observed (complete window),[],2026-09-02T07:44:03.782000-05:00,2026-09-02T08:01:50.097000-05:00,16,16,True,,,246.0,8.260827224462794
p202:S1:0,202,2026-09-02:LONDON,5,S1,2026-09-02,LONDON,2026-09-02:LONDON,2026-09-02T08:01:50.097000-05:00,8,balance,balance,long,not-recorded,reject,fade,long,A,Price pulls into VWAP−1σ 29014.19 and leaves a rejection with price holding above it.,29014.19,confirm.ref_price,"[""p202:L1""]","[""VWAP−1σ""]",VWAP,A,True,[],False,[],[],True,29014.19,28985.5,29171.25,28.68999999999869,5.474381317532536,1.553154409201929,26.4085,1.0863926387336915,not observed (complete window),[],2026-09-02T08:01:50.097000-05:00,2026-09-02T08:20:47.995000-05:00,18,18,True,44.06000000000131,1.6684022189825742,32.81000000000131,1.2424030141810898
p202:S2:1,202,2026-09-02:LONDON,5,S2,2026-09-02,LONDON,2026-09-02:LONDON,2026-09-02T08:01:50.097000-05:00,8,balance,balance,long,not-recorded,sweep_reclaim,fade,long,B,Price sweeps ONL 28927.25 and prints a 1m MSS back above it.,28927.25,confirm.ref_price,"[""p202:L3""]","[""ONL""]",ONL,A,False,[],False,[],[],False,,,,,,,26.4085,,not observed (complete window),[],2026-09-02T08:01:50.097000-05:00,2026-09-02T08:20:47.995000-05:00,18,18,True,131.0,4.960524073688396,119.75,4.534524868886911
p202:S3:2,202,2026-09-02:LONDON,5,S3,2026-09-02,LONDON,2026-09-02:LONDON,2026-09-02T08:01:50.097000-05:00,8,balance,balance,long,not-recorded,reject,fade,short,B,"Price rallies into RTH-H 29317.25 and rejects, leaving price below it.",29317.25,confirm.ref_price,"[""p202:L6""]","[""RTH-H""]",RTH-H,A,False,[],False,[],[],False,,,,,,,26.4085,,not observed (complete window),[],2026-09-02T08:01:50.097000-05:00,2026-09-02T08:20:47.995000-05:00,18,18,True,259.0,9.80744835942973,270.25,10.233447564231213
p203:S1:0,203,2026-09-02:NY,1,S1,2026-09-02,NY,2026-09-02:NY,2026-09-02T08:09:44.227000-05:00,8,balance,balance,neutral,not-recorded,sweep_reclaim,fade,long,B,"price returns to ONL 28927.25, sweeps below it, then prints a 1x5m close back above 28927.25",28927.25,confirm.ref_price,"[""p203:L2""]","[""ONL""]",ONL,A,False,[],False,[],[],False,,,,,,,25.642,,not observed (complete window),[],2026-09-02T08:09:44.227000-05:00,2026-09-02T08:45:28.139000-05:00,35,35,True,,,139.5,5.4402932688557835
p203:S2:1,203,2026-09-02:NY,1,S2,2026-09-02,NY,2026-09-02:NY,2026-09-02T08:09:44.227000-05:00,8,balance,balance,neutral,not-recorded,reclaim,follow,long,B,1x5m close back above PDC 29058.75 after holding above 29014.14,29058.75,confirm.ref_price,"[""p203:L5""]","[""PDC""]",PDC,B,False,[],False,[],[],False,,,,,,,25.642,,observed,[1788355800000],2026-09-02T08:09:44.227000-05:00,2026-09-02T08:45:28.139000-05:00,35,35,True,,,8.0,0.3119881444505109
p203:S3:2,203,2026-09-02:NY,1,S3,2026-09-02,NY,2026-09-02:NY,2026-09-02T08:09:44.227000-05:00,8,balance,balance,neutral,not-recorded,reject,fade,long,C,price trades down into VWAP−1σ 29014.14 and stalls/rejects before reaching 29001.75,29014.14,confirm.ref_price,"[""p203:L0""]","[""VWAP−1σ""]",VWAP,A,False,[],False,[],[],False,,,,,,,25.642,,not observed (complete window),[],2026-09-02T08:09:44.227000-05:00,2026-09-02T08:45:28.139000-05:00,35,35,True,,,52.61000000000058,2.0517120349426947
p203:S4:3,203,2026-09-02:NY,1,S4,2026-09-02,NY,2026-09-02:NY,2026-09-02T08:09:44.227000-05:00,8,balance,balance,neutral,not-recorded,reject,fade,short,B,first touch of 29317.25 RTH-H after an up move fails to hold above it,29317.25,confirm.ref_price,"[""p203:L9""]","[""RTH-H""]",RTH-H,A,True,[],False,[],[],True,29317.25,29343,29246.25,25.75,2.7572815533980584,2.7572815533980584,25.642,1.004211839950082,not observed (complete window),[],2026-09-02T08:09:44.227000-05:00,2026-09-02T08:45:28.139000-05:00,35,35,True,,,250.5,9.769128773106623
p204:S1:0,204,2026-09-02:LONDON,6,S1,2026-09-02,LONDON,2026-09-02:LONDON,2026-09-02T08:20:47.995000-05:00,8,balance,balance,long,not-recorded,reject,fade,long,B,Touch of 29014.42 VWAP−1σ with a 5m bullish reject closing back above 29014.42.,29014.42,confirm.ref_price,"[""p204:L1""]","[""VWAP−1σ""]",VWAP,A,False,[],False,[],[],False,,,,,,,24.2774,,not observed (complete window),[],2026-09-02T08:20:47.995000-05:00,2026-09-02T08:30:00-05:00,9,9,True,48.330000000001746,1.9907403593466246,60.830000000001746,2.505622513119269
p204:S2:1,204,2026-09-02:LONDON,6,S2,2026-09-02,LONDON,2026-09-02:LONDON,2026-09-02T08:20:47.995000-05:00,8,balance,balance,long,not-recorded,reject,fade,long,B,Touch of 29001.75 RTH-L with a 5m bullish reject closing back above 29001.75.,29001.75,confirm.ref_price,"[""p204:L2""]","[""RTH-L""]",RTH-L,A,True,[],False,[],[],True,29001.75,28975.75,29058.75,26.0,2.1923076923076925,2.1923076923076925,24.2774,1.0709548798471007,not observed (complete window),[],2026-09-02T08:20:47.995000-05:00,2026-09-02T08:30:00-05:00,9,9,True,61.0,2.5126249104105054,73.5,3.02750706418315
p204:S3:2,204,2026-09-02:LONDON,6,S3,2026-09-02,LONDON,2026-09-02:LONDON,2026-09-02T08:20:47.995000-05:00,8,balance,balance,long,not-recorded,sweep_reclaim,fade,long,B,"Sweep below 28927.25 ONL, then a 5m close back above 28927.25.",28927.25,confirm.ref_price,"[""p204:L3""]","[""ONL""]",ONL,A,False,[],False,[],[],False,,,,,,,24.2774,,not observed (complete window),[],2026-09-02T08:20:47.995000-05:00,2026-09-02T08:30:00-05:00,9,9,True,135.5,5.581322546895467,148.0,6.096204700668111
p204:S4:3,204,2026-09-02:LONDON,6,S4,2026-09-02,LONDON,2026-09-02:LONDON,2026-09-02T08:20:47.995000-05:00,8,balance,balance,long,not-recorded,breakout_retest,follow,long,B,"Break above 29171.25 ONH, then pullback retest holds above 29171.25.",29171.25,confirm.ref_price,"[""p204:L4""]","[""ONH""]",ONH,A,False,[],False,[],[],False,,,,,,,24.2774,,not observed (complete window),[],2026-09-02T08:20:47.995000-05:00,2026-09-02T08:30:00-05:00,9,9,True,108.5,4.469177094746555,96.0,3.95429494097391
p205:S1:0,205,2026-09-02:NY,2,S1,2026-09-02,NY,2026-09-02:NY,2026-09-02T08:45:28.139000-05:00,8,balance,balance,long,not-recorded,sweep_reclaim,fade,long,B,"Wick below 29042.75 OR-L, then a 5m close back above 29042.75 confirms the sweep-reclaim",29042.75,confirm.ref_price,"[""p205:L8""]","[""OR-L""]",OR-L,A,False,[],False,[],[],False,,,,,,,29.8054,,observed,[1788356940000],2026-09-02T08:45:28.139000-05:00,2026-09-02T09:21:18.759000-05:00,35,35,True,65.0,2.1808128728351237,47.5,1.5936709455333598
p205:S2:1,205,2026-09-02:NY,2,S2,2026-09-02,NY,2026-09-02:NY,2026-09-02T08:45:28.139000-05:00,8,balance,balance,long,not-recorded,breakout_retest,follow,long,B,"5m close above 29115.10 VWAP+1σ, then retest holds above 29115.10",29115.1,confirm.ref_price,"[""p205:L5""]","[""VWAP+1σ""]",VWAP,A,False,[],False,[],[],False,,,,,,,29.8054,,observed,[1788358200000],2026-09-02T08:45:28.139000-05:00,2026-09-02T09:21:18.759000-05:00,35,35,True,7.349999999998545,0.24659960946669213,24.849999999998545,0.8337415367684562
p205:S3:2,205,2026-09-02:NY,2,S3,2026-09-02,NY,2026-09-02:NY,2026-09-02T08:45:28.139000-05:00,8,balance,balance,long,not-recorded,reclaim,follow,long,C,"Pullback to 29102.00 OR-H, then 5m close back above 29102.00",29102,confirm.ref_price,"[""p205:L6""]","[""OR-H""]",OR-H,A,False,[],False,[],[],False,,,,,,,29.8054,,observed,[1788358020000],2026-09-02T08:45:28.139000-05:00,2026-09-02T09:21:18.759000-05:00,35,35,True,5.75,0.1929180618277225,11.75,0.39422386547404165
p206:S1:0,206,2026-09-02:NY,3,S1,2026-09-02,NY,2026-09-02:NY,2026-09-02T09:21:18.759000-05:00,9,balance,balance,long,not-recorded,reclaim,follow,long,B,Reclaim of VWAP+1σ 29111.58 with a 1x5m close above 29111.58 after the current 09:00 push.,29111.58,confirm.ref_price,"[""p206:L6""]","[""VWAP+1σ""]",VWAP,A,False,[],False,[],[],False,,,,,,,35.8243,,not observed (complete window),[],2026-09-02T09:21:18.759000-05:00,2026-09-02T09:45:52.139000-05:00,23,23,True,,,38.169999999998254,1.0654779018710276
p206:S2:1,206,2026-09-02:NY,3,S2,2026-09-02,NY,2026-09-02:NY,2026-09-02T09:21:18.759000-05:00,9,balance,balance,long,not-recorded,sweep_reclaim,fade,long,B,Sweep of 28927.25 ONL then a 1m_mss back above 28927.25.,28927.25,confirm.ref_price,"[""p206:L1""]","[""ONL""]",ONL,A,False,[],False,[],[],False,,,,,,,35.8243,,not observed (complete window),[],2026-09-02T09:21:18.759000-05:00,2026-09-02T09:45:52.139000-05:00,23,23,True,,,222.5,6.210868042083167
p206:S3:2,206,2026-09-02:NY,3,S3,2026-09-02,NY,2026-09-02:NY,2026-09-02T09:21:18.759000-05:00,9,balance,balance,long,not-recorded,breakout_retest,follow,long,B,"Break above 29171.25 ONH with a 1x5m close, then a pullback retest holds 29171.25.",29171.25,confirm.ref_price,"[""p206:L7""]","[""ONH""]",ONH,A,False,[],False,[],[589],False,,,,,,,35.8243,,observed,[1788359040000],2026-09-02T09:21:18.759000-05:00,2026-09-02T09:45:52.139000-05:00,23,23,True,,,21.5,0.6001512939541037
p206:S4:3,206,2026-09-02:NY,3,S4,2026-09-02,NY,2026-09-02:NY,2026-09-02T09:21:18.759000-05:00,9,balance,balance,long,not-recorded,reject,fade,short,B,First touch of 29317.25 RTH-H in premium above the 29286.38 mid rejects; fade only on the touch.,29317.25,confirm.ref_price,"[""p206:L10""]","[""RTH-H""]",RTH-H,A,True,[],False,[],[],True,29317.25,29355,29209.25,37.75,2.8609271523178808,1.880794701986755,35.8243,1.053754016128717,not observed (complete window),[],2026-09-02T09:21:18.759000-05:00,2026-09-02T09:45:52.139000-05:00,23,23,True,,,167.5,4.675597290107553
p207:S1:0,207,2026-09-02:NY,4,S1,2026-09-02,NY,2026-09-02:NY,2026-09-02T09:45:52.139000-05:00,9,balance,balance,long,not-recorded,reject,fade,long,B,Price pulls back to 29135.65 VWAP+1σ and rejects on touch,29135.65,confirm.ref_price,"[""p207:L3""]","[""VWAP+1σ""]",VWAP,A,True,[],False,[],[],True,29135.65,29099,29209.25,36.650000000001455,2.0081855388811904,0.9713506139153378,36.2679,1.0105354873042403,observed,[1788360780000],2026-09-02T09:45:52.139000-05:00,2026-09-02T10:22:33.001000-05:00,36,36,True,46.349999999998545,1.277989627190947,65.84999999999854,1.8156551661386116
p207:S2:1,207,2026-09-02:NY,4,S2,2026-09-02,NY,2026-09-02:NY,2026-09-02T09:45:52.139000-05:00,9,balance,balance,long,not-recorded,reject,fade,short,B,Price rallies to 29317.25 RTH-H and rejects on touch,29317.25,confirm.ref_price,"[""p207:L7""]","[""RTH-H""]",RTH-H,A,True,[],False,[],[],True,29317.25,29354,29209.25,36.75,2.938775510204082,2.938775510204082,36.2679,1.0132927464782908,not observed (complete window),[],2026-09-02T09:45:52.139000-05:00,2026-09-02T10:22:33.001000-05:00,36,36,True,135.25,3.7291930329575194,115.75,3.1915274940098546
p208:S1:0,208,2026-09-02:NY,5,S1,2026-09-02,NY,2026-09-02:NY,2026-09-02T10:22:33.001000-05:00,10,balance,balance,long,not-recorded,reclaim,follow,long,B,"Price prints a 5m close back above VWAP+1σ 29143.97, reclaiming the session magnet after this morning's 29106.25 sweep-reclaim; the close confirms the 15m higher-low recovery.",29143.97,confirm.ref_price,"[""p208:L5""]","[""VWAP+1σ""]",VWAP,A,False,[],False,[],[],False,,,,,,,36.1991,,observed,[1788364140000],2026-09-02T10:22:33.001000-05:00,2026-09-02T10:50:53.844000-05:00,27,27,True,1.7200000000011642,0.047514993466720556,31.279999999998836,0.8641098811848591
p208:S2:1,208,2026-09-02:NY,5,S2,2026-09-02,NY,2026-09-02:NY,2026-09-02T10:22:33.001000-05:00,10,balance,balance,long,not-recorded,reject,fade,long,C,Price retraces into the 29102.00 OR-H / 29106.25 sweep-low cluster and the first touch at 29102.00 rejects upward — a re-test of the consumed 15m sweep zone as a new setup.,29102,confirm.ref_price,"[""p208:L6""]","[""OR-H""]",OR-H,C,True,[],False,[],[],True,29102,29060,29209.25,42,2.5535714285714284,0.999285714285742,36.1991,1.160249840465647,not observed (complete window),[],2026-09-02T10:22:33.001000-05:00,2026-09-02T10:50:53.844000-05:00,27,27,True,40.25,1.1119060971129116,73.25,2.023530971764491
p208:S3:2,208,2026-09-02:NY,5,S3,2026-09-02,NY,2026-09-02:NY,2026-09-02T10:22:33.001000-05:00,10,balance,balance,long,not-recorded,sweep_reclaim,fade,long,B,Price sweeps below PDC 29058.75 (resting stops under the flattened 29017.25–29111.25 shelf) and a 1m MSS back above 29058.75 confirms the reclaim; a 5m close back above 29058.75 is the delayed confirmation alternative.,29058.75,confirm.ref_price,"[""p208:L7""]","[""PDC""]",PDC,B,True,[32],True,[],[],True,29058.75,29020,29143.97,38.75,2.199225806451643,2.199225806451643,36.1991,1.070468602810567,not observed (complete window),[],2026-09-02T10:22:33.001000-05:00,2026-09-02T10:50:53.844000-05:00,27,27,True,83.5,2.306687182830512,116.5,3.218312057482092
p208:S4:3,208,2026-09-02:NY,5,S4,2026-09-02,NY,2026-09-02:NY,2026-09-02T10:22:33.001000-05:00,10,balance,balance,long,not-recorded,breakout_retest,follow,long,C,A 5m close above ONH 29171.25 breaks the day's consolidation high; the retest touch at 29171.25 from above is the continuation long entry (stop-entry fallback if no retest prints).,29171.25,confirm.ref_price,"[""p208:L4""]","[""ONH""]",ONH,C,False,[],False,[],[590],False,,,,,,,36.1991,,observed,[1788362580000],2026-09-02T10:22:33.001000-05:00,2026-09-02T10:50:53.844000-05:00,27,27,True,29.0,0.8011248898453276,4.0,0.11049998480625209
p209:S1:0,209,2026-09-02:NY,6,S1,2026-09-02,NY,2026-09-02:NY,2026-09-02T10:50:53.844000-05:00,10,trend,trend,long,not-recorded,reclaim,follow,long,C,Retest of 29171.25 ONH holds; 1x5m close back above 29171.25 after a dip.,29171.25,confirm.ref_price,"[""p209:L0""]","[""ONH""]",ONH,C,False,[],False,[],[],False,,,,,,,32.1954,,observed,[1788364680000],2026-09-02T10:50:53.844000-05:00,2026-09-02T11:20:19.936000-05:00,29,29,True,,,28.25,0.8774545431956118
p209:S2:1,209,2026-09-02:NY,6,S2,2026-09-02,NY,2026-09-02:NY,2026-09-02T10:50:53.844000-05:00,10,trend,trend,long,not-recorded,hold,fade,long,A,Pullback to 29153.35 VWAP+1σ stabilizes; 1x5m close above 29153.35.,29153.35,confirm.ref_price,"[""p209:L1""]","[""VWAP+1σ""]",VWAP,A,False,[],False,[],[],False,,,,,,,32.1954,,observed,[1788364260000],2026-09-02T10:50:53.844000-05:00,2026-09-02T11:20:19.936000-05:00,29,29,True,,,10.349999999998545,0.32147449635657716
p209:S3:2,209,2026-09-02:NY,6,S3,2026-09-02,NY,2026-09-02:NY,2026-09-02T10:50:53.844000-05:00,10,trend,trend,long,not-recorded,breakout_retest,follow,long,C,Break above 29209.25 Supply·1h while 29171.25 ONH holds as support; retest of 29209.25 holds.,29209.25,confirm.ref_price,"[""p209:L8""]","[""Supply·1h""]",SUPPLY,C,False,[],False,[],[],False,,,,,,,32.1954,,not observed (complete window),[],2026-09-02T10:50:53.844000-05:00,2026-09-02T11:20:19.936000-05:00,29,29,True,,,66.25,2.0577473800605057
p209:S4:3,209,2026-09-02:NY,6,S4,2026-09-02,NY,2026-09-02:NY,2026-09-02T10:50:53.844000-05:00,10,trend,trend,long,not-recorded,sweep_reclaim,fade,long,B,Sweep below 29001.75 RTH-L (wick through 29001.75) then 5m close back above 29001.75.,29001.75,confirm.ref_price,"[""p209:L5""]","[""RTH-L""]",RTH-L,A,False,[],False,[],[],False,,,,,,,32.1954,,not observed (complete window),[],2026-09-02T10:50:53.844000-05:00,2026-09-02T11:20:19.936000-05:00,29,29,True,,,141.25,4.387272715978059
p210:S1:0,210,2026-09-02:NY,7,S1,2026-09-02,NY,2026-09-02:NY,2026-09-02T11:20:19.936000-05:00,11,balance,balance,long,not-recorded,sweep_reclaim,fade,long,B,Price sweeps below ONH 29171.25 and prints a 5m close back above 29171.25 (reclaim close); invalid if 5m close below 29158.47 VWAP+1σ.,29171.25,confirm.ref_price,"[""p210:L4""]","[""ONH""]",ONH,C,False,[],False,[],[],False,,,,,,,28.5087,,observed,[1788366060000],2026-09-02T11:20:19.936000-05:00,2026-09-02T11:47:10.850000-05:00,26,26,True,15.0,0.5261551736838228,1.0,0.03507701157892152
p210:S2:1,210,2026-09-02:NY,7,S2,2026-09-02,NY,2026-09-02:NY,2026-09-02T11:20:19.936000-05:00,11,balance,balance,long,not-recorded,reclaim,follow,long,B,Dip touches 29158.47 VWAP+1σ and price prints a 5m close back above 29158.47; invalid if 5m close below 29102.00 OR-H.,29158.47,confirm.ref_price,"[""p210:L5""]","[""VWAP+1σ""]",VWAP,A,False,[],False,[],[],False,,,,,,,28.5087,,observed,[1788366240000],2026-09-02T11:20:19.936000-05:00,2026-09-02T11:47:10.850000-05:00,26,26,True,27.779999999998836,0.974439381662399,11.779999999998836,0.4132071963996547
p210:S3:2,210,2026-09-02:NY,7,S3,2026-09-02,NY,2026-09-02:NY,2026-09-02T11:20:19.936000-05:00,11,balance,balance,long,not-recorded,breakout_retest,follow,long,B,"Break above 29209.25 Supply·1h (15m LH 29208.50) with a 5m close, then retest touch of 29209.25 holds; invalid if 5m close back below 29171.25 ONH.",29209.25,confirm.ref_price,"[""p210:L0""]","[""Supply·1h""]",SUPPLY,C,False,[],False,[],[],False,,,,,,,28.5087,,not observed (complete window),[],2026-09-02T11:20:19.936000-05:00,2026-09-02T11:47:10.850000-05:00,26,26,True,23.0,0.806771266315195,39.0,1.3680034515779393
p210:S4:3,210,2026-09-02:NY,7,S4,2026-09-02,NY,2026-09-02:NY,2026-09-02T11:20:19.936000-05:00,11,balance,balance,long,not-recorded,reject,fade,short,B,First touch of 29317.25 RTH-H fails and 5m close prints back below 29317.25; invalid if 5m close above 29317.25.,29317.25,confirm.ref_price,"[""p210:L2""]","[""RTH-H""]",RTH-H,A,True,[],False,[],[],True,29317.25,29348,29246.25,30.75,2.3089430894308944,2.3089430894308944,28.5087,1.0786181060518367,not observed (complete window),[],2026-09-02T11:20:19.936000-05:00,2026-09-02T11:47:10.850000-05:00,26,26,True,131.0,4.595088516838719,147.0,5.156320702101463
p211:S1:0,211,2026-09-02:NY,8,S1,2026-09-02,NY,2026-09-02:NY,2026-09-02T11:47:10.850000-05:00,11,balance,balance,long,not-recorded,reclaim,follow,long,B,Price reclaims VWAP+1σ 29161.16 with a 1x5m close above,29161.16,confirm.ref_price,"[""p211:L4""]","[""VWAP+1σ""]",VWAP,A,False,[],False,[],[],False,,,,,,,26.011,,observed,[1788367980000],2026-09-02T11:47:10.850000-05:00,2026-09-02T12:25:10.337000-05:00,37,37,True,22.659999999999854,0.8711698896620604,13.909999999999854,0.5347737495674851
p211:S2:1,211,2026-09-02:NY,8,S2,2026-09-02,NY,2026-09-02:NY,2026-09-02T11:47:10.850000-05:00,11,balance,balance,long,not-recorded,reject,fade,long,B,Price touches PDC 29058.75 and rejects,29058.75,confirm.ref_price,"[""p211:L2""]","[""PDC""]",PDC,B,True,[],False,[],[],True,29058.75,29032,29161.16,26.75,3.8284112149532654,3.8284112149532654,26.011,1.0284110568605591,not observed (complete window),[],2026-09-02T11:47:10.850000-05:00,2026-09-02T12:25:10.337000-05:00,37,37,True,79.75,3.0660105340048442,88.5,3.4024066740994194
p212:S1:0,212,2026-09-02:NY,9,S1,2026-09-02,NY,2026-09-02:NY,2026-09-02T12:25:10.337000-05:00,12,balance,balance,long,not-recorded,sweep_reclaim,fade,long,C,"After 13:30 CT, a 5m push below 29058.75 sweeps toward 29042.75 and a 1m_mss closes back above 29058.75.",29058.75,confirm.ref_price,"[""p212:L6""]","[""PDC""]",PDC,B,False,[],False,[],[],False,,,,,,,26.8409,,not observed (complete window),[],2026-09-02T12:25:10.337000-05:00,2026-09-02T13:02:15.540000-05:00,36,36,True,87.75,3.2692644434426565,87.25,3.2506361560156325
p212:S2:1,212,2026-09-02:NY,9,S2,2026-09-02,NY,2026-09-02:NY,2026-09-02T12:25:10.337000-05:00,12,balance,balance,long,not-recorded,breakout_retest,follow,long,C,"1x5m close above 29171.25 ONH, then a pullback retest holds 29171.25.",29171.25,confirm.ref_price,"[""p212:L1""]","[""ONH""]",ONH,C,False,[],False,[],[],False,,,,,,,26.8409,,observed,[1788371100000],2026-09-02T12:25:10.337000-05:00,2026-09-02T13:02:15.540000-05:00,36,36,True,24.75,0.9221002276376723,25.25,0.940728515064696
p212:S3:2,212,2026-09-02:NY,9,S3,2026-09-02,NY,2026-09-02:NY,2026-09-02T12:25:10.337000-05:00,12,balance,balance,long,not-recorded,reject,fade,short,B,First touch of 29317.25 RTH-H stalls/rejects; stop above 29344.75; enter short only on touch.,29317.25,confirm.ref_price,"[""p212:L4""]","[""RTH-H""]",RTH-H,A,True,[],False,[],[],True,29317.25,29344.75,29246.25,27.5,2.581818181818182,2.581818181818182,26.8409,1.0245558084863027,not observed (complete window),[],2026-09-02T12:25:10.337000-05:00,2026-09-02T13:02:15.540000-05:00,36,36,True,170.75,6.361560156328588,171.25,6.380188443755611
p213:S1:0,213,2026-09-02:NY,10,S1,2026-09-02,NY,2026-09-02:NY,2026-09-02T13:02:15.540000-05:00,13,balance,balance,long,not-recorded,reject,fade,long,B,Price pulls back to 29163.99 VWAP+1σ after 13:30 and attempts a 5m reversal from the band.,29163.99,confirm.ref_price,"[""p213:L5""]","[""VWAP+1σ""]",VWAP,A,True,[],False,[],[],True,29163.99,29138.75,29246.25,25.2400000000016,3.2591125198095554,0.28763866877963307,25.0676,1.0068774035009973,observed,[1788372300000],2026-09-02T13:02:15.540000-05:00,2026-09-02T13:28:36.708000-05:00,25,25,True,5.759999999998399,0.229778678453398,26.9900000000016,1.0766886339339068
p213:S2:1,213,2026-09-02:NY,10,S2,2026-09-02,NY,2026-09-02:NY,2026-09-02T13:02:15.540000-05:00,13,balance,balance,long,not-recorded,sweep_reclaim,fade,long,B,Price sweeps 29001.75 RTH-L and then prints a 5m close back above it.,29001.75,confirm.ref_price,"[""p213:L9""]","[""RTH-L""]",RTH-L,A,False,[],False,[],[],False,,,,,,,25.0676,,not observed (complete window),[],2026-09-02T13:02:15.540000-05:00,2026-09-02T13:28:36.708000-05:00,25,25,True,168.0,6.701878121559304,135.25,5.395410809171999
p213:S3:2,213,2026-09-02:NY,10,S3,2026-09-02,NY,2026-09-02:NY,2026-09-02T13:02:15.540000-05:00,13,balance,balance,long,not-recorded,reject,fade,short,B,A rally into 29317.25 RTH-H after 13:30 pokes above and rejects; this is the allowed premium short.,29317.25,confirm.ref_price,"[""p213:L1""]","[""RTH-H""]",RTH-H,A,True,[],False,[],[],True,29317.25,29342.5,29246.25,25.25,2.8118811881188117,2.8118811881188117,25.0676,1.007276324817693,not observed (complete window),[],2026-09-02T13:02:15.540000-05:00,2026-09-02T13:28:36.708000-05:00,25,25,True,147.5,5.884089422202365,180.25,7.19055673458967
p213:S4:3,213,2026-09-02:NY,10,S4,2026-09-02,NY,2026-09-02:NY,2026-09-02T13:02:15.540000-05:00,13,balance,balance,long,not-recorded,reject,fade,short,B,Price pulls back to 29058.75 PDC and rejects back down; 29058.75 is the entry.,29058.75,confirm.ref_price,"[""p213:L7""]","[""PDC""]",PDC,B,True,[],False,[],[],True,29058.75,29086.75,28927.25,28.0,4.696428571428571,4.696428571428571,25.0676,1.1169796869265507,not observed (complete window),[],2026-09-02T13:02:15.540000-05:00,2026-09-02T13:28:36.708000-05:00,25,25,True,111.0,4.428026616030254,78.25,3.1215593036429494
p214:S1:0,214,2026-09-02:NY,11,S1,2026-09-02,NY,2026-09-02:NY,2026-09-02T13:28:36.708000-05:00,13,balance,balance,long,not-recorded,reclaim,follow,long,B,"1x5m close above 29165.06 VWAP+1σ reclaims the magnet; long for 29171.25 ONH first, then 29209.25 Supply·1h and 29246.25 OB(bull)·4h.",29165.06,confirm.ref_price,"[""p214:L5""]","[""VWAP+1σ""]",VWAP,A,False,[],False,[],[],False,,,,,,,22.7237,,observed,[1788373800000],2026-09-02T13:28:36.708000-05:00,2026-09-02T13:56:59.111000-05:00,27,27,True,13.31000000000131,0.585732077082575,8.06000000000131,0.35469575817324245
p214:S2:1,214,2026-09-02:NY,11,S2,2026-09-02,NY,2026-09-02:NY,2026-09-02T13:28:36.708000-05:00,13,balance,balance,long,not-recorded,reject,fade,long,B,"Clean retest of RTH-L 29001.75; limit long with structure stop 28972.75, target 29102.00 OR-H.",29001.75,confirm.ref_price,"[""p214:L1""]","[""RTH-L""]",RTH-L,A,True,[],False,[],[],True,29001.75,28972.75,29102,29.0,3.456896551724138,3.456896551724138,22.7237,1.2762006187372654,not observed (complete window),[],2026-09-02T13:28:36.708000-05:00,2026-09-02T13:56:59.111000-05:00,27,27,True,150.0,6.601037683123787,155.25,6.832074002033119
p214:S3:2,214,2026-09-02:NY,11,S3,2026-09-02,NY,2026-09-02:NY,2026-09-02T13:28:36.708000-05:00,13,balance,balance,long,not-recorded,sweep_reclaim,fade,long,B,Sweep of ONL 28927.25 followed by a 5m close back above 28927.25 (wick alone is not enough); long the reclaim.,28927.25,confirm.ref_price,"[""p214:L0""]","[""ONL""]",ONL,A,False,[],False,[],[],False,,,,,,,22.7237,,not observed (complete window),[],2026-09-02T13:28:36.708000-05:00,2026-09-02T13:56:59.111000-05:00,27,27,True,224.5,9.879553065741934,229.75,10.110589384651266
p214:S4:3,214,2026-09-02:NY,11,S4,2026-09-02,NY,2026-09-02:NY,2026-09-02T13:28:36.708000-05:00,13,balance,balance,long,not-recorded,reject,fade,short,B,"Stretched rally to RTH-H 29317.25 above the 50% mark; first-touch rejection short with structure stop 29345.25, target 29246.25.",29317.25,confirm.ref_price,"[""p214:L9""]","[""RTH-H""]",RTH-H,A,True,[],False,[],[],True,29317.25,29345.25,29246.25,28.0,2.5357142857142856,2.5357142857142856,22.7237,1.2321937008497736,not observed (complete window),[],2026-09-02T13:28:36.708000-05:00,2026-09-02T13:56:59.111000-05:00,27,27,True,165.5,7.283144910379911,160.25,7.052108591470579
p215:S1:0,215,2026-09-02:NY,12,S1,2026-09-02,NY,2026-09-02:NY,2026-09-02T13:56:59.111000-05:00,13,balance,balance,long,not-recorded,sweep_reclaim,fade,long,B,"Sweep of VWAP−1σ 29050.13 toward OR-L 29042.75, then a 5m close back above 29050.13",29050.13,confirm.ref_price,"[""p215:L3""]","[""VWAP−1σ""]",VWAP,A,False,[],False,[],[],False,,,,,,,22.9202,,not observed (complete window),[],2026-09-02T13:56:59.111000-05:00,2026-09-02T14:45:00-05:00,48,48,True,,,93.61999999999898,4.084606591565474
p215:S2:1,215,2026-09-02:NY,12,S2,2026-09-02,NY,2026-09-02:NY,2026-09-02T13:56:59.111000-05:00,13,balance,balance,long,not-recorded,reclaim,follow,long,B,Price loses VWAP 29108.47 and a 5m close returns above 29108.47,29108.47,confirm.ref_price,"[""p215:L6""]","[""VWAP""]",VWAP,A,False,[],False,[],[],False,,,,,,,22.9202,,not observed (complete window),[],2026-09-02T13:56:59.111000-05:00,2026-09-02T14:45:00-05:00,48,48,True,,,35.279999999998836,1.5392535841746073
p215:S3:2,215,2026-09-02:NY,12,S3,2026-09-02,NY,2026-09-02:NY,2026-09-02T13:56:59.111000-05:00,13,balance,balance,long,not-recorded,reject,fade,short,B,Rally to VWAP+1σ 29166.80 and failure to accept; enter short below 29166.80,29166.8,confirm.ref_price,"[""p215:L8""]","[""VWAP+1σ""]",VWAP,A,True,[33],True,[],[],True,29166.8,29199.5,29058.75,32.70000000000073,3.3042813455656534,1.783792048929566,22.9202,1.426689121386407,observed,[1788376140000],2026-09-02T13:56:59.111000-05:00,2026-09-02T14:45:00-05:00,48,48,True,,,23.049999999999272,1.0056631268487741
p216:S1:0,216,2026-09-02:ASIA,1,S1,2026-09-02,ASIA,2026-09-02:ASIA,2026-09-02T16:36:02.903000-05:00,16,balance,balance,long,not-recorded,reclaim,follow,long,A,"Price pulls back to 29113.89 VWAP and prints a 5m close back above 29113.89, reclaiming the mean after the 29212.50 sweep-up failed.",29113.89,confirm.ref_price,"[""p216:L4""]","[""VWAP""]",VWAP,A,False,[],False,[],[],False,,,,,,,18.7279,,unknown,[],2026-09-02T16:36:02.903000-05:00,2026-09-02T17:18:29.638000-05:00,18,41,False,29.110000000000582,1.5543654120323465,,
p216:S2:1,216,2026-09-02:ASIA,1,S2,2026-09-02,ASIA,2026-09-02:ASIA,2026-09-02T16:36:02.903000-05:00,16,balance,balance,long,not-recorded,sweep_reclaim,fade,long,B,"Price sweeps below 29042.75 OR-L to collect stops, then prints a 1m MSS up and a 5m close back above 29042.75.",29042.75,confirm.ref_price,"[""p216:L8""]","[""OR-L""]",OR-L,C,False,[],False,[],[],False,,,,,,,18.7279,,unknown,[],2026-09-02T16:36:02.903000-05:00,2026-09-02T17:18:29.638000-05:00,18,41,False,100.25,5.352976041093768,,
p216:S3:2,216,2026-09-02:ASIA,1,S3,2026-09-02,ASIA,2026-09-02:ASIA,2026-09-02T16:36:02.903000-05:00,16,balance,balance,long,not-recorded,breakout_retest,follow,long,C,"Price breaks above 29171.25 ONH, pulls back, and holds the 29171.25 retest as support.",29171.25,confirm.ref_price,"[""p216:L0""]","[""ONH""]",ONH,C,False,[],False,[],[],False,,,,,,,18.7279,,observed,[1788386400000],2026-09-02T16:36:02.903000-05:00,2026-09-02T17:18:29.638000-05:00,18,41,False,28.25,1.5084446200588426,,
p216:S4:3,216,2026-09-02:ASIA,1,S4,2026-09-02,ASIA,2026-09-02:ASIA,2026-09-02T16:36:02.903000-05:00,16,balance,balance,long,not-recorded,sweep_reclaim,fade,short,A,"Price rallies above 29317.25 PDH, sweeps the high, then prints a 5m close back below 29317.25.",29317.25,confirm.ref_price,"[""p216:L2""]","[""PDH""]",PDH,A,False,[],False,[],[],False,,,,,,,18.7279,,unknown,[],2026-09-02T16:36:02.903000-05:00,2026-09-02T17:18:29.638000-05:00,18,41,False,174.25,9.304300001601888,,
p217:S1:0,217,2026-09-02:ASIA,2,S1,2026-09-02,ASIA,2026-09-02:ASIA,2026-09-02T17:18:29.638000-05:00,17,balance,balance,long,not-recorded,sweep_reclaim,fade,short,B,Price sweeps above 29189.25 ONH (the draw) and delivers a 1m_mss close back below 29189.25; premium short allowed by branch 5.,29189.25,confirm.ref_price,"[""p217:L0""]","[""ONH""]",ONH,A,False,[],False,[],[],False,,,,,,,19.1399,,observed,[1788387600000],2026-09-02T17:18:29.638000-05:00,2026-09-02T17:50:56.643000-05:00,31,31,True,,,1.5,0.0783703154143961
p217:S2:1,217,2026-09-02:ASIA,2,S2,2026-09-02,ASIA,2026-09-02:ASIA,2026-09-02T17:18:29.638000-05:00,17,balance,balance,long,not-recorded,sweep_reclaim,fade,long,B,Price sweeps below 29149.00 ONL and reclaims with a 1m_mss close back above 29149.00; discount long only per branch 5.,29149,confirm.ref_price,"[""p217:L5""]","[""ONL""]",ONL,A,False,[],False,[],[],False,,,,,,,19.1399,,not observed (complete window),[],2026-09-02T17:18:29.638000-05:00,2026-09-02T17:50:56.643000-05:00,31,31,True,,,38.75,2.024566481538566
p218:S1:0,218,2026-09-02:ASIA,3,S1,2026-09-02,ASIA,2026-09-02:ASIA,2026-09-02T17:50:56.643000-05:00,17,balance,balance,neutral,not-recorded,sweep_reclaim,fade,short,B,"Sweep of ONH 29208.75 / Supply 29209.25 (wick above 29208.75), then 5m close back below 29208.75",29208.75,confirm.ref_price,"[""p218:L1""]","[""ONH""]",ONH,A,False,[],False,[],[],False,,,,,,,16.1018,,not observed (complete window),[],2026-09-02T17:50:56.643000-05:00,2026-09-02T18:04:42.447000-05:00,13,13,True,,,26.5,1.6457787328124804
p218:S2:1,218,2026-09-02:ASIA,3,S2,2026-09-02,ASIA,2026-09-02:ASIA,2026-09-02T17:50:56.643000-05:00,17,balance,balance,neutral,not-recorded,sweep_reclaim,fade,long,B,"Sweep below ONL 29149.00, then 5m close back above 29149.00",29149,confirm.ref_price,"[""p218:L5""]","[""ONL""]",ONL,A,False,[],False,[],[],False,,,,,,,16.1018,,not observed (complete window),[],2026-09-02T17:50:56.643000-05:00,2026-09-02T18:04:42.447000-05:00,13,13,True,,,33.25,2.064986523245848
p218:S3:2,218,2026-09-02:ASIA,3,S3,2026-09-02,ASIA,2026-09-02:ASIA,2026-09-02T17:50:56.643000-05:00,17,balance,balance,neutral,not-recorded,reject,fade,short,B,Touch of VWAP+1σ 29199.68 rejects and rotates back below 29199.68,29199.68,confirm.ref_price,"[""p218:L0""]","[""VWAP+1σ""]",VWAP,A,True,[],False,[],[],True,29199.68,29216.25,29149,16.56999999999971,3.058539529269836,3.058539529269836,16.1018,1.029077494441597,not observed (complete window),[],2026-09-02T17:50:56.643000-05:00,2026-09-02T18:04:42.447000-05:00,13,13,True,,,17.43000000000029,1.0824876721857364
p219:S1:0,219,2026-09-02:ASIA,4,S1,2026-09-02,ASIA,2026-09-02:ASIA,2026-09-02T18:04:42.447000-05:00,18,balance,balance,neutral,not-recorded,reject,fade,short,B,"After the 16:00 1h sweep-up, a retest of ONH 29208.75 into Supply·1h 29209.25 that wicks and rejects on touch is a short.",29208.75,confirm.ref_price,"[""p219:L1""]","[""ONH""]",ONH,A,True,[],False,[],[],True,29208.75,29228.75,29149,20.0,2.9875,2.9875,16.379,1.2210757677513888,not observed (complete window),[],2026-09-02T18:04:42.447000-05:00,2026-09-02T18:21:05.610000-05:00,16,16,True,,,25.75,1.5721350509799132
p219:S2:1,219,2026-09-02:ASIA,4,S2,2026-09-02,ASIA,2026-09-02:ASIA,2026-09-02T18:04:42.447000-05:00,18,balance,balance,neutral,not-recorded,sweep_reclaim,fade,long,B,"A sweep below 29149.00 ONL into/near 29136.25 Demand·4h, then a 5m close back above 29149.00, confirms the reclaim and starts a long.",29149,confirm.ref_price,"[""p219:L5""]","[""ONL""]",ONL,A,False,[],False,[],[],False,,,,,,,16.379,,not observed (complete window),[],2026-09-02T18:04:42.447000-05:00,2026-09-02T18:21:05.610000-05:00,16,16,True,,,34.0,2.0758288051773612
p219:S3:2,219,2026-09-02:ASIA,4,S3,2026-09-02,ASIA,2026-09-02:ASIA,2026-09-02T18:04:42.447000-05:00,18,balance,balance,neutral,not-recorded,reject,fade,short,B,"A retest of 29149.00 ONL from below that wicks and rejects on touch is a short; the close back above 29149.00 voided the prior break attempt, so this is a fresh reject rather than a continuation.",29149,confirm.ref_price,"[""p219:L5""]","[""ONL""]",ONL,A,True,[],False,[],[],True,29149,29170,29058.75,21,4.2976190476190474,4.2976190476190474,16.379,1.2821295561389583,not observed (complete window),[],2026-09-02T18:04:42.447000-05:00,2026-09-02T18:21:05.610000-05:00,16,16,True,,,34.0,2.0758288051773612
p220:S1:0,220,2026-09-02:ASIA,5,S1,2026-09-02,ASIA,2026-09-02:ASIA,2026-09-02T18:21:05.610000-05:00,18,balance,balance,neutral,not-recorded,reject,fade,short,B,Touch of 29197.57 VWAP+1σ in the thin Asia tape; first-touch fade from the top of value.,29197.57,confirm.ref_price,"[""p220:L0""]","[""VWAP+1σ""]",VWAP,A,True,[],False,[],[],True,29197.57,29212.5,29149,14.930000000000291,3.253181513730661,3.253181513730661,14.631,1.0204360604196767,not observed (complete window),[],2026-09-02T18:21:05.610000-05:00,2026-09-02T18:43:33.086000-05:00,21,21,True,,,25.31999999999971,1.7305720729956742
p220:S2:1,220,2026-09-02:ASIA,5,S2,2026-09-02,ASIA,2026-09-02:ASIA,2026-09-02T18:21:05.610000-05:00,18,balance,balance,neutral,not-recorded,sweep_reclaim,fade,long,B,Sweep below 29149.00 ONL followed by a 5m close back above 29149.00.,29149,confirm.ref_price,"[""p220:L4""]","[""ONL""]",ONL,A,False,[],False,[],[],False,,,,,,,14.631,,not observed (complete window),[],2026-09-02T18:21:05.610000-05:00,2026-09-02T18:43:33.086000-05:00,21,21,True,,,23.25,1.5890916547057616
p220:S3:2,220,2026-09-02:ASIA,5,S3,2026-09-02,ASIA,2026-09-02:ASIA,2026-09-02T18:21:05.610000-05:00,18,balance,balance,neutral,not-recorded,breakout_retest,follow,long,C,Break and 5m close above 29208.75 ONH; retest of 29208.75 holds as support.,29208.75,confirm.ref_price,"[""p220:L1""]","[""ONH""]",ONH,A,False,[],False,[],[],False,,,,,,,14.631,,not observed (complete window),[],2026-09-02T18:21:05.610000-05:00,2026-09-02T18:43:33.086000-05:00,21,21,True,,,36.5,2.4947030278176476
p220:S4:3,220,2026-09-02:ASIA,5,S4,2026-09-02,ASIA,2026-09-02:ASIA,2026-09-02T18:21:05.610000-05:00,18,balance,balance,neutral,not-recorded,reject,fade,short,C,Touch of 29149.00 ONL from below after the close back across the level; rejection back down triggers the short instead of a breakdown continuation.,29149,confirm.ref_price,"[""p220:L4""]","[""ONL""]",ONL,A,False,[],False,[],[],False,,,,,,,14.631,,not observed (complete window),[],2026-09-02T18:21:05.610000-05:00,2026-09-02T18:43:33.086000-05:00,21,21,True,,,23.25,1.5890916547057616
p221:S1:0,221,2026-09-02:ASIA,6,S1,2026-09-02,ASIA,2026-09-02:ASIA,2026-09-02T18:43:33.086000-05:00,18,balance,balance,short,not-recorded,sweep_reclaim,fade,long,B,Sweep of 29149.00 ONL wicks below; a 1m MSS or close back above 29149.00 invites a long on the reclaim.,29149,confirm.ref_price,"[""p221:L4""]","[""ONL""]",ONL,A,False,[],False,[],[],False,,,,,,,13.3823,,not observed (complete window),[],2026-09-02T18:43:33.086000-05:00,2026-09-02T19:02:39.227000-05:00,18,18,True,30.0,2.2417671102874692,36.25,2.708801924930692
p221:S2:1,221,2026-09-02:ASIA,6,S2,2026-09-02,ASIA,2026-09-02:ASIA,2026-09-02T18:43:33.086000-05:00,18,balance,balance,short,not-recorded,reject,fade,short,B,"Rally into the 29208.75 ONH liquidity pool, which coincides with 29209.25 Supply·1h; first-touch sell at 29209.25 with stop beyond 29212.50/29223.00 structure.",29209.25,confirm.ref_price,"[""p221:L1""]","[""Supply·1h""]",SUPPLY,C,True,[],False,[],[],True,29209.25,29223,29181.64,13.75,2.008000000000042,2.008000000000042,13.3823,1.0274765922150901,observed,[1788392760000],2026-09-02T18:43:33.086000-05:00,2026-09-02T19:02:39.227000-05:00,18,18,True,30.25,2.260448502873198,24.0,1.7934136882299754
p221:S3:2,221,2026-09-02:ASIA,6,S3,2026-09-02,ASIA,2026-09-02:ASIA,2026-09-02T18:43:33.086000-05:00,18,balance,balance,short,not-recorded,reject,fade,short,C,Rally stalls at the 29317.25 PDH react zone; first-touch sell at 29317.25 with stop beyond 29324.50.,29317.25,confirm.ref_price,"[""p221:L3""]","[""PDH""]",PDH,A,False,[],False,[],[],False,,,,,,,13.3823,,not observed (complete window),[],2026-09-02T18:43:33.086000-05:00,2026-09-02T19:02:39.227000-05:00,18,18,True,138.25,10.330810099908087,132.0,9.863775285264865
p222:S1:0,222,2026-09-02:ASIA,7,S1,2026-09-02,ASIA,2026-09-02:ASIA,2026-09-02T19:02:39.227000-05:00,19,balance,balance,short,not-recorded,reject,fade,short,B,Price retests 29218.25 ONH after the 18:45 sweep-reclaim and rejects; enter short on touch at 29218.25.,29218.25,confirm.ref_price,"[""p222:L5""]","[""ONH""]",ONH,A,True,[],False,[],[],True,29218.25,29232,29149,13.75,5.036363636363636,5.036363636363636,13.3707,1.028367998683689,not observed (complete window),[],2026-09-02T19:02:39.227000-05:00,2026-09-02T20:05:55.400000-05:00,62,62,True,,,25.75,1.9258527975349085
p222:S2:1,222,2026-09-02:ASIA,7,S2,2026-09-02,ASIA,2026-09-02:ASIA,2026-09-02T19:02:39.227000-05:00,19,balance,balance,short,not-recorded,sweep_reclaim,fade,long,C,"Price sweeps 29149.00 ONL, then closes back above it; on the 1m MSS above 29149.00, enter long with stop below the sweep extreme.",29149,confirm.ref_price,"[""p222:L0""]","[""ONL""]",ONL,A,False,[],False,[],[],False,,,,,,,13.3707,,observed,[1788394560000],2026-09-02T19:02:39.227000-05:00,2026-09-02T20:05:55.400000-05:00,62,62,True,,,43.5,3.2533823958356707
p224:S1:0,224,2026-09-02:ASIA,8,S1,2026-09-02,ASIA,2026-09-02:ASIA,2026-09-02T20:05:55.400000-05:00,20,balance,balance,short,not-recorded,reject,fade,short,B,price touches 29157.03 VWAP−1σ and rejects,29157.03,confirm.ref_price,"[""p224:L4""]","[""VWAP−1σ""]",VWAP,A,True,[],False,[],[],True,29157.03,29175.66,29102,18.63000000000102,2.9538378958666573,0.8470209339773469,13.8977,1.3405095807220633,not observed (complete window),[],2026-09-02T20:05:55.400000-05:00,2026-09-02T20:38:20.096000-05:00,32,32,True,0.7799999999988358,0.05612439468392869,15.470000000001164,1.1131338278996643
p224:S2:1,224,2026-09-02:ASIA,8,S2,2026-09-02,ASIA,2026-09-02:ASIA,2026-09-02T20:05:55.400000-05:00,20,balance,balance,short,not-recorded,reject,fade,short,B,price touches 29141.25 ONL and rejects,29141.25,confirm.ref_price,"[""p224:L0""]","[""ONL""]",ONL,A,True,[],False,[],[],True,29141.25,29157.03,29102,15.779999999998836,2.487325728770779,0.3168567807351311,13.8977,1.1354396770687838,not observed (complete window),[],2026-09-02T20:05:55.400000-05:00,2026-09-02T20:38:20.096000-05:00,32,32,True,15.0,1.079315282384855,31.25,2.248573504968448
p224:S3:2,224,2026-09-02:ASIA,8,S3,2026-09-02,ASIA,2026-09-02:ASIA,2026-09-02T20:05:55.400000-05:00,20,balance,balance,short,not-recorded,reject,fade,short,B,price touches 29175.66 VWAP and rejects,29175.66,confirm.ref_price,"[""p224:L6""]","[""VWAP""]",VWAP,A,True,[],False,[],[],True,29175.66,29194.3,29136.25,18.639999999999418,2.1142703862661527,1.8460300429185048,13.8977,1.341229124243538,observed,[1788397560000],2026-09-02T20:05:55.400000-05:00,2026-09-02T20:38:20.096000-05:00,32,32,True,19.409999999999854,1.396633975405992,3.1599999999998545,0.227375752822399
p225:S1:0,225,2026-09-02:ASIA,9,S1,2026-09-02,ASIA,2026-09-02:ASIA,2026-09-02T20:38:20.096000-05:00,20,balance,balance,short,not-recorded,reject,fade,short,B,Price touches 29200.50 SWG-H·5m and rejects with an upper shadow or 1m MSS down,29200.5,confirm.ref_price,"[""p225:L7""]","[""SWG-H·5m""]",SWG-H,A,False,[],False,[],[],False,,,,,,,17.8932,,not observed (complete window),[],2026-09-02T20:38:20.096000-05:00,2026-09-02T21:03:03.446000-05:00,24,24,True,13.5,0.7544765609281738,20.75,1.1596584177229339
p225:S2:1,225,2026-09-02:ASIA,9,S2,2026-09-02,ASIA,2026-09-02:ASIA,2026-09-02T20:38:20.096000-05:00,20,balance,balance,short,not-recorded,reject,fade,short,B,Price retests 29176.29 VWAP from below and rejects with an upper shadow or 1m MSS down,29176.29,confirm.ref_price,"[""p225:L0""]","[""VWAP""]",VWAP,A,False,[],False,[],[],False,,,,,,,17.8932,,observed,[1788399540000],2026-09-02T20:38:20.096000-05:00,2026-09-02T21:03:03.446000-05:00,24,24,True,10.709999999999127,0.5985514050029691,3.459999999999127,0.1933695482082091
p226:S1:0,226,2026-09-02:ASIA,10,S1,2026-09-02,ASIA,2026-09-02:ASIA,2026-09-02T21:03:03.446000-05:00,21,balance,balance,short,not-recorded,reject,fade,short,B,"Rally back to 29200.50 SWG-H·5m and stall/reject — the 20:15 retest already stalled at 29200.25, so a re-touch is a fresh upper-shelf fade.",29200.5,confirm.ref_price,"[""p226:L1""]","[""SWG-H·5m""]",SWG-H,A,True,[],False,[],[],True,29200.5,29228,29141.25,27.5,2.1545454545454548,0.25890909090905384,18.0889,1.5202693364438966,not observed (complete window),[],2026-09-02T21:03:03.446000-05:00,2026-09-02T21:31:58.603000-05:00,27,27,True,22.5,1.2438567298177337,54.75,3.0267180425564852
p226:S2:1,226,2026-09-02:ASIA,10,S2,2026-09-02,ASIA,2026-09-02:ASIA,2026-09-02T21:03:03.446000-05:00,21,balance,balance,short,not-recorded,reject,fade,short,C,"The close back across 29141.25 ONL voids the breakdown. If 29141.25 is retested from below and rejects, that voided-level retest is the short fade; continue toward pdVWAP and OR-H.",29141.25,confirm.ref_price,"[""p226:L6""]","[""ONL""]",ONL,A,False,[],False,[],[],False,,,,,,,18.0889,,not observed (complete window),[],2026-09-02T21:03:03.446000-05:00,2026-09-02T21:31:58.603000-05:00,27,27,True,36.75,2.031632658702298,4.5,0.24877134596354672
p226:S3:2,226,2026-09-02:ASIA,10,S3,2026-09-02,ASIA,2026-09-02:ASIA,2026-09-02T21:03:03.446000-05:00,21,balance,balance,short,not-recorded,reclaim,follow,long,C,"Short continuation exhausts at 29113.90 pdVWAP and price prints a 5m close back above it — the first legal branch-5 long, below the 50% mark.",29113.9,confirm.ref_price,"[""p226:L8""]","[""pdVWAP""]",PDVWAP,A,False,[],False,[],[],False,,,,,,,18.0889,,not observed (complete window),[],2026-09-02T21:03:03.446000-05:00,2026-09-02T21:31:58.603000-05:00,27,27,True,64.09999999999854,3.5436096169473297,31.849999999998545,1.760748304208578
p227:S1:0,227,2026-09-02:ASIA,11,S1,2026-09-02,ASIA,2026-09-02:ASIA,2026-09-02T21:31:58.603000-05:00,21,balance,balance,short,not-recorded,reject,fade,short,C,Rally into the premium cluster touches SWG-H·5m 29199.50 and is rejected — no 5m hold above it.,29199.5,confirm.ref_price,"[""p227:L1""]","[""SWG-H·5m""]",SWG-H,A,True,[],False,[],[],True,29199.5,29227.9,29141.25,28.400000000001455,2.0510563380280638,0.9021126760562559,18.9611,1.4978033974822904,not observed (complete window),[],2026-09-02T21:31:58.603000-05:00,2026-09-02T21:49:57.931000-05:00,17,17,True,9.0,0.4746560062443635,8.0,0.4219164499949898
p227:S2:1,227,2026-09-02:ASIA,11,S2,2026-09-02,ASIA,2026-09-02:ASIA,2026-09-02T21:31:58.603000-05:00,21,balance,balance,short,not-recorded,sweep_reclaim,fade,short,C,"Price sweeps above ONH 29218.25, then the 5m bar closes back inside below 29199.50 SWG-H·5m — failed high sweep (PDH-mirror branch 2).",29218.25,confirm.ref_price,"[""p227:L4""]","[""ONH""]",ONH,C,False,[],False,[],[],False,,,,,,,18.9611,,not observed (complete window),[],2026-09-02T21:31:58.603000-05:00,2026-09-02T21:49:57.931000-05:00,17,17,True,27.75,1.4635226859201207,26.75,1.4107831296707471
p227:S3:2,227,2026-09-02:ASIA,11,S3,2026-09-02,ASIA,2026-09-02:ASIA,2026-09-02T21:31:58.603000-05:00,21,balance,balance,short,not-recorded,sweep_reclaim,fade,long,C,Price re-sweeps below ONL 29132.50 and the 5m bar closes back above 29141.25 SWG-L·5m — low-side sweep-reclaim (long only below the 29138.50 50% line).,29132.5,confirm.ref_price,"[""p227:L8""]","[""ONL""]",ONL,A,False,[],False,[],[],False,,,,,,,18.9611,,not observed (complete window),[],2026-09-02T21:31:58.603000-05:00,2026-09-02T21:49:57.931000-05:00,17,17,True,58.0,3.058894262463676,59.0,3.1116338187130497
p227:S4:3,227,2026-09-02:ASIA,11,S4,2026-09-02,ASIA,2026-09-02:ASIA,2026-09-02T21:31:58.603000-05:00,21,balance,balance,short,not-recorded,reject,fade,short,C,Price retests ONL 29132.50 from below and is rejected — the voided breakdown becomes a lower-high rejection and opens the waterfall path.,29132.5,confirm.ref_price,"[""p227:L8""]","[""ONL""]",ONL,A,False,[],False,[],[],False,,,,,,,18.9611,,not observed (complete window),[],2026-09-02T21:31:58.603000-05:00,2026-09-02T21:49:57.931000-05:00,17,17,True,58.0,3.058894262463676,59.0,3.1116338187130497
p228:S1:0,228,2026-09-02:ASIA,12,S1,2026-09-02,ASIA,2026-09-02:ASIA,2026-09-02T21:49:57.931000-05:00,21,balance,balance,short,not-recorded,reject,fade,short,B,price prints 29208.69 (VWAP+2σ) and fails to hold above it; fade short from the level with a structure stop beyond the recent swing extreme,29208.69,confirm.ref_price,"[""p228:L1""]","[""VWAP+2σ""]",VWAP,A,True,[],False,[],[],True,29208.69,29237.75,29141.25,29.06000000000131,2.3207157604953768,0.5911906400550418,19.2058,1.5130845890304652,not observed (complete window),[],2026-09-02T21:49:57.931000-05:00,2026-09-02T22:12:42.599000-05:00,22,22,True,,,31.93999999999869,1.6630392902143463
p228:S2:1,228,2026-09-02:ASIA,12,S2,2026-09-02,ASIA,2026-09-02:ASIA,2026-09-02T21:49:57.931000-05:00,21,balance,balance,short,not-recorded,reject,fade,short,B,price comes back above 29132.50 ONL and fails to hold above it; fade short from the level with a structure stop beyond the recent swing extreme,29132.5,confirm.ref_price,"[""p228:L8""]","[""ONL""]",ONL,A,True,[],False,[],[],True,29132.5,29161.5,29042.75,29.0,3.0948275862068964,1.0517241379310345,19.2058,1.50996053275573,not observed (complete window),[],2026-09-02T21:49:57.931000-05:00,2026-09-02T22:12:42.599000-05:00,22,22,True,,,44.25,2.303991502566933
p228:S3:2,228,2026-09-02:ASIA,12,S3,2026-09-02,ASIA,2026-09-02:ASIA,2026-09-02T21:49:57.931000-05:00,21,balance,balance,short,not-recorded,sweep_reclaim,fade,long,C,"price sweeps below 29132.50 ONL and reclaims with a 5m close above 29132.50; long with stop beyond the sweep extreme, targeting the value mean",29132.5,confirm.ref_price,"[""p228:L8""]","[""ONL""]",ONL,A,False,[],False,[],[],False,,,,,,,19.2058,,not observed (complete window),[],2026-09-02T21:49:57.931000-05:00,2026-09-02T22:12:42.599000-05:00,22,22,True,,,44.25,2.303991502566933
p229:S1:0,229,2026-09-02:ASIA,13,S1,2026-09-02,ASIA,2026-09-02:ASIA,2026-09-02T22:12:42.599000-05:00,22,balance,balance,short,not-recorded,reject,fade,short,B,Price touches 29199.50 SWG-H·5m and rejects lower; no 5m close above the level.,29199.5,confirm.ref_price,"[""p229:L1""]","[""SWG-H·5m""]",SWG-H,A,True,[34],True,[],[],True,29199.5,29226,29132.5,26.5,2.5283018867924527,1.2075471698113207,17.5929,1.5062894690471724,observed,[1788405180000],2026-09-02T22:12:42.599000-05:00,2026-09-03T00:08:45.841000-05:00,115,115,True,,,1.75,0.0994719460691529
p229:S2:1,229,2026-09-02:ASIA,13,S2,2026-09-02,ASIA,2026-09-02:ASIA,2026-09-02T22:12:42.599000-05:00,22,balance,balance,short,not-recorded,sweep_reclaim,fade,short,C,Wick above 29218.25 ONH sweeps buy stops; a 1x5m close back below 29218.25 confirms the reclaim.,29218.25,confirm.ref_price,"[""p229:L4""]","[""ONH""]",ONH,C,False,[],False,[],[],False,,,,,,,17.5929,,observed,[1788405480000],2026-09-02T22:12:42.599000-05:00,2026-09-03T00:08:45.841000-05:00,115,115,True,,,20.5,1.1652427968100767
p229:S3:2,229,2026-09-02:ASIA,13,S3,2026-09-02,ASIA,2026-09-02:ASIA,2026-09-02T22:12:42.599000-05:00,22,balance,balance,short,not-recorded,sweep_reclaim,fade,long,C,Wick below 29132.50 ONL sweeps sell stops; a 1x5m close back above 29132.50 confirms the reclaim.,29132.5,confirm.ref_price,"[""p229:L8""]","[""ONL""]",ONL,A,False,[],False,[],[],False,,,,,,,17.5929,,not observed (complete window),[],2026-09-02T22:12:42.599000-05:00,2026-09-03T00:08:45.841000-05:00,115,115,True,,,65.25,3.7088825605784153
p230:S1:0,230,2026-09-02:ASIA,14,S1,2026-09-02,ASIA,2026-09-02:ASIA,2026-09-03T00:08:45.841000-05:00,0,balance,balance,neutral,neutral,reject,fade,short,B,price touches 29228.75 SWG-L·5m from below and stalls,29228.75,confirm.ref_price,"[""p230:L3""]","[""SWG-L·5m""]",SWG-L,A,True,[],False,[],[],True,29228.75,29250,29186.14,21.25,2.0051764705882626,0.49411764705882355,13.48,1.5764094955489614,not observed (complete window),[],2026-09-03T00:08:45.841000-05:00,2026-09-03T00:34:14.308000-05:00,25,25,True,,,59.75,4.432492581602374
p230:S2:1,230,2026-09-02:ASIA,14,S2,2026-09-02,ASIA,2026-09-02:ASIA,2026-09-03T00:08:45.841000-05:00,0,balance,balance,neutral,neutral,sweep_reclaim,fade,long,B,"sweep below 29017.25 RTH-L wicks out liquidity, then 1x5m close back above 29017.25",29017.25,confirm.ref_price,"[""p230:L11""]","[""RTH-L""]",RTH-L,A,False,[],False,[],[],False,,,,,,,13.48,,not observed (complete window),[],2026-09-03T00:08:45.841000-05:00,2026-09-03T00:34:14.308000-05:00,25,25,True,,,151.75,11.257418397626113
p230:S3:2,230,2026-09-02:ASIA,14,S3,2026-09-02,ASIA,2026-09-02:ASIA,2026-09-03T00:08:45.841000-05:00,0,balance,balance,neutral,neutral,reject,fade,short,C,price touches 29132.50 ONL from below and stalls,29132.5,confirm.ref_price,"[""p230:L9""]","[""ONL""]",ONL,A,False,[],False,[],[],False,,,,,,,13.48,,observed,[1788412620000],2026-09-03T00:08:45.841000-05:00,2026-09-03T00:34:14.308000-05:00,25,25,True,,,36.5,2.707715133531157
p230:S4:3,230,2026-09-02:ASIA,14,S4,2026-09-02,ASIA,2026-09-02:ASIA,2026-09-03T00:08:45.841000-05:00,0,balance,balance,neutral,neutral,reject,fade,short,B,retest of 29255.00 PDH from below stalls,29255,confirm.ref_price,"[""p230:L5""]","[""PDH""]",PDH,A,True,[],False,[],[],True,29255,29275.25,29214.5,20.25,2.0,0.9876543209876543,13.48,1.5022255192878338,not observed (complete window),[],2026-09-03T00:08:45.841000-05:00,2026-09-03T00:34:14.308000-05:00,25,25,True,,,86.0,6.379821958456973
p231:S1:0,231,2026-09-02:ASIA,15,S1,2026-09-02,ASIA,2026-09-02:ASIA,2026-09-03T00:34:14.308000-05:00,0,trend-down,trend,short,neutral,reject,fade,short,C,Price retraces to 29113.90 pdVWAP after the ONL sweep and rejects; enter short on touch. Structure stop beyond VWAP−1σ at 29142.04. Invalidation on 5m close above 29132.50.,29113.9,confirm.ref_price,"[""p231:L5""]","[""pdVWAP""]",PDVWAP,A,False,[],False,[],[],False,,,,,,,21.1802,,not observed (complete window),[],2026-09-03T00:34:14.308000-05:00,2026-09-03T02:00:00-05:00,85,85,True,10.900000000001455,0.5146315898811841,7.599999999998545,0.3588256956968558
p231:S2:1,231,2026-09-02:ASIA,15,S2,2026-09-02,ASIA,2026-09-02:ASIA,2026-09-03T00:34:14.308000-05:00,0,trend-down,trend,short,neutral,reject,fade,short,C,Price retests 29075 ONL from below and rejects; enter short on touch.,29075,confirm.ref_price,"[""p231:L1""]","[""ONL""]",ONL,A,False,[],False,[],[],False,,,,,,,21.1802,,not observed (complete window),[],2026-09-03T00:34:14.308000-05:00,2026-09-03T02:00:00-05:00,85,85,True,28.0,1.3219894051991956,46.5,2.1954466907772354
p232:S1:0,232,2026-09-03:LONDON,1,S1,2026-09-03,LONDON,2026-09-03:LONDON,2026-09-03T01:34:53.723000-05:00,1,balance,balance,short,neutral,reject,fade,short,C,Rally into 29204.25 SWG-H·5m; first touch of prior 5m supply after the fast decline.,29204.25,confirm.ref_price,"[""p232:L6""]","[""SWG-H·5m""]",SWG-H,A,False,[],False,[],[],False,,,,,,,22.1021,,observed,[1788419040000],2026-09-03T01:34:53.723000-05:00,2026-09-03T08:15:44.050000-05:00,400,400,True,26.5,1.1989810922943973,32.25,1.4591373670375214
p232:S2:1,232,2026-09-03:LONDON,1,S2,2026-09-03,LONDON,2026-09-03:LONDON,2026-09-03T01:34:53.723000-05:00,1,balance,balance,short,neutral,sweep_reclaim,fade,long,C,Sweep of 29075.00 ONL and a 1m MSS back above it; the only legal long below the dealing-range half.,29075,confirm.ref_price,"[""p232:L4""]","[""ONL""]",ONL,A,False,[],False,[],[],False,,,,,,,22.1021,,not observed (complete window),[],2026-09-03T01:34:53.723000-05:00,2026-09-03T08:15:44.050000-05:00,400,400,True,102.75,4.648879518235824,97.0,4.3887232434926995
p233:S1:0,233,2026-09-03:NY,1,S1,2026-09-03,NY,2026-09-03:NY,2026-09-03T08:05:19.635000-05:00,8,balance,balance,short,up,reject,fade,short,B,First touch of 29259.67 VWAP+2σ with a 5m/15m rejection candle after the 66pt fast move; fade the extended premium above value.,29259.67,confirm.ref_price,"[""p233:L1""]","[""VWAP+2σ""]",VWAP,A,True,[],False,[],[],True,29259.67,29289,29178.73,29.330000000001746,2.7596317763380114,1.3798158881689437,29.0154,1.0108425181111322,observed,[1788442200000],2026-09-03T08:05:19.635000-05:00,2026-09-03T08:45:05.993000-05:00,39,39,True,,,45.669999999998254,1.5739917423160892
p233:S2:1,233,2026-09-03:NY,1,S2,2026-09-03,NY,2026-09-03:NY,2026-09-03T08:05:19.635000-05:00,8,balance,balance,short,up,breakout_retest,follow,long,C,"5m close above 29259.67 VWAP+2σ, then successful retest of 29259.67 holds as support.",29259.67,confirm.ref_price,"[""p233:L1""]","[""VWAP+2σ""]",VWAP,A,False,[],False,[],[],False,,,,,,,29.0154,,observed,[1788442200000],2026-09-03T08:05:19.635000-05:00,2026-09-03T08:45:05.993000-05:00,39,39,True,,,45.669999999998254,1.5739917423160892
p233:S3:2,233,2026-09-03:NY,1,S3,2026-09-03,NY,2026-09-03:NY,2026-09-03T08:05:19.635000-05:00,8,balance,balance,short,up,sweep_reclaim,fade,short,A,"Sweep of 29293.00 ONH (stops above the 04:00 1h high), then 1m MSS back inside.",29293,confirm.ref_price,"[""p233:L0""]","[""ONH""]",ONH,A,False,[],False,[],[],False,,,,,,,29.0154,,observed,[1788442740000],2026-09-03T08:05:19.635000-05:00,2026-09-03T08:45:05.993000-05:00,39,39,True,,,79.0,2.7226920876500067
p234:S1:0,234,2026-09-03:LONDON,2,S1,2026-09-03,LONDON,2026-09-03:LONDON,2026-09-03T08:15:44.050000-05:00,8,balance,balance,neutral,up,reject,fade,short,B,Price touches 29219.97 VWAP+1σ and rejects; re-test of consumed level.,29219.97,confirm.ref_price,"[""p234:L2""]","[""VWAP+1σ""]",VWAP,A,True,[],False,[],[],True,29219.97,29255,29144.5,35.029999999998836,2.1544390522410413,1.1532971738510647,28.9148,1.2114903094608587,observed,[1788441480000],2026-09-03T08:15:44.050000-05:00,2026-09-03T08:30:00-05:00,14,14,True,,,19.279999999998836,0.6667865591323072
p234:S2:1,234,2026-09-03:LONDON,2,S2,2026-09-03,LONDON,2026-09-03:LONDON,2026-09-03T08:15:44.050000-05:00,8,balance,balance,neutral,up,sweep_reclaim,fade,short,C,Price sweeps above 29293.00 ONH then 5m closes back below.,29293,confirm.ref_price,"[""p234:L0""]","[""ONH""]",ONH,A,False,[],False,[],[],False,,,,,,,28.9148,,not observed (complete window),[],2026-09-03T08:15:44.050000-05:00,2026-09-03T08:30:00-05:00,14,14,True,,,53.75,1.8589096241371201
p234:S3:2,234,2026-09-03:LONDON,2,S3,2026-09-03,LONDON,2026-09-03:LONDON,2026-09-03T08:15:44.050000-05:00,8,balance,balance,neutral,up,sweep_reclaim,fade,long,C,Price sweeps below 29075.00 ONL then 5m closes back above.,29075,confirm.ref_price,"[""p234:L7""]","[""ONL""]",ONL,A,False,[],False,[],[],False,,,,,,,28.9148,,not observed (complete window),[],2026-09-03T08:15:44.050000-05:00,2026-09-03T08:30:00-05:00,14,14,True,,,164.25,5.680481967712037
p235:S1:0,235,2026-09-03:NY,2,S1,2026-09-03,NY,2026-09-03:NY,2026-09-03T08:45:05.993000-05:00,8,balance,balance,short,up,reject,fade,short,B,A retest of 29285.00 OR-H stalls after the 08:30 failure; short the touch.,29285,confirm.ref_price,"[""p235:L2""]","[""OR-H""]",OR-H,A,True,[35],True,[35],[591],True,29285,29340,29144.5,55,2.5545454545454547,0.9439999999999682,36.4079,1.5106611477179404,observed,[1788444000000],2026-09-03T08:45:05.993000-05:00,2026-09-03T09:15:31.491000-05:00,29,29,True,,,60.25,1.6548606209091983
p235:S2:1,235,2026-09-03:NY,2,S2,2026-09-03,NY,2026-09-03:NY,2026-09-03T08:45:05.993000-05:00,8,balance,balance,short,up,reject,fade,long,B,First touch of 29144.50 Demand·1h after a flush toward 29075.00 ONL; long the touch.,29144.5,confirm.ref_price,"[""p235:L7""]","[""Demand·1h""]",DEMAND,C,False,[],False,[],[],False,,,,,,,36.4079,,not observed (complete window),[],2026-09-03T08:45:05.993000-05:00,2026-09-03T09:15:31.491000-05:00,29,29,True,,,200.75,5.5139131891704825
p235:S3:2,235,2026-09-03:NY,2,S3,2026-09-03,NY,2026-09-03:NY,2026-09-03T08:45:05.993000-05:00,8,balance,balance,short,up,sweep_reclaim,fade,short,A,A wick through 29293.00 ONH that closes back below 29285.00 on 5m triggers a short sweep-reclaim.,29293,confirm.ref_price,"[""p235:L1""]","[""ONH""]",ONH,A,False,[],False,[],[],False,,,,,,,36.4079,,observed,[1788444000000],2026-09-03T08:45:05.993000-05:00,2026-09-03T09:15:31.491000-05:00,29,29,True,,,52.25,1.4351280903320434
p236:S1:0,236,2026-09-03:NY,3,S1,2026-09-03,NY,2026-09-03:NY,2026-09-03T09:15:31.491000-05:00,9,trend,trend,long,up,reclaim,follow,long,C,ISM flush low 29250 held above PDH 29255; a 5m close back above 29285.00 OR-H triggers a reclaim of the overnight high,29285,confirm.ref_price,"[""p236:L2""]","[""OR-H""]",OR-H,C,False,[],False,[],[],False,,,,,,,45.0976,,observed,[1788446040000],2026-09-03T09:15:31.491000-05:00,2026-09-03T09:44:33.127000-05:00,28,28,True,,,16.5,0.3658731285035124
p236:S2:1,236,2026-09-03:NY,3,S2,2026-09-03,NY,2026-09-03:NY,2026-09-03T09:15:31.491000-05:00,9,trend,trend,long,up,reject,fade,short,A,Rally into 29351.05 VWAP+2σ; first touch is a fade with stop 29418.75 above the 08:45 high 29375.25,29351.05,confirm.ref_price,"[""p236:L0""]","[""VWAP+2σ""]",VWAP,A,True,[36],True,[],[],True,29351.05,29418.75,29209.25,67.70000000000073,2.094534711964516,0.9756277695716183,45.0976,1.5011885333144275,observed,[1788445200000],2026-09-03T09:15:31.491000-05:00,2026-09-03T09:44:33.127000-05:00,28,28,True,,,49.54999999999927,1.0987280919605316
p236:S3:2,236,2026-09-03:NY,3,S3,2026-09-03,NY,2026-09-03:NY,2026-09-03T09:15:31.491000-05:00,9,trend,trend,long,up,reject,fade,short,C,A 5m close below 29255.00 PDH flips the tape; the first pullback that touches 29255.00 is a failed retest and is sold,29255,confirm.ref_price,"[""p236:L3""]","[""PDH""]",PDH,B,False,[],False,[],[],False,,,,,,,45.0976,,not observed (complete window),[],2026-09-03T09:15:31.491000-05:00,2026-09-03T09:44:33.127000-05:00,28,28,True,,,46.5,1.0310969985098986
p236:S4:3,236,2026-09-03:NY,3,S4,2026-09-03,NY,2026-09-03:NY,2026-09-03T09:15:31.491000-05:00,9,trend,trend,long,up,sweep_reclaim,fade,long,B,"Deep flush sweeps 29075.00 ONL, then a 5m close back above it signals the reclaim",29075,confirm.ref_price,"[""p236:L9""]","[""ONL""]",ONL,A,False,[],False,[],[],False,,,,,,,45.0976,,not observed (complete window),[],2026-09-03T09:15:31.491000-05:00,2026-09-03T09:44:33.127000-05:00,28,28,True,,,226.5,5.0224402185482155
p237:S1:0,237,2026-09-03:NY,4,S1,2026-09-03,NY,2026-09-03:NY,2026-09-03T09:44:33.127000-05:00,9,trend,trend,long,up,breakout_retest,follow,long,A,Pullback retest at 29260.00 SWG-H·5m; a 5m close back above 29285.00 triggers the long.,29260,confirm.ref_price,"[""p237:L5""]","[""SWG-H·5m""]",SWG-H,A,False,[],False,[],[],False,,,,,,,47.2037,,observed,[1788447360000],2026-09-03T09:44:33.127000-05:00,2026-09-03T10:14:45.993000-05:00,29,29,True,36.0,0.7626520802394728,30.0,0.6355434001995607
p237:S2:1,237,2026-09-03:NY,4,S2,2026-09-03,NY,2026-09-03:NY,2026-09-03T09:44:33.127000-05:00,9,trend,trend,long,up,breakout_retest,follow,long,A,Momentum long: 5m close above 29303.68 VWAP+1σ; wait for a small pullback that holds 29293.00 and re-enter long.,29303.68,confirm.ref_price,"[""p237:L2""]","[""VWAP+1σ""]",VWAP,A,False,[],False,[],[],False,,,,,,,47.2037,,observed,[1788446880000],2026-09-03T09:44:33.127000-05:00,2026-09-03T10:14:45.993000-05:00,29,29,True,7.680000000000291,0.1626991104510937,13.680000000000291,0.2898077904910058
p237:S3:2,237,2026-09-03:NY,4,S3,2026-09-03,NY,2026-09-03:NY,2026-09-03T09:44:33.127000-05:00,9,trend,trend,long,up,reclaim,follow,long,B,"Defensive long: only if price liquidates below 29260.00 and sweeps 29222.75 OR-L, then a 5m close back above 29222.75 is the reclaim.",29222.75,confirm.ref_price,"[""p237:L7""]","[""OR-L""]",OR-L,A,False,[],False,[],[],False,,,,,,,47.2037,,not observed (complete window),[],2026-09-03T09:44:33.127000-05:00,2026-09-03T10:14:45.993000-05:00,29,29,True,73.25,1.5517851354872607,67.25,1.4246764554473486
p238:S1:0,238,2026-09-03:NY,5,S1,2026-09-03,NY,2026-09-03:NY,2026-09-03T10:14:45.993000-05:00,10,trend,trend,long,up,reclaim,follow,long,B,Reclaim/hold of EQL·15m 29435.75 after first touch; acceptance above opens EQH·15m 29445.50 then EQL·1h 29455.00.,29435.75,confirm.ref_price,"[""p238:L0""]","[""EQL·15m (HTF)""]",EQL,A,False,[],False,[],[],False,,,,,,,48.405,,not observed (complete window),[],2026-09-03T10:14:45.993000-05:00,2026-09-03T10:49:57.593000-05:00,34,34,True,,,25.25,0.5216403264125606
p238:S2:1,238,2026-09-03:NY,5,S2,2026-09-03,NY,2026-09-03:NY,2026-09-03T10:14:45.993000-05:00,10,trend,trend,long,up,reject,fade,short,B,Touch/reject at EQH·15m 29445.50 (or EQL·1h 29455.00) after liquidity run; fade only with a clear wick reject back below 29445.50.,29445.5,confirm.ref_price,"[""p238:L1""]","[""EQH·15m (HTF)""]",EQH,A,False,[],False,[],[],False,,,,,,,48.405,,not observed (complete window),[],2026-09-03T10:14:45.993000-05:00,2026-09-03T10:49:57.593000-05:00,34,34,True,,,15.5,0.3202148538374135
p239:S1:0,239,2026-09-03:NY,6,S1,2026-09-03,NY,2026-09-03:NY,2026-09-03T10:49:57.593000-05:00,10,trend,trend,long,up,reclaim,follow,long,B,"Price prints a 5m close above 29517.00 EQH·15m, confirming the 10:45 15m BOS-up continuation.",29517,confirm.ref_price,"[""p239:L0""]","[""EQH·15m""]",EQH,A,False,[],False,[],[],False,,,,,,,40.5881,,observed,[1788450600000],2026-09-03T10:49:57.593000-05:00,2026-09-03T11:27:53.707000-05:00,37,37,True,11.0,0.271015396138277,3.25,0.0800727306772182
p239:S2:1,239,2026-09-03:NY,6,S2,2026-09-03,NY,2026-09-03:NY,2026-09-03T10:49:57.593000-05:00,10,trend,trend,long,up,reject,fade,long,A,First touch of 29481.05 VWAP+2σ rejects higher; entry on the reaction above 29481.05.,29481.05,confirm.ref_price,"[""p239:L2""]","[""VWAP+2σ""]",VWAP,A,True,[],False,[],[],True,29481.05,29414,29619.5,67.04999999999927,2.0648769574944406,0.9351230425056138,40.5881,1.651962028279207,not observed (complete window),[],2026-09-03T10:49:57.593000-05:00,2026-09-03T11:27:53.707000-05:00,37,37,True,24.950000000000728,0.6147121939682008,32.70000000000073,0.8056548594292595
p239:S3:2,239,2026-09-03:NY,6,S3,2026-09-03,NY,2026-09-03:NY,2026-09-03T10:49:57.593000-05:00,10,trend,trend,long,up,reject,fade,short,B,Price rallies back to 29543.75 SWG-H·5m and stalls at the 29539.38 Supply·1h confluence; the first touch of 29543.75 rejects lower.,29543.75,confirm.ref_price,"[""p239:L3""]","[""SWG-H·5m""]",SWG-H,A,True,[],False,[],[],True,29543.75,29610.25,29364.75,66.5,2.691729323308271,0.6145864661653982,40.5881,1.638411258472311,not observed (complete window),[],2026-09-03T10:49:57.593000-05:00,2026-09-03T11:27:53.707000-05:00,37,37,True,37.75,0.930075564019996,30.0,0.7391328985589373
p240:S1:0,240,2026-09-03:NY,7,S1,2026-09-03,NY,2026-09-03:NY,2026-09-03T11:27:53.707000-05:00,11,trend,trend,long,up,breakout_retest,follow,long,A,"Break 29543.75 (SWG-H·5m) on a 15m close, then a shallow pullback touches 29543.75 and holds.",29543.75,confirm.ref_price,"[""p240:L2""]","[""SWG-H·5m""]",SWG-H,A,False,[],False,[],[],False,,,,,,,32.4611,,observed,[1788454680000],2026-09-03T11:27:53.707000-05:00,2026-09-03T14:45:00-05:00,197,197,True,,,52.25,1.6096188976960115
p240:S2:1,240,2026-09-03:NY,7,S2,2026-09-03,NY,2026-09-03:NY,2026-09-03T11:27:53.707000-05:00,11,trend,trend,long,up,reclaim,follow,long,B,Pullback into 29512.29 (VWAP+2σ) after the 10:00 displacement; a 5m close back above 29512.29 triggers long.,29512.29,confirm.ref_price,"[""p240:L1""]","[""VWAP+2σ""]",VWAP,A,False,[],False,[],[],False,,,,,,,32.4611,,observed,[1788453480000],2026-09-03T11:27:53.707000-05:00,2026-09-03T14:45:00-05:00,197,197,True,,,20.790000000000873,0.6404588877148609
p240:S3:2,240,2026-09-03:NY,7,S3,2026-09-03,NY,2026-09-03:NY,2026-09-03T11:27:53.707000-05:00,11,trend,trend,long,up,reject,fade,short,B,A retest of 29543.75 (SWG-H·5m) stalls inside the 1h supply band 29539.38; sell the rejection.,29543.75,confirm.ref_price,"[""p240:L2""]","[""SWG-H·5m""]",SWG-H,A,True,[37],True,[37],[],True,29543.75,29592.5,29397.11,48.75,3.007999999999988,0.6453333333333154,32.4611,1.5017975361278575,observed,[1788454680000],2026-09-03T11:27:53.707000-05:00,2026-09-03T14:45:00-05:00,197,197,True,,,52.25,1.6096188976960115
p241:S1:0,241,2026-09-03:ASIA,1,S1,2026-09-03,ASIA,2026-09-03:ASIA,2026-09-03T16:37:36.171000-05:00,16,trend,trend,long,up,breakout_retest,follow,long,B,"A 5m close above 29525.75 confirms the breakout, then price retests 29525.75 from above and holds.",29525.75,confirm.ref_price,"[""p241:L2""]","[""SWG-H·5m""]",SWG-H,A,False,[],False,[],[],False,,,,,,,12.7427,,unknown,[],2026-09-03T16:37:36.171000-05:00,2026-09-03T18:47:53.178000-05:00,107,129,False,,,,
p241:S2:1,241,2026-09-03:ASIA,1,S2,2026-09-03,ASIA,2026-09-03:ASIA,2026-09-03T16:37:36.171000-05:00,16,trend,trend,long,up,reclaim,follow,long,A,Price dips to 29460.16 VWAP+2σ and auctions back; a 5m close above 29460.16 triggers long.,29460.16,confirm.ref_price,"[""p241:L6""]","[""VWAP+2σ""]",VWAP,A,False,[],False,[],[],False,,,,,,,12.7427,,unknown,[],2026-09-03T16:37:36.171000-05:00,2026-09-03T18:47:53.178000-05:00,107,129,False,,,,
p241:S3:2,241,2026-09-03:ASIA,1,S3,2026-09-03,ASIA,2026-09-03:ASIA,2026-09-03T16:37:36.171000-05:00,16,trend,trend,long,up,sweep_reclaim,fade,short,B,"Price sweeps above 29525.75, then a 5m close below 29525.75 accepts the failure; entry short on that close.",29525.75,confirm.ref_price,"[""p241:L2""]","[""SWG-H·5m""]",SWG-H,A,False,[],False,[],[],False,,,,,,,12.7427,,unknown,[],2026-09-03T16:37:36.171000-05:00,2026-09-03T18:47:53.178000-05:00,107,129,False,,,,
p241:S4:3,241,2026-09-03:ASIA,1,S4,2026-09-03,ASIA,2026-09-03:ASIA,2026-09-03T16:37:36.171000-05:00,16,trend,trend,long,up,reclaim,follow,long,B,Price reclaims 29512.54 eVWAP; a 5m close above 29512.54 triggers long toward the range top.,29512.54,confirm.ref_price,"[""p241:L4""]","[""eVWAP""]",EVWAP,A,False,[],False,[],[],False,,,,,,,12.7427,,observed,[1788476340000],2026-09-03T16:37:36.171000-05:00,2026-09-03T18:47:53.178000-05:00,107,129,False,,,,
p242:S1:0,242,2026-09-03:ASIA,2,S1,2026-09-03,ASIA,2026-09-03:ASIA,2026-09-03T18:47:53.178000-05:00,18,balance,balance,neutral,up,sweep_reclaim,fade,long,B,Price prints below 29481.50 ONL (stop sweep) and then closes a 5m candle back above 29481.50.,29481.5,confirm.ref_price,"[""p242:L5""]","[""ONL""]",ONL,A,False,[],False,[],[],False,,,,,,,9.0637,,not observed (complete window),[],2026-09-03T18:47:53.178000-05:00,2026-09-03T19:25:00.990000-05:00,37,37,True,,,34.0,3.751227423679071
p242:S2:1,242,2026-09-03:ASIA,2,S2,2026-09-03,ASIA,2026-09-03:ASIA,2026-09-03T18:47:53.178000-05:00,18,balance,balance,neutral,up,sweep_reclaim,fade,short,B,Price prints above 29513.00 ONH (stop sweep) and then closes a 5m candle back below 29513.00.,29513,confirm.ref_price,"[""p242:L2""]","[""ONH""]",ONH,A,False,[],False,[],[],False,,,,,,,9.0637,,observed,[1788479400000],2026-09-03T18:47:53.178000-05:00,2026-09-03T19:25:00.990000-05:00,37,37,True,,,2.5,0.27582554585875524
p242:S3:2,242,2026-09-03:ASIA,2,S3,2026-09-03,ASIA,2026-09-03:ASIA,2026-09-03T18:47:53.178000-05:00,18,balance,balance,neutral,up,breakout_retest,follow,long,B,A 5m close above 29513.00 ONH confirms the break; entry on a retest that touches 29513.00 and holds above it.,29513,confirm.ref_price,"[""p242:L2""]","[""ONH""]",ONH,A,False,[],False,[],[],False,,,,,,,9.0637,,observed,[1788479400000],2026-09-03T18:47:53.178000-05:00,2026-09-03T19:25:00.990000-05:00,37,37,True,,,2.5,0.27582554585875524
p243:S1:0,243,2026-09-03:ASIA,3,S1,2026-09-03,ASIA,2026-09-03:ASIA,2026-09-03T19:28:36.380000-05:00,19,balance,balance,long,up,reclaim,follow,long,B,Pullback to 29503.08 VWAP holds; a 5m close back above 29503.08 triggers the long.,29503.08,confirm.ref_price,"[""p243:L2""]","[""VWAP""]",VWAP,A,False,[],False,[],[],False,,,,,,,11.2366,,not observed (complete window),[],2026-09-03T19:28:36.380000-05:00,2026-09-03T19:53:35.711000-05:00,24,24,True,,,20.169999999998254,1.7950269654520277
p243:S2:1,243,2026-09-03:ASIA,3,S2,2026-09-03,ASIA,2026-09-03:ASIA,2026-09-03T19:28:36.380000-05:00,19,balance,balance,long,up,breakout_retest,follow,long,B,A 5m close above 29521.25 ONH confirms the break; a pullback retest of 29521.25 that holds is the long entry.,29521.25,confirm.ref_price,"[""p243:L3""]","[""ONH""]",ONH,A,False,[],False,[],[],False,,,,,,,11.2366,,observed,[1788481980000],2026-09-03T19:28:36.380000-05:00,2026-09-03T19:53:35.711000-05:00,24,24,True,,,2.0,0.17798978338643362
p243:S3:2,243,2026-09-03:ASIA,3,S3,2026-09-03,ASIA,2026-09-03:ASIA,2026-09-03T19:28:36.380000-05:00,19,balance,balance,long,up,sweep_reclaim,fade,short,C,Leg 1: price touches/sweeps 29521.25 ONH; leg 2: a 5m close back below 29521.25 triggers the fade short.,29521.25,confirm.ref_price,"[""p243:L3""]","[""ONH""]",ONH,A,False,[],False,[],[],False,,,,,,,11.2366,,observed,[1788481980000],2026-09-03T19:28:36.380000-05:00,2026-09-03T19:53:35.711000-05:00,24,24,True,,,2.0,0.17798978338643362
p244:S1:0,244,2026-09-03:ASIA,4,S1,2026-09-03,ASIA,2026-09-03:ASIA,2026-09-03T19:53:35.711000-05:00,19,balance,balance,short,up,reject,fade,short,B,touch 29548.00 and reject,29548,confirm.ref_price,"[""p244:L0""]","[""SWG-H·15m""]",SWG-H,A,True,[],False,[],[],True,29548,29558.5,29522.22,10.5,2.455238095237984,2.455238095237984,10.3932,1.0102759496593927,not observed (complete window),[],2026-09-03T19:53:35.711000-05:00,2026-09-03T20:32:32.918000-05:00,38,38,True,,,6.5,0.6254089212177193
p244:S2:1,244,2026-09-03:ASIA,4,S2,2026-09-03,ASIA,2026-09-03:ASIA,2026-09-03T19:53:35.711000-05:00,19,balance,balance,short,up,breakout_retest,follow,long,B,"5m close above 29548.00, then retest 29548.00 holds",29548,confirm.ref_price,"[""p244:L0""]","[""SWG-H·15m""]",SWG-H,A,False,[],False,[],[],False,,,,,,,10.3932,,not observed (complete window),[],2026-09-03T19:53:35.711000-05:00,2026-09-03T20:32:32.918000-05:00,38,38,True,,,6.5,0.6254089212177193
p245:S1:0,245,2026-09-03:ASIA,5,S1,2026-09-03,ASIA,2026-09-03:ASIA,2026-09-03T20:32:32.918000-05:00,20,balance,balance,short,up,sweep_reclaim,fade,short,A,Price sweeps above ONH 29543.00 and then prints a 5m close back below 29543.00 (wick alone does not qualify).,29543,confirm.ref_price,[],[],unresolved,unresolved,False,[],False,[],[],False,,,,,,,11.1299,,observed,[1788485580000],2026-09-03T20:32:32.918000-05:00,2026-09-03T21:21:00.167000-05:00,48,48,True,,,0.25,0.02246201672971006
p245:S2:1,245,2026-09-03:ASIA,5,S2,2026-09-03,ASIA,2026-09-03:ASIA,2026-09-03T20:32:32.918000-05:00,20,balance,balance,short,up,breakout_retest,follow,long,B,"5m close above 29548.00, then a pullback touches 29548.00 from above and holds; enter long at the retest.",29548,confirm.ref_price,"[""p245:L1""]","[""SWG-H·15m""]",SWG-H,A,False,[],False,[],[],False,,,,,,,11.1299,,observed,[1788485820000],2026-09-03T20:32:32.918000-05:00,2026-09-03T21:21:00.167000-05:00,48,48,True,,,4.75,0.42677831786449116
p245:S3:2,245,2026-09-03:ASIA,5,S3,2026-09-03,ASIA,2026-09-03:ASIA,2026-09-03T20:32:32.918000-05:00,20,balance,balance,short,up,reject,fade,short,B,Rally stalls at 29585.00 (fresh SWG-H/prior session high) and rejects from first touch.,29585,confirm.ref_price,"[""p245:L2""]","[""SWG-H·15m""]",SWG-H,A,True,[],False,[],[],True,29585,29603,29548,18,2.0555555555555554,2.0555555555555554,11.1299,1.6172652045391245,not observed (complete window),[],2026-09-03T20:32:32.918000-05:00,2026-09-03T21:21:00.167000-05:00,48,48,True,,,41.75,3.7511567938615804
p246:S1:0,246,2026-09-03:ASIA,6,S1,2026-09-03,ASIA,2026-09-03:ASIA,2026-09-04T00:40:13.822000-05:00,0,trend,trend,long,up,breakout_retest,follow,long,A,"Retest of 29622.25 current price that holds is the trade, confirmed by a 5m close back above 29622.25.",29622.25,confirm.ref_price,[],[],unresolved,unresolved,False,[],False,[],[],False,,,,,,,12.1493,,observed,[1788501600000],2026-09-04T00:40:13.822000-05:00,2026-09-04T01:20:35.660000-05:00,39,39,True,,,4.25,0.3498143925987505
p246:S2:1,246,2026-09-03:ASIA,6,S2,2026-09-03,ASIA,2026-09-03:ASIA,2026-09-04T00:40:13.822000-05:00,0,trend,trend,long,up,sweep_reclaim,fade,long,B,"Sweep of 29481.50 ONL; the long requires a 5m close back above 29481.50, never the wick alone.",29481.5,confirm.ref_price,"[""p246:L8""]","[""ONL""]",ONL,A,False,[],False,[],[],False,,,,,,,12.1493,,not observed (complete window),[],2026-09-04T00:40:13.822000-05:00,2026-09-04T01:20:35.660000-05:00,39,39,True,,,136.5,11.2352151975834
p246:S3:2,246,2026-09-03:ASIA,6,S3,2026-09-03,ASIA,2026-09-03:ASIA,2026-09-04T00:40:13.822000-05:00,0,trend,trend,long,up,reject,fade,long,B,"First touch of 29585.00 RTH-H; enter long only on a stall/rejection there, with resting limit 29585.00.",29585,confirm.ref_price,"[""p246:L5""]","[""RTH-H""]",RTH-H,A,True,[],False,[],[],True,29585,29568,29622.17,17,2.1864705882351916,2.1864705882351916,12.1493,1.399257570395002,not observed (complete window),[],2026-09-04T00:40:13.822000-05:00,2026-09-04T01:20:35.660000-05:00,39,39,True,,,33.0,2.7162058719432394
p246:S4:3,246,2026-09-03:ASIA,6,S4,2026-09-03,ASIA,2026-09-03:ASIA,2026-09-04T00:40:13.822000-05:00,0,trend,trend,long,up,sweep_reclaim,fade,short,C,"Sweep above 29643.50 ONH; short only after a 5m close back below 29643.50 (sweep-reclaim, not a blind fade).",29643.5,confirm.ref_price,"[""p246:L1""]","[""ONH""]",ONH,A,False,[],False,[],[],False,,,,,,,12.1493,,observed,[1788502320000],2026-09-04T00:40:13.822000-05:00,2026-09-04T01:20:35.660000-05:00,39,39,True,,,25.5,2.0988863555925033
p247:S1:0,247,2026-09-03:ASIA,7,S1,2026-09-03,ASIA,2026-09-03:ASIA,2026-09-04T01:20:35.660000-05:00,1,trend,trend,long,up,breakout_retest,follow,long,A,"5m close above 29643.50 ONH, then a retest of 29643.50 holds; enter long on touch",29643.5,confirm.ref_price,"[""p247:L1""]","[""ONH""]",ONH,A,False,[],False,[],[],False,,,,,,,12.9192,,not observed (complete window),[],2026-09-04T01:20:35.660000-05:00,2026-09-04T01:50:46.941000-05:00,29,29,True,,,13.25,1.0256053006378103
p247:S2:1,247,2026-09-03:ASIA,7,S2,2026-09-03,ASIA,2026-09-03:ASIA,2026-09-04T01:20:35.660000-05:00,1,trend,trend,long,up,reclaim,follow,long,B,Dip below 29597.25 PDC and a 5m close back above 29597.25 reclaims the pivot; enter long on that close,29597.25,confirm.ref_price,"[""p247:L6""]","[""PDC""]",PDC,A,False,[],False,[],[],False,,,,,,,12.9192,,observed,[1788504000000],2026-09-04T01:20:35.660000-05:00,2026-09-04T01:50:46.941000-05:00,29,29,True,,,33.0,2.5543377298903955
p247:S3:2,247,2026-09-03:ASIA,7,S3,2026-09-03,ASIA,2026-09-03:ASIA,2026-09-04T01:20:35.660000-05:00,1,trend,trend,long,up,sweep_reclaim,fade,short,B,Sweep above 29643.50 ONH and a 5m close back below 29643.50; short only on that close,29643.5,confirm.ref_price,"[""p247:L1""]","[""ONH""]",ONH,A,False,[],False,[],[],False,,,,,,,12.9192,,not observed (complete window),[],2026-09-04T01:20:35.660000-05:00,2026-09-04T01:50:46.941000-05:00,29,29,True,,,13.25,1.0256053006378103
p248:S1:0,248,2026-09-04:LONDON,1,S1,2026-09-04,LONDON,2026-09-04:LONDON,2026-09-04T01:41:15.950000-05:00,1,trend,trend,long,up,reclaim,follow,long,A,A dip below 29597.25 PDC followed by a 5m close back above 29597.25 while 29591.50 SWG-L·5m holds; targets 29619.50 then 29639.50/29644.25.,29597.25,confirm.ref_price,"[""p248:L6""]","[""PDC""]",PDC,A,False,[],False,[],[],False,,,,,,,13.3183,,observed,[1788504360000],2026-09-04T01:41:15.950000-05:00,2026-09-04T02:04:14.613000-05:00,22,22,True,,,5.5,0.41296561873512383
p248:S2:1,248,2026-09-04:LONDON,1,S2,2026-09-04,LONDON,2026-09-04:LONDON,2026-09-04T01:41:15.950000-05:00,1,trend,trend,long,up,reject,fade,long,B,A touch of 29579.50 SWG-H·15m; fade long from the touch with a structure stop below 29558.34 VWAP; targets 29597.25 then 29619.50/29639.50.,29579.5,confirm.ref_price,"[""p248:L8""]","[""SWG-H·15m""]",SWG-H,A,True,[],False,[],[],True,29579.5,29558.34,29639.5,21.159999999999854,2.8355387523629685,0.8388468809073781,13.3183,1.5887913622609382,observed,[1788504780000],2026-09-04T01:41:15.950000-05:00,2026-09-04T02:04:14.613000-05:00,22,22,True,,,23.25,1.7457182973802963
p248:S3:2,248,2026-09-04:LONDON,1,S3,2026-09-04,LONDON,2026-09-04:LONDON,2026-09-04T01:41:15.950000-05:00,1,trend,trend,long,up,sweep_reclaim,fade,short,B,A retest of 29644.25 ONH that wicks through 29644.25 and then prints a 5m close back below 29644.25; targets 29619.50 then 29601.00.,29644.25,confirm.ref_price,"[""p248:L2""]","[""ONH""]",ONH,A,False,[],False,[],[],False,,,,,,,13.3183,,not observed (complete window),[],2026-09-04T01:41:15.950000-05:00,2026-09-04T02:04:14.613000-05:00,22,22,True,,,41.5,3.1160133050013887
p248:S4:3,248,2026-09-04:LONDON,1,S4,2026-09-04,LONDON,2026-09-04:LONDON,2026-09-04T01:41:15.950000-05:00,1,trend,trend,long,up,reclaim,follow,long,B,A dip below 29619.50 OB(bear)·1h followed by a 5m close back above 29619.50 while 29601.00 PDH holds; targets 29639.50 then 29644.25.,29619.5,confirm.ref_price,"[""p248:L4""]","[""OB(bear)·1h""]",OB,C,False,[],False,[],[],False,,,,,,,13.3183,,not observed (complete window),[],2026-09-04T01:41:15.950000-05:00,2026-09-04T02:04:14.613000-05:00,22,22,True,,,16.75,1.2576680206933317
p249:S1:0,249,2026-09-04:LONDON,2,S1,2026-09-04,LONDON,2026-09-04:LONDON,2026-09-04T02:04:14.613000-05:00,2,trend,trend,short,up,reject,fade,short,B,price touches 29649.59 VWAP+2σ and fails to hold above it,29649.59,confirm.ref_price,"[""p249:L10""]","[""VWAP+2σ""]",VWAP,A,True,[],False,[],[],True,29649.59,29670.69,29597.25,21.099999999998545,2.480568720379325,2.480568720379325,14.0588,1.5008393319485693,not observed (complete window),[],2026-09-04T02:04:14.613000-05:00,2026-09-04T02:34:43.182000-05:00,29,29,True,73.59000000000015,5.234443907019101,66.59000000000015,4.736535123908167
p249:S2:1,249,2026-09-04:LONDON,2,S2,2026-09-04,LONDON,2026-09-04:LONDON,2026-09-04T02:04:14.613000-05:00,2,trend,trend,short,up,acceptance,follow,short,C,price breaks 29561.43 VWAP and holds below it for 3 minutes,29561.43,confirm.ref_price,"[""p249:L0""]","[""VWAP""]",VWAP,A,False,[],False,[],[],False,,,,,,,14.0588,,not observed (complete window),[],2026-09-04T02:04:14.613000-05:00,2026-09-04T02:34:43.182000-05:00,29,29,True,14.569999999999709,1.0363615671323092,21.56999999999971,1.5342703502432433
p250:S1:0,250,2026-09-04:LONDON,3,S1,2026-09-04,LONDON,2026-09-04:LONDON,2026-09-04T07:56:17.729000-05:00,7,balance,balance,short,up,sweep_reclaim,fade,short,B,Rally touches 29720 (ONH) and sweeps above it; then a 5m candle closes back below 29720,29720,confirm.ref_price,"[""p250:L8""]","[""ONH""]",ONH,A,False,[],False,[],[],False,,,,,,,31.473,,not observed (complete window),[],2026-09-04T07:56:17.729000-05:00,2026-09-04T08:30:00-05:00,33,33,True,,,185.25,5.885997521685254
p250:S2:1,250,2026-09-04:LONDON,3,S2,2026-09-04,LONDON,2026-09-04:LONDON,2026-09-04T07:56:17.729000-05:00,7,balance,balance,short,up,reject,fade,short,B,Rally into 29503.38 (OB(bear)·4h) prints a wick above the level and rejects; touch confirms the short fade,29503.38,confirm.ref_price,"[""p250:L1""]","[""OB(bear)·4h""]",OB,C,False,[],False,[],[],False,,,,,,,31.473,,not observed (complete window),[],2026-09-04T07:56:17.729000-05:00,2026-09-04T08:30:00-05:00,33,33,True,,,31.36999999999898,0.9967273536046447
p250:S3:2,250,2026-09-04:LONDON,3,S3,2026-09-04,LONDON,2026-09-04:LONDON,2026-09-04T07:56:17.729000-05:00,7,balance,balance,short,up,sweep_reclaim,fade,long,C,"Flush touches 29278.00 (Demand·1h HTF, discount) and sweeps below it; then a 5m candle closes back above 29278.00",29278,confirm.ref_price,"[""p250:L4""]","[""Demand·1h (HTF)""]",DEMAND,A,False,[],False,[],[],False,,,,,,,31.473,,not observed (complete window),[],2026-09-04T07:56:17.729000-05:00,2026-09-04T08:30:00-05:00,33,33,True,,,256.75,8.15778603882693
p251:S0:0,251,2026-09-04:NY,1,S0,2026-09-04,NY,2026-09-04:NY,2026-09-04T08:11:45.620000-05:00,8,no-trade,no-trade,neutral,up,hold,stand-aside,long,B,none,,unresolved,[],[],unresolved,unresolved,False,[],False,[],[],False,,,,,,,34.2146,,unknown,[],2026-09-04T08:11:45.620000-05:00,2026-09-04T08:44:46.688000-05:00,32,32,True,,,,
p252:S1:0,252,2026-09-04:NY,2,S1,2026-09-04,NY,2026-09-04:NY,2026-09-04T08:44:46.688000-05:00,8,balance,balance,long,up,sweep_reclaim,fade,long,A,"breakout above 29611.25 OR-H, then retest of 29611.25 as support confirmed by a 1m MSS back above 29611.25",29611.25,confirm.ref_price,"[""p252:L0""]","[""OR-H""]",OR-H,A,True,[],False,[],[],True,29611.25,29481.5,29720,129.75,0.838150289017341,0.838150289017341,32.5889,3.9814169855380204,observed,[1788529500000],2026-09-04T08:44:46.688000-05:00,2026-09-04T08:55:11.782000-05:00,10,10,True,,,31.5,0.9665867826161668
p252:S2:1,252,2026-09-04:NY,2,S2,2026-09-04,NY,2026-09-04:NY,2026-09-04T08:44:46.688000-05:00,8,balance,balance,long,up,sweep_reclaim,fade,short,B,sweep of 29720.00 ONH that fails with a 1m close back below 29720.00,29720,confirm.ref_price,"[""p252:L1""]","[""ONH""]",ONH,A,True,[],False,[],[],True,29720,29770,29601,50,2.38,2.175,32.5889,1.5342647343113758,not observed (complete window),[],2026-09-04T08:44:46.688000-05:00,2026-09-04T08:55:11.782000-05:00,10,10,True,,,77.25,2.3704390145110756
p253:S1:0,253,2026-09-04:NY,3,S1,2026-09-04,NY,2026-09-04:NY,2026-09-04T08:55:11.782000-05:00,8,balance,balance,short,up,reject,fade,short,B,Price retests 29657.38 Supply·1h and rejects; the limit sell rests at 29657.38.,29657.38,confirm.ref_price,"[""p253:L2""]","[""Supply·1h (HTF)""]",SUPPLY,A,True,"[39, 92, 94, 96, 98]",True,[39],[],True,29657.38,29720,29503.38,62.61999999999898,2.4592781858831443,1.0597253273714733,35.7426,1.7519710373615511,observed,[1788530460000],2026-09-04T08:55:11.782000-05:00,2026-09-04T11:03:30.521000-05:00,127,127,True,,,2.3699999999989814,0.0663074314683034
p253:S2:1,253,2026-09-04:NY,3,S2,2026-09-04,NY,2026-09-04:NY,2026-09-04T08:55:11.782000-05:00,8,balance,balance,short,up,reclaim,follow,short,C,A 5m close below 29591.02 VWAP triggers a reclaim short; the sell stop is at 29591.02.,29591.02,confirm.ref_price,"[""p253:L6""]","[""VWAP""]",VWAP,A,True,"[38, 62, 65, 67, 70, 73, 75, 77, 79, 81, 83, 85, 87, 89, 91, 93, 95, 97, 99, 101, 102]",True,"[38, 62, 65, 67, 70, 73, 75, 77, 79, 81, 83, 85, 87, 89, 91, 93, 95, 97, 99, 101, 102]",[],True,29591.02,29645.25,29481.5,54.22999999999956,2.0195463765443726,0.6872579752904432,35.7426,1.5172371343998354,observed,[1788531600000],2026-09-04T08:55:11.782000-05:00,2026-09-04T11:03:30.521000-05:00,127,127,True,,,68.72999999999956,1.9229155125816129
p254:S1:0,254,2026-09-04:NY,4,S1,2026-09-04,NY,2026-09-04:NY,2026-09-04T11:03:30.521000-05:00,11,balance,balance,short,up,reject,fade,short,B,Pullback rally to 29585.00 RTH-H after the 15m lower-high sequence; touch 29585.00 fades short.,29585,confirm.ref_price,"[""p254:L6""]","[""RTH-H""]",RTH-H,B,True,[],False,[],[],True,29585,29636,29481.5,51,2.0294117647058822,2.0294117647058822,31.3448,1.6270641382302646,not observed (complete window),[],2026-09-04T11:03:30.521000-05:00,2026-09-04T11:28:50.086000-05:00,24,24,True,,,71.75,2.2890559199612057
p254:S2:1,254,2026-09-04:NY,4,S2,2026-09-04,NY,2026-09-04:NY,2026-09-04T11:03:30.521000-05:00,11,balance,balance,short,up,sweep_reclaim,fade,short,B,Rally sweeps 29720.00 ONH and then prints a 1m MSS back below 29720.00.,29720,confirm.ref_price,"[""p254:L10""]","[""ONH""]",ONH,A,True,[],False,[],[],True,29720,29770,29585,50,2.7,2.7,31.3448,1.5951609198335928,not observed (complete window),[],2026-09-04T11:03:30.521000-05:00,2026-09-04T11:28:50.086000-05:00,24,24,True,,,206.75,6.595990403511906
p254:S3:2,254,2026-09-04:NY,4,S3,2026-09-04,NY,2026-09-04:NY,2026-09-04T11:03:30.521000-05:00,11,balance,balance,short,up,reject,fade,long,B,First touch of 29144.50 Demand·1h (HTF) after a wash lower; touch 29144.50 buys the reaction zone.,29144.5,confirm.ref_price,"[""p254:L3""]","[""Demand·1h (HTF)""]",DEMAND,A,False,[],False,[],[],False,,,,,,,31.3448,,not observed (complete window),[],2026-09-04T11:03:30.521000-05:00,2026-09-04T11:28:50.086000-05:00,24,24,True,,,368.75,11.764311783772747
p255:S1:0,255,2026-09-04:NY,5,S1,2026-09-04,NY,2026-09-04:NY,2026-09-04T11:28:50.086000-05:00,11,balance,balance,short,up,sweep_reclaim,fade,short,B,"Price rallies to 29720.00 ONH, sweeps it with a wick, then 5m closes back below 29720.00",29720,confirm.ref_price,"[""p255:L0""]","[""ONH""]",ONH,A,True,"[100, 103]",True,[],[],True,29720,29765,29553.75,45,3.6944444444444446,2.6444444444444444,27.0631,1.6627806866175716,not observed (complete window),[],2026-09-04T11:28:50.086000-05:00,2026-09-04T11:59:02.287000-05:00,30,30,True,,,160.25,5.921346778454796
p255:S2:1,255,2026-09-04:NY,5,S2,2026-09-04,NY,2026-09-04:NY,2026-09-04T11:28:50.086000-05:00,11,balance,balance,short,up,breakout_retest,follow,short,C,"5m breaks below 29530.63 POC, then pulls back to retest 29530.63 from below and stalls",29530.63,confirm.ref_price,"[""p255:L6""]","[""POC""]",POC,A,False,[],False,[],[],False,,,,,,,27.0631,,not observed (complete window),[],2026-09-04T11:28:50.086000-05:00,2026-09-04T11:59:02.287000-05:00,30,30,True,,,29.11999999999898,1.0760038576511555
p256:S1:0,256,2026-09-04:NY,6,S1,2026-09-04,NY,2026-09-04:NY,2026-09-04T12:10:35.724000-05:00,12,balance,balance,short,up,reject,fade,short,B,"After 13:30 CT, price rallies into 29579.56 VWAP and stalls; sell the touch, not a chase.",29579.56,confirm.ref_price,"[""p256:L0""]","[""VWAP""]",VWAP,A,True,[],False,[],[],True,29579.56,29614.5,29503.38,34.93999999999869,2.1803091013166327,0.7386949055524407,23.2888,1.5002919858472181,not observed (complete window),[],2026-09-04T12:10:35.724000-05:00,2026-09-04T14:45:00-05:00,154,154,True,9.81000000000131,0.421232523788315,40.06000000000131,1.720140153206748
p256:S2:1,256,2026-09-04:NY,6,S2,2026-09-04,NY,2026-09-04:NY,2026-09-04T12:10:35.724000-05:00,12,balance,balance,short,up,sweep_reclaim,fade,short,B,Price rallies to 29720.00 ONH and sweeps it; a 5m close back below 29720.00 confirms the reclaim and the short.,29720,confirm.ref_price,"[""p256:L5""]","[""ONH""]",ONH,A,True,"[104, 105]",True,[],[],True,29720,29755,29635,35,2.4285714285714284,2.4285714285714284,23.2888,1.5028683315585174,not observed (complete window),[],2026-09-04T12:10:35.724000-05:00,2026-09-04T14:45:00-05:00,154,154,True,150.25,6.451599051904779,180.5,7.750506681323212
p256:S3:2,256,2026-09-04:NY,6,S3,2026-09-04,NY,2026-09-04:NY,2026-09-04T12:10:35.724000-05:00,12,balance,balance,short,up,sweep_reclaim,fade,long,C,A flush to 29144.50 Demand·1h that sweeps the level and then posts a 5m close back above it.,29144.5,confirm.ref_price,"[""p256:L10""]","[""Demand·1h (HTF)""]",DEMAND,A,False,[],False,[],[],False,,,,,,,23.2888,,not observed (complete window),[],2026-09-04T12:10:35.724000-05:00,2026-09-04T14:45:00-05:00,154,154,True,425.25,18.259850228435987,395.0,16.960942599017553
p258:S1:0,258,2026-09-06:ASIA,1,S1,2026-09-06,ASIA,2026-09-06:ASIA,2026-09-06T16:39:24.179000-05:00,16,balance,balance,long,up,reject,fade,long,B,Price touches 29468.25 PDL and rejects from the 29465.12-29468.25 discount shelf; long the retest.,29468.25,confirm.ref_price,"[""p258:L2""]","[""PDL""]",PDL,A,True,[],False,[],[],True,29468.25,29440,29534.33,28.25,2.3391150442478494,2.0,13.9505,2.0250170244794092,unknown,[],2026-09-06T16:39:24.179000-05:00,2026-09-06T17:51:06.077000-05:00,51,71,False,,,,
p258:S2:1,258,2026-09-06:ASIA,1,S2,2026-09-06,ASIA,2026-09-06:ASIA,2026-09-06T16:39:24.179000-05:00,16,balance,balance,long,up,reclaim,follow,long,B,"After a 29502.88 OB(bear)·1h sweep and bounce, price reclaims 29524.75 PDC with a 1x5m close above; long the Asia recovery.",29524.75,confirm.ref_price,"[""p258:L4""]","[""PDC""]",PDC,A,True,[],False,[],[],True,29526,29497,29657.38,29,4.530344827586242,0.28724137931040505,13.9505,2.0787785384036415,unknown,[],2026-09-06T16:39:24.179000-05:00,2026-09-06T17:51:06.077000-05:00,51,71,False,,,,
p258:S3:2,258,2026-09-06:ASIA,1,S3,2026-09-06,ASIA,2026-09-06:ASIA,2026-09-06T16:39:24.179000-05:00,16,balance,balance,long,up,reject,fade,short,B,Rally touches 29657.38 Supply·1h and rejects; short the premium fade above the 29594.13 midpoint.,29657.38,confirm.ref_price,"[""p258:L7""]","[""Supply·1h (HTF)""]",SUPPLY,A,True,[],False,[],[],True,29657.38,29687,29534.33,29.61999999999898,4.154287643484251,3.983794733288456,13.9505,2.123221389914267,unknown,[],2026-09-06T16:39:24.179000-05:00,2026-09-06T17:51:06.077000-05:00,51,71,False,,,,
p259:S1:0,259,2026-09-06:ASIA,2,S1,2026-09-06,ASIA,2026-09-06:ASIA,2026-09-06T17:51:06.077000-05:00,17,balance,balance,long,up,sweep_reclaim,fade,long,B,"Sweep below 29524.75 PDC, then a 1m_mss back above 29530.25 ONL.",29524.75,confirm.ref_price,"[""p259:L5""]","[""PDC""]",PDC,A,True,"[107, 108]",True,"[107, 108]",[],True,29524.75,29504,29575.48,20.75,2.4448192771084125,0.9759036144578314,11.495,1.8051326663766856,not observed (complete window),[],2026-09-06T17:51:06.077000-05:00,2026-09-06T20:05:28.148000-05:00,133,133,True,56.0,4.871683340582862,58.0,5.045672031317965
p259:S2:1,259,2026-09-06:ASIA,2,S2,2026-09-06,ASIA,2026-09-06:ASIA,2026-09-06T17:51:06.077000-05:00,17,balance,balance,long,up,reclaim,follow,long,B,"Dip below 29575.48 VWAP, then print a 1x5m close back above 29575.48.",29575.48,confirm.ref_price,"[""p259:L0""]","[""VWAP""]",VWAP,A,True,[],False,[],[],True,29575.48,29550,29657.38,25.479999999999563,3.2142857142858263,0.4815541601256141,11.495,2.2166159199651645,observed,[1788735600000],2026-09-06T17:51:06.077000-05:00,2026-09-06T20:05:28.148000-05:00,133,133,True,5.270000000000437,0.45846020008703237,7.270000000000437,0.6324488908221346
p259:S3:2,259,2026-09-06:ASIA,2,S3,2026-09-06,ASIA,2026-09-06:ASIA,2026-09-06T17:51:06.077000-05:00,17,balance,balance,long,up,reject,fade,short,C,Touch 29594.40 VWAP+2σ and reject with no 1x5m close above 29594.40.,29594.4,confirm.ref_price,"[""p259:L8""]","[""VWAP+2σ""]",VWAP,A,True,[],False,[],[],True,29594.4,29612,29545,17.599999999998545,2.8068181818184965,1.0750000000001965,11.495,1.531100478468773,not observed (complete window),[],2026-09-06T17:51:06.077000-05:00,2026-09-06T20:05:28.148000-05:00,133,133,True,13.650000000001455,1.1874728142671993,11.650000000001455,1.013484123532097
p260:S1:0,260,2026-09-06:ASIA,3,S1,2026-09-06,ASIA,2026-09-06:ASIA,2026-09-06T20:05:28.148000-05:00,20,balance,balance,long,up,sweep_reclaim,fade,long,A,"Sweep below 29530.25 ONL, then 1m MSS back above 29530.25",29530.25,confirm.ref_price,"[""p260:L1""]","[""ONL""]",ONL,A,True,"[109, 110]",True,[109],[],True,29530.25,29504.25,29607.5,26.0,2.9711538461538463,2.2115384615384617,16.6781,1.5589305736264922,not observed (complete window),[],2026-09-06T20:05:28.148000-05:00,2026-09-06T23:17:15.188000-05:00,191,191,True,12.75,0.7644755697591452,38.0,2.2784369922233347
p260:S2:1,260,2026-09-06:ASIA,3,S2,2026-09-06,ASIA,2026-09-06:ASIA,2026-09-06T20:05:28.148000-05:00,20,balance,balance,long,up,reject,fade,long,C,Touch of 29541.25 SWG-L·5m into 29541.12 Demand·1h confluence rejects; long limit at 29541.25,29541.25,confirm.ref_price,[],[],unresolved,unresolved,True,"[106, 112]",True,[106],[],True,29541.25,29516.25,29607.5,25.0,2.65,1.86,16.6781,1.4989717054100886,observed,[1788743160000],2026-09-06T20:05:28.148000-05:00,2026-09-06T23:17:15.188000-05:00,191,191,True,1.75,0.1049280193787062,27.0,1.6188894418428956
p261:S1:0,261,2026-09-06:ASIA,4,S1,2026-09-06,ASIA,2026-09-06:ASIA,2026-09-06T23:17:15.188000-05:00,23,trend,trend,long,up,reject,fade,long,B,Price pulls back and touches 29575.25 SWG-L·5m while the 15m HL 29572.25 and 1h HL 29532.50 hold; fade the first touch.,29575.25,confirm.ref_price,"[""p261:L4""]","[""SWG-L·5m""]",SWG-L,A,True,[],False,[],[],True,29575.25,29552.5,29623,22.75,2.098901098901099,1.5714285714285714,15.0079,1.515868309357072,observed,[1788754980000],2026-09-06T23:17:15.188000-05:00,2026-09-06T23:29:57.794000-05:00,11,11,True,,,7.0,0.46642101826371446
p261:S2:1,261,2026-09-06:ASIA,4,S2,2026-09-06,ASIA,2026-09-06:ASIA,2026-09-06T23:17:15.188000-05:00,23,trend,trend,long,up,reclaim,follow,long,B,A 5m candle closes above 29619.25 EQH·1h (HTF) after a reclaim through 29611.00 OB(bull)·1h; buy stop 29620.00 for continuation.,29619.25,confirm.ref_price,"[""p261:L8""]","[""EQH·1h (HTF)""]",EQH,A,True,[],False,[],[],True,29620,29596.75,29692,23.25,3.096774193548387,0.12903225806451613,15.0079,1.5491840963759087,not observed (complete window),[],2026-09-06T23:17:15.188000-05:00,2026-09-06T23:29:57.794000-05:00,11,11,True,,,37.0,2.465368239393919
p262:S1:0,262,2026-09-06:ASIA,5,S1,2026-09-06,ASIA,2026-09-06:ASIA,2026-09-06T23:29:57.794000-05:00,23,balance,balance,long,up,reject,fade,long,B,Early retest of 29576.00 SWG-L·5m after the failed ONH push; buyers defend the 5m higher low.,29576,confirm.ref_price,"[""p262:L5""]","[""SWG-L·5m""]",SWG-L,A,True,[111],True,[111],[592],True,29576,29554,29623,22,2.1363636363636362,0.8109090909090976,14.6541,1.5012863294231649,observed,[1788755640000],2026-09-06T23:29:57.794000-05:00,2026-09-07T00:07:18.515000-05:00,37,37,True,8.25,0.5629823735336869,7.75,0.5288622296831603
p262:S2:1,262,2026-09-06:ASIA,5,S2,2026-09-06,ASIA,2026-09-06:ASIA,2026-09-06T23:29:57.794000-05:00,23,balance,balance,long,up,reject,fade,long,B,Retest of 29557.57 VWAP−1σ with 1h Demand 29541.12 just below as confluence.,29557.57,confirm.ref_price,"[""p262:L3""]","[""VWAP−1σ""]",VWAP,A,True,[],False,[],[],True,29557.57,29535.25,29623,22.31999999999971,2.931451612903277,1.6250000000000409,14.6541,1.523123221487482,not observed (complete window),[],2026-09-06T23:29:57.794000-05:00,2026-09-07T00:07:18.515000-05:00,37,37,True,26.68000000000029,1.8206508758641125,26.18000000000029,1.7865307320135861
p262:S3:2,262,2026-09-06:ASIA,5,S3,2026-09-06,ASIA,2026-09-06:ASIA,2026-09-06T23:29:57.794000-05:00,23,balance,balance,long,up,sweep_reclaim,fade,short,C,A second sweep of ONH 29623.00 that fails: a 1m/5m close back below 29623.00 confirms the reclaim.,29623,confirm.ref_price,"[""p262:L9""]","[""ONH""]",ONH,A,False,[],False,[],[],False,,,,,,,14.6541,,not observed (complete window),[],2026-09-06T23:29:57.794000-05:00,2026-09-07T00:07:18.515000-05:00,37,37,True,38.75,2.644311148415802,39.25,2.6784312922663283
p263:S1:0,263,2026-09-06:ASIA,6,S1,2026-09-06,ASIA,2026-09-06:ASIA,2026-09-07T00:07:18.515000-05:00,0,balance,balance,neutral,up,sweep_reclaim,fade,short,B,"Price sweeps above 29623.00 ONH, then prints a 5m close back below 29623.00.",29623,confirm.ref_price,"[""p263:L6""]","[""ONH""]",ONH,A,False,[],False,[],[],False,,,,,,,12.2404,,observed,[1788759780000],2026-09-07T00:07:18.515000-05:00,2026-09-07T00:51:58.842000-05:00,43,43,True,,,24.5,2.0015685761903206
p263:S2:1,263,2026-09-06:ASIA,6,S2,2026-09-06,ASIA,2026-09-06:ASIA,2026-09-07T00:07:18.515000-05:00,0,balance,balance,neutral,up,reject,fade,short,B,Price touches 29692.00 RTH-H and rejects without a 5m close above 29692.00.,29692,confirm.ref_price,"[""p263:L7""]","[""RTH-H""]",RTH-H,A,True,[],False,[],[],True,29692,29712,29623,20,3.45,3.45,12.2404,1.6339335315839352,not observed (complete window),[],2026-09-07T00:07:18.515000-05:00,2026-09-07T00:51:58.842000-05:00,43,43,True,,,93.5,7.638639260154897
p263:S3:2,263,2026-09-06:ASIA,6,S3,2026-09-06,ASIA,2026-09-06:ASIA,2026-09-07T00:07:18.515000-05:00,0,balance,balance,neutral,up,reject,fade,long,B,Price pulls back to 29569.50 SWG-L·5m and rejects upward without a 5m close below 29569.50.,29569.5,confirm.ref_price,"[""p263:L1""]","[""SWG-L·5m""]",SWG-L,A,True,[],False,[],[],True,29569.5,29550,29623,19.5,2.7435897435897436,1.3974358974358974,12.2404,1.5930851932943368,not observed (complete window),[],2026-09-07T00:07:18.515000-05:00,2026-09-07T00:51:58.842000-05:00,43,43,True,,,29.0,2.369203620796706
p263:S4:3,263,2026-09-06:ASIA,6,S4,2026-09-06,ASIA,2026-09-06:ASIA,2026-09-07T00:07:18.515000-05:00,0,balance,balance,neutral,up,sweep_reclaim,fade,long,C,"Price sweeps below 29530.25 ONL, then prints a 5m close back above 29530.25.",29530.25,confirm.ref_price,"[""p263:L3""]","[""ONL""]",ONL,A,False,[],False,[],[],False,,,,,,,12.2404,,not observed (complete window),[],2026-09-07T00:07:18.515000-05:00,2026-09-07T00:51:58.842000-05:00,43,43,True,,,68.25,5.575798176530179
p264:S1:0,264,2026-09-07:ASIA,1,S1,2026-09-07,ASIA,2026-09-07:ASIA,2026-09-07T20:47:57.716000-05:00,20,balance,balance,short,up,sweep_reclaim,fade,short,A,"Fresh push through 29687.50 ONH that sweeps the high, then a 5m close back below 29687.50",29687.5,confirm.ref_price,"[""p264:L0""]","[""ONH""]",ONH,A,False,[],False,[],[],False,,,,,,,19.423,,observed,[1788832140000],2026-09-07T20:47:57.716000-05:00,2026-09-07T21:19:35.498000-05:00,31,31,True,9.5,0.48911084796375437,15.5,0.7980229624671782
p264:S2:1,264,2026-09-07:ASIA,1,S2,2026-09-07,ASIA,2026-09-07:ASIA,2026-09-07T20:47:57.716000-05:00,20,balance,balance,short,up,reject,fade,short,B,"Rally into 29707.50 EQH·1h, stall, and fall back below 29707.50; limit short rests there.",29707.5,confirm.ref_price,"[""p264:L1""]","[""EQH·1h (HTF)""]",EQH,A,True,[],False,[],[],True,29707.5,29737.5,29636.64,30.0,2.362000000000019,0.6666666666666666,19.423,1.544560572517119,observed,[1788832560000],2026-09-07T20:47:57.716000-05:00,2026-09-07T21:19:35.498000-05:00,31,31,True,29.5,1.5188178963085004,35.5,1.827730010811924
p264:S3:2,264,2026-09-07:ASIA,1,S3,2026-09-07,ASIA,2026-09-07:ASIA,2026-09-07T20:47:57.716000-05:00,20,balance,balance,short,up,hold,follow,short,B,Break below 29664.50 and hold with 1m closes below 29664.50,29664.5,confirm.ref_price,"[""p264:L4""]","[""SWG-H·15m""]",SWG-H,A,False,[],False,[],[],False,,,,,,,19.423,,not observed (complete window),[],2026-09-07T20:47:57.716000-05:00,2026-09-07T21:19:35.498000-05:00,31,31,True,13.5,0.6950522576327035,7.5,0.38614014312927974
p265:S1:0,265,2026-09-07:ASIA,2,S1,2026-09-07,ASIA,2026-09-07:ASIA,2026-09-07T22:03:44.933000-05:00,22,trend,trend,long,up,reject,fade,long,B,Pullback to VWAP+1σ 29671.42 magnet — touch and hold = long back toward ONH,29671.42,confirm.ref_price,"[""p265:L5""]","[""VWAP+1σ""]",VWAP,A,True,[],False,[],[],True,29671.42,29647,29721.25,24.419999999998254,2.040540540540758,1.5081900081901876,16.1603,1.5111105610662088,observed,[1788836940000],2026-09-07T22:03:44.933000-05:00,2026-09-07T22:16:50.382000-05:00,12,12,True,,,6.169999999998254,0.381799842824592
p265:S2:1,265,2026-09-07:ASIA,2,S2,2026-09-07,ASIA,2026-09-07:ASIA,2026-09-07T22:03:44.933000-05:00,22,trend,trend,long,up,reject,fade,long,B,Deeper pullback to reclaimed SWG-H·15m 29664.50 — first-touch reject = long,29664.5,confirm.ref_price,"[""p265:L6""]","[""SWG-H·15m""]",SWG-H,A,True,[113],True,[113],[593],True,29664.5,29640,29721.25,24.5,2.316326530612245,0.28244897959176546,16.1603,1.5160609642147733,observed,[1788836640000],2026-09-07T22:03:44.933000-05:00,2026-09-07T22:16:50.382000-05:00,12,12,True,,,0.75,0.04641002951677877
p265:S3:2,265,2026-09-07:ASIA,2,S3,2026-09-07,ASIA,2026-09-07:ASIA,2026-09-07T22:03:44.933000-05:00,22,trend,trend,long,up,reject,fade,short,C,First touch of ONH 29721.25 — rejection = short back toward the range,29721.25,confirm.ref_price,"[""p265:L2""]","[""ONH""]",ONH,A,True,[],False,[],[],True,29721.25,29746.5,29664.5,25.25,2.2475247524752477,0.5148514851485149,16.1603,1.562470993731552,not observed (complete window),[],2026-09-07T22:03:44.933000-05:00,2026-09-07T22:16:50.382000-05:00,12,12,True,,,56.0,3.465282203919482
p265:S4:3,265,2026-09-07:ASIA,2,S4,2026-09-07,ASIA,2026-09-07:ASIA,2026-09-07T22:03:44.933000-05:00,22,trend,trend,long,up,sweep_reclaim,fade,short,B,Sweep of ONH 29721.25 toward 29722.62–29724.57 that fails and closes back below 29721.25 on 5m,29721.25,confirm.ref_price,"[""p265:L2""]","[""ONH""]",ONH,A,True,"[114, 115]",True,[],[],True,29721.25,29746.5,29664.5,25.25,2.2475247524752477,0.5148514851485149,16.1603,1.562470993731552,not observed (complete window),[],2026-09-07T22:03:44.933000-05:00,2026-09-07T22:16:50.382000-05:00,12,12,True,,,56.0,3.465282203919482
p266:S1:0,266,2026-09-07:ASIA,3,S1,2026-09-07,ASIA,2026-09-07:ASIA,2026-09-07T22:16:50.382000-05:00,22,balance,balance,short,up,reject,fade,short,A,Touch of 29675.22 VWAP+1σ after the 29721.25 ONH failure; upper-value fade with 29670.00 OB(bear)·1h as confluence.,29675.22,confirm.ref_price,"[""p266:L3""]","[""VWAP+1σ""]",VWAP,A,True,[],False,[],[],True,29675.22,29700,29621.97,24.779999999998836,2.148910411622377,0.5133171912833641,15.8017,1.5681857015383684,not observed (complete window),[],2026-09-07T22:16:50.382000-05:00,2026-09-07T23:33:19.779000-05:00,76,76,True,9.470000000001164,0.5993026066816333,13.779999999998836,0.8720580697012875
p266:S2:1,266,2026-09-07:ASIA,3,S2,2026-09-07,ASIA,2026-09-07:ASIA,2026-09-07T22:16:50.382000-05:00,22,balance,balance,short,up,reject,fade,long,B,Touch of 29568.73 VWAP−1σ in discount below the 50% mark 29607.40; lower-value reversion long.,29568.73,confirm.ref_price,"[""p266:L10""]","[""VWAP−1σ""]",VWAP,A,True,[],False,[],[],True,29568.73,29544.75,29621.97,23.979999999999563,2.220183486238639,0.6092577147623373,15.8017,1.5175582374048084,not observed (complete window),[],2026-09-07T22:16:50.382000-05:00,2026-09-07T23:33:19.779000-05:00,76,76,True,97.02000000000044,6.139845712803081,120.27000000000044,7.611206389186001
p266:S3:2,266,2026-09-07:ASIA,3,S3,2026-09-07,ASIA,2026-09-07:ASIA,2026-09-07T22:16:50.382000-05:00,22,balance,balance,short,up,sweep_reclaim,fade,short,B,Sweep of 29721.25 ONH followed by a 5m close back below 29721.25.,29721.25,confirm.ref_price,"[""p266:L1""]","[""ONH""]",ONH,A,True,"[116, 117, 118, 119]",True,"[116, 117, 118, 119]",[],True,29721.25,29745.25,29646,24.0,3.1354166666666665,1.917916666666618,15.8017,1.5188239240081762,observed,[1788838080000],2026-09-07T22:16:50.382000-05:00,2026-09-07T23:33:19.779000-05:00,76,76,True,55.5,3.512280324268908,32.25,2.040919647885987
p267:S1:0,267,2026-09-07:ASIA,4,S1,2026-09-07,ASIA,2026-09-07:ASIA,2026-09-07T23:40:33.408000-05:00,23,balance,balance,short,up,reject,fade,short,A,Short reject at ONH 29753.25 after 5m sweep-up; price extended above value high,29753.25,confirm.ref_price,"[""p267:L0""]","[""ONH""]",ONH,A,True,[120],True,[],[],True,29753.25,29776,29702.73,22.75,2.2206593406593598,1.3463736263736712,15.1263,1.5040029617289092,observed,[1788842520000],2026-09-07T23:40:33.408000-05:00,2026-09-08T00:17:45.586000-05:00,36,36,True,,,4.75,0.31402259640493707
p267:S2:1,267,2026-09-07:ASIA,4,S2,2026-09-07,ASIA,2026-09-07:ASIA,2026-09-07T23:40:33.408000-05:00,23,balance,balance,short,up,breakout_retest,follow,long,C,Breakout above 29761.62 then retest as support,29761.62,confirm.ref_price,"[""p267:L1""]","[""OB(bear)·1h (HTF)""]",OB,A,False,[],False,[],[],False,,,,,,,15.1263,,observed,[1788842460000],2026-09-07T23:40:33.408000-05:00,2026-09-08T00:17:45.586000-05:00,36,36,True,,,3.6199999999989814,0.2393182734706426
p268:S1:0,268,2026-09-07:ASIA,5,S1,2026-09-07,ASIA,2026-09-07:ASIA,2026-09-08T00:17:45.586000-05:00,0,balance,balance,short,up,reject,fade,short,A,Rally into 29736.75 PDC stalls and prints sellers; fade the first touch of the post-breakdown shelf.,29736.75,confirm.ref_price,"[""p268:L3""]","[""PDC""]",PDC,A,True,[],False,[],[],True,29736.75,29768.5,29670,31.75,2.1023622047244093,0.7647244094487823,17.191,1.8468966319585831,not observed (complete window),[],2026-09-08T00:17:45.586000-05:00,2026-09-08T02:00:00-05:00,102,102,True,36.75,2.1377464952591474,38.5,2.239543947414345
p268:S2:1,268,2026-09-07:ASIA,5,S2,2026-09-07,ASIA,2026-09-07:ASIA,2026-09-08T00:17:45.586000-05:00,0,balance,balance,short,up,reject,fade,short,B,Late-session push to the overnight high 29764.75 is sold; touch and rejection below 29764.75.,29764.75,confirm.ref_price,"[""p268:L5""]","[""PDH""]",PDH,A,True,[],False,[],[],True,29764.75,29791.5,29670,26.75,3.542056074766355,1.0467289719626167,17.191,1.5560467686580188,not observed (complete window),[],2026-09-08T00:17:45.586000-05:00,2026-09-08T02:00:00-05:00,102,102,True,64.75,3.7665057297423075,66.5,3.8683031818975047
p268:S3:2,268,2026-09-07:ASIA,5,S3,2026-09-07,ASIA,2026-09-07:ASIA,2026-09-08T00:17:45.586000-05:00,0,balance,balance,short,up,hold,follow,short,C,A weak bounce into 29712.47 fails and price holds below 29712.47 for ACCEPT_HOLD_MIN of 1m closes; continuation short toward 29670.00.,29712.47,confirm.ref_price,"[""p268:L0""]","[""VWAP+1σ""]",VWAP,A,False,[],False,[],[],False,,,,,,,17.191,,observed,[1788844680000],2026-09-08T00:17:45.586000-05:00,2026-09-08T02:00:00-05:00,102,102,True,12.470000000001164,0.725379559071675,14.220000000001164,0.8271770112268725
p268:S4:3,268,2026-09-07:ASIA,5,S4,2026-09-07,ASIA,2026-09-07:ASIA,2026-09-08T00:17:45.586000-05:00,0,balance,balance,short,up,reclaim,follow,long,C,"Dip into the 29670.00–29660.25 1h OB/session support clears weak stops, then price recovers above 29670.00; long toward PDC.",29670,confirm.ref_price,"[""p268:L6""]","[""OB(bear)·1h""]",OB,C,False,[],False,[],[],False,,,,,,,17.191,,observed,[1788845400000],2026-09-08T00:17:45.586000-05:00,2026-09-08T02:00:00-05:00,102,102,True,30.0,1.7450991798033857,28.25,1.643301727648188
p269:S1:0,269,2026-09-08:LONDON,1,S1,2026-09-08,LONDON,2026-09-08:LONDON,2026-09-08T01:43:11.608000-05:00,1,balance,balance,long,neutral,reject,fade,long,A,Sweep/reject of 29546.25 SWG-L·5m at the 1h Demand·1h 29541.12 confluence; long from the touch back toward VWAP−1σ and 29623.25.,29546.25,confirm.ref_price,"[""p269:L3""]","[""SWG-L·5m""]",SWG-L,A,True,[],False,[],[],True,29546.25,29509.45,29623.25,36.79999999999927,2.0923913043478675,0.9570652173913549,24.5139,1.501189121274023,not observed (complete window),[],2026-09-08T01:43:11.608000-05:00,2026-09-08T02:08:48.217000-05:00,24,24,True,,,63.5,2.5903670978506073
p269:S2:1,269,2026-09-08:LONDON,1,S2,2026-09-08,LONDON,2026-09-08:LONDON,2026-09-08T01:43:11.608000-05:00,1,balance,balance,long,neutral,reclaim,follow,long,B,"1x5m close back above 29575.50 EQH·1h (HTF) after the overnight break; long toward OB(bull)·1h 29611.00, 29623.25 and 29661.25.",29575.5,confirm.ref_price,"[""p269:L5""]","[""EQH·1h (HTF)""]",EQH,A,True,[],False,[],[],True,29575.5,29538.7,29661.25,36.79999999999927,2.330163043478307,0.16222826086960007,24.5139,1.501189121274023,not observed (complete window),[],2026-09-08T01:43:11.608000-05:00,2026-09-08T02:08:48.217000-05:00,24,24,True,,,34.25,1.3971665055335953
p269:S3:2,269,2026-09-08:LONDON,1,S3,2026-09-08,LONDON,2026-09-08:LONDON,2026-09-08T01:43:11.608000-05:00,1,balance,balance,long,neutral,reject,fade,short,B,First touch of 29675.75 SWG-L·5m on a bounce into premium; short back toward 29623.25 and 29581.47.,29675.75,confirm.ref_price,"[""p269:L10""]","[""SWG-L·5m""]",SWG-L,A,True,[],False,[],[],True,29675.75,29712.55,29581.47,36.79999999999927,2.5619565217391496,0.3940217391304426,24.5139,1.501189121274023,not observed (complete window),[],2026-09-08T01:43:11.608000-05:00,2026-09-08T02:08:48.217000-05:00,24,24,True,,,66.0,2.692350054458899
p270:S1:0,270,2026-09-08:LONDON,2,S1,2026-09-08,LONDON,2026-09-08:LONDON,2026-09-08T02:08:48.217000-05:00,2,balance,balance,neutral,up,sweep_reclaim,fade,long,A,"Sweep of 29546.25 SWG-L·5m, then 1m MSS back above 29546.25",29546.25,confirm.ref_price,"[""p270:L2""]","[""SWG-L·5m""]",SWG-L,A,True,"[122, 123, 124]",True,"[122, 124]",[594],True,29546.25,29510,29620.75,36.25,2.0551724137931036,0.9241379310344827,23.8431,1.5203559939772933,observed,[1788853920000],2026-09-08T02:08:48.217000-05:00,2026-09-08T02:54:12.229000-05:00,45,45,True,,,85.0,3.5649726755329634
p270:S2:1,270,2026-09-08:LONDON,2,S2,2026-09-08,LONDON,2026-09-08:LONDON,2026-09-08T02:08:48.217000-05:00,2,balance,balance,neutral,up,reject,fade,long,B,First touch of 29579.75 VWAP−1σ from above,29579.75,confirm.ref_price,"[""p270:L5""]","[""VWAP−1σ""]",VWAP,A,True,[],False,[],[],True,29579.75,29543.75,29657.38,36.0,2.1563888888889173,1.1388888888888888,23.8431,1.5098707802257256,observed,[1788853080000],2026-09-08T02:08:48.217000-05:00,2026-09-08T02:54:12.229000-05:00,45,45,True,,,51.5,2.159954032822913
p270:S3:2,270,2026-09-08:LONDON,2,S3,2026-09-08,LONDON,2026-09-08:LONDON,2026-09-08T02:08:48.217000-05:00,2,balance,balance,neutral,up,reject,fade,short,B,First touch of 29646.00 RTH-H with 29657.38 Supply·1h overhead,29646,confirm.ref_price,"[""p270:L8""]","[""RTH-H""]",RTH-H,B,True,[],False,[],[],True,29646,29682.25,29546.25,36.25,2.7517241379310344,1.8275862068965518,23.8431,1.5203559939772933,not observed (complete window),[],2026-09-08T02:08:48.217000-05:00,2026-09-08T02:54:12.229000-05:00,45,45,True,,,14.75,0.6186276113424848
p270:S4:3,270,2026-09-08:LONDON,2,S4,2026-09-08,LONDON,2026-09-08:LONDON,2026-09-08T02:08:48.217000-05:00,2,balance,balance,neutral,up,reject,fade,short,B,First touch of 29736.75 PDC from below,29736.75,confirm.ref_price,"[""p270:L11""]","[""PDC""]",PDC,A,True,[],False,[],[],True,29736.75,29773.25,29646,36.5,2.4863013698630136,2.4863013698630136,23.8431,1.5308412077288607,not observed (complete window),[],2026-09-08T02:08:48.217000-05:00,2026-09-08T02:54:12.229000-05:00,45,45,True,,,105.5,4.424760203161502
p271:S1:0,271,2026-09-08:LONDON,3,S1,2026-09-08,LONDON,2026-09-08:LONDON,2026-09-08T02:54:12.229000-05:00,2,balance,balance,long,neutral,reject,fade,long,B,Price pulls back to 29546.25 SWG-L·5m with 29541.12 Demand·1h just below as confluence.,29546.25,confirm.ref_price,"[""p271:L0""]","[""SWG-L·5m""]",SWG-L,A,True,[],False,[],[],True,29546.25,29508.55,29629.25,37.70000000000073,2.201591511936297,0.46419098143235177,25.1304,1.5001750867475538,observed,[1788854100000],2026-09-08T02:54:12.229000-05:00,2026-09-08T03:10:01.084000-05:00,15,15,True,,,0.0,0.0
p271:S2:1,271,2026-09-08:LONDON,3,S2,2026-09-08,LONDON,2026-09-08:LONDON,2026-09-08T02:54:12.229000-05:00,2,balance,balance,long,neutral,reject,fade,short,B,"Price rallies into 29629.25 SWG-H·5m; with 15m still trending down and VWAP/PDC overhead, a short limit on the first touch of that react zone.",29629.25,confirm.ref_price,"[""p271:L9""]","[""SWG-H·5m""]",SWG-H,A,True,[],False,[],[],True,29629.25,29667,29521.75,37.75,2.847682119205298,1.3610596026490336,25.1304,1.5021647088784897,not observed (complete window),[],2026-09-08T02:54:12.229000-05:00,2026-09-08T03:10:01.084000-05:00,15,15,True,,,83.0,3.3027727374017126
p272:S1:0,272,2026-09-08:LONDON,4,S1,2026-09-08,LONDON,2026-09-08:LONDON,2026-09-08T03:28:17.609000-05:00,3,balance,balance,short,neutral,reject,fade,short,A,Retest of VWAP−2σ 29492.91 from below rejects,29492.91,confirm.ref_price,"[""p272:L2""]","[""VWAP−2σ""]",VWAP,A,True,[],False,[],[],True,29492.91,29601.23,29435.75,108.31999999999971,0.5276957163958642,0.266248153618909,27.3046,3.967097119166723,observed,[1788856200000],2026-09-08T03:28:17.609000-05:00,2026-09-08T04:22:45.994000-05:00,53,53,True,,,22.590000000000146,0.8273331233565093
p272:S2:1,272,2026-09-08:LONDON,4,S2,2026-09-08,LONDON,2026-09-08:LONDON,2026-09-08T03:28:17.609000-05:00,3,balance,balance,short,neutral,sweep_reclaim,fade,long,B,Sweep below 29478.50 ONL then 5m close back above it,29478.5,confirm.ref_price,"[""p272:L1""]","[""ONL""]",ONL,A,False,[],False,[],[],False,,,,,,,27.3046,,not observed (complete window),[],2026-09-08T03:28:17.609000-05:00,2026-09-08T04:22:45.994000-05:00,53,53,True,,,37.0,1.3550830263032603
p272:S3:2,272,2026-09-08:LONDON,4,S3,2026-09-08,LONDON,2026-09-08:LONDON,2026-09-08T03:28:17.609000-05:00,3,balance,balance,short,neutral,reject,fade,short,B,Retest of OB(bear)·1h 29502.88 from below rejects,29502.88,confirm.ref_price,"[""p272:L3""]","[""OB(bear)·1h""]",OB,C,True,[],False,[],[],True,29502.88,29621.25,29478.5,118.36999999999898,0.2059643490749449,0.3431612739714398,27.3046,4.335166968203122,observed,[1788856140000],2026-09-08T03:28:17.609000-05:00,2026-09-08T04:22:45.994000-05:00,53,53,True,,,12.619999999998981,0.46219318356610173
p273:S1:0,273,2026-09-08:LONDON,5,S1,2026-09-08,LONDON,2026-09-08:LONDON,2026-09-08T04:22:45.994000-05:00,4,balance,balance,long,neutral,reclaim,follow,long,A,A 5m close above 29548.59 reclaims VWAP−1σ and opens the long back toward the VWAP and upper value area.,29548.59,confirm.ref_price,"[""p273:L5""]","[""VWAP−1σ""]",VWAP,A,True,[125],True,[],[],True,29553,29507,29661.25,46,2.3532608695652173,0.23369565217391305,25.853,1.7792906045720032,observed,[1788859800000],2026-09-08T04:22:45.994000-05:00,2026-09-08T08:30:00-05:00,247,247,True,,,14.590000000000146,0.5643445634936041
p273:S2:1,273,2026-09-08:LONDON,5,S2,2026-09-08,LONDON,2026-09-08:LONDON,2026-09-08T04:22:45.994000-05:00,4,balance,balance,long,neutral,breakup_continue,follow,long,B,A retest of ONL 29478.50 holds after the earlier sweep and confirms back above; long from the pullback continuation.,29478.5,confirm.ref_price,"[""p273:L1""]","[""ONL""]",ONL,A,True,[121],True,[121],[595],True,29478.5,29435.75,29572,42.75,2.1871345029239766,1.0116959064327486,25.853,1.6535798553359378,not observed (complete window),[],2026-09-08T04:22:45.994000-05:00,2026-09-08T08:30:00-05:00,247,247,True,,,55.5,2.146752794646656
p273:S3:2,273,2026-09-08:LONDON,5,S3,2026-09-08,LONDON,2026-09-08:LONDON,2026-09-08T04:22:45.994000-05:00,4,balance,balance,long,neutral,sweep_reclaim,fade,short,C,"A sweep above EQH·1h 29661.25 into OB(bear)·1h 29670.00 followed by a 5m close back below 29661.25 opens a short (above the dealing-range midpoint, so allowed).",29661.25,confirm.ref_price,"[""p273:L10""]","[""EQH·1h (HTF)""]",EQH,A,False,[],False,[],[],False,,,,,,,25.853,,observed,[1788873300000],2026-09-08T04:22:45.994000-05:00,2026-09-08T08:30:00-05:00,247,247,True,,,127.25,4.922059335473639
p274:S1:0,274,2026-09-08:NY,1,S1,2026-09-08,NY,2026-09-08:NY,2026-09-08T08:04:27.541000-05:00,8,balance,balance,short,up,reject,fade,short,C,Price touches 29657.38 Supply·1h and rejects; no 5m close above 29670.00,29657.38,confirm.ref_price,"[""p274:L5""]","[""Supply·1h""]",SUPPLY,C,True,[],False,[],[],True,29657.38,29690,29582.5,32.61999999999898,2.2955242182711024,1.377988963825939,21.4728,1.5191311799112823,observed,[1788873060000],2026-09-08T08:04:27.541000-05:00,2026-09-08T08:51:08.055000-05:00,46,46,True,3.6300000000010186,0.16905107857387108,16.13000000000102,0.7511828918446136
p274:S2:1,274,2026-09-08:NY,1,S2,2026-09-08,NY,2026-09-08:NY,2026-09-08T08:04:27.541000-05:00,8,balance,balance,short,up,reject,fade,short,A,Price touches 29746.25 Supply·1h and rejects; no 5m close above 29764.75,29746.25,confirm.ref_price,"[""p274:L8""]","[""Supply·1h""]",SUPPLY,A,True,[],False,[],[],True,29746.25,29778.55,29657.38,32.29999999999927,2.7513931888545198,2.7513931888545198,21.4728,1.5042286054915648,not observed (complete window),[],2026-09-08T08:04:27.541000-05:00,2026-09-08T08:51:08.055000-05:00,46,46,True,92.5,4.307775418203494,105.0,4.889907231474237
p274:S3:2,274,2026-09-08:NY,1,S3,2026-09-08,NY,2026-09-08:NY,2026-09-08T08:04:27.541000-05:00,8,balance,balance,short,up,breakout_retest,follow,long,C,"Price trades above 29670.00 OB(bear)·1h, retests from above; 1x5m close above 29670.00",29670,confirm.ref_price,"[""p274:L6""]","[""OB(bear)·1h""]",OB,C,False,[],False,[],[],False,,,,,,,21.4728,,observed,[1788874200000],2026-09-08T08:04:27.541000-05:00,2026-09-08T08:51:08.055000-05:00,46,46,True,16.25,0.7567713572519653,28.75,1.338903170522708
p275:S1:0,275,2026-09-08:NY,2,S1,2026-09-08,NY,2026-09-08:NY,2026-09-08T08:51:08.055000-05:00,8,trend,trend,short,neutral,reject,fade,short,B,Retest of 29534.00 SWG-L fails and price rejects lower; short on touch at 29534.00.,29534,confirm.ref_price,"[""p275:L6""]","[""SWG-L·5m""]",SWG-L,A,True,[126],True,[126],[596],True,29534,29601.75,29353.75,67.75,2.660516605166052,0.8191881918819188,33.5555,2.0190430778858905,observed,[1788875820000],2026-09-08T08:51:08.055000-05:00,2026-09-08T10:05:01.003000-05:00,73,73,True,,,31.25,0.931292932604193
p275:S2:1,275,2026-09-08:NY,2,S2,2026-09-08,NY,2026-09-08:NY,2026-09-08T08:51:08.055000-05:00,8,trend,trend,short,neutral,hold,follow,short,C,Price holds below 29478.50 ONL for 5 consecutive 1m closes; short on acceptance of the hold.,29478.5,confirm.ref_price,"[""p275:L3""]","[""ONL""]",ONL,A,False,[],False,[],[],False,,,,,,,33.5555,,observed,[1788875520000],2026-09-08T08:51:08.055000-05:00,2026-09-08T10:05:01.003000-05:00,73,73,True,,,24.25,0.7226833157008538
p275:S3:2,275,2026-09-08:NY,2,S3,2026-09-08,NY,2026-09-08:NY,2026-09-08T08:51:08.055000-05:00,8,trend,trend,short,neutral,reject,fade,short,C,Retest of 29435.75 EQL·1h fails and price rejects lower; short on touch at 29435.75.,29435.75,confirm.ref_price,"[""p275:L2""]","[""EQL·1h (HTF)""]",EQL,A,False,[],False,[],[],False,,,,,,,33.5555,,observed,[1788876600000],2026-09-08T08:51:08.055000-05:00,2026-09-08T10:05:01.003000-05:00,73,73,True,,,67.0,1.9966920475033898
p276:S1:0,276,2026-09-08:NY,3,S1,2026-09-08,NY,2026-09-08:NY,2026-09-08T10:06:58.193000-05:00,10,balance,balance,neutral,neutral,sweep_reclaim,fade,long,B,"sweep below 29556.25 EQL·15m, wick into 29541.12 demand, then a 1m MSS closes back above 29556.25",29556.25,confirm.ref_price,"[""p276:L0""]","[""EQL·15m (HTF)""]",EQL,A,False,[],False,[],[],False,,,,,,,36.744,,observed,[1788880020000],2026-09-08T10:06:58.193000-05:00,2026-09-08T10:48:22.165000-05:00,41,41,True,,,7.75,0.21091878946222511
p276:S2:1,276,2026-09-08:NY,3,S2,2026-09-08,NY,2026-09-08:NY,2026-09-08T10:06:58.193000-05:00,10,balance,balance,neutral,neutral,sweep_reclaim,fade,short,B,"sweep above 29686.75 OR-H, then a 1m close back below 29686.75",29686.75,confirm.ref_price,"[""p276:L11""]","[""OR-H""]",OR-H,A,False,[],False,[],[],False,,,,,,,36.744,,not observed (complete window),[],2026-09-08T10:06:58.193000-05:00,2026-09-08T10:48:22.165000-05:00,41,41,True,,,122.75,3.3406814718049205
p277:S1:0,277,2026-09-08:NY,4,S1,2026-09-08,NY,2026-09-08:NY,2026-09-08T10:48:22.165000-05:00,10,trend,trend,long,up,reclaim,follow,long,A,1x5m close above 29653.25 after invalidated Supply·1h 29619.50 holds,29653.25,confirm.ref_price,"[""p277:L1""]","[""EQH·1h (HTF)""]",EQH,A,True,[],False,[],[],True,29653.25,29604,29764.75,49.25,2.263959390862944,0.6802030456852792,32.2844,1.5255045780624699,not observed (complete window),[],2026-09-08T10:48:22.165000-05:00,2026-09-08T12:26:03.178000-05:00,97,97,True,,,36.75,1.1383206750009294
p277:S2:1,277,2026-09-08:NY,4,S2,2026-09-08,NY,2026-09-08:NY,2026-09-08T10:48:22.165000-05:00,10,trend,trend,long,up,reject,fade,long,B,Touch of 29574.81 VWAP with no 5m close below; long for mean-reversion,29574.81,confirm.ref_price,"[""p277:L8""]","[""VWAP""]",VWAP,A,True,[],False,[],[],True,29574.81,29526.25,29686.75,48.56000000000131,2.3051894563425797,0.9203047775946763,32.2844,1.5041320266135134,observed,[1788884160000],2026-09-08T10:48:22.165000-05:00,2026-09-08T12:26:03.178000-05:00,97,97,True,,,41.68999999999869,1.2913357534908096
p278:S1:0,278,2026-09-08:NY,5,S1,2026-09-08,NY,2026-09-08:NY,2026-09-08T12:26:03.178000-05:00,12,balance,balance,long,up,reject,fade,long,A,"After 13:30 CT, a touch of 29595.25 SWG-L·5m that rejects; the zone sits inside value beneath reclaimed Supply·1h 29619.50 and pdVWAP 29606.90.",29595.25,confirm.ref_price,"[""p278:L6""]","[""SWG-L·5m""]",SWG-L,A,True,"[128, 129]",True,"[128, 129]","[597, 598]",True,29595.25,29552.75,29686.75,42.5,2.152941176470588,1.1941176470588235,28.0296,1.5162542455118875,observed,[1788889860000],2026-09-08T12:26:03.178000-05:00,2026-09-08T13:06:17.644000-05:00,39,39,True,,,18.5,0.660016553928704
p278:S2:1,278,2026-09-08:NY,5,S2,2026-09-08,NY,2026-09-08:NY,2026-09-08T12:26:03.178000-05:00,12,balance,balance,long,up,reclaim,follow,long,B,"After 13:30 CT, a 5m close above 29619.50 Supply·1h confirms the reclaimed supply as support while price holds above pdVWAP 29606.90.",29619.5,confirm.ref_price,"[""p278:L4""]","[""Supply·1h""]",SUPPLY,C,True,[127],True,[],[],True,29636,29588,29736.75,48,2.0989583333333335,0.20833333333333334,28.0296,1.712475383166367,observed,[1788888540000],2026-09-08T12:26:03.178000-05:00,2026-09-08T13:06:17.644000-05:00,39,39,True,,,5.75,0.20514028027513773
p278:S3:2,278,2026-09-08:NY,5,S3,2026-09-08,NY,2026-09-08:NY,2026-09-08T12:26:03.178000-05:00,12,balance,balance,long,up,breakout_retest,follow,short,C,"After 13:30 CT, a 5m close below 29595.25 SWG-L·5m breaks value support; a retest touch of 29595.25 from below that rejects opens the 15m downtrend continuation.",29595.25,confirm.ref_price,"[""p278:L6""]","[""SWG-L·5m""]",SWG-L,A,False,[],False,[],[],False,,,,,,,28.0296,,observed,[1788889860000],2026-09-08T12:26:03.178000-05:00,2026-09-08T13:06:17.644000-05:00,39,39,True,,,18.5,0.660016553928704
p279:S1:0,279,2026-09-08:ASIA,1,S1,2026-09-08,ASIA,2026-09-08:ASIA,2026-09-08T16:39:48.077000-05:00,16,trend,trend,short,neutral,reject,fade,short,B,Rally touches 29549.50 (SWG-L·15m) after reclaiming 29539.38 Supply·1h and rejects; the lower-high sequence from 29550.75 stays intact.,29549.5,confirm.ref_price,"[""p279:L6""]","[""SWG-L·15m""]",SWG-L,A,True,[],False,[],[],True,29549.5,29579.5,29478.5,30.0,2.3666666666666667,0.6916666666666667,18.2185,1.6466778274830531,unknown,[],2026-09-08T16:39:48.077000-05:00,2026-09-08T17:21:14.857000-05:00,21,41,False,,,,
p279:S2:1,279,2026-09-08:ASIA,1,S2,2026-09-08,ASIA,2026-09-08:ASIA,2026-09-08T16:39:48.077000-05:00,16,trend,trend,short,neutral,reject,fade,short,B,Deeper corrective rally touches 29585.50 (SWG-L·5m) and rejects below 29616.99 POC; no 5m close above POC is allowed.,29585.5,confirm.ref_price,"[""p279:L8""]","[""SWG-L·5m""]",SWG-L,A,True,[],False,[],[],True,29585.5,29616.99,29503.25,31.4900000000016,2.61194029850733,1.1432200698633905,18.2185,1.7284628262481325,unknown,[],2026-09-08T16:39:48.077000-05:00,2026-09-08T17:21:14.857000-05:00,21,41,False,,,,
p280:S1:0,280,2026-09-08:ASIA,2,S1,2026-09-08,ASIA,2026-09-08:ASIA,2026-09-08T17:21:14.857000-05:00,17,balance,balance,long,neutral,sweep_reclaim,fade,long,B,Sweep below 29503.25 ONL then a 1m_mss above 29518.75 reclaims the level; stop below 29475.25.,29503.25,confirm.ref_price,"[""p280:L1""]","[""ONL""]",ONL,A,True,[130],True,[130],[],True,29503.25,29475.25,29563.75,28.0,2.1607142857142856,1.3125,16.9708,1.6498927569707968,not observed (complete window),[],2026-09-08T17:21:14.857000-05:00,2026-09-08T18:02:35.877000-05:00,40,40,True,,,19.25,1.134301270417423
p280:S2:1,280,2026-09-08:ASIA,2,S2,2026-09-08,ASIA,2026-09-08:ASIA,2026-09-08T17:21:14.857000-05:00,17,balance,balance,long,neutral,sweep_reclaim,fade,short,B,Sweep above 29764.75 PDH then a 1m_mss below 29726.75 reclaims back inside; stop above 29794.75.,29764.75,confirm.ref_price,"[""p280:L10""]","[""PDH""]",PDH,A,True,[131],True,[],[],True,29764.75,29794.75,29646,30.0,3.9583333333333335,0.9333333333333333,16.9708,1.767742239611568,not observed (complete window),[],2026-09-08T17:21:14.857000-05:00,2026-09-08T18:02:35.877000-05:00,40,40,True,,,242.25,14.274518584863412
p281:S1:0,281,2026-09-08:ASIA,3,S1,2026-09-08,ASIA,2026-09-08:ASIA,2026-09-08T18:02:35.877000-05:00,18,balance,balance,long,neutral,reject,fade,long,A,Retrace touches 29530.68 VWAP+1σ and stalls; fade long on the touch,29530.68,confirm.ref_price,"[""p281:L2""]","[""VWAP+1σ""]",VWAP,A,True,[132],True,[],[],True,29530.68,29508,29576.19,22.68000000000029,2.0066137566136604,0.4109347442680595,14.0706,1.61187156198032,observed,[1788909060000],2026-09-08T18:02:35.877000-05:00,2026-09-08T18:20:45.991000-05:00,17,17,True,3.069999999999709,0.21818543629978174,9.819999999999709,0.6979091154605851
p281:S2:1,281,2026-09-08:ASIA,3,S2,2026-09-08,ASIA,2026-09-08:ASIA,2026-09-08T18:02:35.877000-05:00,18,balance,balance,long,neutral,reclaim,follow,long,B,"Break above 29540.00 ONH, hold above 29540.00 for a 5m close, then buy stop at 29541.00",29540,confirm.ref_price,"[""p281:L3""]","[""ONH""]",ONH,A,True,[],False,[],[],True,29541,29518.5,29586,22.5,2.0,1.011111111111111,14.0706,1.5990789305360111,observed,[1788908580000],2026-09-08T18:02:35.877000-05:00,2026-09-08T18:20:45.991000-05:00,17,17,True,6.25,0.44418859181555864,0.5,0.035535087345244694
p281:S3:2,281,2026-09-08:ASIA,3,S3,2026-09-08,ASIA,2026-09-08:ASIA,2026-09-08T18:02:35.877000-05:00,18,balance,balance,long,neutral,reject,fade,short,C,First touch of 29736.75 PDC leaves an upper wick and fails to accept above it; short fade on the touch,29736.75,confirm.ref_price,"[""p281:L7""]","[""PDC""]",PDC,A,False,[],False,[],[],False,,,,,,,14.0706,,not observed (complete window),[],2026-09-08T18:02:35.877000-05:00,2026-09-08T18:20:45.991000-05:00,17,17,True,203.0,14.427245462169346,196.25,13.947521783008542
