level_id,kind,day,period,price,band,k,delta,ordinal,session,entry_side,exit_side,outcome,bars_to_exit,mfe,mae,opened_at
ONH:2026-08-20:29686.75,ONH,2026-08-20,exploration,29686.75,16.11,3,5.3707,1,ASIA,below,below,hold,1,0.0,-32.25,1787180460000
ONH:2026-08-20:29686.75,ONH,2026-08-20,exploration,29686.75,16.11,3,5.3707,2,ASIA,below,below,hold,8,0.0,-34.0,1787208720000
ONL:2026-08-20:29240.25,ONL,2026-08-20,exploration,29240.25,16.11,3,5.3707,1,LONDON,above,above,hold,1,0.0,-21.75,1787229360000
ONL:2026-08-20:29240.25,ONL,2026-08-20,exploration,29240.25,16.11,3,5.3707,2,NY,above,below,break,5,24.75,-8.25,1787249100000
ONL:2026-08-20:29240.25,ONL,2026-08-20,exploration,29240.25,16.11,3,5.3707,3,NY,below,below,hold,6,8.0,-17.5,1787250000000
ONL:2026-08-20:29240.25,ONL,2026-08-20,exploration,29240.25,16.11,3,5.3707,4,NY,below,,ambiguous_horizon,13,19.0,-0.5,1787251620000
RTH-H:2026-08-20:29470.25,RTH-H,2026-08-20,exploration,29470.25,16.11,3,5.3707,1,LONDON,above,above,hold,3,5.75,-35.25,1787214780000
RTH-H:2026-08-20:29470.25,RTH-H,2026-08-20,exploration,29470.25,16.11,3,5.3707,2,LONDON,above,above,hold,4,15.0,-20.5,1787215560000
RTH-H:2026-08-20:29470.25,RTH-H,2026-08-20,exploration,29470.25,16.11,3,5.3707,3,LONDON,above,above,hold,6,3.5,-31.75,1787216100000
RTH-H:2026-08-20:29470.25,RTH-H,2026-08-20,exploration,29470.25,16.11,3,5.3707,4,LONDON,above,above,hold,1,0.0,-20.0,1787224380000
RTH-H:2026-08-20:29470.25,RTH-H,2026-08-20,exploration,29470.25,16.11,3,5.3707,5,LONDON,above,below,break,2,23.25,-3.0,1787224740000
RTH-H:2026-08-20:29470.25,RTH-H,2026-08-20,exploration,29470.25,16.11,3,5.3707,6,NY,below,below,hold,1,0.0,-39.25,1787233020000
RTH-L:2026-08-20:29202.50,RTH-L,2026-08-20,exploration,29202.5,16.11,3,5.3707,1,NY,above,above,hold,2,0.0,-28.25,1787249760000
OR30-H:2026-08-20:29392.25,OR30-H,2026-08-20,exploration,29392.25,16.11,3,5.3707,1,LONDON,above,below,break,8,20.0,-12.75,1787226360000
OR30-H:2026-08-20:29392.25,OR30-H,2026-08-20,exploration,29392.25,16.11,3,5.3707,2,NY,below,above,break,1,41.5,-50.5,1787232600000
OR30-H:2026-08-20:29392.25,OR30-H,2026-08-20,exploration,29392.25,16.11,3,5.3707,3,NY,above,above,hold,1,2.25,-62.75,1787233200000
OR30-H:2026-08-20:29392.25,OR30-H,2026-08-20,exploration,29392.25,16.11,3,5.3707,4,NY,above,below,break,2,25.5,-10.75,1787233560000
OR30-H:2026-08-20:29392.25,OR30-H,2026-08-20,exploration,29392.25,16.11,3,5.3707,5,NY,below,below,hold,1,16.5,-54.25,1787234100000
OR30-H:2026-08-20:29392.25,OR30-H,2026-08-20,exploration,29392.25,16.11,3,5.3707,6,NY,below,below,hold,1,0.0,-34.0,1787234400000
OR30-H:2026-08-20:29392.25,OR30-H,2026-08-20,exploration,29392.25,16.11,3,5.3707,7,NY,below,below,hold,2,15.25,-23.5,1787234940000
OR30-H:2026-08-20:29392.25,OR30-H,2026-08-20,exploration,29392.25,16.11,3,5.3707,8,NY,below,below,hold,3,20.75,-33.5,1787235780000
OR30-H:2026-08-20:29392.25,OR30-H,2026-08-20,exploration,29392.25,16.11,3,5.3707,9,NY,below,above,break,1,26.5,-8.5,1787236680000
OR30-H:2026-08-20:29392.25,OR30-H,2026-08-20,exploration,29392.25,16.11,3,5.3707,10,NY,above,below,break,4,25.75,-10.5,1787237220000
OR30-H:2026-08-20:29392.25,OR30-H,2026-08-20,exploration,29392.25,16.11,3,5.3707,11,NY,below,below,hold,1,6.25,-17.0,1787237520000
OR30-H:2026-08-20:29392.25,OR30-H,2026-08-20,exploration,29392.25,16.11,3,5.3707,12,NY,below,above,break,2,56.75,-4.0,1787237940000
OR30-H:2026-08-20:29392.25,OR30-H,2026-08-20,exploration,29392.25,16.11,3,5.3707,13,NY,above,below,break,1,27.5,0.0,1787238300000
OR30-L:2026-08-20:29338.50,OR30-L,2026-08-20,exploration,29338.5,16.11,3,5.3707,1,LONDON,above,below,break,1,38.5,0.0,1787227380000
OR30-L:2026-08-20:29338.50,OR30-L,2026-08-20,exploration,29338.5,16.11,3,5.3707,2,LONDON,below,above,break,7,29.75,-3.75,1787230380000
OR30-L:2026-08-20:29338.50,OR30-L,2026-08-20,exploration,29338.5,16.11,3,5.3707,3,LONDON,above,,ambiguous_horizon,13,14.5,-10.25,1787231460000
OR30-L:2026-08-20:29338.50,OR30-L,2026-08-20,exploration,29338.5,16.11,3,5.3707,4,LONDON,above,above,hold,4,0.25,-95.25,1787232420000
OR30-L:2026-08-20:29338.50,OR30-L,2026-08-20,exploration,29338.5,16.11,3,5.3707,5,NY,above,below,break,1,18.25,-27.75,1787233860000
OR30-L:2026-08-20:29338.50,OR30-L,2026-08-20,exploration,29338.5,16.11,3,5.3707,6,NY,above,above,hold,2,15.25,-25.75,1787234160000
OR30-L:2026-08-20:29338.50,OR30-L,2026-08-20,exploration,29338.5,16.11,3,5.3707,7,NY,above,above,hold,4,22.5,-43.0,1787234520000
OR30-L:2026-08-20:29338.50,OR30-L,2026-08-20,exploration,29338.5,16.11,3,5.3707,8,NY,above,above,hold,1,0.0,-53.75,1787234880000
OR30-L:2026-08-20:29338.50,OR30-L,2026-08-20,exploration,29338.5,16.11,3,5.3707,9,NY,above,below,break,4,25.0,-14.5,1787235300000
OR30-L:2026-08-20:29338.50,OR30-L,2026-08-20,exploration,29338.5,16.11,3,5.3707,10,NY,below,above,break,1,53.5,0.0,1787235600000
OR30-L:2026-08-20:29338.50,OR30-L,2026-08-20,exploration,29338.5,16.11,3,5.3707,11,NY,above,above,hold,3,4.25,-37.25,1787236020000
OR30-L:2026-08-20:29338.50,OR30-L,2026-08-20,exploration,29338.5,16.11,3,5.3707,12,NY,above,above,hold,1,9.5,-19.75,1787236440000
OR30-L:2026-08-20:29338.50,OR30-L,2026-08-20,exploration,29338.5,16.11,3,5.3707,13,NY,above,above,hold,2,7.0,-39.5,1787238660000
OR30-L:2026-08-20:29338.50,OR30-L,2026-08-20,exploration,29338.5,16.11,3,5.3707,14,NY,above,below,break,3,23.5,-8.5,1787239200000
OR30-L:2026-08-20:29338.50,OR30-L,2026-08-20,exploration,29338.5,16.11,3,5.3707,15,NY,below,below,hold,5,11.75,-41.5,1787239680000
OR30-L:2026-08-20:29338.50,OR30-L,2026-08-20,exploration,29338.5,16.11,3,5.3707,16,NY,below,below,hold,1,0.0,-19.75,1787241600000
OR30-L:2026-08-20:29338.50,OR30-L,2026-08-20,exploration,29338.5,16.11,3,5.3707,17,NY,below,below,hold,2,7.5,-26.75,1787241720000
OR30-L:2026-08-20:29338.50,OR30-L,2026-08-20,exploration,29338.5,16.11,3,5.3707,18,NY,below,below,hold,2,0.25,-28.75,1787242260000
OR30-L:2026-08-20:29338.50,OR30-L,2026-08-20,exploration,29338.5,16.11,3,5.3707,19,NY,below,below,hold,7,18.0,-27.25,1787242980000
OR30-L:2026-08-20:29338.50,OR30-L,2026-08-20,exploration,29338.5,16.11,3,5.3707,20,NY,below,above,break,4,22.25,0.0,1787243640000
OR30-L:2026-08-20:29338.50,OR30-L,2026-08-20,exploration,29338.5,16.11,3,5.3707,21,NY,above,below,break,7,18.0,-15.75,1787245680000
VWAP:2026-08-20:29456.22,VWAP,2026-08-20,exploration,29456.22,16.11,3,5.3707,1,LONDON,above,above,hold,1,0.0,-18.53,1787215680000
VWAP:2026-08-20:29456.22,VWAP,2026-08-20,exploration,29456.22,16.11,3,5.3707,2,LONDON,above,below,break,6,25.72,-11.03,1787224860000
VWAP:2026-08-20:29456.22,VWAP,2026-08-20,exploration,29456.22,16.11,3,5.3707,3,NY,below,below,hold,3,14.03,-25.22,1787232900000
VWAP:2026-08-20:29456.22,VWAP,2026-08-20,exploration,29456.22,16.11,3,5.3707,4,NY,below,below,hold,3,3.78,-62.47,1787233320000
VWAP:2026-08-20:29456.22,VWAP,2026-08-20,exploration,29456.22,16.11,3,5.3707,5,NY,below,below,hold,1,0.0,-42.97,1787238120000
VWAP+1s:2026-08-20:29583.22,VWAP+1s,2026-08-20,exploration,29583.22,16.11,3,5.3707,1,ASIA,below,above,break,1,31.28,0.0,1787176920000
VWAP+1s:2026-08-20:29583.22,VWAP+1s,2026-08-20,exploration,29583.22,16.11,3,5.3707,2,ASIA,above,above,hold,3,0.0,-23.78,1787184480000
VWAP+1s:2026-08-20:29583.22,VWAP+1s,2026-08-20,exploration,29583.22,16.11,3,5.3707,3,LONDON,above,below,break,1,22.22,0.0,1787212920000
VWAP-1s:2026-08-20:29329.21,VWAP-1s,2026-08-20,exploration,29329.21,16.11,3,5.3707,1,LONDON,above,below,break,2,29.21,-7.04,1787227380000
VWAP-1s:2026-08-20:29329.21,VWAP-1s,2026-08-20,exploration,29329.21,16.11,3,5.3707,2,LONDON,below,above,break,2,18.29,0.0,1787230320000
VWAP-1s:2026-08-20:29329.21,VWAP-1s,2026-08-20,exploration,29329.21,16.11,3,5.3707,3,LONDON,above,above,hold,4,0.0,-19.04,1787232000000
VWAP-1s:2026-08-20:29329.21,VWAP-1s,2026-08-20,exploration,29329.21,16.11,3,5.3707,4,NY,above,above,hold,2,19.96,-39.54,1787233920000
VWAP-1s:2026-08-20:29329.21,VWAP-1s,2026-08-20,exploration,29329.21,16.11,3,5.3707,5,NY,above,above,hold,1,1.21,-35.04,1787234220000
VWAP-1s:2026-08-20:29329.21,VWAP-1s,2026-08-20,exploration,29329.21,16.11,3,5.3707,6,NY,above,above,hold,4,13.21,-52.29,1787234520000
VWAP-1s:2026-08-20:29329.21,VWAP-1s,2026-08-20,exploration,29329.21,16.11,3,5.3707,7,NY,above,above,hold,1,0.0,-63.04,1787234880000
VWAP-1s:2026-08-20:29329.21,VWAP-1s,2026-08-20,exploration,29329.21,16.11,3,5.3707,8,NY,above,above,hold,4,24.71,-61.29,1787235360000
VWAP-1s:2026-08-20:29329.21,VWAP-1s,2026-08-20,exploration,29329.21,16.11,3,5.3707,9,NY,above,above,hold,1,0.0,-53.04,1787236500000
VWAP-1s:2026-08-20:29329.21,VWAP-1s,2026-08-20,exploration,29329.21,16.11,3,5.3707,10,NY,above,above,hold,1,0.0,-25.79,1787238660000
VWAP-1s:2026-08-20:29329.21,VWAP-1s,2026-08-20,exploration,29329.21,16.11,3,5.3707,11,NY,above,below,break,4,29.21,-4.54,1787239260000
VWAP-1s:2026-08-20:29329.21,VWAP-1s,2026-08-20,exploration,29329.21,16.11,3,5.3707,12,NY,below,below,hold,6,21.04,-32.21,1787239620000
VWAP-1s:2026-08-20:29329.21,VWAP-1s,2026-08-20,exploration,29329.21,16.11,3,5.3707,13,NY,below,below,hold,1,0.0,-20.21,1787241120000
VWAP-1s:2026-08-20:29329.21,VWAP-1s,2026-08-20,exploration,29329.21,16.11,3,5.3707,14,NY,below,below,hold,11,16.79,-22.46,1787241300000
VWAP-1s:2026-08-20:29329.21,VWAP-1s,2026-08-20,exploration,29329.21,16.11,3,5.3707,15,NY,below,below,hold,4,12.79,-19.46,1787242140000
VWAP-1s:2026-08-20:29329.21,VWAP-1s,2026-08-20,exploration,29329.21,16.11,3,5.3707,16,NY,below,above,break,3,26.04,-6.21,1787242860000
VWAP-1s:2026-08-20:29329.21,VWAP-1s,2026-08-20,exploration,29329.21,16.11,3,5.3707,17,NY,above,below,break,1,19.46,0.0,1787243400000
VWAP-1s:2026-08-20:29329.21,VWAP-1s,2026-08-20,exploration,29329.21,16.11,3,5.3707,18,NY,below,above,break,1,20.29,-5.46,1787243580000
VWAP-1s:2026-08-20:29329.21,VWAP-1s,2026-08-20,exploration,29329.21,16.11,3,5.3707,19,NY,above,below,break,2,23.71,0.0,1787246100000
VWAP-1s:2026-08-20:29329.21,VWAP-1s,2026-08-20,exploration,29329.21,16.11,3,5.3707,20,NY,below,below,hold,4,4.29,-18.71,1787254740000
VWAP-1s:2026-08-20:29329.21,VWAP-1s,2026-08-20,exploration,29329.21,16.11,3,5.3707,21,NY,below,below,hold,1,0.0,-30.21,1787255580000
SETTLE:2026-08-20:29306.05,SETTLE,2026-08-20,exploration,29306.05,16.11,3,5.3707,1,LONDON,above,below,break,7,24.55,-19.2,1787227440000
SETTLE:2026-08-20:29306.05,SETTLE,2026-08-20,exploration,29306.05,16.11,3,5.3707,2,LONDON,below,above,break,3,27.95,0.0,1787230140000
SETTLE:2026-08-20:29306.05,SETTLE,2026-08-20,exploration,29306.05,16.11,3,5.3707,3,NY,above,above,hold,1,0.0,-85.95,1787235600000
SETTLE:2026-08-20:29306.05,SETTLE,2026-08-20,exploration,29306.05,16.11,3,5.3707,4,NY,above,above,hold,2,0.3,-29.7,1787239500000
SETTLE:2026-08-20:29306.05,SETTLE,2026-08-20,exploration,29306.05,16.11,3,5.3707,5,NY,above,below,break,5,26.55,-9.45,1787239980000
SETTLE:2026-08-20:29306.05,SETTLE,2026-08-20,exploration,29306.05,16.11,3,5.3707,6,NY,below,above,break,6,24.7,-15.3,1787240880000
SETTLE:2026-08-20:29306.05,SETTLE,2026-08-20,exploration,29306.05,16.11,3,5.3707,7,NY,above,above,hold,1,3.55,-21.95,1787242020000
SETTLE:2026-08-20:29306.05,SETTLE,2026-08-20,exploration,29306.05,16.11,3,5.3707,8,NY,above,above,hold,5,0.8,-17.45,1787242440000
SETTLE:2026-08-20:29306.05,SETTLE,2026-08-20,exploration,29306.05,16.11,3,5.3707,9,NY,above,,ambiguous_horizon,13,14.05,-18.45,1787246220000
SETTLE:2026-08-20:29306.05,SETTLE,2026-08-20,exploration,29306.05,16.11,3,5.3707,10,NY,below,,ambiguous_horizon,13,20.2,-15.55,1787248020000
SETTLE:2026-08-20:29306.05,SETTLE,2026-08-20,exploration,29306.05,16.11,3,5.3707,11,NY,below,,ambiguous_horizon,13,18.45,-15.55,1787253900000
SETTLE:2026-08-20:29306.05,SETTLE,2026-08-20,exploration,29306.05,16.11,3,5.3707,12,NY,above,above,hold,6,13.05,-19.45,1787255040000
SETTLE:2026-08-20:29306.05,SETTLE,2026-08-20,exploration,29306.05,16.11,3,5.3707,13,NY,above,,ambiguous_horizon,13,19.8,-14.95,1787255640000
SETTLE:2026-08-20:29306.05,SETTLE,2026-08-20,exploration,29306.05,16.11,3,5.3707,14,NY,below,,ambiguous_horizon,13,3.2,-8.05,1787258220000
SETTLE:2026-08-20:29306.05,SETTLE,2026-08-20,exploration,29306.05,16.11,3,5.3707,15,NY,below,,ambiguous_horizon,6,13.45,-0.3,1787259300000
RND-250:2026-08-20:29250.00,RND-250,2026-08-20,exploration,29250.0,16.11,3,5.3707,1,LONDON,above,above,hold,4,9.75,-19.0,1787229300000
RND-250:2026-08-20:29250.00,RND-250,2026-08-20,exploration,29250.0,16.11,3,5.3707,2,NY,above,below,break,3,21.75,0.0,1787249100000
RND-250:2026-08-20:29250.00,RND-250,2026-08-20,exploration,29250.0,16.11,3,5.3707,3,NY,below,,ambiguous_horizon,13,9.25,-10.25,1787251680000
RND-500:2026-08-20:29500.00,RND-500,2026-08-20,exploration,29500.0,16.11,3,5.3707,1,LONDON,above,below,break,5,25.75,-10.75,1787214360000
RND-500:2026-08-20:29500.00,RND-500,2026-08-20,exploration,29500.0,16.11,3,5.3707,2,LONDON,below,above,break,3,17.0,-5.0,1787214960000
RND-500:2026-08-20:29500.00,RND-500,2026-08-20,exploration,29500.0,16.11,3,5.3707,3,LONDON,above,below,break,2,33.75,-5.0,1787215440000
RND-500:2026-08-20:29500.00,RND-500,2026-08-20,exploration,29500.0,16.11,3,5.3707,4,LONDON,below,above,break,5,30.0,-5.25,1787216460000
RND-500:2026-08-20:29500.00,RND-500,2026-08-20,exploration,29500.0,16.11,3,5.3707,5,LONDON,above,below,break,4,18.5,0.0,1787223840000
PDC:2026-08-21:29317.00,PDC,2026-08-21,exploration,29317.0,16.11,3,5.3707,1,ASIA,above,below,break,2,32.25,-1.75,1787263260000
PDC:2026-08-21:29317.00,PDC,2026-08-21,exploration,29317.0,16.11,3,5.3707,2,ASIA,below,,ambiguous_horizon,13,8.5,-0.75,1787266260000
PDC:2026-08-21:29317.00,PDC,2026-08-21,exploration,29317.0,16.11,3,5.3707,3,ASIA,above,,ambiguous_horizon,13,5.0,-11.75,1787267220000
PDC:2026-08-21:29317.00,PDC,2026-08-21,exploration,29317.0,16.11,3,5.3707,4,ASIA,above,below,break,10,20.75,-4.75,1787268300000
PDC:2026-08-21:29317.00,PDC,2026-08-21,exploration,29317.0,16.11,3,5.3707,5,ASIA,below,below,hold,7,7.0,-22.25,1787269200000
PDC:2026-08-21:29317.00,PDC,2026-08-21,exploration,29317.0,16.11,3,5.3707,6,ASIA,below,above,break,5,19.75,-11.5,1787270400000
PDC:2026-08-21:29317.00,PDC,2026-08-21,exploration,29317.0,16.11,3,5.3707,7,ASIA,above,above,hold,1,0.0,-30.5,1787271000000
PDC:2026-08-21:29317.00,PDC,2026-08-21,exploration,29317.0,16.11,3,5.3707,8,ASIA,above,above,hold,4,5.5,-16.75,1787272020000
PDC:2026-08-21:29317.00,PDC,2026-08-21,exploration,29317.0,16.11,3,5.3707,9,ASIA,above,below,break,3,20.5,0.0,1787274300000
PDC:2026-08-21:29317.00,PDC,2026-08-21,exploration,29317.0,16.11,3,5.3707,10,ASIA,below,above,break,3,21.25,-3.25,1787274720000
PDC:2026-08-21:29317.00,PDC,2026-08-21,exploration,29317.0,16.11,3,5.3707,11,ASIA,above,above,hold,2,0.0,-25.0,1787275380000
PDC:2026-08-21:29317.00,PDC,2026-08-21,exploration,29317.0,16.11,3,5.3707,12,NY,above,above,hold,2,11.25,-36.75,1787319780000
PDC:2026-08-21:29317.00,PDC,2026-08-21,exploration,29317.0,16.11,3,5.3707,13,NY,above,above,hold,2,10.0,-23.25,1787320020000
PDC:2026-08-21:29317.00,PDC,2026-08-21,exploration,29317.0,16.11,3,5.3707,14,NY,above,below,break,1,30.5,0.0,1787320260000
PDC:2026-08-21:29317.00,PDC,2026-08-21,exploration,29317.0,16.11,3,5.3707,15,NY,below,below,hold,1,0.0,-31.25,1787320560000
PDC:2026-08-21:29317.00,PDC,2026-08-21,exploration,29317.0,16.11,3,5.3707,16,NY,below,below,hold,2,4.75,-29.0,1787320740000
PDC:2026-08-21:29317.00,PDC,2026-08-21,exploration,29317.0,16.11,3,5.3707,17,NY,below,below,hold,7,18.75,-34.0,1787321100000
PDC:2026-08-21:29317.00,PDC,2026-08-21,exploration,29317.0,16.11,3,5.3707,18,NY,below,below,hold,8,6.75,-28.25,1787323560000
PDC:2026-08-21:29317.00,PDC,2026-08-21,exploration,29317.0,16.11,3,5.3707,19,NY,below,above,break,5,33.0,-9.5,1787324100000
ONH:2026-08-21:29539.75,ONH,2026-08-21,exploration,29539.75,16.11,3,5.3707,1,LONDON,below,below,hold,2,0.0,-22.0,1787312160000
ONL:2026-08-21:29340.00,ONL,2026-08-21,exploration,29340.0,16.11,3,5.3707,1,ASIA,below,above,break,7,21.25,-23.75,1787270760000
ONL:2026-08-21:29340.00,ONL,2026-08-21,exploration,29340.0,16.11,3,5.3707,2,ASIA,above,below,break,10,24.5,-6.0,1787271420000
ONL:2026-08-21:29340.00,ONL,2026-08-21,exploration,29340.0,16.11,3,5.3707,3,ASIA,below,,ambiguous_horizon,13,17.25,-15.0,1787272500000
ONL:2026-08-21:29340.00,ONL,2026-08-21,exploration,29340.0,16.11,3,5.3707,4,ASIA,above,below,break,6,21.75,0.0,1787273580000
ONL:2026-08-21:29340.00,ONL,2026-08-21,exploration,29340.0,16.11,3,5.3707,5,ASIA,below,below,hold,6,14.25,-21.25,1787274960000
ONL:2026-08-21:29340.00,ONL,2026-08-21,exploration,29340.0,16.11,3,5.3707,6,ASIA,below,,ambiguous_horizon,13,17.25,-17.75,1787275500000
ONL:2026-08-21:29340.00,ONL,2026-08-21,exploration,29340.0,16.11,3,5.3707,7,ASIA,below,above,break,6,23.0,-2.0,1787276520000
ONL:2026-08-21:29340.00,ONL,2026-08-21,exploration,29340.0,16.11,3,5.3707,8,ASIA,above,above,hold,6,7.0,-22.5,1787277300000
ONL:2026-08-21:29340.00,ONL,2026-08-21,exploration,29340.0,16.11,3,5.3707,9,ASIA,above,,ambiguous_horizon,13,17.25,-0.5,1787286060000
ONL:2026-08-21:29340.00,ONL,2026-08-21,exploration,29340.0,16.11,3,5.3707,10,ASIA,below,above,break,3,20.75,0.0,1787287560000
ONL:2026-08-21:29340.00,ONL,2026-08-21,exploration,29340.0,16.11,3,5.3707,11,ASIA,above,above,hold,6,0.0,-18.5,1787291460000
ONL:2026-08-21:29340.00,ONL,2026-08-21,exploration,29340.0,16.11,3,5.3707,12,NY,above,below,break,7,27.75,-21.5,1787319360000
ONL:2026-08-21:29340.00,ONL,2026-08-21,exploration,29340.0,16.11,3,5.3707,13,NY,below,below,hold,2,19.5,-30.25,1787319900000
ONL:2026-08-21:29340.00,ONL,2026-08-21,exploration,29340.0,16.11,3,5.3707,14,NY,below,below,hold,2,5.5,-40.0,1787320140000
ONL:2026-08-21:29340.00,ONL,2026-08-21,exploration,29340.0,16.11,3,5.3707,15,NY,below,above,break,4,25.0,-10.25,1787324400000
ONL:2026-08-21:29340.00,ONL,2026-08-21,exploration,29340.0,16.11,3,5.3707,16,NY,above,above,hold,5,9.25,-19.5,1787325480000
ONL:2026-08-21:29340.00,ONL,2026-08-21,exploration,29340.0,16.11,3,5.3707,17,NY,above,above,hold,2,5.5,-22.25,1787325840000
RTH-H:2026-08-21:29488.50,RTH-H,2026-08-21,exploration,29488.5,16.11,3,5.3707,1,LONDON,below,above,break,9,19.75,-10.25,1787305920000
RTH-H:2026-08-21:29488.50,RTH-H,2026-08-21,exploration,29488.5,16.11,3,5.3707,2,LONDON,above,,ambiguous_horizon,13,18.5,-7.75,1787306880000
RTH-H:2026-08-21:29488.50,RTH-H,2026-08-21,exploration,29488.5,16.11,3,5.3707,3,LONDON,below,,ambiguous_horizon,13,5.0,-16.5,1787308080000
RTH-H:2026-08-21:29488.50,RTH-H,2026-08-21,exploration,29488.5,16.11,3,5.3707,4,LONDON,below,above,break,1,20.0,0.0,1787311320000
RTH-H:2026-08-21:29488.50,RTH-H,2026-08-21,exploration,29488.5,16.11,3,5.3707,5,LONDON,above,,ambiguous_horizon,13,9.0,-12.5,1787313720000
RTH-H:2026-08-21:29488.50,RTH-H,2026-08-21,exploration,29488.5,16.11,3,5.3707,6,LONDON,above,above,hold,7,16.5,-21.0,1787314740000
RTH-H:2026-08-21:29488.50,RTH-H,2026-08-21,exploration,29488.5,16.11,3,5.3707,7,LONDON,above,below,break,4,20.75,-1.0,1787317740000
RTH-H:2026-08-21:29488.50,RTH-H,2026-08-21,exploration,29488.5,16.11,3,5.3707,8,NY,below,below,hold,2,0.0,-32.0,1787327580000
RTH-L:2026-08-21:29220.25,RTH-L,2026-08-21,exploration,29220.25,16.11,3,5.3707,1,NY,above,above,hold,1,0.0,-54.5,1787322060000
OR30-H:2026-08-21:29472.50,OR30-H,2026-08-21,exploration,29472.5,16.11,3,5.3707,1,LONDON,below,,ambiguous_horizon,13,18.5,-7.75,1787305200000
OR30-H:2026-08-21:29472.50,OR30-H,2026-08-21,exploration,29472.5,16.11,3,5.3707,2,LONDON,above,above,hold,8,1.0,-17.5,1787307600000
OR30-H:2026-08-21:29472.50,OR30-H,2026-08-21,exploration,29472.5,16.11,3,5.3707,3,LONDON,above,,ambiguous_horizon,13,0.0,-11.5,1787308620000
OR30-H:2026-08-21:29472.50,OR30-H,2026-08-21,exploration,29472.5,16.11,3,5.3707,4,LONDON,above,below,break,4,17.75,-13.75,1787309880000
OR30-H:2026-08-21:29472.50,OR30-H,2026-08-21,exploration,29472.5,16.11,3,5.3707,5,LONDON,below,,ambiguous_horizon,13,11.75,-12.25,1787310300000
OR30-H:2026-08-21:29472.50,OR30-H,2026-08-21,exploration,29472.5,16.11,3,5.3707,6,LONDON,above,above,hold,2,0.0,-32.75,1787314920000
OR30-H:2026-08-21:29472.50,OR30-H,2026-08-21,exploration,29472.5,16.11,3,5.3707,7,LONDON,above,below,break,4,20.75,0.0,1787317980000
OR30-H:2026-08-21:29472.50,OR30-H,2026-08-21,exploration,29472.5,16.11,3,5.3707,8,LONDON,below,below,hold,2,12.75,-56.25,1787318880000
OR30-H:2026-08-21:29472.50,OR30-H,2026-08-21,exploration,29472.5,16.11,3,5.3707,9,NY,below,below,hold,5,16.0,-19.75,1787327460000
OR30-L:2026-08-21:29416.25,OR30-L,2026-08-21,exploration,29416.25,16.11,3,5.3707,1,LONDON,below,above,break,9,19.5,-10.0,1787296200000
OR30-L:2026-08-21:29416.25,OR30-L,2026-08-21,exploration,29416.25,16.11,3,5.3707,2,LONDON,above,,ambiguous_horizon,13,11.25,-14.0,1787299620000
OR30-L:2026-08-21:29416.25,OR30-L,2026-08-21,exploration,29416.25,16.11,3,5.3707,3,LONDON,below,above,break,3,17.75,0.0,1787300820000
OR30-L:2026-08-21:29416.25,OR30-L,2026-08-21,exploration,29416.25,16.11,3,5.3707,4,LONDON,above,above,hold,6,5.5,-23.75,1787303280000
OR30-L:2026-08-21:29416.25,OR30-L,2026-08-21,exploration,29416.25,16.11,3,5.3707,5,NY,above,below,break,2,52.5,-16.75,1787319000000
OR30-L:2026-08-21:29416.25,OR30-L,2026-08-21,exploration,29416.25,16.11,3,5.3707,6,NY,below,above,break,2,29.25,-5.5,1787326620000
OR30-L:2026-08-21:29416.25,OR30-L,2026-08-21,exploration,29416.25,16.11,3,5.3707,7,NY,above,below,break,5,24.25,-11.75,1787328240000
OR30-L:2026-08-21:29416.25,OR30-L,2026-08-21,exploration,29416.25,16.11,3,5.3707,8,NY,below,below,hold,3,3.5,-26.25,1787328960000
OR30-L:2026-08-21:29416.25,OR30-L,2026-08-21,exploration,29416.25,16.11,3,5.3707,9,NY,below,below,hold,5,0.75,-19.0,1787329260000
OR30-L:2026-08-21:29416.25,OR30-L,2026-08-21,exploration,29416.25,16.11,3,5.3707,10,NY,below,below,hold,12,9.5,-35.75,1787330280000
OR30-L:2026-08-21:29416.25,OR30-L,2026-08-21,exploration,29416.25,16.11,3,5.3707,11,NY,below,,ambiguous_horizon,13,7.5,-18.0,1787331600000
OR30-L:2026-08-21:29416.25,OR30-L,2026-08-21,exploration,29416.25,16.11,3,5.3707,12,NY,below,below,hold,8,17.0,-20.0,1787341500000
VWAP:2026-08-21:29455.11,VWAP,2026-08-21,exploration,29455.11,16.11,3,5.3707,1,LONDON,below,below,hold,3,0.0,-21.11,1787297040000
VWAP:2026-08-21:29455.11,VWAP,2026-08-21,exploration,29455.11,16.11,3,5.3707,2,LONDON,below,below,hold,5,7.64,-24.86,1787299200000
VWAP:2026-08-21:29455.11,VWAP,2026-08-21,exploration,29455.11,16.11,3,5.3707,3,LONDON,below,,ambiguous_horizon,13,12.89,-8.11,1787301840000
VWAP:2026-08-21:29455.11,VWAP,2026-08-21,exploration,29455.11,16.11,3,5.3707,4,LONDON,above,below,break,4,24.11,-2.39,1787302680000
VWAP:2026-08-21:29455.11,VWAP,2026-08-21,exploration,29455.11,16.11,3,5.3707,5,LONDON,below,above,break,6,18.64,-1.86,1787304900000
VWAP:2026-08-21:29455.11,VWAP,2026-08-21,exploration,29455.11,16.11,3,5.3707,6,LONDON,above,above,hold,3,2.36,-31.39,1787310120000
VWAP:2026-08-21:29455.11,VWAP,2026-08-21,exploration,29455.11,16.11,3,5.3707,7,LONDON,above,below,break,8,37.86,-3.14,1787318220000
VWAP:2026-08-21:29455.11,VWAP,2026-08-21,exploration,29455.11,16.11,3,5.3707,8,LONDON,below,above,break,1,27.89,-3.36,1787318820000
VWAP:2026-08-21:29455.11,VWAP,2026-08-21,exploration,29455.11,16.11,3,5.3707,9,NY,above,below,break,1,55.86,0.0,1787319000000
VWAP:2026-08-21:29455.11,VWAP,2026-08-21,exploration,29455.11,16.11,3,5.3707,10,NY,below,below,hold,8,16.64,-26.86,1787326800000
VWAP:2026-08-21:29455.11,VWAP,2026-08-21,exploration,29455.11,16.11,3,5.3707,11,NY,below,above,break,2,26.39,0.0,1787327400000
VWAP:2026-08-21:29455.11,VWAP,2026-08-21,exploration,29455.11,16.11,3,5.3707,12,NY,above,below,break,4,24.86,-1.39,1787327760000
VWAP+1s:2026-08-21:29503.14,VWAP+1s,2026-08-21,exploration,29503.14,16.11,3,5.3707,1,LONDON,below,below,hold,11,12.36,-17.14,1787306400000
VWAP+1s:2026-08-21:29503.14,VWAP+1s,2026-08-21,exploration,29503.14,16.11,3,5.3707,2,LONDON,below,above,break,3,22.36,-12.64,1787311320000
VWAP+1s:2026-08-21:29503.14,VWAP+1s,2026-08-21,exploration,29503.14,16.11,3,5.3707,3,LONDON,above,above,hold,1,0.0,-27.86,1787312040000
VWAP+1s:2026-08-21:29503.14,VWAP+1s,2026-08-21,exploration,29503.14,16.11,3,5.3707,4,LONDON,above,below,break,12,22.89,-8.36,1787313000000
VWAP+1s:2026-08-21:29503.14,VWAP+1s,2026-08-21,exploration,29503.14,16.11,3,5.3707,5,LONDON,below,below,hold,2,0.0,-21.64,1787314680000
VWAP+1s:2026-08-21:29503.14,VWAP+1s,2026-08-21,exploration,29503.14,16.11,3,5.3707,6,LONDON,below,above,break,7,20.36,-3.39,1787315040000
VWAP+1s:2026-08-21:29503.14,VWAP+1s,2026-08-21,exploration,29503.14,16.11,3,5.3707,7,LONDON,above,below,break,7,24.14,-4.36,1787317380000
VWAP-1s:2026-08-21:29407.08,VWAP-1s,2026-08-21,exploration,29407.08,16.11,3,5.3707,1,LONDON,below,above,break,9,21.42,-1.33,1787295900000
VWAP-1s:2026-08-21:29407.08,VWAP-1s,2026-08-21,exploration,29407.08,16.11,3,5.3707,2,LONDON,above,above,hold,2,2.08,-17.17,1787300160000
VWAP-1s:2026-08-21:29407.08,VWAP-1s,2026-08-21,exploration,29407.08,16.11,3,5.3707,3,LONDON,above,above,hold,9,16.58,-26.92,1787300460000
VWAP-1s:2026-08-21:29407.08,VWAP-1s,2026-08-21,exploration,29407.08,16.11,3,5.3707,4,NY,above,below,break,1,43.33,0.0,1787319060000
VWAP-1s:2026-08-21:29407.08,VWAP-1s,2026-08-21,exploration,29407.08,16.11,3,5.3707,5,NY,below,above,break,3,21.42,-6.33,1787326500000
VWAP-1s:2026-08-21:29407.08,VWAP-1s,2026-08-21,exploration,29407.08,16.11,3,5.3707,6,NY,above,,ambiguous_horizon,13,21.08,-47.42,1787328540000
VWAP-1s:2026-08-21:29407.08,VWAP-1s,2026-08-21,exploration,29407.08,16.11,3,5.3707,7,NY,below,,ambiguous_horizon,13,18.67,-7.08,1787330160000
VWAP-1s:2026-08-21:29407.08,VWAP-1s,2026-08-21,exploration,29407.08,16.11,3,5.3707,8,NY,below,,ambiguous_horizon,13,16.67,-4.08,1787331480000
VWAP-1s:2026-08-21:29407.08,VWAP-1s,2026-08-21,exploration,29407.08,16.11,3,5.3707,9,NY,below,below,hold,6,0.0,-21.83,1787333280000
VWAP-1s:2026-08-21:29407.08,VWAP-1s,2026-08-21,exploration,29407.08,16.11,3,5.3707,10,NY,below,below,hold,7,3.67,-19.58,1787334300000
VWAP-1s:2026-08-21:29407.08,VWAP-1s,2026-08-21,exploration,29407.08,16.11,3,5.3707,11,NY,below,below,hold,5,7.67,-18.33,1787338800000
VWAP-1s:2026-08-21:29407.08,VWAP-1s,2026-08-21,exploration,29407.08,16.11,3,5.3707,12,NY,below,,ambiguous_horizon,13,4.92,-10.83,1787340600000
VWAP-1s:2026-08-21:29407.08,VWAP-1s,2026-08-21,exploration,29407.08,16.11,3,5.3707,13,NY,below,above,break,3,17.67,0.0,1787341440000
VWAP-1s:2026-08-21:29407.08,VWAP-1s,2026-08-21,exploration,29407.08,16.11,3,5.3707,14,NY,above,below,break,10,31.83,-6.17,1787341800000
SETTLE:2026-08-21:29393.02,SETTLE,2026-08-21,exploration,29393.02,16.11,3,5.3707,1,ASIA,below,,ambiguous_horizon,13,3.48,-14.77,1787278980000
SETTLE:2026-08-21:29393.02,SETTLE,2026-08-21,exploration,29393.02,16.11,3,5.3707,2,ASIA,below,,ambiguous_horizon,13,6.73,-12.02,1787280480000
SETTLE:2026-08-21:29393.02,SETTLE,2026-08-21,exploration,29393.02,16.11,3,5.3707,3,ASIA,below,below,hold,10,9.23,-21.02,1787294040000
SETTLE:2026-08-21:29393.02,SETTLE,2026-08-21,exploration,29393.02,16.11,3,5.3707,4,LONDON,below,above,break,4,17.48,-3.27,1787295660000
SETTLE:2026-08-21:29393.02,SETTLE,2026-08-21,exploration,29393.02,16.11,3,5.3707,5,LONDON,above,above,hold,3,2.52,-21.23,1787300520000
SETTLE:2026-08-21:29393.02,SETTLE,2026-08-21,exploration,29393.02,16.11,3,5.3707,6,NY,above,below,break,2,35.27,0.0,1787319120000
SETTLE:2026-08-21:29393.02,SETTLE,2026-08-21,exploration,29393.02,16.11,3,5.3707,7,NY,below,above,break,3,19.98,-0.52,1787326380000
SETTLE:2026-08-21:29393.02,SETTLE,2026-08-21,exploration,29393.02,16.11,3,5.3707,8,NY,above,above,hold,7,3.77,-24.98,1787328540000
SETTLE:2026-08-21:29393.02,SETTLE,2026-08-21,exploration,29393.02,16.11,3,5.3707,9,NY,above,above,hold,2,7.02,-61.48,1787329140000
SETTLE:2026-08-21:29393.02,SETTLE,2026-08-21,exploration,29393.02,16.11,3,5.3707,10,NY,above,above,hold,8,10.52,-21.48,1787331000000
SETTLE:2026-08-21:29393.02,SETTLE,2026-08-21,exploration,29393.02,16.11,3,5.3707,11,NY,above,,ambiguous_horizon,13,18.02,-14.48,1787332800000
SETTLE:2026-08-21:29393.02,SETTLE,2026-08-21,exploration,29393.02,16.11,3,5.3707,12,NY,below,,ambiguous_horizon,13,17.73,-7.02,1787333760000
SETTLE:2026-08-21:29393.02,SETTLE,2026-08-21,exploration,29393.02,16.11,3,5.3707,13,NY,above,,ambiguous_horizon,13,14.77,-9.48,1787334600000
SETTLE:2026-08-21:29393.02,SETTLE,2026-08-21,exploration,29393.02,16.11,3,5.3707,14,NY,above,below,break,4,19.27,0.0,1787335500000
SETTLE:2026-08-21:29393.02,SETTLE,2026-08-21,exploration,29393.02,16.11,3,5.3707,15,NY,below,above,break,11,21.73,-9.77,1787338200000
SETTLE:2026-08-21:29393.02,SETTLE,2026-08-21,exploration,29393.02,16.11,3,5.3707,16,NY,above,,ambiguous_horizon,13,13.02,-13.73,1787339040000
SETTLE:2026-08-21:29393.02,SETTLE,2026-08-21,exploration,29393.02,16.11,3,5.3707,17,NY,below,,ambiguous_horizon,13,16.73,-9.52,1787339880000
SETTLE:2026-08-21:29393.02,SETTLE,2026-08-21,exploration,29393.02,16.11,3,5.3707,18,NY,above,,ambiguous_horizon,13,17.77,-20.23,1787342040000
RND-250:2026-08-21:29250.00,RND-250,2026-08-21,exploration,29250.0,16.11,3,5.3707,1,NY,above,above,hold,1,5.25,-22.0,1787321640000
RND-250:2026-08-21:29250.00,RND-250,2026-08-21,exploration,29250.0,16.11,3,5.3707,2,NY,above,below,break,2,21.75,-14.5,1787321820000
RND-250:2026-08-21:29250.00,RND-250,2026-08-21,exploration,29250.0,16.11,3,5.3707,3,NY,below,above,break,1,24.75,0.0,1787322120000
RND-250:2026-08-21:29250.00,RND-250,2026-08-21,exploration,29250.0,16.11,3,5.3707,4,NY,above,above,hold,1,0.0,-32.5,1787322240000
RND-500:2026-08-21:29500.00,RND-500,2026-08-21,exploration,29500.0,16.11,3,5.3707,1,LONDON,below,,ambiguous_horizon,13,15.5,-16.0,1787306400000
RND-500:2026-08-21:29500.00,RND-500,2026-08-21,exploration,29500.0,16.11,3,5.3707,2,LONDON,below,above,break,2,23.75,-9.5,1787311320000
RND-500:2026-08-21:29500.00,RND-500,2026-08-21,exploration,29500.0,16.11,3,5.3707,3,LONDON,above,above,hold,1,0.0,-31.0,1787312040000
RND-500:2026-08-21:29500.00,RND-500,2026-08-21,exploration,29500.0,16.11,3,5.3707,4,LONDON,above,below,break,4,19.75,-4.75,1787313540000
RND-500:2026-08-21:29500.00,RND-500,2026-08-21,exploration,29500.0,16.11,3,5.3707,5,LONDON,below,below,hold,11,3.25,-18.5,1787314140000
RND-500:2026-08-21:29500.00,RND-500,2026-08-21,exploration,29500.0,16.11,3,5.3707,6,LONDON,below,above,break,5,17.0,-0.25,1787315040000
RND-500:2026-08-21:29500.00,RND-500,2026-08-21,exploration,29500.0,16.11,3,5.3707,7,LONDON,above,below,break,5,21.0,-2.5,1787317500000
PDL:2026-08-24:29220.25,PDL,2026-08-24,exploration,29220.25,16.11,3,5.3707,1,ASIA,above,above,hold,4,10.0,-29.75,1787549640000
PDL:2026-08-24:29220.25,PDL,2026-08-24,exploration,29220.25,16.11,3,5.3707,2,ASIA,above,below,break,10,28.0,-16.0,1787550480000
PDL:2026-08-24:29220.25,PDL,2026-08-24,exploration,29220.25,16.11,3,5.3707,3,LONDON,below,,ambiguous_horizon,13,6.5,-11.25,1787560740000
PDL:2026-08-24:29220.25,PDL,2026-08-24,exploration,29220.25,16.11,3,5.3707,4,LONDON,above,above,hold,5,19.25,-25.5,1787561940000
PDL:2026-08-24:29220.25,PDL,2026-08-24,exploration,29220.25,16.11,3,5.3707,5,LONDON,above,,ambiguous_horizon,13,13.0,-4.5,1787563140000
PDL:2026-08-24:29220.25,PDL,2026-08-24,exploration,29220.25,16.11,3,5.3707,6,LONDON,above,,ambiguous_horizon,13,14.5,-16.75,1787566380000
PDL:2026-08-24:29220.25,PDL,2026-08-24,exploration,29220.25,16.11,3,5.3707,7,LONDON,below,above,break,2,19.25,0.0,1787567520000
PDL:2026-08-24:29220.25,PDL,2026-08-24,exploration,29220.25,16.11,3,5.3707,8,LONDON,above,below,break,6,22.25,-1.5,1787567940000
PDL:2026-08-24:29220.25,PDL,2026-08-24,exploration,29220.25,16.11,3,5.3707,9,LONDON,below,above,break,4,28.75,-13.5,1787571060000
PDL:2026-08-24:29220.25,PDL,2026-08-24,exploration,29220.25,16.11,3,5.3707,10,LONDON,above,,ambiguous_horizon,13,12.75,-16.25,1787573100000
PDL:2026-08-24:29220.25,PDL,2026-08-24,exploration,29220.25,16.11,3,5.3707,11,LONDON,below,below,hold,12,12.0,-48.75,1787574000000
PDL:2026-08-24:29220.25,PDL,2026-08-24,exploration,29220.25,16.11,3,5.3707,12,LONDON,below,below,hold,4,21.75,-28.25,1787575140000
PDL:2026-08-24:29220.25,PDL,2026-08-24,exploration,29220.25,16.11,3,5.3707,13,LONDON,below,,ambiguous_horizon,13,12.25,-16.5,1787575680000
PDL:2026-08-24:29220.25,PDL,2026-08-24,exploration,29220.25,16.11,3,5.3707,14,LONDON,below,below,hold,3,4.0,-19.25,1787577360000
PDL:2026-08-24:29220.25,PDL,2026-08-24,exploration,29220.25,16.11,3,5.3707,15,LONDON,below,below,hold,2,23.5,-92.25,1787578080000
PDL:2026-08-24:29220.25,PDL,2026-08-24,exploration,29220.25,16.11,3,5.3707,16,NY,below,below,hold,1,0.0,-25.25,1787588520000
PDL:2026-08-24:29220.25,PDL,2026-08-24,exploration,29220.25,16.11,3,5.3707,17,NY,below,below,hold,12,13.0,-19.0,1787595840000
PDC:2026-08-24:29370.00,PDC,2026-08-24,exploration,29370.0,16.11,3,5.3707,1,ASIA,above,below,break,1,52.0,0.0,1787522460000
PDC:2026-08-24:29370.00,PDC,2026-08-24,exploration,29370.0,16.11,3,5.3707,2,ASIA,below,above,break,3,29.75,-2.0,1787524920000
PDC:2026-08-24:29370.00,PDC,2026-08-24,exploration,29370.0,16.11,3,5.3707,3,ASIA,above,below,break,7,35.25,-11.5,1787530740000
PDC:2026-08-24:29370.00,PDC,2026-08-24,exploration,29370.0,16.11,3,5.3707,4,ASIA,below,above,break,11,17.75,-20.0,1787531880000
PDC:2026-08-24:29370.00,PDC,2026-08-24,exploration,29370.0,16.11,3,5.3707,5,ASIA,above,above,hold,2,0.0,-27.0,1787536080000
PDC:2026-08-24:29370.00,PDC,2026-08-24,exploration,29370.0,16.11,3,5.3707,6,ASIA,above,below,break,3,25.0,0.0,1787536440000
PDC:2026-08-24:29370.00,PDC,2026-08-24,exploration,29370.0,16.11,3,5.3707,7,ASIA,below,below,hold,7,1.5,-23.0,1787537820000
PDC:2026-08-24:29370.00,PDC,2026-08-24,exploration,29370.0,16.11,3,5.3707,8,ASIA,below,,ambiguous_horizon,13,3.75,-16.75,1787538360000
PDC:2026-08-24:29370.00,PDC,2026-08-24,exploration,29370.0,16.11,3,5.3707,9,ASIA,below,below,hold,10,7.5,-27.25,1787539200000
PDC:2026-08-24:29370.00,PDC,2026-08-24,exploration,29370.0,16.11,3,5.3707,10,ASIA,below,below,hold,3,8.75,-28.75,1787540100000
PDC:2026-08-24:29370.00,PDC,2026-08-24,exploration,29370.0,16.11,3,5.3707,11,ASIA,below,below,hold,2,2.5,-25.5,1787540340000
ONH:2026-08-24:29297.75,ONH,2026-08-24,exploration,29297.75,16.11,3,5.3707,1,ASIA,above,,ambiguous_horizon,13,7.75,-16.25,1787541300000
ONH:2026-08-24:29297.75,ONH,2026-08-24,exploration,29297.75,16.11,3,5.3707,2,ASIA,below,,ambiguous_horizon,13,7.75,-19.0,1787542440000
ONH:2026-08-24:29297.75,ONH,2026-08-24,exploration,29297.75,16.11,3,5.3707,3,ASIA,below,below,hold,5,7.25,-29.75,1787543280000
ONH:2026-08-24:29297.75,ONH,2026-08-24,exploration,29297.75,16.11,3,5.3707,4,ASIA,below,below,hold,11,3.25,-23.5,1787544780000
ONH:2026-08-24:29297.75,ONH,2026-08-24,exploration,29297.75,16.11,3,5.3707,5,ASIA,below,,ambiguous_horizon,13,0.0,-22.25,1787545800000
ONH:2026-08-24:29297.75,ONH,2026-08-24,exploration,29297.75,16.11,3,5.3707,6,ASIA,below,below,hold,8,6.0,-17.5,1787546640000
ONH:2026-08-24:29297.75,ONH,2026-08-24,exploration,29297.75,16.11,3,5.3707,7,ASIA,below,below,hold,9,0.0,-21.0,1787547960000
ONL:2026-08-24:29116.75,ONL,2026-08-24,exploration,29116.75,16.11,3,5.3707,1,LONDON,above,above,hold,2,0.0,-25.25,1787558460000
ONL:2026-08-24:29116.75,ONL,2026-08-24,exploration,29116.75,16.11,3,5.3707,2,NY,above,below,break,2,34.25,-37.5,1787578260000
ONL:2026-08-24:29116.75,ONL,2026-08-24,exploration,29116.75,16.11,3,5.3707,3,NY,below,above,break,1,28.5,-23.0,1787578440000
ONL:2026-08-24:29116.75,ONL,2026-08-24,exploration,29116.75,16.11,3,5.3707,4,NY,below,above,break,4,22.25,-6.25,1787585340000
ONL:2026-08-24:29116.75,ONL,2026-08-24,exploration,29116.75,16.11,3,5.3707,5,NY,above,above,hold,5,0.25,-30.75,1787594100000
ONL:2026-08-24:29116.75,ONL,2026-08-24,exploration,29116.75,16.11,3,5.3707,6,NY,above,below,break,8,22.25,-8.75,1787601060000
ONL:2026-08-24:29116.75,ONL,2026-08-24,exploration,29116.75,16.11,3,5.3707,7,NY,below,,ambiguous_horizon,13,3.5,-10.75,1787602020000
ONL:2026-08-24:29116.75,ONL,2026-08-24,exploration,29116.75,16.11,3,5.3707,8,NY,below,,ambiguous_horizon,3,19.5,0.0,1787605020000
RTH-H:2026-08-24:29243.75,RTH-H,2026-08-24,exploration,29243.75,16.11,3,5.3707,1,ASIA,above,below,break,3,23.25,-0.75,1787549400000
RTH-H:2026-08-24:29243.75,RTH-H,2026-08-24,exploration,29243.75,16.11,3,5.3707,2,ASIA,below,above,break,3,23.0,-11.25,1787549880000
RTH-H:2026-08-24:29243.75,RTH-H,2026-08-24,exploration,29243.75,16.11,3,5.3707,3,ASIA,above,below,break,6,24.0,-11.25,1787550120000
RTH-H:2026-08-24:29243.75,RTH-H,2026-08-24,exploration,29243.75,16.11,3,5.3707,4,LONDON,below,,ambiguous_horizon,13,4.25,-14.75,1787562240000
RTH-H:2026-08-24:29243.75,RTH-H,2026-08-24,exploration,29243.75,16.11,3,5.3707,5,LONDON,below,,ambiguous_horizon,13,6.0,-16.75,1787564820000
RTH-H:2026-08-24:29243.75,RTH-H,2026-08-24,exploration,29243.75,16.11,3,5.3707,6,LONDON,below,below,hold,8,3.0,-22.25,1787565840000
RTH-H:2026-08-24:29243.75,RTH-H,2026-08-24,exploration,29243.75,16.11,3,5.3707,7,LONDON,below,above,break,1,24.25,-5.75,1787571300000
RTH-H:2026-08-24:29243.75,RTH-H,2026-08-24,exploration,29243.75,16.11,3,5.3707,8,LONDON,above,,ambiguous_horizon,13,13.0,-11.0,1787571900000
RTH-H:2026-08-24:29243.75,RTH-H,2026-08-24,exploration,29243.75,16.11,3,5.3707,9,NY,below,below,hold,1,0.0,-131.75,1787578200000
RTH-L:2026-08-24:28947.75,RTH-L,2026-08-24,exploration,28947.75,16.11,3,5.3707,1,NY,above,above,hold,1,0.0,-66.0,1787579580000
OR30-H:2026-08-24:29243.75,OR30-H,2026-08-24,exploration,29243.75,16.11,3,5.3707,1,ASIA,above,below,break,3,23.25,-0.75,1787549400000
OR30-H:2026-08-24:29243.75,OR30-H,2026-08-24,exploration,29243.75,16.11,3,5.3707,2,ASIA,below,above,break,3,23.0,-11.25,1787549880000
OR30-H:2026-08-24:29243.75,OR30-H,2026-08-24,exploration,29243.75,16.11,3,5.3707,3,ASIA,above,below,break,6,24.0,-11.25,1787550120000
OR30-H:2026-08-24:29243.75,OR30-H,2026-08-24,exploration,29243.75,16.11,3,5.3707,4,LONDON,below,,ambiguous_horizon,13,4.25,-14.75,1787562240000
OR30-H:2026-08-24:29243.75,OR30-H,2026-08-24,exploration,29243.75,16.11,3,5.3707,5,LONDON,below,,ambiguous_horizon,13,6.0,-16.75,1787564820000
OR30-H:2026-08-24:29243.75,OR30-H,2026-08-24,exploration,29243.75,16.11,3,5.3707,6,LONDON,below,below,hold,8,3.0,-22.25,1787565840000
OR30-H:2026-08-24:29243.75,OR30-H,2026-08-24,exploration,29243.75,16.11,3,5.3707,7,LONDON,below,above,break,1,24.25,-5.75,1787571300000
OR30-H:2026-08-24:29243.75,OR30-H,2026-08-24,exploration,29243.75,16.11,3,5.3707,8,LONDON,above,,ambiguous_horizon,13,13.0,-11.0,1787571900000
OR30-H:2026-08-24:29243.75,OR30-H,2026-08-24,exploration,29243.75,16.11,3,5.3707,9,NY,below,below,hold,1,0.0,-131.75,1787578200000
OR30-L:2026-08-24:29128.00,OR30-L,2026-08-24,exploration,29128.0,16.11,3,5.3707,1,ASIA,above,above,hold,1,0.0,-35.5,1787552400000
OR30-L:2026-08-24:29128.00,OR30-L,2026-08-24,exploration,29128.0,16.11,3,5.3707,2,LONDON,above,above,hold,4,9.75,-29.0,1787558460000
OR30-L:2026-08-24:29128.00,OR30-L,2026-08-24,exploration,29128.0,16.11,3,5.3707,3,NY,above,above,hold,1,16.0,-31.5,1787578200000
OR30-L:2026-08-24:29128.00,OR30-L,2026-08-24,exploration,29128.0,16.11,3,5.3707,4,NY,below,below,hold,3,16.0,-59.0,1787578500000
OR30-L:2026-08-24:29128.00,OR30-L,2026-08-24,exploration,29128.0,16.11,3,5.3707,5,NY,below,above,break,8,28.0,-17.5,1787585340000
OR30-L:2026-08-24:29128.00,OR30-L,2026-08-24,exploration,29128.0,16.11,3,5.3707,6,NY,above,,ambiguous_horizon,13,10.25,-9.0,1787592900000
OR30-L:2026-08-24:29128.00,OR30-L,2026-08-24,exploration,29128.0,16.11,3,5.3707,7,NY,above,above,hold,10,12.0,-21.25,1787593860000
OR30-L:2026-08-24:29128.00,OR30-L,2026-08-24,exploration,29128.0,16.11,3,5.3707,8,NY,above,,ambiguous_horizon,13,7.5,-11.75,1787600220000
OR30-L:2026-08-24:29128.00,OR30-L,2026-08-24,exploration,29128.0,16.11,3,5.3707,9,NY,below,,ambiguous_horizon,2,8.25,-4.25,1787605080000
VWAP:2026-08-24:29204.03,VWAP,2026-08-24,exploration,29204.03,16.11,3,5.3707,1,ASIA,above,below,break,5,25.78,-15.72,1787550960000
VWAP:2026-08-24:29204.03,VWAP,2026-08-24,exploration,29204.03,16.11,3,5.3707,2,LONDON,below,below,hold,6,4.97,-18.53,1787555520000
VWAP:2026-08-24:29204.03,VWAP,2026-08-24,exploration,29204.03,16.11,3,5.3707,3,LONDON,below,below,hold,1,0.0,-23.78,1787555940000
VWAP:2026-08-24:29204.03,VWAP,2026-08-24,exploration,29204.03,16.11,3,5.3707,4,LONDON,below,below,hold,2,0.0,-23.03,1787556360000
VWAP:2026-08-24:29204.03,VWAP,2026-08-24,exploration,29204.03,16.11,3,5.3707,5,LONDON,below,below,hold,6,8.47,-25.78,1787556840000
VWAP:2026-08-24:29204.03,VWAP,2026-08-24,exploration,29204.03,16.11,3,5.3707,6,LONDON,below,below,hold,1,0.0,-30.78,1787558820000
VWAP:2026-08-24:29204.03,VWAP,2026-08-24,exploration,29204.03,16.11,3,5.3707,7,LONDON,below,below,hold,4,4.97,-19.78,1787559540000
VWAP:2026-08-24:29204.03,VWAP,2026-08-24,exploration,29204.03,16.11,3,5.3707,8,LONDON,below,above,break,3,21.47,-8.28,1787560560000
VWAP:2026-08-24:29204.03,VWAP,2026-08-24,exploration,29204.03,16.11,3,5.3707,9,LONDON,above,above,hold,3,0.0,-33.97,1787562000000
VWAP:2026-08-24:29204.03,VWAP,2026-08-24,exploration,29204.03,16.11,3,5.3707,10,LONDON,above,below,break,10,22.28,-6.72,1787568060000
VWAP:2026-08-24:29204.03,VWAP,2026-08-24,exploration,29204.03,16.11,3,5.3707,11,LONDON,below,above,break,4,25.72,-1.28,1787571000000
VWAP:2026-08-24:29204.03,VWAP,2026-08-24,exploration,29204.03,16.11,3,5.3707,12,LONDON,above,above,hold,3,0.28,-21.47,1787573880000
VWAP:2026-08-24:29204.03,VWAP,2026-08-24,exploration,29204.03,16.11,3,5.3707,13,LONDON,above,,ambiguous_horizon,13,28.53,-37.97,1787574720000
VWAP:2026-08-24:29204.03,VWAP,2026-08-24,exploration,29204.03,16.11,3,5.3707,14,LONDON,above,,ambiguous_horizon,13,8.28,-15.97,1787576400000
VWAP:2026-08-24:29204.03,VWAP,2026-08-24,exploration,29204.03,16.11,3,5.3707,15,LONDON,above,above,hold,1,0.0,-20.97,1787577300000
VWAP:2026-08-24:29204.03,VWAP,2026-08-24,exploration,29204.03,16.11,3,5.3707,16,LONDON,above,above,hold,9,8.03,-31.47,1787577540000
VWAP:2026-08-24:29204.03,VWAP,2026-08-24,exploration,29204.03,16.11,3,5.3707,17,NY,above,below,break,1,92.03,0.0,1787578200000
VWAP:2026-08-24:29204.03,VWAP,2026-08-24,exploration,29204.03,16.11,3,5.3707,18,NY,below,below,hold,1,0.0,-25.53,1787586420000
VWAP:2026-08-24:29204.03,VWAP,2026-08-24,exploration,29204.03,16.11,3,5.3707,19,NY,below,,ambiguous_horizon,13,20.22,-10.53,1787588160000
VWAP:2026-08-24:29204.03,VWAP,2026-08-24,exploration,29204.03,16.11,3,5.3707,20,NY,below,below,hold,4,7.22,-23.53,1787591460000
VWAP:2026-08-24:29204.03,VWAP,2026-08-24,exploration,29204.03,16.11,3,5.3707,21,NY,below,above,break,6,18.47,0.0,1787595720000
VWAP:2026-08-24:29204.03,VWAP,2026-08-24,exploration,29204.03,16.11,3,5.3707,22,NY,above,below,break,2,19.03,0.0,1787596560000
VWAP+1s:2026-08-24:29238.73,VWAP+1s,2026-08-24,exploration,29238.73,16.11,3,5.3707,1,ASIA,above,below,break,3,30.98,0.0,1787549460000
VWAP+1s:2026-08-24:29238.73,VWAP+1s,2026-08-24,exploration,29238.73,16.11,3,5.3707,2,ASIA,below,above,break,2,19.27,-6.23,1787549880000
VWAP+1s:2026-08-24:29238.73,VWAP+1s,2026-08-24,exploration,29238.73,16.11,3,5.3707,3,ASIA,above,below,break,4,18.98,-7.77,1787550240000
VWAP+1s:2026-08-24:29238.73,VWAP+1s,2026-08-24,exploration,29238.73,16.11,3,5.3707,4,LONDON,below,below,hold,7,0.0,-25.23,1787561520000
VWAP+1s:2026-08-24:29238.73,VWAP+1s,2026-08-24,exploration,29238.73,16.11,3,5.3707,5,LONDON,below,,ambiguous_horizon,13,9.27,-9.73,1787562240000
VWAP+1s:2026-08-24:29238.73,VWAP+1s,2026-08-24,exploration,29238.73,16.11,3,5.3707,6,LONDON,below,,ambiguous_horizon,13,11.02,-15.23,1787564160000
VWAP+1s:2026-08-24:29238.73,VWAP+1s,2026-08-24,exploration,29238.73,16.11,3,5.3707,7,LONDON,above,,ambiguous_horizon,13,11.73,-4.52,1787565000000
VWAP+1s:2026-08-24:29238.73,VWAP+1s,2026-08-24,exploration,29238.73,16.11,3,5.3707,8,LONDON,above,below,break,6,17.23,-6.27,1787565960000
VWAP+1s:2026-08-24:29238.73,VWAP+1s,2026-08-24,exploration,29238.73,16.11,3,5.3707,9,LONDON,below,below,hold,5,0.0,-18.98,1787567640000
VWAP+1s:2026-08-24:29238.73,VWAP+1s,2026-08-24,exploration,29238.73,16.11,3,5.3707,10,LONDON,below,above,break,1,29.27,-0.73,1787571300000
VWAP+1s:2026-08-24:29238.73,VWAP+1s,2026-08-24,exploration,29238.73,16.11,3,5.3707,11,LONDON,above,,ambiguous_horizon,13,7.98,-16.02,1787571960000
VWAP+1s:2026-08-24:29238.73,VWAP+1s,2026-08-24,exploration,29238.73,16.11,3,5.3707,12,LONDON,above,below,break,4,17.98,0.0,1787572800000
VWAP+1s:2026-08-24:29238.73,VWAP+1s,2026-08-24,exploration,29238.73,16.11,3,5.3707,13,LONDON,below,below,hold,1,0.0,-32.98,1787575260000
VWAP+1s:2026-08-24:29238.73,VWAP+1s,2026-08-24,exploration,29238.73,16.11,3,5.3707,14,NY,below,below,hold,1,0.0,-126.73,1787578200000
VWAP-1s:2026-08-24:29169.33,VWAP-1s,2026-08-24,exploration,29169.33,16.11,3,5.3707,1,ASIA,above,below,break,6,22.08,-6.17,1787551320000
VWAP-1s:2026-08-24:29169.33,VWAP-1s,2026-08-24,exploration,29169.33,16.11,3,5.3707,2,ASIA,below,below,hold,1,9.67,-19.33,1787552160000
VWAP-1s:2026-08-24:29169.33,VWAP-1s,2026-08-24,exploration,29169.33,16.11,3,5.3707,3,ASIA,below,below,hold,7,10.67,-19.08,1787552700000
VWAP-1s:2026-08-24:29169.33,VWAP-1s,2026-08-24,exploration,29169.33,16.11,3,5.3707,4,ASIA,below,below,hold,8,11.42,-26.08,1787553240000
VWAP-1s:2026-08-24:29169.33,VWAP-1s,2026-08-24,exploration,29169.33,16.11,3,5.3707,5,ASIA,below,below,hold,10,12.42,-22.58,1787554320000
VWAP-1s:2026-08-24:29169.33,VWAP-1s,2026-08-24,exploration,29169.33,16.11,3,5.3707,6,LONDON,below,above,break,2,23.67,0.0,1787555100000
VWAP-1s:2026-08-24:29169.33,VWAP-1s,2026-08-24,exploration,29169.33,16.11,3,5.3707,7,LONDON,above,below,break,11,28.58,-11.42,1787557260000
VWAP-1s:2026-08-24:29169.33,VWAP-1s,2026-08-24,exploration,29169.33,16.11,3,5.3707,8,LONDON,below,above,break,11,29.67,-6.33,1787558820000
VWAP-1s:2026-08-24:29169.33,VWAP-1s,2026-08-24,exploration,29169.33,16.11,3,5.3707,9,LONDON,above,below,break,5,23.33,-5.42,1787569200000
VWAP-1s:2026-08-24:29169.33,VWAP-1s,2026-08-24,exploration,29169.33,16.11,3,5.3707,10,LONDON,below,above,break,12,18.92,-18.83,1787569800000
VWAP-1s:2026-08-24:29169.33,VWAP-1s,2026-08-24,exploration,29169.33,16.11,3,5.3707,11,NY,above,below,break,1,57.33,0.0,1787578200000
VWAP-1s:2026-08-24:29169.33,VWAP-1s,2026-08-24,exploration,29169.33,16.11,3,5.3707,12,NY,below,above,break,6,28.42,-3.58,1787586000000
VWAP-1s:2026-08-24:29169.33,VWAP-1s,2026-08-24,exploration,29169.33,16.11,3,5.3707,13,NY,above,,ambiguous_horizon,13,19.33,-20.42,1787586900000
VWAP-1s:2026-08-24:29169.33,VWAP-1s,2026-08-24,exploration,29169.33,16.11,3,5.3707,14,NY,below,above,break,4,29.17,-7.58,1787587860000
VWAP-1s:2026-08-24:29169.33,VWAP-1s,2026-08-24,exploration,29169.33,16.11,3,5.3707,15,NY,above,above,hold,7,15.33,-22.92,1787590800000
VWAP-1s:2026-08-24:29169.33,VWAP-1s,2026-08-24,exploration,29169.33,16.11,3,5.3707,16,NY,above,above,hold,1,0.0,-24.67,1787591760000
VWAP-1s:2026-08-24:29169.33,VWAP-1s,2026-08-24,exploration,29169.33,16.11,3,5.3707,17,NY,above,below,break,2,26.83,-0.67,1787591940000
VWAP-1s:2026-08-24:29169.33,VWAP-1s,2026-08-24,exploration,29169.33,16.11,3,5.3707,18,NY,below,above,break,7,19.67,-1.83,1787594820000
VWAP-1s:2026-08-24:29169.33,VWAP-1s,2026-08-24,exploration,29169.33,16.11,3,5.3707,19,NY,above,below,break,11,20.58,-5.67,1787597520000
VWAP-1s:2026-08-24:29169.33,VWAP-1s,2026-08-24,exploration,29169.33,16.11,3,5.3707,20,NY,below,below,hold,2,3.42,-17.83,1787599800000
SETTLE:2026-08-24:29104.08,SETTLE,2026-08-24,exploration,29104.08,16.11,3,5.3707,1,NY,above,above,hold,3,21.58,-41.17,1787578320000
SETTLE:2026-08-24:29104.08,SETTLE,2026-08-24,exploration,29104.08,16.11,3,5.3707,2,NY,above,below,break,1,38.08,0.0,1787578680000
SETTLE:2026-08-24:29104.08,SETTLE,2026-08-24,exploration,29104.08,16.11,3,5.3707,3,NY,below,below,hold,2,5.92,-33.08,1787582460000
SETTLE:2026-08-24:29104.08,SETTLE,2026-08-24,exploration,29104.08,16.11,3,5.3707,4,NY,below,below,hold,11,5.92,-27.58,1787582820000
SETTLE:2026-08-24:29104.08,SETTLE,2026-08-24,exploration,29104.08,16.11,3,5.3707,5,NY,below,above,break,1,30.42,0.0,1787585340000
SETTLE:2026-08-24:29104.08,SETTLE,2026-08-24,exploration,29104.08,16.11,3,5.3707,6,NY,above,above,hold,2,3.33,-21.17,1787601120000
SETTLE:2026-08-24:29104.08,SETTLE,2026-08-24,exploration,29104.08,16.11,3,5.3707,7,NY,above,,ambiguous_horizon,13,7.08,-19.67,1787601540000
SETTLE:2026-08-24:29104.08,SETTLE,2026-08-24,exploration,29104.08,16.11,3,5.3707,8,NY,above,below,break,4,19.08,0.0,1787602800000
SETTLE:2026-08-24:29104.08,SETTLE,2026-08-24,exploration,29104.08,16.11,3,5.3707,9,NY,below,above,break,9,17.92,-14.83,1787604480000
RND-1000:2026-08-24:29000.00,RND-1000,2026-08-24,exploration,29000.0,16.11,3,5.3707,1,NY,above,below,break,1,38.25,0.0,1787579040000
RND-1000:2026-08-24:29000.00,RND-1000,2026-08-24,exploration,29000.0,16.11,3,5.3707,2,NY,below,above,break,2,31.0,-5.25,1787579160000
RND-1000:2026-08-24:29000.00,RND-1000,2026-08-24,exploration,29000.0,16.11,3,5.3707,3,NY,below,below,hold,1,0.0,-40.75,1787579460000
RND-1000:2026-08-24:29000.00,RND-1000,2026-08-24,exploration,29000.0,16.11,3,5.3707,4,NY,below,above,break,2,27.0,-1.25,1787579640000
RND-1000:2026-08-24:29000.00,RND-1000,2026-08-24,exploration,29000.0,16.11,3,5.3707,5,NY,above,below,break,1,26.0,-23.75,1787580060000
RND-1000:2026-08-24:29000.00,RND-1000,2026-08-24,exploration,29000.0,16.11,3,5.3707,6,NY,below,below,hold,2,8.75,-22.5,1787580900000
RND-1000:2026-08-24:29000.00,RND-1000,2026-08-24,exploration,29000.0,16.11,3,5.3707,7,NY,below,above,break,1,31.0,0.0,1787581260000
RND-1000:2026-08-24:29000.00,RND-1000,2026-08-24,exploration,29000.0,16.11,3,5.3707,8,NY,above,above,hold,6,20.5,-42.0,1787581440000
RND-250:2026-08-24:29250.00,RND-250,2026-08-24,exploration,29250.0,16.11,3,5.3707,1,ASIA,above,below,break,3,18.75,-3.0,1787549280000
RND-250:2026-08-24:29250.00,RND-250,2026-08-24,exploration,29250.0,16.11,3,5.3707,2,ASIA,below,below,hold,1,6.0,-17.5,1787549880000
RND-250:2026-08-24:29250.00,RND-250,2026-08-24,exploration,29250.0,16.11,3,5.3707,3,ASIA,above,below,break,5,23.75,-5.0,1787550120000
RND-250:2026-08-24:29250.00,RND-250,2026-08-24,exploration,29250.0,16.11,3,5.3707,4,LONDON,below,above,break,2,33.5,0.0,1787571360000
RND-250:2026-08-24:29250.00,RND-250,2026-08-24,exploration,29250.0,16.11,3,5.3707,5,LONDON,above,,ambiguous_horizon,13,19.25,-11.25,1787571780000
PDC:2026-08-25:29131.00,PDC,2026-08-25,exploration,29131.0,16.11,3,5.3707,1,ASIA,above,,ambiguous_horizon,13,12.5,-18.75,1787608980000
PDC:2026-08-25:29131.00,PDC,2026-08-25,exploration,29131.0,16.11,3,5.3707,2,ASIA,below,,ambiguous_horizon,13,0.0,-18.5,1787610060000
PDC:2026-08-25:29131.00,PDC,2026-08-25,exploration,29131.0,16.11,3,5.3707,3,ASIA,below,,ambiguous_horizon,13,14.25,-15.5,1787618700000
PDC:2026-08-25:29131.00,PDC,2026-08-25,exploration,29131.0,16.11,3,5.3707,4,ASIA,below,,ambiguous_horizon,13,12.75,-17.75,1787619840000
PDC:2026-08-25:29131.00,PDC,2026-08-25,exploration,29131.0,16.11,3,5.3707,5,ASIA,below,above,break,6,19.0,-23.5,1787621400000
PDC:2026-08-25:29131.00,PDC,2026-08-25,exploration,29131.0,16.11,3,5.3707,6,ASIA,above,above,hold,6,9.0,-21.5,1787622120000
PDC:2026-08-25:29131.00,PDC,2026-08-25,exploration,29131.0,16.11,3,5.3707,7,ASIA,above,,ambiguous_horizon,13,6.75,-17.5,1787622660000
PDC:2026-08-25:29131.00,PDC,2026-08-25,exploration,29131.0,16.11,3,5.3707,8,ASIA,above,below,break,4,25.25,0.0,1787623500000
PDC:2026-08-25:29131.00,PDC,2026-08-25,exploration,29131.0,16.11,3,5.3707,9,ASIA,below,above,break,10,18.25,-14.5,1787624280000
PDC:2026-08-25:29131.00,PDC,2026-08-25,exploration,29131.0,16.11,3,5.3707,10,ASIA,above,below,break,6,24.5,-3.25,1787625900000
PDC:2026-08-25:29131.00,PDC,2026-08-25,exploration,29131.0,16.11,3,5.3707,11,ASIA,below,above,break,4,35.5,-5.25,1787627100000
ONH:2026-08-25:29420.00,ONH,2026-08-25,exploration,29420.0,16.11,3,5.3707,1,LONDON,below,below,hold,1,0.0,-31.75,1787651820000
ONL:2026-08-25:29189.50,ONL,2026-08-25,exploration,29189.5,16.11,3,5.3707,1,ASIA,below,below,hold,5,0.5,-23.5,1787628780000
ONL:2026-08-25:29189.50,ONL,2026-08-25,exploration,29189.5,16.11,3,5.3707,2,ASIA,below,,ambiguous_horizon,13,10.75,-9.0,1787630700000
ONL:2026-08-25:29189.50,ONL,2026-08-25,exploration,29189.5,16.11,3,5.3707,3,ASIA,above,above,hold,7,0.0,-23.75,1787633640000
ONL:2026-08-25:29189.50,ONL,2026-08-25,exploration,29189.5,16.11,3,5.3707,4,NY,above,above,hold,1,0.0,-39.5,1787668200000
RTH-H:2026-08-25:29416.00,RTH-H,2026-08-25,exploration,29416.0,16.11,3,5.3707,1,LONDON,below,below,hold,1,0.0,-27.75,1787651820000
RTH-H:2026-08-25:29416.00,RTH-H,2026-08-25,exploration,29416.0,16.11,3,5.3707,2,NY,below,below,hold,1,0.0,-52.75,1787665740000
RTH-L:2026-08-25:29145.50,RTH-L,2026-08-25,exploration,29145.5,16.11,3,5.3707,1,ASIA,below,below,hold,2,0.5,-24.0,1787608920000
RTH-L:2026-08-25:29145.50,RTH-L,2026-08-25,exploration,29145.5,16.11,3,5.3707,2,ASIA,below,below,hold,3,0.0,-21.25,1787609160000
RTH-L:2026-08-25:29145.50,RTH-L,2026-08-25,exploration,29145.5,16.11,3,5.3707,3,ASIA,below,below,hold,1,0.0,-29.75,1787621460000
RTH-L:2026-08-25:29145.50,RTH-L,2026-08-25,exploration,29145.5,16.11,3,5.3707,4,ASIA,below,below,hold,6,11.0,-22.0,1787621760000
RTH-L:2026-08-25:29145.50,RTH-L,2026-08-25,exploration,29145.5,16.11,3,5.3707,5,ASIA,below,below,hold,10,7.0,-18.25,1787622420000
RTH-L:2026-08-25:29145.50,RTH-L,2026-08-25,exploration,29145.5,16.11,3,5.3707,6,ASIA,below,below,hold,3,0.0,-18.5,1787623320000
RTH-L:2026-08-25:29145.50,RTH-L,2026-08-25,exploration,29145.5,16.11,3,5.3707,7,ASIA,below,below,hold,1,0.0,-26.75,1787624700000
RTH-L:2026-08-25:29145.50,RTH-L,2026-08-25,exploration,29145.5,16.11,3,5.3707,8,ASIA,below,above,break,3,21.5,-7.5,1787624880000
RTH-L:2026-08-25:29145.50,RTH-L,2026-08-25,exploration,29145.5,16.11,3,5.3707,9,ASIA,above,above,hold,9,11.0,-20.75,1787625180000
RTH-L:2026-08-25:29145.50,RTH-L,2026-08-25,exploration,29145.5,16.11,3,5.3707,10,ASIA,above,below,break,1,20.5,0.0,1787625840000
RTH-L:2026-08-25:29145.50,RTH-L,2026-08-25,exploration,29145.5,16.11,3,5.3707,11,ASIA,below,above,break,10,21.5,-3.25,1787627160000
RTH-L:2026-08-25:29145.50,RTH-L,2026-08-25,exploration,29145.5,16.11,3,5.3707,12,NY,above,above,hold,1,0.0,-83.5,1787668200000
OR30-H:2026-08-25:29317.00,OR30-H,2026-08-25,exploration,29317.0,16.11,3,5.3707,1,LONDON,below,below,hold,1,0.0,-27.25,1787646240000
OR30-H:2026-08-25:29317.00,OR30-H,2026-08-25,exploration,29317.0,16.11,3,5.3707,2,LONDON,below,,ambiguous_horizon,13,18.0,-3.0,1787648760000
OR30-H:2026-08-25:29317.00,OR30-H,2026-08-25,exploration,29317.0,16.11,3,5.3707,3,LONDON,above,above,hold,9,11.5,-49.75,1787649900000
OR30-H:2026-08-25:29317.00,OR30-H,2026-08-25,exploration,29317.0,16.11,3,5.3707,4,LONDON,above,above,hold,1,0.0,-26.0,1787656140000
OR30-H:2026-08-25:29317.00,OR30-H,2026-08-25,exploration,29317.0,16.11,3,5.3707,5,LONDON,above,above,hold,6,4.75,-20.5,1787661420000
OR30-H:2026-08-25:29317.00,OR30-H,2026-08-25,exploration,29317.0,16.11,3,5.3707,6,LONDON,above,above,hold,8,5.25,-19.75,1787662920000
OR30-H:2026-08-25:29317.00,OR30-H,2026-08-25,exploration,29317.0,16.11,3,5.3707,7,LONDON,above,below,break,2,21.5,0.0,1787664420000
OR30-H:2026-08-25:29317.00,OR30-H,2026-08-25,exploration,29317.0,16.11,3,5.3707,8,NY,below,above,break,2,42.75,-20.5,1787664600000
OR30-H:2026-08-25:29317.00,OR30-H,2026-08-25,exploration,29317.0,16.11,3,5.3707,9,NY,above,above,hold,1,2.0,-41.0,1787665140000
OR30-H:2026-08-25:29317.00,OR30-H,2026-08-25,exploration,29317.0,16.11,3,5.3707,10,NY,above,below,break,5,33.25,-6.75,1787666100000
OR30-L:2026-08-25:29279.25,OR30-L,2026-08-25,exploration,29279.25,16.11,3,5.3707,1,ASIA,below,below,hold,7,6.5,-23.5,1787638980000
OR30-L:2026-08-25:29279.25,OR30-L,2026-08-25,exploration,29279.25,16.11,3,5.3707,2,LONDON,below,below,hold,6,10.25,-17.75,1787641440000
OR30-L:2026-08-25:29279.25,OR30-L,2026-08-25,exploration,29279.25,16.11,3,5.3707,3,LONDON,below,above,break,1,48.5,-15.75,1787646180000
OR30-L:2026-08-25:29279.25,OR30-L,2026-08-25,exploration,29279.25,16.11,3,5.3707,4,LONDON,above,below,break,11,18.0,-18.75,1787646420000
OR30-L:2026-08-25:29279.25,OR30-L,2026-08-25,exploration,29279.25,16.11,3,5.3707,5,LONDON,below,above,break,3,22.75,0.0,1787647440000
OR30-L:2026-08-25:29279.25,OR30-L,2026-08-25,exploration,29279.25,16.11,3,5.3707,6,NY,above,above,hold,1,0.0,-65.5,1787664600000
OR30-L:2026-08-25:29279.25,OR30-L,2026-08-25,exploration,29279.25,16.11,3,5.3707,7,NY,above,below,break,2,19.25,-23.5,1787666460000
OR30-L:2026-08-25:29279.25,OR30-L,2026-08-25,exploration,29279.25,16.11,3,5.3707,8,NY,below,below,hold,1,0.0,-30.5,1787666760000
OR30-L:2026-08-25:29279.25,OR30-L,2026-08-25,exploration,29279.25,16.11,3,5.3707,9,NY,below,below,hold,3,0.0,-25.75,1787667000000
OR30-L:2026-08-25:29279.25,OR30-L,2026-08-25,exploration,29279.25,16.11,3,5.3707,10,NY,below,below,hold,12,30.75,-24.25,1787671740000
OR30-L:2026-08-25:29279.25,OR30-L,2026-08-25,exploration,29279.25,16.11,3,5.3707,11,NY,below,,ambiguous_horizon,13,10.75,-16.5,1787673720000
OR30-L:2026-08-25:29279.25,OR30-L,2026-08-25,exploration,29279.25,16.11,3,5.3707,12,NY,above,,ambiguous_horizon,13,2.25,-20.0,1787674620000
OR30-L:2026-08-25:29279.25,OR30-L,2026-08-25,exploration,29279.25,16.11,3,5.3707,13,NY,above,below,break,7,17.5,-14.75,1787675760000
OR30-L:2026-08-25:29279.25,OR30-L,2026-08-25,exploration,29279.25,16.11,3,5.3707,14,NY,below,below,hold,4,3.0,-17.75,1787676360000
OR30-L:2026-08-25:29279.25,OR30-L,2026-08-25,exploration,29279.25,16.11,3,5.3707,15,NY,below,below,hold,3,0.0,-20.5,1787677140000
OR30-L:2026-08-25:29279.25,OR30-L,2026-08-25,exploration,29279.25,16.11,3,5.3707,16,NY,below,,ambiguous_horizon,13,11.0,-16.75,1787687640000
OR30-L:2026-08-25:29279.25,OR30-L,2026-08-25,exploration,29279.25,16.11,3,5.3707,17,NY,above,,ambiguous_horizon,13,10.25,-8.25,1787690760000
VWAP:2026-08-25:29308.16,VWAP,2026-08-25,exploration,29308.16,16.11,3,5.3707,1,LONDON,below,below,hold,1,7.59,-18.41,1787646240000
VWAP:2026-08-25:29308.16,VWAP,2026-08-25,exploration,29308.16,16.11,3,5.3707,2,LONDON,below,above,break,3,26.34,-9.91,1787648640000
VWAP:2026-08-25:29308.16,VWAP,2026-08-25,exploration,29308.16,16.11,3,5.3707,3,LONDON,above,above,hold,6,0.16,-20.84,1787649960000
VWAP:2026-08-25:29308.16,VWAP,2026-08-25,exploration,29308.16,16.11,3,5.3707,4,LONDON,above,above,hold,1,0.0,-34.84,1787656140000
VWAP:2026-08-25:29308.16,VWAP,2026-08-25,exploration,29308.16,16.11,3,5.3707,5,LONDON,above,above,hold,3,28.91,-36.59,1787664480000
VWAP:2026-08-25:29308.16,VWAP,2026-08-25,exploration,29308.16,16.11,3,5.3707,6,NY,above,above,hold,1,0.0,-49.84,1787665140000
VWAP:2026-08-25:29308.16,VWAP,2026-08-25,exploration,29308.16,16.11,3,5.3707,7,NY,above,below,break,6,37.16,-15.59,1787666100000
VWAP:2026-08-25:29308.16,VWAP,2026-08-25,exploration,29308.16,16.11,3,5.3707,8,NY,below,below,hold,1,0.0,-44.66,1787671980000
VWAP:2026-08-25:29308.16,VWAP,2026-08-25,exploration,29308.16,16.11,3,5.3707,9,NY,below,,ambiguous_horizon,13,5.09,-8.16,1787689440000
VWAP+1s:2026-08-25:29362.83,VWAP+1s,2026-08-25,exploration,29362.83,16.11,3,5.3707,1,LONDON,below,below,hold,5,0.0,-20.83,1787650440000
VWAP+1s:2026-08-25:29362.83,VWAP+1s,2026-08-25,exploration,29362.83,16.11,3,5.3707,2,LONDON,below,above,break,8,27.17,-7.33,1787650860000
VWAP+1s:2026-08-25:29362.83,VWAP+1s,2026-08-25,exploration,29362.83,16.11,3,5.3707,3,LONDON,above,,ambiguous_horizon,13,16.58,-8.17,1787653980000
VWAP+1s:2026-08-25:29362.83,VWAP+1s,2026-08-25,exploration,29362.83,16.11,3,5.3707,4,LONDON,below,below,hold,10,6.42,-20.33,1787655000000
VWAP+1s:2026-08-25:29362.83,VWAP+1s,2026-08-25,exploration,29362.83,16.11,3,5.3707,5,LONDON,below,above,break,4,18.17,-5.58,1787658300000
VWAP+1s:2026-08-25:29362.83,VWAP+1s,2026-08-25,exploration,29362.83,16.11,3,5.3707,6,LONDON,above,above,hold,11,4.83,-19.92,1787659380000
VWAP+1s:2026-08-25:29362.83,VWAP+1s,2026-08-25,exploration,29362.83,16.11,3,5.3707,7,LONDON,above,below,break,3,21.83,-1.67,1787661000000
VWAP+1s:2026-08-25:29362.83,VWAP+1s,2026-08-25,exploration,29362.83,16.11,3,5.3707,8,NY,below,below,hold,3,14.17,-36.08,1787664780000
VWAP+1s:2026-08-25:29362.83,VWAP+1s,2026-08-25,exploration,29362.83,16.11,3,5.3707,9,NY,below,below,hold,1,0.92,-34.33,1787665260000
VWAP+1s:2026-08-25:29362.83,VWAP+1s,2026-08-25,exploration,29362.83,16.11,3,5.3707,10,NY,below,above,break,1,28.92,-20.83,1787665500000
VWAP+1s:2026-08-25:29362.83,VWAP+1s,2026-08-25,exploration,29362.83,16.11,3,5.3707,11,NY,above,below,break,3,27.33,-25.42,1787665860000
VWAP-1s:2026-08-25:29253.48,VWAP-1s,2026-08-25,exploration,29253.48,16.11,3,5.3707,1,ASIA,below,,ambiguous_horizon,13,12.02,-11.98,1787637960000
VWAP-1s:2026-08-25:29253.48,VWAP-1s,2026-08-25,exploration,29253.48,16.11,3,5.3707,2,ASIA,above,,ambiguous_horizon,13,15.23,-10.02,1787639880000
VWAP-1s:2026-08-25:29253.48,VWAP-1s,2026-08-25,exploration,29253.48,16.11,3,5.3707,3,ASIA,below,above,break,3,22.52,-1.98,1787641080000
VWAP-1s:2026-08-25:29253.48,VWAP-1s,2026-08-25,exploration,29253.48,16.11,3,5.3707,4,LONDON,above,below,break,3,18.98,-9.77,1787641980000
VWAP-1s:2026-08-25:29253.48,VWAP-1s,2026-08-25,exploration,29253.48,16.11,3,5.3707,5,LONDON,below,below,hold,2,0.77,-19.73,1787642580000
VWAP-1s:2026-08-25:29253.48,VWAP-1s,2026-08-25,exploration,29253.48,16.11,3,5.3707,6,LONDON,below,below,hold,9,6.52,-20.98,1787642940000
VWAP-1s:2026-08-25:29253.48,VWAP-1s,2026-08-25,exploration,29253.48,16.11,3,5.3707,7,LONDON,below,below,hold,7,8.02,-21.98,1787643780000
VWAP-1s:2026-08-25:29253.48,VWAP-1s,2026-08-25,exploration,29253.48,16.11,3,5.3707,8,LONDON,below,below,hold,2,1.52,-29.73,1787644800000
VWAP-1s:2026-08-25:29253.48,VWAP-1s,2026-08-25,exploration,29253.48,16.11,3,5.3707,9,LONDON,below,below,hold,1,0.0,-20.73,1787645940000
VWAP-1s:2026-08-25:29253.48,VWAP-1s,2026-08-25,exploration,29253.48,16.11,3,5.3707,10,LONDON,below,above,break,1,45.52,-6.23,1787646120000
VWAP-1s:2026-08-25:29253.48,VWAP-1s,2026-08-25,exploration,29253.48,16.11,3,5.3707,11,NY,above,above,hold,6,9.98,-31.52,1787666640000
VWAP-1s:2026-08-25:29253.48,VWAP-1s,2026-08-25,exploration,29253.48,16.11,3,5.3707,12,NY,above,below,break,8,28.48,-16.27,1787667240000
VWAP-1s:2026-08-25:29253.48,VWAP-1s,2026-08-25,exploration,29253.48,16.11,3,5.3707,13,NY,below,below,hold,2,19.27,-18.23,1787668680000
VWAP-1s:2026-08-25:29253.48,VWAP-1s,2026-08-25,exploration,29253.48,16.11,3,5.3707,14,NY,below,below,hold,3,2.77,-28.48,1787669580000
VWAP-1s:2026-08-25:29253.48,VWAP-1s,2026-08-25,exploration,29253.48,16.11,3,5.3707,15,NY,below,below,hold,3,7.77,-28.23,1787671200000
VWAP-1s:2026-08-25:29253.48,VWAP-1s,2026-08-25,exploration,29253.48,16.11,3,5.3707,16,NY,below,above,break,1,23.52,0.0,1787671620000
VWAP-1s:2026-08-25:29253.48,VWAP-1s,2026-08-25,exploration,29253.48,16.11,3,5.3707,17,NY,above,below,break,2,18.73,0.0,1787672700000
VWAP-1s:2026-08-25:29253.48,VWAP-1s,2026-08-25,exploration,29253.48,16.11,3,5.3707,18,NY,below,above,break,5,19.77,0.0,1787673180000
VWAP-1s:2026-08-25:29253.48,VWAP-1s,2026-08-25,exploration,29253.48,16.11,3,5.3707,19,NY,above,above,hold,4,0.73,-28.77,1787676900000
VWAP-1s:2026-08-25:29253.48,VWAP-1s,2026-08-25,exploration,29253.48,16.11,3,5.3707,20,NY,above,below,break,5,29.48,-1.27,1787677380000
VWAP-1s:2026-08-25:29253.48,VWAP-1s,2026-08-25,exploration,29253.48,16.11,3,5.3707,21,NY,below,below,hold,5,3.77,-17.48,1787678340000
VWAP-1s:2026-08-25:29253.48,VWAP-1s,2026-08-25,exploration,29253.48,16.11,3,5.3707,22,NY,below,above,break,2,17.77,0.0,1787683380000
VWAP-1s:2026-08-25:29253.48,VWAP-1s,2026-08-25,exploration,29253.48,16.11,3,5.3707,23,NY,above,,ambiguous_horizon,13,13.98,-12.52,1787684280000
VWAP-1s:2026-08-25:29253.48,VWAP-1s,2026-08-25,exploration,29253.48,16.11,3,5.3707,24,NY,below,below,hold,4,4.52,-21.73,1787686860000
VWAP-1s:2026-08-25:29253.48,VWAP-1s,2026-08-25,exploration,29253.48,16.11,3,5.3707,25,NY,below,above,break,1,25.52,0.0,1787687520000
SETTLE:2026-08-25:29273.68,SETTLE,2026-08-25,exploration,29273.68,16.11,3,5.3707,1,ASIA,below,below,hold,12,12.07,-19.93,1787638980000
SETTLE:2026-08-25:29273.68,SETTLE,2026-08-25,exploration,29273.68,16.11,3,5.3707,2,LONDON,below,,ambiguous_horizon,13,16.82,-20.18,1787641200000
SETTLE:2026-08-25:29273.68,SETTLE,2026-08-25,exploration,29273.68,16.11,3,5.3707,3,LONDON,below,above,break,1,54.07,-10.18,1787646180000
SETTLE:2026-08-25:29273.68,SETTLE,2026-08-25,exploration,29273.68,16.11,3,5.3707,4,LONDON,above,,ambiguous_horizon,13,17.18,-24.32,1787646480000
SETTLE:2026-08-25:29273.68,SETTLE,2026-08-25,exploration,29273.68,16.11,3,5.3707,5,LONDON,below,above,break,2,19.57,0.0,1787647380000
SETTLE:2026-08-25:29273.68,SETTLE,2026-08-25,exploration,29273.68,16.11,3,5.3707,6,NY,above,below,break,6,26.68,-29.07,1787666460000
SETTLE:2026-08-25:29273.68,SETTLE,2026-08-25,exploration,29273.68,16.11,3,5.3707,7,NY,below,below,hold,4,3.32,-34.18,1787667000000
SETTLE:2026-08-25:29273.68,SETTLE,2026-08-25,exploration,29273.68,16.11,3,5.3707,8,NY,below,above,break,5,36.32,-7.43,1787671680000
SETTLE:2026-08-25:29273.68,SETTLE,2026-08-25,exploration,29273.68,16.11,3,5.3707,9,NY,above,below,break,4,18.68,-8.82,1787672220000
SETTLE:2026-08-25:29273.68,SETTLE,2026-08-25,exploration,29273.68,16.11,3,5.3707,10,NY,below,,ambiguous_horizon,13,16.32,-10.93,1787673720000
SETTLE:2026-08-25:29273.68,SETTLE,2026-08-25,exploration,29273.68,16.11,3,5.3707,11,NY,above,above,hold,2,0.0,-19.57,1787675760000
SETTLE:2026-08-25:29273.68,SETTLE,2026-08-25,exploration,29273.68,16.11,3,5.3707,12,NY,above,below,break,12,20.68,-10.57,1787676180000
SETTLE:2026-08-25:29273.68,SETTLE,2026-08-25,exploration,29273.68,16.11,3,5.3707,13,NY,below,below,hold,4,5.32,-23.68,1787677140000
SETTLE:2026-08-25:29273.68,SETTLE,2026-08-25,exploration,29273.68,16.11,3,5.3707,14,NY,below,below,hold,9,0.0,-20.18,1787683680000
SETTLE:2026-08-25:29273.68,SETTLE,2026-08-25,exploration,29273.68,16.11,3,5.3707,15,NY,below,,ambiguous_horizon,13,16.57,-11.18,1787687580000
SETTLE:2026-08-25:29273.68,SETTLE,2026-08-25,exploration,29273.68,16.11,3,5.3707,16,NY,above,,ambiguous_horizon,12,4.68,-13.82,1787690880000
RND-250:2026-08-25:29250.00,RND-250,2026-08-25,exploration,29250.0,16.11,3,5.3707,1,ASIA,below,,ambiguous_horizon,13,11.75,-17.0,1787637600000
RND-250:2026-08-25:29250.00,RND-250,2026-08-25,exploration,29250.0,16.11,3,5.3707,2,ASIA,above,above,hold,9,8.5,-38.0,1787638440000
RND-250:2026-08-25:29250.00,RND-250,2026-08-25,exploration,29250.0,16.11,3,5.3707,3,ASIA,above,,ambiguous_horizon,13,11.75,-13.5,1787639880000
RND-250:2026-08-25:29250.00,RND-250,2026-08-25,exploration,29250.0,16.11,3,5.3707,4,ASIA,below,above,break,5,26.0,-7.75,1787640900000
RND-250:2026-08-25:29250.00,RND-250,2026-08-25,exploration,29250.0,16.11,3,5.3707,5,LONDON,above,below,break,4,22.75,-13.25,1787642040000
RND-250:2026-08-25:29250.00,RND-250,2026-08-25,exploration,29250.0,16.11,3,5.3707,6,LONDON,below,,ambiguous_horizon,13,10.0,-17.75,1787642580000
RND-250:2026-08-25:29250.00,RND-250,2026-08-25,exploration,29250.0,16.11,3,5.3707,7,LONDON,below,below,hold,7,11.5,-18.5,1787643780000
RND-250:2026-08-25:29250.00,RND-250,2026-08-25,exploration,29250.0,16.11,3,5.3707,8,LONDON,below,below,hold,2,5.0,-26.25,1787644800000
RND-250:2026-08-25:29250.00,RND-250,2026-08-25,exploration,29250.0,16.11,3,5.3707,9,LONDON,below,above,break,6,49.0,-17.25,1787645820000
RND-250:2026-08-25:29250.00,RND-250,2026-08-25,exploration,29250.0,16.11,3,5.3707,10,NY,above,above,hold,6,6.5,-35.0,1787666640000
RND-250:2026-08-25:29250.00,RND-250,2026-08-25,exploration,29250.0,16.11,3,5.3707,11,NY,above,below,break,8,25.0,-19.75,1787667240000
RND-250:2026-08-25:29250.00,RND-250,2026-08-25,exploration,29250.0,16.11,3,5.3707,12,NY,below,below,hold,3,2.25,-24.0,1787667900000
RND-250:2026-08-25:29250.00,RND-250,2026-08-25,exploration,29250.0,16.11,3,5.3707,13,NY,below,below,hold,3,22.75,-26.5,1787668680000
RND-250:2026-08-25:29250.00,RND-250,2026-08-25,exploration,29250.0,16.11,3,5.3707,14,NY,below,below,hold,3,6.25,-25.0,1787669580000
RND-250:2026-08-25:29250.00,RND-250,2026-08-25,exploration,29250.0,16.11,3,5.3707,15,NY,below,above,break,8,27.0,-24.75,1787671200000
RND-250:2026-08-25:29250.00,RND-250,2026-08-25,exploration,29250.0,16.11,3,5.3707,16,NY,above,below,break,3,25.25,-2.5,1787672700000
RND-250:2026-08-25:29250.00,RND-250,2026-08-25,exploration,29250.0,16.11,3,5.3707,17,NY,below,above,break,6,23.25,-9.5,1787673120000
RND-250:2026-08-25:29250.00,RND-250,2026-08-25,exploration,29250.0,16.11,3,5.3707,18,NY,above,below,break,5,26.0,-4.75,1787677380000
RND-250:2026-08-25:29250.00,RND-250,2026-08-25,exploration,29250.0,16.11,3,5.3707,19,NY,below,below,hold,9,8.5,-23.5,1787678160000
RND-250:2026-08-25:29250.00,RND-250,2026-08-25,exploration,29250.0,16.11,3,5.3707,20,NY,below,above,break,8,21.25,-9.0,1787683020000
RND-250:2026-08-25:29250.00,RND-250,2026-08-25,exploration,29250.0,16.11,3,5.3707,21,NY,above,below,break,11,17.75,-2.5,1787684520000
RND-250:2026-08-25:29250.00,RND-250,2026-08-25,exploration,29250.0,16.11,3,5.3707,22,NY,below,below,hold,4,8.0,-18.25,1787686860000
RND-250:2026-08-25:29250.00,RND-250,2026-08-25,exploration,29250.0,16.11,3,5.3707,23,NY,below,above,break,1,29.0,0.0,1787687520000
PDH:2026-08-26:29420.00,PDH,2026-08-26,exploration,29420.0,16.11,3,5.3707,1,NY,below,,ambiguous_horizon,2,17.25,-1.25,1787777880000
PDC:2026-08-26:29287.00,PDC,2026-08-26,exploration,29287.0,16.11,3,5.3707,1,ASIA,above,,ambiguous_horizon,13,0.0,-21.25,1787695260000
PDC:2026-08-26:29287.00,PDC,2026-08-26,exploration,29287.0,16.11,3,5.3707,2,ASIA,above,,ambiguous_horizon,13,7.0,-7.0,1787696460000
PDC:2026-08-26:29287.00,PDC,2026-08-26,exploration,29287.0,16.11,3,5.3707,3,ASIA,above,,ambiguous_horizon,13,6.75,-2.75,1787697420000
PDC:2026-08-26:29287.00,PDC,2026-08-26,exploration,29287.0,16.11,3,5.3707,4,ASIA,below,,ambiguous_horizon,13,0.75,-13.25,1787698620000
PDC:2026-08-26:29287.00,PDC,2026-08-26,exploration,29287.0,16.11,3,5.3707,5,NY,below,above,break,2,30.5,-4.25,1787751780000
PDC:2026-08-26:29287.00,PDC,2026-08-26,exploration,29287.0,16.11,3,5.3707,6,NY,below,above,break,2,22.0,-9.75,1787752320000
PDC:2026-08-26:29287.00,PDC,2026-08-26,exploration,29287.0,16.11,3,5.3707,7,NY,above,below,break,3,22.25,-14.25,1787753220000
PDC:2026-08-26:29287.00,PDC,2026-08-26,exploration,29287.0,16.11,3,5.3707,8,NY,below,below,hold,8,5.25,-47.75,1787758980000
PDC:2026-08-26:29287.00,PDC,2026-08-26,exploration,29287.0,16.11,3,5.3707,9,NY,below,below,hold,10,4.25,-19.25,1787765880000
PDC:2026-08-26:29287.00,PDC,2026-08-26,exploration,29287.0,16.11,3,5.3707,10,NY,below,,ambiguous_horizon,13,9.75,-15.5,1787766840000
PDC:2026-08-26:29287.00,PDC,2026-08-26,exploration,29287.0,16.11,3,5.3707,11,NY,below,below,hold,6,9.0,-21.0,1787767680000
PDC:2026-08-26:29287.00,PDC,2026-08-26,exploration,29287.0,16.11,3,5.3707,12,NY,below,,ambiguous_horizon,13,2.75,-15.75,1787768400000
PDC:2026-08-26:29287.00,PDC,2026-08-26,exploration,29287.0,16.11,3,5.3707,13,NY,above,above,hold,2,6.25,-19.0,1787774040000
PDC:2026-08-26:29287.00,PDC,2026-08-26,exploration,29287.0,16.11,3,5.3707,14,NY,above,above,hold,1,3.0,-25.0,1787774340000
ONH:2026-08-26:29278.75,ONH,2026-08-26,exploration,29278.75,16.11,3,5.3707,1,ASIA,above,,ambiguous_horizon,13,6.5,-2.0,1787699100000
ONH:2026-08-26:29278.75,ONH,2026-08-26,exploration,29278.75,16.11,3,5.3707,2,ASIA,below,,ambiguous_horizon,13,1.25,-18.75,1787717040000
ONH:2026-08-26:29278.75,ONH,2026-08-26,exploration,29278.75,16.11,3,5.3707,3,ASIA,below,,ambiguous_horizon,13,0.0,-17.0,1787718300000
ONH:2026-08-26:29278.75,ONH,2026-08-26,exploration,29278.75,16.11,3,5.3707,4,LONDON,below,below,hold,1,0.0,-24.0,1787743080000
ONH:2026-08-26:29278.75,ONH,2026-08-26,exploration,29278.75,16.11,3,5.3707,5,NY,below,below,hold,2,0.0,-42.0,1787751060000
ONH:2026-08-26:29278.75,ONH,2026-08-26,exploration,29278.75,16.11,3,5.3707,6,NY,below,above,break,2,38.75,0.0,1787751780000
ONH:2026-08-26:29278.75,ONH,2026-08-26,exploration,29278.75,16.11,3,5.3707,7,NY,above,below,break,4,24.25,-27.25,1787751960000
ONH:2026-08-26:29278.75,ONH,2026-08-26,exploration,29278.75,16.11,3,5.3707,8,NY,below,above,break,2,22.25,-1.75,1787752260000
ONH:2026-08-26:29278.75,ONH,2026-08-26,exploration,29278.75,16.11,3,5.3707,9,NY,above,below,break,3,43.0,-5.25,1787753340000
ONH:2026-08-26:29278.75,ONH,2026-08-26,exploration,29278.75,16.11,3,5.3707,10,NY,below,below,hold,6,0.0,-27.25,1787756820000
ONH:2026-08-26:29278.75,ONH,2026-08-26,exploration,29278.75,16.11,3,5.3707,11,NY,below,below,hold,9,13.5,-39.5,1787758920000
ONH:2026-08-26:29278.75,ONH,2026-08-26,exploration,29278.75,16.11,3,5.3707,12,NY,below,,ambiguous_horizon,13,12.5,-6.25,1787765640000
ONH:2026-08-26:29278.75,ONH,2026-08-26,exploration,29278.75,16.11,3,5.3707,13,NY,below,,ambiguous_horizon,13,18.0,-9.25,1787766600000
ONH:2026-08-26:29278.75,ONH,2026-08-26,exploration,29278.75,16.11,3,5.3707,14,NY,above,,ambiguous_horizon,13,14.75,-13.25,1787767860000
ONH:2026-08-26:29278.75,ONH,2026-08-26,exploration,29278.75,16.11,3,5.3707,15,NY,above,above,hold,4,3.5,-25.25,1787768940000
ONL:2026-08-26:29133.00,ONL,2026-08-26,exploration,29133.0,16.11,3,5.3707,1,ASIA,above,below,break,7,23.0,-8.75,1787705520000
ONL:2026-08-26:29133.00,ONL,2026-08-26,exploration,29133.0,16.11,3,5.3707,2,ASIA,below,,ambiguous_horizon,13,14.75,-15.5,1787706000000
ONL:2026-08-26:29133.00,ONL,2026-08-26,exploration,29133.0,16.11,3,5.3707,3,ASIA,below,below,hold,6,1.0,-21.75,1787706960000
ONL:2026-08-26:29133.00,ONL,2026-08-26,exploration,29133.0,16.11,3,5.3707,4,ASIA,below,,ambiguous_horizon,13,11.0,-14.25,1787709480000
ONL:2026-08-26:29133.00,ONL,2026-08-26,exploration,29133.0,16.11,3,5.3707,5,LONDON,above,above,hold,1,0.0,-23.75,1787748840000
RTH-H:2026-08-26:29368.75,RTH-H,2026-08-26,exploration,29368.75,16.11,3,5.3707,1,NY,below,below,hold,4,0.0,-20.25,1787771040000
RTH-H:2026-08-26:29368.75,RTH-H,2026-08-26,exploration,29368.75,16.11,3,5.3707,2,NY,below,,ambiguous_horizon,13,4.0,-19.0,1787774700000
RTH-H:2026-08-26:29368.75,RTH-H,2026-08-26,exploration,29368.75,16.11,3,5.3707,3,NY,below,above,break,1,28.0,0.0,1787777340000
RTH-L:2026-08-26:29156.25,RTH-L,2026-08-26,exploration,29156.25,16.11,3,5.3707,1,ASIA,above,,ambiguous_horizon,13,19.0,-10.0,1787704500000
RTH-L:2026-08-26:29156.25,RTH-L,2026-08-26,exploration,29156.25,16.11,3,5.3707,2,ASIA,below,above,break,12,19.5,-10.0,1787710620000
RTH-L:2026-08-26:29156.25,RTH-L,2026-08-26,exploration,29156.25,16.11,3,5.3707,3,LONDON,above,above,hold,4,7.25,-18.25,1787747700000
RTH-L:2026-08-26:29156.25,RTH-L,2026-08-26,exploration,29156.25,16.11,3,5.3707,4,LONDON,above,above,hold,3,3.75,-21.25,1787748360000
RTH-L:2026-08-26:29156.25,RTH-L,2026-08-26,exploration,29156.25,16.11,3,5.3707,5,LONDON,above,,ambiguous_horizon,13,23.25,-8.5,1787748720000
RTH-L:2026-08-26:29156.25,RTH-L,2026-08-26,exploration,29156.25,16.11,3,5.3707,6,LONDON,below,,ambiguous_horizon,13,18.0,-3.25,1787749980000
RTH-L:2026-08-26:29156.25,RTH-L,2026-08-26,exploration,29156.25,16.11,3,5.3707,7,NY,above,above,hold,1,0.0,-33.25,1787754480000
OR30-H:2026-08-26:29237.25,OR30-H,2026-08-26,exploration,29237.25,16.11,3,5.3707,1,ASIA,above,,ambiguous_horizon,13,1.0,-10.0,1787700600000
OR30-H:2026-08-26:29237.25,OR30-H,2026-08-26,exploration,29237.25,16.11,3,5.3707,2,ASIA,below,below,hold,3,0.0,-23.5,1787703480000
OR30-H:2026-08-26:29237.25,OR30-H,2026-08-26,exploration,29237.25,16.11,3,5.3707,3,ASIA,below,above,break,11,21.0,-9.25,1787715300000
OR30-H:2026-08-26:29237.25,OR30-H,2026-08-26,exploration,29237.25,16.11,3,5.3707,4,ASIA,above,,ambiguous_horizon,13,20.25,0.0,1787719560000
OR30-H:2026-08-26:29237.25,OR30-H,2026-08-26,exploration,29237.25,16.11,3,5.3707,5,ASIA,below,above,break,2,20.5,-5.5,1787720400000
OR30-H:2026-08-26:29237.25,OR30-H,2026-08-26,exploration,29237.25,16.11,3,5.3707,6,ASIA,above,above,hold,4,0.0,-22.5,1787720700000
OR30-H:2026-08-26:29237.25,OR30-H,2026-08-26,exploration,29237.25,16.11,3,5.3707,7,ASIA,above,,ambiguous_horizon,13,7.25,-11.5,1787721240000
OR30-H:2026-08-26:29237.25,OR30-H,2026-08-26,exploration,29237.25,16.11,3,5.3707,8,ASIA,above,,ambiguous_horizon,13,11.75,-6.75,1787723160000
OR30-H:2026-08-26:29237.25,OR30-H,2026-08-26,exploration,29237.25,16.11,3,5.3707,9,ASIA,above,below,break,4,21.5,-8.5,1787724000000
OR30-H:2026-08-26:29237.25,OR30-H,2026-08-26,exploration,29237.25,16.11,3,5.3707,10,ASIA,below,above,break,9,20.5,-8.25,1787726100000
OR30-H:2026-08-26:29237.25,OR30-H,2026-08-26,exploration,29237.25,16.11,3,5.3707,11,ASIA,above,above,hold,4,4.75,-19.75,1787727180000
OR30-H:2026-08-26:29237.25,OR30-H,2026-08-26,exploration,29237.25,16.11,3,5.3707,12,LONDON,above,below,break,8,19.0,-20.75,1787727600000
OR30-H:2026-08-26:29237.25,OR30-H,2026-08-26,exploration,29237.25,16.11,3,5.3707,13,LONDON,below,below,hold,7,7.0,-25.25,1787728440000
OR30-H:2026-08-26:29237.25,OR30-H,2026-08-26,exploration,29237.25,16.11,3,5.3707,14,LONDON,below,below,hold,3,7.25,-20.0,1787731740000
OR30-H:2026-08-26:29237.25,OR30-H,2026-08-26,exploration,29237.25,16.11,3,5.3707,15,LONDON,below,,ambiguous_horizon,13,13.5,-10.75,1787733180000
OR30-H:2026-08-26:29237.25,OR30-H,2026-08-26,exploration,29237.25,16.11,3,5.3707,16,LONDON,below,below,hold,3,0.0,-18.75,1787738340000
OR30-H:2026-08-26:29237.25,OR30-H,2026-08-26,exploration,29237.25,16.11,3,5.3707,17,LONDON,below,,ambiguous_horizon,13,5.5,-13.5,1787740680000
OR30-H:2026-08-26:29237.25,OR30-H,2026-08-26,exploration,29237.25,16.11,3,5.3707,18,LONDON,below,above,break,2,27.5,-2.0,1787741940000
OR30-H:2026-08-26:29237.25,OR30-H,2026-08-26,exploration,29237.25,16.11,3,5.3707,19,LONDON,above,above,hold,4,0.0,-19.5,1787742540000
OR30-H:2026-08-26:29237.25,OR30-H,2026-08-26,exploration,29237.25,16.11,3,5.3707,20,LONDON,above,above,hold,3,0.0,-24.25,1787743680000
OR30-H:2026-08-26:29237.25,OR30-H,2026-08-26,exploration,29237.25,16.11,3,5.3707,21,LONDON,above,below,break,2,17.75,-3.0,1787744100000
OR30-H:2026-08-26:29237.25,OR30-H,2026-08-26,exploration,29237.25,16.11,3,5.3707,22,LONDON,below,above,break,4,21.75,-10.0,1787747100000
OR30-H:2026-08-26:29237.25,OR30-H,2026-08-26,exploration,29237.25,16.11,3,5.3707,23,LONDON,above,below,break,1,70.25,0.0,1787747400000
OR30-H:2026-08-26:29237.25,OR30-H,2026-08-26,exploration,29237.25,16.11,3,5.3707,24,NY,below,above,break,1,43.75,-21.0,1787751000000
OR30-H:2026-08-26:29237.25,OR30-H,2026-08-26,exploration,29237.25,16.11,3,5.3707,25,NY,above,above,hold,1,0.0,-40.75,1787751180000
OR30-H:2026-08-26:29237.25,OR30-H,2026-08-26,exploration,29237.25,16.11,3,5.3707,26,NY,above,above,hold,1,28.25,-34.25,1787751300000
OR30-H:2026-08-26:29237.25,OR30-H,2026-08-26,exploration,29237.25,16.11,3,5.3707,27,NY,above,above,hold,1,8.0,-34.25,1787751540000
OR30-H:2026-08-26:29237.25,OR30-H,2026-08-26,exploration,29237.25,16.11,3,5.3707,28,NY,above,above,hold,1,0.0,-64.25,1787751720000
OR30-H:2026-08-26:29237.25,OR30-H,2026-08-26,exploration,29237.25,16.11,3,5.3707,29,NY,above,above,hold,1,1.25,-18.25,1787753520000
OR30-H:2026-08-26:29237.25,OR30-H,2026-08-26,exploration,29237.25,16.11,3,5.3707,30,NY,above,below,break,6,23.25,-27.25,1787753700000
OR30-H:2026-08-26:29237.25,OR30-H,2026-08-26,exploration,29237.25,16.11,3,5.3707,31,NY,below,below,hold,1,0.0,-23.0,1787755020000
OR30-H:2026-08-26:29237.25,OR30-H,2026-08-26,exploration,29237.25,16.11,3,5.3707,32,NY,below,below,hold,2,0.75,-22.25,1787755200000
OR30-H:2026-08-26:29237.25,OR30-H,2026-08-26,exploration,29237.25,16.11,3,5.3707,33,NY,below,above,break,3,18.25,-9.5,1787755620000
OR30-H:2026-08-26:29237.25,OR30-H,2026-08-26,exploration,29237.25,16.11,3,5.3707,34,NY,above,above,hold,6,0.0,-21.75,1787756100000
OR30-H:2026-08-26:29237.25,OR30-H,2026-08-26,exploration,29237.25,16.11,3,5.3707,35,NY,above,above,hold,5,15.0,-23.25,1787757360000
OR30-H:2026-08-26:29237.25,OR30-H,2026-08-26,exploration,29237.25,16.11,3,5.3707,36,NY,above,above,hold,6,3.5,-28.75,1787757720000
OR30-H:2026-08-26:29237.25,OR30-H,2026-08-26,exploration,29237.25,16.11,3,5.3707,37,NY,above,above,hold,4,16.5,-19.5,1787758380000
OR30-H:2026-08-26:29237.25,OR30-H,2026-08-26,exploration,29237.25,16.11,3,5.3707,38,NY,above,below,break,7,21.75,-12.75,1787759520000
OR30-H:2026-08-26:29237.25,OR30-H,2026-08-26,exploration,29237.25,16.11,3,5.3707,39,NY,below,above,break,7,24.75,-7.25,1787764140000
OR30-L:2026-08-26:29174.25,OR30-L,2026-08-26,exploration,29174.25,16.11,3,5.3707,1,ASIA,above,below,break,7,19.25,-14.5,1787704080000
OR30-L:2026-08-26:29174.25,OR30-L,2026-08-26,exploration,29174.25,16.11,3,5.3707,2,ASIA,below,above,break,12,24.0,-8.5,1787711160000
OR30-L:2026-08-26:29174.25,OR30-L,2026-08-26,exploration,29174.25,16.11,3,5.3707,3,LONDON,above,below,break,4,20.5,-13.75,1787747460000
OR30-L:2026-08-26:29174.25,OR30-L,2026-08-26,exploration,29174.25,16.11,3,5.3707,4,LONDON,below,below,hold,7,13.75,-24.75,1787747940000
OR30-L:2026-08-26:29174.25,OR30-L,2026-08-26,exploration,29174.25,16.11,3,5.3707,5,LONDON,below,below,hold,4,7.5,-26.25,1787748480000
OR30-L:2026-08-26:29174.25,OR30-L,2026-08-26,exploration,29174.25,16.11,3,5.3707,6,LONDON,below,below,hold,6,0.0,-21.25,1787750100000
OR30-L:2026-08-26:29174.25,OR30-L,2026-08-26,exploration,29174.25,16.11,3,5.3707,7,LONDON,below,above,break,1,63.0,0.0,1787750940000
OR30-L:2026-08-26:29174.25,OR30-L,2026-08-26,exploration,29174.25,16.11,3,5.3707,8,NY,above,above,hold,3,18.0,-25.0,1787754420000
OR30-L:2026-08-26:29174.25,OR30-L,2026-08-26,exploration,29174.25,16.11,3,5.3707,9,NY,above,above,hold,1,0.0,-19.0,1787762400000
OR30-L:2026-08-26:29174.25,OR30-L,2026-08-26,exploration,29174.25,16.11,3,5.3707,10,NY,above,above,hold,4,4.25,-24.75,1787762580000
VWAP:2026-08-26:29206.87,VWAP,2026-08-26,exploration,29206.87,16.11,3,5.3707,1,ASIA,above,,ambiguous_horizon,13,22.62,-19.88,1787701860000
VWAP:2026-08-26:29206.87,VWAP,2026-08-26,exploration,29206.87,16.11,3,5.3707,2,ASIA,above,above,hold,6,14.62,-21.13,1787702700000
VWAP:2026-08-26:29206.87,VWAP,2026-08-26,exploration,29206.87,16.11,3,5.3707,3,ASIA,above,below,break,4,42.62,0.0,1787703840000
VWAP:2026-08-26:29206.87,VWAP,2026-08-26,exploration,29206.87,16.11,3,5.3707,4,ASIA,below,above,break,6,19.38,-1.87,1787712000000
VWAP:2026-08-26:29206.87,VWAP,2026-08-26,exploration,29206.87,16.11,3,5.3707,5,ASIA,above,above,hold,3,0.0,-18.63,1787715000000
VWAP:2026-08-26:29206.87,VWAP,2026-08-26,exploration,29206.87,16.11,3,5.3707,6,ASIA,above,above,hold,10,3.37,-19.88,1787724960000
VWAP:2026-08-26:29206.87,VWAP,2026-08-26,exploration,29206.87,16.11,3,5.3707,7,LONDON,above,above,hold,1,6.12,-20.13,1787728260000
VWAP:2026-08-26:29206.87,VWAP,2026-08-26,exploration,29206.87,16.11,3,5.3707,8,LONDON,above,,ambiguous_horizon,13,20.62,-3.88,1787729160000
VWAP:2026-08-26:29206.87,VWAP,2026-08-26,exploration,29206.87,16.11,3,5.3707,9,LONDON,below,,ambiguous_horizon,13,12.13,-19.62,1787730420000
VWAP:2026-08-26:29206.87,VWAP,2026-08-26,exploration,29206.87,16.11,3,5.3707,10,LONDON,above,below,break,8,19.87,-21.13,1787732040000
VWAP:2026-08-26:29206.87,VWAP,2026-08-26,exploration,29206.87,16.11,3,5.3707,11,LONDON,below,above,break,4,28.13,-4.37,1787732700000
VWAP:2026-08-26:29206.87,VWAP,2026-08-26,exploration,29206.87,16.11,3,5.3707,12,LONDON,above,,ambiguous_horizon,13,15.87,-13.13,1787735820000
VWAP:2026-08-26:29206.87,VWAP,2026-08-26,exploration,29206.87,16.11,3,5.3707,13,LONDON,above,above,hold,7,0.0,-18.88,1787737320000
VWAP:2026-08-26:29206.87,VWAP,2026-08-26,exploration,29206.87,16.11,3,5.3707,14,LONDON,above,,ambiguous_horizon,13,11.37,-5.63,1787739000000
VWAP:2026-08-26:29206.87,VWAP,2026-08-26,exploration,29206.87,16.11,3,5.3707,15,LONDON,above,above,hold,7,18.37,-21.38,1787740020000
VWAP:2026-08-26:29206.87,VWAP,2026-08-26,exploration,29206.87,16.11,3,5.3707,16,LONDON,above,below,break,10,20.37,-8.38,1787744280000
VWAP:2026-08-26:29206.87,VWAP,2026-08-26,exploration,29206.87,16.11,3,5.3707,17,LONDON,below,above,break,1,20.63,-2.37,1787745000000
VWAP:2026-08-26:29206.87,VWAP,2026-08-26,exploration,29206.87,16.11,3,5.3707,18,LONDON,above,,ambiguous_horizon,13,6.12,-17.38,1787745660000
VWAP:2026-08-26:29206.87,VWAP,2026-08-26,exploration,29206.87,16.11,3,5.3707,19,LONDON,above,above,hold,6,17.12,-19.63,1787746500000
VWAP:2026-08-26:29206.87,VWAP,2026-08-26,exploration,29206.87,16.11,3,5.3707,20,LONDON,above,below,break,1,39.87,-13.38,1787747400000
VWAP:2026-08-26:29206.87,VWAP,2026-08-26,exploration,29206.87,16.11,3,5.3707,21,NY,below,above,break,1,74.13,0.0,1787751000000
VWAP:2026-08-26:29206.87,VWAP,2026-08-26,exploration,29206.87,16.11,3,5.3707,22,NY,above,above,hold,1,0.0,-64.63,1787751300000
VWAP:2026-08-26:29206.87,VWAP,2026-08-26,exploration,29206.87,16.11,3,5.3707,23,NY,above,below,break,4,31.62,-22.63,1787754120000
VWAP:2026-08-26:29206.87,VWAP,2026-08-26,exploration,29206.87,16.11,3,5.3707,24,NY,below,above,break,1,33.13,0.0,1787754960000
VWAP:2026-08-26:29206.87,VWAP,2026-08-26,exploration,29206.87,16.11,3,5.3707,25,NY,above,above,hold,1,0.0,-31.13,1787755560000
VWAP:2026-08-26:29206.87,VWAP,2026-08-26,exploration,29206.87,16.11,3,5.3707,26,NY,above,,ambiguous_horizon,13,16.87,-17.38,1787760000000
VWAP:2026-08-26:29206.87,VWAP,2026-08-26,exploration,29206.87,16.11,3,5.3707,27,NY,below,,ambiguous_horizon,13,11.88,-7.87,1787761200000
VWAP:2026-08-26:29206.87,VWAP,2026-08-26,exploration,29206.87,16.11,3,5.3707,28,NY,above,below,break,2,25.12,0.0,1787762220000
VWAP:2026-08-26:29206.87,VWAP,2026-08-26,exploration,29206.87,16.11,3,5.3707,29,NY,below,above,break,3,21.13,0.0,1787763420000
VWAP+1s:2026-08-26:29240.03,VWAP+1s,2026-08-26,exploration,29240.03,16.11,3,5.3707,1,ASIA,above,,ambiguous_horizon,13,3.78,-7.22,1787700600000
VWAP+1s:2026-08-26:29240.03,VWAP+1s,2026-08-26,exploration,29240.03,16.11,3,5.3707,2,ASIA,below,above,break,10,22.47,-8.53,1787715420000
VWAP+1s:2026-08-26:29240.03,VWAP+1s,2026-08-26,exploration,29240.03,16.11,3,5.3707,3,ASIA,above,below,break,5,23.03,0.0,1787719560000
VWAP+1s:2026-08-26:29240.03,VWAP+1s,2026-08-26,exploration,29240.03,16.11,3,5.3707,4,ASIA,below,above,break,2,17.72,-8.28,1787720400000
VWAP+1s:2026-08-26:29240.03,VWAP+1s,2026-08-26,exploration,29240.03,16.11,3,5.3707,5,ASIA,above,above,hold,4,2.28,-19.72,1787720700000
VWAP+1s:2026-08-26:29240.03,VWAP+1s,2026-08-26,exploration,29240.03,16.11,3,5.3707,6,ASIA,above,,ambiguous_horizon,13,10.03,-8.72,1787721180000
VWAP+1s:2026-08-26:29240.03,VWAP+1s,2026-08-26,exploration,29240.03,16.11,3,5.3707,7,ASIA,above,,ambiguous_horizon,13,14.53,-3.97,1787723160000
VWAP+1s:2026-08-26:29240.03,VWAP+1s,2026-08-26,exploration,29240.03,16.11,3,5.3707,8,ASIA,below,above,break,8,17.72,-11.03,1787726160000
VWAP+1s:2026-08-26:29240.03,VWAP+1s,2026-08-26,exploration,29240.03,16.11,3,5.3707,9,ASIA,above,,ambiguous_horizon,13,8.03,-16.97,1787727180000
VWAP+1s:2026-08-26:29240.03,VWAP+1s,2026-08-26,exploration,29240.03,16.11,3,5.3707,10,LONDON,above,below,break,1,21.78,0.0,1787728020000
VWAP+1s:2026-08-26:29240.03,VWAP+1s,2026-08-26,exploration,29240.03,16.11,3,5.3707,11,LONDON,below,below,hold,6,0.0,-28.03,1787728500000
VWAP+1s:2026-08-26:29240.03,VWAP+1s,2026-08-26,exploration,29240.03,16.11,3,5.3707,12,LONDON,below,below,hold,3,4.47,-22.78,1787731740000
VWAP+1s:2026-08-26:29240.03,VWAP+1s,2026-08-26,exploration,29240.03,16.11,3,5.3707,13,LONDON,below,,ambiguous_horizon,13,10.72,-13.53,1787733180000
VWAP+1s:2026-08-26:29240.03,VWAP+1s,2026-08-26,exploration,29240.03,16.11,3,5.3707,14,LONDON,below,,ambiguous_horizon,13,2.72,-16.28,1787740740000
VWAP+1s:2026-08-26:29240.03,VWAP+1s,2026-08-26,exploration,29240.03,16.11,3,5.3707,15,LONDON,below,above,break,1,24.72,0.0,1787742000000
VWAP+1s:2026-08-26:29240.03,VWAP+1s,2026-08-26,exploration,29240.03,16.11,3,5.3707,16,LONDON,above,above,hold,6,1.53,-27.72,1787742540000
VWAP+1s:2026-08-26:29240.03,VWAP+1s,2026-08-26,exploration,29240.03,16.11,3,5.3707,17,LONDON,above,above,hold,3,0.0,-21.47,1787743680000
VWAP+1s:2026-08-26:29240.03,VWAP+1s,2026-08-26,exploration,29240.03,16.11,3,5.3707,18,LONDON,above,below,break,2,20.53,-0.22,1787744100000
VWAP+1s:2026-08-26:29240.03,VWAP+1s,2026-08-26,exploration,29240.03,16.11,3,5.3707,19,LONDON,below,above,break,2,18.97,-3.53,1787747220000
VWAP+1s:2026-08-26:29240.03,VWAP+1s,2026-08-26,exploration,29240.03,16.11,3,5.3707,20,LONDON,above,below,break,1,73.03,0.0,1787747400000
VWAP+1s:2026-08-26:29240.03,VWAP+1s,2026-08-26,exploration,29240.03,16.11,3,5.3707,21,NY,below,above,break,1,38.22,0.0,1787751060000
VWAP+1s:2026-08-26:29240.03,VWAP+1s,2026-08-26,exploration,29240.03,16.11,3,5.3707,22,NY,above,below,break,2,33.28,-37.97,1787751180000
VWAP+1s:2026-08-26:29240.03,VWAP+1s,2026-08-26,exploration,29240.03,16.11,3,5.3707,23,NY,above,above,hold,1,10.78,-31.47,1787751540000
VWAP+1s:2026-08-26:29240.03,VWAP+1s,2026-08-26,exploration,29240.03,16.11,3,5.3707,24,NY,above,above,hold,1,0.0,-61.47,1787751720000
VWAP+1s:2026-08-26:29240.03,VWAP+1s,2026-08-26,exploration,29240.03,16.11,3,5.3707,25,NY,above,below,break,9,26.03,-24.47,1787753520000
VWAP+1s:2026-08-26:29240.03,VWAP+1s,2026-08-26,exploration,29240.03,16.11,3,5.3707,26,NY,below,above,break,4,27.97,-7.78,1787755680000
VWAP+1s:2026-08-26:29240.03,VWAP+1s,2026-08-26,exploration,29240.03,16.11,3,5.3707,27,NY,above,above,hold,8,4.78,-33.47,1787756040000
VWAP+1s:2026-08-26:29240.03,VWAP+1s,2026-08-26,exploration,29240.03,16.11,3,5.3707,28,NY,above,above,hold,12,17.78,-25.97,1787757360000
VWAP+1s:2026-08-26:29240.03,VWAP+1s,2026-08-26,exploration,29240.03,16.11,3,5.3707,29,NY,above,above,hold,4,19.28,-16.72,1787758380000
VWAP+1s:2026-08-26:29240.03,VWAP+1s,2026-08-26,exploration,29240.03,16.11,3,5.3707,30,NY,above,below,break,8,24.53,-16.47,1787759460000
VWAP+1s:2026-08-26:29240.03,VWAP+1s,2026-08-26,exploration,29240.03,16.11,3,5.3707,31,NY,below,above,break,4,21.97,-6.53,1787764320000
VWAP-1s:2026-08-26:29173.72,VWAP-1s,2026-08-26,exploration,29173.72,16.11,3,5.3707,1,ASIA,above,below,break,7,18.72,-15.03,1787704080000
VWAP-1s:2026-08-26:29173.72,VWAP-1s,2026-08-26,exploration,29173.72,16.11,3,5.3707,2,ASIA,below,above,break,12,24.53,-7.97,1787711160000
VWAP-1s:2026-08-26:29173.72,VWAP-1s,2026-08-26,exploration,29173.72,16.11,3,5.3707,3,LONDON,above,below,break,4,19.97,-14.28,1787747460000
VWAP-1s:2026-08-26:29173.72,VWAP-1s,2026-08-26,exploration,29173.72,16.11,3,5.3707,4,LONDON,below,below,hold,7,14.28,-24.22,1787747940000
VWAP-1s:2026-08-26:29173.72,VWAP-1s,2026-08-26,exploration,29173.72,16.11,3,5.3707,5,LONDON,below,below,hold,4,8.03,-25.72,1787748480000
VWAP-1s:2026-08-26:29173.72,VWAP-1s,2026-08-26,exploration,29173.72,16.11,3,5.3707,6,LONDON,below,below,hold,6,0.0,-20.72,1787750100000
VWAP-1s:2026-08-26:29173.72,VWAP-1s,2026-08-26,exploration,29173.72,16.11,3,5.3707,7,LONDON,below,above,break,1,63.53,0.0,1787750940000
VWAP-1s:2026-08-26:29173.72,VWAP-1s,2026-08-26,exploration,29173.72,16.11,3,5.3707,8,NY,above,above,hold,3,17.47,-25.53,1787754420000
VWAP-1s:2026-08-26:29173.72,VWAP-1s,2026-08-26,exploration,29173.72,16.11,3,5.3707,9,NY,above,above,hold,1,0.0,-19.53,1787762400000
VWAP-1s:2026-08-26:29173.72,VWAP-1s,2026-08-26,exploration,29173.72,16.11,3,5.3707,10,NY,above,above,hold,4,3.72,-25.28,1787762580000
SETTLE:2026-08-26:29296.16,SETTLE,2026-08-26,exploration,29296.16,16.11,3,5.3707,1,ASIA,above,,ambiguous_horizon,13,7.16,-10.34,1787695500000
SETTLE:2026-08-26:29296.16,SETTLE,2026-08-26,exploration,29296.16,16.11,3,5.3707,2,NY,below,below,hold,6,21.34,-28.66,1787751780000
SETTLE:2026-08-26:29296.16,SETTLE,2026-08-26,exploration,29296.16,16.11,3,5.3707,3,NY,below,above,break,2,29.59,-8.16,1787752380000
SETTLE:2026-08-26:29296.16,SETTLE,2026-08-26,exploration,29296.16,16.11,3,5.3707,4,NY,above,below,break,5,31.41,-14.09,1787753100000
SETTLE:2026-08-26:29296.16,SETTLE,2026-08-26,exploration,29296.16,16.11,3,5.3707,5,NY,below,below,hold,5,0.0,-20.41,1787766900000
SETTLE:2026-08-26:29296.16,SETTLE,2026-08-26,exploration,29296.16,16.11,3,5.3707,6,NY,below,,ambiguous_horizon,13,17.34,-7.66,1787769180000
SETTLE:2026-08-26:29296.16,SETTLE,2026-08-26,exploration,29296.16,16.11,3,5.3707,7,NY,above,above,hold,7,15.91,-22.84,1787774040000
SETTLE:2026-08-26:29296.16,SETTLE,2026-08-26,exploration,29296.16,16.11,3,5.3707,8,NY,above,above,hold,1,0.0,-60.09,1787775720000
RND-250:2026-08-26:29250.00,RND-250,2026-08-26,exploration,29250.0,16.11,3,5.3707,1,ASIA,above,,ambiguous_horizon,13,19.0,-3.25,1787700360000
RND-250:2026-08-26:29250.00,RND-250,2026-08-26,exploration,29250.0,16.11,3,5.3707,2,ASIA,below,above,break,4,17.25,0.0,1787715960000
RND-250:2026-08-26:29250.00,RND-250,2026-08-26,exploration,29250.0,16.11,3,5.3707,3,ASIA,above,below,break,2,18.25,-2.0,1787719440000
RND-250:2026-08-26:29250.00,RND-250,2026-08-26,exploration,29250.0,16.11,3,5.3707,4,ASIA,below,,ambiguous_horizon,13,9.75,-14.75,1787720460000
RND-250:2026-08-26:29250.00,RND-250,2026-08-26,exploration,29250.0,16.11,3,5.3707,5,ASIA,below,,ambiguous_horizon,13,12.5,-8.5,1787722200000
RND-250:2026-08-26:29250.00,RND-250,2026-08-26,exploration,29250.0,16.11,3,5.3707,6,ASIA,below,below,hold,8,0.0,-20.0,1787723040000
RND-250:2026-08-26:29250.00,RND-250,2026-08-26,exploration,29250.0,16.11,3,5.3707,7,ASIA,below,above,break,4,19.5,-4.5,1787726520000
RND-250:2026-08-26:29250.00,RND-250,2026-08-26,exploration,29250.0,16.11,3,5.3707,8,ASIA,above,,ambiguous_horizon,13,18.0,-7.0,1787727060000
RND-250:2026-08-26:29250.00,RND-250,2026-08-26,exploration,29250.0,16.11,3,5.3707,9,LONDON,above,below,break,1,21.25,0.0,1787727960000
RND-250:2026-08-26:29250.00,RND-250,2026-08-26,exploration,29250.0,16.11,3,5.3707,10,LONDON,below,below,hold,5,0.0,-18.5,1787733720000
RND-250:2026-08-26:29250.00,RND-250,2026-08-26,exploration,29250.0,16.11,3,5.3707,11,LONDON,below,,ambiguous_horizon,13,14.75,-14.0,1787742000000
RND-250:2026-08-26:29250.00,RND-250,2026-08-26,exploration,29250.0,16.11,3,5.3707,12,LONDON,above,,ambiguous_horizon,13,15.75,-12.25,1787743200000
RND-250:2026-08-26:29250.00,RND-250,2026-08-26,exploration,29250.0,16.11,3,5.3707,13,LONDON,below,below,hold,2,20.0,-47.75,1787747280000
RND-250:2026-08-26:29250.00,RND-250,2026-08-26,exploration,29250.0,16.11,3,5.3707,14,NY,below,below,hold,4,28.25,-43.25,1787751060000
RND-250:2026-08-26:29250.00,RND-250,2026-08-26,exploration,29250.0,16.11,3,5.3707,15,NY,below,above,break,3,51.5,-26.75,1787751600000
RND-250:2026-08-26:29250.00,RND-250,2026-08-26,exploration,29250.0,16.11,3,5.3707,16,NY,above,below,break,9,36.0,-14.5,1787753520000
RND-250:2026-08-26:29250.00,RND-250,2026-08-26,exploration,29250.0,16.11,3,5.3707,17,NY,below,above,break,12,23.5,-14.75,1787755800000
RND-250:2026-08-26:29250.00,RND-250,2026-08-26,exploration,29250.0,16.11,3,5.3707,18,NY,above,below,break,3,27.75,-8.5,1787757240000
RND-250:2026-08-26:29250.00,RND-250,2026-08-26,exploration,29250.0,16.11,3,5.3707,19,NY,below,,ambiguous_horizon,13,17.0,-16.25,1787757600000
RND-250:2026-08-26:29250.00,RND-250,2026-08-26,exploration,29250.0,16.11,3,5.3707,20,NY,below,above,break,3,20.0,-5.75,1787758620000
RND-250:2026-08-26:29250.00,RND-250,2026-08-26,exploration,29250.0,16.11,3,5.3707,21,NY,above,below,break,4,18.25,-6.5,1787759460000
RND-250:2026-08-26:29250.00,RND-250,2026-08-26,exploration,29250.0,16.11,3,5.3707,22,NY,below,above,break,9,20.0,-3.25,1787764500000
PDH:2026-08-27:29437.25,PDH,2026-08-27,exploration,29437.25,16.11,3,5.3707,1,ASIA,above,above,hold,2,5.0,-26.75,1787792400000
PDH:2026-08-27:29437.25,PDH,2026-08-27,exploration,29437.25,16.11,3,5.3707,2,ASIA,above,below,break,9,18.5,-3.75,1787810100000
PDH:2026-08-27:29437.25,PDH,2026-08-27,exploration,29437.25,16.11,3,5.3707,3,ASIA,below,,ambiguous_horizon,13,11.0,-6.0,1787811300000
PDH:2026-08-27:29437.25,PDH,2026-08-27,exploration,29437.25,16.11,3,5.3707,4,NY,above,above,hold,1,3.75,-25.5,1787839020000
PDC:2026-08-27:29431.00,PDC,2026-08-27,exploration,29431.0,16.11,3,5.3707,1,ASIA,above,below,break,11,25.0,-10.0,1787810160000
PDC:2026-08-27:29431.00,PDC,2026-08-27,exploration,29431.0,16.11,3,5.3707,2,ASIA,below,,ambiguous_horizon,13,18.5,0.0,1787811240000
PDC:2026-08-27:29431.00,PDC,2026-08-27,exploration,29431.0,16.11,3,5.3707,3,NY,above,above,hold,1,0.0,-31.75,1787839020000
ONH:2026-08-27:29661.25,ONH,2026-08-27,exploration,29661.25,16.11,3,5.3707,1,LONDON,below,below,hold,1,0.0,-24.5,1787820660000
ONH:2026-08-27:29661.25,ONH,2026-08-27,exploration,29661.25,16.11,3,5.3707,2,NY,below,,ambiguous_horizon,13,17.0,-13.5,1787850060000
ONH:2026-08-27:29661.25,ONH,2026-08-27,exploration,29661.25,16.11,3,5.3707,3,NY,above,below,break,9,19.75,-16.75,1787851080000
ONH:2026-08-27:29661.25,ONH,2026-08-27,exploration,29661.25,16.11,3,5.3707,4,NY,below,above,break,2,23.75,-1.75,1787860320000
ONH:2026-08-27:29661.25,ONH,2026-08-27,exploration,29661.25,16.11,3,5.3707,5,NY,above,,ambiguous_horizon,13,14.5,-18.0,1787861100000
ONL:2026-08-27:29402.25,ONL,2026-08-27,exploration,29402.25,16.11,3,5.3707,1,ASIA,above,above,hold,1,0.0,-20.75,1787811120000
RTH-H:2026-08-27:29707.50,RTH-H,2026-08-27,exploration,29707.5,16.11,3,5.3707,1,NY,below,below,hold,1,0.0,-23.75,1787860800000
RTH-L:2026-08-27:29424.00,RTH-L,2026-08-27,exploration,29424.0,16.11,3,5.3707,1,ASIA,above,below,break,5,19.75,-13.5,1787810580000
RTH-L:2026-08-27:29424.00,RTH-L,2026-08-27,exploration,29424.0,16.11,3,5.3707,2,ASIA,below,above,break,4,25.5,0.0,1787811240000
RTH-L:2026-08-27:29424.00,RTH-L,2026-08-27,exploration,29424.0,16.11,3,5.3707,3,NY,above,above,hold,1,0.0,-38.75,1787839020000
OR30-H:2026-08-27:29587.00,OR30-H,2026-08-27,exploration,29587.0,16.11,3,5.3707,1,ASIA,below,,ambiguous_horizon,13,15.75,-8.75,1787782680000
OR30-H:2026-08-27:29587.00,OR30-H,2026-08-27,exploration,29587.0,16.11,3,5.3707,2,ASIA,above,above,hold,8,1.75,-19.75,1787786160000
OR30-H:2026-08-27:29587.00,OR30-H,2026-08-27,exploration,29587.0,16.11,3,5.3707,3,ASIA,above,below,break,4,23.25,-6.75,1787789580000
OR30-H:2026-08-27:29587.00,OR30-H,2026-08-27,exploration,29587.0,16.11,3,5.3707,4,LONDON,below,above,break,6,28.75,-4.25,1787817960000
OR30-H:2026-08-27:29587.00,OR30-H,2026-08-27,exploration,29587.0,16.11,3,5.3707,5,LONDON,above,above,hold,3,0.25,-21.75,1787821500000
OR30-H:2026-08-27:29587.00,OR30-H,2026-08-27,exploration,29587.0,16.11,3,5.3707,6,LONDON,above,above,hold,10,20.0,-22.0,1787822040000
OR30-H:2026-08-27:29587.00,OR30-H,2026-08-27,exploration,29587.0,16.11,3,5.3707,7,LONDON,above,above,hold,8,4.5,-19.75,1787824920000
OR30-H:2026-08-27:29587.00,OR30-H,2026-08-27,exploration,29587.0,16.11,3,5.3707,8,LONDON,above,,ambiguous_horizon,13,8.5,-17.75,1787825520000
OR30-H:2026-08-27:29587.00,OR30-H,2026-08-27,exploration,29587.0,16.11,3,5.3707,9,LONDON,below,,ambiguous_horizon,13,0.0,-16.75,1787826360000
OR30-H:2026-08-27:29587.00,OR30-H,2026-08-27,exploration,29587.0,16.11,3,5.3707,10,LONDON,below,,ambiguous_horizon,13,16.0,-19.0,1787827200000
OR30-H:2026-08-27:29587.00,OR30-H,2026-08-27,exploration,29587.0,16.11,3,5.3707,11,LONDON,above,above,hold,3,11.25,-20.25,1787828460000
OR30-H:2026-08-27:29587.00,OR30-H,2026-08-27,exploration,29587.0,16.11,3,5.3707,12,LONDON,above,above,hold,1,0.0,-25.0,1787828880000
OR30-H:2026-08-27:29587.00,OR30-H,2026-08-27,exploration,29587.0,16.11,3,5.3707,13,LONDON,above,below,break,8,18.0,-12.75,1787829660000
OR30-H:2026-08-27:29587.00,OR30-H,2026-08-27,exploration,29587.0,16.11,3,5.3707,14,LONDON,below,below,hold,1,0.0,-36.75,1787830260000
OR30-H:2026-08-27:29587.00,OR30-H,2026-08-27,exploration,29587.0,16.11,3,5.3707,15,LONDON,below,,ambiguous_horizon,13,2.25,-21.0,1787832720000
OR30-H:2026-08-27:29587.00,OR30-H,2026-08-27,exploration,29587.0,16.11,3,5.3707,16,NY,below,below,hold,1,2.5,-103.5,1787837400000
OR30-H:2026-08-27:29587.00,OR30-H,2026-08-27,exploration,29587.0,16.11,3,5.3707,17,NY,below,below,hold,2,18.0,-33.75,1787838240000
OR30-H:2026-08-27:29587.00,OR30-H,2026-08-27,exploration,29587.0,16.11,3,5.3707,18,NY,below,below,hold,2,1.25,-29.0,1787840040000
OR30-H:2026-08-27:29587.00,OR30-H,2026-08-27,exploration,29587.0,16.11,3,5.3707,19,NY,above,below,break,9,44.0,-17.5,1787841000000
OR30-H:2026-08-27:29587.00,OR30-H,2026-08-27,exploration,29587.0,16.11,3,5.3707,20,NY,below,below,hold,6,21.25,-36.0,1787842140000
OR30-H:2026-08-27:29587.00,OR30-H,2026-08-27,exploration,29587.0,16.11,3,5.3707,21,NY,below,above,break,3,21.5,-11.25,1787842620000
OR30-H:2026-08-27:29587.00,OR30-H,2026-08-27,exploration,29587.0,16.11,3,5.3707,22,NY,above,below,break,10,23.75,-11.5,1787844300000
OR30-H:2026-08-27:29587.00,OR30-H,2026-08-27,exploration,29587.0,16.11,3,5.3707,23,NY,below,above,break,2,23.0,-3.75,1787845920000
OR30-H:2026-08-27:29587.00,OR30-H,2026-08-27,exploration,29587.0,16.11,3,5.3707,24,NY,above,,ambiguous_horizon,13,17.0,-16.0,1787847060000
OR30-H:2026-08-27:29587.00,OR30-H,2026-08-27,exploration,29587.0,16.11,3,5.3707,25,NY,below,above,break,1,21.5,0.0,1787848020000
OR30-H:2026-08-27:29587.00,OR30-H,2026-08-27,exploration,29587.0,16.11,3,5.3707,26,NY,above,below,break,12,19.75,-5.0,1787853660000
OR30-H:2026-08-27:29587.00,OR30-H,2026-08-27,exploration,29587.0,16.11,3,5.3707,27,NY,below,below,hold,4,0.0,-22.75,1787854740000
OR30-H:2026-08-27:29587.00,OR30-H,2026-08-27,exploration,29587.0,16.11,3,5.3707,28,NY,below,above,break,11,19.75,-15.25,1787857440000
OR30-L:2026-08-27:29502.75,OR30-L,2026-08-27,exploration,29502.75,16.11,3,5.3707,1,ASIA,above,below,break,2,26.5,-5.5,1787791320000
OR30-L:2026-08-27:29502.75,OR30-L,2026-08-27,exploration,29502.75,16.11,3,5.3707,2,ASIA,below,above,break,6,18.25,-7.0,1787793960000
OR30-L:2026-08-27:29502.75,OR30-L,2026-08-27,exploration,29502.75,16.11,3,5.3707,3,ASIA,above,above,hold,4,11.25,-28.0,1787795040000
OR30-L:2026-08-27:29502.75,OR30-L,2026-08-27,exploration,29502.75,16.11,3,5.3707,4,ASIA,above,above,hold,7,2.25,-18.25,1787805600000
OR30-L:2026-08-27:29502.75,OR30-L,2026-08-27,exploration,29502.75,16.11,3,5.3707,5,ASIA,above,,ambiguous_horizon,13,17.5,-7.75,1787806140000
OR30-L:2026-08-27:29502.75,OR30-L,2026-08-27,exploration,29502.75,16.11,3,5.3707,6,LONDON,below,above,break,5,20.5,-7.5,1787814180000
OR30-L:2026-08-27:29502.75,OR30-L,2026-08-27,exploration,29502.75,16.11,3,5.3707,7,LONDON,above,above,hold,7,2.25,-18.0,1787816580000
OR30-L:2026-08-27:29502.75,OR30-L,2026-08-27,exploration,29502.75,16.11,3,5.3707,8,NY,above,below,break,2,29.0,-86.75,1787837400000
OR30-L:2026-08-27:29502.75,OR30-L,2026-08-27,exploration,29502.75,16.11,3,5.3707,9,NY,below,below,hold,1,0.0,-50.25,1787837580000
OR30-L:2026-08-27:29502.75,OR30-L,2026-08-27,exploration,29502.75,16.11,3,5.3707,10,NY,below,above,break,2,42.75,-18.75,1787838000000
OR30-L:2026-08-27:29502.75,OR30-L,2026-08-27,exploration,29502.75,16.11,3,5.3707,11,NY,above,below,break,2,51.0,-5.25,1787838420000
OR30-L:2026-08-27:29502.75,OR30-L,2026-08-27,exploration,29502.75,16.11,3,5.3707,12,NY,below,above,break,1,52.0,0.0,1787838600000
OR30-L:2026-08-27:29502.75,OR30-L,2026-08-27,exploration,29502.75,16.11,3,5.3707,13,NY,above,below,break,1,38.25,-19.25,1787838900000
OR30-L:2026-08-27:29502.75,OR30-L,2026-08-27,exploration,29502.75,16.11,3,5.3707,14,NY,below,above,break,1,22.25,-9.0,1787839200000
OR30-L:2026-08-27:29502.75,OR30-L,2026-08-27,exploration,29502.75,16.11,3,5.3707,15,NY,above,above,hold,1,0.0,-40.0,1787839620000
VWAP:2026-08-27:29548.67,VWAP,2026-08-27,exploration,29548.67,16.11,3,5.3707,1,ASIA,below,above,break,3,26.83,0.0,1787781660000
VWAP:2026-08-27:29548.67,VWAP,2026-08-27,exploration,29548.67,16.11,3,5.3707,2,ASIA,above,below,break,4,31.17,0.0,1787790720000
VWAP:2026-08-27:29548.67,VWAP,2026-08-27,exploration,29548.67,16.11,3,5.3707,3,ASIA,below,below,hold,5,5.58,-22.67,1787795640000
VWAP:2026-08-27:29548.67,VWAP,2026-08-27,exploration,29548.67,16.11,3,5.3707,4,ASIA,below,below,hold,12,8.08,-17.17,1787797860000
VWAP:2026-08-27:29548.67,VWAP,2026-08-27,exploration,29548.67,16.11,3,5.3707,5,ASIA,below,,ambiguous_horizon,13,11.58,-5.17,1787799000000
VWAP:2026-08-27:29548.67,VWAP,2026-08-27,exploration,29548.67,16.11,3,5.3707,6,ASIA,above,below,break,6,18.67,0.0,1787799960000
VWAP:2026-08-27:29548.67,VWAP,2026-08-27,exploration,29548.67,16.11,3,5.3707,7,ASIA,below,above,break,9,24.83,-7.67,1787800500000
VWAP:2026-08-27:29548.67,VWAP,2026-08-27,exploration,29548.67,16.11,3,5.3707,8,ASIA,above,,ambiguous_horizon,13,14.17,-6.33,1787801880000
VWAP:2026-08-27:29548.67,VWAP,2026-08-27,exploration,29548.67,16.11,3,5.3707,9,ASIA,below,below,hold,9,2.33,-20.67,1787802960000
VWAP:2026-08-27:29548.67,VWAP,2026-08-27,exploration,29548.67,16.11,3,5.3707,10,ASIA,below,below,hold,11,3.08,-20.42,1787804280000
VWAP:2026-08-27:29548.67,VWAP,2026-08-27,exploration,29548.67,16.11,3,5.3707,11,LONDON,below,below,hold,7,1.08,-22.17,1787815740000
VWAP:2026-08-27:29548.67,VWAP,2026-08-27,exploration,29548.67,16.11,3,5.3707,12,LONDON,below,above,break,1,18.83,-9.42,1787817600000
VWAP:2026-08-27:29548.67,VWAP,2026-08-27,exploration,29548.67,16.11,3,5.3707,13,LONDON,above,below,break,10,18.67,-19.08,1787830620000
VWAP:2026-08-27:29548.67,VWAP,2026-08-27,exploration,29548.67,16.11,3,5.3707,14,LONDON,below,above,break,3,20.58,0.0,1787831880000
VWAP:2026-08-27:29548.67,VWAP,2026-08-27,exploration,29548.67,16.11,3,5.3707,15,LONDON,above,below,break,4,21.92,0.0,1787834640000
VWAP:2026-08-27:29548.67,VWAP,2026-08-27,exploration,29548.67,16.11,3,5.3707,16,LONDON,below,,ambiguous_horizon,13,22.33,-8.17,1787835840000
VWAP:2026-08-27:29548.67,VWAP,2026-08-27,exploration,29548.67,16.11,3,5.3707,17,LONDON,above,below,break,10,22.17,-13.33,1787836680000
VWAP:2026-08-27:29548.67,VWAP,2026-08-27,exploration,29548.67,16.11,3,5.3707,18,NY,below,below,hold,1,40.83,-65.17,1787837400000
VWAP:2026-08-27:29548.67,VWAP,2026-08-27,exploration,29548.67,16.11,3,5.3707,19,NY,below,above,break,1,49.83,0.0,1787838240000
VWAP:2026-08-27:29548.67,VWAP,2026-08-27,exploration,29548.67,16.11,3,5.3707,20,NY,above,below,break,1,66.42,0.0,1787838420000
VWAP:2026-08-27:29548.67,VWAP,2026-08-27,exploration,29548.67,16.11,3,5.3707,21,NY,below,below,hold,4,18.83,-48.17,1787838660000
VWAP:2026-08-27:29548.67,VWAP,2026-08-27,exploration,29548.67,16.11,3,5.3707,22,NY,below,below,hold,2,9.33,-36.17,1787839440000
VWAP:2026-08-27:29548.67,VWAP,2026-08-27,exploration,29548.67,16.11,3,5.3707,23,NY,below,above,break,2,27.83,0.0,1787839800000
VWAP:2026-08-27:29548.67,VWAP,2026-08-27,exploration,29548.67,16.11,3,5.3707,24,NY,above,above,hold,9,16.92,-29.08,1787841540000
VWAP:2026-08-27:29548.67,VWAP,2026-08-27,exploration,29548.67,16.11,3,5.3707,25,NY,above,above,hold,2,0.0,-24.08,1787845140000
VWAP:2026-08-27:29548.67,VWAP,2026-08-27,exploration,29548.67,16.11,3,5.3707,26,NY,above,below,break,2,33.67,0.0,1787845380000
VWAP:2026-08-27:29548.67,VWAP,2026-08-27,exploration,29548.67,16.11,3,5.3707,27,NY,below,above,break,1,24.33,-2.42,1787845800000
VWAP:2026-08-27:29548.67,VWAP,2026-08-27,exploration,29548.67,16.11,3,5.3707,28,NY,above,above,hold,5,22.17,-23.58,1787855220000
VWAP:2026-08-27:29548.67,VWAP,2026-08-27,exploration,29548.67,16.11,3,5.3707,29,NY,above,above,hold,5,5.67,-23.58,1787855580000
VWAP:2026-08-27:29548.67,VWAP,2026-08-27,exploration,29548.67,16.11,3,5.3707,30,NY,above,above,hold,8,4.42,-28.58,1787856600000
VWAP+1s:2026-08-27:29608.31,VWAP+1s,2026-08-27,exploration,29608.31,16.11,3,5.3707,1,ASIA,below,,ambiguous_horizon,13,9.44,-11.81,1787783700000
VWAP+1s:2026-08-27:29608.31,VWAP+1s,2026-08-27,exploration,29608.31,16.11,3,5.3707,2,ASIA,above,,ambiguous_horizon,13,9.06,-6.44,1787784780000
VWAP+1s:2026-08-27:29608.31,VWAP+1s,2026-08-27,exploration,29608.31,16.11,3,5.3707,3,ASIA,below,,ambiguous_horizon,13,4.19,-17.56,1787786700000
VWAP+1s:2026-08-27:29608.31,VWAP+1s,2026-08-27,exploration,29608.31,16.11,3,5.3707,4,ASIA,below,above,break,11,18.44,-4.06,1787787660000
VWAP+1s:2026-08-27:29608.31,VWAP+1s,2026-08-27,exploration,29608.31,16.11,3,5.3707,5,ASIA,above,below,break,2,17.81,-3.69,1787789340000
VWAP+1s:2026-08-27:29608.31,VWAP+1s,2026-08-27,exploration,29608.31,16.11,3,5.3707,6,LONDON,below,,ambiguous_horizon,13,15.94,-11.31,1787818320000
VWAP+1s:2026-08-27:29608.31,VWAP+1s,2026-08-27,exploration,29608.31,16.11,3,5.3707,7,LONDON,above,below,break,2,18.31,0.0,1787821320000
VWAP+1s:2026-08-27:29608.31,VWAP+1s,2026-08-27,exploration,29608.31,16.11,3,5.3707,8,LONDON,below,below,hold,6,4.69,-25.56,1787821680000
VWAP+1s:2026-08-27:29608.31,VWAP+1s,2026-08-27,exploration,29608.31,16.11,3,5.3707,9,LONDON,below,,ambiguous_horizon,13,15.69,-13.56,1787822640000
VWAP+1s:2026-08-27:29608.31,VWAP+1s,2026-08-27,exploration,29608.31,16.11,3,5.3707,10,LONDON,above,above,hold,2,0.0,-21.44,1787824200000
VWAP+1s:2026-08-27:29608.31,VWAP+1s,2026-08-27,exploration,29608.31,16.11,3,5.3707,11,LONDON,above,below,break,7,21.31,-5.94,1787824500000
VWAP+1s:2026-08-27:29608.31,VWAP+1s,2026-08-27,exploration,29608.31,16.11,3,5.3707,12,LONDON,below,,ambiguous_horizon,13,21.94,-22.06,1787828700000
VWAP+1s:2026-08-27:29608.31,VWAP+1s,2026-08-27,exploration,29608.31,16.11,3,5.3707,13,NY,below,below,hold,3,8.44,-45.81,1787840820000
VWAP+1s:2026-08-27:29608.31,VWAP+1s,2026-08-27,exploration,29608.31,16.11,3,5.3707,14,NY,below,,ambiguous_horizon,13,19.69,-17.56,1787842800000
VWAP+1s:2026-08-27:29608.31,VWAP+1s,2026-08-27,exploration,29608.31,16.11,3,5.3707,15,NY,above,below,break,2,25.56,-6.19,1787844180000
VWAP+1s:2026-08-27:29608.31,VWAP+1s,2026-08-27,exploration,29608.31,16.11,3,5.3707,16,NY,below,,ambiguous_horizon,13,15.69,-15.56,1787846040000
VWAP+1s:2026-08-27:29608.31,VWAP+1s,2026-08-27,exploration,29608.31,16.11,3,5.3707,17,NY,below,above,break,9,25.69,-9.56,1787848080000
VWAP+1s:2026-08-27:29608.31,VWAP+1s,2026-08-27,exploration,29608.31,16.11,3,5.3707,18,NY,above,below,break,3,25.31,-13.94,1787853480000
VWAP+1s:2026-08-27:29608.31,VWAP+1s,2026-08-27,exploration,29608.31,16.11,3,5.3707,19,NY,below,,ambiguous_horizon,13,5.44,-15.56,1787858160000
VWAP+1s:2026-08-27:29608.31,VWAP+1s,2026-08-27,exploration,29608.31,16.11,3,5.3707,20,NY,below,above,break,4,20.94,0.0,1787859060000
VWAP-1s:2026-08-27:29489.02,VWAP-1s,2026-08-27,exploration,29489.02,16.11,3,5.3707,1,ASIA,above,below,break,1,25.02,0.0,1787791440000
VWAP-1s:2026-08-27:29489.02,VWAP-1s,2026-08-27,exploration,29489.02,16.11,3,5.3707,2,ASIA,below,below,hold,3,0.0,-37.02,1787793000000
VWAP-1s:2026-08-27:29489.02,VWAP-1s,2026-08-27,exploration,29489.02,16.11,3,5.3707,3,ASIA,below,above,break,5,20.48,-5.52,1787793660000
VWAP-1s:2026-08-27:29489.02,VWAP-1s,2026-08-27,exploration,29489.02,16.11,3,5.3707,4,ASIA,above,,ambiguous_horizon,13,16.52,-3.98,1787806860000
VWAP-1s:2026-08-27:29489.02,VWAP-1s,2026-08-27,exploration,29489.02,16.11,3,5.3707,5,ASIA,below,,ambiguous_horizon,13,7.98,-11.52,1787813040000
VWAP-1s:2026-08-27:29489.02,VWAP-1s,2026-08-27,exploration,29489.02,16.11,3,5.3707,6,LONDON,above,above,hold,4,12.02,-19.23,1787814000000
VWAP-1s:2026-08-27:29489.02,VWAP-1s,2026-08-27,exploration,29489.02,16.11,3,5.3707,7,NY,above,below,break,3,36.52,-31.98,1787837460000
VWAP-1s:2026-08-27:29489.02,VWAP-1s,2026-08-27,exploration,29489.02,16.11,3,5.3707,8,NY,below,above,break,1,29.98,-1.52,1787837940000
VWAP-1s:2026-08-27:29489.02,VWAP-1s,2026-08-27,exploration,29489.02,16.11,3,5.3707,9,NY,above,above,hold,1,0.0,-51.73,1787838120000
VWAP-1s:2026-08-27:29489.02,VWAP-1s,2026-08-27,exploration,29489.02,16.11,3,5.3707,10,NY,above,above,hold,3,37.27,-57.23,1787838420000
VWAP-1s:2026-08-27:29489.02,VWAP-1s,2026-08-27,exploration,29489.02,16.11,3,5.3707,11,NY,above,below,break,1,65.02,0.0,1787838960000
VWAP-1s:2026-08-27:29489.02,VWAP-1s,2026-08-27,exploration,29489.02,16.11,3,5.3707,12,NY,below,above,break,1,35.98,0.0,1787839200000
SETTLE:2026-08-27:29695.53,SETTLE,2026-08-27,exploration,29695.53,16.11,3,5.3707,1,NY,below,below,hold,4,11.97,-19.78,1787860680000
RND-500:2026-08-27:29500.00,RND-500,2026-08-27,exploration,29500.0,16.11,3,5.3707,1,ASIA,above,below,break,2,23.75,-8.25,1787791320000
RND-500:2026-08-27:29500.00,RND-500,2026-08-27,exploration,29500.0,16.11,3,5.3707,2,ASIA,below,above,break,6,21.0,-4.25,1787793960000
RND-500:2026-08-27:29500.00,RND-500,2026-08-27,exploration,29500.0,16.11,3,5.3707,3,ASIA,above,above,hold,4,8.5,-30.75,1787795040000
RND-500:2026-08-27:29500.00,RND-500,2026-08-27,exploration,29500.0,16.11,3,5.3707,4,ASIA,above,above,hold,6,0.0,-16.25,1787805600000
RND-500:2026-08-27:29500.00,RND-500,2026-08-27,exploration,29500.0,16.11,3,5.3707,5,ASIA,above,,ambiguous_horizon,13,14.75,-10.5,1787806140000
RND-500:2026-08-27:29500.00,RND-500,2026-08-27,exploration,29500.0,16.11,3,5.3707,6,ASIA,below,below,hold,2,0.0,-23.0,1787813940000
RND-500:2026-08-27:29500.00,RND-500,2026-08-27,exploration,29500.0,16.11,3,5.3707,7,LONDON,below,above,break,3,19.75,-4.75,1787814120000
RND-500:2026-08-27:29500.00,RND-500,2026-08-27,exploration,29500.0,16.11,3,5.3707,8,LONDON,above,above,hold,7,0.0,-20.75,1787816580000
RND-500:2026-08-27:29500.00,RND-500,2026-08-27,exploration,29500.0,16.11,3,5.3707,9,NY,above,below,break,3,47.5,-21.0,1787837460000
RND-500:2026-08-27:29500.00,RND-500,2026-08-27,exploration,29500.0,16.11,3,5.3707,10,NY,below,above,break,2,45.5,-16.0,1787838000000
RND-500:2026-08-27:29500.00,RND-500,2026-08-27,exploration,29500.0,16.11,3,5.3707,11,NY,above,below,break,2,48.25,-8.0,1787838420000
RND-500:2026-08-27:29500.00,RND-500,2026-08-27,exploration,29500.0,16.11,3,5.3707,12,NY,above,below,break,1,76.0,0.0,1787838960000
RND-500:2026-08-27:29500.00,RND-500,2026-08-27,exploration,29500.0,16.11,3,5.3707,13,NY,below,above,break,1,25.0,-6.25,1787839200000
PDH:2026-08-28:29707.50,PDH,2026-08-28,holdout,29707.5,16.11,3,5.3707,1,NY,below,below,hold,1,0.0,-66.25,1787925600000
PDH:2026-08-28:29707.50,PDH,2026-08-28,holdout,29707.5,16.11,3,5.3707,2,NY,below,below,hold,1,0.0,-28.25,1787927880000
PDH:2026-08-28:29707.50,PDH,2026-08-28,holdout,29707.5,16.11,3,5.3707,3,NY,below,above,break,2,36.5,-3.25,1787928120000
PDH:2026-08-28:29707.50,PDH,2026-08-28,holdout,29707.5,16.11,3,5.3707,4,NY,above,below,break,2,45.25,0.0,1787931600000
PDC:2026-08-28:29635.25,PDC,2026-08-28,holdout,29635.25,16.11,3,5.3707,1,ASIA,below,,ambiguous_horizon,13,5.5,-13.75,1787869320000
PDC:2026-08-28:29635.25,PDC,2026-08-28,holdout,29635.25,16.11,3,5.3707,2,ASIA,below,,ambiguous_horizon,13,2.5,-7.5,1787870280000
PDC:2026-08-28:29635.25,PDC,2026-08-28,holdout,29635.25,16.11,3,5.3707,3,ASIA,below,,ambiguous_horizon,13,4.75,-11.5,1787871360000
PDC:2026-08-28:29635.25,PDC,2026-08-28,holdout,29635.25,16.11,3,5.3707,4,ASIA,below,above,break,4,20.75,-0.75,1787875800000
PDC:2026-08-28:29635.25,PDC,2026-08-28,holdout,29635.25,16.11,3,5.3707,5,ASIA,above,above,hold,2,3.75,-21.25,1787876160000
PDC:2026-08-28:29635.25,PDC,2026-08-28,holdout,29635.25,16.11,3,5.3707,6,ASIA,above,above,hold,3,2.0,-24.75,1787877540000
PDC:2026-08-28:29635.25,PDC,2026-08-28,holdout,29635.25,16.11,3,5.3707,7,ASIA,above,,ambiguous_horizon,13,10.25,-9.0,1787893020000
PDC:2026-08-28:29635.25,PDC,2026-08-28,holdout,29635.25,16.11,3,5.3707,8,ASIA,below,below,hold,12,18.0,-24.75,1787900160000
PDC:2026-08-28:29635.25,PDC,2026-08-28,holdout,29635.25,16.11,3,5.3707,9,LONDON,below,below,hold,12,5.5,-19.75,1787916180000
PDC:2026-08-28:29635.25,PDC,2026-08-28,holdout,29635.25,16.11,3,5.3707,10,LONDON,below,above,break,5,18.75,-4.0,1787919360000
PDC:2026-08-28:29635.25,PDC,2026-08-28,holdout,29635.25,16.11,3,5.3707,11,LONDON,above,below,break,4,19.75,-4.75,1787920260000
PDC:2026-08-28:29635.25,PDC,2026-08-28,holdout,29635.25,16.11,3,5.3707,12,LONDON,below,above,break,4,23.75,-5.75,1787920680000
PDC:2026-08-28:29635.25,PDC,2026-08-28,holdout,29635.25,16.11,3,5.3707,13,LONDON,above,below,break,5,38.5,-11.0,1787923500000
PDC:2026-08-28:29635.25,PDC,2026-08-28,holdout,29635.25,16.11,3,5.3707,14,NY,below,above,break,2,24.5,-15.0,1787924220000
PDC:2026-08-28:29635.25,PDC,2026-08-28,holdout,29635.25,16.11,3,5.3707,15,NY,above,above,hold,7,9.75,-23.25,1787925060000
PDC:2026-08-28:29635.25,PDC,2026-08-28,holdout,29635.25,16.11,3,5.3707,16,NY,above,above,hold,1,32.5,-72.25,1787925540000
PDC:2026-08-28:29635.25,PDC,2026-08-28,holdout,29635.25,16.11,3,5.3707,17,NY,above,below,break,1,26.5,-23.25,1787925720000
PDC:2026-08-28:29635.25,PDC,2026-08-28,holdout,29635.25,16.11,3,5.3707,18,NY,below,above,break,2,40.5,-18.0,1787926800000
PDC:2026-08-28:29635.25,PDC,2026-08-28,holdout,29635.25,16.11,3,5.3707,19,NY,above,below,break,3,31.0,-19.25,1787927040000
PDC:2026-08-28:29635.25,PDC,2026-08-28,holdout,29635.25,16.11,3,5.3707,20,NY,above,below,break,3,35.25,-11.75,1787932080000
ONH:2026-08-28:29682.25,ONH,2026-08-28,holdout,29682.25,16.11,3,5.3707,1,ASIA,below,,ambiguous_horizon,13,17.25,0.0,1787882400000
ONH:2026-08-28:29682.25,ONH,2026-08-28,holdout,29682.25,16.11,3,5.3707,2,ASIA,above,below,break,10,22.25,-5.25,1787884200000
ONH:2026-08-28:29682.25,ONH,2026-08-28,holdout,29682.25,16.11,3,5.3707,3,ASIA,below,above,break,8,19.25,-5.5,1787886240000
ONH:2026-08-28:29682.25,ONH,2026-08-28,holdout,29682.25,16.11,3,5.3707,4,ASIA,above,below,break,6,22.0,-3.5,1787888100000
ONH:2026-08-28:29682.25,ONH,2026-08-28,holdout,29682.25,16.11,3,5.3707,5,LONDON,below,below,hold,2,0.0,-18.75,1787922120000
ONH:2026-08-28:29682.25,ONH,2026-08-28,holdout,29682.25,16.11,3,5.3707,6,NY,below,below,hold,9,21.75,-28.5,1787924400000
ONH:2026-08-28:29682.25,ONH,2026-08-28,holdout,29682.25,16.11,3,5.3707,7,NY,below,below,hold,1,5.75,-41.0,1787925600000
ONH:2026-08-28:29682.25,ONH,2026-08-28,holdout,29682.25,16.11,3,5.3707,8,NY,below,above,break,4,30.75,-10.75,1787927640000
ONH:2026-08-28:29682.25,ONH,2026-08-28,holdout,29682.25,16.11,3,5.3707,9,NY,above,above,hold,1,8.0,-19.75,1787927940000
ONH:2026-08-28:29682.25,ONH,2026-08-28,holdout,29682.25,16.11,3,5.3707,10,NY,above,below,break,6,21.5,-17.25,1787931600000
ONL:2026-08-28:29577.75,ONL,2026-08-28,holdout,29577.75,16.11,3,5.3707,1,LONDON,above,above,hold,5,0.0,-28.5,1787904420000
ONL:2026-08-28:29577.75,ONL,2026-08-28,holdout,29577.75,16.11,3,5.3707,2,NY,above,above,hold,3,15.25,-28.25,1787923860000
ONL:2026-08-28:29577.75,ONL,2026-08-28,holdout,29577.75,16.11,3,5.3707,3,NY,above,above,hold,2,19.75,-29.0,1787925960000
ONL:2026-08-28:29577.75,ONL,2026-08-28,holdout,29577.75,16.11,3,5.3707,4,NY,above,below,break,1,34.75,0.0,1787926200000
ONL:2026-08-28:29577.75,ONL,2026-08-28,holdout,29577.75,16.11,3,5.3707,5,NY,below,above,break,1,32.75,0.0,1787926620000
ONL:2026-08-28:29577.75,ONL,2026-08-28,holdout,29577.75,16.11,3,5.3707,6,NY,above,below,break,1,30.75,0.0,1787932560000
ONL:2026-08-28:29577.75,ONL,2026-08-28,holdout,29577.75,16.11,3,5.3707,7,NY,below,below,hold,3,14.5,-22.25,1787933280000
RTH-H:2026-08-28:29811.75,RTH-H,2026-08-28,holdout,29811.75,16.11,3,5.3707,1,NY,below,below,hold,1,0.0,-33.25,1787929260000
RTH-L:2026-08-28:29437.00,RTH-L,2026-08-28,holdout,29437.0,16.11,3,5.3707,1,NY,above,above,hold,1,0.0,-20.75,1787936760000
OR30-H:2026-08-28:29637.50,OR30-H,2026-08-28,holdout,29637.5,16.11,3,5.3707,1,ASIA,below,,ambiguous_horizon,13,3.25,-16.0,1787869320000
OR30-H:2026-08-28:29637.50,OR30-H,2026-08-28,holdout,29637.5,16.11,3,5.3707,2,ASIA,below,,ambiguous_horizon,13,0.25,-9.75,1787870280000
OR30-H:2026-08-28:29637.50,OR30-H,2026-08-28,holdout,29637.5,16.11,3,5.3707,3,ASIA,below,,ambiguous_horizon,13,2.5,-12.25,1787871120000
OR30-H:2026-08-28:29637.50,OR30-H,2026-08-28,holdout,29637.5,16.11,3,5.3707,4,ASIA,below,below,hold,2,0.0,-25.0,1787872140000
OR30-H:2026-08-28:29637.50,OR30-H,2026-08-28,holdout,29637.5,16.11,3,5.3707,5,ASIA,below,above,break,7,19.0,-12.75,1787875860000
OR30-H:2026-08-28:29637.50,OR30-H,2026-08-28,holdout,29637.5,16.11,3,5.3707,6,ASIA,above,,ambiguous_horizon,13,2.25,-17.0,1787876880000
OR30-H:2026-08-28:29637.50,OR30-H,2026-08-28,holdout,29637.5,16.11,3,5.3707,7,ASIA,above,,ambiguous_horizon,13,12.5,-6.75,1787893020000
OR30-H:2026-08-28:29637.50,OR30-H,2026-08-28,holdout,29637.5,16.11,3,5.3707,8,ASIA,below,below,hold,9,15.75,-22.5,1787900220000
OR30-H:2026-08-28:29637.50,OR30-H,2026-08-28,holdout,29637.5,16.11,3,5.3707,9,LONDON,below,below,hold,4,2.25,-17.75,1787916600000
OR30-H:2026-08-28:29637.50,OR30-H,2026-08-28,holdout,29637.5,16.11,3,5.3707,10,LONDON,below,above,break,5,21.5,-0.5,1787919480000
OR30-H:2026-08-28:29637.50,OR30-H,2026-08-28,holdout,29637.5,16.11,3,5.3707,11,LONDON,above,below,break,4,22.0,-2.5,1787920260000
OR30-H:2026-08-28:29637.50,OR30-H,2026-08-28,holdout,29637.5,16.11,3,5.3707,12,LONDON,below,above,break,4,21.5,-8.0,1787920680000
OR30-H:2026-08-28:29637.50,OR30-H,2026-08-28,holdout,29637.5,16.11,3,5.3707,13,LONDON,above,below,break,5,40.75,-8.75,1787923500000
OR30-H:2026-08-28:29637.50,OR30-H,2026-08-28,holdout,29637.5,16.11,3,5.3707,14,NY,below,above,break,3,57.0,-17.25,1787924220000
OR30-H:2026-08-28:29637.50,OR30-H,2026-08-28,holdout,29637.5,16.11,3,5.3707,15,NY,above,above,hold,7,12.0,-21.0,1787925060000
OR30-H:2026-08-28:29637.50,OR30-H,2026-08-28,holdout,29637.5,16.11,3,5.3707,16,NY,above,above,hold,1,34.75,-70.0,1787925540000
OR30-H:2026-08-28:29637.50,OR30-H,2026-08-28,holdout,29637.5,16.11,3,5.3707,17,NY,above,below,break,1,28.75,-21.0,1787925720000
OR30-H:2026-08-28:29637.50,OR30-H,2026-08-28,holdout,29637.5,16.11,3,5.3707,18,NY,below,above,break,1,38.25,0.0,1787926860000
OR30-H:2026-08-28:29637.50,OR30-H,2026-08-28,holdout,29637.5,16.11,3,5.3707,19,NY,above,below,break,4,33.25,-17.0,1787926980000
OR30-H:2026-08-28:29637.50,OR30-H,2026-08-28,holdout,29637.5,16.11,3,5.3707,20,NY,above,below,break,3,37.5,-9.5,1787932080000
OR30-L:2026-08-28:29596.75,OR30-L,2026-08-28,holdout,29596.75,16.11,3,5.3707,1,ASIA,above,,ambiguous_horizon,13,5.25,-8.25,1787874300000
OR30-L:2026-08-28:29596.75,OR30-L,2026-08-28,holdout,29596.75,16.11,3,5.3707,2,ASIA,above,above,hold,1,0.0,-19.0,1787875560000
OR30-L:2026-08-28:29596.75,OR30-L,2026-08-28,holdout,29596.75,16.11,3,5.3707,3,ASIA,above,above,hold,10,2.25,-18.5,1787896800000
OR30-L:2026-08-28:29596.75,OR30-L,2026-08-28,holdout,29596.75,16.11,3,5.3707,4,ASIA,above,above,hold,6,4.25,-24.25,1787898480000
OR30-L:2026-08-28:29596.75,OR30-L,2026-08-28,holdout,29596.75,16.11,3,5.3707,5,ASIA,above,above,hold,2,0.0,-18.75,1787899260000
OR30-L:2026-08-28:29596.75,OR30-L,2026-08-28,holdout,29596.75,16.11,3,5.3707,6,LONDON,above,above,hold,4,1.5,-24.5,1787903040000
OR30-L:2026-08-28:29596.75,OR30-L,2026-08-28,holdout,29596.75,16.11,3,5.3707,7,LONDON,above,below,break,6,19.0,-17.25,1787904060000
OR30-L:2026-08-28:29596.75,OR30-L,2026-08-28,holdout,29596.75,16.11,3,5.3707,8,LONDON,below,,ambiguous_horizon,13,3.75,-14.75,1787904720000
OR30-L:2026-08-28:29596.75,OR30-L,2026-08-28,holdout,29596.75,16.11,3,5.3707,9,LONDON,above,above,hold,3,0.75,-22.0,1787905680000
OR30-L:2026-08-28:29596.75,OR30-L,2026-08-28,holdout,29596.75,16.11,3,5.3707,10,LONDON,above,above,hold,5,0.0,-20.25,1787908860000
OR30-L:2026-08-28:29596.75,OR30-L,2026-08-28,holdout,29596.75,16.11,3,5.3707,11,LONDON,above,,ambiguous_horizon,13,4.25,-14.25,1787911200000
OR30-L:2026-08-28:29596.75,OR30-L,2026-08-28,holdout,29596.75,16.11,3,5.3707,12,LONDON,above,above,hold,5,0.0,-20.0,1787915340000
OR30-L:2026-08-28:29596.75,OR30-L,2026-08-28,holdout,29596.75,16.11,3,5.3707,13,NY,above,below,break,1,25.0,-15.75,1787923800000
OR30-L:2026-08-28:29596.75,OR30-L,2026-08-28,holdout,29596.75,16.11,3,5.3707,14,NY,below,above,break,2,33.25,-10.75,1787924040000
OR30-L:2026-08-28:29596.75,OR30-L,2026-08-28,holdout,29596.75,16.11,3,5.3707,15,NY,above,below,break,2,30.75,0.0,1787925900000
OR30-L:2026-08-28:29596.75,OR30-L,2026-08-28,holdout,29596.75,16.11,3,5.3707,16,NY,below,below,hold,2,20.75,-32.5,1787926080000
OR30-L:2026-08-28:29596.75,OR30-L,2026-08-28,holdout,29596.75,16.11,3,5.3707,17,NY,below,above,break,2,39.5,-1.25,1787926680000
OR30-L:2026-08-28:29596.75,OR30-L,2026-08-28,holdout,29596.75,16.11,3,5.3707,18,NY,above,above,hold,2,11.0,-22.75,1787932320000
VWAP:2026-08-28:29622.85,VWAP,2026-08-28,holdout,29622.85,16.11,3,5.3707,1,ASIA,above,below,break,1,22.1,0.0,1787868060000
VWAP:2026-08-28:29622.85,VWAP,2026-08-28,holdout,29622.85,16.11,3,5.3707,2,ASIA,below,,ambiguous_horizon,13,6.4,-12.6,1787868300000
VWAP:2026-08-28:29622.85,VWAP,2026-08-28,holdout,29622.85,16.11,3,5.3707,3,ASIA,above,,ambiguous_horizon,13,1.35,-17.9,1787869260000
VWAP:2026-08-28:29622.85,VWAP,2026-08-28,holdout,29622.85,16.11,3,5.3707,4,ASIA,above,below,break,4,18.6,0.0,1787872260000
VWAP:2026-08-28:29622.85,VWAP,2026-08-28,holdout,29622.85,16.11,3,5.3707,5,ASIA,below,below,hold,3,0.0,-20.6,1787875320000
VWAP:2026-08-28:29622.85,VWAP,2026-08-28,holdout,29622.85,16.11,3,5.3707,6,ASIA,below,above,break,3,19.65,-2.85,1787875740000
VWAP:2026-08-28:29622.85,VWAP,2026-08-28,holdout,29622.85,16.11,3,5.3707,7,ASIA,above,,ambiguous_horizon,13,7.85,-6.9,1787893800000
VWAP:2026-08-28:29622.85,VWAP,2026-08-28,holdout,29622.85,16.11,3,5.3707,8,ASIA,below,below,hold,12,5.15,-20.1,1787894700000
VWAP:2026-08-28:29622.85,VWAP,2026-08-28,holdout,29622.85,16.11,3,5.3707,9,ASIA,below,below,hold,7,0.0,-22.1,1787898000000
VWAP:2026-08-28:29622.85,VWAP,2026-08-28,holdout,29622.85,16.11,3,5.3707,10,ASIA,below,,ambiguous_horizon,13,13.15,-7.6,1787899440000
VWAP:2026-08-28:29622.85,VWAP,2026-08-28,holdout,29622.85,16.11,3,5.3707,11,LONDON,above,,ambiguous_horizon,13,20.1,0.0,1787900760000
VWAP:2026-08-28:29622.85,VWAP,2026-08-28,holdout,29622.85,16.11,3,5.3707,12,LONDON,below,,ambiguous_horizon,13,0.9,-15.85,1787901900000
VWAP:2026-08-28:29622.85,VWAP,2026-08-28,holdout,29622.85,16.11,3,5.3707,13,LONDON,below,below,hold,4,3.15,-22.6,1787903340000
VWAP:2026-08-28:29622.85,VWAP,2026-08-28,holdout,29622.85,16.11,3,5.3707,14,LONDON,below,,ambiguous_horizon,13,10.65,-3.1,1787905920000
VWAP:2026-08-28:29622.85,VWAP,2026-08-28,holdout,29622.85,16.11,3,5.3707,15,LONDON,below,,ambiguous_horizon,13,0.0,-19.35,1787907540000
VWAP:2026-08-28:29622.85,VWAP,2026-08-28,holdout,29622.85,16.11,3,5.3707,16,LONDON,below,below,hold,12,0.0,-17.85,1787913060000
VWAP:2026-08-28:29622.85,VWAP,2026-08-28,holdout,29622.85,16.11,3,5.3707,17,LONDON,below,below,hold,11,11.65,-27.1,1787914680000
VWAP:2026-08-28:29622.85,VWAP,2026-08-28,holdout,29622.85,16.11,3,5.3707,18,LONDON,below,,ambiguous_horizon,13,17.9,0.0,1787915940000
VWAP:2026-08-28:29622.85,VWAP,2026-08-28,holdout,29622.85,16.11,3,5.3707,19,LONDON,above,,ambiguous_horizon,13,15.6,-1.15,1787916840000
VWAP:2026-08-28:29622.85,VWAP,2026-08-28,holdout,29622.85,16.11,3,5.3707,20,LONDON,below,,ambiguous_horizon,13,22.9,-8.6,1787918760000
VWAP:2026-08-28:29622.85,VWAP,2026-08-28,holdout,29622.85,16.11,3,5.3707,21,LONDON,above,above,hold,7,9.35,-36.15,1787920500000
VWAP:2026-08-28:29622.85,VWAP,2026-08-28,holdout,29622.85,16.11,3,5.3707,22,LONDON,above,above,hold,2,0.1,-22.15,1787923560000
VWAP:2026-08-28:29622.85,VWAP,2026-08-28,holdout,29622.85,16.11,3,5.3707,23,NY,above,below,break,1,51.1,0.0,1787923800000
VWAP:2026-08-28:29622.85,VWAP,2026-08-28,holdout,29622.85,16.11,3,5.3707,24,NY,below,above,break,2,25.65,-3.85,1787924160000
VWAP:2026-08-28:29622.85,VWAP,2026-08-28,holdout,29622.85,16.11,3,5.3707,25,NY,above,above,hold,1,20.1,-84.65,1787925540000
VWAP:2026-08-28:29622.85,VWAP,2026-08-28,holdout,29622.85,16.11,3,5.3707,26,NY,above,below,break,3,34.6,-35.65,1787925720000
VWAP:2026-08-28:29622.85,VWAP,2026-08-28,holdout,29622.85,16.11,3,5.3707,27,NY,below,above,break,2,26.9,-19.35,1787926740000
VWAP:2026-08-28:29622.85,VWAP,2026-08-28,holdout,29622.85,16.11,3,5.3707,28,NY,above,above,hold,2,17.1,-31.65,1787927040000
VWAP:2026-08-28:29622.85,VWAP,2026-08-28,holdout,29622.85,16.11,3,5.3707,29,NY,above,below,break,1,22.85,-8.4,1787932200000
VWAP+1s:2026-08-28:29643.47,VWAP+1s,2026-08-28,holdout,29643.47,16.11,3,5.3707,1,ASIA,below,,ambiguous_horizon,13,13.03,-18.72,1787875980000
VWAP+1s:2026-08-28:29643.47,VWAP+1s,2026-08-28,holdout,29643.47,16.11,3,5.3707,2,ASIA,above,,ambiguous_horizon,13,8.22,-11.03,1787876820000
VWAP+1s:2026-08-28:29643.47,VWAP+1s,2026-08-28,holdout,29643.47,16.11,3,5.3707,3,ASIA,below,above,break,9,24.28,-1.47,1787877660000
VWAP+1s:2026-08-28:29643.47,VWAP+1s,2026-08-28,holdout,29643.47,16.11,3,5.3707,4,ASIA,above,above,hold,6,1.47,-19.03,1787878680000
VWAP+1s:2026-08-28:29643.47,VWAP+1s,2026-08-28,holdout,29643.47,16.11,3,5.3707,5,ASIA,above,above,hold,3,0.0,-21.28,1787880600000
VWAP+1s:2026-08-28:29643.47,VWAP+1s,2026-08-28,holdout,29643.47,16.11,3,5.3707,6,ASIA,above,above,hold,10,1.97,-17.28,1787881140000
VWAP+1s:2026-08-28:29643.47,VWAP+1s,2026-08-28,holdout,29643.47,16.11,3,5.3707,7,ASIA,above,above,hold,1,0.0,-19.78,1787888760000
VWAP+1s:2026-08-28:29643.47,VWAP+1s,2026-08-28,holdout,29643.47,16.11,3,5.3707,8,ASIA,above,,ambiguous_horizon,13,4.72,-9.78,1787891760000
VWAP+1s:2026-08-28:29643.47,VWAP+1s,2026-08-28,holdout,29643.47,16.11,3,5.3707,9,ASIA,above,below,break,12,18.47,-1.78,1787892840000
VWAP+1s:2026-08-28:29643.47,VWAP+1s,2026-08-28,holdout,29643.47,16.11,3,5.3707,10,ASIA,below,below,hold,6,9.78,-19.22,1787900340000
VWAP+1s:2026-08-28:29643.47,VWAP+1s,2026-08-28,holdout,29643.47,16.11,3,5.3707,11,LONDON,below,above,break,11,21.28,-6.47,1787919480000
VWAP+1s:2026-08-28:29643.47,VWAP+1s,2026-08-28,holdout,29643.47,16.11,3,5.3707,12,LONDON,above,below,break,4,27.97,0.0,1787920260000
VWAP+1s:2026-08-28:29643.47,VWAP+1s,2026-08-28,holdout,29643.47,16.11,3,5.3707,13,LONDON,below,above,break,7,19.53,0.0,1787920920000
VWAP+1s:2026-08-28:29643.47,VWAP+1s,2026-08-28,holdout,29643.47,16.11,3,5.3707,14,LONDON,above,below,break,5,21.22,-6.78,1787923320000
VWAP+1s:2026-08-28:29643.47,VWAP+1s,2026-08-28,holdout,29643.47,16.11,3,5.3707,15,LONDON,below,below,hold,2,2.78,-46.72,1787923680000
VWAP+1s:2026-08-28:29643.47,VWAP+1s,2026-08-28,holdout,29643.47,16.11,3,5.3707,16,NY,below,above,break,3,51.03,-23.22,1787924220000
VWAP+1s:2026-08-28:29643.47,VWAP+1s,2026-08-28,holdout,29643.47,16.11,3,5.3707,17,NY,above,above,hold,9,40.72,-64.03,1787925060000
VWAP+1s:2026-08-28:29643.47,VWAP+1s,2026-08-28,holdout,29643.47,16.11,3,5.3707,18,NY,below,above,break,1,32.28,-4.22,1787926860000
VWAP+1s:2026-08-28:29643.47,VWAP+1s,2026-08-28,holdout,29643.47,16.11,3,5.3707,19,NY,below,above,break,4,27.28,-11.97,1787927340000
VWAP+1s:2026-08-28:29643.47,VWAP+1s,2026-08-28,holdout,29643.47,16.11,3,5.3707,20,NY,above,below,break,2,23.72,-3.53,1787932080000
VWAP-1s:2026-08-28:29602.23,VWAP-1s,2026-08-28,holdout,29602.23,16.11,3,5.3707,1,ASIA,above,above,hold,4,2.48,-20.77,1787868120000
VWAP-1s:2026-08-28:29602.23,VWAP-1s,2026-08-28,holdout,29602.23,16.11,3,5.3707,2,ASIA,above,,ambiguous_horizon,13,0.0,-10.52,1787873460000
VWAP-1s:2026-08-28:29602.23,VWAP-1s,2026-08-28,holdout,29602.23,16.11,3,5.3707,3,ASIA,above,,ambiguous_horizon,13,10.73,-2.77,1787874300000
VWAP-1s:2026-08-28:29602.23,VWAP-1s,2026-08-28,holdout,29602.23,16.11,3,5.3707,4,ASIA,below,above,break,2,20.52,-8.73,1787875140000
VWAP-1s:2026-08-28:29602.23,VWAP-1s,2026-08-28,holdout,29602.23,16.11,3,5.3707,5,ASIA,above,above,hold,2,3.48,-20.27,1787875560000
VWAP-1s:2026-08-28:29602.23,VWAP-1s,2026-08-28,holdout,29602.23,16.11,3,5.3707,6,ASIA,above,,ambiguous_horizon,13,7.73,-11.27,1787896380000
VWAP-1s:2026-08-28:29602.23,VWAP-1s,2026-08-28,holdout,29602.23,16.11,3,5.3707,7,ASIA,above,,ambiguous_horizon,13,1.48,-21.77,1787897700000
VWAP-1s:2026-08-28:29602.23,VWAP-1s,2026-08-28,holdout,29602.23,16.11,3,5.3707,8,ASIA,below,above,break,5,19.02,-1.73,1787898600000
VWAP-1s:2026-08-28:29602.23,VWAP-1s,2026-08-28,holdout,29602.23,16.11,3,5.3707,9,ASIA,above,above,hold,4,5.98,-20.77,1787899200000
VWAP-1s:2026-08-28:29602.23,VWAP-1s,2026-08-28,holdout,29602.23,16.11,3,5.3707,10,LONDON,above,above,hold,4,0.0,-22.02,1787901660000
VWAP-1s:2026-08-28:29602.23,VWAP-1s,2026-08-28,holdout,29602.23,16.11,3,5.3707,11,LONDON,above,above,hold,8,9.23,-19.02,1787902800000
VWAP-1s:2026-08-28:29602.23,VWAP-1s,2026-08-28,holdout,29602.23,16.11,3,5.3707,12,LONDON,above,below,break,12,20.23,-18.77,1787903580000
VWAP-1s:2026-08-28:29602.23,VWAP-1s,2026-08-28,holdout,29602.23,16.11,3,5.3707,13,LONDON,below,below,hold,2,0.0,-19.73,1787904720000
VWAP-1s:2026-08-28:29602.23,VWAP-1s,2026-08-28,holdout,29602.23,16.11,3,5.3707,14,LONDON,below,above,break,5,22.77,-6.23,1787905620000
VWAP-1s:2026-08-28:29602.23,VWAP-1s,2026-08-28,holdout,29602.23,16.11,3,5.3707,15,LONDON,above,above,hold,8,6.73,-18.77,1787908740000
VWAP-1s:2026-08-28:29602.23,VWAP-1s,2026-08-28,holdout,29602.23,16.11,3,5.3707,16,LONDON,above,,ambiguous_horizon,13,2.98,-18.02,1787910120000
VWAP-1s:2026-08-28:29602.23,VWAP-1s,2026-08-28,holdout,29602.23,16.11,3,5.3707,17,LONDON,above,,ambiguous_horizon,13,9.73,-8.77,1787911200000
VWAP-1s:2026-08-28:29602.23,VWAP-1s,2026-08-28,holdout,29602.23,16.11,3,5.3707,18,LONDON,above,,ambiguous_horizon,13,4.98,-16.02,1787912280000
VWAP-1s:2026-08-28:29602.23,VWAP-1s,2026-08-28,holdout,29602.23,16.11,3,5.3707,19,LONDON,above,,ambiguous_horizon,13,4.73,-13.27,1787913840000
VWAP-1s:2026-08-28:29602.23,VWAP-1s,2026-08-28,holdout,29602.23,16.11,3,5.3707,20,LONDON,above,above,hold,6,4.73,-19.52,1787915340000
VWAP-1s:2026-08-28:29602.23,VWAP-1s,2026-08-28,holdout,29602.23,16.11,3,5.3707,21,LONDON,above,above,hold,10,4.98,-22.27,1787918160000
VWAP-1s:2026-08-28:29602.23,VWAP-1s,2026-08-28,holdout,29602.23,16.11,3,5.3707,22,NY,above,below,break,1,30.48,-10.27,1787923800000
VWAP-1s:2026-08-28:29602.23,VWAP-1s,2026-08-28,holdout,29602.23,16.11,3,5.3707,23,NY,below,above,break,2,27.77,-16.23,1787924040000
VWAP-1s:2026-08-28:29602.23,VWAP-1s,2026-08-28,holdout,29602.23,16.11,3,5.3707,24,NY,above,below,break,3,36.23,-29.77,1787925840000
VWAP-1s:2026-08-28:29602.23,VWAP-1s,2026-08-28,holdout,29602.23,16.11,3,5.3707,25,NY,below,below,hold,1,15.27,-20.98,1787926080000
VWAP-1s:2026-08-28:29602.23,VWAP-1s,2026-08-28,holdout,29602.23,16.11,3,5.3707,26,NY,below,above,break,3,47.52,-6.73,1787926680000
VWAP-1s:2026-08-28:29602.23,VWAP-1s,2026-08-28,holdout,29602.23,16.11,3,5.3707,27,NY,above,above,hold,3,16.98,-17.27,1787932260000
SETTLE:2026-08-28:29495.29,SETTLE,2026-08-28,holdout,29495.29,16.11,3,5.3707,1,NY,above,,ambiguous_horizon,13,30.79,-28.46,1787933880000
SETTLE:2026-08-28:29495.29,SETTLE,2026-08-28,holdout,29495.29,16.11,3,5.3707,2,NY,above,above,hold,2,19.29,-23.71,1787934840000
SETTLE:2026-08-28:29495.29,SETTLE,2026-08-28,holdout,29495.29,16.11,3,5.3707,3,NY,above,above,hold,6,21.29,-31.21,1787935140000
SETTLE:2026-08-28:29495.29,SETTLE,2026-08-28,holdout,29495.29,16.11,3,5.3707,4,NY,above,below,break,1,45.29,0.0,1787936400000
SETTLE:2026-08-28:29495.29,SETTLE,2026-08-28,holdout,29495.29,16.11,3,5.3707,5,NY,below,below,hold,6,9.21,-34.04,1787938380000
SETTLE:2026-08-28:29495.29,SETTLE,2026-08-28,holdout,29495.29,16.11,3,5.3707,6,NY,below,above,break,2,24.96,0.0,1787939160000
SETTLE:2026-08-28:29495.29,SETTLE,2026-08-28,holdout,29495.29,16.11,3,5.3707,7,NY,above,above,hold,3,1.04,-21.21,1787939700000
SETTLE:2026-08-28:29495.29,SETTLE,2026-08-28,holdout,29495.29,16.11,3,5.3707,8,NY,above,above,hold,5,0.0,-23.21,1787940360000
SETTLE:2026-08-28:29495.29,SETTLE,2026-08-28,holdout,29495.29,16.11,3,5.3707,9,NY,above,below,break,9,24.29,-9.46,1787940840000
SETTLE:2026-08-28:29495.29,SETTLE,2026-08-28,holdout,29495.29,16.11,3,5.3707,10,NY,below,,ambiguous_horizon,13,11.21,-16.29,1787941620000
SETTLE:2026-08-28:29495.29,SETTLE,2026-08-28,holdout,29495.29,16.11,3,5.3707,11,NY,below,,ambiguous_horizon,13,8.96,-19.04,1787944860000
SETTLE:2026-08-28:29495.29,SETTLE,2026-08-28,holdout,29495.29,16.11,3,5.3707,12,NY,below,below,hold,9,17.71,-21.29,1787945880000
SETTLE:2026-08-28:29495.29,SETTLE,2026-08-28,holdout,29495.29,16.11,3,5.3707,13,NY,below,,ambiguous_horizon,13,24.21,-13.04,1787946600000
SETTLE:2026-08-28:29495.29,SETTLE,2026-08-28,holdout,29495.29,16.11,3,5.3707,14,NY,below,above,break,9,20.96,-4.54,1787949360000
RND-500:2026-08-28:29500.00,RND-500,2026-08-28,holdout,29500.0,16.11,3,5.3707,1,NY,above,,ambiguous_horizon,13,35.5,-23.75,1787933880000
RND-500:2026-08-28:29500.00,RND-500,2026-08-28,holdout,29500.0,16.11,3,5.3707,2,NY,above,above,hold,3,24.0,-26.75,1787934840000
RND-500:2026-08-28:29500.00,RND-500,2026-08-28,holdout,29500.0,16.11,3,5.3707,3,NY,above,below,break,4,26.0,-12.75,1787935140000
RND-500:2026-08-28:29500.00,RND-500,2026-08-28,holdout,29500.0,16.11,3,5.3707,4,NY,below,above,break,1,36.75,0.0,1787935500000
RND-500:2026-08-28:29500.00,RND-500,2026-08-28,holdout,29500.0,16.11,3,5.3707,5,NY,above,above,hold,1,0.0,-18.0,1787936160000
RND-500:2026-08-28:29500.00,RND-500,2026-08-28,holdout,29500.0,16.11,3,5.3707,6,NY,above,below,break,1,50.0,0.0,1787936400000
RND-500:2026-08-28:29500.00,RND-500,2026-08-28,holdout,29500.0,16.11,3,5.3707,7,NY,below,below,hold,6,4.5,-38.75,1787938380000
RND-500:2026-08-28:29500.00,RND-500,2026-08-28,holdout,29500.0,16.11,3,5.3707,8,NY,below,above,break,2,20.25,0.0,1787939160000
RND-500:2026-08-28:29500.00,RND-500,2026-08-28,holdout,29500.0,16.11,3,5.3707,9,NY,above,,ambiguous_horizon,13,5.75,-21.5,1787939700000
RND-500:2026-08-28:29500.00,RND-500,2026-08-28,holdout,29500.0,16.11,3,5.3707,10,NY,above,below,break,9,29.0,-4.75,1787940840000
RND-500:2026-08-28:29500.00,RND-500,2026-08-28,holdout,29500.0,16.11,3,5.3707,11,NY,below,below,hold,5,6.5,-21.0,1787942040000
RND-500:2026-08-28:29500.00,RND-500,2026-08-28,holdout,29500.0,16.11,3,5.3707,12,NY,below,,ambiguous_horizon,13,4.25,-17.0,1787945220000
RND-500:2026-08-28:29500.00,RND-500,2026-08-28,holdout,29500.0,16.11,3,5.3707,13,NY,above,below,break,1,21.75,0.0,1787946300000
RND-500:2026-08-28:29500.00,RND-500,2026-08-28,holdout,29500.0,16.11,3,5.3707,14,NY,below,,ambiguous_horizon,13,19.5,-17.75,1787946600000
RND-500:2026-08-28:29500.00,RND-500,2026-08-28,holdout,29500.0,16.11,3,5.3707,15,NY,below,above,break,3,16.25,-1.5,1787949720000
RND-250:2026-08-28:29750.00,RND-250,2026-08-28,holdout,29750.0,16.11,3,5.3707,1,NY,below,above,break,6,26.0,-16.25,1787928420000
RND-250:2026-08-28:29750.00,RND-250,2026-08-28,holdout,29750.0,16.11,3,5.3707,2,NY,above,above,hold,9,14.75,-25.5,1787929860000
RND-250:2026-08-28:29750.00,RND-250,2026-08-28,holdout,29750.0,16.11,3,5.3707,3,NY,above,below,break,1,18.75,-2.5,1787931420000
PDL:2026-08-31:29437.00,PDL,2026-08-31,holdout,29437.0,16.11,3,5.3707,1,ASIA,above,,ambiguous_horizon,13,10.0,-17.0,1788129360000
PDL:2026-08-31:29437.00,PDL,2026-08-31,holdout,29437.0,16.11,3,5.3707,2,ASIA,above,,ambiguous_horizon,13,8.75,-14.0,1788130500000
PDL:2026-08-31:29437.00,PDL,2026-08-31,holdout,29437.0,16.11,3,5.3707,3,ASIA,below,below,hold,4,0.0,-19.0,1788152700000
PDL:2026-08-31:29437.00,PDL,2026-08-31,holdout,29437.0,16.11,3,5.3707,4,ASIA,below,above,break,3,21.0,0.0,1788153240000
PDL:2026-08-31:29437.00,PDL,2026-08-31,holdout,29437.0,16.11,3,5.3707,5,ASIA,above,,ambiguous_horizon,13,10.5,-19.25,1788154800000
PDL:2026-08-31:29437.00,PDL,2026-08-31,holdout,29437.0,16.11,3,5.3707,6,LONDON,above,above,hold,1,0.0,-22.0,1788174300000
PDL:2026-08-31:29437.00,PDL,2026-08-31,holdout,29437.0,16.11,3,5.3707,7,LONDON,above,above,hold,3,0.0,-23.75,1788174900000
PDL:2026-08-31:29437.00,PDL,2026-08-31,holdout,29437.0,16.11,3,5.3707,8,LONDON,above,,ambiguous_horizon,13,12.0,-22.75,1788176160000
PDL:2026-08-31:29437.00,PDL,2026-08-31,holdout,29437.0,16.11,3,5.3707,9,LONDON,below,,ambiguous_horizon,13,12.75,-11.25,1788177060000
PDL:2026-08-31:29437.00,PDL,2026-08-31,holdout,29437.0,16.11,3,5.3707,10,LONDON,above,above,hold,6,5.0,-21.0,1788178140000
PDL:2026-08-31:29437.00,PDL,2026-08-31,holdout,29437.0,16.11,3,5.3707,11,LONDON,above,below,break,1,35.75,0.0,1788179100000
PDL:2026-08-31:29437.00,PDL,2026-08-31,holdout,29437.0,16.11,3,5.3707,12,LONDON,below,below,hold,2,0.0,-29.5,1788179760000
PDL:2026-08-31:29437.00,PDL,2026-08-31,holdout,29437.0,16.11,3,5.3707,13,LONDON,below,above,break,2,44.25,-20.0,1788182880000
PDL:2026-08-31:29437.00,PDL,2026-08-31,holdout,29437.0,16.11,3,5.3707,14,NY,above,above,hold,1,0.0,-30.25,1788183180000
PDL:2026-08-31:29437.00,PDL,2026-08-31,holdout,29437.0,16.11,3,5.3707,15,NY,above,below,break,1,41.5,-1.75,1788183300000
PDL:2026-08-31:29437.00,PDL,2026-08-31,holdout,29437.0,16.11,3,5.3707,16,NY,below,below,hold,1,0.0,-47.0,1788183480000
PDL:2026-08-31:29437.00,PDL,2026-08-31,holdout,29437.0,16.11,3,5.3707,17,NY,below,below,hold,1,5.5,-35.0,1788183720000
PDL:2026-08-31:29437.00,PDL,2026-08-31,holdout,29437.0,16.11,3,5.3707,18,NY,below,above,break,1,39.75,0.0,1788184020000
PDL:2026-08-31:29437.00,PDL,2026-08-31,holdout,29437.0,16.11,3,5.3707,19,NY,above,above,hold,2,24.25,-27.75,1788184140000
PDL:2026-08-31:29437.00,PDL,2026-08-31,holdout,29437.0,16.11,3,5.3707,20,NY,above,below,break,5,36.75,-15.5,1788184620000
PDL:2026-08-31:29437.00,PDL,2026-08-31,holdout,29437.0,16.11,3,5.3707,21,NY,below,below,hold,3,0.0,-23.25,1788187320000
PDL:2026-08-31:29437.00,PDL,2026-08-31,holdout,29437.0,16.11,3,5.3707,22,NY,below,below,hold,2,5.75,-30.75,1788188220000
PDL:2026-08-31:29437.00,PDL,2026-08-31,holdout,29437.0,16.11,3,5.3707,23,NY,below,below,hold,2,4.25,-36.75,1788188400000
PDL:2026-08-31:29437.00,PDL,2026-08-31,holdout,29437.0,16.11,3,5.3707,24,NY,below,below,hold,1,0.0,-33.75,1788188820000
PDL:2026-08-31:29437.00,PDL,2026-08-31,holdout,29437.0,16.11,3,5.3707,25,NY,below,below,hold,8,8.5,-21.0,1788189660000
PDL:2026-08-31:29437.00,PDL,2026-08-31,holdout,29437.0,16.11,3,5.3707,26,NY,below,,ambiguous_horizon,13,6.25,-11.0,1788195060000
PDL:2026-08-31:29437.00,PDL,2026-08-31,holdout,29437.0,16.11,3,5.3707,27,NY,below,below,hold,3,0.0,-19.5,1788195900000
PDL:2026-08-31:29437.00,PDL,2026-08-31,holdout,29437.0,16.11,3,5.3707,28,NY,below,above,break,8,19.75,-6.0,1788198180000
PDL:2026-08-31:29437.00,PDL,2026-08-31,holdout,29437.0,16.11,3,5.3707,29,NY,above,above,hold,9,14.75,-19.0,1788199020000
PDL:2026-08-31:29437.00,PDL,2026-08-31,holdout,29437.0,16.11,3,5.3707,30,NY,above,below,break,6,26.5,-6.5,1788200940000
PDL:2026-08-31:29437.00,PDL,2026-08-31,holdout,29437.0,16.11,3,5.3707,31,NY,below,,ambiguous_horizon,13,16.75,-9.25,1788204180000
PDC:2026-08-31:29509.50,PDC,2026-08-31,holdout,29509.5,16.11,3,5.3707,1,ASIA,below,,ambiguous_horizon,13,8.75,-8.5,1788156900000
PDC:2026-08-31:29509.50,PDC,2026-08-31,holdout,29509.5,16.11,3,5.3707,2,ASIA,below,,ambiguous_horizon,13,10.5,-14.0,1788157740000
PDC:2026-08-31:29509.50,PDC,2026-08-31,holdout,29509.5,16.11,3,5.3707,3,ASIA,above,,ambiguous_horizon,13,6.0,-11.5,1788159000000
PDC:2026-08-31:29509.50,PDC,2026-08-31,holdout,29509.5,16.11,3,5.3707,4,LONDON,below,,ambiguous_horizon,13,12.75,-9.5,1788159840000
PDC:2026-08-31:29509.50,PDC,2026-08-31,holdout,29509.5,16.11,3,5.3707,5,LONDON,below,,ambiguous_horizon,13,12.0,-9.5,1788160680000
PDC:2026-08-31:29509.50,PDC,2026-08-31,holdout,29509.5,16.11,3,5.3707,6,LONDON,above,,ambiguous_horizon,13,10.75,-1.75,1788161820000
PDC:2026-08-31:29509.50,PDC,2026-08-31,holdout,29509.5,16.11,3,5.3707,7,LONDON,below,below,hold,8,29.25,-21.75,1788162960000
PDC:2026-08-31:29509.50,PDC,2026-08-31,holdout,29509.5,16.11,3,5.3707,8,LONDON,below,above,break,1,20.25,0.0,1788163620000
PDC:2026-08-31:29509.50,PDC,2026-08-31,holdout,29509.5,16.11,3,5.3707,9,LONDON,above,below,break,7,23.75,-2.75,1788163980000
PDC:2026-08-31:29509.50,PDC,2026-08-31,holdout,29509.5,16.11,3,5.3707,10,LONDON,below,below,hold,7,0.0,-19.75,1788167760000
PDC:2026-08-31:29509.50,PDC,2026-08-31,holdout,29509.5,16.11,3,5.3707,11,NY,below,below,hold,1,5.25,-44.25,1788183060000
PDC:2026-08-31:29509.50,PDC,2026-08-31,holdout,29509.5,16.11,3,5.3707,12,NY,below,above,break,1,19.5,-3.75,1788205800000
PDC:2026-08-31:29509.50,PDC,2026-08-31,holdout,29509.5,16.11,3,5.3707,13,NY,above,,ambiguous_horizon,13,11.25,-28.5,1788206040000
PDC:2026-08-31:29509.50,PDC,2026-08-31,holdout,29509.5,16.11,3,5.3707,14,NY,above,,ambiguous_horizon,13,2.0,-8.5,1788207180000
PDC:2026-08-31:29509.50,PDC,2026-08-31,holdout,29509.5,16.11,3,5.3707,15,NY,above,,ambiguous_horizon,11,2.5,-14.5,1788209340000
ONH:2026-08-31:29538.75,ONH,2026-08-31,holdout,29538.75,16.11,3,5.3707,1,LONDON,below,below,hold,1,0.0,-40.25,1788163260000
ONL:2026-08-31:29374.25,ONL,2026-08-31,holdout,29374.25,16.11,3,5.3707,1,ASIA,above,below,break,9,26.5,-15.25,1788132180000
ONL:2026-08-31:29374.25,ONL,2026-08-31,holdout,29374.25,16.11,3,5.3707,2,ASIA,below,below,hold,2,1.0,-22.5,1788132960000
ONL:2026-08-31:29374.25,ONL,2026-08-31,holdout,29374.25,16.11,3,5.3707,3,ASIA,below,above,break,10,23.75,-21.0,1788135720000
ONL:2026-08-31:29374.25,ONL,2026-08-31,holdout,29374.25,16.11,3,5.3707,4,ASIA,above,below,break,11,23.25,-19.75,1788137100000
ONL:2026-08-31:29374.25,ONL,2026-08-31,holdout,29374.25,16.11,3,5.3707,5,ASIA,below,,ambiguous_horizon,13,10.5,-12.25,1788151020000
ONL:2026-08-31:29374.25,ONL,2026-08-31,holdout,29374.25,16.11,3,5.3707,6,LONDON,above,above,hold,1,0.0,-24.25,1788181260000
ONL:2026-08-31:29374.25,ONL,2026-08-31,holdout,29374.25,16.11,3,5.3707,7,NY,above,above,hold,4,3.75,-31.0,1788185400000
ONL:2026-08-31:29374.25,ONL,2026-08-31,holdout,29374.25,16.11,3,5.3707,8,NY,above,below,break,2,20.25,0.0,1788186240000
ONL:2026-08-31:29374.25,ONL,2026-08-31,holdout,29374.25,16.11,3,5.3707,9,NY,below,above,break,7,29.75,-10.25,1788186480000
ONL:2026-08-31:29374.25,ONL,2026-08-31,holdout,29374.25,16.11,3,5.3707,10,NY,above,above,hold,9,11.0,-25.25,1788192060000
RTH-H:2026-08-31:29538.00,RTH-H,2026-08-31,holdout,29538.0,16.11,3,5.3707,1,LONDON,below,below,hold,1,0.0,-39.5,1788163260000
RTH-H:2026-08-31:29538.00,RTH-H,2026-08-31,holdout,29538.0,16.11,3,5.3707,2,NY,below,below,hold,1,0.0,-33.0,1788206340000
RTH-L:2026-08-31:29354.00,RTH-L,2026-08-31,holdout,29354.0,16.11,3,5.3707,1,ASIA,above,above,hold,6,5.25,-23.0,1788132600000
RTH-L:2026-08-31:29354.00,RTH-L,2026-08-31,holdout,29354.0,16.11,3,5.3707,2,ASIA,above,below,break,8,33.0,-12.75,1788133020000
RTH-L:2026-08-31:29354.00,RTH-L,2026-08-31,holdout,29354.0,16.11,3,5.3707,3,ASIA,below,above,break,5,18.25,-14.0,1788135360000
RTH-L:2026-08-31:29354.00,RTH-L,2026-08-31,holdout,29354.0,16.11,3,5.3707,4,ASIA,above,above,hold,1,0.0,-19.75,1788135960000
RTH-L:2026-08-31:29354.00,RTH-L,2026-08-31,holdout,29354.0,16.11,3,5.3707,5,ASIA,above,below,break,4,38.0,-8.25,1788137760000
RTH-L:2026-08-31:29354.00,RTH-L,2026-08-31,holdout,29354.0,16.11,3,5.3707,6,ASIA,below,below,hold,10,9.0,-33.0,1788142080000
RTH-L:2026-08-31:29354.00,RTH-L,2026-08-31,holdout,29354.0,16.11,3,5.3707,7,ASIA,below,,ambiguous_horizon,13,14.25,-8.25,1788145320000
RTH-L:2026-08-31:29354.00,RTH-L,2026-08-31,holdout,29354.0,16.11,3,5.3707,8,ASIA,below,,ambiguous_horizon,13,4.75,-14.25,1788146520000
RTH-L:2026-08-31:29354.00,RTH-L,2026-08-31,holdout,29354.0,16.11,3,5.3707,9,ASIA,below,,ambiguous_horizon,13,2.0,-13.0,1788148560000
RTH-L:2026-08-31:29354.00,RTH-L,2026-08-31,holdout,29354.0,16.11,3,5.3707,10,ASIA,below,,ambiguous_horizon,13,6.0,-11.5,1788149640000
RTH-L:2026-08-31:29354.00,RTH-L,2026-08-31,holdout,29354.0,16.11,3,5.3707,11,ASIA,below,above,break,1,28.5,0.0,1788150960000
RTH-L:2026-08-31:29354.00,RTH-L,2026-08-31,holdout,29354.0,16.11,3,5.3707,12,NY,above,above,hold,3,0.0,-33.5,1788186300000
OR30-H:2026-08-31:29481.25,OR30-H,2026-08-31,holdout,29481.25,16.11,3,5.3707,1,ASIA,above,below,break,2,19.75,0.0,1788127380000
OR30-H:2026-08-31:29481.25,OR30-H,2026-08-31,holdout,29481.25,16.11,3,5.3707,2,ASIA,below,,ambiguous_horizon,13,13.75,-13.25,1788128340000
OR30-H:2026-08-31:29481.25,OR30-H,2026-08-31,holdout,29481.25,16.11,3,5.3707,3,ASIA,below,above,break,8,22.25,-11.5,1788156360000
OR30-H:2026-08-31:29481.25,OR30-H,2026-08-31,holdout,29481.25,16.11,3,5.3707,4,LONDON,above,,ambiguous_horizon,13,6.25,-17.25,1788165780000
OR30-H:2026-08-31:29481.25,OR30-H,2026-08-31,holdout,29481.25,16.11,3,5.3707,5,LONDON,above,,ambiguous_horizon,13,11.25,-11.75,1788166620000
OR30-H:2026-08-31:29481.25,OR30-H,2026-08-31,holdout,29481.25,16.11,3,5.3707,6,LONDON,above,,ambiguous_horizon,13,15.25,-4.5,1788168780000
OR30-H:2026-08-31:29481.25,OR30-H,2026-08-31,holdout,29481.25,16.11,3,5.3707,7,LONDON,below,below,hold,1,0.0,-27.0,1788178800000
OR30-H:2026-08-31:29481.25,OR30-H,2026-08-31,holdout,29481.25,16.11,3,5.3707,8,NY,below,above,break,1,35.75,-4.5,1788183000000
OR30-H:2026-08-31:29481.25,OR30-H,2026-08-31,holdout,29481.25,16.11,3,5.3707,9,NY,below,below,hold,4,4.75,-20.25,1788205380000
OR30-H:2026-08-31:29481.25,OR30-H,2026-08-31,holdout,29481.25,16.11,3,5.3707,10,NY,below,above,break,1,47.75,0.0,1788205800000
OR30-L:2026-08-31:29417.00,OR30-L,2026-08-31,holdout,29417.0,16.11,3,5.3707,1,ASIA,above,below,break,10,35.25,-8.25,1788131520000
OR30-L:2026-08-31:29417.00,OR30-L,2026-08-31,holdout,29417.0,16.11,3,5.3707,2,ASIA,below,,ambiguous_horizon,13,21.0,-10.0,1788152220000
OR30-L:2026-08-31:29417.00,OR30-L,2026-08-31,holdout,29417.0,16.11,3,5.3707,3,LONDON,above,above,hold,1,0.0,-31.5,1788178140000
OR30-L:2026-08-31:29417.00,OR30-L,2026-08-31,holdout,29417.0,16.11,3,5.3707,4,LONDON,above,above,hold,10,15.75,-19.0,1788179100000
OR30-L:2026-08-31:29417.00,OR30-L,2026-08-31,holdout,29417.0,16.11,3,5.3707,5,LONDON,above,below,break,3,27.25,0.0,1788179880000
OR30-L:2026-08-31:29417.00,OR30-L,2026-08-31,holdout,29417.0,16.11,3,5.3707,6,LONDON,below,,ambiguous_horizon,13,13.5,-6.75,1788182100000
OR30-L:2026-08-31:29417.00,OR30-L,2026-08-31,holdout,29417.0,16.11,3,5.3707,7,NY,above,above,hold,1,0.0,-100.0,1788183000000
OR30-L:2026-08-31:29417.00,OR30-L,2026-08-31,holdout,29417.0,16.11,3,5.3707,8,NY,above,below,break,3,25.0,-21.75,1788183300000
OR30-L:2026-08-31:29417.00,OR30-L,2026-08-31,holdout,29417.0,16.11,3,5.3707,9,NY,below,above,break,2,23.75,-23.5,1788183600000
OR30-L:2026-08-31:29417.00,OR30-L,2026-08-31,holdout,29417.0,16.11,3,5.3707,10,NY,above,above,hold,2,0.0,-47.25,1788184260000
OR30-L:2026-08-31:29417.00,OR30-L,2026-08-31,holdout,29417.0,16.11,3,5.3707,11,NY,above,below,break,1,19.25,0.0,1788184920000
OR30-L:2026-08-31:29417.00,OR30-L,2026-08-31,holdout,29417.0,16.11,3,5.3707,12,NY,below,below,hold,2,6.5,-40.25,1788185040000
OR30-L:2026-08-31:29417.00,OR30-L,2026-08-31,holdout,29417.0,16.11,3,5.3707,13,NY,below,below,hold,5,14.0,-19.75,1788185820000
OR30-L:2026-08-31:29417.00,OR30-L,2026-08-31,holdout,29417.0,16.11,3,5.3707,14,NY,below,below,hold,12,20.5,-20.0,1788186960000
OR30-L:2026-08-31:29417.00,OR30-L,2026-08-31,holdout,29417.0,16.11,3,5.3707,15,NY,below,above,break,2,26.5,-5.25,1788188100000
OR30-L:2026-08-31:29417.00,OR30-L,2026-08-31,holdout,29417.0,16.11,3,5.3707,16,NY,above,above,hold,1,2.75,-26.0,1788188340000
OR30-L:2026-08-31:29417.00,OR30-L,2026-08-31,holdout,29417.0,16.11,3,5.3707,17,NY,above,above,hold,4,21.5,-17.5,1788188520000
OR30-L:2026-08-31:29417.00,OR30-L,2026-08-31,holdout,29417.0,16.11,3,5.3707,18,NY,below,above,break,11,20.0,-19.5,1788189000000
OR30-L:2026-08-31:29417.00,OR30-L,2026-08-31,holdout,29417.0,16.11,3,5.3707,19,NY,above,below,break,3,31.0,-8.25,1788190140000
OR30-L:2026-08-31:29417.00,OR30-L,2026-08-31,holdout,29417.0,16.11,3,5.3707,20,NY,below,below,hold,10,15.75,-19.75,1788191160000
OR30-L:2026-08-31:29417.00,OR30-L,2026-08-31,holdout,29417.0,16.11,3,5.3707,21,NY,below,below,hold,12,9.75,-22.0,1788193620000
OR30-L:2026-08-31:29417.00,OR30-L,2026-08-31,holdout,29417.0,16.11,3,5.3707,22,NY,below,above,break,10,20.5,-7.5,1788194460000
OR30-L:2026-08-31:29417.00,OR30-L,2026-08-31,holdout,29417.0,16.11,3,5.3707,23,NY,above,above,hold,6,1.75,-17.25,1788196200000
OR30-L:2026-08-31:29417.00,OR30-L,2026-08-31,holdout,29417.0,16.11,3,5.3707,24,NY,above,below,break,10,18.0,-8.25,1788196680000
OR30-L:2026-08-31:29417.00,OR30-L,2026-08-31,holdout,29417.0,16.11,3,5.3707,25,NY,below,above,break,4,22.5,-2.5,1788197940000
OR30-L:2026-08-31:29417.00,OR30-L,2026-08-31,holdout,29417.0,16.11,3,5.3707,26,NY,above,below,break,3,25.0,0.0,1788201300000
OR30-L:2026-08-31:29417.00,OR30-L,2026-08-31,holdout,29417.0,16.11,3,5.3707,27,NY,below,,ambiguous_horizon,13,11.5,-14.0,1788202740000
OR30-L:2026-08-31:29417.00,OR30-L,2026-08-31,holdout,29417.0,16.11,3,5.3707,28,NY,above,,ambiguous_horizon,13,0.0,-24.75,1788203580000
VWAP:2026-08-31:29456.93,VWAP,2026-08-31,holdout,29456.93,16.11,3,5.3707,1,ASIA,above,above,hold,12,9.93,-21.57,1788127380000
VWAP:2026-08-31:29456.93,VWAP,2026-08-31,holdout,29456.93,16.11,3,5.3707,2,ASIA,above,below,break,2,24.18,-5.57,1788129240000
VWAP:2026-08-31:29456.93,VWAP,2026-08-31,holdout,29456.93,16.11,3,5.3707,3,ASIA,below,above,break,8,20.32,-2.18,1788153420000
VWAP:2026-08-31:29456.93,VWAP,2026-08-31,holdout,29456.93,16.11,3,5.3707,4,ASIA,above,below,break,4,18.68,-1.57,1788154320000
VWAP:2026-08-31:29456.93,VWAP,2026-08-31,holdout,29456.93,16.11,3,5.3707,5,ASIA,below,above,break,6,18.82,-7.93,1788155940000
VWAP:2026-08-31:29456.93,VWAP,2026-08-31,holdout,29456.93,16.11,3,5.3707,6,LONDON,above,,ambiguous_horizon,13,13.68,0.0,1788169680000
VWAP:2026-08-31:29456.93,VWAP,2026-08-31,holdout,29456.93,16.11,3,5.3707,7,LONDON,below,,ambiguous_horizon,13,3.07,-13.93,1788170760000
VWAP:2026-08-31:29456.93,VWAP,2026-08-31,holdout,29456.93,16.11,3,5.3707,8,LONDON,below,,ambiguous_horizon,13,10.57,-6.93,1788171600000
VWAP:2026-08-31:29456.93,VWAP,2026-08-31,holdout,29456.93,16.11,3,5.3707,9,LONDON,below,,ambiguous_horizon,13,4.07,-6.93,1788172500000
VWAP:2026-08-31:29456.93,VWAP,2026-08-31,holdout,29456.93,16.11,3,5.3707,10,LONDON,above,below,break,6,20.43,-7.32,1788173940000
VWAP:2026-08-31:29456.93,VWAP,2026-08-31,holdout,29456.93,16.11,3,5.3707,11,LONDON,below,below,hold,8,3.32,-18.68,1788174360000
VWAP:2026-08-31:29456.93,VWAP,2026-08-31,holdout,29456.93,16.11,3,5.3707,12,LONDON,below,,ambiguous_horizon,13,13.07,-9.68,1788175080000
VWAP:2026-08-31:29456.93,VWAP,2026-08-31,holdout,29456.93,16.11,3,5.3707,13,LONDON,above,below,break,2,18.68,0.0,1788175920000
VWAP:2026-08-31:29456.93,VWAP,2026-08-31,holdout,29456.93,16.11,3,5.3707,14,LONDON,below,below,hold,2,0.0,-24.68,1788176400000
VWAP:2026-08-31:29456.93,VWAP,2026-08-31,holdout,29456.93,16.11,3,5.3707,15,LONDON,below,below,hold,3,10.07,-56.93,1788178020000
VWAP:2026-08-31:29456.93,VWAP,2026-08-31,holdout,29456.93,16.11,3,5.3707,16,LONDON,below,below,hold,12,26.07,-18.18,1788178320000
VWAP:2026-08-31:29456.93,VWAP,2026-08-31,holdout,29456.93,16.11,3,5.3707,17,NY,below,above,break,1,60.07,0.0,1788183000000
VWAP:2026-08-31:29456.93,VWAP,2026-08-31,holdout,29456.93,16.11,3,5.3707,18,NY,above,below,break,2,48.43,-10.32,1788183180000
VWAP:2026-08-31:29456.93,VWAP,2026-08-31,holdout,29456.93,16.11,3,5.3707,19,NY,below,below,hold,2,19.82,-36.68,1788184020000
VWAP:2026-08-31:29456.93,VWAP,2026-08-31,holdout,29456.93,16.11,3,5.3707,20,NY,below,below,hold,1,4.32,-32.18,1788184260000
VWAP:2026-08-31:29456.93,VWAP,2026-08-31,holdout,29456.93,16.11,3,5.3707,21,NY,below,below,hold,5,0.0,-20.68,1788198720000
VWAP:2026-08-31:29456.93,VWAP,2026-08-31,holdout,29456.93,16.11,3,5.3707,22,NY,below,,ambiguous_horizon,13,3.32,-14.93,1788199620000
VWAP:2026-08-31:29456.93,VWAP,2026-08-31,holdout,29456.93,16.11,3,5.3707,23,NY,below,below,hold,5,0.0,-19.93,1788200640000
VWAP:2026-08-31:29456.93,VWAP,2026-08-31,holdout,29456.93,16.11,3,5.3707,24,NY,below,above,break,2,25.07,-0.68,1788205260000
VWAP+1s:2026-08-31:29495.13,VWAP+1s,2026-08-31,holdout,29495.13,16.11,3,5.3707,1,ASIA,above,below,break,1,31.88,0.0,1788127380000
VWAP+1s:2026-08-31:29495.13,VWAP+1s,2026-08-31,holdout,29495.13,16.11,3,5.3707,2,ASIA,below,above,break,2,19.62,0.0,1788156840000
VWAP+1s:2026-08-31:29495.13,VWAP+1s,2026-08-31,holdout,29495.13,16.11,3,5.3707,3,LONDON,above,above,hold,8,1.13,-25.62,1788162720000
VWAP+1s:2026-08-31:29495.13,VWAP+1s,2026-08-31,holdout,29495.13,16.11,3,5.3707,4,LONDON,above,above,hold,5,8.38,-34.62,1788163380000
VWAP+1s:2026-08-31:29495.13,VWAP+1s,2026-08-31,holdout,29495.13,16.11,3,5.3707,5,LONDON,above,,ambiguous_horizon,13,5.88,-10.87,1788164400000
VWAP+1s:2026-08-31:29495.13,VWAP+1s,2026-08-31,holdout,29495.13,16.11,3,5.3707,6,LONDON,below,,ambiguous_horizon,13,3.62,-20.13,1788165420000
VWAP+1s:2026-08-31:29495.13,VWAP+1s,2026-08-31,holdout,29495.13,16.11,3,5.3707,7,LONDON,below,below,hold,9,3.37,-19.63,1788166380000
VWAP+1s:2026-08-31:29495.13,VWAP+1s,2026-08-31,holdout,29495.13,16.11,3,5.3707,8,LONDON,below,,ambiguous_horizon,13,14.37,-7.13,1788167400000
VWAP+1s:2026-08-31:29495.13,VWAP+1s,2026-08-31,holdout,29495.13,16.11,3,5.3707,9,LONDON,above,below,break,12,18.88,-2.12,1788168360000
VWAP+1s:2026-08-31:29495.13,VWAP+1s,2026-08-31,holdout,29495.13,16.11,3,5.3707,10,NY,below,below,hold,1,19.62,-29.88,1788183060000
VWAP+1s:2026-08-31:29495.13,VWAP+1s,2026-08-31,holdout,29495.13,16.11,3,5.3707,11,NY,below,above,break,1,33.87,0.0,1788205800000
VWAP-1s:2026-08-31:29418.74,VWAP-1s,2026-08-31,holdout,29418.74,16.11,3,5.3707,1,ASIA,above,below,break,10,36.99,-6.51,1788131520000
VWAP-1s:2026-08-31:29418.74,VWAP-1s,2026-08-31,holdout,29418.74,16.11,3,5.3707,2,ASIA,below,,ambiguous_horizon,13,19.26,-11.74,1788152220000
VWAP-1s:2026-08-31:29418.74,VWAP-1s,2026-08-31,holdout,29418.74,16.11,3,5.3707,3,LONDON,above,above,hold,1,0.0,-29.76,1788178140000
VWAP-1s:2026-08-31:29418.74,VWAP-1s,2026-08-31,holdout,29418.74,16.11,3,5.3707,4,LONDON,above,,ambiguous_horizon,13,17.49,-24.26,1788179100000
VWAP-1s:2026-08-31:29418.74,VWAP-1s,2026-08-31,holdout,29418.74,16.11,3,5.3707,5,LONDON,below,above,break,12,19.26,-8.49,1788182160000
VWAP-1s:2026-08-31:29418.74,VWAP-1s,2026-08-31,holdout,29418.74,16.11,3,5.3707,6,NY,above,above,hold,1,0.0,-98.26,1788183000000
VWAP-1s:2026-08-31:29418.74,VWAP-1s,2026-08-31,holdout,29418.74,16.11,3,5.3707,7,NY,above,below,break,3,26.74,-20.01,1788183300000
VWAP-1s:2026-08-31:29418.74,VWAP-1s,2026-08-31,holdout,29418.74,16.11,3,5.3707,8,NY,below,above,break,2,22.01,-25.24,1788183600000
VWAP-1s:2026-08-31:29418.74,VWAP-1s,2026-08-31,holdout,29418.74,16.11,3,5.3707,9,NY,above,above,hold,2,0.0,-45.51,1788184260000
VWAP-1s:2026-08-31:29418.74,VWAP-1s,2026-08-31,holdout,29418.74,16.11,3,5.3707,10,NY,above,below,break,1,20.99,0.0,1788184920000
VWAP-1s:2026-08-31:29418.74,VWAP-1s,2026-08-31,holdout,29418.74,16.11,3,5.3707,11,NY,below,below,hold,1,0.0,-41.99,1788185100000
VWAP-1s:2026-08-31:29418.74,VWAP-1s,2026-08-31,holdout,29418.74,16.11,3,5.3707,12,NY,below,below,hold,5,12.26,-21.49,1788185820000
VWAP-1s:2026-08-31:29418.74,VWAP-1s,2026-08-31,holdout,29418.74,16.11,3,5.3707,13,NY,below,below,hold,11,18.76,-21.74,1788187020000
VWAP-1s:2026-08-31:29418.74,VWAP-1s,2026-08-31,holdout,29418.74,16.11,3,5.3707,14,NY,below,above,break,2,24.76,-6.99,1788188100000
VWAP-1s:2026-08-31:29418.74,VWAP-1s,2026-08-31,holdout,29418.74,16.11,3,5.3707,15,NY,above,above,hold,1,4.49,-24.26,1788188340000
VWAP-1s:2026-08-31:29418.74,VWAP-1s,2026-08-31,holdout,29418.74,16.11,3,5.3707,16,NY,above,,ambiguous_horizon,13,23.24,-18.51,1788188520000
VWAP-1s:2026-08-31:29418.74,VWAP-1s,2026-08-31,holdout,29418.74,16.11,3,5.3707,17,NY,below,above,break,5,22.26,-10.74,1788189540000
VWAP-1s:2026-08-31:29418.74,VWAP-1s,2026-08-31,holdout,29418.74,16.11,3,5.3707,18,NY,above,below,break,2,32.74,-6.51,1788190140000
VWAP-1s:2026-08-31:29418.74,VWAP-1s,2026-08-31,holdout,29418.74,16.11,3,5.3707,19,NY,below,below,hold,6,14.01,-21.49,1788191400000
VWAP-1s:2026-08-31:29418.74,VWAP-1s,2026-08-31,holdout,29418.74,16.11,3,5.3707,20,NY,below,below,hold,11,8.01,-23.74,1788193680000
VWAP-1s:2026-08-31:29418.74,VWAP-1s,2026-08-31,holdout,29418.74,16.11,3,5.3707,21,NY,below,above,break,10,18.76,-9.24,1788194460000
VWAP-1s:2026-08-31:29418.74,VWAP-1s,2026-08-31,holdout,29418.74,16.11,3,5.3707,22,NY,above,,ambiguous_horizon,13,7.99,-16.01,1788196080000
VWAP-1s:2026-08-31:29418.74,VWAP-1s,2026-08-31,holdout,29418.74,16.11,3,5.3707,23,NY,above,below,break,2,17.24,-1.26,1788197040000
VWAP-1s:2026-08-31:29418.74,VWAP-1s,2026-08-31,holdout,29418.74,16.11,3,5.3707,24,NY,below,above,break,3,20.76,0.0,1788198000000
VWAP-1s:2026-08-31:29418.74,VWAP-1s,2026-08-31,holdout,29418.74,16.11,3,5.3707,25,NY,above,below,break,3,26.74,0.0,1788201300000
VWAP-1s:2026-08-31:29418.74,VWAP-1s,2026-08-31,holdout,29418.74,16.11,3,5.3707,26,NY,below,,ambiguous_horizon,13,9.76,-15.74,1788202740000
VWAP-1s:2026-08-31:29418.74,VWAP-1s,2026-08-31,holdout,29418.74,16.11,3,5.3707,27,NY,above,,ambiguous_horizon,13,1.74,-23.01,1788203580000
SETTLE:2026-08-31:29514.85,SETTLE,2026-08-31,holdout,29514.85,16.11,3,5.3707,1,ASIA,below,,ambiguous_horizon,13,3.4,-16.35,1788157200000
SETTLE:2026-08-31:29514.85,SETTLE,2026-08-31,holdout,29514.85,16.11,3,5.3707,2,ASIA,below,,ambiguous_horizon,13,13.65,-10.1,1788158220000
SETTLE:2026-08-31:29514.85,SETTLE,2026-08-31,holdout,29514.85,16.11,3,5.3707,3,ASIA,below,,ambiguous_horizon,13,6.15,-11.1,1788159120000
SETTLE:2026-08-31:29514.85,SETTLE,2026-08-31,holdout,29514.85,16.11,3,5.3707,4,LONDON,below,,ambiguous_horizon,13,7.4,-14.85,1788160020000
SETTLE:2026-08-31:29514.85,SETTLE,2026-08-31,holdout,29514.85,16.11,3,5.3707,5,LONDON,below,,ambiguous_horizon,13,6.65,-11.85,1788160860000
SETTLE:2026-08-31:29514.85,SETTLE,2026-08-31,holdout,29514.85,16.11,3,5.3707,6,LONDON,above,,ambiguous_horizon,13,16.1,0.0,1788161820000
SETTLE:2026-08-31:29514.85,SETTLE,2026-08-31,holdout,29514.85,16.11,3,5.3707,7,LONDON,below,below,hold,3,23.9,-27.1,1788163200000
SETTLE:2026-08-31:29514.85,SETTLE,2026-08-31,holdout,29514.85,16.11,3,5.3707,8,LONDON,below,above,break,3,19.15,-4.6,1788163620000
SETTLE:2026-08-31:29514.85,SETTLE,2026-08-31,holdout,29514.85,16.11,3,5.3707,9,LONDON,above,below,break,6,16.85,0.0,1788163980000
SETTLE:2026-08-31:29514.85,SETTLE,2026-08-31,holdout,29514.85,16.11,3,5.3707,10,NY,below,below,hold,1,0.0,-49.6,1788183060000
SETTLE:2026-08-31:29514.85,SETTLE,2026-08-31,holdout,29514.85,16.11,3,5.3707,11,NY,below,,ambiguous_horizon,13,23.15,-16.6,1788205800000
SETTLE:2026-08-31:29514.85,SETTLE,2026-08-31,holdout,29514.85,16.11,3,5.3707,12,NY,above,,ambiguous_horizon,13,7.1,-12.15,1788206760000
SETTLE:2026-08-31:29514.85,SETTLE,2026-08-31,holdout,29514.85,16.11,3,5.3707,13,NY,below,,ambiguous_horizon,13,2.65,-5.1,1788207900000
SETTLE:2026-08-31:29514.85,SETTLE,2026-08-31,holdout,29514.85,16.11,3,5.3707,14,NY,above,,ambiguous_horizon,13,7.85,-4.4,1788209100000
RND-500:2026-08-31:29500.00,RND-500,2026-08-31,holdout,29500.0,16.11,3,5.3707,1,ASIA,above,below,break,1,36.75,0.0,1788127380000
RND-500:2026-08-31:29500.00,RND-500,2026-08-31,holdout,29500.0,16.11,3,5.3707,2,ASIA,below,,ambiguous_horizon,13,18.25,0.0,1788156840000
RND-500:2026-08-31:29500.00,RND-500,2026-08-31,holdout,29500.0,16.11,3,5.3707,3,ASIA,above,above,hold,9,4.5,-20.0,1788157800000
RND-500:2026-08-31:29500.00,RND-500,2026-08-31,holdout,29500.0,16.11,3,5.3707,4,LONDON,above,,ambiguous_horizon,13,0.0,-22.25,1788160020000
RND-500:2026-08-31:29500.00,RND-500,2026-08-31,holdout,29500.0,16.11,3,5.3707,5,LONDON,above,above,hold,11,8.0,-20.75,1788162540000
RND-500:2026-08-31:29500.00,RND-500,2026-08-31,holdout,29500.0,16.11,3,5.3707,6,LONDON,above,above,hold,6,13.25,-29.75,1788163320000
RND-500:2026-08-31:29500.00,RND-500,2026-08-31,holdout,29500.0,16.11,3,5.3707,7,LONDON,above,,ambiguous_horizon,13,14.25,-6.0,1788164340000
RND-500:2026-08-31:29500.00,RND-500,2026-08-31,holdout,29500.0,16.11,3,5.3707,8,LONDON,below,below,hold,6,0.0,-17.75,1788165300000
RND-500:2026-08-31:29500.00,RND-500,2026-08-31,holdout,29500.0,16.11,3,5.3707,9,LONDON,below,,ambiguous_horizon,13,9.5,-10.75,1788167580000
RND-500:2026-08-31:29500.00,RND-500,2026-08-31,holdout,29500.0,16.11,3,5.3707,10,NY,below,below,hold,1,14.75,-34.75,1788183060000
RND-500:2026-08-31:29500.00,RND-500,2026-08-31,holdout,29500.0,16.11,3,5.3707,11,NY,below,above,break,1,29.0,0.0,1788205800000
RND-500:2026-08-31:29500.00,RND-500,2026-08-31,holdout,29500.0,16.11,3,5.3707,12,NY,above,above,hold,1,0.0,-25.75,1788206340000
PDH:2026-09-01:29543.50,PDH,2026-09-01,holdout,29543.5,16.11,3,5.3707,1,ASIA,below,above,break,2,21.5,-1.5,1788242040000
PDH:2026-09-01:29543.50,PDH,2026-09-01,holdout,29543.5,16.11,3,5.3707,2,ASIA,above,,ambiguous_horizon,13,14.0,-14.75,1788242640000
PDH:2026-09-01:29543.50,PDH,2026-09-01,holdout,29543.5,16.11,3,5.3707,3,ASIA,below,below,hold,4,0.0,-19.0,1788244980000
PDH:2026-09-01:29543.50,PDH,2026-09-01,holdout,29543.5,16.11,3,5.3707,4,LONDON,below,below,hold,8,11.5,-23.75,1788246120000
PDH:2026-09-01:29543.50,PDH,2026-09-01,holdout,29543.5,16.11,3,5.3707,5,LONDON,below,,ambiguous_horizon,13,12.75,-16.25,1788246840000
PDH:2026-09-01:29543.50,PDH,2026-09-01,holdout,29543.5,16.11,3,5.3707,6,LONDON,above,below,break,4,27.75,-0.75,1788247800000
PDL:2026-09-01:29273.50,PDL,2026-09-01,holdout,29273.5,16.11,3,5.3707,1,LONDON,above,below,break,5,18.5,-6.25,1788251820000
PDL:2026-09-01:29273.50,PDL,2026-09-01,holdout,29273.5,16.11,3,5.3707,2,LONDON,below,below,hold,3,6.5,-19.5,1788252780000
PDL:2026-09-01:29273.50,PDL,2026-09-01,holdout,29273.5,16.11,3,5.3707,3,NY,below,above,break,4,22.0,-6.75,1788277260000
PDL:2026-09-01:29273.50,PDL,2026-09-01,holdout,29273.5,16.11,3,5.3707,4,NY,above,below,break,6,28.75,-7.25,1788278700000
PDC:2026-09-01:29521.50,PDC,2026-09-01,holdout,29521.5,16.11,3,5.3707,1,ASIA,below,below,hold,3,0.0,-22.0,1788221340000
PDC:2026-09-01:29521.50,PDC,2026-09-01,holdout,29521.5,16.11,3,5.3707,2,ASIA,below,,ambiguous_horizon,13,15.75,-6.5,1788241140000
PDC:2026-09-01:29521.50,PDC,2026-09-01,holdout,29521.5,16.11,3,5.3707,3,ASIA,above,,ambiguous_horizon,13,7.5,-16.75,1788244140000
PDC:2026-09-01:29521.50,PDC,2026-09-01,holdout,29521.5,16.11,3,5.3707,4,ASIA,above,above,hold,6,9.75,-28.25,1788245760000
PDC:2026-09-01:29521.50,PDC,2026-09-01,holdout,29521.5,16.11,3,5.3707,5,LONDON,above,above,hold,3,6.75,-16.25,1788246600000
PDC:2026-09-01:29521.50,PDC,2026-09-01,holdout,29521.5,16.11,3,5.3707,6,LONDON,above,below,break,2,25.25,0.0,1788248040000
ONH:2026-09-01:29571.00,ONH,2026-09-01,holdout,29571.0,16.11,3,5.3707,1,ASIA,below,below,hold,6,0.0,-26.0,1788242220000
ONL:2026-09-01:29082.75,ONL,2026-09-01,holdout,29082.75,16.11,3,5.3707,1,LONDON,above,above,hold,3,0.0,-19.75,1788268680000
ONL:2026-09-01:29082.75,ONL,2026-09-01,holdout,29082.75,16.11,3,5.3707,2,NY,above,above,hold,3,12.75,-33.0,1788269460000
ONL:2026-09-01:29082.75,ONL,2026-09-01,holdout,29082.75,16.11,3,5.3707,3,NY,above,below,break,2,27.75,-4.75,1788269880000
ONL:2026-09-01:29082.75,ONL,2026-09-01,holdout,29082.75,16.11,3,5.3707,4,NY,below,above,break,2,40.25,-11.25,1788270180000
ONL:2026-09-01:29082.75,ONL,2026-09-01,holdout,29082.75,16.11,3,5.3707,5,NY,above,below,break,7,22.75,-14.5,1788287400000
ONL:2026-09-01:29082.75,ONL,2026-09-01,holdout,29082.75,16.11,3,5.3707,6,NY,below,above,break,4,22.25,-12.5,1788289200000
RTH-H:2026-09-01:29317.25,RTH-H,2026-09-01,holdout,29317.25,16.11,3,5.3707,1,LONDON,above,below,break,6,34.0,-14.0,1788250860000
RTH-H:2026-09-01:29317.25,RTH-H,2026-09-01,holdout,29317.25,16.11,3,5.3707,2,NY,below,below,hold,7,0.0,-22.75,1788277740000
RTH-L:2026-09-01:29001.75,RTH-L,2026-09-01,holdout,29001.75,16.11,3,5.3707,1,NY,above,above,hold,1,0.0,-27.25,1788288360000
OR30-H:2026-09-01:29125.00,OR30-H,2026-09-01,holdout,29125.0,16.11,3,5.3707,1,LONDON,above,above,hold,4,0.0,-28.0,1788266580000
OR30-H:2026-09-01:29125.00,OR30-H,2026-09-01,holdout,29125.0,16.11,3,5.3707,2,LONDON,above,below,break,12,25.0,-13.25,1788266940000
OR30-H:2026-09-01:29125.00,OR30-H,2026-09-01,holdout,29125.0,16.11,3,5.3707,3,NY,below,below,hold,1,0.0,-62.25,1788269400000
OR30-H:2026-09-01:29125.00,OR30-H,2026-09-01,holdout,29125.0,16.11,3,5.3707,4,NY,below,below,hold,1,2.25,-27.5,1788269700000
OR30-H:2026-09-01:29125.00,OR30-H,2026-09-01,holdout,29125.0,16.11,3,5.3707,5,NY,below,above,break,3,22.25,-16.5,1788270360000
OR30-H:2026-09-01:29125.00,OR30-H,2026-09-01,holdout,29125.0,16.11,3,5.3707,6,NY,above,below,break,4,24.25,-5.0,1788270720000
OR30-H:2026-09-01:29125.00,OR30-H,2026-09-01,holdout,29125.0,16.11,3,5.3707,7,NY,below,below,hold,2,13.75,-40.0,1788271200000
OR30-H:2026-09-01:29125.00,OR30-H,2026-09-01,holdout,29125.0,16.11,3,5.3707,8,NY,below,above,break,1,31.5,0.0,1788271560000
OR30-H:2026-09-01:29125.00,OR30-H,2026-09-01,holdout,29125.0,16.11,3,5.3707,9,NY,above,above,hold,3,9.0,-46.75,1788271920000
OR30-H:2026-09-01:29125.00,OR30-H,2026-09-01,holdout,29125.0,16.11,3,5.3707,10,NY,above,above,hold,4,7.75,-20.75,1788283500000
OR30-H:2026-09-01:29125.00,OR30-H,2026-09-01,holdout,29125.0,16.11,3,5.3707,11,NY,above,,ambiguous_horizon,13,7.5,-26.25,1788284940000
OR30-H:2026-09-01:29125.00,OR30-H,2026-09-01,holdout,29125.0,16.11,3,5.3707,12,NY,above,below,break,9,20.0,-1.25,1788285840000
OR30-H:2026-09-01:29125.00,OR30-H,2026-09-01,holdout,29125.0,16.11,3,5.3707,13,NY,below,below,hold,5,0.5,-21.5,1788290100000
OR30-H:2026-09-01:29125.00,OR30-H,2026-09-01,holdout,29125.0,16.11,3,5.3707,14,NY,below,below,hold,2,3.25,-26.5,1788290940000
OR30-H:2026-09-01:29125.00,OR30-H,2026-09-01,holdout,29125.0,16.11,3,5.3707,15,NY,below,below,hold,7,16.25,-18.5,1788291900000
OR30-H:2026-09-01:29125.00,OR30-H,2026-09-01,holdout,29125.0,16.11,3,5.3707,16,NY,below,,ambiguous_horizon,13,33.0,-13.25,1788292740000
OR30-H:2026-09-01:29125.00,OR30-H,2026-09-01,holdout,29125.0,16.11,3,5.3707,17,NY,above,above,hold,3,0.0,-28.25,1788293580000
OR30-L:2026-09-01:29086.75,OR30-L,2026-09-01,holdout,29086.75,16.11,3,5.3707,1,LONDON,above,,ambiguous_horizon,13,4.0,-17.75,1788268020000
OR30-L:2026-09-01:29086.75,OR30-L,2026-09-01,holdout,29086.75,16.11,3,5.3707,2,NY,above,above,hold,5,24.0,-53.75,1788269400000
OR30-L:2026-09-01:29086.75,OR30-L,2026-09-01,holdout,29086.75,16.11,3,5.3707,3,NY,above,below,break,2,31.75,-0.75,1788269880000
OR30-L:2026-09-01:29086.75,OR30-L,2026-09-01,holdout,29086.75,16.11,3,5.3707,4,NY,below,above,break,1,36.25,-12.25,1788270240000
OR30-L:2026-09-01:29086.75,OR30-L,2026-09-01,holdout,29086.75,16.11,3,5.3707,5,NY,above,above,hold,1,0.0,-30.25,1788271320000
OR30-L:2026-09-01:29086.75,OR30-L,2026-09-01,holdout,29086.75,16.11,3,5.3707,6,NY,above,below,break,9,26.75,-10.75,1788287280000
OR30-L:2026-09-01:29086.75,OR30-L,2026-09-01,holdout,29086.75,16.11,3,5.3707,7,NY,below,above,break,10,23.75,-16.5,1788289200000
OR30-L:2026-09-01:29086.75,OR30-L,2026-09-01,holdout,29086.75,16.11,3,5.3707,8,NY,above,above,hold,1,0.0,-19.75,1788292380000
VWAP:2026-09-01:29297.21,VWAP,2026-09-01,holdout,29297.21,16.11,3,5.3707,1,LONDON,above,below,break,10,30.96,-15.54,1788251220000
VWAP:2026-09-01:29297.21,VWAP,2026-09-01,holdout,29297.21,16.11,3,5.3707,2,NY,below,,ambiguous_horizon,13,20.04,-8.71,1788277560000
VWAP+1s:2026-09-01:29448.97,VWAP+1s,2026-09-01,holdout,29448.97,16.11,3,5.3707,1,ASIA,above,,ambiguous_horizon,13,13.22,-5.78,1788230100000
VWAP+1s:2026-09-01:29448.97,VWAP+1s,2026-09-01,holdout,29448.97,16.11,3,5.3707,2,ASIA,above,above,hold,4,1.22,-22.03,1788240060000
VWAP+1s:2026-09-01:29448.97,VWAP+1s,2026-09-01,holdout,29448.97,16.11,3,5.3707,3,LONDON,above,above,hold,3,9.97,-28.53,1788248700000
VWAP+1s:2026-09-01:29448.97,VWAP+1s,2026-09-01,holdout,29448.97,16.11,3,5.3707,4,LONDON,above,below,break,4,27.22,-0.03,1788249360000
VWAP+1s:2026-09-01:29448.97,VWAP+1s,2026-09-01,holdout,29448.97,16.11,3,5.3707,5,LONDON,below,below,hold,1,0.0,-93.22,1788249900000
VWAP-1s:2026-09-01:29145.44,VWAP-1s,2026-09-01,holdout,29145.44,16.11,3,5.3707,1,LONDON,above,above,hold,7,7.44,-23.81,1788265140000
VWAP-1s:2026-09-01:29145.44,VWAP-1s,2026-09-01,holdout,29145.44,16.11,3,5.3707,2,LONDON,above,below,break,5,17.44,-9.31,1788265920000
VWAP-1s:2026-09-01:29145.44,VWAP-1s,2026-09-01,holdout,29145.44,16.11,3,5.3707,3,LONDON,below,below,hold,4,0.0,-22.19,1788266340000
VWAP-1s:2026-09-01:29145.44,VWAP-1s,2026-09-01,holdout,29145.44,16.11,3,5.3707,4,LONDON,below,below,hold,1,4.56,-18.94,1788266820000
VWAP-1s:2026-09-01:29145.44,VWAP-1s,2026-09-01,holdout,29145.44,16.11,3,5.3707,5,NY,below,below,hold,1,0.0,-36.94,1788270420000
VWAP-1s:2026-09-01:29145.44,VWAP-1s,2026-09-01,holdout,29145.44,16.11,3,5.3707,6,NY,below,below,hold,2,2.31,-33.19,1788270600000
VWAP-1s:2026-09-01:29145.44,VWAP-1s,2026-09-01,holdout,29145.44,16.11,3,5.3707,7,NY,below,below,hold,6,17.81,-25.94,1788271560000
VWAP-1s:2026-09-01:29145.44,VWAP-1s,2026-09-01,holdout,29145.44,16.11,3,5.3707,8,NY,below,above,break,1,27.56,0.0,1788272100000
VWAP-1s:2026-09-01:29145.44,VWAP-1s,2026-09-01,holdout,29145.44,16.11,3,5.3707,9,NY,above,above,hold,4,9.69,-33.56,1788272280000
VWAP-1s:2026-09-01:29145.44,VWAP-1s,2026-09-01,holdout,29145.44,16.11,3,5.3707,10,NY,above,above,hold,8,15.44,-18.56,1788280260000
VWAP-1s:2026-09-01:29145.44,VWAP-1s,2026-09-01,holdout,29145.44,16.11,3,5.3707,11,NY,above,above,hold,8,12.44,-22.06,1788280920000
VWAP-1s:2026-09-01:29145.44,VWAP-1s,2026-09-01,holdout,29145.44,16.11,3,5.3707,12,NY,above,,ambiguous_horizon,13,11.69,-20.06,1788282420000
VWAP-1s:2026-09-01:29145.44,VWAP-1s,2026-09-01,holdout,29145.44,16.11,3,5.3707,13,NY,below,below,hold,1,0.0,-27.69,1788283500000
VWAP-1s:2026-09-01:29145.44,VWAP-1s,2026-09-01,holdout,29145.44,16.11,3,5.3707,14,NY,below,,ambiguous_horizon,13,16.56,-8.19,1788283740000
VWAP-1s:2026-09-01:29145.44,VWAP-1s,2026-09-01,holdout,29145.44,16.11,3,5.3707,15,NY,above,below,break,1,20.19,-1.31,1788284700000
VWAP-1s:2026-09-01:29145.44,VWAP-1s,2026-09-01,holdout,29145.44,16.11,3,5.3707,16,NY,below,below,hold,4,0.0,-25.44,1788285600000
VWAP-1s:2026-09-01:29145.44,VWAP-1s,2026-09-01,holdout,29145.44,16.11,3,5.3707,17,NY,below,below,hold,1,0.0,-28.44,1788292800000
VWAP-1s:2026-09-01:29145.44,VWAP-1s,2026-09-01,holdout,29145.44,16.11,3,5.3707,18,NY,below,below,hold,3,0.0,-20.44,1788293220000
VWAP-1s:2026-09-01:29145.44,VWAP-1s,2026-09-01,holdout,29145.44,16.11,3,5.3707,19,NY,below,,ambiguous_horizon,13,14.81,-7.44,1788293760000
VWAP-1s:2026-09-01:29145.44,VWAP-1s,2026-09-01,holdout,29145.44,16.11,3,5.3707,20,NY,below,,ambiguous_horizon,13,2.31,-10.44,1788295320000
SETTLE:2026-09-01:29127.93,SETTLE,2026-09-01,holdout,29127.93,16.11,3,5.3707,1,LONDON,above,above,hold,9,4.68,-26.57,1788266280000
SETTLE:2026-09-01:29127.93,SETTLE,2026-09-01,holdout,29127.93,16.11,3,5.3707,2,LONDON,above,,ambiguous_horizon,13,16.43,-10.32,1788266880000
SETTLE:2026-09-01:29127.93,SETTLE,2026-09-01,holdout,29127.93,16.11,3,5.3707,3,NY,below,below,hold,1,0.0,-30.43,1788269700000
SETTLE:2026-09-01:29127.93,SETTLE,2026-09-01,holdout,29127.93,16.11,3,5.3707,4,NY,below,above,break,3,29.82,-19.43,1788270420000
SETTLE:2026-09-01:29127.93,SETTLE,2026-09-01,holdout,29127.93,16.11,3,5.3707,5,NY,above,below,break,4,27.18,-2.07,1788270720000
SETTLE:2026-09-01:29127.93,SETTLE,2026-09-01,holdout,29127.93,16.11,3,5.3707,6,NY,below,below,hold,2,10.82,-42.93,1788271200000
SETTLE:2026-09-01:29127.93,SETTLE,2026-09-01,holdout,29127.93,16.11,3,5.3707,7,NY,below,above,break,1,28.57,0.0,1788271560000
SETTLE:2026-09-01:29127.93,SETTLE,2026-09-01,holdout,29127.93,16.11,3,5.3707,8,NY,above,above,hold,3,11.93,-43.82,1788271920000
SETTLE:2026-09-01:29127.93,SETTLE,2026-09-01,holdout,29127.93,16.11,3,5.3707,9,NY,above,above,hold,5,10.68,-33.57,1788283500000
SETTLE:2026-09-01:29127.93,SETTLE,2026-09-01,holdout,29127.93,16.11,3,5.3707,10,NY,above,,ambiguous_horizon,13,10.43,-11.07,1788284760000
SETTLE:2026-09-01:29127.93,SETTLE,2026-09-01,holdout,29127.93,16.11,3,5.3707,11,NY,above,below,break,9,22.93,0.0,1788285840000
SETTLE:2026-09-01:29127.93,SETTLE,2026-09-01,holdout,29127.93,16.11,3,5.3707,12,NY,below,below,hold,1,0.32,-17.18,1788290940000
SETTLE:2026-09-01:29127.93,SETTLE,2026-09-01,holdout,29127.93,16.11,3,5.3707,13,NY,below,below,hold,7,13.32,-21.43,1788291900000
SETTLE:2026-09-01:29127.93,SETTLE,2026-09-01,holdout,29127.93,16.11,3,5.3707,14,NY,below,,ambiguous_horizon,13,30.07,-16.18,1788292740000
RND-250:2026-09-01:29250.00,RND-250,2026-09-01,holdout,29250.0,16.11,3,5.3707,1,LONDON,above,above,hold,2,0.0,-23.0,1788252180000
RND-250:2026-09-01:29250.00,RND-250,2026-09-01,holdout,29250.0,16.11,3,5.3707,2,LONDON,above,above,hold,4,1.5,-17.25,1788252480000
RND-250:2026-09-01:29250.00,RND-250,2026-09-01,holdout,29250.0,16.11,3,5.3707,3,LONDON,above,below,break,2,21.25,-4.75,1788253080000
RND-250:2026-09-01:29250.00,RND-250,2026-09-01,holdout,29250.0,16.11,3,5.3707,4,LONDON,below,below,hold,10,8.0,-23.25,1788258840000
RND-250:2026-09-01:29250.00,RND-250,2026-09-01,holdout,29250.0,16.11,3,5.3707,5,NY,below,below,hold,4,18.25,-25.25,1788274020000
RND-250:2026-09-01:29250.00,RND-250,2026-09-01,holdout,29250.0,16.11,3,5.3707,6,NY,below,above,break,2,19.75,0.0,1788277020000
RND-250:2026-09-01:29250.00,RND-250,2026-09-01,holdout,29250.0,16.11,3,5.3707,7,NY,above,below,break,4,18.25,-15.25,1788279000000
RND-500:2026-09-01:29500.00,RND-500,2026-09-01,holdout,29500.0,16.11,3,5.3707,1,ASIA,above,,ambiguous_horizon,13,2.25,-6.25,1788214560000
RND-500:2026-09-01:29500.00,RND-500,2026-09-01,holdout,29500.0,16.11,3,5.3707,2,ASIA,above,,ambiguous_horizon,13,9.25,-1.25,1788216420000
RND-500:2026-09-01:29500.00,RND-500,2026-09-01,holdout,29500.0,16.11,3,5.3707,3,ASIA,below,,ambiguous_horizon,13,6.5,-16.75,1788217260000
RND-500:2026-09-01:29500.00,RND-500,2026-09-01,holdout,29500.0,16.11,3,5.3707,4,ASIA,below,,ambiguous_horizon,13,17.5,-6.75,1788219000000
RND-500:2026-09-01:29500.00,RND-500,2026-09-01,holdout,29500.0,16.11,3,5.3707,5,ASIA,above,,ambiguous_horizon,13,19.75,-18.0,1788220560000
RND-500:2026-09-01:29500.00,RND-500,2026-09-01,holdout,29500.0,16.11,3,5.3707,6,ASIA,above,below,break,3,23.0,-3.25,1788221520000
RND-500:2026-09-01:29500.00,RND-500,2026-09-01,holdout,29500.0,16.11,3,5.3707,7,ASIA,below,,ambiguous_horizon,13,18.75,-4.75,1788221760000
RND-500:2026-09-01:29500.00,RND-500,2026-09-01,holdout,29500.0,16.11,3,5.3707,8,ASIA,above,,ambiguous_horizon,13,15.75,-8.25,1788222720000
RND-500:2026-09-01:29500.00,RND-500,2026-09-01,holdout,29500.0,16.11,3,5.3707,9,ASIA,above,,ambiguous_horizon,13,8.0,-8.5,1788223560000
RND-500:2026-09-01:29500.00,RND-500,2026-09-01,holdout,29500.0,16.11,3,5.3707,10,ASIA,above,,ambiguous_horizon,13,8.25,-16.5,1788224760000
RND-500:2026-09-01:29500.00,RND-500,2026-09-01,holdout,29500.0,16.11,3,5.3707,11,ASIA,above,below,break,3,22.5,0.0,1788225900000
RND-500:2026-09-01:29500.00,RND-500,2026-09-01,holdout,29500.0,16.11,3,5.3707,12,ASIA,below,,ambiguous_horizon,13,15.5,-8.75,1788226440000
RND-500:2026-09-01:29500.00,RND-500,2026-09-01,holdout,29500.0,16.11,3,5.3707,13,ASIA,above,,ambiguous_horizon,13,14.75,-5.25,1788227640000
RND-500:2026-09-01:29500.00,RND-500,2026-09-01,holdout,29500.0,16.11,3,5.3707,14,ASIA,below,,ambiguous_horizon,13,2.25,-14.5,1788236460000
RND-500:2026-09-01:29500.00,RND-500,2026-09-01,holdout,29500.0,16.11,3,5.3707,15,ASIA,below,below,hold,4,0.0,-20.0,1788237420000
RND-500:2026-09-01:29500.00,RND-500,2026-09-01,holdout,29500.0,16.11,3,5.3707,16,ASIA,below,above,break,9,21.5,-9.75,1788240660000
RND-500:2026-09-01:29500.00,RND-500,2026-09-01,holdout,29500.0,16.11,3,5.3707,17,LONDON,above,below,break,2,23.75,0.0,1788248160000
PDL:2026-09-02:29001.75,PDL,2026-09-02,holdout,29001.75,16.11,3,5.3707,1,LONDON,above,below,break,2,35.25,-1.25,1788339060000
PDL:2026-09-02:29001.75,PDL,2026-09-02,holdout,29001.75,16.11,3,5.3707,2,LONDON,below,above,break,3,23.25,-5.5,1788339720000
PDL:2026-09-02:29001.75,PDL,2026-09-02,holdout,29001.75,16.11,3,5.3707,3,LONDON,above,below,break,7,33.25,-6.75,1788340020000
PDL:2026-09-02:29001.75,PDL,2026-09-02,holdout,29001.75,16.11,3,5.3707,4,LONDON,below,above,break,12,25.5,-6.75,1788347640000
PDC:2026-09-02:29139.00,PDC,2026-09-02,holdout,29139.0,16.11,3,5.3707,1,ASIA,below,below,hold,1,0.0,-18.0,1788300180000
PDC:2026-09-02:29139.00,PDC,2026-09-02,holdout,29139.0,16.11,3,5.3707,2,ASIA,below,,ambiguous_horizon,13,4.75,-9.25,1788305040000
PDC:2026-09-02:29139.00,PDC,2026-09-02,holdout,29139.0,16.11,3,5.3707,3,ASIA,below,,ambiguous_horizon,13,9.25,-5.0,1788306240000
PDC:2026-09-02:29139.00,PDC,2026-09-02,holdout,29139.0,16.11,3,5.3707,4,ASIA,below,above,break,8,32.25,-11.25,1788308040000
PDC:2026-09-02:29139.00,PDC,2026-09-02,holdout,29139.0,16.11,3,5.3707,5,ASIA,above,,ambiguous_horizon,13,20.0,-9.25,1788308820000
PDC:2026-09-02:29139.00,PDC,2026-09-02,holdout,29139.0,16.11,3,5.3707,6,ASIA,below,below,hold,9,6.5,-18.5,1788309840000
PDC:2026-09-02:29139.00,PDC,2026-09-02,holdout,29139.0,16.11,3,5.3707,7,LONDON,below,below,hold,2,10.25,-17.5,1788351600000
PDC:2026-09-02:29139.00,PDC,2026-09-02,holdout,29139.0,16.11,3,5.3707,8,NY,below,above,break,3,23.5,-2.5,1788358560000
PDC:2026-09-02:29139.00,PDC,2026-09-02,holdout,29139.0,16.11,3,5.3707,9,NY,above,below,break,5,23.0,-1.75,1788360780000
PDC:2026-09-02:29139.00,PDC,2026-09-02,holdout,29139.0,16.11,3,5.3707,10,NY,below,above,break,8,26.75,-15.75,1788361380000
PDC:2026-09-02:29139.00,PDC,2026-09-02,holdout,29139.0,16.11,3,5.3707,11,NY,above,above,hold,2,3.0,-27.25,1788364200000
PDC:2026-09-02:29139.00,PDC,2026-09-02,holdout,29139.0,16.11,3,5.3707,12,NY,above,above,hold,9,2.25,-22.25,1788367440000
PDC:2026-09-02:29139.00,PDC,2026-09-02,holdout,29139.0,16.11,3,5.3707,13,NY,above,,ambiguous_horizon,13,14.0,-14.25,1788368880000
PDC:2026-09-02:29139.00,PDC,2026-09-02,holdout,29139.0,16.11,3,5.3707,14,NY,above,above,hold,11,11.5,-20.0,1788370380000
PDC:2026-09-02:29139.00,PDC,2026-09-02,holdout,29139.0,16.11,3,5.3707,15,NY,above,above,hold,4,3.5,-21.0,1788372000000
PDC:2026-09-02:29139.00,PDC,2026-09-02,holdout,29139.0,16.11,3,5.3707,16,NY,above,above,hold,6,1.25,-60.5,1788372720000
PDC:2026-09-02:29139.00,PDC,2026-09-02,holdout,29139.0,16.11,3,5.3707,17,NY,above,,ambiguous_horizon,13,8.75,-15.5,1788374340000
PDC:2026-09-02:29139.00,PDC,2026-09-02,holdout,29139.0,16.11,3,5.3707,18,NY,above,above,hold,7,0.25,-20.25,1788375480000
ONH:2026-09-02:29149.25,ONH,2026-09-02,holdout,29149.25,16.11,3,5.3707,1,ASIA,below,,ambiguous_horizon,13,22.0,-19.25,1788308160000
ONH:2026-09-02:29149.25,ONH,2026-09-02,holdout,29149.25,16.11,3,5.3707,2,LONDON,below,below,hold,1,0.0,-27.75,1788351660000
ONH:2026-09-02:29149.25,ONH,2026-09-02,holdout,29149.25,16.11,3,5.3707,3,NY,below,above,break,3,28.0,-0.75,1788358680000
ONH:2026-09-02:29149.25,ONH,2026-09-02,holdout,29149.25,16.11,3,5.3707,4,NY,above,below,break,4,21.0,-11.25,1788360540000
ONH:2026-09-02:29149.25,ONH,2026-09-02,holdout,29149.25,16.11,3,5.3707,5,NY,below,above,break,9,21.5,-13.0,1788361560000
ONH:2026-09-02:29149.25,ONH,2026-09-02,holdout,29149.25,16.11,3,5.3707,6,NY,above,above,hold,10,13.5,-34.5,1788364080000
ONH:2026-09-02:29149.25,ONH,2026-09-02,holdout,29149.25,16.11,3,5.3707,7,NY,above,above,hold,4,7.0,-20.25,1788366420000
ONH:2026-09-02:29149.25,ONH,2026-09-02,holdout,29149.25,16.11,3,5.3707,8,NY,above,,ambiguous_horizon,13,12.5,-12.0,1788367260000
ONH:2026-09-02:29149.25,ONH,2026-09-02,holdout,29149.25,16.11,3,5.3707,9,NY,above,above,hold,1,0.0,-23.75,1788368340000
ONH:2026-09-02:29149.25,ONH,2026-09-02,holdout,29149.25,16.11,3,5.3707,10,NY,above,below,break,1,20.25,0.0,1788368820000
ONH:2026-09-02:29149.25,ONH,2026-09-02,holdout,29149.25,16.11,3,5.3707,11,NY,below,below,hold,3,0.0,-18.0,1788369240000
ONH:2026-09-02:29149.25,ONH,2026-09-02,holdout,29149.25,16.11,3,5.3707,12,NY,below,below,hold,12,6.5,-16.75,1788369720000
ONH:2026-09-02:29149.25,ONH,2026-09-02,holdout,29149.25,16.11,3,5.3707,13,NY,below,above,break,2,24.25,-2.75,1788370980000
ONH:2026-09-02:29149.25,ONH,2026-09-02,holdout,29149.25,16.11,3,5.3707,14,NY,above,above,hold,2,0.0,-19.5,1788371700000
ONH:2026-09-02:29149.25,ONH,2026-09-02,holdout,29149.25,16.11,3,5.3707,15,NY,above,,ambiguous_horizon,13,13.75,-17.0,1788372000000
ONH:2026-09-02:29149.25,ONH,2026-09-02,holdout,29149.25,16.11,3,5.3707,16,NY,below,above,break,3,50.25,-3.75,1788372900000
ONH:2026-09-02:29149.25,ONH,2026-09-02,holdout,29149.25,16.11,3,5.3707,17,NY,above,below,break,5,17.5,0.0,1788374220000
ONH:2026-09-02:29149.25,ONH,2026-09-02,holdout,29149.25,16.11,3,5.3707,18,NY,below,,ambiguous_horizon,13,5.25,-15.25,1788374940000
ONH:2026-09-02:29149.25,ONH,2026-09-02,holdout,29149.25,16.11,3,5.3707,19,NY,below,above,break,6,17.75,-3.25,1788375780000
ONH:2026-09-02:29149.25,ONH,2026-09-02,holdout,29149.25,16.11,3,5.3707,20,NY,above,,ambiguous_horizon,13,9.75,-17.75,1788380280000
ONH:2026-09-02:29149.25,ONH,2026-09-02,holdout,29149.25,16.11,3,5.3707,21,NY,above,,ambiguous_horizon,13,2.25,-14.75,1788381840000
ONH:2026-09-02:29149.25,ONH,2026-09-02,holdout,29149.25,16.11,3,5.3707,22,NY,below,,ambiguous_horizon,1,0.0,0.0,1788382740000
ONL:2026-09-02:28927.25,ONL,2026-09-02,holdout,28927.25,16.11,3,5.3707,1,LONDON,above,above,hold,4,0.0,-26.75,1788346980000
RTH-H:2026-09-02:29211.75,RTH-H,2026-09-02,holdout,29211.75,16.11,3,5.3707,1,NY,below,below,hold,2,0.0,-20.75,1788359700000
RTH-H:2026-09-02:29211.75,RTH-H,2026-09-02,holdout,29211.75,16.11,3,5.3707,2,NY,below,below,hold,4,0.0,-19.75,1788379620000
RTH-L:2026-09-02:29017.25,RTH-L,2026-09-02,holdout,29017.25,16.11,3,5.3707,1,ASIA,above,above,hold,2,0.75,-27.25,1788330780000
RTH-L:2026-09-02:29017.25,RTH-L,2026-09-02,holdout,29017.25,16.11,3,5.3707,2,LONDON,above,below,break,2,30.25,-3.5,1788339000000
RTH-L:2026-09-02:29017.25,RTH-L,2026-09-02,holdout,29017.25,16.11,3,5.3707,3,LONDON,below,below,hold,2,9.75,-19.75,1788339900000
RTH-L:2026-09-02:29017.25,RTH-L,2026-09-02,holdout,29017.25,16.11,3,5.3707,4,LONDON,below,below,hold,4,10.0,-22.25,1788347640000
RTH-L:2026-09-02:29017.25,RTH-L,2026-09-02,holdout,29017.25,16.11,3,5.3707,5,LONDON,below,above,break,9,21.0,-7.0,1788348180000
RTH-L:2026-09-02:29017.25,RTH-L,2026-09-02,holdout,29017.25,16.11,3,5.3707,6,NY,above,above,hold,1,0.0,-34.75,1788357300000
OR30-H:2026-09-02:29102.00,OR30-H,2026-09-02,holdout,29102.0,16.11,3,5.3707,1,ASIA,above,above,hold,4,0.0,-23.75,1788301320000
OR30-H:2026-09-02:29102.00,OR30-H,2026-09-02,holdout,29102.0,16.11,3,5.3707,2,ASIA,above,above,hold,3,0.0,-24.5,1788310800000
OR30-H:2026-09-02:29102.00,OR30-H,2026-09-02,holdout,29102.0,16.11,3,5.3707,3,ASIA,above,,ambiguous_horizon,13,16.0,-16.25,1788311220000
OR30-H:2026-09-02:29102.00,OR30-H,2026-09-02,holdout,29102.0,16.11,3,5.3707,4,ASIA,above,above,hold,1,3.5,-19.0,1788312120000
OR30-H:2026-09-02:29102.00,OR30-H,2026-09-02,holdout,29102.0,16.11,3,5.3707,5,ASIA,above,below,break,3,22.0,0.0,1788313020000
OR30-H:2026-09-02:29102.00,OR30-H,2026-09-02,holdout,29102.0,16.11,3,5.3707,6,ASIA,below,below,hold,4,0.0,-19.5,1788327060000
OR30-H:2026-09-02:29102.00,OR30-H,2026-09-02,holdout,29102.0,16.11,3,5.3707,7,ASIA,below,below,hold,8,0.5,-26.0,1788327840000
OR30-H:2026-09-02:29102.00,OR30-H,2026-09-02,holdout,29102.0,16.11,3,5.3707,8,LONDON,below,,ambiguous_horizon,13,19.0,-11.0,1788332520000
OR30-H:2026-09-02:29102.00,OR30-H,2026-09-02,holdout,29102.0,16.11,3,5.3707,9,LONDON,above,below,break,3,26.75,-11.0,1788333720000
OR30-H:2026-09-02:29102.00,OR30-H,2026-09-02,holdout,29102.0,16.11,3,5.3707,10,LONDON,below,below,hold,8,0.0,-24.75,1788334020000
OR30-H:2026-09-02:29102.00,OR30-H,2026-09-02,holdout,29102.0,16.11,3,5.3707,11,LONDON,below,above,break,9,22.0,-21.25,1788350700000
OR30-H:2026-09-02:29102.00,OR30-H,2026-09-02,holdout,29102.0,16.11,3,5.3707,12,LONDON,above,above,hold,5,7.5,-38.25,1788351300000
OR30-H:2026-09-02:29102.00,OR30-H,2026-09-02,holdout,29102.0,16.11,3,5.3707,13,LONDON,above,below,break,7,22.75,-1.25,1788352200000
OR30-H:2026-09-02:29102.00,OR30-H,2026-09-02,holdout,29102.0,16.11,3,5.3707,14,LONDON,below,below,hold,3,13.5,-59.25,1788355620000
OR30-H:2026-09-02:29102.00,OR30-H,2026-09-02,holdout,29102.0,16.11,3,5.3707,15,NY,below,below,hold,3,17.0,-21.0,1788356400000
OR30-H:2026-09-02:29102.00,OR30-H,2026-09-02,holdout,29102.0,16.11,3,5.3707,16,NY,below,below,hold,1,0.0,-53.0,1788356700000
OR30-H:2026-09-02:29102.00,OR30-H,2026-09-02,holdout,29102.0,16.11,3,5.3707,17,NY,below,above,break,7,26.25,-15.25,1788358020000
OR30-L:2026-09-02:29042.75,OR30-L,2026-09-02,holdout,29042.75,16.11,3,5.3707,1,ASIA,above,above,hold,11,7.5,-20.5,1788321840000
OR30-L:2026-09-02:29042.75,OR30-L,2026-09-02,holdout,29042.75,16.11,3,5.3707,2,ASIA,above,above,hold,10,5.5,-19.75,1788325320000
OR30-L:2026-09-02:29042.75,OR30-L,2026-09-02,holdout,29042.75,16.11,3,5.3707,3,ASIA,above,,ambiguous_horizon,13,15.5,-15.5,1788329100000
OR30-L:2026-09-02:29042.75,OR30-L,2026-09-02,holdout,29042.75,16.11,3,5.3707,4,ASIA,below,below,hold,4,12.25,-21.5,1788330300000
OR30-L:2026-09-02:29042.75,OR30-L,2026-09-02,holdout,29042.75,16.11,3,5.3707,5,ASIA,below,above,break,4,32.0,-14.5,1788330900000
OR30-L:2026-09-02:29042.75,OR30-L,2026-09-02,holdout,29042.75,16.11,3,5.3707,6,LONDON,above,above,hold,9,2.25,-19.5,1788337260000
OR30-L:2026-09-02:29042.75,OR30-L,2026-09-02,holdout,29042.75,16.11,3,5.3707,7,LONDON,above,below,break,12,18.75,-14.5,1788338100000
OR30-L:2026-09-02:29042.75,OR30-L,2026-09-02,holdout,29042.75,16.11,3,5.3707,8,LONDON,below,,ambiguous_horizon,13,17.0,-16.75,1788348780000
OR30-L:2026-09-02:29042.75,OR30-L,2026-09-02,holdout,29042.75,16.11,3,5.3707,9,LONDON,below,above,break,4,25.25,-6.0,1788350040000
OR30-L:2026-09-02:29042.75,OR30-L,2026-09-02,holdout,29042.75,16.11,3,5.3707,10,LONDON,above,,ambiguous_horizon,13,9.75,-17.5,1788353520000
OR30-L:2026-09-02:29042.75,OR30-L,2026-09-02,holdout,29042.75,16.11,3,5.3707,11,NY,above,above,hold,2,0.0,-42.0,1788355800000
OR30-L:2026-09-02:29042.75,OR30-L,2026-09-02,holdout,29042.75,16.11,3,5.3707,12,NY,above,above,hold,2,3.25,-45.25,1788356220000
OR30-L:2026-09-02:29042.75,OR30-L,2026-09-02,holdout,29042.75,16.11,3,5.3707,13,NY,above,above,hold,1,0.0,-30.75,1788356940000
OR30-L:2026-09-02:29042.75,OR30-L,2026-09-02,holdout,29042.75,16.11,3,5.3707,14,NY,above,above,hold,8,25.5,-23.0,1788357060000
OR30-L:2026-09-02:29042.75,OR30-L,2026-09-02,holdout,29042.75,16.11,3,5.3707,15,NY,above,above,hold,2,0.0,-41.25,1788357720000
VWAP:2026-09-02:29045.19,VWAP,2026-09-02,holdout,29045.19,16.11,3,5.3707,1,ASIA,above,above,hold,4,0.0,-22.56,1788314940000
VWAP:2026-09-02:29045.19,VWAP,2026-09-02,holdout,29045.19,16.11,3,5.3707,2,ASIA,above,,ambiguous_horizon,13,9.94,-10.31,1788321660000
VWAP:2026-09-02:29045.19,VWAP,2026-09-02,holdout,29045.19,16.11,3,5.3707,3,ASIA,above,above,hold,11,7.94,-22.81,1788325320000
VWAP:2026-09-02:29045.19,VWAP,2026-09-02,holdout,29045.19,16.11,3,5.3707,4,ASIA,above,,ambiguous_horizon,13,9.44,-13.06,1788329040000
VWAP:2026-09-02:29045.19,VWAP,2026-09-02,holdout,29045.19,16.11,3,5.3707,5,ASIA,below,below,hold,4,9.81,-23.94,1788330300000
VWAP:2026-09-02:29045.19,VWAP,2026-09-02,holdout,29045.19,16.11,3,5.3707,6,ASIA,below,above,break,3,29.56,-16.94,1788330960000
VWAP:2026-09-02:29045.19,VWAP,2026-09-02,holdout,29045.19,16.11,3,5.3707,7,LONDON,above,,ambiguous_horizon,13,4.69,-23.56,1788337260000
VWAP:2026-09-02:29045.19,VWAP,2026-09-02,holdout,29045.19,16.11,3,5.3707,8,LONDON,above,below,break,12,21.19,-12.06,1788338100000
VWAP:2026-09-02:29045.19,VWAP,2026-09-02,holdout,29045.19,16.11,3,5.3707,9,LONDON,below,,ambiguous_horizon,13,14.56,-19.19,1788348780000
VWAP:2026-09-02:29045.19,VWAP,2026-09-02,holdout,29045.19,16.11,3,5.3707,10,LONDON,below,above,break,4,22.81,-8.44,1788350040000
VWAP:2026-09-02:29045.19,VWAP,2026-09-02,holdout,29045.19,16.11,3,5.3707,11,LONDON,above,,ambiguous_horizon,13,12.19,-15.06,1788353520000
VWAP:2026-09-02:29045.19,VWAP,2026-09-02,holdout,29045.19,16.11,3,5.3707,12,NY,above,above,hold,2,0.69,-39.56,1788355800000
VWAP:2026-09-02:29045.19,VWAP,2026-09-02,holdout,29045.19,16.11,3,5.3707,13,NY,above,above,hold,2,5.69,-42.81,1788356220000
VWAP:2026-09-02:29045.19,VWAP,2026-09-02,holdout,29045.19,16.11,3,5.3707,14,NY,above,above,hold,1,0.0,-28.31,1788356940000
VWAP:2026-09-02:29045.19,VWAP,2026-09-02,holdout,29045.19,16.11,3,5.3707,15,NY,above,below,break,6,27.94,-18.56,1788357060000
VWAP:2026-09-02:29045.19,VWAP,2026-09-02,holdout,29045.19,16.11,3,5.3707,16,NY,below,above,break,5,38.81,-12.94,1788357540000
VWAP+1s:2026-09-02:29095.15,VWAP+1s,2026-09-02,holdout,29095.15,16.11,3,5.3707,1,ASIA,above,above,hold,4,0.4,-22.6,1788311580000
VWAP+1s:2026-09-02:29095.15,VWAP+1s,2026-09-02,holdout,29095.15,16.11,3,5.3707,2,ASIA,above,below,break,5,23.9,0.0,1788313080000
VWAP+1s:2026-09-02:29095.15,VWAP+1s,2026-09-02,holdout,29095.15,16.11,3,5.3707,3,ASIA,below,below,hold,2,6.1,-16.9,1788315600000
VWAP+1s:2026-09-02:29095.15,VWAP+1s,2026-09-02,holdout,29095.15,16.11,3,5.3707,4,ASIA,below,below,hold,6,3.1,-22.9,1788315840000
VWAP+1s:2026-09-02:29095.15,VWAP+1s,2026-09-02,holdout,29095.15,16.11,3,5.3707,5,ASIA,below,below,hold,7,9.85,-20.15,1788327000000
VWAP+1s:2026-09-02:29095.15,VWAP+1s,2026-09-02,holdout,29095.15,16.11,3,5.3707,6,ASIA,below,below,hold,10,7.35,-20.9,1788327780000
VWAP+1s:2026-09-02:29095.15,VWAP+1s,2026-09-02,holdout,29095.15,16.11,3,5.3707,7,ASIA,below,below,hold,1,0.0,-22.65,1788331380000
VWAP+1s:2026-09-02:29095.15,VWAP+1s,2026-09-02,holdout,29095.15,16.11,3,5.3707,8,LONDON,below,above,break,8,25.85,-4.15,1788332520000
VWAP+1s:2026-09-02:29095.15,VWAP+1s,2026-09-02,holdout,29095.15,16.11,3,5.3707,9,LONDON,above,,ambiguous_horizon,13,20.15,-6.85,1788333900000
VWAP+1s:2026-09-02:29095.15,VWAP+1s,2026-09-02,holdout,29095.15,16.11,3,5.3707,10,LONDON,below,below,hold,2,2.35,-28.65,1788336240000
VWAP+1s:2026-09-02:29095.15,VWAP+1s,2026-09-02,holdout,29095.15,16.11,3,5.3707,11,LONDON,below,above,break,9,28.85,-14.4,1788350700000
VWAP+1s:2026-09-02:29095.15,VWAP+1s,2026-09-02,holdout,29095.15,16.11,3,5.3707,12,LONDON,above,above,hold,4,0.65,-45.1,1788351360000
VWAP+1s:2026-09-02:29095.15,VWAP+1s,2026-09-02,holdout,29095.15,16.11,3,5.3707,13,LONDON,above,below,break,6,26.65,0.0,1788352320000
VWAP+1s:2026-09-02:29095.15,VWAP+1s,2026-09-02,holdout,29095.15,16.11,3,5.3707,14,LONDON,below,below,hold,4,20.35,-52.4,1788355560000
VWAP+1s:2026-09-02:29095.15,VWAP+1s,2026-09-02,holdout,29095.15,16.11,3,5.3707,15,NY,below,below,hold,6,23.85,-46.15,1788356400000
VWAP+1s:2026-09-02:29095.15,VWAP+1s,2026-09-02,holdout,29095.15,16.11,3,5.3707,16,NY,below,above,break,8,27.6,-15.65,1788357900000
VWAP-1s:2026-09-02:28995.24,VWAP-1s,2026-09-02,holdout,28995.24,16.11,3,5.3707,1,LONDON,above,below,break,1,28.74,0.0,1788339120000
VWAP-1s:2026-09-02:28995.24,VWAP-1s,2026-09-02,holdout,28995.24,16.11,3,5.3707,2,LONDON,below,above,break,3,29.76,0.0,1788339720000
VWAP-1s:2026-09-02:28995.24,VWAP-1s,2026-09-02,holdout,28995.24,16.11,3,5.3707,3,LONDON,above,below,break,3,26.74,-7.26,1788340260000
VWAP-1s:2026-09-02:28995.24,VWAP-1s,2026-09-02,holdout,28995.24,16.11,3,5.3707,4,LONDON,below,below,hold,1,0.0,-19.24,1788340740000
VWAP-1s:2026-09-02:28995.24,VWAP-1s,2026-09-02,holdout,28995.24,16.11,3,5.3707,5,LONDON,below,below,hold,5,0.0,-27.49,1788344760000
VWAP-1s:2026-09-02:28995.24,VWAP-1s,2026-09-02,holdout,28995.24,16.11,3,5.3707,6,LONDON,below,above,break,1,32.01,0.0,1788347640000
VWAP-1s:2026-09-02:28995.24,VWAP-1s,2026-09-02,holdout,28995.24,16.11,3,5.3707,7,LONDON,above,above,hold,5,0.0,-22.26,1788347880000
SETTLE:2026-09-02:29189.86,SETTLE,2026-09-02,holdout,29189.86,16.11,3,5.3707,1,NY,below,,ambiguous_horizon,13,21.89,-21.61,1788359340000
SETTLE:2026-09-02:29189.86,SETTLE,2026-09-02,holdout,29189.86,16.11,3,5.3707,2,NY,above,below,break,2,18.61,0.0,1788360300000
SETTLE:2026-09-02:29189.86,SETTLE,2026-09-02,holdout,29189.86,16.11,3,5.3707,3,NY,below,,ambiguous_horizon,13,18.64,-13.11,1788362700000
SETTLE:2026-09-02:29189.86,SETTLE,2026-09-02,holdout,29189.86,16.11,3,5.3707,4,NY,below,,ambiguous_horizon,13,8.14,-16.36,1788364740000
SETTLE:2026-09-02:29189.86,SETTLE,2026-09-02,holdout,29189.86,16.11,3,5.3707,5,NY,below,below,hold,1,0.0,-18.86,1788373080000
SETTLE:2026-09-02:29189.86,SETTLE,2026-09-02,holdout,29189.86,16.11,3,5.3707,6,NY,below,below,hold,2,0.0,-19.36,1788378600000
SETTLE:2026-09-02:29189.86,SETTLE,2026-09-02,holdout,29189.86,16.11,3,5.3707,7,NY,below,above,break,12,19.89,-18.61,1788378840000
SETTLE:2026-09-02:29189.86,SETTLE,2026-09-02,holdout,29189.86,16.11,3,5.3707,8,NY,above,below,break,1,39.61,-3.89,1788380040000
RND-1000:2026-09-02:29000.00,RND-1000,2026-09-02,holdout,29000.0,16.11,3,5.3707,1,LONDON,above,below,break,2,33.5,-3.0,1788339060000
RND-1000:2026-09-02:29000.00,RND-1000,2026-09-02,holdout,29000.0,16.11,3,5.3707,2,LONDON,below,above,break,3,25.0,-3.75,1788339720000
RND-1000:2026-09-02:29000.00,RND-1000,2026-09-02,holdout,29000.0,16.11,3,5.3707,3,LONDON,above,below,break,7,31.5,-8.5,1788340020000
RND-1000:2026-09-02:29000.00,RND-1000,2026-09-02,holdout,29000.0,16.11,3,5.3707,4,LONDON,below,above,break,2,27.25,0.0,1788347640000
RND-1000:2026-09-02:29000.00,RND-1000,2026-09-02,holdout,29000.0,16.11,3,5.3707,5,LONDON,above,above,hold,8,4.25,-21.5,1788347880000
