opportunity_version_key,geometry_hash,plan_rowid,plan_id,version,scenario,condition,direction,lifecycle,rule,confirm2_rule,ref_price,arm_enabled,start_ct,end_ct,expected_bars,stored_bars,complete_grid,first_touch_bar_ms,touch_proxy,full_confirm_supported,full_live_fire
2026-08-30:ASIA:8d5c8af5_8ef641a7-815c-4bb5-9798-b070b67d7998_deepseek_1781246265|v1|S1|idx0,7d9e6151bb3c2000,162,2026-08-30:ASIA:8d5c8af5_8ef641a7-815c-4bb5-9798-b070b67d7998_deepseek_1781246265,1,S1,sweep_reclaim,long,no_trade,2x5m_close,,29501,False,2026-08-30T17:08:56.532686-05:00,2026-08-30T18:35:34.353909-05:00,86,86,True,,EXCLUDED_INACTIVE,False,"UNMEASURABLE: arrival-time feed, formation, alive/void and parameter history not complete"
2026-08-30:ASIA:8d5c8af5_8ef641a7-815c-4bb5-9798-b070b67d7998_deepseek_1781246265|v1|S2|idx1,ac4492c08d384597,162,2026-08-30:ASIA:8d5c8af5_8ef641a7-815c-4bb5-9798-b070b67d7998_deepseek_1781246265,1,S2,reject,long,no_trade,2x5m_close,,29494.38,True,2026-08-30T17:08:56.532686-05:00,2026-08-30T18:35:34.353909-05:00,86,86,True,1788128400000,EXCLUDED_INACTIVE,False,"UNMEASURABLE: arrival-time feed, formation, alive/void and parameter history not complete"
2026-08-30:ASIA:8d5c8af5_8ef641a7-815c-4bb5-9798-b070b67d7998_deepseek_1781246265|v1|S3|idx2,850e4a0b02635976,162,2026-08-30:ASIA:8d5c8af5_8ef641a7-815c-4bb5-9798-b070b67d7998_deepseek_1781246265,1,S3,breakout_retest,long,no_trade,2x5m_close,,29509.5,False,2026-08-30T17:08:56.532686-05:00,2026-08-30T18:35:34.353909-05:00,86,86,True,,EXCLUDED_INACTIVE,False,"UNMEASURABLE: arrival-time feed, formation, alive/void and parameter history not complete"
2026-08-30:ASIA:8d5c8af5_8ef641a7-815c-4bb5-9798-b070b67d7998_deepseek_1781246265|v1|S4|idx3,146aadce32ac05d6,162,2026-08-30:ASIA:8d5c8af5_8ef641a7-815c-4bb5-9798-b070b67d7998_deepseek_1781246265,1,S4,sweep_reclaim,long,no_trade,15m_close,,29437,True,2026-08-30T17:08:56.532686-05:00,2026-08-30T18:35:34.353909-05:00,86,86,True,1788129360000,EXCLUDED_INACTIVE,False,"UNMEASURABLE: arrival-time feed, formation, alive/void and parameter history not complete"
2026-08-30:ASIA:8d5c8af5_8ef641a7-815c-4bb5-9798-b070b67d7998_deepseek_1781246265|v2|S1|idx0,188f012d46f1a69e,163,2026-08-30:ASIA:8d5c8af5_8ef641a7-815c-4bb5-9798-b070b67d7998_deepseek_1781246265,2,S1,breakdown_continue,short,no_trade,1x5m_close,,29371.5,False,2026-08-30T18:35:34.353909-05:00,2026-08-31T01:06:50.529175-05:00,390,390,True,1788132960000,EXCLUDED_INACTIVE,False,"UNMEASURABLE: arrival-time feed, formation, alive/void and parameter history not complete"
2026-08-30:ASIA:8d5c8af5_8ef641a7-815c-4bb5-9798-b070b67d7998_deepseek_1781246265|v2|S2|idx1,a1eaff392855d8fd,163,2026-08-30:ASIA:8d5c8af5_8ef641a7-815c-4bb5-9798-b070b67d7998_deepseek_1781246265,2,S2,sweep_reclaim,long,no_trade,touch,1x5m_close,29371.5,True,2026-08-30T18:35:34.353909-05:00,2026-08-31T01:06:50.529175-05:00,390,390,True,1788132960000,EXCLUDED_INACTIVE,False,"UNMEASURABLE: arrival-time feed, formation, alive/void and parameter history not complete"
2026-08-30:ASIA:8d5c8af5_8ef641a7-815c-4bb5-9798-b070b67d7998_deepseek_1781246265|v2|S3|idx2,6e042ebc0725eedb,163,2026-08-30:ASIA:8d5c8af5_8ef641a7-815c-4bb5-9798-b070b67d7998_deepseek_1781246265,2,S3,reject,short,no_trade,touch,,29414.21,True,2026-08-30T18:35:34.353909-05:00,2026-08-31T01:06:50.529175-05:00,390,390,True,1788152220000,EXCLUDED_INACTIVE,True,"UNMEASURABLE: arrival-time feed, formation, alive/void and parameter history not complete"
2026-08-30:ASIA:8d5c8af5_8ef641a7-815c-4bb5-9798-b070b67d7998_deepseek_1781246265|v3|S0|idx0,7bd4db634c80bf5d,164,2026-08-30:ASIA:8d5c8af5_8ef641a7-815c-4bb5-9798-b070b67d7998_deepseek_1781246265,3,S0,hold,long,no_trade,,,,False,2026-08-31T01:06:50.529175-05:00,2026-08-31T02:00:00-05:00,53,53,True,,EXCLUDED_INACTIVE,False,"UNMEASURABLE: arrival-time feed, formation, alive/void and parameter history not complete"
2026-08-31:LONDON:8d5c8af5_8ef641a7-815c-4bb5-9798-b070b67d7998_deepseek_1781246265|v1|S0|idx0,7bd4db634c80bf5d,165,2026-08-31:LONDON:8d5c8af5_8ef641a7-815c-4bb5-9798-b070b67d7998_deepseek_1781246265,1,S0,hold,long,no_trade,,,,False,2026-08-31T06:50:50.477203-05:00,2026-08-31T07:40:35.635911-05:00,49,49,True,,EXCLUDED_INACTIVE,False,"UNMEASURABLE: arrival-time feed, formation, alive/void and parameter history not complete"
2026-08-31:LONDON:8d5c8af5_8ef641a7-815c-4bb5-9798-b070b67d7998_deepseek_1781246265|v2|S1|idx0,ded1b79887ddf572,166,2026-08-31:LONDON:8d5c8af5_8ef641a7-815c-4bb5-9798-b070b67d7998_deepseek_1781246265,2,S1,reject,long,active,touch,,29437,True,2026-08-31T07:40:35.635911-05:00,2026-08-31T08:30:00-05:00,49,49,True,1788182880000,TOUCHED,True,"UNMEASURABLE: arrival-time feed, formation, alive/void and parameter history not complete"
2026-08-31:LONDON:8d5c8af5_8ef641a7-815c-4bb5-9798-b070b67d7998_deepseek_1781246265|v2|S2|idx1,aa9b781c18f752a3,166,2026-08-31:LONDON:8d5c8af5_8ef641a7-815c-4bb5-9798-b070b67d7998_deepseek_1781246265,2,S2,reject,long,active,touch,,29398.52,True,2026-08-31T07:40:35.635911-05:00,2026-08-31T08:30:00-05:00,49,49,True,1788180060000,TOUCHED,True,"UNMEASURABLE: arrival-time feed, formation, alive/void and parameter history not complete"
2026-08-31:LONDON:8d5c8af5_8ef641a7-815c-4bb5-9798-b070b67d7998_deepseek_1781246265|v2|S3|idx2,f1142c3d9f80240d,166,2026-08-31:LONDON:8d5c8af5_8ef641a7-815c-4bb5-9798-b070b67d7998_deepseek_1781246265,2,S3,breakout_retest,long,active,1x5m_close,touch,29509.5,False,2026-08-31T07:40:35.635911-05:00,2026-08-31T08:30:00-05:00,49,49,True,,NOT_TOUCHED,False,"UNMEASURABLE: arrival-time feed, formation, alive/void and parameter history not complete"
2026-08-31:LONDON:8d5c8af5_8ef641a7-815c-4bb5-9798-b070b67d7998_deepseek_1781246265|v2|S4|idx3,28ec7db6ab430216,166,2026-08-31:LONDON:8d5c8af5_8ef641a7-815c-4bb5-9798-b070b67d7998_deepseek_1781246265,2,S4,reject,short,active,touch,,29811.75,False,2026-08-31T07:40:35.635911-05:00,2026-08-31T08:30:00-05:00,49,49,True,,NOT_TOUCHED,True,"UNMEASURABLE: arrival-time feed, formation, alive/void and parameter history not complete"
2026-08-31:LONDON:8d5c8af5_8ef641a7-815c-4bb5-9798-b070b67d7998_deepseek_1781246265|v3|S0|idx0,7bd4db634c80bf5d,167,2026-08-31:LONDON:8d5c8af5_8ef641a7-815c-4bb5-9798-b070b67d7998_deepseek_1781246265,3,S0,hold,long,no_trade,,,,False,2026-08-31T08:33:54.052197-05:00,2026-08-31T08:30:00-05:00,0,0,False,,EXCLUDED_INACTIVE,False,"UNMEASURABLE: arrival-time feed, formation, alive/void and parameter history not complete"
2026-08-31:NY:8d5c8af5_8ef641a7-815c-4bb5-9798-b070b67d7998_deepseek_1781246265|v1|S0|idx0,7bd4db634c80bf5d,168,2026-08-31:NY:8d5c8af5_8ef641a7-815c-4bb5-9798-b070b67d7998_deepseek_1781246265,1,S0,hold,long,no_trade,,,,False,2026-08-31T08:47:19.159722-05:00,2026-08-31T09:33:18.205052-05:00,45,45,True,,EXCLUDED_INACTIVE,False,"UNMEASURABLE: arrival-time feed, formation, alive/void and parameter history not complete"
2026-08-31:NY:8d5c8af5_8ef641a7-815c-4bb5-9798-b070b67d7998_deepseek_1781246265|v2|S0|idx0,7bd4db634c80bf5d,169,2026-08-31:NY:8d5c8af5_8ef641a7-815c-4bb5-9798-b070b67d7998_deepseek_1781246265,2,S0,hold,long,no_trade,,,,False,2026-08-31T09:33:18.205052-05:00,2026-08-31T09:52:26.136763-05:00,18,18,True,,EXCLUDED_INACTIVE,False,"UNMEASURABLE: arrival-time feed, formation, alive/void and parameter history not complete"
2026-08-31:NY:8d5c8af5_8ef641a7-815c-4bb5-9798-b070b67d7998_deepseek_1781246265|v3|S1|idx0,e407fb100d658a12,170,2026-08-31:NY:8d5c8af5_8ef641a7-815c-4bb5-9798-b070b67d7998_deepseek_1781246265,3,S1,reject,short,active,touch,,29351.47,True,2026-08-31T09:52:26.136763-05:00,2026-08-31T11:58:55.105300-05:00,125,125,True,,NOT_TOUCHED,True,"UNMEASURABLE: arrival-time feed, formation, alive/void and parameter history not complete"
2026-08-31:NY:8d5c8af5_8ef641a7-815c-4bb5-9798-b070b67d7998_deepseek_1781246265|v3|S2|idx1,ac83086bb93c5a19,170,2026-08-31:NY:8d5c8af5_8ef641a7-815c-4bb5-9798-b070b67d7998_deepseek_1781246265,3,S2,reject,short,active,touch,,29437,True,2026-08-31T09:52:26.136763-05:00,2026-08-31T11:58:55.105300-05:00,125,125,True,1788188220000,TOUCHED,True,"UNMEASURABLE: arrival-time feed, formation, alive/void and parameter history not complete"
2026-08-31:NY:8d5c8af5_8ef641a7-815c-4bb5-9798-b070b67d7998_deepseek_1781246265|v3|S3|idx2,413304b6521ce51c,170,2026-08-31:NY:8d5c8af5_8ef641a7-815c-4bb5-9798-b070b67d7998_deepseek_1781246265,3,S3,sweep_reclaim,long,active,touch,1m_mss,29351.47,False,2026-08-31T09:52:26.136763-05:00,2026-08-31T11:58:55.105300-05:00,125,125,True,,NOT_TOUCHED,False,"UNMEASURABLE: arrival-time feed, formation, alive/void and parameter history not complete"
2026-08-31:NY:8d5c8af5_8ef641a7-815c-4bb5-9798-b070b67d7998_deepseek_1781246265|v4|S1|idx0,962f5e51f439a195,171,2026-08-31:NY:8d5c8af5_8ef641a7-815c-4bb5-9798-b070b67d7998_deepseek_1781246265,4,S1,sweep_reclaim,long,active,touch,1m_mss,29413,True,2026-08-31T11:58:55.105300-05:00,2026-08-31T12:30:09.506461-05:00,31,31,True,1788196740000,TOUCHED,False,"UNMEASURABLE: arrival-time feed, formation, alive/void and parameter history not complete"
2026-08-31:NY:8d5c8af5_8ef641a7-815c-4bb5-9798-b070b67d7998_deepseek_1781246265|v4|S2|idx1,9eae3098300cf7cc,171,2026-08-31:NY:8d5c8af5_8ef641a7-815c-4bb5-9798-b070b67d7998_deepseek_1781246265,4,S2,reclaim,long,active,1x5m_close,,29432.25,False,2026-08-31T11:58:55.105300-05:00,2026-08-31T12:30:09.506461-05:00,31,31,True,1788195540000,TOUCHED,False,"UNMEASURABLE: arrival-time feed, formation, alive/void and parameter history not complete"
2026-08-31:NY:8d5c8af5_8ef641a7-815c-4bb5-9798-b070b67d7998_deepseek_1781246265|v4|S3|idx2,aad3dda09867eef0,171,2026-08-31:NY:8d5c8af5_8ef641a7-815c-4bb5-9798-b070b67d7998_deepseek_1781246265,4,S3,reject,short,active,touch,,29459.08,True,2026-08-31T11:58:55.105300-05:00,2026-08-31T12:30:09.506461-05:00,31,31,True,,NOT_TOUCHED,True,"UNMEASURABLE: arrival-time feed, formation, alive/void and parameter history not complete"
2026-08-31:NY:8d5c8af5_8ef641a7-815c-4bb5-9798-b070b67d7998_deepseek_1781246265|v5|S1|idx0,73517720457a57aa,172,2026-08-31:NY:8d5c8af5_8ef641a7-815c-4bb5-9798-b070b67d7998_deepseek_1781246265,5,S1,reject,long,active,touch,,29413,False,2026-08-31T12:30:09.506461-05:00,2026-08-31T12:53:49.126973-05:00,22,22,True,1788197940000,TOUCHED,True,"UNMEASURABLE: arrival-time feed, formation, alive/void and parameter history not complete"
2026-08-31:NY:8d5c8af5_8ef641a7-815c-4bb5-9798-b070b67d7998_deepseek_1781246265|v5|S2|idx1,3f57a6bc51671bff,172,2026-08-31:NY:8d5c8af5_8ef641a7-815c-4bb5-9798-b070b67d7998_deepseek_1781246265,5,S2,breakout_retest,long,active,touch,,29432.75,False,2026-08-31T12:30:09.506461-05:00,2026-08-31T12:53:49.126973-05:00,22,22,True,1788198060000,TOUCHED,True,"UNMEASURABLE: arrival-time feed, formation, alive/void and parameter history not complete"
2026-08-31:NY:8d5c8af5_8ef641a7-815c-4bb5-9798-b070b67d7998_deepseek_1781246265|v5|S3|idx2,2b5e6596fac8fc00,172,2026-08-31:NY:8d5c8af5_8ef641a7-815c-4bb5-9798-b070b67d7998_deepseek_1781246265,5,S3,sweep_reclaim,long,active,touch,1x5m_close,29417,True,2026-08-31T12:30:09.506461-05:00,2026-08-31T12:53:49.126973-05:00,22,22,True,1788197940000,TOUCHED,False,"UNMEASURABLE: arrival-time feed, formation, alive/void and parameter history not complete"
2026-08-31:NY:8d5c8af5_8ef641a7-815c-4bb5-9798-b070b67d7998_deepseek_1781246265|v5|S4|idx3,fa7a2473e74f8879,172,2026-08-31:NY:8d5c8af5_8ef641a7-815c-4bb5-9798-b070b67d7998_deepseek_1781246265,5,S4,sweep_reclaim,short,active,touch,1x5m_close,29543.5,False,2026-08-31T12:30:09.506461-05:00,2026-08-31T12:53:49.126973-05:00,22,22,True,,NOT_TOUCHED,False,"UNMEASURABLE: arrival-time feed, formation, alive/void and parameter history not complete"
2026-08-31:NY:8d5c8af5_8ef641a7-815c-4bb5-9798-b070b67d7998_deepseek_1781246265|v6|S1|idx0,c3e4c8cf095d54b7,173,2026-08-31:NY:8d5c8af5_8ef641a7-815c-4bb5-9798-b070b67d7998_deepseek_1781246265,6,S1,breakout_retest,long,active,1x5m_close,,29443.25,False,2026-08-31T12:53:49.126973-05:00,2026-08-31T14:34:06.907129-05:00,100,100,True,1788199020000,TOUCHED,False,"UNMEASURABLE: arrival-time feed, formation, alive/void and parameter history not complete"
2026-08-31:NY:8d5c8af5_8ef641a7-815c-4bb5-9798-b070b67d7998_deepseek_1781246265|v6|S2|idx1,123ca060a39d4974,173,2026-08-31:NY:8d5c8af5_8ef641a7-815c-4bb5-9798-b070b67d7998_deepseek_1781246265,6,S2,sweep_reclaim,long,active,touch,1x5m_close,29417,False,2026-08-31T12:53:49.126973-05:00,2026-08-31T14:34:06.907129-05:00,100,100,True,1788201300000,TOUCHED,False,"UNMEASURABLE: arrival-time feed, formation, alive/void and parameter history not complete"
2026-08-31:NY:8d5c8af5_8ef641a7-815c-4bb5-9798-b070b67d7998_deepseek_1781246265|v6|S3|idx2,4c38530125f778bb,173,2026-08-31:NY:8d5c8af5_8ef641a7-815c-4bb5-9798-b070b67d7998_deepseek_1781246265,6,S3,reject,short,active,touch,,29458.38,True,2026-08-31T12:53:49.126973-05:00,2026-08-31T14:34:06.907129-05:00,100,100,True,1788199740000,TOUCHED,True,"UNMEASURABLE: arrival-time feed, formation, alive/void and parameter history not complete"
2026-08-31:NY:8d5c8af5_8ef641a7-815c-4bb5-9798-b070b67d7998_deepseek_1781246265|v6|S4|idx3,5b50834f45b23bff,173,2026-08-31:NY:8d5c8af5_8ef641a7-815c-4bb5-9798-b070b67d7998_deepseek_1781246265,6,S4,sweep_reclaim,short,active,touch,1x5m_close,29517,False,2026-08-31T12:53:49.126973-05:00,2026-08-31T14:34:06.907129-05:00,100,100,True,,NOT_TOUCHED,False,"UNMEASURABLE: arrival-time feed, formation, alive/void and parameter history not complete"
2026-08-31:NY:8d5c8af5_8ef641a7-815c-4bb5-9798-b070b67d7998_deepseek_1781246265|v7|S1|idx0,6ea280e67ffb37f9,174,2026-08-31:NY:8d5c8af5_8ef641a7-815c-4bb5-9798-b070b67d7998_deepseek_1781246265,7,S1,hold,long,active,time_hold,,29422.25,False,2026-08-31T14:34:06.907129-05:00,2026-08-31T14:45:00-05:00,10,10,True,,NOT_TOUCHED,False,"UNMEASURABLE: arrival-time feed, formation, alive/void and parameter history not complete"
2026-08-31:NY:8d5c8af5_8ef641a7-815c-4bb5-9798-b070b67d7998_deepseek_1781246265|v7|S2|idx1,a9a08cfc626be673,174,2026-08-31:NY:8d5c8af5_8ef641a7-815c-4bb5-9798-b070b67d7998_deepseek_1781246265,7,S2,reject,long,active,touch,,29410.98,True,2026-08-31T14:34:06.907129-05:00,2026-08-31T14:45:00-05:00,10,10,True,,NOT_TOUCHED,True,"UNMEASURABLE: arrival-time feed, formation, alive/void and parameter history not complete"
2026-08-31:NY:8d5c8af5_8ef641a7-815c-4bb5-9798-b070b67d7998_deepseek_1781246265|v7|S3|idx2,2d6858f2728ee82d,174,2026-08-31:NY:8d5c8af5_8ef641a7-815c-4bb5-9798-b070b67d7998_deepseek_1781246265,7,S3,reject,short,active,touch,,29445.5,False,2026-08-31T14:34:06.907129-05:00,2026-08-31T14:45:00-05:00,10,10,True,1788204900000,TOUCHED,True,"UNMEASURABLE: arrival-time feed, formation, alive/void and parameter history not complete"
2026-08-31:ASIA:8d5c8af5_8ef641a7-815c-4bb5-9798-b070b67d7998_deepseek_1781246265|v1|S0|idx0,7bd4db634c80bf5d,175,2026-08-31:ASIA:8d5c8af5_8ef641a7-815c-4bb5-9798-b070b67d7998_deepseek_1781246265,1,S0,hold,long,no_trade,,,,False,2026-08-31T17:18:32.424311-05:00,2026-09-01T01:01:09.185985-05:00,462,462,True,,EXCLUDED_INACTIVE,False,"UNMEASURABLE: arrival-time feed, formation, alive/void and parameter history not complete"
2026-08-31:ASIA:8d5c8af5_8ef641a7-815c-4bb5-9798-b070b67d7998_deepseek_1781246265|v2|S0|idx0,7bd4db634c80bf5d,176,2026-08-31:ASIA:8d5c8af5_8ef641a7-815c-4bb5-9798-b070b67d7998_deepseek_1781246265,2,S0,hold,long,no_trade,,,,False,2026-09-01T01:01:09.185985-05:00,2026-09-01T02:00:00-05:00,58,58,True,,EXCLUDED_INACTIVE,False,"UNMEASURABLE: arrival-time feed, formation, alive/void and parameter history not complete"
2026-09-01:LONDON:8d5c8af5_8ef641a7-815c-4bb5-9798-b070b67d7998_deepseek_1781246265|v1|S0|idx0,7bd4db634c80bf5d,177,2026-09-01:LONDON:8d5c8af5_8ef641a7-815c-4bb5-9798-b070b67d7998_deepseek_1781246265,1,S0,hold,long,no_trade,,,,False,2026-09-01T02:00:00-05:00,2026-09-01T02:48:27.147608-05:00,48,48,True,,EXCLUDED_INACTIVE,False,"UNMEASURABLE: arrival-time feed, formation, alive/void and parameter history not complete"
2026-09-01:LONDON:8d5c8af5_8ef641a7-815c-4bb5-9798-b070b67d7998_deepseek_1781246265|v2|S1|idx0,6d65362a7797036b,178,2026-09-01:LONDON:8d5c8af5_8ef641a7-815c-4bb5-9798-b070b67d7998_deepseek_1781246265,2,S1,reject,short,active,touch,,29477,True,2026-09-01T02:48:27.147608-05:00,2026-09-01T04:52:43.589274-05:00,123,123,True,1788248940000,TOUCHED,True,"UNMEASURABLE: arrival-time feed, formation, alive/void and parameter history not complete"
2026-09-01:LONDON:8d5c8af5_8ef641a7-815c-4bb5-9798-b070b67d7998_deepseek_1781246265|v2|S2|idx1,124f62ccd576722b,178,2026-09-01:LONDON:8d5c8af5_8ef641a7-815c-4bb5-9798-b070b67d7998_deepseek_1781246265,2,S2,reject,short,active,touch,,29447.5,False,2026-09-01T02:48:27.147608-05:00,2026-09-01T04:52:43.589274-05:00,123,123,True,1788249360000,TOUCHED,True,"UNMEASURABLE: arrival-time feed, formation, alive/void and parameter history not complete"
2026-09-01:LONDON:8d5c8af5_8ef641a7-815c-4bb5-9798-b070b67d7998_deepseek_1781246265|v2|S3|idx2,d04aeab7ae613b87,178,2026-09-01:LONDON:8d5c8af5_8ef641a7-815c-4bb5-9798-b070b67d7998_deepseek_1781246265,2,S3,sweep_reclaim,long,active,1m_mss,,29435.75,False,2026-09-01T02:48:27.147608-05:00,2026-09-01T04:52:43.589274-05:00,123,123,True,1788249540000,TOUCHED,False,"UNMEASURABLE: arrival-time feed, formation, alive/void and parameter history not complete"
2026-09-01:LONDON:8d5c8af5_8ef641a7-815c-4bb5-9798-b070b67d7998_deepseek_1781246265|v3|S1|idx0,3cb653ccf8fe5d4f,179,2026-09-01:LONDON:8d5c8af5_8ef641a7-815c-4bb5-9798-b070b67d7998_deepseek_1781246265,3,S1,acceptance,short,dormant,time_hold,,29231.63,False,2026-09-01T04:52:43.589274-05:00,2026-09-01T05:34:30.471875-05:00,41,41,True,1788258060000,EXCLUDED_INACTIVE,False,"UNMEASURABLE: arrival-time feed, formation, alive/void and parameter history not complete"
2026-09-01:LONDON:8d5c8af5_8ef641a7-815c-4bb5-9798-b070b67d7998_deepseek_1781246265|v3|S2|idx1,92f5e960406cbeb8,179,2026-09-01:LONDON:8d5c8af5_8ef641a7-815c-4bb5-9798-b070b67d7998_deepseek_1781246265,3,S2,reject,short,dormant,touch,,29246.75,True,2026-09-01T04:52:43.589274-05:00,2026-09-01T05:34:30.471875-05:00,41,41,True,1788258180000,EXCLUDED_INACTIVE,True,"UNMEASURABLE: arrival-time feed, formation, alive/void and parameter history not complete"
2026-09-01:LONDON:8d5c8af5_8ef641a7-815c-4bb5-9798-b070b67d7998_deepseek_1781246265|v4|S1|idx0,73e04d0a6fb0df35,180,2026-09-01:LONDON:8d5c8af5_8ef641a7-815c-4bb5-9798-b070b67d7998_deepseek_1781246265,4,S1,reject,short,active,touch,,29182,True,2026-09-01T05:34:30.471875-05:00,2026-09-01T07:07:32.457995-05:00,92,92,True,1788260700000,TOUCHED,True,"UNMEASURABLE: arrival-time feed, formation, alive/void and parameter history not complete"
2026-09-01:LONDON:8d5c8af5_8ef641a7-815c-4bb5-9798-b070b67d7998_deepseek_1781246265|v4|S2|idx1,30f2849a72273a00,180,2026-09-01:LONDON:8d5c8af5_8ef641a7-815c-4bb5-9798-b070b67d7998_deepseek_1781246265,4,S2,sweep_reclaim,long,active,1x5m_close,,29212.5,True,2026-09-01T05:34:30.471875-05:00,2026-09-01T07:07:32.457995-05:00,92,92,True,1788259860000,TOUCHED,False,"UNMEASURABLE: arrival-time feed, formation, alive/void and parameter history not complete"
2026-09-01:LONDON:8d5c8af5_8ef641a7-815c-4bb5-9798-b070b67d7998_deepseek_1781246265|v4|S3|idx2,1aa7b12d75138b5c,180,2026-09-01:LONDON:8d5c8af5_8ef641a7-815c-4bb5-9798-b070b67d7998_deepseek_1781246265,4,S3,reject,short,active,touch,,29354,True,2026-09-01T05:34:30.471875-05:00,2026-09-01T07:07:32.457995-05:00,92,92,True,,NOT_TOUCHED,True,"UNMEASURABLE: arrival-time feed, formation, alive/void and parameter history not complete"
2026-09-01:LONDON:8d5c8af5_8ef641a7-815c-4bb5-9798-b070b67d7998_deepseek_1781246265|v5|S1|idx0,8248fa2259f5f3e8,181,2026-09-01:LONDON:8d5c8af5_8ef641a7-815c-4bb5-9798-b070b67d7998_deepseek_1781246265,5,S1,breakdown_continue,short,active,1x5m_close,,29177.5,False,2026-09-01T07:07:32.457995-05:00,2026-09-01T07:56:33.428824-05:00,48,48,True,,NOT_TOUCHED,False,"UNMEASURABLE: arrival-time feed, formation, alive/void and parameter history not complete"
2026-09-01:LONDON:8d5c8af5_8ef641a7-815c-4bb5-9798-b070b67d7998_deepseek_1781246265|v5|S2|idx1,5b9a35d2c7b85923,181,2026-09-01:LONDON:8d5c8af5_8ef641a7-815c-4bb5-9798-b070b67d7998_deepseek_1781246265,5,S2,sweep_reclaim,long,active,touch,1m_mss,29177.5,False,2026-09-01T07:07:32.457995-05:00,2026-09-01T07:56:33.428824-05:00,48,48,True,,NOT_TOUCHED,False,"UNMEASURABLE: arrival-time feed, formation, alive/void and parameter history not complete"
2026-09-01:LONDON:8d5c8af5_8ef641a7-815c-4bb5-9798-b070b67d7998_deepseek_1781246265|v5|S3|idx2,bd9c17eff8ada268,181,2026-09-01:LONDON:8d5c8af5_8ef641a7-815c-4bb5-9798-b070b67d7998_deepseek_1781246265,5,S3,reject,long,active,touch,,29161.96,True,2026-09-01T07:07:32.457995-05:00,2026-09-01T07:56:33.428824-05:00,48,48,True,1788264480000,TOUCHED,True,"UNMEASURABLE: arrival-time feed, formation, alive/void and parameter history not complete"
2026-09-01:LONDON:8d5c8af5_8ef641a7-815c-4bb5-9798-b070b67d7998_deepseek_1781246265|v6|S1|idx0,80da22d880deb635,182,2026-09-01:LONDON:8d5c8af5_8ef641a7-815c-4bb5-9798-b070b67d7998_deepseek_1781246265,6,S1,reject,short,active,touch,,29123.25,True,2026-09-01T07:56:33.428824-05:00,2026-09-01T08:30:00-05:00,33,33,True,1788267540000,TOUCHED,True,"UNMEASURABLE: arrival-time feed, formation, alive/void and parameter history not complete"
2026-09-01:LONDON:8d5c8af5_8ef641a7-815c-4bb5-9798-b070b67d7998_deepseek_1781246265|v6|S2|idx1,7004f630ebb61653,182,2026-09-01:LONDON:8d5c8af5_8ef641a7-815c-4bb5-9798-b070b67d7998_deepseek_1781246265,6,S2,reject,short,active,touch,,29138,True,2026-09-01T07:56:33.428824-05:00,2026-09-01T08:30:00-05:00,33,33,True,,NOT_TOUCHED,True,"UNMEASURABLE: arrival-time feed, formation, alive/void and parameter history not complete"
2026-09-01:NY:8d5c8af5_8ef641a7-815c-4bb5-9798-b070b67d7998_deepseek_1781246265|v1|S1|idx0,419d51dc4b1d1b21,183,2026-09-01:NY:8d5c8af5_8ef641a7-815c-4bb5-9798-b070b67d7998_deepseek_1781246265,1,S1,breakdown_continue,short,active,1x5m_close,,29122.75,False,2026-09-01T08:30:00-05:00,2026-09-01T08:53:16.675232-05:00,23,23,True,1788269400000,TOUCHED,False,"UNMEASURABLE: arrival-time feed, formation, alive/void and parameter history not complete"
2026-09-01:NY:8d5c8af5_8ef641a7-815c-4bb5-9798-b070b67d7998_deepseek_1781246265|v1|S2|idx1,6e48364316e18830,183,2026-09-01:NY:8d5c8af5_8ef641a7-815c-4bb5-9798-b070b67d7998_deepseek_1781246265,1,S2,reject,short,active,touch,,29138,True,2026-09-01T08:30:00-05:00,2026-09-01T08:53:16.675232-05:00,23,23,True,1788269700000,TOUCHED,True,"UNMEASURABLE: arrival-time feed, formation, alive/void and parameter history not complete"
2026-09-01:NY:8d5c8af5_8ef641a7-815c-4bb5-9798-b070b67d7998_deepseek_1781246265|v1|S3|idx2,4cf79d8e7039d07a,183,2026-09-01:NY:8d5c8af5_8ef641a7-815c-4bb5-9798-b070b67d7998_deepseek_1781246265,1,S3,reject,short,active,touch,,29177.5,True,2026-09-01T08:30:00-05:00,2026-09-01T08:53:16.675232-05:00,23,23,True,,NOT_TOUCHED,True,"UNMEASURABLE: arrival-time feed, formation, alive/void and parameter history not complete"
2026-09-01:NY:8d5c8af5_8ef641a7-815c-4bb5-9798-b070b67d7998_deepseek_1781246265|v1|S4|idx3,b30eadec0d83af19,183,2026-09-01:NY:8d5c8af5_8ef641a7-815c-4bb5-9798-b070b67d7998_deepseek_1781246265,1,S4,sweep_reclaim,long,active,touch,1m_mss,29122.75,False,2026-09-01T08:30:00-05:00,2026-09-01T08:53:16.675232-05:00,23,23,True,1788269400000,TOUCHED,False,"UNMEASURABLE: arrival-time feed, formation, alive/void and parameter history not complete"
2026-09-01:NY:8d5c8af5_8ef641a7-815c-4bb5-9798-b070b67d7998_deepseek_1781246265|v2|S1|idx0,bc5167a63273c65b,184,2026-09-01:NY:8d5c8af5_8ef641a7-815c-4bb5-9798-b070b67d7998_deepseek_1781246265,2,S1,reject,short,dormant,touch,,29062.75,True,2026-09-01T08:53:16.675232-05:00,2026-09-01T09:20:44.334636-05:00,26,26,True,,EXCLUDED_INACTIVE,True,"UNMEASURABLE: arrival-time feed, formation, alive/void and parameter history not complete"
2026-09-01:NY:8d5c8af5_8ef641a7-815c-4bb5-9798-b070b67d7998_deepseek_1781246265|v2|S2|idx1,91a43f3184da1781,184,2026-09-01:NY:8d5c8af5_8ef641a7-815c-4bb5-9798-b070b67d7998_deepseek_1781246265,2,S2,reject,short,dormant,touch,,29137.29,True,2026-09-01T08:53:16.675232-05:00,2026-09-01T09:20:44.334636-05:00,26,26,True,1788271260000,EXCLUDED_INACTIVE,True,"UNMEASURABLE: arrival-time feed, formation, alive/void and parameter history not complete"
2026-09-01:NY:8d5c8af5_8ef641a7-815c-4bb5-9798-b070b67d7998_deepseek_1781246265|v2|S3|idx2,6f6086f33b2d031c,184,2026-09-01:NY:8d5c8af5_8ef641a7-815c-4bb5-9798-b070b67d7998_deepseek_1781246265,2,S3,sweep_reclaim,long,dormant,touch,1x5m_close,29062.75,False,2026-09-01T08:53:16.675232-05:00,2026-09-01T09:20:44.334636-05:00,26,26,True,,EXCLUDED_INACTIVE,False,"UNMEASURABLE: arrival-time feed, formation, alive/void and parameter history not complete"
2026-09-01:NY:8d5c8af5_8ef641a7-815c-4bb5-9798-b070b67d7998_deepseek_1781246265|v2|S4|idx3,870e9322afa415e6,184,2026-09-01:NY:8d5c8af5_8ef641a7-815c-4bb5-9798-b070b67d7998_deepseek_1781246265,2,S4,reclaim,long,dormant,1x5m_close,,29095.5,False,2026-09-01T08:53:16.675232-05:00,2026-09-01T09:20:44.334636-05:00,26,26,True,1788271020000,EXCLUDED_INACTIVE,False,"UNMEASURABLE: arrival-time feed, formation, alive/void and parameter history not complete"
2026-09-01:NY:8d5c8af5_8ef641a7-815c-4bb5-9798-b070b67d7998_deepseek_1781246265|v3|S1|idx0,a137fd96d29a16c4,185,2026-09-01:NY:8d5c8af5_8ef641a7-815c-4bb5-9798-b070b67d7998_deepseek_1781246265,3,S1,reject,short,dormant,touch,,29182,True,2026-09-01T09:20:44.334636-05:00,2026-09-01T10:24:39.842006-05:00,63,63,True,1788273000000,EXCLUDED_INACTIVE,True,"UNMEASURABLE: arrival-time feed, formation, alive/void and parameter history not complete"
2026-09-01:NY:8d5c8af5_8ef641a7-815c-4bb5-9798-b070b67d7998_deepseek_1781246265|v3|S2|idx1,16adc44fdb63c3f6,185,2026-09-01:NY:8d5c8af5_8ef641a7-815c-4bb5-9798-b070b67d7998_deepseek_1781246265,3,S2,reject,short,dormant,touch,,29085,True,2026-09-01T09:20:44.334636-05:00,2026-09-01T10:24:39.842006-05:00,63,63,True,,EXCLUDED_INACTIVE,True,"UNMEASURABLE: arrival-time feed, formation, alive/void and parameter history not complete"
2026-09-01:NY:8d5c8af5_8ef641a7-815c-4bb5-9798-b070b67d7998_deepseek_1781246265|v4|S1|idx0,7c224827dc09d109,186,2026-09-01:NY:8d5c8af5_8ef641a7-815c-4bb5-9798-b070b67d7998_deepseek_1781246265,4,S1,reject,short,active,touch,,29170,True,2026-09-01T10:24:39.842006-05:00,2026-09-01T13:00:02.422545-05:00,155,155,True,1788279960000,TOUCHED,True,"UNMEASURABLE: arrival-time feed, formation, alive/void and parameter history not complete"
2026-09-01:NY:8d5c8af5_8ef641a7-815c-4bb5-9798-b070b67d7998_deepseek_1781246265|v4|S2|idx1,1b97ab7842b8e452,186,2026-09-01:NY:8d5c8af5_8ef641a7-815c-4bb5-9798-b070b67d7998_deepseek_1781246265,4,S2,reject,short,active,touch,,29209.25,False,2026-09-01T10:24:39.842006-05:00,2026-09-01T13:00:02.422545-05:00,155,155,True,1788276300000,TOUCHED,True,"UNMEASURABLE: arrival-time feed, formation, alive/void and parameter history not complete"
2026-09-01:NY:8d5c8af5_8ef641a7-815c-4bb5-9798-b070b67d7998_deepseek_1781246265|v4|S3|idx2,7d7061da79d7a4d2,186,2026-09-01:NY:8d5c8af5_8ef641a7-815c-4bb5-9798-b070b67d7998_deepseek_1781246265,4,S3,sweep_reclaim,long,active,1m_mss,,29082.75,False,2026-09-01T10:24:39.842006-05:00,2026-09-01T13:00:02.422545-05:00,155,155,True,,NOT_TOUCHED,False,"UNMEASURABLE: arrival-time feed, formation, alive/void and parameter history not complete"
2026-09-01:NY:8d5c8af5_8ef641a7-815c-4bb5-9798-b070b67d7998_deepseek_1781246265|v5|S1|idx0,a089e7c7351a8832,187,2026-09-01:NY:8d5c8af5_8ef641a7-815c-4bb5-9798-b070b67d7998_deepseek_1781246265,5,S1,reject,short,active,touch,,29100.5,True,2026-09-01T13:00:02.422545-05:00,2026-09-01T14:45:00-05:00,104,104,True,1788286500000,TOUCHED,True,"UNMEASURABLE: arrival-time feed, formation, alive/void and parameter history not complete"
2026-09-01:NY:8d5c8af5_8ef641a7-815c-4bb5-9798-b070b67d7998_deepseek_1781246265|v5|S2|idx1,6b25c27b75a0b6b1,187,2026-09-01:NY:8d5c8af5_8ef641a7-815c-4bb5-9798-b070b67d7998_deepseek_1781246265,5,S2,reject,short,active,touch,,29162,True,2026-09-01T13:00:02.422545-05:00,2026-09-01T14:45:00-05:00,104,104,True,,NOT_TOUCHED,True,"UNMEASURABLE: arrival-time feed, formation, alive/void and parameter history not complete"
2026-09-01:NY:8d5c8af5_8ef641a7-815c-4bb5-9798-b070b67d7998_deepseek_1781246265|v5|S3|idx2,0e7e75e482d1dcd6,187,2026-09-01:NY:8d5c8af5_8ef641a7-815c-4bb5-9798-b070b67d7998_deepseek_1781246265,5,S3,sweep_reclaim,long,active,touch,1x5m_close,29082.75,True,2026-09-01T13:00:02.422545-05:00,2026-09-01T14:45:00-05:00,104,104,True,1788287400000,TOUCHED,False,"UNMEASURABLE: arrival-time feed, formation, alive/void and parameter history not complete"
2026-09-01:ASIA:8d5c8af5_8ef641a7-815c-4bb5-9798-b070b67d7998_deepseek_1781246265|v1|S0|idx0,7bd4db634c80bf5d,188,2026-09-01:ASIA:8d5c8af5_8ef641a7-815c-4bb5-9798-b070b67d7998_deepseek_1781246265,1,S0,hold,long,no_trade,,,,False,2026-09-01T17:23:14.552368-05:00,2026-09-01T18:00:41.426172-05:00,36,36,True,,EXCLUDED_INACTIVE,False,"UNMEASURABLE: arrival-time feed, formation, alive/void and parameter history not complete"
2026-09-01:ASIA:8d5c8af5_8ef641a7-815c-4bb5-9798-b070b67d7998_deepseek_1781246265|v2|S0|idx0,7bd4db634c80bf5d,189,2026-09-01:ASIA:8d5c8af5_8ef641a7-815c-4bb5-9798-b070b67d7998_deepseek_1781246265,2,S0,hold,long,no_trade,,,,False,2026-09-01T18:00:41.426172-05:00,2026-09-01T21:14:52.024318-05:00,193,193,True,,EXCLUDED_INACTIVE,False,"UNMEASURABLE: arrival-time feed, formation, alive/void and parameter history not complete"
2026-09-01:ASIA:8d5c8af5_8ef641a7-815c-4bb5-9798-b070b67d7998_deepseek_1781246265|v3|S0|idx0,7bd4db634c80bf5d,190,2026-09-01:ASIA:8d5c8af5_8ef641a7-815c-4bb5-9798-b070b67d7998_deepseek_1781246265,3,S0,hold,long,no_trade,,,,False,2026-09-01T21:14:52.024318-05:00,2026-09-01T21:53:46.232301-05:00,38,38,True,,EXCLUDED_INACTIVE,False,"UNMEASURABLE: arrival-time feed, formation, alive/void and parameter history not complete"
2026-09-01:ASIA:8d5c8af5_8ef641a7-815c-4bb5-9798-b070b67d7998_deepseek_1781246265|v4|S0|idx0,7bd4db634c80bf5d,191,2026-09-01:ASIA:8d5c8af5_8ef641a7-815c-4bb5-9798-b070b67d7998_deepseek_1781246265,4,S0,hold,long,no_trade,,,,False,2026-09-01T21:53:46.232301-05:00,2026-09-01T23:12:44.863744-05:00,78,78,True,,EXCLUDED_INACTIVE,False,"UNMEASURABLE: arrival-time feed, formation, alive/void and parameter history not complete"
2026-09-01:ASIA:8d5c8af5_8ef641a7-815c-4bb5-9798-b070b67d7998_deepseek_1781246265|v5|S1|idx0,ea6697c7cf085e37,192,2026-09-01:ASIA:8d5c8af5_8ef641a7-815c-4bb5-9798-b070b67d7998_deepseek_1781246265,5,S1,sweep_reclaim,long,active,touch,1x5m_close,29042.25,False,2026-09-01T23:12:44.863744-05:00,2026-09-01T23:20:29.111842-05:00,7,7,True,1788322380000,TOUCHED,False,"UNMEASURABLE: arrival-time feed, formation, alive/void and parameter history not complete"
2026-09-01:ASIA:8d5c8af5_8ef641a7-815c-4bb5-9798-b070b67d7998_deepseek_1781246265|v5|S2|idx1,dc54b97d2d5ad541,192,2026-09-01:ASIA:8d5c8af5_8ef641a7-815c-4bb5-9798-b070b67d7998_deepseek_1781246265,5,S2,breakout_retest,long,active,touch,,29062.75,False,2026-09-01T23:12:44.863744-05:00,2026-09-01T23:20:29.111842-05:00,7,7,True,1788322500000,TOUCHED,True,"UNMEASURABLE: arrival-time feed, formation, alive/void and parameter history not complete"
2026-09-01:ASIA:8d5c8af5_8ef641a7-815c-4bb5-9798-b070b67d7998_deepseek_1781246265|v6|S1|idx0,9c84d99af5aed6f5,193,2026-09-01:ASIA:8d5c8af5_8ef641a7-815c-4bb5-9798-b070b67d7998_deepseek_1781246265,6,S1,sweep_reclaim,long,active,touch,1m_mss,29035.25,True,2026-09-01T23:20:29.111842-05:00,2026-09-01T23:58:16.814850-05:00,37,37,True,,NOT_TOUCHED,False,"UNMEASURABLE: arrival-time feed, formation, alive/void and parameter history not complete"
2026-09-01:ASIA:8d5c8af5_8ef641a7-815c-4bb5-9798-b070b67d7998_deepseek_1781246265|v6|S2|idx1,a01ddfd445027f81,193,2026-09-01:ASIA:8d5c8af5_8ef641a7-815c-4bb5-9798-b070b67d7998_deepseek_1781246265,6,S2,reject,long,active,touch,,29040.61,True,2026-09-01T23:20:29.111842-05:00,2026-09-01T23:58:16.814850-05:00,37,37,True,,NOT_TOUCHED,True,"UNMEASURABLE: arrival-time feed, formation, alive/void and parameter history not complete"
2026-09-01:ASIA:8d5c8af5_8ef641a7-815c-4bb5-9798-b070b67d7998_deepseek_1781246265|v6|S3|idx2,7dba2d10f9ddb467,193,2026-09-01:ASIA:8d5c8af5_8ef641a7-815c-4bb5-9798-b070b67d7998_deepseek_1781246265,6,S3,reclaim,long,active,1x5m_close,,29071.41,False,2026-09-01T23:20:29.111842-05:00,2026-09-01T23:58:16.814850-05:00,37,37,True,,NOT_TOUCHED,False,"UNMEASURABLE: arrival-time feed, formation, alive/void and parameter history not complete"
2026-09-01:ASIA:8d5c8af5_8ef641a7-815c-4bb5-9798-b070b67d7998_deepseek_1781246265|v7|S1|idx0,0ce9d8403b8ab703,194,2026-09-01:ASIA:8d5c8af5_8ef641a7-815c-4bb5-9798-b070b67d7998_deepseek_1781246265,7,S1,reject,long,active,touch,,29044,True,2026-09-01T23:58:16.814850-05:00,2026-09-02T00:19:46.268265-05:00,20,20,True,1788325320000,TOUCHED,True,"UNMEASURABLE: arrival-time feed, formation, alive/void and parameter history not complete"
2026-09-01:ASIA:8d5c8af5_8ef641a7-815c-4bb5-9798-b070b67d7998_deepseek_1781246265|v7|S2|idx1,ae68e6f44e9d28a8,194,2026-09-01:ASIA:8d5c8af5_8ef641a7-815c-4bb5-9798-b070b67d7998_deepseek_1781246265,7,S2,reclaim,long,active,1x5m_close,,29062.75,False,2026-09-01T23:58:16.814850-05:00,2026-09-02T00:19:46.268265-05:00,20,20,True,1788325980000,TOUCHED,False,"UNMEASURABLE: arrival-time feed, formation, alive/void and parameter history not complete"
2026-09-01:ASIA:8d5c8af5_8ef641a7-815c-4bb5-9798-b070b67d7998_deepseek_1781246265|v7|S3|idx2,dadc25271dc9672f,194,2026-09-01:ASIA:8d5c8af5_8ef641a7-815c-4bb5-9798-b070b67d7998_deepseek_1781246265,7,S3,reject,long,active,touch,,29068.05,True,2026-09-01T23:58:16.814850-05:00,2026-09-02T00:19:46.268265-05:00,20,20,True,1788326040000,TOUCHED,True,"UNMEASURABLE: arrival-time feed, formation, alive/void and parameter history not complete"
2026-09-01:ASIA:8d5c8af5_8ef641a7-815c-4bb5-9798-b070b67d7998_deepseek_1781246265|v8|S1|idx0,c3a45a419586cd62,195,2026-09-01:ASIA:8d5c8af5_8ef641a7-815c-4bb5-9798-b070b67d7998_deepseek_1781246265,8,S1,sweep_reclaim,long,active,touch,1x5m_close,29035.25,False,2026-09-02T00:19:46.268265-05:00,2026-09-02T00:47:12.316108-05:00,27,27,True,,NOT_TOUCHED,False,"UNMEASURABLE: arrival-time feed, formation, alive/void and parameter history not complete"
2026-09-01:ASIA:8d5c8af5_8ef641a7-815c-4bb5-9798-b070b67d7998_deepseek_1781246265|v8|S2|idx1,a29b00ed40f45e9c,195,2026-09-01:ASIA:8d5c8af5_8ef641a7-815c-4bb5-9798-b070b67d7998_deepseek_1781246265,8,S2,reclaim,long,active,1x5m_close,,29058.75,False,2026-09-02T00:19:46.268265-05:00,2026-09-02T00:47:12.316108-05:00,27,27,True,,NOT_TOUCHED,False,"UNMEASURABLE: arrival-time feed, formation, alive/void and parameter history not complete"
2026-09-01:ASIA:8d5c8af5_8ef641a7-815c-4bb5-9798-b070b67d7998_deepseek_1781246265|v8|S3|idx2,a28009feafc8a209,195,2026-09-01:ASIA:8d5c8af5_8ef641a7-815c-4bb5-9798-b070b67d7998_deepseek_1781246265,8,S3,breakout_retest,long,active,touch,,29097.88,False,2026-09-02T00:19:46.268265-05:00,2026-09-02T00:47:12.316108-05:00,27,27,True,1788327000000,TOUCHED,True,"UNMEASURABLE: arrival-time feed, formation, alive/void and parameter history not complete"
2026-09-01:ASIA:8d5c8af5_8ef641a7-815c-4bb5-9798-b070b67d7998_deepseek_1781246265|v9|S1|idx0,7791d2197b3195bb,196,2026-09-01:ASIA:8d5c8af5_8ef641a7-815c-4bb5-9798-b070b67d7998_deepseek_1781246265,9,S1,sweep_reclaim,long,active,touch,1x5m_close,29035.25,False,2026-09-02T00:47:12.316108-05:00,2026-09-02T01:51:21.943448-05:00,63,63,True,1788329820000,TOUCHED,False,"UNMEASURABLE: arrival-time feed, formation, alive/void and parameter history not complete"
2026-09-01:ASIA:8d5c8af5_8ef641a7-815c-4bb5-9798-b070b67d7998_deepseek_1781246265|v9|S2|idx1,bab29f2f2bac6aef,196,2026-09-01:ASIA:8d5c8af5_8ef641a7-815c-4bb5-9798-b070b67d7998_deepseek_1781246265,9,S2,reclaim,long,active,1x5m_close,,29058.75,False,2026-09-02T00:47:12.316108-05:00,2026-09-02T01:51:21.943448-05:00,63,63,True,1788328860000,TOUCHED,False,"UNMEASURABLE: arrival-time feed, formation, alive/void and parameter history not complete"
2026-09-01:ASIA:8d5c8af5_8ef641a7-815c-4bb5-9798-b070b67d7998_deepseek_1781246265|v10|S1|idx0,7949b6a922b172a7,198,2026-09-01:ASIA:8d5c8af5_8ef641a7-815c-4bb5-9798-b070b67d7998_deepseek_1781246265,10,S1,sweep_reclaim,long,active,touch,1m_mss,29016.5,False,2026-09-02T01:51:21.943448-05:00,2026-09-02T02:00:00-05:00,8,8,True,,NOT_TOUCHED,False,"UNMEASURABLE: arrival-time feed, formation, alive/void and parameter history not complete"
2026-09-01:ASIA:8d5c8af5_8ef641a7-815c-4bb5-9798-b070b67d7998_deepseek_1781246265|v10|S2|idx1,c25ff987030ee6dd,198,2026-09-01:ASIA:8d5c8af5_8ef641a7-815c-4bb5-9798-b070b67d7998_deepseek_1781246265,10,S2,reject,short,active,touch,,29317.25,True,2026-09-02T01:51:21.943448-05:00,2026-09-02T02:00:00-05:00,8,8,True,,NOT_TOUCHED,True,"UNMEASURABLE: arrival-time feed, formation, alive/void and parameter history not complete"
2026-09-02:LONDON:8d5c8af5_8ef641a7-815c-4bb5-9798-b070b67d7998_deepseek_1781246265|v1|S0|idx0,7bd4db634c80bf5d,197,2026-09-02:LONDON:8d5c8af5_8ef641a7-815c-4bb5-9798-b070b67d7998_deepseek_1781246265,1,S0,hold,long,no_trade,,,,False,2026-09-02T02:00:00-05:00,2026-09-02T07:15:26.915987-05:00,315,315,True,,EXCLUDED_INACTIVE,False,"UNMEASURABLE: arrival-time feed, formation, alive/void and parameter history not complete"
2026-09-02:LONDON:8d5c8af5_8ef641a7-815c-4bb5-9798-b070b67d7998_deepseek_1781246265|v2|S1|idx0,38ad125afcab4007,199,2026-09-02:LONDON:8d5c8af5_8ef641a7-815c-4bb5-9798-b070b67d7998_deepseek_1781246265,2,S1,sweep_reclaim,long,active,touch,1x5m_close,29001.75,False,2026-09-02T07:15:26.915987-05:00,2026-09-02T07:21:59.485958-05:00,5,5,True,,NOT_TOUCHED,False,"UNMEASURABLE: arrival-time feed, formation, alive/void and parameter history not complete"
2026-09-02:LONDON:8d5c8af5_8ef641a7-815c-4bb5-9798-b070b67d7998_deepseek_1781246265|v2|S2|idx1,c1f96c1cb0619e1a,199,2026-09-02:LONDON:8d5c8af5_8ef641a7-815c-4bb5-9798-b070b67d7998_deepseek_1781246265,2,S2,breakout_retest,long,active,touch,,29171.25,False,2026-09-02T07:15:26.915987-05:00,2026-09-02T07:21:59.485958-05:00,5,5,True,,NOT_TOUCHED,True,"UNMEASURABLE: arrival-time feed, formation, alive/void and parameter history not complete"
2026-09-02:LONDON:8d5c8af5_8ef641a7-815c-4bb5-9798-b070b67d7998_deepseek_1781246265|v2|S3|idx2,4046c428d6fef702,199,2026-09-02:LONDON:8d5c8af5_8ef641a7-815c-4bb5-9798-b070b67d7998_deepseek_1781246265,2,S3,reject,short,active,touch,,29317.25,True,2026-09-02T07:15:26.915987-05:00,2026-09-02T07:21:59.485958-05:00,5,5,True,,NOT_TOUCHED,True,"UNMEASURABLE: arrival-time feed, formation, alive/void and parameter history not complete"
2026-09-02:LONDON:8d5c8af5_8ef641a7-815c-4bb5-9798-b070b67d7998_deepseek_1781246265|v3|S1|idx0,c6583c3fd76f9548,200,2026-09-02:LONDON:8d5c8af5_8ef641a7-815c-4bb5-9798-b070b67d7998_deepseek_1781246265,3,S1,hold,long,active,time_hold,,29117.48,False,2026-09-02T07:21:59.485958-05:00,2026-09-02T07:44:03.782123-05:00,22,22,True,1788351780000,TOUCHED,False,"UNMEASURABLE: arrival-time feed, formation, alive/void and parameter history not complete"
2026-09-02:LONDON:8d5c8af5_8ef641a7-815c-4bb5-9798-b070b67d7998_deepseek_1781246265|v3|S2|idx1,c462021c9ca8b6c2,200,2026-09-02:LONDON:8d5c8af5_8ef641a7-815c-4bb5-9798-b070b67d7998_deepseek_1781246265,3,S2,reclaim,long,active,1x5m_close,,29058.75,False,2026-09-02T07:21:59.485958-05:00,2026-09-02T07:44:03.782123-05:00,22,22,True,,NOT_TOUCHED,False,"UNMEASURABLE: arrival-time feed, formation, alive/void and parameter history not complete"
2026-09-02:LONDON:8d5c8af5_8ef641a7-815c-4bb5-9798-b070b67d7998_deepseek_1781246265|v3|S3|idx2,4ae14d96f0d2dc9b,200,2026-09-02:LONDON:8d5c8af5_8ef641a7-815c-4bb5-9798-b070b67d7998_deepseek_1781246265,3,S3,breakout_retest,long,active,1x5m_close,,29171.25,False,2026-09-02T07:21:59.485958-05:00,2026-09-02T07:44:03.782123-05:00,22,22,True,,NOT_TOUCHED,False,"UNMEASURABLE: arrival-time feed, formation, alive/void and parameter history not complete"
2026-09-02:LONDON:8d5c8af5_8ef641a7-815c-4bb5-9798-b070b67d7998_deepseek_1781246265|v3|S4|idx3,a59c2a9899e54489,200,2026-09-02:LONDON:8d5c8af5_8ef641a7-815c-4bb5-9798-b070b67d7998_deepseek_1781246265,3,S4,reject,short,active,touch,,29317.25,True,2026-09-02T07:21:59.485958-05:00,2026-09-02T07:44:03.782123-05:00,22,22,True,,NOT_TOUCHED,True,"UNMEASURABLE: arrival-time feed, formation, alive/void and parameter history not complete"
2026-09-02:LONDON:8d5c8af5_8ef641a7-815c-4bb5-9798-b070b67d7998_deepseek_1781246265|v3|S5|idx4,b60dfe81dc4a8cbc,200,2026-09-02:LONDON:8d5c8af5_8ef641a7-815c-4bb5-9798-b070b67d7998_deepseek_1781246265,3,S5,sweep_reclaim,long,active,touch,1m_mss,28927.25,False,2026-09-02T07:21:59.485958-05:00,2026-09-02T07:44:03.782123-05:00,22,22,True,,NOT_TOUCHED,False,"UNMEASURABLE: arrival-time feed, formation, alive/void and parameter history not complete"
2026-09-02:LONDON:8d5c8af5_8ef641a7-815c-4bb5-9798-b070b67d7998_deepseek_1781246265|v4|S1|idx0,40a13fcea326f196,201,2026-09-02:LONDON:8d5c8af5_8ef641a7-815c-4bb5-9798-b070b67d7998_deepseek_1781246265,4,S1,reclaim,long,active,1x5m_close,,29066.56,False,2026-09-02T07:44:03.782123-05:00,2026-09-02T08:01:50.097892-05:00,16,16,True,1788353100000,TOUCHED,False,"UNMEASURABLE: arrival-time feed, formation, alive/void and parameter history not complete"
2026-09-02:LONDON:8d5c8af5_8ef641a7-815c-4bb5-9798-b070b67d7998_deepseek_1781246265|v4|S2|idx1,e55e2ca81c47eedb,201,2026-09-02:LONDON:8d5c8af5_8ef641a7-815c-4bb5-9798-b070b67d7998_deepseek_1781246265,4,S2,sweep_reclaim,long,active,touch,1x5m_close,28927.25,False,2026-09-02T07:44:03.782123-05:00,2026-09-02T08:01:50.097892-05:00,16,16,True,,NOT_TOUCHED,False,"UNMEASURABLE: arrival-time feed, formation, alive/void and parameter history not complete"
2026-09-02:LONDON:8d5c8af5_8ef641a7-815c-4bb5-9798-b070b67d7998_deepseek_1781246265|v4|S3|idx2,14521e44b166449c,201,2026-09-02:LONDON:8d5c8af5_8ef641a7-815c-4bb5-9798-b070b67d7998_deepseek_1781246265,4,S3,reject,long,active,touch,,29001.75,True,2026-09-02T07:44:03.782123-05:00,2026-09-02T08:01:50.097892-05:00,16,16,True,,NOT_TOUCHED,True,"UNMEASURABLE: arrival-time feed, formation, alive/void and parameter history not complete"
2026-09-02:LONDON:8d5c8af5_8ef641a7-815c-4bb5-9798-b070b67d7998_deepseek_1781246265|v4|S4|idx3,3b10ba47b3c0438e,201,2026-09-02:LONDON:8d5c8af5_8ef641a7-815c-4bb5-9798-b070b67d7998_deepseek_1781246265,4,S4,breakout_retest,long,active,1x5m_close,touch,29171.25,False,2026-09-02T07:44:03.782123-05:00,2026-09-02T08:01:50.097892-05:00,16,16,True,,NOT_TOUCHED,False,"UNMEASURABLE: arrival-time feed, formation, alive/void and parameter history not complete"
2026-09-02:LONDON:8d5c8af5_8ef641a7-815c-4bb5-9798-b070b67d7998_deepseek_1781246265|v4|S5|idx4,bfc0801afb9f8456,201,2026-09-02:LONDON:8d5c8af5_8ef641a7-815c-4bb5-9798-b070b67d7998_deepseek_1781246265,4,S5,reject,short,active,touch,,29317.25,False,2026-09-02T07:44:03.782123-05:00,2026-09-02T08:01:50.097892-05:00,16,16,True,,NOT_TOUCHED,True,"UNMEASURABLE: arrival-time feed, formation, alive/void and parameter history not complete"
2026-09-02:LONDON:8d5c8af5_8ef641a7-815c-4bb5-9798-b070b67d7998_deepseek_1781246265|v5|S1|idx0,fde98f042e22d36f,202,2026-09-02:LONDON:8d5c8af5_8ef641a7-815c-4bb5-9798-b070b67d7998_deepseek_1781246265,5,S1,reject,long,active,touch,,29014.19,True,2026-09-02T08:01:50.097892-05:00,2026-09-02T08:20:47.995221-05:00,18,18,True,,NOT_TOUCHED,True,"UNMEASURABLE: arrival-time feed, formation, alive/void and parameter history not complete"
2026-09-02:LONDON:8d5c8af5_8ef641a7-815c-4bb5-9798-b070b67d7998_deepseek_1781246265|v5|S2|idx1,086d74f72d406562,202,2026-09-02:LONDON:8d5c8af5_8ef641a7-815c-4bb5-9798-b070b67d7998_deepseek_1781246265,5,S2,sweep_reclaim,long,active,touch,1m_mss,28927.25,False,2026-09-02T08:01:50.097892-05:00,2026-09-02T08:20:47.995221-05:00,18,18,True,,NOT_TOUCHED,False,"UNMEASURABLE: arrival-time feed, formation, alive/void and parameter history not complete"
2026-09-02:LONDON:8d5c8af5_8ef641a7-815c-4bb5-9798-b070b67d7998_deepseek_1781246265|v5|S3|idx2,cc16b6bdca5c25db,202,2026-09-02:LONDON:8d5c8af5_8ef641a7-815c-4bb5-9798-b070b67d7998_deepseek_1781246265,5,S3,reject,short,active,touch,,29317.25,False,2026-09-02T08:01:50.097892-05:00,2026-09-02T08:20:47.995221-05:00,18,18,True,,NOT_TOUCHED,True,"UNMEASURABLE: arrival-time feed, formation, alive/void and parameter history not complete"
2026-09-02:LONDON:8d5c8af5_8ef641a7-815c-4bb5-9798-b070b67d7998_deepseek_1781246265|v6|S1|idx0,37a1020d6fa56ced,204,2026-09-02:LONDON:8d5c8af5_8ef641a7-815c-4bb5-9798-b070b67d7998_deepseek_1781246265,6,S1,reject,long,active,touch,,29014.42,False,2026-09-02T08:20:47.995221-05:00,2026-09-02T08:30:00-05:00,9,9,True,,NOT_TOUCHED,True,"UNMEASURABLE: arrival-time feed, formation, alive/void and parameter history not complete"
2026-09-02:LONDON:8d5c8af5_8ef641a7-815c-4bb5-9798-b070b67d7998_deepseek_1781246265|v6|S2|idx1,09fbd0a0071c7045,204,2026-09-02:LONDON:8d5c8af5_8ef641a7-815c-4bb5-9798-b070b67d7998_deepseek_1781246265,6,S2,reject,long,active,touch,,29001.75,True,2026-09-02T08:20:47.995221-05:00,2026-09-02T08:30:00-05:00,9,9,True,,NOT_TOUCHED,True,"UNMEASURABLE: arrival-time feed, formation, alive/void and parameter history not complete"
2026-09-02:LONDON:8d5c8af5_8ef641a7-815c-4bb5-9798-b070b67d7998_deepseek_1781246265|v6|S3|idx2,349e0a65d3f992e4,204,2026-09-02:LONDON:8d5c8af5_8ef641a7-815c-4bb5-9798-b070b67d7998_deepseek_1781246265,6,S3,sweep_reclaim,long,active,touch,1x5m_close,28927.25,False,2026-09-02T08:20:47.995221-05:00,2026-09-02T08:30:00-05:00,9,9,True,,NOT_TOUCHED,False,"UNMEASURABLE: arrival-time feed, formation, alive/void and parameter history not complete"
2026-09-02:LONDON:8d5c8af5_8ef641a7-815c-4bb5-9798-b070b67d7998_deepseek_1781246265|v6|S4|idx3,80bf72f7ca9e3b3a,204,2026-09-02:LONDON:8d5c8af5_8ef641a7-815c-4bb5-9798-b070b67d7998_deepseek_1781246265,6,S4,breakout_retest,long,active,touch,,29171.25,False,2026-09-02T08:20:47.995221-05:00,2026-09-02T08:30:00-05:00,9,9,True,,NOT_TOUCHED,True,"UNMEASURABLE: arrival-time feed, formation, alive/void and parameter history not complete"
2026-09-02:NY:8d5c8af5_8ef641a7-815c-4bb5-9798-b070b67d7998_deepseek_1781246265|v1|S1|idx0,746d0726b1eb3724,203,2026-09-02:NY:8d5c8af5_8ef641a7-815c-4bb5-9798-b070b67d7998_deepseek_1781246265,1,S1,sweep_reclaim,long,dormant,touch,1x5m_close,28927.25,False,2026-09-02T08:30:00-05:00,2026-09-02T08:45:28.139602-05:00,15,15,True,,EXCLUDED_INACTIVE,False,"UNMEASURABLE: arrival-time feed, formation, alive/void and parameter history not complete"
2026-09-02:NY:8d5c8af5_8ef641a7-815c-4bb5-9798-b070b67d7998_deepseek_1781246265|v1|S2|idx1,337fd420f4e67d32,203,2026-09-02:NY:8d5c8af5_8ef641a7-815c-4bb5-9798-b070b67d7998_deepseek_1781246265,1,S2,reclaim,long,dormant,1x5m_close,,29058.75,False,2026-09-02T08:30:00-05:00,2026-09-02T08:45:28.139602-05:00,15,15,True,1788355800000,EXCLUDED_INACTIVE,False,"UNMEASURABLE: arrival-time feed, formation, alive/void and parameter history not complete"
2026-09-02:NY:8d5c8af5_8ef641a7-815c-4bb5-9798-b070b67d7998_deepseek_1781246265|v1|S3|idx2,08abc95cfc3ef8f5,203,2026-09-02:NY:8d5c8af5_8ef641a7-815c-4bb5-9798-b070b67d7998_deepseek_1781246265,1,S3,reject,long,dormant,touch,,29014.14,False,2026-09-02T08:30:00-05:00,2026-09-02T08:45:28.139602-05:00,15,15,True,,EXCLUDED_INACTIVE,True,"UNMEASURABLE: arrival-time feed, formation, alive/void and parameter history not complete"
2026-09-02:NY:8d5c8af5_8ef641a7-815c-4bb5-9798-b070b67d7998_deepseek_1781246265|v1|S4|idx3,b0160afe9ac77894,203,2026-09-02:NY:8d5c8af5_8ef641a7-815c-4bb5-9798-b070b67d7998_deepseek_1781246265,1,S4,reject,short,dormant,touch,,29317.25,True,2026-09-02T08:30:00-05:00,2026-09-02T08:45:28.139602-05:00,15,15,True,,EXCLUDED_INACTIVE,True,"UNMEASURABLE: arrival-time feed, formation, alive/void and parameter history not complete"
2026-09-02:NY:8d5c8af5_8ef641a7-815c-4bb5-9798-b070b67d7998_deepseek_1781246265|v2|S1|idx0,638478a9b224501b,205,2026-09-02:NY:8d5c8af5_8ef641a7-815c-4bb5-9798-b070b67d7998_deepseek_1781246265,2,S1,sweep_reclaim,long,active,touch,1x5m_close,29042.75,False,2026-09-02T08:45:28.139602-05:00,2026-09-02T09:21:18.759691-05:00,35,35,True,1788356940000,TOUCHED,False,"UNMEASURABLE: arrival-time feed, formation, alive/void and parameter history not complete"
2026-09-02:NY:8d5c8af5_8ef641a7-815c-4bb5-9798-b070b67d7998_deepseek_1781246265|v2|S2|idx1,d775854b7432a701,205,2026-09-02:NY:8d5c8af5_8ef641a7-815c-4bb5-9798-b070b67d7998_deepseek_1781246265,2,S2,breakout_retest,long,active,1x5m_close,,29115.1,False,2026-09-02T08:45:28.139602-05:00,2026-09-02T09:21:18.759691-05:00,35,35,True,1788358200000,TOUCHED,False,"UNMEASURABLE: arrival-time feed, formation, alive/void and parameter history not complete"
2026-09-02:NY:8d5c8af5_8ef641a7-815c-4bb5-9798-b070b67d7998_deepseek_1781246265|v2|S3|idx2,5ec9373989dbcda0,205,2026-09-02:NY:8d5c8af5_8ef641a7-815c-4bb5-9798-b070b67d7998_deepseek_1781246265,2,S3,reclaim,long,active,1x5m_close,,29102,False,2026-09-02T08:45:28.139602-05:00,2026-09-02T09:21:18.759691-05:00,35,35,True,1788358020000,TOUCHED,False,"UNMEASURABLE: arrival-time feed, formation, alive/void and parameter history not complete"
2026-09-02:NY:8d5c8af5_8ef641a7-815c-4bb5-9798-b070b67d7998_deepseek_1781246265|v3|S1|idx0,dfa2e49bf1151b6b,206,2026-09-02:NY:8d5c8af5_8ef641a7-815c-4bb5-9798-b070b67d7998_deepseek_1781246265,3,S1,reclaim,long,active,1x5m_close,,29111.58,False,2026-09-02T09:21:18.759691-05:00,2026-09-02T09:45:52.139962-05:00,23,23,True,,NOT_TOUCHED,False,"UNMEASURABLE: arrival-time feed, formation, alive/void and parameter history not complete"
2026-09-02:NY:8d5c8af5_8ef641a7-815c-4bb5-9798-b070b67d7998_deepseek_1781246265|v3|S2|idx1,73ccb21db69f36cd,206,2026-09-02:NY:8d5c8af5_8ef641a7-815c-4bb5-9798-b070b67d7998_deepseek_1781246265,3,S2,sweep_reclaim,long,active,touch,1m_mss,28927.25,False,2026-09-02T09:21:18.759691-05:00,2026-09-02T09:45:52.139962-05:00,23,23,True,,NOT_TOUCHED,False,"UNMEASURABLE: arrival-time feed, formation, alive/void and parameter history not complete"
2026-09-02:NY:8d5c8af5_8ef641a7-815c-4bb5-9798-b070b67d7998_deepseek_1781246265|v3|S3|idx2,77b50db3e7bd46d1,206,2026-09-02:NY:8d5c8af5_8ef641a7-815c-4bb5-9798-b070b67d7998_deepseek_1781246265,3,S3,breakout_retest,long,active,1x5m_close,touch,29171.25,False,2026-09-02T09:21:18.759691-05:00,2026-09-02T09:45:52.139962-05:00,23,23,True,1788359040000,TOUCHED,False,"UNMEASURABLE: arrival-time feed, formation, alive/void and parameter history not complete"
2026-09-02:NY:8d5c8af5_8ef641a7-815c-4bb5-9798-b070b67d7998_deepseek_1781246265|v3|S4|idx3,2b0ca75487939207,206,2026-09-02:NY:8d5c8af5_8ef641a7-815c-4bb5-9798-b070b67d7998_deepseek_1781246265,3,S4,reject,short,active,touch,,29317.25,True,2026-09-02T09:21:18.759691-05:00,2026-09-02T09:45:52.139962-05:00,23,23,True,,NOT_TOUCHED,True,"UNMEASURABLE: arrival-time feed, formation, alive/void and parameter history not complete"
2026-09-02:NY:8d5c8af5_8ef641a7-815c-4bb5-9798-b070b67d7998_deepseek_1781246265|v4|S1|idx0,d807f6fcfd184236,207,2026-09-02:NY:8d5c8af5_8ef641a7-815c-4bb5-9798-b070b67d7998_deepseek_1781246265,4,S1,reject,long,active,touch,,29135.65,True,2026-09-02T09:45:52.139962-05:00,2026-09-02T10:22:33.001174-05:00,36,36,True,1788360780000,TOUCHED,True,"UNMEASURABLE: arrival-time feed, formation, alive/void and parameter history not complete"
2026-09-02:NY:8d5c8af5_8ef641a7-815c-4bb5-9798-b070b67d7998_deepseek_1781246265|v4|S2|idx1,c31177db9ff55c68,207,2026-09-02:NY:8d5c8af5_8ef641a7-815c-4bb5-9798-b070b67d7998_deepseek_1781246265,4,S2,reject,short,active,touch,,29317.25,True,2026-09-02T09:45:52.139962-05:00,2026-09-02T10:22:33.001174-05:00,36,36,True,,NOT_TOUCHED,True,"UNMEASURABLE: arrival-time feed, formation, alive/void and parameter history not complete"
2026-09-02:NY:8d5c8af5_8ef641a7-815c-4bb5-9798-b070b67d7998_deepseek_1781246265|v5|S1|idx0,c98c5c743f54ed3d,208,2026-09-02:NY:8d5c8af5_8ef641a7-815c-4bb5-9798-b070b67d7998_deepseek_1781246265,5,S1,reclaim,long,active,1x5m_close,,29143.97,False,2026-09-02T10:22:33.001174-05:00,2026-09-02T10:50:53.844862-05:00,27,27,True,1788364140000,TOUCHED,False,"UNMEASURABLE: arrival-time feed, formation, alive/void and parameter history not complete"
2026-09-02:NY:8d5c8af5_8ef641a7-815c-4bb5-9798-b070b67d7998_deepseek_1781246265|v5|S2|idx1,0a3060f7cf04f22f,208,2026-09-02:NY:8d5c8af5_8ef641a7-815c-4bb5-9798-b070b67d7998_deepseek_1781246265,5,S2,reject,long,active,touch,,29102,True,2026-09-02T10:22:33.001174-05:00,2026-09-02T10:50:53.844862-05:00,27,27,True,,NOT_TOUCHED,True,"UNMEASURABLE: arrival-time feed, formation, alive/void and parameter history not complete"
2026-09-02:NY:8d5c8af5_8ef641a7-815c-4bb5-9798-b070b67d7998_deepseek_1781246265|v5|S3|idx2,04f08b340810460e,208,2026-09-02:NY:8d5c8af5_8ef641a7-815c-4bb5-9798-b070b67d7998_deepseek_1781246265,5,S3,sweep_reclaim,long,active,touch,1m_mss,29058.75,True,2026-09-02T10:22:33.001174-05:00,2026-09-02T10:50:53.844862-05:00,27,27,True,,NOT_TOUCHED,False,"UNMEASURABLE: arrival-time feed, formation, alive/void and parameter history not complete"
2026-09-02:NY:8d5c8af5_8ef641a7-815c-4bb5-9798-b070b67d7998_deepseek_1781246265|v5|S4|idx3,8ee5c642afbf29d2,208,2026-09-02:NY:8d5c8af5_8ef641a7-815c-4bb5-9798-b070b67d7998_deepseek_1781246265,5,S4,breakout_retest,long,active,1x5m_close,touch,29171.25,False,2026-09-02T10:22:33.001174-05:00,2026-09-02T10:50:53.844862-05:00,27,27,True,1788362580000,TOUCHED,False,"UNMEASURABLE: arrival-time feed, formation, alive/void and parameter history not complete"
2026-09-02:NY:8d5c8af5_8ef641a7-815c-4bb5-9798-b070b67d7998_deepseek_1781246265|v6|S1|idx0,092b5b64623664f5,209,2026-09-02:NY:8d5c8af5_8ef641a7-815c-4bb5-9798-b070b67d7998_deepseek_1781246265,6,S1,reclaim,long,active,1x5m_close,,29171.25,False,2026-09-02T10:50:53.844862-05:00,2026-09-02T11:20:19.936863-05:00,29,29,True,1788364680000,TOUCHED,False,"UNMEASURABLE: arrival-time feed, formation, alive/void and parameter history not complete"
2026-09-02:NY:8d5c8af5_8ef641a7-815c-4bb5-9798-b070b67d7998_deepseek_1781246265|v6|S2|idx1,7d1757cfb6ab19e8,209,2026-09-02:NY:8d5c8af5_8ef641a7-815c-4bb5-9798-b070b67d7998_deepseek_1781246265,6,S2,hold,long,active,1x5m_close,,29153.35,False,2026-09-02T10:50:53.844862-05:00,2026-09-02T11:20:19.936863-05:00,29,29,True,1788364260000,TOUCHED,False,"UNMEASURABLE: arrival-time feed, formation, alive/void and parameter history not complete"
2026-09-02:NY:8d5c8af5_8ef641a7-815c-4bb5-9798-b070b67d7998_deepseek_1781246265|v6|S3|idx2,017622fd3074e9b3,209,2026-09-02:NY:8d5c8af5_8ef641a7-815c-4bb5-9798-b070b67d7998_deepseek_1781246265,6,S3,breakout_retest,long,active,touch,,29209.25,False,2026-09-02T10:50:53.844862-05:00,2026-09-02T11:20:19.936863-05:00,29,29,True,,NOT_TOUCHED,True,"UNMEASURABLE: arrival-time feed, formation, alive/void and parameter history not complete"
2026-09-02:NY:8d5c8af5_8ef641a7-815c-4bb5-9798-b070b67d7998_deepseek_1781246265|v6|S4|idx3,1ce781c7c19cf34b,209,2026-09-02:NY:8d5c8af5_8ef641a7-815c-4bb5-9798-b070b67d7998_deepseek_1781246265,6,S4,sweep_reclaim,long,active,touch,1x5m_close,29001.75,False,2026-09-02T10:50:53.844862-05:00,2026-09-02T11:20:19.936863-05:00,29,29,True,,NOT_TOUCHED,False,"UNMEASURABLE: arrival-time feed, formation, alive/void and parameter history not complete"
2026-09-02:NY:8d5c8af5_8ef641a7-815c-4bb5-9798-b070b67d7998_deepseek_1781246265|v7|S1|idx0,32537ecf5d1dd2c8,210,2026-09-02:NY:8d5c8af5_8ef641a7-815c-4bb5-9798-b070b67d7998_deepseek_1781246265,7,S1,sweep_reclaim,long,active,1x5m_close,,29171.25,False,2026-09-02T11:20:19.936863-05:00,2026-09-02T11:47:10.850446-05:00,26,26,True,1788366060000,TOUCHED,False,"UNMEASURABLE: arrival-time feed, formation, alive/void and parameter history not complete"
2026-09-02:NY:8d5c8af5_8ef641a7-815c-4bb5-9798-b070b67d7998_deepseek_1781246265|v7|S2|idx1,cc64308bac5fb697,210,2026-09-02:NY:8d5c8af5_8ef641a7-815c-4bb5-9798-b070b67d7998_deepseek_1781246265,7,S2,reclaim,long,active,1x5m_close,,29158.47,False,2026-09-02T11:20:19.936863-05:00,2026-09-02T11:47:10.850446-05:00,26,26,True,1788366240000,TOUCHED,False,"UNMEASURABLE: arrival-time feed, formation, alive/void and parameter history not complete"
2026-09-02:NY:8d5c8af5_8ef641a7-815c-4bb5-9798-b070b67d7998_deepseek_1781246265|v7|S3|idx2,21eeae58bd34429b,210,2026-09-02:NY:8d5c8af5_8ef641a7-815c-4bb5-9798-b070b67d7998_deepseek_1781246265,7,S3,breakout_retest,long,active,touch,,29209.25,False,2026-09-02T11:20:19.936863-05:00,2026-09-02T11:47:10.850446-05:00,26,26,True,,NOT_TOUCHED,True,"UNMEASURABLE: arrival-time feed, formation, alive/void and parameter history not complete"
2026-09-02:NY:8d5c8af5_8ef641a7-815c-4bb5-9798-b070b67d7998_deepseek_1781246265|v7|S4|idx3,18cfe5e4f25b50a4,210,2026-09-02:NY:8d5c8af5_8ef641a7-815c-4bb5-9798-b070b67d7998_deepseek_1781246265,7,S4,reject,short,active,touch,,29317.25,True,2026-09-02T11:20:19.936863-05:00,2026-09-02T11:47:10.850446-05:00,26,26,True,,NOT_TOUCHED,True,"UNMEASURABLE: arrival-time feed, formation, alive/void and parameter history not complete"
2026-09-02:NY:8d5c8af5_8ef641a7-815c-4bb5-9798-b070b67d7998_deepseek_1781246265|v8|S1|idx0,62fbdfc8e342b2e8,211,2026-09-02:NY:8d5c8af5_8ef641a7-815c-4bb5-9798-b070b67d7998_deepseek_1781246265,8,S1,reclaim,long,active,1x5m_close,,29161.16,False,2026-09-02T11:47:10.850446-05:00,2026-09-02T12:25:10.337787-05:00,37,37,True,1788367980000,TOUCHED,False,"UNMEASURABLE: arrival-time feed, formation, alive/void and parameter history not complete"
2026-09-02:NY:8d5c8af5_8ef641a7-815c-4bb5-9798-b070b67d7998_deepseek_1781246265|v8|S2|idx1,9ad960fa3e448870,211,2026-09-02:NY:8d5c8af5_8ef641a7-815c-4bb5-9798-b070b67d7998_deepseek_1781246265,8,S2,reject,long,active,touch,,29058.75,True,2026-09-02T11:47:10.850446-05:00,2026-09-02T12:25:10.337787-05:00,37,37,True,,NOT_TOUCHED,True,"UNMEASURABLE: arrival-time feed, formation, alive/void and parameter history not complete"
2026-09-02:NY:8d5c8af5_8ef641a7-815c-4bb5-9798-b070b67d7998_deepseek_1781246265|v9|S1|idx0,b89bd7e0c1dba7d3,212,2026-09-02:NY:8d5c8af5_8ef641a7-815c-4bb5-9798-b070b67d7998_deepseek_1781246265,9,S1,sweep_reclaim,long,active,touch,1m_mss,29058.75,False,2026-09-02T12:25:10.337787-05:00,2026-09-02T13:02:15.540077-05:00,36,36,True,,NOT_TOUCHED,False,"UNMEASURABLE: arrival-time feed, formation, alive/void and parameter history not complete"
2026-09-02:NY:8d5c8af5_8ef641a7-815c-4bb5-9798-b070b67d7998_deepseek_1781246265|v9|S2|idx1,6b10015079222233,212,2026-09-02:NY:8d5c8af5_8ef641a7-815c-4bb5-9798-b070b67d7998_deepseek_1781246265,9,S2,breakout_retest,long,active,touch,,29171.25,False,2026-09-02T12:25:10.337787-05:00,2026-09-02T13:02:15.540077-05:00,36,36,True,1788371100000,TOUCHED,True,"UNMEASURABLE: arrival-time feed, formation, alive/void and parameter history not complete"
2026-09-02:NY:8d5c8af5_8ef641a7-815c-4bb5-9798-b070b67d7998_deepseek_1781246265|v9|S3|idx2,4f79b11658381198,212,2026-09-02:NY:8d5c8af5_8ef641a7-815c-4bb5-9798-b070b67d7998_deepseek_1781246265,9,S3,reject,short,active,touch,,29317.25,True,2026-09-02T12:25:10.337787-05:00,2026-09-02T13:02:15.540077-05:00,36,36,True,,NOT_TOUCHED,True,"UNMEASURABLE: arrival-time feed, formation, alive/void and parameter history not complete"
2026-09-02:NY:8d5c8af5_8ef641a7-815c-4bb5-9798-b070b67d7998_deepseek_1781246265|v10|S1|idx0,e79c85d70d8cb5b0,213,2026-09-02:NY:8d5c8af5_8ef641a7-815c-4bb5-9798-b070b67d7998_deepseek_1781246265,10,S1,reject,long,active,touch,,29163.99,True,2026-09-02T13:02:15.540077-05:00,2026-09-02T13:28:36.708566-05:00,25,25,True,1788372300000,TOUCHED,True,"UNMEASURABLE: arrival-time feed, formation, alive/void and parameter history not complete"
2026-09-02:NY:8d5c8af5_8ef641a7-815c-4bb5-9798-b070b67d7998_deepseek_1781246265|v10|S2|idx1,a9523d7feaa9be22,213,2026-09-02:NY:8d5c8af5_8ef641a7-815c-4bb5-9798-b070b67d7998_deepseek_1781246265,10,S2,sweep_reclaim,long,active,touch,1x5m_close,29001.75,False,2026-09-02T13:02:15.540077-05:00,2026-09-02T13:28:36.708566-05:00,25,25,True,,NOT_TOUCHED,False,"UNMEASURABLE: arrival-time feed, formation, alive/void and parameter history not complete"
2026-09-02:NY:8d5c8af5_8ef641a7-815c-4bb5-9798-b070b67d7998_deepseek_1781246265|v10|S3|idx2,6e74d52275356cd0,213,2026-09-02:NY:8d5c8af5_8ef641a7-815c-4bb5-9798-b070b67d7998_deepseek_1781246265,10,S3,reject,short,active,touch,,29317.25,True,2026-09-02T13:02:15.540077-05:00,2026-09-02T13:28:36.708566-05:00,25,25,True,,NOT_TOUCHED,True,"UNMEASURABLE: arrival-time feed, formation, alive/void and parameter history not complete"
2026-09-02:NY:8d5c8af5_8ef641a7-815c-4bb5-9798-b070b67d7998_deepseek_1781246265|v10|S4|idx3,903f23fb5341837f,213,2026-09-02:NY:8d5c8af5_8ef641a7-815c-4bb5-9798-b070b67d7998_deepseek_1781246265,10,S4,reject,short,active,touch,,29058.75,True,2026-09-02T13:02:15.540077-05:00,2026-09-02T13:28:36.708566-05:00,25,25,True,,NOT_TOUCHED,True,"UNMEASURABLE: arrival-time feed, formation, alive/void and parameter history not complete"
2026-09-02:NY:8d5c8af5_8ef641a7-815c-4bb5-9798-b070b67d7998_deepseek_1781246265|v11|S1|idx0,79d5df34ff9563e1,214,2026-09-02:NY:8d5c8af5_8ef641a7-815c-4bb5-9798-b070b67d7998_deepseek_1781246265,11,S1,reclaim,long,active,1x5m_close,,29165.06,False,2026-09-02T13:28:36.708566-05:00,2026-09-02T13:56:59.111797-05:00,27,27,True,1788373800000,TOUCHED,False,"UNMEASURABLE: arrival-time feed, formation, alive/void and parameter history not complete"
2026-09-02:NY:8d5c8af5_8ef641a7-815c-4bb5-9798-b070b67d7998_deepseek_1781246265|v11|S2|idx1,07b9d5df2b1479c0,214,2026-09-02:NY:8d5c8af5_8ef641a7-815c-4bb5-9798-b070b67d7998_deepseek_1781246265,11,S2,reject,long,active,touch,,29001.75,True,2026-09-02T13:28:36.708566-05:00,2026-09-02T13:56:59.111797-05:00,27,27,True,,NOT_TOUCHED,True,"UNMEASURABLE: arrival-time feed, formation, alive/void and parameter history not complete"
2026-09-02:NY:8d5c8af5_8ef641a7-815c-4bb5-9798-b070b67d7998_deepseek_1781246265|v11|S3|idx2,9a171cfa4de9cf2f,214,2026-09-02:NY:8d5c8af5_8ef641a7-815c-4bb5-9798-b070b67d7998_deepseek_1781246265,11,S3,sweep_reclaim,long,active,1x5m_close,,28927.25,False,2026-09-02T13:28:36.708566-05:00,2026-09-02T13:56:59.111797-05:00,27,27,True,,NOT_TOUCHED,False,"UNMEASURABLE: arrival-time feed, formation, alive/void and parameter history not complete"
2026-09-02:NY:8d5c8af5_8ef641a7-815c-4bb5-9798-b070b67d7998_deepseek_1781246265|v11|S4|idx3,dae21afd2cc2b38d,214,2026-09-02:NY:8d5c8af5_8ef641a7-815c-4bb5-9798-b070b67d7998_deepseek_1781246265,11,S4,reject,short,active,touch,,29317.25,True,2026-09-02T13:28:36.708566-05:00,2026-09-02T13:56:59.111797-05:00,27,27,True,,NOT_TOUCHED,True,"UNMEASURABLE: arrival-time feed, formation, alive/void and parameter history not complete"
2026-09-02:NY:8d5c8af5_8ef641a7-815c-4bb5-9798-b070b67d7998_deepseek_1781246265|v12|S1|idx0,17f39897ceb320b1,215,2026-09-02:NY:8d5c8af5_8ef641a7-815c-4bb5-9798-b070b67d7998_deepseek_1781246265,12,S1,sweep_reclaim,long,active,1x5m_close,,29050.13,False,2026-09-02T13:56:59.111797-05:00,2026-09-02T14:45:00-05:00,48,48,True,,NOT_TOUCHED,False,"UNMEASURABLE: arrival-time feed, formation, alive/void and parameter history not complete"
2026-09-02:NY:8d5c8af5_8ef641a7-815c-4bb5-9798-b070b67d7998_deepseek_1781246265|v12|S2|idx1,da89d9f4153ce15b,215,2026-09-02:NY:8d5c8af5_8ef641a7-815c-4bb5-9798-b070b67d7998_deepseek_1781246265,12,S2,reclaim,long,active,1x5m_close,,29108.47,False,2026-09-02T13:56:59.111797-05:00,2026-09-02T14:45:00-05:00,48,48,True,,NOT_TOUCHED,False,"UNMEASURABLE: arrival-time feed, formation, alive/void and parameter history not complete"
2026-09-02:NY:8d5c8af5_8ef641a7-815c-4bb5-9798-b070b67d7998_deepseek_1781246265|v12|S3|idx2,59ea9952e763fefe,215,2026-09-02:NY:8d5c8af5_8ef641a7-815c-4bb5-9798-b070b67d7998_deepseek_1781246265,12,S3,reject,short,active,touch,,29166.8,True,2026-09-02T13:56:59.111797-05:00,2026-09-02T14:45:00-05:00,48,48,True,1788376140000,TOUCHED,True,"UNMEASURABLE: arrival-time feed, formation, alive/void and parameter history not complete"
2026-09-02:ASIA:8d5c8af5_8ef641a7-815c-4bb5-9798-b070b67d7998_deepseek_1781246265|v1|S1|idx0,c35d363825c8b7bb,216,2026-09-02:ASIA:8d5c8af5_8ef641a7-815c-4bb5-9798-b070b67d7998_deepseek_1781246265,1,S1,reclaim,long,active,1x5m_close,,29113.89,False,2026-09-02T17:00:00-05:00,2026-09-02T17:18:29.638859-05:00,18,18,True,,NOT_TOUCHED,False,"UNMEASURABLE: arrival-time feed, formation, alive/void and parameter history not complete"
2026-09-02:ASIA:8d5c8af5_8ef641a7-815c-4bb5-9798-b070b67d7998_deepseek_1781246265|v1|S2|idx1,dd862d2726c6a9d2,216,2026-09-02:ASIA:8d5c8af5_8ef641a7-815c-4bb5-9798-b070b67d7998_deepseek_1781246265,1,S2,sweep_reclaim,long,active,touch,1x5m_close,29042.75,False,2026-09-02T17:00:00-05:00,2026-09-02T17:18:29.638859-05:00,18,18,True,,NOT_TOUCHED,False,"UNMEASURABLE: arrival-time feed, formation, alive/void and parameter history not complete"
2026-09-02:ASIA:8d5c8af5_8ef641a7-815c-4bb5-9798-b070b67d7998_deepseek_1781246265|v1|S3|idx2,f1460bda50e47ced,216,2026-09-02:ASIA:8d5c8af5_8ef641a7-815c-4bb5-9798-b070b67d7998_deepseek_1781246265,1,S3,breakout_retest,long,active,touch,,29171.25,False,2026-09-02T17:00:00-05:00,2026-09-02T17:18:29.638859-05:00,18,18,True,1788386400000,TOUCHED,True,"UNMEASURABLE: arrival-time feed, formation, alive/void and parameter history not complete"
2026-09-02:ASIA:8d5c8af5_8ef641a7-815c-4bb5-9798-b070b67d7998_deepseek_1781246265|v1|S4|idx3,83b0e402447577ad,216,2026-09-02:ASIA:8d5c8af5_8ef641a7-815c-4bb5-9798-b070b67d7998_deepseek_1781246265,1,S4,sweep_reclaim,short,active,touch,1x5m_close,29317.25,False,2026-09-02T17:00:00-05:00,2026-09-02T17:18:29.638859-05:00,18,18,True,,NOT_TOUCHED,False,"UNMEASURABLE: arrival-time feed, formation, alive/void and parameter history not complete"
2026-09-02:ASIA:8d5c8af5_8ef641a7-815c-4bb5-9798-b070b67d7998_deepseek_1781246265|v2|S1|idx0,d25cfc4ffebebec9,217,2026-09-02:ASIA:8d5c8af5_8ef641a7-815c-4bb5-9798-b070b67d7998_deepseek_1781246265,2,S1,sweep_reclaim,short,active,touch,1m_mss,29189.25,False,2026-09-02T17:18:29.638859-05:00,2026-09-02T17:50:56.643610-05:00,31,31,True,1788387600000,TOUCHED,False,"UNMEASURABLE: arrival-time feed, formation, alive/void and parameter history not complete"
2026-09-02:ASIA:8d5c8af5_8ef641a7-815c-4bb5-9798-b070b67d7998_deepseek_1781246265|v2|S2|idx1,aa983cefd1fded4e,217,2026-09-02:ASIA:8d5c8af5_8ef641a7-815c-4bb5-9798-b070b67d7998_deepseek_1781246265,2,S2,sweep_reclaim,long,active,touch,1m_mss,29149,False,2026-09-02T17:18:29.638859-05:00,2026-09-02T17:50:56.643610-05:00,31,31,True,,NOT_TOUCHED,False,"UNMEASURABLE: arrival-time feed, formation, alive/void and parameter history not complete"
2026-09-02:ASIA:8d5c8af5_8ef641a7-815c-4bb5-9798-b070b67d7998_deepseek_1781246265|v3|S1|idx0,b2b55f289d35902e,218,2026-09-02:ASIA:8d5c8af5_8ef641a7-815c-4bb5-9798-b070b67d7998_deepseek_1781246265,3,S1,sweep_reclaim,short,active,touch,1x5m_close,29208.75,False,2026-09-02T17:50:56.643610-05:00,2026-09-02T18:04:42.447685-05:00,13,13,True,,NOT_TOUCHED,False,"UNMEASURABLE: arrival-time feed, formation, alive/void and parameter history not complete"
2026-09-02:ASIA:8d5c8af5_8ef641a7-815c-4bb5-9798-b070b67d7998_deepseek_1781246265|v3|S2|idx1,3c7a0540f52e96b0,218,2026-09-02:ASIA:8d5c8af5_8ef641a7-815c-4bb5-9798-b070b67d7998_deepseek_1781246265,3,S2,sweep_reclaim,long,active,touch,1x5m_close,29149,False,2026-09-02T17:50:56.643610-05:00,2026-09-02T18:04:42.447685-05:00,13,13,True,,NOT_TOUCHED,False,"UNMEASURABLE: arrival-time feed, formation, alive/void and parameter history not complete"
2026-09-02:ASIA:8d5c8af5_8ef641a7-815c-4bb5-9798-b070b67d7998_deepseek_1781246265|v3|S3|idx2,3f0ca6a731eebc03,218,2026-09-02:ASIA:8d5c8af5_8ef641a7-815c-4bb5-9798-b070b67d7998_deepseek_1781246265,3,S3,reject,short,active,touch,,29199.68,True,2026-09-02T17:50:56.643610-05:00,2026-09-02T18:04:42.447685-05:00,13,13,True,,NOT_TOUCHED,True,"UNMEASURABLE: arrival-time feed, formation, alive/void and parameter history not complete"
2026-09-02:ASIA:8d5c8af5_8ef641a7-815c-4bb5-9798-b070b67d7998_deepseek_1781246265|v4|S1|idx0,0c8674c7c7bd3631,219,2026-09-02:ASIA:8d5c8af5_8ef641a7-815c-4bb5-9798-b070b67d7998_deepseek_1781246265,4,S1,reject,short,active,touch,,29208.75,True,2026-09-02T18:04:42.447685-05:00,2026-09-02T18:21:05.610804-05:00,16,16,True,,NOT_TOUCHED,True,"UNMEASURABLE: arrival-time feed, formation, alive/void and parameter history not complete"
2026-09-02:ASIA:8d5c8af5_8ef641a7-815c-4bb5-9798-b070b67d7998_deepseek_1781246265|v4|S2|idx1,0004be0ec685555a,219,2026-09-02:ASIA:8d5c8af5_8ef641a7-815c-4bb5-9798-b070b67d7998_deepseek_1781246265,4,S2,sweep_reclaim,long,active,touch,1x5m_close,29149,False,2026-09-02T18:04:42.447685-05:00,2026-09-02T18:21:05.610804-05:00,16,16,True,,NOT_TOUCHED,False,"UNMEASURABLE: arrival-time feed, formation, alive/void and parameter history not complete"
2026-09-02:ASIA:8d5c8af5_8ef641a7-815c-4bb5-9798-b070b67d7998_deepseek_1781246265|v4|S3|idx2,960adc366e991869,219,2026-09-02:ASIA:8d5c8af5_8ef641a7-815c-4bb5-9798-b070b67d7998_deepseek_1781246265,4,S3,reject,short,active,touch,,29149,True,2026-09-02T18:04:42.447685-05:00,2026-09-02T18:21:05.610804-05:00,16,16,True,,NOT_TOUCHED,True,"UNMEASURABLE: arrival-time feed, formation, alive/void and parameter history not complete"
2026-09-02:ASIA:8d5c8af5_8ef641a7-815c-4bb5-9798-b070b67d7998_deepseek_1781246265|v5|S1|idx0,6591706a7f264024,220,2026-09-02:ASIA:8d5c8af5_8ef641a7-815c-4bb5-9798-b070b67d7998_deepseek_1781246265,5,S1,reject,short,active,touch,,29197.57,True,2026-09-02T18:21:05.610804-05:00,2026-09-02T18:43:33.086273-05:00,21,21,True,,NOT_TOUCHED,True,"UNMEASURABLE: arrival-time feed, formation, alive/void and parameter history not complete"
2026-09-02:ASIA:8d5c8af5_8ef641a7-815c-4bb5-9798-b070b67d7998_deepseek_1781246265|v5|S2|idx1,c754f1420584fd7e,220,2026-09-02:ASIA:8d5c8af5_8ef641a7-815c-4bb5-9798-b070b67d7998_deepseek_1781246265,5,S2,sweep_reclaim,long,active,touch,1x5m_close,29149,False,2026-09-02T18:21:05.610804-05:00,2026-09-02T18:43:33.086273-05:00,21,21,True,,NOT_TOUCHED,False,"UNMEASURABLE: arrival-time feed, formation, alive/void and parameter history not complete"
2026-09-02:ASIA:8d5c8af5_8ef641a7-815c-4bb5-9798-b070b67d7998_deepseek_1781246265|v5|S3|idx2,3a72f1154bc2e185,220,2026-09-02:ASIA:8d5c8af5_8ef641a7-815c-4bb5-9798-b070b67d7998_deepseek_1781246265,5,S3,breakout_retest,long,active,1x5m_close,touch,29208.75,False,2026-09-02T18:21:05.610804-05:00,2026-09-02T18:43:33.086273-05:00,21,21,True,,NOT_TOUCHED,False,"UNMEASURABLE: arrival-time feed, formation, alive/void and parameter history not complete"
2026-09-02:ASIA:8d5c8af5_8ef641a7-815c-4bb5-9798-b070b67d7998_deepseek_1781246265|v5|S4|idx3,f8568c7ce0165972,220,2026-09-02:ASIA:8d5c8af5_8ef641a7-815c-4bb5-9798-b070b67d7998_deepseek_1781246265,5,S4,reject,short,active,touch,,29149,False,2026-09-02T18:21:05.610804-05:00,2026-09-02T18:43:33.086273-05:00,21,21,True,,NOT_TOUCHED,True,"UNMEASURABLE: arrival-time feed, formation, alive/void and parameter history not complete"
2026-09-02:ASIA:8d5c8af5_8ef641a7-815c-4bb5-9798-b070b67d7998_deepseek_1781246265|v6|S1|idx0,4271366648595bef,221,2026-09-02:ASIA:8d5c8af5_8ef641a7-815c-4bb5-9798-b070b67d7998_deepseek_1781246265,6,S1,sweep_reclaim,long,active,1m_mss,,29149,False,2026-09-02T18:43:33.086273-05:00,2026-09-02T19:02:39.227442-05:00,18,18,True,,NOT_TOUCHED,False,"UNMEASURABLE: arrival-time feed, formation, alive/void and parameter history not complete"
2026-09-02:ASIA:8d5c8af5_8ef641a7-815c-4bb5-9798-b070b67d7998_deepseek_1781246265|v6|S2|idx1,aeecb2d30b4ba028,221,2026-09-02:ASIA:8d5c8af5_8ef641a7-815c-4bb5-9798-b070b67d7998_deepseek_1781246265,6,S2,reject,short,active,touch,,29209.25,True,2026-09-02T18:43:33.086273-05:00,2026-09-02T19:02:39.227442-05:00,18,18,True,1788392760000,TOUCHED,True,"UNMEASURABLE: arrival-time feed, formation, alive/void and parameter history not complete"
2026-09-02:ASIA:8d5c8af5_8ef641a7-815c-4bb5-9798-b070b67d7998_deepseek_1781246265|v6|S3|idx2,dc5203e1e7e9e6f0,221,2026-09-02:ASIA:8d5c8af5_8ef641a7-815c-4bb5-9798-b070b67d7998_deepseek_1781246265,6,S3,reject,short,active,touch,,29317.25,False,2026-09-02T18:43:33.086273-05:00,2026-09-02T19:02:39.227442-05:00,18,18,True,,NOT_TOUCHED,True,"UNMEASURABLE: arrival-time feed, formation, alive/void and parameter history not complete"
2026-09-02:ASIA:8d5c8af5_8ef641a7-815c-4bb5-9798-b070b67d7998_deepseek_1781246265|v7|S1|idx0,796352615543482d,222,2026-09-02:ASIA:8d5c8af5_8ef641a7-815c-4bb5-9798-b070b67d7998_deepseek_1781246265,7,S1,reject,short,active,touch,,29218.25,True,2026-09-02T19:02:39.227442-05:00,2026-09-02T20:05:55.400310-05:00,62,62,True,,NOT_TOUCHED,True,"UNMEASURABLE: arrival-time feed, formation, alive/void and parameter history not complete"
2026-09-02:ASIA:8d5c8af5_8ef641a7-815c-4bb5-9798-b070b67d7998_deepseek_1781246265|v7|S2|idx1,7ff67ab06e8fd289,222,2026-09-02:ASIA:8d5c8af5_8ef641a7-815c-4bb5-9798-b070b67d7998_deepseek_1781246265,7,S2,sweep_reclaim,long,active,touch,1m_mss,29149,False,2026-09-02T19:02:39.227442-05:00,2026-09-02T20:05:55.400310-05:00,62,62,True,1788394560000,TOUCHED,False,"UNMEASURABLE: arrival-time feed, formation, alive/void and parameter history not complete"
2026-09-02:ASIA:8d5c8af5_8ef641a7-815c-4bb5-9798-b070b67d7998_deepseek_1781246265|v8|S1|idx0,d095b49a0f262198,224,2026-09-02:ASIA:8d5c8af5_8ef641a7-815c-4bb5-9798-b070b67d7998_deepseek_1781246265,8,S1,reject,short,dormant,touch,,29157.03,True,2026-09-02T20:05:55.400310-05:00,2026-09-02T20:38:20.096131-05:00,32,32,True,,EXCLUDED_INACTIVE,True,"UNMEASURABLE: arrival-time feed, formation, alive/void and parameter history not complete"
2026-09-02:ASIA:8d5c8af5_8ef641a7-815c-4bb5-9798-b070b67d7998_deepseek_1781246265|v8|S2|idx1,f5527df6b3f80029,224,2026-09-02:ASIA:8d5c8af5_8ef641a7-815c-4bb5-9798-b070b67d7998_deepseek_1781246265,8,S2,reject,short,dormant,touch,,29141.25,True,2026-09-02T20:05:55.400310-05:00,2026-09-02T20:38:20.096131-05:00,32,32,True,,EXCLUDED_INACTIVE,True,"UNMEASURABLE: arrival-time feed, formation, alive/void and parameter history not complete"
2026-09-02:ASIA:8d5c8af5_8ef641a7-815c-4bb5-9798-b070b67d7998_deepseek_1781246265|v8|S3|idx2,03ba1cde4396aeaa,224,2026-09-02:ASIA:8d5c8af5_8ef641a7-815c-4bb5-9798-b070b67d7998_deepseek_1781246265,8,S3,reject,short,dormant,touch,,29175.66,True,2026-09-02T20:05:55.400310-05:00,2026-09-02T20:38:20.096131-05:00,32,32,True,1788397560000,EXCLUDED_INACTIVE,True,"UNMEASURABLE: arrival-time feed, formation, alive/void and parameter history not complete"
2026-09-02:ASIA:8d5c8af5_8ef641a7-815c-4bb5-9798-b070b67d7998_deepseek_1781246265|v9|S1|idx0,439bee3168f34e51,225,2026-09-02:ASIA:8d5c8af5_8ef641a7-815c-4bb5-9798-b070b67d7998_deepseek_1781246265,9,S1,reject,short,active,touch,,29200.5,False,2026-09-02T20:38:20.096131-05:00,2026-09-02T21:03:03.446167-05:00,24,24,True,,NOT_TOUCHED,True,"UNMEASURABLE: arrival-time feed, formation, alive/void and parameter history not complete"
2026-09-02:ASIA:8d5c8af5_8ef641a7-815c-4bb5-9798-b070b67d7998_deepseek_1781246265|v9|S2|idx1,315b30faec377f67,225,2026-09-02:ASIA:8d5c8af5_8ef641a7-815c-4bb5-9798-b070b67d7998_deepseek_1781246265,9,S2,reject,short,active,touch,,29176.29,False,2026-09-02T20:38:20.096131-05:00,2026-09-02T21:03:03.446167-05:00,24,24,True,1788399540000,TOUCHED,True,"UNMEASURABLE: arrival-time feed, formation, alive/void and parameter history not complete"
2026-09-02:ASIA:8d5c8af5_8ef641a7-815c-4bb5-9798-b070b67d7998_deepseek_1781246265|v10|S1|idx0,f262cbc2b60daa12,226,2026-09-02:ASIA:8d5c8af5_8ef641a7-815c-4bb5-9798-b070b67d7998_deepseek_1781246265,10,S1,reject,short,active,touch,,29200.5,True,2026-09-02T21:03:03.446167-05:00,2026-09-02T21:31:58.603310-05:00,27,27,True,,NOT_TOUCHED,True,"UNMEASURABLE: arrival-time feed, formation, alive/void and parameter history not complete"
2026-09-02:ASIA:8d5c8af5_8ef641a7-815c-4bb5-9798-b070b67d7998_deepseek_1781246265|v10|S2|idx1,08dba29646047f9a,226,2026-09-02:ASIA:8d5c8af5_8ef641a7-815c-4bb5-9798-b070b67d7998_deepseek_1781246265,10,S2,reject,short,active,touch,,29141.25,False,2026-09-02T21:03:03.446167-05:00,2026-09-02T21:31:58.603310-05:00,27,27,True,,NOT_TOUCHED,True,"UNMEASURABLE: arrival-time feed, formation, alive/void and parameter history not complete"
2026-09-02:ASIA:8d5c8af5_8ef641a7-815c-4bb5-9798-b070b67d7998_deepseek_1781246265|v10|S3|idx2,64fdbc8d81080263,226,2026-09-02:ASIA:8d5c8af5_8ef641a7-815c-4bb5-9798-b070b67d7998_deepseek_1781246265,10,S3,reclaim,long,active,1x5m_close,,29113.9,False,2026-09-02T21:03:03.446167-05:00,2026-09-02T21:31:58.603310-05:00,27,27,True,,NOT_TOUCHED,False,"UNMEASURABLE: arrival-time feed, formation, alive/void and parameter history not complete"
2026-09-02:ASIA:8d5c8af5_8ef641a7-815c-4bb5-9798-b070b67d7998_deepseek_1781246265|v11|S1|idx0,a6a634a8f3e8feb2,227,2026-09-02:ASIA:8d5c8af5_8ef641a7-815c-4bb5-9798-b070b67d7998_deepseek_1781246265,11,S1,reject,short,active,touch,,29199.5,True,2026-09-02T21:31:58.603310-05:00,2026-09-02T21:49:57.931222-05:00,17,17,True,,NOT_TOUCHED,True,"UNMEASURABLE: arrival-time feed, formation, alive/void and parameter history not complete"
2026-09-02:ASIA:8d5c8af5_8ef641a7-815c-4bb5-9798-b070b67d7998_deepseek_1781246265|v11|S2|idx1,58cbdc4ed3c97fbe,227,2026-09-02:ASIA:8d5c8af5_8ef641a7-815c-4bb5-9798-b070b67d7998_deepseek_1781246265,11,S2,sweep_reclaim,short,active,touch,1m_mss,29218.25,False,2026-09-02T21:31:58.603310-05:00,2026-09-02T21:49:57.931222-05:00,17,17,True,,NOT_TOUCHED,False,"UNMEASURABLE: arrival-time feed, formation, alive/void and parameter history not complete"
2026-09-02:ASIA:8d5c8af5_8ef641a7-815c-4bb5-9798-b070b67d7998_deepseek_1781246265|v11|S3|idx2,2e7f33a6baa9e74a,227,2026-09-02:ASIA:8d5c8af5_8ef641a7-815c-4bb5-9798-b070b67d7998_deepseek_1781246265,11,S3,sweep_reclaim,long,active,touch,1m_mss,29132.5,False,2026-09-02T21:31:58.603310-05:00,2026-09-02T21:49:57.931222-05:00,17,17,True,,NOT_TOUCHED,False,"UNMEASURABLE: arrival-time feed, formation, alive/void and parameter history not complete"
2026-09-02:ASIA:8d5c8af5_8ef641a7-815c-4bb5-9798-b070b67d7998_deepseek_1781246265|v11|S4|idx3,dd474de589f95cea,227,2026-09-02:ASIA:8d5c8af5_8ef641a7-815c-4bb5-9798-b070b67d7998_deepseek_1781246265,11,S4,reject,short,active,touch,,29132.5,False,2026-09-02T21:31:58.603310-05:00,2026-09-02T21:49:57.931222-05:00,17,17,True,,NOT_TOUCHED,True,"UNMEASURABLE: arrival-time feed, formation, alive/void and parameter history not complete"
2026-09-02:ASIA:8d5c8af5_8ef641a7-815c-4bb5-9798-b070b67d7998_deepseek_1781246265|v12|S1|idx0,df3c4890a10590cd,228,2026-09-02:ASIA:8d5c8af5_8ef641a7-815c-4bb5-9798-b070b67d7998_deepseek_1781246265,12,S1,reject,short,active,touch,,29208.69,True,2026-09-02T21:49:57.931222-05:00,2026-09-02T22:12:42.599271-05:00,22,22,True,,NOT_TOUCHED,True,"UNMEASURABLE: arrival-time feed, formation, alive/void and parameter history not complete"
2026-09-02:ASIA:8d5c8af5_8ef641a7-815c-4bb5-9798-b070b67d7998_deepseek_1781246265|v12|S2|idx1,addca807ba787d03,228,2026-09-02:ASIA:8d5c8af5_8ef641a7-815c-4bb5-9798-b070b67d7998_deepseek_1781246265,12,S2,reject,short,active,touch,,29132.5,True,2026-09-02T21:49:57.931222-05:00,2026-09-02T22:12:42.599271-05:00,22,22,True,,NOT_TOUCHED,True,"UNMEASURABLE: arrival-time feed, formation, alive/void and parameter history not complete"
2026-09-02:ASIA:8d5c8af5_8ef641a7-815c-4bb5-9798-b070b67d7998_deepseek_1781246265|v12|S3|idx2,64e417410b4b3d07,228,2026-09-02:ASIA:8d5c8af5_8ef641a7-815c-4bb5-9798-b070b67d7998_deepseek_1781246265,12,S3,sweep_reclaim,long,active,touch,1x5m_close,29132.5,False,2026-09-02T21:49:57.931222-05:00,2026-09-02T22:12:42.599271-05:00,22,22,True,,NOT_TOUCHED,False,"UNMEASURABLE: arrival-time feed, formation, alive/void and parameter history not complete"
2026-09-02:ASIA:8d5c8af5_8ef641a7-815c-4bb5-9798-b070b67d7998_deepseek_1781246265|v13|S1|idx0,df6ae1e93bb17cb7,229,2026-09-02:ASIA:8d5c8af5_8ef641a7-815c-4bb5-9798-b070b67d7998_deepseek_1781246265,13,S1,reject,short,active,touch,,29199.5,True,2026-09-02T22:12:42.599271-05:00,2026-09-03T00:08:45.841316-05:00,115,115,True,1788405180000,TOUCHED,True,"UNMEASURABLE: arrival-time feed, formation, alive/void and parameter history not complete"
2026-09-02:ASIA:8d5c8af5_8ef641a7-815c-4bb5-9798-b070b67d7998_deepseek_1781246265|v13|S2|idx1,0a3c9353bbe12661,229,2026-09-02:ASIA:8d5c8af5_8ef641a7-815c-4bb5-9798-b070b67d7998_deepseek_1781246265,13,S2,sweep_reclaim,short,active,touch,1x5m_close,29218.25,False,2026-09-02T22:12:42.599271-05:00,2026-09-03T00:08:45.841316-05:00,115,115,True,1788405480000,TOUCHED,False,"UNMEASURABLE: arrival-time feed, formation, alive/void and parameter history not complete"
2026-09-02:ASIA:8d5c8af5_8ef641a7-815c-4bb5-9798-b070b67d7998_deepseek_1781246265|v13|S3|idx2,2e52fdcff6cb929c,229,2026-09-02:ASIA:8d5c8af5_8ef641a7-815c-4bb5-9798-b070b67d7998_deepseek_1781246265,13,S3,sweep_reclaim,long,active,touch,1x5m_close,29132.5,False,2026-09-02T22:12:42.599271-05:00,2026-09-03T00:08:45.841316-05:00,115,115,True,,NOT_TOUCHED,False,"UNMEASURABLE: arrival-time feed, formation, alive/void and parameter history not complete"
2026-09-02:ASIA:8d5c8af5_8ef641a7-815c-4bb5-9798-b070b67d7998_deepseek_1781246265|v14|S1|idx0,7bb9ab0285a249e4,230,2026-09-02:ASIA:8d5c8af5_8ef641a7-815c-4bb5-9798-b070b67d7998_deepseek_1781246265,14,S1,reject,short,active,touch,,29228.75,True,2026-09-03T00:08:45.841316-05:00,2026-09-03T00:34:14.308317-05:00,25,25,True,,NOT_TOUCHED,True,"UNMEASURABLE: arrival-time feed, formation, alive/void and parameter history not complete"
2026-09-02:ASIA:8d5c8af5_8ef641a7-815c-4bb5-9798-b070b67d7998_deepseek_1781246265|v14|S2|idx1,4b7948c21ad15ed1,230,2026-09-02:ASIA:8d5c8af5_8ef641a7-815c-4bb5-9798-b070b67d7998_deepseek_1781246265,14,S2,sweep_reclaim,long,active,touch,1x5m_close,29017.25,False,2026-09-03T00:08:45.841316-05:00,2026-09-03T00:34:14.308317-05:00,25,25,True,,NOT_TOUCHED,False,"UNMEASURABLE: arrival-time feed, formation, alive/void and parameter history not complete"
2026-09-02:ASIA:8d5c8af5_8ef641a7-815c-4bb5-9798-b070b67d7998_deepseek_1781246265|v14|S3|idx2,9e7c6ee8e3c758e2,230,2026-09-02:ASIA:8d5c8af5_8ef641a7-815c-4bb5-9798-b070b67d7998_deepseek_1781246265,14,S3,reject,short,active,touch,,29132.5,False,2026-09-03T00:08:45.841316-05:00,2026-09-03T00:34:14.308317-05:00,25,25,True,1788412620000,TOUCHED,True,"UNMEASURABLE: arrival-time feed, formation, alive/void and parameter history not complete"
2026-09-02:ASIA:8d5c8af5_8ef641a7-815c-4bb5-9798-b070b67d7998_deepseek_1781246265|v14|S4|idx3,1a3f20d37124aed8,230,2026-09-02:ASIA:8d5c8af5_8ef641a7-815c-4bb5-9798-b070b67d7998_deepseek_1781246265,14,S4,reject,short,active,touch,,29255,True,2026-09-03T00:08:45.841316-05:00,2026-09-03T00:34:14.308317-05:00,25,25,True,,NOT_TOUCHED,True,"UNMEASURABLE: arrival-time feed, formation, alive/void and parameter history not complete"
2026-09-02:ASIA:8d5c8af5_8ef641a7-815c-4bb5-9798-b070b67d7998_deepseek_1781246265|v15|S1|idx0,0ab0234fe773e0c7,231,2026-09-02:ASIA:8d5c8af5_8ef641a7-815c-4bb5-9798-b070b67d7998_deepseek_1781246265,15,S1,reject,short,dormant,touch,,29113.9,False,2026-09-03T00:34:14.308317-05:00,2026-09-03T02:00:00-05:00,85,85,True,,EXCLUDED_INACTIVE,True,"UNMEASURABLE: arrival-time feed, formation, alive/void and parameter history not complete"
2026-09-02:ASIA:8d5c8af5_8ef641a7-815c-4bb5-9798-b070b67d7998_deepseek_1781246265|v15|S2|idx1,d1aeeb6baaf17786,231,2026-09-02:ASIA:8d5c8af5_8ef641a7-815c-4bb5-9798-b070b67d7998_deepseek_1781246265,15,S2,reject,short,dormant,touch,,29075,False,2026-09-03T00:34:14.308317-05:00,2026-09-03T02:00:00-05:00,85,85,True,,EXCLUDED_INACTIVE,True,"UNMEASURABLE: arrival-time feed, formation, alive/void and parameter history not complete"
2026-09-03:LONDON:8d5c8af5_8ef641a7-815c-4bb5-9798-b070b67d7998_deepseek_1781246265|v1|S1|idx0,58aee4bd3b733e01,232,2026-09-03:LONDON:8d5c8af5_8ef641a7-815c-4bb5-9798-b070b67d7998_deepseek_1781246265,1,S1,reject,short,dormant,touch,,29204.25,False,2026-09-03T02:00:00-05:00,2026-09-03T08:15:44.050765-05:00,375,375,True,1788419040000,EXCLUDED_INACTIVE,True,"UNMEASURABLE: arrival-time feed, formation, alive/void and parameter history not complete"
2026-09-03:LONDON:8d5c8af5_8ef641a7-815c-4bb5-9798-b070b67d7998_deepseek_1781246265|v1|S2|idx1,e1a6bbd83cf95474,232,2026-09-03:LONDON:8d5c8af5_8ef641a7-815c-4bb5-9798-b070b67d7998_deepseek_1781246265,1,S2,sweep_reclaim,long,dormant,touch,1m_mss,29075,False,2026-09-03T02:00:00-05:00,2026-09-03T08:15:44.050765-05:00,375,375,True,,EXCLUDED_INACTIVE,False,"UNMEASURABLE: arrival-time feed, formation, alive/void and parameter history not complete"
2026-09-03:LONDON:8d5c8af5_8ef641a7-815c-4bb5-9798-b070b67d7998_deepseek_1781246265|v2|S1|idx0,1bc114d46204b2b8,234,2026-09-03:LONDON:8d5c8af5_8ef641a7-815c-4bb5-9798-b070b67d7998_deepseek_1781246265,2,S1,reject,short,active,touch,,29219.97,True,2026-09-03T08:15:44.050765-05:00,2026-09-03T08:30:00-05:00,14,14,True,1788441480000,TOUCHED,True,"UNMEASURABLE: arrival-time feed, formation, alive/void and parameter history not complete"
2026-09-03:LONDON:8d5c8af5_8ef641a7-815c-4bb5-9798-b070b67d7998_deepseek_1781246265|v2|S2|idx1,75682db19f5d761a,234,2026-09-03:LONDON:8d5c8af5_8ef641a7-815c-4bb5-9798-b070b67d7998_deepseek_1781246265,2,S2,sweep_reclaim,short,active,touch,1x5m_close,29293,False,2026-09-03T08:15:44.050765-05:00,2026-09-03T08:30:00-05:00,14,14,True,,NOT_TOUCHED,False,"UNMEASURABLE: arrival-time feed, formation, alive/void and parameter history not complete"
2026-09-03:LONDON:8d5c8af5_8ef641a7-815c-4bb5-9798-b070b67d7998_deepseek_1781246265|v2|S3|idx2,d6dc9b975caca84d,234,2026-09-03:LONDON:8d5c8af5_8ef641a7-815c-4bb5-9798-b070b67d7998_deepseek_1781246265,2,S3,sweep_reclaim,long,active,touch,1x5m_close,29075,False,2026-09-03T08:15:44.050765-05:00,2026-09-03T08:30:00-05:00,14,14,True,,NOT_TOUCHED,False,"UNMEASURABLE: arrival-time feed, formation, alive/void and parameter history not complete"
2026-09-03:NY:8d5c8af5_8ef641a7-815c-4bb5-9798-b070b67d7998_deepseek_1781246265|v1|S1|idx0,3043bd9406fd9ef7,233,2026-09-03:NY:8d5c8af5_8ef641a7-815c-4bb5-9798-b070b67d7998_deepseek_1781246265,1,S1,reject,short,dormant,touch,,29259.67,True,2026-09-03T08:30:00-05:00,2026-09-03T08:45:05.993352-05:00,15,15,True,1788442200000,EXCLUDED_INACTIVE,True,"UNMEASURABLE: arrival-time feed, formation, alive/void and parameter history not complete"
2026-09-03:NY:8d5c8af5_8ef641a7-815c-4bb5-9798-b070b67d7998_deepseek_1781246265|v1|S2|idx1,d981b0d74aa1e374,233,2026-09-03:NY:8d5c8af5_8ef641a7-815c-4bb5-9798-b070b67d7998_deepseek_1781246265,1,S2,breakout_retest,long,dormant,touch,,29259.67,False,2026-09-03T08:30:00-05:00,2026-09-03T08:45:05.993352-05:00,15,15,True,1788442200000,EXCLUDED_INACTIVE,True,"UNMEASURABLE: arrival-time feed, formation, alive/void and parameter history not complete"
2026-09-03:NY:8d5c8af5_8ef641a7-815c-4bb5-9798-b070b67d7998_deepseek_1781246265|v1|S3|idx2,74b6004dc044b0de,233,2026-09-03:NY:8d5c8af5_8ef641a7-815c-4bb5-9798-b070b67d7998_deepseek_1781246265,1,S3,sweep_reclaim,short,dormant,touch,1m_mss,29293,False,2026-09-03T08:30:00-05:00,2026-09-03T08:45:05.993352-05:00,15,15,True,1788442740000,EXCLUDED_INACTIVE,False,"UNMEASURABLE: arrival-time feed, formation, alive/void and parameter history not complete"
2026-09-03:NY:8d5c8af5_8ef641a7-815c-4bb5-9798-b070b67d7998_deepseek_1781246265|v2|S1|idx0,ed35800388a10e51,235,2026-09-03:NY:8d5c8af5_8ef641a7-815c-4bb5-9798-b070b67d7998_deepseek_1781246265,2,S1,reject,short,active,touch,,29285,True,2026-09-03T08:45:05.993352-05:00,2026-09-03T09:15:31.491335-05:00,29,29,True,1788444000000,TOUCHED,True,"UNMEASURABLE: arrival-time feed, formation, alive/void and parameter history not complete"
2026-09-03:NY:8d5c8af5_8ef641a7-815c-4bb5-9798-b070b67d7998_deepseek_1781246265|v2|S2|idx1,dd7c6383600c3499,235,2026-09-03:NY:8d5c8af5_8ef641a7-815c-4bb5-9798-b070b67d7998_deepseek_1781246265,2,S2,reject,long,active,touch,,29144.5,False,2026-09-03T08:45:05.993352-05:00,2026-09-03T09:15:31.491335-05:00,29,29,True,,NOT_TOUCHED,True,"UNMEASURABLE: arrival-time feed, formation, alive/void and parameter history not complete"
2026-09-03:NY:8d5c8af5_8ef641a7-815c-4bb5-9798-b070b67d7998_deepseek_1781246265|v2|S3|idx2,7196205ee3464db4,235,2026-09-03:NY:8d5c8af5_8ef641a7-815c-4bb5-9798-b070b67d7998_deepseek_1781246265,2,S3,sweep_reclaim,short,active,touch,1x5m_close,29293,False,2026-09-03T08:45:05.993352-05:00,2026-09-03T09:15:31.491335-05:00,29,29,True,1788444000000,TOUCHED,False,"UNMEASURABLE: arrival-time feed, formation, alive/void and parameter history not complete"
2026-09-03:NY:8d5c8af5_8ef641a7-815c-4bb5-9798-b070b67d7998_deepseek_1781246265|v3|S1|idx0,ad5a2220a017d2da,236,2026-09-03:NY:8d5c8af5_8ef641a7-815c-4bb5-9798-b070b67d7998_deepseek_1781246265,3,S1,reclaim,long,active,1x5m_close,,29285,False,2026-09-03T09:15:31.491335-05:00,2026-09-03T09:44:33.127680-05:00,28,28,True,1788446040000,TOUCHED,False,"UNMEASURABLE: arrival-time feed, formation, alive/void and parameter history not complete"
2026-09-03:NY:8d5c8af5_8ef641a7-815c-4bb5-9798-b070b67d7998_deepseek_1781246265|v3|S2|idx1,872b16822859ffac,236,2026-09-03:NY:8d5c8af5_8ef641a7-815c-4bb5-9798-b070b67d7998_deepseek_1781246265,3,S2,reject,short,active,touch,,29351.05,True,2026-09-03T09:15:31.491335-05:00,2026-09-03T09:44:33.127680-05:00,28,28,True,1788445200000,TOUCHED,True,"UNMEASURABLE: arrival-time feed, formation, alive/void and parameter history not complete"
2026-09-03:NY:8d5c8af5_8ef641a7-815c-4bb5-9798-b070b67d7998_deepseek_1781246265|v3|S3|idx2,24366245cd2f18f3,236,2026-09-03:NY:8d5c8af5_8ef641a7-815c-4bb5-9798-b070b67d7998_deepseek_1781246265,3,S3,reject,short,active,touch,,29255,False,2026-09-03T09:15:31.491335-05:00,2026-09-03T09:44:33.127680-05:00,28,28,True,,NOT_TOUCHED,True,"UNMEASURABLE: arrival-time feed, formation, alive/void and parameter history not complete"
2026-09-03:NY:8d5c8af5_8ef641a7-815c-4bb5-9798-b070b67d7998_deepseek_1781246265|v3|S4|idx3,b85b6a7992b19387,236,2026-09-03:NY:8d5c8af5_8ef641a7-815c-4bb5-9798-b070b67d7998_deepseek_1781246265,3,S4,sweep_reclaim,long,active,touch,1x5m_close,29075,False,2026-09-03T09:15:31.491335-05:00,2026-09-03T09:44:33.127680-05:00,28,28,True,,NOT_TOUCHED,False,"UNMEASURABLE: arrival-time feed, formation, alive/void and parameter history not complete"
2026-09-03:NY:8d5c8af5_8ef641a7-815c-4bb5-9798-b070b67d7998_deepseek_1781246265|v4|S1|idx0,0295ad6d1956a5f5,237,2026-09-03:NY:8d5c8af5_8ef641a7-815c-4bb5-9798-b070b67d7998_deepseek_1781246265,4,S1,breakout_retest,long,active,touch,,29260,False,2026-09-03T09:44:33.127680-05:00,2026-09-03T10:14:45.993329-05:00,29,29,True,1788447360000,TOUCHED,True,"UNMEASURABLE: arrival-time feed, formation, alive/void and parameter history not complete"
2026-09-03:NY:8d5c8af5_8ef641a7-815c-4bb5-9798-b070b67d7998_deepseek_1781246265|v4|S2|idx1,a4c73e965abbfffe,237,2026-09-03:NY:8d5c8af5_8ef641a7-815c-4bb5-9798-b070b67d7998_deepseek_1781246265,4,S2,breakout_retest,long,active,1x5m_close,,29303.68,False,2026-09-03T09:44:33.127680-05:00,2026-09-03T10:14:45.993329-05:00,29,29,True,1788446880000,TOUCHED,False,"UNMEASURABLE: arrival-time feed, formation, alive/void and parameter history not complete"
2026-09-03:NY:8d5c8af5_8ef641a7-815c-4bb5-9798-b070b67d7998_deepseek_1781246265|v4|S3|idx2,9e79c562b5f91b88,237,2026-09-03:NY:8d5c8af5_8ef641a7-815c-4bb5-9798-b070b67d7998_deepseek_1781246265,4,S3,reclaim,long,active,1x5m_close,,29222.75,False,2026-09-03T09:44:33.127680-05:00,2026-09-03T10:14:45.993329-05:00,29,29,True,,NOT_TOUCHED,False,"UNMEASURABLE: arrival-time feed, formation, alive/void and parameter history not complete"
2026-09-03:NY:8d5c8af5_8ef641a7-815c-4bb5-9798-b070b67d7998_deepseek_1781246265|v5|S1|idx0,a1f34d68e3bb1196,238,2026-09-03:NY:8d5c8af5_8ef641a7-815c-4bb5-9798-b070b67d7998_deepseek_1781246265,5,S1,reclaim,long,active,1x5m_close,,29435.75,False,2026-09-03T10:14:45.993329-05:00,2026-09-03T10:49:57.593454-05:00,34,34,True,,NOT_TOUCHED,False,"UNMEASURABLE: arrival-time feed, formation, alive/void and parameter history not complete"
2026-09-03:NY:8d5c8af5_8ef641a7-815c-4bb5-9798-b070b67d7998_deepseek_1781246265|v5|S2|idx1,375cf7467bf6b5d2,238,2026-09-03:NY:8d5c8af5_8ef641a7-815c-4bb5-9798-b070b67d7998_deepseek_1781246265,5,S2,reject,short,active,touch,,29445.5,False,2026-09-03T10:14:45.993329-05:00,2026-09-03T10:49:57.593454-05:00,34,34,True,,NOT_TOUCHED,True,"UNMEASURABLE: arrival-time feed, formation, alive/void and parameter history not complete"
2026-09-03:NY:8d5c8af5_8ef641a7-815c-4bb5-9798-b070b67d7998_deepseek_1781246265|v6|S1|idx0,46fd89786478e653,239,2026-09-03:NY:8d5c8af5_8ef641a7-815c-4bb5-9798-b070b67d7998_deepseek_1781246265,6,S1,reclaim,long,active,1x5m_close,,29517,False,2026-09-03T10:49:57.593454-05:00,2026-09-03T11:27:53.707887-05:00,37,37,True,1788450600000,TOUCHED,False,"UNMEASURABLE: arrival-time feed, formation, alive/void and parameter history not complete"
2026-09-03:NY:8d5c8af5_8ef641a7-815c-4bb5-9798-b070b67d7998_deepseek_1781246265|v6|S2|idx1,5a794d8d2fc2c3ca,239,2026-09-03:NY:8d5c8af5_8ef641a7-815c-4bb5-9798-b070b67d7998_deepseek_1781246265,6,S2,reject,long,active,touch,,29481.05,True,2026-09-03T10:49:57.593454-05:00,2026-09-03T11:27:53.707887-05:00,37,37,True,,NOT_TOUCHED,True,"UNMEASURABLE: arrival-time feed, formation, alive/void and parameter history not complete"
2026-09-03:NY:8d5c8af5_8ef641a7-815c-4bb5-9798-b070b67d7998_deepseek_1781246265|v6|S3|idx2,63f6a4d8d0caed4d,239,2026-09-03:NY:8d5c8af5_8ef641a7-815c-4bb5-9798-b070b67d7998_deepseek_1781246265,6,S3,reject,short,active,touch,,29543.75,True,2026-09-03T10:49:57.593454-05:00,2026-09-03T11:27:53.707887-05:00,37,37,True,,NOT_TOUCHED,True,"UNMEASURABLE: arrival-time feed, formation, alive/void and parameter history not complete"
2026-09-03:NY:8d5c8af5_8ef641a7-815c-4bb5-9798-b070b67d7998_deepseek_1781246265|v7|S1|idx0,41509f9e2c9722c9,240,2026-09-03:NY:8d5c8af5_8ef641a7-815c-4bb5-9798-b070b67d7998_deepseek_1781246265,7,S1,breakout_retest,long,dormant,touch,,29543.75,False,2026-09-03T11:27:53.707887-05:00,2026-09-03T14:45:00-05:00,197,197,True,1788454680000,EXCLUDED_INACTIVE,True,"UNMEASURABLE: arrival-time feed, formation, alive/void and parameter history not complete"
2026-09-03:NY:8d5c8af5_8ef641a7-815c-4bb5-9798-b070b67d7998_deepseek_1781246265|v7|S2|idx1,898002d77d3bfe35,240,2026-09-03:NY:8d5c8af5_8ef641a7-815c-4bb5-9798-b070b67d7998_deepseek_1781246265,7,S2,reclaim,long,dormant,1x5m_close,,29512.29,False,2026-09-03T11:27:53.707887-05:00,2026-09-03T14:45:00-05:00,197,197,True,1788453480000,EXCLUDED_INACTIVE,False,"UNMEASURABLE: arrival-time feed, formation, alive/void and parameter history not complete"
2026-09-03:NY:8d5c8af5_8ef641a7-815c-4bb5-9798-b070b67d7998_deepseek_1781246265|v7|S3|idx2,afcd78c6ae766d94,240,2026-09-03:NY:8d5c8af5_8ef641a7-815c-4bb5-9798-b070b67d7998_deepseek_1781246265,7,S3,reject,short,dormant,touch,,29543.75,True,2026-09-03T11:27:53.707887-05:00,2026-09-03T14:45:00-05:00,197,197,True,1788454680000,EXCLUDED_INACTIVE,True,"UNMEASURABLE: arrival-time feed, formation, alive/void and parameter history not complete"
2026-09-03:ASIA:8d5c8af5_8ef641a7-815c-4bb5-9798-b070b67d7998_deepseek_1781246265|v1|S1|idx0,0c8248fcebe59c14,241,2026-09-03:ASIA:8d5c8af5_8ef641a7-815c-4bb5-9798-b070b67d7998_deepseek_1781246265,1,S1,breakout_retest,long,active,1x5m_close,touch,29525.75,False,2026-09-03T17:00:00-05:00,2026-09-03T18:47:53.178711-05:00,107,107,True,,NOT_TOUCHED,False,"UNMEASURABLE: arrival-time feed, formation, alive/void and parameter history not complete"
2026-09-03:ASIA:8d5c8af5_8ef641a7-815c-4bb5-9798-b070b67d7998_deepseek_1781246265|v1|S2|idx1,54dd8d5e362cd210,241,2026-09-03:ASIA:8d5c8af5_8ef641a7-815c-4bb5-9798-b070b67d7998_deepseek_1781246265,1,S2,reclaim,long,active,1x5m_close,,29460.16,False,2026-09-03T17:00:00-05:00,2026-09-03T18:47:53.178711-05:00,107,107,True,,NOT_TOUCHED,False,"UNMEASURABLE: arrival-time feed, formation, alive/void and parameter history not complete"
2026-09-03:ASIA:8d5c8af5_8ef641a7-815c-4bb5-9798-b070b67d7998_deepseek_1781246265|v1|S3|idx2,12cd6383c979bfc1,241,2026-09-03:ASIA:8d5c8af5_8ef641a7-815c-4bb5-9798-b070b67d7998_deepseek_1781246265,1,S3,sweep_reclaim,short,active,touch,1x5m_close,29525.75,False,2026-09-03T17:00:00-05:00,2026-09-03T18:47:53.178711-05:00,107,107,True,,NOT_TOUCHED,False,"UNMEASURABLE: arrival-time feed, formation, alive/void and parameter history not complete"
2026-09-03:ASIA:8d5c8af5_8ef641a7-815c-4bb5-9798-b070b67d7998_deepseek_1781246265|v1|S4|idx3,7b8d49a2817b3996,241,2026-09-03:ASIA:8d5c8af5_8ef641a7-815c-4bb5-9798-b070b67d7998_deepseek_1781246265,1,S4,reclaim,long,active,1x5m_close,,29512.54,False,2026-09-03T17:00:00-05:00,2026-09-03T18:47:53.178711-05:00,107,107,True,1788476340000,TOUCHED,False,"UNMEASURABLE: arrival-time feed, formation, alive/void and parameter history not complete"
2026-09-03:ASIA:8d5c8af5_8ef641a7-815c-4bb5-9798-b070b67d7998_deepseek_1781246265|v2|S1|idx0,3b3be96519596ea7,242,2026-09-03:ASIA:8d5c8af5_8ef641a7-815c-4bb5-9798-b070b67d7998_deepseek_1781246265,2,S1,sweep_reclaim,long,dormant,touch,1x5m_close,29481.5,False,2026-09-03T18:47:53.178711-05:00,2026-09-03T19:28:36.380700-05:00,40,40,True,,EXCLUDED_INACTIVE,False,"UNMEASURABLE: arrival-time feed, formation, alive/void and parameter history not complete"
2026-09-03:ASIA:8d5c8af5_8ef641a7-815c-4bb5-9798-b070b67d7998_deepseek_1781246265|v2|S2|idx1,da70eef85a001784,242,2026-09-03:ASIA:8d5c8af5_8ef641a7-815c-4bb5-9798-b070b67d7998_deepseek_1781246265,2,S2,sweep_reclaim,short,dormant,touch,1x5m_close,29513,False,2026-09-03T18:47:53.178711-05:00,2026-09-03T19:28:36.380700-05:00,40,40,True,1788479400000,EXCLUDED_INACTIVE,False,"UNMEASURABLE: arrival-time feed, formation, alive/void and parameter history not complete"
2026-09-03:ASIA:8d5c8af5_8ef641a7-815c-4bb5-9798-b070b67d7998_deepseek_1781246265|v2|S3|idx2,acaf3c32ab34022d,242,2026-09-03:ASIA:8d5c8af5_8ef641a7-815c-4bb5-9798-b070b67d7998_deepseek_1781246265,2,S3,breakout_retest,long,dormant,touch,,29513,False,2026-09-03T18:47:53.178711-05:00,2026-09-03T19:28:36.380700-05:00,40,40,True,1788479400000,EXCLUDED_INACTIVE,True,"UNMEASURABLE: arrival-time feed, formation, alive/void and parameter history not complete"
2026-09-03:ASIA:8d5c8af5_8ef641a7-815c-4bb5-9798-b070b67d7998_deepseek_1781246265|v3|S1|idx0,1e67e06e96af8ebb,243,2026-09-03:ASIA:8d5c8af5_8ef641a7-815c-4bb5-9798-b070b67d7998_deepseek_1781246265,3,S1,reclaim,long,active,1x5m_close,,29503.08,False,2026-09-03T19:28:36.380700-05:00,2026-09-03T19:53:35.711550-05:00,24,24,True,,NOT_TOUCHED,False,"UNMEASURABLE: arrival-time feed, formation, alive/void and parameter history not complete"
2026-09-03:ASIA:8d5c8af5_8ef641a7-815c-4bb5-9798-b070b67d7998_deepseek_1781246265|v3|S2|idx1,0425c1ca13513f4a,243,2026-09-03:ASIA:8d5c8af5_8ef641a7-815c-4bb5-9798-b070b67d7998_deepseek_1781246265,3,S2,breakout_retest,long,active,1x5m_close,,29521.25,False,2026-09-03T19:28:36.380700-05:00,2026-09-03T19:53:35.711550-05:00,24,24,True,1788481980000,TOUCHED,False,"UNMEASURABLE: arrival-time feed, formation, alive/void and parameter history not complete"
2026-09-03:ASIA:8d5c8af5_8ef641a7-815c-4bb5-9798-b070b67d7998_deepseek_1781246265|v3|S3|idx2,1f39050e2655679f,243,2026-09-03:ASIA:8d5c8af5_8ef641a7-815c-4bb5-9798-b070b67d7998_deepseek_1781246265,3,S3,sweep_reclaim,short,active,touch,1x5m_close,29521.25,False,2026-09-03T19:28:36.380700-05:00,2026-09-03T19:53:35.711550-05:00,24,24,True,1788481980000,TOUCHED,False,"UNMEASURABLE: arrival-time feed, formation, alive/void and parameter history not complete"
2026-09-03:ASIA:8d5c8af5_8ef641a7-815c-4bb5-9798-b070b67d7998_deepseek_1781246265|v4|S1|idx0,7a185c8e9f0daa88,244,2026-09-03:ASIA:8d5c8af5_8ef641a7-815c-4bb5-9798-b070b67d7998_deepseek_1781246265,4,S1,reject,short,active,touch,,29548,True,2026-09-03T19:53:35.711550-05:00,2026-09-03T20:32:32.918462-05:00,38,38,True,,NOT_TOUCHED,True,"UNMEASURABLE: arrival-time feed, formation, alive/void and parameter history not complete"
2026-09-03:ASIA:8d5c8af5_8ef641a7-815c-4bb5-9798-b070b67d7998_deepseek_1781246265|v4|S2|idx1,eb47831d50153593,244,2026-09-03:ASIA:8d5c8af5_8ef641a7-815c-4bb5-9798-b070b67d7998_deepseek_1781246265,4,S2,breakout_retest,long,active,touch,,29548,False,2026-09-03T19:53:35.711550-05:00,2026-09-03T20:32:32.918462-05:00,38,38,True,,NOT_TOUCHED,True,"UNMEASURABLE: arrival-time feed, formation, alive/void and parameter history not complete"
2026-09-03:ASIA:8d5c8af5_8ef641a7-815c-4bb5-9798-b070b67d7998_deepseek_1781246265|v5|S1|idx0,465cd3dcda3f4fc0,245,2026-09-03:ASIA:8d5c8af5_8ef641a7-815c-4bb5-9798-b070b67d7998_deepseek_1781246265,5,S1,sweep_reclaim,short,dormant,touch,1x5m_close,29543,False,2026-09-03T20:32:32.918462-05:00,2026-09-04T00:40:13.822053-05:00,247,247,True,1788485580000,EXCLUDED_INACTIVE,False,"UNMEASURABLE: arrival-time feed, formation, alive/void and parameter history not complete"
2026-09-03:ASIA:8d5c8af5_8ef641a7-815c-4bb5-9798-b070b67d7998_deepseek_1781246265|v5|S2|idx1,170d126dd559cf86,245,2026-09-03:ASIA:8d5c8af5_8ef641a7-815c-4bb5-9798-b070b67d7998_deepseek_1781246265,5,S2,breakout_retest,long,dormant,1x5m_close,touch,29548,False,2026-09-03T20:32:32.918462-05:00,2026-09-04T00:40:13.822053-05:00,247,247,True,1788485820000,EXCLUDED_INACTIVE,False,"UNMEASURABLE: arrival-time feed, formation, alive/void and parameter history not complete"
2026-09-03:ASIA:8d5c8af5_8ef641a7-815c-4bb5-9798-b070b67d7998_deepseek_1781246265|v5|S3|idx2,468af7cf5b8ca023,245,2026-09-03:ASIA:8d5c8af5_8ef641a7-815c-4bb5-9798-b070b67d7998_deepseek_1781246265,5,S3,reject,short,dormant,touch,,29585,True,2026-09-03T20:32:32.918462-05:00,2026-09-04T00:40:13.822053-05:00,247,247,True,1788496020000,EXCLUDED_INACTIVE,True,"UNMEASURABLE: arrival-time feed, formation, alive/void and parameter history not complete"
2026-09-03:ASIA:8d5c8af5_8ef641a7-815c-4bb5-9798-b070b67d7998_deepseek_1781246265|v6|S1|idx0,404853a1a6556087,246,2026-09-03:ASIA:8d5c8af5_8ef641a7-815c-4bb5-9798-b070b67d7998_deepseek_1781246265,6,S1,breakout_retest,long,active,1x5m_close,,29622.25,False,2026-09-04T00:40:13.822053-05:00,2026-09-04T01:20:35.660474-05:00,39,39,True,1788501600000,TOUCHED,False,"UNMEASURABLE: arrival-time feed, formation, alive/void and parameter history not complete"
2026-09-03:ASIA:8d5c8af5_8ef641a7-815c-4bb5-9798-b070b67d7998_deepseek_1781246265|v6|S2|idx1,50ad442ed0185fca,246,2026-09-03:ASIA:8d5c8af5_8ef641a7-815c-4bb5-9798-b070b67d7998_deepseek_1781246265,6,S2,sweep_reclaim,long,active,touch,1x5m_close,29481.5,False,2026-09-04T00:40:13.822053-05:00,2026-09-04T01:20:35.660474-05:00,39,39,True,,NOT_TOUCHED,False,"UNMEASURABLE: arrival-time feed, formation, alive/void and parameter history not complete"
2026-09-03:ASIA:8d5c8af5_8ef641a7-815c-4bb5-9798-b070b67d7998_deepseek_1781246265|v6|S3|idx2,f665307e273f0c94,246,2026-09-03:ASIA:8d5c8af5_8ef641a7-815c-4bb5-9798-b070b67d7998_deepseek_1781246265,6,S3,reject,long,active,touch,,29585,True,2026-09-04T00:40:13.822053-05:00,2026-09-04T01:20:35.660474-05:00,39,39,True,,NOT_TOUCHED,True,"UNMEASURABLE: arrival-time feed, formation, alive/void and parameter history not complete"
2026-09-03:ASIA:8d5c8af5_8ef641a7-815c-4bb5-9798-b070b67d7998_deepseek_1781246265|v6|S4|idx3,1da3b9b4ea4870cb,246,2026-09-03:ASIA:8d5c8af5_8ef641a7-815c-4bb5-9798-b070b67d7998_deepseek_1781246265,6,S4,sweep_reclaim,short,active,touch,1x5m_close,29643.5,False,2026-09-04T00:40:13.822053-05:00,2026-09-04T01:20:35.660474-05:00,39,39,True,1788502320000,TOUCHED,False,"UNMEASURABLE: arrival-time feed, formation, alive/void and parameter history not complete"
2026-09-03:ASIA:8d5c8af5_8ef641a7-815c-4bb5-9798-b070b67d7998_deepseek_1781246265|v7|S1|idx0,054e6bd612ca0479,247,2026-09-03:ASIA:8d5c8af5_8ef641a7-815c-4bb5-9798-b070b67d7998_deepseek_1781246265,7,S1,breakout_retest,long,dormant,touch,1x5m_close,29643.5,False,2026-09-04T01:20:35.660474-05:00,2026-09-04T02:00:00-05:00,39,39,True,,EXCLUDED_INACTIVE,False,"UNMEASURABLE: arrival-time feed, formation, alive/void and parameter history not complete"
2026-09-03:ASIA:8d5c8af5_8ef641a7-815c-4bb5-9798-b070b67d7998_deepseek_1781246265|v7|S2|idx1,3c0e59e05ce85742,247,2026-09-03:ASIA:8d5c8af5_8ef641a7-815c-4bb5-9798-b070b67d7998_deepseek_1781246265,7,S2,reclaim,long,dormant,1x5m_close,,29597.25,False,2026-09-04T01:20:35.660474-05:00,2026-09-04T02:00:00-05:00,39,39,True,1788504000000,EXCLUDED_INACTIVE,False,"UNMEASURABLE: arrival-time feed, formation, alive/void and parameter history not complete"
2026-09-03:ASIA:8d5c8af5_8ef641a7-815c-4bb5-9798-b070b67d7998_deepseek_1781246265|v7|S3|idx2,3ca6348af885d072,247,2026-09-03:ASIA:8d5c8af5_8ef641a7-815c-4bb5-9798-b070b67d7998_deepseek_1781246265,7,S3,sweep_reclaim,short,dormant,touch,1x5m_close,29643.5,False,2026-09-04T01:20:35.660474-05:00,2026-09-04T02:00:00-05:00,39,39,True,,EXCLUDED_INACTIVE,False,"UNMEASURABLE: arrival-time feed, formation, alive/void and parameter history not complete"
2026-09-04:LONDON:8d5c8af5_8ef641a7-815c-4bb5-9798-b070b67d7998_deepseek_1781246265|v1|S1|idx0,0be08617a16387dd,248,2026-09-04:LONDON:8d5c8af5_8ef641a7-815c-4bb5-9798-b070b67d7998_deepseek_1781246265,1,S1,reclaim,long,active,1x5m_close,,29597.25,False,2026-09-04T02:00:00-05:00,2026-09-04T02:04:14.613481-05:00,4,4,True,,NOT_TOUCHED,False,"UNMEASURABLE: arrival-time feed, formation, alive/void and parameter history not complete"
2026-09-04:LONDON:8d5c8af5_8ef641a7-815c-4bb5-9798-b070b67d7998_deepseek_1781246265|v1|S2|idx1,f60fe77a77509283,248,2026-09-04:LONDON:8d5c8af5_8ef641a7-815c-4bb5-9798-b070b67d7998_deepseek_1781246265,1,S2,reject,long,active,touch,,29579.5,True,2026-09-04T02:00:00-05:00,2026-09-04T02:04:14.613481-05:00,4,4,True,1788505200000,TOUCHED,True,"UNMEASURABLE: arrival-time feed, formation, alive/void and parameter history not complete"
2026-09-04:LONDON:8d5c8af5_8ef641a7-815c-4bb5-9798-b070b67d7998_deepseek_1781246265|v1|S3|idx2,8e789f763726d96c,248,2026-09-04:LONDON:8d5c8af5_8ef641a7-815c-4bb5-9798-b070b67d7998_deepseek_1781246265,1,S3,sweep_reclaim,short,active,touch,1x5m_close,29644.25,False,2026-09-04T02:00:00-05:00,2026-09-04T02:04:14.613481-05:00,4,4,True,,NOT_TOUCHED,False,"UNMEASURABLE: arrival-time feed, formation, alive/void and parameter history not complete"
2026-09-04:LONDON:8d5c8af5_8ef641a7-815c-4bb5-9798-b070b67d7998_deepseek_1781246265|v1|S4|idx3,1e8c633bedadee8f,248,2026-09-04:LONDON:8d5c8af5_8ef641a7-815c-4bb5-9798-b070b67d7998_deepseek_1781246265,1,S4,reclaim,long,active,1x5m_close,,29619.5,False,2026-09-04T02:00:00-05:00,2026-09-04T02:04:14.613481-05:00,4,4,True,,NOT_TOUCHED,False,"UNMEASURABLE: arrival-time feed, formation, alive/void and parameter history not complete"
2026-09-04:LONDON:8d5c8af5_8ef641a7-815c-4bb5-9798-b070b67d7998_deepseek_1781246265|v2|S1|idx0,88cb7a8f24b574d5,249,2026-09-04:LONDON:8d5c8af5_8ef641a7-815c-4bb5-9798-b070b67d7998_deepseek_1781246265,2,S1,reject,short,active,touch,,29649.59,True,2026-09-04T02:04:14.613481-05:00,2026-09-04T07:56:17.729046-05:00,351,351,True,1788507720000,TOUCHED,True,"UNMEASURABLE: arrival-time feed, formation, alive/void and parameter history not complete"
2026-09-04:LONDON:8d5c8af5_8ef641a7-815c-4bb5-9798-b070b67d7998_deepseek_1781246265|v2|S2|idx1,9a78fc7bac2eb806,249,2026-09-04:LONDON:8d5c8af5_8ef641a7-815c-4bb5-9798-b070b67d7998_deepseek_1781246265,2,S2,acceptance,short,active,time_hold,,29561.43,False,2026-09-04T02:04:14.613481-05:00,2026-09-04T07:56:17.729046-05:00,351,351,True,1788525000000,TOUCHED,False,"UNMEASURABLE: arrival-time feed, formation, alive/void and parameter history not complete"
2026-09-04:LONDON:8d5c8af5_8ef641a7-815c-4bb5-9798-b070b67d7998_deepseek_1781246265|v3|S1|idx0,64bec92506a472f6,250,2026-09-04:LONDON:8d5c8af5_8ef641a7-815c-4bb5-9798-b070b67d7998_deepseek_1781246265,3,S1,sweep_reclaim,short,active,touch,1x5m_close,29720,False,2026-09-04T07:56:17.729046-05:00,2026-09-04T08:30:00-05:00,33,33,True,,NOT_TOUCHED,False,"UNMEASURABLE: arrival-time feed, formation, alive/void and parameter history not complete"
2026-09-04:LONDON:8d5c8af5_8ef641a7-815c-4bb5-9798-b070b67d7998_deepseek_1781246265|v3|S2|idx1,adcea8a2794e7abf,250,2026-09-04:LONDON:8d5c8af5_8ef641a7-815c-4bb5-9798-b070b67d7998_deepseek_1781246265,3,S2,reject,short,active,touch,,29503.38,False,2026-09-04T07:56:17.729046-05:00,2026-09-04T08:30:00-05:00,33,33,True,,NOT_TOUCHED,True,"UNMEASURABLE: arrival-time feed, formation, alive/void and parameter history not complete"
2026-09-04:LONDON:8d5c8af5_8ef641a7-815c-4bb5-9798-b070b67d7998_deepseek_1781246265|v3|S3|idx2,8b32a2848b714c6a,250,2026-09-04:LONDON:8d5c8af5_8ef641a7-815c-4bb5-9798-b070b67d7998_deepseek_1781246265,3,S3,sweep_reclaim,long,active,touch,1x5m_close,29278,False,2026-09-04T07:56:17.729046-05:00,2026-09-04T08:30:00-05:00,33,33,True,,NOT_TOUCHED,False,"UNMEASURABLE: arrival-time feed, formation, alive/void and parameter history not complete"
2026-09-04:NY:8d5c8af5_8ef641a7-815c-4bb5-9798-b070b67d7998_deepseek_1781246265|v1|S0|idx0,7bd4db634c80bf5d,251,2026-09-04:NY:8d5c8af5_8ef641a7-815c-4bb5-9798-b070b67d7998_deepseek_1781246265,1,S0,hold,long,no_trade,,,,False,2026-09-04T08:30:00-05:00,2026-09-04T08:44:46.688576-05:00,14,14,True,,EXCLUDED_INACTIVE,False,"UNMEASURABLE: arrival-time feed, formation, alive/void and parameter history not complete"
2026-09-04:NY:8d5c8af5_8ef641a7-815c-4bb5-9798-b070b67d7998_deepseek_1781246265|v2|S1|idx0,110c3debe52a88e3,252,2026-09-04:NY:8d5c8af5_8ef641a7-815c-4bb5-9798-b070b67d7998_deepseek_1781246265,2,S1,sweep_reclaim,long,active,touch,1m_mss,29611.25,True,2026-09-04T08:44:46.688576-05:00,2026-09-04T08:55:11.782677-05:00,10,10,True,1788529500000,TOUCHED,False,"UNMEASURABLE: arrival-time feed, formation, alive/void and parameter history not complete"
2026-09-04:NY:8d5c8af5_8ef641a7-815c-4bb5-9798-b070b67d7998_deepseek_1781246265|v2|S2|idx1,158509b8b41161a6,252,2026-09-04:NY:8d5c8af5_8ef641a7-815c-4bb5-9798-b070b67d7998_deepseek_1781246265,2,S2,sweep_reclaim,short,active,touch,1m_mss,29720,True,2026-09-04T08:44:46.688576-05:00,2026-09-04T08:55:11.782677-05:00,10,10,True,,NOT_TOUCHED,False,"UNMEASURABLE: arrival-time feed, formation, alive/void and parameter history not complete"
2026-09-04:NY:8d5c8af5_8ef641a7-815c-4bb5-9798-b070b67d7998_deepseek_1781246265|v3|S1|idx0,8bc55b86a3c36c57,253,2026-09-04:NY:8d5c8af5_8ef641a7-815c-4bb5-9798-b070b67d7998_deepseek_1781246265,3,S1,reject,short,active,touch,,29657.38,True,2026-09-04T08:55:11.782677-05:00,2026-09-04T11:03:30.521703-05:00,127,127,True,1788530460000,TOUCHED,True,"UNMEASURABLE: arrival-time feed, formation, alive/void and parameter history not complete"
2026-09-04:NY:8d5c8af5_8ef641a7-815c-4bb5-9798-b070b67d7998_deepseek_1781246265|v3|S2|idx1,4a4dfc5ffd081963,253,2026-09-04:NY:8d5c8af5_8ef641a7-815c-4bb5-9798-b070b67d7998_deepseek_1781246265,3,S2,reclaim,short,active,1x5m_close,,29591.02,True,2026-09-04T08:55:11.782677-05:00,2026-09-04T11:03:30.521703-05:00,127,127,True,1788531600000,TOUCHED,False,"UNMEASURABLE: arrival-time feed, formation, alive/void and parameter history not complete"
2026-09-04:NY:8d5c8af5_8ef641a7-815c-4bb5-9798-b070b67d7998_deepseek_1781246265|v4|S1|idx0,245c96c65cbfea96,254,2026-09-04:NY:8d5c8af5_8ef641a7-815c-4bb5-9798-b070b67d7998_deepseek_1781246265,4,S1,reject,short,active,touch,,29585,True,2026-09-04T11:03:30.521703-05:00,2026-09-04T11:28:50.086957-05:00,24,24,True,,NOT_TOUCHED,True,"UNMEASURABLE: arrival-time feed, formation, alive/void and parameter history not complete"
2026-09-04:NY:8d5c8af5_8ef641a7-815c-4bb5-9798-b070b67d7998_deepseek_1781246265|v4|S2|idx1,70f6815b4da287d7,254,2026-09-04:NY:8d5c8af5_8ef641a7-815c-4bb5-9798-b070b67d7998_deepseek_1781246265,4,S2,sweep_reclaim,short,active,touch,1m_mss,29720,True,2026-09-04T11:03:30.521703-05:00,2026-09-04T11:28:50.086957-05:00,24,24,True,,NOT_TOUCHED,False,"UNMEASURABLE: arrival-time feed, formation, alive/void and parameter history not complete"
2026-09-04:NY:8d5c8af5_8ef641a7-815c-4bb5-9798-b070b67d7998_deepseek_1781246265|v4|S3|idx2,a29050c0d224e302,254,2026-09-04:NY:8d5c8af5_8ef641a7-815c-4bb5-9798-b070b67d7998_deepseek_1781246265,4,S3,reject,long,active,touch,,29144.5,False,2026-09-04T11:03:30.521703-05:00,2026-09-04T11:28:50.086957-05:00,24,24,True,,NOT_TOUCHED,True,"UNMEASURABLE: arrival-time feed, formation, alive/void and parameter history not complete"
2026-09-04:NY:8d5c8af5_8ef641a7-815c-4bb5-9798-b070b67d7998_deepseek_1781246265|v5|S1|idx0,3fda980e3bfe606b,255,2026-09-04:NY:8d5c8af5_8ef641a7-815c-4bb5-9798-b070b67d7998_deepseek_1781246265,5,S1,sweep_reclaim,short,active,touch,1x5m_close,29720,True,2026-09-04T11:28:50.086957-05:00,2026-09-04T12:10:35.724026-05:00,41,41,True,,NOT_TOUCHED,False,"UNMEASURABLE: arrival-time feed, formation, alive/void and parameter history not complete"
2026-09-04:NY:8d5c8af5_8ef641a7-815c-4bb5-9798-b070b67d7998_deepseek_1781246265|v5|S2|idx1,c25678a83c5b8cb1,255,2026-09-04:NY:8d5c8af5_8ef641a7-815c-4bb5-9798-b070b67d7998_deepseek_1781246265,5,S2,breakout_retest,short,active,touch,,29530.63,False,2026-09-04T11:28:50.086957-05:00,2026-09-04T12:10:35.724026-05:00,41,41,True,,NOT_TOUCHED,True,"UNMEASURABLE: arrival-time feed, formation, alive/void and parameter history not complete"
2026-09-04:NY:8d5c8af5_8ef641a7-815c-4bb5-9798-b070b67d7998_deepseek_1781246265|v6|S1|idx0,86eb26cedd7e835c,256,2026-09-04:NY:8d5c8af5_8ef641a7-815c-4bb5-9798-b070b67d7998_deepseek_1781246265,6,S1,reject,short,active,touch,,29579.56,True,2026-09-04T12:10:35.724026-05:00,2026-09-04T14:45:00-05:00,154,9,False,,UNKNOWN_GAP,True,"UNMEASURABLE: arrival-time feed, formation, alive/void and parameter history not complete"
2026-09-04:NY:8d5c8af5_8ef641a7-815c-4bb5-9798-b070b67d7998_deepseek_1781246265|v6|S2|idx1,e44c0936fbeb2631,256,2026-09-04:NY:8d5c8af5_8ef641a7-815c-4bb5-9798-b070b67d7998_deepseek_1781246265,6,S2,sweep_reclaim,short,active,touch,1x5m_close,29720,True,2026-09-04T12:10:35.724026-05:00,2026-09-04T14:45:00-05:00,154,9,False,,UNKNOWN_GAP,False,"UNMEASURABLE: arrival-time feed, formation, alive/void and parameter history not complete"
2026-09-04:NY:8d5c8af5_8ef641a7-815c-4bb5-9798-b070b67d7998_deepseek_1781246265|v6|S3|idx2,da928c6019f35ede,256,2026-09-04:NY:8d5c8af5_8ef641a7-815c-4bb5-9798-b070b67d7998_deepseek_1781246265,6,S3,sweep_reclaim,long,active,touch,1x5m_close,29144.5,False,2026-09-04T12:10:35.724026-05:00,2026-09-04T14:45:00-05:00,154,9,False,,UNKNOWN_GAP,False,"UNMEASURABLE: arrival-time feed, formation, alive/void and parameter history not complete"
