date_utc_epoch_ms,date_ct,seg,lookback,pos,next_session_ret,target_sign,vol63,year
1574834400000,2019-11-27,explore,252,1,-0.001671,-1,0.004953,2019
1574920800000,2019-11-28,explore,252,1,-0.007618,-1,0.004963,2019
1575180000000,2019-12-01,explore,252,1,-0.006045,-1,0.004976,2019
1575266400000,2019-12-02,explore,252,1,0.005202,1,0.004932,2019
1575352800000,2019-12-03,explore,252,1,0.00175,1,0.004962,2019
1575439200000,2019-12-04,explore,252,1,0.00729,1,0.004962,2019
1575525600000,2019-12-05,explore,252,1,-0.002961,-1,0.005033,2019
1575784800000,2019-12-08,explore,252,1,0.000387,1,0.005002,2019
1575871200000,2019-12-09,explore,252,1,0.001803,1,0.004995,2019
1575957600000,2019-12-10,explore,252,1,0.00654,1,0.004991,2019
1576044000000,2019-12-11,explore,252,1,0.001086,1,0.005037,2019
1576130400000,2019-12-12,explore,252,1,0.005919,1,0.005036,2019
1576389600000,2019-12-15,explore,252,1,-0.000762,-1,0.005078,2019
1576476000000,2019-12-16,explore,252,1,0.000952,1,0.005081,2019
1576562400000,2019-12-17,explore,252,1,0.003167,1,0.005028,2019
1576648800000,2019-12-18,explore,252,1,0.003536,1,0.005034,2019
1576735200000,2019-12-19,explore,252,1,0.000378,1,0.004938,2019
1576994400000,2019-12-22,explore,252,1,-0.000378,-1,0.004921,2019
1577080800000,2019-12-23,explore,252,1,0.004716,1,0.004913,2019
1577253600000,2019-12-25,explore,252,1,-0.001758,-1,0.004884,2019
1577340000000,2019-12-26,explore,252,1,-0.003525,-1,0.004884,2019
1577599200000,2019-12-29,explore,252,1,0.00189,1,0.004672,2019
1577685600000,2019-12-30,explore,252,1,0.007025,1,0.004145,2019
1577858400000,2020-01-01,explore,252,1,-0.005892,-1,0.004106,2020
1577944800000,2020-01-02,explore,252,1,0.00201,1,0.004034,2020
1578204000000,2020-01-05,explore,252,1,-0.002073,-1,0.003987,2020
1578290400000,2020-01-06,explore,252,1,0.006268,1,0.003618,2020
1578376800000,2020-01-07,explore,252,1,0.003929,1,0.003594,2020
1578463200000,2020-01-08,explore,252,1,-0.002805,-1,0.003561,2020
1578549600000,2020-01-09,explore,252,1,0.006222,1,0.003494,2020
1578808800000,2020-01-12,explore,252,1,-0.000434,-1,0.003535,2020
1578895200000,2020-01-13,explore,252,1,0.001426,1,0.003414,2020
1578981600000,2020-01-14,explore,252,1,0.005623,1,0.003394,2020
1579068000000,2020-01-15,explore,252,1,0.002093,1,0.003439,2020
1579154400000,2020-01-16,explore,252,1,6.1e-05,1,0.003404,2020
1579413600000,2020-01-19,explore,252,1,-0.001415,-1,0.003377,2020
1579500000000,2020-01-20,explore,252,1,6.2e-05,1,0.003346,2020
1579586400000,2020-01-21,explore,252,1,0.001538,1,0.003343,2020
1579672800000,2020-01-22,explore,252,1,-0.008023,-1,0.003336,2020
1579759200000,2020-01-23,explore,252,1,-0.013475,-1,0.003514,2020
1580018400000,2020-01-26,explore,252,1,0.009688,1,0.003942,2020
1580104800000,2020-01-27,explore,252,1,-0.001432,-1,0.004095,2020
1580191200000,2020-01-28,explore,252,1,0.004289,1,0.004096,2020
1580277600000,2020-01-29,explore,252,1,-0.016447,-1,0.004084,2020
1580364000000,2020-01-30,explore,252,1,0.005408,1,0.004564,2020
1580623200000,2020-02-02,explore,252,1,0.013455,1,0.004592,2020
1580709600000,2020-02-03,explore,252,1,0.008748,1,0.00486,2020
1580796000000,2020-02-04,explore,252,1,0.002512,1,0.004959,2020
1580882400000,2020-02-05,explore,252,1,-0.004845,-1,0.004958,2020
1580968800000,2020-02-06,explore,252,1,0.00674,1,0.005013,2020
1581228000000,2020-02-09,explore,252,1,0.001099,1,0.005061,2020
1581314400000,2020-02-10,explore,252,1,0.005596,1,0.005061,2020
1581400800000,2020-02-11,explore,252,1,-0.000728,-1,0.005093,2020
1581487200000,2020-02-12,explore,252,1,0.000849,1,0.005098,2020
1581573600000,2020-02-13,explore,252,1,0.001697,1,0.005066,2020
1581832800000,2020-02-16,explore,252,1,-0.004551,-1,0.005067,2020
1581919200000,2020-02-17,explore,252,1,0.00437,1,0.005111,2020
1582005600000,2020-02-18,explore,252,1,-0.00437,-1,0.005109,2020
1582092000000,2020-02-19,explore,252,1,-0.007326,-1,0.005147,2020
1582178400000,2020-02-20,explore,252,1,-0.028085,-1,0.005252,2020
1582437600000,2020-02-23,explore,252,1,-0.023915,-1,0.006364,2020
1582524000000,2020-02-24,explore,252,1,-0.005761,-1,0.007052,2020
1582610400000,2020-02-25,explore,252,1,-0.040606,-1,0.00708,2020
1582696800000,2020-02-26,explore,252,1,-0.001624,-1,0.008722,2020
1582783200000,2020-02-27,explore,252,1,0.03041,1,0.008722,2020
1583042400000,2020-03-01,explore,252,1,-0.018028,-1,0.009523,2020
1583128800000,2020-03-02,explore,252,1,0.031015,1,0.009758,2020
1583215200000,2020-03-03,explore,252,1,-0.026078,-1,0.01051,2020
1583301600000,2020-03-04,explore,252,1,-0.013804,-1,0.011008,2020
1583388000000,2020-03-05,explore,252,1,-0.06014,-1,0.01109,2020
1583643600000,2020-03-07,explore,252,-1,0.033264,1,0.013376,2020
1583730000000,2020-03-09,explore,252,1,-0.035416,-1,0.014081,2020
1583816400000,2020-03-10,explore,252,-1,-0.081744,-1,0.014721,2020
1583902800000,2020-03-11,explore,252,-1,0.06866,1,0.017799,2020
1583989200000,2020-03-12,explore,252,-1,-0.084607,-1,0.019963,2020
1584248400000,2020-03-15,explore,252,-1,0.0251,1,0.022478,2020
1584334800000,2020-03-16,explore,252,-1,-0.026288,-1,0.022763,2020
1584421200000,2020-03-17,explore,252,-1,-0.003972,-1,0.022943,2020
1584507600000,2020-03-18,explore,252,-1,-0.032519,-1,0.022927,2020
1584594000000,2020-03-19,explore,252,-1,-0.022619,-1,0.023193,2020
1584853200000,2020-03-22,explore,252,-1,0.070618,1,0.0233,2020
1584939600000,2020-03-23,explore,252,-1,0.00905,1,0.025151,2020
1585026000000,2020-03-24,explore,252,-1,0.04287,1,0.025179,2020
1585112400000,2020-03-25,explore,252,-1,-0.025318,-1,0.025845,2020
1585198800000,2020-03-26,explore,252,-1,0.026285,1,0.026002,2020
1585458000000,2020-03-29,explore,252,-1,-0.012416,-1,0.026257,2020
1585544400000,2020-03-30,explore,252,-1,-0.037341,-1,0.026255,2020
1585630800000,2020-03-31,explore,252,-1,0.02118,1,0.026609,2020
1585717200000,2020-04-01,explore,252,-1,-0.01038,-1,0.026781,2020
1585803600000,2020-04-02,explore,252,-1,0.048794,1,0.026796,2020
1586062800000,2020-04-05,explore,252,-1,-0.000736,-1,0.027565,2020
1586149200000,2020-04-06,explore,252,-1,0.027033,1,0.027554,2020
1586235600000,2020-04-07,explore,252,-1,0.012752,1,0.027807,2020
1586322000000,2020-04-08,explore,252,-1,-0.005821,-1,0.027851,2020
1586667600000,2020-04-12,explore,252,-1,0.023572,1,0.027854,2020
1586754000000,2020-04-13,explore,252,-1,-0.019096,-1,0.028039,2020
1586840400000,2020-04-14,explore,252,-1,0.003538,1,0.028106,2020
1586926800000,2020-04-15,explore,252,-1,0.023041,1,0.02811,2020
1587013200000,2020-04-16,explore,252,-1,-0.017687,-1,0.028289,2020
1587272400000,2020-04-19,explore,252,-1,-0.021158,-1,0.028359,2020
1587358800000,2020-04-20,explore,252,-1,0.016087,1,0.028459,2020
1587445200000,2020-04-21,explore,252,-1,-0.002191,-1,0.02855,2020
1587531600000,2020-04-22,explore,252,-1,0.013705,1,0.028541,2020
1587618000000,2020-04-23,explore,252,-1,0.010969,1,0.028571,2020
1587877200000,2020-04-26,explore,252,-1,-0.000483,-1,0.02858,2020
1587963600000,2020-04-27,explore,252,-1,0.020172,1,0.02858,2020
1588050000000,2020-04-28,explore,252,1,-0.01048,-1,0.028703,2020
1588136400000,2020-04-29,explore,252,1,-0.022344,-1,0.028663,2020
1588222800000,2020-04-30,explore,252,-1,0.000979,1,0.028771,2020
1588482000000,2020-05-03,explore,252,1,0.009183,1,0.028708,2020
1588568400000,2020-05-04,explore,252,1,-0.006879,-1,0.02871,2020
1588654800000,2020-05-05,explore,252,-1,0.012886,1,0.028711,2020
1588741200000,2020-05-06,explore,252,1,0.013265,1,0.028771,2020
1588827600000,2020-05-07,explore,252,1,-0.001564,-1,0.028814,2020
1589086800000,2020-05-10,explore,252,1,-0.019302,-1,0.028811,2020
1589173200000,2020-05-11,explore,252,-1,-0.011019,-1,0.02888,2020
1589259600000,2020-05-12,explore,252,-1,0.009492,1,0.028901,2020
1589346000000,2020-05-13,explore,252,1,-0.000139,-1,0.028937,2020
1589432400000,2020-05-14,explore,252,1,0.027816,1,0.028934,2020
1589691600000,2020-05-17,explore,252,1,-0.007937,-1,0.029177,2020
1589778000000,2020-05-18,explore,252,1,0.013462,1,0.029177,2020
1589864400000,2020-05-19,explore,252,1,-0.008503,-1,0.029239,2020
1589950800000,2020-05-20,explore,252,1,0.004328,1,0.029243,2020
1590037200000,2020-05-21,explore,252,1,0.009803,1,0.029054,2020
1590296400000,2020-05-24,explore,252,1,0.001335,1,0.028937,2020
1590382800000,2020-05-25,explore,252,1,0.010884,1,0.02893,2020
1590469200000,2020-05-26,explore,252,1,0.00066,1,0.028501,2020
1590555600000,2020-05-27,explore,252,1,0.001055,1,0.0285,2020
1590642000000,2020-05-28,explore,252,1,0.003158,1,0.028241,2020
1590901200000,2020-05-31,explore,252,1,0.006025,1,0.028149,2020
1590987600000,2020-06-01,explore,252,1,0.010586,1,0.027884,2020
1591074000000,2020-06-02,explore,252,1,-0.001875,-1,0.027715,2020
1591160400000,2020-06-03,explore,252,1,0.019549,1,0.027657,2020
1591246800000,2020-06-04,explore,252,1,0.010293,1,0.026635,2020
1591506000000,2020-06-07,explore,252,1,-0.005544,-1,0.026355,2020
1591592400000,2020-06-08,explore,252,1,-0.00494,-1,0.025944,2020
1591678800000,2020-06-09,explore,252,1,-0.045722,-1,0.023647,2020
1591765200000,2020-06-10,explore,252,1,0.006425,1,0.022924,2020
1591851600000,2020-06-11,explore,252,1,0.010052,1,0.020109,2020
1592110800000,2020-06-14,explore,252,1,0.014601,1,0.019929,2020
1592197200000,2020-06-15,explore,252,1,-0.002903,-1,0.019636,2020
1592283600000,2020-06-16,explore,252,1,-0.002329,-1,0.01963,2020
1592370000000,2020-06-17,explore,252,1,-0.010023,-1,0.019102,2020
1592456400000,2020-06-18,explore,252,1,0.01332,1,0.018886,2020
1592715600000,2020-06-21,explore,252,1,0.001999,1,0.016901,2020
1592802000000,2020-06-22,explore,252,1,-0.01807,-1,0.016884,2020
1592888400000,2020-06-23,explore,252,1,0.00569,1,0.016297,2020
1592974800000,2020-06-24,explore,252,1,-0.016771,-1,0.015922,2020
1593061200000,2020-06-25,explore,252,1,0.010752,1,0.015808,2020
1593320400000,2020-06-28,explore,252,1,0.011092,1,0.015742,2020
1593406800000,2020-06-29,explore,252,1,0.003304,1,0.014943,2020
1593493200000,2020-06-30,explore,252,1,0.006704,1,0.01476,2020
1593579600000,2020-07-01,explore,252,1,-0.003475,-1,0.014673,2020
1593666000000,2020-07-02,explore,252,1,0.014464,1,0.013466,2020
1593925200000,2020-07-05,explore,252,1,-0.009064,-1,0.01355,2020
1594011600000,2020-07-06,explore,252,1,0.006901,1,0.013249,2020
1594098000000,2020-07-07,explore,252,1,-0.005748,-1,0.013191,2020
1594184400000,2020-07-08,explore,252,1,0.009561,1,0.013191,2020
1594270800000,2020-07-09,explore,252,1,-0.007705,-1,0.012931,2020
1594530000000,2020-07-12,explore,252,1,0.008973,1,0.012717,2020
1594616400000,2020-07-13,explore,252,1,0.009082,1,0.012749,2020
1594702800000,2020-07-14,explore,252,1,-0.006298,-1,0.012491,2020
1594789200000,2020-07-15,explore,252,1,0.004916,1,0.012289,2020
1594875600000,2020-07-16,explore,252,1,0.007828,1,0.011942,2020
1595134800000,2020-07-19,explore,252,1,0.001496,1,0.011831,2020
1595221200000,2020-07-20,explore,252,1,0.003544,1,0.011819,2020
1595307600000,2020-07-21,explore,252,1,-0.009479,-1,0.011726,2020
1595394000000,2020-07-22,explore,252,1,-0.005907,-1,0.011753,2020
1595480400000,2020-07-23,explore,252,1,0.007097,1,0.011788,2020
1595739600000,2020-07-26,explore,252,1,-0.00483,-1,0.011566,2020
1595826000000,2020-07-27,explore,252,1,0.009887,1,0.011495,2020
1595912400000,2020-07-28,explore,252,1,-0.000934,-1,0.011136,2020
1595998800000,2020-07-29,explore,252,1,0.00367,1,0.011141,2020
1596085200000,2020-07-30,explore,252,1,0.00619,1,0.011104,2020
1596344400000,2020-08-02,explore,252,1,0.002835,1,0.011062,2020
1596430800000,2020-08-03,explore,252,1,0.003931,1,0.010974,2020
1596517200000,2020-08-04,explore,252,1,0.006903,1,0.010879,2020
1596603600000,2020-08-05,explore,252,1,0.000122,1,0.010891,2020
1596690000000,2020-08-06,explore,252,1,0.001946,1,0.010555,2020
1596949200000,2020-08-09,explore,252,1,-0.005544,-1,0.010421,2020
1597035600000,2020-08-10,explore,252,1,0.009727,1,0.010425,2020
1597122000000,2020-08-11,explore,252,1,-0.000545,-1,0.010466,2020
1597208400000,2020-08-12,explore,252,1,-0.001514,-1,0.009943,2020
1597294800000,2020-08-13,explore,252,1,0.004416,1,0.009875,2020
1597554000000,2020-08-16,explore,252,1,0.001749,1,0.009769,2020
1597640400000,2020-08-17,explore,252,1,-0.00344,-1,0.009681,2020
1597726800000,2020-08-18,explore,252,1,0.001933,1,0.009698,2020
1597813200000,2020-08-19,explore,252,1,0.002832,1,0.009643,2020
1597899600000,2020-08-20,explore,252,1,0.008388,1,0.009645,2020
1598158800000,2020-08-23,explore,252,1,0.003692,1,0.009611,2020
1598245200000,2020-08-24,explore,252,1,0.008818,1,0.009614,2020
1598331600000,2020-08-25,explore,252,1,0.001178,1,0.009656,2020
1598418000000,2020-08-26,explore,252,1,0.004522,1,0.009654,2020
1598504400000,2020-08-27,explore,252,1,-0.00129,-1,0.009646,2020
1598763600000,2020-08-30,explore,252,1,0.006549,1,0.009585,2020
1598850000000,2020-08-31,explore,252,1,0.012107,1,0.009596,2020
1598936400000,2020-09-01,explore,252,1,-0.027495,-1,0.009416,2020
1599022800000,2020-09-02,explore,252,1,-0.010471,-1,0.010033,2020
1599109200000,2020-09-03,explore,252,1,0.003701,1,0.010104,2020
1599368400000,2020-09-06,explore,252,1,-0.023513,-1,0.010082,2020
1599454800000,2020-09-07,explore,252,1,0.015677,1,0.008718,2020
1599541200000,2020-09-08,explore,252,1,-0.01464,-1,0.008881,2020
1599627600000,2020-09-09,explore,252,1,-0.001647,-1,0.009041,2020
1599714000000,2020-09-10,explore,252,1,0.011893,1,0.008881,2020
1599973200000,2020-09-13,explore,252,1,0.005474,1,0.008975,2020
1600059600000,2020-09-14,explore,252,1,-0.003726,-1,0.008981,2020
1600146000000,2020-09-15,explore,252,1,-0.006888,-1,0.008888,2020
1600232400000,2020-09-16,explore,252,1,-0.008464,-1,0.008812,2020
1600318800000,2020-09-17,explore,252,1,-0.010141,-1,0.008891,2020
1600578000000,2020-09-20,explore,252,1,0.005974,1,0.008673,2020
1600664400000,2020-09-21,explore,252,1,-0.016843,-1,0.008675,2020
1600750800000,2020-09-22,explore,252,1,0.001685,1,0.008678,2020
1600837200000,2020-09-23,explore,252,1,0.012206,1,0.008587,2020
1600923600000,2020-09-24,explore,252,1,0.014369,1,0.00861,2020
1601182800000,2020-09-27,explore,252,1,-0.002979,-1,0.008773,2020
1601269200000,2020-09-28,explore,252,1,0.004435,1,0.008756,2020
1601355600000,2020-09-29,explore,252,1,0.003812,1,0.00875,2020
1601442000000,2020-09-30,explore,252,1,-0.006908,-1,0.008586,2020
1601528400000,2020-10-01,explore,252,1,0.012988,1,0.008551,2020
1601787600000,2020-10-04,explore,252,1,-0.009589,-1,0.008654,2020
1601874000000,2020-10-05,explore,252,1,0.012885,1,0.008715,2020
1601960400000,2020-10-06,explore,252,1,0.007331,1,0.008778,2020
1602046800000,2020-10-07,explore,252,1,0.008456,1,0.008744,2020
1602133200000,2020-10-08,explore,252,1,0.013918,1,0.008737,2020
1602392400000,2020-10-11,explore,252,1,-0.006525,-1,0.008828,2020
1602478800000,2020-10-12,explore,252,1,-0.005568,-1,0.008831,2020
1602565200000,2020-10-13,explore,252,1,-0.001294,-1,0.00886,2020
1602651600000,2020-10-14,explore,252,1,-0.019493,-1,0.008822,2020
1602738000000,2020-10-15,explore,252,1,0.011457,1,0.009189,2020
1602997200000,2020-10-18,explore,252,1,-0.001128,-1,0.009283,2020
1603083600000,2020-10-19,explore,252,1,-0.004286,-1,0.009195,2020
1603170000000,2020-10-20,explore,252,1,0.009381,1,0.009178,2020
1603256400000,2020-10-21,explore,252,1,-0.014704,-1,0.009207,2020
1603342800000,2020-10-22,explore,252,1,-0.00072,-1,0.009389,2020
1603602000000,2020-10-25,explore,252,1,-0.002524,-1,0.009317,2020
1603688400000,2020-10-26,explore,252,1,-0.02918,-1,0.009323,2020
1603774800000,2020-10-27,explore,252,1,0.009556,1,0.010038,2020
1603861200000,2020-10-28,explore,252,1,-0.009246,-1,0.01008,2020
1603947600000,2020-10-29,explore,252,1,0.009553,1,0.010142,2020
1604210400000,2020-11-01,explore,252,1,0.01413,1,0.010202,2020
1604296800000,2020-11-02,explore,252,1,0.017624,1,0.010321,2020
1604383200000,2020-11-03,explore,252,1,0.016443,1,0.010555,2020
1604469600000,2020-11-04,explore,252,1,0.001227,1,0.010746,2020
1604556000000,2020-11-05,explore,252,1,0.007908,1,0.010717,2020
1604815200000,2020-11-08,explore,252,1,-0.000695,-1,0.010695,2020
1604901600000,2020-11-09,explore,252,1,0.00624,1,0.010695,2020
1604988000000,2020-11-10,explore,252,1,-0.008213,-1,0.010714,2020
1605074400000,2020-11-11,explore,252,1,0.011433,1,0.010763,2020
1605160800000,2020-11-12,explore,252,1,0.009372,1,0.010849,2020
1605420000000,2020-11-15,explore,252,1,-0.003704,-1,0.010888,2020
1605506400000,2020-11-16,explore,252,1,-0.00958,-1,0.010904,2020
1605592800000,2020-11-17,explore,252,1,0.003452,1,0.01098,2020
1605679200000,2020-11-18,explore,252,1,-0.005934,-1,0.010941,2020
1605765600000,2020-11-19,explore,252,1,0.005015,1,0.010965,2020
1606024800000,2020-11-22,explore,252,1,0.012967,1,0.010928,2020
1606111200000,2020-11-23,explore,252,1,-0.001249,-1,0.011042,2020
1606197600000,2020-11-24,explore,252,1,-0.002162,-1,0.011033,2020
1606284000000,2020-11-25,explore,252,1,0.004262,1,0.011036,2020
1606370400000,2020-11-26,explore,252,1,-0.00301,-1,0.011019,2020
1606629600000,2020-11-29,explore,252,1,0.008439,1,0.010925,2020
1606716000000,2020-11-30,explore,252,1,0.001522,1,0.010381,2020
1606802400000,2020-12-01,explore,252,1,-0.00062,-1,0.010281,2020
1606888800000,2020-12-02,explore,252,1,0.005787,1,0.010276,2020
1606975200000,2020-12-03,explore,252,1,0.000112,1,0.009807,2020
1607234400000,2020-12-06,explore,252,1,0.002518,1,0.009634,2020
1607320800000,2020-12-07,explore,252,1,-0.006615,-1,0.009422,2020
1607407200000,2020-12-08,explore,252,1,-0.000788,-1,0.009469,2020
1607493600000,2020-12-09,explore,252,1,-0.001634,-1,0.009374,2020
1607580000000,2020-12-10,explore,252,1,-0.003049,-1,0.009363,2020
1607839200000,2020-12-13,explore,252,1,0.010576,1,0.009358,2020
1607925600000,2020-12-14,explore,252,1,0.00151,1,0.00938,2020
1608012000000,2020-12-15,explore,252,1,0.004238,1,0.009297,2020
1608098400000,2020-12-16,explore,252,1,-0.001448,-1,0.009184,2020
1608184800000,2020-12-17,explore,252,1,-0.004579,-1,0.009175,2020
1608444000000,2020-12-20,explore,252,1,-0.001905,-1,0.008905,2020
1608530400000,2020-12-21,explore,252,1,0.000953,1,0.008917,2020
1608616800000,2020-12-22,explore,252,1,0.003021,1,0.008814,2020
1608703200000,2020-12-23,explore,252,1,0.007236,1,0.008662,2020
1609048800000,2020-12-27,explore,252,1,-0.001665,-1,0.008676,2020
1609135200000,2020-12-28,explore,252,1,0.000944,1,0.008676,2020
1609221600000,2020-12-29,explore,252,1,0.005424,1,0.008671,2020
1609308000000,2020-12-30,explore,252,1,-0.012553,-1,0.008621,2020
1609653600000,2021-01-03,explore,252,1,0.005796,1,0.008674,2021
1609740000000,2021-01-04,explore,252,1,0.004934,1,0.008583,2021
1609826400000,2021-01-05,explore,252,1,0.012092,1,0.008469,2021
1609912800000,2021-01-06,explore,252,1,0.004796,1,0.008545,2021
1609999200000,2021-01-07,explore,252,1,-0.005561,-1,0.008508,2021
1610258400000,2021-01-10,explore,252,1,0.000547,1,0.008394,2021
1610344800000,2021-01-11,explore,252,1,0.00202,1,0.00834,2021
1610431200000,2021-01-12,explore,252,1,-0.00273,-1,0.008297,2021
1610517600000,2021-01-13,explore,252,1,-0.006364,-1,0.008306,2021
1610604000000,2021-01-14,explore,252,1,0.001375,1,0.007935,2021
1610863200000,2021-01-17,explore,252,1,0.004825,1,0.00783,2021
1610949600000,2021-01-18,explore,252,1,0.011852,1,0.007837,2021
1611036000000,2021-01-19,explore,252,1,0.000216,1,0.007915,2021
1611122400000,2021-01-20,explore,252,1,-0.002543,-1,0.007853,2021
1611208800000,2021-01-21,explore,252,1,0.003083,1,0.007595,2021
1611468000000,2021-01-24,explore,252,1,-0.001297,-1,0.007591,2021
1611554400000,2021-01-25,explore,252,1,-0.021482,-1,0.007582,2021
1611640800000,2021-01-26,explore,252,1,0.007705,1,0.007125,2021
1611727200000,2021-01-27,explore,252,1,-0.016362,-1,0.007096,2021
1611813600000,2021-01-28,explore,252,1,0.013397,1,0.007327,2021
1612072800000,2021-01-31,explore,252,1,0.011482,1,0.007409,2021
1612159200000,2021-02-01,explore,252,1,0.001141,1,0.007345,2021
1612245600000,2021-02-02,explore,252,1,0.008866,1,0.007056,2021
1612332000000,2021-02-03,explore,252,1,0.003385,1,0.006858,2021
1612418400000,2021-02-04,explore,252,1,0.005936,1,0.006863,2021
1612677600000,2021-02-07,explore,252,1,-0.000533,-1,0.006837,2021
1612764000000,2021-02-08,explore,252,1,-0.000534,-1,0.006836,2021
1612850400000,2021-02-09,explore,252,1,0.00192,1,0.006811,2021
1612936800000,2021-02-10,explore,252,1,0.004041,1,0.006704,2021
1613023200000,2021-02-11,explore,252,1,0.00413,1,0.006588,2021
1613282400000,2021-02-14,explore,252,1,-0.00482,-1,0.006517,2021
1613368800000,2021-02-15,explore,252,1,5.3e-05,1,0.006532,2021
1613455200000,2021-02-16,explore,252,1,-0.003937,-1,0.006388,2021
1613541600000,2021-02-17,explore,252,1,-0.001387,-1,0.006415,2021
1613628000000,2021-02-18,explore,252,1,-0.006319,-1,0.006359,2021
1613887200000,2021-02-21,explore,252,1,0.000966,1,0.006412,2021
1613973600000,2021-02-22,explore,252,1,0.009507,1,0.006228,2021
1614060000000,2021-02-23,explore,252,1,-0.020298,-1,0.006316,2021
1614146400000,2021-02-24,explore,252,1,-0.004077,-1,0.006855,2021
1614232800000,2021-02-25,explore,252,1,0.019312,1,0.006867,2021
1614492000000,2021-02-28,explore,252,1,-0.006701,-1,0.007241,2021
1614578400000,2021-03-01,explore,252,1,-0.010979,-1,0.007242,2021
1614664800000,2021-03-02,explore,252,1,-0.011211,-1,0.00739,2021
1614751200000,2021-03-03,explore,252,1,0.016039,1,0.007536,2021
1614837600000,2021-03-04,explore,252,1,-0.004285,-1,0.007762,2021
1615096800000,2021-03-07,explore,252,1,0.011671,1,0.007786,2021
1615183200000,2021-03-08,explore,252,1,0.004984,1,0.007909,2021
1615269600000,2021-03-09,explore,252,1,0.008569,1,0.007872,2021
1615356000000,2021-03-10,explore,252,1,0.001165,1,0.00793,2021
1615442400000,2021-03-11,explore,252,1,0.005385,1,0.007923,2021
1615698000000,2021-03-13,explore,252,1,-0.001212,-1,0.007925,2021
1615784400000,2021-03-15,explore,252,1,0.002317,1,0.007837,2021
1615870800000,2021-03-16,explore,252,1,-0.01217,-1,0.007838,2021
1615957200000,2021-03-17,explore,252,1,-0.001332,-1,0.007999,2021
1616043600000,2021-03-18,explore,252,1,0.00643,1,0.007998,2021
1616302800000,2021-03-21,explore,252,1,-0.00643,-1,0.008001,2021
1616389200000,2021-03-22,explore,252,1,-0.00406,-1,0.008047,2021
1616475600000,2021-03-23,explore,252,1,0.00422,1,0.00807,2021
1616562000000,2021-03-24,explore,252,1,0.013605,1,0.008077,2021
1616648400000,2021-03-25,explore,252,1,-0.00121,-1,0.008198,2021
1616907600000,2021-03-28,explore,252,1,-0.002372,-1,0.008196,2021
1616994000000,2021-03-29,explore,252,1,0.00416,1,0.008206,2021
1617080400000,2021-03-30,explore,252,1,0.008894,1,0.008196,2021
1617166800000,2021-03-31,explore,252,1,0.0,0,0.008078,2021
1617253200000,2021-04-01,explore,252,1,0.011959,1,0.008057,2021
1617512400000,2021-04-04,explore,252,1,-0.000772,-1,0.00816,2021
1617598800000,2021-04-05,explore,252,1,0.001235,1,0.008042,2021
1617685200000,2021-04-06,explore,252,1,0.003902,1,0.008027,2021
1617771600000,2021-04-07,explore,252,1,0.006232,1,0.007993,2021
1617858000000,2021-04-08,explore,252,1,0.000153,1,0.008019,2021
1618117200000,2021-04-11,explore,252,1,0.002542,1,0.008019,2021
1618203600000,2021-04-12,explore,252,1,-0.003001,-1,0.008006,2021
1618290000000,2021-04-13,explore,252,1,0.009026,1,0.007966,2021
1618376400000,2021-04-14,explore,252,1,0.002773,1,0.008027,2021
1618462800000,2021-04-15,explore,252,1,-0.004187,-1,0.008016,2021
1618722000000,2021-04-18,explore,252,1,-0.005881,-1,0.007931,2021
1618808400000,2021-04-19,explore,252,1,0.00775,1,0.007978,2021
1618894800000,2021-04-20,explore,252,1,-0.007496,-1,0.008011,2021
1618981200000,2021-04-21,explore,252,1,0.008857,1,0.008079,2021
1619067600000,2021-04-22,explore,252,1,0.001611,1,0.008135,2021
1619326800000,2021-04-25,explore,252,1,-0.000101,-1,0.007603,2021
1619413200000,2021-04-26,explore,252,1,-0.000554,-1,0.007563,2021
1619499600000,2021-04-27,explore,252,1,0.005472,1,0.00722,2021
1619586000000,2021-04-28,explore,252,1,-0.005824,-1,0.007079,2021
1619672400000,2021-04-29,explore,252,1,0.002264,1,0.007021,2021
1619931600000,2021-05-02,explore,252,1,-0.005542,-1,0.007022,2021
1620018000000,2021-05-03,explore,252,1,0.000354,1,0.007004,2021
1620104400000,2021-05-04,explore,252,1,0.006895,1,0.006998,2021
1620190800000,2021-05-05,explore,252,1,0.0062,1,0.00701,2021
1620277200000,2021-05-06,explore,252,1,-0.008359,-1,0.007038,2021
1620536400000,2021-05-09,explore,252,1,-0.007518,-1,0.007135,2021
1620622800000,2021-05-10,explore,252,1,-0.017885,-1,0.007213,2021
1620709200000,2021-05-11,explore,252,1,0.009902,1,0.007574,2021
1620795600000,2021-05-12,explore,252,1,0.012581,1,0.007654,2021
1620882000000,2021-05-13,explore,252,1,-0.002271,-1,0.00777,2021
1621141200000,2021-05-16,explore,252,1,-0.007048,-1,0.007779,2021
1621227600000,2021-05-17,explore,252,1,-0.002343,-1,0.00782,2021
1621314000000,2021-05-18,explore,252,1,0.008684,1,0.007825,2021
1621400400000,2021-05-19,explore,252,1,-0.000506,-1,0.007835,2021
1621486800000,2021-05-20,explore,252,1,0.008463,1,0.007838,2021
1621746000000,2021-05-23,explore,252,1,-0.001657,-1,0.00782,2021
1621832400000,2021-05-24,explore,252,1,0.001506,1,0.007343,2021
1621918800000,2021-05-25,explore,252,1,0.001203,1,0.007311,2021
1622005200000,2021-05-26,explore,252,1,0.000701,1,0.006938,2021
1622091600000,2021-05-27,explore,252,1,-0.002256,-1,0.006868,2021
1622350800000,2021-05-30,explore,252,1,0.001454,1,0.006706,2021
1622437200000,2021-05-31,explore,252,1,0.001552,1,0.006512,2021
1622523600000,2021-06-01,explore,252,1,-0.003007,-1,0.00624,2021
1622610000000,2021-06-02,explore,252,1,0.0074,1,0.006224,2021
1622696400000,2021-06-03,explore,252,1,-0.000548,-1,0.006131,2021
1622955600000,2021-06-06,explore,252,1,5e-05,1,0.006116,2021
1623042000000,2021-06-07,explore,252,1,-0.001446,-1,0.006042,2021
1623128400000,2021-06-08,explore,252,1,0.003936,1,0.006049,2021
1623214800000,2021-06-09,explore,252,1,0.00154,1,0.006035,2021
1623301200000,2021-06-10,explore,252,1,0.001835,1,0.006029,2021
1623560400000,2021-06-13,explore,252,1,-0.001835,-1,0.006028,2021
1623646800000,2021-06-14,explore,252,1,-0.004677,-1,0.005801,2021
1623733200000,2021-06-15,explore,252,1,-0.00015,-1,0.005839,2021
1623819600000,2021-06-16,explore,252,1,-0.011792,-1,0.0058,2021
1623906000000,2021-06-17,explore,252,1,0.012091,1,0.005948,2021
1624165200000,2021-06-20,explore,252,1,0.004478,1,0.006079,2021
1624251600000,2021-06-21,explore,252,1,-0.000944,-1,0.006081,2021
1624338000000,2021-06-22,explore,252,1,0.004858,1,0.005872,2021
1624424400000,2021-06-23,explore,252,1,0.003012,1,0.005887,2021
1624510800000,2021-06-24,explore,252,1,0.001823,1,0.005876,2021
1624770000000,2021-06-27,explore,252,1,0.000295,1,0.005864,2021
1624856400000,2021-06-28,explore,252,1,0.001278,1,0.005778,2021
1624942800000,2021-06-29,explore,252,1,0.004364,1,0.005777,2021
1625029200000,2021-06-30,explore,252,1,0.006242,1,0.00562,2021
1625115600000,2021-07-01,explore,252,1,-0.000243,-1,0.005657,2021
1625374800000,2021-07-04,explore,252,1,-0.00146,-1,0.005659,2021
1625461200000,2021-07-05,explore,252,1,0.003063,1,0.005653,2021
1625547600000,2021-07-06,explore,252,1,-0.007163,-1,0.005618,2021
1625634000000,2021-07-07,explore,252,1,0.009151,1,0.005706,2021
1625720400000,2021-07-08,explore,252,1,0.003193,1,0.005801,2021
1625979600000,2021-07-11,explore,252,1,-0.002951,-1,0.005789,2021
1626066000000,2021-07-12,explore,252,1,0.001259,1,0.005712,2021
1626152400000,2021-07-13,explore,252,1,-0.003053,-1,0.005707,2021
1626238800000,2021-07-14,explore,252,1,-0.006524,-1,0.005693,2021
1626325200000,2021-07-15,explore,252,1,-0.013227,-1,0.005705,2021
1626584400000,2021-07-18,explore,252,1,0.012641,1,0.005893,2021
1626670800000,2021-07-19,explore,252,1,0.006819,1,0.006008,2021
1626757200000,2021-07-20,explore,252,1,0.001746,1,0.005968,2021
1626843600000,2021-07-21,explore,252,1,0.008397,1,0.005968,2021
1626930000000,2021-07-22,explore,252,1,0.00216,1,0.006048,2021
1627189200000,2021-07-25,explore,252,1,-0.003795,-1,0.006048,2021
1627275600000,2021-07-26,explore,252,1,-0.000144,-1,0.006045,2021
1627362000000,2021-07-27,explore,252,1,0.00346,1,0.005989,2021
1627448400000,2021-07-28,explore,252,1,-0.004279,-1,0.005996,2021
1627534800000,2021-07-29,explore,252,1,-0.001881,-1,0.005977,2021
1627794000000,2021-08-01,explore,252,1,0.006783,1,0.005986,2021
1627880400000,2021-08-02,explore,252,1,-0.003891,-1,0.005984,2021
1627966800000,2021-08-03,explore,252,1,0.005137,1,0.00597,2021
1628053200000,2021-08-04,explore,252,1,0.001531,1,0.005886,2021
1628139600000,2021-08-05,explore,252,1,-0.000717,-1,0.005791,2021
1628398800000,2021-08-08,explore,252,1,0.000813,1,0.005272,2021
1628485200000,2021-08-09,explore,252,1,0.002006,1,0.005153,2021
1628571600000,2021-08-10,explore,252,1,0.002668,1,0.004939,2021
1628658000000,2021-08-11,explore,252,1,0.001521,1,0.004927,2021
1628744400000,2021-08-12,explore,252,1,0.002183,1,0.00482,2021
1629003600000,2021-08-15,explore,252,1,-0.0058,-1,0.004802,2021
1629090000000,2021-08-16,explore,252,1,-0.00939,-1,0.004782,2021
1629176400000,2021-08-17,explore,252,1,0.001347,1,0.004953,2021
1629262800000,2021-08-18,explore,252,1,0.006802,1,0.004856,2021
1629349200000,2021-08-19,explore,252,1,0.007325,1,0.004907,2021
1629608400000,2021-08-22,explore,252,1,0.001326,1,0.004974,2021
1629694800000,2021-08-23,explore,252,1,0.00208,1,0.004975,2021
1629781200000,2021-08-24,explore,252,1,-0.005114,-1,0.004977,2021
1629867600000,2021-08-25,explore,252,1,0.007379,1,0.005019,2021
1629954000000,2021-08-26,explore,252,1,0.003716,1,0.005085,2021
1630213200000,2021-08-29,explore,252,1,-0.000892,-1,0.005096,2021
1630299600000,2021-08-30,explore,252,1,0.000141,1,0.005076,2021
1630386000000,2021-08-31,explore,252,1,0.002628,1,0.005012,2021
1630472400000,2021-09-01,explore,252,1,-0.000141,-1,0.005013,2021
1630558800000,2021-09-02,explore,252,1,0.001873,1,0.005013,2021
1630818000000,2021-09-05,explore,252,1,-0.004736,-1,0.005005,2021
1630904400000,2021-09-06,explore,252,1,-0.00127,-1,0.005043,2021
1630990800000,2021-09-07,explore,252,1,-0.003772,-1,0.005049,2021
1631077200000,2021-09-08,explore,252,1,-0.006446,-1,0.005081,2021
1631163600000,2021-09-09,explore,252,1,0.001995,1,0.005151,2021
1631422800000,2021-09-12,explore,252,1,-0.004709,-1,0.005108,2021
1631509200000,2021-09-13,explore,252,1,0.007079,1,0.005154,2021
1631595600000,2021-09-14,explore,252,1,-0.001469,-1,0.004959,2021
1631682000000,2021-09-15,explore,252,1,-0.008092,-1,0.004761,2021
1631768400000,2021-09-16,explore,252,1,-0.014151,-1,0.004867,2021
1632027600000,2021-09-19,explore,252,1,-0.00097,-1,0.005207,2021
1632114000000,2021-09-20,explore,252,1,0.007878,1,0.005178,2021
1632200400000,2021-09-21,explore,252,1,0.010345,1,0.005255,2021
1632286800000,2021-09-22,explore,252,1,0.001476,1,0.005401,2021
1632373200000,2021-09-23,explore,252,1,-0.002429,-1,0.005402,2021
1632632400000,2021-09-26,explore,252,1,-0.017221,-1,0.005414,2021
1632718800000,2021-09-27,explore,252,1,0.001212,1,0.005831,2021
1632805200000,2021-09-28,explore,252,1,-0.010131,-1,0.00578,2021
1632891600000,2021-09-29,explore,252,1,0.008967,1,0.005921,2021
1632978000000,2021-09-30,explore,252,1,-0.010241,-1,0.006027,2021
1633237200000,2021-10-03,explore,252,1,0.008347,1,0.006152,2021
1633323600000,2021-10-04,explore,252,1,0.003881,1,0.006177,2021
1633410000000,2021-10-05,explore,252,1,0.006948,1,0.006087,2021
1633496400000,2021-10-06,explore,252,1,-0.001492,-1,0.006137,2021
1633582800000,2021-10-07,explore,252,1,-0.006038,-1,0.006128,2021
1633842000000,2021-10-10,explore,252,1,-0.001988,-1,0.006175,2021
1633928400000,2021-10-11,explore,252,1,0.002763,1,0.006168,2021
1634014800000,2021-10-12,explore,252,1,0.014228,1,0.00612,2021
1634101200000,2021-10-13,explore,252,1,0.006375,1,0.00613,2021
1634187600000,2021-10-14,explore,252,1,0.002841,1,0.005981,2021
1634446800000,2021-10-17,explore,252,1,0.006364,1,0.005933,2021
1634533200000,2021-10-18,explore,252,1,0.003143,1,0.005978,2021
1634619600000,2021-10-19,explore,252,1,0.002573,1,0.005902,2021
1634706000000,2021-10-20,explore,252,1,-0.000982,-1,0.005905,2021
1634792400000,2021-10-21,explore,252,1,0.004014,1,0.005883,2021
1635051600000,2021-10-24,explore,252,1,0.00135,1,0.005899,2021
1635138000000,2021-10-25,explore,252,1,-0.003868,-1,0.005888,2021
1635224400000,2021-10-26,explore,252,1,0.008,1,0.005883,2021
1635310800000,2021-10-27,explore,252,1,0.001759,1,0.00595,2021
1635397200000,2021-10-28,explore,252,1,0.001617,1,0.0059,2021
1635656400000,2021-10-31,explore,252,1,0.003273,1,0.005874,2021
1635742800000,2021-11-01,explore,252,1,0.005278,1,0.005856,2021
1635829200000,2021-11-02,explore,252,1,0.003838,1,0.005884,2021
1635915600000,2021-11-03,explore,252,1,0.003096,1,0.005894,2021
1636002000000,2021-11-04,explore,252,1,0.000682,1,0.005902,2021
1636264800000,2021-11-07,explore,252,1,-0.002866,-1,0.005899,2021
1636351200000,2021-11-08,explore,252,1,-0.006628,-1,0.005912,2021
1636437600000,2021-11-09,explore,252,1,0.000183,1,0.005982,2021
1636524000000,2021-11-10,explore,252,1,0.006445,1,0.005979,2021
1636610400000,2021-11-11,explore,252,1,0.000137,1,0.005969,2021
1636869600000,2021-11-14,explore,252,1,0.003093,1,0.005828,2021
1636956000000,2021-11-15,explore,252,1,-0.001773,-1,0.005834,2021
1637042400000,2021-11-16,explore,252,1,0.002771,1,0.005794,2021
1637128800000,2021-11-17,explore,252,1,-0.001271,-1,0.005739,2021
1637215200000,2021-11-18,explore,252,1,-0.002684,-1,0.005744,2021
1637474400000,2021-11-21,explore,252,1,0.001593,1,0.005756,2021
1637560800000,2021-11-22,explore,252,1,0.001908,1,0.005711,2021
1637647200000,2021-11-23,explore,252,1,0.001179,1,0.005649,2021
1637733600000,2021-11-24,explore,252,1,-0.020103,-1,0.005635,2021
1637820000000,2021-11-25,explore,252,1,0.010171,1,0.006206,2021
1638079200000,2021-11-28,explore,252,1,-0.015644,-1,0.00633,2021
1638165600000,2021-11-29,explore,252,1,-0.010802,-1,0.006638,2021
1638252000000,2021-11-30,explore,252,1,0.012568,1,0.006779,2021
1638338400000,2021-12-01,explore,252,1,-0.007129,-1,0.006959,2021
1638424800000,2021-12-02,explore,252,1,0.009772,1,0.006993,2021
1638684000000,2021-12-05,explore,252,1,0.017443,1,0.007096,2021
1638770400000,2021-12-06,explore,252,1,0.002545,1,0.007399,2021
1638856800000,2021-12-07,explore,252,1,-0.005827,-1,0.007347,2021
1638943200000,2021-12-08,explore,252,1,0.007958,1,0.007392,2021
1639029600000,2021-12-09,explore,252,1,-0.008003,-1,0.007417,2021
1639288800000,2021-12-12,explore,252,1,-0.005769,-1,0.007454,2021
1639375200000,2021-12-13,explore,252,1,0.013229,1,0.007493,2021
1639461600000,2021-12-14,explore,252,1,-0.007505,-1,0.007579,2021
1639548000000,2021-12-15,explore,252,1,-0.009035,-1,0.007412,2021
1639634400000,2021-12-16,explore,252,1,-0.009536,-1,0.007514,2021
1639893600000,2021-12-19,explore,252,1,0.015187,1,0.007571,2021
1639980000000,2021-12-20,explore,252,1,0.008258,1,0.007695,2021
1640066400000,2021-12-21,explore,252,1,0.005392,1,0.007755,2021
1640152800000,2021-12-22,explore,252,1,0.011949,1,0.007766,2021
1640498400000,2021-12-26,explore,252,1,-0.00067,-1,0.007537,2021
1640584800000,2021-12-27,explore,252,1,0.001072,1,0.007541,2021
1640671200000,2021-12-28,explore,252,1,-0.00219,-1,0.007398,2021
1640757600000,2021-12-29,explore,252,1,-0.002463,-1,0.007349,2021
1640844000000,2021-12-30,explore,252,1,0.004921,1,0.007217,2021
1641103200000,2022-01-02,explore,252,1,-0.000312,-1,0.007176,2022
1641189600000,2022-01-03,explore,252,1,-0.016518,-1,0.007172,2022
1641276000000,2022-01-04,explore,252,1,-0.000908,-1,0.007476,2022
1641362400000,2022-01-05,explore,252,1,-0.003595,-1,0.007474,2022
1641448800000,2022-01-06,explore,252,1,-0.001003,-1,0.007443,2022
1641708000000,2022-01-09,explore,252,1,0.007773,1,0.007438,2022
1641794400000,2022-01-10,explore,252,1,0.002036,1,0.007484,2022
1641880800000,2022-01-11,explore,252,1,-0.011681,-1,0.007293,2022
1641967200000,2022-01-12,explore,252,1,0.000503,1,0.007427,2022
1642053600000,2022-01-13,explore,252,1,-4.6e-05,-1,0.007421,2022
1642312800000,2022-01-16,explore,252,1,-0.015334,-1,0.007384,2022
1642399200000,2022-01-17,explore,252,1,-0.008762,-1,0.007638,2022
1642485600000,2022-01-18,explore,252,1,-0.009312,-1,0.007713,2022
1642572000000,2022-01-19,explore,252,1,-0.016147,-1,0.0078,2022
1642658400000,2022-01-20,explore,252,1,0.002638,1,0.008036,2022
1642917600000,2022-01-23,explore,252,1,-0.010544,-1,0.008042,2022
1643004000000,2022-01-24,explore,252,1,-0.001453,-1,0.008132,2022
1643090400000,2022-01-25,explore,252,1,-0.004615,-1,0.008058,2022
1643176800000,2022-01-26,explore,252,1,0.020341,1,0.008066,2022
1643263200000,2022-01-27,explore,252,1,0.015341,1,0.008491,2022
1643522400000,2022-01-30,explore,252,1,0.005763,1,0.008711,2022
1643608800000,2022-01-31,explore,252,1,0.007864,1,0.008717,2022
1643695200000,2022-02-01,explore,252,1,-0.020275,-1,0.008762,2022
1643781600000,2022-02-02,explore,252,1,0.004436,1,0.009106,2022
1643868000000,2022-02-03,explore,252,1,-0.00316,-1,0.009127,2022
1644127200000,2022-02-06,explore,252,1,0.00692,1,0.009128,2022
1644213600000,2022-02-07,explore,252,1,0.012171,1,0.009143,2022
1644300000000,2022-02-08,explore,252,1,-0.014989,-1,0.009278,2022
1644386400000,2022-02-09,explore,252,1,-0.016699,-1,0.009423,2022
1644472800000,2022-02-10,explore,252,1,-0.00297,-1,0.009641,2022
1644732000000,2022-02-13,explore,252,1,0.01344,1,0.009632,2022
1644818400000,2022-02-14,explore,252,1,0.001041,1,0.009798,2022
1644904800000,2022-02-15,explore,252,1,-0.018231,-1,0.009791,2022
1644991200000,2022-02-16,explore,252,1,-0.00599,-1,0.010038,2022
1645077600000,2022-02-17,explore,252,1,-0.010521,-1,0.010056,2022
1645336800000,2022-02-20,explore,252,1,0.002054,1,0.010122,2022
1645423200000,2022-02-21,explore,252,1,-0.015363,-1,0.010123,2022
1645509600000,2022-02-22,explore,252,1,0.012231,1,0.010274,2022
1645596000000,2022-02-23,explore,252,1,0.018648,1,0.010133,2022
1645682400000,2022-02-24,explore,252,1,-0.002312,-1,0.010337,2022
1645941600000,2022-02-27,explore,252,1,-0.012471,-1,0.010163,2022
1646028000000,2022-02-28,explore,252,1,0.015119,1,0.010192,2022
1646114400000,2022-03-01,explore,252,1,-0.004338,-1,0.01025,2022
1646200800000,2022-03-02,explore,252,1,-0.006202,-1,0.010227,2022
1646287200000,2022-03-03,explore,252,1,-0.02535,-1,0.010166,2022
1646546400000,2022-03-06,explore,252,1,-0.00595,-1,0.010357,2022
1646632800000,2022-03-07,explore,252,1,0.021139,1,0.01036,2022
1646719200000,2022-03-08,explore,252,1,-0.003936,-1,0.010732,2022
1646805600000,2022-03-09,explore,252,1,-0.011004,-1,0.010674,2022
1646892000000,2022-03-10,explore,252,1,-0.005798,-1,0.01071,2022
1647147600000,2022-03-12,explore,252,1,0.017935,1,0.010711,2022
1647234000000,2022-03-14,explore,252,1,0.018683,1,0.01083,2022
1647320400000,2022-03-15,explore,252,1,0.010098,1,0.011088,2022
1647406800000,2022-03-16,explore,252,1,0.009807,1,0.011124,2022
1647493200000,2022-03-17,explore,252,1,-0.000237,-1,0.01114,2022
1647752400000,2022-03-20,explore,252,1,0.009949,1,0.010962,2022
1647838800000,2022-03-21,explore,252,1,-0.01085,-1,0.010986,2022
1647925200000,2022-03-22,explore,252,1,0.012256,1,0.011036,2022
1648011600000,2022-03-23,explore,252,1,0.004488,1,0.011042,2022
1648098000000,2022-03-24,explore,252,1,0.00586,1,0.011062,2022
1648357200000,2022-03-27,explore,252,1,0.010608,1,0.01109,2022
1648443600000,2022-03-28,explore,252,1,-0.005429,-1,0.011178,2022
1648530000000,2022-03-29,explore,252,1,-0.012113,-1,0.011193,2022
1648616400000,2022-03-30,explore,252,1,0.001586,1,0.011266,2022
1648702800000,2022-03-31,explore,252,1,0.007154,1,0.01127,2022
1648962000000,2022-04-03,explore,252,1,-0.010703,-1,0.011127,2022
1649048400000,2022-04-04,explore,252,1,-0.008362,-1,0.011204,2022
1649134800000,2022-04-05,explore,252,1,0.003861,1,0.011242,2022
1649221200000,2022-04-06,explore,252,1,-0.0024,-1,0.011255,2022
1649307600000,2022-04-07,explore,252,1,-0.014138,-1,0.011208,2022
1649566800000,2022-04-10,explore,252,1,-0.003062,-1,0.01133,2022
1649653200000,2022-04-11,explore,252,1,0.009397,1,0.01125,2022
1649739600000,2022-04-12,explore,252,1,-0.010452,-1,0.011321,2022
1649826000000,2022-04-13,explore,252,1,-0.000144,-1,0.011389,2022
1650171600000,2022-04-17,explore,252,1,0.013819,1,0.011235,2022
1650258000000,2022-04-18,explore,252,1,-0.00071,-1,0.011328,2022
1650344400000,2022-04-19,explore,252,1,-0.012389,-1,0.011268,2022
1650430800000,2022-04-20,explore,252,1,-0.023922,-1,0.011191,2022
1650517200000,2022-04-21,explore,252,1,0.004997,1,0.011584,2022
1650776400000,2022-04-24,explore,252,1,-0.024185,-1,0.01153,2022
1650862800000,2022-04-25,explore,252,1,0.00195,1,0.01192,2022
1650949200000,2022-04-26,explore,252,1,0.020425,1,0.011913,2022
1651035600000,2022-04-27,explore,252,1,-0.031023,-1,0.011915,2022
1651122000000,2022-04-28,explore,252,-1,0.004735,1,0.012351,2022
1651381200000,2022-05-01,explore,252,1,0.003662,1,0.012342,2022
1651467600000,2022-05-02,explore,252,1,0.024923,1,0.012304,2022
1651554000000,2022-05-03,explore,252,1,-0.030145,-1,0.012491,2022
1651640400000,2022-05-04,explore,252,1,-0.004793,-1,0.013019,2022
1651726800000,2022-05-05,explore,252,-1,-0.027067,-1,0.013025,2022
1651986000000,2022-05-08,explore,252,-1,0.001921,1,0.013387,2022
1652072400000,2022-05-09,explore,252,-1,-0.013892,-1,0.013279,2022
1652158800000,2022-05-10,explore,252,-1,-0.000631,-1,0.013262,2022
1652245200000,2022-05-11,explore,252,-1,0.019283,1,0.013124,2022
1652331600000,2022-05-12,explore,252,-1,-0.003102,-1,0.013381,2022
1652590800000,2022-05-15,explore,252,-1,0.016433,1,0.013251,2022
1652677200000,2022-05-16,explore,252,-1,-0.033563,-1,0.013438,2022
1652763600000,2022-05-17,explore,252,-1,-0.005281,-1,0.013883,2022
1652850000000,2022-05-18,explore,252,-1,0.000371,1,0.01388,2022
1652936400000,2022-05-19,explore,252,-1,0.015182,1,0.013832,2022
1653195600000,2022-05-22,explore,252,-1,-0.006538,-1,0.013981,2022
1653282000000,2022-05-23,explore,252,-1,0.00758,1,0.013879,2022
1653368400000,2022-05-24,explore,252,-1,0.016324,1,0.01382,2022
1653454800000,2022-05-25,explore,252,-1,0.020288,1,0.01377,2022
1653541200000,2022-05-26,explore,252,-1,0.004359,1,0.014027,2022
1653800400000,2022-05-29,explore,252,-1,-0.009291,-1,0.013958,2022
1653886800000,2022-05-30,explore,252,-1,-0.00653,-1,0.01386,2022
1653973200000,2022-05-31,explore,252,-1,0.015371,1,0.013872,2022
1654059600000,2022-06-01,explore,252,-1,-0.013747,-1,0.014002,2022
1654146000000,2022-06-02,explore,252,-1,0.002734,1,0.013743,2022
1654405200000,2022-06-05,explore,252,-1,0.007707,1,0.013728,2022
1654491600000,2022-06-06,explore,252,-1,-0.009022,-1,0.013495,2022
1654578000000,2022-06-07,explore,252,-1,-0.019996,-1,0.013532,2022
1654664400000,2022-06-08,explore,252,-1,-0.024525,-1,0.013692,2022
1654750800000,2022-06-09,explore,252,-1,-0.031568,-1,0.014007,2022
1655010000000,2022-06-12,explore,252,-1,-0.0029,-1,0.01432,2022
1655096400000,2022-06-13,explore,252,-1,0.011604,1,0.014082,2022
1655182800000,2022-06-14,explore,252,-1,-0.026842,-1,0.014104,2022
1655269200000,2022-06-15,explore,252,-1,0.001001,1,0.014364,2022
1655355600000,2022-06-16,explore,252,-1,0.020247,1,0.014368,2022
1655701200000,2022-06-20,explore,252,-1,-0.00109,-1,0.01457,2022
1655787600000,2022-06-21,explore,252,-1,0.008037,1,0.01453,2022
1655874000000,2022-06-22,explore,252,-1,0.024893,1,0.014472,2022
1655960400000,2022-06-23,explore,252,-1,-0.002641,-1,0.014849,2022
1656219600000,2022-06-26,explore,252,-1,-0.016696,-1,0.014815,2022
1656306000000,2022-06-27,explore,252,-1,-0.000915,-1,0.014837,2022
1656392400000,2022-06-28,explore,252,-1,-0.006861,-1,0.014834,2022
1656478800000,2022-06-29,explore,252,-1,0.008152,1,0.014793,2022
1656565200000,2022-06-30,explore,252,-1,-0.002962,-1,0.014845,2022
1656824400000,2022-07-03,explore,252,-1,0.004412,1,0.014796,2022
1656910800000,2022-07-04,explore,252,-1,0.003056,1,0.014782,2022
1656997200000,2022-07-05,explore,252,-1,0.012078,1,0.014775,2022
1657083600000,2022-07-06,explore,252,-1,-0.000794,-1,0.014864,2022
1657170000000,2022-07-07,explore,252,-1,-0.009466,-1,0.014864,2022
1657429200000,2022-07-10,explore,252,-1,-0.007078,-1,0.014813,2022
1657515600000,2022-07-11,explore,252,-1,-0.004152,-1,0.014828,2022
1657602000000,2022-07-12,explore,252,-1,-0.002434,-1,0.01476,2022
1657688400000,2022-07-13,explore,252,-1,0.015426,1,0.014721,2022
1657774800000,2022-07-14,explore,252,-1,-0.006689,-1,0.014881,2022
1658034000000,2022-07-17,explore,252,-1,0.022038,1,0.014761,2022
1658120400000,2022-07-18,explore,252,-1,0.005239,1,0.015068,2022
1658206800000,2022-07-19,explore,252,-1,0.008066,1,0.015029,2022
1658293200000,2022-07-20,explore,252,-1,-0.007544,-1,0.014793,2022
1658379600000,2022-07-21,explore,252,-1,0.001044,1,0.014797,2022
1658638800000,2022-07-24,explore,252,-1,-0.009803,-1,0.0145,2022
1658725200000,2022-07-25,explore,252,-1,0.021112,1,0.014541,2022
1658811600000,2022-07-26,explore,252,-1,0.010059,1,0.014558,2022
1658898000000,2022-07-27,explore,252,-1,0.012181,1,0.014096,2022
1658984400000,2022-07-28,explore,252,-1,-0.002627,-1,0.014169,2022
1659243600000,2022-07-31,explore,252,-1,-0.005427,-1,0.014164,2022
1659330000000,2022-08-01,explore,252,-1,0.012633,1,0.013809,2022
1659416400000,2022-08-02,explore,252,-1,-0.000804,-1,0.01338,2022
1659502800000,2022-08-03,explore,252,-1,-0.001106,-1,0.013366,2022
1659589200000,2022-08-04,explore,252,-1,-0.001007,-1,0.012908,2022
1659848400000,2022-08-07,explore,252,-1,-0.003481,-1,0.012908,2022
1659934800000,2022-08-08,explore,252,-1,0.017136,1,0.012787,2022
1660021200000,2022-08-09,explore,252,-1,-5e-05,-1,0.012954,2022
1660107600000,2022-08-10,explore,252,-1,0.01406,1,0.012739,2022
1660194000000,2022-08-11,explore,252,-1,0.003374,1,0.012841,2022
1660453200000,2022-08-14,explore,252,-1,0.001854,1,0.012691,2022
1660539600000,2022-08-15,explore,252,-1,-0.006061,-1,0.01191,2022
1660626000000,2022-08-16,explore,252,-1,0.00191,1,0.011917,2022
1660712400000,2022-08-17,explore,252,-1,-0.010824,-1,0.011917,2022
1660798800000,2022-08-18,explore,252,-1,-0.018019,-1,0.011877,2022
1661058000000,2022-08-21,explore,252,-1,-0.002168,-1,0.012078,2022
1661144400000,2022-08-22,explore,252,-1,0.00247,1,0.01205,2022
1661230800000,2022-08-23,explore,252,-1,0.011664,1,0.011882,2022
1661317200000,2022-08-24,explore,252,-1,-0.028573,-1,0.011696,2022
1661403600000,2022-08-25,explore,252,-1,-0.005804,-1,0.012228,2022
1661662800000,2022-08-28,explore,252,-1,-0.009055,-1,0.012195,2022
1661749200000,2022-08-29,explore,252,-1,-0.006466,-1,0.01222,2022
1661835600000,2022-08-30,explore,252,-1,0.00256,1,0.012075,2022
1661922000000,2022-08-31,explore,252,-1,-0.009279,-1,0.011966,2022
1662008400000,2022-09-01,explore,252,-1,0.002472,1,0.01201,2022
1662267600000,2022-09-04,explore,252,-1,-0.005426,-1,0.011969,2022
1662354000000,2022-09-05,explore,252,-1,0.014578,1,0.011937,2022
1662440400000,2022-09-06,explore,252,-1,0.005296,1,0.011829,2022
1662526800000,2022-09-07,explore,252,-1,0.01271,1,0.011426,2022
1662613200000,2022-09-08,explore,252,-1,0.009161,1,0.010775,2022
1662872400000,2022-09-11,explore,252,-1,-0.037107,-1,0.01081,2022
1662958800000,2022-09-12,explore,252,-1,0.003202,1,0.011758,2022
1663045200000,2022-09-13,explore,252,-1,-0.009743,-1,0.01123,2022
1663131600000,2022-09-14,explore,252,-1,-0.006211,-1,0.01131,2022
1663218000000,2022-09-15,explore,252,-1,0.005788,1,0.011064,2022
1663477200000,2022-09-18,explore,252,-1,-0.009469,-1,0.011084,2022
1663563600000,2022-09-19,explore,252,-1,-0.01432,-1,0.01111,2022
1663650000000,2022-09-20,explore,252,-1,-0.007456,-1,0.010798,2022
1663736400000,2022-09-21,explore,252,-1,-0.013862,-1,0.010831,2022
1663822800000,2022-09-22,explore,252,-1,-0.008678,-1,0.010768,2022
1664082000000,2022-09-25,explore,252,-1,-0.002013,-1,0.010818,2022
1664168400000,2022-09-26,explore,252,-1,0.015775,1,0.010789,2022
1664254800000,2022-09-27,explore,252,-1,-0.017287,-1,0.01093,2022
1664341200000,2022-09-28,explore,252,-1,-0.011901,-1,0.011132,2022
1664427600000,2022-09-29,explore,252,-1,0.019943,1,0.011202,2022
1664686800000,2022-10-02,explore,252,-1,0.02483,1,0.011496,2022
1664773200000,2022-10-03,explore,252,-1,-0.00201,-1,0.01183,2022
1664859600000,2022-10-04,explore,252,-1,-0.008133,-1,0.011832,2022
1664946000000,2022-10-05,explore,252,-1,-0.022953,-1,0.011817,2022
1665032400000,2022-10-06,explore,252,-1,-0.006301,-1,0.012127,2022
1665291600000,2022-10-09,explore,252,-1,-0.005887,-1,0.01214,2022
1665378000000,2022-10-10,explore,252,-1,-0.002444,-1,0.012155,2022
1665464400000,2022-10-11,explore,252,-1,0.021005,1,0.011979,2022
1665550800000,2022-10-12,explore,252,-1,-0.018958,-1,0.012273,2022
1665637200000,2022-10-13,explore,252,-1,0.020629,1,0.01214,2022
1665896400000,2022-10-16,explore,252,-1,0.009634,1,0.012424,2022
1665982800000,2022-10-17,explore,252,-1,-0.005636,-1,0.012444,2022
1666069200000,2022-10-18,explore,252,-1,-0.007118,-1,0.01243,2022
1666155600000,2022-10-19,explore,252,-1,0.019618,1,0.012451,2022
1666242000000,2022-10-20,explore,252,-1,0.009856,1,0.012668,2022
1666501200000,2022-10-23,explore,252,-1,0.013135,1,0.012434,2022
1666587600000,2022-10-24,explore,252,-1,-0.006277,-1,0.012483,2022
1666674000000,2022-10-25,explore,252,-1,-0.004639,-1,0.012392,2022
1666760400000,2022-10-26,explore,252,-1,0.019648,1,0.012398,2022
1666846800000,2022-10-27,explore,252,-1,-0.006009,-1,0.012656,2022
1667106000000,2022-10-30,explore,252,-1,-0.003633,-1,0.012557,2022
1667192400000,2022-10-31,explore,252,-1,-0.021042,-1,0.012562,2022
1667278800000,2022-11-01,explore,252,-1,-0.009006,-1,0.012813,2022
1667365200000,2022-11-02,explore,252,-1,0.011353,1,0.01285,2022
1667451600000,2022-11-03,explore,252,-1,0.007769,1,0.012947,2022
1667714400000,2022-11-06,explore,252,-1,0.00432,1,0.012786,2022
1667800800000,2022-11-07,explore,252,-1,-0.017338,-1,0.012805,2022
1667887200000,2022-11-08,explore,252,-1,0.04408,1,0.012809,2022
1667973600000,2022-11-09,explore,252,-1,0.008203,1,0.014041,2022
1668060000000,2022-11-10,explore,252,-1,-0.007154,-1,0.014086,2022
1668319200000,2022-11-13,explore,252,-1,0.006998,1,0.014092,2022
1668405600000,2022-11-14,explore,252,-1,-0.006474,-1,0.014124,2022
1668492000000,2022-11-15,explore,252,-1,-0.00278,-1,0.014086,2022
1668578400000,2022-11-16,explore,252,-1,0.003932,1,0.013917,2022
1668664800000,2022-11-17,explore,252,-1,-0.003354,-1,0.013928,2022
1668924000000,2022-11-20,explore,252,-1,0.010911,1,0.013927,2022
1669010400000,2022-11-21,explore,252,-1,0.004714,1,0.013916,2022
1669096800000,2022-11-22,explore,252,-1,0.002168,1,0.013464,2022
1669183200000,2022-11-23,explore,252,-1,-0.002272,-1,0.013448,2022
1669269600000,2022-11-24,explore,252,-1,-0.012953,-1,0.013401,2022
1669528800000,2022-11-27,explore,252,-1,-0.001729,-1,0.013477,2022
1669615200000,2022-11-28,explore,252,-1,0.024711,1,0.013475,2022
1669701600000,2022-11-29,explore,252,-1,0.000102,1,0.013778,2022
1669788000000,2022-11-30,explore,252,-1,-0.00128,-1,0.013775,2022
1669874400000,2022-12-01,explore,252,-1,-0.014916,-1,0.013757,2022
1670133600000,2022-12-04,explore,252,-1,-0.01219,-1,0.013771,2022
1670220000000,2022-12-05,explore,252,-1,-0.001739,-1,0.013839,2022
1670306400000,2022-12-06,explore,252,-1,0.006098,1,0.01374,2022
1670392800000,2022-12-07,explore,252,-1,-0.006203,-1,0.013711,2022
1670479200000,2022-12-08,explore,252,-1,0.011691,1,0.012911,2022
1670738400000,2022-12-11,explore,252,-1,0.006287,1,0.01299,2022
1670824800000,2022-12-12,explore,252,-1,-0.005089,-1,0.012951,2022
1670911200000,2022-12-13,explore,252,-1,-0.021788,-1,0.012942,2022
1670997600000,2022-12-14,explore,252,-1,-0.010322,-1,0.013219,2022
1671084000000,2022-12-15,explore,252,-1,-0.00723,-1,0.013229,2022
1671343200000,2022-12-18,explore,252,-1,0.000812,1,0.013136,2022
1671429600000,2022-12-19,explore,252,-1,0.012153,1,0.013102,2022
1671516000000,2022-12-20,explore,252,-1,-0.012153,-1,0.013063,2022
1671602400000,2022-12-21,explore,252,-1,0.004427,1,0.01311,2022
1671688800000,2022-12-22,explore,252,-1,-0.003183,-1,0.013115,2022
1672034400000,2022-12-26,explore,252,-1,-0.01032,-1,0.012978,2022
1672120800000,2022-12-27,explore,252,-1,0.013934,1,0.012855,2022
1672207200000,2022-12-28,explore,252,-1,-0.002318,-1,0.012867,2022
1672293600000,2022-12-29,explore,252,-1,-0.003243,-1,0.012638,2022
1672639200000,2023-01-02,explore,252,-1,0.006153,1,0.012254,2023
1672725600000,2023-01-03,explore,252,-1,-0.009842,-1,0.012276,2023
1672812000000,2023-01-04,explore,252,-1,0.018628,1,0.012296,2023
1672898400000,2023-01-05,explore,252,-1,-0.000373,-1,0.012152,2023
1673157600000,2023-01-08,explore,252,-1,0.005746,1,0.012119,2023
1673244000000,2023-01-09,explore,252,-1,0.010397,1,0.012103,2023
1673330400000,2023-01-10,explore,252,-1,0.002831,1,0.01215,2023
1673416800000,2023-01-11,explore,252,-1,0.003084,1,0.011887,2023
1673503200000,2023-01-12,explore,252,-1,-0.001776,-1,0.011612,2023
1673762400000,2023-01-15,explore,252,-1,-5.2e-05,-1,0.011352,2023
1673848800000,2023-01-16,explore,252,-1,-0.013424,-1,0.011298,2023
1673935200000,2023-01-17,explore,252,-1,-0.006433,-1,0.011412,2023
1674021600000,2023-01-18,explore,252,-1,0.015455,1,0.011405,2023
1674108000000,2023-01-19,explore,252,-1,0.010034,1,0.011305,2023
1674367200000,2023-01-22,explore,252,-1,-0.00078,-1,0.011308,2023
1674453600000,2023-01-23,explore,252,-1,-0.000156,-1,0.011195,2023
1674540000000,2023-01-24,explore,252,-1,0.009015,1,0.011163,2023
1674626400000,2023-01-25,explore,252,-1,0.001804,1,0.011193,2023
1674712800000,2023-01-26,explore,252,-1,-0.010715,-1,0.01093,2023
1674972000000,2023-01-29,explore,252,-1,0.011898,1,0.010991,2023
1675058400000,2023-01-30,explore,252,-1,0.008653,1,0.011073,2023
1675144800000,2023-01-31,explore,252,-1,0.01201,1,0.010763,2023
1675231200000,2023-02-01,explore,252,-1,-0.008854,-1,0.01077,2023
1675317600000,2023-02-02,explore,252,-1,-0.004942,-1,0.010771,2023
1675576800000,2023-02-05,explore,252,-1,0.010618,1,0.010764,2023
1675663200000,2023-02-06,explore,252,-1,-0.009189,-1,0.010825,2023
1675749600000,2023-02-07,explore,252,-1,-0.007936,-1,0.010649,2023
1675836000000,2023-02-08,explore,252,-1,0.001644,1,0.009182,2023
1675922400000,2023-02-09,explore,252,-1,0.009704,1,0.009129,2023
1676181600000,2023-02-12,explore,252,-1,-0.000356,-1,0.009156,2023
1676268000000,2023-02-13,explore,252,-1,0.00259,1,0.009118,2023
1676354400000,2023-02-14,explore,252,-1,-0.011938,-1,0.00908,2023
1676440800000,2023-02-15,explore,252,-1,-0.002518,-1,0.009206,2023
1676527200000,2023-02-16,explore,252,-1,-0.002421,-1,0.009202,2023
1676786400000,2023-02-19,explore,252,-1,-0.014546,-1,0.009197,2023
1676872800000,2023-02-20,explore,252,-1,-0.001414,-1,0.009281,2023
1676959200000,2023-02-21,explore,252,-1,0.004131,1,0.009261,2023
1677045600000,2023-02-22,explore,252,-1,-0.009017,-1,0.009273,2023
1677132000000,2023-02-23,explore,252,-1,0.002577,1,0.009336,2023
1677391200000,2023-02-26,explore,252,-1,-0.00263,-1,0.0092,2023
1677477600000,2023-02-27,explore,252,-1,-0.004011,-1,0.009204,2023
1677564000000,2023-02-28,explore,252,-1,0.005957,1,0.008652,2023
1677650400000,2023-03-01,explore,252,-1,0.013574,1,0.00869,2023
1677736800000,2023-03-02,explore,252,-1,0.00057,1,0.008866,2023
1677996000000,2023-03-05,explore,252,-1,-0.013093,-1,0.008664,2023
1678082400000,2023-03-06,explore,252,-1,0.001102,1,0.008685,2023
1678168800000,2023-03-07,explore,252,-1,-0.01586,-1,0.008683,2023
1678255200000,2023-03-08,explore,252,-1,-0.012278,-1,0.008876,2023
1678341600000,2023-03-09,explore,252,-1,-0.001836,-1,0.008974,2023
1678597200000,2023-03-11,explore,252,-1,0.014061,1,0.008842,2023
1678683600000,2023-03-13,explore,252,-1,-0.006255,-1,0.008992,2023
1678770000000,2023-03-14,explore,252,-1,0.014798,1,0.009003,2023
1678856400000,2023-03-15,explore,252,-1,-0.01009,-1,0.008783,2023
1678942800000,2023-03-16,explore,252,-1,0.007656,1,0.008779,2023
1679202000000,2023-03-19,explore,252,-1,0.011114,1,0.008778,2023
1679288400000,2023-03-20,explore,252,-1,-0.013766,-1,0.008882,2023
1679374800000,2023-03-21,explore,252,-1,0.001592,1,0.008935,2023
1679461200000,2023-03-22,explore,252,-1,0.004919,1,0.008797,2023
1679547600000,2023-03-23,explore,252,-1,0.001265,1,0.008801,2023
1679806800000,2023-03-26,explore,252,-1,-0.001213,-1,0.00879,2023
1679893200000,2023-03-27,explore,252,-1,0.011749,1,0.008686,2023
1679979600000,2023-03-28,explore,252,-1,0.004682,1,0.008635,2023
1680066000000,2023-03-29,explore,252,-1,0.011917,1,0.008644,2023
1680152400000,2023-03-30,explore,252,-1,0.003277,1,0.008745,2023
1680411600000,2023-04-02,explore,252,-1,-0.005073,-1,0.008724,2023
1680498000000,2023-04-03,explore,252,-1,-0.002984,-1,0.008651,2023
1680584400000,2023-04-04,explore,252,-1,0.003344,1,0.008359,2023
1680670800000,2023-04-05,explore,252,-1,0.002206,1,0.008366,2023
1680757200000,2023-04-06,explore,252,-1,-0.000461,-1,0.008343,2023
1681016400000,2023-04-09,explore,252,-1,-0.000205,-1,0.008248,2023
1681102800000,2023-04-10,explore,252,-1,-0.004317,-1,0.008242,2023
1681189200000,2023-04-11,explore,252,-1,0.010553,1,0.008255,2023
1681275600000,2023-04-12,explore,252,-1,0.000611,1,0.008352,2023
1681362000000,2023-04-13,explore,252,-1,0.001018,1,0.008352,2023
1681621200000,2023-04-16,explore,252,-1,-5.1e-05,-1,0.008162,2023
1681707600000,2023-04-17,explore,252,-1,0.000407,1,0.008112,2023
1681794000000,2023-04-18,explore,252,-1,-0.005303,-1,0.007891,2023
1681880400000,2023-04-19,explore,252,-1,0.000869,1,0.007829,2023
1681966800000,2023-04-20,explore,252,-1,0.000562,1,0.007828,2023
1682226000000,2023-04-23,explore,252,-1,-0.013622,-1,0.007828,2023
1682312400000,2023-04-24,explore,252,-1,-0.003578,-1,0.00794,2023
1682398800000,2023-04-25,explore,252,-1,0.016025,1,0.007949,2023
1682485200000,2023-04-26,explore,252,-1,0.00708,1,0.008088,2023
1682571600000,2023-04-27,explore,252,-1,-0.000558,-1,0.007999,2023
1682830800000,2023-04-30,explore,252,1,-0.010004,-1,0.007926,2023
1682917200000,2023-05-01,explore,252,1,-0.00602,-1,0.007875,2023
1683003600000,2023-05-02,explore,252,1,-0.006575,-1,0.007834,2023
1683090000000,2023-05-03,explore,252,1,0.015361,1,0.007852,2023
1683176400000,2023-05-04,explore,252,1,0.000511,1,0.00798,2023
1683435600000,2023-05-07,explore,252,1,-0.003842,-1,0.007897,2023
1683522000000,2023-05-08,explore,252,-1,0.003689,1,0.007847,2023
1683608400000,2023-05-09,explore,252,1,-0.001689,-1,0.007858,2023
1683694800000,2023-05-10,explore,252,1,-0.001179,-1,0.007763,2023
1683781200000,2023-05-11,explore,252,1,0.002459,1,0.007764,2023
1684040400000,2023-05-14,explore,252,1,-0.00554,-1,0.007764,2023
1684126800000,2023-05-15,explore,252,1,0.00993,1,0.007648,2023
1684213200000,2023-05-16,explore,252,1,0.008217,1,0.007743,2023
1684299600000,2023-05-17,explore,252,1,-0.001466,-1,0.007801,2023
1684386000000,2023-05-18,explore,252,-1,5.1e-05,1,0.00757,2023
1684645200000,2023-05-21,explore,252,-1,-0.009403,-1,0.007566,2023
1684731600000,2023-05-22,explore,252,-1,-0.006712,-1,0.007655,2023
1684818000000,2023-05-23,explore,252,-1,0.006916,1,0.007614,2023
1684904400000,2023-05-24,explore,252,-1,0.010866,1,0.007654,2023
1684990800000,2023-05-25,explore,252,1,0.00232,1,0.007755,2023
1685250000000,2023-05-28,explore,252,1,-0.001967,-1,0.007734,2023
1685336400000,2023-05-29,explore,252,-1,-0.00496,-1,0.007713,2023
1685422800000,2023-05-30,explore,252,-1,0.007582,1,0.007563,2023
1685509200000,2023-05-31,explore,252,1,0.012012,1,0.007618,2023
1685595600000,2023-06-01,explore,252,1,-0.001394,-1,0.007554,2023
1685854800000,2023-06-04,explore,252,1,0.001742,1,0.00756,2023
1685941200000,2023-06-05,explore,252,1,-0.003088,-1,0.007252,2023
1686027600000,2023-06-06,explore,252,1,0.004778,1,0.007069,2023
1686114000000,2023-06-07,explore,252,1,0.00129,1,0.007072,2023
1686200400000,2023-06-08,explore,252,1,0.007804,1,0.006882,2023
1686459600000,2023-06-11,explore,252,1,0.005642,1,0.006866,2023
1686546000000,2023-06-12,explore,252,1,0.000342,1,0.006671,2023
1686632400000,2023-06-13,explore,252,1,0.010266,1,0.006514,2023
1686718800000,2023-06-14,explore,252,1,-0.003394,-1,0.006562,2023
1686805200000,2023-06-15,explore,252,1,-0.001069,-1,0.006471,2023
1687064400000,2023-06-18,explore,252,1,-0.002629,-1,0.006189,2023
1687150800000,2023-06-19,explore,252,1,-0.004985,-1,0.00621,2023
1687237200000,2023-06-20,explore,252,1,0.002838,1,0.006243,2023
1687323600000,2023-06-21,explore,252,1,-0.006814,-1,0.006246,2023
1687410000000,2023-06-22,explore,252,1,-0.003696,-1,0.00632,2023
1687669200000,2023-06-25,explore,252,1,0.009533,1,0.0062,2023
1687755600000,2023-06-26,explore,252,1,-0.000245,-1,0.006277,2023
1687842000000,2023-06-27,explore,252,1,0.003565,1,0.006119,2023
1687928400000,2023-06-28,explore,252,1,0.010184,1,0.006121,2023
1688014800000,2023-06-29,explore,252,1,0.000772,1,0.006189,2023
1688274000000,2023-07-02,explore,252,1,-0.000338,-1,0.006168,2023
1688360400000,2023-07-03,explore,252,1,-0.001303,-1,0.006163,2023
1688446800000,2023-07-04,explore,252,1,-0.007124,-1,0.006168,2023
1688533200000,2023-07-05,explore,252,1,-0.002532,-1,0.006249,2023
1688619600000,2023-07-06,explore,252,1,0.001997,1,0.006262,2023
1688878800000,2023-07-09,explore,252,1,0.005677,1,0.006229,2023
1688965200000,2023-07-10,explore,252,1,0.006559,1,0.006137,2023
1689051600000,2023-07-11,explore,252,1,0.006898,1,0.006179,2023
1689138000000,2023-07-12,explore,252,1,-0.00129,-1,0.006225,2023
1689224400000,2023-07-13,explore,252,1,0.003245,1,0.00623,2023
1689483600000,2023-07-16,explore,252,1,0.006459,1,0.006236,2023
1689570000000,2023-07-17,explore,252,1,0.00175,1,0.00622,2023
1689656400000,2023-07-18,explore,252,1,-0.00583,-1,0.00622,2023
1689742800000,2023-07-19,explore,252,1,-0.000428,-1,0.006283,2023
1689829200000,2023-07-20,explore,252,1,0.003702,1,0.005996,2023
1690088400000,2023-07-23,explore,252,1,0.002366,1,0.00597,2023
1690174800000,2023-07-24,explore,252,1,-0.000142,-1,0.005673,2023
1690261200000,2023-07-25,explore,252,1,-0.005879,-1,0.005626,2023
1690347600000,2023-07-26,explore,252,1,0.008004,1,0.005691,2023
1690434000000,2023-07-27,explore,252,1,0.001508,1,0.005579,2023
1690693200000,2023-07-30,explore,252,1,-0.002499,-1,0.005499,2023
1690779600000,2023-07-31,explore,252,1,-0.012162,-1,0.005426,2023
1690866000000,2023-08-01,explore,252,1,-0.002968,-1,0.005401,2023
1690952400000,2023-08-02,explore,252,1,-0.004565,-1,0.005425,2023
1691038800000,2023-08-03,explore,252,1,0.007628,1,0.005436,2023
1691298000000,2023-08-06,explore,252,1,-0.003687,-1,0.00549,2023
1691384400000,2023-08-07,explore,252,1,-0.006304,-1,0.005512,2023
1691470800000,2023-08-08,explore,252,1,0.0,0,0.005583,2023
1691557200000,2023-08-09,explore,252,1,-0.000966,-1,0.00558,2023
1691643600000,2023-08-10,explore,252,1,0.004868,1,0.005525,2023
1691902800000,2023-08-13,explore,252,1,-0.010052,-1,0.005428,2023
1691989200000,2023-08-14,explore,252,1,-0.006627,-1,0.005519,2023
1692075600000,2023-08-15,explore,252,1,-0.006967,-1,0.005589,2023
1692162000000,2023-08-16,explore,252,1,-0.000345,-1,0.005668,2023
1692248400000,2023-08-17,explore,252,1,0.005844,1,0.005528,2023
1692507600000,2023-08-20,explore,252,1,-0.002598,-1,0.005487,2023
1692594000000,2023-08-21,explore,252,1,0.009333,1,0.005446,2023
1692680400000,2023-08-22,explore,252,1,-0.011938,-1,0.005403,2023
1692766800000,2023-08-23,explore,252,1,0.005546,1,0.005623,2023
1692853200000,2023-08-24,explore,252,1,0.005467,1,0.005653,2023
1693112400000,2023-08-27,explore,252,1,0.012481,1,0.005643,2023
1693198800000,2023-08-28,explore,252,1,0.00336,1,0.005772,2023
1693285200000,2023-08-29,explore,252,1,-0.001582,-1,0.0056,2023
1693371600000,2023-08-30,explore,252,1,0.001055,1,0.005601,2023
1693458000000,2023-08-31,explore,252,1,-0.000527,-1,0.0056,2023
1693717200000,2023-09-03,explore,252,1,-0.003123,-1,0.005582,2023
1693803600000,2023-09-04,explore,252,1,-0.005984,-1,0.005576,2023
1693890000000,2023-09-05,explore,252,1,-0.002957,-1,0.005634,2023
1693976400000,2023-09-06,explore,252,1,0.001067,1,0.005568,2023
1694062800000,2023-09-07,explore,252,1,0.005513,1,0.005526,2023
1694322000000,2023-09-10,explore,252,1,-0.00498,-1,0.005567,2023
1694408400000,2023-09-11,explore,252,1,0.000727,1,0.005454,2023
1694494800000,2023-09-12,explore,252,1,0.007239,1,0.005437,2023
1694581200000,2023-09-13,explore,252,1,-0.011024,-1,0.00551,2023
1694667600000,2023-09-14,explore,252,1,0.00068,1,0.005678,2023
1694926800000,2023-09-17,explore,252,1,-0.002237,-1,0.005642,2023
1695013200000,2023-09-18,explore,252,1,-0.008411,-1,0.005639,2023
1695099600000,2023-09-19,explore,252,1,-0.014841,-1,0.005674,2023
1695186000000,2023-09-20,explore,252,1,-0.002195,-1,0.005958,2023
1695272400000,2023-09-21,explore,252,1,0.00354,1,0.005833,2023
1695531600000,2023-09-24,explore,252,1,-0.012824,-1,0.005853,2023
1695618000000,2023-09-25,explore,252,1,-0.000252,-1,0.006041,2023
1695704400000,2023-09-26,explore,252,1,0.004829,1,0.005883,2023
1695790800000,2023-09-27,explore,252,1,-0.002412,-1,0.005922,2023
1695877200000,2023-09-28,explore,252,1,-0.000252,-1,0.005926,2023
1696136400000,2023-10-01,explore,252,1,-0.012048,-1,0.005925,2023
1696222800000,2023-10-02,explore,252,1,0.0067,1,0.006043,2023
1696309200000,2023-10-03,explore,252,1,-0.001418,-1,0.006111,2023
1696395600000,2023-10-04,explore,252,1,0.010232,1,0.006102,2023
1696482000000,2023-10-05,explore,252,1,0.005451,1,0.006205,2023
1696741200000,2023-10-08,explore,252,1,0.004528,1,0.006186,2023
1696827600000,2023-10-09,explore,252,1,0.003618,1,0.006147,2023
1696914000000,2023-10-10,explore,252,1,-0.005805,-1,0.006169,2023
1697000400000,2023-10-11,explore,252,1,-0.004638,-1,0.006185,2023
1697086800000,2023-10-12,explore,252,1,0.00871,1,0.006136,2023
1697346000000,2023-10-15,explore,252,1,0.000149,1,0.006245,2023
1697432400000,2023-10-16,explore,252,1,-0.011862,-1,0.006212,2023
1697518800000,2023-10-17,explore,252,1,-0.007903,-1,0.00637,2023
1697605200000,2023-10-18,explore,252,1,-0.011078,-1,0.006405,2023
1697691600000,2023-10-19,explore,252,1,-0.001381,-1,0.006513,2023
1697950800000,2023-10-22,explore,252,1,0.00602,1,0.006511,2023
1698037200000,2023-10-23,explore,252,1,-0.012591,-1,0.006548,2023
1698123600000,2023-10-24,explore,252,1,-0.011032,-1,0.006601,2023
1698210000000,2023-10-25,explore,252,1,-0.003913,-1,0.006701,2023
1698296400000,2023-10-26,explore,252,1,0.009988,1,0.006706,2023
1698555600000,2023-10-29,explore,252,1,0.005472,1,0.006725,2023
1698642000000,2023-10-30,explore,252,1,0.008969,1,0.006774,2023
1698728400000,2023-10-31,explore,252,1,0.016144,1,0.006877,2023
1698814800000,2023-11-01,explore,252,1,0.00805,1,0.007127,2023
1698901200000,2023-11-02,explore,252,1,0.001642,1,0.007203,2023
1699164000000,2023-11-05,explore,252,1,0.002334,1,0.007171,2023
1699250400000,2023-11-06,explore,252,1,0.000694,1,0.007179,2023
1699336800000,2023-11-07,explore,252,1,-0.007413,-1,0.007181,2023
1699423200000,2023-11-08,explore,252,1,0.013541,1,0.007202,2023
1699509600000,2023-11-09,explore,252,1,-0.001035,-1,0.007315,2023
1699768800000,2023-11-12,explore,252,1,0.016774,1,0.00727,2023
1699855200000,2023-11-13,explore,252,1,0.001599,1,0.007521,2023
1699941600000,2023-11-14,explore,252,1,0.000774,1,0.007522,2023
1700028000000,2023-11-15,explore,252,1,0.000822,1,0.007489,2023
1700114400000,2023-11-16,explore,252,1,0.006697,1,0.007481,2023
1700373600000,2023-11-19,explore,252,1,-0.002115,-1,0.007436,2023
1700460000000,2023-11-20,explore,252,1,0.003075,1,0.007279,2023
1700546400000,2023-11-21,explore,252,1,0.000432,1,0.007257,2023
1700632800000,2023-11-22,explore,252,1,-0.00024,-1,0.007227,2023
1700719200000,2023-11-23,explore,252,1,-0.001392,-1,0.007055,2023
1700978400000,2023-11-26,explore,252,1,0.000384,1,0.007045,2023
1701064800000,2023-11-27,explore,252,1,-0.00072,-1,0.007042,2023
1701151200000,2023-11-28,explore,252,1,0.003358,1,0.007041,2023
1701237600000,2023-11-29,explore,252,1,0.004587,1,0.007054,2023
1701324000000,2023-11-30,explore,252,1,-0.004634,-1,0.007065,2023
1701583200000,2023-12-03,explore,252,1,-0.000287,-1,0.007048,2023
1701669600000,2023-12-04,explore,252,1,-0.003647,-1,0.007037,2023
1701756000000,2023-12-05,explore,252,1,0.006422,1,0.007053,2023
1701842400000,2023-12-06,explore,252,1,0.003433,1,0.007065,2023
1701928800000,2023-12-07,explore,252,1,0.003469,1,0.007046,2023
1702188000000,2023-12-10,explore,252,1,0.003552,1,0.007057,2023
1702274400000,2023-12-11,explore,252,1,0.011936,1,0.007014,2023
1702360800000,2023-12-12,explore,252,1,0.002473,1,0.007014,2023
1702447200000,2023-12-13,explore,252,1,-0.001119,-1,0.007018,2023
1702533600000,2023-12-14,explore,252,1,0.004654,1,0.007012,2023
1702792800000,2023-12-17,explore,252,1,0.005048,1,0.006932,2023
1702879200000,2023-12-18,explore,252,1,-0.013113,-1,0.006651,2023
1702965600000,2023-12-19,explore,252,1,0.008761,1,0.006879,2023
1703052000000,2023-12-20,explore,252,1,0.001576,1,0.006941,2023
1703138400000,2023-12-21,explore,252,1,0.003653,1,0.006708,2023
1703484000000,2023-12-25,explore,252,1,0.001568,1,0.006711,2023
1703570400000,2023-12-26,explore,252,1,-0.00023,-1,0.006697,2023
1703656800000,2023-12-27,explore,252,1,-0.002261,-1,0.006683,2023
1703743200000,2023-12-28,explore,252,1,-0.006071,-1,0.006695,2023
1704088800000,2024-01-01,holdout,252,1,-0.007605,-1,0.006543,2024
1704175200000,2024-01-02,holdout,252,1,-0.00319,-1,0.006606,2024
1704261600000,2024-01-03,holdout,252,1,0.000986,1,0.006621,2024
1704348000000,2024-01-04,holdout,252,1,0.012409,1,0.006519,2024
1704607200000,2024-01-07,holdout,252,1,-0.001578,-1,0.006652,2024
1704693600000,2024-01-08,holdout,252,1,0.005095,1,0.006647,2024
1704780000000,2024-01-09,holdout,252,1,-0.000878,-1,0.006659,2024
1704866400000,2024-01-10,holdout,252,1,0.000185,1,0.006605,2024
1704952800000,2024-01-11,holdout,252,1,-0.000555,-1,0.006565,2024
1705212000000,2024-01-14,holdout,252,1,-0.002779,-1,0.006498,2024
1705298400000,2024-01-15,holdout,252,1,-0.005069,-1,0.006516,2024
1705384800000,2024-01-16,holdout,252,1,0.007432,1,0.006353,2024
1705471200000,2024-01-17,holdout,252,1,0.010724,1,0.006294,2024
1705557600000,2024-01-18,holdout,252,1,0.002104,1,0.006195,2024
1705816800000,2024-01-21,holdout,252,1,0.002555,1,0.006182,2024
1705903200000,2024-01-22,holdout,252,1,0.000547,1,0.006159,2024
1705989600000,2024-01-23,holdout,252,1,0.004589,1,0.005882,2024
1706076000000,2024-01-24,holdout,252,1,-0.00127,-1,0.005651,2024
1706162400000,2024-01-25,holdout,252,1,0.006921,1,0.005615,2024
1706421600000,2024-01-28,holdout,252,1,-0.000631,-1,0.005559,2024
1706508000000,2024-01-29,holdout,252,1,-0.014631,-1,0.005554,2024
1706594400000,2024-01-30,holdout,252,1,0.010563,1,0.00587,2024
1706680800000,2024-01-31,holdout,252,1,0.009332,1,0.005689,2024
1706767200000,2024-02-01,holdout,252,1,-0.003281,-1,0.005714,2024
1707026400000,2024-02-04,holdout,252,1,0.002293,1,0.005748,2024
1707112800000,2024-02-05,holdout,252,1,0.00725,1,0.005748,2024
1707199200000,2024-02-06,holdout,252,1,0.000446,1,0.005791,2024
1707285600000,2024-02-07,holdout,252,1,0.004669,1,0.005675,2024
1707372000000,2024-02-08,holdout,252,1,-0.000488,-1,0.005486,2024
1707631200000,2024-02-11,holdout,252,1,-0.012506,-1,0.005482,2024
1707717600000,2024-02-12,holdout,252,1,0.008369,1,0.005422,2024
1707804000000,2024-02-13,holdout,252,1,0.005068,1,0.005497,2024
1707890400000,2024-02-14,holdout,252,1,-0.004756,-1,0.005516,2024
1707976800000,2024-02-15,holdout,252,1,0.000846,1,0.00557,2024
1708236000000,2024-02-18,holdout,252,1,-0.005894,-1,0.005527,2024
1708322400000,2024-02-19,holdout,252,1,0.00085,1,0.005584,2024
1708408800000,2024-02-20,holdout,252,1,0.018003,1,0.005579,2024
1708495200000,2024-02-21,holdout,252,1,0.000659,1,0.00597,2024
1708581600000,2024-02-22,holdout,252,1,-0.00374,-1,0.005967,2024
1708840800000,2024-02-25,holdout,252,1,0.001718,1,0.005992,2024
1708927200000,2024-02-26,holdout,252,1,-0.001585,-1,0.005991,2024
1709013600000,2024-02-27,holdout,252,1,0.004003,1,0.005997,2024
1709100000000,2024-02-28,holdout,252,1,0.007391,1,0.006001,2024
1709186400000,2024-02-29,holdout,252,1,-0.001352,-1,0.006035,2024
1709445600000,2024-03-03,holdout,252,1,-0.009205,-1,0.005996,2024
1709532000000,2024-03-04,holdout,252,1,0.004569,1,0.006142,2024
1709618400000,2024-03-05,holdout,252,1,0.008729,1,0.006122,2024
1709704800000,2024-03-06,holdout,252,1,-0.005709,-1,0.006158,2024
1709791200000,2024-03-07,holdout,252,1,-0.001312,-1,0.00622,2024
1710046800000,2024-03-09,holdout,252,1,0.009668,1,0.006223,2024
1710133200000,2024-03-11,holdout,252,1,-0.001518,-1,0.006306,2024
1710219600000,2024-03-12,holdout,252,1,-0.002521,-1,0.006169,2024
1710306000000,2024-03-13,holdout,252,1,-0.006155,-1,0.006184,2024
1710392400000,2024-03-14,holdout,252,1,0.005589,1,0.006245,2024
1710651600000,2024-03-17,holdout,252,1,0.004691,1,0.006255,2024
1710738000000,2024-03-18,holdout,252,1,0.00777,1,0.006251,2024
1710824400000,2024-03-19,holdout,252,1,0.002705,1,0.00604,2024
1710910800000,2024-03-20,holdout,252,1,-0.001588,-1,0.005968,2024
1710997200000,2024-03-21,holdout,252,1,-0.002581,-1,0.005979,2024
1711256400000,2024-03-24,holdout,252,1,-0.002242,-1,0.005989,2024
1711342800000,2024-03-25,holdout,252,1,0.007396,1,0.006003,2024
1711429200000,2024-03-26,holdout,252,1,4.3e-05,1,0.006054,2024
1711515600000,2024-03-27,holdout,252,1,-0.002273,-1,0.00604,2024
1711861200000,2024-03-31,holdout,252,1,-0.005986,-1,0.005985,2024
1711947600000,2024-04-01,holdout,252,1,0.001036,1,0.00595,2024
1712034000000,2024-04-02,holdout,252,1,-0.012025,-1,0.005922,2024
1712120400000,2024-04-03,holdout,252,1,0.009692,1,0.006157,2024
1712206800000,2024-04-04,holdout,252,1,4.3e-05,1,0.006086,2024
1712466000000,2024-04-07,holdout,252,1,0.00121,1,0.006078,2024
1712552400000,2024-04-08,holdout,252,1,-0.009113,-1,0.006057,2024
1712638800000,2024-04-09,holdout,252,1,0.006171,1,0.006187,2024
1712725200000,2024-04-10,holdout,252,1,-0.013215,-1,0.006221,2024
1712811600000,2024-04-11,holdout,252,1,-0.011214,-1,0.006472,2024
1713070800000,2024-04-14,holdout,252,1,-0.002044,-1,0.006634,2024
1713157200000,2024-04-15,holdout,252,1,-0.005398,-1,0.006602,2024
1713243600000,2024-04-16,holdout,252,1,-0.002373,-1,0.00659,2024
1713330000000,2024-04-17,holdout,252,1,-0.008148,-1,0.006469,2024
1713416400000,2024-04-18,holdout,252,1,0.007879,1,0.006552,2024
1713675600000,2024-04-21,holdout,252,1,0.010528,1,0.006618,2024
1713762000000,2024-04-22,holdout,252,1,0.000177,1,0.006743,2024
1713848400000,2024-04-23,holdout,252,1,-0.004491,-1,0.006722,2024
1713934800000,2024-04-24,holdout,252,1,0.008742,1,0.006747,2024
1714021200000,2024-04-25,holdout,252,1,0.002735,1,0.006779,2024
1714280400000,2024-04-28,holdout,252,1,-0.0142,-1,0.006785,2024
1714366800000,2024-04-29,holdout,252,1,-0.003671,-1,0.00677,2024
1714453200000,2024-04-30,holdout,252,1,0.008042,1,0.006661,2024
1714539600000,2024-05-01,holdout,252,1,0.011195,1,0.006634,2024
1714626000000,2024-05-02,holdout,252,1,0.009067,1,0.006764,2024
1714885200000,2024-05-05,holdout,252,1,0.001264,1,0.006848,2024
1714971600000,2024-05-06,holdout,252,1,-0.000174,-1,0.006794,2024
1715058000000,2024-05-07,holdout,252,1,0.004563,1,0.006794,2024
1715144400000,2024-05-08,holdout,252,1,0.001257,1,0.006793,2024
1715230800000,2024-05-09,holdout,252,1,-0.00013,-1,0.006793,2024
1715490000000,2024-05-12,holdout,252,1,0.004149,1,0.00659,2024
1715576400000,2024-05-13,holdout,252,1,0.010895,1,0.006531,2024
1715662800000,2024-05-14,holdout,252,1,-0.002178,-1,0.006637,2024
1715749200000,2024-05-15,holdout,252,1,0.001196,1,0.006611,2024
1715835600000,2024-05-16,holdout,252,1,0.000768,1,0.006611,2024
1716094800000,2024-05-19,holdout,252,1,0.002302,1,0.006558,2024
1716181200000,2024-05-20,holdout,252,1,-0.002942,-1,0.006561,2024
1716267600000,2024-05-21,holdout,252,1,-0.007328,-1,0.006195,2024
1716354000000,2024-05-22,holdout,252,1,0.006217,1,0.006272,2024
1716440400000,2024-05-23,holdout,252,1,0.002135,1,0.006293,2024
1716699600000,2024-05-26,holdout,252,1,-0.001579,-1,0.006294,2024
1716786000000,2024-05-27,holdout,252,1,-0.006988,-1,0.006294,2024
1716872400000,2024-05-28,holdout,252,1,-0.005349,-1,0.006348,2024
1716958800000,2024-05-29,holdout,252,1,0.007326,1,0.006322,2024
1717045200000,2024-05-30,holdout,252,1,0.000301,1,0.006383,2024
1717304400000,2024-06-02,holdout,252,1,0.001158,1,0.006267,2024
1717390800000,2024-06-03,holdout,252,1,0.010577,1,0.006246,2024
1717477200000,2024-06-04,holdout,252,1,-0.000339,-1,0.00629,2024
1717563600000,2024-06-05,holdout,252,1,-0.001401,-1,0.006242,2024
1717650000000,2024-06-06,holdout,252,1,0.002631,1,0.006243,2024
1717909200000,2024-06-09,holdout,252,1,0.002159,1,0.006137,2024
1717995600000,2024-06-10,holdout,252,1,0.007332,1,0.006137,2024
1718082000000,2024-06-11,holdout,252,1,0.001846,1,0.006186,2024
1718168400000,2024-06-12,holdout,252,1,-0.000168,-1,0.006128,2024
1718254800000,2024-06-13,holdout,252,1,0.007392,1,0.006096,2024
1718514000000,2024-06-16,holdout,252,1,0.002244,1,0.006135,2024
1718600400000,2024-06-17,holdout,252,1,0.000332,1,0.006071,2024
1718686800000,2024-06-18,holdout,252,1,-0.002868,-1,0.006064,2024
1718773200000,2024-06-19,holdout,252,1,-0.001708,-1,0.006074,2024
1718859600000,2024-06-20,holdout,252,1,-0.002881,-1,0.006068,2024
1719118800000,2024-06-23,holdout,252,1,0.003339,1,0.006073,2024
1719205200000,2024-06-24,holdout,252,1,0.001083,1,0.00602,2024
1719291600000,2024-06-25,holdout,252,1,0.000416,1,0.00602,2024
1719378000000,2024-06-26,holdout,252,1,-0.004086,-1,0.00601,2024
1719464400000,2024-06-27,holdout,252,1,0.002045,1,0.005982,2024
1719723600000,2024-06-30,holdout,252,1,0.00582,1,0.005984,2024
1719810000000,2024-07-01,holdout,252,1,0.003558,1,0.005799,2024
1719896400000,2024-07-02,holdout,252,1,-0.000289,-1,0.005699,2024
1719982800000,2024-07-03,holdout,252,1,0.005439,1,0.005699,2024
1720069200000,2024-07-04,holdout,252,1,0.000616,1,0.00573,2024
1720328400000,2024-07-07,holdout,252,1,0.000985,1,0.005588,2024
1720414800000,2024-07-08,holdout,252,1,0.00927,1,0.005548,2024
1720501200000,2024-07-09,holdout,252,1,-0.007876,-1,0.005347,2024
1720587600000,2024-07-10,holdout,252,1,0.004088,1,0.005237,2024
1720674000000,2024-07-11,holdout,252,1,0.002974,1,0.005232,2024
1720933200000,2024-07-14,holdout,252,1,0.005558,1,0.005163,2024
1721019600000,2024-07-15,holdout,252,1,-0.012743,-1,0.005163,2024
1721106000000,2024-07-16,holdout,252,1,-0.00732,-1,0.005333,2024
1721192400000,2024-07-17,holdout,252,1,-0.00675,-1,0.005386,2024
1721278800000,2024-07-18,holdout,252,1,0.00943,1,0.00535,2024
1721538000000,2024-07-21,holdout,252,1,-0.001895,-1,0.005451,2024
1721624400000,2024-07-22,holdout,252,1,-0.021216,-1,0.005417,2024
1721710800000,2024-07-23,holdout,252,1,-0.005195,-1,0.006028,2024
1721797200000,2024-07-24,holdout,252,1,0.009734,1,0.006069,2024
1721883600000,2024-07-25,holdout,252,1,0.000671,1,0.005871,2024
1722142800000,2024-07-28,holdout,252,1,-0.005126,-1,0.005841,2024
1722229200000,2024-07-29,holdout,252,1,0.014303,1,0.005823,2024
1722315600000,2024-07-30,holdout,252,1,-0.012998,-1,0.005924,2024
1722402000000,2024-07-31,holdout,252,1,-0.017698,-1,0.006085,2024
1722488400000,2024-08-01,holdout,252,1,-0.027523,-1,0.006505,2024
1722747600000,2024-08-04,holdout,252,1,0.008546,1,0.007387,2024
1722834000000,2024-08-05,holdout,252,1,-0.006787,-1,0.007445,2024
1722920400000,2024-08-06,holdout,252,1,0.020999,1,0.00749,2024
1723006800000,2024-08-07,holdout,252,1,0.003779,1,0.007954,2024
1723093200000,2024-08-08,holdout,252,1,-8.6e-05,-1,0.007951,2024
1723352400000,2024-08-11,holdout,252,1,0.014596,1,0.00783,2024
1723438800000,2024-08-12,holdout,252,1,0.003626,1,0.008039,2024
1723525200000,2024-08-13,holdout,252,1,0.015122,1,0.00805,2024
1723611600000,2024-08-14,holdout,252,1,0.001781,1,0.008266,2024
1723698000000,2024-08-15,holdout,252,1,0.00853,1,0.008264,2024
1723957200000,2024-08-18,holdout,252,1,-0.001684,-1,0.008315,2024
1724043600000,2024-08-19,holdout,252,1,0.00357,1,0.008258,2024
1724130000000,2024-08-20,holdout,252,1,-0.007812,-1,0.008236,2024
1724216400000,2024-08-21,holdout,252,1,0.009613,1,0.008303,2024
1724302800000,2024-08-22,holdout,252,1,-0.002538,-1,0.008376,2024
1724562000000,2024-08-25,holdout,252,1,0.00127,1,0.008329,2024
1724648400000,2024-08-26,holdout,252,1,-0.005665,-1,0.008292,2024
1724734800000,2024-08-27,holdout,252,1,-4.1e-05,-1,0.008291,2024
1724821200000,2024-08-28,holdout,252,1,0.008363,1,0.008291,2024
1724907600000,2024-08-29,holdout,252,1,0.000653,1,0.008348,2024
1725166800000,2024-09-01,holdout,252,1,-0.020319,-1,0.008253,2024
1725253200000,2024-09-02,holdout,252,1,-0.001959,-1,0.008664,2024
1725339600000,2024-09-03,holdout,252,1,-0.002966,-1,0.008666,2024
1725426000000,2024-09-04,holdout,252,1,-0.015645,-1,0.00867,2024
1725512400000,2024-09-05,holdout,252,1,0.010149,1,0.008893,2024
1725771600000,2024-09-08,holdout,252,1,0.004115,1,0.008938,2024
1725858000000,2024-09-09,holdout,252,1,0.009549,1,0.00895,2024
1725944400000,2024-09-10,holdout,252,1,0.006783,1,0.00903,2024
1726030800000,2024-09-11,holdout,252,1,0.004524,1,0.009023,2024
1726117200000,2024-09-12,holdout,252,1,0.001435,1,0.009036,2024
1726376400000,2024-09-15,holdout,252,1,0.000164,1,0.009037,2024
1726462800000,2024-09-16,holdout,252,1,-0.003324,-1,0.009029,2024
1726549200000,2024-09-17,holdout,252,1,0.015985,1,0.009037,2024
1726635600000,2024-09-18,holdout,252,1,-0.002592,-1,0.009242,2024
1726722000000,2024-09-19,holdout,252,1,0.00239,1,0.009244,2024
1726981200000,2024-09-22,holdout,252,1,0.002465,1,0.009247,2024
1727067600000,2024-09-23,holdout,252,1,-0.002101,-1,0.00925,2024
1727154000000,2024-09-24,holdout,252,1,0.004117,1,0.009238,2024
1727240400000,2024-09-25,holdout,252,1,-0.002137,-1,0.009247,2024
1727326800000,2024-09-26,holdout,252,1,0.003707,1,0.009228,2024
1727586000000,2024-09-29,holdout,252,1,-0.008806,-1,0.009229,2024
1727672400000,2024-09-30,holdout,252,1,8.1e-05,1,0.009301,2024
1727758800000,2024-10-01,holdout,252,1,-0.001746,-1,0.009278,2024
1727845200000,2024-10-02,holdout,252,1,0.008176,1,0.009281,2024
1727931600000,2024-10-03,holdout,252,1,-0.008949,-1,0.009335,2024
1728190800000,2024-10-06,holdout,252,1,0.008666,1,0.009335,2024
1728277200000,2024-10-07,holdout,252,1,0.006912,1,0.009342,2024
1728363600000,2024-10-08,holdout,252,1,-0.001964,-1,0.009368,2024
1728450000000,2024-10-09,holdout,252,1,0.004923,1,0.009366,2024
1728536400000,2024-10-10,holdout,252,1,0.007716,1,0.00936,2024
1728795600000,2024-10-13,holdout,252,1,-0.007237,-1,0.009258,2024
1728882000000,2024-10-14,holdout,252,1,0.003864,1,0.009257,2024
1728968400000,2024-10-15,holdout,252,1,0.0,0,0.009219,2024
1729054800000,2024-10-16,holdout,252,1,0.003017,1,0.009151,2024
1729141200000,2024-10-17,holdout,252,1,-0.001547,-1,0.009151,2024
1729400400000,2024-10-20,holdout,252,1,-0.000596,-1,0.008719,2024
1729486800000,2024-10-21,holdout,252,1,-0.008736,-1,0.008686,2024
1729573200000,2024-10-22,holdout,252,1,0.001801,1,0.008698,2024
1729659600000,2024-10-23,holdout,252,1,-0.00048,-1,0.008699,2024
1729746000000,2024-10-24,holdout,252,1,0.002478,1,0.008668,2024
1730005200000,2024-10-27,holdout,252,1,0.001516,1,0.008498,2024
1730091600000,2024-10-28,holdout,252,1,-0.003034,-1,0.008318,2024
1730178000000,2024-10-29,holdout,252,1,-0.018316,-1,0.007989,2024
1730264400000,2024-10-30,holdout,252,1,0.003211,1,0.007528,2024
1730350800000,2024-10-31,holdout,252,1,-0.002438,-1,0.007474,2024
1730613600000,2024-11-03,holdout,252,1,0.011166,1,0.007419,2024
1730700000000,2024-11-04,holdout,252,1,0.023224,1,0.007093,2024
1730786400000,2024-11-05,holdout,252,1,0.007129,1,0.007616,2024
1730872800000,2024-11-06,holdout,252,1,0.003351,1,0.007648,2024
1730959200000,2024-11-07,holdout,252,1,0.001011,1,0.007466,2024
1731218400000,2024-11-10,holdout,252,1,-0.002919,-1,0.007461,2024
1731304800000,2024-11-11,holdout,252,1,0.000468,1,0.007264,2024
1731391200000,2024-11-12,holdout,252,1,-0.005899,-1,0.007264,2024
1731477600000,2024-11-13,holdout,252,1,-0.012896,-1,0.007248,2024
1731564000000,2024-11-14,holdout,252,1,0.003724,1,0.007444,2024
1731823200000,2024-11-17,holdout,252,1,0.002962,1,0.007445,2024
1731909600000,2024-11-18,holdout,252,1,-0.000158,-1,0.007373,2024
1731996000000,2024-11-19,holdout,252,1,0.005153,1,0.007285,2024
1732082400000,2024-11-20,holdout,252,1,0.002586,1,0.007297,2024
1732168800000,2024-11-21,holdout,252,1,0.003048,1,0.0073,2024
1732428000000,2024-11-24,holdout,252,1,0.004942,1,0.00726,2024
1732514400000,2024-11-25,holdout,252,1,-0.003617,-1,0.007277,2024
1732600800000,2024-11-26,holdout,252,1,0.002296,1,0.007236,2024
1732687200000,2024-11-27,holdout,252,1,0.003376,1,0.007239,2024
1732773600000,2024-11-28,holdout,252,1,0.001587,1,0.006723,2024
1733032800000,2024-12-01,holdout,252,1,0.000232,1,0.006711,2024
1733119200000,2024-12-02,holdout,252,1,0.005438,1,0.006691,2024
1733205600000,2024-12-03,holdout,252,1,-0.001501,-1,0.006351,2024
1733292000000,2024-12-04,holdout,252,1,0.001578,1,0.006267,2024
1733378400000,2024-12-05,holdout,252,1,-0.005128,-1,0.006257,2024
1733637600000,2024-12-08,holdout,252,1,-0.00302,-1,0.00622,2024
1733724000000,2024-12-09,holdout,252,1,0.007186,1,0.006199,2024
1733810400000,2024-12-10,holdout,252,1,-0.004939,-1,0.006233,2024
1733896800000,2024-12-11,holdout,252,1,-0.000813,-1,0.006277,2024
1733983200000,2024-12-12,holdout,252,1,0.00371,1,0.006281,2024
1734242400000,2024-12-15,holdout,252,1,-0.003478,-1,0.006267,2024
1734328800000,2024-12-16,holdout,252,1,-0.02938,-1,0.00599,2024
1734415200000,2024-12-17,holdout,252,1,-0.000997,-1,0.007079,2024
1734501600000,2024-12-18,holdout,252,1,0.010755,1,0.007076,2024
1734588000000,2024-12-19,holdout,252,1,0.005393,1,0.007195,2024
1734847200000,2024-12-22,holdout,252,1,0.00969,1,0.007215,2024
1734933600000,2024-12-23,holdout,252,1,-0.000428,-1,0.007294,2024
1735106400000,2024-12-25,holdout,252,1,-0.010676,-1,0.007287,2024
1735192800000,2024-12-26,holdout,252,1,-0.010792,-1,0.007412,2024
1735452000000,2024-12-29,holdout,252,1,-0.003663,-1,0.007456,2024
1735538400000,2024-12-30,holdout,252,1,-0.003076,-1,0.007473,2024
1735711200000,2025-01-01,holdout,252,1,0.011616,1,0.007481,2025
1735797600000,2025-01-02,holdout,252,1,0.004892,1,0.007552,2025
1736056800000,2025-01-05,holdout,252,1,-0.010485,-1,0.007479,2025
1736143200000,2025-01-06,holdout,252,1,0.000795,1,0.007532,2025
1736229600000,2025-01-07,holdout,252,1,0.0,0,0.007483,2025
1736316000000,2025-01-08,holdout,252,1,-0.014894,-1,0.007479,2025
1736402400000,2025-01-09,holdout,252,1,0.00133,1,0.007688,2025
1736661600000,2025-01-12,holdout,252,1,0.001248,1,0.007625,2025
1736748000000,2025-01-13,holdout,252,1,0.017034,1,0.007574,2025
1736834400000,2025-01-14,holdout,252,1,-0.002138,-1,0.007863,2025
1736920800000,2025-01-15,holdout,252,1,0.009154,1,0.007868,2025
1737007200000,2025-01-16,holdout,252,1,0.003411,1,0.007943,2025
1737266400000,2025-01-19,holdout,252,1,0.00453,1,0.00795,2025
1737352800000,2025-01-20,holdout,252,1,0.005634,1,0.007968,2025
1737439200000,2025-01-21,holdout,252,1,0.00487,1,0.00791,2025
1737525600000,2025-01-22,holdout,252,1,-0.002896,-1,0.007928,2025
1737612000000,2025-01-23,holdout,252,1,-0.013471,-1,0.007939,2025
1737871200000,2025-01-26,holdout,252,1,0.007847,1,0.008128,2025
1737957600000,2025-01-27,holdout,252,1,-0.0046,-1,0.008182,2025
1738044000000,2025-01-28,holdout,252,1,0.004949,1,0.008195,2025
1738130400000,2025-01-29,holdout,252,1,-0.004989,-1,0.007857,2025
1738216800000,2025-01-30,holdout,252,1,-0.007057,-1,0.007883,2025
1738476000000,2025-02-02,holdout,252,1,0.006393,1,0.007933,2025
1738562400000,2025-02-03,holdout,252,1,0.003668,1,0.007853,2025
1738648800000,2025-02-04,holdout,252,1,0.003034,1,0.007306,2025
1738735200000,2025-02-05,holdout,252,1,-0.008815,-1,0.007261,2025
1738821600000,2025-02-06,holdout,252,1,0.006132,1,0.007334,2025
1739080800000,2025-02-09,holdout,252,1,0.000545,1,0.007374,2025
1739167200000,2025-02-10,holdout,252,1,-0.00304,-1,0.007365,2025
1739253600000,2025-02-11,holdout,252,1,0.009712,1,0.007375,2025
1739340000000,2025-02-12,holdout,252,1,-0.000503,-1,0.007437,2025
1739426400000,2025-02-13,holdout,252,1,0.002164,1,0.007246,2025
1739685600000,2025-02-16,holdout,252,1,0.000116,1,0.007237,2025
1739772000000,2025-02-17,holdout,252,1,0.002505,1,0.00723,2025
1739858400000,2025-02-18,holdout,252,1,-0.004089,-1,0.007235,2025
1739944800000,2025-02-19,holdout,252,1,-0.01676,-1,0.00723,2025
1740031200000,2025-02-20,holdout,252,1,-0.004451,-1,0.007533,2025
1740290400000,2025-02-23,holdout,252,1,-0.004868,-1,0.007542,2025
1740376800000,2025-02-24,holdout,252,1,0.000119,1,0.007536,2025
1740463200000,2025-02-25,holdout,252,1,-0.015108,-1,0.007524,2025
1740549600000,2025-02-26,holdout,252,1,0.013917,1,0.007744,2025
1740636000000,2025-02-27,holdout,252,1,-0.016417,-1,0.007942,2025
1740895200000,2025-03-02,holdout,252,1,-0.011573,-1,0.00819,2025
1740981600000,2025-03-03,holdout,252,1,0.010038,1,0.008303,2025
1741068000000,2025-03-04,holdout,252,1,-0.017129,-1,0.008379,2025
1741154400000,2025-03-05,holdout,252,1,0.004883,1,0.008628,2025
1741240800000,2025-03-06,holdout,252,1,-0.025748,-1,0.008654,2025
1741496400000,2025-03-08,holdout,252,1,-0.007377,-1,0.009187,2025
1741582800000,2025-03-10,holdout,252,1,0.004686,1,0.009216,2025
1741669200000,2025-03-11,holdout,252,1,-0.013099,-1,0.009184,2025
1741755600000,2025-03-12,holdout,252,1,0.019019,1,0.009291,2025
1741842000000,2025-03-13,holdout,252,1,0.006676,1,0.009646,2025
1742101200000,2025-03-16,holdout,252,1,-0.010535,-1,0.009678,2025
1742187600000,2025-03-17,holdout,252,1,0.010119,1,0.009745,2025
1742274000000,2025-03-18,holdout,252,1,-0.002833,-1,0.009163,2025
1742360400000,2025-03-19,holdout,252,1,0.000917,1,0.009167,2025
1742446800000,2025-03-20,holdout,252,1,0.016085,1,0.009052,2025
1742706000000,2025-03-23,holdout,252,1,0.001803,1,0.009269,2025
1742792400000,2025-03-24,holdout,252,1,-0.011034,-1,0.009179,2025
1742878800000,2025-03-25,holdout,252,1,-0.003359,-1,0.009268,2025
1742965200000,2025-03-26,holdout,252,1,-0.019504,-1,0.009191,2025
1743051600000,2025-03-27,holdout,252,1,0.005112,1,0.009405,2025
1743310800000,2025-03-30,holdout,252,1,0.003576,1,0.00943,2025
1743397200000,2025-03-31,holdout,252,1,0.006321,1,0.009442,2025
1743483600000,2025-04-01,holdout,252,1,-0.047773,-1,0.009354,2025
1743570000000,2025-04-02,holdout,252,1,-0.058117,-1,0.011034,2025
1743656400000,2025-04-03,holdout,252,-1,-0.002415,-1,0.013088,2025
1743915600000,2025-04-06,holdout,252,-1,-0.014425,-1,0.013081,2025
1744002000000,2025-04-07,holdout,252,-1,0.085103,1,0.013163,2025
1744088400000,2025-04-08,holdout,252,1,-0.033303,-1,0.017109,2025
1744174800000,2025-04-09,holdout,252,1,0.015865,1,0.017579,2025
1744261200000,2025-04-10,holdout,252,1,0.008692,1,0.017714,2025
1744520400000,2025-04-13,holdout,252,1,-0.002188,-1,0.017604,2025
1744606800000,2025-04-14,holdout,252,1,-0.021697,-1,0.017604,2025
1744693200000,2025-04-15,holdout,252,-1,0.001253,1,0.017729,2025
1744779600000,2025-04-16,holdout,252,-1,-0.023156,-1,0.017721,2025
1745125200000,2025-04-20,holdout,252,-1,0.023513,1,0.017896,2025
1745211600000,2025-04-21,holdout,252,-1,0.015433,1,0.018167,2025
1745298000000,2025-04-22,holdout,252,1,0.019091,1,0.018283,2025
1745384400000,2025-04-23,holdout,252,1,0.006627,1,0.018476,2025
1745470800000,2025-04-24,holdout,252,1,0.000557,1,0.018444,2025
1745730000000,2025-04-27,holdout,252,1,0.005259,1,0.018407,2025
1745816400000,2025-04-28,holdout,252,1,0.000554,1,0.018423,2025
1745902800000,2025-04-29,holdout,252,1,0.00616,1,0.018407,2025
1745989200000,2025-04-30,holdout,252,1,0.014423,1,0.018426,2025
1746075600000,2025-05-01,holdout,252,1,-0.00624,-1,0.018516,2025
1746334800000,2025-05-04,holdout,252,1,-0.00776,-1,0.018504,2025
1746421200000,2025-05-05,holdout,252,1,0.004436,1,0.018512,2025
1746507600000,2025-05-06,holdout,252,1,0.005464,1,0.018518,2025
1746594000000,2025-05-07,holdout,252,1,-0.001091,-1,0.018512,2025
1746680400000,2025-05-08,holdout,252,1,0.030908,1,0.018489,2025
1746939600000,2025-05-11,holdout,252,1,0.006408,1,0.018925,2025
1747026000000,2025-05-12,holdout,252,1,0.000647,1,0.018944,2025
1747112400000,2025-05-13,holdout,252,1,0.003992,1,0.018899,2025
1747198800000,2025-05-14,holdout,252,1,0.006778,1,0.018908,2025
1747285200000,2025-05-15,holdout,252,1,0.001119,1,0.018928,2025
1747544400000,2025-05-18,holdout,252,1,-0.00364,-1,0.018929,2025
1747630800000,2025-05-19,holdout,252,1,-0.015914,-1,0.018929,2025
1747717200000,2025-05-20,holdout,252,1,-0.000733,-1,0.019022,2025
1747803600000,2025-05-21,holdout,252,1,-0.006499,-1,0.018913,2025
1747890000000,2025-05-22,holdout,252,1,0.012066,1,0.018921,2025
1748149200000,2025-05-25,holdout,252,1,0.006985,1,0.01898,2025
1748235600000,2025-05-26,holdout,252,1,-0.005083,-1,0.019002,2025
1748322000000,2025-05-27,holdout,252,1,0.00323,1,0.018917,2025
1748408400000,2025-05-28,holdout,252,1,-0.001089,-1,0.018838,2025
1748494800000,2025-05-29,holdout,252,1,0.005032,1,0.018724,2025
1748754000000,2025-06-01,holdout,252,1,0.005486,1,0.018675,2025
1748840400000,2025-06-02,holdout,252,1,-8e-05,-1,0.018645,2025
1748926800000,2025-06-03,holdout,252,1,-0.005607,-1,0.018513,2025
1749013200000,2025-06-04,holdout,252,1,0.009711,1,0.01852,2025
1749099600000,2025-06-05,holdout,252,1,0.000557,1,0.018252,2025
1749358800000,2025-06-08,holdout,252,1,0.00551,1,0.018222,2025
1749445200000,2025-06-09,holdout,252,1,-0.002533,-1,0.018225,2025
1749531600000,2025-06-10,holdout,252,1,0.003244,1,0.018141,2025
1749618000000,2025-06-11,holdout,252,1,-0.011162,-1,0.017999,2025
1749704400000,2025-06-12,holdout,252,1,0.009343,1,0.018048,2025
1749963600000,2025-06-15,holdout,252,1,-0.008146,-1,0.018023,2025
1750050000000,2025-06-16,holdout,252,1,-0.000678,-1,0.01802,2025
1750136400000,2025-06-17,holdout,252,1,-0.008983,-1,0.018015,2025
1750222800000,2025-06-18,holdout,252,1,0.006385,1,0.018057,2025
1750309200000,2025-06-19,holdout,252,1,0.009402,1,0.017963,2025
1750568400000,2025-06-22,holdout,252,1,0.010924,1,0.017998,2025
1750654800000,2025-06-23,holdout,252,1,0.000118,1,0.017984,2025
1750741200000,2025-06-24,holdout,252,1,0.007502,1,0.017976,2025
1750827600000,2025-06-25,holdout,252,1,0.004466,1,0.017802,2025
1750914000000,2025-06-26,holdout,252,1,0.004639,1,0.0178,2025
1751173200000,2025-06-29,holdout,252,1,-0.000772,-1,0.017803,2025
1751259600000,2025-06-30,holdout,252,1,0.004045,1,0.017793,2025
1751346000000,2025-07-01,holdout,252,1,0.007545,1,0.016652,2025
1751432400000,2025-07-02,holdout,252,1,-0.006239,-1,0.014774,2025
1751518800000,2025-07-03,holdout,252,1,-0.001153,-1,0.014805,2025
1751778000000,2025-07-06,holdout,252,1,-0.000615,-1,0.014646,2025
1751864400000,2025-07-07,holdout,252,1,0.005409,1,0.010238,2025
1751950800000,2025-07-08,holdout,252,1,0.002598,1,0.009201,2025
1752037200000,2025-07-09,holdout,252,1,-0.003708,-1,0.00904,2025
1752123600000,2025-07-10,holdout,252,1,0.001684,1,0.009034,2025
1752382800000,2025-07-13,holdout,252,1,-0.004138,-1,0.009017,2025
1752469200000,2025-07-14,holdout,252,1,0.002952,1,0.008526,2025
1752555600000,2025-07-15,holdout,252,1,0.005688,1,0.008525,2025
1752642000000,2025-07-16,holdout,252,1,-0.000876,-1,0.007877,2025
1752728400000,2025-07-17,holdout,252,1,0.001523,1,0.007435,2025
1752987600000,2025-07-20,holdout,252,1,0.000304,1,0.00725,2025
1753074000000,2025-07-21,holdout,252,1,0.007501,1,0.006928,2025
1753160400000,2025-07-22,holdout,252,1,0.000792,1,0.006939,2025
1753246800000,2025-07-23,holdout,252,1,0.003539,1,0.006938,2025
1753333200000,2025-07-24,holdout,252,1,-0.000338,-1,0.006928,2025
1753592400000,2025-07-27,holdout,252,1,-0.002522,-1,0.006932,2025
1753678800000,2025-07-28,holdout,252,1,-0.001471,-1,0.006934,2025
1753765200000,2025-07-29,holdout,252,1,-0.003327,-1,0.006757,2025
1753851600000,2025-07-30,holdout,252,1,-0.016764,-1,0.006712,2025
1753938000000,2025-07-31,holdout,252,1,0.013996,1,0.007005,2025
1754197200000,2025-08-03,holdout,252,1,-0.004682,-1,0.007171,2025
1754283600000,2025-08-04,holdout,252,1,0.006958,1,0.007198,2025
1754370000000,2025-08-05,holdout,252,1,-0.000682,-1,0.007223,2025
1754456400000,2025-08-06,holdout,252,1,0.007102,1,0.006178,2025
1754542800000,2025-08-07,holdout,252,1,-0.002073,-1,0.006188,2025
1754802000000,2025-08-10,holdout,252,1,0.01032,1,0.006201,2025
1754888400000,2025-08-11,holdout,252,1,0.00302,1,0.006299,2025
1754974800000,2025-08-12,holdout,252,1,0.000261,1,0.006263,2025
1755061200000,2025-08-13,holdout,252,1,-0.002832,-1,0.006264,2025
1755147600000,2025-08-14,holdout,252,1,-0.000336,-1,0.006255,2025
1755406800000,2025-08-17,holdout,252,1,-0.005503,-1,0.005866,2025
1755493200000,2025-08-18,holdout,252,1,-0.002895,-1,0.005924,2025
1755579600000,2025-08-19,holdout,252,1,-0.003772,-1,0.005865,2025
1755666000000,2025-08-20,holdout,252,1,0.014258,1,0.005737,2025
1755752400000,2025-08-21,holdout,252,1,-0.004144,-1,0.005927,2025
1756011600000,2025-08-24,holdout,252,1,0.004032,1,0.005912,2025
1756098000000,2025-08-25,holdout,252,1,0.00201,1,0.005917,2025
1756184400000,2025-08-26,holdout,252,1,0.003193,1,0.00591,2025
1756270800000,2025-08-27,holdout,252,1,-0.006657,-1,0.005896,2025
1756357200000,2025-08-28,holdout,252,1,0.001529,1,0.005954,2025
1756616400000,2025-08-31,holdout,252,1,-0.008606,-1,0.005953,2025
1756702800000,2025-09-01,holdout,252,1,0.004761,1,0.006019,2025
1756789200000,2025-09-02,holdout,252,1,0.007971,1,0.005936,2025
1756875600000,2025-09-03,holdout,252,1,-0.003121,-1,0.006,2025
1756962000000,2025-09-04,holdout,252,1,0.002416,1,0.005996,2025
1757221200000,2025-09-07,holdout,252,1,0.002336,1,0.005982,2025
1757307600000,2025-09-08,holdout,252,1,0.002663,1,0.005978,2025
1757394000000,2025-09-09,holdout,252,1,0.007765,1,0.005774,2025
1757480400000,2025-09-10,holdout,252,1,-0.000623,-1,0.005741,2025
1757566800000,2025-09-11,holdout,252,1,0.005013,1,0.005621,2025
1757826000000,2025-09-14,holdout,252,1,-0.001717,-1,0.005633,2025
1757912400000,2025-09-15,holdout,252,1,-0.00128,-1,0.005489,2025
1757998800000,2025-09-16,holdout,252,1,0.005075,1,0.005465,2025
1758085200000,2025-09-17,holdout,252,1,0.004216,1,0.00539,2025
1758171600000,2025-09-18,holdout,252,1,0.004343,1,0.005262,2025
1758430800000,2025-09-21,holdout,252,1,-0.005431,-1,0.005275,2025
1758517200000,2025-09-22,holdout,252,1,-0.003309,-1,0.005282,2025
1758603600000,2025-09-23,holdout,252,1,-0.004747,-1,0.005293,2025
1758690000000,2025-09-24,holdout,252,1,0.005366,1,0.00532,2025
1758776400000,2025-09-25,holdout,252,1,0.002472,1,0.005346,2025
1759035600000,2025-09-28,holdout,252,1,0.003661,1,0.005335,2025
1759122000000,2025-09-29,holdout,252,1,0.003287,1,0.005279,2025
1759208400000,2025-09-30,holdout,252,1,0.000757,1,0.005209,2025
1759294800000,2025-10-01,holdout,252,1,-0.000396,-1,0.005202,2025
1759381200000,2025-10-02,holdout,252,1,0.003563,1,0.005201,2025
1759640400000,2025-10-05,holdout,252,1,-0.003923,-1,0.005181,2025
1759726800000,2025-10-06,holdout,252,1,0.005718,1,0.005214,2025
1759813200000,2025-10-07,holdout,252,1,-0.00316,-1,0.005215,2025
1759899600000,2025-10-08,holdout,252,1,-0.026832,-1,0.005241,2025
1759986000000,2025-10-09,holdout,252,1,0.014599,1,0.006275,2025
1760245200000,2025-10-12,holdout,252,1,-0.001202,-1,0.006512,2025
1760331600000,2025-10-13,holdout,252,1,0.004148,1,0.006487,2025
1760418000000,2025-10-14,holdout,252,1,-0.006739,-1,0.006498,2025
1760504400000,2025-10-15,holdout,252,1,0.004922,1,0.006566,2025
1760590800000,2025-10-16,holdout,252,1,0.010313,1,0.006588,2025
1760850000000,2025-10-19,holdout,252,1,-7.2e-05,-1,0.006644,2025
1760936400000,2025-10-20,holdout,252,1,-0.005234,-1,0.006645,2025
1761022800000,2025-10-21,holdout,252,1,0.005486,1,0.006677,2025
1761109200000,2025-10-22,holdout,252,1,0.007459,1,0.006704,2025
1761195600000,2025-10-23,holdout,252,1,0.011544,1,0.006744,2025
1761454800000,2025-10-26,holdout,252,1,0.002469,1,0.00687,2025
1761541200000,2025-10-27,holdout,252,1,-0.000423,-1,0.00685,2025
1761627600000,2025-10-28,holdout,252,1,-0.009526,-1,0.006459,2025
1761714000000,2025-10-29,holdout,252,1,0.00263,1,0.006399,2025
1761800400000,2025-10-30,holdout,252,1,0.001241,1,0.00636,2025
1762063200000,2025-11-02,holdout,252,1,-0.01155,-1,0.006316,2025
1762149600000,2025-11-03,holdout,252,1,0.003365,1,0.00651,2025
1762236000000,2025-11-04,holdout,252,1,-0.011176,-1,0.006469,2025
1762322400000,2025-11-05,holdout,252,1,0.000903,1,0.006634,2025
1762408800000,2025-11-06,holdout,252,1,0.014765,1,0.006519,2025
1762668000000,2025-11-09,holdout,252,1,0.002097,1,0.006755,2025
1762754400000,2025-11-10,holdout,252,1,0.000603,1,0.006757,2025
1762840800000,2025-11-11,holdout,252,1,-0.016563,-1,0.006741,2025
1762927200000,2025-11-12,holdout,252,1,-0.000686,-1,0.007087,2025
1763013600000,2025-11-13,holdout,252,1,-0.009174,-1,0.007046,2025
1763272800000,2025-11-16,holdout,252,1,-0.007643,-1,0.00714,2025
1763359200000,2025-11-17,holdout,252,1,0.003189,1,0.007194,2025
1763445600000,2025-11-18,holdout,252,1,-0.015339,-1,0.006984,2025
1763532000000,2025-11-19,holdout,252,1,0.009283,1,0.007237,2025
1763618400000,2025-11-20,holdout,252,1,0.014763,1,0.007312,2025
1763877600000,2025-11-23,holdout,252,1,0.008704,1,0.007537,2025
1763964000000,2025-11-24,holdout,252,1,0.006666,1,0.007601,2025
1764050400000,2025-11-25,holdout,252,1,0.0,0,0.007585,2025
1764136800000,2025-11-26,holdout,252,1,0.004491,1,0.007585,2025
1764223200000,2025-11-27,holdout,252,1,-0.004669,-1,0.007505,2025
1764482400000,2025-11-30,holdout,252,1,0.001927,1,0.007521,2025
1764568800000,2025-12-01,holdout,252,1,0.003097,1,0.007465,2025
1764655200000,2025-12-02,holdout,252,1,0.000675,1,0.007456,2025
1764741600000,2025-12-03,holdout,252,1,0.001633,1,0.007453,2025
1764828000000,2025-12-04,holdout,252,1,-0.003197,-1,0.007451,2025
1765087200000,2025-12-07,holdout,252,1,-0.001068,-1,0.007462,2025
1765173600000,2025-12-08,holdout,252,1,0.006178,1,0.007408,2025
1765260000000,2025-12-09,holdout,252,1,0.002192,1,0.007442,2025
1765346400000,2025-12-10,holdout,252,1,-0.010867,-1,0.007423,2025
1765432800000,2025-12-11,holdout,252,1,-0.001358,-1,0.007556,2025
1765692000000,2025-12-14,holdout,252,1,-0.003546,-1,0.007556,2025
1765778400000,2025-12-15,holdout,252,1,-0.011222,-1,0.007548,2025
1765864800000,2025-12-16,holdout,252,1,0.007519,1,0.007666,2025
1765951200000,2025-12-17,holdout,252,1,0.008142,1,0.007705,2025
1766037600000,2025-12-18,holdout,252,1,0.006126,1,0.00774,2025
1766296800000,2025-12-21,holdout,252,1,0.004358,1,0.007761,2025
1766383200000,2025-12-22,holdout,252,1,0.002683,1,0.007748,2025
1766469600000,2025-12-23,holdout,252,1,-0.000106,-1,0.007728,2025
1766642400000,2025-12-25,holdout,252,1,-0.003426,-1,0.007725,2025
1766901600000,2025-12-28,holdout,252,1,-0.001523,-1,0.007729,2025
1766988000000,2025-12-29,holdout,252,1,-0.007362,-1,0.007723,2025
1767074400000,2025-12-30,holdout,252,1,0.001142,1,0.007783,2025
1767247200000,2026-01-01,holdout,252,1,0.006149,1,0.007783,2026
1767506400000,2026-01-04,holdout,252,1,0.006218,1,0.007808,2026
1767592800000,2026-01-05,holdout,252,1,-0.003457,-1,0.007826,2026
1767679200000,2026-01-06,holdout,252,1,-0.000177,-1,0.007811,2026
1767765600000,2026-01-07,holdout,252,1,0.006061,1,0.007799,2026
1767852000000,2026-01-08,holdout,252,1,0.001615,1,0.007016,2026
1768111200000,2026-01-11,holdout,252,1,-0.002072,-1,0.006792,2026
1768197600000,2026-01-12,holdout,252,1,-0.005004,-1,0.006796,2026
1768284000000,2026-01-13,holdout,252,1,0.002188,1,0.006816,2026
1768370400000,2026-01-14,holdout,252,1,-0.000705,-1,0.006757,2026
1768456800000,2026-01-15,holdout,252,1,-0.008999,-1,0.006736,2026
1768716000000,2026-01-18,holdout,252,1,-0.011995,-1,0.006721,2026
1768802400000,2026-01-19,holdout,252,1,0.011532,1,0.006894,2026
1768888800000,2026-01-20,holdout,252,1,0.004973,1,0.007012,2026
1768975200000,2026-01-21,holdout,252,1,0.000106,1,0.007006,2026
1769061600000,2026-01-22,holdout,252,1,0.005018,1,0.006945,2026
1769320800000,2026-01-25,holdout,252,1,0.003835,1,0.006819,2026
1769407200000,2026-01-26,holdout,252,1,-0.000176,-1,0.006829,2026
1769493600000,2026-01-27,holdout,252,1,-0.002039,-1,0.006829,2026
1769580000000,2026-01-28,holdout,252,1,-0.003808,-1,0.006724,2026
1769666400000,2026-01-29,holdout,252,1,0.00518,1,0.006735,2026
1769925600000,2026-02-01,holdout,252,1,-0.008577,-1,0.006764,2026
1770012000000,2026-02-02,holdout,252,1,-0.005046,-1,0.006692,2026
1770098400000,2026-02-03,holdout,252,1,-0.012259,-1,0.006711,2026
1770184800000,2026-02-04,holdout,252,1,0.018864,1,0.006741,2026
1770271200000,2026-02-05,holdout,252,1,0.004309,1,0.007146,2026
1770530400000,2026-02-08,holdout,252,1,-0.003071,-1,0.006923,2026
1770616800000,2026-02-09,holdout,252,1,-0.000141,-1,0.006931,2026
1770703200000,2026-02-10,holdout,252,1,-0.015606,-1,0.00693,2026
1770789600000,2026-02-11,holdout,252,1,-7.2e-05,-1,0.006894,2026
1770876000000,2026-02-12,holdout,252,1,0.000539,1,0.006894,2026
1771135200000,2026-02-15,holdout,252,1,0.000897,1,0.006791,2026
1771221600000,2026-02-16,holdout,252,1,0.004829,1,0.006716,2026
1771308000000,2026-02-17,holdout,252,1,-0.002465,-1,0.00673,2026
1771394400000,2026-02-18,holdout,252,1,0.006597,1,0.006434,2026
1771480800000,2026-02-19,holdout,252,1,-0.010252,-1,0.006384,2026
1771740000000,2026-02-22,holdout,252,1,0.007476,1,0.006263,2026
1771826400000,2026-02-23,holdout,252,1,0.007951,1,0.006238,2026
1771912800000,2026-02-24,holdout,252,1,-0.005638,-1,0.006262,2026
1771999200000,2026-02-25,holdout,252,1,-0.004419,-1,0.006304,2026
1772085600000,2026-02-26,holdout,252,1,-0.000107,-1,0.006303,2026
1772344800000,2026-03-01,holdout,252,1,-0.009114,-1,0.006276,2026
1772431200000,2026-03-02,holdout,252,1,0.007362,1,0.006375,2026
1772517600000,2026-03-03,holdout,252,1,-0.005849,-1,0.006432,2026
1772604000000,2026-03-04,holdout,252,1,-0.01326,-1,0.006472,2026
1772690400000,2026-03-05,holdout,252,1,0.008317,1,0.006673,2026
1772946000000,2026-03-07,holdout,252,1,-0.001991,-1,0.006753,2026
1773032400000,2026-03-09,holdout,252,1,-0.001124,-1,0.006756,2026
1773118800000,2026-03-10,holdout,252,1,-0.014914,-1,0.006706,2026
1773205200000,2026-03-11,holdout,252,1,-0.006132,-1,0.006942,2026
1773291600000,2026-03-12,holdout,252,1,0.010285,1,0.006855,2026
1773550800000,2026-03-15,holdout,252,1,0.0026,1,0.006989,2026
1773637200000,2026-03-16,holdout,252,1,-0.014183,-1,0.006987,2026
1773723600000,2026-03-17,holdout,252,1,-0.002526,-1,0.007072,2026
1773810000000,2026-03-18,holdout,252,1,-0.015141,-1,0.007004,2026
1773896400000,2026-03-19,holdout,252,1,0.011377,1,0.007153,2026
1774155600000,2026-03-22,holdout,252,1,-0.004303,-1,0.007265,2026
1774242000000,2026-03-23,holdout,252,1,0.005199,1,0.007248,2026
1774328400000,2026-03-24,holdout,252,1,-0.017422,-1,0.007275,2026
1774414800000,2026-03-25,holdout,252,1,-0.017267,-1,0.007566,2026
1774501200000,2026-03-26,holdout,252,1,-0.003714,-1,0.007829,2026
1774760400000,2026-03-29,holdout,252,1,0.027904,1,0.007835,2026
1774846800000,2026-03-30,holdout,252,1,0.007062,1,0.008624,2026
1774933200000,2026-03-31,holdout,252,1,0.000674,1,0.008678,2026
1775019600000,2026-04-01,holdout,252,1,-0.002772,-1,0.008635,2026
1775106000000,2026-04-02,holdout,252,1,0.007064,1,0.00859,2026
1775365200000,2026-04-05,holdout,252,1,0.000856,1,0.008644,2026
1775451600000,2026-04-06,holdout,252,1,0.024555,1,0.008646,2026
1775538000000,2026-04-07,holdout,252,1,0.005721,1,0.009181,2026
1775624400000,2026-04-08,holdout,252,1,-0.001156,-1,0.009211,2026
1775710800000,2026-04-09,holdout,252,1,0.009712,1,0.009209,2026
1775970000000,2026-04-12,holdout,252,1,0.011673,1,0.009278,2026
1776056400000,2026-04-13,holdout,252,1,0.007859,1,0.009394,2026
1776142800000,2026-04-14,holdout,252,1,0.002314,1,0.009446,2026
1776229200000,2026-04-15,holdout,252,1,0.011768,1,0.009378,2026
1776315600000,2026-04-16,holdout,252,1,-0.001871,-1,0.009355,2026
1776574800000,2026-04-19,holdout,252,1,-0.00668,-1,0.009255,2026
1776661200000,2026-04-20,holdout,252,1,0.0099,1,0.009279,2026
1776747600000,2026-04-21,holdout,252,1,-0.003844,-1,0.009359,2026
1776834000000,2026-04-22,holdout,252,1,0.007088,1,0.009355,2026
1776920400000,2026-04-23,holdout,252,1,0.001549,1,0.009384,2026
1777179600000,2026-04-26,holdout,252,1,-0.004828,-1,0.009385,2026
1777266000000,2026-04-27,holdout,252,1,-0.000415,-1,0.009403,2026
1777352400000,2026-04-28,holdout,252,1,0.010424,1,0.009388,2026
1777438800000,2026-04-29,holdout,252,1,0.001949,1,0.009455,2026
1777525200000,2026-04-30,holdout,252,1,-0.003799,-1,0.009386,2026
1777784400000,2026-05-03,holdout,252,1,0.007787,1,0.009376,2026
1777870800000,2026-05-04,holdout,252,1,0.013818,1,0.009271,2026
1777957200000,2026-05-05,holdout,252,1,-0.003563,-1,0.009135,2026
1778043600000,2026-05-06,holdout,252,1,0.007515,1,0.00914,2026
1778130000000,2026-05-07,holdout,252,1,0.00237,1,0.009167,2026
1778389200000,2026-05-10,holdout,252,1,-0.001368,-1,0.009168,2026
1778475600000,2026-05-11,holdout,252,1,0.005726,1,0.008926,2026
1778562000000,2026-05-12,holdout,252,1,0.007409,1,0.008943,2026
1778648400000,2026-05-13,holdout,252,1,-0.012367,-1,0.008976,2026
1778734800000,2026-05-14,holdout,252,1,-0.000868,-1,0.009141,2026
1778994000000,2026-05-17,holdout,252,1,-0.006398,-1,0.009132,2026
1779080400000,2026-05-18,holdout,252,1,0.009865,1,0.00917,2026
1779166800000,2026-05-19,holdout,252,1,0.001895,1,0.009211,2026
1779253200000,2026-05-20,holdout,252,1,0.003316,1,0.009097,2026
1779339600000,2026-05-21,holdout,252,1,0.009685,1,0.009066,2026
1779598800000,2026-05-24,holdout,252,1,-0.003613,-1,0.00909,2026
1779685200000,2026-05-25,holdout,252,1,0.000395,1,0.009069,2026
1779771600000,2026-05-26,holdout,252,1,0.005477,1,0.009041,2026
1779858000000,2026-05-27,holdout,252,1,0.00183,1,0.009054,2026
1779944400000,2026-05-28,holdout,252,1,0.002283,1,0.008954,2026
1780203600000,2026-05-31,holdout,252,1,0.001367,1,0.008923,2026
1780290000000,2026-06-01,holdout,252,1,-0.006789,-1,0.008874,2026
1780376400000,2026-06-02,holdout,252,1,0.003825,1,0.008735,2026
1780462800000,2026-06-03,holdout,252,1,-0.026516,-1,0.008699,2026
1780549200000,2026-06-04,holdout,252,1,0.002075,1,0.009385,2026
1780808400000,2026-06-07,holdout,252,1,-0.003114,-1,0.009381,2026
1780894800000,2026-06-08,holdout,252,1,-0.015446,-1,0.009167,2026
1780981200000,2026-06-09,holdout,252,1,0.015882,1,0.009365,2026
1781067600000,2026-06-10,holdout,252,1,0.005383,1,0.009477,2026
1781154000000,2026-06-11,holdout,252,1,0.017059,1,0.009489,2026
1781413200000,2026-06-14,holdout,252,1,-0.00516,-1,0.009475,2026
1781499600000,2026-06-15,holdout,252,1,-0.012533,-1,0.0095,2026
1781586000000,2026-06-16,holdout,252,1,0.010356,1,0.00943,2026
1781672400000,2026-06-17,holdout,252,1,-0.001917,-1,0.009415,2026
1781758800000,2026-06-18,holdout,252,1,-0.001987,-1,0.009394,2026
1782018000000,2026-06-21,holdout,252,1,-0.013853,-1,0.009398,2026
1782104400000,2026-06-22,holdout,252,1,-0.001244,-1,0.00929,2026
1782190800000,2026-06-23,holdout,252,1,-0.000673,-1,0.00897,2026
1782277200000,2026-06-24,holdout,252,1,-0.002901,-1,0.008946,2026
1782363600000,2026-06-25,holdout,252,1,0.01322,1,0.008341,2026
1782622800000,2026-06-28,holdout,252,1,0.006379,1,0.00844,2026
1782709200000,2026-06-29,holdout,252,1,-0.000629,-1,0.008458,2026
1782795600000,2026-06-30,holdout,252,1,-0.002024,-1,0.008443,2026
1782882000000,2026-07-01,holdout,252,1,0.003812,1,0.008432,2026
1782968400000,2026-07-02,holdout,252,1,0.004555,1,0.008435,2026
1783227600000,2026-07-05,holdout,252,1,-0.005316,-1,0.007928,2026
1783314000000,2026-07-06,holdout,252,1,-0.002984,-1,0.007957,2026
1783400400000,2026-07-07,holdout,252,1,0.007938,1,0.007969,2026
1783486800000,2026-07-08,holdout,252,1,0.004142,1,0.007942,2026
1783573200000,2026-07-09,holdout,252,1,-0.007541,-1,0.00784,2026
1783832400000,2026-07-12,holdout,252,1,0.003728,1,0.007869,2026
1783918800000,2026-07-13,holdout,252,1,0.003091,1,0.007875,2026
1784005200000,2026-07-14,holdout,252,1,-0.004871,-1,0.007758,2026
1784091600000,2026-07-15,holdout,252,1,-0.010613,-1,0.007784,2026
1784178000000,2026-07-16,holdout,252,1,-0.001802,-1,0.007861,2026
1784437200000,2026-07-19,holdout,252,1,0.008184,1,0.007778,2026
1784523600000,2026-07-20,holdout,252,1,-0.000729,-1,0.007816,2026
1784610000000,2026-07-21,holdout,252,1,-0.012713,-1,0.007776,2026
1784696400000,2026-07-22,holdout,252,1,0.000336,1,0.007954,2026
1784782800000,2026-07-23,holdout,252,1,0.000101,1,0.007926,2026
1785042000000,2026-07-26,holdout,252,1,0.00228,1,0.007925,2026
1785128400000,2026-07-27,holdout,252,1,-0.017567,-1,0.007826,2026
1785214800000,2026-07-28,holdout,252,1,0.018538,1,0.008141,2026
1785301200000,2026-07-29,holdout,252,1,0.006237,1,0.008452,2026
1785387600000,2026-07-30,holdout,252,1,0.014392,1,0.008432,2026
1785646800000,2026-08-02,holdout,252,1,0.017832,1,0.008447,2026
1785733200000,2026-08-03,holdout,252,1,-0.002063,-1,0.008713,2026
1785819600000,2026-08-04,holdout,252,1,-0.001905,-1,0.008675,2026
1785906000000,2026-08-05,holdout,252,1,0.005801,1,0.008678,2026
1785992400000,2026-08-06,holdout,252,1,-0.000386,-1,0.0087,2026
1786251600000,2026-08-09,holdout,252,1,-0.003768,-1,0.008676,2026
1786338000000,2026-08-10,holdout,252,1,0.002964,1,0.008647,2026
1786424400000,2026-08-11,holdout,252,1,0.00667,1,0.008498,2026
1786510800000,2026-08-12,holdout,252,1,-0.00224,-1,0.008531,2026
1786597200000,2026-08-13,holdout,252,1,-0.004655,-1,0.008491,2026
1786856400000,2026-08-16,holdout,252,1,-0.007072,-1,0.008437,2026
1786942800000,2026-08-17,holdout,252,1,0.001943,1,0.008489,2026
1787029200000,2026-08-18,holdout,252,1,-0.008641,-1,0.008483,2026
1787115600000,2026-08-19,holdout,252,1,0.00329,1,0.008472,2026
1787202000000,2026-08-20,holdout,252,1,-0.002344,-1,0.008468,2026
1787461200000,2026-08-23,holdout,252,1,0.002897,1,0.008474,2026
1787547600000,2026-08-24,holdout,252,1,-0.00026,-1,0.008454,2026
1787634000000,2026-08-25,holdout,252,1,0.006804,1,0.008452,2026
1787720400000,2026-08-26,holdout,252,1,-0.002651,-1,0.00849,2026
1787806800000,2026-08-27,holdout,252,1,-0.002983,-1,0.008496,2026
1788066000000,2026-08-30,holdout,252,1,-0.007333,-1,0.008459,2026
1788152400000,2026-08-31,holdout,252,1,0.004406,1,0.008498,2026
