date_utc_epoch_ms,date_ct,seg,lookback,pos,next_session_ret,target_sign,vol63,year
1564462800000,2019-07-30,explore,63,-1,-0.005225,-1,0.00753,2019
1564549200000,2019-07-31,explore,63,-1,-0.009538,-1,0.007527,2019
1564635600000,2019-08-01,explore,63,1,-0.029078,-1,0.007479,2019
1564894800000,2019-08-04,explore,63,-1,0.01205,1,0.008325,2019
1564981200000,2019-08-05,explore,63,-1,0.003465,1,0.008452,2019
1565067600000,2019-08-06,explore,63,-1,0.016586,1,0.008462,2019
1565154000000,2019-08-07,explore,63,1,-0.006828,-1,0.007985,2019
1565240400000,2019-08-08,explore,63,1,-0.008522,-1,0.007948,2019
1565499600000,2019-08-11,explore,63,1,0.016454,1,0.007927,2019
1565586000000,2019-08-12,explore,63,1,-0.023618,-1,0.008155,2019
1565672400000,2019-08-13,explore,63,-1,0.000691,1,0.008629,2019
1565758800000,2019-08-14,explore,63,1,0.010584,1,0.008514,2019
1565845200000,2019-08-15,explore,63,1,0.010496,1,0.008577,2019
1566104400000,2019-08-18,explore,63,1,-0.005381,-1,0.008663,2019
1566190800000,2019-08-19,explore,63,1,0.007431,1,0.008571,2019
1566277200000,2019-08-20,explore,63,1,-0.003517,-1,0.008616,2019
1566363600000,2019-08-21,explore,63,1,-0.018853,-1,0.008631,2019
1566450000000,2019-08-22,explore,63,1,0.007885,1,0.008965,2019
1566709200000,2019-08-25,explore,63,1,-0.002538,-1,0.00896,2019
1566795600000,2019-08-26,explore,63,1,0.003336,1,0.008959,2019
1566882000000,2019-08-27,explore,63,1,0.010237,1,0.008835,2019
1566968400000,2019-08-28,explore,63,1,-0.001921,-1,0.00873,2019
1567054800000,2019-08-29,explore,63,1,-0.00697,-1,0.008472,2019
1567314000000,2019-09-01,explore,63,1,0.000319,1,0.008511,2019
1567400400000,2019-09-02,explore,63,1,0.009543,1,0.008491,2019
1567486800000,2019-09-03,explore,63,1,0.011908,1,0.008425,2019
1567573200000,2019-09-04,explore,63,1,0.000201,1,0.008483,2019
1567659600000,2019-09-05,explore,63,1,-0.00241,-1,0.008483,2019
1567918800000,2019-09-08,explore,63,1,-0.001409,-1,0.008471,2019
1568005200000,2019-09-09,explore,63,1,0.006668,1,0.008458,2019
1568091600000,2019-09-10,explore,63,1,0.002686,1,0.008475,2019
1568178000000,2019-09-11,explore,63,1,-0.003041,-1,0.008459,2019
1568264400000,2019-09-12,explore,63,1,-0.00256,-1,0.008378,2019
1568523600000,2019-09-15,explore,63,1,0.003116,1,0.008381,2019
1568610000000,2019-09-16,explore,63,1,0.000311,1,0.008352,2019
1568696400000,2019-09-17,explore,63,1,0.000111,1,0.008348,2019
1568782800000,2019-09-18,explore,63,1,-0.007916,-1,0.008348,2019
1568869200000,2019-09-19,explore,63,1,0.001789,1,0.008273,2019
1569128400000,2019-09-22,explore,63,1,-0.010356,-1,0.008272,2019
1569214800000,2019-09-23,explore,63,1,0.007648,1,0.008367,2019
1569301200000,2019-09-24,explore,63,1,-0.002962,-1,0.008422,2019
1569387600000,2019-09-25,explore,63,-1,-0.007761,-1,0.008359,2019
1569474000000,2019-09-26,explore,63,-1,0.006254,1,0.008396,2019
1569733200000,2019-09-29,explore,63,-1,-0.006776,-1,0.008416,2019
1569819600000,2019-09-30,explore,63,-1,-0.013621,-1,0.008455,2019
1569906000000,2019-10-01,explore,63,-1,0.010262,1,0.008606,2019
1569992400000,2019-10-02,explore,63,-1,0.009842,1,0.008695,2019
1570078800000,2019-10-03,explore,63,-1,-0.002457,-1,0.008772,2019
1570338000000,2019-10-06,explore,63,-1,-0.010711,-1,0.008722,2019
1570424400000,2019-10-07,explore,63,-1,0.00707,1,0.00882,2019
1570510800000,2019-10-08,explore,63,-1,0.005467,1,0.008857,2019
1570597200000,2019-10-09,explore,63,-1,0.00886,1,0.008881,2019
1570683600000,2019-10-10,explore,63,-1,-0.000134,-1,0.008944,2019
1570942800000,2019-10-13,explore,63,-1,0.009093,1,0.008922,2019
1571029200000,2019-10-14,explore,63,1,-0.000996,-1,0.00898,2019
1571115600000,2019-10-15,explore,63,1,0.000377,1,0.008922,2019
1571202000000,2019-10-16,explore,63,1,-0.006398,-1,0.008874,2019
1571288400000,2019-10-17,explore,63,-1,0.006,1,0.008885,2019
1571547600000,2019-10-20,explore,63,-1,-0.007963,-1,0.008897,2019
1571634000000,2019-10-21,explore,63,-1,0.003811,1,0.008932,2019
1571720400000,2019-10-22,explore,63,-1,0.002378,1,0.008935,2019
1571806800000,2019-10-23,explore,63,-1,0.009498,1,0.008939,2019
1571893200000,2019-10-24,explore,63,1,0.005175,1,0.00901,2019
1572152400000,2019-10-27,explore,63,1,-0.003461,-1,0.008964,2019
1572238800000,2019-10-28,explore,63,1,0.004904,1,0.008949,2019
1572325200000,2019-10-29,explore,63,1,-0.001836,-1,0.008878,2019
1572411600000,2019-10-30,explore,63,1,0.006107,1,0.008035,2019
1572498000000,2019-10-31,explore,63,1,0.004816,1,0.007937,2019
1572760800000,2019-11-03,explore,63,1,-0.000433,-1,0.007946,2019
1572847200000,2019-11-04,explore,63,1,-0.000303,-1,0.007689,2019
1572933600000,2019-11-05,explore,63,1,0.002012,1,0.007631,2019
1573020000000,2019-11-06,explore,63,1,0.00231,1,0.00754,2019
1573106400000,2019-11-07,explore,63,1,-0.000647,-1,0.007275,2019
1573365600000,2019-11-10,explore,63,1,0.002177,1,0.00658,2019
1573452000000,2019-11-11,explore,63,1,-0.000797,-1,0.006582,2019
1573538400000,2019-11-12,explore,63,1,-2.2e-05,-1,0.006471,2019
1573624800000,2019-11-13,explore,63,1,0.004579,1,0.006354,2019
1573711200000,2019-11-14,explore,63,1,0.001265,1,0.006324,2019
1573970400000,2019-11-17,explore,63,1,0.000685,1,0.006268,2019
1574056800000,2019-11-18,explore,63,1,-0.004269,-1,0.006244,2019
1574143200000,2019-11-19,explore,63,1,-0.001485,-1,0.005753,2019
1574229600000,2019-11-20,explore,63,1,0.000517,1,0.005695,2019
1574316000000,2019-11-21,explore,63,1,0.00823,1,0.005678,2019
1574575200000,2019-11-24,explore,63,1,0.002068,1,0.005744,2019
1574661600000,2019-11-25,explore,63,1,0.00459,1,0.005624,2019
1574748000000,2019-11-26,explore,63,1,-0.000955,-1,0.005631,2019
1574834400000,2019-11-27,explore,63,1,-0.00221,-1,0.005543,2019
1574920800000,2019-11-28,explore,63,1,-0.008673,-1,0.005558,2019
1575180000000,2019-12-01,explore,63,1,-0.005572,-1,0.005585,2019
1575266400000,2019-12-02,explore,63,1,0.00379,1,0.005457,2019
1575352800000,2019-12-03,explore,63,1,0.001203,1,0.005472,2019
1575439200000,2019-12-04,explore,63,1,0.007784,1,0.005459,2019
1575525600000,2019-12-05,explore,63,1,-0.003777,-1,0.005526,2019
1575784800000,2019-12-08,explore,63,1,0.000663,1,0.005503,2019
1575871200000,2019-12-09,explore,63,1,0.003562,1,0.005497,2019
1575957600000,2019-12-10,explore,63,1,0.005563,1,0.00549,2019
1576044000000,2019-12-11,explore,63,1,0.002495,1,0.005508,2019
1576130400000,2019-12-12,explore,63,1,0.007155,1,0.005504,2019
1576389600000,2019-12-15,explore,63,1,-6.3e-05,-1,0.005561,2019
1576476000000,2019-12-16,explore,63,1,0.001299,1,0.005562,2019
1576562400000,2019-12-17,explore,63,1,0.004409,1,0.005446,2019
1576648800000,2019-12-18,explore,63,1,0.003102,1,0.005461,2019
1576735200000,2019-12-19,explore,63,1,0.001309,1,0.005266,2019
1576994400000,2019-12-22,explore,63,1,0.000249,1,0.005203,2019
1577080800000,2019-12-23,explore,63,1,0.006187,1,0.005177,2019
1577253600000,2019-12-25,explore,63,1,-0.001734,-1,0.005082,2019
1577340000000,2019-12-26,explore,63,1,-0.0041,-1,0.005061,2019
1577599200000,2019-12-29,explore,63,1,0.001534,1,0.005003,2019
1577685600000,2019-12-30,explore,63,1,0.011493,1,0.004618,2019
1577858400000,2020-01-01,explore,63,1,-0.006719,-1,0.004658,2020
1577944800000,2020-01-02,explore,63,1,0.003088,1,0.004656,2020
1578204000000,2020-01-05,explore,63,1,0.000452,1,0.004634,2020
1578290400000,2020-01-06,explore,63,1,0.007491,1,0.004366,2020
1578376800000,2020-01-07,explore,63,1,0.005247,1,0.004375,2020
1578463200000,2020-01-08,explore,63,1,-0.002498,-1,0.004372,2020
1578549600000,2020-01-09,explore,63,1,0.008908,1,0.004304,2020
1578808800000,2020-01-12,explore,63,1,-0.002078,-1,0.004399,2020
1578895200000,2020-01-13,explore,63,1,-0.000202,-1,0.004317,2020
1578981600000,2020-01-14,explore,63,1,0.005921,1,0.004311,2020
1579068000000,2020-01-15,explore,63,1,0.003288,1,0.004345,2020
1579154400000,2020-01-16,explore,63,1,0.0001,1,0.004229,2020
1579413600000,2020-01-19,explore,63,1,-0.00048,-1,0.004198,2020
1579500000000,2020-01-20,explore,63,1,0.00208,1,0.004025,2020
1579586400000,2020-01-21,explore,63,1,0.004187,1,0.004016,2020
1579672800000,2020-01-22,explore,63,1,-0.008292,-1,0.004028,2020
1579759200000,2020-01-23,explore,63,1,-0.015366,-1,0.004097,2020
1580018400000,2020-01-26,explore,63,1,0.012211,1,0.004585,2020
1580104800000,2020-01-27,explore,63,1,-0.000544,-1,0.004754,2020
1580191200000,2020-01-28,explore,63,1,0.00944,1,0.004738,2020
1580277600000,2020-01-29,explore,63,1,-0.017589,-1,0.00483,2020
1580364000000,2020-01-30,explore,63,1,0.009417,1,0.005357,2020
1580623200000,2020-02-02,explore,63,1,0.019183,1,0.005439,2020
1580709600000,2020-02-03,explore,63,1,0.002089,1,0.005889,2020
1580796000000,2020-02-04,explore,63,1,0.005811,1,0.005885,2020
1580882400000,2020-02-05,explore,63,1,-0.003608,-1,0.00591,2020
1580968800000,2020-02-06,explore,63,1,0.00923,1,0.005945,2020
1581228000000,2020-02-09,explore,63,1,-1.9e-05,-1,0.006018,2020
1581314400000,2020-02-10,explore,63,1,0.00764,1,0.006021,2020
1581400800000,2020-02-11,explore,63,1,-0.000986,-1,0.006061,2020
1581487200000,2020-02-12,explore,63,1,0.001488,1,0.006066,2020
1581573600000,2020-02-13,explore,63,1,0.002603,1,0.006055,2020
1581832800000,2020-02-16,explore,63,1,-0.002314,-1,0.006056,2020
1581919200000,2020-02-17,explore,63,1,0.0075,1,0.006076,2020
1582005600000,2020-02-18,explore,63,1,-0.008407,-1,0.006072,2020
1582092000000,2020-02-19,explore,63,1,-0.012931,-1,0.006194,2020
1582178400000,2020-02-20,explore,63,1,-0.029152,-1,0.006463,2020
1582437600000,2020-02-23,explore,63,1,-0.019267,-1,0.007472,2020
1582524000000,2020-02-24,explore,63,1,-0.000329,-1,0.007891,2020
1582610400000,2020-02-25,explore,63,1,-0.039185,-1,0.007875,2020
1582696800000,2020-02-26,explore,63,-1,0.006072,1,0.009328,2020
1582783200000,2020-02-27,explore,63,1,0.028251,1,0.009356,2020
1583042400000,2020-03-01,explore,63,1,-0.017392,-1,0.009941,2020
1583128800000,2020-03-02,explore,63,1,0.026048,1,0.010168,2020
1583215200000,2020-03-03,explore,63,1,-0.020496,-1,0.010662,2020
1583301600000,2020-03-04,explore,63,1,-0.012236,-1,0.010993,2020
1583388000000,2020-03-05,explore,63,1,-0.047808,-1,0.011066,2020
1583643600000,2020-03-07,explore,63,-1,0.03317,1,0.0126,2020
1583730000000,2020-03-09,explore,63,-1,-0.028565,-1,0.013298,2020
1583816400000,2020-03-10,explore,63,-1,-0.072965,-1,0.013764,2020
1583902800000,2020-03-11,explore,63,-1,0.064314,1,0.016486,2020
1583989200000,2020-03-12,explore,63,-1,-0.079757,-1,0.018468,2020
1584248400000,2020-03-15,explore,63,-1,0.033384,1,0.020941,2020
1584334800000,2020-03-16,explore,63,-1,-0.017585,-1,0.021415,2020
1584421200000,2020-03-17,explore,63,-1,0.006439,1,0.021505,2020
1584507600000,2020-03-18,explore,63,-1,-0.029162,-1,0.021516,2020
1584594000000,2020-03-19,explore,63,-1,0.001505,1,0.021776,2020
1584853200000,2020-03-22,explore,63,-1,0.053858,1,0.021776,2020
1584939600000,2020-03-23,explore,63,-1,-0.008032,-1,0.022903,2020
1585026000000,2020-03-24,explore,63,-1,0.03428,1,0.022895,2020
1585112400000,2020-03-25,explore,63,-1,-0.024985,-1,0.023343,2020
1585198800000,2020-03-26,explore,63,-1,0.025947,1,0.023531,2020
1585458000000,2020-03-29,explore,63,-1,-0.006148,-1,0.023783,2020
1585544400000,2020-03-30,explore,63,-1,-0.031786,-1,0.023735,2020
1585630800000,2020-03-31,explore,63,-1,0.017367,1,0.024032,2020
1585717200000,2020-04-01,explore,63,-1,-0.009591,-1,0.024147,2020
1585803600000,2020-04-02,explore,63,-1,0.045695,1,0.024166,2020
1586062800000,2020-04-05,explore,63,-1,-0.001565,-1,0.024873,2020
1586149200000,2020-04-06,explore,63,-1,0.015563,1,0.024859,2020
1586235600000,2020-04-07,explore,63,-1,0.003274,1,0.024949,2020
1586322000000,2020-04-08,explore,63,-1,0.0086,1,0.024923,2020
1586667600000,2020-04-12,explore,63,-1,0.030875,1,0.024953,2020
1586754000000,2020-04-13,explore,63,-1,-0.008233,-1,0.025273,2020
1586840400000,2020-04-14,explore,63,-1,0.011702,1,0.025278,2020
1586926800000,2020-04-15,explore,63,-1,0.006181,1,0.025322,2020
1587013200000,2020-04-16,explore,63,-1,-0.009692,-1,0.025336,2020
1587272400000,2020-04-19,explore,63,-1,-0.021902,-1,0.025363,2020
1587358800000,2020-04-20,explore,63,-1,0.017397,1,0.025501,2020
1587445200000,2020-04-21,explore,63,-1,-0.003287,-1,0.025599,2020
1587531600000,2020-04-22,explore,63,-1,0.014182,1,0.025583,2020
1587618000000,2020-04-23,explore,63,-1,0.004559,1,0.02558,2020
1587877200000,2020-04-26,explore,63,-1,-0.008641,-1,0.025538,2020
1587963600000,2020-04-27,explore,63,-1,0.025966,1,0.02556,2020
1588050000000,2020-04-28,explore,63,-1,-0.003892,-1,0.025747,2020
1588136400000,2020-04-29,explore,63,-1,-0.02222,-1,0.025656,2020
1588222800000,2020-04-30,explore,63,-1,0.006417,1,0.025778,2020
1588482000000,2020-05-03,explore,63,-1,0.01057,1,0.025671,2020
1588568400000,2020-05-04,explore,63,-1,0.002264,1,0.025708,2020
1588654800000,2020-05-05,explore,63,-1,0.012611,1,0.025697,2020
1588741200000,2020-05-06,explore,63,-1,0.008851,1,0.025748,2020
1588827600000,2020-05-07,explore,63,-1,0.004833,1,0.025746,2020
1589086800000,2020-05-10,explore,63,-1,-0.016061,-1,0.025754,2020
1589173200000,2020-05-11,explore,63,-1,-0.00696,-1,0.02581,2020
1589259600000,2020-05-12,explore,63,-1,0.007061,1,0.025822,2020
1589346000000,2020-05-13,explore,63,-1,0.00137,1,0.025839,2020
1589432400000,2020-05-14,explore,63,-1,0.018274,1,0.025837,2020
1589691600000,2020-05-17,explore,63,-1,-0.001959,-1,0.025946,2020
1589778000000,2020-05-18,explore,63,-1,0.014531,1,0.025927,2020
1589864400000,2020-05-19,explore,63,-1,-0.010183,-1,0.025976,2020
1589950800000,2020-05-20,explore,63,-1,0.003976,1,0.025957,2020
1590037200000,2020-05-21,explore,63,1,0.009871,1,0.025693,2020
1590296400000,2020-05-24,explore,63,1,-0.009851,-1,0.025595,2020
1590382800000,2020-05-25,explore,63,1,0.002041,1,0.025631,2020
1590469200000,2020-05-26,explore,63,1,0.002174,1,0.025117,2020
1590555600000,2020-05-27,explore,63,1,0.007794,1,0.02511,2020
1590642000000,2020-05-28,explore,63,1,0.002694,1,0.024887,2020
1590901200000,2020-05-31,explore,63,1,0.004076,1,0.024776,2020
1590987600000,2020-06-01,explore,63,1,0.002849,1,0.024576,2020
1591074000000,2020-06-02,explore,63,1,-0.004508,-1,0.024423,2020
1591160400000,2020-06-03,explore,63,1,0.013978,1,0.024373,2020
1591246800000,2020-06-04,explore,63,1,0.005791,1,0.02359,2020
1591506000000,2020-06-07,explore,63,1,0.005004,1,0.023264,2020
1591592400000,2020-06-08,explore,63,1,0.010214,1,0.022935,2020
1591678800000,2020-06-09,explore,63,1,-0.035895,-1,0.020815,2020
1591765200000,2020-06-10,explore,63,1,0.00222,1,0.01993,2020
1591851600000,2020-06-11,explore,63,1,0.01198,1,0.016941,2020
1592110800000,2020-06-14,explore,63,1,0.013099,1,0.016543,2020
1592197200000,2020-06-15,explore,63,1,0.001616,1,0.016372,2020
1592283600000,2020-06-16,explore,63,1,0.000263,1,0.01637,2020
1592370000000,2020-06-17,explore,63,1,-0.004741,-1,0.01583,2020
1592456400000,2020-06-18,explore,63,1,0.015068,1,0.015866,2020
1592715600000,2020-06-21,explore,63,1,0.005281,1,0.014602,2020
1592802000000,2020-06-22,explore,63,1,-0.013788,-1,0.014531,2020
1592888400000,2020-06-23,explore,63,1,0.005792,1,0.01415,2020
1592974800000,2020-06-24,explore,63,1,-0.016737,-1,0.013699,2020
1593061200000,2020-06-25,explore,63,1,0.008169,1,0.013617,2020
1593320400000,2020-06-28,explore,63,1,0.012955,1,0.013587,2020
1593406800000,2020-06-29,explore,63,1,0.008973,1,0.012898,2020
1593493200000,2020-06-30,explore,63,1,0.006376,1,0.012797,2020
1593579600000,2020-07-01,explore,63,1,-0.002231,-1,0.012692,2020
1593666000000,2020-07-02,explore,63,1,0.01981,1,0.011516,2020
1593925200000,2020-07-05,explore,63,1,-0.004767,-1,0.011695,2020
1594011600000,2020-07-06,explore,63,1,0.009333,1,0.011631,2020
1594098000000,2020-07-07,explore,63,1,0.004652,1,0.011658,2020
1594184400000,2020-07-08,explore,63,1,0.007776,1,0.011638,2020
1594270800000,2020-07-09,explore,63,1,-0.016886,-1,0.011097,2020
1594530000000,2020-07-12,explore,63,1,0.003314,1,0.011285,2020
1594616400000,2020-07-13,explore,63,1,0.002643,1,0.011224,2020
1594702800000,2020-07-14,explore,63,1,-0.012312,-1,0.011214,2020
1594789200000,2020-07-15,explore,63,1,0.007968,1,0.011263,2020
1594875600000,2020-07-16,explore,63,1,0.023268,1,0.010852,2020
1595134800000,2020-07-19,explore,63,1,-0.007026,-1,0.011004,2020
1595221200000,2020-07-20,explore,63,1,-0.003302,-1,0.011047,2020
1595307600000,2020-07-21,explore,63,1,-0.018275,-1,0.010975,2020
1595394000000,2020-07-22,explore,63,1,-0.006451,-1,0.011278,2020
1595480400000,2020-07-23,explore,63,1,0.015559,1,0.011248,2020
1595739600000,2020-07-26,explore,63,1,-0.009703,-1,0.010965,2020
1595826000000,2020-07-27,explore,63,1,0.009631,1,0.01104,2020
1595912400000,2020-07-28,explore,63,1,0.008513,1,0.010639,2020
1595998800000,2020-07-29,explore,63,1,0.006808,1,0.010656,2020
1596085200000,2020-07-30,explore,63,1,0.010752,1,0.01062,2020
1596344400000,2020-08-02,explore,63,1,0.0029,1,0.010672,2020
1596430800000,2020-08-03,explore,63,1,0.000399,1,0.010594,2020
1596517200000,2020-08-04,explore,63,1,0.011683,1,0.010563,2020
1596603600000,2020-08-05,explore,63,1,-0.009536,-1,0.010626,2020
1596690000000,2020-08-06,explore,63,1,-0.003517,-1,0.010474,2020
1596949200000,2020-08-09,explore,63,1,-0.013525,-1,0.010433,2020
1597035600000,2020-08-10,explore,63,1,0.017267,1,0.010609,2020
1597122000000,2020-08-11,explore,63,1,0.003401,1,0.010777,2020
1597208400000,2020-08-12,explore,63,1,-0.002865,-1,0.010586,2020
1597294800000,2020-08-13,explore,63,1,0.010521,1,0.010592,2020
1597554000000,2020-08-16,explore,63,1,0.008345,1,0.010528,2020
1597640400000,2020-08-17,explore,63,1,-0.005254,-1,0.010438,2020
1597726800000,2020-08-18,explore,63,1,0.009856,1,0.01048,2020
1597813200000,2020-08-19,explore,63,1,0.005706,1,0.01048,2020
1597899600000,2020-08-20,explore,63,1,0.004973,1,0.010373,2020
1598158800000,2020-08-23,explore,63,1,0.005995,1,0.010378,2020
1598245200000,2020-08-24,explore,63,1,0.017445,1,0.010387,2020
1598331600000,2020-08-25,explore,63,1,-0.002516,-1,0.010534,2020
1598418000000,2020-08-26,explore,63,1,0.002548,1,0.010555,2020
1598504400000,2020-08-27,explore,63,1,0.007946,1,0.010554,2020
1598763600000,2020-08-30,explore,63,1,0.012769,1,0.010575,2020
1598850000000,2020-08-31,explore,63,1,0.006308,1,0.010608,2020
1598936400000,2020-09-01,explore,63,1,-0.039583,-1,0.010524,2020
1599022800000,2020-09-02,explore,63,1,-0.016776,-1,0.011797,2020
1599109200000,2020-09-03,explore,63,1,-0.002911,-1,0.012029,2020
1599368400000,2020-09-06,explore,63,1,-0.030451,-1,0.011995,2020
1599454800000,2020-09-07,explore,63,1,0.022823,1,0.011738,2020
1599541200000,2020-09-08,explore,63,1,-0.014278,-1,0.012036,2020
1599627600000,2020-09-09,explore,63,1,-0.00811,-1,0.012139,2020
1599714000000,2020-09-10,explore,63,1,0.015044,1,0.01211,2020
1599973200000,2020-09-13,explore,63,1,0.012493,1,0.012233,2020
1600059600000,2020-09-14,explore,63,1,-0.01328,-1,0.01231,2020
1600146000000,2020-09-15,explore,63,1,-0.012383,-1,0.012429,2020
1600232400000,2020-09-16,explore,63,1,-0.01033,-1,0.012428,2020
1600318800000,2020-09-17,explore,63,1,0.004333,1,0.012499,2020
1600578000000,2020-09-20,explore,63,1,0.011131,1,0.012364,2020
1600664400000,2020-09-21,explore,63,1,-0.022351,-1,0.012415,2020
1600750800000,2020-09-22,explore,63,1,0.004416,1,0.012565,2020
1600837200000,2020-09-23,explore,63,1,0.017039,1,0.01254,2020
1600923600000,2020-09-24,explore,63,1,0.017669,1,0.012613,2020
1601182800000,2020-09-27,explore,63,1,-0.003873,-1,0.012747,2020
1601269200000,2020-09-28,explore,63,1,0.004721,1,0.012746,2020
1601355600000,2020-09-29,explore,63,1,0.011286,1,0.012747,2020
1601442000000,2020-09-30,explore,63,1,-0.023147,-1,0.01259,2020
1601528400000,2020-10-01,explore,63,1,0.016053,1,0.012937,2020
1601787600000,2020-10-04,explore,63,1,-0.01328,-1,0.013035,2020
1601874000000,2020-10-05,explore,63,1,0.01333,1,0.013148,2020
1601960400000,2020-10-06,explore,63,1,0.004645,1,0.013215,2020
1602046800000,2020-10-07,explore,63,1,0.012398,1,0.013029,2020
1602133200000,2020-10-08,explore,63,1,0.024474,1,0.013105,2020
1602392400000,2020-10-11,explore,63,1,-0.000275,-1,0.013428,2020
1602478800000,2020-10-12,explore,63,1,-0.007784,-1,0.013313,2020
1602565200000,2020-10-13,explore,63,1,-0.006563,-1,0.013342,2020
1602651600000,2020-10-14,explore,63,1,-0.025394,-1,0.013083,2020
1602738000000,2020-10-15,explore,63,1,0.015593,1,0.013465,2020
1602997200000,2020-10-18,explore,63,1,-0.004171,-1,0.013583,2020
1603083600000,2020-10-19,explore,63,1,-0.001216,-1,0.013375,2020
1603170000000,2020-10-20,explore,63,1,0.001832,1,0.013343,2020
1603256400000,2020-10-21,explore,63,1,-0.007735,-1,0.013218,2020
1603342800000,2020-10-22,explore,63,1,-0.004303,-1,0.013194,2020
1603602000000,2020-10-25,explore,63,1,0.00643,1,0.013166,2020
1603688400000,2020-10-26,explore,63,1,-0.030949,-1,0.01315,2020
1603774800000,2020-10-27,explore,63,1,0.014395,1,0.013723,2020
1603861200000,2020-10-28,explore,63,1,-0.020386,-1,0.013776,2020
1603947600000,2020-10-29,explore,63,-1,0.00196,1,0.014016,2020
1604210400000,2020-11-01,explore,63,1,0.013171,1,0.014019,2020
1604296800000,2020-11-02,explore,63,1,0.033454,1,0.01404,2020
1604383200000,2020-11-03,explore,63,1,0.020531,1,0.014601,2020
1604469600000,2020-11-04,explore,63,1,0.001231,1,0.014802,2020
1604556000000,2020-11-05,explore,63,1,-0.017964,-1,0.014683,2020
1604815200000,2020-11-08,explore,63,1,-0.013421,-1,0.014737,2020
1604901600000,2020-11-09,explore,63,1,0.017729,1,0.01484,2020
1604988000000,2020-11-10,explore,63,1,-0.004341,-1,0.014991,2020
1605074400000,2020-11-11,explore,63,1,0.007454,1,0.014953,2020
1605160800000,2020-11-12,explore,63,1,0.004667,1,0.014946,2020
1605420000000,2020-11-15,explore,63,1,-0.001956,-1,0.014936,2020
1605506400000,2020-11-16,explore,63,1,-0.005103,-1,0.014894,2020
1605592800000,2020-11-17,explore,63,1,0.005902,1,0.014895,2020
1605679200000,2020-11-18,explore,63,1,-0.005328,-1,0.0149,2020
1605765600000,2020-11-19,explore,63,1,-3.3e-05,-1,0.0149,2020
1606024800000,2020-11-22,explore,63,-1,0.01113,1,0.014736,2020
1606111200000,2020-11-23,explore,63,1,0.004931,1,0.014799,2020
1606197600000,2020-11-24,explore,63,1,0.00029,1,0.014809,2020
1606284000000,2020-11-25,explore,63,1,0.006476,1,0.014775,2020
1606370400000,2020-11-26,explore,63,-1,0.001249,1,0.014709,2020
1606629600000,2020-11-29,explore,63,-1,0.011152,1,0.014688,2020
1606716000000,2020-11-30,explore,63,1,0.000127,1,0.013856,2020
1606802400000,2020-12-01,explore,63,1,0.000506,1,0.013675,2020
1606888800000,2020-12-02,explore,63,1,0.003078,1,0.013666,2020
1606975200000,2020-12-03,explore,63,1,0.005345,1,0.013061,2020
1607234400000,2020-12-06,explore,63,1,0.002599,1,0.012784,2020
1607320800000,2020-12-07,explore,63,1,-0.017064,-1,0.012629,2020
1607407200000,2020-12-08,explore,63,1,0.002034,1,0.012789,2020
1607493600000,2020-12-09,explore,63,1,-0.002066,-1,0.012669,2020
1607580000000,2020-12-10,explore,63,1,0.005979,1,0.012592,2020
1607839200000,2020-12-13,explore,63,1,0.008408,1,0.012474,2020
1607925600000,2020-12-14,explore,63,1,0.004677,1,0.012382,2020
1608012000000,2020-12-15,explore,63,1,0.004997,1,0.012293,2020
1608098400000,2020-12-16,explore,63,1,-0.002394,-1,0.012296,2020
1608184800000,2020-12-17,explore,63,1,-0.001807,-1,0.012249,2020
1608444000000,2020-12-20,explore,63,1,0.001652,1,0.011868,2020
1608530400000,2020-12-21,explore,63,1,-0.003665,-1,0.011864,2020
1608616800000,2020-12-22,explore,63,1,0.003323,1,0.011724,2020
1608703200000,2020-12-23,explore,63,1,0.007957,1,0.011544,2020
1609048800000,2020-12-27,explore,63,1,0.00051,1,0.011554,2020
1609135200000,2020-12-28,explore,63,1,3.1e-05,1,0.011547,2020
1609221600000,2020-12-29,explore,63,1,0.002714,1,0.01148,2020
1609308000000,2020-12-30,explore,63,1,-0.012396,-1,0.011046,2020
1609653600000,2021-01-03,explore,63,1,0.006713,1,0.011031,2021
1609740000000,2021-01-04,explore,63,1,-0.01101,-1,0.010893,2021
1609826400000,2021-01-05,explore,63,1,0.019308,1,0.010901,2021
1609912800000,2021-01-06,explore,63,1,0.010345,1,0.01113,2021
1609999200000,2021-01-07,explore,63,1,-0.012251,-1,0.011101,2021
1610258400000,2021-01-10,explore,63,1,-0.000416,-1,0.010829,2021
1610344800000,2021-01-11,explore,63,1,0.005037,1,0.01083,2021
1610431200000,2021-01-12,explore,63,1,-0.004375,-1,0.010786,2021
1610517600000,2021-01-13,explore,63,1,-0.006096,-1,0.010765,2021
1610604000000,2021-01-14,explore,63,1,0.000603,1,0.010264,2021
1610863200000,2021-01-17,explore,63,1,0.010679,1,0.0101,2021
1610949600000,2021-01-18,explore,63,1,0.018726,1,0.010149,2021
1611036000000,2021-01-19,explore,63,1,0.006065,1,0.010376,2021
1611122400000,2021-01-20,explore,63,1,-0.002033,-1,0.010391,2021
1611208800000,2021-01-21,explore,63,1,0.006799,1,0.010332,2021
1611468000000,2021-01-24,explore,63,1,0.000594,1,0.01032,2021
1611554400000,2021-01-25,explore,63,1,-0.022832,-1,0.010306,2021
1611640800000,2021-01-26,explore,63,1,0.00488,1,0.009933,2021
1611727200000,2021-01-27,explore,63,1,-0.016756,-1,0.009813,2021
1611813600000,2021-01-28,explore,63,1,0.019806,1,0.00969,2021
1612072800000,2021-01-31,explore,63,1,0.012731,1,0.009949,2021
1612159200000,2021-02-01,explore,63,1,-0.003265,-1,0.009941,2021
1612245600000,2021-02-02,explore,63,1,0.009111,1,0.009122,2021
1612332000000,2021-02-03,explore,63,1,0.002984,1,0.00885,2021
1612418400000,2021-02-04,explore,63,1,0.005003,1,0.008852,2021
1612677600000,2021-02-07,explore,63,1,-0.000161,-1,0.008505,2021
1612764000000,2021-02-08,explore,63,1,-0.00216,-1,0.008282,2021
1612850400000,2021-02-09,explore,63,1,0.005019,1,0.008051,2021
1612936800000,2021-02-10,explore,63,1,0.004426,1,0.008023,2021
1613023200000,2021-02-11,explore,63,1,0.003884,1,0.007998,2021
1613282400000,2021-02-14,explore,63,1,-0.006043,-1,0.007994,2021
1613368800000,2021-02-15,explore,63,1,-0.003981,-1,0.008042,2021
1613455200000,2021-02-16,explore,63,1,-0.003923,-1,0.008028,2021
1613541600000,2021-02-17,explore,63,1,-0.003362,-1,0.008042,2021
1613628000000,2021-02-18,explore,63,1,-0.021002,-1,0.008018,2021
1613887200000,2021-02-21,explore,63,1,-0.001948,-1,0.008509,2021
1613973600000,2021-02-22,explore,63,1,0.006628,1,0.008425,2021
1614060000000,2021-02-23,explore,63,1,-0.028648,-1,0.00844,2021
1614146400000,2021-02-24,explore,63,1,0.004886,1,0.009237,2021
1614232800000,2021-02-25,explore,63,1,0.022425,1,0.009223,2021
1614492000000,2021-02-28,explore,63,1,-0.013593,-1,0.009622,2021
1614578400000,2021-03-01,explore,63,1,-0.023032,-1,0.009705,2021
1614664800000,2021-03-02,explore,63,1,-0.014246,-1,0.010151,2021
1614751200000,2021-03-03,explore,63,-1,0.013122,1,0.010314,2021
1614837600000,2021-03-04,explore,63,1,-0.023154,-1,0.010439,2021
1615096800000,2021-03-07,explore,63,-1,0.03093,1,0.010821,2021
1615183200000,2021-03-08,explore,63,1,-0.002451,-1,0.01151,2021
1615269600000,2021-03-09,explore,63,1,0.018388,1,0.011303,2021
1615356000000,2021-03-10,explore,63,1,-0.007023,-1,0.011527,2021
1615442400000,2021-03-11,explore,63,1,0.008866,1,0.011563,2021
1615698000000,2021-03-13,explore,63,1,0.004373,1,0.01159,2021
1615784400000,2021-03-15,explore,63,1,0.00289,1,0.011558,2021
1615870800000,2021-03-16,explore,63,1,-0.025044,-1,0.011549,2021
1615957200000,2021-03-17,explore,63,1,0.004004,1,0.011974,2021
1616043600000,2021-03-18,explore,63,1,0.013928,1,0.01198,2021
1616302800000,2021-03-21,explore,63,1,-0.003995,-1,0.012102,2021
1616389200000,2021-03-22,explore,63,1,-0.013055,-1,0.012114,2021
1616475600000,2021-03-23,explore,63,1,-0.001456,-1,0.01222,2021
1616562000000,2021-03-24,explore,63,1,0.012095,1,0.012215,2021
1616648400000,2021-03-25,explore,63,1,-0.001364,-1,0.012269,2021
1616907600000,2021-03-28,explore,63,1,-0.004072,-1,0.012271,2021
1616994000000,2021-03-29,explore,63,1,0.012942,1,0.012282,2021
1617080400000,2021-03-30,explore,63,1,0.013662,1,0.012385,2021
1617166800000,2021-03-31,explore,63,1,0.0,0,0.012392,2021
1617253200000,2021-04-01,explore,63,1,0.016034,1,0.012368,2021
1617512400000,2021-04-04,explore,63,1,-0.000915,-1,0.012431,2021
1617598800000,2021-04-05,explore,63,1,0.002051,1,0.012208,2021
1617685200000,2021-04-06,explore,63,1,0.008395,1,0.012146,2021
1617771600000,2021-04-07,explore,63,1,0.004768,1,0.012075,2021
1617858000000,2021-04-08,explore,63,1,-0.001208,-1,0.012084,2021
1618117200000,2021-04-11,explore,63,1,0.009681,1,0.012075,2021
1618203600000,2021-04-12,explore,63,1,-0.010264,-1,0.012108,2021
1618290000000,2021-04-13,explore,63,1,0.012468,1,0.012159,2021
1618376400000,2021-04-14,explore,63,1,0.000892,1,0.012245,2021
1618462800000,2021-04-15,explore,63,1,-0.007635,-1,0.012184,2021
1618722000000,2021-04-18,explore,63,1,-0.005987,-1,0.012016,2021
1618808400000,2021-04-19,explore,63,1,0.007261,1,0.012023,2021
1618894800000,2021-04-20,explore,63,1,-0.00983,-1,0.01205,2021
1618981200000,2021-04-21,explore,63,1,0.010278,1,0.012093,2021
1619067600000,2021-04-22,explore,63,1,0.004877,1,0.012158,2021
1619326800000,2021-04-25,explore,63,1,-0.003374,-1,0.0118,2021
1619413200000,2021-04-26,explore,63,1,-0.003516,-1,0.0118,2021
1619499600000,2021-04-27,explore,63,1,0.003544,1,0.0116,2021
1619586000000,2021-04-28,explore,63,1,-0.005997,-1,0.011352,2021
1619672400000,2021-04-29,explore,63,1,-0.003493,-1,0.011276,2021
1619931600000,2021-05-02,explore,63,1,-0.014923,-1,0.011277,2021
1620018000000,2021-05-03,explore,63,-1,-0.002667,-1,0.011383,2021
1620104400000,2021-05-04,explore,63,-1,0.006316,1,0.011381,2021
1620190800000,2021-05-05,explore,63,-1,0.006584,1,0.011392,2021
1620277200000,2021-05-06,explore,63,1,-0.020899,-1,0.011423,2021
1620536400000,2021-05-09,explore,63,-1,-0.000643,-1,0.011721,2021
1620622800000,2021-05-10,explore,63,-1,-0.021023,-1,0.011702,2021
1620709200000,2021-05-11,explore,63,-1,0.006202,1,0.01197,2021
1620795600000,2021-05-12,explore,63,-1,0.017273,1,0.011988,2021
1620882000000,2021-05-13,explore,63,-1,-0.004999,-1,0.01218,2021
1621141200000,2021-05-16,explore,63,-1,-0.005507,-1,0.012185,2021
1621227600000,2021-05-17,explore,63,-1,0.001297,1,0.012194,2021
1621314000000,2021-05-18,explore,63,-1,0.015134,1,0.01219,2021
1621400400000,2021-05-19,explore,63,1,-0.00485,-1,0.01205,2021
1621486800000,2021-05-20,explore,63,1,0.013642,1,0.012064,2021
1621746000000,2021-05-23,explore,63,1,0.001235,1,0.012157,2021
1621832400000,2021-05-24,explore,63,1,0.002583,1,0.011577,2021
1621918800000,2021-05-25,explore,63,1,-0.002039,-1,0.011568,2021
1622005200000,2021-05-26,explore,63,1,0.001233,1,0.011234,2021
1622091600000,2021-05-27,explore,63,1,-0.001909,-1,0.011092,2021
1622350800000,2021-05-30,explore,63,1,-0.000309,-1,0.010677,2021
1622437200000,2021-05-31,explore,63,1,0.001469,1,0.0105,2021
1622523600000,2021-06-01,explore,63,1,-0.00852,-1,0.010388,2021
1622610000000,2021-06-02,explore,63,1,0.013966,1,0.009996,2021
1622696400000,2021-06-03,explore,63,1,0.002187,1,0.009393,2021
1622955600000,2021-06-06,explore,63,1,0.000422,1,0.009384,2021
1623042000000,2021-06-07,explore,63,1,0.00016,1,0.009117,2021
1623128400000,2021-06-08,explore,63,1,0.008784,1,0.009063,2021
1623214800000,2021-06-09,explore,63,1,0.002018,1,0.009062,2021
1623301200000,2021-06-10,explore,63,1,0.007547,1,0.009052,2021
1623560400000,2021-06-13,explore,63,1,-0.005475,-1,0.009088,2021
1623646800000,2021-06-14,explore,63,1,-0.002821,-1,0.008503,2021
1623733200000,2021-06-15,explore,63,1,0.010524,1,0.00851,2021
1623819600000,2021-06-16,explore,63,1,-0.006941,-1,0.008438,2021
1623906000000,2021-06-17,explore,63,1,0.005443,1,0.008474,2021
1624165200000,2021-06-20,explore,63,1,0.007301,1,0.008299,2021
1624251600000,2021-06-21,explore,63,1,0.000269,1,0.008326,2021
1624338000000,2021-06-22,explore,63,1,0.005161,1,0.008213,2021
1624424400000,2021-06-23,explore,63,1,-0.000861,-1,0.008221,2021
1624510800000,2021-06-24,explore,63,1,0.009748,1,0.008197,2021
1624770000000,2021-06-27,explore,63,1,0.00282,1,0.008134,2021
1624856400000,2021-06-28,explore,63,1,-0.000781,-1,0.007982,2021
1624942800000,2021-06-29,explore,63,1,-2.8e-05,-1,0.007985,2021
1625029200000,2021-06-30,explore,63,1,0.009179,1,0.007755,2021
1625115600000,2021-07-01,explore,63,1,-0.001189,-1,0.007821,2021
1625374800000,2021-07-04,explore,63,1,0.004598,1,0.007825,2021
1625461200000,2021-07-05,explore,63,1,0.001473,1,0.007782,2021
1625547600000,2021-07-06,explore,63,1,-0.004964,-1,0.007766,2021
1625634000000,2021-07-07,explore,63,1,0.005418,1,0.007797,2021
1625720400000,2021-07-08,explore,63,1,0.003226,1,0.007737,2021
1625979600000,2021-07-11,explore,63,1,-0.000233,-1,0.007613,2021
1626066000000,2021-07-12,explore,63,1,0.001466,1,0.007471,2021
1626152400000,2021-07-13,explore,63,1,-0.005724,-1,0.007471,2021
1626238800000,2021-07-14,explore,63,1,-0.006463,-1,0.00744,2021
1626325200000,2021-07-15,explore,63,1,-0.007217,-1,0.007447,2021
1626584400000,2021-07-18,explore,63,1,0.010109,1,0.007468,2021
1626670800000,2021-07-19,explore,63,1,0.005786,1,0.007443,2021
1626757200000,2021-07-20,explore,63,1,0.00552,1,0.007373,2021
1626843600000,2021-07-21,explore,63,1,0.009219,1,0.007379,2021
1626930000000,2021-07-22,explore,63,1,0.001069,1,0.007433,2021
1627189200000,2021-07-25,explore,63,1,-0.009236,-1,0.007411,2021
1627275600000,2021-07-26,explore,63,1,0.003474,1,0.007517,2021
1627362000000,2021-07-27,explore,63,1,0.001427,1,0.007471,2021
1627448400000,2021-07-28,explore,63,1,-0.004464,-1,0.007449,2021
1627534800000,2021-07-29,explore,63,1,-0.000164,-1,0.007197,2021
1627794000000,2021-08-01,explore,63,1,0.005089,1,0.007182,2021
1627880400000,2021-08-02,explore,63,1,0.001478,1,0.00717,2021
1627966800000,2021-08-03,explore,63,1,0.005096,1,0.007138,2021
1628053200000,2021-08-04,explore,63,1,-0.003904,-1,0.006567,2021
1628139600000,2021-08-05,explore,63,1,0.00161,1,0.006598,2021
1628398800000,2021-08-08,explore,63,1,-0.004375,-1,0.005929,2021
1628485200000,2021-08-09,explore,63,1,-0.001358,-1,0.005956,2021
1628571600000,2021-08-10,explore,63,1,0.003203,1,0.005628,2021
1628658000000,2021-08-11,explore,63,1,0.002558,1,0.00557,2021
1628744400000,2021-08-12,explore,63,1,0.000446,1,0.005496,2021
1629003600000,2021-08-15,explore,63,1,-0.007403,-1,0.005498,2021
1629090000000,2021-08-16,explore,63,1,-0.008103,-1,0.005343,2021
1629176400000,2021-08-17,explore,63,1,0.004312,1,0.00542,2021
1629262800000,2021-08-18,explore,63,1,0.008637,1,0.005201,2021
1629349200000,2021-08-19,explore,63,1,0.011727,1,0.005285,2021
1629608400000,2021-08-22,explore,63,1,0.002727,1,0.005444,2021
1629694800000,2021-08-23,explore,63,1,0.000547,1,0.005428,2021
1629781200000,2021-08-24,explore,63,1,-0.004868,-1,0.005429,2021
1629867600000,2021-08-25,explore,63,1,0.008105,1,0.005472,2021
1629954000000,2021-08-26,explore,63,1,0.009055,1,0.005531,2021
1630213200000,2021-08-29,explore,63,1,-0.000791,-1,0.00561,2021
1630299600000,2021-08-30,explore,63,1,0.00141,1,0.005465,2021
1630386000000,2021-08-31,explore,63,1,-0.000435,-1,0.00524,2021
1630472400000,2021-09-01,explore,63,1,0.002658,1,0.005246,2021
1630558800000,2021-09-02,explore,63,1,0.002651,1,0.005245,2021
1630818000000,2021-09-05,explore,63,1,-0.00143,-1,0.005243,2021
1630904400000,2021-09-06,explore,63,1,-0.002879,-1,0.005177,2021
1630990800000,2021-09-07,explore,63,1,-0.003164,-1,0.005206,2021
1631077200000,2021-09-08,explore,63,1,-0.006186,-1,0.005178,2021
1631163600000,2021-09-09,explore,63,1,-0.000213,-1,0.005194,2021
1631422800000,2021-09-12,explore,63,1,-0.002675,-1,0.005171,2021
1631509200000,2021-09-13,explore,63,1,0.006203,1,0.005057,2021
1631595600000,2021-09-14,explore,63,1,0.000688,1,0.004991,2021
1631682000000,2021-09-15,explore,63,1,-0.009761,-1,0.004964,2021
1631768400000,2021-09-16,explore,63,1,-0.017063,-1,0.00509,2021
1632027600000,2021-09-19,explore,63,1,0.000788,1,0.005572,2021
1632114000000,2021-09-20,explore,63,1,0.00755,1,0.005543,2021
1632200400000,2021-09-21,explore,63,1,0.007521,1,0.005608,2021
1632286800000,2021-09-22,explore,63,1,0.000816,1,0.005557,2021
1632373200000,2021-09-23,explore,63,1,-0.006653,-1,0.00555,2021
1632632400000,2021-09-26,explore,63,1,-0.023419,-1,0.005624,2021
1632718800000,2021-09-27,explore,63,1,-0.001379,-1,0.006384,2021
1632805200000,2021-09-28,explore,63,1,-0.003164,-1,0.006283,2021
1632891600000,2021-09-29,explore,63,-1,0.005355,1,0.006294,2021
1632978000000,2021-09-30,explore,63,1,-0.017623,-1,0.006303,2021
1633237200000,2021-10-03,explore,63,-1,0.010758,1,0.00668,2021
1633323600000,2021-10-04,explore,63,-1,0.005736,1,0.006795,2021
1633410000000,2021-10-05,explore,63,-1,0.006716,1,0.006799,2021
1633496400000,2021-10-06,explore,63,1,-0.004005,-1,0.006841,2021
1633582800000,2021-10-07,explore,63,-1,-0.005941,-1,0.006859,2021
1633842000000,2021-10-10,explore,63,-1,-0.002616,-1,0.006896,2021
1633928400000,2021-10-11,explore,63,-1,0.006136,1,0.006867,2021
1634014800000,2021-10-12,explore,63,1,0.014932,1,0.006862,2021
1634101200000,2021-10-13,explore,63,1,0.005266,1,0.007047,2021
1634187600000,2021-10-14,explore,63,1,0.00839,1,0.006966,2021
1634446800000,2021-10-17,explore,63,1,0.005767,1,0.007006,2021
1634533200000,2021-10-18,explore,63,1,-0.001119,-1,0.007009,2021
1634619600000,2021-10-19,explore,63,1,0.005383,1,0.00692,2021
1634706000000,2021-10-20,explore,63,1,-0.00733,-1,0.006949,2021
1634792400000,2021-10-21,explore,63,1,0.008231,1,0.006911,2021
1635051600000,2021-10-24,explore,63,1,0.002605,1,0.006972,2021
1635138000000,2021-10-25,explore,63,1,0.00223,1,0.006976,2021
1635224400000,2021-10-26,explore,63,1,0.009314,1,0.006951,2021
1635310800000,2021-10-27,explore,63,1,0.003844,1,0.007037,2021
1635397200000,2021-10-28,explore,63,1,0.002896,1,0.007027,2021
1635656400000,2021-10-31,explore,63,1,0.00347,1,0.007032,2021
1635742800000,2021-11-01,explore,63,1,0.008673,1,0.007018,2021
1635829200000,2021-11-02,explore,63,1,0.010249,1,0.007065,2021
1635915600000,2021-11-03,explore,63,1,0.001065,1,0.007162,2021
1636002000000,2021-11-04,explore,63,1,-0.001217,-1,0.007129,2021
1636264800000,2021-11-07,explore,63,1,-0.005852,-1,0.007128,2021
1636351200000,2021-11-08,explore,63,1,-0.011923,-1,0.007176,2021
1636437600000,2021-11-09,explore,63,1,0.00218,1,0.007354,2021
1636524000000,2021-11-10,explore,63,1,0.008723,1,0.007356,2021
1636610400000,2021-11-11,explore,63,1,-0.000255,-1,0.007348,2021
1636869600000,2021-11-14,explore,63,1,0.005758,1,0.007257,2021
1636956000000,2021-11-15,explore,63,1,0.000546,1,0.00727,2021
1637042400000,2021-11-16,explore,63,1,0.008583,1,0.007207,2021
1637128800000,2021-11-17,explore,63,1,0.004709,1,0.007142,2021
1637215200000,2021-11-18,explore,63,1,-0.009718,-1,0.007154,2021
1637474400000,2021-11-21,explore,63,1,-0.003548,-1,0.007281,2021
1637560800000,2021-11-22,explore,63,1,0.002738,1,0.007266,2021
1637647200000,2021-11-23,explore,63,1,0.001986,1,0.007211,2021
1637733600000,2021-11-24,explore,63,1,-0.018065,-1,0.007134,2021
1637820000000,2021-11-25,explore,63,1,0.017332,1,0.007513,2021
1638079200000,2021-11-28,explore,63,1,-0.012225,-1,0.00781,2021
1638165600000,2021-11-29,explore,63,1,-0.014478,-1,0.007976,2021
1638252000000,2021-11-30,explore,63,1,0.006149,1,0.008189,2021
1638338400000,2021-12-01,explore,63,1,-0.014076,-1,0.008218,2021
1638424800000,2021-12-02,explore,63,1,0.006523,1,0.008412,2021
1638684000000,2021-12-05,explore,63,1,0.02442,1,0.008442,2021
1638770400000,2021-12-06,explore,63,1,0.003762,1,0.008964,2021
1638856800000,2021-12-07,explore,63,1,-0.012454,-1,0.00893,2021
1638943200000,2021-12-08,explore,63,1,0.009175,1,0.009084,2021
1639029600000,2021-12-09,explore,63,1,-0.012765,-1,0.009138,2021
1639288800000,2021-12-12,explore,63,1,-0.008217,-1,0.009268,2021
1639375200000,2021-12-13,explore,63,1,0.018684,1,0.009332,2021
1639461600000,2021-12-14,explore,63,1,-0.021564,-1,0.009522,2021
1639548000000,2021-12-15,explore,63,1,-0.0041,-1,0.009674,2021
1639634400000,2021-12-16,explore,63,1,-0.008738,-1,0.009693,2021
1639893600000,2021-12-19,explore,63,1,0.018422,1,0.009723,2021
1639980000000,2021-12-20,explore,63,1,0.010039,1,0.009946,2021
1640066400000,2021-12-21,explore,63,1,0.00659,1,0.010018,2021
1640152800000,2021-12-22,explore,63,1,0.013177,1,0.01,2021
1640498400000,2021-12-26,explore,63,1,-0.003618,-1,0.009619,2021
1640584800000,2021-12-27,explore,63,1,0.000126,1,0.009634,2021
1640671200000,2021-12-28,explore,63,1,-0.003037,-1,0.009618,2021
1640757600000,2021-12-29,explore,63,1,-0.005543,-1,0.009622,2021
1640844000000,2021-12-30,explore,63,1,0.008329,1,0.009353,2021
1641103200000,2022-01-02,explore,63,1,-0.010616,-1,0.00932,2022
1641189600000,2022-01-03,explore,63,1,-0.026253,-1,0.009428,2022
1641276000000,2022-01-04,explore,63,1,-0.000392,-1,0.010017,2022
1641362400000,2022-01-05,explore,63,1,-0.009345,-1,0.01,2022
1641448800000,2022-01-06,explore,63,1,0.001423,1,0.010046,2022
1641708000000,2022-01-09,explore,63,1,0.011677,1,0.010037,2022
1641794400000,2022-01-10,explore,63,1,0.002924,1,0.010109,2022
1641880800000,2022-01-11,explore,63,1,-0.020822,-1,0.009952,2022
1641967200000,2022-01-12,explore,63,1,0.005576,1,0.010296,2022
1642053600000,2022-01-13,explore,63,1,-0.00215,-1,0.010267,2022
1642312800000,2022-01-16,explore,63,1,-0.018605,-1,0.010246,2022
1642399200000,2022-01-17,explore,63,-1,-0.009326,-1,0.010514,2022
1642485600000,2022-01-18,explore,63,-1,-0.01051,-1,0.010553,2022
1642572000000,2022-01-19,explore,63,-1,-0.023014,-1,0.010594,2022
1642658400000,2022-01-20,explore,63,-1,0.004176,1,0.010908,2022
1642917600000,2022-01-23,explore,63,-1,-0.020355,-1,0.010918,2022
1643004000000,2022-01-24,explore,63,-1,0.001013,1,0.011181,2022
1643090400000,2022-01-25,explore,63,-1,-0.009842,-1,0.011103,2022
1643176800000,2022-01-26,explore,63,-1,0.025374,1,0.011133,2022
1643263200000,2022-01-27,explore,63,-1,0.024075,1,0.011629,2022
1643522400000,2022-01-30,explore,63,-1,0.006978,1,0.012046,2022
1643608800000,2022-01-31,explore,63,-1,0.006497,1,0.012026,2022
1643695200000,2022-02-01,explore,63,-1,-0.034228,-1,0.011979,2022
1643781600000,2022-02-02,explore,63,-1,0.010756,1,0.012685,2022
1643868000000,2022-02-03,explore,63,-1,-0.006986,-1,0.01278,2022
1644127200000,2022-02-06,explore,63,-1,0.009695,1,0.012787,2022
1644213600000,2022-02-07,explore,63,-1,0.016631,1,0.01279,2022
1644300000000,2022-02-08,explore,63,-1,-0.018482,-1,0.012977,2022
1644386400000,2022-02-09,explore,63,-1,-0.025802,-1,0.013106,2022
1644472800000,2022-02-10,explore,63,-1,0.000709,1,0.013465,2022
1644732000000,2022-02-13,explore,63,-1,0.020018,1,0.013435,2022
1644818400000,2022-02-14,explore,63,-1,-0.000528,-1,0.01371,2022
1644904800000,2022-02-15,explore,63,-1,-0.024508,-1,0.01365,2022
1644991200000,2022-02-16,explore,63,-1,-0.009666,-1,0.013927,2022
1645077600000,2022-02-17,explore,63,-1,-0.01518,-1,0.013926,2022
1645336800000,2022-02-20,explore,63,-1,0.007481,1,0.014023,2022
1645423200000,2022-02-21,explore,63,-1,-0.020821,-1,0.014063,2022
1645509600000,2022-02-22,explore,63,-1,0.02682,1,0.014247,2022
1645596000000,2022-02-23,explore,63,-1,0.012875,1,0.014575,2022
1645682400000,2022-02-24,explore,63,-1,0.00209,1,0.014492,2022
1645941600000,2022-02-27,explore,63,-1,-0.012718,-1,0.014439,2022
1646028000000,2022-02-28,explore,63,-1,0.013357,1,0.014415,2022
1646114400000,2022-03-01,explore,63,-1,-0.01192,-1,0.014506,2022
1646200800000,2022-03-02,explore,63,-1,-0.011018,-1,0.014479,2022
1646287200000,2022-03-03,explore,63,-1,-0.030607,-1,0.014491,2022
1646546400000,2022-03-06,explore,63,-1,-0.003224,-1,0.014547,2022
1646632800000,2022-03-07,explore,63,-1,0.027714,1,0.014524,2022
1646719200000,2022-03-08,explore,63,-1,-0.008775,-1,0.014965,2022
1646805600000,2022-03-09,explore,63,-1,-0.017499,-1,0.014918,2022
1646892000000,2022-03-10,explore,63,-1,-0.014807,-1,0.014983,2022
1647147600000,2022-03-12,explore,63,-1,0.02439,1,0.015046,2022
1647234000000,2022-03-14,explore,63,-1,0.029291,1,0.015193,2022
1647320400000,2022-03-15,explore,63,-1,0.009076,1,0.01551,2022
1647406800000,2022-03-16,explore,63,-1,0.017333,1,0.015565,2022
1647493200000,2022-03-17,explore,63,-1,-0.00242,-1,0.015714,2022
1647752400000,2022-03-20,explore,63,-1,0.015845,1,0.015516,2022
1647838800000,2022-03-21,explore,63,-1,-0.011545,-1,0.015602,2022
1647925200000,2022-03-22,explore,63,-1,0.017612,1,0.015622,2022
1648011600000,2022-03-23,explore,63,-1,-0.000441,-1,0.015699,2022
1648098000000,2022-03-24,explore,63,-1,0.012575,1,0.015697,2022
1648357200000,2022-03-27,explore,63,-1,0.013655,1,0.015795,2022
1648443600000,2022-03-28,explore,63,-1,-0.00897,-1,0.015904,2022
1648530000000,2022-03-29,explore,63,-1,-0.011049,-1,0.015926,2022
1648616400000,2022-03-30,explore,63,-1,-0.000274,-1,0.015929,2022
1648702800000,2022-03-31,explore,63,-1,0.016337,1,0.015886,2022
1648962000000,2022-04-03,explore,63,-1,-0.018299,-1,0.015707,2022
1649048400000,2022-04-04,explore,63,-1,-0.017885,-1,0.015866,2022
1649134800000,2022-04-05,explore,63,-1,0.001718,1,0.015976,2022
1649221200000,2022-04-06,explore,63,-1,-0.011734,-1,0.015977,2022
1649307600000,2022-04-07,explore,63,-1,-0.01864,-1,0.015951,2022
1649566800000,2022-04-10,explore,63,-1,-0.00317,-1,0.01609,2022
1649653200000,2022-04-11,explore,63,-1,0.015834,1,0.015903,2022
1649739600000,2022-04-12,explore,63,-1,-0.018796,-1,0.016027,2022
1649826000000,2022-04-13,explore,63,-1,0.00081,1,0.01618,2022
1650171600000,2022-04-17,explore,63,-1,0.017744,1,0.016032,2022
1650258000000,2022-04-18,explore,63,-1,-0.012149,-1,0.016172,2022
1650344400000,2022-04-19,explore,63,-1,-0.016033,-1,0.016189,2022
1650430800000,2022-04-20,explore,63,-1,-0.022148,-1,0.016057,2022
1650517200000,2022-04-21,explore,63,-1,0.010832,1,0.016271,2022
1650776400000,2022-04-24,explore,63,-1,-0.031208,-1,0.016149,2022
1650862800000,2022-04-25,explore,63,-1,-0.000427,-1,0.016602,2022
1650949200000,2022-04-26,explore,63,-1,0.026835,1,0.016564,2022
1651035600000,2022-04-27,explore,63,-1,-0.036461,-1,0.016602,2022
1651122000000,2022-04-28,explore,63,-1,0.013523,1,0.016883,2022
1651381200000,2022-05-01,explore,63,-1,0.000881,1,0.016959,2022
1651467600000,2022-05-02,explore,63,-1,0.02659,1,0.016929,2022
1651554000000,2022-05-03,explore,63,-1,-0.040625,-1,0.016786,2022
1651640400000,2022-05-04,explore,63,-1,-0.010042,-1,0.017447,2022
1651726800000,2022-05-05,explore,63,-1,-0.031725,-1,0.017466,2022
1651986000000,2022-05-08,explore,63,-1,0.009919,1,0.017805,2022
1652072400000,2022-05-09,explore,63,-1,-0.024407,-1,0.017709,2022
1652158800000,2022-05-10,explore,63,-1,-0.001467,-1,0.017811,2022
1652245200000,2022-05-11,explore,63,-1,0.028017,1,0.017562,2022
1652331600000,2022-05-12,explore,63,-1,-0.008793,-1,0.017967,2022
1652590800000,2022-05-15,explore,63,-1,0.019991,1,0.017769,2022
1652677200000,2022-05-16,explore,63,-1,-0.039982,-1,0.017988,2022
1652763600000,2022-05-17,explore,63,-1,-0.003745,-1,0.018402,2022
1652850000000,2022-05-18,explore,63,-1,-0.002461,-1,0.018378,2022
1652936400000,2022-05-19,explore,63,-1,0.012698,1,0.018301,2022
1653195600000,2022-05-22,explore,63,-1,-0.017291,-1,0.018356,2022
1653282000000,2022-05-23,explore,63,-1,0.011239,1,0.018302,2022
1653368400000,2022-05-24,explore,63,-1,0.021756,1,0.018013,2022
1653454800000,2022-05-25,explore,63,-1,0.02513,1,0.018166,2022
1653541200000,2022-05-26,explore,63,-1,0.007708,1,0.018475,2022
1653800400000,2022-05-29,explore,63,-1,-0.009656,-1,0.018453,2022
1653886800000,2022-05-30,explore,63,-1,-0.005977,-1,0.01839,2022
1653973200000,2022-05-31,explore,63,-1,0.021286,1,0.018351,2022
1654059600000,2022-06-01,explore,63,-1,-0.021286,-1,0.018528,2022
1654146000000,2022-06-02,explore,63,-1,0.003384,1,0.018323,2022
1654405200000,2022-06-05,explore,63,-1,0.00664,1,0.018328,2022
1654491600000,2022-06-06,explore,63,-1,-0.005968,-1,0.017991,2022
1654578000000,2022-06-07,explore,63,-1,-0.021788,-1,0.017975,2022
1654664400000,2022-06-08,explore,63,-1,-0.028319,-1,0.018047,2022
1654750800000,2022-06-09,explore,63,-1,-0.036156,-1,0.018292,2022
1655010000000,2022-06-12,explore,63,-1,0.001294,1,0.018514,2022
1655096400000,2022-06-13,explore,63,-1,0.019045,1,0.018078,2022
1655182800000,2022-06-14,explore,63,-1,-0.032009,-1,0.018225,2022
1655269200000,2022-06-15,explore,63,-1,0.009572,1,0.018419,2022
1655355600000,2022-06-16,explore,63,-1,0.018975,1,0.01849,2022
1655701200000,2022-06-20,explore,63,-1,-0.000771,-1,0.018546,2022
1655787600000,2022-06-21,explore,63,-1,0.011452,1,0.018515,2022
1655874000000,2022-06-22,explore,63,-1,0.026367,1,0.018422,2022
1655960400000,2022-06-23,explore,63,-1,-0.006478,-1,0.018786,2022
1656219600000,2022-06-26,explore,63,-1,-0.024091,-1,0.018692,2022
1656306000000,2022-06-27,explore,63,-1,0.001115,1,0.018761,2022
1656392400000,2022-06-28,explore,63,-1,-0.010798,-1,0.018756,2022
1656478800000,2022-06-29,explore,63,-1,0.00548,1,0.018754,2022
1656565200000,2022-06-30,explore,63,-1,-0.00407,-1,0.018783,2022
1656824400000,2022-07-03,explore,63,-1,0.017171,1,0.018617,2022
1656910800000,2022-07-04,explore,63,-1,0.004723,1,0.018697,2022
1656997200000,2022-07-05,explore,63,-1,0.016818,1,0.018622,2022
1657083600000,2022-07-06,explore,63,-1,0.000871,1,0.018774,2022
1657170000000,2022-07-07,explore,63,-1,-0.017427,-1,0.01874,2022
1657429200000,2022-07-10,explore,63,-1,-0.006934,-1,0.018723,2022
1657515600000,2022-07-11,explore,63,-1,-0.001108,-1,0.018732,2022
1657602000000,2022-07-12,explore,63,-1,0.00233,1,0.018591,2022
1657688400000,2022-07-13,explore,63,-1,0.013772,1,0.018481,2022
1657774800000,2022-07-14,explore,63,-1,-0.006567,-1,0.018586,2022
1658034000000,2022-07-17,explore,63,-1,0.023776,1,0.018423,2022
1658120400000,2022-07-18,explore,63,-1,0.012169,1,0.018667,2022
1658206800000,2022-07-19,explore,63,-1,0.010991,1,0.018656,2022
1658293200000,2022-07-20,explore,63,-1,-0.013635,-1,0.018524,2022
1658379600000,2022-07-21,explore,63,-1,-0.004385,-1,0.018534,2022
1658638800000,2022-07-24,explore,63,-1,-0.015533,-1,0.018136,2022
1658725200000,2022-07-25,explore,63,-1,0.032239,1,0.018232,2022
1658811600000,2022-07-26,explore,63,-1,0.007395,1,0.018377,2022
1658898000000,2022-07-27,explore,63,-1,0.014444,1,0.017828,2022
1658984400000,2022-07-28,explore,63,-1,-0.000552,-1,0.01784,2022
1659243600000,2022-07-31,explore,63,-1,-0.002333,-1,0.017839,2022
1659330000000,2022-08-01,explore,63,-1,0.021102,1,0.017509,2022
1659416400000,2022-08-02,explore,63,1,0.003334,1,0.016952,2022
1659502800000,2022-08-03,explore,63,1,-0.00591,-1,0.016903,2022
1659589200000,2022-08-04,explore,63,1,-0.002749,-1,0.016413,2022
1659848400000,2022-08-07,explore,63,1,-0.009223,-1,0.01638,2022
1659934800000,2022-08-08,explore,63,1,0.021773,1,0.016113,2022
1660021200000,2022-08-09,explore,63,1,-0.004836,-1,0.016319,2022
1660107600000,2022-08-10,explore,63,1,0.015872,1,0.015976,2022
1660194000000,2022-08-11,explore,63,1,0.006097,1,0.016038,2022
1660453200000,2022-08-14,explore,63,1,-0.001352,-1,0.015871,2022
1660539600000,2022-08-15,explore,63,1,-0.009751,-1,0.014981,2022
1660626000000,2022-08-16,explore,63,1,0.00178,1,0.015035,2022
1660712400000,2022-08-17,explore,63,1,-0.015216,-1,0.015026,2022
1660798800000,2022-08-18,explore,63,1,-0.021829,-1,0.015106,2022
1661058000000,2022-08-21,explore,63,1,-0.000815,-1,0.015206,2022
1661144400000,2022-08-22,explore,63,1,0.002045,1,0.015153,2022
1661230800000,2022-08-23,explore,63,1,0.013805,1,0.014917,2022
1661317200000,2022-08-24,explore,63,1,-0.032988,-1,0.014683,2022
1661403600000,2022-08-25,explore,63,-1,-0.008033,-1,0.015243,2022
1661662800000,2022-08-28,explore,63,-1,-0.008496,-1,0.015228,2022
1661749200000,2022-08-29,explore,63,-1,-0.004691,-1,0.015247,2022
1661835600000,2022-08-30,explore,63,-1,0.000448,1,0.015005,2022
1661922000000,2022-08-31,explore,63,-1,-0.012094,-1,0.01477,2022
1662008400000,2022-09-01,explore,63,-1,0.00194,1,0.014837,2022
1662267600000,2022-09-04,explore,63,-1,-0.007473,-1,0.014812,2022
1662354000000,2022-09-05,explore,63,-1,0.015771,1,0.014822,2022
1662440400000,2022-09-06,explore,63,-1,0.003773,1,0.014712,2022
1662526800000,2022-09-07,explore,63,1,0.017273,1,0.014266,2022
1662613200000,2022-09-08,explore,63,1,0.009567,1,0.013628,2022
1662872400000,2022-09-11,explore,63,1,-0.04497,-1,0.013668,2022
1662958800000,2022-09-12,explore,63,1,0.006898,1,0.01468,2022
1663045200000,2022-09-13,explore,63,1,-0.013958,-1,0.0141,2022
1663131600000,2022-09-14,explore,63,1,-0.004855,-1,0.014182,2022
1663218000000,2022-09-15,explore,63,1,0.005934,1,0.014003,2022
1663477200000,2022-09-18,explore,63,1,-0.006675,-1,0.01402,2022
1663563600000,2022-09-19,explore,63,1,-0.014068,-1,0.013976,2022
1663650000000,2022-09-20,explore,63,-1,-0.009692,-1,0.013676,2022
1663736400000,2022-09-21,explore,63,-1,-0.012803,-1,0.013705,2022
1663822800000,2022-09-22,explore,63,-1,-0.004139,-1,0.013464,2022
1664082000000,2022-09-25,explore,63,-1,0.001199,1,0.013471,2022
1664168400000,2022-09-26,explore,63,-1,0.015086,1,0.013407,2022
1664254800000,2022-09-27,explore,63,-1,-0.022336,-1,0.013528,2022
1664341200000,2022-09-28,explore,63,-1,-0.013383,-1,0.013806,2022
1664427600000,2022-09-29,explore,63,-1,0.017341,1,0.013715,2022
1664686800000,2022-10-02,explore,63,-1,0.024094,1,0.013889,2022
1664773200000,2022-10-03,explore,63,-1,-0.001141,-1,0.014066,2022
1664859600000,2022-10-04,explore,63,-1,-0.00552,-1,0.014065,2022
1664946000000,2022-10-05,explore,63,-1,-0.030171,-1,0.013915,2022
1665032400000,2022-10-06,explore,63,-1,-0.008174,-1,0.01439,2022
1665291600000,2022-10-09,explore,63,-1,-0.009834,-1,0.01442,2022
1665378000000,2022-10-10,explore,63,-1,-0.000319,-1,0.014457,2022
1665464400000,2022-10-11,explore,63,-1,0.017091,1,0.014331,2022
1665550800000,2022-10-12,explore,63,-1,-0.023952,-1,0.014501,2022
1665637200000,2022-10-13,explore,63,-1,0.025797,1,0.014434,2022
1665896400000,2022-10-16,explore,63,-1,0.006135,1,0.014745,2022
1665982800000,2022-10-17,explore,63,-1,-0.003149,-1,0.014691,2022
1666069200000,2022-10-18,explore,63,-1,-0.004342,-1,0.014611,2022
1666155600000,2022-10-19,explore,63,-1,0.018471,1,0.014611,2022
1666242000000,2022-10-20,explore,63,-1,0.006897,1,0.014709,2022
1666501200000,2022-10-23,explore,63,-1,0.017079,1,0.014124,2022
1666587600000,2022-10-24,explore,63,-1,-0.018013,-1,0.014271,2022
1666674000000,2022-10-25,explore,63,-1,-0.014423,-1,0.014286,2022
1666760400000,2022-10-26,explore,63,-1,0.023958,1,0.014376,2022
1666846800000,2022-10-27,explore,63,-1,-0.00945,-1,0.014739,2022
1667106000000,2022-10-30,explore,63,-1,-0.007861,-1,0.014486,2022
1667192400000,2022-10-31,explore,63,-1,-0.026894,-1,0.014489,2022
1667278800000,2022-11-01,explore,63,-1,-0.015329,-1,0.014815,2022
1667365200000,2022-11-02,explore,63,-1,0.011505,1,0.014904,2022
1667451600000,2022-11-03,explore,63,-1,0.008718,1,0.014985,2022
1667714400000,2022-11-06,explore,63,-1,0.005584,1,0.014735,2022
1667800800000,2022-11-07,explore,63,-1,-0.018513,-1,0.014767,2022
1667887200000,2022-11-08,explore,63,-1,0.055279,1,0.014718,2022
1667973600000,2022-11-09,explore,63,-1,0.014373,1,0.016409,2022
1668060000000,2022-11-10,explore,63,-1,-0.007519,-1,0.01654,2022
1668319200000,2022-11-13,explore,63,-1,0.011232,1,0.016525,2022
1668405600000,2022-11-14,explore,63,-1,-0.010916,-1,0.016602,2022
1668492000000,2022-11-15,explore,63,-1,-0.001934,-1,0.016554,2022
1668578400000,2022-11-16,explore,63,-1,-0.000167,-1,0.01635,2022
1668664800000,2022-11-17,explore,63,-1,-0.008043,-1,0.016351,2022
1668924000000,2022-11-20,explore,63,-1,0.011143,1,0.016367,2022
1669010400000,2022-11-21,explore,63,-1,0.007178,1,0.01633,2022
1669096800000,2022-11-22,explore,63,-1,0.003117,1,0.015858,2022
1669183200000,2022-11-23,explore,63,-1,-0.008417,-1,0.015839,2022
1669269600000,2022-11-24,explore,63,-1,-0.011122,-1,0.015838,2022
1669528800000,2022-11-27,explore,63,-1,-0.006588,-1,0.015885,2022
1669615200000,2022-11-28,explore,63,-1,0.0348,1,0.015901,2022
1669701600000,2022-11-29,explore,63,-1,0.001338,1,0.016456,2022
1669788000000,2022-11-30,explore,63,-1,-0.00343,-1,0.016455,2022
1669874400000,2022-12-01,explore,63,-1,-0.013473,-1,0.016434,2022
1670133600000,2022-12-04,explore,63,-1,-0.016029,-1,0.016392,2022
1670220000000,2022-12-05,explore,63,-1,-0.003815,-1,0.016497,2022
1670306400000,2022-12-06,explore,63,-1,0.009159,1,0.016336,2022
1670392800000,2022-12-07,explore,63,-1,-0.005091,-1,0.016332,2022
1670479200000,2022-12-08,explore,63,-1,0.009556,1,0.015352,2022
1670738400000,2022-12-11,explore,63,-1,0.008573,1,0.015376,2022
1670824800000,2022-12-12,explore,63,-1,-0.005956,-1,0.015321,2022
1670911200000,2022-12-13,explore,63,-1,-0.027808,-1,0.015327,2022
1670997600000,2022-12-14,explore,63,-1,-0.007712,-1,0.015694,2022
1671084000000,2022-12-15,explore,63,-1,-0.010504,-1,0.015701,2022
1671343200000,2022-12-18,explore,63,-1,-0.001221,-1,0.015659,2022
1671429600000,2022-12-19,explore,63,-1,0.011018,1,0.015617,2022
1671516000000,2022-12-20,explore,63,-1,-0.019533,-1,0.015604,2022
1671602400000,2022-12-21,explore,63,-1,0.001477,1,0.015786,2022
1671688800000,2022-12-22,explore,63,-1,-0.011291,-1,0.015787,2022
1672034400000,2022-12-26,explore,63,-1,-0.010198,-1,0.015719,2022
1672120800000,2022-12-27,explore,63,-1,0.018497,1,0.015524,2022
1672207200000,2022-12-28,explore,63,-1,-0.00074,-1,0.015621,2022
1672293600000,2022-12-29,explore,63,-1,-0.005429,-1,0.01546,2022
1672639200000,2023-01-02,explore,63,-1,0.003805,1,0.015149,2023
1672725600000,2023-01-03,explore,63,-1,-0.012728,-1,0.015161,2023
1672812000000,2023-01-04,explore,63,-1,0.020768,1,0.015224,2023
1672898400000,2023-01-05,explore,63,-1,0.005034,1,0.014997,2023
1673157600000,2023-01-08,explore,63,1,0.006707,1,0.014975,2023
1673244000000,2023-01-09,explore,63,1,0.013384,1,0.014943,2023
1673330400000,2023-01-10,explore,63,1,0.00394,1,0.015032,2023
1673416800000,2023-01-11,explore,63,1,0.005009,1,0.01489,2023
1673503200000,2023-01-12,explore,63,1,-0.002968,-1,0.014571,2023
1673762400000,2023-01-15,explore,63,1,0.004085,1,0.014222,2023
1673848800000,2023-01-16,explore,63,1,-0.010116,-1,0.014211,2023
1673935200000,2023-01-17,explore,63,1,-0.008185,-1,0.014265,2023
1674021600000,2023-01-18,explore,63,1,0.021847,1,0.014293,2023
1674108000000,2023-01-19,explore,63,1,0.01718,1,0.014369,2023
1674367200000,2023-01-22,explore,63,1,-0.001625,-1,0.014504,2023
1674453600000,2023-01-23,explore,63,1,-0.002409,-1,0.014347,2023
1674540000000,2023-01-24,explore,63,1,0.015419,1,0.014164,2023
1674626400000,2023-01-25,explore,63,1,0.00754,1,0.014161,2023
1674712800000,2023-01-26,explore,63,1,-0.016674,-1,0.013876,2023
1674972000000,2023-01-29,explore,63,1,0.012094,1,0.01399,2023
1675058400000,2023-01-30,explore,63,1,0.016989,1,0.014025,2023
1675144800000,2023-01-31,explore,63,1,0.027402,1,0.013716,2023
1675231200000,2023-02-01,explore,63,1,-0.014019,-1,0.013928,2023
1675317600000,2023-02-02,explore,63,1,-0.006901,-1,0.014022,2023
1675576800000,2023-02-05,explore,63,1,0.016535,1,0.014034,2023
1675663200000,2023-02-06,explore,63,1,-0.014638,-1,0.014153,2023
1675749600000,2023-02-07,explore,63,1,-0.007657,-1,0.014073,2023
1675836000000,2023-02-08,explore,63,1,-0.0051,-1,0.012334,2023
1675922400000,2023-02-09,explore,63,1,0.012454,1,0.01223,2023
1676181600000,2023-02-12,explore,63,1,0.00575,1,0.01228,2023
1676268000000,2023-02-13,explore,63,1,0.006252,1,0.012224,2023
1676354400000,2023-02-14,explore,63,1,-0.015705,-1,0.012154,2023
1676440800000,2023-02-15,explore,63,1,-0.005933,-1,0.012328,2023
1676527200000,2023-02-16,explore,63,1,-0.001497,-1,0.012356,2023
1676786400000,2023-02-19,explore,63,1,-0.017549,-1,0.012309,2023
1676872800000,2023-02-20,explore,63,1,4.9e-05,1,0.012446,2023
1676959200000,2023-02-21,explore,63,1,0.007187,1,0.012415,2023
1677045600000,2023-02-22,explore,63,1,-0.013798,-1,0.012441,2023
1677132000000,2023-02-23,explore,63,1,0.005677,1,0.012519,2023
1677391200000,2023-02-26,explore,63,1,-0.000722,-1,0.012455,2023
1677477600000,2023-02-27,explore,63,1,-0.007284,-1,0.012424,2023
1677564000000,2023-02-28,explore,63,-1,0.00661,1,0.011656,2023
1677650400000,2023-03-01,explore,63,-1,0.016248,1,0.011686,2023
1677736800000,2023-03-02,explore,63,1,0.000792,1,0.011858,2023
1677996000000,2023-03-05,explore,63,1,-0.010033,-1,0.011728,2023
1678082400000,2023-03-06,explore,63,1,0.003859,1,0.011616,2023
1678168800000,2023-03-07,explore,63,1,-0.014472,-1,0.01161,2023
1678255200000,2023-03-08,explore,63,1,-0.011076,-1,0.011712,2023
1678341600000,2023-03-09,explore,63,1,0.00615,1,0.01178,2023
1678597200000,2023-03-11,explore,63,1,0.01852,1,0.011744,2023
1678683600000,2023-03-13,explore,63,1,0.002648,1,0.011925,2023
1678770000000,2023-03-14,explore,63,1,0.021682,1,0.011902,2023
1678856400000,2023-03-15,explore,63,1,-0.004503,-1,0.01164,2023
1678942800000,2023-03-16,explore,63,1,0.002787,1,0.011608,2023
1679202000000,2023-03-19,explore,63,1,0.011307,1,0.011511,2023
1679288400000,2023-03-20,explore,63,1,-0.010131,-1,0.011572,2023
1679374800000,2023-03-21,explore,63,1,0.009297,1,0.011603,2023
1679461200000,2023-03-22,explore,63,1,0.002279,1,0.011333,2023
1679547600000,2023-03-23,explore,63,1,-0.006411,-1,0.011333,2023
1679806800000,2023-03-26,explore,63,1,-0.003546,-1,0.011258,2023
1679893200000,2023-03-27,explore,63,1,0.014641,1,0.011174,2023
1679979600000,2023-03-28,explore,63,1,0.007287,1,0.011093,2023
1680066000000,2023-03-29,explore,63,1,0.013545,1,0.011108,2023
1680152400000,2023-03-30,explore,63,1,-0.001946,-1,0.011159,2023
1680411600000,2023-04-02,explore,63,1,-0.003133,-1,0.011171,2023
1680498000000,2023-04-03,explore,63,1,-0.00991,-1,0.011028,2023
1680584400000,2023-04-04,explore,63,1,0.006489,1,0.01088,2023
1680670800000,2023-04-05,explore,63,1,0.001065,1,0.010888,2023
1680757200000,2023-04-06,explore,63,1,-0.00091,-1,0.010871,2023
1681016400000,2023-04-09,explore,63,1,-0.005246,-1,0.010775,2023
1681102800000,2023-04-10,explore,63,1,-0.00771,-1,0.010805,2023
1681189200000,2023-04-11,explore,63,1,0.013866,1,0.010857,2023
1681275600000,2023-04-12,explore,63,1,0.00114,1,0.010958,2023
1681362000000,2023-04-13,explore,63,1,-0.000786,-1,0.010953,2023
1681621200000,2023-04-16,explore,63,1,0.000401,1,0.010856,2023
1681707600000,2023-04-17,explore,63,1,-0.001558,-1,0.010785,2023
1681794000000,2023-04-18,explore,63,1,-0.005789,-1,0.010481,2023
1681880400000,2023-04-19,explore,63,1,0.001008,1,0.010321,2023
1681966800000,2023-04-20,explore,63,1,-0.002111,-1,0.010316,2023
1682226000000,2023-04-23,explore,63,1,-0.015472,-1,0.010314,2023
1682312400000,2023-04-24,explore,63,1,0.004928,1,0.010356,2023
1682398800000,2023-04-25,explore,63,1,0.021348,1,0.010333,2023
1682485200000,2023-04-26,explore,63,1,0.005458,1,0.01042,2023
1682571600000,2023-04-27,explore,63,1,-0.000826,-1,0.010341,2023
1682830800000,2023-04-30,explore,63,1,-0.007511,-1,0.01014,2023
1682917200000,2023-05-01,explore,63,1,-0.005178,-1,0.0096,2023
1683003600000,2023-05-02,explore,63,1,-0.00354,-1,0.009452,2023
1683090000000,2023-05-03,explore,63,1,0.016901,1,0.00942,2023
1683176400000,2023-05-04,explore,63,1,0.002108,1,0.009431,2023
1683435600000,2023-05-07,explore,63,1,-0.005355,-1,0.009233,2023
1683522000000,2023-05-08,explore,63,1,0.008843,1,0.009204,2023
1683608400000,2023-05-09,explore,63,1,0.002248,1,0.00923,2023
1683694800000,2023-05-10,explore,63,1,-0.003054,-1,0.009113,2023
1683781200000,2023-05-11,explore,63,1,0.004131,1,0.009103,2023
1684040400000,2023-05-14,explore,63,1,0.001151,1,0.009086,2023
1684126800000,2023-05-15,explore,63,1,0.009657,1,0.008843,2023
1684213200000,2023-05-16,explore,63,1,0.014911,1,0.008868,2023
1684299600000,2023-05-17,explore,63,1,-0.002129,-1,0.009029,2023
1684386000000,2023-05-18,explore,63,1,0.002631,1,0.008712,2023
1684645200000,2023-05-21,explore,63,1,-0.010313,-1,0.00871,2023
1684731600000,2023-05-22,explore,63,1,-0.004695,-1,0.00881,2023
1684818000000,2023-05-23,explore,63,1,0.019369,1,0.008629,2023
1684904400000,2023-05-24,explore,63,1,0.020715,1,0.008904,2023
1684990800000,2023-05-25,explore,63,1,0.004238,1,0.009212,2023
1685250000000,2023-05-28,explore,63,1,-0.000545,-1,0.009137,2023
1685336400000,2023-05-29,explore,63,1,-0.005538,-1,0.009127,2023
1685422800000,2023-05-30,explore,63,1,0.009861,1,0.008996,2023
1685509200000,2023-05-31,explore,63,1,0.005867,1,0.009052,2023
1685595600000,2023-06-01,explore,63,1,0.000766,1,0.008933,2023
1685854800000,2023-06-04,explore,63,1,-0.000128,-1,0.008932,2023
1685941200000,2023-06-05,explore,63,1,-0.01458,-1,0.008681,2023
1686027600000,2023-06-06,explore,63,1,0.009829,1,0.008779,2023
1686114000000,2023-06-07,explore,63,1,0.003032,1,0.008817,2023
1686200400000,2023-06-08,explore,63,1,0.014212,1,0.008573,2023
1686459600000,2023-06-11,explore,63,1,0.006273,1,0.008706,2023
1686546000000,2023-06-12,explore,63,1,0.005569,1,0.008364,2023
1686632400000,2023-06-13,explore,63,1,0.009634,1,0.008332,2023
1686718800000,2023-06-14,explore,63,1,-0.005833,-1,0.008384,2023
1686805200000,2023-06-15,explore,63,1,-0.001671,-1,0.008366,2023
1687064400000,2023-06-18,explore,63,1,0.001036,1,0.008234,2023
1687150800000,2023-06-19,explore,63,1,-0.011804,-1,0.008185,2023
1687237200000,2023-06-20,explore,63,1,0.009496,1,0.00837,2023
1687323600000,2023-06-21,explore,63,1,-0.0087,-1,0.008356,2023
1687410000000,2023-06-22,explore,63,1,-0.011328,-1,0.008437,2023
1687669200000,2023-06-25,explore,63,1,0.014297,1,0.008445,2023
1687755600000,2023-06-26,explore,63,1,0.001029,1,0.008567,2023
1687842000000,2023-06-27,explore,63,1,-0.001656,-1,0.008432,2023
1687928400000,2023-06-28,explore,63,1,0.013101,1,0.00843,2023
1688014800000,2023-06-29,explore,63,1,0.001524,1,0.008533,2023
1688274000000,2023-07-02,explore,63,1,-0.001098,-1,0.008401,2023
1688360400000,2023-07-03,explore,63,1,0.000879,1,0.008389,2023
1688446800000,2023-07-04,explore,63,1,-0.006762,-1,0.00839,2023
1688533200000,2023-07-05,explore,63,1,-0.003114,-1,0.008453,2023
1688619600000,2023-07-06,explore,63,1,0.000291,1,0.008428,2023
1688878800000,2023-07-09,explore,63,1,0.004038,1,0.008343,2023
1688965200000,2023-07-10,explore,63,1,0.010148,1,0.008207,2023
1689051600000,2023-07-11,explore,63,1,0.014473,1,0.008274,2023
1689138000000,2023-07-12,explore,63,1,-0.00093,-1,0.008416,2023
1689224400000,2023-07-13,explore,63,1,0.007868,1,0.008422,2023
1689483600000,2023-07-16,explore,63,1,0.007143,1,0.008439,2023
1689570000000,2023-07-17,explore,63,1,-0.000824,-1,0.008397,2023
1689656400000,2023-07-18,explore,63,1,-0.019702,-1,0.008406,2023
1689742800000,2023-07-19,explore,63,1,-0.002837,-1,0.00884,2023
1689829200000,2023-07-20,explore,63,1,0.001155,1,0.008573,2023
1690088400000,2023-07-23,explore,63,1,0.00605,1,0.008568,2023
1690174800000,2023-07-24,explore,63,1,-0.003366,-1,0.00823,2023
1690261200000,2023-07-25,explore,63,1,-0.002155,-1,0.008246,2023
1690347600000,2023-07-26,explore,63,1,0.014896,1,0.008255,2023
1690434000000,2023-07-27,explore,63,1,0.000535,1,0.008325,2023
1690693200000,2023-07-30,explore,63,1,-0.002154,-1,0.008274,2023
1690779600000,2023-07-31,explore,63,1,-0.018611,-1,0.00826,2023
1690866000000,2023-08-01,explore,63,1,-0.001871,-1,0.008462,2023
1690952400000,2023-08-02,explore,63,1,-0.00404,-1,0.008474,2023
1691038800000,2023-08-03,explore,63,1,0.006593,1,0.008458,2023
1691298000000,2023-08-06,explore,63,1,-0.007183,-1,0.008433,2023
1691384400000,2023-08-07,explore,63,1,-0.009714,-1,0.008507,2023
1691470800000,2023-08-08,explore,63,1,0.001275,1,0.008606,2023
1691557200000,2023-08-09,explore,63,1,-0.005861,-1,0.008599,2023
1691643600000,2023-08-10,explore,63,1,0.009675,1,0.008648,2023
1691902800000,2023-08-13,explore,63,1,-0.009077,-1,0.008649,2023
1691989200000,2023-08-14,explore,63,1,-0.009188,-1,0.008568,2023
1692075600000,2023-08-15,explore,63,1,-0.009273,-1,0.008655,2023
1692162000000,2023-08-16,explore,63,1,-0.00193,-1,0.008744,2023
1692248400000,2023-08-17,explore,63,1,0.013645,1,0.008638,2023
1692507600000,2023-08-20,explore,63,1,-0.001529,-1,0.008759,2023
1692594000000,2023-08-21,explore,63,1,0.013218,1,0.008445,2023
1692680400000,2023-08-22,explore,63,1,-0.018651,-1,0.008208,2023
1692766800000,2023-08-23,explore,63,1,0.006597,1,0.008545,2023
1692853200000,2023-08-24,explore,63,1,0.006331,1,0.008581,2023
1693112400000,2023-08-27,explore,63,1,0.017853,1,0.00858,2023
1693198800000,2023-08-28,explore,63,1,0.004669,1,0.008777,2023
1693285200000,2023-08-29,explore,63,1,0.002027,1,0.008767,2023
1693371600000,2023-08-30,explore,63,1,-0.001211,-1,0.008768,2023
1693458000000,2023-08-31,explore,63,1,0.000381,1,0.008771,2023
1693717200000,2023-09-03,explore,63,1,0.000612,1,0.008551,2023
1693803600000,2023-09-04,explore,63,1,-0.007369,-1,0.008475,2023
1693890000000,2023-09-05,explore,63,1,-0.006445,-1,0.008531,2023
1693976400000,2023-09-06,explore,63,1,0.000841,1,0.008394,2023
1694062800000,2023-09-07,explore,63,1,0.009964,1,0.00836,2023
1694322000000,2023-09-10,explore,63,1,-0.009551,-1,0.008423,2023
1694408400000,2023-09-11,explore,63,-1,0.002873,1,0.008425,2023
1694494800000,2023-09-12,explore,63,1,0.006636,1,0.0084,2023
1694581200000,2023-09-13,explore,63,1,-0.015462,-1,0.008438,2023
1694667600000,2023-09-14,explore,63,-1,0.001232,1,0.008665,2023
1694926800000,2023-09-17,explore,63,1,-0.002174,-1,0.008534,2023
1695013200000,2023-09-18,explore,63,-1,-0.012457,-1,0.008454,2023
1695099600000,2023-09-19,explore,63,-1,-0.016374,-1,0.008529,2023
1695186000000,2023-09-20,explore,63,-1,0.000385,1,0.008659,2023
1695272400000,2023-09-21,explore,63,-1,0.003744,1,0.00846,2023
1695531600000,2023-09-24,explore,63,-1,-0.012598,-1,0.008474,2023
1695618000000,2023-09-25,explore,63,-1,0.001381,1,0.008612,2023
1695704400000,2023-09-26,explore,63,-1,0.006917,1,0.008438,2023
1695790800000,2023-09-27,explore,63,-1,0.000385,1,0.008488,2023
1695877200000,2023-09-28,explore,63,-1,0.006725,1,0.008489,2023
1696136400000,2023-10-01,explore,63,-1,-0.015437,-1,0.008537,2023
1696222800000,2023-10-02,explore,63,-1,0.011973,1,0.008708,2023
1696309200000,2023-10-03,explore,63,-1,-0.003533,-1,0.008845,2023
1696395600000,2023-10-04,explore,63,-1,0.014183,1,0.008853,2023
1696482000000,2023-10-05,explore,63,-1,0.004212,1,0.009027,2023
1696741200000,2023-10-08,explore,63,-1,0.005351,1,0.008947,2023
1696827600000,2023-10-09,explore,63,-1,0.005406,1,0.008775,2023
1696914000000,2023-10-10,explore,63,-1,-0.00361,-1,0.008806,2023
1697000400000,2023-10-11,explore,63,-1,-0.010895,-1,0.00875,2023
1697086800000,2023-10-12,explore,63,-1,0.009475,1,0.008787,2023
1697346000000,2023-10-15,explore,63,-1,-0.00272,-1,0.008884,2023
1697432400000,2023-10-16,explore,63,-1,-0.012113,-1,0.008551,2023
1697518800000,2023-10-17,explore,63,-1,-0.007678,-1,0.008671,2023
1697605200000,2023-10-18,explore,63,-1,-0.012963,-1,0.008713,2023
1697691600000,2023-10-19,explore,63,-1,0.002767,1,0.008802,2023
1697950800000,2023-10-22,explore,63,-1,0.007714,1,0.00881,2023
1698037200000,2023-10-23,explore,63,-1,-0.021262,-1,0.008876,2023
1698123600000,2023-10-24,explore,63,-1,-0.016727,-1,0.009012,2023
1698210000000,2023-10-25,explore,63,-1,0.004219,1,0.009213,2023
1698296400000,2023-10-26,explore,63,-1,0.008898,1,0.009242,2023
1698555600000,2023-10-29,explore,63,-1,0.00431,1,0.009072,2023
1698642000000,2023-10-30,explore,63,-1,0.014718,1,0.009097,2023
1698728400000,2023-10-31,explore,63,-1,0.014462,1,0.009302,2023
1698814800000,2023-11-01,explore,63,-1,0.010185,1,0.009453,2023
1698901200000,2023-11-02,explore,63,-1,0.003009,1,0.009511,2023
1699164000000,2023-11-05,explore,63,-1,0.007892,1,0.009443,2023
1699250400000,2023-11-06,explore,63,-1,0.000679,1,0.009496,2023
1699336800000,2023-11-07,explore,63,1,-0.007259,-1,0.009467,2023
1699423200000,2023-11-08,explore,63,-1,0.018816,1,0.00943,2023
1699509600000,2023-11-09,explore,63,1,-0.002702,-1,0.009658,2023
1699768800000,2023-11-12,explore,63,1,0.018113,1,0.00959,2023
1699855200000,2023-11-13,explore,63,1,0.000512,1,0.009765,2023
1699941600000,2023-11-14,explore,63,1,0.000445,1,0.009759,2023
1700028000000,2023-11-15,explore,63,1,-9.4e-05,-1,0.009621,2023
1700114400000,2023-11-16,explore,63,1,0.010229,1,0.009617,2023
1700373600000,2023-11-19,explore,63,1,-0.005148,-1,0.009561,2023
1700460000000,2023-11-20,explore,63,1,0.003159,1,0.00927,2023
1700546400000,2023-11-21,explore,63,1,0.000695,1,0.009245,2023
1700632800000,2023-11-22,explore,63,1,-0.002206,-1,0.009218,2023
1700719200000,2023-11-23,explore,63,1,-0.000656,-1,0.008957,2023
1700978400000,2023-11-26,explore,63,1,0.0021,1,0.008941,2023
1701064800000,2023-11-27,explore,63,1,-0.001297,-1,0.008941,2023
1701151200000,2023-11-28,explore,63,1,-0.00205,-1,0.008941,2023
1701237600000,2023-11-29,explore,63,1,0.00205,1,0.008946,2023
1701324000000,2023-11-30,explore,63,1,-0.008318,-1,0.008949,2023
1701583200000,2023-12-03,explore,63,1,0.002143,1,0.008963,2023
1701669600000,2023-12-04,explore,63,1,-0.005049,-1,0.008925,2023
1701756000000,2023-12-05,explore,63,1,0.012026,1,0.008951,2023
1701842400000,2023-12-06,explore,63,1,0.003177,1,0.00899,2023
1701928800000,2023-12-07,explore,63,1,0.007489,1,0.008908,2023
1702188000000,2023-12-10,explore,63,1,0.006619,1,0.008946,2023
1702274400000,2023-12-11,explore,63,1,0.01055,1,0.008946,2023
1702360800000,2023-12-12,explore,63,1,-0.001262,-1,0.008792,2023
1702447200000,2023-12-13,explore,63,1,0.003496,1,0.008797,2023
1702533600000,2023-12-14,explore,63,1,0.006183,1,0.008793,2023
1702792800000,2023-12-17,explore,63,1,0.004285,1,0.008644,2023
1702879200000,2023-12-18,explore,63,1,-0.013275,-1,0.008348,2023
1702965600000,2023-12-19,explore,63,1,0.009853,1,0.008556,2023
1703052000000,2023-12-20,explore,63,1,0.00121,1,0.008617,2023
1703138400000,2023-12-21,explore,63,1,0.005313,1,0.008425,2023
1703484000000,2023-12-25,explore,63,1,0.001522,1,0.008436,2023
1703570400000,2023-12-26,explore,63,1,-0.001164,-1,0.008411,2023
1703656800000,2023-12-27,explore,63,1,-0.003435,-1,0.008418,2023
1703743200000,2023-12-28,explore,63,1,-0.01571,-1,0.008418,2023
1704088800000,2024-01-01,holdout,63,1,-0.009317,-1,0.008427,2024
1704175200000,2024-01-02,holdout,63,1,-0.004843,-1,0.008429,2024
1704261600000,2024-01-03,holdout,63,1,0.000516,1,0.008443,2024
1704348000000,2024-01-04,holdout,63,1,0.018005,1,0.008278,2024
1704607200000,2024-01-07,holdout,63,1,0.001376,1,0.008543,2024
1704693600000,2024-01-08,holdout,63,1,0.005948,1,0.008526,2024
1704780000000,2024-01-09,holdout,63,1,0.001082,1,0.008531,2024
1704866400000,2024-01-10,holdout,63,1,0.000155,1,0.008509,2024
1704952800000,2024-01-11,holdout,63,1,-9e-05,-1,0.008368,2024
1705212000000,2024-01-14,holdout,63,1,-5.2e-05,-1,0.008306,2024
1705298400000,2024-01-15,holdout,63,1,-0.004996,-1,0.008292,2024
1705384800000,2024-01-16,holdout,63,1,0.012361,1,0.008154,2024
1705471200000,2024-01-17,holdout,63,1,0.016658,1,0.008185,2024
1705557600000,2024-01-18,holdout,63,1,0.001005,1,0.008178,2024
1705816800000,2024-01-21,holdout,63,1,0.003648,1,0.008179,2024
1705903200000,2024-01-22,holdout,63,1,0.004482,1,0.008151,2024
1705989600000,2024-01-23,holdout,63,1,0.000672,1,0.007586,2024
1706076000000,2024-01-24,holdout,63,1,-0.005368,-1,0.007181,2024
1706162400000,2024-01-25,holdout,63,1,0.008922,1,0.007251,2024
1706421600000,2024-01-28,holdout,63,1,-0.005847,-1,0.007251,2024
1706508000000,2024-01-29,holdout,63,1,-0.017433,-1,0.007326,2024
1706594400000,2024-01-30,holdout,63,1,0.00983,1,0.007575,2024
1706680800000,2024-01-31,holdout,63,1,0.014777,1,0.007473,2024
1706767200000,2024-02-01,holdout,63,1,-0.001624,-1,0.007577,2024
1707026400000,2024-02-04,holdout,63,1,-0.001987,-1,0.007589,2024
1707112800000,2024-02-05,holdout,63,1,0.008999,1,0.007565,2024
1707199200000,2024-02-06,holdout,63,1,0.001305,1,0.007619,2024
1707285600000,2024-02-07,holdout,63,1,0.008382,1,0.007529,2024
1707372000000,2024-02-08,holdout,63,1,-0.003631,-1,0.007264,2024
1707631200000,2024-02-11,holdout,63,1,-0.014222,-1,0.007274,2024
1707717600000,2024-02-12,holdout,63,1,0.010099,1,0.007246,2024
1707804000000,2024-02-13,holdout,63,1,0.001561,1,0.00733,2024
1707890400000,2024-02-14,holdout,63,1,-0.008323,-1,0.007328,2024
1707976800000,2024-02-15,holdout,63,1,0.002202,1,0.007429,2024
1708236000000,2024-02-18,holdout,63,1,-0.008997,-1,0.007343,2024
1708322400000,2024-02-19,holdout,63,1,-0.003522,-1,0.007412,2024
1708408800000,2024-02-20,holdout,63,1,0.025237,1,0.007431,2024
1708495200000,2024-02-21,holdout,63,1,-0.002761,-1,0.008031,2024
1708581600000,2024-02-22,holdout,63,1,-0.000685,-1,0.008036,2024
1708840800000,2024-02-25,holdout,63,1,0.002152,1,0.008036,2024
1708927200000,2024-02-26,holdout,63,1,-0.00518,-1,0.008036,2024
1709013600000,2024-02-27,holdout,63,1,0.008192,1,0.008072,2024
1709100000000,2024-02-28,holdout,63,1,0.012369,1,0.008105,2024
1709186400000,2024-02-29,holdout,63,1,-0.003675,-1,0.008219,2024
1709445600000,2024-03-03,holdout,63,1,-0.016149,-1,0.008148,2024
1709532000000,2024-03-04,holdout,63,1,0.005579,1,0.008455,2024
1709618400000,2024-03-05,holdout,63,1,0.013187,1,0.008429,2024
1709704800000,2024-03-06,holdout,63,1,-0.013065,-1,0.008453,2024
1709791200000,2024-03-07,holdout,63,1,-0.003826,-1,0.008651,2024
1710046800000,2024-03-09,holdout,63,1,0.012703,1,0.008641,2024
1710133200000,2024-03-11,holdout,63,1,-0.005906,-1,0.008735,2024
1710219600000,2024-03-12,holdout,63,1,-0.004083,-1,0.008701,2024
1710306000000,2024-03-13,holdout,63,1,-0.010459,-1,0.00872,2024
1710392400000,2024-03-14,holdout,63,1,0.008491,1,0.008833,2024
1710651600000,2024-03-17,holdout,63,1,0.001883,1,0.00886,2024
1710738000000,2024-03-18,holdout,63,1,0.010195,1,0.00885,2024
1710824400000,2024-03-19,holdout,63,1,0.003958,1,0.008742,2024
1710910800000,2024-03-20,holdout,63,1,0.000626,1,0.008679,2024
1710997200000,2024-03-21,holdout,63,1,-0.002953,-1,0.008679,2024
1711256400000,2024-03-24,holdout,63,1,-0.003119,-1,0.008676,2024
1711342800000,2024-03-25,holdout,63,1,0.002648,1,0.008691,2024
1711429200000,2024-03-26,holdout,63,1,-0.00139,-1,0.00869,2024
1711515600000,2024-03-27,holdout,63,1,0.001076,1,0.008677,2024
1711861200000,2024-03-31,holdout,63,1,-0.008114,-1,0.008411,2024
1711947600000,2024-04-01,holdout,63,1,0.002105,1,0.008388,2024
1712034000000,2024-04-02,holdout,63,1,-0.014517,-1,0.008352,2024
1712120400000,2024-04-03,holdout,63,1,0.010987,1,0.008588,2024
1712206800000,2024-04-04,holdout,63,1,-0.000281,-1,0.008409,2024
1712466000000,2024-04-07,holdout,63,1,0.003154,1,0.00841,2024
1712552400000,2024-04-08,holdout,63,1,-0.00796,-1,0.008391,2024
1712638800000,2024-04-09,holdout,63,1,0.014034,1,0.008465,2024
1712725200000,2024-04-10,holdout,63,1,-0.014892,-1,0.008627,2024
1712811600000,2024-04-11,holdout,63,1,-0.01498,-1,0.008856,2024
1713070800000,2024-04-14,holdout,63,1,0.000249,1,0.009075,2024
1713157200000,2024-04-15,holdout,63,1,-0.011155,-1,0.009048,2024
1713243600000,2024-04-16,holdout,63,1,-0.005618,-1,0.009041,2024
1713330000000,2024-04-17,holdout,63,-1,-0.018735,-1,0.008821,2024
1713416400000,2024-04-18,holdout,63,-1,0.008695,1,0.009126,2024
1713675600000,2024-04-21,holdout,63,-1,0.013048,1,0.009185,2024
1713762000000,2024-04-22,holdout,63,-1,0.002912,1,0.00932,2024
1713848400000,2024-04-23,holdout,63,-1,-0.004895,-1,0.009327,2024
1713934800000,2024-04-24,holdout,63,-1,0.013979,1,0.009323,2024
1714021200000,2024-04-25,holdout,63,-1,0.002914,1,0.009424,2024
1714280400000,2024-04-28,holdout,63,1,-0.016703,-1,0.009402,2024
1714366800000,2024-04-29,holdout,63,1,-0.00675,-1,0.009381,2024
1714453200000,2024-04-30,holdout,63,-1,0.010713,1,0.009335,2024
1714539600000,2024-05-01,holdout,63,-1,0.017529,1,0.009243,2024
1714626000000,2024-05-02,holdout,63,1,0.009595,1,0.009509,2024
1714885200000,2024-05-05,holdout,63,1,0.000196,1,0.009581,2024
1714971600000,2024-05-06,holdout,63,1,-0.000637,-1,0.009515,2024
1715058000000,2024-05-07,holdout,63,1,0.001373,1,0.009514,2024
1715144400000,2024-05-08,holdout,63,-1,0.001982,1,0.009456,2024
1715230800000,2024-05-09,holdout,63,1,0.001978,1,0.009448,2024
1715490000000,2024-05-12,holdout,63,1,0.005814,1,0.009272,2024
1715576400000,2024-05-13,holdout,63,1,0.013336,1,0.009215,2024
1715662800000,2024-05-14,holdout,63,1,-0.002,-1,0.009361,2024
1715749200000,2024-05-15,holdout,63,1,-0.000708,-1,0.009299,2024
1715835600000,2024-05-16,holdout,63,1,0.006113,1,0.009298,2024
1716094800000,2024-05-19,holdout,63,1,0.001728,1,0.009245,2024
1716181200000,2024-05-20,holdout,63,1,-0.000595,-1,0.00923,2024
1716267600000,2024-05-21,holdout,63,1,-0.004322,-1,0.008684,2024
1716354000000,2024-05-22,holdout,63,1,0.008566,1,0.008695,2024
1716440400000,2024-05-23,holdout,63,1,0.003552,1,0.008755,2024
1716699600000,2024-05-26,holdout,63,1,-0.000497,-1,0.008761,2024
1716786000000,2024-05-27,holdout,63,1,-0.006537,-1,0.008732,2024
1716872400000,2024-05-28,holdout,63,1,-0.009388,-1,0.008722,2024
1716958800000,2024-05-29,holdout,63,1,-0.000745,-1,0.00867,2024
1717045200000,2024-05-30,holdout,63,1,0.002654,1,0.008657,2024
1717304400000,2024-06-02,holdout,63,1,0.002623,1,0.00841,2024
1717390800000,2024-06-03,holdout,63,1,0.017701,1,0.008389,2024
1717477200000,2024-06-04,holdout,63,1,-0.000658,-1,0.008519,2024
1717563600000,2024-06-05,holdout,63,1,-0.001059,-1,0.008344,2024
1717650000000,2024-06-06,holdout,63,1,0.003385,1,0.008328,2024
1717909200000,2024-06-09,holdout,63,1,0.006199,1,0.008192,2024
1717995600000,2024-06-10,holdout,63,1,0.011788,1,0.008182,2024
1718082000000,2024-06-11,holdout,63,1,0.004874,1,0.008277,2024
1718168400000,2024-06-12,holdout,63,1,0.0038,1,0.008161,2024
1718254800000,2024-06-13,holdout,63,1,0.011212,1,0.008114,2024
1718514000000,2024-06-16,holdout,63,1,0.000158,1,0.008214,2024
1718600400000,2024-06-17,holdout,63,1,0.001557,1,0.008134,2024
1718686800000,2024-06-18,holdout,63,1,-0.009028,-1,0.008126,2024
1718773200000,2024-06-19,holdout,63,1,-0.002221,-1,0.008224,2024
1718859600000,2024-06-20,holdout,63,1,-0.01064,-1,0.008219,2024
1719118800000,2024-06-23,holdout,63,1,0.010161,1,0.008333,2024
1719205200000,2024-06-24,holdout,63,1,0.001835,1,0.008413,2024
1719291600000,2024-06-25,holdout,63,1,0.001229,1,0.008409,2024
1719378000000,2024-06-26,holdout,63,1,-0.00512,-1,0.008409,2024
1719464400000,2024-06-27,holdout,63,1,0.005689,1,0.008365,2024
1719723600000,2024-06-30,holdout,63,1,0.0092,1,0.008385,2024
1719810000000,2024-07-01,holdout,63,1,0.007016,1,0.008205,2024
1719896400000,2024-07-02,holdout,63,1,-0.001343,-1,0.008145,2024
1719982800000,2024-07-03,holdout,63,1,0.010662,1,0.00815,2024
1720069200000,2024-07-04,holdout,63,1,0.001727,1,0.008231,2024
1720328400000,2024-07-07,holdout,63,1,0.000829,1,0.008142,2024
1720414800000,2024-07-08,holdout,63,1,0.009735,1,0.007986,2024
1720501200000,2024-07-09,holdout,63,1,-0.020258,-1,0.007775,2024
1720587600000,2024-07-10,holdout,63,1,0.003668,1,0.007984,2024
1720674000000,2024-07-11,holdout,63,1,0.002656,1,0.007985,2024
1720933200000,2024-07-14,holdout,63,1,0.000633,1,0.007812,2024
1721019600000,2024-07-15,holdout,63,1,-0.027007,-1,0.007754,2024
1721106000000,2024-07-16,holdout,63,1,-0.004489,-1,0.008171,2024
1721192400000,2024-07-17,holdout,63,1,-0.008565,-1,0.008165,2024
1721278800000,2024-07-18,holdout,63,1,0.013214,1,0.008137,2024
1721538000000,2024-07-21,holdout,63,1,-0.00347,-1,0.00827,2024
1721624400000,2024-07-22,holdout,63,1,-0.033568,-1,0.008254,2024
1721710800000,2024-07-23,holdout,63,1,-0.01003,-1,0.009221,2024
1721797200000,2024-07-24,holdout,63,1,0.008669,1,0.009317,2024
1721883600000,2024-07-25,holdout,63,1,0.001645,1,0.009102,2024
1722142800000,2024-07-28,holdout,63,1,-0.012993,-1,0.009047,2024
1722229200000,2024-07-29,holdout,63,1,0.026893,1,0.009136,2024
1722315600000,2024-07-30,holdout,63,1,-0.022734,-1,0.009483,2024
1722402000000,2024-07-31,holdout,63,1,-0.02253,-1,0.009874,2024
1722488400000,2024-08-01,holdout,63,1,-0.026852,-1,0.010289,2024
1722747600000,2024-08-04,holdout,63,-1,0.008273,1,0.010834,2024
1722834000000,2024-08-05,holdout,63,-1,-0.010619,-1,0.010886,2024
1722920400000,2024-08-06,holdout,63,-1,0.027684,1,0.010961,2024
1723006800000,2024-08-07,holdout,63,-1,0.004425,1,0.011516,2024
1723093200000,2024-08-08,holdout,63,-1,0.000365,1,0.011506,2024
1723352400000,2024-08-11,holdout,63,-1,0.023111,1,0.011378,2024
1723438800000,2024-08-12,holdout,63,1,0.000511,1,0.01175,2024
1723525200000,2024-08-13,holdout,63,1,0.021904,1,0.011749,2024
1723611600000,2024-08-14,holdout,63,1,0.001138,1,0.012043,2024
1723698000000,2024-08-15,holdout,63,1,0.011629,1,0.012042,2024
1723957200000,2024-08-18,holdout,63,1,-0.002216,-1,0.012124,2024
1724043600000,2024-08-19,holdout,63,1,0.004588,1,0.012113,2024
1724130000000,2024-08-20,holdout,63,1,-0.015278,-1,0.012081,2024
1724216400000,2024-08-21,holdout,63,1,0.009827,1,0.012238,2024
1724302800000,2024-08-22,holdout,63,1,-0.009223,-1,0.012297,2024
1724562000000,2024-08-25,holdout,63,1,0.002899,1,0.012326,2024
1724648400000,2024-08-26,holdout,63,1,-0.011084,-1,0.012266,2024
1724734800000,2024-08-27,holdout,63,1,-0.001054,-1,0.012353,2024
1724821200000,2024-08-28,holdout,63,1,0.010713,1,0.012351,2024
1724907600000,2024-08-29,holdout,63,1,0.001101,1,0.012417,2024
1725166800000,2024-09-01,holdout,63,1,-0.03011,-1,0.01222,2024
1725253200000,2024-09-02,holdout,63,-1,-0.002103,-1,0.012804,2024
1725339600000,2024-09-03,holdout,63,-1,4.8e-05,1,0.012806,2024
1725426000000,2024-09-04,holdout,63,-1,-0.024469,-1,0.012797,2024
1725512400000,2024-09-05,holdout,63,-1,0.011407,1,0.013125,2024
1725771600000,2024-09-08,holdout,63,-1,0.00829,1,0.013119,2024
1725858000000,2024-09-09,holdout,63,-1,0.019376,1,0.01315,2024
1725944400000,2024-09-10,holdout,63,-1,0.008276,1,0.013381,2024
1726030800000,2024-09-11,holdout,63,-1,0.003874,1,0.013345,2024
1726117200000,2024-09-12,holdout,63,-1,-0.00468,-1,0.013356,2024
1726376400000,2024-09-15,holdout,63,-1,0.000491,1,0.013364,2024
1726462800000,2024-09-16,holdout,63,-1,-0.004465,-1,0.013321,2024
1726549200000,2024-09-17,holdout,63,-1,0.023564,1,0.013329,2024
1726635600000,2024-09-18,holdout,63,1,-0.002746,-1,0.013601,2024
1726722000000,2024-09-19,holdout,63,-1,0.002378,1,0.013544,2024
1726981200000,2024-09-22,holdout,63,-1,0.00402,1,0.013546,2024
1727067600000,2024-09-23,holdout,63,-1,0.001108,1,0.013555,2024
1727154000000,2024-09-24,holdout,63,1,0.00702,1,0.01354,2024
1727240400000,2024-09-25,holdout,63,1,-0.005674,-1,0.01355,2024
1727326800000,2024-09-26,holdout,63,-1,0.001811,1,0.013517,2024
1727586000000,2024-09-29,holdout,63,-1,-0.013118,-1,0.013489,2024
1727672400000,2024-09-30,holdout,63,-1,0.001602,1,0.013585,2024
1727758800000,2024-10-01,holdout,63,-1,-0.000898,-1,0.013513,2024
1727845200000,2024-10-02,holdout,63,-1,0.010866,1,0.01351,2024
1727931600000,2024-10-03,holdout,63,-1,-0.01075,-1,0.013586,2024
1728190800000,2024-10-06,holdout,63,-1,0.013426,1,0.013583,2024
1728277200000,2024-10-07,holdout,63,-1,0.00804,1,0.013468,2024
1728363600000,2024-10-08,holdout,63,-1,-0.001524,-1,0.013499,2024
1728450000000,2024-10-09,holdout,63,-1,0.000914,1,0.013495,2024
1728536400000,2024-10-10,holdout,63,-1,0.007611,1,0.013496,2024
1728795600000,2024-10-13,holdout,63,1,-0.012498,-1,0.013088,2024
1728882000000,2024-10-14,holdout,63,1,0.00034,1,0.013174,2024
1728968400000,2024-10-15,holdout,63,1,0.000839,1,0.013127,2024
1729054800000,2024-10-16,holdout,63,1,0.005219,1,0.013022,2024
1729141200000,2024-10-17,holdout,63,1,0.001621,1,0.01303,2024
1729400400000,2024-10-20,holdout,63,1,0.001012,1,0.012291,2024
1729486800000,2024-10-21,holdout,63,1,-0.014558,-1,0.012212,2024
1729573200000,2024-10-22,holdout,63,1,0.00726,1,0.012326,2024
1729659600000,2024-10-23,holdout,63,1,0.005352,1,0.012354,2024
1729746000000,2024-10-24,holdout,63,1,-7.9e-05,-1,0.012242,2024
1730005200000,2024-10-27,holdout,63,1,0.008946,1,0.011784,2024
1730091600000,2024-10-28,holdout,63,1,-0.007247,-1,0.011446,2024
1730178000000,2024-10-29,holdout,63,1,-0.023339,-1,0.011095,2024
1730264400000,2024-10-30,holdout,63,1,0.006035,1,0.010959,2024
1730350800000,2024-10-31,holdout,63,1,-0.003082,-1,0.01094,2024
1730613600000,2024-11-03,holdout,63,1,0.011669,1,0.010848,2024
1730700000000,2024-11-04,holdout,63,1,0.024742,1,0.010401,2024
1730786400000,2024-11-05,holdout,63,1,0.01453,1,0.01081,2024
1730872800000,2024-11-06,holdout,63,1,0.000283,1,0.010933,2024
1730959200000,2024-11-07,holdout,63,1,-0.000589,-1,0.010586,2024
1731218400000,2024-11-10,holdout,63,1,-0.001233,-1,0.010588,2024
1731304800000,2024-11-11,holdout,63,1,-0.001311,-1,0.01026,2024
1731391200000,2024-11-12,holdout,63,1,-0.006483,-1,0.010264,2024
1731477600000,2024-11-13,holdout,63,1,-0.023068,-1,0.010213,2024
1731564000000,2024-11-14,holdout,63,1,0.006276,1,0.010637,2024
1731823200000,2024-11-17,holdout,63,1,0.005992,1,0.01065,2024
1731909600000,2024-11-18,holdout,63,1,-0.000835,-1,0.010482,2024
1731996000000,2024-11-19,holdout,63,1,0.003579,1,0.010418,2024
1732082400000,2024-11-20,holdout,63,1,0.000898,1,0.01035,2024
1732168800000,2024-11-21,holdout,63,1,0.001351,1,0.010346,2024
1732428000000,2024-11-24,holdout,63,1,0.005002,1,0.010236,2024
1732514400000,2024-11-25,holdout,63,1,-0.007984,-1,0.010246,2024
1732600800000,2024-11-26,holdout,63,1,0.003392,1,0.01023,2024
1732687200000,2024-11-27,holdout,63,1,0.004593,1,0.010236,2024
1732773600000,2024-11-28,holdout,63,1,0.009843,1,0.009453,2024
1733032800000,2024-12-01,holdout,63,1,0.002766,1,0.009504,2024
1733119200000,2024-12-02,holdout,63,1,0.011033,1,0.009504,2024
1733205600000,2024-12-03,holdout,63,1,-0.002725,-1,0.008977,2024
1733292000000,2024-12-04,holdout,63,1,0.007886,1,0.008916,2024
1733378400000,2024-12-05,holdout,63,1,-0.007433,-1,0.008911,2024
1733637600000,2024-12-08,holdout,63,1,-0.003391,-1,0.008698,2024
1733724000000,2024-12-09,holdout,63,1,0.016661,1,0.008674,2024
1733810400000,2024-12-10,holdout,63,1,-0.006072,-1,0.008884,2024
1733896800000,2024-12-11,holdout,63,1,0.006168,1,0.008901,2024
1733983200000,2024-12-12,holdout,63,1,0.013746,1,0.00892,2024
1734242400000,2024-12-15,holdout,63,1,-0.003932,-1,0.009018,2024
1734328800000,2024-12-16,holdout,63,1,-0.034849,-1,0.008603,2024
1734415200000,2024-12-17,holdout,63,1,-0.00537,-1,0.009727,2024
1734501600000,2024-12-18,holdout,63,1,0.008192,1,0.009757,2024
1734588000000,2024-12-19,holdout,63,1,0.008093,1,0.009793,2024
1734847200000,2024-12-22,holdout,63,1,0.01181,1,0.009836,2024
1734933600000,2024-12-23,holdout,63,1,-0.000875,-1,0.009903,2024
1735106400000,2024-12-25,holdout,63,1,-0.013301,-1,0.009869,2024
1735192800000,2024-12-26,holdout,63,1,-0.012286,-1,0.010033,2024
1735452000000,2024-12-29,holdout,63,1,-0.008345,-1,0.010015,2024
1735538400000,2024-12-30,holdout,63,1,-0.002609,-1,0.01008,2024
1735711200000,2025-01-01,holdout,63,1,0.015335,1,0.010087,2025
1735797600000,2025-01-02,holdout,63,1,0.009893,1,0.010175,2025
1736056800000,2025-01-05,holdout,63,1,-0.016752,-1,0.010133,2025
1736143200000,2025-01-06,holdout,63,1,4.4e-05,1,0.01025,2025
1736229600000,2025-01-07,holdout,63,1,-0.002594,-1,0.010206,2025
1736316000000,2025-01-08,holdout,63,1,-0.012658,-1,0.01021,2025
1736402400000,2025-01-09,holdout,63,1,-0.003069,-1,0.010341,2025
1736661600000,2025-01-12,holdout,63,1,-0.001242,-1,0.010305,2025
1736748000000,2025-01-13,holdout,63,1,0.021295,1,0.010181,2025
1736834400000,2025-01-14,holdout,63,1,-0.006618,-1,0.010522,2025
1736920800000,2025-01-15,holdout,63,1,0.015106,1,0.010561,2025
1737007200000,2025-01-16,holdout,63,1,0.00372,1,0.010706,2025
1737266400000,2025-01-19,holdout,63,1,0.001255,1,0.010712,2025
1737352800000,2025-01-20,holdout,63,1,0.012505,1,0.010713,2025
1737439200000,2025-01-21,holdout,63,1,0.001611,1,0.010637,2025
1737525600000,2025-01-22,holdout,63,1,-0.005429,-1,0.010607,2025
1737612000000,2025-01-23,holdout,63,1,-0.028381,-1,0.010622,2025
1737871200000,2025-01-26,holdout,63,1,0.014155,1,0.01124,2025
1737957600000,2025-01-27,holdout,63,1,-0.002547,-1,0.011323,2025
1738044000000,2025-01-28,holdout,63,1,0.004415,1,0.011287,2025
1738130400000,2025-01-29,holdout,63,1,-0.001542,-1,0.010876,2025
1738216800000,2025-01-30,holdout,63,1,-0.008041,-1,0.010861,2025
1738476000000,2025-02-02,holdout,63,1,0.011556,1,0.010907,2025
1738562400000,2025-02-03,holdout,63,1,0.004009,1,0.010905,2025
1738648800000,2025-02-04,holdout,63,1,0.004681,1,0.010473,2025
1738735200000,2025-02-05,holdout,63,1,-0.01214,-1,0.010332,2025
1738821600000,2025-02-06,holdout,63,1,0.011055,1,0.010449,2025
1739080800000,2025-02-09,holdout,63,1,-0.002572,-1,0.01054,2025
1739167200000,2025-02-10,holdout,63,1,0.000775,1,0.010544,2025
1739253600000,2025-02-11,holdout,63,1,0.013198,1,0.010543,2025
1739340000000,2025-02-12,holdout,63,1,0.003521,1,0.010631,2025
1739426400000,2025-02-13,holdout,63,1,0.00165,1,0.010197,2025
1739685600000,2025-02-16,holdout,63,1,-0.000127,-1,0.010175,2025
1739772000000,2025-02-17,holdout,63,1,0.000771,1,0.010155,2025
1739858400000,2025-02-18,holdout,63,1,-0.004606,-1,0.010153,2025
1739944800000,2025-02-19,holdout,63,1,-0.019827,-1,0.010169,2025
1740031200000,2025-02-20,holdout,63,1,-0.011278,-1,0.010493,2025
1740290400000,2025-02-23,holdout,63,1,-0.011949,-1,0.010594,2025
1740376800000,2025-02-24,holdout,63,-1,0.001683,1,0.010685,2025
1740463200000,2025-02-25,holdout,63,1,-0.026051,-1,0.010639,2025
1740549600000,2025-02-26,holdout,63,-1,0.014146,1,0.011126,2025
1740636000000,2025-02-27,holdout,63,-1,-0.02041,-1,0.011259,2025
1740895200000,2025-03-02,holdout,63,-1,-0.003169,-1,0.011465,2025
1740981600000,2025-03-03,holdout,63,-1,0.009637,1,0.01146,2025
1741068000000,2025-03-04,holdout,63,-1,-0.023937,-1,0.011438,2025
1741154400000,2025-03-05,holdout,63,-1,0.006512,1,0.011801,2025
1741240800000,2025-03-06,holdout,63,-1,-0.036555,-1,0.011785,2025
1741496400000,2025-03-08,holdout,63,-1,-0.002579,-1,0.012577,2025
1741582800000,2025-03-10,holdout,63,-1,0.01049,1,0.012576,2025
1741669200000,2025-03-11,holdout,63,-1,-0.017722,-1,0.012454,2025
1741755600000,2025-03-12,holdout,63,-1,0.022157,1,0.012605,2025
1741842000000,2025-03-13,holdout,63,-1,0.005758,1,0.012928,2025
1742101200000,2025-03-16,holdout,63,-1,-0.015962,-1,0.012813,2025
1742187600000,2025-03-17,holdout,63,-1,0.011847,1,0.012934,2025
1742274000000,2025-03-18,holdout,63,-1,-0.003396,-1,0.012346,2025
1742360400000,2025-03-19,holdout,63,-1,0.003868,1,0.012338,2025
1742446800000,2025-03-20,holdout,63,-1,0.01933,1,0.012297,2025
1742706000000,2025-03-23,holdout,63,-1,0.005279,1,0.012515,2025
1742792400000,2025-03-24,holdout,63,-1,-0.017291,-1,0.012433,2025
1742878800000,2025-03-25,holdout,63,-1,-0.005937,-1,0.012596,2025
1742965200000,2025-03-26,holdout,63,-1,-0.025472,-1,0.012519,2025
1743051600000,2025-03-27,holdout,63,-1,-0.000847,-1,0.012811,2025
1743310800000,2025-03-30,holdout,63,-1,0.007958,1,0.012782,2025
1743397200000,2025-03-31,holdout,63,-1,0.007347,1,0.012836,2025
1743483600000,2025-04-01,holdout,63,-1,-0.053001,-1,0.012708,2025
1743570000000,2025-04-02,holdout,63,-1,-0.058844,-1,0.014189,2025
1743656400000,2025-04-03,holdout,63,-1,0.001292,1,0.015777,2025
1743915600000,2025-04-06,holdout,63,-1,-0.017163,-1,0.015781,2025
1744002000000,2025-04-07,holdout,63,-1,0.105084,1,0.015881,2025
1744088400000,2025-04-08,holdout,63,-1,-0.04002,-1,0.020897,2025
1744174800000,2025-04-09,holdout,63,-1,0.016266,1,0.021455,2025
1744261200000,2025-04-10,holdout,63,-1,0.006336,1,0.021578,2025
1744520400000,2025-04-13,holdout,63,-1,0.001265,1,0.021402,2025
1744606800000,2025-04-14,holdout,63,-1,-0.028918,-1,0.021398,2025
1744693200000,2025-04-15,holdout,63,-1,-0.00023,-1,0.021554,2025
1744779600000,2025-04-16,holdout,63,-1,-0.023679,-1,0.021541,2025
1745125200000,2025-04-20,holdout,63,-1,0.023896,1,0.021697,2025
1745211600000,2025-04-21,holdout,63,-1,0.021155,1,0.021875,2025
1745298000000,2025-04-22,holdout,63,-1,0.02673,1,0.022077,2025
1745384400000,2025-04-23,holdout,63,-1,0.009151,1,0.022378,2025
1745470800000,2025-04-24,holdout,63,-1,-0.00035,-1,0.022163,2025
1745730000000,2025-04-27,holdout,63,-1,0.005482,1,0.022074,2025
1745816400000,2025-04-28,holdout,63,-1,0.000791,1,0.022092,2025
1745902800000,2025-04-29,holdout,63,-1,0.010118,1,0.022081,2025
1745989200000,2025-04-30,holdout,63,-1,0.015274,1,0.02213,2025
1746075600000,2025-05-01,holdout,63,-1,-0.006549,-1,0.022212,2025
1746334800000,2025-05-04,holdout,63,-1,-0.008452,-1,0.022163,2025
1746421200000,2025-05-05,holdout,63,-1,0.003999,1,0.022171,2025
1746507600000,2025-05-06,holdout,63,-1,0.008793,1,0.022168,2025
1746594000000,2025-05-07,holdout,63,-1,-0.000527,-1,0.022163,2025
1746680400000,2025-05-08,holdout,63,-1,0.037329,1,0.022108,2025
1746939600000,2025-05-11,holdout,63,-1,0.014748,1,0.022638,2025
1747026000000,2025-05-12,holdout,63,-1,0.005078,1,0.022721,2025
1747112400000,2025-05-13,holdout,63,-1,0.000343,1,0.022665,2025
1747198800000,2025-05-14,holdout,63,-1,0.004666,1,0.022659,2025
1747285200000,2025-05-15,holdout,63,-1,0.000924,1,0.022667,2025
1747544400000,2025-05-18,holdout,63,-1,-0.003513,-1,0.022668,2025
1747630800000,2025-05-19,holdout,63,-1,-0.012903,-1,0.02267,2025
1747717200000,2025-05-20,holdout,63,-1,0.000961,1,0.022718,2025
1747803600000,2025-05-21,holdout,63,-1,-0.009119,-1,0.022588,2025
1747890000000,2025-05-22,holdout,63,-1,0.013853,1,0.022573,2025
1748149200000,2025-05-25,holdout,63,-1,0.007793,1,0.022595,2025
1748235600000,2025-05-26,holdout,63,1,-0.003568,-1,0.022616,2025
1748322000000,2025-05-27,holdout,63,1,0.001272,1,0.022373,2025
1748408400000,2025-05-28,holdout,63,1,-0.001405,-1,0.022304,2025
1748494800000,2025-05-29,holdout,63,1,0.006959,1,0.022149,2025
1748754000000,2025-06-01,holdout,63,1,0.007511,1,0.022159,2025
1748840400000,2025-06-02,holdout,63,1,0.002636,1,0.022146,2025
1748926800000,2025-06-03,holdout,63,1,-0.008051,-1,0.021923,2025
1749013200000,2025-06-04,holdout,63,1,0.009051,1,0.021941,2025
1749099600000,2025-06-05,holdout,63,1,0.00139,1,0.021435,2025
1749358800000,2025-06-08,holdout,63,1,0.006103,1,0.021428,2025
1749445200000,2025-06-09,holdout,63,1,-0.003242,-1,0.021406,2025
1749531600000,2025-06-10,holdout,63,1,0.001946,1,0.021273,2025
1749618000000,2025-06-11,holdout,63,1,-0.012532,-1,0.021112,2025
1749704400000,2025-06-12,holdout,63,1,0.013569,1,0.021178,2025
1749963600000,2025-06-15,holdout,63,1,-0.009203,-1,0.02112,2025
1750050000000,2025-06-16,holdout,63,1,-0.000468,-1,0.021122,2025
1750136400000,2025-06-17,holdout,63,1,-0.010559,-1,0.021115,2025
1750222800000,2025-06-18,holdout,63,1,0.006169,1,0.021165,2025
1750309200000,2025-06-19,holdout,63,1,0.009963,1,0.021047,2025
1750568400000,2025-06-22,holdout,63,1,0.014596,1,0.021071,2025
1750654800000,2025-06-23,holdout,63,1,0.002059,1,0.021008,2025
1750741200000,2025-06-24,holdout,63,1,0.008837,1,0.020986,2025
1750827600000,2025-06-25,holdout,63,1,0.003469,1,0.020716,2025
1750914000000,2025-06-26,holdout,63,1,0.00595,1,0.020713,2025
1751173200000,2025-06-29,holdout,63,1,-0.008427,-1,0.020705,2025
1751259600000,2025-06-30,holdout,63,1,0.006321,1,0.020737,2025
1751346000000,2025-07-01,holdout,63,1,0.009164,1,0.019513,2025
1751432400000,2025-07-02,holdout,63,1,-0.006588,-1,0.017854,2025
1751518800000,2025-07-03,holdout,63,1,-0.000827,-1,0.017901,2025
1751778000000,2025-07-06,holdout,63,1,0.000502,1,0.017709,2025
1751864400000,2025-07-07,holdout,63,1,0.006507,1,0.012104,2025
1751950800000,2025-07-08,holdout,63,1,-0.001644,-1,0.010824,2025
1752037200000,2025-07-09,holdout,63,1,-0.002262,-1,0.010709,2025
1752123600000,2025-07-10,holdout,63,1,0.003188,1,0.010719,2025
1752382800000,2025-07-13,holdout,63,1,0.000884,1,0.010717,2025
1752469200000,2025-07-14,holdout,63,1,0.000821,1,0.009924,2025
1752555600000,2025-07-15,holdout,63,1,0.007221,1,0.009919,2025
1752642000000,2025-07-16,holdout,63,1,-0.001104,-1,0.00931,2025
1752728400000,2025-07-17,holdout,63,1,0.004849,1,0.008964,2025
1752987600000,2025-07-20,holdout,63,1,-0.004766,-1,0.008673,2025
1753074000000,2025-07-21,holdout,63,1,0.003482,1,0.008183,2025
1753160400000,2025-07-22,holdout,63,1,0.002742,1,0.008141,2025
1753246800000,2025-07-23,holdout,63,1,0.001793,1,0.008133,2025
1753333200000,2025-07-24,holdout,63,1,0.002862,1,0.008125,2025
1753592400000,2025-07-27,holdout,63,1,-0.001604,-1,0.008122,2025
1753678800000,2025-07-28,holdout,63,1,0.001165,1,0.00808,2025
1753765200000,2025-07-29,holdout,63,1,-0.004729,-1,0.00791,2025
1753851600000,2025-07-30,holdout,63,1,-0.019949,-1,0.007881,2025
1753938000000,2025-07-31,holdout,63,1,0.017134,1,0.008255,2025
1754197200000,2025-08-03,holdout,63,1,-0.006793,-1,0.00847,2025
1754283600000,2025-08-04,holdout,63,1,0.011976,1,0.008501,2025
1754370000000,2025-08-05,holdout,63,1,0.003005,1,0.008588,2025
1754456400000,2025-08-06,holdout,63,1,0.00884,1,0.007314,2025
1754542800000,2025-08-07,holdout,63,1,-0.00309,-1,0.007179,2025
1754802000000,2025-08-10,holdout,63,1,0.012123,1,0.007187,2025
1754888400000,2025-08-11,holdout,63,1,0.000341,1,0.007312,2025
1754974800000,2025-08-12,holdout,63,1,-0.000642,-1,0.007303,2025
1755061200000,2025-08-13,holdout,63,1,-0.005087,-1,0.007307,2025
1755147600000,2025-08-14,holdout,63,1,-0.000252,-1,0.007327,2025
1755406800000,2025-08-17,holdout,63,1,-0.013325,-1,0.007098,2025
1755493200000,2025-08-18,holdout,63,1,-0.005964,-1,0.007343,2025
1755579600000,2025-08-19,holdout,63,1,-0.004295,-1,0.007281,2025
1755666000000,2025-08-20,holdout,63,1,0.014347,1,0.00714,2025
1755752400000,2025-08-21,holdout,63,1,-0.002914,-1,0.007285,2025
1756011600000,2025-08-24,holdout,63,1,0.003799,1,0.007278,2025
1756098000000,2025-08-25,holdout,63,1,0.001514,1,0.007285,2025
1756184400000,2025-08-26,holdout,63,1,0.005678,1,0.007277,2025
1756270800000,2025-08-27,holdout,63,1,-0.012482,-1,0.007263,2025
1756357200000,2025-08-28,holdout,63,1,0.001675,1,0.007424,2025
1756616400000,2025-08-31,holdout,63,1,-0.009338,-1,0.007422,2025
1756702800000,2025-09-01,holdout,63,1,0.007132,1,0.007449,2025
1756789200000,2025-09-02,holdout,63,1,0.008928,1,0.007419,2025
1756875600000,2025-09-03,holdout,63,1,0.000648,1,0.007487,2025
1756962000000,2025-09-04,holdout,63,1,0.004678,1,0.007459,2025
1757221200000,2025-09-07,holdout,63,1,0.002989,1,0.007453,2025
1757307600000,2025-09-08,holdout,63,1,0.000151,1,0.007456,2025
1757394000000,2025-09-09,holdout,63,1,0.005612,1,0.007249,2025
1757480400000,2025-09-10,holdout,63,1,0.00381,1,0.007101,2025
1757566800000,2025-09-11,holdout,63,1,0.007942,1,0.006981,2025
1757826000000,2025-09-14,holdout,63,1,-0.001126,-1,0.007024,2025
1757912400000,2025-09-15,holdout,63,1,-0.002257,-1,0.006861,2025
1757998800000,2025-09-16,holdout,63,1,0.009478,1,0.006854,2025
1758085200000,2025-09-17,holdout,63,1,0.006292,1,0.006845,2025
1758171600000,2025-09-18,holdout,63,1,0.005321,1,0.006668,2025
1758430800000,2025-09-21,holdout,63,1,-0.006844,-1,0.006685,2025
1758517200000,2025-09-22,holdout,63,1,-0.003445,-1,0.006699,2025
1758603600000,2025-09-23,holdout,63,1,-0.004323,-1,0.006719,2025
1758690000000,2025-09-24,holdout,63,1,0.003832,1,0.006725,2025
1758776400000,2025-09-25,holdout,63,1,0.004345,1,0.006625,2025
1759035600000,2025-09-28,holdout,63,1,0.002497,1,0.006605,2025
1759122000000,2025-09-29,holdout,63,1,0.0045,1,0.006527,2025
1759208400000,2025-09-30,holdout,63,1,0.003582,1,0.006468,2025
1759294800000,2025-10-01,holdout,63,1,-0.004571,-1,0.006469,2025
1759381200000,2025-10-02,holdout,63,1,0.007456,1,0.00651,2025
1759640400000,2025-10-05,holdout,63,1,-0.005623,-1,0.006524,2025
1759726800000,2025-10-06,holdout,63,1,0.011244,1,0.006571,2025
1759813200000,2025-10-07,holdout,63,1,-0.001601,-1,0.006678,2025
1759899600000,2025-10-08,holdout,63,1,-0.034848,-1,0.006684,2025
1759986000000,2025-10-09,holdout,63,1,0.020661,1,0.008087,2025
1760245200000,2025-10-12,holdout,63,1,-0.006239,-1,0.008468,2025
1760331600000,2025-10-13,holdout,63,1,0.006326,1,0.008479,2025
1760418000000,2025-10-14,holdout,63,1,-0.003637,-1,0.008504,2025
1760504400000,2025-10-15,holdout,63,1,0.006047,1,0.008508,2025
1760590800000,2025-10-16,holdout,63,1,0.012303,1,0.008503,2025
1760850000000,2025-10-19,holdout,63,1,-0.000403,-1,0.008617,2025
1760936400000,2025-10-20,holdout,63,1,-0.009853,-1,0.008616,2025
1761022800000,2025-10-21,holdout,63,1,0.008288,1,0.008725,2025
1761109200000,2025-10-22,holdout,63,1,0.009763,1,0.008771,2025
1761195600000,2025-10-23,holdout,63,1,0.017152,1,0.008834,2025
1761454800000,2025-10-26,holdout,63,1,0.007446,1,0.009062,2025
1761541200000,2025-10-27,holdout,63,1,0.00367,1,0.009059,2025
1761627600000,2025-10-28,holdout,63,1,-0.014151,-1,0.008632,2025
1761714000000,2025-10-29,holdout,63,1,0.00454,1,0.008645,2025
1761800400000,2025-10-30,holdout,63,1,0.003701,1,0.008588,2025
1762063200000,2025-11-02,holdout,63,1,-0.019848,-1,0.00849,2025
1762149600000,2025-11-03,holdout,63,1,0.006471,1,0.008904,2025
1762236000000,2025-11-04,holdout,63,1,-0.019118,-1,0.008876,2025
1762322400000,2025-11-05,holdout,63,1,-0.003004,-1,0.009221,2025
1762408800000,2025-11-06,holdout,63,1,0.020923,1,0.009119,2025
1762668000000,2025-11-09,holdout,63,1,-0.002789,-1,0.009471,2025
1762754400000,2025-11-10,holdout,63,1,-0.000644,-1,0.009481,2025
1762840800000,2025-11-11,holdout,63,1,-0.020251,-1,0.009452,2025
1762927200000,2025-11-12,holdout,63,1,-2.9e-05,-1,0.009823,2025
1763013600000,2025-11-13,holdout,63,1,-0.00835,-1,0.009659,2025
1763272800000,2025-11-16,holdout,63,1,-0.011108,-1,0.009691,2025
1763359200000,2025-11-17,holdout,63,1,0.004956,1,0.009786,2025
1763445600000,2025-11-18,holdout,63,1,-0.023433,-1,0.009646,2025
1763532000000,2025-11-19,holdout,63,1,0.006965,1,0.010102,2025
1763618400000,2025-11-20,holdout,63,1,0.025316,1,0.010127,2025
1763877600000,2025-11-23,holdout,63,1,0.005324,1,0.010606,2025
1763964000000,2025-11-24,holdout,63,1,0.00835,1,0.010603,2025
1764050400000,2025-11-25,holdout,63,1,-9.6e-05,-1,0.010511,2025
1764136800000,2025-11-26,holdout,63,1,0.006968,1,0.010511,2025
1764223200000,2025-11-27,holdout,63,1,-0.003464,-1,0.010454,2025
1764482400000,2025-11-30,holdout,63,1,0.008177,1,0.010443,2025
1764568800000,2025-12-01,holdout,63,1,0.001951,1,0.010434,2025
1764655200000,2025-12-02,holdout,63,1,-0.001316,-1,0.010434,2025
1764741600000,2025-12-03,holdout,63,1,0.004132,1,0.010428,2025
1764828000000,2025-12-04,holdout,63,1,-0.00257,-1,0.010433,2025
1765087200000,2025-12-07,holdout,63,1,0.001352,1,0.010442,2025
1765173600000,2025-12-08,holdout,63,1,0.003706,1,0.010425,2025
1765260000000,2025-12-09,holdout,63,1,-0.003186,-1,0.010425,2025
1765346400000,2025-12-10,holdout,63,1,-0.019065,-1,0.010398,2025
1765432800000,2025-12-11,holdout,63,1,-0.004785,-1,0.01069,2025
1765692000000,2025-12-14,holdout,63,1,0.001449,1,0.010705,2025
1765778400000,2025-12-15,holdout,63,1,-0.018773,-1,0.010643,2025
1765864800000,2025-12-16,holdout,63,-1,0.014185,1,0.01088,2025
1765951200000,2025-12-17,holdout,63,1,0.012072,1,0.011008,2025
1766037600000,2025-12-18,holdout,63,1,0.004494,1,0.011076,2025
1766296800000,2025-12-21,holdout,63,1,0.004569,1,0.011078,2025
1766383200000,2025-12-22,holdout,63,1,0.00259,1,0.011073,2025
1766469600000,2025-12-23,holdout,63,1,-0.000654,-1,0.011068,2025
1766642400000,2025-12-25,holdout,63,1,-0.004694,-1,0.011058,2025
1766901600000,2025-12-28,holdout,63,1,-0.00246,-1,0.011074,2025
1766988000000,2025-12-29,holdout,63,1,-0.008379,-1,0.011067,2025
1767074400000,2025-12-30,holdout,63,1,-0.002757,-1,0.011111,2025
1767247200000,2026-01-01,holdout,63,1,0.007406,1,0.011102,2026
1767506400000,2026-01-04,holdout,63,1,0.009319,1,0.011101,2026
1767592800000,2026-01-05,holdout,63,1,0.000636,1,0.011137,2026
1767679200000,2026-01-06,holdout,63,1,-0.005757,-1,0.011049,2026
1767765600000,2026-01-07,holdout,63,1,0.009526,1,0.011072,2026
1767852000000,2026-01-08,holdout,63,1,0.000699,1,0.01019,2026
1768111200000,2026-01-11,holdout,63,1,-0.001919,-1,0.009867,2026
1768197600000,2026-01-12,holdout,63,1,-0.010465,-1,0.009835,2026
1768284000000,2026-01-13,holdout,63,1,0.002855,1,0.009903,2026
1768370400000,2026-01-14,holdout,63,1,-0.000639,-1,0.009895,2026
1768456800000,2026-01-15,holdout,63,1,-0.011179,-1,0.009869,2026
1768716000000,2026-01-18,holdout,63,-1,-0.010418,-1,0.009851,2026
1768802400000,2026-01-19,holdout,63,-1,0.013241,1,0.009936,2026
1768888800000,2026-01-20,holdout,63,1,0.007181,1,0.010002,2026
1768975200000,2026-01-21,holdout,63,1,0.003052,1,0.009989,2026
1769061600000,2026-01-22,holdout,63,-1,0.004191,1,0.00992,2026
1769320800000,2026-01-25,holdout,63,-1,0.008481,1,0.00969,2026
1769407200000,2026-01-26,holdout,63,-1,0.003127,1,0.009704,2026
1769493600000,2026-01-27,holdout,63,-1,-0.005905,-1,0.0097,2026
1769580000000,2026-01-28,holdout,63,-1,-0.012498,-1,0.009564,2026
1769666400000,2026-01-29,holdout,63,-1,0.006852,1,0.009671,2026
1769925600000,2026-02-01,holdout,63,-1,-0.015214,-1,0.009701,2026
1770012000000,2026-02-02,holdout,63,-1,-0.017593,-1,0.009567,2026
1770098400000,2026-02-03,holdout,63,-1,-0.013746,-1,0.009773,2026
1770184800000,2026-02-04,holdout,63,-1,0.020154,1,0.009632,2026
1770271200000,2026-02-05,holdout,63,-1,0.007402,1,0.009971,2026
1770530400000,2026-02-08,holdout,63,-1,-0.005262,-1,0.009651,2026
1770616800000,2026-02-09,holdout,63,-1,0.002727,1,0.009666,2026
1770703200000,2026-02-10,holdout,63,-1,-0.020382,-1,0.009674,2026
1770789600000,2026-02-11,holdout,63,-1,0.001394,1,0.009678,2026
1770876000000,2026-02-12,holdout,63,-1,-0.002264,-1,0.00968,2026
1771135200000,2026-02-15,holdout,63,-1,0.00096,1,0.009629,2026
1771221600000,2026-02-16,holdout,63,-1,0.007321,1,0.009529,2026
1771308000000,2026-02-17,holdout,63,-1,-0.003826,-1,0.009554,2026
1771394400000,2026-02-18,holdout,63,1,0.008195,1,0.009087,2026
1771480800000,2026-02-19,holdout,63,1,-0.011986,-1,0.009102,2026
1771740000000,2026-02-22,holdout,63,-1,0.01047,1,0.008652,2026
1771826400000,2026-02-23,holdout,63,-1,0.013737,1,0.00873,2026
1771912800000,2026-02-24,holdout,63,-1,-0.011693,-1,0.008841,2026
1771999200000,2026-02-25,holdout,63,-1,-0.002984,-1,0.00896,2026
1772085600000,2026-02-26,holdout,63,-1,0.000803,1,0.008918,2026
1772344800000,2026-03-01,holdout,63,-1,-0.01061,-1,0.008911,2026
1772431200000,2026-03-02,holdout,63,-1,0.014636,1,0.008934,2026
1772517600000,2026-03-03,holdout,63,-1,-0.003076,-1,0.009135,2026
1772604000000,2026-03-04,holdout,63,-1,-0.014949,-1,0.00914,2026
1772690400000,2026-03-05,holdout,63,-1,0.012658,1,0.009299,2026
1772946000000,2026-03-07,holdout,63,-1,-0.000333,-1,0.009449,2026
1773032400000,2026-03-09,holdout,63,-1,-0.001374,-1,0.009446,2026
1773118800000,2026-03-10,holdout,63,-1,-0.015338,-1,0.00943,2026
1773205200000,2026-03-11,holdout,63,-1,-0.006633,-1,0.009605,2026
1773291600000,2026-03-12,holdout,63,-1,0.01129,1,0.00935,2026
1773550800000,2026-03-15,holdout,63,-1,0.004921,1,0.009454,2026
1773637200000,2026-03-16,holdout,63,-1,-0.014495,-1,0.009475,2026
1773723600000,2026-03-17,holdout,63,-1,-0.00286,-1,0.009356,2026
1773810000000,2026-03-18,holdout,63,-1,-0.019423,-1,0.009175,2026
1773896400000,2026-03-19,holdout,63,-1,0.012495,1,0.009332,2026
1774155600000,2026-03-22,holdout,63,-1,-0.007904,-1,0.009463,2026
1774242000000,2026-03-23,holdout,63,-1,0.006264,1,0.009476,2026
1774328400000,2026-03-24,holdout,63,-1,-0.023528,-1,0.009511,2026
1774414800000,2026-03-25,holdout,63,-1,-0.019523,-1,0.009922,2026
1774501200000,2026-03-26,holdout,63,-1,-0.008022,-1,0.010173,2026
1774760400000,2026-03-29,holdout,63,-1,0.032545,1,0.010204,2026
1774846800000,2026-03-30,holdout,63,-1,0.011489,1,0.011044,2026
1774933200000,2026-03-31,holdout,63,-1,0.000949,1,0.011155,2026
1775019600000,2026-04-01,holdout,63,-1,-0.003504,-1,0.011108,2026
1775106000000,2026-04-02,holdout,63,-1,0.009219,1,0.011033,2026
1775365200000,2026-04-05,holdout,63,-1,0.000507,1,0.011109,2026
1775451600000,2026-04-06,holdout,63,-1,0.028111,1,0.011094,2026
1775538000000,2026-04-07,holdout,63,-1,0.006962,1,0.011612,2026
1775624400000,2026-04-08,holdout,63,-1,0.001164,1,0.011651,2026
1775710800000,2026-04-09,holdout,63,-1,0.010201,1,0.011651,2026
1775970000000,2026-04-12,holdout,63,-1,0.017389,1,0.011657,2026
1776056400000,2026-04-13,holdout,63,1,0.013927,1,0.011861,2026
1776142800000,2026-04-14,holdout,63,1,0.004556,1,0.011988,2026
1776229200000,2026-04-15,holdout,63,1,0.01255,1,0.011909,2026
1776315600000,2026-04-16,holdout,63,1,-0.002834,-1,0.011921,2026
1776574800000,2026-04-19,holdout,63,1,-0.004224,-1,0.011824,2026
1776661200000,2026-04-20,holdout,63,1,0.016508,1,0.011809,2026
1776747600000,2026-04-21,holdout,63,1,-0.005457,-1,0.011977,2026
1776834000000,2026-04-22,holdout,63,1,0.018232,1,0.011993,2026
1776920400000,2026-04-23,holdout,63,1,0.000198,1,0.012159,2026
1777179600000,2026-04-26,holdout,63,1,-0.009846,-1,0.012155,2026
1777266000000,2026-04-27,holdout,63,1,0.005682,1,0.0122,2026
1777352400000,2026-04-28,holdout,63,1,0.009755,1,0.0121,2026
1777438800000,2026-04-29,holdout,63,1,0.008559,1,0.012129,2026
1777525200000,2026-04-30,holdout,63,1,-0.002126,-1,0.011989,2026
1777784400000,2026-05-03,holdout,63,1,0.012743,1,0.011752,2026
1777870800000,2026-05-04,holdout,63,1,0.02022,1,0.011671,2026
1777957200000,2026-05-05,holdout,63,1,-0.00119,-1,0.011672,2026
1778043600000,2026-05-06,holdout,63,1,0.022191,1,0.011658,2026
1778130000000,2026-05-07,holdout,63,1,0.003084,1,0.0119,2026
1778389200000,2026-05-10,holdout,63,1,-0.008583,-1,0.0119,2026
1778475600000,2026-05-11,holdout,63,1,0.010441,1,0.011628,2026
1778562000000,2026-05-12,holdout,63,1,0.006978,1,0.011671,2026
1778648400000,2026-05-13,holdout,63,1,-0.015325,-1,0.011667,2026
1778734800000,2026-05-14,holdout,63,1,-0.004608,-1,0.011885,2026
1778994000000,2026-05-17,holdout,63,1,-0.005861,-1,0.011902,2026
1779080400000,2026-05-18,holdout,63,1,0.015831,1,0.011921,2026
1779166800000,2026-05-19,holdout,63,1,0.00191,1,0.012021,2026
1779253200000,2026-05-20,holdout,63,1,0.003742,1,0.01188,2026
1779339600000,2026-05-21,holdout,63,1,0.01345,1,0.011838,2026
1779598800000,2026-05-24,holdout,63,1,0.003645,1,0.011834,2026
1779685200000,2026-05-25,holdout,63,1,-0.000865,-1,0.011695,2026
1779771600000,2026-05-26,holdout,63,1,0.008524,1,0.011681,2026
1779858000000,2026-05-27,holdout,63,1,0.003205,1,0.011701,2026
1779944400000,2026-05-28,holdout,63,1,0.00523,1,0.011573,2026
1780203600000,2026-05-31,holdout,63,1,0.004736,1,0.011482,2026
1780290000000,2026-06-01,holdout,63,1,-0.002567,-1,0.011458,2026
1780376400000,2026-06-02,holdout,63,1,-0.004699,-1,0.011248,2026
1780462800000,2026-06-03,holdout,63,1,-0.048648,-1,0.011227,2026
1780549200000,2026-06-04,holdout,63,1,0.014499,1,0.012972,2026
1780808400000,2026-06-07,holdout,63,1,-0.011418,-1,0.013055,2026
1780894800000,2026-06-08,holdout,63,1,-0.019327,-1,0.012978,2026
1780981200000,2026-06-09,holdout,63,1,0.031081,1,0.013219,2026
1781067600000,2026-06-10,holdout,63,1,0.006506,1,0.013663,2026
1781154000000,2026-06-11,holdout,63,1,0.029911,1,0.013668,2026
1781413200000,2026-06-14,holdout,63,1,-0.017997,-1,0.013912,2026
1781499600000,2026-06-15,holdout,63,1,-0.010446,-1,0.01415,2026
1781586000000,2026-06-16,holdout,63,1,0.02375,1,0.013963,2026
1781672400000,2026-06-17,holdout,63,1,-0.00224,-1,0.014153,2026
1781758800000,2026-06-18,holdout,63,1,8.2e-05,1,0.014098,2026
1782018000000,2026-06-21,holdout,63,1,-0.032745,-1,0.0141,2026
1782104400000,2026-06-22,holdout,63,1,-0.005128,-1,0.014429,2026
1782190800000,2026-06-23,holdout,63,1,0.007107,1,0.014173,2026
1782277200000,2026-06-24,holdout,63,1,-0.012066,-1,0.014102,2026
1782363600000,2026-06-25,holdout,63,1,0.02304,1,0.01375,2026
1782622800000,2026-06-28,holdout,63,1,0.015543,1,0.01394,2026
1782709200000,2026-06-29,holdout,63,1,-0.014163,-1,0.014022,2026
1782795600000,2026-06-30,holdout,63,1,-0.018047,-1,0.014171,2026
1782882000000,2026-07-01,holdout,63,1,0.011697,1,0.014402,2026
1782968400000,2026-07-02,holdout,63,1,0.001245,1,0.014441,2026
1783227600000,2026-07-05,holdout,63,1,-0.018523,-1,0.014082,2026
1783314000000,2026-07-06,holdout,63,1,0.002616,1,0.014319,2026
1783400400000,2026-07-07,holdout,63,1,0.015773,1,0.014319,2026
1783486800000,2026-07-08,holdout,63,1,0.003177,1,0.014386,2026
1783573200000,2026-07-09,holdout,63,1,-0.018704,-1,0.014257,2026
1783832400000,2026-07-12,holdout,63,1,0.010613,1,0.014412,2026
1783918800000,2026-07-13,holdout,63,1,-0.003261,-1,0.014453,2026
1784005200000,2026-07-14,holdout,63,1,-0.01587,-1,0.014398,2026
1784091600000,2026-07-15,holdout,63,1,-0.015604,-1,0.014553,2026
1784178000000,2026-07-16,holdout,63,1,0.000191,1,0.014692,2026
1784437200000,2026-07-19,holdout,63,1,0.018496,1,0.014558,2026
1784523600000,2026-07-20,holdout,63,1,-0.004607,-1,0.014705,2026
1784610000000,2026-07-21,holdout,63,1,-0.019394,-1,0.014558,2026
1784696400000,2026-07-22,holdout,63,1,-0.011898,-1,0.014779,2026
1784782800000,2026-07-23,holdout,63,1,-0.003267,-1,0.014804,2026
1785042000000,2026-07-26,holdout,63,1,-0.009552,-1,0.014796,2026
1785128400000,2026-07-27,holdout,63,1,-0.024004,-1,0.014798,2026
1785214800000,2026-07-28,holdout,63,-1,0.035248,1,0.015061,2026
1785301200000,2026-07-29,holdout,63,1,0.005879,1,0.015718,2026
1785387600000,2026-07-30,holdout,63,-1,0.017017,1,0.015652,2026
1785646800000,2026-08-02,holdout,63,-1,0.033081,1,0.015591,2026
1785733200000,2026-08-03,holdout,63,1,-0.008356,-1,0.016139,2026
1785819600000,2026-08-04,holdout,63,-1,-0.004289,-1,0.015934,2026
1785906000000,2026-08-05,holdout,63,-1,0.011682,1,0.015938,2026
1785992400000,2026-08-06,holdout,63,1,-0.003282,-1,0.015969,2026
1786251600000,2026-08-09,holdout,63,-1,-0.00374,-1,0.01592,2026
1786338000000,2026-08-10,holdout,63,-1,0.007641,1,0.015902,2026
1786424400000,2026-08-11,holdout,63,1,0.011167,1,0.015812,2026
1786510800000,2026-08-12,holdout,63,1,-0.00155,-1,0.01586,2026
1786597200000,2026-08-13,holdout,63,1,-0.001519,-1,0.015842,2026
1786856400000,2026-08-16,holdout,63,1,-0.017091,-1,0.015721,2026
1786942800000,2026-08-17,holdout,63,-1,-0.002479,-1,0.01587,2026
1787029200000,2026-08-18,holdout,63,-1,-0.007218,-1,0.015865,2026
1787115600000,2026-08-19,holdout,63,-1,0.002973,1,0.015792,2026
1787202000000,2026-08-20,holdout,63,-1,-0.009642,-1,0.015789,2026
1787461200000,2026-08-23,holdout,63,-1,0.005858,1,0.015831,2026
1787547600000,2026-08-24,holdout,63,-1,0.000435,1,0.01581,2026
1787634000000,2026-08-25,holdout,63,-1,0.013775,1,0.015802,2026
1787720400000,2026-08-26,holdout,63,-1,-0.006893,-1,0.015891,2026
1787806800000,2026-08-27,holdout,63,-1,0.00072,1,0.015895,2026
1788066000000,2026-08-30,holdout,63,-1,-0.013217,-1,0.015895,2026
1788152400000,2026-08-31,holdout,63,-1,0.000601,1,0.015965,2026
