pid,ver,sess,td,lc,sid,cond,dirn,q,arm_en,e,sl,tp,tc,wc,entry_mode,sl_pts,tp_field
2026-08-15:NY,1,NY,2026-08-15,expired,S0,hold,long,B,False,,,,,,,,
2026-08-15:NY,2,NY,2026-08-15,expired,S1,reclaim,long,B,False,,,,"[30218, 30219.5, 30223.5, 30280.75, 30287.25]",,,,
2026-08-15:NY,2,NY,2026-08-15,expired,S2,reject,short,B,False,,,,"[30154.75, 30150, 30025]",,,,
2026-08-15:NY,2,NY,2026-08-15,expired,S3,breakout_retest,short,B,False,,,,[30025],,,,
2026-08-16:ASIA,1,ASIA,2026-08-16,active,S1,reclaim,long,B,False,,,,"[30192.25, 30200.5]",,,,
2026-08-16:ASIA,1,ASIA,2026-08-16,active,S2,breakout_retest,long,B,False,,,,[30234.75],,,,
2026-08-16:ASIA,1,ASIA,2026-08-16,active,S3,reject,short,B,False,,,,"[30148.25, 30146.75]",,,,
2026-08-16:ASIA,2,ASIA,2026-08-16,active,S1,reject,short,B,False,,,,"[30192.25, 30166.25, 30147.5]",,,,
2026-08-16:ASIA,2,ASIA,2026-08-16,active,S2,hold,long,B,False,,,,[30203],,,,
2026-08-16:ASIA,2,ASIA,2026-08-16,active,S3,acceptance,short,B,False,,,,"[30166.25, 30147.5]",,,,
2026-08-16:ASIA,3,ASIA,2026-08-16,active,S1,reclaim,long,B,False,,,,"[30230, 30260]",,,,
2026-08-16:ASIA,3,ASIA,2026-08-16,active,S2,hold,long,B,False,,,,"[30203, 30230]",,,,
2026-08-16:ASIA,3,ASIA,2026-08-16,active,S3,reject,short,B,False,,,,"[30191.25, 30166.25]",,,,
2026-08-16:ASIA,4,ASIA,2026-08-16,active,S1,hold,long,B,False,,,,[30203],,,,
2026-08-16:ASIA,4,ASIA,2026-08-16,active,S2,reject,short,A,False,,,,"[30191.25, 30166.25, 30148.25]",,,,
2026-08-16:ASIA,4,ASIA,2026-08-16,active,S3,acceptance,short,B,False,,,,"[30148.25, 30146.75]",,,,
2026-08-16:ASIA,5,ASIA,2026-08-16,active,S1,hold,long,A,False,,,,"[30166.25, 30199.5, 30203]",,,,
2026-08-16:ASIA,5,ASIA,2026-08-16,active,S2,reject,short,B,False,,,,"[30166.25, 30148.25]",,,,
2026-08-16:ASIA,6,ASIA,2026-08-16,no_trade,S0,hold,long,B,False,,,,,,,,
2026-08-16:NY,1,NY,2026-08-16,active,S1,sweep_reclaim,long,A,False,,,,"[30075.5, 30154.75, 30200]",,,,
2026-08-16:NY,1,NY,2026-08-16,active,S2,reject,short,B,False,,,,"[30200, 30154.75]",,,,
2026-08-16:NY,1,NY,2026-08-16,active,S3,breakout_retest,long,B,False,,,,"[30280.75, 30287.25]",,,,
2026-08-16:NY,2,NY,2026-08-16,active,S1,sweep_reclaim,long,A,False,,,,"[30154.75, 30200, 30280.75]",,,,
2026-08-16:NY,2,NY,2026-08-16,active,S2,reject,short,B,False,,,,"[30200, 30154.75]",,,,
2026-08-16:NY,2,NY,2026-08-16,active,S3,breakout_retest,long,A,False,,,,"[30280.75, 30287.25]",,,,
2026-08-17:ASIA,1,ASIA,2026-08-17,active,S1,hold,long,B,False,,,,"[30234.5, 30254.75]",,,,
2026-08-17:ASIA,1,ASIA,2026-08-17,active,S2,reject,short,B,False,,,,"[30234.5, 30219.5, 30214.75]",,,,
2026-08-17:ASIA,1,ASIA,2026-08-17,active,S3,sweep_reclaim,long,B,False,,,,"[30214.75, 30234.5]",,,,
2026-08-17:ASIA,2,ASIA,2026-08-17,active,S1,sweep_reclaim,long,B,False,,,,"[30166.25, 30190.5, 30203.12]",,,,
2026-08-17:ASIA,2,ASIA,2026-08-17,active,S2,reject,short,B,False,,,,[30069.75],,,,
2026-08-17:ASIA,3,ASIA,2026-08-17,active,S1,reclaim,long,B,False,,,,"[30166.25, 30190.5, 30203.12]",,,,
2026-08-17:ASIA,3,ASIA,2026-08-17,active,S2,reject,short,B,False,,,,[30062],,,,
2026-08-17:ASIA,3,ASIA,2026-08-17,active,S3,sweep_reclaim,long,B,False,,,,"[30104, 30166.25]",,,,
2026-08-17:ASIA,4,ASIA,2026-08-17,no_trade,S0,hold,long,B,False,,,,,,,,
2026-08-17:ASIA,5,ASIA,2026-08-17,active,S1,sweep_reclaim,long,B,False,,,,"[30086.25, 30090.25, 30124.25]",,,,
2026-08-17:ASIA,5,ASIA,2026-08-17,active,S2,reject,short,B,False,,,,[29853],,,,
2026-08-17:ASIA,5,ASIA,2026-08-17,active,S3,breakout_retest,long,B,False,,,,"[30124.25, 30166.25, 30190.5]",,,,
2026-08-17:ASIA,6,ASIA,2026-08-17,active,S1,reject,short,A,False,,,,[29853],,,,
2026-08-17:ASIA,6,ASIA,2026-08-17,active,S2,sweep_reclaim,long,B,False,,,,"[29919, 30079, 30124.25]",,,,
2026-08-17:LONDON,1,LONDON,2026-08-17,active,S1,hold,long,A,False,,,,[30327.5],,,,
2026-08-17:LONDON,1,LONDON,2026-08-17,active,S2,sweep_reclaim,long,B,False,,,,"[30254.75, 30327.5]",,,,
2026-08-17:LONDON,1,LONDON,2026-08-17,active,S3,reject,short,B,False,,,,"[30254.75, 30234.5]",,,,
2026-08-17:NY,1,NY,2026-08-17,active,S1,hold,long,B,False,,,,"[30287.25, 30339.75]",,,,
2026-08-17:NY,1,NY,2026-08-17,active,S2,acceptance,short,B,False,,,,[30166.25],,,,
2026-08-17:NY,1,NY,2026-08-17,active,S3,breakout_retest,long,B,False,,,,[30339.75],,,,
2026-08-17:NY,2,NY,2026-08-17,active,S1,hold,long,B,False,,,,"[30222.5, 30225, 30265.75]",,,,
2026-08-17:NY,2,NY,2026-08-17,active,S2,sweep_reclaim,long,A,False,,,,"[30222.5, 30225, 30265.75]",,,,
2026-08-17:NY,2,NY,2026-08-17,active,S3,reject,short,B,False,,,,"[30217.75, 30190.5]",,,,
2026-08-17:NY,3,NY,2026-08-17,active,S1,reclaim,long,A,False,,,,"[30227.25, 30234.5, 30254.75]",,,,
2026-08-17:NY,3,NY,2026-08-17,active,S2,breakout_retest,long,B,False,,,,"[30254.75, 30265.75, 30339.75]",,,,
2026-08-17:NY,3,NY,2026-08-17,active,S3,reject,short,B,False,,,,"[30190.5, 30166.25]",,,,
2026-08-18:ASIA:8d5c8af5_8ef641a7-815c-4bb5-9798-b070b67d7998_deepseek_1781246265,1,ASIA,2026-08-18,active,S1,acceptance,short,A,False,,,,[29551.5],,,,
2026-08-18:ASIA:8d5c8af5_8ef641a7-815c-4bb5-9798-b070b67d7998_deepseek_1781246265,1,ASIA,2026-08-18,active,S2,reject,short,A,False,,,,"[29568.25, 29551.5]",,,,
2026-08-18:ASIA:8d5c8af5_8ef641a7-815c-4bb5-9798-b070b67d7998_deepseek_1781246265,1,ASIA,2026-08-18,active,S3,reclaim,long,B,False,,,,"[29644.5, 29755]",,,,
2026-08-18:ASIA:8d5c8af5_8ef641a7-815c-4bb5-9798-b070b67d7998_deepseek_1781246265,2,ASIA,2026-08-18,active,S1,breakout_retest,short,A,False,,,,"[29582.5, 29441]",,,,
2026-08-18:ASIA:8d5c8af5_8ef641a7-815c-4bb5-9798-b070b67d7998_deepseek_1781246265,2,ASIA,2026-08-18,active,S2,reject,short,A,False,,,,"[29582.5, 29441]",,,,
2026-08-18:ASIA:8d5c8af5_8ef641a7-815c-4bb5-9798-b070b67d7998_deepseek_1781246265,2,ASIA,2026-08-18,active,S3,reclaim,long,B,False,,,,"[29755, 29853]",,,,
2026-08-18:ASIA:8d5c8af5_8ef641a7-815c-4bb5-9798-b070b67d7998_deepseek_1781246265,3,ASIA,2026-08-18,no_trade,S0,hold,long,B,False,,,,,,,,
2026-08-18:ASIA:8d5c8af5_8ef641a7-815c-4bb5-9798-b070b67d7998_deepseek_1781246265,4,ASIA,2026-08-18,no_trade,S0,hold,long,B,False,,,,,,,,
2026-08-18:ASIA:8d5c8af5_8ef641a7-815c-4bb5-9798-b070b67d7998_deepseek_1781246265,5,ASIA,2026-08-18,no_trade,S0,hold,long,B,False,,,,,,,,
2026-08-18:ASIA:8d5c8af5_8ef641a7-815c-4bb5-9798-b070b67d7998_deepseek_1781246265,6,ASIA,2026-08-18,active,S1,sweep_reclaim,long,B,False,,,,"[29478.25, 29496.25, 29514]",,,,
2026-08-18:ASIA:8d5c8af5_8ef641a7-815c-4bb5-9798-b070b67d7998_deepseek_1781246265,6,ASIA,2026-08-18,active,S2,reject,short,B,False,,,,"[29478.25, 29441, 29430.25]",,,,
2026-08-18:LONDON:8d5c8af5_8ef641a7-815c-4bb5-9798-b070b67d7998_deepseek_1781246265,1,LONDON,2026-08-18,active,S1,reclaim,long,B,False,,,,"[30079, 30090.75, 30091.5, 30096.25, 30124.25]",,,,
2026-08-18:LONDON:8d5c8af5_8ef641a7-815c-4bb5-9798-b070b67d7998_deepseek_1781246265,1,LONDON,2026-08-18,active,S2,breakout_retest,short,B,False,,,,[29785.5],,,,
2026-08-18:LONDON:8d5c8af5_8ef641a7-815c-4bb5-9798-b070b67d7998_deepseek_1781246265,1,LONDON,2026-08-18,active,S3,reject,short,B,False,,,,"[29919, 29853]",,,,
2026-08-18:NY:8d5c8af5_8ef641a7-815c-4bb5-9798-b070b67d7998_deepseek_1781246265,1,NY,2026-08-18,active,S1,sweep_reclaim,long,B,False,,,,"[29853, 29919]",,,,
2026-08-18:NY:8d5c8af5_8ef641a7-815c-4bb5-9798-b070b67d7998_deepseek_1781246265,1,NY,2026-08-18,active,S2,reclaim,long,B,False,,,,"[29919, 30079]",,,,
2026-08-18:NY:8d5c8af5_8ef641a7-815c-4bb5-9798-b070b67d7998_deepseek_1781246265,1,NY,2026-08-18,active,S3,reject,short,B,False,,,,[29680.75],,,,
2026-08-19:ASIA:8d5c8af5_8ef641a7-815c-4bb5-9798-b070b67d7998_deepseek_1781246265,1,ASIA,2026-08-19,active,S1,reclaim,long,B,False,,,,"[29742, 29770, 29785.5]",,,,
2026-08-19:ASIA:8d5c8af5_8ef641a7-815c-4bb5-9798-b070b67d7998_deepseek_1781246265,1,ASIA,2026-08-19,active,S2,reject,short,A,False,,,,"[29553.12, 29514, 29505.75]",,,,
2026-08-19:ASIA:8d5c8af5_8ef641a7-815c-4bb5-9798-b070b67d7998_deepseek_1781246265,1,ASIA,2026-08-19,active,S3,acceptance,short,B,False,,,,"[29505.75, 29441]",,,,
2026-08-19:ASIA:8d5c8af5_8ef641a7-815c-4bb5-9798-b070b67d7998_deepseek_1781246265,2,ASIA,2026-08-19,active,S1,hold,long,A,False,,,,"[29688.5, 29742, 29770]",,,,
2026-08-19:ASIA:8d5c8af5_8ef641a7-815c-4bb5-9798-b070b67d7998_deepseek_1781246265,2,ASIA,2026-08-19,active,S2,breakout_retest,short,B,False,,,,"[29554.75, 29514, 29505.75]",,,,
2026-08-19:ASIA:8d5c8af5_8ef641a7-815c-4bb5-9798-b070b67d7998_deepseek_1781246265,2,ASIA,2026-08-19,active,S3,reject,short,B,False,,,,"[29648.25, 29554.75]",,,,
2026-08-19:ASIA:8d5c8af5_8ef641a7-815c-4bb5-9798-b070b67d7998_deepseek_1781246265,3,ASIA,2026-08-19,active,S1,reject,short,A,False,,,,"[29554.75, 29514, 29505.75]",,,,
2026-08-19:ASIA:8d5c8af5_8ef641a7-815c-4bb5-9798-b070b67d7998_deepseek_1781246265,3,ASIA,2026-08-19,active,S2,acceptance,short,A,False,,,,"[29514, 29505.75, 29441]",,,,
2026-08-19:ASIA:8d5c8af5_8ef641a7-815c-4bb5-9798-b070b67d7998_deepseek_1781246265,3,ASIA,2026-08-19,active,S3,reclaim,long,B,False,,,,"[29648.25, 29688.5]",,,,
2026-08-19:ASIA:8d5c8af5_8ef641a7-815c-4bb5-9798-b070b67d7998_deepseek_1781246265,4,ASIA,2026-08-19,active,S1,reject,short,B,False,,,,"[29648.25, 29554.75, 29514]",,,,
2026-08-19:ASIA:8d5c8af5_8ef641a7-815c-4bb5-9798-b070b67d7998_deepseek_1781246265,4,ASIA,2026-08-19,active,S2,acceptance,short,A,False,,,,"[29554.75, 29514, 29441]",,,,
2026-08-19:ASIA:8d5c8af5_8ef641a7-815c-4bb5-9798-b070b67d7998_deepseek_1781246265,4,ASIA,2026-08-19,active,S3,reclaim,long,B,False,,,,[29770],,,,
2026-08-19:LONDON:8d5c8af5_8ef641a7-815c-4bb5-9798-b070b67d7998_deepseek_1781246265,1,LONDON,2026-08-19,active,S1,reject,short,B,False,,,,"[29514, 29505.75, 29441]",,,,
2026-08-19:LONDON:8d5c8af5_8ef641a7-815c-4bb5-9798-b070b67d7998_deepseek_1781246265,1,LONDON,2026-08-19,active,S2,acceptance,short,B,False,,,,"[29505.75, 29441, 29430.25]",,,,
2026-08-19:LONDON:8d5c8af5_8ef641a7-815c-4bb5-9798-b070b67d7998_deepseek_1781246265,1,LONDON,2026-08-19,active,S3,reclaim,long,B,False,,,,"[29609.75, 29770]",,,,
2026-08-19:LONDON:8d5c8af5_8ef641a7-815c-4bb5-9798-b070b67d7998_deepseek_1781246265,2,LONDON,2026-08-19,active,S1,reject,short,A,False,,,,"[29555, 29514, 29505.75]",,,,
2026-08-19:LONDON:8d5c8af5_8ef641a7-815c-4bb5-9798-b070b67d7998_deepseek_1781246265,2,LONDON,2026-08-19,active,S2,acceptance,short,B,False,,,,"[29514, 29505.75, 29441]",,,,
2026-08-19:LONDON:8d5c8af5_8ef641a7-815c-4bb5-9798-b070b67d7998_deepseek_1781246265,2,LONDON,2026-08-19,active,S3,reclaim,long,B,False,,,,"[29770, 29919.25]",,,,
2026-08-19:LONDON:8d5c8af5_8ef641a7-815c-4bb5-9798-b070b67d7998_deepseek_1781246265,3,LONDON,2026-08-19,active,S1,reject,short,B,False,,,,"[29554.5, 29514, 29441]",,,,
2026-08-19:LONDON:8d5c8af5_8ef641a7-815c-4bb5-9798-b070b67d7998_deepseek_1781246265,3,LONDON,2026-08-19,active,S2,breakout_retest,long,A,False,,,,[29919.25],,,,
2026-08-19:LONDON:8d5c8af5_8ef641a7-815c-4bb5-9798-b070b67d7998_deepseek_1781246265,3,LONDON,2026-08-19,active,S3,acceptance,short,B,False,,,,"[29514, 29441]",,,,
2026-08-19:NY:8d5c8af5_8ef641a7-815c-4bb5-9798-b070b67d7998_deepseek_1781246265,1,NY,2026-08-19,active,S1,breakout_retest,long,A,False,,,,[29919.25],,,,
2026-08-19:NY:8d5c8af5_8ef641a7-815c-4bb5-9798-b070b67d7998_deepseek_1781246265,1,NY,2026-08-19,active,S2,reclaim,long,B,False,,,,"[29759, 29770, 29919.25]",,,,
2026-08-19:NY:8d5c8af5_8ef641a7-815c-4bb5-9798-b070b67d7998_deepseek_1781246265,1,NY,2026-08-19,active,S3,acceptance,short,B,False,,,,"[29441, 29430.25]",,,,
2026-08-19:NY:8d5c8af5_8ef641a7-815c-4bb5-9798-b070b67d7998_deepseek_1781246265,2,NY,2026-08-19,active,S1,reject,short,B,False,,,,"[29496.25, 29441, 29430.25]",,,,
2026-08-19:NY:8d5c8af5_8ef641a7-815c-4bb5-9798-b070b67d7998_deepseek_1781246265,2,NY,2026-08-19,active,S2,breakout_retest,short,A,False,,,,[29430.25],,,,
2026-08-19:NY:8d5c8af5_8ef641a7-815c-4bb5-9798-b070b67d7998_deepseek_1781246265,2,NY,2026-08-19,active,S3,sweep_reclaim,long,B,False,,,,"[29496.25, 29505.75, 29514]",,,,
2026-08-19:NY:8d5c8af5_8ef641a7-815c-4bb5-9798-b070b67d7998_deepseek_1781246265,3,NY,2026-08-19,active,S1,reject,short,B,False,,,,"[29514, 29441]",,,,
2026-08-19:NY:8d5c8af5_8ef641a7-815c-4bb5-9798-b070b67d7998_deepseek_1781246265,3,NY,2026-08-19,active,S2,acceptance,short,A,False,,,,[29441],,,,
2026-08-19:NY:8d5c8af5_8ef641a7-815c-4bb5-9798-b070b67d7998_deepseek_1781246265,3,NY,2026-08-19,active,S3,sweep_reclaim,long,B,False,,,,"[29648.25, 29742]",,,,
2026-08-20:ASIA:8d5c8af5_8ef641a7-815c-4bb5-9798-b070b67d7998_deepseek_1781246265,1,ASIA,2026-08-20,active,S1,acceptance,short,A,False,,,,"[29309.25, 29306]",,,,
2026-08-20:ASIA:8d5c8af5_8ef641a7-815c-4bb5-9798-b070b67d7998_deepseek_1781246265,1,ASIA,2026-08-20,active,S2,reject,short,B,False,,,,"[29323, 29309.25]",,,,
2026-08-20:ASIA:8d5c8af5_8ef641a7-815c-4bb5-9798-b070b67d7998_deepseek_1781246265,1,ASIA,2026-08-20,active,S3,reclaim,long,B,False,,,,"[29375.75, 29433.75]",,,,
2026-08-20:ASIA:8d5c8af5_8ef641a7-815c-4bb5-9798-b070b67d7998_deepseek_1781246265,2,ASIA,2026-08-20,active,S1,reject,short,A,False,,,,"[29338.5, 29334.25, 29273.5]",,,,
2026-08-20:ASIA:8d5c8af5_8ef641a7-815c-4bb5-9798-b070b67d7998_deepseek_1781246265,2,ASIA,2026-08-20,active,S2,breakout_retest,short,B,False,,,,"[29334.25, 29273.5]",,,,
2026-08-20:ASIA:8d5c8af5_8ef641a7-815c-4bb5-9798-b070b67d7998_deepseek_1781246265,2,ASIA,2026-08-20,active,S3,reclaim,long,B,False,,,,"[29617, 29742, 29748.25]",,,,
2026-08-20:ASIA:8d5c8af5_8ef641a7-815c-4bb5-9798-b070b67d7998_deepseek_1781246265,3,ASIA,2026-08-20,active,S1,reject,short,A,False,,,,"[29338.5, 29331, 29273.5]",,,,
2026-08-20:ASIA:8d5c8af5_8ef641a7-815c-4bb5-9798-b070b67d7998_deepseek_1781246265,3,ASIA,2026-08-20,active,S2,acceptance,short,B,False,,,,[29273.5],,,,
2026-08-20:ASIA:8d5c8af5_8ef641a7-815c-4bb5-9798-b070b67d7998_deepseek_1781246265,3,ASIA,2026-08-20,active,S3,reject,short,A,False,,,,"[29395, 29338.5, 29331]",,,,
2026-08-20:LONDON:8d5c8af5_8ef641a7-815c-4bb5-9798-b070b67d7998_deepseek_1781246265,1,LONDON,2026-08-20,active,S1,breakout_retest,long,A,False,,,,"[29742, 29759]",,,,
2026-08-20:LONDON:8d5c8af5_8ef641a7-815c-4bb5-9798-b070b67d7998_deepseek_1781246265,1,LONDON,2026-08-20,active,S2,reject,short,B,False,,,,"[29617, 29554.75]",,,,
2026-08-20:LONDON:8d5c8af5_8ef641a7-815c-4bb5-9798-b070b67d7998_deepseek_1781246265,1,LONDON,2026-08-20,active,S3,acceptance,short,B,False,,,,"[29554.75, 29545.25, 29541.5]",,,,
2026-08-20:LONDON:8d5c8af5_8ef641a7-815c-4bb5-9798-b070b67d7998_deepseek_1781246265,2,LONDON,2026-08-20,active,S1,breakout_retest,short,A,False,,,,[29375.75],,,,
2026-08-20:LONDON:8d5c8af5_8ef641a7-815c-4bb5-9798-b070b67d7998_deepseek_1781246265,2,LONDON,2026-08-20,active,S2,reject,short,B,False,,,,"[29515.25, 29375.75]",,,,
2026-08-20:LONDON:8d5c8af5_8ef641a7-815c-4bb5-9798-b070b67d7998_deepseek_1781246265,2,LONDON,2026-08-20,active,S3,reject,short,A,False,,,,"[29557.5, 29515.25, 29375.75]",,,,
2026-08-20:NY:8d5c8af5_8ef641a7-815c-4bb5-9798-b070b67d7998_deepseek_1781246265,1,NY,2026-08-20,active,S1,acceptance,short,A+,False,,,,"[29263.5, 29240.25]",,,,
2026-08-20:NY:8d5c8af5_8ef641a7-815c-4bb5-9798-b070b67d7998_deepseek_1781246265,1,NY,2026-08-20,active,S2,reject,short,A,False,,,,"[29275, 29263.5, 29240.25]",,,,
2026-08-20:NY:8d5c8af5_8ef641a7-815c-4bb5-9798-b070b67d7998_deepseek_1781246265,1,NY,2026-08-20,active,S3,reclaim,long,B,False,,,,"[29617, 29688.5, 29742]",,,,
2026-08-20:NY:8d5c8af5_8ef641a7-815c-4bb5-9798-b070b67d7998_deepseek_1781246265,2,NY,2026-08-20,active,S1,acceptance,short,A,False,,,,"[29375.75, 29338.5, 29240.25]",,,,
2026-08-20:NY:8d5c8af5_8ef641a7-815c-4bb5-9798-b070b67d7998_deepseek_1781246265,2,NY,2026-08-20,active,S2,reject,short,B,False,,,,"[29433.75, 29375.75]",,,,
2026-08-20:NY:8d5c8af5_8ef641a7-815c-4bb5-9798-b070b67d7998_deepseek_1781246265,2,NY,2026-08-20,active,S3,acceptance,short,A,False,,,,"[29338.5, 29240.25]",,,,
2026-08-21:LONDON:8d5c8af5_8ef641a7-815c-4bb5-9798-b070b67d7998_deepseek_1781246265,1,LONDON,2026-08-21,active,S1,sweep_reclaim,long,B,False,,,,"[29358.25, 29402.25]",,,,
2026-08-21:LONDON:8d5c8af5_8ef641a7-815c-4bb5-9798-b070b67d7998_deepseek_1781246265,1,LONDON,2026-08-21,active,S2,reject,short,A,False,,,,"[29358.25, 29346, 29341.75]",,,,
2026-08-21:LONDON:8d5c8af5_8ef641a7-815c-4bb5-9798-b070b67d7998_deepseek_1781246265,1,LONDON,2026-08-21,active,S3,acceptance,short,B,False,,,,"[29346, 29273.5, 29202.5]",,,,
2026-08-21:LONDON:8d5c8af5_8ef641a7-815c-4bb5-9798-b070b67d7998_deepseek_1781246265,2,LONDON,2026-08-21,active,S1,reject,short,B,False,,,,"[29358.25, 29346, 29273.5]",,,,
2026-08-21:LONDON:8d5c8af5_8ef641a7-815c-4bb5-9798-b070b67d7998_deepseek_1781246265,2,LONDON,2026-08-21,active,S2,breakout_retest,short,A,False,,,,"[29346, 29273.5, 29202.5]",,,,
2026-08-21:LONDON:8d5c8af5_8ef641a7-815c-4bb5-9798-b070b67d7998_deepseek_1781246265,2,LONDON,2026-08-21,active,S3,reclaim,long,B,False,,,,"[29470.25, 29686.75]",,,,
2026-08-21:LONDON:8d5c8af5_8ef641a7-815c-4bb5-9798-b070b67d7998_deepseek_1781246265,3,LONDON,2026-08-21,active,S1,reclaim,long,A,False,,,,"[29638.5, 29686.75]",,,,
2026-08-21:LONDON:8d5c8af5_8ef641a7-815c-4bb5-9798-b070b67d7998_deepseek_1781246265,3,LONDON,2026-08-21,active,S2,acceptance,short,A,False,,,,"[29358.25, 29342, 29273.5]",,,,
2026-08-21:LONDON:8d5c8af5_8ef641a7-815c-4bb5-9798-b070b67d7998_deepseek_1781246265,3,LONDON,2026-08-21,active,S3,hold,long,B,False,,,,"[29470.25, 29483.25, 29638.5]",,,,
2026-08-21:LONDON:8d5c8af5_8ef641a7-815c-4bb5-9798-b070b67d7998_deepseek_1781246265,4,LONDON,2026-08-21,active,S1,reject,short,B,False,,,,"[29358.25, 29342, 29273.5]",,,,
2026-08-21:LONDON:8d5c8af5_8ef641a7-815c-4bb5-9798-b070b67d7998_deepseek_1781246265,4,LONDON,2026-08-21,active,S2,breakout_retest,short,A,False,,,,"[29342, 29273.5, 29202.5]",,,,
2026-08-21:LONDON:8d5c8af5_8ef641a7-815c-4bb5-9798-b070b67d7998_deepseek_1781246265,4,LONDON,2026-08-21,active,S3,reclaim,long,B,False,,,,"[29539.75, 29686.75]",,,,
2026-08-21:NY:8d5c8af5_8ef641a7-815c-4bb5-9798-b070b67d7998_deepseek_1781246265,1,NY,2026-08-21,active,S1,reject,short,B,False,,,,"[29358.25, 29342, 29273.5]",,,,
2026-08-21:NY:8d5c8af5_8ef641a7-815c-4bb5-9798-b070b67d7998_deepseek_1781246265,1,NY,2026-08-21,active,S2,acceptance,short,A,False,,,,"[29342, 29273.5, 29202.5]",,,,
2026-08-21:NY:8d5c8af5_8ef641a7-815c-4bb5-9798-b070b67d7998_deepseek_1781246265,1,NY,2026-08-21,active,S3,breakout_retest,short,B,False,,,,[29202.5],,,,
2026-08-23:ASIA:8d5c8af5_8ef641a7-815c-4bb5-9798-b070b67d7998_deepseek_1781246265,1,ASIA,2026-08-23,no_trade,S0,hold,long,B,False,,,,,,,,
2026-08-23:ASIA:8d5c8af5_8ef641a7-815c-4bb5-9798-b070b67d7998_deepseek_1781246265,2,ASIA,2026-08-23,no_trade,S0,hold,long,B,False,,,,,,,,
2026-08-23:ASIA:8d5c8af5_8ef641a7-815c-4bb5-9798-b070b67d7998_deepseek_1781246265,3,ASIA,2026-08-23,no_trade,S0,hold,long,B,False,,,,,,,,
2026-08-23:ASIA:8d5c8af5_8ef641a7-815c-4bb5-9798-b070b67d7998_deepseek_1781246265,4,ASIA,2026-08-23,no_trade,S0,hold,long,B,False,,,,,,,,
2026-08-24:ASIA:8d5c8af5_8ef641a7-815c-4bb5-9798-b070b67d7998_deepseek_1781246265,1,ASIA,2026-08-24,active,S1,reject,short,C,False,,,,"[29125, 29116, 29082.5]",,,,
2026-08-24:ASIA:8d5c8af5_8ef641a7-815c-4bb5-9798-b070b67d7998_deepseek_1781246265,1,ASIA,2026-08-24,active,S2,acceptance,short,A,False,,,,[29082.5],,,,
2026-08-24:ASIA:8d5c8af5_8ef641a7-815c-4bb5-9798-b070b67d7998_deepseek_1781246265,1,ASIA,2026-08-24,active,S3,breakout_retest,short,B,False,,,,[29082.5],,,,
2026-08-24:ASIA:8d5c8af5_8ef641a7-815c-4bb5-9798-b070b67d7998_deepseek_1781246265,2,ASIA,2026-08-24,no_trade,S0,hold,long,B,False,,,,,,,,
2026-08-24:ASIA:8d5c8af5_8ef641a7-815c-4bb5-9798-b070b67d7998_deepseek_1781246265,3,ASIA,2026-08-24,active,S1,breakout_retest,short,C,False,,,,[29082.5],,,,
2026-08-24:ASIA:8d5c8af5_8ef641a7-815c-4bb5-9798-b070b67d7998_deepseek_1781246265,3,ASIA,2026-08-24,active,S2,reject,short,C,False,,,,"[29117.5, 29110.25, 29082.5]",,,,
2026-08-24:ASIA:8d5c8af5_8ef641a7-815c-4bb5-9798-b070b67d7998_deepseek_1781246265,3,ASIA,2026-08-24,active,S3,sweep_reclaim,long,C,False,,,,"[29110.25, 29117.5, 29152.25]",,,,
2026-08-24:ASIA:8d5c8af5_8ef641a7-815c-4bb5-9798-b070b67d7998_deepseek_1781246265,4,ASIA,2026-08-24,active,S1,reject,short,C,False,,,,"[29132.25, 29122.25, 29082.5]",,,,
2026-08-24:ASIA:8d5c8af5_8ef641a7-815c-4bb5-9798-b070b67d7998_deepseek_1781246265,4,ASIA,2026-08-24,active,S2,reject,short,B,False,,,,"[29154.38, 29132.25, 29122.25]",,,,
2026-08-24:ASIA:8d5c8af5_8ef641a7-815c-4bb5-9798-b070b67d7998_deepseek_1781246265,4,ASIA,2026-08-24,active,S3,breakout_retest,short,C,False,,,,"[29122.25, 29082.5, 29016.75]",,,,
2026-08-24:ASIA:8d5c8af5_8ef641a7-815c-4bb5-9798-b070b67d7998_deepseek_1781246265,5,ASIA,2026-08-24,active,S1,reclaim,long,C,False,,,,"[29288, 29297.75, 29375]",,,,
2026-08-24:ASIA:8d5c8af5_8ef641a7-815c-4bb5-9798-b070b67d7998_deepseek_1781246265,5,ASIA,2026-08-24,active,S2,reject,short,C,False,,,,"[29243.75, 29204, 29190]",,,,
2026-08-24:ASIA:8d5c8af5_8ef641a7-815c-4bb5-9798-b070b67d7998_deepseek_1781246265,5,ASIA,2026-08-24,active,S3,sweep_reclaim,long,C,False,,,,"[29375, 29423.5]",,,,
2026-08-24:ASIA:8d5c8af5_8ef641a7-815c-4bb5-9798-b070b67d7998_deepseek_1781246265,5,ASIA,2026-08-24,active,S4,acceptance,short,C,False,,,,"[29204, 29190, 29132.25]",,,,
2026-08-24:LONDON:8d5c8af5_8ef641a7-815c-4bb5-9798-b070b67d7998_deepseek_1781246265,1,LONDON,2026-08-24,no_trade,S0,hold,long,B,False,,,,,,,,
2026-08-24:NY:8d5c8af5_8ef641a7-815c-4bb5-9798-b070b67d7998_deepseek_1781246265,1,NY,2026-08-24,active,S1,reject,short,C,False,,,,"[29192, 29180.75, 29116.75]",,,,
2026-08-24:NY:8d5c8af5_8ef641a7-815c-4bb5-9798-b070b67d7998_deepseek_1781246265,1,NY,2026-08-24,active,S2,breakout_retest,short,C,False,,,,"[29180.75, 29116.75]",,,,
2026-08-24:NY:8d5c8af5_8ef641a7-815c-4bb5-9798-b070b67d7998_deepseek_1781246265,1,NY,2026-08-24,active,S3,sweep_reclaim,long,C,False,,,,"[29180.75, 29192, 29263.25]",,,,
2026-08-24:NY:8d5c8af5_8ef641a7-815c-4bb5-9798-b070b67d7998_deepseek_1781246265,2,NY,2026-08-24,active,S1,acceptance,short,C,False,,,,"[28842.5, 28708.75]",,,,
2026-08-24:NY:8d5c8af5_8ef641a7-815c-4bb5-9798-b070b67d7998_deepseek_1781246265,2,NY,2026-08-24,active,S2,reject,short,C,False,,,,"[28976.25, 28842.5]",,,,
2026-08-24:NY:8d5c8af5_8ef641a7-815c-4bb5-9798-b070b67d7998_deepseek_1781246265,2,NY,2026-08-24,active,S3,sweep_reclaim,long,B,False,,,,"[29082.5, 29116.75]",,,,
2026-08-24:NY:8d5c8af5_8ef641a7-815c-4bb5-9798-b070b67d7998_deepseek_1781246265,3,NY,2026-08-24,active,S1,reject,short,C,False,,,,"[29100, 29082.5, 29050]",,,,
2026-08-24:NY:8d5c8af5_8ef641a7-815c-4bb5-9798-b070b67d7998_deepseek_1781246265,3,NY,2026-08-24,active,S2,acceptance,short,C,False,,,,"[29050, 28947.75]",,,,
2026-08-24:NY:8d5c8af5_8ef641a7-815c-4bb5-9798-b070b67d7998_deepseek_1781246265,3,NY,2026-08-24,active,S3,reject,short,C,False,,,,"[29116.75, 29100, 29082.5]",,,,
2026-08-24:NY:8d5c8af5_8ef641a7-815c-4bb5-9798-b070b67d7998_deepseek_1781246265,4,NY,2026-08-24,active,S1,reject,short,C,False,,,,"[29124.75, 29116.75, 29082.5]",,,,
2026-08-24:NY:8d5c8af5_8ef641a7-815c-4bb5-9798-b070b67d7998_deepseek_1781246265,4,NY,2026-08-24,active,S2,breakout_retest,short,C,False,,,,"[29116.75, 29082.5]",,,,
2026-08-24:NY:8d5c8af5_8ef641a7-815c-4bb5-9798-b070b67d7998_deepseek_1781246265,4,NY,2026-08-24,active,S3,reclaim,long,C,False,,,,"[29243.75, 29263.25]",,,,
2026-08-24:NY:8d5c8af5_8ef641a7-815c-4bb5-9798-b070b67d7998_deepseek_1781246265,5,NY,2026-08-24,active,S1,reject,short,C,False,,,,"[29116.75, 29082.5]",,,,
2026-08-24:NY:8d5c8af5_8ef641a7-815c-4bb5-9798-b070b67d7998_deepseek_1781246265,5,NY,2026-08-24,active,S2,acceptance,short,C,False,,,,[29082.5],,,,
2026-08-24:NY:8d5c8af5_8ef641a7-815c-4bb5-9798-b070b67d7998_deepseek_1781246265,5,NY,2026-08-24,active,S3,sweep_reclaim,long,C,False,,,,"[29173, 29220.25]",,,,
2026-08-24:NY:8d5c8af5_8ef641a7-815c-4bb5-9798-b070b67d7998_deepseek_1781246265,6,NY,2026-08-24,active,S1,acceptance,short,C,False,,,,"[29116.75, 29082.5]",,,,
2026-08-24:NY:8d5c8af5_8ef641a7-815c-4bb5-9798-b070b67d7998_deepseek_1781246265,6,NY,2026-08-24,active,S2,reject,short,C,False,,,,"[29146.75, 29116.75]",,,,
2026-08-24:NY:8d5c8af5_8ef641a7-815c-4bb5-9798-b070b67d7998_deepseek_1781246265,6,NY,2026-08-24,active,S3,reject,short,C,False,,,,"[29220.25, 29146.75]",,,,
2026-08-24:NY:8d5c8af5_8ef641a7-815c-4bb5-9798-b070b67d7998_deepseek_1781246265,7,NY,2026-08-24,active,S1,reject,short,C,False,,,,"[29150, 29116.75, 29082.5]",,,,
2026-08-24:NY:8d5c8af5_8ef641a7-815c-4bb5-9798-b070b67d7998_deepseek_1781246265,7,NY,2026-08-24,active,S2,acceptance,short,C,False,,,,"[29116.75, 29082.5]",,,,
2026-08-24:NY:8d5c8af5_8ef641a7-815c-4bb5-9798-b070b67d7998_deepseek_1781246265,7,NY,2026-08-24,active,S3,sweep_reclaim,long,C,False,,,,"[29150, 29220.25]",,,,
2026-08-24:NY:8d5c8af5_8ef641a7-815c-4bb5-9798-b070b67d7998_deepseek_1781246265,8,NY,2026-08-24,active,S1,acceptance,short,C,False,,,,"[29116.75, 29082.5]",,,,
2026-08-24:NY:8d5c8af5_8ef641a7-815c-4bb5-9798-b070b67d7998_deepseek_1781246265,8,NY,2026-08-24,active,S2,reject,short,C,False,,,,"[29150, 29116.75]",,,,
2026-08-24:NY:8d5c8af5_8ef641a7-815c-4bb5-9798-b070b67d7998_deepseek_1781246265,8,NY,2026-08-24,active,S3,sweep_reclaim,long,C,False,,,,"[29116.75, 29150]",,,,
2026-08-25:ASIA:8d5c8af5_8ef641a7-815c-4bb5-9798-b070b67d7998_deepseek_1781246265,1,ASIA,2026-08-25,active,S1,breakout_retest,long,C,False,,,,[29377],,,,
2026-08-25:ASIA:8d5c8af5_8ef641a7-815c-4bb5-9798-b070b67d7998_deepseek_1781246265,1,ASIA,2026-08-25,active,S2,hold,long,C,False,,,,"[29310, 29377]",,,,
2026-08-25:ASIA:8d5c8af5_8ef641a7-815c-4bb5-9798-b070b67d7998_deepseek_1781246265,1,ASIA,2026-08-25,active,S3,hold,long,C,False,,,,"[29283.5, 29310]",,,,
2026-08-25:ASIA:8d5c8af5_8ef641a7-815c-4bb5-9798-b070b67d7998_deepseek_1781246265,1,ASIA,2026-08-25,active,S4,sweep_reclaim,long,C,False,,,,"[29243.75, 29283.5]",,,,
2026-08-25:ASIA:8d5c8af5_8ef641a7-815c-4bb5-9798-b070b67d7998_deepseek_1781246265,2,ASIA,2026-08-25,no_trade,S0,hold,long,B,False,,,,,,,,
2026-08-25:ASIA:8d5c8af5_8ef641a7-815c-4bb5-9798-b070b67d7998_deepseek_1781246265,3,ASIA,2026-08-25,active,S1,reclaim,long,C,False,,,,"[29310, 29377]",,,,
2026-08-25:ASIA:8d5c8af5_8ef641a7-815c-4bb5-9798-b070b67d7998_deepseek_1781246265,3,ASIA,2026-08-25,active,S2,breakout_retest,long,C,False,,,,[29377],,,,
2026-08-25:ASIA:8d5c8af5_8ef641a7-815c-4bb5-9798-b070b67d7998_deepseek_1781246265,3,ASIA,2026-08-25,active,S3,reject,short,C,False,,,,"[29280, 29261.25, 29243.75]",,,,
2026-08-25:ASIA:8d5c8af5_8ef641a7-815c-4bb5-9798-b070b67d7998_deepseek_1781246265,3,ASIA,2026-08-25,active,S4,acceptance,short,C,False,,,,"[29243.75, 29199.75, 28947.75]",,,,
2026-08-25:ASIA:8d5c8af5_8ef641a7-815c-4bb5-9798-b070b67d7998_deepseek_1781246265,4,ASIA,2026-08-25,active,S1,sweep_reclaim,long,C,False,,,,"[29310, 29377]",,,,
2026-08-25:ASIA:8d5c8af5_8ef641a7-815c-4bb5-9798-b070b67d7998_deepseek_1781246265,4,ASIA,2026-08-25,active,S2,breakout_retest,long,C,False,,,,[29377],,,,
2026-08-25:ASIA:8d5c8af5_8ef641a7-815c-4bb5-9798-b070b67d7998_deepseek_1781246265,4,ASIA,2026-08-25,active,S3,breakout_retest,short,C,False,,,,"[29243.75, 29199.75]",,,,
2026-08-25:ASIA:8d5c8af5_8ef641a7-815c-4bb5-9798-b070b67d7998_deepseek_1781246265,5,ASIA,2026-08-25,active,S1,sweep_reclaim,long,C,False,,,,"[29310, 29377]",,,,
2026-08-25:ASIA:8d5c8af5_8ef641a7-815c-4bb5-9798-b070b67d7998_deepseek_1781246265,5,ASIA,2026-08-25,active,S2,breakout_retest,long,C,False,,,,[29377],,,,
2026-08-25:ASIA:8d5c8af5_8ef641a7-815c-4bb5-9798-b070b67d7998_deepseek_1781246265,5,ASIA,2026-08-25,active,S3,acceptance,short,C,False,,,,"[29247.5, 29243.75, 29199.75]",,,,
2026-08-25:ASIA:8d5c8af5_8ef641a7-815c-4bb5-9798-b070b67d7998_deepseek_1781246265,5,ASIA,2026-08-25,active,S4,reject,short,C,False,,,,"[29272.25, 29247.5]",,,,
2026-08-25:ASIA:8d5c8af5_8ef641a7-815c-4bb5-9798-b070b67d7998_deepseek_1781246265,6,ASIA,2026-08-25,active,S1,sweep_reclaim,long,C,False,,,,"[29243.75, 29310, 29377]",,,,
2026-08-25:ASIA:8d5c8af5_8ef641a7-815c-4bb5-9798-b070b67d7998_deepseek_1781246265,6,ASIA,2026-08-25,active,S2,reject,short,C,False,,,,"[29231, 29199.75, 29154.38]",,,,
2026-08-25:ASIA:8d5c8af5_8ef641a7-815c-4bb5-9798-b070b67d7998_deepseek_1781246265,6,ASIA,2026-08-25,active,S3,acceptance,long,C,False,,,,[29377],,,,
2026-08-25:ASIA:8d5c8af5_8ef641a7-815c-4bb5-9798-b070b67d7998_deepseek_1781246265,6,ASIA,2026-08-25,active,S4,acceptance,short,C,False,,,,"[29154.38, 28947.75]",,,,
2026-08-25:ASIA:8d5c8af5_8ef641a7-815c-4bb5-9798-b070b67d7998_deepseek_1781246265,7,ASIA,2026-08-25,active,S1,sweep_reclaim,long,C,False,,,,"[29243.75, 29310, 29377]",,,,
2026-08-25:ASIA:8d5c8af5_8ef641a7-815c-4bb5-9798-b070b67d7998_deepseek_1781246265,7,ASIA,2026-08-25,active,S2,breakout_retest,short,C,False,,,,"[29154.38, 28947.75]",,,,
2026-08-25:ASIA:8d5c8af5_8ef641a7-815c-4bb5-9798-b070b67d7998_deepseek_1781246265,7,ASIA,2026-08-25,active,S3,acceptance,long,C,False,,,,"[29310, 29377]",,,,
2026-08-25:ASIA:8d5c8af5_8ef641a7-815c-4bb5-9798-b070b67d7998_deepseek_1781246265,7,ASIA,2026-08-25,active,S4,reject,short,C,False,,,,"[29243.75, 29218.25, 29199.75]",,,,
2026-08-25:ASIA:8d5c8af5_8ef641a7-815c-4bb5-9798-b070b67d7998_deepseek_1781246265,8,ASIA,2026-08-25,no_trade,S0,hold,long,B,False,,,,,,,,
2026-08-25:ASIA:8d5c8af5_8ef641a7-815c-4bb5-9798-b070b67d7998_deepseek_1781246265,9,ASIA,2026-08-25,no_trade,S0,hold,long,B,False,,,,,,,,
2026-08-25:ASIA:8d5c8af5_8ef641a7-815c-4bb5-9798-b070b67d7998_deepseek_1781246265,10,ASIA,2026-08-25,active,S1,breakout_retest,short,A,False,,,,"[29154.38, 29095.5]",,,,
2026-08-25:ASIA:8d5c8af5_8ef641a7-815c-4bb5-9798-b070b67d7998_deepseek_1781246265,10,ASIA,2026-08-25,active,S2,reject,short,A,False,,,,"[29212.5, 29095.5]",,,,
2026-08-25:ASIA:8d5c8af5_8ef641a7-815c-4bb5-9798-b070b67d7998_deepseek_1781246265,10,ASIA,2026-08-25,active,S3,acceptance,short,B,False,,,,[29095.5],,,,
2026-08-25:ASIA:8d5c8af5_8ef641a7-815c-4bb5-9798-b070b67d7998_deepseek_1781246265,11,ASIA,2026-08-25,active,S1,reject,short,A,False,,,,"[29154.38, 29095.5, 29031.12]",,,,
2026-08-25:ASIA:8d5c8af5_8ef641a7-815c-4bb5-9798-b070b67d7998_deepseek_1781246265,11,ASIA,2026-08-25,active,S2,acceptance,short,A,False,,,,[29031.12],,,,
2026-08-25:ASIA:8d5c8af5_8ef641a7-815c-4bb5-9798-b070b67d7998_deepseek_1781246265,11,ASIA,2026-08-25,active,S3,hold,long,B,False,,,,"[29310, 29377]",,,,
2026-08-25:ASIA:8d5c8af5_8ef641a7-815c-4bb5-9798-b070b67d7998_deepseek_1781246265,12,ASIA,2026-08-25,active,S1,reject,short,A,False,,,,"[29228.5, 29212.5, 29145.5, 29095.5]",,,,
2026-08-25:ASIA:8d5c8af5_8ef641a7-815c-4bb5-9798-b070b67d7998_deepseek_1781246265,12,ASIA,2026-08-25,active,S2,acceptance,short,B,False,,,,"[29212.5, 29209.25, 29145.5, 29095.5]",,,,
2026-08-25:ASIA:8d5c8af5_8ef641a7-815c-4bb5-9798-b070b67d7998_deepseek_1781246265,12,ASIA,2026-08-25,active,S3,sweep_reclaim,long,B,False,,,,"[29228.5, 29310, 29416]",,,,
2026-08-25:ASIA:8d5c8af5_8ef641a7-815c-4bb5-9798-b070b67d7998_deepseek_1781246265,13,ASIA,2026-08-25,active,S1,acceptance,short,B,False,,,,"[29212.5, 29145.5, 29095.5]",,,,
2026-08-25:ASIA:8d5c8af5_8ef641a7-815c-4bb5-9798-b070b67d7998_deepseek_1781246265,13,ASIA,2026-08-25,active,S2,reject,short,B,False,,,,"[29228.5, 29212.5]",,,,
2026-08-25:ASIA:8d5c8af5_8ef641a7-815c-4bb5-9798-b070b67d7998_deepseek_1781246265,13,ASIA,2026-08-25,active,S3,sweep_reclaim,long,B,False,,,,"[29228.5, 29310]",,,,
2026-08-25:ASIA:8d5c8af5_8ef641a7-815c-4bb5-9798-b070b67d7998_deepseek_1781246265,13,ASIA,2026-08-25,active,S4,breakout_retest,long,C,False,,,,"[29416, 29420]",,,,
2026-08-25:ASIA:8d5c8af5_8ef641a7-815c-4bb5-9798-b070b67d7998_deepseek_1781246265,14,ASIA,2026-08-25,active,S1,acceptance,short,A,False,,,,"[29145.5, 29095.5, 29085]",,,,
2026-08-25:ASIA:8d5c8af5_8ef641a7-815c-4bb5-9798-b070b67d7998_deepseek_1781246265,14,ASIA,2026-08-25,active,S2,reject,short,A,False,,,,"[29212.5, 29145.5, 29095.5]",,,,
2026-08-25:ASIA:8d5c8af5_8ef641a7-815c-4bb5-9798-b070b67d7998_deepseek_1781246265,14,ASIA,2026-08-25,active,S3,acceptance,short,B,False,,,,"[29095.5, 29085]",,,,
2026-08-25:ASIA:8d5c8af5_8ef641a7-815c-4bb5-9798-b070b67d7998_deepseek_1781246265,14,ASIA,2026-08-25,active,S4,reject,short,B,False,,,,"[29228.5, 29212.5, 29145.5]",,,,
2026-08-25:ASIA:8d5c8af5_8ef641a7-815c-4bb5-9798-b070b67d7998_deepseek_1781246265,14,ASIA,2026-08-25,active,S5,acceptance,long,B,False,,,,"[29416, 29420, 29502.88]",,,,
2026-08-25:ASIA:8d5c8af5_8ef641a7-815c-4bb5-9798-b070b67d7998_deepseek_1781246265,15,ASIA,2026-08-25,active,S1,reject,short,B,False,,,,"[29145.5, 29095.5, 29085]",,,,
2026-08-25:ASIA:8d5c8af5_8ef641a7-815c-4bb5-9798-b070b67d7998_deepseek_1781246265,15,ASIA,2026-08-25,active,S2,breakout_retest,short,B,False,,,,"[29145.5, 29095.5, 29085]",,,,
2026-08-25:ASIA:8d5c8af5_8ef641a7-815c-4bb5-9798-b070b67d7998_deepseek_1781246265,15,ASIA,2026-08-25,active,S3,sweep_reclaim,long,C,False,,,,"[29228.5, 29310]",,,,
2026-08-25:ASIA:8d5c8af5_8ef641a7-815c-4bb5-9798-b070b67d7998_deepseek_1781246265,15,ASIA,2026-08-25,active,S4,breakout_retest,long,C,False,,,,"[29416, 29420]",,,,
2026-08-25:ASIA:8d5c8af5_8ef641a7-815c-4bb5-9798-b070b67d7998_deepseek_1781246265,16,ASIA,2026-08-25,active,S1,hold,long,A,False,,,,"[29310, 29420]",,,,
2026-08-25:ASIA:8d5c8af5_8ef641a7-815c-4bb5-9798-b070b67d7998_deepseek_1781246265,16,ASIA,2026-08-25,active,S2,breakout_retest,long,B,False,,,,"[29416, 29420]",,,,
2026-08-25:ASIA:8d5c8af5_8ef641a7-815c-4bb5-9798-b070b67d7998_deepseek_1781246265,16,ASIA,2026-08-25,active,S3,sweep_reclaim,short,B,False,,,,"[29228.5, 29212.5]",,,,
2026-08-25:ASIA:8d5c8af5_8ef641a7-815c-4bb5-9798-b070b67d7998_deepseek_1781246265,16,ASIA,2026-08-25,active,S4,reject,short,B,False,,,,"[29420, 29310]",,,,
2026-08-25:LONDON:8d5c8af5_8ef641a7-815c-4bb5-9798-b070b67d7998_deepseek_1781246265,1,LONDON,2026-08-25,active,S1,hold,long,C,False,,,,"[29288, 29297.75, 29375]",,,,
2026-08-25:LONDON:8d5c8af5_8ef641a7-815c-4bb5-9798-b070b67d7998_deepseek_1781246265,1,LONDON,2026-08-25,active,S2,reject,short,C,False,,,,"[29243.75, 29199.75, 29195]",,,,
2026-08-25:LONDON:8d5c8af5_8ef641a7-815c-4bb5-9798-b070b67d7998_deepseek_1781246265,1,LONDON,2026-08-25,active,S3,acceptance,short,C,False,,,,"[29156.5, 29132.25, 29122.25]",,,,
2026-08-25:LONDON:8d5c8af5_8ef641a7-815c-4bb5-9798-b070b67d7998_deepseek_1781246265,1,LONDON,2026-08-25,active,S4,breakout_retest,long,C,False,,,,"[29375, 29423.5, 29525.12]",,,,
2026-08-25:LONDON:8d5c8af5_8ef641a7-815c-4bb5-9798-b070b67d7998_deepseek_1781246265,1,LONDON,2026-08-25,active,S5,reclaim,long,C,False,,,,"[29243.75, 29288, 29297.75]",,,,
2026-08-25:LONDON:8d5c8af5_8ef641a7-815c-4bb5-9798-b070b67d7998_deepseek_1781246265,2,LONDON,2026-08-25,active,S1,breakout_retest,long,C,False,,,,"[29412, 29525.12]",,,,
2026-08-25:LONDON:8d5c8af5_8ef641a7-815c-4bb5-9798-b070b67d7998_deepseek_1781246265,2,LONDON,2026-08-25,active,S2,hold,long,C,False,,,,"[29327.75, 29412]",,,,
2026-08-25:LONDON:8d5c8af5_8ef641a7-815c-4bb5-9798-b070b67d7998_deepseek_1781246265,2,LONDON,2026-08-25,active,S3,sweep_reclaim,long,C,False,,,,"[29297.75, 29327.75, 29412]",,,,
2026-08-25:NY:8d5c8af5_8ef641a7-815c-4bb5-9798-b070b67d7998_deepseek_1781246265,1,NY,2026-08-25,active,S1,reclaim,long,A,False,,,,"[29363.5, 29412, 29420]",,,,
2026-08-25:NY:8d5c8af5_8ef641a7-815c-4bb5-9798-b070b67d7998_deepseek_1781246265,1,NY,2026-08-25,active,S2,hold,long,B,False,,,,"[29328.75, 29363.5, 29420]",,,,
2026-08-25:NY:8d5c8af5_8ef641a7-815c-4bb5-9798-b070b67d7998_deepseek_1781246265,1,NY,2026-08-25,active,S3,breakout_retest,long,B,False,,,,"[29412, 29420]",,,,
2026-08-25:NY:8d5c8af5_8ef641a7-815c-4bb5-9798-b070b67d7998_deepseek_1781246265,1,NY,2026-08-25,active,S4,sweep_reclaim,long,C,False,,,,"[29297.75, 29328.75, 29363.5]",,,,
2026-08-25:NY:8d5c8af5_8ef641a7-815c-4bb5-9798-b070b67d7998_deepseek_1781246265,2,NY,2026-08-25,active,S1,acceptance,short,C,False,,,,"[29220.25, 29199.75, 29182, 29132.25]",,,,
2026-08-25:NY:8d5c8af5_8ef641a7-815c-4bb5-9798-b070b67d7998_deepseek_1781246265,2,NY,2026-08-25,active,S2,acceptance,short,C,False,,,,"[29214.5, 29199.75, 29182, 29132.25]",,,,
2026-08-25:NY:8d5c8af5_8ef641a7-815c-4bb5-9798-b070b67d7998_deepseek_1781246265,2,NY,2026-08-25,active,S3,reject,short,C,False,,,,"[29243.75, 29220.25, 29199.75]",,,,
2026-08-25:NY:8d5c8af5_8ef641a7-815c-4bb5-9798-b070b67d7998_deepseek_1781246265,2,NY,2026-08-25,active,S4,reject,short,C,False,,,,"[29297.75, 29279.25, 29243.75]",,,,
2026-08-26:ASIA:8d5c8af5_8ef641a7-815c-4bb5-9798-b070b67d7998_deepseek_1781246265,1,ASIA,2026-08-26,active,S1,breakout_retest,long,A,False,,,,"[29553.12, 29596.88, 29611]",,,,
2026-08-26:ASIA:8d5c8af5_8ef641a7-815c-4bb5-9798-b070b67d7998_deepseek_1781246265,1,ASIA,2026-08-26,active,S2,hold,long,B,False,,,,"[29553.12, 29596.88, 29611]",,,,
2026-08-26:ASIA:8d5c8af5_8ef641a7-815c-4bb5-9798-b070b67d7998_deepseek_1781246265,1,ASIA,2026-08-26,active,S3,breakout_retest,long,B,False,,,,"[29596.88, 29611]",,,,
2026-08-26:ASIA:8d5c8af5_8ef641a7-815c-4bb5-9798-b070b67d7998_deepseek_1781246265,2,ASIA,2026-08-26,no_trade,S0,hold,long,B,False,,,,,,,,
2026-08-26:ASIA:8d5c8af5_8ef641a7-815c-4bb5-9798-b070b67d7998_deepseek_1781246265,3,ASIA,2026-08-26,active,S1,sweep_reclaim,short,A,False,,,,"[29621, 29611, 29585.99]",,,,
2026-08-26:ASIA:8d5c8af5_8ef641a7-815c-4bb5-9798-b070b67d7998_deepseek_1781246265,3,ASIA,2026-08-26,active,S2,acceptance,short,B,False,,,,"[29585.99, 29563.12, 29541.12]",,,,
2026-08-26:ASIA:8d5c8af5_8ef641a7-815c-4bb5-9798-b070b67d7998_deepseek_1781246265,3,ASIA,2026-08-26,active,S3,reject,short,B,False,,,,"[29628.75, 29621, 29611]",,,,
2026-08-26:ASIA:8d5c8af5_8ef641a7-815c-4bb5-9798-b070b67d7998_deepseek_1781246265,4,ASIA,2026-08-26,active,S1,reject,short,B,False,,,,"[29464, 29443.38, 29433.25]",,,,
2026-08-26:ASIA:8d5c8af5_8ef641a7-815c-4bb5-9798-b070b67d7998_deepseek_1781246265,4,ASIA,2026-08-26,active,S2,breakout_retest,short,A,False,,,,"[29443.38, 29433.25, 29403.88]",,,,
2026-08-26:ASIA:8d5c8af5_8ef641a7-815c-4bb5-9798-b070b67d7998_deepseek_1781246265,4,ASIA,2026-08-26,active,S3,sweep_reclaim,short,C,False,,,,"[29502.88, 29464, 29443.38]",,,,
2026-08-26:ASIA:8d5c8af5_8ef641a7-815c-4bb5-9798-b070b67d7998_deepseek_1781246265,5,ASIA,2026-08-26,active,S1,sweep_reclaim,short,A,False,,,,"[29470.25, 29432.25, 29403.88]",,,,
2026-08-26:ASIA:8d5c8af5_8ef641a7-815c-4bb5-9798-b070b67d7998_deepseek_1781246265,5,ASIA,2026-08-26,active,S2,reject,short,B,False,,,,"[29470.25, 29432.25]",,,,
2026-08-26:ASIA:8d5c8af5_8ef641a7-815c-4bb5-9798-b070b67d7998_deepseek_1781246265,5,ASIA,2026-08-26,active,S3,breakout_retest,short,B,False,,,,"[29432.25, 29403.88]",,,,
2026-08-26:ASIA:8d5c8af5_8ef641a7-815c-4bb5-9798-b070b67d7998_deepseek_1781246265,6,ASIA,2026-08-26,active,S1,reject,short,A,False,,,,"[29491, 29481.16, 29432.25]",,,,
2026-08-26:ASIA:8d5c8af5_8ef641a7-815c-4bb5-9798-b070b67d7998_deepseek_1781246265,6,ASIA,2026-08-26,active,S2,sweep_reclaim,short,B,False,,,,"[29491, 29481.16, 29432.25]",,,,
2026-08-26:ASIA:8d5c8af5_8ef641a7-815c-4bb5-9798-b070b67d7998_deepseek_1781246265,6,ASIA,2026-08-26,active,S3,breakout_retest,short,B,False,,,,"[29481.16, 29432.25]",,,,
2026-08-26:ASIA:8d5c8af5_8ef641a7-815c-4bb5-9798-b070b67d7998_deepseek_1781246265,7,ASIA,2026-08-26,active,S1,sweep_reclaim,short,B,False,,,,"[29539.38, 29532, 29504.25, 29493.5]",,,,
2026-08-26:ASIA:8d5c8af5_8ef641a7-815c-4bb5-9798-b070b67d7998_deepseek_1781246265,7,ASIA,2026-08-26,active,S2,reject,short,C,False,,,,"[29546.75, 29539.38, 29532]",,,,
2026-08-26:ASIA:8d5c8af5_8ef641a7-815c-4bb5-9798-b070b67d7998_deepseek_1781246265,7,ASIA,2026-08-26,active,S3,acceptance,short,C,False,,,,"[29532, 29504.25, 29493.5]",,,,
2026-08-26:ASIA:8d5c8af5_8ef641a7-815c-4bb5-9798-b070b67d7998_deepseek_1781246265,8,ASIA,2026-08-26,active,S1,sweep_reclaim,short,B,False,,,,"[29532, 29498.33, 29485.3]",,,,
2026-08-26:ASIA:8d5c8af5_8ef641a7-815c-4bb5-9798-b070b67d7998_deepseek_1781246265,8,ASIA,2026-08-26,active,S2,sweep_reclaim,short,A,False,,,,"[29577.25, 29541.66, 29532]",,,,
2026-08-26:ASIA:8d5c8af5_8ef641a7-815c-4bb5-9798-b070b67d7998_deepseek_1781246265,8,ASIA,2026-08-26,active,S3,reject,short,B,False,,,,"[29541.66, 29532]",,,,
2026-08-26:ASIA:8d5c8af5_8ef641a7-815c-4bb5-9798-b070b67d7998_deepseek_1781246265,8,ASIA,2026-08-26,active,S4,acceptance,short,B,False,,,,"[29498.33, 29485.3]",,,,
2026-08-26:ASIA:8d5c8af5_8ef641a7-815c-4bb5-9798-b070b67d7998_deepseek_1781246265,9,ASIA,2026-08-26,active,S1,reject,short,B,False,,,,"[29577.25, 29539.75, 29504.25, 29500.77]",,,,
2026-08-26:ASIA:8d5c8af5_8ef641a7-815c-4bb5-9798-b070b67d7998_deepseek_1781246265,9,ASIA,2026-08-26,active,S2,sweep_reclaim,short,B,False,,,,"[29577.25, 29539.75, 29532]",,,,
2026-08-26:ASIA:8d5c8af5_8ef641a7-815c-4bb5-9798-b070b67d7998_deepseek_1781246265,9,ASIA,2026-08-26,active,S3,breakout_retest,short,C,False,,,,"[29532, 29504.25, 29500.77]",,,,
2026-08-26:ASIA:8d5c8af5_8ef641a7-815c-4bb5-9798-b070b67d7998_deepseek_1781246265,10,ASIA,2026-08-26,dormant,S1,reject,short,C,False,,,,"[29533.5, 29502.45]",,,,
2026-08-26:ASIA:8d5c8af5_8ef641a7-815c-4bb5-9798-b070b67d7998_deepseek_1781246265,10,ASIA,2026-08-26,dormant,S2,sweep_reclaim,short,A,False,,,,"[29539.38, 29533.5, 29502.45]",,,,
2026-08-26:ASIA:8d5c8af5_8ef641a7-815c-4bb5-9798-b070b67d7998_deepseek_1781246265,10,ASIA,2026-08-26,dormant,S3,breakout_retest,short,B,False,,,,"[29502.45, 29488.82, 29475]",,,,
2026-08-26:LONDON:8d5c8af5_8ef641a7-815c-4bb5-9798-b070b67d7998_deepseek_1781246265,1,LONDON,2026-08-26,active,S1,sweep_reclaim,short,C,False,,,,"[29228.5, 29212.5, 29145.5]",,,,
2026-08-26:LONDON:8d5c8af5_8ef641a7-815c-4bb5-9798-b070b67d7998_deepseek_1781246265,1,LONDON,2026-08-26,active,S2,breakout_retest,short,A,False,,,,"[29212.5, 29145.5, 29095.5]",,,,
2026-08-26:LONDON:8d5c8af5_8ef641a7-815c-4bb5-9798-b070b67d7998_deepseek_1781246265,1,LONDON,2026-08-26,active,S3,sweep_reclaim,long,C,False,,,,"[29228.5, 29310]",,,,
2026-08-26:LONDON:8d5c8af5_8ef641a7-815c-4bb5-9798-b070b67d7998_deepseek_1781246265,2,LONDON,2026-08-26,active,S1,reject,short,A,False,,,,"[29145.5, 29095.5, 29085]",,,,
2026-08-26:LONDON:8d5c8af5_8ef641a7-815c-4bb5-9798-b070b67d7998_deepseek_1781246265,2,LONDON,2026-08-26,active,S2,breakout_retest,short,B,False,,,,"[29095.5, 29085]",,,,
2026-08-26:LONDON:8d5c8af5_8ef641a7-815c-4bb5-9798-b070b67d7998_deepseek_1781246265,2,LONDON,2026-08-26,active,S3,sweep_reclaim,long,B,False,,,,"[29145.5, 29212.5, 29228.5]",,,,
2026-08-26:LONDON:8d5c8af5_8ef641a7-815c-4bb5-9798-b070b67d7998_deepseek_1781246265,2,LONDON,2026-08-26,active,S4,sweep_reclaim,short,C,False,,,,"[29228.5, 29145.5, 29095.5]",,,,
2026-08-26:LONDON:8d5c8af5_8ef641a7-815c-4bb5-9798-b070b67d7998_deepseek_1781246265,3,LONDON,2026-08-26,active,S1,reject,short,B,False,,,,"[29145.5, 29095.5, 29085]",,,,
2026-08-26:LONDON:8d5c8af5_8ef641a7-815c-4bb5-9798-b070b67d7998_deepseek_1781246265,3,LONDON,2026-08-26,active,S2,breakout_retest,short,B,False,,,,"[29095.5, 29085, 28711.25]",,,,
2026-08-26:LONDON:8d5c8af5_8ef641a7-815c-4bb5-9798-b070b67d7998_deepseek_1781246265,3,LONDON,2026-08-26,active,S3,sweep_reclaim,long,C,False,,,,"[29145.5, 29228.5, 29310]",,,,
2026-08-26:LONDON:8d5c8af5_8ef641a7-815c-4bb5-9798-b070b67d7998_deepseek_1781246265,3,LONDON,2026-08-26,active,S4,reclaim,long,B,False,,,,"[29310, 29416, 29420]",,,,
2026-08-26:LONDON:8d5c8af5_8ef641a7-815c-4bb5-9798-b070b67d7998_deepseek_1781246265,4,LONDON,2026-08-26,active,S1,breakout_retest,short,B,False,,,,"[29145.5, 29095.5, 29085]",,,,
2026-08-26:LONDON:8d5c8af5_8ef641a7-815c-4bb5-9798-b070b67d7998_deepseek_1781246265,4,LONDON,2026-08-26,active,S2,sweep_reclaim,short,B,False,,,,"[29228.5, 29145.5, 29095.5]",,,,
2026-08-26:LONDON:8d5c8af5_8ef641a7-815c-4bb5-9798-b070b67d7998_deepseek_1781246265,4,LONDON,2026-08-26,active,S3,sweep_reclaim,long,B,False,,,,"[29145.5, 29228.5, 29310]",,,,
2026-08-26:LONDON:8d5c8af5_8ef641a7-815c-4bb5-9798-b070b67d7998_deepseek_1781246265,5,LONDON,2026-08-26,active,S1,reject,short,B,False,,,,"[29145.5, 29095.5, 29085]",,,,
2026-08-26:LONDON:8d5c8af5_8ef641a7-815c-4bb5-9798-b070b67d7998_deepseek_1781246265,5,LONDON,2026-08-26,active,S2,breakout_retest,short,A,False,,,,"[29095.5, 29085]",,,,
2026-08-26:LONDON:8d5c8af5_8ef641a7-815c-4bb5-9798-b070b67d7998_deepseek_1781246265,5,LONDON,2026-08-26,active,S3,sweep_reclaim,long,B,False,,,,"[29145.5, 29228.5]",,,,
2026-08-26:LONDON:8d5c8af5_8ef641a7-815c-4bb5-9798-b070b67d7998_deepseek_1781246265,5,LONDON,2026-08-26,active,S4,sweep_reclaim,short,B,False,,,,"[29228.5, 29145.5]",,,,
2026-08-26:LONDON:8d5c8af5_8ef641a7-815c-4bb5-9798-b070b67d7998_deepseek_1781246265,5,LONDON,2026-08-26,active,S5,breakout_retest,long,B,False,,,,"[29416, 29420]",,,,
2026-08-26:LONDON:8d5c8af5_8ef641a7-815c-4bb5-9798-b070b67d7998_deepseek_1781246265,6,LONDON,2026-08-26,active,S1,breakout_retest,short,B,False,,,,"[29145.5, 29095.5]",,,,
2026-08-26:LONDON:8d5c8af5_8ef641a7-815c-4bb5-9798-b070b67d7998_deepseek_1781246265,6,LONDON,2026-08-26,active,S2,sweep_reclaim,short,B,False,,,,"[29228.5, 29145.5]",,,,
2026-08-26:LONDON:8d5c8af5_8ef641a7-815c-4bb5-9798-b070b67d7998_deepseek_1781246265,6,LONDON,2026-08-26,active,S3,breakout_retest,short,A,False,,,,"[29095.5, 29085]",,,,
2026-08-26:LONDON:8d5c8af5_8ef641a7-815c-4bb5-9798-b070b67d7998_deepseek_1781246265,6,LONDON,2026-08-26,active,S4,sweep_reclaim,long,B,False,,,,"[29145.5, 29228.5]",,,,
2026-08-26:LONDON:8d5c8af5_8ef641a7-815c-4bb5-9798-b070b67d7998_deepseek_1781246265,7,LONDON,2026-08-26,active,S1,hold,short,B,False,,,,"[29145.5, 29095.5]",,,,
2026-08-26:LONDON:8d5c8af5_8ef641a7-815c-4bb5-9798-b070b67d7998_deepseek_1781246265,7,LONDON,2026-08-26,active,S2,hold,short,A,False,,,,"[29095.5, 29085]",,,,
2026-08-26:LONDON:8d5c8af5_8ef641a7-815c-4bb5-9798-b070b67d7998_deepseek_1781246265,7,LONDON,2026-08-26,active,S3,reclaim,long,B,False,,,,"[29228.5, 29310]",,,,
2026-08-26:LONDON:8d5c8af5_8ef641a7-815c-4bb5-9798-b070b67d7998_deepseek_1781246265,7,LONDON,2026-08-26,active,S4,breakout_retest,long,A,False,,,,"[29416, 29420]",,,,
2026-08-26:LONDON:8d5c8af5_8ef641a7-815c-4bb5-9798-b070b67d7998_deepseek_1781246265,8,LONDON,2026-08-26,no_trade,S0,hold,long,B,False,,,,,,,,
2026-08-26:LONDON:8d5c8af5_8ef641a7-815c-4bb5-9798-b070b67d7998_deepseek_1781246265,9,LONDON,2026-08-26,active,S1,breakout_retest,long,A,False,,,,"[29310, 29416, 29420]",,,,
2026-08-26:LONDON:8d5c8af5_8ef641a7-815c-4bb5-9798-b070b67d7998_deepseek_1781246265,9,LONDON,2026-08-26,active,S2,hold,long,B,False,,,,"[29228.5, 29310]",,,,
2026-08-26:LONDON:8d5c8af5_8ef641a7-815c-4bb5-9798-b070b67d7998_deepseek_1781246265,9,LONDON,2026-08-26,active,S3,sweep_reclaim,short,B,False,,,,"[29228.5, 29212.5]",,,,
2026-08-26:LONDON:8d5c8af5_8ef641a7-815c-4bb5-9798-b070b67d7998_deepseek_1781246265,9,LONDON,2026-08-26,active,S4,acceptance,short,C,False,,,,"[29212.5, 29145.5]",,,,
2026-08-26:LONDON:8d5c8af5_8ef641a7-815c-4bb5-9798-b070b67d7998_deepseek_1781246265,10,LONDON,2026-08-26,active,S1,hold,long,A,False,,,,"[29310, 29416, 29420]",,,,
2026-08-26:LONDON:8d5c8af5_8ef641a7-815c-4bb5-9798-b070b67d7998_deepseek_1781246265,10,LONDON,2026-08-26,active,S2,breakout_retest,long,A,False,,,,"[29416, 29420, 29432.25]",,,,
2026-08-26:LONDON:8d5c8af5_8ef641a7-815c-4bb5-9798-b070b67d7998_deepseek_1781246265,10,LONDON,2026-08-26,active,S3,reject,short,B,False,,,,"[29310, 29228.5, 29212.5]",,,,
2026-08-26:LONDON:8d5c8af5_8ef641a7-815c-4bb5-9798-b070b67d7998_deepseek_1781246265,10,LONDON,2026-08-26,active,S4,breakout_retest,short,B,False,,,,"[29145.5, 29095.5, 29085]",,,,
2026-08-26:LONDON:8d5c8af5_8ef641a7-815c-4bb5-9798-b070b67d7998_deepseek_1781246265,11,LONDON,2026-08-26,active,S1,hold,short,B,False,,,,"[29145.5, 29095.5, 29085]",,,,
2026-08-26:LONDON:8d5c8af5_8ef641a7-815c-4bb5-9798-b070b67d7998_deepseek_1781246265,11,LONDON,2026-08-26,active,S2,sweep_reclaim,short,B,False,,,,"[29228.5, 29212.5]",,,,
2026-08-26:LONDON:8d5c8af5_8ef641a7-815c-4bb5-9798-b070b67d7998_deepseek_1781246265,11,LONDON,2026-08-26,active,S3,sweep_reclaim,long,B,False,,,,"[29228.5, 29310]",,,,
2026-08-26:LONDON:8d5c8af5_8ef641a7-815c-4bb5-9798-b070b67d7998_deepseek_1781246265,11,LONDON,2026-08-26,active,S4,reclaim,long,B,False,,,,"[29310, 29416, 29420]",,,,
2026-08-26:LONDON:8d5c8af5_8ef641a7-815c-4bb5-9798-b070b67d7998_deepseek_1781246265,11,LONDON,2026-08-26,active,S5,hold,short,B,False,,,,"[29095.5, 29085]",,,,
2026-08-26:LONDON:8d5c8af5_8ef641a7-815c-4bb5-9798-b070b67d7998_deepseek_1781246265,12,LONDON,2026-08-26,no_trade,S0,hold,long,B,False,,,,,,,,
2026-08-26:LONDON:8d5c8af5_8ef641a7-815c-4bb5-9798-b070b67d7998_deepseek_1781246265,13,LONDON,2026-08-26,active,S1,hold,short,B,False,,,,"[29095.5, 29085]",,,,
2026-08-26:LONDON:8d5c8af5_8ef641a7-815c-4bb5-9798-b070b67d7998_deepseek_1781246265,13,LONDON,2026-08-26,active,S2,reject,short,B,False,,,,"[29145.5, 29095.5]",,,,
2026-08-26:LONDON:8d5c8af5_8ef641a7-815c-4bb5-9798-b070b67d7998_deepseek_1781246265,13,LONDON,2026-08-26,active,S3,hold,long,B,False,,,,"[29145.5, 29212.5, 29228.5]",,,,
2026-08-26:LONDON:8d5c8af5_8ef641a7-815c-4bb5-9798-b070b67d7998_deepseek_1781246265,13,LONDON,2026-08-26,active,S4,reclaim,long,B,False,,,,"[29310, 29416]",,,,
2026-08-26:LONDON:8d5c8af5_8ef641a7-815c-4bb5-9798-b070b67d7998_deepseek_1781246265,14,LONDON,2026-08-26,active,S1,acceptance,short,A,False,,,,"[29110, 29095.5, 29085]",,,,
2026-08-26:LONDON:8d5c8af5_8ef641a7-815c-4bb5-9798-b070b67d7998_deepseek_1781246265,14,LONDON,2026-08-26,active,S2,reject,short,B,False,,,,"[29164.75, 29145.5, 29095.5]",,,,
2026-08-26:LONDON:8d5c8af5_8ef641a7-815c-4bb5-9798-b070b67d7998_deepseek_1781246265,14,LONDON,2026-08-26,active,S3,sweep_reclaim,long,B,False,,,,"[29145.5, 29164.75, 29212.5]",,,,
2026-08-26:LONDON:8d5c8af5_8ef641a7-815c-4bb5-9798-b070b67d7998_deepseek_1781246265,14,LONDON,2026-08-26,active,S4,reclaim,long,B,False,,,,"[29280, 29310]",,,,
2026-08-26:LONDON:8d5c8af5_8ef641a7-815c-4bb5-9798-b070b67d7998_deepseek_1781246265,15,LONDON,2026-08-26,active,S1,reject,short,B,False,,,,"[29145.5, 29095.5, 29085]",,,,
2026-08-26:LONDON:8d5c8af5_8ef641a7-815c-4bb5-9798-b070b67d7998_deepseek_1781246265,15,LONDON,2026-08-26,active,S2,acceptance,short,A,False,,,,[29085],,,,
2026-08-26:LONDON:8d5c8af5_8ef641a7-815c-4bb5-9798-b070b67d7998_deepseek_1781246265,15,LONDON,2026-08-26,active,S3,sweep_reclaim,long,C,False,,,,"[29145.5, 29228.5, 29310]",,,,
2026-08-26:NY:8d5c8af5_8ef641a7-815c-4bb5-9798-b070b67d7998_deepseek_1781246265,1,NY,2026-08-26,active,S1,reject,short,B,False,,,,"[29145.5, 29095.5, 29085]",,,,
2026-08-26:NY:8d5c8af5_8ef641a7-815c-4bb5-9798-b070b67d7998_deepseek_1781246265,1,NY,2026-08-26,active,S2,breakout_retest,short,C,False,,,,[29085],,,,
2026-08-26:NY:8d5c8af5_8ef641a7-815c-4bb5-9798-b070b67d7998_deepseek_1781246265,1,NY,2026-08-26,active,S3,reject,long,C,False,,,,"[29145.5, 29212.5]",,,,
2026-08-26:NY:8d5c8af5_8ef641a7-815c-4bb5-9798-b070b67d7998_deepseek_1781246265,2,NY,2026-08-26,active,S1,sweep_reclaim,long,B,False,,,,"[29310, 29416, 29553.12]",,,,
2026-08-26:NY:8d5c8af5_8ef641a7-815c-4bb5-9798-b070b67d7998_deepseek_1781246265,2,NY,2026-08-26,active,S2,breakout_retest,long,A,False,,,,"[29416, 29539.38, 29553.12]",,,,
2026-08-26:NY:8d5c8af5_8ef641a7-815c-4bb5-9798-b070b67d7998_deepseek_1781246265,2,NY,2026-08-26,active,S3,sweep_reclaim,short,B,False,,,,"[29281, 29212.5, 29174.25]",,,,
2026-08-26:NY:8d5c8af5_8ef641a7-815c-4bb5-9798-b070b67d7998_deepseek_1781246265,2,NY,2026-08-26,active,S4,reject,short,B,False,,,,"[29310, 29281, 29212.5]",,,,
2026-08-26:NY:8d5c8af5_8ef641a7-815c-4bb5-9798-b070b67d7998_deepseek_1781246265,3,NY,2026-08-26,active,S1,breakout_retest,short,B,False,,,,"[29212.5, 29174.25, 29095.5]",,,,
2026-08-26:NY:8d5c8af5_8ef641a7-815c-4bb5-9798-b070b67d7998_deepseek_1781246265,3,NY,2026-08-26,active,S2,reject,short,A,False,,,,"[29310, 29228.5]",,,,
2026-08-26:NY:8d5c8af5_8ef641a7-815c-4bb5-9798-b070b67d7998_deepseek_1781246265,3,NY,2026-08-26,active,S3,reject,short,B,False,,,,"[29420, 29310]",,,,
2026-08-26:NY:8d5c8af5_8ef641a7-815c-4bb5-9798-b070b67d7998_deepseek_1781246265,3,NY,2026-08-26,active,S4,sweep_reclaim,long,C,False,,,,"[29212.5, 29228.5]",,,,
2026-08-26:NY:8d5c8af5_8ef641a7-815c-4bb5-9798-b070b67d7998_deepseek_1781246265,3,NY,2026-08-26,active,S5,hold,long,B,False,,,,"[29174.25, 29212.5]",,,,
2026-08-26:NY:8d5c8af5_8ef641a7-815c-4bb5-9798-b070b67d7998_deepseek_1781246265,4,NY,2026-08-26,active,S1,breakout_retest,short,B,False,,,,"[29145.5, 29095.5]",,,,
2026-08-26:NY:8d5c8af5_8ef641a7-815c-4bb5-9798-b070b67d7998_deepseek_1781246265,4,NY,2026-08-26,active,S2,sweep_reclaim,long,C,False,,,,"[29209.25, 29228.5]",,,,
2026-08-26:NY:8d5c8af5_8ef641a7-815c-4bb5-9798-b070b67d7998_deepseek_1781246265,4,NY,2026-08-26,active,S3,reject,short,B,False,,,,"[29174.25, 29145.5, 29095.5]",,,,
2026-08-26:NY:8d5c8af5_8ef641a7-815c-4bb5-9798-b070b67d7998_deepseek_1781246265,4,NY,2026-08-26,active,S4,hold,long,B,False,,,,"[29174.25, 29209.25]",,,,
2026-08-26:NY:8d5c8af5_8ef641a7-815c-4bb5-9798-b070b67d7998_deepseek_1781246265,5,NY,2026-08-26,active,S1,hold,long,B,False,,,,"[29281, 29310, 29416]",,,,
2026-08-26:NY:8d5c8af5_8ef641a7-815c-4bb5-9798-b070b67d7998_deepseek_1781246265,5,NY,2026-08-26,active,S2,breakout_retest,long,C,False,,,,"[29416, 29539.38, 29553.12]",,,,
2026-08-26:NY:8d5c8af5_8ef641a7-815c-4bb5-9798-b070b67d7998_deepseek_1781246265,5,NY,2026-08-26,active,S3,reject,short,A,False,,,,"[29310, 29281, 29228.5]",,,,
2026-08-26:NY:8d5c8af5_8ef641a7-815c-4bb5-9798-b070b67d7998_deepseek_1781246265,5,NY,2026-08-26,active,S4,reject,short,C,False,,,,"[29416, 29310]",,,,
2026-08-26:NY:8d5c8af5_8ef641a7-815c-4bb5-9798-b070b67d7998_deepseek_1781246265,6,NY,2026-08-26,active,S1,reject,long,B,False,,,,"[29145.5, 29228.5, 29281]",,,,
2026-08-26:NY:8d5c8af5_8ef641a7-815c-4bb5-9798-b070b67d7998_deepseek_1781246265,6,NY,2026-08-26,active,S2,reject,short,B,False,,,,"[29310, 29281, 29228.5]",,,,
2026-08-26:NY:8d5c8af5_8ef641a7-815c-4bb5-9798-b070b67d7998_deepseek_1781246265,6,NY,2026-08-26,active,S3,breakout_retest,short,C,False,,,,"[29145.5, 29095.5]",,,,
2026-08-26:NY:8d5c8af5_8ef641a7-815c-4bb5-9798-b070b67d7998_deepseek_1781246265,7,NY,2026-08-26,active,S1,reject,long,B,False,,,,"[29281, 29310]",,,,
2026-08-26:NY:8d5c8af5_8ef641a7-815c-4bb5-9798-b070b67d7998_deepseek_1781246265,7,NY,2026-08-26,active,S2,reject,short,B,False,,,,"[29310, 29281]",,,,
2026-08-26:NY:8d5c8af5_8ef641a7-815c-4bb5-9798-b070b67d7998_deepseek_1781246265,7,NY,2026-08-26,active,S3,breakout_retest,short,B,False,,,,"[29145.5, 29095.5]",,,,
2026-08-26:NY:8d5c8af5_8ef641a7-815c-4bb5-9798-b070b67d7998_deepseek_1781246265,7,NY,2026-08-26,active,S4,sweep_reclaim,long,C,False,,,,"[29310, 29416]",,,,
2026-08-26:NY:8d5c8af5_8ef641a7-815c-4bb5-9798-b070b67d7998_deepseek_1781246265,8,NY,2026-08-26,no_trade,S0,hold,long,B,False,,,,,,,,
2026-08-27:ASIA:8d5c8af5_8ef641a7-815c-4bb5-9798-b070b67d7998_deepseek_1781246265,1,ASIA,2026-08-27,no_trade,S0,hold,long,B,False,,,,,,,,
2026-08-27:ASIA:8d5c8af5_8ef641a7-815c-4bb5-9798-b070b67d7998_deepseek_1781246265,2,ASIA,2026-08-27,active,S1,sweep_reclaim,short,A,False,,,,"[29633.26, 29624.55, 29599.75]",,,,
2026-08-27:ASIA:8d5c8af5_8ef641a7-815c-4bb5-9798-b070b67d7998_deepseek_1781246265,2,ASIA,2026-08-27,active,S2,breakout_retest,long,B,False,,,,"[29670.62, 29863.5]",,,,
2026-08-27:ASIA:8d5c8af5_8ef641a7-815c-4bb5-9798-b070b67d7998_deepseek_1781246265,2,ASIA,2026-08-27,active,S3,reject,short,B,False,,,,"[29624.55, 29619.5, 29599.75]",,,,
2026-08-27:ASIA:8d5c8af5_8ef641a7-815c-4bb5-9798-b070b67d7998_deepseek_1781246265,3,ASIA,2026-08-27,active,S1,breakout_retest,long,A,False,,,,[29655.75],,,,
2026-08-27:ASIA:8d5c8af5_8ef641a7-815c-4bb5-9798-b070b67d7998_deepseek_1781246265,3,ASIA,2026-08-27,active,S2,reclaim,long,B,False,,,,"[29645.25, 29655.75]",,,,
2026-08-27:ASIA:8d5c8af5_8ef641a7-815c-4bb5-9798-b070b67d7998_deepseek_1781246265,3,ASIA,2026-08-27,active,S3,sweep_reclaim,long,B,False,,,,"[29625.28, 29645.25]",,,,
2026-08-27:ASIA:8d5c8af5_8ef641a7-815c-4bb5-9798-b070b67d7998_deepseek_1781246265,3,ASIA,2026-08-27,active,S4,sweep_reclaim,short,C,False,,,,"[29645.25, 29625.28]",,,,
2026-08-27:ASIA:8d5c8af5_8ef641a7-815c-4bb5-9798-b070b67d7998_deepseek_1781246265,4,ASIA,2026-08-27,active,S1,reject,short,B,False,,,,"[29599.75, 29576.5, 29541.12]",,,,
2026-08-27:ASIA:8d5c8af5_8ef641a7-815c-4bb5-9798-b070b67d7998_deepseek_1781246265,4,ASIA,2026-08-27,active,S2,sweep_reclaim,long,B,False,,,,"[29616.22, 29645.25, 29655.75]",,,,
2026-08-27:ASIA:8d5c8af5_8ef641a7-815c-4bb5-9798-b070b67d7998_deepseek_1781246265,4,ASIA,2026-08-27,active,S3,breakout_retest,short,C,False,,,,"[29589.5, 29576.5, 29541.12]",,,,
2026-08-27:ASIA:8d5c8af5_8ef641a7-815c-4bb5-9798-b070b67d7998_deepseek_1781246265,4,ASIA,2026-08-27,active,S4,hold,long,B,False,,,,"[29403.88, 29452.5, 29499.75]",,,,
2026-08-27:ASIA:8d5c8af5_8ef641a7-815c-4bb5-9798-b070b67d7998_deepseek_1781246265,4,ASIA,2026-08-27,active,S5,sweep_reclaim,short,A,False,,,,"[29616.22, 29599.75, 29576.5]",,,,
2026-08-27:ASIA:8d5c8af5_8ef641a7-815c-4bb5-9798-b070b67d7998_deepseek_1781246265,5,ASIA,2026-08-27,active,S1,sweep_reclaim,short,A,False,,,,"[29642.41, 29627.75, 29619.5]",,,,
2026-08-27:ASIA:8d5c8af5_8ef641a7-815c-4bb5-9798-b070b67d7998_deepseek_1781246265,5,ASIA,2026-08-27,active,S2,reject,short,B,False,,,,"[29642.41, 29627.75, 29619.5]",,,,
2026-08-27:ASIA:8d5c8af5_8ef641a7-815c-4bb5-9798-b070b67d7998_deepseek_1781246265,5,ASIA,2026-08-27,active,S3,sweep_reclaim,long,C,False,,,,"[29541.12, 29576.5, 29608.79]",,,,
2026-08-27:ASIA:8d5c8af5_8ef641a7-815c-4bb5-9798-b070b67d7998_deepseek_1781246265,6,ASIA,2026-08-27,active,S1,sweep_reclaim,short,B,False,,,,"[29650.25, 29640.78, 29630.84]",,,,
2026-08-27:ASIA:8d5c8af5_8ef641a7-815c-4bb5-9798-b070b67d7998_deepseek_1781246265,6,ASIA,2026-08-27,active,S2,reject,short,B,False,,,,"[29650.25, 29640.78, 29630.84]",,,,
2026-08-27:ASIA:8d5c8af5_8ef641a7-815c-4bb5-9798-b070b67d7998_deepseek_1781246265,6,ASIA,2026-08-27,active,S3,breakout_retest,short,C,False,,,,"[29619.5, 29591.5, 29576.5]",,,,
2026-08-27:ASIA:8d5c8af5_8ef641a7-815c-4bb5-9798-b070b67d7998_deepseek_1781246265,7,ASIA,2026-08-27,active,S1,sweep_reclaim,short,A,False,,,,"[29655.28, 29642.63, 29635.04]",,,,
2026-08-27:ASIA:8d5c8af5_8ef641a7-815c-4bb5-9798-b070b67d7998_deepseek_1781246265,7,ASIA,2026-08-27,active,S2,reject,short,B,False,,,,"[29655.28, 29642.63]",,,,
2026-08-27:ASIA:8d5c8af5_8ef641a7-815c-4bb5-9798-b070b67d7998_deepseek_1781246265,7,ASIA,2026-08-27,active,S3,breakout_retest,short,B,False,,,,"[29642.63, 29635.04, 29627.75]",,,,
2026-08-27:ASIA:8d5c8af5_8ef641a7-815c-4bb5-9798-b070b67d7998_deepseek_1781246265,7,ASIA,2026-08-27,active,S4,sweep_reclaim,short,B,False,,,,"[29678.25, 29673.5, 29655.28]",,,,
2026-08-27:ASIA:8d5c8af5_8ef641a7-815c-4bb5-9798-b070b67d7998_deepseek_1781246265,8,ASIA,2026-08-27,active,S1,sweep_reclaim,short,A,True,29694.69,29710.5,29673.5,"[29673.5, 29668.54, 29647.36, 29619.5]",True,,,
2026-08-27:ASIA:8d5c8af5_8ef641a7-815c-4bb5-9798-b070b67d7998_deepseek_1781246265,8,ASIA,2026-08-27,active,S2,reject,short,B,True,29694.69,29704.25,29673.5,"[29673.5, 29668.54, 29647.36]",,,,
2026-08-27:ASIA:8d5c8af5_8ef641a7-815c-4bb5-9798-b070b67d7998_deepseek_1781246265,8,ASIA,2026-08-27,active,S3,hold,short,B,False,,,,"[29668.54, 29647.36, 29619.5, 29591.5]",,,,
2026-08-27:ASIA:8d5c8af5_8ef641a7-815c-4bb5-9798-b070b67d7998_deepseek_1781246265,9,ASIA,2026-08-27,active,S1,reject,short,B,True,29676,29692,29643.5,"[29652.97, 29643.5, 29623.48, 29591.5]",,,,
2026-08-27:ASIA:8d5c8af5_8ef641a7-815c-4bb5-9798-b070b67d7998_deepseek_1781246265,9,ASIA,2026-08-27,active,S2,sweep_reclaim,short,A,True,29700,29722,29645,"[29677.86, 29652.97, 29643.5, 29591.5]",True,,,
2026-08-27:ASIA:8d5c8af5_8ef641a7-815c-4bb5-9798-b070b67d7998_deepseek_1781246265,9,ASIA,2026-08-27,active,S3,breakout_retest,short,B,True,29638,29650,29615,"[29623.48, 29619.5, 29591.5, 29576.5]",,,,
2026-08-27:ASIA:8d5c8af5_8ef641a7-815c-4bb5-9798-b070b67d7998_deepseek_1781246265,9,ASIA,2026-08-27,active,S4,sweep_reclaim,long,C,False,,,,"[29619.5, 29639.5, 29677.86, 29707.25]",,,,
2026-08-27:ASIA:8d5c8af5_8ef641a7-815c-4bb5-9798-b070b67d7998_deepseek_1781246265,10,ASIA,2026-08-27,active,S1,sweep_reclaim,short,B,True,29667,29681,29625,"[29624.65, 29619.5, 29591.5]",True,,,
2026-08-27:ASIA:8d5c8af5_8ef641a7-815c-4bb5-9798-b070b67d7998_deepseek_1781246265,10,ASIA,2026-08-27,active,S2,reject,short,B,True,29671,29683,29625,"[29624.65, 29591.5]",True,,,
2026-08-27:ASIA:8d5c8af5_8ef641a7-815c-4bb5-9798-b070b67d7998_deepseek_1781246265,10,ASIA,2026-08-27,active,S3,breakout_retest,short,B,True,29621,29634,29592,"[29591.5, 29581.88, 29576.5]",True,,,
2026-08-27:ASIA:8d5c8af5_8ef641a7-815c-4bb5-9798-b070b67d7998_deepseek_1781246265,10,ASIA,2026-08-27,active,S4,hold,long,C,False,,,,"[29624.65, 29669.5]",,,,
2026-08-27:ASIA:8d5c8af5_8ef641a7-815c-4bb5-9798-b070b67d7998_deepseek_1781246265,11,ASIA,2026-08-27,active,S1,sweep_reclaim,short,B,False,,,,"[29623.66, 29591.5]",,,,
2026-08-27:ASIA:8d5c8af5_8ef641a7-815c-4bb5-9798-b070b67d7998_deepseek_1781246265,11,ASIA,2026-08-27,active,S2,reject,short,B,True,29622.5,29631,29591,"[29591.5, 29576.5]",,,,
2026-08-27:ASIA:8d5c8af5_8ef641a7-815c-4bb5-9798-b070b67d7998_deepseek_1781246265,11,ASIA,2026-08-27,active,S3,breakout_retest,short,B,True,29590,29602.5,29570,"[29576.5, 29432.25]",,,,
2026-08-27:ASIA:8d5c8af5_8ef641a7-815c-4bb5-9798-b070b67d7998_deepseek_1781246265,11,ASIA,2026-08-27,active,S4,sweep_reclaim,long,C,False,,,,"[29539.38, 29576.5]",,,,
2026-08-27:ASIA:8d5c8af5_8ef641a7-815c-4bb5-9798-b070b67d7998_deepseek_1781246265,12,ASIA,2026-08-27,active,S1,reject,short,B,True,29621.01,29642,29576.5,"[29591.5, 29576.5]",,,,
2026-08-27:ASIA:8d5c8af5_8ef641a7-815c-4bb5-9798-b070b67d7998_deepseek_1781246265,12,ASIA,2026-08-27,active,S2,breakout_retest,short,A,True,29591.5,29621.01,29539.38,"[29576.5, 29539.38, 29424]",True,,,
2026-08-27:ASIA:8d5c8af5_8ef641a7-815c-4bb5-9798-b070b67d7998_deepseek_1781246265,12,ASIA,2026-08-27,active,S3,sweep_reclaim,long,B,True,29424,29316.38,29576.5,"[29424, 29576.5]",True,,,
2026-08-27:ASIA:8d5c8af5_8ef641a7-815c-4bb5-9798-b070b67d7998_deepseek_1781246265,13,ASIA,2026-08-27,active,S1,reject,short,B,True,29618.47,29624,29611,"[29611, 29591.5]",,,,
2026-08-27:ASIA:8d5c8af5_8ef641a7-815c-4bb5-9798-b070b67d7998_deepseek_1781246265,13,ASIA,2026-08-27,active,S2,breakout_retest,short,B,False,,,,"[29576.5, 29539.38]",,,,
2026-08-27:ASIA:8d5c8af5_8ef641a7-815c-4bb5-9798-b070b67d7998_deepseek_1781246265,13,ASIA,2026-08-27,active,S3,reject,short,B,True,29642,29647,29618.47,"[29618.47, 29611, 29591.5]",,,,
2026-08-27:ASIA:8d5c8af5_8ef641a7-815c-4bb5-9798-b070b67d7998_deepseek_1781246265,13,ASIA,2026-08-27,active,S4,sweep_reclaim,long,B,False,,,,"[29424, 29539.38]",,,,
2026-08-27:ASIA:8d5c8af5_8ef641a7-815c-4bb5-9798-b070b67d7998_deepseek_1781246265,13,ASIA,2026-08-27,active,S5,sweep_reclaim,short,B,False,,,,"[29678.25, 29645.86, 29618.47]",,,,
2026-08-27:LONDON:8d5c8af5_8ef641a7-815c-4bb5-9798-b070b67d7998_deepseek_1781246265,1,LONDON,2026-08-27,active,S1,sweep_reclaim,short,B,False,,,,"[29495.92, 29466.65, 29457.25]",,,,
2026-08-27:LONDON:8d5c8af5_8ef641a7-815c-4bb5-9798-b070b67d7998_deepseek_1781246265,1,LONDON,2026-08-27,active,S2,reject,short,B,False,,,,"[29466.65, 29457.25]",,,,
2026-08-27:LONDON:8d5c8af5_8ef641a7-815c-4bb5-9798-b070b67d7998_deepseek_1781246265,1,LONDON,2026-08-27,active,S3,breakout_retest,short,B,False,,,,"[29457.25, 29452.75, 29448.75]",,,,
2026-08-27:LONDON:8d5c8af5_8ef641a7-815c-4bb5-9798-b070b67d7998_deepseek_1781246265,2,LONDON,2026-08-27,active,S1,sweep_reclaim,short,B,False,,,,"[29524.77, 29511.25, 29499.75]",,,,
2026-08-27:LONDON:8d5c8af5_8ef641a7-815c-4bb5-9798-b070b67d7998_deepseek_1781246265,2,LONDON,2026-08-27,active,S2,sweep_reclaim,long,B,False,,,,"[29539.38, 29543.75, 29577.25]",,,,
2026-08-27:LONDON:8d5c8af5_8ef641a7-815c-4bb5-9798-b070b67d7998_deepseek_1781246265,2,LONDON,2026-08-27,active,S3,breakout_retest,long,B,False,,,,[29577.25],,,,
2026-08-27:LONDON:8d5c8af5_8ef641a7-815c-4bb5-9798-b070b67d7998_deepseek_1781246265,2,LONDON,2026-08-27,active,S4,sweep_reclaim,short,B,False,,,,"[29543.75, 29524.77]",,,,
2026-08-27:LONDON:8d5c8af5_8ef641a7-815c-4bb5-9798-b070b67d7998_deepseek_1781246265,3,LONDON,2026-08-27,active,S1,sweep_reclaim,long,A,False,,,,"[29499.75, 29521.5, 29539.38]",,,,
2026-08-27:LONDON:8d5c8af5_8ef641a7-815c-4bb5-9798-b070b67d7998_deepseek_1781246265,3,LONDON,2026-08-27,active,S2,sweep_reclaim,short,B,False,,,,"[29521.5, 29499.75, 29468.08]",,,,
2026-08-27:LONDON:8d5c8af5_8ef641a7-815c-4bb5-9798-b070b67d7998_deepseek_1781246265,3,LONDON,2026-08-27,active,S3,breakout_retest,long,B,False,,,,"[29526, 29532, 29539.38]",,,,
2026-08-27:LONDON:8d5c8af5_8ef641a7-815c-4bb5-9798-b070b67d7998_deepseek_1781246265,3,LONDON,2026-08-27,active,S4,breakout_retest,short,C,False,,,,"[29457.25, 29448.75]",,,,
2026-08-27:LONDON:8d5c8af5_8ef641a7-815c-4bb5-9798-b070b67d7998_deepseek_1781246265,4,LONDON,2026-08-27,active,S1,breakout_retest,long,B,False,,,,"[29655.75, 29670.62]",,,,
2026-08-27:LONDON:8d5c8af5_8ef641a7-815c-4bb5-9798-b070b67d7998_deepseek_1781246265,4,LONDON,2026-08-27,active,S2,breakout_retest,long,B,False,,,,[29670.62],,,,
2026-08-27:LONDON:8d5c8af5_8ef641a7-815c-4bb5-9798-b070b67d7998_deepseek_1781246265,4,LONDON,2026-08-27,active,S3,sweep_reclaim,short,A,False,,,,"[29631, 29619.5, 29583.53]",,,,
2026-08-27:LONDON:8d5c8af5_8ef641a7-815c-4bb5-9798-b070b67d7998_deepseek_1781246265,5,LONDON,2026-08-27,active,S1,sweep_reclaim,short,A,False,,,,"[29635, 29619.5, 29591.45, 29586.88]",,,,
2026-08-27:LONDON:8d5c8af5_8ef641a7-815c-4bb5-9798-b070b67d7998_deepseek_1781246265,5,LONDON,2026-08-27,active,S2,acceptance,short,C,False,,,,"[29591.45, 29586.88, 29531.98]",,,,
2026-08-27:LONDON:8d5c8af5_8ef641a7-815c-4bb5-9798-b070b67d7998_deepseek_1781246265,5,LONDON,2026-08-27,active,S3,reject,short,C,False,,,,"[29586.88, 29531.98]",,,,
2026-08-27:LONDON:8d5c8af5_8ef641a7-815c-4bb5-9798-b070b67d7998_deepseek_1781246265,6,LONDON,2026-08-27,active,S1,reject,short,B,False,,,,"[29541.12, 29536.17, 29499.75]",,,,
2026-08-27:LONDON:8d5c8af5_8ef641a7-815c-4bb5-9798-b070b67d7998_deepseek_1781246265,6,LONDON,2026-08-27,active,S2,sweep_reclaim,short,A,False,,,,"[29619.5, 29597.25, 29536.17]",,,,
2026-08-27:LONDON:8d5c8af5_8ef641a7-815c-4bb5-9798-b070b67d7998_deepseek_1781246265,6,LONDON,2026-08-27,active,S3,breakout_retest,short,B,False,,,,"[29499.75, 29475.09]",,,,
2026-08-27:LONDON:8d5c8af5_8ef641a7-815c-4bb5-9798-b070b67d7998_deepseek_1781246265,7,LONDON,2026-08-27,active,S1,reject,short,B,False,,,,"[29499.75, 29486.95, 29468]",,,,
2026-08-27:LONDON:8d5c8af5_8ef641a7-815c-4bb5-9798-b070b67d7998_deepseek_1781246265,7,LONDON,2026-08-27,active,S2,acceptance,short,B,False,,,,"[29468, 29457.25, 29452.75]",,,,
2026-08-27:NY:8d5c8af5_8ef641a7-815c-4bb5-9798-b070b67d7998_deepseek_1781246265,1,NY,2026-08-27,no_trade,S0,hold,long,B,False,,,,,,,,
2026-08-27:NY:8d5c8af5_8ef641a7-815c-4bb5-9798-b070b67d7998_deepseek_1781246265,2,NY,2026-08-27,no_trade,S0,hold,long,B,False,,,,,,,,
2026-08-27:NY:8d5c8af5_8ef641a7-815c-4bb5-9798-b070b67d7998_deepseek_1781246265,3,NY,2026-08-27,active,S1,sweep_reclaim,short,A,False,,,,"[29547.39, 29537.91, 29499.75]",,,,
2026-08-27:NY:8d5c8af5_8ef641a7-815c-4bb5-9798-b070b67d7998_deepseek_1781246265,3,NY,2026-08-27,active,S2,reject,short,C,False,,,,"[29547.39, 29537.91, 29499.75]",,,,
2026-08-27:NY:8d5c8af5_8ef641a7-815c-4bb5-9798-b070b67d7998_deepseek_1781246265,3,NY,2026-08-27,active,S3,acceptance,short,C,False,,,,"[29537.91, 29499.75]",,,,
2026-08-27:NY:8d5c8af5_8ef641a7-815c-4bb5-9798-b070b67d7998_deepseek_1781246265,4,NY,2026-08-27,active,S1,reject,short,A,True,29611.41,29638,29557.15,"[29557.15, 29502.88, 29499.75]",,,,
2026-08-27:NY:8d5c8af5_8ef641a7-815c-4bb5-9798-b070b67d7998_deepseek_1781246265,4,NY,2026-08-27,active,S2,sweep_reclaim,short,B,False,,,,"[29611.41, 29557.15, 29502.88]",,,,
2026-08-27:NY:8d5c8af5_8ef641a7-815c-4bb5-9798-b070b67d7998_deepseek_1781246265,4,NY,2026-08-27,active,S3,reject,short,B,False,,,,"[29541.12, 29502.88, 29499.75]",,,,
2026-08-27:NY:8d5c8af5_8ef641a7-815c-4bb5-9798-b070b67d7998_deepseek_1781246265,5,NY,2026-08-27,active,S1,sweep_reclaim,long,A,False,,,,"[29575.25, 29589.5, 29611.04]",,,,
2026-08-27:NY:8d5c8af5_8ef641a7-815c-4bb5-9798-b070b67d7998_deepseek_1781246265,5,NY,2026-08-27,active,S2,breakout_retest,long,B,False,,,,"[29589.5, 29611.04]",,,,
2026-08-27:NY:8d5c8af5_8ef641a7-815c-4bb5-9798-b070b67d7998_deepseek_1781246265,5,NY,2026-08-27,active,S3,reject,short,B,False,,,,"[29575.25, 29548.74, 29526]",,,,
2026-08-27:NY:8d5c8af5_8ef641a7-815c-4bb5-9798-b070b67d7998_deepseek_1781246265,5,NY,2026-08-27,active,S4,sweep_reclaim,long,B,False,,,,"[29548.74, 29575.25, 29589.5]",,,,
2026-08-28:LONDON:8d5c8af5_8ef641a7-815c-4bb5-9798-b070b67d7998_deepseek_1781246265,1,LONDON,2026-08-28,active,S1,reject,short,B,True,29640,29650,29619.5,"[29619.5, 29591.5, 29576.5]",,,,
2026-08-28:LONDON:8d5c8af5_8ef641a7-815c-4bb5-9798-b070b67d7998_deepseek_1781246265,1,LONDON,2026-08-28,active,S2,sweep_reclaim,short,B,True,29676,29712.5,29642,"[29642, 29619.5, 29591.5]",True,,,
2026-08-28:LONDON:8d5c8af5_8ef641a7-815c-4bb5-9798-b070b67d7998_deepseek_1781246265,1,LONDON,2026-08-28,active,S3,breakout_retest,short,B,True,29589,29598,29576.5,"[29576.5, 29424]",,,,
2026-08-28:LONDON:8d5c8af5_8ef641a7-815c-4bb5-9798-b070b67d7998_deepseek_1781246265,2,LONDON,2026-08-28,active,S1,sweep_reclaim,short,A,True,29642,29658,29606.02,"[29620, 29606.02, 29577.75]",True,,,
2026-08-28:LONDON:8d5c8af5_8ef641a7-815c-4bb5-9798-b070b67d7998_deepseek_1781246265,2,LONDON,2026-08-28,active,S2,acceptance,short,B,False,,,,"[29541.12, 29424]",,,,
2026-08-28:LONDON:8d5c8af5_8ef641a7-815c-4bb5-9798-b070b67d7998_deepseek_1781246265,2,LONDON,2026-08-28,active,S3,sweep_reclaim,long,B,False,,,,"[29577.75, 29606.02]",,,,
2026-08-28:LONDON:8d5c8af5_8ef641a7-815c-4bb5-9798-b070b67d7998_deepseek_1781246265,3,LONDON,2026-08-28,active,S1,reject,short,B,True,29662.13,29678.25,29577.75,"[29577.75, 29541.12]",True,,,
2026-08-28:LONDON:8d5c8af5_8ef641a7-815c-4bb5-9798-b070b67d7998_deepseek_1781246265,3,LONDON,2026-08-28,active,S2,sweep_reclaim,short,A,True,29707.5,29722.62,29678.25,"[29678.25, 29577.75, 29541.12]",True,,,
2026-08-28:LONDON:8d5c8af5_8ef641a7-815c-4bb5-9798-b070b67d7998_deepseek_1781246265,3,LONDON,2026-08-28,active,S3,breakout_retest,short,B,True,29577.75,29619.5,29490.88,"[29541.12, 29490.88]",True,,,
2026-08-28:LONDON:8d5c8af5_8ef641a7-815c-4bb5-9798-b070b67d7998_deepseek_1781246265,3,LONDON,2026-08-28,active,S4,sweep_reclaim,long,B,True,29402.25,29370.25,29490.88,"[29490.88, 29541.12]",True,,,
2026-08-28:LONDON:8d5c8af5_8ef641a7-815c-4bb5-9798-b070b67d7998_deepseek_1781246265,4,LONDON,2026-08-28,active,S1,sweep_reclaim,short,A,False,,,,"[29653.25, 29644.38, 29577.75]",,,,
2026-08-28:LONDON:8d5c8af5_8ef641a7-815c-4bb5-9798-b070b67d7998_deepseek_1781246265,4,LONDON,2026-08-28,active,S2,breakout_retest,long,B,True,29682,29663,29722.62,"[29707.5, 29715.75, 29722.62]",,,,
2026-08-28:LONDON:8d5c8af5_8ef641a7-815c-4bb5-9798-b070b67d7998_deepseek_1781246265,4,LONDON,2026-08-28,active,S3,sweep_reclaim,short,A,False,,,,"[29678.25, 29653.25, 29577.75]",,,,
2026-08-28:LONDON:8d5c8af5_8ef641a7-815c-4bb5-9798-b070b67d7998_deepseek_1781246265,4,LONDON,2026-08-28,active,S4,breakout_retest,short,B,True,29574,29592,29490.88,"[29490.88, 29424, 29402.25]",,,,
2026-08-28:LONDON:8d5c8af5_8ef641a7-815c-4bb5-9798-b070b67d7998_deepseek_1781246265,5,LONDON,2026-08-28,active,S1,reject,short,B,True,29640.5,29659.5,29597.25,"[29637.04, 29633.5, 29623, 29606.4, 29597.25]",True,,,
2026-08-28:LONDON:8d5c8af5_8ef641a7-815c-4bb5-9798-b070b67d7998_deepseek_1781246265,5,LONDON,2026-08-28,active,S2,sweep_reclaim,short,C,False,,,,"[29653.25, 29642, 29633.5, 29623]",,,,
2026-08-28:LONDON:8d5c8af5_8ef641a7-815c-4bb5-9798-b070b67d7998_deepseek_1781246265,5,LONDON,2026-08-28,active,S3,breakout_retest,short,C,False,,,,"[29606.4, 29597.25, 29577.75]",,,,
2026-08-28:LONDON:8d5c8af5_8ef641a7-815c-4bb5-9798-b070b67d7998_deepseek_1781246265,6,LONDON,2026-08-28,active,S1,sweep_reclaim,short,A,True,29702,29726.7,29644.38,"[29663.45, 29644.38, 29577.75]",True,,,
2026-08-28:LONDON:8d5c8af5_8ef641a7-815c-4bb5-9798-b070b67d7998_deepseek_1781246265,6,LONDON,2026-08-28,active,S2,reject,short,B,True,29663.45,29684,29620,"[29644.38, 29577.75]",,,,
2026-08-28:LONDON:8d5c8af5_8ef641a7-815c-4bb5-9798-b070b67d7998_deepseek_1781246265,6,LONDON,2026-08-28,active,S3,sweep_reclaim,long,B,True,29541.12,29506,29644.38,"[29577.75, 29644.38]",True,,,
2026-08-28:NY:8d5c8af5_8ef641a7-815c-4bb5-9798-b070b67d7998_deepseek_1781246265,1,NY,2026-08-28,active,S1,reject,short,B,True,29700,29722.62,29636.13,"[29678.25, 29644.38, 29636.13]",,,,
2026-08-28:NY:8d5c8af5_8ef641a7-815c-4bb5-9798-b070b67d7998_deepseek_1781246265,1,NY,2026-08-28,active,S2,breakout_retest,short,B,True,29574,29594,29514.5,"[29541.12, 29514.5]",,,,
2026-08-28:NY:8d5c8af5_8ef641a7-815c-4bb5-9798-b070b67d7998_deepseek_1781246265,1,NY,2026-08-28,active,S3,breakout_retest,long,B,True,29710,29685,29848.75,"[29722.62, 29848.75]",,,,
2026-08-28:NY:8d5c8af5_8ef641a7-815c-4bb5-9798-b070b67d7998_deepseek_1781246265,1,NY,2026-08-28,active,S4,sweep_reclaim,long,B,True,29410,29385,29490.88,"[29424, 29490.88, 29514.5]",True,,,
2026-08-28:NY:8d5c8af5_8ef641a7-815c-4bb5-9798-b070b67d7998_deepseek_1781246265,2,NY,2026-08-28,dormant,S1,sweep_reclaim,short,B,False,,,,"[29678.25, 29660.45, 29642, 29637.5]",,,,
2026-08-28:NY:8d5c8af5_8ef641a7-815c-4bb5-9798-b070b67d7998_deepseek_1781246265,2,NY,2026-08-28,dormant,S2,breakout_retest,long,B,False,,,,"[29715.75, 29722.62, 29848.75]",,,,
2026-08-28:NY:8d5c8af5_8ef641a7-815c-4bb5-9798-b070b67d7998_deepseek_1781246265,2,NY,2026-08-28,dormant,S3,breakout_retest,short,B,False,,,,"[29562.5, 29541.12, 29490.88, 29402.25]",,,,
2026-08-28:NY:8d5c8af5_8ef641a7-815c-4bb5-9798-b070b67d7998_deepseek_1781246265,3,NY,2026-08-28,dormant,S1,reject,short,B,True,29631.14,29676,29532,"[29562.5, 29541.12, 29532]",,,,
2026-08-28:NY:8d5c8af5_8ef641a7-815c-4bb5-9798-b070b67d7998_deepseek_1781246265,3,NY,2026-08-28,dormant,S2,reject,short,C,False,,,,"[29541.12, 29532, 29514.5]",,,,
2026-08-28:NY:8d5c8af5_8ef641a7-815c-4bb5-9798-b070b67d7998_deepseek_1781246265,3,NY,2026-08-28,dormant,S3,sweep_reclaim,short,B,False,,,,"[29631.14, 29562.5, 29541.12]",,,,
2026-08-28:NY:8d5c8af5_8ef641a7-815c-4bb5-9798-b070b67d7998_deepseek_1781246265,4,NY,2026-08-28,active,S1,reject,short,B,True,29767.5,29821.75,29654,"[29707.5, 29657.39, 29642, 29577.75]",,,,
2026-08-28:NY:8d5c8af5_8ef641a7-815c-4bb5-9798-b070b67d7998_deepseek_1781246265,4,NY,2026-08-28,active,S2,breakout_retest,short,B,False,,,,"[29642, 29577.75, 29562.5, 29541.12]",,,,
2026-08-28:NY:8d5c8af5_8ef641a7-815c-4bb5-9798-b070b67d7998_deepseek_1781246265,4,NY,2026-08-28,active,S3,sweep_reclaim,long,C,False,,,,"[29424, 29642]",,,,
2026-08-28:NY:8d5c8af5_8ef641a7-815c-4bb5-9798-b070b67d7998_deepseek_1781246265,5,NY,2026-08-28,active,S1,sweep_reclaim,long,B,False,,,,"[29555.56, 29572.69, 29588.25]",,,,
2026-08-28:NY:8d5c8af5_8ef641a7-815c-4bb5-9798-b070b67d7998_deepseek_1781246265,5,NY,2026-08-28,active,S2,reject,long,B,True,29480,29430,29588.25,"[29555.56, 29572.69, 29588.25]",,,,
2026-08-28:NY:8d5c8af5_8ef641a7-815c-4bb5-9798-b070b67d7998_deepseek_1781246265,5,NY,2026-08-28,active,S3,reject,short,A,True,29586.25,29636.25,29479.5,"[29555.56, 29502.88, 29479.5]",,,,
2026-08-28:NY:8d5c8af5_8ef641a7-815c-4bb5-9798-b070b67d7998_deepseek_1781246265,6,NY,2026-08-28,active,S1,sweep_reclaim,long,A,True,29464.25,29420,29562,"[29495, 29502.88, 29532.67, 29562]",True,,,
2026-08-28:NY:8d5c8af5_8ef641a7-815c-4bb5-9798-b070b67d7998_deepseek_1781246265,6,NY,2026-08-28,active,S2,hold,long,B,False,,,,"[29464.25, 29495, 29502.88]",,,,
2026-08-28:NY:8d5c8af5_8ef641a7-815c-4bb5-9798-b070b67d7998_deepseek_1781246265,6,NY,2026-08-28,active,S3,breakout_retest,long,B,False,,,,"[29502.88, 29532.67, 29549]",,,,
2026-08-28:NY:8d5c8af5_8ef641a7-815c-4bb5-9798-b070b67d7998_deepseek_1781246265,7,NY,2026-08-28,active,S1,sweep_reclaim,long,B,False,,,,"[29512, 29531.05, 29549]",,,,
2026-08-28:NY:8d5c8af5_8ef641a7-815c-4bb5-9798-b070b67d7998_deepseek_1781246265,7,NY,2026-08-28,active,S2,breakout_retest,long,B,False,,,,"[29573.96, 29577.75, 29592.5]",,,,
2026-08-28:NY:8d5c8af5_8ef641a7-815c-4bb5-9798-b070b67d7998_deepseek_1781246265,7,NY,2026-08-28,active,S3,reject,short,C,False,,,,"[29549, 29531.05, 29512]",,,,
2026-08-30:ASIA:8d5c8af5_8ef641a7-815c-4bb5-9798-b070b67d7998_deepseek_1781246265,1,ASIA,2026-08-30,no_trade,S1,sweep_reclaim,long,B,False,,,,"[29509.5, 29514.5, 29521.5, 29543.5]",,,,
2026-08-30:ASIA:8d5c8af5_8ef641a7-815c-4bb5-9798-b070b67d7998_deepseek_1781246265,1,ASIA,2026-08-30,no_trade,S2,reject,long,B,True,29494.38,29472.38,29543.5,"[29502.88, 29509.5, 29514.5, 29521.5, 29543.5]",True,,,
2026-08-30:ASIA:8d5c8af5_8ef641a7-815c-4bb5-9798-b070b67d7998_deepseek_1781246265,1,ASIA,2026-08-30,no_trade,S3,breakout_retest,long,B,False,,,,"[29514.5, 29521.5, 29543.5]",,,,
2026-08-30:ASIA:8d5c8af5_8ef641a7-815c-4bb5-9798-b070b67d7998_deepseek_1781246265,1,ASIA,2026-08-30,no_trade,S4,sweep_reclaim,long,A,True,29437,29414.75,29509.5,"[29494.38, 29502.88, 29509.5]",True,,,
2026-08-30:ASIA:8d5c8af5_8ef641a7-815c-4bb5-9798-b070b67d7998_deepseek_1781246265,2,ASIA,2026-08-30,no_trade,S1,breakdown_continue,short,C,False,,,,"[29357.25, 29335.5, 29310]",,,,
2026-08-30:ASIA:8d5c8af5_8ef641a7-815c-4bb5-9798-b070b67d7998_deepseek_1781246265,2,ASIA,2026-08-30,no_trade,S2,sweep_reclaim,long,B,True,29371.5,29350,29420,"[29379.45, 29396.75, 29414.21, 29420]",True,,,
2026-08-30:ASIA:8d5c8af5_8ef641a7-815c-4bb5-9798-b070b67d7998_deepseek_1781246265,2,ASIA,2026-08-30,no_trade,S3,reject,short,B,True,29414.21,29440,29357.25,"[29396.75, 29371.5, 29357.25]",,,,
2026-08-30:ASIA:8d5c8af5_8ef641a7-815c-4bb5-9798-b070b67d7998_deepseek_1781246265,3,ASIA,2026-08-30,no_trade,S0,hold,long,B,False,,,,,,,,
2026-08-31:ASIA:8d5c8af5_8ef641a7-815c-4bb5-9798-b070b67d7998_deepseek_1781246265,1,ASIA,2026-08-31,no_trade,S0,hold,long,B,False,,,,,,,,
2026-08-31:ASIA:8d5c8af5_8ef641a7-815c-4bb5-9798-b070b67d7998_deepseek_1781246265,2,ASIA,2026-08-31,no_trade,S0,hold,long,B,False,,,,,,,,
2026-08-31:LONDON:8d5c8af5_8ef641a7-815c-4bb5-9798-b070b67d7998_deepseek_1781246265,1,LONDON,2026-08-31,no_trade,S0,hold,long,B,False,,,,,,,,
2026-08-31:LONDON:8d5c8af5_8ef641a7-815c-4bb5-9798-b070b67d7998_deepseek_1781246265,2,LONDON,2026-08-31,active,S1,reject,long,B,True,29437,29416,29498.5,"[29498.5, 29509.5, 29543.5]",,,,
2026-08-31:LONDON:8d5c8af5_8ef641a7-815c-4bb5-9798-b070b67d7998_deepseek_1781246265,2,LONDON,2026-08-31,active,S2,reject,long,B,True,29398.52,29378.02,29498.5,"[29437, 29498.5]",,,,
2026-08-31:LONDON:8d5c8af5_8ef641a7-815c-4bb5-9798-b070b67d7998_deepseek_1781246265,2,LONDON,2026-08-31,active,S3,breakout_retest,long,B,False,,,,"[29543.5, 29574.38, 29811.75]",,,,
2026-08-31:LONDON:8d5c8af5_8ef641a7-815c-4bb5-9798-b070b67d7998_deepseek_1781246265,2,LONDON,2026-08-31,active,S4,reject,short,C,False,,,,"[29633.25, 29574.38, 29543.5]",,,,
2026-08-31:LONDON:8d5c8af5_8ef641a7-815c-4bb5-9798-b070b67d7998_deepseek_1781246265,3,LONDON,2026-08-31,no_trade,S0,hold,long,B,False,,,,,,,,
2026-08-31:NY:8d5c8af5_8ef641a7-815c-4bb5-9798-b070b67d7998_deepseek_1781246265,1,NY,2026-08-31,no_trade,S0,hold,long,B,False,,,,,,,,
2026-08-31:NY:8d5c8af5_8ef641a7-815c-4bb5-9798-b070b67d7998_deepseek_1781246265,2,NY,2026-08-31,no_trade,S0,hold,long,B,False,,,,,,,,
2026-08-31:NY:8d5c8af5_8ef641a7-815c-4bb5-9798-b070b67d7998_deepseek_1781246265,3,NY,2026-08-31,active,S1,reject,short,B,True,29351.47,29408.52,29280.88,"[29280.88, 29273.5]",,,,
2026-08-31:NY:8d5c8af5_8ef641a7-815c-4bb5-9798-b070b67d7998_deepseek_1781246265,3,NY,2026-08-31,active,S2,reject,short,A,True,29437,29479.75,29351.47,"[29408.52, 29351.47]",,,,
2026-08-31:NY:8d5c8af5_8ef641a7-815c-4bb5-9798-b070b67d7998_deepseek_1781246265,3,NY,2026-08-31,active,S3,sweep_reclaim,long,B,False,,,,"[29408.52, 29417, 29437]",,,,
2026-08-31:NY:8d5c8af5_8ef641a7-815c-4bb5-9798-b070b67d7998_deepseek_1781246265,4,NY,2026-08-31,active,S1,sweep_reclaim,long,B,True,29413,29363.25,29517,"[29432.25, 29459.08, 29517]",True,,,
2026-08-31:NY:8d5c8af5_8ef641a7-815c-4bb5-9798-b070b67d7998_deepseek_1781246265,4,NY,2026-08-31,active,S2,reclaim,long,B,False,,,,"[29459.08, 29517]",,,,
2026-08-31:NY:8d5c8af5_8ef641a7-815c-4bb5-9798-b070b67d7998_deepseek_1781246265,4,NY,2026-08-31,active,S3,reject,short,B,True,29459.08,29489.75,29397.5,"[29432.25, 29417, 29413, 29397.5]",,,,
2026-08-31:NY:8d5c8af5_8ef641a7-815c-4bb5-9798-b070b67d7998_deepseek_1781246265,5,NY,2026-08-31,active,S1,reject,long,B,False,,,,"[29432.75, 29459.03, 29517]",,,,
2026-08-31:NY:8d5c8af5_8ef641a7-815c-4bb5-9798-b070b67d7998_deepseek_1781246265,5,NY,2026-08-31,active,S2,breakout_retest,long,B,False,,,,"[29459.03, 29517]",,,,
2026-08-31:NY:8d5c8af5_8ef641a7-815c-4bb5-9798-b070b67d7998_deepseek_1781246265,5,NY,2026-08-31,active,S3,sweep_reclaim,long,B,True,29417,29387,29517,"[29432.75, 29459.03, 29517]",True,,,
2026-08-31:NY:8d5c8af5_8ef641a7-815c-4bb5-9798-b070b67d7998_deepseek_1781246265,5,NY,2026-08-31,active,S4,sweep_reclaim,short,B,False,,,,"[29517, 29459.03]",,,,
2026-08-31:NY:8d5c8af5_8ef641a7-815c-4bb5-9798-b070b67d7998_deepseek_1781246265,6,NY,2026-08-31,active,S1,breakout_retest,long,B,False,,,,"[29458.38, 29517, 29543.5]",,,,
2026-08-31:NY:8d5c8af5_8ef641a7-815c-4bb5-9798-b070b67d7998_deepseek_1781246265,6,NY,2026-08-31,active,S2,sweep_reclaim,long,C,False,,,,"[29443.25, 29458.38, 29517]",,,,
2026-08-31:NY:8d5c8af5_8ef641a7-815c-4bb5-9798-b070b67d7998_deepseek_1781246265,6,NY,2026-08-31,active,S3,reject,short,B,True,29458.38,29482.5,29394.75,"[29443.25, 29432.25, 29417, 29394.75]",,,,
2026-08-31:NY:8d5c8af5_8ef641a7-815c-4bb5-9798-b070b67d7998_deepseek_1781246265,6,NY,2026-08-31,active,S4,sweep_reclaim,short,C,False,,,,"[29458.38, 29443.25, 29432.25]",,,,
2026-08-31:NY:8d5c8af5_8ef641a7-815c-4bb5-9798-b070b67d7998_deepseek_1781246265,7,NY,2026-08-31,active,S1,hold,long,B,False,,,,"[29432.25, 29445.5]",,,,
2026-08-31:NY:8d5c8af5_8ef641a7-815c-4bb5-9798-b070b67d7998_deepseek_1781246265,7,NY,2026-08-31,active,S2,reject,long,B,True,29410.98,29363.72,29517,"[29432.25, 29445.5, 29517]",,,,
2026-08-31:NY:8d5c8af5_8ef641a7-815c-4bb5-9798-b070b67d7998_deepseek_1781246265,7,NY,2026-08-31,active,S3,reject,short,C,False,,,,"[29432.25, 29422.25, 29410.98]",,,,
2026-09-01:ASIA:8d5c8af5_8ef641a7-815c-4bb5-9798-b070b67d7998_deepseek_1781246265,1,ASIA,2026-09-01,no_trade,S0,hold,long,B,False,,,,,,,,
2026-09-01:ASIA:8d5c8af5_8ef641a7-815c-4bb5-9798-b070b67d7998_deepseek_1781246265,2,ASIA,2026-09-01,no_trade,S0,hold,long,B,False,,,,,,,,
2026-09-01:ASIA:8d5c8af5_8ef641a7-815c-4bb5-9798-b070b67d7998_deepseek_1781246265,3,ASIA,2026-09-01,no_trade,S0,hold,long,B,False,,,,,,,,
2026-09-01:ASIA:8d5c8af5_8ef641a7-815c-4bb5-9798-b070b67d7998_deepseek_1781246265,4,ASIA,2026-09-01,no_trade,S0,hold,long,B,False,,,,,,,,
2026-09-01:ASIA:8d5c8af5_8ef641a7-815c-4bb5-9798-b070b67d7998_deepseek_1781246265,5,ASIA,2026-09-01,active,S1,sweep_reclaim,long,B,False,,,,"[29062.75, 29072.75, 29103]",,,,
2026-09-01:ASIA:8d5c8af5_8ef641a7-815c-4bb5-9798-b070b67d7998_deepseek_1781246265,5,ASIA,2026-09-01,active,S2,breakout_retest,long,C,False,,,,"[29072.75, 29103, 29113.23]",,,,
2026-09-01:ASIA:8d5c8af5_8ef641a7-815c-4bb5-9798-b070b67d7998_deepseek_1781246265,6,ASIA,2026-09-01,active,S1,sweep_reclaim,long,A,True,29035.25,29018,29071.41,"[29071.41, 29113.23, 29133, 29171.25]",True,,,
2026-09-01:ASIA:8d5c8af5_8ef641a7-815c-4bb5-9798-b070b67d7998_deepseek_1781246265,6,ASIA,2026-09-01,active,S2,reject,long,B,True,29040.61,29020,29113.23,"[29071.41, 29113.23]",True,,,
2026-09-01:ASIA:8d5c8af5_8ef641a7-815c-4bb5-9798-b070b67d7998_deepseek_1781246265,6,ASIA,2026-09-01,active,S3,reclaim,long,B,False,,,,"[29113.23, 29133, 29171.25]",,,,
2026-09-01:ASIA:8d5c8af5_8ef641a7-815c-4bb5-9798-b070b67d7998_deepseek_1781246265,7,ASIA,2026-09-01,active,S1,reject,long,A,True,29044,29025,29099.85,"[29068.05, 29099.85]",True,,,
2026-09-01:ASIA:8d5c8af5_8ef641a7-815c-4bb5-9798-b070b67d7998_deepseek_1781246265,7,ASIA,2026-09-01,active,S2,reclaim,long,C,False,,,,"[29068.05, 29099.85]",,,,
2026-09-01:ASIA:8d5c8af5_8ef641a7-815c-4bb5-9798-b070b67d7998_deepseek_1781246265,7,ASIA,2026-09-01,active,S3,reject,long,B,True,29068.05,29044,29131.66,"[29099.85, 29113.23]",True,,,
2026-09-01:ASIA:8d5c8af5_8ef641a7-815c-4bb5-9798-b070b67d7998_deepseek_1781246265,8,ASIA,2026-09-01,active,S1,sweep_reclaim,long,B,False,,,,"[29058.75, 29065.3, 29085, 29097.88]",,,,
2026-09-01:ASIA:8d5c8af5_8ef641a7-815c-4bb5-9798-b070b67d7998_deepseek_1781246265,8,ASIA,2026-09-01,active,S2,reclaim,long,B,False,,,,"[29065.3, 29085, 29097.88, 29113.23]",,,,
2026-09-01:ASIA:8d5c8af5_8ef641a7-815c-4bb5-9798-b070b67d7998_deepseek_1781246265,8,ASIA,2026-09-01,active,S3,breakout_retest,long,B,False,,,,"[29113.23, 29130.45, 29171.25]",,,,
2026-09-01:ASIA:8d5c8af5_8ef641a7-815c-4bb5-9798-b070b67d7998_deepseek_1781246265,9,ASIA,2026-09-01,active,S1,sweep_reclaim,long,B,False,,,,"[29058.75, 29065.05, 29085, 29096.67]",,,,
2026-09-01:ASIA:8d5c8af5_8ef641a7-815c-4bb5-9798-b070b67d7998_deepseek_1781246265,9,ASIA,2026-09-01,active,S2,reclaim,long,B,False,,,,"[29096.67, 29113.23, 29128.29, 29171.25]",,,,
2026-09-01:ASIA:8d5c8af5_8ef641a7-815c-4bb5-9798-b070b67d7998_deepseek_1781246265,10,ASIA,2026-09-01,active,S1,sweep_reclaim,long,B,False,,,,"[29058.75, 29091, 29113.23]",,,,
2026-09-01:ASIA:8d5c8af5_8ef641a7-815c-4bb5-9798-b070b67d7998_deepseek_1781246265,10,ASIA,2026-09-01,active,S2,reject,short,B,True,29317.25,29342,29212.5,"[29212.5, 29171.25, 29124.64]",True,,,
2026-09-01:LONDON:8d5c8af5_8ef641a7-815c-4bb5-9798-b070b67d7998_deepseek_1781246265,1,LONDON,2026-09-01,no_trade,S0,hold,long,B,False,,,,,,,,
2026-09-01:LONDON:8d5c8af5_8ef641a7-815c-4bb5-9798-b070b67d7998_deepseek_1781246265,2,LONDON,2026-09-01,active,S1,reject,short,A,True,29477,29500.21,29418.62,"[29447.5, 29435.75, 29422.12]",,,,
2026-09-01:LONDON:8d5c8af5_8ef641a7-815c-4bb5-9798-b070b67d7998_deepseek_1781246265,2,LONDON,2026-09-01,active,S2,reject,short,A,False,,,,"[29435.75, 29422.12, 29418.62]",,,,
2026-09-01:LONDON:8d5c8af5_8ef641a7-815c-4bb5-9798-b070b67d7998_deepseek_1781246265,2,LONDON,2026-09-01,active,S3,sweep_reclaim,long,B,False,,,,"[29477, 29500.21]",,,,
2026-09-01:LONDON:8d5c8af5_8ef641a7-815c-4bb5-9798-b070b67d7998_deepseek_1781246265,3,LONDON,2026-09-01,dormant,S1,acceptance,short,B,False,,,,"[29212.5, 29186, 29182]",,,,
2026-09-01:LONDON:8d5c8af5_8ef641a7-815c-4bb5-9798-b070b67d7998_deepseek_1781246265,3,LONDON,2026-09-01,dormant,S2,reject,short,B,True,29246.75,29273,29182,"[29212.5, 29186, 29182]",,,,
2026-09-01:LONDON:8d5c8af5_8ef641a7-815c-4bb5-9798-b070b67d7998_deepseek_1781246265,4,LONDON,2026-09-01,active,S1,reject,short,C,True,29182,29212.5,29154.38,[29154.38],,,,
2026-09-01:LONDON:8d5c8af5_8ef641a7-815c-4bb5-9798-b070b67d7998_deepseek_1781246265,4,LONDON,2026-09-01,active,S2,sweep_reclaim,long,B,True,29212.5,29170,29323.92,"[29280, 29323.92, 29354]",True,,,
2026-09-01:LONDON:8d5c8af5_8ef641a7-815c-4bb5-9798-b070b67d7998_deepseek_1781246265,4,LONDON,2026-09-01,active,S3,reject,short,B,True,29354,29385,29280,"[29280, 29182]",,,,
2026-09-01:LONDON:8d5c8af5_8ef641a7-815c-4bb5-9798-b070b67d7998_deepseek_1781246265,5,LONDON,2026-09-01,active,S1,breakdown_continue,short,B,False,,,,[29161.96],,,,
2026-09-01:LONDON:8d5c8af5_8ef641a7-815c-4bb5-9798-b070b67d7998_deepseek_1781246265,5,LONDON,2026-09-01,active,S2,sweep_reclaim,long,B,False,,,,"[29212.5, 29258]",,,,
2026-09-01:LONDON:8d5c8af5_8ef641a7-815c-4bb5-9798-b070b67d7998_deepseek_1781246265,5,LONDON,2026-09-01,active,S3,reject,long,B,True,29161.96,29140,29212.5,"[29177.5, 29212.5]",,,,
2026-09-01:LONDON:8d5c8af5_8ef641a7-815c-4bb5-9798-b070b67d7998_deepseek_1781246265,6,LONDON,2026-09-01,active,S1,reject,short,B,True,29123.25,29147.25,29085,"[29100.81, 29085, 29076.5]",,,,
2026-09-01:LONDON:8d5c8af5_8ef641a7-815c-4bb5-9798-b070b67d7998_deepseek_1781246265,6,LONDON,2026-09-01,active,S2,reject,short,B,True,29138,29162,29085,"[29123.25, 29085]",,,,
2026-09-01:NY:8d5c8af5_8ef641a7-815c-4bb5-9798-b070b67d7998_deepseek_1781246265,1,NY,2026-09-01,active,S1,breakdown_continue,short,C,False,,,,"[29099.12, 29094.31, 29085]",,,,
2026-09-01:NY:8d5c8af5_8ef641a7-815c-4bb5-9798-b070b67d7998_deepseek_1781246265,1,NY,2026-09-01,active,S2,reject,short,B,True,29138,29158.5,29085,"[29122.75, 29099.12, 29085]",,,,
2026-09-01:NY:8d5c8af5_8ef641a7-815c-4bb5-9798-b070b67d7998_deepseek_1781246265,1,NY,2026-09-01,active,S3,reject,short,B,True,29177.5,29198,29122.75,"[29138, 29122.75, 29099.12]",,,,
2026-09-01:NY:8d5c8af5_8ef641a7-815c-4bb5-9798-b070b67d7998_deepseek_1781246265,1,NY,2026-09-01,active,S4,sweep_reclaim,long,C,False,,,,"[29138, 29177.5, 29200.5]",,,,
2026-09-01:NY:8d5c8af5_8ef641a7-815c-4bb5-9798-b070b67d7998_deepseek_1781246265,2,NY,2026-09-01,dormant,S1,reject,short,B,True,29062.75,29095.5,28970.38,"[28970.38, 28963.03, 28947.75]",,,,
2026-09-01:NY:8d5c8af5_8ef641a7-815c-4bb5-9798-b070b67d7998_deepseek_1781246265,2,NY,2026-09-01,dormant,S2,reject,short,B,True,29137.29,29170.5,29062.75,"[29062.75, 28970.38]",,,,
2026-09-01:NY:8d5c8af5_8ef641a7-815c-4bb5-9798-b070b67d7998_deepseek_1781246265,2,NY,2026-09-01,dormant,S3,sweep_reclaim,long,B,False,,,,"[29082.75, 29095.5, 29125, 29137.29]",,,,
2026-09-01:NY:8d5c8af5_8ef641a7-815c-4bb5-9798-b070b67d7998_deepseek_1781246265,2,NY,2026-09-01,dormant,S4,reclaim,long,C,False,,,,"[29125, 29137.29, 29177.5]",,,,
2026-09-01:NY:8d5c8af5_8ef641a7-815c-4bb5-9798-b070b67d7998_deepseek_1781246265,3,NY,2026-09-01,dormant,S1,reject,short,B,True,29182,29220.75,29085,"[29157.75, 29125, 29085]",,,,
2026-09-01:NY:8d5c8af5_8ef641a7-815c-4bb5-9798-b070b67d7998_deepseek_1781246265,3,NY,2026-09-01,dormant,S2,reject,short,B,True,29085,29125,29062.75,[29062.75],,,,
2026-09-01:NY:8d5c8af5_8ef641a7-815c-4bb5-9798-b070b67d7998_deepseek_1781246265,4,NY,2026-09-01,active,S1,reject,short,B,True,29170,29210,29082.75,"[29125, 29102.19, 29082.75, 29062.75]",True,,,
2026-09-01:NY:8d5c8af5_8ef641a7-815c-4bb5-9798-b070b67d7998_deepseek_1781246265,4,NY,2026-09-01,active,S2,reject,short,C,False,,,,"[29170, 29125, 29082.75]",,,,
2026-09-01:NY:8d5c8af5_8ef641a7-815c-4bb5-9798-b070b67d7998_deepseek_1781246265,4,NY,2026-09-01,active,S3,sweep_reclaim,long,B,False,,,,"[29170, 29209.25]",,,,
2026-09-01:NY:8d5c8af5_8ef641a7-815c-4bb5-9798-b070b67d7998_deepseek_1781246265,5,NY,2026-09-01,active,S1,reject,short,B,True,29100.5,29130,29082.75,"[29082.75, 29062.75, 29040]",,,,
2026-09-01:NY:8d5c8af5_8ef641a7-815c-4bb5-9798-b070b67d7998_deepseek_1781246265,5,NY,2026-09-01,active,S2,reject,short,B,True,29162,29189,29100.5,"[29100.5, 29082.75, 29040]",,,,
2026-09-01:NY:8d5c8af5_8ef641a7-815c-4bb5-9798-b070b67d7998_deepseek_1781246265,5,NY,2026-09-01,active,S3,sweep_reclaim,long,B,True,29082.75,29055.75,29162,"[29130, 29162, 29197.5]",True,,,
2026-09-02:ASIA:8d5c8af5_8ef641a7-815c-4bb5-9798-b070b67d7998_deepseek_1781246265,1,ASIA,2026-09-02,active,S1,reclaim,long,A,False,,,,"[29171.25, 29209.25, 29317.25]",,,,
2026-09-02:ASIA:8d5c8af5_8ef641a7-815c-4bb5-9798-b070b67d7998_deepseek_1781246265,1,ASIA,2026-09-02,active,S2,sweep_reclaim,long,B,False,,,,"[29113.89, 29171.25, 29209.25]",,,,
2026-09-02:ASIA:8d5c8af5_8ef641a7-815c-4bb5-9798-b070b67d7998_deepseek_1781246265,1,ASIA,2026-09-02,active,S3,breakout_retest,long,C,False,,,,"[29209.25, 29317.25, 29346.88]",,,,
2026-09-02:ASIA:8d5c8af5_8ef641a7-815c-4bb5-9798-b070b67d7998_deepseek_1781246265,1,ASIA,2026-09-02,active,S4,sweep_reclaim,short,A,False,,,,"[29209.25, 29171.25, 29113.89]",,,,
2026-09-02:ASIA:8d5c8af5_8ef641a7-815c-4bb5-9798-b070b67d7998_deepseek_1781246265,2,ASIA,2026-09-02,active,S1,sweep_reclaim,short,B,False,,,,"[29175.56, 29149]",,,,
2026-09-02:ASIA:8d5c8af5_8ef641a7-815c-4bb5-9798-b070b67d7998_deepseek_1781246265,2,ASIA,2026-09-02,active,S2,sweep_reclaim,long,B,False,,,,"[29175.56, 29189.25]",,,,
2026-09-02:ASIA:8d5c8af5_8ef641a7-815c-4bb5-9798-b070b67d7998_deepseek_1781246265,3,ASIA,2026-09-02,active,S1,sweep_reclaim,short,B,False,,,,"[29199.68, 29149, 29136.25]",,,,
2026-09-02:ASIA:8d5c8af5_8ef641a7-815c-4bb5-9798-b070b67d7998_deepseek_1781246265,3,ASIA,2026-09-02,active,S2,sweep_reclaim,long,B,False,,,,"[29199.68, 29208.75, 29317.25]",,,,
2026-09-02:ASIA:8d5c8af5_8ef641a7-815c-4bb5-9798-b070b67d7998_deepseek_1781246265,3,ASIA,2026-09-02,active,S3,reject,short,B,True,29199.68,29216.25,29149,"[29149, 29136.25]",True,,,
2026-09-02:ASIA:8d5c8af5_8ef641a7-815c-4bb5-9798-b070b67d7998_deepseek_1781246265,4,ASIA,2026-09-02,active,S1,reject,short,B,True,29208.75,29228.75,29149,"[29149, 29136.25, 29102]",True,,,
2026-09-02:ASIA:8d5c8af5_8ef641a7-815c-4bb5-9798-b070b67d7998_deepseek_1781246265,4,ASIA,2026-09-02,active,S2,sweep_reclaim,long,B,False,,,,"[29183.59, 29208.75, 29317.25]",,,,
2026-09-02:ASIA:8d5c8af5_8ef641a7-815c-4bb5-9798-b070b67d7998_deepseek_1781246265,4,ASIA,2026-09-02,active,S3,reject,short,B,True,29149,29170,29058.75,"[29058.75, 29042.75, 29001.75]",True,,,
2026-09-02:ASIA:8d5c8af5_8ef641a7-815c-4bb5-9798-b070b67d7998_deepseek_1781246265,5,ASIA,2026-09-02,active,S1,reject,short,B,True,29197.57,29212.5,29149,"[29149, 29136.25]",True,,,
2026-09-02:ASIA:8d5c8af5_8ef641a7-815c-4bb5-9798-b070b67d7998_deepseek_1781246265,5,ASIA,2026-09-02,active,S2,sweep_reclaim,long,B,False,,,,"[29197.57, 29208.75]",,,,
2026-09-02:ASIA:8d5c8af5_8ef641a7-815c-4bb5-9798-b070b67d7998_deepseek_1781246265,5,ASIA,2026-09-02,active,S3,breakout_retest,long,C,False,,,,"[29317.25, 29324.5]",,,,
2026-09-02:ASIA:8d5c8af5_8ef641a7-815c-4bb5-9798-b070b67d7998_deepseek_1781246265,5,ASIA,2026-09-02,active,S4,reject,short,C,False,,,,"[29136.25, 29102]",,,,
2026-09-02:ASIA:8d5c8af5_8ef641a7-815c-4bb5-9798-b070b67d7998_deepseek_1781246265,6,ASIA,2026-09-02,active,S1,sweep_reclaim,long,B,False,,,,"[29181.64, 29209.25]",,,,
2026-09-02:ASIA:8d5c8af5_8ef641a7-815c-4bb5-9798-b070b67d7998_deepseek_1781246265,6,ASIA,2026-09-02,active,S2,reject,short,B,True,29209.25,29223,29181.64,"[29181.64, 29149]",True,,,
2026-09-02:ASIA:8d5c8af5_8ef641a7-815c-4bb5-9798-b070b67d7998_deepseek_1781246265,6,ASIA,2026-09-02,active,S3,reject,short,C,False,,,,"[29209.25, 29181.64]",,,,
2026-09-02:ASIA:8d5c8af5_8ef641a7-815c-4bb5-9798-b070b67d7998_deepseek_1781246265,7,ASIA,2026-09-02,active,S1,reject,short,B,True,29218.25,29232,29149,"[29149, 29136.25, 29058.75]",True,,,
2026-09-02:ASIA:8d5c8af5_8ef641a7-815c-4bb5-9798-b070b67d7998_deepseek_1781246265,7,ASIA,2026-09-02,active,S2,sweep_reclaim,long,C,False,,,,"[29218.25, 29317.25]",,,,
2026-09-02:ASIA:8d5c8af5_8ef641a7-815c-4bb5-9798-b070b67d7998_deepseek_1781246265,8,ASIA,2026-09-02,dormant,S1,reject,short,B,True,29157.03,29175.66,29102,"[29141.25, 29136.25, 29102]",True,,,
2026-09-02:ASIA:8d5c8af5_8ef641a7-815c-4bb5-9798-b070b67d7998_deepseek_1781246265,8,ASIA,2026-09-02,dormant,S2,reject,short,B,True,29141.25,29157.03,29102,"[29136.25, 29102, 29076.5]",True,,,
2026-09-02:ASIA:8d5c8af5_8ef641a7-815c-4bb5-9798-b070b67d7998_deepseek_1781246265,8,ASIA,2026-09-02,dormant,S3,reject,short,B,True,29175.66,29194.3,29136.25,"[29141.25, 29136.25, 29102]",True,,,
2026-09-02:ASIA:8d5c8af5_8ef641a7-815c-4bb5-9798-b070b67d7998_deepseek_1781246265,9,ASIA,2026-09-02,active,S1,reject,short,B,False,,,,"[29176.29, 29159.39, 29141.25]",,,,
2026-09-02:ASIA:8d5c8af5_8ef641a7-815c-4bb5-9798-b070b67d7998_deepseek_1781246265,9,ASIA,2026-09-02,active,S2,reject,short,B,False,,,,"[29159.39, 29141.25, 29102]",,,,
2026-09-02:ASIA:8d5c8af5_8ef641a7-815c-4bb5-9798-b070b67d7998_deepseek_1781246265,10,ASIA,2026-09-02,active,S1,reject,short,B,True,29200.5,29228,29141.25,"[29193.38, 29159.02, 29141.25]",True,,,
2026-09-02:ASIA:8d5c8af5_8ef641a7-815c-4bb5-9798-b070b67d7998_deepseek_1781246265,10,ASIA,2026-09-02,active,S2,reject,short,C,False,,,,"[29136.25, 29113.9, 29102]",,,,
2026-09-02:ASIA:8d5c8af5_8ef641a7-815c-4bb5-9798-b070b67d7998_deepseek_1781246265,10,ASIA,2026-09-02,active,S3,reclaim,long,C,False,,,,"[29136.25, 29159.02, 29193.38]",,,,
2026-09-02:ASIA:8d5c8af5_8ef641a7-815c-4bb5-9798-b070b67d7998_deepseek_1781246265,11,ASIA,2026-09-02,active,S1,reject,short,C,True,29199.5,29227.9,29141.25,"[29173.88, 29156.5, 29141.25]",True,,,
2026-09-02:ASIA:8d5c8af5_8ef641a7-815c-4bb5-9798-b070b67d7998_deepseek_1781246265,11,ASIA,2026-09-02,active,S2,sweep_reclaim,short,C,False,,,,"[29199.5, 29173.88, 29156.5]",,,,
2026-09-02:ASIA:8d5c8af5_8ef641a7-815c-4bb5-9798-b070b67d7998_deepseek_1781246265,11,ASIA,2026-09-02,active,S3,sweep_reclaim,long,C,False,,,,"[29173.88, 29191.25, 29199.5]",,,,
2026-09-02:ASIA:8d5c8af5_8ef641a7-815c-4bb5-9798-b070b67d7998_deepseek_1781246265,11,ASIA,2026-09-02,active,S4,reject,short,C,False,,,,"[29113.9, 29102, 29042.75]",,,,
2026-09-02:ASIA:8d5c8af5_8ef641a7-815c-4bb5-9798-b070b67d7998_deepseek_1781246265,12,ASIA,2026-09-02,active,S1,reject,short,B,True,29208.69,29237.75,29141.25,"[29191.51, 29174.34, 29157.25, 29141.25]",True,,,
2026-09-02:ASIA:8d5c8af5_8ef641a7-815c-4bb5-9798-b070b67d7998_deepseek_1781246265,12,ASIA,2026-09-02,active,S2,reject,short,B,True,29132.5,29161.5,29042.75,"[29102, 29042.75, 29004.5]",True,,,
2026-09-02:ASIA:8d5c8af5_8ef641a7-815c-4bb5-9798-b070b67d7998_deepseek_1781246265,12,ASIA,2026-09-02,active,S3,sweep_reclaim,long,C,False,,,,"[29157.25, 29174.34, 29191.51]",,,,
2026-09-02:ASIA:8d5c8af5_8ef641a7-815c-4bb5-9798-b070b67d7998_deepseek_1781246265,13,ASIA,2026-09-02,active,S1,reject,short,B,True,29199.5,29226,29132.5,"[29167.5, 29157.25, 29141.44, 29132.5]",True,,,
2026-09-02:ASIA:8d5c8af5_8ef641a7-815c-4bb5-9798-b070b67d7998_deepseek_1781246265,13,ASIA,2026-09-02,active,S2,sweep_reclaim,short,C,False,,,,"[29167.5, 29157.25, 29141.44, 29132.5]",,,,
2026-09-02:ASIA:8d5c8af5_8ef641a7-815c-4bb5-9798-b070b67d7998_deepseek_1781246265,13,ASIA,2026-09-02,active,S3,sweep_reclaim,long,C,False,,,,"[29167.5, 29195, 29218.25]",,,,
2026-09-02:ASIA:8d5c8af5_8ef641a7-815c-4bb5-9798-b070b67d7998_deepseek_1781246265,14,ASIA,2026-09-02,active,S1,reject,short,B,True,29228.75,29250,29186.14,"[29218.25, 29212.5, 29207.5, 29195, 29186.14]",True,,,
2026-09-02:ASIA:8d5c8af5_8ef641a7-815c-4bb5-9798-b070b67d7998_deepseek_1781246265,14,ASIA,2026-09-02,active,S2,sweep_reclaim,long,B,False,,,,"[29132.5, 29186.14, 29207.5, 29218.25]",,,,
2026-09-02:ASIA:8d5c8af5_8ef641a7-815c-4bb5-9798-b070b67d7998_deepseek_1781246265,14,ASIA,2026-09-02,active,S3,reject,short,C,False,,,,"[29098.88, 29017.25]",,,,
2026-09-02:ASIA:8d5c8af5_8ef641a7-815c-4bb5-9798-b070b67d7998_deepseek_1781246265,14,ASIA,2026-09-02,active,S4,reject,short,B,True,29255,29275.25,29214.5,"[29235, 29228.75, 29218.25, 29212.5, 29207.5]",True,,,
2026-09-02:ASIA:8d5c8af5_8ef641a7-815c-4bb5-9798-b070b67d7998_deepseek_1781246265,15,ASIA,2026-09-02,dormant,S1,reject,short,C,False,,,,"[29075, 29017.25, 28927.25]",,,,
2026-09-02:ASIA:8d5c8af5_8ef641a7-815c-4bb5-9798-b070b67d7998_deepseek_1781246265,15,ASIA,2026-09-02,dormant,S2,reject,short,C,False,,,,"[29017.25, 28927.25]",,,,
2026-09-02:LONDON:8d5c8af5_8ef641a7-815c-4bb5-9798-b070b67d7998_deepseek_1781246265,1,LONDON,2026-09-02,no_trade,S0,hold,long,B,False,,,,,,,,
2026-09-02:LONDON:8d5c8af5_8ef641a7-815c-4bb5-9798-b070b67d7998_deepseek_1781246265,2,LONDON,2026-09-02,active,S1,sweep_reclaim,long,A,False,,,,"[29058.75, 29113.23, 29171.25]",,,,
2026-09-02:LONDON:8d5c8af5_8ef641a7-815c-4bb5-9798-b070b67d7998_deepseek_1781246265,2,LONDON,2026-09-02,active,S2,breakout_retest,long,B,False,,,,"[29209.25, 29246.25, 29317.25]",,,,
2026-09-02:LONDON:8d5c8af5_8ef641a7-815c-4bb5-9798-b070b67d7998_deepseek_1781246265,2,LONDON,2026-09-02,active,S3,reject,short,B,True,29317.25,29345.25,29246.25,"[29246.25, 29209.25, 29171.25]",True,,,
2026-09-02:LONDON:8d5c8af5_8ef641a7-815c-4bb5-9798-b070b67d7998_deepseek_1781246265,3,LONDON,2026-09-02,active,S1,hold,long,B,False,,,,"[29171.25, 29209.25, 29246.25]",,,,
2026-09-02:LONDON:8d5c8af5_8ef641a7-815c-4bb5-9798-b070b67d7998_deepseek_1781246265,3,LONDON,2026-09-02,active,S2,reclaim,long,B,False,,,,"[29117.48, 29171.25, 29209.25]",,,,
2026-09-02:LONDON:8d5c8af5_8ef641a7-815c-4bb5-9798-b070b67d7998_deepseek_1781246265,3,LONDON,2026-09-02,active,S3,breakout_retest,long,B,False,,,,"[29209.25, 29246.25, 29317.25]",,,,
2026-09-02:LONDON:8d5c8af5_8ef641a7-815c-4bb5-9798-b070b67d7998_deepseek_1781246265,3,LONDON,2026-09-02,active,S4,reject,short,B,True,29317.25,29350,29246.25,"[29246.25, 29171.25]",True,,,
2026-09-02:LONDON:8d5c8af5_8ef641a7-815c-4bb5-9798-b070b67d7998_deepseek_1781246265,3,LONDON,2026-09-02,active,S5,sweep_reclaim,long,A,False,,,,"[29058.75, 29117.48, 29171.25]",,,,
2026-09-02:LONDON:8d5c8af5_8ef641a7-815c-4bb5-9798-b070b67d7998_deepseek_1781246265,4,LONDON,2026-09-02,active,S1,reclaim,long,B,False,,,,"[29171.25, 29246.25]",,,,
2026-09-02:LONDON:8d5c8af5_8ef641a7-815c-4bb5-9798-b070b67d7998_deepseek_1781246265,4,LONDON,2026-09-02,active,S2,sweep_reclaim,long,B,False,,,,"[29066.56, 29171.25]",,,,
2026-09-02:LONDON:8d5c8af5_8ef641a7-815c-4bb5-9798-b070b67d7998_deepseek_1781246265,4,LONDON,2026-09-02,active,S3,reject,long,B,True,29001.75,28927.25,29171.25,"[29066.56, 29171.25]",True,,,
2026-09-02:LONDON:8d5c8af5_8ef641a7-815c-4bb5-9798-b070b67d7998_deepseek_1781246265,4,LONDON,2026-09-02,active,S4,breakout_retest,long,B,False,,,,"[29209.25, 29246.25, 29317.25]",,,,
2026-09-02:LONDON:8d5c8af5_8ef641a7-815c-4bb5-9798-b070b67d7998_deepseek_1781246265,4,LONDON,2026-09-02,active,S5,reject,short,C,False,,,,"[29246.25, 29171.25]",,,,
2026-09-02:LONDON:8d5c8af5_8ef641a7-815c-4bb5-9798-b070b67d7998_deepseek_1781246265,5,LONDON,2026-09-02,active,S1,reject,long,A,True,29014.19,28985.5,29171.25,"[29058.75, 29171.25]",True,,,
2026-09-02:LONDON:8d5c8af5_8ef641a7-815c-4bb5-9798-b070b67d7998_deepseek_1781246265,5,LONDON,2026-09-02,active,S2,sweep_reclaim,long,B,False,,,,"[29001.75, 29058.75, 29171.25]",,,,
2026-09-02:LONDON:8d5c8af5_8ef641a7-815c-4bb5-9798-b070b67d7998_deepseek_1781246265,5,LONDON,2026-09-02,active,S3,reject,short,B,False,,,,"[29171.25, 29058.75, 29014.19]",,,,
2026-09-02:LONDON:8d5c8af5_8ef641a7-815c-4bb5-9798-b070b67d7998_deepseek_1781246265,6,LONDON,2026-09-02,active,S1,reject,long,B,False,,,,"[29058.75, 29171.25]",,,,
2026-09-02:LONDON:8d5c8af5_8ef641a7-815c-4bb5-9798-b070b67d7998_deepseek_1781246265,6,LONDON,2026-09-02,active,S2,reject,long,B,True,29001.75,28975.75,29058.75,"[29058.75, 29171.25]",True,,,
2026-09-02:LONDON:8d5c8af5_8ef641a7-815c-4bb5-9798-b070b67d7998_deepseek_1781246265,6,LONDON,2026-09-02,active,S3,sweep_reclaim,long,B,False,,,,"[29001.75, 29058.75]",,,,
2026-09-02:LONDON:8d5c8af5_8ef641a7-815c-4bb5-9798-b070b67d7998_deepseek_1781246265,6,LONDON,2026-09-02,active,S4,breakout_retest,long,B,False,,,,"[29209.25, 29246.25]",,,,
2026-09-02:NY:8d5c8af5_8ef641a7-815c-4bb5-9798-b070b67d7998_deepseek_1781246265,1,NY,2026-09-02,dormant,S1,sweep_reclaim,long,B,False,,,,"[29058.75, 29171.25, 29209.25]",,,,
2026-09-02:NY:8d5c8af5_8ef641a7-815c-4bb5-9798-b070b67d7998_deepseek_1781246265,1,NY,2026-09-02,dormant,S2,reclaim,long,B,False,,,,"[29171.25, 29209.25]",,,,
2026-09-02:NY:8d5c8af5_8ef641a7-815c-4bb5-9798-b070b67d7998_deepseek_1781246265,1,NY,2026-09-02,dormant,S3,reject,long,C,False,,,,"[29058.75, 29171.25]",,,,
2026-09-02:NY:8d5c8af5_8ef641a7-815c-4bb5-9798-b070b67d7998_deepseek_1781246265,1,NY,2026-09-02,dormant,S4,reject,short,B,True,29317.25,29343,29246.25,"[29246.25, 29209.25, 29171.25]",True,,,
2026-09-02:NY:8d5c8af5_8ef641a7-815c-4bb5-9798-b070b67d7998_deepseek_1781246265,2,NY,2026-09-02,active,S1,sweep_reclaim,long,B,False,,,,"[29102, 29115.1, 29171.25]",,,,
2026-09-02:NY:8d5c8af5_8ef641a7-815c-4bb5-9798-b070b67d7998_deepseek_1781246265,2,NY,2026-09-02,active,S2,breakout_retest,long,B,False,,,,"[29171.25, 29209.25]",,,,
2026-09-02:NY:8d5c8af5_8ef641a7-815c-4bb5-9798-b070b67d7998_deepseek_1781246265,2,NY,2026-09-02,active,S3,reclaim,long,C,False,,,,"[29115.1, 29171.25]",,,,
2026-09-02:NY:8d5c8af5_8ef641a7-815c-4bb5-9798-b070b67d7998_deepseek_1781246265,3,NY,2026-09-02,active,S1,reclaim,long,B,False,,,,"[29171.25, 29209.25, 29246.25]",,,,
2026-09-02:NY:8d5c8af5_8ef641a7-815c-4bb5-9798-b070b67d7998_deepseek_1781246265,3,NY,2026-09-02,active,S2,sweep_reclaim,long,B,False,,,,"[29058.75, 29171.25, 29209.25]",,,,
2026-09-02:NY:8d5c8af5_8ef641a7-815c-4bb5-9798-b070b67d7998_deepseek_1781246265,3,NY,2026-09-02,active,S3,breakout_retest,long,B,False,,,,"[29209.25, 29246.25, 29317.25]",,,,
2026-09-02:NY:8d5c8af5_8ef641a7-815c-4bb5-9798-b070b67d7998_deepseek_1781246265,3,NY,2026-09-02,active,S4,reject,short,B,True,29317.25,29355,29209.25,"[29246.25, 29209.25, 29171.25]",True,,,
2026-09-02:NY:8d5c8af5_8ef641a7-815c-4bb5-9798-b070b67d7998_deepseek_1781246265,4,NY,2026-09-02,active,S1,reject,long,B,True,29135.65,29099,29209.25,"[29171.25, 29209.25]",True,,,
2026-09-02:NY:8d5c8af5_8ef641a7-815c-4bb5-9798-b070b67d7998_deepseek_1781246265,4,NY,2026-09-02,active,S2,reject,short,B,True,29317.25,29354,29209.25,"[29209.25, 29171.25]",True,,,
2026-09-02:NY:8d5c8af5_8ef641a7-815c-4bb5-9798-b070b67d7998_deepseek_1781246265,5,NY,2026-09-02,active,S1,reclaim,long,B,False,,,,"[29171.25, 29209.25, 29246.25]",,,,
2026-09-02:NY:8d5c8af5_8ef641a7-815c-4bb5-9798-b070b67d7998_deepseek_1781246265,5,NY,2026-09-02,active,S2,reject,long,C,True,29102,29060,29209.25,"[29143.97, 29171.25, 29209.25]",True,,,
2026-09-02:NY:8d5c8af5_8ef641a7-815c-4bb5-9798-b070b67d7998_deepseek_1781246265,5,NY,2026-09-02,active,S3,sweep_reclaim,long,B,True,29058.75,29020,29143.97,"[29143.97, 29171.25, 29209.25]",True,,,
2026-09-02:NY:8d5c8af5_8ef641a7-815c-4bb5-9798-b070b67d7998_deepseek_1781246265,5,NY,2026-09-02,active,S4,breakout_retest,long,C,False,,,,"[29209.25, 29246.25, 29317.25]",,,,
2026-09-02:NY:8d5c8af5_8ef641a7-815c-4bb5-9798-b070b67d7998_deepseek_1781246265,6,NY,2026-09-02,active,S1,reclaim,long,C,False,,,,"[29209.25, 29246.25]",,,,
2026-09-02:NY:8d5c8af5_8ef641a7-815c-4bb5-9798-b070b67d7998_deepseek_1781246265,6,NY,2026-09-02,active,S2,hold,long,A,False,,,,"[29171.25, 29209.25]",,,,
2026-09-02:NY:8d5c8af5_8ef641a7-815c-4bb5-9798-b070b67d7998_deepseek_1781246265,6,NY,2026-09-02,active,S3,breakout_retest,long,C,False,,,,"[29246.25, 29317.25]",,,,
2026-09-02:NY:8d5c8af5_8ef641a7-815c-4bb5-9798-b070b67d7998_deepseek_1781246265,6,NY,2026-09-02,active,S4,sweep_reclaim,long,B,False,,,,"[29058.75, 29153.35, 29171.25]",,,,
2026-09-02:NY:8d5c8af5_8ef641a7-815c-4bb5-9798-b070b67d7998_deepseek_1781246265,7,NY,2026-09-02,active,S1,sweep_reclaim,long,B,False,,,,"[29209.25, 29246.25, 29317.25]",,,,
2026-09-02:NY:8d5c8af5_8ef641a7-815c-4bb5-9798-b070b67d7998_deepseek_1781246265,7,NY,2026-09-02,active,S2,reclaim,long,B,False,,,,"[29209.25, 29246.25]",,,,
2026-09-02:NY:8d5c8af5_8ef641a7-815c-4bb5-9798-b070b67d7998_deepseek_1781246265,7,NY,2026-09-02,active,S3,breakout_retest,long,B,False,,,,"[29246.25, 29317.25]",,,,
2026-09-02:NY:8d5c8af5_8ef641a7-815c-4bb5-9798-b070b67d7998_deepseek_1781246265,7,NY,2026-09-02,active,S4,reject,short,B,True,29317.25,29348,29246.25,"[29246.25, 29209.25]",True,,,
2026-09-02:NY:8d5c8af5_8ef641a7-815c-4bb5-9798-b070b67d7998_deepseek_1781246265,8,NY,2026-09-02,active,S1,reclaim,long,B,False,,,,"[29209.25, 29246.25]",,,,
2026-09-02:NY:8d5c8af5_8ef641a7-815c-4bb5-9798-b070b67d7998_deepseek_1781246265,8,NY,2026-09-02,active,S2,reject,long,B,True,29058.75,29032,29161.16,"[29161.16, 29171.25]",True,,,
2026-09-02:NY:8d5c8af5_8ef641a7-815c-4bb5-9798-b070b67d7998_deepseek_1781246265,9,NY,2026-09-02,active,S1,sweep_reclaim,long,C,False,,,,"[29163.03, 29171.25, 29209.25]",,,,
2026-09-02:NY:8d5c8af5_8ef641a7-815c-4bb5-9798-b070b67d7998_deepseek_1781246265,9,NY,2026-09-02,active,S2,breakout_retest,long,C,False,,,,"[29209.25, 29246.25, 29317.25]",,,,
2026-09-02:NY:8d5c8af5_8ef641a7-815c-4bb5-9798-b070b67d7998_deepseek_1781246265,9,NY,2026-09-02,active,S3,reject,short,B,True,29317.25,29344.75,29246.25,"[29246.25, 29209.25, 29171.25]",True,,,
2026-09-02:NY:8d5c8af5_8ef641a7-815c-4bb5-9798-b070b67d7998_deepseek_1781246265,10,NY,2026-09-02,active,S1,reject,long,B,True,29163.99,29138.75,29246.25,"[29171.25, 29209.25, 29246.25]",True,,,
2026-09-02:NY:8d5c8af5_8ef641a7-815c-4bb5-9798-b070b67d7998_deepseek_1781246265,10,NY,2026-09-02,active,S2,sweep_reclaim,long,B,False,,,,"[29042.75, 29058.75, 29102]",,,,
2026-09-02:NY:8d5c8af5_8ef641a7-815c-4bb5-9798-b070b67d7998_deepseek_1781246265,10,NY,2026-09-02,active,S3,reject,short,B,True,29317.25,29342.5,29246.25,"[29246.25, 29209.25, 29171.25]",True,,,
2026-09-02:NY:8d5c8af5_8ef641a7-815c-4bb5-9798-b070b67d7998_deepseek_1781246265,10,NY,2026-09-02,active,S4,reject,short,B,True,29058.75,29086.75,28927.25,[28927.25],True,,,
2026-09-02:NY:8d5c8af5_8ef641a7-815c-4bb5-9798-b070b67d7998_deepseek_1781246265,11,NY,2026-09-02,active,S1,reclaim,long,B,False,,,,"[29171.25, 29209.25, 29246.25]",,,,
2026-09-02:NY:8d5c8af5_8ef641a7-815c-4bb5-9798-b070b67d7998_deepseek_1781246265,11,NY,2026-09-02,active,S2,reject,long,B,True,29001.75,28972.75,29102,"[29102, 29165.06, 29171.25]",True,,,
2026-09-02:NY:8d5c8af5_8ef641a7-815c-4bb5-9798-b070b67d7998_deepseek_1781246265,11,NY,2026-09-02,active,S3,sweep_reclaim,long,B,False,,,,"[29001.75, 29058.75, 29102]",,,,
2026-09-02:NY:8d5c8af5_8ef641a7-815c-4bb5-9798-b070b67d7998_deepseek_1781246265,11,NY,2026-09-02,active,S4,reject,short,B,True,29317.25,29345.25,29246.25,"[29246.25, 29209.25, 29165.06]",True,,,
2026-09-02:NY:8d5c8af5_8ef641a7-815c-4bb5-9798-b070b67d7998_deepseek_1781246265,12,NY,2026-09-02,active,S1,sweep_reclaim,long,B,False,,,,"[29058.75, 29108.47, 29154.38]",,,,
2026-09-02:NY:8d5c8af5_8ef641a7-815c-4bb5-9798-b070b67d7998_deepseek_1781246265,12,NY,2026-09-02,active,S2,reclaim,long,B,False,,,,"[29154.38, 29166.8, 29171.25]",,,,
2026-09-02:NY:8d5c8af5_8ef641a7-815c-4bb5-9798-b070b67d7998_deepseek_1781246265,12,NY,2026-09-02,active,S3,reject,short,B,True,29166.8,29199.5,29058.75,"[29108.47, 29058.75]",True,,,
2026-09-03:ASIA:8d5c8af5_8ef641a7-815c-4bb5-9798-b070b67d7998_deepseek_1781246265,1,ASIA,2026-09-03,active,S1,breakout_retest,long,B,False,,,,"[29539.38, 29619.5]",,,,
2026-09-03:ASIA:8d5c8af5_8ef641a7-815c-4bb5-9798-b070b67d7998_deepseek_1781246265,1,ASIA,2026-09-03,active,S2,reclaim,long,A,False,,,,"[29502.88, 29517.5, 29525.75]",,,,
2026-09-03:ASIA:8d5c8af5_8ef641a7-815c-4bb5-9798-b070b67d7998_deepseek_1781246265,1,ASIA,2026-09-03,active,S3,sweep_reclaim,short,B,False,,,,"[29502.88, 29460.16, 29362.15]",,,,
2026-09-03:ASIA:8d5c8af5_8ef641a7-815c-4bb5-9798-b070b67d7998_deepseek_1781246265,1,ASIA,2026-09-03,active,S4,reclaim,long,B,False,,,,"[29517.5, 29525.75]",,,,
2026-09-03:ASIA:8d5c8af5_8ef641a7-815c-4bb5-9798-b070b67d7998_deepseek_1781246265,2,ASIA,2026-09-03,dormant,S1,sweep_reclaim,long,B,False,,,,"[29502.88, 29513, 29545]",,,,
2026-09-03:ASIA:8d5c8af5_8ef641a7-815c-4bb5-9798-b070b67d7998_deepseek_1781246265,2,ASIA,2026-09-03,dormant,S2,sweep_reclaim,short,B,False,,,,"[29502.88, 29481.5, 29462.5]",,,,
2026-09-03:ASIA:8d5c8af5_8ef641a7-815c-4bb5-9798-b070b67d7998_deepseek_1781246265,2,ASIA,2026-09-03,dormant,S3,breakout_retest,long,B,False,,,,"[29539.38, 29545]",,,,
2026-09-03:ASIA:8d5c8af5_8ef641a7-815c-4bb5-9798-b070b67d7998_deepseek_1781246265,3,ASIA,2026-09-03,active,S1,reclaim,long,B,False,,,,"[29521.25, 29527.62, 29545]",,,,
2026-09-03:ASIA:8d5c8af5_8ef641a7-815c-4bb5-9798-b070b67d7998_deepseek_1781246265,3,ASIA,2026-09-03,active,S2,breakout_retest,long,B,False,,,,"[29527.62, 29539.38, 29545]",,,,
2026-09-03:ASIA:8d5c8af5_8ef641a7-815c-4bb5-9798-b070b67d7998_deepseek_1781246265,3,ASIA,2026-09-03,active,S3,sweep_reclaim,short,C,False,,,,"[29503.08, 29481.5]",,,,
2026-09-03:ASIA:8d5c8af5_8ef641a7-815c-4bb5-9798-b070b67d7998_deepseek_1781246265,4,ASIA,2026-09-03,active,S1,reject,short,B,True,29548,29558.5,29522.22,"[29522.22, 29516.75, 29509.18]",True,,,
2026-09-03:ASIA:8d5c8af5_8ef641a7-815c-4bb5-9798-b070b67d7998_deepseek_1781246265,4,ASIA,2026-09-03,active,S2,breakout_retest,long,B,False,,,,"[29574.38, 29585]",,,,
2026-09-03:ASIA:8d5c8af5_8ef641a7-815c-4bb5-9798-b070b67d7998_deepseek_1781246265,5,ASIA,2026-09-03,dormant,S1,sweep_reclaim,short,A,False,,,,"[29528.63, 29517.5, 29499.27]",,,,
2026-09-03:ASIA:8d5c8af5_8ef641a7-815c-4bb5-9798-b070b67d7998_deepseek_1781246265,5,ASIA,2026-09-03,dormant,S2,breakout_retest,long,B,False,,,,[29585],,,,
2026-09-03:ASIA:8d5c8af5_8ef641a7-815c-4bb5-9798-b070b67d7998_deepseek_1781246265,5,ASIA,2026-09-03,dormant,S3,reject,short,B,True,29585,29603,29548,"[29548, 29528.63]",True,,,
2026-09-03:ASIA:8d5c8af5_8ef641a7-815c-4bb5-9798-b070b67d7998_deepseek_1781246265,6,ASIA,2026-09-03,active,S1,breakout_retest,long,A,False,,,,"[29622.17, 29633.25, 29643.5]",,,,
2026-09-03:ASIA:8d5c8af5_8ef641a7-815c-4bb5-9798-b070b67d7998_deepseek_1781246265,6,ASIA,2026-09-03,active,S2,sweep_reclaim,long,B,False,,,,"[29509.09, 29541.12, 29585]",,,,
2026-09-03:ASIA:8d5c8af5_8ef641a7-815c-4bb5-9798-b070b67d7998_deepseek_1781246265,6,ASIA,2026-09-03,active,S3,reject,long,B,True,29585,29568,29622.17,"[29622.17, 29633.25, 29643.5]",True,,,
2026-09-03:ASIA:8d5c8af5_8ef641a7-815c-4bb5-9798-b070b67d7998_deepseek_1781246265,6,ASIA,2026-09-03,active,S4,sweep_reclaim,short,C,False,,,,"[29601, 29585, 29541.12, 29509.09]",,,,
2026-09-03:ASIA:8d5c8af5_8ef641a7-815c-4bb5-9798-b070b67d7998_deepseek_1781246265,7,ASIA,2026-09-03,dormant,S1,breakout_retest,long,A,False,,,,"[29652.12, 29848.75]",,,,
2026-09-03:ASIA:8d5c8af5_8ef641a7-815c-4bb5-9798-b070b67d7998_deepseek_1781246265,7,ASIA,2026-09-03,dormant,S2,reclaim,long,B,False,,,,"[29619.5, 29637.52, 29643.5]",,,,
2026-09-03:ASIA:8d5c8af5_8ef641a7-815c-4bb5-9798-b070b67d7998_deepseek_1781246265,7,ASIA,2026-09-03,dormant,S3,sweep_reclaim,short,B,False,,,,"[29619.5, 29601, 29591.5]",,,,
2026-09-03:LONDON:8d5c8af5_8ef641a7-815c-4bb5-9798-b070b67d7998_deepseek_1781246265,1,LONDON,2026-09-03,dormant,S1,reject,short,C,False,,,,"[29173.56, 29162.5, 29139.1]",,,,
2026-09-03:LONDON:8d5c8af5_8ef641a7-815c-4bb5-9798-b070b67d7998_deepseek_1781246265,1,LONDON,2026-09-03,dormant,S2,sweep_reclaim,long,C,False,,,,"[29139.1, 29162.5, 29173.56]",,,,
2026-09-03:LONDON:8d5c8af5_8ef641a7-815c-4bb5-9798-b070b67d7998_deepseek_1781246265,2,LONDON,2026-09-03,active,S1,reject,short,B,True,29219.97,29255,29144.5,"[29179.57, 29144.5]",True,,,
2026-09-03:LONDON:8d5c8af5_8ef641a7-815c-4bb5-9798-b070b67d7998_deepseek_1781246265,2,LONDON,2026-09-03,active,S2,sweep_reclaim,short,C,False,,,,"[29255, 29219.97]",,,,
2026-09-03:LONDON:8d5c8af5_8ef641a7-815c-4bb5-9798-b070b67d7998_deepseek_1781246265,2,LONDON,2026-09-03,active,S3,sweep_reclaim,long,C,False,,,,"[29144.5, 29179.57]",,,,
2026-09-03:NY:8d5c8af5_8ef641a7-815c-4bb5-9798-b070b67d7998_deepseek_1781246265,1,NY,2026-09-03,dormant,S1,reject,short,B,True,29259.67,29289,29178.73,"[29219.2, 29209.25, 29178.73]",True,,,
2026-09-03:NY:8d5c8af5_8ef641a7-815c-4bb5-9798-b070b67d7998_deepseek_1781246265,1,NY,2026-09-03,dormant,S2,breakout_retest,long,C,False,,,,[29293],,,,
2026-09-03:NY:8d5c8af5_8ef641a7-815c-4bb5-9798-b070b67d7998_deepseek_1781246265,1,NY,2026-09-03,dormant,S3,sweep_reclaim,short,A,False,,,,"[29259.67, 29219.2, 29178.73]",,,,
2026-09-03:NY:8d5c8af5_8ef641a7-815c-4bb5-9798-b070b67d7998_deepseek_1781246265,2,NY,2026-09-03,active,S1,reject,short,B,True,29285,29340,29144.5,"[29233.08, 29222.75, 29144.5]",True,,,
2026-09-03:NY:8d5c8af5_8ef641a7-815c-4bb5-9798-b070b67d7998_deepseek_1781246265,2,NY,2026-09-03,active,S2,reject,long,B,False,,,,"[29209.25, 29233.08, 29255]",,,,
2026-09-03:NY:8d5c8af5_8ef641a7-815c-4bb5-9798-b070b67d7998_deepseek_1781246265,2,NY,2026-09-03,active,S3,sweep_reclaim,short,A,False,,,,"[29255, 29233.08, 29144.5]",,,,
2026-09-03:NY:8d5c8af5_8ef641a7-815c-4bb5-9798-b070b67d7998_deepseek_1781246265,3,NY,2026-09-03,active,S1,reclaim,long,C,False,,,,"[29293, 29351.05]",,,,
2026-09-03:NY:8d5c8af5_8ef641a7-815c-4bb5-9798-b070b67d7998_deepseek_1781246265,3,NY,2026-09-03,active,S2,reject,short,A,True,29351.05,29418.75,29209.25,"[29285, 29255, 29222.75, 29209.25]",True,,,
2026-09-03:NY:8d5c8af5_8ef641a7-815c-4bb5-9798-b070b67d7998_deepseek_1781246265,3,NY,2026-09-03,active,S3,reject,short,C,False,,,,"[29222.75, 29217.09, 29209.25]",,,,
2026-09-03:NY:8d5c8af5_8ef641a7-815c-4bb5-9798-b070b67d7998_deepseek_1781246265,3,NY,2026-09-03,active,S4,sweep_reclaim,long,B,False,,,,"[29150.11, 29217.09, 29255]",,,,
2026-09-03:NY:8d5c8af5_8ef641a7-815c-4bb5-9798-b070b67d7998_deepseek_1781246265,4,NY,2026-09-03,active,S1,breakout_retest,long,A,False,,,,"[29303.68, 29346.88, 29375.25]",,,,
2026-09-03:NY:8d5c8af5_8ef641a7-815c-4bb5-9798-b070b67d7998_deepseek_1781246265,4,NY,2026-09-03,active,S2,breakout_retest,long,A,False,,,,"[29346.88, 29375.25]",,,,
2026-09-03:NY:8d5c8af5_8ef641a7-815c-4bb5-9798-b070b67d7998_deepseek_1781246265,4,NY,2026-09-03,active,S3,reclaim,long,B,False,,,,"[29260, 29303.68, 29346.88]",,,,
2026-09-03:NY:8d5c8af5_8ef641a7-815c-4bb5-9798-b070b67d7998_deepseek_1781246265,5,NY,2026-09-03,active,S1,reclaim,long,B,False,,,,"[29445.5, 29455]",,,,
2026-09-03:NY:8d5c8af5_8ef641a7-815c-4bb5-9798-b070b67d7998_deepseek_1781246265,5,NY,2026-09-03,active,S2,reject,short,B,False,,,,"[29406.28, 29364.75, 29326.74]",,,,
2026-09-03:NY:8d5c8af5_8ef641a7-815c-4bb5-9798-b070b67d7998_deepseek_1781246265,6,NY,2026-09-03,active,S1,reclaim,long,B,False,,,,"[29526.5, 29543.75, 29619.5]",,,,
2026-09-03:NY:8d5c8af5_8ef641a7-815c-4bb5-9798-b070b67d7998_deepseek_1781246265,6,NY,2026-09-03,active,S2,reject,long,A,True,29481.05,29414,29619.5,"[29543.75, 29619.5]",True,,,
2026-09-03:NY:8d5c8af5_8ef641a7-815c-4bb5-9798-b070b67d7998_deepseek_1781246265,6,NY,2026-09-03,active,S3,reject,short,B,True,29543.75,29610.25,29364.75,"[29502.88, 29481.05, 29364.75]",True,,,
2026-09-03:NY:8d5c8af5_8ef641a7-815c-4bb5-9798-b070b67d7998_deepseek_1781246265,7,NY,2026-09-03,dormant,S1,breakout_retest,long,A,False,,,,"[29567, 29619.5]",,,,
2026-09-03:NY:8d5c8af5_8ef641a7-815c-4bb5-9798-b070b67d7998_deepseek_1781246265,7,NY,2026-09-03,dormant,S2,reclaim,long,B,False,,,,"[29529.5, 29543.75, 29567]",,,,
2026-09-03:NY:8d5c8af5_8ef641a7-815c-4bb5-9798-b070b67d7998_deepseek_1781246265,7,NY,2026-09-03,dormant,S3,reject,short,B,True,29543.75,29592.5,29397.11,"[29512.29, 29502.25, 29397.11]",True,,,
2026-09-04:LONDON:8d5c8af5_8ef641a7-815c-4bb5-9798-b070b67d7998_deepseek_1781246265,1,LONDON,2026-09-04,active,S1,reclaim,long,A,False,,,,"[29619.5, 29639.5, 29644.25]",,,,
2026-09-04:LONDON:8d5c8af5_8ef641a7-815c-4bb5-9798-b070b67d7998_deepseek_1781246265,1,LONDON,2026-09-04,active,S2,reject,long,B,True,29579.5,29558.34,29639.5,"[29597.25, 29619.5, 29639.5]",True,,,
2026-09-04:LONDON:8d5c8af5_8ef641a7-815c-4bb5-9798-b070b67d7998_deepseek_1781246265,1,LONDON,2026-09-04,active,S3,sweep_reclaim,short,B,False,,,,"[29619.5, 29601, 29579.5]",,,,
2026-09-04:LONDON:8d5c8af5_8ef641a7-815c-4bb5-9798-b070b67d7998_deepseek_1781246265,1,LONDON,2026-09-04,active,S4,reclaim,long,B,False,,,,"[29639.5, 29644.25]",,,,
2026-09-04:LONDON:8d5c8af5_8ef641a7-815c-4bb5-9798-b070b67d7998_deepseek_1781246265,2,LONDON,2026-09-04,active,S1,reject,short,B,True,29649.59,29670.69,29597.25,"[29597.25, 29561.43]",True,,,
2026-09-04:LONDON:8d5c8af5_8ef641a7-815c-4bb5-9798-b070b67d7998_deepseek_1781246265,2,LONDON,2026-09-04,active,S2,acceptance,short,C,False,,,,"[29517.35, 29490.88]",,,,
2026-09-04:LONDON:8d5c8af5_8ef641a7-815c-4bb5-9798-b070b67d7998_deepseek_1781246265,3,LONDON,2026-09-04,active,S1,sweep_reclaim,short,B,False,,,,"[29585, 29538.84, 29481.5]",,,,
2026-09-04:LONDON:8d5c8af5_8ef641a7-815c-4bb5-9798-b070b67d7998_deepseek_1781246265,3,LONDON,2026-09-04,active,S2,reject,short,B,False,,,,[29278],,,,
2026-09-04:LONDON:8d5c8af5_8ef641a7-815c-4bb5-9798-b070b67d7998_deepseek_1781246265,3,LONDON,2026-09-04,active,S3,sweep_reclaim,long,C,False,,,,"[29481.5, 29538.84]",,,,
2026-09-04:NY:8d5c8af5_8ef641a7-815c-4bb5-9798-b070b67d7998_deepseek_1781246265,1,NY,2026-09-04,no_trade,S0,hold,long,B,False,,,,,,,,
2026-09-04:NY:8d5c8af5_8ef641a7-815c-4bb5-9798-b070b67d7998_deepseek_1781246265,2,NY,2026-09-04,active,S1,sweep_reclaim,long,A,True,29611.25,29481.5,29720,[29720],True,,,
2026-09-04:NY:8d5c8af5_8ef641a7-815c-4bb5-9798-b070b67d7998_deepseek_1781246265,2,NY,2026-09-04,active,S2,sweep_reclaim,short,B,True,29720,29770,29601,"[29611.25, 29601]",True,,,
2026-09-04:NY:8d5c8af5_8ef641a7-815c-4bb5-9798-b070b67d7998_deepseek_1781246265,3,NY,2026-09-04,active,S1,reject,short,B,True,29657.38,29720,29503.38,"[29591.02, 29553.75, 29503.38, 29481.5]",True,,,
2026-09-04:NY:8d5c8af5_8ef641a7-815c-4bb5-9798-b070b67d7998_deepseek_1781246265,3,NY,2026-09-04,active,S2,reclaim,short,C,True,29591.02,29645.25,29481.5,"[29553.75, 29503.38, 29481.5]",True,,,
2026-09-04:NY:8d5c8af5_8ef641a7-815c-4bb5-9798-b070b67d7998_deepseek_1781246265,4,NY,2026-09-04,active,S1,reject,short,B,True,29585,29636,29481.5,"[29481.5, 29199.25]",True,,,
2026-09-04:NY:8d5c8af5_8ef641a7-815c-4bb5-9798-b070b67d7998_deepseek_1781246265,4,NY,2026-09-04,active,S2,sweep_reclaim,short,B,True,29720,29770,29585,"[29585, 29481.5]",True,,,
2026-09-04:NY:8d5c8af5_8ef641a7-815c-4bb5-9798-b070b67d7998_deepseek_1781246265,4,NY,2026-09-04,active,S3,reject,long,B,False,,,,"[29199.25, 29481.5]",,,,
2026-09-04:NY:8d5c8af5_8ef641a7-815c-4bb5-9798-b070b67d7998_deepseek_1781246265,5,NY,2026-09-04,active,S1,sweep_reclaim,short,B,True,29720,29765,29553.75,"[29601, 29553.75, 29481.5]",True,,,
2026-09-04:NY:8d5c8af5_8ef641a7-815c-4bb5-9798-b070b67d7998_deepseek_1781246265,5,NY,2026-09-04,active,S2,breakout_retest,short,C,False,,,,"[29481.5, 29425.12]",,,,
2026-09-04:NY:8d5c8af5_8ef641a7-815c-4bb5-9798-b070b67d7998_deepseek_1781246265,6,NY,2026-09-04,active,S1,reject,short,B,True,29579.56,29614.5,29503.38,"[29553.75, 29503.38, 29481.5]",True,,,
2026-09-04:NY:8d5c8af5_8ef641a7-815c-4bb5-9798-b070b67d7998_deepseek_1781246265,6,NY,2026-09-04,active,S2,sweep_reclaim,short,B,True,29720,29755,29635,"[29635, 29579.56, 29553.75]",True,,,
2026-09-04:NY:8d5c8af5_8ef641a7-815c-4bb5-9798-b070b67d7998_deepseek_1781246265,6,NY,2026-09-04,active,S3,sweep_reclaim,long,C,False,,,,"[29425.12, 29503.38]",,,,
