path	import_path	alias
agent/active_session.go	encoding/json	
agent/active_session.go	fmt	
agent/active_session.go	strings	
agent/active_session.go	time	
agent/agent.go	context	
agent/agent.go	encoding/json	
agent/agent.go	fmt	
agent/agent.go	log/slog	
agent/agent.go	net/http	
agent/agent.go	vl/branding	
agent/agent.go	vl/kernel	
agent/agent.go	os	
agent/agent.go	sort	
agent/agent.go	strconv	
agent/agent.go	strings	
agent/agent.go	sync	
agent/agent.go	time	
agent/agent.go	github.com/ethereum/go-ethereum/crypto	gethcrypto
agent/agent.go	vl/manager	
agent/agent.go	vl/market	
agent/agent.go	vl/mcp	
agent/agent.go	vl/store	
agent/agent.go	vl/wallet	
agent/agent_model_name_test.go	log/slog	
agent/agent_model_name_test.go	path/filepath	
agent/agent_model_name_test.go	strings	
agent/agent_model_name_test.go	testing	
agent/agent_model_name_test.go	vl/mcp	
agent/agent_model_name_test.go	vl/store	
agent/agent_model_selection_test.go	log/slog	
agent/agent_model_selection_test.go	path/filepath	
agent/agent_model_selection_test.go	testing	
agent/agent_model_selection_test.go	vl/store	
agent/ai_service_failure_test.go	errors	
agent/ai_service_failure_test.go	log/slog	
agent/ai_service_failure_test.go	strings	
agent/ai_service_failure_test.go	testing	
agent/atomic_skill_executor.go	strings	
agent/backend_logs_test.go	encoding/json	
agent/backend_logs_test.go	os	
agent/backend_logs_test.go	path/filepath	
agent/backend_logs_test.go	strings	
agent/backend_logs_test.go	testing	
agent/backend_logs_test.go	vl/store	
agent/brain.go	encoding/json	
agent/brain.go	fmt	
agent/brain.go	log/slog	
agent/brain.go	net/http	
agent/brain.go	vl/kernel	
agent/brain.go	vl/safe	
agent/brain.go	strings	
agent/brain.go	sync	
agent/brain.go	time	
agent/brand_visible_test.go	encoding/json	
agent/brand_visible_test.go	fmt	
agent/brand_visible_test.go	strings	
agent/brand_visible_test.go	testing	
agent/central_brain.go	context	
agent/central_brain.go	encoding/json	
agent/central_brain.go	fmt	
agent/central_brain.go	strings	
agent/central_brain.go	vl/mcp	
agent/central_brain.go	vl/store	
agent/clear_memory_test.go	context	
agent/clear_memory_test.go	log/slog	
agent/clear_memory_test.go	path/filepath	
agent/clear_memory_test.go	strings	
agent/clear_memory_test.go	testing	
agent/clear_memory_test.go	vl/store	
agent/config_tools_test.go	encoding/json	
agent/config_tools_test.go	path/filepath	
agent/config_tools_test.go	strings	
agent/config_tools_test.go	testing	
agent/config_tools_test.go	vl/store	
agent/config_validation.go	encoding/json	
agent/config_validation.go	fmt	
agent/config_validation.go	regexp	
agent/config_validation.go	strings	
agent/config_validation.go	vl/security	
agent/config_validation.go	vl/store	
agent/config_visibility_test.go	encoding/json	
agent/config_visibility_test.go	log/slog	
agent/config_visibility_test.go	path/filepath	
agent/config_visibility_test.go	strings	
agent/config_visibility_test.go	testing	
agent/config_visibility_test.go	vl/store	
agent/execution_state.go	encoding/json	
agent/execution_state.go	fmt	
agent/execution_state.go	strings	
agent/execution_state.go	time	
agent/execution_state.go	github.com/google/uuid	
agent/history.go	strings	
agent/history.go	sync	
agent/history.go	time	
agent/i18n.go	vl/branding	
agent/llm_flow_extractor.go	encoding/json	
agent/llm_flow_extractor.go	fmt	
agent/llm_flow_extractor.go	sort	
agent/llm_flow_extractor.go	strings	
agent/llm_flow_extractor_test.go	strings	
agent/llm_flow_extractor_test.go	testing	
agent/llm_skill_router.go	context	
agent/llm_skill_router.go	encoding/json	
agent/llm_skill_router.go	fmt	
agent/llm_skill_router.go	strings	
agent/llm_skill_router.go	vl/mcp	
agent/market_snapshot_test.go	encoding/json	
agent/market_snapshot_test.go	io	
agent/market_snapshot_test.go	net/http	
agent/market_snapshot_test.go	strings	
agent/market_snapshot_test.go	testing	
agent/memory.go	context	
agent/memory.go	encoding/json	
agent/memory.go	fmt	
agent/memory.go	os	
agent/memory.go	strconv	
agent/memory.go	strings	
agent/memory.go	time	
agent/memory.go	vl/mcp	
agent/memory_test.go	context	
agent/memory_test.go	log/slog	
agent/memory_test.go	path/filepath	
agent/memory_test.go	strings	
agent/memory_test.go	testing	
agent/memory_test.go	time	
agent/memory_test.go	vl/mcp	
agent/memory_test.go	vl/store	
agent/model_create_flow_test.go	log/slog	
agent/model_create_flow_test.go	path/filepath	
agent/model_create_flow_test.go	strings	
agent/model_create_flow_test.go	testing	
agent/model_create_flow_test.go	vl/store	
agent/model_provider_catalog.go	fmt	
agent/model_provider_catalog.go	strings	
agent/model_provider_catalog_test.go	strings	
agent/model_provider_catalog_test.go	testing	
agent/model_wallet_fastpath.go	fmt	
agent/model_wallet_fastpath.go	strconv	
agent/model_wallet_fastpath.go	strings	
agent/onboard.go	fmt	
agent/onboard.go	vl/branding	
agent/onboard.go	strings	
agent/onboard.go	time	
agent/onboard.go	golang.org/x/text/cases	
agent/onboard.go	golang.org/x/text/language	
agent/onboard.go	vl/store	
agent/onboard_test.go	testing	
agent/planner_runtime.go	context	
agent/planner_runtime.go	encoding/json	
agent/planner_runtime.go	errors	
agent/planner_runtime.go	fmt	
agent/planner_runtime.go	vl/branding	
agent/planner_runtime.go	sort	
agent/planner_runtime.go	strings	
agent/planner_runtime.go	time	
agent/planner_runtime.go	vl/mcp	
agent/planner_runtime.go	vl/store	
agent/planner_runtime_state_test.go	context	
agent/planner_runtime_state_test.go	encoding/json	
agent/planner_runtime_state_test.go	errors	
agent/planner_runtime_state_test.go	log/slog	
agent/planner_runtime_state_test.go	strings	
agent/planner_runtime_state_test.go	testing	
agent/planner_runtime_state_test.go	time	
agent/planner_runtime_state_test.go	vl/mcp	
agent/planner_tools_test.go	encoding/json	
agent/planner_tools_test.go	testing	
agent/planner_tools_test.go	vl/mcp	
agent/pnl_truth_tool_test.go	encoding/json	
agent/pnl_truth_tool_test.go	testing	
agent/pnl_truth_tool_test.go	vl/store	
agent/preferences.go	encoding/json	
agent/preferences.go	fmt	
agent/preferences.go	hash/fnv	
agent/preferences.go	strings	
agent/preferences.go	time	
agent/preferences_test.go	strings	
agent/preferences_test.go	testing	
agent/prompt_context.go	fmt	
agent/prompt_context.go	strings	
agent/prompt_persona.go	vl/branding	
agent/prompt_persona.go	strings	
agent/reference_memory.go	encoding/json	
agent/reference_memory.go	fmt	
agent/reference_memory.go	strings	
agent/reference_memory.go	time	
agent/scheduler.go	context	
agent/scheduler.go	fmt	
agent/scheduler.go	log/slog	
agent/scheduler.go	vl/branding	
agent/scheduler.go	vl/safe	
agent/scheduler.go	strings	
agent/scheduler.go	sync	
agent/scheduler.go	time	
agent/sentinel.go	encoding/json	
agent/sentinel.go	fmt	
agent/sentinel.go	log/slog	
agent/sentinel.go	math	
agent/sentinel.go	net/http	
agent/sentinel.go	vl/kernel	
agent/sentinel.go	vl/safe	
agent/sentinel.go	strconv	
agent/sentinel.go	strings	
agent/sentinel.go	sync	
agent/sentinel.go	time	
agent/skill_catalog_test.go	log/slog	
agent/skill_catalog_test.go	strings	
agent/skill_catalog_test.go	testing	
agent/skill_dag.go	strings	
agent/skill_dag_runtime_test.go	testing	
agent/skill_dag_test.go	testing	
agent/skill_dispatcher.go	context	
agent/skill_dispatcher.go	encoding/json	
agent/skill_dispatcher.go	fmt	
agent/skill_dispatcher.go	strings	
agent/skill_dispatcher.go	time	
agent/skill_dispatcher.go	vl/store	
agent/skill_dispatcher_test.go	context	
agent/skill_dispatcher_test.go	encoding/json	
agent/skill_dispatcher_test.go	errors	
agent/skill_dispatcher_test.go	strings	
agent/skill_dispatcher_test.go	testing	
agent/skill_dispatcher_test.go	time	
agent/skill_dispatcher_test.go	vl/mcp	
agent/skill_domain_context.go	vl/branding	
agent/skill_domain_context.go	strings	
agent/skill_execution_handlers.go	context	
agent/skill_execution_handlers.go	encoding/json	
agent/skill_execution_handlers.go	fmt	
agent/skill_execution_handlers.go	regexp	
agent/skill_execution_handlers.go	strconv	
agent/skill_execution_handlers.go	strings	
agent/skill_execution_handlers.go	time	
agent/skill_execution_handlers.go	vl/mcp	
agent/skill_execution_handlers.go	vl/store	
agent/skill_management_handlers.go	encoding/json	
agent/skill_management_handlers.go	fmt	
agent/skill_management_handlers.go	regexp	
agent/skill_management_handlers.go	sort	
agent/skill_management_handlers.go	strconv	
agent/skill_management_handlers.go	strings	
agent/skill_management_handlers.go	vl/store	
agent/skill_outcome.go	context	
agent/skill_outcome.go	encoding/json	
agent/skill_outcome.go	fmt	
agent/skill_outcome.go	strings	
agent/skill_outcome.go	vl/mcp	
agent/skill_registry.go	embed	
agent/skill_registry.go	encoding/json	
agent/skill_registry.go	fmt	
agent/skill_registry.go	sort	
agent/skill_registry.go	strings	
agent/skill_registry.go	sync	
agent/skill_registry_test.go	testing	
agent/skill_runner.go	fmt	
agent/skill_runner.go	strings	
agent/skill_semantic_gate.go	encoding/json	
agent/skill_semantic_gate.go	strings	
agent/skill_semantic_gate.go	vl/store	
agent/stock.go	fmt	
agent/stock.go	io	
agent/stock.go	net/http	
agent/stock.go	net/url	
agent/stock.go	vl/safe	
agent/stock.go	strconv	
agent/stock.go	strings	
agent/stock.go	time	
agent/stock.go	golang.org/x/text/encoding/simplifiedchinese	
agent/stock.go	golang.org/x/text/transform	
agent/strategy_draft.go	strings	
agent/stream_text.go	strings	
agent/tools.go	bufio	
agent/tools.go	context	
agent/tools.go	encoding/json	
agent/tools.go	fmt	
agent/tools.go	net/http	
agent/tools.go	os	
agent/tools.go	path/filepath	
agent/tools.go	sort	
agent/tools.go	strconv	
agent/tools.go	strings	
agent/tools.go	time	
agent/tools.go	vl/kernel	
agent/tools.go	vl/logger	
agent/tools.go	vl/mcp	
agent/tools.go	vl/safe	
agent/tools.go	vl/security	
agent/tools.go	vl/store	
agent/tools.go	vl/trader	
agent/tools.go	vl/trader/aster	
agent/tools.go	vl/trader/binance	
agent/tools.go	vl/trader/bitget	
agent/tools.go	vl/trader/bybit	
agent/tools.go	vl/trader/gate	
agent/tools.go	vl/trader/hyperliquid	hyperliquidtrader
agent/tools.go	vl/trader/indodax	
agent/tools.go	vl/trader/kucoin	
agent/tools.go	vl/trader/lighter	
agent/tools.go	vl/trader/ninjatrader	ntTrader
agent/tools.go	vl/trader/okx	
agent/tools_test.go	testing	
agent/trade.go	context	
agent/trade.go	encoding/json	
agent/trade.go	fmt	
agent/trade.go	log/slog	
agent/trade.go	math	
agent/trade.go	vl/store	
agent/trade.go	strings	
agent/trade.go	sync	
agent/trade.go	time	
agent/trader_scope_test.go	context	
agent/trader_scope_test.go	encoding/json	
agent/trader_scope_test.go	log/slog	
agent/trader_scope_test.go	path/filepath	
agent/trader_scope_test.go	strings	
agent/trader_scope_test.go	testing	
agent/trader_scope_test.go	time	
agent/trader_scope_test.go	vl/mcp	
agent/trader_scope_test.go	vl/store	
agent/unified_turn_router_test.go	context	
agent/unified_turn_router_test.go	path/filepath	
agent/unified_turn_router_test.go	strings	
agent/unified_turn_router_test.go	testing	
agent/unified_turn_router_test.go	vl/store	
agent/user_facing_prompt_test.go	testing	
agent/web.go	context	
agent/web.go	encoding/json	
agent/web.go	errors	
agent/web.go	fmt	
agent/web.go	io	
agent/web.go	log/slog	
agent/web.go	net/http	
agent/web.go	vl/safe	
agent/web.go	regexp	
agent/web.go	time	
agent/workflow.go	context	
agent/workflow.go	encoding/json	
agent/workflow.go	fmt	
agent/workflow.go	strings	
agent/workflow.go	time	
agent/workflow.go	vl/mcp	
agent/workflow_test.go	testing	
api/agent_preferences.go	encoding/json	
api/agent_preferences.go	net/http	
api/agent_preferences.go	strings	
api/agent_preferences.go	vl/agent	
api/agent_preferences.go	github.com/gin-gonic/gin	
api/agent_routes.go	vl/agent	
api/agent_routes.go	github.com/gin-gonic/gin	
api/ask_context_test.go	path/filepath	
api/ask_context_test.go	strings	
api/ask_context_test.go	testing	
api/ask_context_test.go	time	
api/ask_context_test.go	vl/store	
api/class35_replans_left_test.go	path/filepath	
api/class35_replans_left_test.go	testing	
api/class35_replans_left_test.go	vl/store	
api/config_resolved.go	net/http	
api/config_resolved.go	strconv	
api/config_resolved.go	strings	
api/config_resolved.go	vl/store	
api/config_resolved.go	github.com/gin-gonic/gin	
api/config_resolved_test.go	encoding/json	
api/config_resolved_test.go	net/http	
api/config_resolved_test.go	net/http/httptest	
api/config_resolved_test.go	os	
api/config_resolved_test.go	strings	
api/config_resolved_test.go	testing	
api/config_resolved_test.go	vl/store	
api/config_resolved_test.go	github.com/gin-gonic/gin	
api/crypto_handler.go	log	
api/crypto_handler.go	net/http	
api/crypto_handler.go	vl/config	
api/crypto_handler.go	vl/crypto	
api/crypto_handler.go	github.com/gin-gonic/gin	
api/errors.go	net/http	
api/errors.go	strings	
api/errors.go	github.com/gin-gonic/gin	
api/errors.go	vl/logger	
api/exchange_account_state.go	fmt	
api/exchange_account_state.go	net/http	
api/exchange_account_state.go	strconv	
api/exchange_account_state.go	strings	
api/exchange_account_state.go	sync	
api/exchange_account_state.go	time	
api/exchange_account_state.go	vl/logger	
api/exchange_account_state.go	vl/store	
api/exchange_account_state.go	vl/trader	
api/exchange_account_state.go	vl/trader/aster	
api/exchange_account_state.go	vl/trader/binance	
api/exchange_account_state.go	vl/trader/bitget	
api/exchange_account_state.go	vl/trader/bybit	
api/exchange_account_state.go	vl/trader/gate	
api/exchange_account_state.go	vl/trader/hyperliquid	hyperliquidtrader
api/exchange_account_state.go	vl/trader/indodax	
api/exchange_account_state.go	vl/trader/kucoin	
api/exchange_account_state.go	vl/trader/lighter	
api/exchange_account_state.go	vl/trader/ninjatrader	ntTrader
api/exchange_account_state.go	vl/trader/okx	
api/exchange_account_state.go	github.com/gin-gonic/gin	
api/handler_account.go	fmt	
api/handler_account.go	net/http	
api/handler_account.go	vl/config	
api/handler_account.go	vl/logger	
api/handler_account.go	vl/provider/ninjatrader	ntwire
api/handler_account.go	vl/trader	
api/handler_account.go	vl/trader/ninjatrader	ntTrader
api/handler_account.go	github.com/gin-gonic/gin	
api/handler_ai_cost.go	net/http	
api/handler_ai_cost.go	github.com/gin-gonic/gin	
api/handler_ai_model.go	encoding/json	
api/handler_ai_model.go	fmt	
api/handler_ai_model.go	net/http	
api/handler_ai_model.go	sort	
api/handler_ai_model.go	strings	
api/handler_ai_model.go	vl/config	
api/handler_ai_model.go	vl/crypto	
api/handler_ai_model.go	vl/logger	
api/handler_ai_model.go	vl/mcp	
api/handler_ai_model.go	vl/security	
api/handler_ai_model.go	vl/store	
api/handler_ai_model.go	vl/wallet	
api/handler_ai_model.go	github.com/gin-gonic/gin	
api/handler_armed_seam.go	strings	
api/handler_armed_seam.go	github.com/gin-gonic/gin	
api/handler_bar_truth.go	math	
api/handler_bar_truth.go	net/http	
api/handler_bar_truth.go	strings	
api/handler_bar_truth.go	time	
api/handler_bar_truth.go	github.com/gin-gonic/gin	
api/handler_bar_truth.go	vl/provider/ninjatrader	ntwire
api/handler_bar_truth.go	vl/store	
api/handler_bar_truth.go	vl/trader/ninjatrader	ntTrader
api/handler_bar_truth_test.go	os	
api/handler_bar_truth_test.go	strings	
api/handler_bar_truth_test.go	testing	
api/handler_bars_import.go	strings	
api/handler_bars_import.go	time	
api/handler_bars_import.go	github.com/gin-gonic/gin	
api/handler_bars_import.go	vl/trader	
api/handler_bars_sse.go	encoding/json	
api/handler_bars_sse.go	fmt	
api/handler_bars_sse.go	net/http	
api/handler_bars_sse.go	time	
api/handler_bars_sse.go	github.com/gin-gonic/gin	
api/handler_bars_sse.go	vl/trader/ninjatrader	ntTrader
api/handler_competition.go	vl/kernel	
api/handler_competition.go	fmt	
api/handler_competition.go	net/http	
api/handler_competition.go	strconv	
api/handler_competition.go	strings	
api/handler_competition.go	time	
api/handler_competition.go	vl/logger	
api/handler_competition.go	vl/store	
api/handler_competition.go	github.com/gin-gonic/gin	
api/handler_debug.go	net/http	
api/handler_debug.go	os	
api/handler_debug.go	strings	
api/handler_debug.go	github.com/gin-gonic/gin	
api/handler_debug.go	vl/config	
api/handler_debug.go	vl/trader/ninjatrader	ntTrader
api/handler_decisions.go	net/http	
api/handler_decisions.go	strconv	
api/handler_decisions.go	strings	
api/handler_decisions.go	time	
api/handler_decisions.go	github.com/gin-gonic/gin	
api/handler_desk.go	net/http	
api/handler_desk.go	strings	
api/handler_desk.go	time	
api/handler_desk.go	github.com/gin-gonic/gin	
api/handler_exchange.go	encoding/json	
api/handler_exchange.go	fmt	
api/handler_exchange.go	net/http	
api/handler_exchange.go	sort	
api/handler_exchange.go	strings	
api/handler_exchange.go	vl/config	
api/handler_exchange.go	vl/crypto	
api/handler_exchange.go	vl/logger	
api/handler_exchange.go	vl/store	
api/handler_exchange.go	github.com/gin-gonic/gin	
api/handler_exchange_test.go	encoding/json	
api/handler_exchange_test.go	testing	
api/handler_exchange_test.go	vl/crypto	
api/handler_exchange_test.go	vl/store	
api/handler_expectancy.go	net/http	
api/handler_expectancy.go	time	
api/handler_expectancy.go	vl/expectancy	
api/handler_expectancy.go	github.com/gin-gonic/gin	
api/handler_freeze.go	net/http	
api/handler_freeze.go	vl/discipline	
api/handler_freeze.go	vl/logger	
api/handler_freeze.go	github.com/gin-gonic/gin	
api/handler_gate_blocks.go	net/http	
api/handler_gate_blocks.go	time	
api/handler_gate_blocks.go	vl/telemetry	
api/handler_gate_blocks.go	github.com/gin-gonic/gin	
api/handler_klines.go	context	
api/handler_klines.go	fmt	
api/handler_klines.go	net/http	
api/handler_klines.go	strconv	
api/handler_klines.go	strings	
api/handler_klines.go	time	
api/handler_klines.go	vl/logger	
api/handler_klines.go	vl/market	
api/handler_klines.go	vl/provider/alpaca	
api/handler_klines.go	vl/provider/coinank/coinank_api	
api/handler_klines.go	vl/provider/coinank/coinank_enum	
api/handler_klines.go	vl/provider/hyperliquid	
api/handler_klines.go	vl/provider/twelvedata	
api/handler_klines.go	github.com/gin-gonic/gin	
api/handler_onboarding.go	bufio	
api/handler_onboarding.go	encoding/hex	
api/handler_onboarding.go	fmt	
api/handler_onboarding.go	net/http	
api/handler_onboarding.go	os	
api/handler_onboarding.go	path/filepath	
api/handler_onboarding.go	strings	
api/handler_onboarding.go	vl/logger	
api/handler_onboarding.go	vl/mcp/payment	
api/handler_onboarding.go	vl/wallet	
api/handler_onboarding.go	github.com/ethereum/go-ethereum/crypto	gethcrypto
api/handler_onboarding.go	github.com/gin-gonic/gin	
api/handler_order.go	net/http	
api/handler_order.go	strconv	
api/handler_order.go	vl/logger	
api/handler_order.go	vl/market	
api/handler_order.go	github.com/gin-gonic/gin	
api/handler_order.go	vl/kernel	
api/handler_order.go	time	
api/handler_plan.go	bytes	
api/handler_plan.go	encoding/json	
api/handler_plan.go	errors	
api/handler_plan.go	fmt	
api/handler_plan.go	io	
api/handler_plan.go	sort	
api/handler_plan.go	strconv	
api/handler_plan.go	strings	
api/handler_plan.go	sync	
api/handler_plan.go	time	
api/handler_plan.go	vl/kernel	
api/handler_plan.go	vl/logger	
api/handler_plan.go	vl/market	
api/handler_plan.go	vl/store	
api/handler_plan.go	vl/trader	
api/handler_plan.go	github.com/gin-gonic/gin	
api/handler_plan_ask_test.go	net/http	
api/handler_plan_ask_test.go	net/http/httptest	
api/handler_plan_ask_test.go	testing	
api/handler_plan_ask_test.go	github.com/gin-gonic/gin	
api/handler_plan_geometry.go	vl/logger	
api/handler_plan_idor_test.go	net/http	
api/handler_plan_idor_test.go	net/http/httptest	
api/handler_plan_idor_test.go	path/filepath	
api/handler_plan_idor_test.go	strings	
api/handler_plan_idor_test.go	testing	
api/handler_plan_idor_test.go	vl/store	
api/handler_plan_idor_test.go	github.com/gin-gonic/gin	
api/handler_plan_order_truth.go	fmt	
api/handler_plan_order_truth.go	math	
api/handler_plan_order_truth.go	sort	
api/handler_plan_order_truth.go	strings	
api/handler_plan_order_truth.go	time	
api/handler_plan_order_truth.go	vl/kernel	
api/handler_plan_order_truth.go	vl/provider/ninjatrader	nt
api/handler_plan_order_truth.go	vl/store	
api/handler_plan_order_truth.go	vl/trader	
api/handler_plan_order_truth_test.go	vl/kernel	
api/handler_plan_order_truth_test.go	vl/provider/ninjatrader	nt
api/handler_plan_order_truth_test.go	vl/store	
api/handler_plan_order_truth_test.go	vl/trader	
api/handler_plan_order_truth_test.go	path/filepath	
api/handler_plan_order_truth_test.go	testing	
api/handler_plan_order_truth_test.go	time	
api/handler_plan_overlay_test.go	net/http	
api/handler_plan_overlay_test.go	net/http/httptest	
api/handler_plan_overlay_test.go	strings	
api/handler_plan_overlay_test.go	testing	
api/handler_plan_overlay_test.go	vl/kernel	
api/handler_plan_overlay_test.go	github.com/gin-gonic/gin	
api/handler_plan_position_provenance.go	strings	
api/handler_plan_position_provenance.go	github.com/gin-gonic/gin	
api/handler_plan_session_test.go	testing	
api/handler_plan_session_test.go	vl/kernel	
api/handler_plan_session_test.go	vl/store	
api/handler_plan_test.go	net/http	
api/handler_plan_test.go	net/http/httptest	
api/handler_plan_test.go	strings	
api/handler_plan_test.go	testing	
api/handler_plan_test.go	github.com/gin-gonic/gin	
api/handler_risk.go	fmt	
api/handler_risk.go	net/http	
api/handler_risk.go	strings	
api/handler_risk.go	time	
api/handler_risk.go	vl/kernel	
api/handler_risk.go	vl/logger	
api/handler_risk.go	vl/provider/ninjatrader	
api/handler_risk.go	vl/trader/ninjatrader	ntTrader
api/handler_risk.go	github.com/gin-gonic/gin	
api/handler_risk_stream_cuts.go	github.com/gin-gonic/gin	
api/handler_risk_stream_cuts.go	vl/store	
api/handler_risk_test.go	encoding/json	
api/handler_risk_test.go	net/http	
api/handler_risk_test.go	net/http/httptest	
api/handler_risk_test.go	strings	
api/handler_risk_test.go	testing	
api/handler_risk_test.go	vl/discipline	
api/handler_risk_test.go	vl/kernel	
api/handler_risk_test.go	github.com/gin-gonic/gin	
api/handler_svp.go	net/http	
api/handler_svp.go	time	
api/handler_svp.go	vl/kernel	
api/handler_svp.go	vl/market	
api/handler_svp.go	github.com/gin-gonic/gin	
api/handler_svp_test.go	os	
api/handler_svp_test.go	regexp	
api/handler_svp_test.go	testing	
api/handler_svp_test.go	vl/kernel	
api/handler_telegram.go	net/http	
api/handler_telegram.go	github.com/gin-gonic/gin	
api/handler_trader.go	errors	
api/handler_trader.go	fmt	
api/handler_trader.go	net/http	
api/handler_trader.go	strings	
api/handler_trader.go	time	
api/handler_trader.go	vl/kernel	
api/handler_trader.go	vl/logger	
api/handler_trader.go	vl/store	
api/handler_trader.go	github.com/gin-gonic/gin	
api/handler_trader.go	gorm.io/gorm	
api/handler_trader_config.go	net/http	
api/handler_trader_config.go	vl/logger	
api/handler_trader_config.go	github.com/gin-gonic/gin	
api/handler_trader_status.go	fmt	
api/handler_trader_status.go	net/http	
api/handler_trader_status.go	strings	
api/handler_trader_status.go	time	
api/handler_trader_status.go	vl/logger	
api/handler_trader_status.go	vl/store	
api/handler_trader_status.go	vl/trader	
api/handler_trader_status.go	vl/trader/aster	
api/handler_trader_status.go	vl/trader/binance	
api/handler_trader_status.go	vl/trader/bitget	
api/handler_trader_status.go	vl/trader/bybit	
api/handler_trader_status.go	vl/trader/gate	
api/handler_trader_status.go	vl/trader/hyperliquid	hyperliquidtrader
api/handler_trader_status.go	vl/trader/kucoin	
api/handler_trader_status.go	vl/trader/lighter	
api/handler_trader_status.go	vl/trader/ninjatrader	ntTrader
api/handler_trader_status.go	vl/trader/okx	
api/handler_trader_status.go	github.com/gin-gonic/gin	
api/handler_trader_test.go	testing	
api/handler_trader_test.go	vl/store	
api/handler_user.go	fmt	
api/handler_user.go	net/http	
api/handler_user.go	os	
api/handler_user.go	strings	
api/handler_user.go	time	
api/handler_user.go	vl/auth	
api/handler_user.go	vl/logger	
api/handler_user.go	vl/store	
api/handler_user.go	github.com/gin-gonic/gin	
api/handler_user.go	github.com/google/uuid	
api/handler_user.go	gorm.io/gorm	
api/handler_wallet.go	encoding/hex	
api/handler_wallet.go	fmt	
api/handler_wallet.go	net/http	
api/handler_wallet.go	vl/wallet	
api/handler_wallet.go	strings	
api/handler_wallet.go	time	
api/handler_wallet.go	github.com/ethereum/go-ethereum/crypto	
api/handler_wallet.go	github.com/gin-gonic/gin	
api/plan_liveness_test.go	vl/store	
api/plan_liveness_test.go	path/filepath	
api/plan_liveness_test.go	testing	
api/plan_mode_put_test.go	encoding/json	
api/plan_mode_put_test.go	net/http	
api/plan_mode_put_test.go	net/http/httptest	
api/plan_mode_put_test.go	path/filepath	
api/plan_mode_put_test.go	strings	
api/plan_mode_put_test.go	testing	
api/plan_mode_put_test.go	vl/store	
api/plan_mode_put_test.go	github.com/gin-gonic/gin	
api/plan_versions_test.go	strings	
api/plan_versions_test.go	testing	
api/plan_versions_test.go	vl/kernel	
api/route_registry.go	fmt	
api/route_registry.go	strings	
api/route_registry.go	github.com/gin-gonic/gin	
api/sandbox.go	os	
api/sandbox.go	strings	
api/sandbox.go	time	
api/sandbox.go	vl/market	
api/security_p0_test.go	net/http	
api/security_p0_test.go	net/http/httptest	
api/security_p0_test.go	os	
api/security_p0_test.go	path/filepath	
api/security_p0_test.go	strings	
api/security_p0_test.go	testing	
api/security_p0_test.go	vl/config	
api/security_p0_test.go	vl/store	
api/security_p0_test.go	github.com/gin-gonic/gin	
api/security_p0_test.go	github.com/google/uuid	
api/server.go	context	
api/server.go	fmt	
api/server.go	net	
api/server.go	net/http	
api/server.go	vl/auth	
api/server.go	vl/crypto	
api/server.go	vl/kernel	
api/server.go	vl/logger	
api/server.go	vl/manager	
api/server.go	vl/store	
api/server.go	strconv	
api/server.go	strings	
api/server.go	time	
api/server.go	github.com/gin-gonic/gin	
api/server.go	github.com/prometheus/client_golang/prometheus/promhttp	
api/server_test.go	encoding/json	
api/server_test.go	testing	
api/server_test.go	vl/store	
api/strategy.go	encoding/json	
api/strategy.go	fmt	
api/strategy.go	net/http	
api/strategy.go	vl/kernel	
api/strategy.go	vl/logger	
api/strategy.go	vl/market	
api/strategy.go	vl/mcp	
api/strategy.go	vl/mcp/payment	_
api/strategy.go	vl/mcp/provider	_
api/strategy.go	vl/store	
api/strategy.go	time	
api/strategy.go	github.com/gin-gonic/gin	
api/strategy.go	github.com/google/uuid	
api/stream_ticket.go	crypto/rand	
api/stream_ticket.go	encoding/hex	
api/stream_ticket.go	net/http	
api/stream_ticket.go	sync	
api/stream_ticket.go	time	
api/stream_ticket.go	github.com/gin-gonic/gin	
api/traderid_test.go	fmt	
api/traderid_test.go	strings	
api/traderid_test.go	testing	
api/traderid_test.go	github.com/google/uuid	
api/ui_serving.go	net/http	
api/ui_serving.go	os	
api/ui_serving.go	path/filepath	
api/ui_serving.go	strings	
api/ui_serving.go	time	
api/ui_serving.go	github.com/gin-gonic/gin	
api/ui_serving_test.go	net/http	
api/ui_serving_test.go	net/http/httptest	
api/ui_serving_test.go	os	
api/ui_serving_test.go	path/filepath	
api/ui_serving_test.go	strings	
api/ui_serving_test.go	testing	
api/ui_serving_test.go	time	
api/ui_serving_test.go	github.com/gin-gonic/gin	
api/utils.go	strings	
api/utils_test.go	testing	
api/w13_realign_test.go	net/http	
api/w13_realign_test.go	net/http/httptest	
api/w13_realign_test.go	path/filepath	
api/w13_realign_test.go	strings	
api/w13_realign_test.go	testing	
api/w13_realign_test.go	time	
api/w13_realign_test.go	vl/kernel	
api/w13_realign_test.go	vl/store	
api/w13_realign_test.go	github.com/gin-gonic/gin	
auth/auth.go	fmt	
auth/auth.go	log	
auth/auth.go	sync	
auth/auth.go	time	
auth/auth.go	github.com/golang-jwt/jwt/v5	
auth/auth.go	golang.org/x/crypto/bcrypt	
branding/branding.go	embed	_
branding/branding_test.go	go/ast	
branding/branding_test.go	go/parser	
branding/branding_test.go	go/token	
branding/branding_test.go	os	
branding/branding_test.go	strings	
branding/branding_test.go	testing	
branding/scope_test.go	fmt	
branding/scope_test.go	go/parser	
branding/scope_test.go	go/token	
branding/scope_test.go	os	
branding/scope_test.go	os/exec	
branding/scope_test.go	path/filepath	
branding/scope_test.go	strconv	
branding/scope_test.go	strings	
branding/scope_test.go	testing	
calendar/calendar.go	encoding/json	
calendar/calendar.go	fmt	
calendar/calendar.go	io	
calendar/calendar.go	net/http	
calendar/calendar.go	sort	
calendar/calendar.go	strings	
calendar/calendar.go	time	
calendar/calendar_test.go	errors	
calendar/calendar_test.go	testing	
calendar/calendar_test.go	time	
cmd/arm-state-sql/main.go	flag	
cmd/arm-state-sql/main.go	fmt	
cmd/arm-state-sql/main.go	vl/store	
cmd/bars-export/main.go	encoding/csv	
cmd/bars-export/main.go	flag	
cmd/bars-export/main.go	fmt	
cmd/bars-export/main.go	os	
cmd/bars-export/main.go	path/filepath	
cmd/bars-export/main.go	sort	
cmd/bars-export/main.go	strconv	
cmd/bars-export/main.go	time	
cmd/bars-export/main.go	vl/market	
cmd/bars-export/main.go	vl/store	
cmd/dayplan-arm/main.go	encoding/json	
cmd/dayplan-arm/main.go	flag	
cmd/dayplan-arm/main.go	fmt	
cmd/dayplan-arm/main.go	os	
cmd/dayplan-arm/main.go	vl/store	
cmd/dayplan-level-repair/main.go	flag	
cmd/dayplan-level-repair/main.go	fmt	
cmd/dayplan-level-repair/main.go	os	
cmd/dayplan-level-repair/main.go	time	
cmd/dayplan-level-repair/main.go	vl/store	
cmd/dayplan-sessions/main.go	encoding/json	
cmd/dayplan-sessions/main.go	flag	
cmd/dayplan-sessions/main.go	fmt	
cmd/dayplan-sessions/main.go	os	
cmd/dayplan-sessions/main.go	strings	
cmd/dayplan-sessions/main.go	vl/store	
cmd/decisive-test/main.go	bytes	
cmd/decisive-test/main.go	encoding/json	
cmd/decisive-test/main.go	fmt	
cmd/decisive-test/main.go	io	
cmd/decisive-test/main.go	net/http	
cmd/decisive-test/main.go	os	
cmd/decisive-test/main.go	strings	
cmd/decisive-test/main.go	time	
cmd/decisive-test/main.go	gorm.io/driver/sqlite	
cmd/decisive-test/main.go	gorm.io/gorm	
cmd/decisive-test/main.go	github.com/joho/godotenv	
cmd/decisive-test/main.go	vl/config	
cmd/decisive-test/main.go	vl/crypto	
cmd/decisive-test/main.go	vl/store	
cmd/detector-report/main.go	flag	
cmd/detector-report/main.go	fmt	
cmd/detector-report/main.go	os	
cmd/detector-report/main.go	vl/kernel	
cmd/detector-report/main.go	vl/store	
cmd/excursions/main.go	flag	
cmd/excursions/main.go	fmt	
cmd/excursions/main.go	os	
cmd/excursions/main.go	time	
cmd/excursions/main.go	vl/store	
cmd/excursions/main.go	vl/trader	
cmd/gate-jwt/main.go	fmt	
cmd/gate-jwt/main.go	os	
cmd/gate-jwt/main.go	github.com/joho/godotenv	
cmd/gate-jwt/main.go	vl/auth	
cmd/gate-jwt/main.go	vl/config	
cmd/gate-jwt/main.go	vl/store	
cmd/levelstats-backfill/main.go	flag	
cmd/levelstats-backfill/main.go	fmt	
cmd/levelstats-backfill/main.go	os	
cmd/levelstats-backfill/main.go	sort	
cmd/levelstats-backfill/main.go	strings	
cmd/levelstats-backfill/main.go	time	
cmd/levelstats-backfill/main.go	vl/trader/ninjatrader	nt
cmd/levelstats-backfill/main.go	vl/kernel	
cmd/levelstats-backfill/main.go	vl/store	
cmd/nq_smoke/help.go	fmt	
cmd/nq_smoke/main.go	context	
cmd/nq_smoke/main.go	encoding/json	
cmd/nq_smoke/main.go	fmt	
cmd/nq_smoke/main.go	log	
cmd/nq_smoke/main.go	os	
cmd/nq_smoke/main.go	time	
cmd/nq_smoke/main.go	github.com/joho/godotenv	
cmd/nq_smoke/main.go	vl/kernel	
cmd/nq_smoke/main.go	vl/market	
cmd/nq_smoke/main.go	vl/provider/databento	
cmd/nq_smoke/main.go	vl/provider/ninjatrader	
cmd/nq_smoke/smoke_all.go	fmt	
cmd/nq_smoke/smoke_databento.go	fmt	
cmd/nq_smoke/smoke_databento.go	os	
cmd/nq_smoke/smoke_databento.go	time	
cmd/nq_smoke/smoke_databento.go	github.com/joho/godotenv	
cmd/nq_smoke/smoke_databento.go	vl/provider/databento	
cmd/nq_smoke/smoke_prompt.go	fmt	
cmd/nq_smoke/smoke_prompt.go	os	
cmd/nq_smoke/smoke_prompt.go	strings	
cmd/nq_smoke/smoke_prompt.go	vl/kernel	
cmd/nq_smoke/smoke_resolver.go	fmt	
cmd/nq_smoke/smoke_resolver.go	os	
cmd/nq_smoke/smoke_resolver.go	regexp	
cmd/nq_smoke/smoke_resolver.go	github.com/joho/godotenv	
cmd/nq_smoke/smoke_resolver.go	vl/provider/databento	
cmd/nq_smoke/smoke_roundtrip.go	context	
cmd/nq_smoke/smoke_roundtrip.go	fmt	
cmd/nq_smoke/smoke_roundtrip.go	os	
cmd/nq_smoke/smoke_roundtrip.go	time	
cmd/nq_smoke/smoke_roundtrip.go	vl/provider/ninjatrader	ntpkg
cmd/nq_smoke/smoke_tcp.go	context	
cmd/nq_smoke/smoke_tcp.go	fmt	
cmd/nq_smoke/smoke_tcp.go	net	
cmd/nq_smoke/smoke_tcp.go	os	
cmd/nq_smoke/smoke_tcp.go	time	
cmd/nq_smoke/smoke_tcp.go	vl/provider/ninjatrader	ntpkg
cmd/planner_ab/main.go	bytes	
cmd/planner_ab/main.go	encoding/json	
cmd/planner_ab/main.go	fmt	
cmd/planner_ab/main.go	io	
cmd/planner_ab/main.go	net/http	
cmd/planner_ab/main.go	os	
cmd/planner_ab/main.go	time	
cmd/planner_ab/main.go	vl/config	
cmd/planner_ab/main.go	vl/crypto	
cmd/planner_ab/main.go	vl/kernel	
cmd/planner_ab/main.go	vl/store	
cmd/planner_ab/main.go	github.com/joho/godotenv	
cmd/research_export/main.go	context	
cmd/research_export/main.go	flag	
cmd/research_export/main.go	fmt	
cmd/research_export/main.go	vl/researchsnapshot	
cmd/research_export/main.go	os	
cmd/research_export/main.go	time	
cmd/sandbox-seed/main.go	encoding/json	
cmd/sandbox-seed/main.go	flag	
cmd/sandbox-seed/main.go	fmt	
cmd/sandbox-seed/main.go	os	
cmd/sandbox-seed/main.go	strings	
cmd/sandbox-seed/main.go	time	
cmd/sandbox-seed/main.go	vl/kernel	
cmd/sandbox-seed/main.go	vl/store	
config/config.go	vl/logger	
config/config.go	vl/mcp	
config/config.go	vl/telemetry	
config/config.go	os	
config/config.go	strconv	
config/config.go	strings	
crypto/crypto.go	crypto/aes	
crypto/crypto.go	crypto/cipher	
crypto/crypto.go	crypto/rand	
crypto/crypto.go	crypto/rsa	
crypto/crypto.go	crypto/sha256	
crypto/crypto.go	crypto/x509	
crypto/crypto.go	database/sql/driver	
crypto/crypto.go	encoding/base64	
crypto/crypto.go	encoding/hex	
crypto/crypto.go	encoding/json	
crypto/crypto.go	encoding/pem	
crypto/crypto.go	errors	
crypto/crypto.go	fmt	
crypto/crypto.go	os	
crypto/crypto.go	strings	
crypto/crypto.go	time	
deploy/canon_contract_test.go	os	
deploy/canon_contract_test.go	path/filepath	
deploy/canon_contract_test.go	regexp	
deploy/canon_contract_test.go	strings	
deploy/canon_contract_test.go	testing	
discipline/freeze.go	sync	
discipline/freeze_test.go	testing	
discipline/reentry_cooldown.go	fmt	
discipline/reentry_cooldown.go	math	
discipline/reentry_cooldown.go	sync	
discipline/reentry_cooldown_test.go	testing	
docs/superpowers/reports/2026-09-04-research-conformance-data/d10dump/main.go	encoding/json	
docs/superpowers/reports/2026-09-04-research-conformance-data/d10dump/main.go	fmt	
docs/superpowers/reports/2026-09-04-research-conformance-data/d10dump/main.go	os	
docs/superpowers/reports/2026-09-04-research-conformance-data/d10dump/main.go	time	
docs/superpowers/reports/2026-09-04-research-conformance-data/d10dump/main.go	vl/expectancy	
docs/superpowers/reports/2026-09-04-research-conformance-data/d10dump/main.go	gorm.io/driver/sqlite	
docs/superpowers/reports/2026-09-04-research-conformance-data/d10dump/main.go	gorm.io/gorm	
docs/superpowers/reports/2026-09-04-research-conformance-data/d10dump/main.go	gorm.io/gorm/logger	gl
docs/superpowers/reports/2026-09-05-vet-08-stretch-data/complete-0905/replay.go	encoding/json	
docs/superpowers/reports/2026-09-05-vet-08-stretch-data/complete-0905/replay.go	encoding/csv	
docs/superpowers/reports/2026-09-05-vet-08-stretch-data/complete-0905/replay.go	os	
docs/superpowers/reports/2026-09-05-vet-08-stretch-data/complete-0905/replay.go	fmt	
docs/superpowers/reports/2026-09-05-vet-08-stretch-data/complete-0905/replay.go	strconv	
docs/superpowers/reports/2026-09-05-vet-08-stretch-data/complete-0905/replay.go	sort	
docs/superpowers/reports/2026-09-05-vet-08-stretch-data/complete-0905/replay.go	strings	
docs/superpowers/reports/2026-09-05-vet-08-stretch-data/complete-0905/replay.go	math	
docs/superpowers/reports/2026-09-05-vet-08-stretch-data/complete-0905/replay.go	vl/kernel	
docs/superpowers/reports/2026-09-05-vet-08-stretch-data/complete-0905/replay.go	vl/market	
docs/superpowers/reports/2026-09-12-structural-stop/harness/data.go	database/sql	
docs/superpowers/reports/2026-09-12-structural-stop/harness/data.go	fmt	
docs/superpowers/reports/2026-09-12-structural-stop/harness/data.go	os	
docs/superpowers/reports/2026-09-12-structural-stop/harness/data.go	sort	
docs/superpowers/reports/2026-09-12-structural-stop/harness/data.go	time	
docs/superpowers/reports/2026-09-12-structural-stop/harness/data.go	modernc.org/sqlite	_
docs/superpowers/reports/2026-09-12-structural-stop/harness/data.go	vl/kernel	
docs/superpowers/reports/2026-09-12-structural-stop/harness/data.go	vl/market	
docs/superpowers/reports/2026-09-12-structural-stop/harness/detect.go	database/sql	
docs/superpowers/reports/2026-09-12-structural-stop/harness/detect.go	time	
docs/superpowers/reports/2026-09-12-structural-stop/harness/detect.go	vl/kernel	
docs/superpowers/reports/2026-09-12-structural-stop/harness/detect.go	vl/market	
docs/superpowers/reports/2026-09-12-structural-stop/harness/main.go	bufio	
docs/superpowers/reports/2026-09-12-structural-stop/harness/main.go	encoding/json	
docs/superpowers/reports/2026-09-12-structural-stop/harness/main.go	flag	
docs/superpowers/reports/2026-09-12-structural-stop/harness/main.go	fmt	
docs/superpowers/reports/2026-09-12-structural-stop/harness/main.go	math	
docs/superpowers/reports/2026-09-12-structural-stop/harness/main.go	vl/kernel	
docs/superpowers/reports/2026-09-12-structural-stop/harness/main.go	vl/market	
docs/superpowers/reports/2026-09-12-structural-stop/harness/main.go	os	
docs/superpowers/reports/2026-09-12-structural-stop/harness/main.go	time	
docs/superpowers/reports/2026-09-12-structural-stop/harness/stop_port.go	math	
docs/superpowers/reports/2026-09-12-structural-stop/harness/stop_port.go	strings	
docs/superpowers/reports/2026-09-12-structural-stop/harness/stop_port.go	vl/kernel	
docs/superpowers/reports/2026-09-12-structural-stop/harness/sweep.go	bufio	
docs/superpowers/reports/2026-09-12-structural-stop/harness/sweep.go	encoding/json	
docs/superpowers/reports/2026-09-12-structural-stop/harness/sweep.go	fmt	
docs/superpowers/reports/2026-09-12-structural-stop/harness/sweep.go	io	
docs/superpowers/reports/2026-09-12-structural-stop/harness/sweep.go	math	
docs/superpowers/reports/2026-09-12-structural-stop/harness/sweep.go	vl/kernel	
docs/superpowers/reports/2026-09-12-structural-stop/harness/sweep.go	vl/store	
docs/superpowers/reports/2026-09-12-structural-stop/harness/sweep.go	vl/trader	
docs/superpowers/reports/2026-09-12-structural-stop/harness/sweep.go	vl/trader/ninjatrader	nt
docs/superpowers/reports/2026-09-12-structural-stop/harness/sweep.go	os	
docs/superpowers/reports/2026-09-12-structural-stop/harness/sweep_test.go	vl/market	
docs/superpowers/reports/2026-09-12-structural-stop/harness/sweep_test.go	testing	
docs/superpowers/research/2026-09-12-backtest-structure-fade/harness/data.go	database/sql	
docs/superpowers/research/2026-09-12-backtest-structure-fade/harness/data.go	fmt	
docs/superpowers/research/2026-09-12-backtest-structure-fade/harness/data.go	os	
docs/superpowers/research/2026-09-12-backtest-structure-fade/harness/data.go	sort	
docs/superpowers/research/2026-09-12-backtest-structure-fade/harness/data.go	time	
docs/superpowers/research/2026-09-12-backtest-structure-fade/harness/data.go	modernc.org/sqlite	_
docs/superpowers/research/2026-09-12-backtest-structure-fade/harness/data.go	vl/kernel	
docs/superpowers/research/2026-09-12-backtest-structure-fade/harness/data.go	vl/market	
docs/superpowers/research/2026-09-12-backtest-structure-fade/harness/detect.go	database/sql	
docs/superpowers/research/2026-09-12-backtest-structure-fade/harness/detect.go	time	
docs/superpowers/research/2026-09-12-backtest-structure-fade/harness/detect.go	vl/kernel	
docs/superpowers/research/2026-09-12-backtest-structure-fade/harness/detect.go	vl/market	
docs/superpowers/research/2026-09-12-backtest-structure-fade/harness/eval.go	math	
docs/superpowers/research/2026-09-12-backtest-structure-fade/harness/eval.go	vl/kernel	
docs/superpowers/research/2026-09-12-backtest-structure-fade/harness/eval.go	vl/market	
docs/superpowers/research/2026-09-12-backtest-structure-fade/harness/main.go	bufio	
docs/superpowers/research/2026-09-12-backtest-structure-fade/harness/main.go	database/sql	
docs/superpowers/research/2026-09-12-backtest-structure-fade/harness/main.go	encoding/json	
docs/superpowers/research/2026-09-12-backtest-structure-fade/harness/main.go	flag	
docs/superpowers/research/2026-09-12-backtest-structure-fade/harness/main.go	fmt	
docs/superpowers/research/2026-09-12-backtest-structure-fade/harness/main.go	math	
docs/superpowers/research/2026-09-12-backtest-structure-fade/harness/main.go	os	
docs/superpowers/research/2026-09-12-backtest-structure-fade/harness/main.go	strings	
docs/superpowers/research/2026-09-12-backtest-structure-fade/harness/main.go	time	
docs/superpowers/research/2026-09-12-backtest-structure-fade/harness/main.go	vl/kernel	
docs/superpowers/research/2026-09-12-backtest-structure-fade/harness/main.go	vl/market	
docs/superpowers/research/2026-09-12-backtest-structure-fade/harness/out.go	encoding/json	
docs/superpowers/research/2026-09-12-backtest-structure-fade/harness/out.go	fmt	
docs/superpowers/research/2026-09-12-backtest-structure-fade/harness/out.go	os	
docs/superpowers/research/2026-09-12-backtest-structure-fade/harness/out.go	strings	
docs/superpowers/research/2026-09-12-backtest-structure-fade/harness/seam.go	database/sql	
docs/superpowers/research/2026-09-12-backtest-structure-fade/harness/seam.go	encoding/json	
docs/superpowers/research/2026-09-12-backtest-structure-fade/harness/seam.go	fmt	
docs/superpowers/research/2026-09-12-backtest-structure-fade/harness/seam.go	os	
docs/superpowers/research/2026-09-12-backtest-structure-fade/harness/seam.go	sort	
docs/superpowers/research/2026-09-12-backtest-structure-fade/harness/seam.go	strings	
docs/superpowers/research/2026-09-12-backtest-structure-fade/harness/stats.go	math	
docs/superpowers/research/2026-09-12-backtest-structure-fade/harness/stats.go	sort	
docs/superpowers/research/2026-09-12-backtest-structure-fade/harness/stop_port.go	fmt	
docs/superpowers/research/2026-09-12-backtest-structure-fade/harness/stop_port.go	math	
docs/superpowers/research/2026-09-12-backtest-structure-fade/harness/stop_port.go	os	
docs/superpowers/research/2026-09-12-backtest-structure-fade/harness/stop_port.go	strings	
docs/superpowers/research/2026-09-12-backtest-structure-fade/harness/stop_port.go	vl/kernel	
docs/superpowers/research/2026-09-12-backtest-structure-fade/harness/surface.go	math	
docs/superpowers/research/2026-09-12-backtest-structure-fade/harness/surface.go	sort	
docs/superpowers/research/2026-09-12-backtest-zone-fade/harness/data.go	database/sql	
docs/superpowers/research/2026-09-12-backtest-zone-fade/harness/data.go	fmt	
docs/superpowers/research/2026-09-12-backtest-zone-fade/harness/data.go	os	
docs/superpowers/research/2026-09-12-backtest-zone-fade/harness/data.go	sort	
docs/superpowers/research/2026-09-12-backtest-zone-fade/harness/data.go	time	
docs/superpowers/research/2026-09-12-backtest-zone-fade/harness/data.go	modernc.org/sqlite	_
docs/superpowers/research/2026-09-12-backtest-zone-fade/harness/data.go	vl/kernel	
docs/superpowers/research/2026-09-12-backtest-zone-fade/harness/data.go	vl/market	
docs/superpowers/research/2026-09-12-backtest-zone-fade/harness/detect.go	database/sql	
docs/superpowers/research/2026-09-12-backtest-zone-fade/harness/detect.go	time	
docs/superpowers/research/2026-09-12-backtest-zone-fade/harness/detect.go	vl/kernel	
docs/superpowers/research/2026-09-12-backtest-zone-fade/harness/detect.go	vl/market	
docs/superpowers/research/2026-09-12-backtest-zone-fade/harness/eval.go	math	
docs/superpowers/research/2026-09-12-backtest-zone-fade/harness/eval.go	vl/kernel	
docs/superpowers/research/2026-09-12-backtest-zone-fade/harness/eval.go	vl/market	
docs/superpowers/research/2026-09-12-backtest-zone-fade/harness/main.go	bufio	
docs/superpowers/research/2026-09-12-backtest-zone-fade/harness/main.go	database/sql	
docs/superpowers/research/2026-09-12-backtest-zone-fade/harness/main.go	encoding/json	
docs/superpowers/research/2026-09-12-backtest-zone-fade/harness/main.go	flag	
docs/superpowers/research/2026-09-12-backtest-zone-fade/harness/main.go	fmt	
docs/superpowers/research/2026-09-12-backtest-zone-fade/harness/main.go	os	
docs/superpowers/research/2026-09-12-backtest-zone-fade/harness/main.go	strings	
docs/superpowers/research/2026-09-12-backtest-zone-fade/harness/main.go	time	
docs/superpowers/research/2026-09-12-backtest-zone-fade/harness/main.go	vl/kernel	
docs/superpowers/research/2026-09-12-backtest-zone-fade/harness/main.go	vl/market	
docs/superpowers/research/2026-09-12-backtest-zone-fade/harness/out.go	encoding/json	
docs/superpowers/research/2026-09-12-backtest-zone-fade/harness/out.go	fmt	
docs/superpowers/research/2026-09-12-backtest-zone-fade/harness/out.go	os	
docs/superpowers/research/2026-09-12-backtest-zone-fade/harness/out.go	sort	
docs/superpowers/research/2026-09-12-backtest-zone-fade/harness/out.go	strings	
docs/superpowers/research/2026-09-12-backtest-zone-fade/harness/seam.go	database/sql	
docs/superpowers/research/2026-09-12-backtest-zone-fade/harness/seam.go	encoding/json	
docs/superpowers/research/2026-09-12-backtest-zone-fade/harness/seam.go	fmt	
docs/superpowers/research/2026-09-12-backtest-zone-fade/harness/seam.go	os	
docs/superpowers/research/2026-09-12-backtest-zone-fade/harness/seam.go	sort	
docs/superpowers/research/2026-09-12-backtest-zone-fade/harness/seam.go	strings	
docs/superpowers/research/2026-09-12-backtest-zone-fade/harness/stats.go	math	
docs/superpowers/research/2026-09-12-backtest-zone-fade/harness/stats.go	sort	
docs/superpowers/research/2026-09-12-backtest-zone-fade/harness/stop_port.go	fmt	
docs/superpowers/research/2026-09-12-backtest-zone-fade/harness/stop_port.go	math	
docs/superpowers/research/2026-09-12-backtest-zone-fade/harness/stop_port.go	os	
docs/superpowers/research/2026-09-12-backtest-zone-fade/harness/stop_port.go	strings	
docs/superpowers/research/2026-09-12-backtest-zone-fade/harness/stop_port.go	vl/kernel	
docs/superpowers/research/2026-09-12-backtest-zone-fade/harness/surface.go	math	
docs/superpowers/research/2026-09-12-backtest-zone-fade/harness/surface.go	sort	
docs/superpowers/research/2026-09-12-backtest-zone-fade/harness/surface.go	vl/kernel	
expectancy/aggregate.go	encoding/json	
expectancy/aggregate.go	fmt	
expectancy/aggregate.go	math	
expectancy/aggregate.go	sort	
expectancy/aggregate.go	time	
expectancy/aggregate.go	vl/kernel	
expectancy/aggregate.go	vl/logger	
expectancy/aggregate.go	vl/market	
expectancy/aggregate.go	vl/store	
expectancy/aggregate.go	gorm.io/gorm	
expectancy/expectancy_test.go	encoding/json	
expectancy/expectancy_test.go	math	
expectancy/expectancy_test.go	strings	
expectancy/expectancy_test.go	testing	
expectancy/expectancy_test.go	time	
expectancy/expectancy_test.go	vl/kernel	
expectancy/expectancy_test.go	vl/store	
expectancy/expectancy_test.go	gorm.io/driver/sqlite	
expectancy/expectancy_test.go	gorm.io/gorm	
expectancy/levelkind.go	strings	
expectancy/levelkind.go	vl/kernel	
expectancy/model.go	time	
hook/hooks.go	log	
hook/http_client_hook.go	log	
hook/http_client_hook.go	net/http	
hook/ip_hook.go	github.com/rs/zerolog/log	
hook/trader_hook.go	log	
hook/trader_hook.go	net/http	
hook/trader_hook.go	github.com/adshao/go-binance/v2/futures	
internal/retry/circuit_breaker.go	fmt	
internal/retry/circuit_breaker.go	sync	
internal/retry/circuit_breaker.go	time	
internal/retry/circuit_breaker_test.go	sync	
internal/retry/circuit_breaker_test.go	testing	
internal/retry/circuit_breaker_test.go	time	
internal/retry/retry.go	context	
internal/retry/retry.go	fmt	
internal/retry/retry.go	time	
internal/retry/retry_test.go	context	
internal/retry/retry_test.go	errors	
internal/retry/retry_test.go	fmt	
internal/retry/retry_test.go	strings	
internal/retry/retry_test.go	testing	
internal/retry/retry_test.go	time	
kernel/acceptance_interval_guard_test.go	go/ast	
kernel/acceptance_interval_guard_test.go	go/parser	
kernel/acceptance_interval_guard_test.go	go/token	
kernel/acceptance_interval_guard_test.go	os	
kernel/acceptance_interval_guard_test.go	path/filepath	
kernel/acceptance_interval_guard_test.go	strings	
kernel/acceptance_interval_guard_test.go	testing	
kernel/adherence.go	fmt	
kernel/adherence.go	time	
kernel/adherence_band_test.go	testing	
kernel/adherence_test.go	testing	
kernel/arm_kind.go	fmt	
kernel/arm_kind.go	strings	
kernel/arm_kind_test.go	testing	
kernel/armable_contract_derive_test.go	os	
kernel/armable_contract_derive_test.go	strings	
kernel/armable_contract_derive_test.go	testing	
kernel/armed.go	strings	
kernel/armed_test.go	fmt	
kernel/armed_test.go	testing	
kernel/arms_bias_coherent.go	fmt	
kernel/arms_bias_coherent.go	sort	
kernel/arms_bias_coherent.go	strings	
kernel/arms_bias_coherent_test.go	fmt	
kernel/arms_bias_coherent_test.go	strings	
kernel/arms_bias_coherent_test.go	testing	
kernel/arms_bias_coherent_warn_test.go	strings	
kernel/arms_bias_coherent_warn_test.go	testing	
kernel/arms_prompt_contract_test.go	strings	
kernel/arms_prompt_contract_test.go	testing	
kernel/asia_6deaths_replay_test.go	embed	_
kernel/asia_6deaths_replay_test.go	encoding/json	
kernel/asia_6deaths_replay_test.go	testing	
kernel/asia_6deaths_replay_test.go	time	
kernel/asia_6deaths_replay_test.go	vl/market	
kernel/ask_planner.go	encoding/json	
kernel/ask_planner.go	fmt	
kernel/ask_planner.go	strings	
kernel/ask_planner_test.go	strings	
kernel/ask_planner_test.go	testing	
kernel/autopsy_response_s2_test.go	strings	
kernel/autopsy_response_s2_test.go	testing	
kernel/b2c_fuzz_test.go	testing	
kernel/bar_horizon.go	fmt	
kernel/bar_horizon.go	sync	
kernel/bar_horizon.go	sync/atomic	
kernel/bar_horizon.go	time	
kernel/bar_horizon.go	vl/market	
kernel/bar_horizon_test.go	strings	
kernel/bar_horizon_test.go	testing	
kernel/bar_horizon_test.go	time	
kernel/bar_horizon_test.go	vl/market	
kernel/boot_integrity.go	fmt	
kernel/boot_integrity.go	os	
kernel/boot_integrity.go	runtime/debug	
kernel/boot_integrity.go	strings	
kernel/boot_integrity.go	sync/atomic	
kernel/boot_integrity_test.go	os	
kernel/boot_integrity_test.go	strings	
kernel/boot_integrity_test.go	testing	
kernel/breakdown_continue.go	fmt	
kernel/breakdown_continue.go	math	
kernel/breakdown_continue.go	os	
kernel/breakdown_continue.go	strconv	
kernel/breakdown_continue.go	strings	
kernel/breakdown_continue.go	vl/market	
kernel/breakdown_continue_test.go	strings	
kernel/breakdown_continue_test.go	testing	
kernel/breakdown_continue_test.go	time	
kernel/breakdown_continue_test.go	vl/market	
kernel/calendar_blackout.go	fmt	
kernel/calendar_blackout.go	strings	
kernel/calendar_blackout_test.go	testing	
kernel/candle_disclosure.go	fmt	
kernel/candle_disclosure.go	strings	
kernel/candle_disclosure.go	time	
kernel/candle_disclosure.go	vl/market	
kernel/checksoft_extend_test.go	strings	
kernel/checksoft_extend_test.go	testing	
kernel/cite_required_test.go	strings	
kernel/cite_required_test.go	testing	
kernel/class38_contract_test.go	fmt	
kernel/class38_contract_test.go	os	
kernel/class38_contract_test.go	regexp	
kernel/class38_contract_test.go	strings	
kernel/class38_contract_test.go	testing	
kernel/class38_contract_test.go	time	
kernel/class38_guard_test.go	strings	
kernel/class38_guard_test.go	testing	
kernel/class39_normalizer_test.go	encoding/json	
kernel/class39_normalizer_test.go	os	
kernel/class39_normalizer_test.go	path/filepath	
kernel/class39_normalizer_test.go	regexp	
kernel/class39_normalizer_test.go	strings	
kernel/class39_normalizer_test.go	testing	
kernel/class39_pin_test.go	strings	
kernel/class39_pin_test.go	testing	
kernel/class45_feeds_forward.go	fmt	
kernel/class45_feeds_forward.go	sort	
kernel/class45_feeds_forward.go	strings	
kernel/class45_feeds_forward.go	time	
kernel/class45_feeds_forward.go	vl/market	
kernel/class45_feeds_forward_test.go	fmt	
kernel/class45_feeds_forward_test.go	strings	
kernel/class45_feeds_forward_test.go	testing	
kernel/class45_feeds_forward_test.go	vl/market	
kernel/class45_pin_test.go	strings	
kernel/class45_pin_test.go	testing	
kernel/class45_pin_test.go	vl/market	
kernel/clock_drift.go	sync/atomic	
kernel/clock_drift.go	time	
kernel/clock_drift.go	vl/logger	
kernel/clock_drift.go	vl/market	
kernel/clock_drift.go	vl/telemetry	
kernel/clock_drift_snapshot_test.go	testing	
kernel/clock_drift_snapshot_test.go	time	
kernel/clock_drift_snapshot_test.go	vl/market	
kernel/clock_drift_test.go	testing	
kernel/clock_drift_test.go	vl/market	
kernel/clock_health.go	context	
kernel/clock_health.go	encoding/json	
kernel/clock_health.go	os	
kernel/clock_health.go	os/exec	
kernel/clock_health.go	strconv	
kernel/clock_health.go	strings	
kernel/clock_health.go	time	
kernel/clock_health.go	vl/logger	
kernel/clock_health.go	vl/market	
kernel/clock_health_test.go	os	
kernel/clock_health_test.go	path/filepath	
kernel/clock_health_test.go	testing	
kernel/clock_health_test.go	time	
kernel/clock_health_test.go	vl/market	
kernel/clock_hold_f6_test.go	strings	
kernel/clock_hold_f6_test.go	testing	
kernel/cme_calendar.go	fmt	
kernel/cme_calendar.go	time	
kernel/cme_calendar_test.go	testing	
kernel/cme_calendar_test.go	time	
kernel/collapse_keeps_names_test.go	encoding/json	
kernel/collapse_keeps_names_test.go	strings	
kernel/collapse_keeps_names_test.go	testing	
kernel/condition_status.go	os	
kernel/condition_status.go	sort	
kernel/condition_status.go	strings	
kernel/condition_status_test.go	strings	
kernel/condition_status_test.go	testing	
kernel/condition_status_test.go	vl/market	
kernel/config_truth_minrr_test.go	encoding/json	
kernel/config_truth_minrr_test.go	testing	
kernel/config_truth_minrr_test.go	vl/market	
kernel/config_truth_minrr_test.go	vl/store	
kernel/confirm_table_test.go	strings	
kernel/confirm_table_test.go	testing	
kernel/confirmation_bucket.go	fmt	
kernel/confirmation_bucket.go	vl/market	
kernel/confirmation_bucket.go	time	
kernel/confirmation_evidence.go	fmt	
kernel/confirmation_evidence.go	vl/market	
kernel/confirmation_evidence.go	strings	
kernel/confirmation_evidence.go	time	
kernel/confirmation_telemetry.go	embed	_
kernel/confirmation_telemetry.go	encoding/json	
kernel/confirmation_telemetry.go	fmt	
kernel/confirmation_telemetry.go	vl/logger	
kernel/confirmation_telemetry.go	sync/atomic	
kernel/confirmation_truth_test.go	encoding/json	
kernel/confirmation_truth_test.go	vl/market	
kernel/confirmation_truth_test.go	os	
kernel/confirmation_truth_test.go	strings	
kernel/confirmation_truth_test.go	testing	
kernel/confirmation_truth_test.go	time	
kernel/consumed_policy_test.go	strings	
kernel/consumed_policy_test.go	testing	
kernel/consumption_gate_test.go	go/ast	
kernel/consumption_gate_test.go	go/parser	
kernel/consumption_gate_test.go	go/token	
kernel/consumption_gate_test.go	os	
kernel/consumption_gate_test.go	path/filepath	
kernel/consumption_gate_test.go	strings	
kernel/consumption_gate_test.go	testing	
kernel/daily_roll_clears_trip_test.go	testing	
kernel/daily_roll_clears_trip_test.go	time	
kernel/dayplan_sample_test.go	testing	
kernel/dayplan_sample_test.go	time	
kernel/dayplan_sample_test.go	vl/market	
kernel/decision_parse_recovery_test.go	strings	
kernel/decision_parse_recovery_test.go	testing	
kernel/detector_d1prime.go	fmt	
kernel/detector_d1prime.go	math	
kernel/detector_d1prime.go	os	
kernel/detector_d1prime.go	strconv	
kernel/detector_d1prime.go	strings	
kernel/detector_d1prime.go	vl/market	
kernel/detector_d1prime_test.go	encoding/json	
kernel/detector_d1prime_test.go	math	
kernel/detector_d1prime_test.go	math/rand	
kernel/detector_d1prime_test.go	os	
kernel/detector_d1prime_test.go	strings	
kernel/detector_d1prime_test.go	testing	
kernel/detector_d1prime_test.go	vl/market	
kernel/detector_recorder.go	fmt	
kernel/detector_recorder.go	math	
kernel/detector_retirement_test.go	vl/market	
kernel/detector_retirement_test.go	os	
kernel/detector_retirement_test.go	path/filepath	
kernel/detector_retirement_test.go	strings	
kernel/detector_retirement_test.go	testing	
kernel/digest.go	fmt	
kernel/digest.go	strings	
kernel/digest_test.go	strings	
kernel/digest_test.go	testing	
kernel/displacement_feeds_forward.go	fmt	
kernel/displacement_feeds_forward.go	sort	
kernel/displacement_feeds_forward.go	strings	
kernel/displacement_feeds_forward_test.go	strings	
kernel/displacement_feeds_forward_test.go	testing	
kernel/displacement_feeds_forward_test.go	vl/market	
kernel/engine.go	context	
kernel/engine.go	encoding/json	
kernel/engine.go	fmt	
kernel/engine.go	io	
kernel/engine.go	net/http	
kernel/engine.go	vl/config	
kernel/engine.go	vl/logger	
kernel/engine.go	vl/market	
kernel/engine.go	vl/provider/databento	
kernel/engine.go	vl/provider/hyperliquid	
kernel/engine.go	vl/provider/vlos	
kernel/engine.go	vl/security	
kernel/engine.go	vl/store	
kernel/engine.go	os	
kernel/engine.go	strings	
kernel/engine.go	time	
kernel/engine_analysis.go	encoding/json	
kernel/engine_analysis.go	errors	
kernel/engine_analysis.go	fmt	
kernel/engine_analysis.go	vl/config	
kernel/engine_analysis.go	vl/discipline	
kernel/engine_analysis.go	vl/logger	
kernel/engine_analysis.go	vl/market	
kernel/engine_analysis.go	vl/mcp	
kernel/engine_analysis.go	vl/store	
kernel/engine_analysis.go	vl/telemetry	
kernel/engine_analysis.go	regexp	
kernel/engine_analysis.go	strings	
kernel/engine_analysis.go	time	
kernel/engine_coinsource_guard_test.go	testing	
kernel/engine_coinsource_guard_test.go	vl/store	
kernel/engine_position.go	fmt	
kernel/engine_position.go	vl/logger	
kernel/engine_position.go	vl/market	
kernel/engine_position.go	vl/telemetry	
kernel/engine_position_futures_test.go	testing	
kernel/engine_position_rr_test.go	testing	
kernel/engine_position_rr_test.go	vl/market	
kernel/engine_position_rr_test.go	vl/telemetry	
kernel/engine_prompt.go	fmt	
kernel/engine_prompt.go	vl/logger	
kernel/engine_prompt.go	vl/market	
kernel/engine_prompt.go	vl/provider/vlos	
kernel/engine_prompt.go	vl/store	
kernel/engine_prompt.go	sort	
kernel/engine_prompt.go	strings	
kernel/engine_prompt.go	time	
kernel/engine_prompt_emaperiods_test.go	strings	
kernel/engine_prompt_emaperiods_test.go	testing	
kernel/engine_prompt_emaperiods_test.go	vl/market	
kernel/engine_prompt_emaperiods_test.go	vl/store	
kernel/engine_prompt_futures.go	fmt	
kernel/engine_prompt_futures.go	strings	
kernel/engine_prompt_futures.go	vl/market	
kernel/engine_prompt_futures.go	vl/store	
kernel/engine_prompt_futures_test.go	strings	
kernel/engine_prompt_futures_test.go	testing	
kernel/engine_prompt_futures_test.go	vl/store	
kernel/engine_prompt_golden_test.go	flag	
kernel/engine_prompt_golden_test.go	fmt	
kernel/engine_prompt_golden_test.go	os	
kernel/engine_prompt_golden_test.go	path/filepath	
kernel/engine_prompt_golden_test.go	strings	
kernel/engine_prompt_golden_test.go	testing	
kernel/engine_prompt_observer.go	encoding/json	
kernel/engine_prompt_observer.go	fmt	
kernel/engine_prompt_observer.go	strings	
kernel/engine_prompt_observer.go	time	
kernel/engine_prompt_observer.go	vl/mcp	
kernel/engine_prompt_oi_test.go	strings	
kernel/engine_prompt_oi_test.go	testing	
kernel/engine_prompt_oi_test.go	vl/store	
kernel/engine_prompt_timeframes_test.go	strings	
kernel/engine_prompt_timeframes_test.go	testing	
kernel/engine_prompt_timeframes_test.go	vl/store	
kernel/ensure_market_data.go	time	
kernel/entry_law.go	fmt	
kernel/entry_law.go	os	
kernel/entry_law.go	sort	
kernel/entry_law.go	strconv	
kernel/entry_law.go	strings	
kernel/entry_law.go	vl/market	
kernel/entry_law_test.go	encoding/json	
kernel/entry_law_test.go	fmt	
kernel/entry_law_test.go	strings	
kernel/entry_law_test.go	testing	
kernel/entry_law_test.go	time	
kernel/entry_law_test.go	vl/market	
kernel/evwap_a2_test.go	math	
kernel/evwap_a2_test.go	testing	
kernel/evwap_a2_test.go	time	
kernel/evwap_a2_test.go	vl/market	
kernel/excursion_path.go	vl/market	
kernel/excursion_path_test.go	testing	
kernel/excursion_path_test.go	vl/market	
kernel/fade_permission.go	reflect	
kernel/fade_permission.go	sort	
kernel/fade_permission.go	time	
kernel/fade_permission_test.go	testing	
kernel/fade_permission_test.go	time	
kernel/feed_policy.go	os	
kernel/feed_policy.go	strconv	
kernel/feed_policy.go	vl/market	
kernel/feed_policy_test.go	os	
kernel/feed_policy_test.go	testing	
kernel/feed_policy_test.go	vl/market	
kernel/filter_mingrade_test.go	testing	
kernel/flip_freshness.go	os	
kernel/flip_freshness.go	strconv	
kernel/flip_freshness.go	vl/market	
kernel/flip_freshness_test.go	strings	
kernel/flip_freshness_test.go	testing	
kernel/flip_freshness_test.go	time	
kernel/flip_freshness_test.go	vl/market	
kernel/flip_hold_test.go	strings	
kernel/flip_hold_test.go	testing	
kernel/follow_plan.go	math	
kernel/follow_plan.go	strings	
kernel/follow_plan.go	vl/market	
kernel/follow_plan_test.go	testing	
kernel/follow_plan_test.go	time	
kernel/follow_plan_test.go	vl/market	
kernel/formatter.go	fmt	
kernel/formatter.go	vl/market	
kernel/formatter.go	vl/provider/vlos	
kernel/formatter.go	sort	
kernel/formatter.go	strings	
kernel/formatter.go	time	
kernel/funding_suppress_test.go	strings	
kernel/funding_suppress_test.go	testing	
kernel/funding_suppress_test.go	vl/store	
kernel/futures_prompt_boxes_test.go	os	
kernel/futures_prompt_boxes_test.go	strings	
kernel/futures_prompt_boxes_test.go	testing	
kernel/futures_prompt_boxes_test.go	vl/store	
kernel/futures_prompt_keylevels_test.go	os	
kernel/futures_prompt_keylevels_test.go	strings	
kernel/futures_prompt_keylevels_test.go	testing	
kernel/futures_prompt_keylevels_test.go	vl/store	
kernel/futures_prompt_plan_test.go	os	
kernel/futures_prompt_plan_test.go	strings	
kernel/futures_prompt_plan_test.go	testing	
kernel/futures_prompt_plan_test.go	vl/store	
kernel/fvg_demand_test.go	testing	
kernel/fvg_entry.go	fmt	
kernel/fvg_entry.go	math	
kernel/fvg_entry.go	os	
kernel/fvg_entry.go	strconv	
kernel/fvg_entry.go	strings	
kernel/fvg_entry.go	time	
kernel/fvg_entry.go	vl/market	
kernel/fvg_entry_test.go	math	
kernel/fvg_entry_test.go	strings	
kernel/fvg_entry_test.go	testing	
kernel/fvg_entry_test.go	time	
kernel/fvg_entry_test.go	vl/market	
kernel/fvg_session_guard_test.go	strings	
kernel/fvg_session_guard_test.go	testing	
kernel/fvg_session_guard_test.go	time	
kernel/fvg_session_guard_test.go	vl/market	
kernel/golden_selfcheck.go	crypto/sha256	
kernel/golden_selfcheck.go	embed	
kernel/golden_selfcheck.go	encoding/hex	
kernel/golden_selfcheck.go	fmt	
kernel/golden_selfcheck.go	strings	
kernel/golden_selfcheck.go	vl/store	
kernel/golden_selfcheck_test.go	testing	
kernel/grid_engine.go	encoding/json	
kernel/grid_engine.go	fmt	
kernel/grid_engine.go	vl/logger	
kernel/grid_engine.go	vl/market	
kernel/grid_engine.go	vl/mcp	
kernel/grid_engine.go	vl/store	
kernel/grid_engine.go	strings	
kernel/grid_engine.go	time	
kernel/guardrails_test.go	testing	
kernel/guardrails_test.go	time	
kernel/guide_clock_contract_test.go	fmt	
kernel/guide_clock_contract_test.go	os	
kernel/guide_clock_contract_test.go	path/filepath	
kernel/guide_clock_contract_test.go	regexp	
kernel/guide_clock_contract_test.go	strings	
kernel/guide_clock_contract_test.go	testing	
kernel/hold_cycle_test.go	testing	
kernel/htf_veto.go	fmt	
kernel/htf_veto.go	os	
kernel/htf_veto.go	strings	
kernel/htf_veto.go	time	
kernel/htf_veto.go	vl/logger	
kernel/htf_veto_test.go	strings	
kernel/htf_veto_test.go	testing	
kernel/htf_veto_test.go	time	
kernel/htf_veto_test.go	vl/market	
kernel/hygiene_0903_test.go	strings	
kernel/hygiene_0903_test.go	testing	
kernel/identity_output_parity_test.go	encoding/json	
kernel/identity_output_parity_test.go	math	
kernel/identity_output_parity_test.go	vl/market	
kernel/identity_output_parity_test.go	os	
kernel/identity_output_parity_test.go	path/filepath	
kernel/identity_output_parity_test.go	testing	
kernel/identity_output_parity_test.go	time	
kernel/level_consumption_test.go	testing	
kernel/level_consumption_test.go	time	
kernel/level_consumption_test.go	vl/market	
kernel/level_identity.go	math	
kernel/level_identity_test.go	encoding/json	
kernel/level_identity_test.go	reflect	
kernel/level_identity_test.go	strings	
kernel/level_identity_test.go	testing	
kernel/level_identity_test.go	time	
kernel/level_identity_test.go	vl/levelidentity	
kernel/level_identity_test.go	vl/market	
kernel/level_state_provider_test.go	strings	
kernel/level_state_provider_test.go	testing	
kernel/level_state_provider_test.go	vl/market	
kernel/level_stats_calc.go	math	
kernel/level_stats_calc.go	vl/market	
kernel/level_stats_calc_test.go	testing	
kernel/level_stats_calc_test.go	time	
kernel/level_stats_calc_test.go	vl/market	
kernel/level_touch_gate_test.go	testing	
kernel/level_touch_gate_test.go	time	
kernel/level_touch_gate_test.go	vl/market	
kernel/level_zone_inputs.go	math	
kernel/level_zone_inputs.go	vl/market	
kernel/level_zone_inputs.go	time	
kernel/level_zones.go	fmt	
kernel/level_zones.go	math	
kernel/level_zones.go	sort	
kernel/level_zones.go	strings	
kernel/level_zones.go	time	
kernel/level_zones_test.go	encoding/json	
kernel/level_zones_test.go	vl/market	
kernel/level_zones_test.go	os	
kernel/level_zones_test.go	strings	
kernel/level_zones_test.go	testing	
kernel/level_zones_test.go	time	
kernel/levels.go	time	
kernel/levels_assemble.go	fmt	
kernel/levels_assemble.go	math	
kernel/levels_assemble.go	strings	
kernel/levels_assemble.go	time	
kernel/levels_assemble.go	vl/logger	
kernel/levels_assemble.go	vl/market	
kernel/levels_assemble_test.go	strings	
kernel/levels_assemble_test.go	testing	
kernel/levels_assemble_test.go	time	
kernel/levels_assemble_test.go	vl/market	
kernel/levels_every_tf_test.go	strings	
kernel/levels_every_tf_test.go	testing	
kernel/levels_every_tf_test.go	time	
kernel/levels_every_tf_test.go	vl/market	
kernel/levels_htf_test.go	testing	
kernel/levels_htf_test.go	time	
kernel/levels_htf_test.go	vl/market	
kernel/levels_intraday.go	fmt	
kernel/levels_intraday.go	math	
kernel/levels_intraday.go	sort	
kernel/levels_intraday.go	time	
kernel/levels_intraday.go	vl/market	
kernel/levels_intraday_test.go	strings	
kernel/levels_intraday_test.go	testing	
kernel/levels_intraday_test.go	time	
kernel/levels_intraday_test.go	vl/market	
kernel/levels_multiday.go	math	
kernel/levels_multiday.go	time	
kernel/levels_multiday.go	vl/market	
kernel/levels_multiday_test.go	testing	
kernel/levels_multiday_test.go	time	
kernel/levels_multiday_test.go	vl/market	
kernel/levels_proximity_test.go	testing	
kernel/levels_role.go	fmt	
kernel/levels_role.go	math	
kernel/levels_role.go	os	
kernel/levels_role.go	sort	
kernel/levels_role.go	strings	
kernel/levels_role.go	time	
kernel/levels_role.go	vl/market	
kernel/levels_role_test.go	testing	
kernel/levels_score.go	fmt	
kernel/levels_score.go	math	
kernel/levels_score.go	os	
kernel/levels_score.go	sort	
kernel/levels_score.go	strconv	
kernel/levels_score.go	strings	
kernel/levels_score.go	vl/logger	
kernel/levels_score_axis_test.go	os	
kernel/levels_score_axis_test.go	testing	
kernel/levels_score_test.go	strings	
kernel/levels_score_test.go	testing	
kernel/levels_swing.go	time	
kernel/levels_swing.go	vl/market	
kernel/levels_volume.go	math	
kernel/levels_volume.go	sync	
kernel/levels_volume.go	time	
kernel/levels_volume.go	vl/market	
kernel/levels_volume_boot.go	fmt	
kernel/levels_volume_boot.go	vl/logger	
kernel/levels_volume_test.go	math	
kernel/levels_volume_test.go	testing	
kernel/levels_volume_test.go	time	
kernel/levels_volume_test.go	vl/market	
kernel/levels_zones.go	math	
kernel/levels_zones.go	os	
kernel/levels_zones.go	sort	
kernel/levels_zones.go	strconv	
kernel/levels_zones.go	strings	
kernel/levels_zones.go	time	
kernel/levels_zones.go	vl/market	
kernel/levels_zones_test.go	os	
kernel/levels_zones_test.go	testing	
kernel/levels_zones_test.go	time	
kernel/leveltruth_t2_test.go	testing	
kernel/leveltruth_t3_test.go	math	
kernel/leveltruth_t3_test.go	testing	
kernel/leveltruth_t3_test.go	time	
kernel/leveltruth_t3_test.go	vl/market	
kernel/leveltruth_t9_test.go	math	
kernel/leveltruth_t9_test.go	testing	
kernel/leveltruth_t9_test.go	vl/market	
kernel/mae_mfe.go	strings	
kernel/mae_mfe.go	vl/market	
kernel/mae_mfe_test.go	testing	
kernel/mae_mfe_test.go	vl/market	
kernel/map_boot_line_test.go	strings	
kernel/map_boot_line_test.go	testing	
kernel/map_candidates.go	fmt	
kernel/map_candidates.go	math	
kernel/map_candidates.go	sort	
kernel/map_candidates.go	strings	
kernel/map_candidates_e2e_test.go	strings	
kernel/map_candidates_e2e_test.go	testing	
kernel/map_candidates_test.go	reflect	
kernel/map_candidates_test.go	testing	
kernel/map_projections.go	fmt	
kernel/map_projections.go	math	
kernel/map_projections.go	os	
kernel/map_projections.go	strconv	
kernel/map_projections.go	strings	
kernel/map_projections.go	time	
kernel/map_projections.go	vl/market	
kernel/map_projections_test.go	strings	
kernel/map_projections_test.go	testing	
kernel/map_projections_test.go	time	
kernel/map_projections_test.go	vl/market	
kernel/matched_random.go	math	
kernel/matched_random.go	sort	
kernel/matched_random_test.go	testing	
kernel/min_sl.go	fmt	
kernel/min_sl.go	os	
kernel/min_sl.go	strconv	
kernel/min_sl.go	strings	
kernel/min_sl_gate_test.go	strings	
kernel/min_sl_gate_test.go	testing	
kernel/min_sl_gate_test.go	vl/market	
kernel/minconf_default_alignment_test.go	strings	
kernel/minconf_default_alignment_test.go	testing	
kernel/minconf_default_alignment_test.go	vl/store	
kernel/mss.go	fmt	
kernel/mss.go	os	
kernel/mss.go	strconv	
kernel/mss.go	strings	
kernel/mss.go	time	
kernel/mss.go	vl/market	
kernel/mss_test.go	strings	
kernel/mss_test.go	testing	
kernel/mss_test.go	time	
kernel/mss_test.go	vl/market	
kernel/naked_poc.go	time	
kernel/naked_poc.go	vl/market	
kernel/naked_poc_test.go	strings	
kernel/naked_poc_test.go	testing	
kernel/naked_poc_test.go	time	
kernel/naked_poc_test.go	vl/market	
kernel/no_trade_band.go	fmt	
kernel/no_trade_band.go	time	
kernel/no_trade_band_test.go	testing	
kernel/no_trade_band_test.go	time	
kernel/npoc_s4_test.go	strings	
kernel/npoc_s4_test.go	testing	
kernel/npoc_s4_test.go	time	
kernel/npoc_s4_test.go	vl/market	
kernel/observer_g8_test.go	strings	
kernel/observer_g8_test.go	testing	
kernel/one_setup.go	fmt	
kernel/one_setup.go	math	
kernel/one_setup.go	sort	
kernel/one_setup.go	strings	
kernel/one_setup.go	time	
kernel/one_setup_map_pin_test.go	encoding/json	
kernel/one_setup_map_pin_test.go	math	
kernel/one_setup_map_pin_test.go	os	
kernel/one_setup_map_pin_test.go	path/filepath	
kernel/one_setup_map_pin_test.go	regexp	
kernel/one_setup_map_pin_test.go	strings	
kernel/one_setup_map_pin_test.go	testing	
kernel/one_setup_map_pin_test.go	time	
kernel/one_setup_map_pin_test.go	vl/market	
kernel/one_setup_test.go	strings	
kernel/one_setup_test.go	testing	
kernel/one_setup_test.go	time	
kernel/plan_authored_invalidation.go	fmt	
kernel/plan_authored_invalidation.go	math	
kernel/plan_authored_invalidation.go	regexp	
kernel/plan_authored_invalidation.go	strconv	
kernel/plan_authored_invalidation.go	strings	
kernel/plan_authored_invalidation.go	time	
kernel/plan_authored_invalidation.go	vl/market	
kernel/plan_authored_invalidation_test.go	math	
kernel/plan_authored_invalidation_test.go	vl/market	
kernel/plan_authored_invalidation_test.go	strings	
kernel/plan_authored_invalidation_test.go	testing	
kernel/plan_authored_invalidation_test.go	time	
kernel/plan_chain_date.go	time	
kernel/plan_chain_date_test.go	testing	
kernel/plan_chain_date_test.go	time	
kernel/plan_citation_test.go	encoding/json	
kernel/plan_citation_test.go	testing	
kernel/plan_condition_rule_test.go	strings	
kernel/plan_condition_rule_test.go	testing	
kernel/plan_condition_rule_test.go	vl/market	
kernel/plan_confirm.go	fmt	
kernel/plan_confirm.go	math	
kernel/plan_confirm.go	os	
kernel/plan_confirm.go	strconv	
kernel/plan_confirm.go	strings	
kernel/plan_confirm.go	vl/logger	
kernel/plan_confirm.go	vl/market	
kernel/plan_confirm_test.go	strings	
kernel/plan_confirm_test.go	testing	
kernel/plan_confirm_test.go	vl/market	
kernel/plan_death_window_test.go	testing	
kernel/plan_death_window_test.go	vl/market	
kernel/plan_doc.go	encoding/json	
kernel/plan_doc.go	fmt	
kernel/plan_doc.go	math	
kernel/plan_doc.go	regexp	
kernel/plan_doc.go	sort	
kernel/plan_doc.go	strconv	
kernel/plan_doc.go	strings	
kernel/plan_doc_caps_test.go	fmt	
kernel/plan_doc_caps_test.go	strings	
kernel/plan_doc_caps_test.go	testing	
kernel/plan_doc_crosscheck_test.go	strings	
kernel/plan_doc_crosscheck_test.go	testing	
kernel/plan_doc_provenance_merged_test.go	strings	
kernel/plan_doc_provenance_merged_test.go	testing	
kernel/plan_doc_rule_alias_test.go	testing	
kernel/plan_doc_test.go	strings	
kernel/plan_doc_test.go	testing	
kernel/plan_doc_waterfall_gate_test.go	strings	
kernel/plan_doc_waterfall_gate_test.go	testing	
kernel/plan_hysteresis_test.go	testing	
kernel/plan_hysteresis_test.go	time	
kernel/plan_hysteresis_test.go	vl/market	
kernel/plan_lifecycle.go	fmt	
kernel/plan_lifecycle.go	math	
kernel/plan_lifecycle.go	os	
kernel/plan_lifecycle.go	strconv	
kernel/plan_lifecycle.go	strings	
kernel/plan_lifecycle.go	vl/market	
kernel/plan_lifecycle_test.go	testing	
kernel/plan_overlay.go	encoding/json	
kernel/plan_overlay.go	fmt	
kernel/plan_overlay.go	reflect	
kernel/plan_overlay.go	strconv	
kernel/plan_overlay.go	strings	
kernel/plan_overlay_carry.go	encoding/json	
kernel/plan_overlay_carry.go	fmt	
kernel/plan_overlay_carry.go	math	
kernel/plan_overlay_carry.go	strings	
kernel/plan_overlay_carry_test.go	encoding/json	
kernel/plan_overlay_carry_test.go	strings	
kernel/plan_overlay_carry_test.go	testing	
kernel/plan_overlay_roundtrip_test.go	encoding/json	
kernel/plan_overlay_roundtrip_test.go	path/filepath	
kernel/plan_overlay_roundtrip_test.go	testing	
kernel/plan_overlay_roundtrip_test.go	vl/kernel	
kernel/plan_overlay_roundtrip_test.go	vl/store	
kernel/plan_overlay_test.go	encoding/json	
kernel/plan_overlay_test.go	testing	
kernel/plan_render.go	fmt	
kernel/plan_render.go	strings	
kernel/plan_render.go	sync	
kernel/plan_render.go	time	
kernel/plan_render.go	vl/market	
kernel/plan_trade_date_test.go	testing	
kernel/plan_trade_date_test.go	time	
kernel/planner_candle_disclosure_test.go	fmt	
kernel/planner_candle_disclosure_test.go	os	
kernel/planner_candle_disclosure_test.go	strings	
kernel/planner_candle_disclosure_test.go	testing	
kernel/planner_candle_disclosure_test.go	time	
kernel/planner_candle_disclosure_test.go	vl/market	
kernel/planner_indicators.go	strings	
kernel/planner_indicators.go	vl/market	
kernel/planner_indicators.go	vl/store	
kernel/planner_indicators_test.go	strings	
kernel/planner_indicators_test.go	testing	
kernel/planner_indicators_test.go	vl/market	
kernel/planner_indicators_test.go	vl/store	
kernel/planner_playbook_test.go	strings	
kernel/planner_playbook_test.go	testing	
kernel/planner_playbook_test.go	time	
kernel/planner_prompt.go	fmt	
kernel/planner_prompt.go	strings	
kernel/planner_prompt.go	time	
kernel/planner_prompt.go	vl/market	
kernel/planner_prompt_candles_test.go	strings	
kernel/planner_prompt_candles_test.go	testing	
kernel/planner_prompt_candles_test.go	time	
kernel/planner_prompt_candles_test.go	vl/market	
kernel/planner_prompt_test.go	strings	
kernel/planner_prompt_test.go	testing	
kernel/planner_repair.go	strings	
kernel/planner_repair_test.go	strings	
kernel/planner_repair_test.go	testing	
kernel/planner_speed.go	os	
kernel/planner_speed.go	strconv	
kernel/planner_speed.go	strings	
kernel/planner_speed_test.go	testing	
kernel/pnl_truth_pin_test.go	path/filepath	
kernel/pnl_truth_pin_test.go	strings	
kernel/pnl_truth_pin_test.go	testing	
kernel/pnl_truth_pin_test.go	vl/store	
kernel/price_sanity.go	fmt	
kernel/price_sanity.go	math	
kernel/price_sanity_test.go	testing	
kernel/price_sanity_test.go	vl/market	
kernel/prompt_builder.go	encoding/json	
kernel/prompt_builder.go	fmt	
kernel/prompt_builder_test.go	strings	
kernel/prompt_builder_test.go	testing	
kernel/prompt_builder_test.go	time	
kernel/prompt_contract.go	fmt	
kernel/prompt_contract.go	strings	
kernel/prompt_floor_contract_test.go	fmt	
kernel/prompt_floor_contract_test.go	strings	
kernel/prompt_floor_contract_test.go	testing	
kernel/prompt_ownership.go	sort	
kernel/prompt_ownership_test.go	testing	
kernel/proximity_resolver_test.go	testing	
kernel/r_a13_tier1_test.go	testing	
kernel/realign.go	fmt	
kernel/realign.go	strings	
kernel/realign_test.go	encoding/json	
kernel/realign_test.go	strings	
kernel/realign_test.go	testing	
kernel/reasoning_backfill_test.go	strings	
kernel/reasoning_backfill_test.go	testing	
kernel/regime.go	fmt	
kernel/regime.go	math	
kernel/regime.go	strings	
kernel/regime.go	vl/market	
kernel/regime_baseline.go	time	
kernel/regime_baseline.go	vl/market	
kernel/regime_baseline_test.go	math	
kernel/regime_baseline_test.go	testing	
kernel/regime_baseline_test.go	vl/market	
kernel/regime_dark.go	fmt	
kernel/regime_dark.go	strings	
kernel/regime_dark_test.go	strings	
kernel/regime_dark_test.go	testing	
kernel/regime_ledger.go	vl/logger	
kernel/regime_test.go	math	
kernel/regime_test.go	strings	
kernel/regime_test.go	testing	
kernel/regime_test.go	vl/market	
kernel/repair_outcome.go	strings	
kernel/repair_parse_pin_test.go	strings	
kernel/repair_parse_pin_test.go	testing	
kernel/research_score.go	encoding/json	
kernel/research_score.go	fmt	
kernel/risk_config_truth_test.go	encoding/json	
kernel/risk_config_truth_test.go	fmt	
kernel/risk_config_truth_test.go	regexp	
kernel/risk_config_truth_test.go	strings	
kernel/risk_config_truth_test.go	testing	
kernel/risk_config_truth_test.go	vl/store	
kernel/risk_limits.go	fmt	
kernel/risk_limits.go	vl/config	
kernel/risk_limits.go	vl/logger	
kernel/risk_limits.go	os	
kernel/risk_limits.go	strconv	
kernel/risk_limits.go	strings	
kernel/risk_limits.go	sync	
kernel/risk_limits.go	time	
kernel/risk_limits_test.go	strings	
kernel/risk_limits_test.go	testing	
kernel/risk_limits_test.go	time	
kernel/rootfix_schema_audit_test.go	encoding/json	
kernel/rootfix_schema_audit_test.go	os	
kernel/rootfix_schema_audit_test.go	path/filepath	
kernel/rootfix_schema_audit_test.go	strings	
kernel/rootfix_schema_audit_test.go	testing	
kernel/scenario_economics.go	fmt	
kernel/scenario_economics.go	math	
kernel/scenario_economics.go	os	
kernel/scenario_economics.go	strings	
kernel/scenario_economics.go	sync	
kernel/scenario_economics.go	vl/logger	
kernel/scenario_economics.go	vl/market	
kernel/scenario_economics_test.go	encoding/json	
kernel/scenario_economics_test.go	fmt	
kernel/scenario_economics_test.go	math	
kernel/scenario_economics_test.go	vl/logger	
kernel/scenario_economics_test.go	vl/market	
kernel/scenario_economics_test.go	os	
kernel/scenario_economics_test.go	strings	
kernel/scenario_economics_test.go	testing	
kernel/scenario_facts.go	fmt	
kernel/scenario_facts.go	strconv	
kernel/scenario_facts.go	strings	
kernel/scenario_facts.go	vl/market	
kernel/scenario_facts_test.go	testing	
kernel/scenario_facts_test.go	vl/market	
kernel/scenario_level_identity.go	math	
kernel/scenario_level_identity.go	time	
kernel/scenario_level_identity.go	vl/levelidentity	
kernel/scenario_state.go	regexp	
kernel/scenario_state.go	strconv	
kernel/scenario_state.go	strings	
kernel/scenario_state.go	vl/market	
kernel/scenario_state_test.go	testing	
kernel/scenario_state_test.go	vl/market	
kernel/schema_retry_test.go	errors	
kernel/schema_retry_test.go	strings	
kernel/schema_retry_test.go	testing	
kernel/schema_retry_test.go	time	
kernel/schema_retry_test.go	vl/mcp	
kernel/session_calendar.go	embed	_
kernel/session_calendar.go	encoding/json	
kernel/session_calendar.go	fmt	
kernel/session_calendar.go	strconv	
kernel/session_calendar.go	strings	
kernel/session_calendar.go	time	
kernel/session_calendar_e1_test.go	testing	
kernel/session_calendar_e1_test.go	time	
kernel/session_calendar_pins_test.go	strings	
kernel/session_calendar_pins_test.go	testing	
kernel/session_calendar_pins_test.go	time	
kernel/session_end_contract_test.go	os	
kernel/session_end_contract_test.go	regexp	
kernel/session_end_contract_test.go	strings	
kernel/session_end_contract_test.go	testing	
kernel/session_end_contract_test.go	time	
kernel/session_registry.go	encoding/json	
kernel/session_registry.go	fmt	
kernel/session_registry.go	strconv	
kernel/session_registry.go	strings	
kernel/session_registry.go	time	
kernel/session_registry_provider_test.go	testing	
kernel/session_registry_test.go	reflect	
kernel/session_registry_test.go	testing	
kernel/session_registry_test.go	time	
kernel/session_registry_w8_test.go	testing	
kernel/shadow_ab.go	math	
kernel/shadow_ab.go	strings	
kernel/shadow_ab.go	vl/market	
kernel/shadow_ab_short_test.go	math	
kernel/shadow_ab_short_test.go	testing	
kernel/shadow_ab_short_test.go	vl/market	
kernel/shadow_ab_test.go	testing	
kernel/shadow_ab_test.go	time	
kernel/shadow_ab_test.go	vl/market	
kernel/side_guard_test.go	strings	
kernel/side_guard_test.go	testing	
kernel/snapshot_instant_test.go	os	
kernel/snapshot_instant_test.go	strings	
kernel/snapshot_instant_test.go	testing	
kernel/snapshot_instant_test.go	time	
kernel/stage_a_parity_test.go	bytes	
kernel/stage_a_parity_test.go	encoding/json	
kernel/stage_a_parity_test.go	fmt	
kernel/stage_a_parity_test.go	os	
kernel/stage_a_parity_test.go	path/filepath	
kernel/stage_a_parity_test.go	testing	
kernel/stage_a_score_capture_test.go	encoding/json	
kernel/stage_a_score_capture_test.go	fmt	
kernel/stage_a_score_capture_test.go	strings	
kernel/stage_a_score_capture_test.go	testing	
kernel/stale_data.go	fmt	
kernel/stale_data.go	os	
kernel/stale_data.go	strconv	
kernel/stale_data.go	vl/logger	
kernel/stale_data.go	vl/market	
kernel/stale_data.go	vl/telemetry	
kernel/stale_data_test.go	strings	
kernel/stale_data_test.go	testing	
kernel/stale_data_test.go	vl/market	
kernel/structure.go	fmt	
kernel/structure.go	os	
kernel/structure.go	strconv	
kernel/structure.go	strings	
kernel/structure.go	time	
kernel/structure.go	vl/market	
kernel/structure_test.go	strings	
kernel/structure_test.go	testing	
kernel/structure_test.go	time	
kernel/structure_test.go	vl/market	
kernel/svp.go	fmt	
kernel/svp.go	math	
kernel/svp.go	sort	
kernel/svp.go	time	
kernel/svp.go	vl/market	
kernel/svp_test.go	math	
kernel/svp_test.go	testing	
kernel/svp_test.go	time	
kernel/svp_test.go	vl/market	
kernel/time_hold_test.go	strings	
kernel/time_hold_test.go	testing	
kernel/time_hold_test.go	time	
kernel/time_hold_test.go	vl/market	
kernel/timeframes_test.go	testing	
kernel/touch_ordinal_test.go	testing	
kernel/touch_telemetry.go	fmt	
kernel/touch_telemetry.go	math	
kernel/touch_telemetry.go	os	
kernel/touch_telemetry.go	sort	
kernel/touch_telemetry.go	strconv	
kernel/touch_telemetry.go	strings	
kernel/touch_telemetry.go	sync	
kernel/touch_telemetry.go	time	
kernel/touch_telemetry.go	vl/market	
kernel/touch_telemetry_test.go	math	
kernel/touch_telemetry_test.go	strings	
kernel/touch_telemetry_test.go	testing	
kernel/touch_telemetry_test.go	time	
kernel/touch_telemetry_test.go	vl/market	
kernel/transition.go	fmt	
kernel/transition.go	os	
kernel/transition.go	strconv	
kernel/transition.go	strings	
kernel/transition_test.go	strings	
kernel/transition_test.go	testing	
kernel/tz.go	sync	
kernel/tz.go	time	
kernel/tz_guard_test.go	go/ast	
kernel/tz_guard_test.go	go/parser	
kernel/tz_guard_test.go	go/token	
kernel/tz_guard_test.go	os	
kernel/tz_guard_test.go	path/filepath	
kernel/tz_guard_test.go	regexp	
kernel/tz_guard_test.go	strings	
kernel/tz_guard_test.go	testing	
kernel/tz_test.go	strings	
kernel/tz_test.go	testing	
kernel/tz_test.go	time	
kernel/tz_test.go	vl/store	
kernel/validate_test.go	testing	
kernel/validator_hints.go	fmt	
kernel/validator_hints.go	regexp	
kernel/validator_hints.go	sort	
kernel/validator_hints.go	strings	
kernel/validator_hints_test.go	strings	
kernel/validator_hints_test.go	testing	
kernel/void_chop_render_test.go	strings	
kernel/void_chop_render_test.go	testing	
kernel/void_scope.go	fmt	
kernel/void_scope.go	os	
kernel/void_scope.go	strconv	
kernel/void_scope.go	strings	
kernel/void_scope.go	time	
kernel/void_scope.go	vl/market	
kernel/volume_boot_line_test.go	fmt	
kernel/volume_boot_line_test.go	strings	
kernel/volume_boot_line_test.go	testing	
kernel/w12_dst_test.go	testing	
kernel/w12_dst_test.go	time	
kernel/w12_regime_test.go	math	
kernel/w12_regime_test.go	testing	
kernel/w12_regime_test.go	vl/market	
kernel/w16_stale_gate_test.go	testing	
kernel/w16_stale_gate_test.go	time	
kernel/w16_stale_gate_test.go	vl/market	
kernel/waterfall_twoleg_test.go	strings	
kernel/waterfall_twoleg_test.go	testing	
kernel/waterfall_twoleg_test.go	time	
kernel/waterfall_twoleg_test.go	vl/market	
kernel/weekly_bias.go	fmt	
kernel/weekly_bias.go	strings	
kernel/weekly_bias.go	time	
kernel/weekly_bias.go	vl/market	
kernel/weekly_bias_test.go	math	
kernel/weekly_bias_test.go	testing	
kernel/weekly_bias_test.go	time	
kernel/weekly_bias_test.go	vl/market	
kernel/weekly_knobs.go	os	
kernel/weekly_knobs.go	strconv	
kernel/weekly_knobs.go	strings	
kernel/weekly_knobs.go	time	
kernel/weekly_prompt.go	crypto/sha256	
kernel/weekly_prompt.go	encoding/hex	
kernel/weekly_prompt.go	encoding/json	
kernel/weekly_prompt.go	fmt	
kernel/weekly_prompt.go	math	
kernel/weekly_prompt.go	strings	
kernel/weekly_prompt.go	time	
kernel/weekly_prompt.go	vl/market	
kernel/weekly_prompt_test.go	strings	
kernel/weekly_prompt_test.go	testing	
kernel/weekly_prompt_test.go	time	
kernel/weekly_prompt_test.go	vl/market	
kernel/weekly_shadow_test.go	reflect	
kernel/weekly_shadow_test.go	strings	
kernel/weekly_shadow_test.go	testing	
kernel/weekly_shadow_test.go	time	
kernel/weekly_shadow_test.go	vl/market	
kernel/wiring_riskforceflat_pin_test.go	os	
kernel/wiring_riskforceflat_pin_test.go	regexp	
kernel/wiring_riskforceflat_pin_test.go	strings	
kernel/wiring_riskforceflat_pin_test.go	testing	
levelidentity/identity.go	crypto/sha256	
levelidentity/identity.go	encoding/hex	
levelidentity/identity.go	fmt	
levelidentity/identity.go	math	
levelidentity/identity.go	strings	
logger/db_sink.go	encoding/json	
logger/db_sink.go	fmt	
logger/db_sink.go	path/filepath	
logger/db_sink.go	regexp	
logger/db_sink.go	sync/atomic	
logger/db_sink.go	github.com/sirupsen/logrus	
logger/db_sink_test.go	sync	
logger/db_sink_test.go	testing	
logger/logger.go	fmt	
logger/logger.go	io	
logger/logger.go	os	
logger/logger.go	path/filepath	
logger/logger.go	runtime	
logger/logger.go	strings	
logger/logger.go	time	
logger/logger.go	github.com/sirupsen/logrus	
main.go	encoding/json	
main.go	fmt	
main.go	log/slog	
main.go	vl/agent	vliagent
main.go	vl/api	
main.go	vl/auth	
main.go	vl/branding	
main.go	vl/config	
main.go	vl/crypto	
main.go	vl/expectancy	
main.go	vl/kernel	
main.go	vl/logger	
main.go	vl/manager	
main.go	vl/mcp	
main.go	vl/mcp/payment	_
main.go	vl/mcp/provider	_
main.go	vl/researchsnapshot	
main.go	vl/store	
main.go	vl/telegram	
main.go	vl/telemetry	
main.go	vl/trader	
main.go	os	
main.go	os/signal	
main.go	path/filepath	
main.go	strings	
main.go	syscall	
main.go	time	
main.go	github.com/google/uuid	
main.go	github.com/joho/godotenv	
main.go	vl/provider/ninjatrader	ntwire
main.go	vl/trader/ninjatrader	ntTrader
manager/trader_manager.go	context	
manager/trader_manager.go	fmt	
manager/trader_manager.go	vl/config	
manager/trader_manager.go	vl/logger	
manager/trader_manager.go	vl/store	
manager/trader_manager.go	vl/trader	
manager/trader_manager.go	sort	
manager/trader_manager.go	sync	
manager/trader_manager.go	time	
market/api_client.go	encoding/json	
market/api_client.go	fmt	
market/api_client.go	io	
market/api_client.go	log	
market/api_client.go	net/http	
market/api_client.go	vl/hook	
market/api_client.go	strconv	
market/api_client.go	time	
market/bar_resolver.go	fmt	
market/bar_resolver.go	sort	
market/bar_resolver.go	strings	
market/bar_resolver.go	time	
market/bar_resolver_test.go	strings	
market/bar_resolver_test.go	testing	
market/bar_resolver_test.go	time	
market/data.go	encoding/json	
market/data.go	fmt	
market/data.go	io	
market/data.go	math	
market/data.go	vl/logger	
market/data.go	strconv	
market/data.go	strings	
market/data.go	sync	
market/data.go	time	
market/data_emaperiods_test.go	reflect	
market/data_emaperiods_test.go	testing	
market/data_f8_test.go	testing	
market/data_freshness.go	time	
market/data_freshness_test.go	testing	
market/data_freshness_test.go	time	
market/data_indicators.go	math	
market/data_klines.go	context	
market/data_klines.go	fmt	
market/data_klines.go	vl/logger	
market/data_klines.go	vl/provider/coinank/coinank_api	
market/data_klines.go	vl/provider/coinank/coinank_enum	
market/data_klines.go	vl/provider/hyperliquid	
market/data_klines.go	strconv	
market/data_klines.go	strings	
market/data_klines.go	time	
market/data_test.go	math	
market/data_test.go	testing	
market/databento_adapter.go	vl/provider/databento	
market/databento_adapter_test.go	vl/provider/databento	
market/databento_adapter_test.go	testing	
market/databento_adapter_test.go	time	
market/decimal_safe.go	math	
market/decimal_safe_test.go	math	
market/decimal_safe_test.go	testing	
market/futures_symbol.go	strings	
market/futures_symbol_test.go	testing	
market/historical.go	encoding/json	
market/historical.go	fmt	
market/historical.go	io	
market/historical.go	net/http	
market/historical.go	time	
market/timeframe.go	fmt	
market/timeframe.go	slices	
market/timeframe.go	strings	
market/timeframe.go	time	
market/types.go	time	
market/w12_indicators_test.go	math	
market/w12_indicators_test.go	testing	
mcp/ai_call_line.go	fmt	
mcp/ai_timeout_contract_test.go	fmt	
mcp/ai_timeout_contract_test.go	net/http	
mcp/ai_timeout_contract_test.go	net/http/httptest	
mcp/ai_timeout_contract_test.go	strings	
mcp/ai_timeout_contract_test.go	sync/atomic	
mcp/ai_timeout_contract_test.go	testing	
mcp/ai_timeout_contract_test.go	time	
mcp/balance.go	encoding/json	
mcp/balance.go	fmt	
mcp/balance.go	io	
mcp/balance.go	net/http	
mcp/balance.go	strconv	
mcp/balance.go	time	
mcp/class41_stream_retry_test.go	errors	
mcp/class41_stream_retry_test.go	fmt	
mcp/class41_stream_retry_test.go	net/http	
mcp/class41_stream_retry_test.go	net/http/httptest	
mcp/class41_stream_retry_test.go	strings	
mcp/class41_stream_retry_test.go	sync/atomic	
mcp/class41_stream_retry_test.go	testing	
mcp/class41_stream_retry_test.go	time	
mcp/client.go	bufio	
mcp/client.go	bytes	
mcp/client.go	context	
mcp/client.go	encoding/json	
mcp/client.go	errors	
mcp/client.go	fmt	
mcp/client.go	io	
mcp/client.go	net/http	
mcp/client.go	net/http/httptrace	
mcp/client.go	os	
mcp/client.go	strconv	
mcp/client.go	strings	
mcp/client.go	sync	
mcp/client.go	sync/atomic	
mcp/client.go	time	
mcp/client_max_tokens_test.go	testing	
mcp/client_max_tokens_test.go	time	
mcp/client_test.go	errors	
mcp/client_test.go	net/http	
mcp/client_test.go	testing	
mcp/client_test.go	time	
mcp/config.go	net/http	
mcp/config.go	os	
mcp/config.go	strconv	
mcp/config.go	strings	
mcp/config.go	time	
mcp/config.go	vl/logger	
mcp/config.go	vl/security	
mcp/config_no_hardcode_test.go	encoding/json	
mcp/config_no_hardcode_test.go	strings	
mcp/config_no_hardcode_test.go	testing	
mcp/config_usage_test.go	bytes	
mcp/config_usage_test.go	encoding/json	
mcp/config_usage_test.go	errors	
mcp/config_usage_test.go	io	
mcp/config_usage_test.go	net/http	
mcp/config_usage_test.go	testing	
mcp/config_usage_test.go	time	
mcp/context_guard.go	fmt	
mcp/context_guard.go	unicode/utf8	
mcp/context_guard_test.go	strings	
mcp/context_guard_test.go	testing	
mcp/deepseek_thinking_test.go	testing	
mcp/examples_test.go	fmt	
mcp/examples_test.go	net/http	
mcp/examples_test.go	time	
mcp/examples_test.go	vl/mcp	
mcp/examples_test.go	vl/mcp/provider	
mcp/failure_class.go	errors	
mcp/failure_class.go	strings	
mcp/failure_class_test.go	errors	
mcp/failure_class_test.go	fmt	
mcp/failure_class_test.go	testing	
mcp/hooks.go	net/http	
mcp/idle_before_line_test.go	strings	
mcp/idle_before_line_test.go	testing	
mcp/interface.go	time	
mcp/mock_test.go	bytes	
mcp/mock_test.go	encoding/json	
mcp/mock_test.go	fmt	
mcp/mock_test.go	io	
mcp/mock_test.go	net/http	
mcp/mock_test.go	sync	
mcp/model_alias.go	strings	
mcp/model_alias_test.go	testing	
mcp/options.go	net/http	
mcp/options.go	time	
mcp/options_test.go	net/http	
mcp/options_test.go	testing	
mcp/options_test.go	time	
mcp/payment/claw402.go	crypto/ecdsa	
mcp/payment/claw402.go	fmt	
mcp/payment/claw402.go	net/http	
mcp/payment/claw402.go	strings	
mcp/payment/claw402.go	github.com/ethereum/go-ethereum/crypto	
mcp/payment/claw402.go	vl/mcp	
mcp/payment/claw402.go	vl/mcp/provider	
mcp/payment/claw402.go	vl/store	
mcp/payment/claw402.go	vl/wallet	
mcp/payment/x402.go	bytes	
mcp/payment/x402.go	context	
mcp/payment/x402.go	crypto/ecdsa	
mcp/payment/x402.go	crypto/rand	
mcp/payment/x402.go	encoding/base64	
mcp/payment/x402.go	encoding/hex	
mcp/payment/x402.go	encoding/json	
mcp/payment/x402.go	fmt	
mcp/payment/x402.go	io	
mcp/payment/x402.go	math/big	
mcp/payment/x402.go	net/http	
mcp/payment/x402.go	strings	
mcp/payment/x402.go	sync	
mcp/payment/x402.go	time	
mcp/payment/x402.go	github.com/ethereum/go-ethereum/crypto	
mcp/payment/x402.go	golang.org/x/crypto/sha3	
mcp/payment/x402.go	vl/mcp	
mcp/planner_policy.go	fmt	
mcp/planner_policy.go	os	
mcp/planner_policy.go	strconv	
mcp/planner_policy.go	strings	
mcp/planner_policy.go	time	
mcp/planner_policy.go	vl/security	
mcp/planner_policy_test.go	errors	
mcp/planner_policy_test.go	fmt	
mcp/planner_policy_test.go	net/http	
mcp/planner_policy_test.go	net/http/httptest	
mcp/planner_policy_test.go	regexp	
mcp/planner_policy_test.go	strings	
mcp/planner_policy_test.go	sync/atomic	
mcp/planner_policy_test.go	testing	
mcp/planner_policy_test.go	time	
mcp/provider/claude.go	encoding/json	
mcp/provider/claude.go	fmt	
mcp/provider/claude.go	net/http	
mcp/provider/claude.go	vl/mcp	
mcp/provider/deepseek.go	net/http	
mcp/provider/deepseek.go	vl/mcp	
mcp/provider/gemini.go	net/http	
mcp/provider/gemini.go	vl/mcp	
mcp/provider/grok.go	net/http	
mcp/provider/grok.go	vl/mcp	
mcp/provider/kimi.go	net/http	
mcp/provider/kimi.go	vl/mcp	
mcp/provider/minimax.go	net/http	
mcp/provider/minimax.go	vl/mcp	
mcp/provider/openai.go	net/http	
mcp/provider/openai.go	vl/mcp	
mcp/provider/options_test.go	testing	
mcp/provider/options_test.go	vl/mcp	
mcp/provider/qwen.go	net/http	
mcp/provider/qwen.go	vl/mcp	
mcp/request.go	context	
mcp/request_builder.go	errors	
mcp/request_builder_test.go	context	
mcp/request_builder_test.go	encoding/json	
mcp/request_builder_test.go	io	
mcp/request_builder_test.go	net/http	
mcp/request_builder_test.go	strings	
mcp/request_builder_test.go	testing	
mcp/request_builder_test.go	time	
mcp/stream_watchdog_test.go	errors	
mcp/stream_watchdog_test.go	fmt	
mcp/stream_watchdog_test.go	net/http	
mcp/stream_watchdog_test.go	net/http/httptest	
mcp/stream_watchdog_test.go	strings	
mcp/stream_watchdog_test.go	sync/atomic	
mcp/stream_watchdog_test.go	testing	
mcp/stream_watchdog_test.go	time	
mcp/transport_cut_probe_test.go	bufio	
mcp/transport_cut_probe_test.go	errors	
mcp/transport_cut_probe_test.go	fmt	
mcp/transport_cut_probe_test.go	net	
mcp/transport_cut_probe_test.go	net/http	
mcp/transport_cut_probe_test.go	net/http/httptest	
mcp/transport_cut_probe_test.go	strings	
mcp/transport_cut_probe_test.go	testing	
mcp/transport_cut_probe_test.go	time	
mcp/transport_trace.go	errors	
mcp/transport_trace.go	fmt	
mcp/transport_trace.go	net/http/httptrace	
mcp/transport_trace.go	sync/atomic	
mcp/transport_trace.go	time	
provider/alpaca/kline.go	context	
provider/alpaca/kline.go	encoding/json	
provider/alpaca/kline.go	fmt	
provider/alpaca/kline.go	io	
provider/alpaca/kline.go	net/http	
provider/alpaca/kline.go	net/url	
provider/alpaca/kline.go	vl/config	
provider/alpaca/kline.go	time	
provider/coinank/base_coin.go	context	
provider/coinank/base_coin.go	encoding/json	
provider/coinank/base_coin.go	vl/provider/coinank/coinank_enum	
provider/coinank/coinank_api/base_coin.go	context	
provider/coinank/coinank_api/base_coin.go	encoding/json	
provider/coinank/coinank_api/base_coin.go	vl/provider/coinank	
provider/coinank/coinank_api/base_coin.go	vl/provider/coinank/coinank_enum	
provider/coinank/coinank_api/base_coin_test.go	context	
provider/coinank/coinank_api/base_coin_test.go	encoding/json	
provider/coinank/coinank_api/base_coin_test.go	testing	
provider/coinank/coinank_api/depth_ws.go	context	
provider/coinank/coinank_api/depth_ws.go	encoding/json	
provider/coinank/coinank_api/depth_ws.go	vl/provider/coinank/coinank_enum	
provider/coinank/coinank_api/depth_ws.go	golang.org/x/net/websocket	
provider/coinank/coinank_api/depth_ws_test.go	context	
provider/coinank/coinank_api/depth_ws_test.go	encoding/json	
provider/coinank/coinank_api/depth_ws_test.go	fmt	
provider/coinank/coinank_api/depth_ws_test.go	vl/provider/coinank/coinank_enum	
provider/coinank/coinank_api/depth_ws_test.go	testing	
provider/coinank/coinank_api/depth_ws_test.go	time	
provider/coinank/coinank_api/kline.go	context	
provider/coinank/coinank_api/kline.go	encoding/json	
provider/coinank/coinank_api/kline.go	fmt	
provider/coinank/coinank_api/kline.go	io	
provider/coinank/coinank_api/kline.go	net/http	
provider/coinank/coinank_api/kline.go	net/url	
provider/coinank/coinank_api/kline.go	vl/provider/coinank	
provider/coinank/coinank_api/kline.go	vl/provider/coinank/coinank_enum	
provider/coinank/coinank_api/kline.go	strconv	
provider/coinank/coinank_api/kline.go	time	
provider/coinank/coinank_api/kline_test.go	context	
provider/coinank/coinank_api/kline_test.go	encoding/json	
provider/coinank/coinank_api/kline_test.go	fmt	
provider/coinank/coinank_api/kline_test.go	vl/provider/coinank/coinank_enum	
provider/coinank/coinank_api/kline_test.go	testing	
provider/coinank/coinank_api/kline_test.go	time	
provider/coinank/coinank_api/kline_ws.go	context	
provider/coinank/coinank_api/kline_ws.go	encoding/json	
provider/coinank/coinank_api/kline_ws.go	vl/provider/coinank	
provider/coinank/coinank_api/kline_ws.go	vl/provider/coinank/coinank_enum	
provider/coinank/coinank_api/kline_ws.go	strconv	
provider/coinank/coinank_api/kline_ws.go	strings	
provider/coinank/coinank_api/kline_ws.go	golang.org/x/net/websocket	
provider/coinank/coinank_api/kline_ws_test.go	context	
provider/coinank/coinank_api/kline_ws_test.go	encoding/json	
provider/coinank/coinank_api/kline_ws_test.go	fmt	
provider/coinank/coinank_api/kline_ws_test.go	vl/provider/coinank/coinank_enum	
provider/coinank/coinank_api/kline_ws_test.go	testing	
provider/coinank/coinank_api/kline_ws_test.go	time	
provider/coinank/coinank_http.go	bytes	
provider/coinank/coinank_http.go	context	
provider/coinank/coinank_http.go	encoding/json	
provider/coinank/coinank_http.go	errors	
provider/coinank/coinank_http.go	fmt	
provider/coinank/coinank_http.go	io	
provider/coinank/coinank_http.go	net/http	
provider/coinank/coinank_http.go	net/url	
provider/coinank/coinank_http.go	time	
provider/coinank/instrument_agg_rank.go	context	
provider/coinank/instrument_agg_rank.go	encoding/json	
provider/coinank/instrument_agg_rank.go	vl/provider/coinank/coinank_enum	
provider/coinank/instrument_agg_rank.go	strconv	
provider/coinank/instruments.go	context	
provider/coinank/instruments.go	encoding/json	
provider/coinank/instruments.go	vl/provider/coinank/coinank_enum	
provider/coinank/kline.go	context	
provider/coinank/kline.go	encoding/json	
provider/coinank/kline.go	vl/provider/coinank/coinank_enum	
provider/coinank/kline.go	strconv	
provider/coinank/liquidation.go	context	
provider/coinank/liquidation.go	encoding/json	
provider/coinank/liquidation.go	vl/provider/coinank/coinank_enum	
provider/coinank/liquidation.go	strconv	
provider/coinank/net_positions.go	context	
provider/coinank/net_positions.go	encoding/json	
provider/coinank/net_positions.go	vl/provider/coinank/coinank_enum	
provider/coinank/net_positions.go	strconv	
provider/coinank/open_interest.go	context	
provider/coinank/open_interest.go	encoding/json	
provider/coinank/open_interest.go	vl/provider/coinank/coinank_enum	
provider/coinank/open_interest.go	strconv	
provider/databento/client.go	context	
provider/databento/client.go	encoding/base64	
provider/databento/client.go	fmt	
provider/databento/client.go	io	
provider/databento/client.go	net/http	
provider/databento/client.go	net/url	
provider/databento/client.go	os	
provider/databento/client.go	strings	
provider/databento/client.go	sync	
provider/databento/client.go	time	
provider/databento/client.go	vl/internal/retry	
provider/databento/client.go	vl/telemetry	
provider/databento/contract_calendar.go	fmt	
provider/databento/contract_calendar.go	strings	
provider/databento/contract_calendar.go	time	
provider/databento/contract_calendar_test.go	testing	
provider/databento/contract_calendar_test.go	time	
provider/databento/historical.go	bufio	
provider/databento/historical.go	bytes	
provider/databento/historical.go	encoding/json	
provider/databento/historical.go	fmt	
provider/databento/historical.go	net/url	
provider/databento/historical.go	strconv	
provider/databento/historical.go	time	
provider/databento/historical_test.go	testing	
provider/databento/historical_test.go	time	
provider/databento/mock_server.go	io	
provider/databento/mock_server.go	net/http	
provider/databento/mock_server.go	net/http/httptest	
provider/databento/mock_server.go	os	
provider/databento/mock_server.go	path/filepath	
provider/databento/mock_server.go	testing	
provider/databento/mock_server_test.go	io	
provider/databento/mock_server_test.go	net/http	
provider/databento/mock_server_test.go	os	
provider/databento/mock_server_test.go	testing	
provider/databento/resolve.go	encoding/json	
provider/databento/resolve.go	fmt	
provider/databento/resolve.go	net/url	
provider/databento/resolve.go	time	
provider/databento/resolve_test.go	testing	
provider/hyperliquid/coins.go	bytes	
provider/hyperliquid/coins.go	context	
provider/hyperliquid/coins.go	encoding/json	
provider/hyperliquid/coins.go	fmt	
provider/hyperliquid/coins.go	net/http	
provider/hyperliquid/coins.go	vl/logger	
provider/hyperliquid/coins.go	sort	
provider/hyperliquid/coins.go	sync	
provider/hyperliquid/coins.go	time	
provider/hyperliquid/kline.go	bytes	
provider/hyperliquid/kline.go	context	
provider/hyperliquid/kline.go	encoding/json	
provider/hyperliquid/kline.go	fmt	
provider/hyperliquid/kline.go	io	
provider/hyperliquid/kline.go	net/http	
provider/hyperliquid/kline.go	strings	
provider/hyperliquid/kline.go	time	
provider/hyperliquid/kline_test.go	context	
provider/hyperliquid/kline_test.go	encoding/json	
provider/hyperliquid/kline_test.go	fmt	
provider/hyperliquid/kline_test.go	testing	
provider/hyperliquid/kline_test.go	time	
provider/ninjatrader/bar_cache.go	strings	
provider/ninjatrader/bar_cache.go	sync	
provider/ninjatrader/bar_cache.go	time	
provider/ninjatrader/bar_cache_test.go	sync	
provider/ninjatrader/bar_cache_test.go	testing	
provider/ninjatrader/bar_persist.go	fmt	
provider/ninjatrader/bar_persist.go	os	
provider/ninjatrader/bar_persist.go	strconv	
provider/ninjatrader/bar_persist.go	strings	
provider/ninjatrader/bar_persist.go	sync	
provider/ninjatrader/bar_persist.go	sync/atomic	
provider/ninjatrader/bar_persist.go	time	
provider/ninjatrader/bar_persist.go	vl/logger	
provider/ninjatrader/bar_persist_closes_test.go	sync	
provider/ninjatrader/bar_persist_closes_test.go	testing	
provider/ninjatrader/bar_persist_closes_test.go	time	
provider/ninjatrader/bar_persist_counter_test.go	testing	
provider/ninjatrader/bar_persist_counter_test.go	time	
provider/ninjatrader/bar_persist_test.go	sync/atomic	
provider/ninjatrader/bar_persist_test.go	testing	
provider/ninjatrader/bar_persist_test.go	time	
provider/ninjatrader/bar_persist_watchdog_test.go	os	
provider/ninjatrader/bar_persist_watchdog_test.go	strings	
provider/ninjatrader/bar_persist_watchdog_test.go	testing	
provider/ninjatrader/bar_persist_watchdog_test.go	time	
provider/ninjatrader/bar_rehydrate_test.go	testing	
provider/ninjatrader/bar_source.go	math	
provider/ninjatrader/bar_source.go	os	
provider/ninjatrader/bar_source.go	strconv	
provider/ninjatrader/bar_source.go	strings	
provider/ninjatrader/bar_source.go	sync	
provider/ninjatrader/bar_source.go	time	
provider/ninjatrader/bar_source_test.go	sync	
provider/ninjatrader/bar_source_test.go	testing	
provider/ninjatrader/bar_source_test.go	time	
provider/ninjatrader/closed_cache_tail_test.go	testing	
provider/ninjatrader/contract_roll.go	strings	
provider/ninjatrader/contract_roll.go	sync	
provider/ninjatrader/contract_roll.go	time	
provider/ninjatrader/contract_roll_test.go	testing	
provider/ninjatrader/contract_roll_test.go	time	
provider/ninjatrader/csv_tailer.go	bufio	
provider/ninjatrader/csv_tailer.go	context	
provider/ninjatrader/csv_tailer.go	fmt	
provider/ninjatrader/csv_tailer.go	os	
provider/ninjatrader/csv_tailer.go	path/filepath	
provider/ninjatrader/csv_tailer.go	strconv	
provider/ninjatrader/csv_tailer.go	strings	
provider/ninjatrader/csv_tailer.go	time	
provider/ninjatrader/csv_tailer_test.go	context	
provider/ninjatrader/csv_tailer_test.go	os	
provider/ninjatrader/csv_tailer_test.go	path/filepath	
provider/ninjatrader/csv_tailer_test.go	sync	
provider/ninjatrader/csv_tailer_test.go	testing	
provider/ninjatrader/csv_tailer_test.go	time	
provider/ninjatrader/csv_writer.go	context	
provider/ninjatrader/csv_writer.go	fmt	
provider/ninjatrader/csv_writer.go	os	
provider/ninjatrader/csv_writer.go	path/filepath	
provider/ninjatrader/csv_writer.go	strings	
provider/ninjatrader/csv_writer.go	sync	
provider/ninjatrader/csv_writer.go	vl/internal/retry	
provider/ninjatrader/csv_writer_test.go	os	
provider/ninjatrader/csv_writer_test.go	path/filepath	
provider/ninjatrader/csv_writer_test.go	strings	
provider/ninjatrader/csv_writer_test.go	testing	
provider/ninjatrader/echo_verify.go	net	
provider/ninjatrader/echo_verify.go	sort	
provider/ninjatrader/echo_verify.go	time	
provider/ninjatrader/echo_verify.go	vl/discipline	
provider/ninjatrader/echo_verify_test.go	bytes	
provider/ninjatrader/echo_verify_test.go	encoding/json	
provider/ninjatrader/echo_verify_test.go	testing	
provider/ninjatrader/echo_verify_test.go	vl/discipline	
provider/ninjatrader/f12_bootline_test.go	strings	
provider/ninjatrader/f12_bootline_test.go	testing	
provider/ninjatrader/f12_bootline_test.go	time	
provider/ninjatrader/f12_sink_boot_order_test.go	context	
provider/ninjatrader/f12_sink_boot_order_test.go	os	
provider/ninjatrader/f12_sink_boot_order_test.go	path/filepath	
provider/ninjatrader/f12_sink_boot_order_test.go	sync/atomic	
provider/ninjatrader/f12_sink_boot_order_test.go	testing	
provider/ninjatrader/f12_sink_boot_order_test.go	time	
provider/ninjatrader/f12_sink_boot_order_test.go	vl/store	
provider/ninjatrader/fanout_router_test.go	testing	
provider/ninjatrader/fanout_router_test.go	time	
provider/ninjatrader/fanout_same_symbol_test.go	fmt	
provider/ninjatrader/fanout_same_symbol_test.go	sync	
provider/ninjatrader/fanout_same_symbol_test.go	testing	
provider/ninjatrader/fanout_same_symbol_test.go	time	
provider/ninjatrader/feed_freshness_test.go	testing	
provider/ninjatrader/feed_freshness_test.go	time	
provider/ninjatrader/flush_pending_test.go	net	
provider/ninjatrader/flush_pending_test.go	testing	
provider/ninjatrader/flush_pending_test.go	time	
provider/ninjatrader/mock_nt.go	bufio	
provider/ninjatrader/mock_nt.go	context	
provider/ninjatrader/mock_nt.go	fmt	
provider/ninjatrader/mock_nt.go	os	
provider/ninjatrader/mock_nt.go	path/filepath	
provider/ninjatrader/mock_nt.go	strconv	
provider/ninjatrader/mock_nt.go	strings	
provider/ninjatrader/mock_nt.go	sync	
provider/ninjatrader/mock_nt.go	time	
provider/ninjatrader/mock_nt_test.go	bufio	
provider/ninjatrader/mock_nt_test.go	os	
provider/ninjatrader/mock_nt_test.go	path/filepath	
provider/ninjatrader/mock_nt_test.go	strings	
provider/ninjatrader/mock_nt_test.go	testing	
provider/ninjatrader/mock_nt_test.go	time	
provider/ninjatrader/move_stop_test.go	bytes	
provider/ninjatrader/move_stop_test.go	encoding/json	
provider/ninjatrader/move_stop_test.go	testing	
provider/ninjatrader/multisymbol_subscribe_test.go	bytes	
provider/ninjatrader/multisymbol_subscribe_test.go	encoding/json	
provider/ninjatrader/multisymbol_subscribe_test.go	reflect	
provider/ninjatrader/multisymbol_subscribe_test.go	testing	
provider/ninjatrader/nt_addr_test.go	testing	
provider/ninjatrader/open_stamp_test.go	testing	
provider/ninjatrader/order_snapshot.go	encoding/json	
provider/ninjatrader/order_snapshot.go	fmt	
provider/ninjatrader/order_snapshot.go	strings	
provider/ninjatrader/order_snapshot.go	sync	
provider/ninjatrader/order_snapshot.go	time	
provider/ninjatrader/order_snapshot_test.go	encoding/json	
provider/ninjatrader/order_snapshot_test.go	testing	
provider/ninjatrader/order_snapshot_test.go	time	
provider/ninjatrader/order_state.go	strings	
provider/ninjatrader/order_state_test.go	testing	
provider/ninjatrader/placeholder_bars_test.go	testing	
provider/ninjatrader/research_wire.go	encoding/json	
provider/ninjatrader/research_wire.go	fmt	
provider/ninjatrader/research_wire.go	vl/researchsnapshot	
provider/ninjatrader/research_wire.go	time	
provider/ninjatrader/research_wire_test.go	context	
provider/ninjatrader/research_wire_test.go	encoding/json	
provider/ninjatrader/research_wire_test.go	math	
provider/ninjatrader/research_wire_test.go	net	
provider/ninjatrader/research_wire_test.go	vl/researchsnapshot	
provider/ninjatrader/research_wire_test.go	path/filepath	
provider/ninjatrader/research_wire_test.go	testing	
provider/ninjatrader/research_wire_test.go	time	
provider/ninjatrader/runtime_symbols_test.go	bytes	
provider/ninjatrader/runtime_symbols_test.go	encoding/json	
provider/ninjatrader/runtime_symbols_test.go	testing	
provider/ninjatrader/signal_age_test.go	net	
provider/ninjatrader/signal_age_test.go	strings	
provider/ninjatrader/signal_age_test.go	testing	
provider/ninjatrader/signal_age_test.go	time	
provider/ninjatrader/tcp_client_mock.go	context	
provider/ninjatrader/tcp_client_mock.go	encoding/json	
provider/ninjatrader/tcp_client_mock.go	errors	
provider/ninjatrader/tcp_client_mock.go	fmt	
provider/ninjatrader/tcp_client_mock.go	io	
provider/ninjatrader/tcp_client_mock.go	log/slog	
provider/ninjatrader/tcp_client_mock.go	net	
provider/ninjatrader/tcp_client_mock.go	sync	
provider/ninjatrader/tcp_client_mock.go	time	
provider/ninjatrader/tcp_framing.go	encoding/binary	
provider/ninjatrader/tcp_framing.go	encoding/json	
provider/ninjatrader/tcp_framing.go	errors	
provider/ninjatrader/tcp_framing.go	fmt	
provider/ninjatrader/tcp_framing.go	io	
provider/ninjatrader/tcp_framing_bars_test.go	bytes	
provider/ninjatrader/tcp_framing_bars_test.go	encoding/json	
provider/ninjatrader/tcp_framing_bars_test.go	reflect	
provider/ninjatrader/tcp_framing_bars_test.go	testing	
provider/ninjatrader/tcp_framing_test.go	bytes	
provider/ninjatrader/tcp_framing_test.go	encoding/binary	
provider/ninjatrader/tcp_framing_test.go	encoding/json	
provider/ninjatrader/tcp_framing_test.go	errors	
provider/ninjatrader/tcp_framing_test.go	io	
provider/ninjatrader/tcp_framing_test.go	strings	
provider/ninjatrader/tcp_framing_test.go	testing	
provider/ninjatrader/tcp_server.go	context	
provider/ninjatrader/tcp_server.go	encoding/json	
provider/ninjatrader/tcp_server.go	errors	
provider/ninjatrader/tcp_server.go	fmt	
provider/ninjatrader/tcp_server.go	io	
provider/ninjatrader/tcp_server.go	log/slog	
provider/ninjatrader/tcp_server.go	math	
provider/ninjatrader/tcp_server.go	net	
provider/ninjatrader/tcp_server.go	os	
provider/ninjatrader/tcp_server.go	strconv	
provider/ninjatrader/tcp_server.go	strings	
provider/ninjatrader/tcp_server.go	sync	
provider/ninjatrader/tcp_server.go	sync/atomic	
provider/ninjatrader/tcp_server.go	time	
provider/ninjatrader/tcp_server_account_test.go	context	
provider/ninjatrader/tcp_server_account_test.go	testing	
provider/ninjatrader/tcp_server_account_test.go	time	
provider/ninjatrader/tcp_server_accounts_test.go	context	
provider/ninjatrader/tcp_server_accounts_test.go	sync	
provider/ninjatrader/tcp_server_accounts_test.go	testing	
provider/ninjatrader/tcp_server_accounts_test.go	time	
provider/ninjatrader/tcp_server_bars_test.go	context	
provider/ninjatrader/tcp_server_bars_test.go	testing	
provider/ninjatrader/tcp_server_bars_test.go	time	
provider/ninjatrader/tcp_server_close_rejected_test.go	context	
provider/ninjatrader/tcp_server_close_rejected_test.go	testing	
provider/ninjatrader/tcp_server_close_rejected_test.go	time	
provider/ninjatrader/tcp_server_close_test.go	context	
provider/ninjatrader/tcp_server_close_test.go	testing	
provider/ninjatrader/tcp_server_close_test.go	time	
provider/ninjatrader/tcp_server_feed_status_test.go	context	
provider/ninjatrader/tcp_server_feed_status_test.go	testing	
provider/ninjatrader/tcp_server_feed_status_test.go	time	
provider/ninjatrader/tcp_server_ingest_burst_test.go	testing	
provider/ninjatrader/tcp_server_instrument_info_test.go	context	
provider/ninjatrader/tcp_server_instrument_info_test.go	testing	
provider/ninjatrader/tcp_server_instrument_info_test.go	time	
provider/ninjatrader/tcp_server_positions_test.go	context	
provider/ninjatrader/tcp_server_positions_test.go	testing	
provider/ninjatrader/tcp_server_positions_test.go	time	
provider/ninjatrader/tcp_server_t8_test.go	testing	
provider/ninjatrader/tcp_server_test.go	context	
provider/ninjatrader/tcp_server_test.go	net	
provider/ninjatrader/tcp_server_test.go	testing	
provider/ninjatrader/tcp_server_test.go	time	
provider/ninjatrader/timeframes_parity_test.go	testing	
provider/ninjatrader/timeframes_parity_test.go	vl/store	
provider/ninjatrader/types.go	fmt	
provider/ninjatrader/types.go	strings	
provider/vlos/ai500.go	encoding/json	
provider/vlos/ai500.go	fmt	
provider/vlos/ai500.go	log	
provider/vlos/ai500.go	strings	
provider/vlos/ai500.go	time	
provider/vlos/claw402.go	context	
provider/vlos/claw402.go	crypto/ecdsa	
provider/vlos/claw402.go	fmt	
provider/vlos/claw402.go	net/http	
provider/vlos/claw402.go	vl/mcp	
provider/vlos/claw402.go	vl/mcp/payment	
provider/vlos/claw402.go	os	
provider/vlos/claw402.go	strings	
provider/vlos/claw402.go	time	
provider/vlos/claw402.go	github.com/ethereum/go-ethereum/crypto	
provider/vlos/client.go	io/ioutil	
provider/vlos/client.go	net/http	
provider/vlos/client.go	vl/security	
provider/vlos/client.go	strings	
provider/vlos/client.go	sync	
provider/vlos/client.go	time	
provider/vlos/coin.go	encoding/json	
provider/vlos/coin.go	fmt	
provider/vlos/coin.go	log	
provider/vlos/coin.go	strings	
provider/vlos/netflow.go	encoding/json	
provider/vlos/netflow.go	fmt	
provider/vlos/netflow.go	log	
provider/vlos/netflow.go	strings	
provider/vlos/netflow.go	time	
provider/vlos/oi.go	encoding/json	
provider/vlos/oi.go	fmt	
provider/vlos/oi.go	log	
provider/vlos/oi.go	strings	
provider/vlos/oi.go	time	
provider/vlos/price.go	encoding/json	
provider/vlos/price.go	fmt	
provider/vlos/price.go	log	
provider/vlos/price.go	strings	
provider/vlos/price.go	time	
provider/vlos/util.go	fmt	
provider/twelvedata/kline.go	context	
provider/twelvedata/kline.go	encoding/json	
provider/twelvedata/kline.go	fmt	
provider/twelvedata/kline.go	io	
provider/twelvedata/kline.go	net/http	
provider/twelvedata/kline.go	net/url	
provider/twelvedata/kline.go	vl/config	
provider/twelvedata/kline.go	strconv	
provider/twelvedata/kline.go	time	
researchsnapshot/archive.go	context	
researchsnapshot/archive.go	crypto/sha256	
researchsnapshot/archive.go	database/sql	
researchsnapshot/archive.go	encoding/hex	
researchsnapshot/archive.go	encoding/json	
researchsnapshot/archive.go	errors	
researchsnapshot/archive.go	fmt	
researchsnapshot/archive.go	net/url	
researchsnapshot/archive.go	os	
researchsnapshot/archive.go	path/filepath	
researchsnapshot/archive.go	sort	
researchsnapshot/archive.go	time	
researchsnapshot/archive.go	modernc.org/sqlite	_
researchsnapshot/fact.go	bytes	
researchsnapshot/fact.go	encoding/json	
researchsnapshot/fact.go	fmt	
researchsnapshot/fact.go	reflect	
researchsnapshot/plan.go	crypto/sha256	
researchsnapshot/plan.go	encoding/hex	
researchsnapshot/plan.go	encoding/json	
researchsnapshot/plan.go	time	
researchsnapshot/recorder.go	context	
researchsnapshot/recorder.go	fmt	
researchsnapshot/recorder.go	sync	
researchsnapshot/recorder.go	sync/atomic	
researchsnapshot/recorder.go	time	
researchsnapshot/recorder_test.go	bytes	
researchsnapshot/recorder_test.go	context	
researchsnapshot/recorder_test.go	encoding/json	
researchsnapshot/recorder_test.go	errors	
researchsnapshot/recorder_test.go	path/filepath	
researchsnapshot/recorder_test.go	strings	
researchsnapshot/recorder_test.go	sync	
researchsnapshot/recorder_test.go	testing	
researchsnapshot/recorder_test.go	time	
researchsnapshot/runtime.go	context	
researchsnapshot/runtime.go	fmt	
researchsnapshot/runtime.go	runtime/debug	
researchsnapshot/runtime.go	sync/atomic	
researchsnapshot/runtime.go	time	
researchsnapshot/runtime_test.go	context	
researchsnapshot/runtime_test.go	encoding/json	
researchsnapshot/runtime_test.go	os	
researchsnapshot/runtime_test.go	path/filepath	
researchsnapshot/runtime_test.go	strconv	
researchsnapshot/runtime_test.go	strings	
researchsnapshot/runtime_test.go	testing	
researchsnapshot/runtime_test.go	time	
researchsnapshot/wiring_test.go	go/ast	
researchsnapshot/wiring_test.go	go/parser	
researchsnapshot/wiring_test.go	go/token	
researchsnapshot/wiring_test.go	path/filepath	
researchsnapshot/wiring_test.go	testing	
safe/go.go	fmt	
safe/go.go	vl/logger	
safe/go.go	runtime/debug	
safe/io.go	fmt	
safe/io.go	io	
security/url_validator.go	context	
security/url_validator.go	fmt	
security/url_validator.go	net	
security/url_validator.go	net/http	
security/url_validator.go	net/url	
security/url_validator.go	strings	
security/url_validator.go	time	
store/ab_confirm.go	fmt	
store/ab_confirm.go	math	
store/ab_confirm.go	os	
store/ab_confirm.go	os/exec	
store/ab_confirm.go	path/filepath	
store/ab_confirm.go	strings	
store/ab_confirm.go	time	
store/ab_confirm.go	gorm.io/gorm	
store/ab_confirm_backfill_test.go	path/filepath	
store/ab_confirm_backfill_test.go	testing	
store/acceptance_rule_migration_test.go	encoding/json	
store/acceptance_rule_migration_test.go	path/filepath	
store/acceptance_rule_migration_test.go	strings	
store/acceptance_rule_migration_test.go	testing	
store/accepted_risk.go	time	
store/accepted_risk.go	gorm.io/gorm	
store/accepted_risk_test.go	path/filepath	
store/accepted_risk_test.go	testing	
store/adherence_regrade.go	fmt	
store/adherence_regrade.go	os	
store/adherence_regrade.go	os/exec	
store/adherence_regrade.go	path/filepath	
store/adherence_regrade.go	strings	
store/adherence_regrade.go	vl/logger	
store/adherence_regrade_test.go	path/filepath	
store/adherence_regrade_test.go	testing	
store/ai_charge.go	time	
store/ai_charge.go	gorm.io/gorm	
store/ai_model.go	errors	
store/ai_model.go	fmt	
store/ai_model.go	vl/crypto	
store/ai_model.go	vl/logger	
store/ai_model.go	os	
store/ai_model.go	strings	
store/ai_model.go	time	
store/ai_model.go	github.com/google/uuid	
store/ai_model.go	gorm.io/gorm	
store/ai_model_multi_test.go	path/filepath	
store/ai_model_multi_test.go	testing	
store/ai_model_multi_test.go	time	
store/alert.go	errors	
store/alert.go	fmt	
store/alert.go	gorm.io/gorm	
store/alert_dismiss_test.go	errors	
store/alert_dismiss_test.go	path/filepath	
store/alert_dismiss_test.go	testing	
store/alert_test.go	path/filepath	
store/alert_test.go	testing	
store/arm_normalized_counter.go	fmt	
store/arm_normalized_counter.go	strconv	
store/arm_normalized_counter.go	strings	
store/arm_state.go	fmt	
store/arm_state.go	sort	
store/arm_state.go	strconv	
store/arm_state.go	strings	
store/arm_state.go	unicode	
store/arm_state_source_guard_test.go	go/ast	
store/arm_state_source_guard_test.go	go/parser	
store/arm_state_source_guard_test.go	go/token	
store/arm_state_source_guard_test.go	os	
store/arm_state_source_guard_test.go	os/exec	
store/arm_state_source_guard_test.go	path/filepath	
store/arm_state_source_guard_test.go	regexp	
store/arm_state_source_guard_test.go	strconv	
store/arm_state_source_guard_test.go	strings	
store/arm_state_source_guard_test.go	testing	
store/arm_state_test.go	strings	
store/arm_state_test.go	testing	
store/armed_append_only_test.go	strings	
store/armed_append_only_test.go	testing	
store/armed_append_only_test.go	time	
store/armed_orders.go	fmt	
store/armed_orders.go	time	
store/armed_orders.go	gorm.io/gorm	
store/armed_orders.go	strings	
store/armed_orders.go	vl/logger	
store/armed_orders_test.go	strings	
store/armed_orders_test.go	testing	
store/armed_orders_test.go	time	
store/armed_orders_test.go	gorm.io/driver/sqlite	
store/armed_orders_test.go	gorm.io/gorm	
store/armed_placement_dup_test.go	testing	
store/armed_placement_dup_test.go	time	
store/attainable_entry_test.go	testing	
store/attribution.go	fmt	
store/attribution.go	strings	
store/attribution.go	time	
store/attribution.go	vl/logger	
store/attribution_era_test.go	path/filepath	
store/attribution_era_test.go	testing	
store/attribution_test.go	path/filepath	
store/attribution_test.go	strings	
store/attribution_test.go	testing	
store/attribution_test.go	time	
store/bar_contract_roll.go	fmt	
store/bar_contract_roll.go	strings	
store/bar_contract_roll_test.go	path/filepath	
store/bar_contract_roll_test.go	testing	
store/bar_history.go	fmt	
store/bar_history.go	os	
store/bar_history.go	strconv	
store/bar_history.go	strings	
store/bar_history.go	time	
store/bar_history.go	gorm.io/gorm	
store/bar_history_test.go	path/filepath	
store/bar_history_test.go	testing	
store/bar_history_test.go	time	
store/bar_source.go	fmt	
store/bar_source.go	strings	
store/bar_source_test.go	testing	
store/boot_sweep.go	fmt	
store/boot_sweep.go	os	
store/boot_sweep.go	strconv	
store/boot_sweep.go	strings	
store/boot_sweep.go	sync	
store/boot_sweep.go	time	
store/boot_sweep.go	gorm.io/gorm	
store/calendar.go	fmt	
store/calendar.go	gorm.io/gorm	
store/calendar_test.go	strings	
store/calendar_test.go	testing	
store/cancel_budget_boot_test.go	testing	
store/cancel_lifecycle_test.go	strings	
store/cancel_lifecycle_test.go	testing	
store/cancel_lifecycle_test.go	time	
store/candidate_pool.go	time	
store/candidate_pool.go	gorm.io/gorm	
store/class33_boot_sweep_test.go	path/filepath	
store/class33_boot_sweep_test.go	testing	
store/class33_boot_sweep_test.go	time	
store/class33_boot_sweep_test.go	gorm.io/driver/sqlite	
store/class33_boot_sweep_test.go	gorm.io/gorm	
store/class39_store_test.go	fmt	
store/class39_store_test.go	path/filepath	
store/class39_store_test.go	testing	
store/class39_store_test.go	time	
store/class47_counters.go	fmt	
store/config_diff.go	encoding/json	
store/config_diff.go	fmt	
store/config_diff.go	sort	
store/config_diff.go	strings	
store/config_diff.go	time	
store/config_diff.go	gorm.io/gorm	
store/config_diff_test.go	path/filepath	
store/config_diff_test.go	strings	
store/config_diff_test.go	testing	
store/consecutive_loss_test.go	path/filepath	
store/consecutive_loss_test.go	testing	
store/consecutive_loss_unknown_test.go	path/filepath	
store/consecutive_loss_unknown_test.go	testing	
store/consecutive_loss_unknown_test.go	time	
store/continuous.go	fmt	
store/decision.go	encoding/json	
store/decision.go	fmt	
store/decision.go	time	
store/decision.go	gorm.io/gorm	
store/decision_test.go	encoding/json	
store/decision_test.go	testing	
store/decision_test.go	time	
store/digest.go	fmt	
store/digest.go	gorm.io/gorm	
store/digest_test.go	path/filepath	
store/digest_test.go	testing	
store/driver.go	database/sql	
store/driver.go	fmt	
store/driver.go	os	
store/driver.go	strings	
store/driver.go	github.com/lib/pq	_
store/driver.go	modernc.org/sqlite	_
store/episode_boot_line.go	fmt	
store/episode_boot_line_test.go	strings	
store/episode_boot_line_test.go	testing	
store/episode_detector_scope.go	os	
store/episode_detector_scope.go	strconv	
store/episode_detector_scope.go	strings	
store/equity.go	fmt	
store/equity.go	time	
store/equity.go	gorm.io/gorm	
store/exchange.go	fmt	
store/exchange.go	vl/crypto	
store/exchange.go	vl/logger	
store/exchange.go	strings	
store/exchange.go	time	
store/exchange.go	github.com/google/uuid	
store/exchange.go	gorm.io/gorm	
store/exit_cause_test.go	path/filepath	
store/exit_cause_test.go	testing	
store/exit_cause_test.go	time	
store/fade_or_history.go	sort	
store/fade_or_history.go	time	
store/fade_stamp.go	encoding/json	
store/fade_stamp.go	strings	
store/fade_stamp.go	gorm.io/gorm	
store/fade_stamp_test.go	testing	
store/gorm.go	fmt	
store/gorm.go	time	
store/gorm.go	gorm.io/driver/postgres	
store/gorm.go	gorm.io/driver/sqlite	
store/gorm.go	gorm.io/gorm	
store/gorm.go	gorm.io/gorm/logger	
store/grid.go	fmt	
store/grid.go	time	
store/grid.go	gorm.io/gorm	
store/history_import_test.go	strings	
store/history_import_test.go	testing	
store/history_import_test.go	time	
store/idle_outcome.go	fmt	
store/idle_outcome.go	sort	
store/idle_outcome.go	strings	
store/idle_outcome_test.go	path/filepath	
store/idle_outcome_test.go	strings	
store/idle_outcome_test.go	testing	
store/idle_outcome_test.go	time	
store/indicator_fingerprint.go	crypto/sha256	
store/indicator_fingerprint.go	encoding/json	
store/indicator_fingerprint.go	fmt	
store/indicator_fingerprint_test.go	testing	
store/indicator_periods_test.go	testing	
store/knob_method_readers_test.go	fmt	
store/knob_method_readers_test.go	go/ast	
store/knob_method_readers_test.go	go/parser	
store/knob_method_readers_test.go	go/token	
store/knob_method_readers_test.go	os	
store/knob_method_readers_test.go	path/filepath	
store/knob_method_readers_test.go	reflect	
store/knob_method_readers_test.go	sort	
store/knob_method_readers_test.go	strings	
store/knob_method_readers_test.go	testing	
store/knob_registry.go	fmt	
store/knob_registry.go	reflect	
store/knob_registry.go	sort	
store/knob_registry.go	strings	
store/knob_registry_test.go	sort	
store/knob_registry_test.go	strings	
store/knob_registry_test.go	testing	
store/level_identity.go	encoding/base64	
store/level_identity.go	encoding/json	
store/level_identity.go	fmt	
store/level_identity.go	vl/levelidentity	
store/level_identity.go	strings	
store/level_identity.go	time	
store/level_identity_test.go	vl/levelidentity	
store/level_identity_test.go	strings	
store/level_identity_test.go	testing	
store/level_identity_test.go	time	
store/level_state.go	fmt	
store/level_state.go	strings	
store/level_state.go	time	
store/level_state.go	gorm.io/gorm	
store/level_state_aging_test.go	fmt	
store/level_state_aging_test.go	path/filepath	
store/level_state_aging_test.go	testing	
store/level_state_aging_test.go	time	
store/level_state_rearm_test.go	testing	
store/level_state_test.go	path/filepath	
store/level_state_test.go	testing	
store/level_state_trader_test.go	path/filepath	
store/level_state_trader_test.go	testing	
store/level_stats.go	time	
store/level_stats.go	gorm.io/gorm	
store/log_event.go	os	
store/log_event.go	strconv	
store/log_event.go	sync	
store/log_event.go	sync/atomic	
store/log_event.go	time	
store/log_event.go	gorm.io/gorm	
store/log_event_test.go	path/filepath	
store/log_event_test.go	testing	
store/log_event_test.go	time	
store/matched_random.go	fmt	
store/matched_random.go	gorm.io/gorm	
store/matched_random_reset_test.go	path/filepath	
store/matched_random_reset_test.go	testing	
store/matched_random_test.go	path/filepath	
store/matched_random_test.go	testing	
store/nt8_order_snapshot.go	time	
store/nt8_order_snapshot.go	gorm.io/gorm	
store/one_setup.go	encoding/json	
store/one_setup.go	fmt	
store/one_setup.go	math	
store/one_setup.go	strings	
store/one_setup.go	time	
store/one_setup.go	gorm.io/gorm	
store/one_setup_test.go	testing	
store/opportunity_backfill_test.go	testing	
store/opportunity_close.go	strings	
store/opportunity_close.go	gorm.io/gorm	
store/opportunity_close_test.go	testing	
store/opportunity_close_test.go	time	
store/opportunity_outcome_test.go	testing	
store/order.go	errors	
store/order.go	fmt	
store/order.go	strconv	
store/order.go	time	
store/order.go	gorm.io/gorm	
store/owner_level.go	fmt	
store/owner_level.go	gorm.io/gorm	
store/owner_level_scope_test.go	path/filepath	
store/owner_level_scope_test.go	testing	
store/placement_truth_test.go	testing	
store/plan.go	fmt	
store/plan.go	vl/logger	
store/plan.go	sync	
store/plan.go	time	
store/plan.go	gorm.io/gorm	
store/plan_identity_test.go	testing	
store/plan_lifecycle_log_test.go	path/filepath	
store/plan_lifecycle_log_test.go	testing	
store/plan_liveness.go	encoding/json	
store/plan_liveness.go	fmt	
store/plan_liveness.go	github.com/google/uuid	
store/plan_liveness.go	math	
store/plan_liveness.go	time	
store/plan_liveness_test.go	encoding/json	
store/plan_liveness_test.go	fmt	
store/plan_liveness_test.go	github.com/google/uuid	
store/plan_liveness_test.go	sync	
store/plan_liveness_test.go	testing	
store/plan_liveness_test.go	time	
store/plan_qa.go	fmt	
store/plan_qa.go	gorm.io/gorm	
store/plan_qa_test.go	path/filepath	
store/plan_qa_test.go	testing	
store/plan_test.go	path/filepath	
store/plan_test.go	strings	
store/plan_test.go	sync	
store/plan_test.go	testing	
store/plan_versions_test.go	path/filepath	
store/plan_versions_test.go	testing	
store/planner_read_facts.go	encoding/json	
store/planner_read_facts.go	time	
store/planner_read_facts.go	gorm.io/gorm	
store/planner_read_facts_test.go	encoding/json	
store/planner_read_facts_test.go	path/filepath	
store/planner_read_facts_test.go	testing	
store/planner_rejected.go	time	
store/planner_rejected.go	gorm.io/gorm	
store/planner_rejected_cap_test.go	fmt	
store/planner_rejected_cap_test.go	path/filepath	
store/planner_rejected_cap_test.go	testing	
store/planner_rejected_test.go	path/filepath	
store/planner_rejected_test.go	strings	
store/planner_rejected_test.go	testing	
store/pnl_correction.go	fmt	
store/pnl_correction.go	time	
store/pnl_correction.go	vl/logger	
store/pnl_correction_t7_test.go	math	
store/pnl_correction_t7_test.go	path/filepath	
store/pnl_correction_t7_test.go	testing	
store/pnl_correction_t7_test.go	time	
store/pnl_correction_test.go	math	
store/pnl_correction_test.go	path/filepath	
store/pnl_correction_test.go	testing	
store/pnl_correction_test.go	time	
store/pnl_surface_guard.go	fmt	
store/pnl_surface_guard_test.go	os	
store/pnl_surface_guard_test.go	path/filepath	
store/pnl_surface_guard_test.go	regexp	
store/pnl_surface_guard_test.go	strings	
store/pnl_surface_guard_test.go	testing	
store/pnl_truth_test.go	path/filepath	
store/pnl_truth_test.go	testing	
store/position.go	fmt	
store/position.go	math	
store/position.go	strconv	
store/position.go	strings	
store/position.go	time	
store/position.go	gorm.io/gorm	
store/position_backfill.go	encoding/json	
store/position_backfill.go	time	
store/position_backfill.go	vl/logger	
store/position_builder.go	fmt	
store/position_builder.go	math	
store/position_builder.go	vl/logger	
store/position_builder.go	strings	
store/position_builder.go	time	
store/position_entry_test.go	path/filepath	
store/position_entry_test.go	testing	
store/position_excursion_null.go	fmt	
store/position_excursion_null.go	vl/logger	
store/position_excursion_test.go	path/filepath	
store/position_excursion_test.go	testing	
store/position_history.go	fmt	
store/position_history.go	strings	
store/position_history.go	time	
store/position_history.go	gorm.io/gorm	
store/position_plan_link_test.go	path/filepath	
store/position_plan_link_test.go	testing	
store/position_query.go	fmt	
store/position_query.go	math	
store/position_query.go	strings	
store/position_side_casing_test.go	path/filepath	
store/position_side_casing_test.go	strings	
store/position_side_casing_test.go	testing	
store/post_loss_counter.go	fmt	
store/post_loss_counter.go	time	
store/preserve_ai_config_test.go	testing	
store/repair_counters.go	fmt	
store/repair_counters.go	strconv	
store/repair_counters.go	strings	
store/replan_budget_test.go	os	
store/replan_budget_test.go	path/filepath	
store/replan_budget_test.go	regexp	
store/replan_budget_test.go	strings	
store/replan_budget_test.go	testing	
store/research_record.go	vl/researchsnapshot	
store/research_record.go	time	
store/reset_baseline_test.go	path/filepath	
store/reset_baseline_test.go	testing	
store/resolve_source.go	strings	
store/resolve_source_test.go	testing	
store/scenario_link.go	math	
store/scenario_link_test.go	testing	
store/seam_grading.go	fmt	
store/seam_grading.go	strings	
store/seam_grading.go	vl/logger	
store/seam_grading_test.go	path/filepath	
store/seam_grading_test.go	strings	
store/seam_grading_test.go	testing	
store/seam_grading_test.go	time	
store/seam_wiring_pin_test.go	os	
store/seam_wiring_pin_test.go	path/filepath	
store/seam_wiring_pin_test.go	strings	
store/seam_wiring_pin_test.go	testing	
store/seam_wiring_pin_test.go	time	
store/session_profile.go	fmt	
store/session_profile.go	gorm.io/gorm	
store/session_profile_test.go	testing	
store/shadow_ab_counter.go	fmt	
store/shadow_ab_counter.go	strconv	
store/shadow_ab_counter.go	strings	
store/side_quota_test.go	encoding/json	
store/side_quota_test.go	testing	
store/store.go	database/sql	
store/store.go	fmt	
store/store.go	vl/logger	
store/store.go	sync	
store/store.go	gorm.io/gorm	
store/strategy.go	encoding/json	
store/strategy.go	fmt	
store/strategy.go	sort	
store/strategy.go	strconv	
store/strategy.go	strings	
store/strategy.go	sync	
store/strategy.go	time	
store/strategy.go	vl/config	
store/strategy.go	vl/logger	
store/strategy.go	gorm.io/gorm	
store/strategy_dayplan_clock_test.go	encoding/json	
store/strategy_dayplan_clock_test.go	path/filepath	
store/strategy_dayplan_clock_test.go	testing	
store/strategy_dayplan_test.go	encoding/json	
store/strategy_dayplan_test.go	reflect	
store/strategy_dayplan_test.go	testing	
store/strategy_futures_indicators_test.go	testing	
store/strategy_futures_symbol_test.go	reflect	
store/strategy_futures_symbol_test.go	testing	
store/strategy_prompt_variant_test.go	encoding/json	
store/strategy_prompt_variant_test.go	strings	
store/strategy_prompt_variant_test.go	testing	
store/strategy_regime_test.go	strings	
store/strategy_regime_test.go	testing	
store/strategy_schema_test.go	encoding/json	
store/strategy_schema_test.go	testing	
store/strategy_token_test.go	testing	
store/structural_geometry.go	encoding/json	
store/structural_geometry.go	fmt	
store/structural_geometry.go	gorm.io/gorm	
store/structural_geometry.go	math	
store/structural_geometry.go	strings	
store/structural_geometry_test.go	path/filepath	
store/structural_geometry_test.go	testing	
store/system_counter.go	fmt	
store/system_counter.go	strconv	
store/system_counter.go	strings	
store/telegram_config.go	errors	
store/telegram_config.go	fmt	
store/telegram_config.go	sync	
store/telegram_config.go	time	
store/telegram_config.go	gorm.io/gorm	
store/test_seam_exclusion_test.go	path/filepath	
store/test_seam_exclusion_test.go	testing	
store/touch_episode.go	time	
store/touch_episode.go	gorm.io/gorm	
store/touch_outcomes.go	fmt	
store/touch_outcomes.go	math	
store/touch_outcomes.go	time	
store/touch_outcomes.go	gorm.io/gorm	
store/touch_outcomes_test.go	path/filepath	
store/touch_outcomes_test.go	testing	
store/touch_outcomes_test.go	time	
store/trade_excursion.go	fmt	
store/trade_excursion.go	time	
store/trade_excursion.go	gorm.io/gorm	
store/trade_excursion_stats.go	fmt	
store/trade_excursion_stats.go	math	
store/trade_excursion_stats.go	sort	
store/trade_excursion_stats.go	strings	
store/trade_excursion_test.go	path/filepath	
store/trade_excursion_test.go	testing	
store/trader.go	fmt	
store/trader.go	time	
store/trader.go	gorm.io/gorm	
store/user.go	time	
store/user.go	gorm.io/gorm	
store/visibility.go	strings	
store/w16_decline_test.go	path/filepath	
store/w16_decline_test.go	testing	
store/watch_assessment.go	gorm.io/gorm	
store/watchdog_fire.go	fmt	
store/watchdog_fire.go	time	
store/watchdog_fire.go	gorm.io/gorm	
store/wave_a_migration.go	fmt	
store/wave_a_migration.go	os	
store/wave_a_migration.go	os/exec	
store/wave_a_migration.go	path/filepath	
store/wave_a_migration.go	strings	
store/wave_a_migration_test.go	fmt	
store/wave_a_migration_test.go	path/filepath	
store/wave_a_migration_test.go	strings	
store/wave_a_migration_test.go	testing	
store/wave_a_migration_test.go	time	
store/zerob_counters.go	fmt	
store/zerob_counters.go	strconv	
store/zerob_counters.go	strings	
telegram/agent/agent.go	encoding/json	
telegram/agent/agent.go	fmt	
telegram/agent/agent.go	vl/auth	
telegram/agent/agent.go	vl/branding	
telegram/agent/agent.go	vl/logger	
telegram/agent/agent.go	vl/mcp	
telegram/agent/agent.go	vl/telegram/session	
telegram/agent/agent.go	strings	
telegram/agent/agent_test.go	fmt	
telegram/agent/agent_test.go	net/http	
telegram/agent/agent_test.go	net/http/httptest	
telegram/agent/agent_test.go	strings	
telegram/agent/agent_test.go	testing	
telegram/agent/agent_test.go	time	
telegram/agent/agent_test.go	vl/mcp	
telegram/agent/apicall.go	bytes	
telegram/agent/apicall.go	encoding/json	
telegram/agent/apicall.go	fmt	
telegram/agent/apicall.go	io	
telegram/agent/apicall.go	net/http	
telegram/agent/apicall.go	vl/logger	
telegram/agent/apicall.go	strings	
telegram/agent/apicall.go	time	
telegram/agent/manager.go	vl/logger	
telegram/agent/manager.go	vl/mcp	
telegram/agent/manager.go	sync	
telegram/agent/manager.go	time	
telegram/agent/prompt.go	fmt	
telegram/agent/prompt.go	vl/branding	
telegram/bot.go	vl/api	
telegram/bot.go	vl/branding	
telegram/bot.go	vl/config	
telegram/bot.go	vl/logger	
telegram/bot.go	vl/mcp	
telegram/bot.go	vl/mcp/payment	_
telegram/bot.go	vl/mcp/provider	_
telegram/bot.go	vl/store	
telegram/bot.go	vl/telegram/agent	
telegram/bot.go	os	
telegram/bot.go	strings	
telegram/bot.go	sync	
telegram/bot.go	time	
telegram/bot.go	github.com/go-telegram-bot-api/telegram-bot-api/v5	tgbotapi
telegram/session/memory.go	fmt	
telegram/session/memory.go	vl/mcp	
telegram/session/memory.go	strings	
telemetry/bar_horizon.go	sync/atomic	
telemetry/errors.go	fmt	
telemetry/errors.go	sort	
telemetry/errors.go	strings	
telemetry/errors.go	sync	
telemetry/experience.go	bytes	
telemetry/experience.go	encoding/json	
telemetry/experience.go	net/http	
telemetry/experience.go	sync	
telemetry/experience.go	time	
telemetry/far_arms.go	sync/atomic	
telemetry/gate_blocks.go	fmt	
telemetry/gate_blocks.go	sort	
telemetry/gate_blocks.go	strings	
telemetry/gate_blocks.go	sync	
telemetry/gate_blocks_test.go	strings	
telemetry/gate_blocks_test.go	testing	
telemetry/metrics.go	github.com/prometheus/client_golang/prometheus	
telemetry/metrics.go	github.com/prometheus/client_golang/prometheus/promauto	
telemetry/metrics_test.go	strings	
telemetry/metrics_test.go	testing	
telemetry/metrics_test.go	github.com/prometheus/client_golang/prometheus	
telemetry/metrics_test.go	github.com/prometheus/client_model/go	dto
telemetry/planner_wave.go	sync/atomic	
telemetry/shadow_conditions.go	sync/atomic	
telemetry/weekly.go	sync	
trader/acceptance_rehearsal_test.go	crypto/sha256	
trader/acceptance_rehearsal_test.go	encoding/hex	
trader/acceptance_rehearsal_test.go	encoding/json	
trader/acceptance_rehearsal_test.go	fmt	
trader/acceptance_rehearsal_test.go	net/http	
trader/acceptance_rehearsal_test.go	net/url	
trader/acceptance_rehearsal_test.go	os	
trader/acceptance_rehearsal_test.go	path/filepath	
trader/acceptance_rehearsal_test.go	sort	
trader/acceptance_rehearsal_test.go	strings	
trader/acceptance_rehearsal_test.go	sync	
trader/acceptance_rehearsal_test.go	testing	
trader/acceptance_rehearsal_test.go	time	
trader/acceptance_rehearsal_test.go	vl/crypto	
trader/acceptance_rehearsal_test.go	vl/kernel	
trader/acceptance_rehearsal_test.go	vl/market	
trader/acceptance_rehearsal_test.go	vl/mcp	
trader/acceptance_rehearsal_test.go	vl/store	
trader/acceptance_scheduler_test.go	testing	
trader/acceptance_scheduler_test.go	time	
trader/acceptance_scheduler_test.go	vl/kernel	
trader/accepted_risk_hook.go	strconv	
trader/accepted_risk_hook.go	strings	
trader/accepted_risk_hook.go	time	
trader/accepted_risk_hook.go	vl/provider/ninjatrader	nt
trader/accepted_risk_hook.go	vl/store	
trader/ai402_test.go	errors	
trader/ai402_test.go	path/filepath	
trader/ai402_test.go	testing	
trader/ai402_test.go	time	
trader/ai402_test.go	vl/store	
trader/alert_prune_test.go	path/filepath	
trader/alert_prune_test.go	testing	
trader/alert_prune_test.go	time	
trader/alert_prune_test.go	vl/store	
trader/arm_cancel_safety.go	strings	
trader/arm_cancel_safety.go	time	
trader/arm_cancel_safety.go	vl/provider/ninjatrader	nt
trader/arm_cancel_safety.go	vl/store	
trader/arm_cancel_safety_test.go	os	
trader/arm_cancel_safety_test.go	strings	
trader/arm_cancel_safety_test.go	testing	
trader/arm_cancel_safety_test.go	vl/provider/ninjatrader	nt
trader/arm_cancel_safety_test.go	vl/store	
trader/arm_far_counter.go	math	
trader/arm_far_counter.go	os	
trader/arm_far_counter.go	strconv	
trader/arm_far_counter.go	strings	
trader/arm_far_counter_test.go	math	
trader/arm_far_counter_test.go	testing	
trader/arm_kind_compose.go	fmt	
trader/arm_kind_compose.go	vl/kernel	
trader/arm_kind_compose_test.go	strings	
trader/arm_kind_compose_test.go	testing	
trader/arm_kind_compose_test.go	vl/kernel	
trader/arm_state_contract_test.go	strings	
trader/arm_state_contract_test.go	testing	
trader/arm_state_contract_test.go	time	
trader/arm_state_contract_test.go	vl/provider/ninjatrader	nt
trader/arm_state_contract_test.go	vl/store	
trader/arm_stop_anchor.go	fmt	
trader/arm_stop_anchor.go	math	
trader/arm_stop_anchor.go	os	
trader/arm_stop_anchor.go	strconv	
trader/arm_stop_anchor.go	strings	
trader/arm_stop_anchor.go	vl/kernel	
trader/arm_stop_anchor.go	vl/store	
trader/arm_sweep_settlement_test.go	testing	
trader/arm_sweep_settlement_test.go	time	
trader/arm_sweep_settlement_test.go	vl/provider/ninjatrader	nt
trader/arm_sweep_settlement_test.go	vl/store	
trader/arm_sweep_settlement_test.go	vl/trader/ninjatrader	nttrader
trader/arm_test_clock_test.go	testing	
trader/arm_test_clock_test.go	time	
trader/armed_executor.go	errors	
trader/armed_executor.go	fmt	
trader/armed_executor.go	math	
trader/armed_executor.go	os	
trader/armed_executor.go	strconv	
trader/armed_executor.go	strings	
trader/armed_executor.go	sync	
trader/armed_executor.go	sync/atomic	
trader/armed_executor.go	time	
trader/armed_executor.go	vl/kernel	
trader/armed_executor.go	vl/logger	
trader/armed_executor.go	vl/market	
trader/armed_executor.go	vl/provider/ninjatrader	ntwire
trader/armed_executor.go	vl/store	
trader/armed_executor.go	vl/telemetry	
trader/armed_executor.go	vl/trader/ninjatrader	ntTrader
trader/armed_executor_test.go	encoding/json	
trader/armed_executor_test.go	testing	
trader/armed_executor_test.go	time	
trader/armed_executor_test.go	vl/kernel	
trader/armed_executor_test.go	vl/provider/ninjatrader	ntwire
trader/armed_executor_test.go	vl/store	
trader/armed_row_hygiene_test.go	path/filepath	
trader/armed_row_hygiene_test.go	testing	
trader/armed_row_hygiene_test.go	vl/store	
trader/arms_boot_line.go	fmt	
trader/arms_boot_line.go	vl/kernel	
trader/arms_boot_line_test.go	strings	
trader/arms_boot_line_test.go	testing	
trader/aster/trader.go	context	
trader/aster/trader.go	crypto/ecdsa	
trader/aster/trader.go	encoding/hex	
trader/aster/trader.go	encoding/json	
trader/aster/trader.go	fmt	
trader/aster/trader.go	io	
trader/aster/trader.go	math	
trader/aster/trader.go	math/big	
trader/aster/trader.go	net/http	
trader/aster/trader.go	net/url	
trader/aster/trader.go	vl/hook	
trader/aster/trader.go	sort	
trader/aster/trader.go	strconv	
trader/aster/trader.go	strings	
trader/aster/trader.go	sync	
trader/aster/trader.go	time	
trader/aster/trader.go	github.com/ethereum/go-ethereum/accounts/abi	
trader/aster/trader.go	github.com/ethereum/go-ethereum/common	
trader/aster/trader.go	github.com/ethereum/go-ethereum/crypto	
trader/aster/trader_account.go	encoding/json	
trader/aster/trader_account.go	errors	
trader/aster/trader_account.go	fmt	
trader/aster/trader_account.go	io	
trader/aster/trader_account.go	net/http	
trader/aster/trader_account.go	vl/logger	
trader/aster/trader_account.go	vl/trader/types	
trader/aster/trader_account.go	strconv	
trader/aster/trader_account.go	time	
trader/aster/trader_orders.go	encoding/json	
trader/aster/trader_orders.go	fmt	
trader/aster/trader_orders.go	vl/logger	
trader/aster/trader_orders.go	vl/trader/types	
trader/aster/trader_orders.go	strconv	
trader/aster/trader_orders.go	strings	
trader/aster/trader_positions.go	encoding/json	
trader/aster/trader_positions.go	fmt	
trader/aster/trader_positions.go	vl/logger	
trader/aster/trader_positions.go	strconv	
trader/aster/trader_positions.go	strings	
trader/aster/trader_sync.go	fmt	
trader/aster/trader_sync.go	vl/logger	
trader/aster/trader_sync.go	vl/market	
trader/aster/trader_sync.go	vl/store	
trader/aster/trader_sync.go	sort	
trader/aster/trader_sync.go	strings	
trader/aster/trader_sync.go	time	
trader/aster/trader_test.go	context	
trader/aster/trader_test.go	encoding/json	
trader/aster/trader_test.go	io	
trader/aster/trader_test.go	net/http	
trader/aster/trader_test.go	net/http/httptest	
trader/aster/trader_test.go	testing	
trader/aster/trader_test.go	github.com/ethereum/go-ethereum/crypto	
trader/aster/trader_test.go	github.com/stretchr/testify/assert	
trader/aster/trader_test.go	vl/trader/testutil	
trader/aster/trader_test.go	vl/trader/types	
trader/auto_trader.go	fmt	
trader/auto_trader.go	vl/kernel	
trader/auto_trader.go	vl/logger	
trader/auto_trader.go	vl/mcp	
trader/auto_trader.go	vl/mcp/payment	_
trader/auto_trader.go	vl/mcp/provider	_
trader/auto_trader.go	vl/store	
trader/auto_trader.go	vl/telemetry	
trader/auto_trader.go	vl/trader/aster	
trader/auto_trader.go	vl/trader/binance	
trader/auto_trader.go	vl/trader/bitget	
trader/auto_trader.go	vl/trader/bybit	
trader/auto_trader.go	vl/trader/gate	
trader/auto_trader.go	vl/trader/hyperliquid	
trader/auto_trader.go	vl/trader/indodax	
trader/auto_trader.go	vl/trader/kucoin	
trader/auto_trader.go	vl/trader/lighter	
trader/auto_trader.go	vl/trader/ninjatrader	ntTrader
trader/auto_trader.go	vl/trader/okx	
trader/auto_trader.go	vl/wallet	
trader/auto_trader.go	strings	
trader/auto_trader.go	sync	
trader/auto_trader.go	sync/atomic	
trader/auto_trader.go	time	
trader/auto_trader.go	github.com/ethereum/go-ethereum/crypto	
trader/auto_trader_ai402.go	fmt	
trader/auto_trader_ai402.go	os	
trader/auto_trader_ai402.go	strconv	
trader/auto_trader_ai402.go	strings	
trader/auto_trader_ai402.go	time	
trader/auto_trader_ai402.go	vl/kernel	
trader/auto_trader_ai402.go	vl/mcp	
trader/auto_trader_alerts.go	time	
trader/auto_trader_alerts.go	vl/kernel	
trader/auto_trader_alerts.go	vl/store	
trader/auto_trader_alerts.go	vl/telemetry	
trader/auto_trader_calendar.go	encoding/json	
trader/auto_trader_calendar.go	fmt	
trader/auto_trader_calendar.go	os	
trader/auto_trader_calendar.go	strings	
trader/auto_trader_calendar.go	time	
trader/auto_trader_calendar.go	vl/calendar	
trader/auto_trader_calendar.go	vl/kernel	
trader/auto_trader_calendar.go	vl/store	
trader/auto_trader_clock.go	fmt	
trader/auto_trader_clock.go	strconv	
trader/auto_trader_clock.go	strings	
trader/auto_trader_clock.go	time	
trader/auto_trader_clock.go	vl/kernel	
trader/auto_trader_clock.go	vl/market	
trader/auto_trader_clock.go	vl/store	
trader/auto_trader_clock.go	vl/telemetry	
trader/auto_trader_clock_test.go	testing	
trader/auto_trader_clock_test.go	time	
trader/auto_trader_clock_test.go	vl/kernel	
trader/auto_trader_clock_test.go	vl/market	
trader/auto_trader_clock_test.go	vl/store	
trader/auto_trader_dayplan.go	encoding/json	
trader/auto_trader_dayplan.go	fmt	
trader/auto_trader_dayplan.go	math	
trader/auto_trader_dayplan.go	vl/trader/ninjatrader	ntTrader
trader/auto_trader_dayplan.go	sync	
trader/auto_trader_dayplan.go	time	
trader/auto_trader_dayplan.go	vl/kernel	
trader/auto_trader_dayplan.go	vl/market	
trader/auto_trader_dayplan.go	vl/store	
trader/auto_trader_decision.go	fmt	
trader/auto_trader_decision.go	math	
trader/auto_trader_decision.go	vl/discipline	
trader/auto_trader_decision.go	vl/kernel	
trader/auto_trader_decision.go	vl/logger	
trader/auto_trader_decision.go	vl/market	
trader/auto_trader_decision.go	vl/store	
trader/auto_trader_decision.go	vl/telemetry	
trader/auto_trader_decision.go	time	
trader/auto_trader_feedwatch.go	fmt	
trader/auto_trader_feedwatch.go	time	
trader/auto_trader_feedwatch.go	vl/kernel	
trader/auto_trader_feedwatch.go	vl/market	
trader/auto_trader_feedwatch.go	strings	
trader/auto_trader_grid.go	encoding/json	
trader/auto_trader_grid.go	fmt	
trader/auto_trader_grid.go	vl/kernel	
trader/auto_trader_grid.go	vl/logger	
trader/auto_trader_grid.go	vl/market	
trader/auto_trader_grid.go	vl/store	
trader/auto_trader_grid.go	sync	
trader/auto_trader_grid.go	time	
trader/auto_trader_grid_levels.go	math	
trader/auto_trader_grid_levels.go	vl/kernel	
trader/auto_trader_grid_levels.go	vl/logger	
trader/auto_trader_grid_levels.go	vl/market	
trader/auto_trader_grid_levels.go	vl/store	
trader/auto_trader_grid_orders.go	fmt	
trader/auto_trader_grid_orders.go	math	
trader/auto_trader_grid_orders.go	vl/kernel	
trader/auto_trader_grid_orders.go	vl/logger	
trader/auto_trader_grid_orders.go	time	
trader/auto_trader_grid_regime.go	fmt	
trader/auto_trader_grid_regime.go	math	
trader/auto_trader_grid_regime.go	vl/logger	
trader/auto_trader_grid_regime.go	vl/market	
trader/auto_trader_grid_regime.go	time	
trader/auto_trader_h7_registry_test.go	encoding/json	
trader/auto_trader_h7_registry_test.go	path/filepath	
trader/auto_trader_h7_registry_test.go	testing	
trader/auto_trader_h7_registry_test.go	vl/kernel	
trader/auto_trader_h7_registry_test.go	vl/market	
trader/auto_trader_h7_registry_test.go	vl/store	
trader/auto_trader_halfdays.go	fmt	
trader/auto_trader_halfdays.go	sort	
trader/auto_trader_halfdays.go	time	
trader/auto_trader_halfdays.go	vl/kernel	
trader/auto_trader_halfdays.go	vl/logger	
trader/auto_trader_indicator_mirror.go	vl/kernel	
trader/auto_trader_indicator_mirror.go	vl/market	
trader/auto_trader_latency_test.go	testing	
trader/auto_trader_latency_test.go	time	
trader/auto_trader_latency_test.go	vl/mcp	
trader/auto_trader_levelstate.go	encoding/json	
trader/auto_trader_levelstate.go	fmt	
trader/auto_trader_levelstate.go	sync	
trader/auto_trader_levelstate.go	time	
trader/auto_trader_levelstate.go	vl/kernel	
trader/auto_trader_levelstate.go	vl/logger	
trader/auto_trader_levelstate.go	vl/market	
trader/auto_trader_levelstate.go	vl/store	
trader/auto_trader_levelstate.go	vl/telemetry	
trader/auto_trader_loop.go	encoding/json	
trader/auto_trader_loop.go	fmt	
trader/auto_trader_loop.go	vl/config	
trader/auto_trader_loop.go	vl/kernel	
trader/auto_trader_loop.go	vl/logger	
trader/auto_trader_loop.go	vl/market	
trader/auto_trader_loop.go	vl/mcp	
trader/auto_trader_loop.go	vl/store	
trader/auto_trader_loop.go	vl/telemetry	
trader/auto_trader_loop.go	vl/wallet	
trader/auto_trader_loop.go	os	
trader/auto_trader_loop.go	strconv	
trader/auto_trader_loop.go	strings	
trader/auto_trader_loop.go	time	
trader/auto_trader_loop_test.go	fmt	
trader/auto_trader_loop_test.go	vl/trader/types	
trader/auto_trader_loop_test.go	sync	
trader/auto_trader_loop_test.go	testing	
trader/auto_trader_loop_test.go	time	
trader/auto_trader_matched_random.go	encoding/json	
trader/auto_trader_matched_random.go	fmt	
trader/auto_trader_matched_random.go	math	
trader/auto_trader_matched_random.go	time	
trader/auto_trader_matched_random.go	vl/kernel	
trader/auto_trader_matched_random.go	vl/store	
trader/auto_trader_night_test.go	testing	
trader/auto_trader_night_test.go	vl/kernel	
trader/auto_trader_no_trade_map_test.go	encoding/json	
trader/auto_trader_no_trade_map_test.go	errors	
trader/auto_trader_no_trade_map_test.go	path/filepath	
trader/auto_trader_no_trade_map_test.go	strings	
trader/auto_trader_no_trade_map_test.go	testing	
trader/auto_trader_no_trade_map_test.go	time	
trader/auto_trader_no_trade_map_test.go	vl/kernel	
trader/auto_trader_no_trade_map_test.go	vl/market	
trader/auto_trader_no_trade_map_test.go	vl/store	
trader/auto_trader_orders.go	fmt	
trader/auto_trader_orders.go	math	
trader/auto_trader_orders.go	vl/discipline	
trader/auto_trader_orders.go	vl/kernel	
trader/auto_trader_orders.go	vl/logger	
trader/auto_trader_orders.go	vl/market	
trader/auto_trader_orders.go	vl/store	
trader/auto_trader_orders.go	vl/telemetry	
trader/auto_trader_orders.go	vl/trader/ninjatrader	ntTrader
trader/auto_trader_orders.go	strings	
trader/auto_trader_orders.go	time	
trader/auto_trader_orders_futures_test.go	testing	
trader/auto_trader_owner_test.go	path/filepath	
trader/auto_trader_owner_test.go	testing	
trader/auto_trader_owner_test.go	time	
trader/auto_trader_owner_test.go	vl/kernel	
trader/auto_trader_owner_test.go	vl/market	
trader/auto_trader_owner_test.go	vl/store	
trader/auto_trader_pause.go	fmt	
trader/auto_trader_pause.go	strconv	
trader/auto_trader_pause.go	strings	
trader/auto_trader_pause.go	time	
trader/auto_trader_pause.go	vl/kernel	
trader/auto_trader_planconfig.go	strings	
trader/auto_trader_planconfig.go	time	
trader/auto_trader_planconfig.go	vl/kernel	
trader/auto_trader_planconfig.go	vl/store	
trader/auto_trader_planner.go	crypto/sha256	
trader/auto_trader_planner.go	encoding/hex	
trader/auto_trader_planner.go	encoding/json	
trader/auto_trader_planner.go	fmt	
trader/auto_trader_planner.go	github.com/google/uuid	
trader/auto_trader_planner.go	math	
trader/auto_trader_planner.go	vl/logger	
trader/auto_trader_planner.go	vl/researchsnapshot	
trader/auto_trader_planner.go	os	
trader/auto_trader_planner.go	strconv	
trader/auto_trader_planner.go	strings	
trader/auto_trader_planner.go	sync	
trader/auto_trader_planner.go	time	
trader/auto_trader_planner.go	vl/calendar	
trader/auto_trader_planner.go	vl/kernel	
trader/auto_trader_planner.go	vl/market	
trader/auto_trader_planner.go	vl/mcp	
trader/auto_trader_planner.go	vl/provider/ninjatrader	nt
trader/auto_trader_planner.go	vl/store	
trader/auto_trader_planner.go	vl/telemetry	
trader/auto_trader_planner_caps_test.go	fmt	
trader/auto_trader_planner_caps_test.go	strings	
trader/auto_trader_planner_caps_test.go	testing	
trader/auto_trader_planner_read_test.go	encoding/json	
trader/auto_trader_planner_read_test.go	errors	
trader/auto_trader_planner_read_test.go	path/filepath	
trader/auto_trader_planner_read_test.go	strings	
trader/auto_trader_planner_read_test.go	testing	
trader/auto_trader_planner_read_test.go	vl/kernel	
trader/auto_trader_planner_read_test.go	vl/store	
trader/auto_trader_planner_read_test.go	vl/telemetry	
trader/auto_trader_planner_test.go	testing	
trader/auto_trader_planner_test.go	vl/mcp	
trader/auto_trader_planner_timeframes_test.go	path/filepath	
trader/auto_trader_planner_timeframes_test.go	testing	
trader/auto_trader_planner_timeframes_test.go	time	
trader/auto_trader_planner_timeframes_test.go	vl/kernel	
trader/auto_trader_planner_timeframes_test.go	vl/market	
trader/auto_trader_planner_timeframes_test.go	vl/store	
trader/auto_trader_postexit.go	os	
trader/auto_trader_postexit.go	strconv	
trader/auto_trader_postexit.go	strings	
trader/auto_trader_postexit.go	sync	
trader/auto_trader_postexit.go	time	
trader/auto_trader_postexit.go	vl/trader/ninjatrader	ntTrader
trader/auto_trader_registry.go	time	
trader/auto_trader_registry.go	vl/kernel	
trader/auto_trader_registry.go	vl/store	
trader/auto_trader_reread.go	fmt	
trader/auto_trader_reread.go	time	
trader/auto_trader_reread.go	vl/kernel	
trader/auto_trader_reread.go	vl/store	
trader/auto_trader_reset.go	fmt	
trader/auto_trader_reset.go	time	
trader/auto_trader_reset.go	vl/kernel	
trader/auto_trader_reset.go	vl/store	
trader/auto_trader_reset_test.go	path/filepath	
trader/auto_trader_reset_test.go	testing	
trader/auto_trader_reset_test.go	time	
trader/auto_trader_reset_test.go	vl/store	
trader/auto_trader_restart_test.go	encoding/json	
trader/auto_trader_restart_test.go	path/filepath	
trader/auto_trader_restart_test.go	testing	
trader/auto_trader_restart_test.go	vl/kernel	
trader/auto_trader_restart_test.go	vl/market	
trader/auto_trader_restart_test.go	vl/store	
trader/auto_trader_risk.go	fmt	
trader/auto_trader_risk.go	vl/kernel	
trader/auto_trader_risk.go	vl/logger	
trader/auto_trader_risk.go	vl/market	
trader/auto_trader_risk.go	strings	
trader/auto_trader_risk.go	time	
trader/auto_trader_session.go	fmt	
trader/auto_trader_session.go	time	
trader/auto_trader_session.go	vl/kernel	
trader/auto_trader_session.go	vl/telemetry	
trader/auto_trader_session_test.go	testing	
trader/auto_trader_session_test.go	vl/kernel	
trader/auto_trader_skipopen_test.go	path/filepath	
trader/auto_trader_skipopen_test.go	testing	
trader/auto_trader_skipopen_test.go	vl/store	
trader/auto_trader_trailing.go	strings	
trader/auto_trader_trailing.go	fmt	
trader/auto_trader_trailing.go	vl/market	
trader/auto_trader_trailing.go	vl/store	
trader/auto_trader_trailing.go	vl/trader/ninjatrader	ntTrader
trader/auto_trader_transition.go	encoding/json	
trader/auto_trader_transition.go	fmt	
trader/auto_trader_transition.go	strings	
trader/auto_trader_transition.go	time	
trader/auto_trader_transition.go	vl/kernel	
trader/auto_trader_transition.go	vl/market	
trader/auto_trader_transition.go	vl/store	
trader/auto_trader_transition_test.go	path/filepath	
trader/auto_trader_transition_test.go	strings	
trader/auto_trader_transition_test.go	testing	
trader/auto_trader_transition_test.go	time	
trader/auto_trader_transition_test.go	vl/kernel	
trader/auto_trader_transition_test.go	vl/market	
trader/auto_trader_transition_test.go	vl/store	
trader/auto_trader_wake_levels.go	encoding/json	
trader/auto_trader_wake_levels.go	fmt	
trader/auto_trader_wake_levels.go	sort	
trader/auto_trader_wake_levels.go	strings	
trader/auto_trader_wake_levels.go	time	
trader/auto_trader_wake_levels.go	vl/kernel	
trader/auto_trader_wake_levels.go	vl/market	
trader/auto_trader_wake_levels.go	vl/store	
trader/auto_trader_wake_levels_test.go	path/filepath	
trader/auto_trader_wake_levels_test.go	testing	
trader/auto_trader_wake_levels_test.go	time	
trader/auto_trader_wake_levels_test.go	vl/kernel	
trader/auto_trader_wake_levels_test.go	vl/market	
trader/auto_trader_wake_levels_test.go	vl/store	
trader/auto_trader_watcher.go	encoding/json	
trader/auto_trader_watcher.go	fmt	
trader/auto_trader_watcher.go	os	
trader/auto_trader_watcher.go	strconv	
trader/auto_trader_watcher.go	time	
trader/auto_trader_watcher.go	vl/kernel	
trader/auto_trader_watcher.go	vl/market	
trader/auto_trader_watcher.go	vl/store	
trader/auto_trader_weekly.go	encoding/json	
trader/auto_trader_weekly.go	fmt	
trader/auto_trader_weekly.go	strings	
trader/auto_trader_weekly.go	sync	
trader/auto_trader_weekly.go	time	
trader/auto_trader_weekly.go	vl/kernel	
trader/auto_trader_weekly.go	vl/market	
trader/auto_trader_weekly.go	vl/store	
trader/auto_trader_weekly.go	vl/telemetry	
trader/auto_trader_weekly_test.go	encoding/json	
trader/auto_trader_weekly_test.go	path/filepath	
trader/auto_trader_weekly_test.go	testing	
trader/auto_trader_weekly_test.go	time	
trader/auto_trader_weekly_test.go	vl/kernel	
trader/auto_trader_weekly_test.go	vl/store	
trader/bar_reader_filter_lint_test.go	fmt	
trader/bar_reader_filter_lint_test.go	os	
trader/bar_reader_filter_lint_test.go	path/filepath	
trader/bar_reader_filter_lint_test.go	regexp	
trader/bar_reader_filter_lint_test.go	strings	
trader/bar_reader_filter_lint_test.go	testing	
trader/bar_source_boot.go	fmt	
trader/bar_source_boot.go	strings	
trader/bar_source_boot.go	time	
trader/bar_source_boot.go	vl/market	
trader/bar_source_boot.go	vl/store	
trader/bar_source_weekly_test.go	strings	
trader/bar_source_weekly_test.go	testing	
trader/bar_source_weekly_test.go	time	
trader/bar_source_weekly_test.go	vl/kernel	
trader/bar_source_weekly_test.go	vl/market	
trader/bars_store_depth.go	time	
trader/bars_store_depth.go	vl/kernel	
trader/bars_store_depth.go	vl/logger	
trader/bars_store_depth.go	vl/market	
trader/bars_store_depth.go	vl/store	
trader/bars_store_depth_test.go	errors	
trader/bars_store_depth_test.go	fmt	
trader/bars_store_depth_test.go	io/fs	
trader/bars_store_depth_test.go	os	
trader/bars_store_depth_test.go	path/filepath	
trader/bars_store_depth_test.go	strings	
trader/bars_store_depth_test.go	testing	
trader/bars_store_depth_test.go	time	
trader/bars_store_depth_test.go	vl/kernel	
trader/bars_store_depth_test.go	vl/market	
trader/binance/futures.go	context	
trader/binance/futures.go	crypto/rand	
trader/binance/futures.go	encoding/hex	
trader/binance/futures.go	fmt	
trader/binance/futures.go	vl/hook	
trader/binance/futures.go	vl/logger	
trader/binance/futures.go	strings	
trader/binance/futures.go	sync	
trader/binance/futures.go	time	
trader/binance/futures.go	github.com/adshao/go-binance/v2/futures	
trader/binance/futures_account.go	context	
trader/binance/futures_account.go	fmt	
trader/binance/futures_account.go	vl/logger	
trader/binance/futures_account.go	vl/trader/types	
trader/binance/futures_account.go	strconv	
trader/binance/futures_account.go	time	
trader/binance/futures_orders.go	context	
trader/binance/futures_orders.go	fmt	
trader/binance/futures_orders.go	vl/logger	
trader/binance/futures_orders.go	vl/trader/types	
trader/binance/futures_orders.go	strconv	
trader/binance/futures_orders.go	github.com/adshao/go-binance/v2/futures	
trader/binance/futures_positions.go	context	
trader/binance/futures_positions.go	fmt	
trader/binance/futures_positions.go	vl/logger	
trader/binance/futures_positions.go	strconv	
trader/binance/futures_positions.go	time	
trader/binance/futures_positions.go	github.com/adshao/go-binance/v2/futures	
trader/binance/futures_test.go	encoding/json	
trader/binance/futures_test.go	fmt	
trader/binance/futures_test.go	net/http	
trader/binance/futures_test.go	net/http/httptest	
trader/binance/futures_test.go	strings	
trader/binance/futures_test.go	testing	
trader/binance/futures_test.go	time	
trader/binance/futures_test.go	github.com/adshao/go-binance/v2/futures	
trader/binance/futures_test.go	github.com/stretchr/testify/assert	
trader/binance/futures_test.go	vl/trader/testutil	
trader/binance/futures_test.go	vl/trader/types	
trader/binance/order_sync.go	fmt	
trader/binance/order_sync.go	vl/logger	
trader/binance/order_sync.go	vl/market	
trader/binance/order_sync.go	vl/store	
trader/binance/order_sync.go	vl/trader/types	
trader/binance/order_sync.go	sort	
trader/binance/order_sync.go	strings	
trader/binance/order_sync.go	sync	
trader/binance/order_sync.go	time	
trader/binance/order_sync_test.go	context	
trader/binance/order_sync_test.go	fmt	
trader/binance/order_sync_test.go	os	
trader/binance/order_sync_test.go	testing	
trader/binance/order_sync_test.go	time	
trader/binance/sync_e2e_test.go	vl/store	
trader/binance/sync_e2e_test.go	os	
trader/binance/sync_e2e_test.go	testing	
trader/binance/sync_e2e_test.go	time	
trader/binance/sync_verify_test.go	context	
trader/binance/sync_verify_test.go	math	
trader/binance/sync_verify_test.go	vl/store	
trader/binance/sync_verify_test.go	os	
trader/binance/sync_verify_test.go	sort	
trader/binance/sync_verify_test.go	strings	
trader/binance/sync_verify_test.go	testing	
trader/binance/sync_verify_test.go	time	
trader/bitget/order_sync.go	encoding/json	
trader/bitget/order_sync.go	fmt	
trader/bitget/order_sync.go	vl/logger	
trader/bitget/order_sync.go	vl/market	
trader/bitget/order_sync.go	vl/store	
trader/bitget/order_sync.go	sort	
trader/bitget/order_sync.go	strconv	
trader/bitget/order_sync.go	strings	
trader/bitget/order_sync.go	time	
trader/bitget/trader.go	bytes	
trader/bitget/trader.go	crypto/hmac	
trader/bitget/trader.go	crypto/sha256	
trader/bitget/trader.go	encoding/base64	
trader/bitget/trader.go	encoding/json	
trader/bitget/trader.go	fmt	
trader/bitget/trader.go	io	
trader/bitget/trader.go	net/http	
trader/bitget/trader.go	vl/logger	
trader/bitget/trader.go	strconv	
trader/bitget/trader.go	strings	
trader/bitget/trader.go	sync	
trader/bitget/trader.go	time	
trader/bitget/trader_account.go	encoding/json	
trader/bitget/trader_account.go	fmt	
trader/bitget/trader_account.go	vl/logger	
trader/bitget/trader_account.go	strconv	
trader/bitget/trader_account.go	strings	
trader/bitget/trader_account.go	time	
trader/bitget/trader_orders.go	encoding/json	
trader/bitget/trader_orders.go	fmt	
trader/bitget/trader_orders.go	vl/logger	
trader/bitget/trader_orders.go	vl/trader/types	
trader/bitget/trader_orders.go	strconv	
trader/bitget/trader_orders.go	strings	
trader/bitget/trader_positions.go	encoding/json	
trader/bitget/trader_positions.go	fmt	
trader/bitget/trader_positions.go	vl/trader/types	
trader/bitget/trader_positions.go	strconv	
trader/bitget/trader_positions.go	time	
trader/boot_risk_facts_test.go	path/filepath	
trader/boot_risk_facts_test.go	testing	
trader/boot_risk_facts_test.go	vl/store	
trader/bracket_cancel_addon_test.go	regexp	
trader/bracket_cancel_addon_test.go	strings	
trader/bracket_cancel_addon_test.go	testing	
trader/breakeven_test.go	testing	
trader/breakeven_test.go	vl/store	
trader/bybit/order_sync.go	crypto/hmac	
trader/bybit/order_sync.go	crypto/sha256	
trader/bybit/order_sync.go	encoding/hex	
trader/bybit/order_sync.go	encoding/json	
trader/bybit/order_sync.go	fmt	
trader/bybit/order_sync.go	io	
trader/bybit/order_sync.go	net/http	
trader/bybit/order_sync.go	vl/logger	
trader/bybit/order_sync.go	vl/market	
trader/bybit/order_sync.go	vl/store	
trader/bybit/order_sync.go	sort	
trader/bybit/order_sync.go	strconv	
trader/bybit/order_sync.go	strings	
trader/bybit/order_sync.go	time	
trader/bybit/trader.go	encoding/json	
trader/bybit/trader.go	fmt	
trader/bybit/trader.go	io	
trader/bybit/trader.go	math	
trader/bybit/trader.go	net/http	
trader/bybit/trader.go	vl/logger	
trader/bybit/trader.go	strconv	
trader/bybit/trader.go	strings	
trader/bybit/trader.go	sync	
trader/bybit/trader.go	time	
trader/bybit/trader.go	github.com/bybit-exchange/bybit.go.api	bybit
trader/bybit/trader_account.go	context	
trader/bybit/trader_account.go	crypto/hmac	
trader/bybit/trader_account.go	crypto/sha256	
trader/bybit/trader_account.go	encoding/hex	
trader/bybit/trader_account.go	encoding/json	
trader/bybit/trader_account.go	fmt	
trader/bybit/trader_account.go	io	
trader/bybit/trader_account.go	net/http	
trader/bybit/trader_account.go	vl/trader/types	
trader/bybit/trader_account.go	strconv	
trader/bybit/trader_account.go	time	
trader/bybit/trader_orders.go	context	
trader/bybit/trader_orders.go	encoding/json	
trader/bybit/trader_orders.go	fmt	
trader/bybit/trader_orders.go	io	
trader/bybit/trader_orders.go	net/http	
trader/bybit/trader_orders.go	vl/logger	
trader/bybit/trader_orders.go	vl/trader/types	
trader/bybit/trader_orders.go	strconv	
trader/bybit/trader_orders.go	strings	
trader/bybit/trader_positions.go	context	
trader/bybit/trader_positions.go	fmt	
trader/bybit/trader_positions.go	vl/logger	
trader/bybit/trader_positions.go	strconv	
trader/bybit/trader_positions.go	strings	
trader/bybit/trader_positions.go	time	
trader/cadence_mode_test.go	os	
trader/cadence_mode_test.go	path/filepath	
trader/cadence_mode_test.go	strings	
trader/cadence_mode_test.go	testing	
trader/cadence_mode_test.go	time	
trader/cadence_mode_test.go	vl/market	
trader/cadence_mode_test.go	vl/store	
trader/cancel_budget_bootline_test.go	strings	
trader/cancel_budget_bootline_test.go	testing	
trader/cancel_budget_bootline_test.go	vl/store	
trader/cancel_confirm.go	encoding/json	
trader/cancel_confirm.go	fmt	
trader/cancel_confirm.go	os	
trader/cancel_confirm.go	strconv	
trader/cancel_confirm.go	strings	
trader/cancel_confirm.go	sync	
trader/cancel_confirm.go	time	
trader/cancel_confirm.go	vl/provider/ninjatrader	nt
trader/cancel_confirm.go	vl/store	
trader/cancel_confirm.go	vl/telemetry	
trader/cancel_confirm_test.go	strings	
trader/cancel_confirm_test.go	testing	
trader/cancel_confirm_test.go	time	
trader/cancel_confirm_test.go	vl/provider/ninjatrader	nt
trader/cancel_contract_test.go	os	
trader/cancel_contract_test.go	path/filepath	
trader/cancel_contract_test.go	strconv	
trader/cancel_contract_test.go	strings	
trader/cancel_contract_test.go	testing	
trader/cancel_sender_census_test.go	os	
trader/cancel_sender_census_test.go	path/filepath	
trader/cancel_sender_census_test.go	regexp	
trader/cancel_sender_census_test.go	strings	
trader/cancel_sender_census_test.go	testing	
trader/cancel_settlement_test.go	path/filepath	
trader/cancel_settlement_test.go	strings	
trader/cancel_settlement_test.go	testing	
trader/cancel_settlement_test.go	time	
trader/cancel_settlement_test.go	vl/store	
trader/cancel_slot_guard_test.go	testing	
trader/cancel_slot_guard_test.go	time	
trader/cancel_slot_guard_test.go	vl/store	
trader/caps_always_on_test.go	testing	
trader/caps_always_on_test.go	vl/kernel	
trader/caps_always_on_test.go	vl/store	
trader/class27_arm_guard_test.go	path/filepath	
trader/class27_arm_guard_test.go	strings	
trader/class27_arm_guard_test.go	testing	
trader/class27_arm_guard_test.go	vl/kernel	
trader/class27_arm_guard_test.go	vl/provider/ninjatrader	ntwire
trader/class27_arm_guard_test.go	vl/store	
trader/class32_wallclock_test.go	strings	
trader/class32_wallclock_test.go	testing	
trader/class32_wallclock_test.go	time	
trader/class32_wallclock_test.go	vl/kernel	
trader/class32_wallclock_test.go	vl/market	
trader/class32_wallclock_test.go	vl/store	
trader/class33_boot_sweep.go	fmt	
trader/class33_boot_sweep.go	strings	
trader/class33_boot_sweep.go	sync	
trader/class33_boot_sweep.go	vl/provider/ninjatrader	ntwire
trader/class33_boot_sweep.go	vl/store	
trader/class33_boot_sweep.go	vl/trader/types	
trader/class33_boot_sweep.go	time	
trader/class33_boot_sweep_test.go	errors	
trader/class33_boot_sweep_test.go	os	
trader/class33_boot_sweep_test.go	strings	
trader/class33_boot_sweep_test.go	testing	
trader/class33_boot_sweep_test.go	time	
trader/class33_boot_sweep_test.go	vl/store	
trader/class33_cutover_gate.go	fmt	
trader/class33_cutover_gate.go	strings	
trader/class33_cutover_gate.go	time	
trader/class33_cutover_gate.go	vl/store	
trader/class33_cutover_gate_test.go	strings	
trader/class33_cutover_gate_test.go	testing	
trader/class33_cutover_gate_test.go	time	
trader/class33_cutover_gate_test.go	vl/store	
trader/class34_validator_hints_test.go	fmt	
trader/class34_validator_hints_test.go	strings	
trader/class34_validator_hints_test.go	testing	
trader/class34_validator_hints_test.go	vl/kernel	
trader/class35_pin_test.go	testing	
trader/class35_pin_test.go	time	
trader/class35_pin_test.go	vl/store	
trader/class35_replan_budget_test.go	testing	
trader/class35_replan_budget_test.go	time	
trader/class35_replan_budget_test.go	vl/store	
trader/class36_pin_test.go	testing	
trader/class36_pin_test.go	time	
trader/class36_pin_test.go	vl/kernel	
trader/class36_pin_test.go	vl/market	
trader/class36_preflight_test.go	encoding/json	
trader/class36_preflight_test.go	strings	
trader/class36_preflight_test.go	sync	
trader/class36_preflight_test.go	testing	
trader/class36_preflight_test.go	time	
trader/class36_preflight_test.go	vl/kernel	
trader/class36_preflight_test.go	vl/logger	
trader/class36_preflight_test.go	vl/market	
trader/class36_preflight_test.go	vl/store	
trader/class38_repair_log_test.go	errors	
trader/class38_repair_log_test.go	strings	
trader/class38_repair_log_test.go	testing	
trader/class39_writesite_test.go	strings	
trader/class39_writesite_test.go	testing	
trader/class39_writesite_test.go	vl/kernel	
trader/class39_writesite_test.go	vl/store	
trader/class41_transport_retry_test.go	crypto/sha256	
trader/class41_transport_retry_test.go	errors	
trader/class41_transport_retry_test.go	fmt	
trader/class41_transport_retry_test.go	strings	
trader/class41_transport_retry_test.go	testing	
trader/class41_transport_retry_test.go	vl/kernel	
trader/class45_reject_block_test.go	errors	
trader/class45_reject_block_test.go	os	
trader/class45_reject_block_test.go	strings	
trader/class45_reject_block_test.go	testing	
trader/class47_wake_cadence.go	fmt	
trader/class47_wake_cadence.go	os	
trader/class47_wake_cadence.go	strconv	
trader/class47_wake_cadence.go	strings	
trader/class47_wake_cadence.go	time	
trader/class47_wake_cadence.go	vl/kernel	
trader/class47_wake_cadence_test.go	path/filepath	
trader/class47_wake_cadence_test.go	strings	
trader/class47_wake_cadence_test.go	testing	
trader/class47_wake_cadence_test.go	time	
trader/class47_wake_cadence_test.go	vl/kernel	
trader/class47_wake_cadence_test.go	vl/store	
trader/clock_hold_test.go	strings	
trader/clock_hold_test.go	testing	
trader/clock_hold_test.go	vl/kernel	
trader/clock_seam_lint_test.go	os	
trader/clock_seam_lint_test.go	path/filepath	
trader/clock_seam_lint_test.go	strings	
trader/clock_seam_lint_test.go	testing	
trader/clock_seam_test.go	testing	
trader/clock_seam_test.go	time	
trader/clock_seam_test.go	vl/market	
trader/clock_seam_walk_test.go	fmt	
trader/clock_seam_walk_test.go	go/ast	
trader/clock_seam_walk_test.go	go/parser	
trader/clock_seam_walk_test.go	go/token	
trader/clock_seam_walk_test.go	os	
trader/clock_seam_walk_test.go	path/filepath	
trader/clock_seam_walk_test.go	sort	
trader/clock_seam_walk_test.go	strings	
trader/clock_seam_walk_test.go	testing	
trader/collect_machine_grades_test.go	testing	
trader/collect_machine_grades_test.go	vl/kernel	
trader/confirmation_desk.go	encoding/json	
trader/confirmation_desk.go	fmt	
trader/confirmation_desk.go	vl/kernel	
trader/confirmation_desk.go	vl/store	
trader/confirmation_desk.go	strings	
trader/confirmation_desk.go	time	
trader/confirmation_truth_test.go	encoding/json	
trader/confirmation_truth_test.go	vl/kernel	
trader/confirmation_truth_test.go	vl/market	
trader/confirmation_truth_test.go	vl/store	
trader/confirmation_truth_test.go	strings	
trader/confirmation_truth_test.go	testing	
trader/confirmation_truth_test.go	time	
trader/contract_current.go	vl/kernel	
trader/contract_current.go	time	
trader/contract_current.go	vl/provider/ninjatrader	ntwire
trader/contract_roll.go	fmt	
trader/contract_roll.go	os	
trader/contract_roll.go	strconv	
trader/contract_roll.go	strings	
trader/contract_roll.go	time	
trader/contract_roll.go	vl/kernel	
trader/contract_roll.go	vl/trader/ninjatrader	ntTrader
trader/contract_roll_test.go	testing	
trader/contract_roll_test.go	time	
trader/contract_roll_test.go	vl/kernel	
trader/dead_man_watchdog_test.go	testing	
trader/demo_seed_test.go	encoding/json	
trader/demo_seed_test.go	fmt	
trader/demo_seed_test.go	os	
trader/demo_seed_test.go	path/filepath	
trader/demo_seed_test.go	testing	
trader/demo_seed_test.go	time	
trader/demo_seed_test.go	vl/kernel	
trader/demo_seed_test.go	vl/store	
trader/demo_verify_test.go	encoding/json	
trader/demo_verify_test.go	os	
trader/demo_verify_test.go	path/filepath	
trader/demo_verify_test.go	testing	
trader/demo_verify_test.go	time	
trader/demo_verify_test.go	vl/kernel	
trader/demo_verify_test.go	vl/store	
trader/desk_day_guardrail_test.go	os	
trader/desk_day_guardrail_test.go	strings	
trader/desk_day_guardrail_test.go	testing	
trader/desk_day_guardrail_test.go	vl/store	
trader/desk_facts.go	fmt	
trader/desk_facts.go	math	
trader/desk_facts.go	strings	
trader/desk_facts.go	time	
trader/desk_facts.go	vl/kernel	
trader/desk_facts.go	vl/market	
trader/desk_facts.go	vl/provider/ninjatrader	nt
trader/desk_facts.go	vl/store	
trader/desk_facts_test.go	math	
trader/desk_facts_test.go	path/filepath	
trader/desk_facts_test.go	strings	
trader/desk_facts_test.go	testing	
trader/desk_facts_test.go	time	
trader/desk_facts_test.go	vl/kernel	
trader/desk_facts_test.go	vl/market	
trader/desk_facts_test.go	vl/provider/ninjatrader	ntwire
trader/desk_facts_test.go	vl/store	
trader/desk_facts_test.go	vl/trader/ninjatrader	nttrader
trader/detector_formation_test.go	path/filepath	
trader/detector_formation_test.go	testing	
trader/detector_formation_test.go	time	
trader/detector_formation_test.go	vl/kernel	
trader/detector_formation_test.go	vl/market	
trader/detector_formation_test.go	vl/store	
trader/detector_hook_calibration_test.go	encoding/json	
trader/detector_hook_calibration_test.go	math	
trader/detector_hook_calibration_test.go	math/rand	
trader/detector_hook_calibration_test.go	os	
trader/detector_hook_calibration_test.go	path/filepath	
trader/detector_hook_calibration_test.go	testing	
trader/detector_hook_calibration_test.go	time	
trader/detector_hook_calibration_test.go	vl/kernel	
trader/detector_hook_calibration_test.go	vl/market	
trader/detector_hook_calibration_test.go	vl/store	
trader/detector_production_path_test.go	path/filepath	
trader/detector_production_path_test.go	testing	
trader/detector_production_path_test.go	time	
trader/detector_production_path_test.go	vl/kernel	
trader/detector_production_path_test.go	vl/market	
trader/detector_production_path_test.go	vl/store	
trader/detector_record.go	encoding/json	
trader/detector_record.go	time	
trader/detector_record.go	vl/kernel	
trader/detector_record.go	vl/market	
trader/detector_record.go	vl/store	
trader/detector_record_test.go	math	
trader/detector_record_test.go	path/filepath	
trader/detector_record_test.go	testing	
trader/detector_record_test.go	time	
trader/detector_record_test.go	vl/kernel	
trader/detector_record_test.go	vl/market	
trader/detector_record_test.go	vl/store	
trader/digest_wrap_test.go	testing	
trader/digest_wrap_test.go	vl/kernel	
trader/discard_burn.go	fmt	
trader/discard_burn.go	os	
trader/discard_burn.go	strconv	
trader/discard_burn.go	strings	
trader/discard_burn.go	time	
trader/discard_burn.go	vl/kernel	
trader/discard_burn.go	vl/market	
trader/discard_burn_test.go	os	
trader/discard_burn_test.go	strings	
trader/discard_burn_test.go	testing	
trader/discard_burn_test.go	vl/kernel	
trader/drawdown_casing_test.go	testing	
trader/drawdown_casing_test.go	vl/trader/types	
trader/entry_gate.go	fmt	
trader/entry_gate.go	strings	
trader/entry_gate.go	time	
trader/entry_gate.go	vl/kernel	
trader/entry_gate.go	vl/market	
trader/entry_gate.go	vl/store	
trader/entry_gate.go	vl/telemetry	
trader/entry_gate_d32_test.go	os	
trader/entry_gate_d32_test.go	strings	
trader/entry_gate_d32_test.go	testing	
trader/entry_gate_test.go	fmt	
trader/entry_gate_test.go	math	
trader/entry_gate_test.go	strings	
trader/entry_gate_test.go	testing	
trader/entry_gate_test.go	time	
trader/entry_gate_test.go	vl/kernel	
trader/entry_gate_test.go	vl/market	
trader/entry_gate_test.go	vl/store	
trader/eod_flat_session_test.go	testing	
trader/eod_flat_session_test.go	vl/kernel	
trader/eod_flat_session_test.go	vl/store	
trader/episode_close_wiring.go	strings	
trader/episode_close_wiring.go	vl/kernel	
trader/episode_close_wiring.go	vl/store	
trader/exchange_sync_test.go	vl/store	
trader/exchange_sync_test.go	testing	
trader/exchange_sync_test.go	time	
trader/exchange_sync_test.go	gorm.io/driver/sqlite	
trader/exchange_sync_test.go	gorm.io/gorm	
trader/exchange_sync_test.go	gorm.io/gorm/logger	
trader/exit_mechs_suspend.go	fmt	
trader/exit_mechs_suspend.go	vl/kernel	
trader/exit_mechs_suspend.go	os	
trader/exit_mechs_suspend.go	strings	
trader/exit_mechs_suspend.go	sync	
trader/exit_mechs_suspend.go	vl/trader/ninjatrader	ntTrader
trader/f0_calendar_ignition_test.go	encoding/json	
trader/f0_calendar_ignition_test.go	errors	
trader/f0_calendar_ignition_test.go	os	
trader/f0_calendar_ignition_test.go	path/filepath	
trader/f0_calendar_ignition_test.go	testing	
trader/f0_calendar_ignition_test.go	time	
trader/f0_calendar_ignition_test.go	vl/calendar	
trader/f0_calendar_ignition_test.go	vl/store	
trader/f12_leg4.go	fmt	
trader/f12_leg4.go	math	
trader/f12_leg4.go	os	
trader/f12_leg4.go	strconv	
trader/f12_leg4.go	strings	
trader/f12_leg4.go	time	
trader/f12_leg4.go	vl/provider/ninjatrader	nt
trader/f12_leg4.go	vl/store	
trader/f12_leg4_test.go	strings	
trader/f12_leg4_test.go	testing	
trader/f12_leg4_test.go	time	
trader/f12_leg4_test.go	vl/provider/ninjatrader	nt
trader/fade_boot.go	fmt	
trader/fade_boot.go	strings	
trader/fade_boot.go	time	
trader/fade_boot.go	vl/kernel	
trader/fade_boot.go	vl/store	
trader/fade_facts.go	encoding/json	
trader/fade_facts.go	sort	
trader/fade_facts.go	time	
trader/fade_facts.go	vl/calendar	
trader/fade_facts.go	vl/kernel	
trader/fade_facts.go	vl/market	
trader/fade_facts_test.go	encoding/json	
trader/fade_facts_test.go	path/filepath	
trader/fade_facts_test.go	testing	
trader/fade_facts_test.go	time	
trader/fade_facts_test.go	vl/kernel	
trader/fade_facts_test.go	vl/market	
trader/fade_facts_test.go	vl/store	
trader/fade_no_refusal_test.go	os	
trader/fade_no_refusal_test.go	regexp	
trader/fade_no_refusal_test.go	testing	
trader/fade_stamp_wiring.go	time	
trader/fade_stamp_wiring.go	vl/kernel	
trader/fade_stamp_wiring.go	vl/store	
trader/fade_surface.go	fmt	
trader/fade_surface.go	strings	
trader/fade_surface.go	time	
trader/fade_surface.go	vl/kernel	
trader/fade_surface.go	vl/market	
trader/feedwatch_test.go	path/filepath	
trader/feedwatch_test.go	testing	
trader/feedwatch_test.go	time	
trader/feedwatch_test.go	vl/market	
trader/feedwatch_test.go	vl/store	
trader/flat_truth.go	fmt	
trader/flat_truth.go	time	
trader/follow_plan_wiring.go	encoding/json	
trader/follow_plan_wiring.go	strconv	
trader/follow_plan_wiring.go	time	
trader/follow_plan_wiring.go	vl/kernel	
trader/follow_plan_wiring.go	vl/market	
trader/follow_plan_wiring.go	vl/store	
trader/gate/order_sync.go	fmt	
trader/gate/order_sync.go	vl/logger	
trader/gate/order_sync.go	vl/market	
trader/gate/order_sync.go	vl/store	
trader/gate/order_sync.go	sort	
trader/gate/order_sync.go	strconv	
trader/gate/order_sync.go	strings	
trader/gate/order_sync.go	time	
trader/gate/order_sync.go	github.com/antihax/optional	
trader/gate/order_sync.go	github.com/gateio/gateapi-go/v6	
trader/gate/trader.go	context	
trader/gate/trader.go	fmt	
trader/gate/trader.go	vl/trader/types	
trader/gate/trader.go	strings	
trader/gate/trader.go	sync	
trader/gate/trader.go	time	
trader/gate/trader.go	github.com/gateio/gateapi-go/v6	
trader/gate/trader_account.go	fmt	
trader/gate/trader_account.go	vl/trader/types	
trader/gate/trader_account.go	strconv	
trader/gate/trader_account.go	time	
trader/gate/trader_account.go	github.com/antihax/optional	
trader/gate/trader_account.go	github.com/gateio/gateapi-go/v6	
trader/gate/trader_orders.go	fmt	
trader/gate/trader_orders.go	math	
trader/gate/trader_orders.go	vl/logger	
trader/gate/trader_orders.go	vl/trader/types	
trader/gate/trader_orders.go	strconv	
trader/gate/trader_orders.go	strings	
trader/gate/trader_orders.go	github.com/antihax/optional	
trader/gate/trader_orders.go	github.com/gateio/gateapi-go/v6	
trader/gate/trader_test.go	encoding/json	
trader/gate/trader_test.go	net/http	
trader/gate/trader_test.go	net/http/httptest	
trader/gate/trader_test.go	strings	
trader/gate/trader_test.go	testing	
trader/gate/trader_test.go	time	
trader/gate/trader_test.go	github.com/stretchr/testify/assert	
trader/gate/trader_test.go	vl/trader/testutil	
trader/gate/trader_test.go	vl/trader/types	
trader/gate_order_test.go	os	
trader/gate_order_test.go	strings	
trader/gate_order_test.go	testing	
trader/ghost_record_test.go	testing	
trader/ghost_record_test.go	vl/store	
trader/grid_regime.go	vl/market	
trader/grid_regime.go	vl/store	
trader/grid_regime.go	time	
trader/grid_regime_test.go	vl/market	
trader/grid_regime_test.go	testing	
trader/halfdays_test.go	testing	
trader/halfdays_test.go	time	
trader/halfdays_test.go	vl/kernel	
trader/helpers.go	fmt	
trader/helpers.go	strconv	
trader/historical_import.go	context	
trader/historical_import.go	crypto/rand	
trader/historical_import.go	encoding/hex	
trader/historical_import.go	fmt	
trader/historical_import.go	os	
trader/historical_import.go	sort	
trader/historical_import.go	strconv	
trader/historical_import.go	strings	
trader/historical_import.go	time	
trader/historical_import.go	vl/logger	
trader/historical_import.go	vl/provider/ninjatrader	ntwire
trader/historical_import.go	vl/store	
trader/historical_import.go	vl/trader/ninjatrader	ninjatrader
trader/hold_lock_test.go	path/filepath	
trader/hold_lock_test.go	testing	
trader/hold_lock_test.go	time	
trader/hold_lock_test.go	vl/kernel	
trader/hold_lock_test.go	vl/store	
trader/honest_logs_test.go	os	
trader/honest_logs_test.go	strings	
trader/honest_logs_test.go	testing	
trader/hyperliquid/order_sync.go	fmt	
trader/hyperliquid/order_sync.go	vl/logger	
trader/hyperliquid/order_sync.go	vl/market	
trader/hyperliquid/order_sync.go	vl/store	
trader/hyperliquid/order_sync.go	sort	
trader/hyperliquid/order_sync.go	strings	
trader/hyperliquid/order_sync.go	time	
trader/hyperliquid/sync_test.go	math	
trader/hyperliquid/sync_test.go	vl/store	
trader/hyperliquid/sync_test.go	testing	
trader/hyperliquid/sync_test.go	time	
trader/hyperliquid/sync_test.go	gorm.io/driver/sqlite	
trader/hyperliquid/sync_test.go	gorm.io/gorm	
trader/hyperliquid/sync_test.go	gorm.io/gorm/logger	
trader/hyperliquid/trader.go	context	
trader/hyperliquid/trader.go	crypto/ecdsa	
trader/hyperliquid/trader.go	fmt	
trader/hyperliquid/trader.go	vl/logger	
trader/hyperliquid/trader.go	strconv	
trader/hyperliquid/trader.go	strings	
trader/hyperliquid/trader.go	sync	
trader/hyperliquid/trader.go	github.com/ethereum/go-ethereum/crypto	
trader/hyperliquid/trader.go	github.com/sonirico/go-hyperliquid	
trader/hyperliquid/trader_account.go	bytes	
trader/hyperliquid/trader_account.go	encoding/json	
trader/hyperliquid/trader_account.go	fmt	
trader/hyperliquid/trader_account.go	io	
trader/hyperliquid/trader_account.go	net/http	
trader/hyperliquid/trader_account.go	vl/logger	
trader/hyperliquid/trader_account.go	vl/trader/types	
trader/hyperliquid/trader_account.go	strconv	
trader/hyperliquid/trader_account.go	strings	
trader/hyperliquid/trader_account.go	time	
trader/hyperliquid/trader_orders.go	bytes	
trader/hyperliquid/trader_orders.go	encoding/json	
trader/hyperliquid/trader_orders.go	fmt	
trader/hyperliquid/trader_orders.go	io	
trader/hyperliquid/trader_orders.go	net/http	
trader/hyperliquid/trader_orders.go	vl/logger	
trader/hyperliquid/trader_orders.go	vl/trader/types	
trader/hyperliquid/trader_orders.go	strconv	
trader/hyperliquid/trader_orders.go	strings	
trader/hyperliquid/trader_orders.go	time	
trader/hyperliquid/trader_orders.go	github.com/sonirico/go-hyperliquid	
trader/hyperliquid/trader_positions.go	fmt	
trader/hyperliquid/trader_positions.go	vl/logger	
trader/hyperliquid/trader_positions.go	strconv	
trader/hyperliquid/trader_positions.go	strings	
trader/hyperliquid/trader_race_test.go	context	
trader/hyperliquid/trader_race_test.go	sync	
trader/hyperliquid/trader_race_test.go	testing	
trader/hyperliquid/trader_race_test.go	github.com/sonirico/go-hyperliquid	
trader/hyperliquid/trader_sync.go	bytes	
trader/hyperliquid/trader_sync.go	encoding/json	
trader/hyperliquid/trader_sync.go	fmt	
trader/hyperliquid/trader_sync.go	io	
trader/hyperliquid/trader_sync.go	net/http	
trader/hyperliquid/trader_sync.go	vl/logger	
trader/hyperliquid/trader_sync.go	strings	
trader/hyperliquid/trader_sync.go	time	
trader/identity_wiring_test.go	go/ast	
trader/identity_wiring_test.go	go/parser	
trader/identity_wiring_test.go	go/token	
trader/identity_wiring_test.go	path/filepath	
trader/identity_wiring_test.go	testing	
trader/indodax/trader.go	crypto/hmac	
trader/indodax/trader.go	crypto/sha512	
trader/indodax/trader.go	encoding/hex	
trader/indodax/trader.go	encoding/json	
trader/indodax/trader.go	fmt	
trader/indodax/trader.go	io	
trader/indodax/trader.go	net/http	
trader/indodax/trader.go	net/url	
trader/indodax/trader.go	vl/logger	
trader/indodax/trader.go	strconv	
trader/indodax/trader.go	strings	
trader/indodax/trader.go	sync	
trader/indodax/trader.go	time	
trader/indodax/trader_account.go	encoding/json	
trader/indodax/trader_account.go	fmt	
trader/indodax/trader_account.go	net/url	
trader/indodax/trader_account.go	vl/logger	
trader/indodax/trader_account.go	vl/trader/types	
trader/indodax/trader_account.go	strconv	
trader/indodax/trader_account.go	strings	
trader/indodax/trader_account.go	time	
trader/indodax/trader_orders.go	encoding/json	
trader/indodax/trader_orders.go	fmt	
trader/indodax/trader_orders.go	math	
trader/indodax/trader_orders.go	net/url	
trader/indodax/trader_orders.go	vl/logger	
trader/indodax/trader_orders.go	vl/trader/types	
trader/indodax/trader_orders.go	strconv	
trader/indodax/trader_orders.go	strings	
trader/indodax/trader_test.go	os	
trader/indodax/trader_test.go	testing	
trader/indodax/trader_test.go	time	
trader/indodax/trader_test.go	vl/trader/types	
trader/interface.go	fmt	
trader/interface.go	vl/logger	
trader/interface.go	vl/trader/types	
trader/intrade_contract_test.go	os	
trader/intrade_contract_test.go	strings	
trader/intrade_contract_test.go	testing	
trader/invalidation_leg_test.go	strings	
trader/invalidation_leg_test.go	testing	
trader/invalidation_resolver.go	fmt	
trader/invalidation_resolver.go	time	
trader/invalidation_resolver.go	vl/kernel	
trader/invalidation_resolver.go	vl/market	
trader/kucoin/order_sync.go	encoding/json	
trader/kucoin/order_sync.go	fmt	
trader/kucoin/order_sync.go	vl/logger	
trader/kucoin/order_sync.go	vl/store	
trader/kucoin/order_sync.go	vl/trader/types	
trader/kucoin/order_sync.go	sort	
trader/kucoin/order_sync.go	strings	
trader/kucoin/order_sync.go	time	
trader/kucoin/order_sync_test.go	encoding/json	
trader/kucoin/order_sync_test.go	fmt	
trader/kucoin/order_sync_test.go	os	
trader/kucoin/order_sync_test.go	testing	
trader/kucoin/order_sync_test.go	time	
trader/kucoin/trader.go	bytes	
trader/kucoin/trader.go	crypto/hmac	
trader/kucoin/trader.go	crypto/sha256	
trader/kucoin/trader.go	encoding/base64	
trader/kucoin/trader.go	encoding/json	
trader/kucoin/trader.go	fmt	
trader/kucoin/trader.go	io	
trader/kucoin/trader.go	math	
trader/kucoin/trader.go	net/http	
trader/kucoin/trader.go	vl/logger	
trader/kucoin/trader.go	strconv	
trader/kucoin/trader.go	strings	
trader/kucoin/trader.go	sync	
trader/kucoin/trader.go	time	
trader/kucoin/trader_account.go	encoding/json	
trader/kucoin/trader_account.go	fmt	
trader/kucoin/trader_account.go	vl/logger	
trader/kucoin/trader_account.go	time	
trader/kucoin/trader_orders.go	encoding/json	
trader/kucoin/trader_orders.go	fmt	
trader/kucoin/trader_orders.go	math	
trader/kucoin/trader_orders.go	vl/logger	
trader/kucoin/trader_orders.go	vl/trader/types	
trader/kucoin/trader_orders.go	strconv	
trader/kucoin/trader_orders.go	strings	
trader/kucoin/trader_orders.go	time	
trader/kucoin/trader_positions.go	encoding/json	
trader/kucoin/trader_positions.go	fmt	
trader/kucoin/trader_positions.go	time	
trader/last_entry_session_test.go	strings	
trader/last_entry_session_test.go	testing	
trader/last_entry_session_test.go	time	
trader/last_entry_session_test.go	vl/kernel	
trader/last_entry_session_test.go	vl/store	
trader/level_zones.go	vl/kernel	
trader/level_zones.go	time	
trader/level_zones_wiring_test.go	os	
trader/level_zones_wiring_test.go	strings	
trader/level_zones_wiring_test.go	testing	
trader/lfx_arm_refusal_test.go	testing	
trader/lighter/account.go	encoding/json	
trader/lighter/account.go	fmt	
trader/lighter/account.go	io	
trader/lighter/account.go	net/http	
trader/lighter/account.go	vl/logger	
trader/lighter/account.go	strconv	
trader/lighter/account.go	strings	
trader/lighter/integration_test.go	fmt	
trader/lighter/integration_test.go	os	
trader/lighter/integration_test.go	strings	
trader/lighter/integration_test.go	testing	
trader/lighter/integration_test.go	time	
trader/lighter/integration_test.go	vl/trader/types	tradertypes
trader/lighter/order_sync.go	fmt	
trader/lighter/order_sync.go	vl/logger	
trader/lighter/order_sync.go	vl/market	
trader/lighter/order_sync.go	vl/store	
trader/lighter/order_sync.go	sort	
trader/lighter/order_sync.go	strings	
trader/lighter/order_sync.go	time	
trader/lighter/orders.go	encoding/json	
trader/lighter/orders.go	fmt	
trader/lighter/orders.go	io	
trader/lighter/orders.go	net/http	
trader/lighter/orders.go	net/url	
trader/lighter/orders.go	vl/logger	
trader/lighter/orders.go	strconv	
trader/lighter/orders.go	github.com/elliottech/lighter-go/types	
trader/lighter/orders_test.go	encoding/json	
trader/lighter/orders_test.go	net/http	
trader/lighter/orders_test.go	net/http/httptest	
trader/lighter/orders_test.go	net/url	
trader/lighter/orders_test.go	testing	
trader/lighter/orders_test.go	github.com/stretchr/testify/assert	
trader/lighter/orders_test.go	github.com/stretchr/testify/require	
trader/lighter/trader.go	context	
trader/lighter/trader.go	encoding/json	
trader/lighter/trader.go	fmt	
trader/lighter/trader.go	io	
trader/lighter/trader.go	math	
trader/lighter/trader.go	net/http	
trader/lighter/trader.go	net/url	
trader/lighter/trader.go	vl/logger	
trader/lighter/trader.go	strings	
trader/lighter/trader.go	sync	
trader/lighter/trader.go	time	
trader/lighter/trader.go	github.com/elliottech/lighter-go/client	lighterClient
trader/lighter/trader.go	github.com/elliottech/lighter-go/client/http	lighterHTTP
trader/lighter/trader.go	github.com/ethereum/go-ethereum/common/hexutil	
trader/lighter/trader.go	vl/trader/types	tradertypes
trader/lighter/trading.go	bytes	
trader/lighter/trading.go	encoding/json	
trader/lighter/trading.go	fmt	
trader/lighter/trading.go	io	
trader/lighter/trading.go	mime/multipart	
trader/lighter/trading.go	net/http	
trader/lighter/trading.go	vl/logger	
trader/lighter/trading.go	strconv	
trader/lighter/trading.go	strings	
trader/lighter/trading.go	time	
trader/lighter/trading.go	github.com/elliottech/lighter-go/types	
trader/lighter/trading.go	vl/trader/types	tradertypes
trader/lighter/types.go	fmt	
trader/lighter/types.go	strings	
trader/lighter/types.go	golang.org/x/crypto/sha3	
trader/limit_close_test.go	testing	
trader/ninjatrader/a1_presubmit_test.go	testing	
trader/ninjatrader/account_binding_test.go	encoding/json	
trader/ninjatrader/account_binding_test.go	strings	
trader/ninjatrader/account_binding_test.go	testing	
trader/ninjatrader/account_binding_test.go	vl/provider/ninjatrader	ntwire
trader/ninjatrader/all_account_positions_test.go	testing	
trader/ninjatrader/all_account_positions_test.go	vl/provider/ninjatrader	ntwire
trader/ninjatrader/armed_lineage_repair_test.go	path/filepath	
trader/ninjatrader/armed_lineage_repair_test.go	testing	
trader/ninjatrader/armed_lineage_repair_test.go	time	
trader/ninjatrader/armed_lineage_repair_test.go	vl/store	
trader/ninjatrader/attribution_pin_test.go	os	
trader/ninjatrader/attribution_pin_test.go	regexp	
trader/ninjatrader/attribution_pin_test.go	strings	
trader/ninjatrader/attribution_pin_test.go	testing	
trader/ninjatrader/b1_stop_widen_test.go	strings	
trader/ninjatrader/b1_stop_widen_test.go	testing	
trader/ninjatrader/b1_stop_widen_test.go	vl/provider/ninjatrader	ntwire
trader/ninjatrader/bar_horizon_bridge_test.go	fmt	
trader/ninjatrader/bar_horizon_bridge_test.go	strings	
trader/ninjatrader/bar_horizon_bridge_test.go	sync	
trader/ninjatrader/bar_horizon_bridge_test.go	testing	
trader/ninjatrader/bar_horizon_bridge_test.go	time	
trader/ninjatrader/bar_horizon_bridge_test.go	vl/kernel	
trader/ninjatrader/bar_horizon_bridge_test.go	vl/logger	
trader/ninjatrader/bar_horizon_bridge_test.go	vl/provider/ninjatrader	ntwire
trader/ninjatrader/bar_horizon_warn.go	fmt	
trader/ninjatrader/bar_horizon_warn.go	path/filepath	
trader/ninjatrader/bar_horizon_warn.go	runtime	
trader/ninjatrader/bar_horizon_warn.go	sort	
trader/ninjatrader/bar_horizon_warn.go	strconv	
trader/ninjatrader/bar_horizon_warn.go	strings	
trader/ninjatrader/bar_horizon_warn.go	sync	
trader/ninjatrader/bar_horizon_warn.go	time	
trader/ninjatrader/bar_horizon_warn.go	vl/kernel	
trader/ninjatrader/bar_horizon_warn.go	vl/logger	
trader/ninjatrader/bar_horizon_warn.go	vl/provider/ninjatrader	ntwire
trader/ninjatrader/bar_horizon_warn.go	vl/telemetry	
trader/ninjatrader/bar_horizon_warn_test.go	fmt	
trader/ninjatrader/bar_horizon_warn_test.go	io/fs	
trader/ninjatrader/bar_horizon_warn_test.go	os	
trader/ninjatrader/bar_horizon_warn_test.go	path/filepath	
trader/ninjatrader/bar_horizon_warn_test.go	strings	
trader/ninjatrader/bar_horizon_warn_test.go	testing	
trader/ninjatrader/bar_horizon_warn_test.go	time	
trader/ninjatrader/bar_horizon_warn_test.go	vl/provider/ninjatrader	ntwire
trader/ninjatrader/bar_horizon_warn_test.go	vl/telemetry	
trader/ninjatrader/bar_persist_wire.go	vl/market	
trader/ninjatrader/bar_persist_wire.go	sync	
trader/ninjatrader/bar_persist_wire.go	sync/atomic	
trader/ninjatrader/bar_persist_wire.go	time	
trader/ninjatrader/bar_persist_wire.go	vl/kernel	
trader/ninjatrader/bar_persist_wire.go	vl/logger	
trader/ninjatrader/bar_persist_wire.go	vl/provider/ninjatrader	ntwire
trader/ninjatrader/bar_persist_wire.go	vl/store	
trader/ninjatrader/bar_source_wire_test.go	os	
trader/ninjatrader/bar_source_wire_test.go	regexp	
trader/ninjatrader/bar_source_wire_test.go	strings	
trader/ninjatrader/bar_source_wire_test.go	testing	
trader/ninjatrader/bar_source_wire_test.go	time	
trader/ninjatrader/bar_source_wire_test.go	vl/provider/ninjatrader	ntwire
trader/ninjatrader/bar_source_wire_test.go	vl/store	
trader/ninjatrader/bars_market_bridge.go	time	
trader/ninjatrader/bars_market_bridge.go	vl/kernel	
trader/ninjatrader/bars_market_bridge.go	vl/logger	
trader/ninjatrader/bars_market_bridge.go	vl/market	
trader/ninjatrader/bars_market_bridge.go	vl/provider/ninjatrader	ntwire
trader/ninjatrader/bound_account_attribution_test.go	path/filepath	
trader/ninjatrader/bound_account_attribution_test.go	testing	
trader/ninjatrader/bound_account_attribution_test.go	vl/provider/ninjatrader	ntwire
trader/ninjatrader/bound_account_attribution_test.go	vl/store	
trader/ninjatrader/class33_leg4_test.go	errors	
trader/ninjatrader/class33_leg4_test.go	testing	
trader/ninjatrader/class33_leg4_test.go	vl/provider/ninjatrader	ntwire
trader/ninjatrader/class33_leg4_test.go	vl/trader/types	
trader/ninjatrader/close_sync.go	fmt	
trader/ninjatrader/close_sync.go	strings	
trader/ninjatrader/close_sync.go	time	
trader/ninjatrader/close_sync.go	vl/discipline	
trader/ninjatrader/close_sync.go	vl/logger	
trader/ninjatrader/close_sync.go	vl/market	
trader/ninjatrader/close_sync.go	vl/provider/ninjatrader	ntwire
trader/ninjatrader/close_sync.go	vl/store	
trader/ninjatrader/close_sync_owner_routing_test.go	path/filepath	
trader/ninjatrader/close_sync_owner_routing_test.go	testing	
trader/ninjatrader/close_sync_owner_routing_test.go	vl/provider/ninjatrader	ntwire
trader/ninjatrader/close_sync_owner_routing_test.go	vl/store	
trader/ninjatrader/close_sync_test.go	testing	
trader/ninjatrader/close_sync_test.go	vl/store	
trader/ninjatrader/contract_boot_line.go	fmt	
trader/ninjatrader/contract_boot_line.go	vl/kernel	
trader/ninjatrader/contract_boot_line.go	sort	
trader/ninjatrader/contract_boot_line.go	strings	
trader/ninjatrader/contract_boot_line.go	time	
trader/ninjatrader/contract_boot_line.go	vl/provider/ninjatrader	ntwire
trader/ninjatrader/contract_boot_line.go	vl/store	
trader/ninjatrader/integration_test.go	testing	
trader/ninjatrader/integration_test.go	time	
trader/ninjatrader/integration_test.go	vl/provider/ninjatrader	ntpkg
trader/ninjatrader/level_stats_nightly_test.go	encoding/json	
trader/ninjatrader/level_stats_nightly_test.go	os	
trader/ninjatrader/level_stats_nightly_test.go	path/filepath	
trader/ninjatrader/level_stats_nightly_test.go	testing	
trader/ninjatrader/level_stats_nightly_test.go	time	
trader/ninjatrader/level_stats_nightly_test.go	vl/kernel	
trader/ninjatrader/level_stats_nightly_test.go	vl/store	
trader/ninjatrader/level_stats_wire.go	encoding/json	
trader/ninjatrader/level_stats_wire.go	fmt	
trader/ninjatrader/level_stats_wire.go	strconv	
trader/ninjatrader/level_stats_wire.go	sync	
trader/ninjatrader/level_stats_wire.go	time	
trader/ninjatrader/level_stats_wire.go	vl/kernel	
trader/ninjatrader/level_stats_wire.go	vl/logger	
trader/ninjatrader/level_stats_wire.go	vl/market	
trader/ninjatrader/level_stats_wire.go	vl/store	
trader/ninjatrader/level_stats_wire_t1_test.go	encoding/json	
trader/ninjatrader/level_stats_wire_t1_test.go	path/filepath	
trader/ninjatrader/level_stats_wire_t1_test.go	testing	
trader/ninjatrader/level_stats_wire_t1_test.go	time	
trader/ninjatrader/level_stats_wire_t1_test.go	vl/kernel	
trader/ninjatrader/level_stats_wire_t1_test.go	vl/store	
trader/ninjatrader/move_stop_clock_test.go	context	
trader/ninjatrader/move_stop_clock_test.go	encoding/json	
trader/ninjatrader/move_stop_clock_test.go	net	
trader/ninjatrader/move_stop_clock_test.go	os	
trader/ninjatrader/move_stop_clock_test.go	path/filepath	
trader/ninjatrader/move_stop_clock_test.go	strings	
trader/ninjatrader/move_stop_clock_test.go	testing	
trader/ninjatrader/move_stop_clock_test.go	time	
trader/ninjatrader/move_stop_clock_test.go	vl/provider/ninjatrader	ntwire
trader/ninjatrader/move_stop_clock_test.go	vl/store	
trader/ninjatrader/move_stop_materialized_test.go	encoding/json	
trader/ninjatrader/move_stop_materialized_test.go	net	
trader/ninjatrader/move_stop_materialized_test.go	path/filepath	
trader/ninjatrader/move_stop_materialized_test.go	strings	
trader/ninjatrader/move_stop_materialized_test.go	testing	
trader/ninjatrader/move_stop_materialized_test.go	time	
trader/ninjatrader/move_stop_materialized_test.go	context	
trader/ninjatrader/move_stop_materialized_test.go	vl/provider/ninjatrader	ntwire
trader/ninjatrader/move_stop_materialized_test.go	vl/store	
trader/ninjatrader/netting_fills.go	strings	
trader/ninjatrader/netting_fills.go	time	
trader/ninjatrader/netting_fills.go	vl/provider/ninjatrader	ntwire
trader/ninjatrader/netting_fills_test.go	path/filepath	
trader/ninjatrader/netting_fills_test.go	testing	
trader/ninjatrader/netting_fills_test.go	time	
trader/ninjatrader/netting_fills_test.go	vl/provider/ninjatrader	ntwire
trader/ninjatrader/netting_fills_test.go	vl/store	
trader/ninjatrader/order_guard.go	fmt	
trader/ninjatrader/order_guard.go	sync	
trader/ninjatrader/order_guard_test.go	fmt	
trader/ninjatrader/order_guard_test.go	strings	
trader/ninjatrader/order_guard_test.go	testing	
trader/ninjatrader/placement_truth_test.go	errors	
trader/ninjatrader/placement_truth_test.go	strings	
trader/ninjatrader/placement_truth_test.go	testing	
trader/ninjatrader/placement_truth_test.go	time	
trader/ninjatrader/placement_truth_test.go	vl/provider/ninjatrader	ntwire
trader/ninjatrader/placement_truth_test.go	vl/store	
trader/ninjatrader/pnl_attribution_test.go	testing	
trader/ninjatrader/priced_close_cache.go	strings	
trader/ninjatrader/priced_close_cache.go	sync	
trader/ninjatrader/reconcile.go	fmt	
trader/ninjatrader/reconcile.go	strconv	
trader/ninjatrader/reconcile.go	strings	
trader/ninjatrader/reconcile.go	time	
trader/ninjatrader/reconcile.go	vl/discipline	
trader/ninjatrader/reconcile.go	vl/logger	
trader/ninjatrader/reconcile.go	vl/market	
trader/ninjatrader/reconcile.go	vl/store	
trader/ninjatrader/reconcile.go	vl/telemetry	
trader/ninjatrader/reconcile_confirm_test.go	testing	
trader/ninjatrader/reconcile_confirm_test.go	time	
trader/ninjatrader/reconcile_confirm_test.go	vl/provider/ninjatrader	ntwire
trader/ninjatrader/reconcile_lineage_test.go	path/filepath	
trader/ninjatrader/reconcile_lineage_test.go	testing	
trader/ninjatrader/reconcile_lineage_test.go	time	
trader/ninjatrader/reconcile_lineage_test.go	vl/store	
trader/ninjatrader/reconcile_sweep_test.go	path/filepath	
trader/ninjatrader/reconcile_sweep_test.go	testing	
trader/ninjatrader/reconcile_sweep_test.go	time	
trader/ninjatrader/reconcile_sweep_test.go	vl/provider/ninjatrader	ntwire
trader/ninjatrader/reconcile_sweep_test.go	vl/store	
trader/ninjatrader/reconcile_untracked_test.go	path/filepath	
trader/ninjatrader/reconcile_untracked_test.go	testing	
trader/ninjatrader/reconcile_untracked_test.go	time	
trader/ninjatrader/reconcile_untracked_test.go	vl/provider/ninjatrader	ntwire
trader/ninjatrader/reconcile_untracked_test.go	vl/store	
trader/ninjatrader/regrade_reset_test.go	path/filepath	
trader/ninjatrader/regrade_reset_test.go	testing	
trader/ninjatrader/regrade_reset_test.go	vl/store	
trader/ninjatrader/replay_hold.go	fmt	
trader/ninjatrader/replay_hold.go	sort	
trader/ninjatrader/replay_hold.go	strings	
trader/ninjatrader/replay_hold.go	sync	
trader/ninjatrader/replay_hold.go	vl/logger	
trader/ninjatrader/replay_hold.go	vl/provider/ninjatrader	ntwire
trader/ninjatrader/replay_hold.go	vl/store	
trader/ninjatrader/replay_hold_test.go	os	
trader/ninjatrader/replay_hold_test.go	path/filepath	
trader/ninjatrader/replay_hold_test.go	regexp	
trader/ninjatrader/replay_hold_test.go	testing	
trader/ninjatrader/replay_hold_test.go	time	
trader/ninjatrader/replay_hold_test.go	vl/provider/ninjatrader	ntwire
trader/ninjatrader/replay_hold_test.go	vl/store	
trader/ninjatrader/stop_entry_wire_test.go	context	
trader/ninjatrader/stop_entry_wire_test.go	encoding/json	
trader/ninjatrader/stop_entry_wire_test.go	errors	
trader/ninjatrader/stop_entry_wire_test.go	net	
trader/ninjatrader/stop_entry_wire_test.go	path/filepath	
trader/ninjatrader/stop_entry_wire_test.go	strings	
trader/ninjatrader/stop_entry_wire_test.go	testing	
trader/ninjatrader/stop_entry_wire_test.go	time	
trader/ninjatrader/stop_entry_wire_test.go	vl/provider/ninjatrader	ntwire
trader/ninjatrader/stop_entry_wire_test.go	vl/store	
trader/ninjatrader/symbol_list_test.go	reflect	
trader/ninjatrader/symbol_list_test.go	testing	
trader/ninjatrader/tcp_trader.go	fmt	
trader/ninjatrader/tcp_trader.go	reflect	
trader/ninjatrader/tcp_trader.go	strings	
trader/ninjatrader/tcp_trader.go	sync	
trader/ninjatrader/tcp_trader.go	time	
trader/ninjatrader/tcp_trader.go	github.com/google/uuid	
trader/ninjatrader/tcp_trader.go	vl/config	
trader/ninjatrader/tcp_trader.go	vl/discipline	
trader/ninjatrader/tcp_trader.go	vl/logger	
trader/ninjatrader/tcp_trader.go	vl/market	
trader/ninjatrader/tcp_trader.go	vl/provider/databento	
trader/ninjatrader/tcp_trader.go	vl/provider/ninjatrader	ntwire
trader/ninjatrader/tcp_trader.go	vl/store	
trader/ninjatrader/tcp_trader.go	vl/telemetry	
trader/ninjatrader/tcp_trader.go	vl/trader/types	
trader/ninjatrader/tcp_trader_orderstatus_test.go	testing	
trader/ninjatrader/tcp_trader_orderstatus_test.go	vl/provider/ninjatrader	ntwire
trader/ninjatrader/tcp_trader_subscribe_test.go	testing	
trader/ninjatrader/tcp_trader_subscribe_test.go	vl/provider/ninjatrader	ntwire
trader/ninjatrader/tick_rounding.go	math	
trader/ninjatrader/tick_rounding_test.go	testing	
trader/ninjatrader/trader.go	context	
trader/ninjatrader/trader.go	fmt	
trader/ninjatrader/trader.go	sync	
trader/ninjatrader/trader.go	time	
trader/ninjatrader/trader.go	vl/logger	
trader/ninjatrader/trader.go	vl/provider/databento	
trader/ninjatrader/trader.go	vl/provider/ninjatrader	
trader/ninjatrader/trader.go	vl/trader/types	
trader/ninjatrader/trader_test.go	os	
trader/ninjatrader/trader_test.go	path/filepath	
trader/ninjatrader/trader_test.go	strings	
trader/ninjatrader/trader_test.go	testing	
trader/ninjatrader/transport.go	context	
trader/ninjatrader/transport.go	fmt	
trader/ninjatrader/transport.go	os	
trader/ninjatrader/transport.go	strings	
trader/ninjatrader/transport.go	sync	
trader/ninjatrader/transport.go	vl/provider/ninjatrader	ntwire
trader/ninjatrader/transport.go	vl/trader/types	
trader/ninjatrader/w12_money_math_test.go	math	
trader/ninjatrader/w12_money_math_test.go	testing	
trader/ninjatrader/w12_money_math_test.go	vl/market	
trader/no_chase.go	fmt	
trader/no_chase.go	math	
trader/no_chase.go	os	
trader/no_chase.go	strconv	
trader/no_chase.go	strings	
trader/no_chase.go	time	
trader/no_chase.go	vl/kernel	
trader/no_chase.go	vl/store	
trader/no_chase_test.go	strings	
trader/no_chase_test.go	testing	
trader/no_trade_band_writesite_test.go	encoding/json	
trader/no_trade_band_writesite_test.go	testing	
trader/no_trade_band_writesite_test.go	time	
trader/no_trade_band_writesite_test.go	vl/kernel	
trader/okx/order_sync.go	encoding/json	
trader/okx/order_sync.go	fmt	
trader/okx/order_sync.go	vl/logger	
trader/okx/order_sync.go	vl/market	
trader/okx/order_sync.go	vl/store	
trader/okx/order_sync.go	sort	
trader/okx/order_sync.go	strconv	
trader/okx/order_sync.go	strings	
trader/okx/order_sync.go	time	
trader/okx/trader.go	bytes	
trader/okx/trader.go	crypto/hmac	
trader/okx/trader.go	crypto/rand	
trader/okx/trader.go	crypto/sha256	
trader/okx/trader.go	encoding/base64	
trader/okx/trader.go	encoding/hex	
trader/okx/trader.go	encoding/json	
trader/okx/trader.go	fmt	
trader/okx/trader.go	io	
trader/okx/trader.go	net/http	
trader/okx/trader.go	vl/logger	
trader/okx/trader.go	strings	
trader/okx/trader.go	sync	
trader/okx/trader.go	time	
trader/okx/trader_account.go	encoding/json	
trader/okx/trader_account.go	fmt	
trader/okx/trader_account.go	vl/logger	
trader/okx/trader_account.go	vl/trader/types	
trader/okx/trader_account.go	strconv	
trader/okx/trader_account.go	strings	
trader/okx/trader_account.go	time	
trader/okx/trader_margin_mode_test.go	bytes	
trader/okx/trader_margin_mode_test.go	encoding/json	
trader/okx/trader_margin_mode_test.go	io	
trader/okx/trader_margin_mode_test.go	net/http	
trader/okx/trader_margin_mode_test.go	strings	
trader/okx/trader_margin_mode_test.go	testing	
trader/okx/trader_margin_mode_test.go	time	
trader/okx/trader_margin_mode_test.go	vl/trader/types	
trader/okx/trader_orders.go	encoding/json	
trader/okx/trader_orders.go	fmt	
trader/okx/trader_orders.go	vl/logger	
trader/okx/trader_orders.go	vl/trader/types	
trader/okx/trader_orders.go	strconv	
trader/okx/trader_orders.go	strings	
trader/okx/trader_positions.go	encoding/json	
trader/okx/trader_positions.go	fmt	
trader/okx/trader_positions.go	vl/logger	
trader/okx/trader_positions.go	strconv	
trader/okx/trader_positions.go	time	
trader/one_contract.go	fmt	
trader/one_contract.go	strconv	
trader/one_contract.go	strings	
trader/one_contract.go	time	
trader/one_contract.go	vl/provider/ninjatrader	nt
trader/one_contract.go	vl/store	
trader/one_contract.go	vl/telemetry	
trader/one_contract_cancel_test.go	path/filepath	
trader/one_contract_cancel_test.go	testing	
trader/one_contract_cancel_test.go	time	
trader/one_contract_cancel_test.go	vl/store	
trader/one_contract_test.go	strings	
trader/one_contract_test.go	testing	
trader/one_contract_test.go	time	
trader/one_contract_test.go	vl/provider/ninjatrader	nt
trader/one_live_position_test.go	strings	
trader/one_live_position_test.go	testing	
trader/one_setup_boot.go	encoding/json	
trader/one_setup_boot.go	fmt	
trader/one_setup_boot.go	math	
trader/one_setup_boot.go	strings	
trader/one_setup_boot.go	time	
trader/one_setup_boot.go	vl/kernel	
trader/one_setup_boot.go	vl/store	
trader/one_setup_boot_test.go	path/filepath	
trader/one_setup_boot_test.go	strings	
trader/one_setup_boot_test.go	testing	
trader/one_setup_boot_test.go	time	
trader/one_setup_boot_test.go	vl/kernel	
trader/one_setup_boot_test.go	vl/store	
trader/one_setup_golden_fixture_test.go	encoding/json	
trader/one_setup_golden_fixture_test.go	os	
trader/one_setup_golden_fixture_test.go	path/filepath	
trader/one_setup_golden_fixture_test.go	sort	
trader/one_setup_golden_fixture_test.go	strings	
trader/one_setup_golden_fixture_test.go	testing	
trader/one_setup_golden_fixture_test.go	time	
trader/one_setup_golden_fixture_test.go	vl/kernel	
trader/one_setup_golden_fixture_test.go	vl/market	
trader/one_setup_golden_fixture_test.go	vl/store	
trader/one_setup_retire_test.go	encoding/json	
trader/one_setup_retire_test.go	strings	
trader/one_setup_retire_test.go	testing	
trader/one_setup_retire_test.go	time	
trader/one_setup_retire_test.go	vl/kernel	
trader/one_setup_retire_test.go	vl/market	
trader/one_setup_retire_test.go	vl/store	
trader/one_setup_seam_test.go	encoding/json	
trader/one_setup_seam_test.go	os	
trader/one_setup_seam_test.go	regexp	
trader/one_setup_seam_test.go	strings	
trader/one_setup_seam_test.go	testing	
trader/one_setup_seam_test.go	time	
trader/one_setup_seam_test.go	vl/kernel	
trader/one_setup_seam_test.go	vl/market	
trader/one_setup_seam_test.go	vl/store	
trader/one_setup_wiring.go	fmt	
trader/one_setup_wiring.go	math	
trader/one_setup_wiring.go	strconv	
trader/one_setup_wiring.go	strings	
trader/one_setup_wiring.go	time	
trader/one_setup_wiring.go	vl/kernel	
trader/one_setup_wiring.go	vl/market	
trader/one_setup_wiring.go	vl/store	
trader/order_book_display.go	strings	
trader/order_book_display.go	time	
trader/order_book_display.go	vl/provider/ninjatrader	nt
trader/order_book_display_test.go	vl/provider/ninjatrader	nt
trader/order_book_display_test.go	vl/trader/ninjatrader	nttrader
trader/order_book_display_test.go	testing	
trader/order_book_display_test.go	time	
trader/order_vocabulary_test.go	testing	
trader/order_vocabulary_test.go	vl/provider/ninjatrader	nt
trader/order_vocabulary_test.go	vl/store	
trader/overrun_exempt_test.go	testing	
trader/overrun_exempt_test.go	time	
trader/p0a_cross_trader_isolation_test.go	path/filepath	
trader/p0a_cross_trader_isolation_test.go	testing	
trader/p0a_cross_trader_isolation_test.go	vl/kernel	
trader/p0a_cross_trader_isolation_test.go	vl/store	
trader/p0a_source_scan_test.go	os	
trader/p0a_source_scan_test.go	path/filepath	
trader/p0a_source_scan_test.go	strings	
trader/p0a_source_scan_test.go	testing	
trader/p0b_asia_clock_test.go	encoding/json	
trader/p0b_asia_clock_test.go	path/filepath	
trader/p0b_asia_clock_test.go	testing	
trader/p0b_asia_clock_test.go	time	
trader/p0b_asia_clock_test.go	vl/kernel	
trader/p0b_asia_clock_test.go	vl/market	
trader/p0b_asia_clock_test.go	vl/store	
trader/pause_test.go	os	
trader/pause_test.go	path/filepath	
trader/pause_test.go	strings	
trader/pause_test.go	testing	
trader/pause_test.go	time	
trader/pause_test.go	vl/store	
trader/place_confirm.go	strings	
trader/place_confirm.go	time	
trader/place_confirm.go	vl/provider/ninjatrader	nt
trader/place_confirm.go	vl/store	
trader/place_confirm.go	vl/telemetry	
trader/place_confirm_test.go	path/filepath	
trader/place_confirm_test.go	strings	
trader/place_confirm_test.go	testing	
trader/place_confirm_test.go	time	
trader/place_confirm_test.go	vl/store	
trader/placement_truth_test.go	context	
trader/placement_truth_test.go	encoding/json	
trader/placement_truth_test.go	net	
trader/placement_truth_test.go	testing	
trader/placement_truth_test.go	time	
trader/placement_truth_test.go	vl/market	
trader/placement_truth_test.go	vl/provider/ninjatrader	ntwire
trader/placement_truth_test.go	vl/store	
trader/placement_truth_test.go	vl/trader/ninjatrader	nttrader
trader/plan_citation_s3_test.go	testing	
trader/plan_citation_s3_test.go	vl/kernel	
trader/plan_citation_s3_test.go	vl/store	
trader/plan_lifecycle_wave_test.go	encoding/json	
trader/plan_lifecycle_wave_test.go	strings	
trader/plan_lifecycle_wave_test.go	testing	
trader/plan_lifecycle_wave_test.go	time	
trader/plan_lifecycle_wave_test.go	vl/kernel	
trader/plan_lifecycle_wave_test.go	vl/market	
trader/plan_lifecycle_wave_test.go	vl/store	
trader/plan_liveness.go	fmt	
trader/plan_liveness.go	strings	
trader/plan_liveness.go	time	
trader/plan_liveness.go	vl/kernel	
trader/plan_liveness.go	vl/market	
trader/plan_liveness.go	vl/store	
trader/plan_liveness_test.go	encoding/json	
trader/plan_liveness_test.go	fmt	
trader/plan_liveness_test.go	vl/store	
trader/plan_liveness_test.go	strings	
trader/plan_liveness_test.go	testing	
trader/plan_liveness_test.go	time	
trader/plan_liveness_test.go	vl/kernel	
trader/plan_liveness_test.go	vl/market	
trader/plan_mode_strict_test.go	strings	
trader/plan_mode_strict_test.go	testing	
trader/plan_provider_seam_test.go	bytes	
trader/plan_provider_seam_test.go	path/filepath	
trader/plan_provider_seam_test.go	strings	
trader/plan_provider_seam_test.go	testing	
trader/plan_provider_seam_test.go	time	
trader/plan_provider_seam_test.go	vl/kernel	
trader/plan_provider_seam_test.go	vl/logger	
trader/plan_provider_seam_test.go	vl/store	
trader/planner_client_bootline_test.go	strings	
trader/planner_client_bootline_test.go	vl/mcp	
trader/planner_client_bootline_test.go	testing	
trader/pnl_integrity_test.go	strings	
trader/pnl_integrity_test.go	testing	
trader/pnl_truth_context_test.go	path/filepath	
trader/pnl_truth_context_test.go	strings	
trader/pnl_truth_context_test.go	testing	
trader/pnl_truth_context_test.go	vl/kernel	
trader/pnl_truth_context_test.go	vl/store	
trader/position_desync.go	os	
trader/position_desync.go	strings	
trader/position_desync.go	time	
trader/position_desync.go	vl/store	
trader/position_desync.go	vl/telemetry	
trader/position_desync_cancel_test.go	context	
trader/position_desync_cancel_test.go	encoding/json	
trader/position_desync_cancel_test.go	net	
trader/position_desync_cancel_test.go	path/filepath	
trader/position_desync_cancel_test.go	testing	
trader/position_desync_cancel_test.go	time	
trader/position_desync_cancel_test.go	vl/provider/ninjatrader	ntwire
trader/position_desync_cancel_test.go	vl/store	
trader/position_desync_cancel_test.go	vl/trader/ninjatrader	ntTrader
trader/position_desync_test.go	errors	
trader/position_desync_test.go	path/filepath	
trader/position_desync_test.go	testing	
trader/position_desync_test.go	time	
trader/position_desync_test.go	vl/store	
trader/position_desync_test.go	vl/trader/types	
trader/position_rebuild.go	fmt	
trader/position_rebuild.go	sort	
trader/position_rebuild.go	time	
trader/position_snapshot.go	fmt	
trader/position_snapshot.go	strings	
trader/position_snapshot.go	time	
trader/position_snapshot.go	vl/logger	
trader/position_snapshot.go	vl/market	
trader/position_snapshot.go	vl/store	
trader/postexit_test.go	os	
trader/postexit_test.go	testing	
trader/postexit_test.go	time	
trader/postexit_test.go	vl/discipline	
trader/prompt_variant_test.go	testing	
trader/protection_reconciler.go	fmt	
trader/protection_reconciler.go	math	
trader/protection_reconciler.go	strings	
trader/protection_reconciler.go	sync	
trader/protection_reconciler.go	sync/atomic	
trader/protection_reconciler.go	time	
trader/protection_reconciler.go	vl/provider/ninjatrader	nt
trader/protection_reconciler_test.go	strings	
trader/protection_reconciler_test.go	testing	
trader/protection_reconciler_test.go	vl/provider/ninjatrader	nt
trader/read_facts_horizon_test.go	encoding/json	
trader/read_facts_horizon_test.go	strings	
trader/read_facts_horizon_test.go	testing	
trader/read_facts_horizon_test.go	time	
trader/read_facts_horizon_test.go	vl/kernel	
trader/read_facts_horizon_test.go	vl/market	
trader/read_facts_horizon_test.go	vl/store	
trader/read_times_lead_test.go	encoding/json	
trader/read_times_lead_test.go	path/filepath	
trader/read_times_lead_test.go	testing	
trader/read_times_lead_test.go	time	
trader/read_times_lead_test.go	vl/kernel	
trader/read_times_lead_test.go	vl/store	
trader/reaper_snapshot.go	fmt	
trader/reaper_snapshot.go	strings	
trader/reaper_snapshot.go	time	
trader/reaper_snapshot.go	vl/provider/ninjatrader	nt
trader/reaper_snapshot.go	vl/store	
trader/reaper_snapshot_test.go	strings	
trader/reaper_snapshot_test.go	testing	
trader/reaper_snapshot_test.go	time	
trader/reaper_snapshot_test.go	vl/provider/ninjatrader	nt
trader/reaper_snapshot_test.go	vl/store	
trader/reconcile_casing_test.go	testing	
trader/regime_input_window.go	fmt	
trader/regime_input_window.go	time	
trader/regime_input_window.go	vl/kernel	
trader/regime_input_window.go	vl/market	
trader/regime_input_window_test.go	fmt	
trader/regime_input_window_test.go	math	
trader/regime_input_window_test.go	strings	
trader/regime_input_window_test.go	testing	
trader/regime_input_window_test.go	time	
trader/regime_input_window_test.go	vl/kernel	
trader/regime_input_window_test.go	vl/market	
trader/repair_outcome_test.go	errors	
trader/repair_outcome_test.go	path/filepath	
trader/repair_outcome_test.go	testing	
trader/repair_outcome_test.go	vl/kernel	
trader/repair_outcome_test.go	vl/store	
trader/replan_cap_truth_test.go	encoding/json	
trader/replan_cap_truth_test.go	path/filepath	
trader/replan_cap_truth_test.go	strings	
trader/replan_cap_truth_test.go	testing	
trader/replan_cap_truth_test.go	vl/store	
trader/reread_gate_test.go	path/filepath	
trader/reread_gate_test.go	testing	
trader/reread_gate_test.go	time	
trader/reread_gate_test.go	vl/store	
trader/research_snapshot.go	encoding/json	
trader/research_snapshot.go	fmt	
trader/research_snapshot.go	math	
trader/research_snapshot.go	vl/kernel	
trader/research_snapshot.go	vl/levelidentity	
trader/research_snapshot.go	vl/researchsnapshot	
trader/research_snapshot.go	vl/store	
trader/research_snapshot.go	time	
trader/research_snapshot_test.go	context	
trader/research_snapshot_test.go	encoding/json	
trader/research_snapshot_test.go	math	
trader/research_snapshot_test.go	vl/kernel	
trader/research_snapshot_test.go	vl/market	
trader/research_snapshot_test.go	vl/researchsnapshot	
trader/research_snapshot_test.go	vl/store	
trader/research_snapshot_test.go	path/filepath	
trader/research_snapshot_test.go	testing	
trader/research_snapshot_test.go	time	
trader/resolve_plan_cfg_test.go	reflect	
trader/resolve_plan_cfg_test.go	testing	
trader/resolve_plan_cfg_test.go	vl/kernel	
trader/resolve_plan_cfg_test.go	vl/store	
trader/rootfix_shadow_ab.go	encoding/json	
trader/rootfix_shadow_ab.go	fmt	
trader/rootfix_shadow_ab.go	os	
trader/rootfix_shadow_ab.go	strconv	
trader/rootfix_shadow_ab.go	strings	
trader/rootfix_shadow_ab.go	sync	
trader/rootfix_shadow_ab.go	sync/atomic	
trader/rootfix_shadow_ab.go	time	
trader/rootfix_shadow_ab.go	vl/kernel	
trader/rootfix_shadow_ab.go	vl/market	
trader/rootfix_shadow_ab.go	vl/mcp	
trader/rootfix_shadow_ab.go	vl/store	
trader/rootfix_shadow_ab_test.go	encoding/json	
trader/rootfix_shadow_ab_test.go	strings	
trader/rootfix_shadow_ab_test.go	testing	
trader/rootfix_shadow_ab_test.go	vl/kernel	
trader/rootfix_shadow_ab_test.go	vl/store	
trader/scenario_anchor.go	vl/kernel	
trader/scenario_anchor.go	vl/store	
trader/scenario_anchor_test.go	testing	
trader/scenario_anchor_test.go	vl/kernel	
trader/scenario_economics_desk.go	fmt	
trader/scenario_economics_desk.go	strings	
trader/scenario_economics_desk.go	time	
trader/scenario_economics_desk.go	vl/kernel	
trader/scenario_economics_desk.go	vl/store	
trader/scenario_economics_desk_test.go	encoding/json	
trader/scenario_economics_desk_test.go	vl/kernel	
trader/scenario_economics_desk_test.go	os	
trader/scenario_economics_desk_test.go	strings	
trader/scenario_economics_desk_test.go	testing	
trader/scenario_economics_desk_test.go	time	
trader/scenario_level_identity.go	encoding/json	
trader/scenario_level_identity.go	fmt	
trader/scenario_level_identity.go	vl/kernel	
trader/scenario_level_identity.go	vl/levelidentity	
trader/scenario_level_identity.go	vl/store	
trader/scenario_level_identity.go	time	
trader/scenario_level_identity_test.go	encoding/json	
trader/scenario_level_identity_test.go	vl/kernel	
trader/scenario_level_identity_test.go	vl/market	
trader/scenario_level_identity_test.go	vl/store	
trader/scenario_level_identity_test.go	strings	
trader/scenario_level_identity_test.go	testing	
trader/scenario_level_identity_test.go	time	
trader/scenario_link_wiring_test.go	testing	
trader/scenario_link_wiring_test.go	time	
trader/scenario_link_wiring_test.go	vl/store	
trader/session_flat_test.go	os	
trader/session_flat_test.go	strings	
trader/session_flat_test.go	sync	
trader/session_flat_test.go	testing	
trader/session_flat_test.go	time	
trader/session_flat_test.go	vl/kernel	
trader/session_flat_test.go	vl/provider/ninjatrader	ntwire
trader/session_flat_test.go	vl/store	
trader/session_risk.go	fmt	
trader/session_risk.go	os	
trader/session_risk.go	strconv	
trader/session_risk.go	time	
trader/session_risk.go	vl/kernel	
trader/session_risk.go	vl/market	
trader/session_risk.go	vl/store	
trader/session_risk_test.go	os	
trader/session_risk_test.go	strings	
trader/session_risk_test.go	testing	
trader/session_risk_test.go	time	
trader/session_risk_test.go	vl/kernel	
trader/session_risk_test.go	vl/store	
trader/settings_r123_test.go	os	
trader/settings_r123_test.go	strings	
trader/settings_r123_test.go	testing	
trader/settings_r123_test.go	vl/store	
trader/settlement_truth_test.go	errors	
trader/settlement_truth_test.go	testing	
trader/settlement_truth_test.go	time	
trader/settlement_truth_test.go	vl/provider/ninjatrader	ntwire
trader/settlement_truth_test.go	vl/store	
trader/shadow_demotion_test.go	context	
trader/shadow_demotion_test.go	encoding/json	
trader/shadow_demotion_test.go	net	
trader/shadow_demotion_test.go	path/filepath	
trader/shadow_demotion_test.go	testing	
trader/shadow_demotion_test.go	time	
trader/shadow_demotion_test.go	vl/kernel	
trader/shadow_demotion_test.go	vl/market	
trader/shadow_demotion_test.go	vl/provider/ninjatrader	ntwire
trader/shadow_demotion_test.go	vl/store	
trader/shadow_demotion_test.go	vl/telemetry	
trader/shadow_demotion_test.go	vl/trader/ninjatrader	ntTrader
trader/slist_eod_race_test.go	strings	
trader/slist_eod_race_test.go	sync	
trader/slist_eod_race_test.go	testing	
trader/slist_eod_race_test.go	time	
trader/slist_eod_race_test.go	vl/kernel	
trader/slist_eod_race_test.go	vl/provider/ninjatrader	ntwire
trader/slist_eod_race_test.go	vl/store	
trader/slist_eod_race_test.go	vl/trader/types	
trader/split_entry_test.go	encoding/json	
trader/split_entry_test.go	testing	
trader/split_entry_test.go	time	
trader/split_entry_test.go	vl/kernel	
trader/split_entry_test.go	vl/market	
trader/split_entry_test.go	vl/store	
trader/structural_fixture_test.go	vl/kernel	
trader/structural_fixture_test.go	vl/store	
trader/structural_fixture_test.go	time	
trader/structural_geometry.go	encoding/json	
trader/structural_geometry.go	fmt	
trader/structural_geometry.go	math	
trader/structural_geometry.go	vl/kernel	
trader/structural_geometry.go	vl/store	
trader/structural_geometry.go	vl/trader/ninjatrader	ntTrader
trader/structural_geometry.go	strings	
trader/structural_geometry.go	time	
trader/structural_geometry_boot.go	fmt	
trader/structural_geometry_boot.go	vl/kernel	
trader/structural_geometry_boot.go	vl/store	
trader/structural_geometry_boot.go	strings	
trader/structural_geometry_boot.go	time	
trader/structural_geometry_boot_test.go	vl/kernel	
trader/structural_geometry_boot_test.go	vl/store	
trader/structural_geometry_boot_test.go	strings	
trader/structural_geometry_boot_test.go	testing	
trader/structural_geometry_boot_test.go	time	
trader/structural_geometry_wire_test.go	encoding/json	
trader/structural_geometry_wire_test.go	errors	
trader/structural_geometry_wire_test.go	gorm.io/gorm	
trader/structural_geometry_wire_test.go	vl/kernel	
trader/structural_geometry_wire_test.go	vl/market	
trader/structural_geometry_wire_test.go	vl/store	
trader/structural_geometry_wire_test.go	testing	
trader/structural_geometry_wire_test.go	time	
trader/structural_stop_seam_test.go	encoding/json	
trader/structural_stop_seam_test.go	vl/kernel	
trader/structural_stop_seam_test.go	vl/market	
trader/structural_stop_seam_test.go	vl/store	
trader/structural_stop_seam_test.go	strings	
trader/structural_stop_seam_test.go	testing	
trader/structural_stop_seam_test.go	time	
trader/t1_force_flat_test.go	testing	
trader/t1_force_flat_test.go	vl/kernel	
trader/t1_news_hygiene_test.go	os	
trader/t1_news_hygiene_test.go	strings	
trader/t1_news_hygiene_test.go	testing	
trader/t1_news_hygiene_test.go	time	
trader/t1_news_hygiene_test.go	vl/provider/ninjatrader	ntwire
trader/t1_news_hygiene_test.go	vl/store	
trader/testutil/test_suite.go	testing	
trader/testutil/test_suite.go	github.com/agiledragon/gomonkey/v2	
trader/testutil/test_suite.go	github.com/stretchr/testify/assert	
trader/testutil/test_suite.go	vl/trader/types	
trader/trade_excursion_backfill.go	encoding/json	
trader/trade_excursion_backfill.go	time	
trader/trade_excursion_backfill.go	vl/kernel	
trader/trade_excursion_backfill.go	vl/market	
trader/trade_excursion_backfill.go	vl/store	
trader/trade_excursion_backfill_test.go	path/filepath	
trader/trade_excursion_backfill_test.go	testing	
trader/trade_excursion_backfill_test.go	time	
trader/trade_excursion_backfill_test.go	vl/store	
trader/trade_excursion_hook.go	fmt	
trader/trade_excursion_hook.go	time	
trader/trade_excursion_hook.go	vl/kernel	
trader/trade_excursion_hook.go	vl/market	
trader/trade_excursion_hook.go	vl/store	
trader/trade_excursion_hook_test.go	errors	
trader/trade_excursion_hook_test.go	testing	
trader/trailing_test.go	testing	
trader/trailing_test.go	vl/store	
trader/types/interface.go	fmt	
trader/types/interface.go	vl/logger	
trader/types/interface.go	time	
trader/void_parity_test.go	os	
trader/void_parity_test.go	strings	
trader/void_parity_test.go	testing	
trader/void_parity_test.go	time	
trader/void_parity_test.go	vl/kernel	
trader/void_parity_test.go	vl/market	
trader/w11_indicator_mirror_test.go	testing	
trader/w11_indicator_mirror_test.go	vl/market	
trader/w11_indicator_mirror_test.go	vl/store	
trader/w11_sample_block_test.go	testing	
trader/w11_sample_block_test.go	vl/market	
trader/w11_sample_block_test.go	vl/store	
trader/w11b_surfacing_test.go	path/filepath	
trader/w11b_surfacing_test.go	testing	
trader/w11b_surfacing_test.go	vl/kernel	
trader/w11b_surfacing_test.go	vl/market	
trader/w11b_surfacing_test.go	vl/store	
trader/w12_math_test.go	testing	
trader/w12_math_test.go	vl/store	
trader/w14_boot_gate_test.go	testing	
trader/w14_boot_gate_test.go	vl/kernel	
trader/w15_control_wiring_test.go	testing	
trader/w15_control_wiring_test.go	time	
trader/w15_control_wiring_test.go	vl/kernel	
trader/w15_control_wiring_test.go	vl/store	
trader/w15_session_toggle_test.go	testing	
trader/w15_session_toggle_test.go	time	
trader/w15_session_toggle_test.go	vl/kernel	
trader/w15_session_toggle_test.go	vl/store	
trader/w16_date_and_provider_test.go	testing	
trader/w16_date_and_provider_test.go	time	
trader/w16_date_and_provider_test.go	vl/kernel	
trader/w16_date_and_provider_test.go	vl/store	
trader/w16_gate_refusal_test.go	fmt	
trader/w16_gate_refusal_test.go	strings	
trader/w16_gate_refusal_test.go	testing	
trader/w16_planner_guard_test.go	sync	
trader/w16_planner_guard_test.go	testing	
trader/w16_planner_guard_test.go	vl/store	
trader/w16_untracked_position_test.go	testing	
trader/w16_untracked_position_test.go	time	
trader/w16_untracked_position_test.go	vl/discipline	
trader/w1_read_guard_test.go	testing	
trader/w1_read_guard_test.go	time	
trader/w1_read_guard_test.go	vl/kernel	
trader/w3_redsnews_test.go	strings	
trader/w3_redsnews_test.go	testing	
trader/w3_redsnews_test.go	vl/calendar	
trader/w3_redsnews_test.go	vl/kernel	
trader/w4_overlay_executor_test.go	path/filepath	
trader/w4_overlay_executor_test.go	strings	
trader/w4_overlay_executor_test.go	testing	
trader/w4_overlay_executor_test.go	vl/kernel	
trader/w4_overlay_executor_test.go	vl/store	
trader/w5_learning_loop_test.go	path/filepath	
trader/w5_learning_loop_test.go	testing	
trader/w5_learning_loop_test.go	time	
trader/w5_learning_loop_test.go	vl/market	
trader/w5_learning_loop_test.go	vl/store	
trader/w6_alerts_test.go	path/filepath	
trader/w6_alerts_test.go	testing	
trader/w6_alerts_test.go	vl/store	
trader/w7_levelstate_test.go	path/filepath	
trader/w7_levelstate_test.go	testing	
trader/w7_levelstate_test.go	time	
trader/w7_levelstate_test.go	vl/kernel	
trader/w7_levelstate_test.go	vl/market	
trader/w7_levelstate_test.go	vl/store	
trader/w8_registry_test.go	path/filepath	
trader/w8_registry_test.go	testing	
trader/w8_registry_test.go	time	
trader/w8_registry_test.go	vl/kernel	
trader/w8_registry_test.go	vl/store	
trader/w9_planconfig_test.go	path/filepath	
trader/w9_planconfig_test.go	testing	
trader/w9_planconfig_test.go	time	
trader/w9_planconfig_test.go	vl/kernel	
trader/w9_planconfig_test.go	vl/store	
trader/watchdog_fire_test.go	path/filepath	
trader/watchdog_fire_test.go	strings	
trader/watchdog_fire_test.go	testing	
trader/watchdog_fire_test.go	time	
trader/watchdog_fire_test.go	vl/store	
trader/watchdog_fire_wire.go	fmt	
trader/watchdog_fire_wire.go	vl/kernel	
trader/watchdog_fire_wire.go	time	
trader/watchdog_fire_wire.go	vl/mcp	
trader/watchdog_fire_wire.go	vl/store	
trader/watcher_eyes_test.go	os	
trader/watcher_eyes_test.go	strings	
trader/watcher_eyes_test.go	testing	
trader/watcher_eyes_test.go	vl/kernel	
trader/watcher_eyes_test.go	vl/market	
trader/watcher_test.go	os	
trader/watcher_test.go	strings	
trader/watcher_test.go	testing	
trader/watcher_test.go	vl/kernel	
trader/waterfall_fastmarket_test.go	testing	
trader/wave_a_safety_test.go	path/filepath	
trader/wave_a_safety_test.go	strings	
trader/wave_a_safety_test.go	testing	
trader/wave_a_safety_test.go	time	
trader/wave_a_safety_test.go	vl/provider/ninjatrader	nt
trader/wave_a_safety_test.go	vl/store	
trader/wave_b_addon_slot_test.go	os	
trader/wave_b_addon_slot_test.go	regexp	
trader/wave_b_addon_slot_test.go	strings	
trader/wave_b_addon_slot_test.go	testing	
trader/wave_b_addon_slot_test.go	vl/provider/ninjatrader	ntwire
trader/wave_b_placement_test.go	errors	
trader/wave_b_placement_test.go	fmt	
trader/wave_b_placement_test.go	strings	
trader/wave_b_placement_test.go	testing	
trader/wave_b_placement_test.go	time	
trader/wave_b_placement_test.go	vl/market	
trader/wave_b_placement_test.go	vl/provider/ninjatrader	ntwire
trader/wave_b_placement_test.go	vl/store	
trader/wave_b_placement_test.go	vl/trader/ninjatrader	ntTrader
trader/wave_b_replay_test.go	os	
trader/wave_b_replay_test.go	regexp	
trader/wave_b_replay_test.go	strconv	
trader/wave_b_replay_test.go	strings	
trader/wave_b_replay_test.go	testing	
trader/wave_b_replay_test.go	vl/provider/ninjatrader	ntwire
trader/wave_b_stop_guard_test.go	strings	
trader/wave_b_stop_guard_test.go	testing	
trader/wiring_gate_test.go	go/ast	
trader/wiring_gate_test.go	go/parser	
trader/wiring_gate_test.go	go/token	
trader/wiring_gate_test.go	os	
trader/wiring_gate_test.go	path/filepath	
trader/wiring_gate_test.go	strings	
trader/wiring_gate_test.go	testing	
trader/wiring_pins_test.go	os	
trader/wiring_pins_test.go	regexp	
trader/wiring_pins_test.go	strings	
trader/wiring_pins_test.go	testing	
trader/zerob_exit_sanity_test.go	os	
trader/zerob_exit_sanity_test.go	path/filepath	
trader/zerob_exit_sanity_test.go	strings	
trader/zerob_exit_sanity_test.go	testing	
trader/zerob_exit_sanity_test.go	time	
trader/zerob_exit_sanity_test.go	vl/kernel	
trader/zerob_exit_sanity_test.go	vl/store	
trader/zerob_exit_sanity_test.go	vl/trader/ninjatrader	ntTrader
wallet/balance_cache.go	strings	
wallet/balance_cache.go	sync	
wallet/balance_cache.go	time	
wallet/usdc.go	bytes	
wallet/usdc.go	encoding/json	
wallet/usdc.go	fmt	
wallet/usdc.go	io	
wallet/usdc.go	math/big	
wallet/usdc.go	net/http	
wallet/usdc.go	strings	
wallet/usdc.go	time	
