09-08 16:50:41 [INFO] store/store.go:89 ✅ Database initialized (GORM, SQLite)
09-08 16:50:41 [INFO] trader/auto_trader.go:44 [trader_id=stage-a-benchmark] 🗺️ G2 HTF detection @ASIA: 90 level(s) map[EQH·15m:1 EQH·1h:1 EQH·4h:1 EQL·15m:1 EQL·1h:1 EQL·4h:1 iFVG(bull)·15m:28 iFVG(bull)·1h:28 iFVG(bull)·4h:28]
09-08 16:50:41 [INFO] kernel/levels_score.go:611 🗺️ seated 9/22 in-band levels (proximity band ±38pt, 9 of them retained)
09-08 16:50:41 [WARN] trader/auto_trader.go:49 [trader_id=stage-a-benchmark] 🌑 dark regime at the ASIA read: 1/7 regime fields unavailable (vix_level) — plan still trustworthy
09-08 16:50:41 [INFO] trader/auto_trader.go:44 [trader_id=stage-a-benchmark] 🔬 detector recorded: 114 new episode(s) · pool 9 candidate(s) (8 seated, 1 cut) · k=3 Δ=1.84 band=±5.53 H=12 close · pre-formation bars skipped=41 · levels with no formation time=6
09-08 16:50:41 [INFO] trader/auto_trader.go:44 [trader_id=stage-a-benchmark] 📓 read facts: void=8 · floor=19.3 pts (1.5×ATR5m 12.89) · scope=1m×300 since=1788818400000 (cap 500)
goos: linux
goarch: amd64
pkg: nofx/trader
cpu: Intel(R) Core(TM) Ultra 9 285K
BenchmarkStageAWholeInputAssembly-24    	09-08 16:50:42 [INFO] store/store.go:89 ✅ Database initialized (GORM, SQLite)
09-08 16:50:42 [INFO] trader/auto_trader.go:44 [trader_id=stage-a-benchmark] 🗺️ G2 HTF detection @ASIA: 90 level(s) map[EQH·15m:1 EQH·1h:1 EQH·4h:1 EQL·15m:1 EQL·1h:1 EQL·4h:1 iFVG(bull)·15m:28 iFVG(bull)·1h:28 iFVG(bull)·4h:28]
09-08 16:50:42 [INFO] kernel/levels_score.go:611 🗺️ seated 9/22 in-band levels (proximity band ±38pt, 9 of them retained)
09-08 16:50:42 [WARN] trader/auto_trader.go:49 [trader_id=stage-a-benchmark] 🌑 dark regime at the ASIA read: 1/7 regime fields unavailable (vix_level) — plan still trustworthy
09-08 16:50:42 [INFO] trader/auto_trader.go:44 [trader_id=stage-a-benchmark] 🔬 detector recorded: 114 new episode(s) · pool 9 candidate(s) (8 seated, 1 cut) · k=3 Δ=1.84 band=±5.53 H=12 close · pre-formation bars skipped=41 · levels with no formation time=6
09-08 16:50:42 [INFO] trader/auto_trader.go:44 [trader_id=stage-a-benchmark] 📓 read facts: void=8 · floor=19.3 pts (1.5×ATR5m 12.89) · scope=1m×300 since=1788818400000 (cap 500)
09-08 16:50:42 [INFO] trader/auto_trader.go:44 [trader_id=stage-a-benchmark] 🗺️ G2 HTF detection @ASIA: 90 level(s) map[EQH·15m:1 EQH·1h:1 EQH·4h:1 EQL·15m:1 EQL·1h:1 EQL·4h:1 iFVG(bull)·15m:28 iFVG(bull)·1h:28 iFVG(bull)·4h:28]
09-08 16:50:42 [INFO] kernel/levels_score.go:611 🗺️ seated 9/22 in-band levels (proximity band ±38pt, 9 of them retained)
09-08 16:50:42 [WARN] trader/auto_trader.go:49 [trader_id=stage-a-benchmark] 🌑 dark regime at the ASIA read: 1/7 regime fields unavailable (vix_level) — plan still trustworthy
09-08 16:50:42 [INFO] trader/auto_trader.go:44 [trader_id=stage-a-benchmark] 🔬 detector recorded: 0 new episode(s) · pool 9 candidate(s) (8 seated, 1 cut) · k=3 Δ=1.84 band=±5.53 H=12 close · pre-formation bars skipped=41 · levels with no formation time=6
09-08 16:50:42 [INFO] trader/auto_trader.go:44 [trader_id=stage-a-benchmark] 📓 read facts: void=8 · floor=19.3 pts (1.5×ATR5m 12.89) · scope=1m×300 since=1788818400000 (cap 500)
09-08 16:50:42 [INFO] trader/auto_trader.go:44 [trader_id=stage-a-benchmark] 🗺️ G2 HTF detection @ASIA: 90 level(s) map[EQH·15m:1 EQH·1h:1 EQH·4h:1 EQL·15m:1 EQL·1h:1 EQL·4h:1 iFVG(bull)·15m:28 iFVG(bull)·1h:28 iFVG(bull)·4h:28]
09-08 16:50:42 [INFO] kernel/levels_score.go:611 🗺️ seated 9/22 in-band levels (proximity band ±38pt, 9 of them retained)
09-08 16:50:42 [WARN] trader/auto_trader.go:49 [trader_id=stage-a-benchmark] 🌑 dark regime at the ASIA read: 1/7 regime fields unavailable (vix_level) — plan still trustworthy
09-08 16:50:42 [INFO] trader/auto_trader.go:44 [trader_id=stage-a-benchmark] 🔬 detector recorded: 0 new episode(s) · pool 9 candidate(s) (8 seated, 1 cut) · k=3 Δ=1.84 band=±5.53 H=12 close · pre-formation bars skipped=41 · levels with no formation time=6
09-08 16:50:42 [INFO] trader/auto_trader.go:44 [trader_id=stage-a-benchmark] 📓 read facts: void=8 · floor=19.3 pts (1.5×ATR5m 12.89) · scope=1m×300 since=1788818400000 (cap 500)
09-08 16:50:42 [INFO] trader/auto_trader.go:44 [trader_id=stage-a-benchmark] 🗺️ G2 HTF detection @ASIA: 90 level(s) map[EQH·15m:1 EQH·1h:1 EQH·4h:1 EQL·15m:1 EQL·1h:1 EQL·4h:1 iFVG(bull)·15m:28 iFVG(bull)·1h:28 iFVG(bull)·4h:28]
09-08 16:50:42 [INFO] kernel/levels_score.go:611 🗺️ seated 9/22 in-band levels (proximity band ±38pt, 9 of them retained)
09-08 16:50:42 [WARN] trader/auto_trader.go:49 [trader_id=stage-a-benchmark] 🌑 dark regime at the ASIA read: 1/7 regime fields unavailable (vix_level) — plan still trustworthy
09-08 16:50:42 [INFO] trader/auto_trader.go:44 [trader_id=stage-a-benchmark] 🔬 detector recorded: 0 new episode(s) · pool 9 candidate(s) (8 seated, 1 cut) · k=3 Δ=1.84 band=±5.53 H=12 close · pre-formation bars skipped=41 · levels with no formation time=6
09-08 16:50:42 [INFO] trader/auto_trader.go:44 [trader_id=stage-a-benchmark] 📓 read facts: void=8 · floor=19.3 pts (1.5×ATR5m 12.89) · scope=1m×300 since=1788818400000 (cap 500)
09-08 16:50:42 [INFO] trader/auto_trader.go:44 [trader_id=stage-a-benchmark] 🗺️ G2 HTF detection @ASIA: 90 level(s) map[EQH·15m:1 EQH·1h:1 EQH·4h:1 EQL·15m:1 EQL·1h:1 EQL·4h:1 iFVG(bull)·15m:28 iFVG(bull)·1h:28 iFVG(bull)·4h:28]
09-08 16:50:42 [INFO] kernel/levels_score.go:611 🗺️ seated 9/22 in-band levels (proximity band ±38pt, 9 of them retained)
09-08 16:50:42 [WARN] trader/auto_trader.go:49 [trader_id=stage-a-benchmark] 🌑 dark regime at the ASIA read: 1/7 regime fields unavailable (vix_level) — plan still trustworthy
09-08 16:50:42 [INFO] trader/auto_trader.go:44 [trader_id=stage-a-benchmark] 🔬 detector recorded: 0 new episode(s) · pool 9 candidate(s) (8 seated, 1 cut) · k=3 Δ=1.84 band=±5.53 H=12 close · pre-formation bars skipped=41 · levels with no formation time=6
09-08 16:50:42 [INFO] trader/auto_trader.go:44 [trader_id=stage-a-benchmark] 📓 read facts: void=8 · floor=19.3 pts (1.5×ATR5m 12.89) · scope=1m×300 since=1788818400000 (cap 500)
09-08 16:50:42 [INFO] trader/auto_trader.go:44 [trader_id=stage-a-benchmark] 🗺️ G2 HTF detection @ASIA: 90 level(s) map[EQH·15m:1 EQH·1h:1 EQH·4h:1 EQL·15m:1 EQL·1h:1 EQL·4h:1 iFVG(bull)·15m:28 iFVG(bull)·1h:28 iFVG(bull)·4h:28]
09-08 16:50:42 [INFO] kernel/levels_score.go:611 🗺️ seated 9/22 in-band levels (proximity band ±38pt, 9 of them retained)
09-08 16:50:42 [WARN] trader/auto_trader.go:49 [trader_id=stage-a-benchmark] 🌑 dark regime at the ASIA read: 1/7 regime fields unavailable (vix_level) — plan still trustworthy
09-08 16:50:42 [INFO] trader/auto_trader.go:44 [trader_id=stage-a-benchmark] 🔬 detector recorded: 0 new episode(s) · pool 9 candidate(s) (8 seated, 1 cut) · k=3 Δ=1.84 band=±5.53 H=12 close · pre-formation bars skipped=41 · levels with no formation time=6
09-08 16:50:42 [INFO] trader/auto_trader.go:44 [trader_id=stage-a-benchmark] 📓 read facts: void=8 · floor=19.3 pts (1.5×ATR5m 12.89) · scope=1m×300 since=1788818400000 (cap 500)
09-08 16:50:42 [INFO] trader/auto_trader.go:44 [trader_id=stage-a-benchmark] 🗺️ G2 HTF detection @ASIA: 90 level(s) map[EQH·15m:1 EQH·1h:1 EQH·4h:1 EQL·15m:1 EQL·1h:1 EQL·4h:1 iFVG(bull)·15m:28 iFVG(bull)·1h:28 iFVG(bull)·4h:28]
09-08 16:50:42 [INFO] kernel/levels_score.go:611 🗺️ seated 9/22 in-band levels (proximity band ±38pt, 9 of them retained)
09-08 16:50:42 [WARN] trader/auto_trader.go:49 [trader_id=stage-a-benchmark] 🌑 dark regime at the ASIA read: 1/7 regime fields unavailable (vix_level) — plan still trustworthy
09-08 16:50:42 [INFO] trader/auto_trader.go:44 [trader_id=stage-a-benchmark] 🔬 detector recorded: 0 new episode(s) · pool 9 candidate(s) (8 seated, 1 cut) · k=3 Δ=1.84 band=±5.53 H=12 close · pre-formation bars skipped=41 · levels with no formation time=6
09-08 16:50:42 [INFO] trader/auto_trader.go:44 [trader_id=stage-a-benchmark] 📓 read facts: void=8 · floor=19.3 pts (1.5×ATR5m 12.89) · scope=1m×300 since=1788818400000 (cap 500)
09-08 16:50:42 [INFO] trader/auto_trader.go:44 [trader_id=stage-a-benchmark] 🗺️ G2 HTF detection @ASIA: 90 level(s) map[EQH·15m:1 EQH·1h:1 EQH·4h:1 EQL·15m:1 EQL·1h:1 EQL·4h:1 iFVG(bull)·15m:28 iFVG(bull)·1h:28 iFVG(bull)·4h:28]
09-08 16:50:42 [INFO] kernel/levels_score.go:611 🗺️ seated 9/22 in-band levels (proximity band ±38pt, 9 of them retained)
09-08 16:50:42 [WARN] trader/auto_trader.go:49 [trader_id=stage-a-benchmark] 🌑 dark regime at the ASIA read: 1/7 regime fields unavailable (vix_level) — plan still trustworthy
09-08 16:50:42 [INFO] trader/auto_trader.go:44 [trader_id=stage-a-benchmark] 🔬 detector recorded: 0 new episode(s) · pool 9 candidate(s) (8 seated, 1 cut) · k=3 Δ=1.84 band=±5.53 H=12 close · pre-formation bars skipped=41 · levels with no formation time=6
09-08 16:50:42 [INFO] trader/auto_trader.go:44 [trader_id=stage-a-benchmark] 📓 read facts: void=8 · floor=19.3 pts (1.5×ATR5m 12.89) · scope=1m×300 since=1788818400000 (cap 500)
09-08 16:50:42 [INFO] trader/auto_trader.go:44 [trader_id=stage-a-benchmark] 🗺️ G2 HTF detection @ASIA: 90 level(s) map[EQH·15m:1 EQH·1h:1 EQH·4h:1 EQL·15m:1 EQL·1h:1 EQL·4h:1 iFVG(bull)·15m:28 iFVG(bull)·1h:28 iFVG(bull)·4h:28]
09-08 16:50:42 [INFO] kernel/levels_score.go:611 🗺️ seated 9/22 in-band levels (proximity band ±38pt, 9 of them retained)
09-08 16:50:42 [WARN] trader/auto_trader.go:49 [trader_id=stage-a-benchmark] 🌑 dark regime at the ASIA read: 1/7 regime fields unavailable (vix_level) — plan still trustworthy
09-08 16:50:42 [INFO] trader/auto_trader.go:44 [trader_id=stage-a-benchmark] 🔬 detector recorded: 0 new episode(s) · pool 9 candidate(s) (8 seated, 1 cut) · k=3 Δ=1.84 band=±5.53 H=12 close · pre-formation bars skipped=41 · levels with no formation time=6
09-08 16:50:42 [INFO] trader/auto_trader.go:44 [trader_id=stage-a-benchmark] 📓 read facts: void=8 · floor=19.3 pts (1.5×ATR5m 12.89) · scope=1m×300 since=1788818400000 (cap 500)
09-08 16:50:42 [INFO] trader/auto_trader.go:44 [trader_id=stage-a-benchmark] 🗺️ G2 HTF detection @ASIA: 90 level(s) map[EQH·15m:1 EQH·1h:1 EQH·4h:1 EQL·15m:1 EQL·1h:1 EQL·4h:1 iFVG(bull)·15m:28 iFVG(bull)·1h:28 iFVG(bull)·4h:28]
09-08 16:50:42 [INFO] kernel/levels_score.go:611 🗺️ seated 9/22 in-band levels (proximity band ±38pt, 9 of them retained)
09-08 16:50:42 [WARN] trader/auto_trader.go:49 [trader_id=stage-a-benchmark] 🌑 dark regime at the ASIA read: 1/7 regime fields unavailable (vix_level) — plan still trustworthy
09-08 16:50:42 [INFO] trader/auto_trader.go:44 [trader_id=stage-a-benchmark] 🔬 detector recorded: 0 new episode(s) · pool 9 candidate(s) (8 seated, 1 cut) · k=3 Δ=1.84 band=±5.53 H=12 close · pre-formation bars skipped=41 · levels with no formation time=6
09-08 16:50:43 [INFO] trader/auto_trader.go:44 [trader_id=stage-a-benchmark] 📓 read facts: void=8 · floor=19.3 pts (1.5×ATR5m 12.89) · scope=1m×300 since=1788818400000 (cap 500)
09-08 16:50:43 [INFO] trader/auto_trader.go:44 [trader_id=stage-a-benchmark] 🗺️ G2 HTF detection @ASIA: 90 level(s) map[EQH·15m:1 EQH·1h:1 EQH·4h:1 EQL·15m:1 EQL·1h:1 EQL·4h:1 iFVG(bull)·15m:28 iFVG(bull)·1h:28 iFVG(bull)·4h:28]
09-08 16:50:43 [INFO] kernel/levels_score.go:611 🗺️ seated 9/22 in-band levels (proximity band ±38pt, 9 of them retained)
09-08 16:50:43 [WARN] trader/auto_trader.go:49 [trader_id=stage-a-benchmark] 🌑 dark regime at the ASIA read: 1/7 regime fields unavailable (vix_level) — plan still trustworthy
09-08 16:50:43 [INFO] trader/auto_trader.go:44 [trader_id=stage-a-benchmark] 🔬 detector recorded: 0 new episode(s) · pool 9 candidate(s) (8 seated, 1 cut) · k=3 Δ=1.84 band=±5.53 H=12 close · pre-formation bars skipped=41 · levels with no formation time=6
09-08 16:50:43 [INFO] trader/auto_trader.go:44 [trader_id=stage-a-benchmark] 📓 read facts: void=8 · floor=19.3 pts (1.5×ATR5m 12.89) · scope=1m×300 since=1788818400000 (cap 500)
09-08 16:50:43 [INFO] trader/auto_trader.go:44 [trader_id=stage-a-benchmark] 🗺️ G2 HTF detection @ASIA: 90 level(s) map[EQH·15m:1 EQH·1h:1 EQH·4h:1 EQL·15m:1 EQL·1h:1 EQL·4h:1 iFVG(bull)·15m:28 iFVG(bull)·1h:28 iFVG(bull)·4h:28]
09-08 16:50:43 [INFO] kernel/levels_score.go:611 🗺️ seated 9/22 in-band levels (proximity band ±38pt, 9 of them retained)
09-08 16:50:43 [WARN] trader/auto_trader.go:49 [trader_id=stage-a-benchmark] 🌑 dark regime at the ASIA read: 1/7 regime fields unavailable (vix_level) — plan still trustworthy
09-08 16:50:43 [INFO] trader/auto_trader.go:44 [trader_id=stage-a-benchmark] 🔬 detector recorded: 0 new episode(s) · pool 9 candidate(s) (8 seated, 1 cut) · k=3 Δ=1.84 band=±5.53 H=12 close · pre-formation bars skipped=41 · levels with no formation time=6
09-08 16:50:43 [INFO] trader/auto_trader.go:44 [trader_id=stage-a-benchmark] 📓 read facts: void=8 · floor=19.3 pts (1.5×ATR5m 12.89) · scope=1m×300 since=1788818400000 (cap 500)
09-08 16:50:43 [INFO] trader/auto_trader.go:44 [trader_id=stage-a-benchmark] 🗺️ G2 HTF detection @ASIA: 90 level(s) map[EQH·15m:1 EQH·1h:1 EQH·4h:1 EQL·15m:1 EQL·1h:1 EQL·4h:1 iFVG(bull)·15m:28 iFVG(bull)·1h:28 iFVG(bull)·4h:28]
09-08 16:50:43 [INFO] kernel/levels_score.go:611 🗺️ seated 9/22 in-band levels (proximity band ±38pt, 9 of them retained)
09-08 16:50:43 [WARN] trader/auto_trader.go:49 [trader_id=stage-a-benchmark] 🌑 dark regime at the ASIA read: 1/7 regime fields unavailable (vix_level) — plan still trustworthy
09-08 16:50:43 [INFO] trader/auto_trader.go:44 [trader_id=stage-a-benchmark] 🔬 detector recorded: 0 new episode(s) · pool 9 candidate(s) (8 seated, 1 cut) · k=3 Δ=1.84 band=±5.53 H=12 close · pre-formation bars skipped=41 · levels with no formation time=6
09-08 16:50:43 [INFO] trader/auto_trader.go:44 [trader_id=stage-a-benchmark] 📓 read facts: void=8 · floor=19.3 pts (1.5×ATR5m 12.89) · scope=1m×300 since=1788818400000 (cap 500)
09-08 16:50:43 [INFO] trader/auto_trader.go:44 [trader_id=stage-a-benchmark] 🗺️ G2 HTF detection @ASIA: 90 level(s) map[EQH·15m:1 EQH·1h:1 EQH·4h:1 EQL·15m:1 EQL·1h:1 EQL·4h:1 iFVG(bull)·15m:28 iFVG(bull)·1h:28 iFVG(bull)·4h:28]
09-08 16:50:43 [INFO] kernel/levels_score.go:611 🗺️ seated 9/22 in-band levels (proximity band ±38pt, 9 of them retained)
09-08 16:50:43 [WARN] trader/auto_trader.go:49 [trader_id=stage-a-benchmark] 🌑 dark regime at the ASIA read: 1/7 regime fields unavailable (vix_level) — plan still trustworthy
09-08 16:50:43 [INFO] trader/auto_trader.go:44 [trader_id=stage-a-benchmark] 🔬 detector recorded: 0 new episode(s) · pool 9 candidate(s) (8 seated, 1 cut) · k=3 Δ=1.84 band=±5.53 H=12 close · pre-formation bars skipped=41 · levels with no formation time=6
09-08 16:50:43 [INFO] trader/auto_trader.go:44 [trader_id=stage-a-benchmark] 📓 read facts: void=8 · floor=19.3 pts (1.5×ATR5m 12.89) · scope=1m×300 since=1788818400000 (cap 500)
09-08 16:50:43 [INFO] trader/auto_trader.go:44 [trader_id=stage-a-benchmark] 🗺️ G2 HTF detection @ASIA: 90 level(s) map[EQH·15m:1 EQH·1h:1 EQH·4h:1 EQL·15m:1 EQL·1h:1 EQL·4h:1 iFVG(bull)·15m:28 iFVG(bull)·1h:28 iFVG(bull)·4h:28]
09-08 16:50:43 [INFO] kernel/levels_score.go:611 🗺️ seated 9/22 in-band levels (proximity band ±38pt, 9 of them retained)
09-08 16:50:43 [WARN] trader/auto_trader.go:49 [trader_id=stage-a-benchmark] 🌑 dark regime at the ASIA read: 1/7 regime fields unavailable (vix_level) — plan still trustworthy
09-08 16:50:43 [INFO] trader/auto_trader.go:44 [trader_id=stage-a-benchmark] 🔬 detector recorded: 0 new episode(s) · pool 9 candidate(s) (8 seated, 1 cut) · k=3 Δ=1.84 band=±5.53 H=12 close · pre-formation bars skipped=41 · levels with no formation time=6
09-08 16:50:43 [INFO] trader/auto_trader.go:44 [trader_id=stage-a-benchmark] 📓 read facts: void=8 · floor=19.3 pts (1.5×ATR5m 12.89) · scope=1m×300 since=1788818400000 (cap 500)
09-08 16:50:43 [INFO] trader/auto_trader.go:44 [trader_id=stage-a-benchmark] 🗺️ G2 HTF detection @ASIA: 90 level(s) map[EQH·15m:1 EQH·1h:1 EQH·4h:1 EQL·15m:1 EQL·1h:1 EQL·4h:1 iFVG(bull)·15m:28 iFVG(bull)·1h:28 iFVG(bull)·4h:28]
09-08 16:50:43 [INFO] kernel/levels_score.go:611 🗺️ seated 9/22 in-band levels (proximity band ±38pt, 9 of them retained)
09-08 16:50:43 [WARN] trader/auto_trader.go:49 [trader_id=stage-a-benchmark] 🌑 dark regime at the ASIA read: 1/7 regime fields unavailable (vix_level) — plan still trustworthy
09-08 16:50:43 [INFO] trader/auto_trader.go:44 [trader_id=stage-a-benchmark] 🔬 detector recorded: 0 new episode(s) · pool 9 candidate(s) (8 seated, 1 cut) · k=3 Δ=1.84 band=±5.53 H=12 close · pre-formation bars skipped=41 · levels with no formation time=6
09-08 16:50:43 [INFO] trader/auto_trader.go:44 [trader_id=stage-a-benchmark] 📓 read facts: void=8 · floor=19.3 pts (1.5×ATR5m 12.89) · scope=1m×300 since=1788818400000 (cap 500)
09-08 16:50:43 [INFO] trader/auto_trader.go:44 [trader_id=stage-a-benchmark] 🗺️ G2 HTF detection @ASIA: 90 level(s) map[EQH·15m:1 EQH·1h:1 EQH·4h:1 EQL·15m:1 EQL·1h:1 EQL·4h:1 iFVG(bull)·15m:28 iFVG(bull)·1h:28 iFVG(bull)·4h:28]
09-08 16:50:43 [INFO] kernel/levels_score.go:611 🗺️ seated 9/22 in-band levels (proximity band ±38pt, 9 of them retained)
09-08 16:50:43 [WARN] trader/auto_trader.go:49 [trader_id=stage-a-benchmark] 🌑 dark regime at the ASIA read: 1/7 regime fields unavailable (vix_level) — plan still trustworthy
09-08 16:50:43 [INFO] trader/auto_trader.go:44 [trader_id=stage-a-benchmark] 🔬 detector recorded: 0 new episode(s) · pool 9 candidate(s) (8 seated, 1 cut) · k=3 Δ=1.84 band=±5.53 H=12 close · pre-formation bars skipped=41 · levels with no formation time=6
09-08 16:50:43 [INFO] trader/auto_trader.go:44 [trader_id=stage-a-benchmark] 📓 read facts: void=8 · floor=19.3 pts (1.5×ATR5m 12.89) · scope=1m×300 since=1788818400000 (cap 500)
09-08 16:50:43 [INFO] trader/auto_trader.go:44 [trader_id=stage-a-benchmark] 🗺️ G2 HTF detection @ASIA: 90 level(s) map[EQH·15m:1 EQH·1h:1 EQH·4h:1 EQL·15m:1 EQL·1h:1 EQL·4h:1 iFVG(bull)·15m:28 iFVG(bull)·1h:28 iFVG(bull)·4h:28]
09-08 16:50:43 [INFO] kernel/levels_score.go:611 🗺️ seated 9/22 in-band levels (proximity band ±38pt, 9 of them retained)
09-08 16:50:43 [WARN] trader/auto_trader.go:49 [trader_id=stage-a-benchmark] 🌑 dark regime at the ASIA read: 1/7 regime fields unavailable (vix_level) — plan still trustworthy
09-08 16:50:43 [INFO] trader/auto_trader.go:44 [trader_id=stage-a-benchmark] 🔬 detector recorded: 0 new episode(s) · pool 9 candidate(s) (8 seated, 1 cut) · k=3 Δ=1.84 band=±5.53 H=12 close · pre-formation bars skipped=41 · levels with no formation time=6
09-08 16:50:43 [INFO] trader/auto_trader.go:44 [trader_id=stage-a-benchmark] 📓 read facts: void=8 · floor=19.3 pts (1.5×ATR5m 12.89) · scope=1m×300 since=1788818400000 (cap 500)
09-08 16:50:43 [INFO] trader/auto_trader.go:44 [trader_id=stage-a-benchmark] 🗺️ G2 HTF detection @ASIA: 90 level(s) map[EQH·15m:1 EQH·1h:1 EQH·4h:1 EQL·15m:1 EQL·1h:1 EQL·4h:1 iFVG(bull)·15m:28 iFVG(bull)·1h:28 iFVG(bull)·4h:28]
09-08 16:50:43 [INFO] kernel/levels_score.go:611 🗺️ seated 9/22 in-band levels (proximity band ±38pt, 9 of them retained)
09-08 16:50:43 [WARN] trader/auto_trader.go:49 [trader_id=stage-a-benchmark] 🌑 dark regime at the ASIA read: 1/7 regime fields unavailable (vix_level) — plan still trustworthy
09-08 16:50:43 [INFO] trader/auto_trader.go:44 [trader_id=stage-a-benchmark] 🔬 detector recorded: 0 new episode(s) · pool 9 candidate(s) (8 seated, 1 cut) · k=3 Δ=1.84 band=±5.53 H=12 close · pre-formation bars skipped=41 · levels with no formation time=6
09-08 16:50:43 [INFO] trader/auto_trader.go:44 [trader_id=stage-a-benchmark] 📓 read facts: void=8 · floor=19.3 pts (1.5×ATR5m 12.89) · scope=1m×300 since=1788818400000 (cap 500)
09-08 16:50:43 [INFO] trader/auto_trader.go:44 [trader_id=stage-a-benchmark] 🗺️ G2 HTF detection @ASIA: 90 level(s) map[EQH·15m:1 EQH·1h:1 EQH·4h:1 EQL·15m:1 EQL·1h:1 EQL·4h:1 iFVG(bull)·15m:28 iFVG(bull)·1h:28 iFVG(bull)·4h:28]
09-08 16:50:43 [INFO] kernel/levels_score.go:611 🗺️ seated 9/22 in-band levels (proximity band ±38pt, 9 of them retained)
09-08 16:50:43 [WARN] trader/auto_trader.go:49 [trader_id=stage-a-benchmark] 🌑 dark regime at the ASIA read: 1/7 regime fields unavailable (vix_level) — plan still trustworthy
09-08 16:50:43 [INFO] trader/auto_trader.go:44 [trader_id=stage-a-benchmark] 🔬 detector recorded: 0 new episode(s) · pool 9 candidate(s) (8 seated, 1 cut) · k=3 Δ=1.84 band=±5.53 H=12 close · pre-formation bars skipped=41 · levels with no formation time=6
09-08 16:50:43 [INFO] trader/auto_trader.go:44 [trader_id=stage-a-benchmark] 📓 read facts: void=8 · floor=19.3 pts (1.5×ATR5m 12.89) · scope=1m×300 since=1788818400000 (cap 500)
09-08 16:50:43 [INFO] trader/auto_trader.go:44 [trader_id=stage-a-benchmark] 🗺️ G2 HTF detection @ASIA: 90 level(s) map[EQH·15m:1 EQH·1h:1 EQH·4h:1 EQL·15m:1 EQL·1h:1 EQL·4h:1 iFVG(bull)·15m:28 iFVG(bull)·1h:28 iFVG(bull)·4h:28]
09-08 16:50:43 [INFO] kernel/levels_score.go:611 🗺️ seated 9/22 in-band levels (proximity band ±38pt, 9 of them retained)
09-08 16:50:43 [WARN] trader/auto_trader.go:49 [trader_id=stage-a-benchmark] 🌑 dark regime at the ASIA read: 1/7 regime fields unavailable (vix_level) — plan still trustworthy
09-08 16:50:43 [INFO] trader/auto_trader.go:44 [trader_id=stage-a-benchmark] 🔬 detector recorded: 0 new episode(s) · pool 9 candidate(s) (8 seated, 1 cut) · k=3 Δ=1.84 band=±5.53 H=12 close · pre-formation bars skipped=41 · levels with no formation time=6
09-08 16:50:43 [INFO] trader/auto_trader.go:44 [trader_id=stage-a-benchmark] 📓 read facts: void=8 · floor=19.3 pts (1.5×ATR5m 12.89) · scope=1m×300 since=1788818400000 (cap 500)
09-08 16:50:43 [INFO] trader/auto_trader.go:44 [trader_id=stage-a-benchmark] 🗺️ G2 HTF detection @ASIA: 90 level(s) map[EQH·15m:1 EQH·1h:1 EQH·4h:1 EQL·15m:1 EQL·1h:1 EQL·4h:1 iFVG(bull)·15m:28 iFVG(bull)·1h:28 iFVG(bull)·4h:28]
09-08 16:50:43 [INFO] kernel/levels_score.go:611 🗺️ seated 9/22 in-band levels (proximity band ±38pt, 9 of them retained)
09-08 16:50:43 [WARN] trader/auto_trader.go:49 [trader_id=stage-a-benchmark] 🌑 dark regime at the ASIA read: 1/7 regime fields unavailable (vix_level) — plan still trustworthy
09-08 16:50:43 [INFO] trader/auto_trader.go:44 [trader_id=stage-a-benchmark] 🔬 detector recorded: 0 new episode(s) · pool 9 candidate(s) (8 seated, 1 cut) · k=3 Δ=1.84 band=±5.53 H=12 close · pre-formation bars skipped=41 · levels with no formation time=6
09-08 16:50:43 [INFO] trader/auto_trader.go:44 [trader_id=stage-a-benchmark] 📓 read facts: void=8 · floor=19.3 pts (1.5×ATR5m 12.89) · scope=1m×300 since=1788818400000 (cap 500)
09-08 16:50:43 [INFO] trader/auto_trader.go:44 [trader_id=stage-a-benchmark] 🗺️ G2 HTF detection @ASIA: 90 level(s) map[EQH·15m:1 EQH·1h:1 EQH·4h:1 EQL·15m:1 EQL·1h:1 EQL·4h:1 iFVG(bull)·15m:28 iFVG(bull)·1h:28 iFVG(bull)·4h:28]
09-08 16:50:43 [INFO] kernel/levels_score.go:611 🗺️ seated 9/22 in-band levels (proximity band ±38pt, 9 of them retained)
09-08 16:50:43 [WARN] trader/auto_trader.go:49 [trader_id=stage-a-benchmark] 🌑 dark regime at the ASIA read: 1/7 regime fields unavailable (vix_level) — plan still trustworthy
09-08 16:50:43 [INFO] trader/auto_trader.go:44 [trader_id=stage-a-benchmark] 🔬 detector recorded: 0 new episode(s) · pool 9 candidate(s) (8 seated, 1 cut) · k=3 Δ=1.84 band=±5.53 H=12 close · pre-formation bars skipped=41 · levels with no formation time=6
09-08 16:50:43 [INFO] trader/auto_trader.go:44 [trader_id=stage-a-benchmark] 📓 read facts: void=8 · floor=19.3 pts (1.5×ATR5m 12.89) · scope=1m×300 since=1788818400000 (cap 500)
09-08 16:50:43 [INFO] trader/auto_trader.go:44 [trader_id=stage-a-benchmark] 🗺️ G2 HTF detection @ASIA: 90 level(s) map[EQH·15m:1 EQH·1h:1 EQH·4h:1 EQL·15m:1 EQL·1h:1 EQL·4h:1 iFVG(bull)·15m:28 iFVG(bull)·1h:28 iFVG(bull)·4h:28]
09-08 16:50:43 [INFO] kernel/levels_score.go:611 🗺️ seated 9/22 in-band levels (proximity band ±38pt, 9 of them retained)
09-08 16:50:43 [WARN] trader/auto_trader.go:49 [trader_id=stage-a-benchmark] 🌑 dark regime at the ASIA read: 1/7 regime fields unavailable (vix_level) — plan still trustworthy
09-08 16:50:43 [INFO] trader/auto_trader.go:44 [trader_id=stage-a-benchmark] 🔬 detector recorded: 0 new episode(s) · pool 9 candidate(s) (8 seated, 1 cut) · k=3 Δ=1.84 band=±5.53 H=12 close · pre-formation bars skipped=41 · levels with no formation time=6
09-08 16:50:43 [INFO] trader/auto_trader.go:44 [trader_id=stage-a-benchmark] 📓 read facts: void=8 · floor=19.3 pts (1.5×ATR5m 12.89) · scope=1m×300 since=1788818400000 (cap 500)
09-08 16:50:43 [INFO] trader/auto_trader.go:44 [trader_id=stage-a-benchmark] 🗺️ G2 HTF detection @ASIA: 90 level(s) map[EQH·15m:1 EQH·1h:1 EQH·4h:1 EQL·15m:1 EQL·1h:1 EQL·4h:1 iFVG(bull)·15m:28 iFVG(bull)·1h:28 iFVG(bull)·4h:28]
09-08 16:50:43 [INFO] kernel/levels_score.go:611 🗺️ seated 9/22 in-band levels (proximity band ±38pt, 9 of them retained)
09-08 16:50:43 [WARN] trader/auto_trader.go:49 [trader_id=stage-a-benchmark] 🌑 dark regime at the ASIA read: 1/7 regime fields unavailable (vix_level) — plan still trustworthy
09-08 16:50:43 [INFO] trader/auto_trader.go:44 [trader_id=stage-a-benchmark] 🔬 detector recorded: 0 new episode(s) · pool 9 candidate(s) (8 seated, 1 cut) · k=3 Δ=1.84 band=±5.53 H=12 close · pre-formation bars skipped=41 · levels with no formation time=6
09-08 16:50:43 [INFO] trader/auto_trader.go:44 [trader_id=stage-a-benchmark] 📓 read facts: void=8 · floor=19.3 pts (1.5×ATR5m 12.89) · scope=1m×300 since=1788818400000 (cap 500)
09-08 16:50:43 [INFO] trader/auto_trader.go:44 [trader_id=stage-a-benchmark] 🗺️ G2 HTF detection @ASIA: 90 level(s) map[EQH·15m:1 EQH·1h:1 EQH·4h:1 EQL·15m:1 EQL·1h:1 EQL·4h:1 iFVG(bull)·15m:28 iFVG(bull)·1h:28 iFVG(bull)·4h:28]
09-08 16:50:43 [INFO] kernel/levels_score.go:611 🗺️ seated 9/22 in-band levels (proximity band ±38pt, 9 of them retained)
09-08 16:50:43 [WARN] trader/auto_trader.go:49 [trader_id=stage-a-benchmark] 🌑 dark regime at the ASIA read: 1/7 regime fields unavailable (vix_level) — plan still trustworthy
09-08 16:50:43 [INFO] trader/auto_trader.go:44 [trader_id=stage-a-benchmark] 🔬 detector recorded: 0 new episode(s) · pool 9 candidate(s) (8 seated, 1 cut) · k=3 Δ=1.84 band=±5.53 H=12 close · pre-formation bars skipped=41 · levels with no formation time=6
09-08 16:50:43 [INFO] trader/auto_trader.go:44 [trader_id=stage-a-benchmark] 📓 read facts: void=8 · floor=19.3 pts (1.5×ATR5m 12.89) · scope=1m×300 since=1788818400000 (cap 500)
09-08 16:50:43 [INFO] trader/auto_trader.go:44 [trader_id=stage-a-benchmark] 🗺️ G2 HTF detection @ASIA: 90 level(s) map[EQH·15m:1 EQH·1h:1 EQH·4h:1 EQL·15m:1 EQL·1h:1 EQL·4h:1 iFVG(bull)·15m:28 iFVG(bull)·1h:28 iFVG(bull)·4h:28]
09-08 16:50:43 [INFO] kernel/levels_score.go:611 🗺️ seated 9/22 in-band levels (proximity band ±38pt, 9 of them retained)
09-08 16:50:43 [WARN] trader/auto_trader.go:49 [trader_id=stage-a-benchmark] 🌑 dark regime at the ASIA read: 1/7 regime fields unavailable (vix_level) — plan still trustworthy
09-08 16:50:43 [INFO] trader/auto_trader.go:44 [trader_id=stage-a-benchmark] 🔬 detector recorded: 0 new episode(s) · pool 9 candidate(s) (8 seated, 1 cut) · k=3 Δ=1.84 band=±5.53 H=12 close · pre-formation bars skipped=41 · levels with no formation time=6
09-08 16:50:43 [INFO] trader/auto_trader.go:44 [trader_id=stage-a-benchmark] 📓 read facts: void=8 · floor=19.3 pts (1.5×ATR5m 12.89) · scope=1m×300 since=1788818400000 (cap 500)
09-08 16:50:43 [INFO] trader/auto_trader.go:44 [trader_id=stage-a-benchmark] 🗺️ G2 HTF detection @ASIA: 90 level(s) map[EQH·15m:1 EQH·1h:1 EQH·4h:1 EQL·15m:1 EQL·1h:1 EQL·4h:1 iFVG(bull)·15m:28 iFVG(bull)·1h:28 iFVG(bull)·4h:28]
09-08 16:50:43 [INFO] kernel/levels_score.go:611 🗺️ seated 9/22 in-band levels (proximity band ±38pt, 9 of them retained)
09-08 16:50:43 [WARN] trader/auto_trader.go:49 [trader_id=stage-a-benchmark] 🌑 dark regime at the ASIA read: 1/7 regime fields unavailable (vix_level) — plan still trustworthy
09-08 16:50:43 [INFO] trader/auto_trader.go:44 [trader_id=stage-a-benchmark] 🔬 detector recorded: 0 new episode(s) · pool 9 candidate(s) (8 seated, 1 cut) · k=3 Δ=1.84 band=±5.53 H=12 close · pre-formation bars skipped=41 · levels with no formation time=6
09-08 16:50:43 [INFO] trader/auto_trader.go:44 [trader_id=stage-a-benchmark] 📓 read facts: void=8 · floor=19.3 pts (1.5×ATR5m 12.89) · scope=1m×300 since=1788818400000 (cap 500)
09-08 16:50:43 [INFO] trader/auto_trader.go:44 [trader_id=stage-a-benchmark] 🗺️ G2 HTF detection @ASIA: 90 level(s) map[EQH·15m:1 EQH·1h:1 EQH·4h:1 EQL·15m:1 EQL·1h:1 EQL·4h:1 iFVG(bull)·15m:28 iFVG(bull)·1h:28 iFVG(bull)·4h:28]
09-08 16:50:43 [INFO] kernel/levels_score.go:611 🗺️ seated 9/22 in-band levels (proximity band ±38pt, 9 of them retained)
09-08 16:50:43 [WARN] trader/auto_trader.go:49 [trader_id=stage-a-benchmark] 🌑 dark regime at the ASIA read: 1/7 regime fields unavailable (vix_level) — plan still trustworthy
09-08 16:50:43 [INFO] trader/auto_trader.go:44 [trader_id=stage-a-benchmark] 🔬 detector recorded: 0 new episode(s) · pool 9 candidate(s) (8 seated, 1 cut) · k=3 Δ=1.84 band=±5.53 H=12 close · pre-formation bars skipped=41 · levels with no formation time=6
09-08 16:50:43 [INFO] trader/auto_trader.go:44 [trader_id=stage-a-benchmark] 📓 read facts: void=8 · floor=19.3 pts (1.5×ATR5m 12.89) · scope=1m×300 since=1788818400000 (cap 500)
09-08 16:50:43 [INFO] trader/auto_trader.go:44 [trader_id=stage-a-benchmark] 🗺️ G2 HTF detection @ASIA: 90 level(s) map[EQH·15m:1 EQH·1h:1 EQH·4h:1 EQL·15m:1 EQL·1h:1 EQL·4h:1 iFVG(bull)·15m:28 iFVG(bull)·1h:28 iFVG(bull)·4h:28]
09-08 16:50:43 [INFO] kernel/levels_score.go:611 🗺️ seated 9/22 in-band levels (proximity band ±38pt, 9 of them retained)
09-08 16:50:43 [WARN] trader/auto_trader.go:49 [trader_id=stage-a-benchmark] 🌑 dark regime at the ASIA read: 1/7 regime fields unavailable (vix_level) — plan still trustworthy
09-08 16:50:43 [INFO] trader/auto_trader.go:44 [trader_id=stage-a-benchmark] 🔬 detector recorded: 0 new episode(s) · pool 9 candidate(s) (8 seated, 1 cut) · k=3 Δ=1.84 band=±5.53 H=12 close · pre-formation bars skipped=41 · levels with no formation time=6
09-08 16:50:43 [INFO] trader/auto_trader.go:44 [trader_id=stage-a-benchmark] 📓 read facts: void=8 · floor=19.3 pts (1.5×ATR5m 12.89) · scope=1m×300 since=1788818400000 (cap 500)
09-08 16:50:43 [INFO] trader/auto_trader.go:44 [trader_id=stage-a-benchmark] 🗺️ G2 HTF detection @ASIA: 90 level(s) map[EQH·15m:1 EQH·1h:1 EQH·4h:1 EQL·15m:1 EQL·1h:1 EQL·4h:1 iFVG(bull)·15m:28 iFVG(bull)·1h:28 iFVG(bull)·4h:28]
09-08 16:50:43 [INFO] kernel/levels_score.go:611 🗺️ seated 9/22 in-band levels (proximity band ±38pt, 9 of them retained)
09-08 16:50:43 [WARN] trader/auto_trader.go:49 [trader_id=stage-a-benchmark] 🌑 dark regime at the ASIA read: 1/7 regime fields unavailable (vix_level) — plan still trustworthy
09-08 16:50:43 [INFO] trader/auto_trader.go:44 [trader_id=stage-a-benchmark] 🔬 detector recorded: 0 new episode(s) · pool 9 candidate(s) (8 seated, 1 cut) · k=3 Δ=1.84 band=±5.53 H=12 close · pre-formation bars skipped=41 · levels with no formation time=6
09-08 16:50:43 [INFO] trader/auto_trader.go:44 [trader_id=stage-a-benchmark] 📓 read facts: void=8 · floor=19.3 pts (1.5×ATR5m 12.89) · scope=1m×300 since=1788818400000 (cap 500)
09-08 16:50:43 [INFO] trader/auto_trader.go:44 [trader_id=stage-a-benchmark] 🗺️ G2 HTF detection @ASIA: 90 level(s) map[EQH·15m:1 EQH·1h:1 EQH·4h:1 EQL·15m:1 EQL·1h:1 EQL·4h:1 iFVG(bull)·15m:28 iFVG(bull)·1h:28 iFVG(bull)·4h:28]
09-08 16:50:43 [INFO] kernel/levels_score.go:611 🗺️ seated 9/22 in-band levels (proximity band ±38pt, 9 of them retained)
09-08 16:50:43 [WARN] trader/auto_trader.go:49 [trader_id=stage-a-benchmark] 🌑 dark regime at the ASIA read: 1/7 regime fields unavailable (vix_level) — plan still trustworthy
09-08 16:50:43 [INFO] trader/auto_trader.go:44 [trader_id=stage-a-benchmark] 🔬 detector recorded: 0 new episode(s) · pool 9 candidate(s) (8 seated, 1 cut) · k=3 Δ=1.84 band=±5.53 H=12 close · pre-formation bars skipped=41 · levels with no formation time=6
09-08 16:50:43 [INFO] trader/auto_trader.go:44 [trader_id=stage-a-benchmark] 📓 read facts: void=8 · floor=19.3 pts (1.5×ATR5m 12.89) · scope=1m×300 since=1788818400000 (cap 500)
09-08 16:50:43 [INFO] trader/auto_trader.go:44 [trader_id=stage-a-benchmark] 🗺️ G2 HTF detection @ASIA: 90 level(s) map[EQH·15m:1 EQH·1h:1 EQH·4h:1 EQL·15m:1 EQL·1h:1 EQL·4h:1 iFVG(bull)·15m:28 iFVG(bull)·1h:28 iFVG(bull)·4h:28]
09-08 16:50:43 [INFO] kernel/levels_score.go:611 🗺️ seated 9/22 in-band levels (proximity band ±38pt, 9 of them retained)
09-08 16:50:43 [WARN] trader/auto_trader.go:49 [trader_id=stage-a-benchmark] 🌑 dark regime at the ASIA read: 1/7 regime fields unavailable (vix_level) — plan still trustworthy
09-08 16:50:43 [INFO] trader/auto_trader.go:44 [trader_id=stage-a-benchmark] 🔬 detector recorded: 0 new episode(s) · pool 9 candidate(s) (8 seated, 1 cut) · k=3 Δ=1.84 band=±5.53 H=12 close · pre-formation bars skipped=41 · levels with no formation time=6
09-08 16:50:43 [INFO] trader/auto_trader.go:44 [trader_id=stage-a-benchmark] 📓 read facts: void=8 · floor=19.3 pts (1.5×ATR5m 12.89) · scope=1m×300 since=1788818400000 (cap 500)
09-08 16:50:43 [INFO] trader/auto_trader.go:44 [trader_id=stage-a-benchmark] 🗺️ G2 HTF detection @ASIA: 90 level(s) map[EQH·15m:1 EQH·1h:1 EQH·4h:1 EQL·15m:1 EQL·1h:1 EQL·4h:1 iFVG(bull)·15m:28 iFVG(bull)·1h:28 iFVG(bull)·4h:28]
09-08 16:50:43 [INFO] kernel/levels_score.go:611 🗺️ seated 9/22 in-band levels (proximity band ±38pt, 9 of them retained)
09-08 16:50:43 [WARN] trader/auto_trader.go:49 [trader_id=stage-a-benchmark] 🌑 dark regime at the ASIA read: 1/7 regime fields unavailable (vix_level) — plan still trustworthy
09-08 16:50:43 [INFO] trader/auto_trader.go:44 [trader_id=stage-a-benchmark] 🔬 detector recorded: 0 new episode(s) · pool 9 candidate(s) (8 seated, 1 cut) · k=3 Δ=1.84 band=±5.53 H=12 close · pre-formation bars skipped=41 · levels with no formation time=6
09-08 16:50:43 [INFO] trader/auto_trader.go:44 [trader_id=stage-a-benchmark] 📓 read facts: void=8 · floor=19.3 pts (1.5×ATR5m 12.89) · scope=1m×300 since=1788818400000 (cap 500)
09-08 16:50:43 [INFO] trader/auto_trader.go:44 [trader_id=stage-a-benchmark] 🗺️ G2 HTF detection @ASIA: 90 level(s) map[EQH·15m:1 EQH·1h:1 EQH·4h:1 EQL·15m:1 EQL·1h:1 EQL·4h:1 iFVG(bull)·15m:28 iFVG(bull)·1h:28 iFVG(bull)·4h:28]
09-08 16:50:43 [INFO] kernel/levels_score.go:611 🗺️ seated 9/22 in-band levels (proximity band ±38pt, 9 of them retained)
09-08 16:50:43 [WARN] trader/auto_trader.go:49 [trader_id=stage-a-benchmark] 🌑 dark regime at the ASIA read: 1/7 regime fields unavailable (vix_level) — plan still trustworthy
09-08 16:50:43 [INFO] trader/auto_trader.go:44 [trader_id=stage-a-benchmark] 🔬 detector recorded: 0 new episode(s) · pool 9 candidate(s) (8 seated, 1 cut) · k=3 Δ=1.84 band=±5.53 H=12 close · pre-formation bars skipped=41 · levels with no formation time=6
09-08 16:50:43 [INFO] trader/auto_trader.go:44 [trader_id=stage-a-benchmark] 📓 read facts: void=8 · floor=19.3 pts (1.5×ATR5m 12.89) · scope=1m×300 since=1788818400000 (cap 500)
09-08 16:50:43 [INFO] trader/auto_trader.go:44 [trader_id=stage-a-benchmark] 🗺️ G2 HTF detection @ASIA: 90 level(s) map[EQH·15m:1 EQH·1h:1 EQH·4h:1 EQL·15m:1 EQL·1h:1 EQL·4h:1 iFVG(bull)·15m:28 iFVG(bull)·1h:28 iFVG(bull)·4h:28]
09-08 16:50:43 [INFO] kernel/levels_score.go:611 🗺️ seated 9/22 in-band levels (proximity band ±38pt, 9 of them retained)
09-08 16:50:43 [WARN] trader/auto_trader.go:49 [trader_id=stage-a-benchmark] 🌑 dark regime at the ASIA read: 1/7 regime fields unavailable (vix_level) — plan still trustworthy
09-08 16:50:43 [INFO] trader/auto_trader.go:44 [trader_id=stage-a-benchmark] 🔬 detector recorded: 0 new episode(s) · pool 9 candidate(s) (8 seated, 1 cut) · k=3 Δ=1.84 band=±5.53 H=12 close · pre-formation bars skipped=41 · levels with no formation time=6
09-08 16:50:43 [INFO] trader/auto_trader.go:44 [trader_id=stage-a-benchmark] 📓 read facts: void=8 · floor=19.3 pts (1.5×ATR5m 12.89) · scope=1m×300 since=1788818400000 (cap 500)
09-08 16:50:43 [INFO] trader/auto_trader.go:44 [trader_id=stage-a-benchmark] 🗺️ G2 HTF detection @ASIA: 90 level(s) map[EQH·15m:1 EQH·1h:1 EQH·4h:1 EQL·15m:1 EQL·1h:1 EQL·4h:1 iFVG(bull)·15m:28 iFVG(bull)·1h:28 iFVG(bull)·4h:28]
09-08 16:50:43 [INFO] kernel/levels_score.go:611 🗺️ seated 9/22 in-band levels (proximity band ±38pt, 9 of them retained)
09-08 16:50:43 [WARN] trader/auto_trader.go:49 [trader_id=stage-a-benchmark] 🌑 dark regime at the ASIA read: 1/7 regime fields unavailable (vix_level) — plan still trustworthy
09-08 16:50:43 [INFO] trader/auto_trader.go:44 [trader_id=stage-a-benchmark] 🔬 detector recorded: 0 new episode(s) · pool 9 candidate(s) (8 seated, 1 cut) · k=3 Δ=1.84 band=±5.53 H=12 close · pre-formation bars skipped=41 · levels with no formation time=6
09-08 16:50:43 [INFO] trader/auto_trader.go:44 [trader_id=stage-a-benchmark] 📓 read facts: void=8 · floor=19.3 pts (1.5×ATR5m 12.89) · scope=1m×300 since=1788818400000 (cap 500)
09-08 16:50:43 [INFO] trader/auto_trader.go:44 [trader_id=stage-a-benchmark] 🗺️ G2 HTF detection @ASIA: 90 level(s) map[EQH·15m:1 EQH·1h:1 EQH·4h:1 EQL·15m:1 EQL·1h:1 EQL·4h:1 iFVG(bull)·15m:28 iFVG(bull)·1h:28 iFVG(bull)·4h:28]
09-08 16:50:43 [INFO] kernel/levels_score.go:611 🗺️ seated 9/22 in-band levels (proximity band ±38pt, 9 of them retained)
09-08 16:50:43 [WARN] trader/auto_trader.go:49 [trader_id=stage-a-benchmark] 🌑 dark regime at the ASIA read: 1/7 regime fields unavailable (vix_level) — plan still trustworthy
09-08 16:50:43 [INFO] trader/auto_trader.go:44 [trader_id=stage-a-benchmark] 🔬 detector recorded: 0 new episode(s) · pool 9 candidate(s) (8 seated, 1 cut) · k=3 Δ=1.84 band=±5.53 H=12 close · pre-formation bars skipped=41 · levels with no formation time=6
09-08 16:50:43 [INFO] trader/auto_trader.go:44 [trader_id=stage-a-benchmark] 📓 read facts: void=8 · floor=19.3 pts (1.5×ATR5m 12.89) · scope=1m×300 since=1788818400000 (cap 500)
09-08 16:50:43 [INFO] trader/auto_trader.go:44 [trader_id=stage-a-benchmark] 🗺️ G2 HTF detection @ASIA: 90 level(s) map[EQH·15m:1 EQH·1h:1 EQH·4h:1 EQL·15m:1 EQL·1h:1 EQL·4h:1 iFVG(bull)·15m:28 iFVG(bull)·1h:28 iFVG(bull)·4h:28]
09-08 16:50:43 [INFO] kernel/levels_score.go:611 🗺️ seated 9/22 in-band levels (proximity band ±38pt, 9 of them retained)
09-08 16:50:43 [WARN] trader/auto_trader.go:49 [trader_id=stage-a-benchmark] 🌑 dark regime at the ASIA read: 1/7 regime fields unavailable (vix_level) — plan still trustworthy
09-08 16:50:43 [INFO] trader/auto_trader.go:44 [trader_id=stage-a-benchmark] 🔬 detector recorded: 0 new episode(s) · pool 9 candidate(s) (8 seated, 1 cut) · k=3 Δ=1.84 band=±5.53 H=12 close · pre-formation bars skipped=41 · levels with no formation time=6
09-08 16:50:43 [INFO] trader/auto_trader.go:44 [trader_id=stage-a-benchmark] 📓 read facts: void=8 · floor=19.3 pts (1.5×ATR5m 12.89) · scope=1m×300 since=1788818400000 (cap 500)
09-08 16:50:43 [INFO] trader/auto_trader.go:44 [trader_id=stage-a-benchmark] 🗺️ G2 HTF detection @ASIA: 90 level(s) map[EQH·15m:1 EQH·1h:1 EQH·4h:1 EQL·15m:1 EQL·1h:1 EQL·4h:1 iFVG(bull)·15m:28 iFVG(bull)·1h:28 iFVG(bull)·4h:28]
09-08 16:50:43 [INFO] kernel/levels_score.go:611 🗺️ seated 9/22 in-band levels (proximity band ±38pt, 9 of them retained)
09-08 16:50:43 [WARN] trader/auto_trader.go:49 [trader_id=stage-a-benchmark] 🌑 dark regime at the ASIA read: 1/7 regime fields unavailable (vix_level) — plan still trustworthy
09-08 16:50:43 [INFO] trader/auto_trader.go:44 [trader_id=stage-a-benchmark] 🔬 detector recorded: 0 new episode(s) · pool 9 candidate(s) (8 seated, 1 cut) · k=3 Δ=1.84 band=±5.53 H=12 close · pre-formation bars skipped=41 · levels with no formation time=6
09-08 16:50:43 [INFO] trader/auto_trader.go:44 [trader_id=stage-a-benchmark] 📓 read facts: void=8 · floor=19.3 pts (1.5×ATR5m 12.89) · scope=1m×300 since=1788818400000 (cap 500)
09-08 16:50:43 [INFO] trader/auto_trader.go:44 [trader_id=stage-a-benchmark] 🗺️ G2 HTF detection @ASIA: 90 level(s) map[EQH·15m:1 EQH·1h:1 EQH·4h:1 EQL·15m:1 EQL·1h:1 EQL·4h:1 iFVG(bull)·15m:28 iFVG(bull)·1h:28 iFVG(bull)·4h:28]
09-08 16:50:43 [INFO] kernel/levels_score.go:611 🗺️ seated 9/22 in-band levels (proximity band ±38pt, 9 of them retained)
09-08 16:50:43 [WARN] trader/auto_trader.go:49 [trader_id=stage-a-benchmark] 🌑 dark regime at the ASIA read: 1/7 regime fields unavailable (vix_level) — plan still trustworthy
09-08 16:50:43 [INFO] trader/auto_trader.go:44 [trader_id=stage-a-benchmark] 🔬 detector recorded: 0 new episode(s) · pool 9 candidate(s) (8 seated, 1 cut) · k=3 Δ=1.84 band=±5.53 H=12 close · pre-formation bars skipped=41 · levels with no formation time=6
09-08 16:50:43 [INFO] trader/auto_trader.go:44 [trader_id=stage-a-benchmark] 📓 read facts: void=8 · floor=19.3 pts (1.5×ATR5m 12.89) · scope=1m×300 since=1788818400000 (cap 500)
09-08 16:50:43 [INFO] trader/auto_trader.go:44 [trader_id=stage-a-benchmark] 🗺️ G2 HTF detection @ASIA: 90 level(s) map[EQH·15m:1 EQH·1h:1 EQH·4h:1 EQL·15m:1 EQL·1h:1 EQL·4h:1 iFVG(bull)·15m:28 iFVG(bull)·1h:28 iFVG(bull)·4h:28]
09-08 16:50:43 [INFO] kernel/levels_score.go:611 🗺️ seated 9/22 in-band levels (proximity band ±38pt, 9 of them retained)
09-08 16:50:43 [WARN] trader/auto_trader.go:49 [trader_id=stage-a-benchmark] 🌑 dark regime at the ASIA read: 1/7 regime fields unavailable (vix_level) — plan still trustworthy
09-08 16:50:43 [INFO] trader/auto_trader.go:44 [trader_id=stage-a-benchmark] 🔬 detector recorded: 0 new episode(s) · pool 9 candidate(s) (8 seated, 1 cut) · k=3 Δ=1.84 band=±5.53 H=12 close · pre-formation bars skipped=41 · levels with no formation time=6
09-08 16:50:43 [INFO] trader/auto_trader.go:44 [trader_id=stage-a-benchmark] 📓 read facts: void=8 · floor=19.3 pts (1.5×ATR5m 12.89) · scope=1m×300 since=1788818400000 (cap 500)
09-08 16:50:43 [INFO] trader/auto_trader.go:44 [trader_id=stage-a-benchmark] 🗺️ G2 HTF detection @ASIA: 90 level(s) map[EQH·15m:1 EQH·1h:1 EQH·4h:1 EQL·15m:1 EQL·1h:1 EQL·4h:1 iFVG(bull)·15m:28 iFVG(bull)·1h:28 iFVG(bull)·4h:28]
09-08 16:50:43 [INFO] kernel/levels_score.go:611 🗺️ seated 9/22 in-band levels (proximity band ±38pt, 9 of them retained)
09-08 16:50:43 [WARN] trader/auto_trader.go:49 [trader_id=stage-a-benchmark] 🌑 dark regime at the ASIA read: 1/7 regime fields unavailable (vix_level) — plan still trustworthy
09-08 16:50:43 [INFO] trader/auto_trader.go:44 [trader_id=stage-a-benchmark] 🔬 detector recorded: 0 new episode(s) · pool 9 candidate(s) (8 seated, 1 cut) · k=3 Δ=1.84 band=±5.53 H=12 close · pre-formation bars skipped=41 · levels with no formation time=6
09-08 16:50:43 [INFO] trader/auto_trader.go:44 [trader_id=stage-a-benchmark] 📓 read facts: void=8 · floor=19.3 pts (1.5×ATR5m 12.89) · scope=1m×300 since=1788818400000 (cap 500)
09-08 16:50:43 [INFO] trader/auto_trader.go:44 [trader_id=stage-a-benchmark] 🗺️ G2 HTF detection @ASIA: 90 level(s) map[EQH·15m:1 EQH·1h:1 EQH·4h:1 EQL·15m:1 EQL·1h:1 EQL·4h:1 iFVG(bull)·15m:28 iFVG(bull)·1h:28 iFVG(bull)·4h:28]
09-08 16:50:43 [INFO] kernel/levels_score.go:611 🗺️ seated 9/22 in-band levels (proximity band ±38pt, 9 of them retained)
09-08 16:50:43 [WARN] trader/auto_trader.go:49 [trader_id=stage-a-benchmark] 🌑 dark regime at the ASIA read: 1/7 regime fields unavailable (vix_level) — plan still trustworthy
09-08 16:50:43 [INFO] trader/auto_trader.go:44 [trader_id=stage-a-benchmark] 🔬 detector recorded: 0 new episode(s) · pool 9 candidate(s) (8 seated, 1 cut) · k=3 Δ=1.84 band=±5.53 H=12 close · pre-formation bars skipped=41 · levels with no formation time=6
09-08 16:50:43 [INFO] trader/auto_trader.go:44 [trader_id=stage-a-benchmark] 📓 read facts: void=8 · floor=19.3 pts (1.5×ATR5m 12.89) · scope=1m×300 since=1788818400000 (cap 500)
09-08 16:50:43 [INFO] trader/auto_trader.go:44 [trader_id=stage-a-benchmark] 🗺️ G2 HTF detection @ASIA: 90 level(s) map[EQH·15m:1 EQH·1h:1 EQH·4h:1 EQL·15m:1 EQL·1h:1 EQL·4h:1 iFVG(bull)·15m:28 iFVG(bull)·1h:28 iFVG(bull)·4h:28]
09-08 16:50:43 [INFO] kernel/levels_score.go:611 🗺️ seated 9/22 in-band levels (proximity band ±38pt, 9 of them retained)
09-08 16:50:43 [WARN] trader/auto_trader.go:49 [trader_id=stage-a-benchmark] 🌑 dark regime at the ASIA read: 1/7 regime fields unavailable (vix_level) — plan still trustworthy
09-08 16:50:43 [INFO] trader/auto_trader.go:44 [trader_id=stage-a-benchmark] 🔬 detector recorded: 0 new episode(s) · pool 9 candidate(s) (8 seated, 1 cut) · k=3 Δ=1.84 band=±5.53 H=12 close · pre-formation bars skipped=41 · levels with no formation time=6
09-08 16:50:43 [INFO] trader/auto_trader.go:44 [trader_id=stage-a-benchmark] 📓 read facts: void=8 · floor=19.3 pts (1.5×ATR5m 12.89) · scope=1m×300 since=1788818400000 (cap 500)
09-08 16:50:43 [INFO] trader/auto_trader.go:44 [trader_id=stage-a-benchmark] 🗺️ G2 HTF detection @ASIA: 90 level(s) map[EQH·15m:1 EQH·1h:1 EQH·4h:1 EQL·15m:1 EQL·1h:1 EQL·4h:1 iFVG(bull)·15m:28 iFVG(bull)·1h:28 iFVG(bull)·4h:28]
09-08 16:50:43 [INFO] kernel/levels_score.go:611 🗺️ seated 9/22 in-band levels (proximity band ±38pt, 9 of them retained)
09-08 16:50:43 [WARN] trader/auto_trader.go:49 [trader_id=stage-a-benchmark] 🌑 dark regime at the ASIA read: 1/7 regime fields unavailable (vix_level) — plan still trustworthy
09-08 16:50:43 [INFO] trader/auto_trader.go:44 [trader_id=stage-a-benchmark] 🔬 detector recorded: 0 new episode(s) · pool 9 candidate(s) (8 seated, 1 cut) · k=3 Δ=1.84 band=±5.53 H=12 close · pre-formation bars skipped=41 · levels with no formation time=6
09-08 16:50:43 [INFO] trader/auto_trader.go:44 [trader_id=stage-a-benchmark] 📓 read facts: void=8 · floor=19.3 pts (1.5×ATR5m 12.89) · scope=1m×300 since=1788818400000 (cap 500)
09-08 16:50:43 [INFO] trader/auto_trader.go:44 [trader_id=stage-a-benchmark] 🗺️ G2 HTF detection @ASIA: 90 level(s) map[EQH·15m:1 EQH·1h:1 EQH·4h:1 EQL·15m:1 EQL·1h:1 EQL·4h:1 iFVG(bull)·15m:28 iFVG(bull)·1h:28 iFVG(bull)·4h:28]
09-08 16:50:43 [INFO] kernel/levels_score.go:611 🗺️ seated 9/22 in-band levels (proximity band ±38pt, 9 of them retained)
09-08 16:50:43 [WARN] trader/auto_trader.go:49 [trader_id=stage-a-benchmark] 🌑 dark regime at the ASIA read: 1/7 regime fields unavailable (vix_level) — plan still trustworthy
09-08 16:50:43 [INFO] trader/auto_trader.go:44 [trader_id=stage-a-benchmark] 🔬 detector recorded: 0 new episode(s) · pool 9 candidate(s) (8 seated, 1 cut) · k=3 Δ=1.84 band=±5.53 H=12 close · pre-formation bars skipped=41 · levels with no formation time=6
09-08 16:50:43 [INFO] trader/auto_trader.go:44 [trader_id=stage-a-benchmark] 📓 read facts: void=8 · floor=19.3 pts (1.5×ATR5m 12.89) · scope=1m×300 since=1788818400000 (cap 500)
09-08 16:50:43 [INFO] trader/auto_trader.go:44 [trader_id=stage-a-benchmark] 🗺️ G2 HTF detection @ASIA: 90 level(s) map[EQH·15m:1 EQH·1h:1 EQH·4h:1 EQL·15m:1 EQL·1h:1 EQL·4h:1 iFVG(bull)·15m:28 iFVG(bull)·1h:28 iFVG(bull)·4h:28]
09-08 16:50:43 [INFO] kernel/levels_score.go:611 🗺️ seated 9/22 in-band levels (proximity band ±38pt, 9 of them retained)
09-08 16:50:43 [WARN] trader/auto_trader.go:49 [trader_id=stage-a-benchmark] 🌑 dark regime at the ASIA read: 1/7 regime fields unavailable (vix_level) — plan still trustworthy
09-08 16:50:43 [INFO] trader/auto_trader.go:44 [trader_id=stage-a-benchmark] 🔬 detector recorded: 0 new episode(s) · pool 9 candidate(s) (8 seated, 1 cut) · k=3 Δ=1.84 band=±5.53 H=12 close · pre-formation bars skipped=41 · levels with no formation time=6
09-08 16:50:43 [INFO] trader/auto_trader.go:44 [trader_id=stage-a-benchmark] 📓 read facts: void=8 · floor=19.3 pts (1.5×ATR5m 12.89) · scope=1m×300 since=1788818400000 (cap 500)
09-08 16:50:43 [INFO] trader/auto_trader.go:44 [trader_id=stage-a-benchmark] 🗺️ G2 HTF detection @ASIA: 90 level(s) map[EQH·15m:1 EQH·1h:1 EQH·4h:1 EQL·15m:1 EQL·1h:1 EQL·4h:1 iFVG(bull)·15m:28 iFVG(bull)·1h:28 iFVG(bull)·4h:28]
09-08 16:50:43 [INFO] kernel/levels_score.go:611 🗺️ seated 9/22 in-band levels (proximity band ±38pt, 9 of them retained)
09-08 16:50:43 [WARN] trader/auto_trader.go:49 [trader_id=stage-a-benchmark] 🌑 dark regime at the ASIA read: 1/7 regime fields unavailable (vix_level) — plan still trustworthy
09-08 16:50:43 [INFO] trader/auto_trader.go:44 [trader_id=stage-a-benchmark] 🔬 detector recorded: 0 new episode(s) · pool 9 candidate(s) (8 seated, 1 cut) · k=3 Δ=1.84 band=±5.53 H=12 close · pre-formation bars skipped=41 · levels with no formation time=6
09-08 16:50:43 [INFO] trader/auto_trader.go:44 [trader_id=stage-a-benchmark] 📓 read facts: void=8 · floor=19.3 pts (1.5×ATR5m 12.89) · scope=1m×300 since=1788818400000 (cap 500)
09-08 16:50:43 [INFO] trader/auto_trader.go:44 [trader_id=stage-a-benchmark] 🗺️ G2 HTF detection @ASIA: 90 level(s) map[EQH·15m:1 EQH·1h:1 EQH·4h:1 EQL·15m:1 EQL·1h:1 EQL·4h:1 iFVG(bull)·15m:28 iFVG(bull)·1h:28 iFVG(bull)·4h:28]
09-08 16:50:43 [INFO] kernel/levels_score.go:611 🗺️ seated 9/22 in-band levels (proximity band ±38pt, 9 of them retained)
09-08 16:50:43 [WARN] trader/auto_trader.go:49 [trader_id=stage-a-benchmark] 🌑 dark regime at the ASIA read: 1/7 regime fields unavailable (vix_level) — plan still trustworthy
09-08 16:50:43 [INFO] trader/auto_trader.go:44 [trader_id=stage-a-benchmark] 🔬 detector recorded: 0 new episode(s) · pool 9 candidate(s) (8 seated, 1 cut) · k=3 Δ=1.84 band=±5.53 H=12 close · pre-formation bars skipped=41 · levels with no formation time=6
09-08 16:50:43 [INFO] trader/auto_trader.go:44 [trader_id=stage-a-benchmark] 📓 read facts: void=8 · floor=19.3 pts (1.5×ATR5m 12.89) · scope=1m×300 since=1788818400000 (cap 500)
09-08 16:50:43 [INFO] trader/auto_trader.go:44 [trader_id=stage-a-benchmark] 🗺️ G2 HTF detection @ASIA: 90 level(s) map[EQH·15m:1 EQH·1h:1 EQH·4h:1 EQL·15m:1 EQL·1h:1 EQL·4h:1 iFVG(bull)·15m:28 iFVG(bull)·1h:28 iFVG(bull)·4h:28]
09-08 16:50:43 [INFO] kernel/levels_score.go:611 🗺️ seated 9/22 in-band levels (proximity band ±38pt, 9 of them retained)
09-08 16:50:43 [WARN] trader/auto_trader.go:49 [trader_id=stage-a-benchmark] 🌑 dark regime at the ASIA read: 1/7 regime fields unavailable (vix_level) — plan still trustworthy
09-08 16:50:43 [INFO] trader/auto_trader.go:44 [trader_id=stage-a-benchmark] 🔬 detector recorded: 0 new episode(s) · pool 9 candidate(s) (8 seated, 1 cut) · k=3 Δ=1.84 band=±5.53 H=12 close · pre-formation bars skipped=41 · levels with no formation time=6
09-08 16:50:43 [INFO] trader/auto_trader.go:44 [trader_id=stage-a-benchmark] 📓 read facts: void=8 · floor=19.3 pts (1.5×ATR5m 12.89) · scope=1m×300 since=1788818400000 (cap 500)
09-08 16:50:43 [INFO] trader/auto_trader.go:44 [trader_id=stage-a-benchmark] 🗺️ G2 HTF detection @ASIA: 90 level(s) map[EQH·15m:1 EQH·1h:1 EQH·4h:1 EQL·15m:1 EQL·1h:1 EQL·4h:1 iFVG(bull)·15m:28 iFVG(bull)·1h:28 iFVG(bull)·4h:28]
09-08 16:50:43 [INFO] kernel/levels_score.go:611 🗺️ seated 9/22 in-band levels (proximity band ±38pt, 9 of them retained)
09-08 16:50:43 [WARN] trader/auto_trader.go:49 [trader_id=stage-a-benchmark] 🌑 dark regime at the ASIA read: 1/7 regime fields unavailable (vix_level) — plan still trustworthy
09-08 16:50:43 [INFO] trader/auto_trader.go:44 [trader_id=stage-a-benchmark] 🔬 detector recorded: 0 new episode(s) · pool 9 candidate(s) (8 seated, 1 cut) · k=3 Δ=1.84 band=±5.53 H=12 close · pre-formation bars skipped=41 · levels with no formation time=6
09-08 16:50:43 [INFO] trader/auto_trader.go:44 [trader_id=stage-a-benchmark] 📓 read facts: void=8 · floor=19.3 pts (1.5×ATR5m 12.89) · scope=1m×300 since=1788818400000 (cap 500)
09-08 16:50:43 [INFO] trader/auto_trader.go:44 [trader_id=stage-a-benchmark] 🗺️ G2 HTF detection @ASIA: 90 level(s) map[EQH·15m:1 EQH·1h:1 EQH·4h:1 EQL·15m:1 EQL·1h:1 EQL·4h:1 iFVG(bull)·15m:28 iFVG(bull)·1h:28 iFVG(bull)·4h:28]
09-08 16:50:43 [INFO] kernel/levels_score.go:611 🗺️ seated 9/22 in-band levels (proximity band ±38pt, 9 of them retained)
09-08 16:50:43 [WARN] trader/auto_trader.go:49 [trader_id=stage-a-benchmark] 🌑 dark regime at the ASIA read: 1/7 regime fields unavailable (vix_level) — plan still trustworthy
09-08 16:50:43 [INFO] trader/auto_trader.go:44 [trader_id=stage-a-benchmark] 🔬 detector recorded: 0 new episode(s) · pool 9 candidate(s) (8 seated, 1 cut) · k=3 Δ=1.84 band=±5.53 H=12 close · pre-formation bars skipped=41 · levels with no formation time=6
09-08 16:50:43 [INFO] trader/auto_trader.go:44 [trader_id=stage-a-benchmark] 📓 read facts: void=8 · floor=19.3 pts (1.5×ATR5m 12.89) · scope=1m×300 since=1788818400000 (cap 500)
09-08 16:50:43 [INFO] trader/auto_trader.go:44 [trader_id=stage-a-benchmark] 🗺️ G2 HTF detection @ASIA: 90 level(s) map[EQH·15m:1 EQH·1h:1 EQH·4h:1 EQL·15m:1 EQL·1h:1 EQL·4h:1 iFVG(bull)·15m:28 iFVG(bull)·1h:28 iFVG(bull)·4h:28]
09-08 16:50:43 [INFO] kernel/levels_score.go:611 🗺️ seated 9/22 in-band levels (proximity band ±38pt, 9 of them retained)
09-08 16:50:43 [WARN] trader/auto_trader.go:49 [trader_id=stage-a-benchmark] 🌑 dark regime at the ASIA read: 1/7 regime fields unavailable (vix_level) — plan still trustworthy
09-08 16:50:43 [INFO] trader/auto_trader.go:44 [trader_id=stage-a-benchmark] 🔬 detector recorded: 0 new episode(s) · pool 9 candidate(s) (8 seated, 1 cut) · k=3 Δ=1.84 band=±5.53 H=12 close · pre-formation bars skipped=41 · levels with no formation time=6
09-08 16:50:43 [INFO] trader/auto_trader.go:44 [trader_id=stage-a-benchmark] 📓 read facts: void=8 · floor=19.3 pts (1.5×ATR5m 12.89) · scope=1m×300 since=1788818400000 (cap 500)
09-08 16:50:43 [INFO] trader/auto_trader.go:44 [trader_id=stage-a-benchmark] 🗺️ G2 HTF detection @ASIA: 90 level(s) map[EQH·15m:1 EQH·1h:1 EQH·4h:1 EQL·15m:1 EQL·1h:1 EQL·4h:1 iFVG(bull)·15m:28 iFVG(bull)·1h:28 iFVG(bull)·4h:28]
09-08 16:50:43 [INFO] kernel/levels_score.go:611 🗺️ seated 9/22 in-band levels (proximity band ±38pt, 9 of them retained)
09-08 16:50:43 [WARN] trader/auto_trader.go:49 [trader_id=stage-a-benchmark] 🌑 dark regime at the ASIA read: 1/7 regime fields unavailable (vix_level) — plan still trustworthy
09-08 16:50:43 [INFO] trader/auto_trader.go:44 [trader_id=stage-a-benchmark] 🔬 detector recorded: 0 new episode(s) · pool 9 candidate(s) (8 seated, 1 cut) · k=3 Δ=1.84 band=±5.53 H=12 close · pre-formation bars skipped=41 · levels with no formation time=6
09-08 16:50:43 [INFO] trader/auto_trader.go:44 [trader_id=stage-a-benchmark] 📓 read facts: void=8 · floor=19.3 pts (1.5×ATR5m 12.89) · scope=1m×300 since=1788818400000 (cap 500)
09-08 16:50:43 [INFO] trader/auto_trader.go:44 [trader_id=stage-a-benchmark] 🗺️ G2 HTF detection @ASIA: 90 level(s) map[EQH·15m:1 EQH·1h:1 EQH·4h:1 EQL·15m:1 EQL·1h:1 EQL·4h:1 iFVG(bull)·15m:28 iFVG(bull)·1h:28 iFVG(bull)·4h:28]
09-08 16:50:43 [INFO] kernel/levels_score.go:611 🗺️ seated 9/22 in-band levels (proximity band ±38pt, 9 of them retained)
09-08 16:50:43 [WARN] trader/auto_trader.go:49 [trader_id=stage-a-benchmark] 🌑 dark regime at the ASIA read: 1/7 regime fields unavailable (vix_level) — plan still trustworthy
09-08 16:50:43 [INFO] trader/auto_trader.go:44 [trader_id=stage-a-benchmark] 🔬 detector recorded: 0 new episode(s) · pool 9 candidate(s) (8 seated, 1 cut) · k=3 Δ=1.84 band=±5.53 H=12 close · pre-formation bars skipped=41 · levels with no formation time=6
09-08 16:50:43 [INFO] trader/auto_trader.go:44 [trader_id=stage-a-benchmark] 📓 read facts: void=8 · floor=19.3 pts (1.5×ATR5m 12.89) · scope=1m×300 since=1788818400000 (cap 500)
09-08 16:50:43 [INFO] trader/auto_trader.go:44 [trader_id=stage-a-benchmark] 🗺️ G2 HTF detection @ASIA: 90 level(s) map[EQH·15m:1 EQH·1h:1 EQH·4h:1 EQL·15m:1 EQL·1h:1 EQL·4h:1 iFVG(bull)·15m:28 iFVG(bull)·1h:28 iFVG(bull)·4h:28]
09-08 16:50:43 [INFO] kernel/levels_score.go:611 🗺️ seated 9/22 in-band levels (proximity band ±38pt, 9 of them retained)
09-08 16:50:43 [WARN] trader/auto_trader.go:49 [trader_id=stage-a-benchmark] 🌑 dark regime at the ASIA read: 1/7 regime fields unavailable (vix_level) — plan still trustworthy
09-08 16:50:43 [INFO] trader/auto_trader.go:44 [trader_id=stage-a-benchmark] 🔬 detector recorded: 0 new episode(s) · pool 9 candidate(s) (8 seated, 1 cut) · k=3 Δ=1.84 band=±5.53 H=12 close · pre-formation bars skipped=41 · levels with no formation time=6
09-08 16:50:43 [INFO] trader/auto_trader.go:44 [trader_id=stage-a-benchmark] 📓 read facts: void=8 · floor=19.3 pts (1.5×ATR5m 12.89) · scope=1m×300 since=1788818400000 (cap 500)
09-08 16:50:43 [INFO] trader/auto_trader.go:44 [trader_id=stage-a-benchmark] 🗺️ G2 HTF detection @ASIA: 90 level(s) map[EQH·15m:1 EQH·1h:1 EQH·4h:1 EQL·15m:1 EQL·1h:1 EQL·4h:1 iFVG(bull)·15m:28 iFVG(bull)·1h:28 iFVG(bull)·4h:28]
09-08 16:50:43 [INFO] kernel/levels_score.go:611 🗺️ seated 9/22 in-band levels (proximity band ±38pt, 9 of them retained)
09-08 16:50:43 [WARN] trader/auto_trader.go:49 [trader_id=stage-a-benchmark] 🌑 dark regime at the ASIA read: 1/7 regime fields unavailable (vix_level) — plan still trustworthy
09-08 16:50:43 [INFO] trader/auto_trader.go:44 [trader_id=stage-a-benchmark] 🔬 detector recorded: 0 new episode(s) · pool 9 candidate(s) (8 seated, 1 cut) · k=3 Δ=1.84 band=±5.53 H=12 close · pre-formation bars skipped=41 · levels with no formation time=6
09-08 16:50:43 [INFO] trader/auto_trader.go:44 [trader_id=stage-a-benchmark] 📓 read facts: void=8 · floor=19.3 pts (1.5×ATR5m 12.89) · scope=1m×300 since=1788818400000 (cap 500)
09-08 16:50:43 [INFO] trader/auto_trader.go:44 [trader_id=stage-a-benchmark] 🗺️ G2 HTF detection @ASIA: 90 level(s) map[EQH·15m:1 EQH·1h:1 EQH·4h:1 EQL·15m:1 EQL·1h:1 EQL·4h:1 iFVG(bull)·15m:28 iFVG(bull)·1h:28 iFVG(bull)·4h:28]
09-08 16:50:43 [INFO] kernel/levels_score.go:611 🗺️ seated 9/22 in-band levels (proximity band ±38pt, 9 of them retained)
09-08 16:50:43 [WARN] trader/auto_trader.go:49 [trader_id=stage-a-benchmark] 🌑 dark regime at the ASIA read: 1/7 regime fields unavailable (vix_level) — plan still trustworthy
09-08 16:50:43 [INFO] trader/auto_trader.go:44 [trader_id=stage-a-benchmark] 🔬 detector recorded: 0 new episode(s) · pool 9 candidate(s) (8 seated, 1 cut) · k=3 Δ=1.84 band=±5.53 H=12 close · pre-formation bars skipped=41 · levels with no formation time=6
09-08 16:50:43 [INFO] trader/auto_trader.go:44 [trader_id=stage-a-benchmark] 📓 read facts: void=8 · floor=19.3 pts (1.5×ATR5m 12.89) · scope=1m×300 since=1788818400000 (cap 500)
09-08 16:50:43 [INFO] trader/auto_trader.go:44 [trader_id=stage-a-benchmark] 🗺️ G2 HTF detection @ASIA: 90 level(s) map[EQH·15m:1 EQH·1h:1 EQH·4h:1 EQL·15m:1 EQL·1h:1 EQL·4h:1 iFVG(bull)·15m:28 iFVG(bull)·1h:28 iFVG(bull)·4h:28]
09-08 16:50:43 [INFO] kernel/levels_score.go:611 🗺️ seated 9/22 in-band levels (proximity band ±38pt, 9 of them retained)
09-08 16:50:43 [WARN] trader/auto_trader.go:49 [trader_id=stage-a-benchmark] 🌑 dark regime at the ASIA read: 1/7 regime fields unavailable (vix_level) — plan still trustworthy
09-08 16:50:43 [INFO] trader/auto_trader.go:44 [trader_id=stage-a-benchmark] 🔬 detector recorded: 0 new episode(s) · pool 9 candidate(s) (8 seated, 1 cut) · k=3 Δ=1.84 band=±5.53 H=12 close · pre-formation bars skipped=41 · levels with no formation time=6
09-08 16:50:43 [INFO] trader/auto_trader.go:44 [trader_id=stage-a-benchmark] 📓 read facts: void=8 · floor=19.3 pts (1.5×ATR5m 12.89) · scope=1m×300 since=1788818400000 (cap 500)
09-08 16:50:43 [INFO] trader/auto_trader.go:44 [trader_id=stage-a-benchmark] 🗺️ G2 HTF detection @ASIA: 90 level(s) map[EQH·15m:1 EQH·1h:1 EQH·4h:1 EQL·15m:1 EQL·1h:1 EQL·4h:1 iFVG(bull)·15m:28 iFVG(bull)·1h:28 iFVG(bull)·4h:28]
09-08 16:50:43 [INFO] kernel/levels_score.go:611 🗺️ seated 9/22 in-band levels (proximity band ±38pt, 9 of them retained)
09-08 16:50:43 [WARN] trader/auto_trader.go:49 [trader_id=stage-a-benchmark] 🌑 dark regime at the ASIA read: 1/7 regime fields unavailable (vix_level) — plan still trustworthy
09-08 16:50:43 [INFO] trader/auto_trader.go:44 [trader_id=stage-a-benchmark] 🔬 detector recorded: 0 new episode(s) · pool 9 candidate(s) (8 seated, 1 cut) · k=3 Δ=1.84 band=±5.53 H=12 close · pre-formation bars skipped=41 · levels with no formation time=6
09-08 16:50:43 [INFO] trader/auto_trader.go:44 [trader_id=stage-a-benchmark] 📓 read facts: void=8 · floor=19.3 pts (1.5×ATR5m 12.89) · scope=1m×300 since=1788818400000 (cap 500)
09-08 16:50:43 [INFO] trader/auto_trader.go:44 [trader_id=stage-a-benchmark] 🗺️ G2 HTF detection @ASIA: 90 level(s) map[EQH·15m:1 EQH·1h:1 EQH·4h:1 EQL·15m:1 EQL·1h:1 EQL·4h:1 iFVG(bull)·15m:28 iFVG(bull)·1h:28 iFVG(bull)·4h:28]
09-08 16:50:43 [INFO] kernel/levels_score.go:611 🗺️ seated 9/22 in-band levels (proximity band ±38pt, 9 of them retained)
09-08 16:50:43 [WARN] trader/auto_trader.go:49 [trader_id=stage-a-benchmark] 🌑 dark regime at the ASIA read: 1/7 regime fields unavailable (vix_level) — plan still trustworthy
09-08 16:50:43 [INFO] trader/auto_trader.go:44 [trader_id=stage-a-benchmark] 🔬 detector recorded: 0 new episode(s) · pool 9 candidate(s) (8 seated, 1 cut) · k=3 Δ=1.84 band=±5.53 H=12 close · pre-formation bars skipped=41 · levels with no formation time=6
09-08 16:50:43 [INFO] trader/auto_trader.go:44 [trader_id=stage-a-benchmark] 📓 read facts: void=8 · floor=19.3 pts (1.5×ATR5m 12.89) · scope=1m×300 since=1788818400000 (cap 500)
09-08 16:50:43 [INFO] trader/auto_trader.go:44 [trader_id=stage-a-benchmark] 🗺️ G2 HTF detection @ASIA: 90 level(s) map[EQH·15m:1 EQH·1h:1 EQH·4h:1 EQL·15m:1 EQL·1h:1 EQL·4h:1 iFVG(bull)·15m:28 iFVG(bull)·1h:28 iFVG(bull)·4h:28]
09-08 16:50:43 [INFO] kernel/levels_score.go:611 🗺️ seated 9/22 in-band levels (proximity band ±38pt, 9 of them retained)
09-08 16:50:43 [WARN] trader/auto_trader.go:49 [trader_id=stage-a-benchmark] 🌑 dark regime at the ASIA read: 1/7 regime fields unavailable (vix_level) — plan still trustworthy
09-08 16:50:43 [INFO] trader/auto_trader.go:44 [trader_id=stage-a-benchmark] 🔬 detector recorded: 0 new episode(s) · pool 9 candidate(s) (8 seated, 1 cut) · k=3 Δ=1.84 band=±5.53 H=12 close · pre-formation bars skipped=41 · levels with no formation time=6
09-08 16:50:43 [INFO] trader/auto_trader.go:44 [trader_id=stage-a-benchmark] 📓 read facts: void=8 · floor=19.3 pts (1.5×ATR5m 12.89) · scope=1m×300 since=1788818400000 (cap 500)
09-08 16:50:43 [INFO] trader/auto_trader.go:44 [trader_id=stage-a-benchmark] 🗺️ G2 HTF detection @ASIA: 90 level(s) map[EQH·15m:1 EQH·1h:1 EQH·4h:1 EQL·15m:1 EQL·1h:1 EQL·4h:1 iFVG(bull)·15m:28 iFVG(bull)·1h:28 iFVG(bull)·4h:28]
09-08 16:50:43 [INFO] kernel/levels_score.go:611 🗺️ seated 9/22 in-band levels (proximity band ±38pt, 9 of them retained)
09-08 16:50:43 [WARN] trader/auto_trader.go:49 [trader_id=stage-a-benchmark] 🌑 dark regime at the ASIA read: 1/7 regime fields unavailable (vix_level) — plan still trustworthy
09-08 16:50:43 [INFO] trader/auto_trader.go:44 [trader_id=stage-a-benchmark] 🔬 detector recorded: 0 new episode(s) · pool 9 candidate(s) (8 seated, 1 cut) · k=3 Δ=1.84 band=±5.53 H=12 close · pre-formation bars skipped=41 · levels with no formation time=6
09-08 16:50:43 [INFO] trader/auto_trader.go:44 [trader_id=stage-a-benchmark] 📓 read facts: void=8 · floor=19.3 pts (1.5×ATR5m 12.89) · scope=1m×300 since=1788818400000 (cap 500)
09-08 16:50:43 [INFO] trader/auto_trader.go:44 [trader_id=stage-a-benchmark] 🗺️ G2 HTF detection @ASIA: 90 level(s) map[EQH·15m:1 EQH·1h:1 EQH·4h:1 EQL·15m:1 EQL·1h:1 EQL·4h:1 iFVG(bull)·15m:28 iFVG(bull)·1h:28 iFVG(bull)·4h:28]
09-08 16:50:43 [INFO] kernel/levels_score.go:611 🗺️ seated 9/22 in-band levels (proximity band ±38pt, 9 of them retained)
09-08 16:50:43 [WARN] trader/auto_trader.go:49 [trader_id=stage-a-benchmark] 🌑 dark regime at the ASIA read: 1/7 regime fields unavailable (vix_level) — plan still trustworthy
09-08 16:50:43 [INFO] trader/auto_trader.go:44 [trader_id=stage-a-benchmark] 🔬 detector recorded: 0 new episode(s) · pool 9 candidate(s) (8 seated, 1 cut) · k=3 Δ=1.84 band=±5.53 H=12 close · pre-formation bars skipped=41 · levels with no formation time=6
09-08 16:50:43 [INFO] trader/auto_trader.go:44 [trader_id=stage-a-benchmark] 📓 read facts: void=8 · floor=19.3 pts (1.5×ATR5m 12.89) · scope=1m×300 since=1788818400000 (cap 500)
09-08 16:50:43 [INFO] trader/auto_trader.go:44 [trader_id=stage-a-benchmark] 🗺️ G2 HTF detection @ASIA: 90 level(s) map[EQH·15m:1 EQH·1h:1 EQH·4h:1 EQL·15m:1 EQL·1h:1 EQL·4h:1 iFVG(bull)·15m:28 iFVG(bull)·1h:28 iFVG(bull)·4h:28]
09-08 16:50:43 [INFO] kernel/levels_score.go:611 🗺️ seated 9/22 in-band levels (proximity band ±38pt, 9 of them retained)
09-08 16:50:43 [WARN] trader/auto_trader.go:49 [trader_id=stage-a-benchmark] 🌑 dark regime at the ASIA read: 1/7 regime fields unavailable (vix_level) — plan still trustworthy
09-08 16:50:43 [INFO] trader/auto_trader.go:44 [trader_id=stage-a-benchmark] 🔬 detector recorded: 0 new episode(s) · pool 9 candidate(s) (8 seated, 1 cut) · k=3 Δ=1.84 band=±5.53 H=12 close · pre-formation bars skipped=41 · levels with no formation time=6
09-08 16:50:43 [INFO] trader/auto_trader.go:44 [trader_id=stage-a-benchmark] 📓 read facts: void=8 · floor=19.3 pts (1.5×ATR5m 12.89) · scope=1m×300 since=1788818400000 (cap 500)
09-08 16:50:43 [INFO] trader/auto_trader.go:44 [trader_id=stage-a-benchmark] 🗺️ G2 HTF detection @ASIA: 90 level(s) map[EQH·15m:1 EQH·1h:1 EQH·4h:1 EQL·15m:1 EQL·1h:1 EQL·4h:1 iFVG(bull)·15m:28 iFVG(bull)·1h:28 iFVG(bull)·4h:28]
09-08 16:50:43 [INFO] kernel/levels_score.go:611 🗺️ seated 9/22 in-band levels (proximity band ±38pt, 9 of them retained)
09-08 16:50:43 [WARN] trader/auto_trader.go:49 [trader_id=stage-a-benchmark] 🌑 dark regime at the ASIA read: 1/7 regime fields unavailable (vix_level) — plan still trustworthy
09-08 16:50:43 [INFO] trader/auto_trader.go:44 [trader_id=stage-a-benchmark] 🔬 detector recorded: 0 new episode(s) · pool 9 candidate(s) (8 seated, 1 cut) · k=3 Δ=1.84 band=±5.53 H=12 close · pre-formation bars skipped=41 · levels with no formation time=6
09-08 16:50:43 [INFO] trader/auto_trader.go:44 [trader_id=stage-a-benchmark] 📓 read facts: void=8 · floor=19.3 pts (1.5×ATR5m 12.89) · scope=1m×300 since=1788818400000 (cap 500)
09-08 16:50:43 [INFO] trader/auto_trader.go:44 [trader_id=stage-a-benchmark] 🗺️ G2 HTF detection @ASIA: 90 level(s) map[EQH·15m:1 EQH·1h:1 EQH·4h:1 EQL·15m:1 EQL·1h:1 EQL·4h:1 iFVG(bull)·15m:28 iFVG(bull)·1h:28 iFVG(bull)·4h:28]
09-08 16:50:43 [INFO] kernel/levels_score.go:611 🗺️ seated 9/22 in-band levels (proximity band ±38pt, 9 of them retained)
09-08 16:50:43 [WARN] trader/auto_trader.go:49 [trader_id=stage-a-benchmark] 🌑 dark regime at the ASIA read: 1/7 regime fields unavailable (vix_level) — plan still trustworthy
09-08 16:50:43 [INFO] trader/auto_trader.go:44 [trader_id=stage-a-benchmark] 🔬 detector recorded: 0 new episode(s) · pool 9 candidate(s) (8 seated, 1 cut) · k=3 Δ=1.84 band=±5.53 H=12 close · pre-formation bars skipped=41 · levels with no formation time=6
09-08 16:50:43 [INFO] trader/auto_trader.go:44 [trader_id=stage-a-benchmark] 📓 read facts: void=8 · floor=19.3 pts (1.5×ATR5m 12.89) · scope=1m×300 since=1788818400000 (cap 500)
09-08 16:50:43 [INFO] trader/auto_trader.go:44 [trader_id=stage-a-benchmark] 🗺️ G2 HTF detection @ASIA: 90 level(s) map[EQH·15m:1 EQH·1h:1 EQH·4h:1 EQL·15m:1 EQL·1h:1 EQL·4h:1 iFVG(bull)·15m:28 iFVG(bull)·1h:28 iFVG(bull)·4h:28]
09-08 16:50:43 [INFO] kernel/levels_score.go:611 🗺️ seated 9/22 in-band levels (proximity band ±38pt, 9 of them retained)
09-08 16:50:43 [WARN] trader/auto_trader.go:49 [trader_id=stage-a-benchmark] 🌑 dark regime at the ASIA read: 1/7 regime fields unavailable (vix_level) — plan still trustworthy
09-08 16:50:43 [INFO] trader/auto_trader.go:44 [trader_id=stage-a-benchmark] 🔬 detector recorded: 0 new episode(s) · pool 9 candidate(s) (8 seated, 1 cut) · k=3 Δ=1.84 band=±5.53 H=12 close · pre-formation bars skipped=41 · levels with no formation time=6
09-08 16:50:43 [INFO] trader/auto_trader.go:44 [trader_id=stage-a-benchmark] 📓 read facts: void=8 · floor=19.3 pts (1.5×ATR5m 12.89) · scope=1m×300 since=1788818400000 (cap 500)
09-08 16:50:43 [INFO] trader/auto_trader.go:44 [trader_id=stage-a-benchmark] 🗺️ G2 HTF detection @ASIA: 90 level(s) map[EQH·15m:1 EQH·1h:1 EQH·4h:1 EQL·15m:1 EQL·1h:1 EQL·4h:1 iFVG(bull)·15m:28 iFVG(bull)·1h:28 iFVG(bull)·4h:28]
09-08 16:50:43 [INFO] kernel/levels_score.go:611 🗺️ seated 9/22 in-band levels (proximity band ±38pt, 9 of them retained)
09-08 16:50:43 [WARN] trader/auto_trader.go:49 [trader_id=stage-a-benchmark] 🌑 dark regime at the ASIA read: 1/7 regime fields unavailable (vix_level) — plan still trustworthy
09-08 16:50:43 [INFO] trader/auto_trader.go:44 [trader_id=stage-a-benchmark] 🔬 detector recorded: 0 new episode(s) · pool 9 candidate(s) (8 seated, 1 cut) · k=3 Δ=1.84 band=±5.53 H=12 close · pre-formation bars skipped=41 · levels with no formation time=6
09-08 16:50:43 [INFO] trader/auto_trader.go:44 [trader_id=stage-a-benchmark] 📓 read facts: void=8 · floor=19.3 pts (1.5×ATR5m 12.89) · scope=1m×300 since=1788818400000 (cap 500)
09-08 16:50:43 [INFO] trader/auto_trader.go:44 [trader_id=stage-a-benchmark] 🗺️ G2 HTF detection @ASIA: 90 level(s) map[EQH·15m:1 EQH·1h:1 EQH·4h:1 EQL·15m:1 EQL·1h:1 EQL·4h:1 iFVG(bull)·15m:28 iFVG(bull)·1h:28 iFVG(bull)·4h:28]
09-08 16:50:43 [INFO] kernel/levels_score.go:611 🗺️ seated 9/22 in-band levels (proximity band ±38pt, 9 of them retained)
09-08 16:50:43 [WARN] trader/auto_trader.go:49 [trader_id=stage-a-benchmark] 🌑 dark regime at the ASIA read: 1/7 regime fields unavailable (vix_level) — plan still trustworthy
09-08 16:50:43 [INFO] trader/auto_trader.go:44 [trader_id=stage-a-benchmark] 🔬 detector recorded: 0 new episode(s) · pool 9 candidate(s) (8 seated, 1 cut) · k=3 Δ=1.84 band=±5.53 H=12 close · pre-formation bars skipped=41 · levels with no formation time=6
09-08 16:50:43 [INFO] trader/auto_trader.go:44 [trader_id=stage-a-benchmark] 📓 read facts: void=8 · floor=19.3 pts (1.5×ATR5m 12.89) · scope=1m×300 since=1788818400000 (cap 500)
09-08 16:50:43 [INFO] trader/auto_trader.go:44 [trader_id=stage-a-benchmark] 🗺️ G2 HTF detection @ASIA: 90 level(s) map[EQH·15m:1 EQH·1h:1 EQH·4h:1 EQL·15m:1 EQL·1h:1 EQL·4h:1 iFVG(bull)·15m:28 iFVG(bull)·1h:28 iFVG(bull)·4h:28]
09-08 16:50:43 [INFO] kernel/levels_score.go:611 🗺️ seated 9/22 in-band levels (proximity band ±38pt, 9 of them retained)
09-08 16:50:43 [WARN] trader/auto_trader.go:49 [trader_id=stage-a-benchmark] 🌑 dark regime at the ASIA read: 1/7 regime fields unavailable (vix_level) — plan still trustworthy
09-08 16:50:43 [INFO] trader/auto_trader.go:44 [trader_id=stage-a-benchmark] 🔬 detector recorded: 0 new episode(s) · pool 9 candidate(s) (8 seated, 1 cut) · k=3 Δ=1.84 band=±5.53 H=12 close · pre-formation bars skipped=41 · levels with no formation time=6
09-08 16:50:43 [INFO] trader/auto_trader.go:44 [trader_id=stage-a-benchmark] 📓 read facts: void=8 · floor=19.3 pts (1.5×ATR5m 12.89) · scope=1m×300 since=1788818400000 (cap 500)
09-08 16:50:43 [INFO] trader/auto_trader.go:44 [trader_id=stage-a-benchmark] 🗺️ G2 HTF detection @ASIA: 90 level(s) map[EQH·15m:1 EQH·1h:1 EQH·4h:1 EQL·15m:1 EQL·1h:1 EQL·4h:1 iFVG(bull)·15m:28 iFVG(bull)·1h:28 iFVG(bull)·4h:28]
09-08 16:50:43 [INFO] kernel/levels_score.go:611 🗺️ seated 9/22 in-band levels (proximity band ±38pt, 9 of them retained)
09-08 16:50:43 [WARN] trader/auto_trader.go:49 [trader_id=stage-a-benchmark] 🌑 dark regime at the ASIA read: 1/7 regime fields unavailable (vix_level) — plan still trustworthy
09-08 16:50:43 [INFO] trader/auto_trader.go:44 [trader_id=stage-a-benchmark] 🔬 detector recorded: 0 new episode(s) · pool 9 candidate(s) (8 seated, 1 cut) · k=3 Δ=1.84 band=±5.53 H=12 close · pre-formation bars skipped=41 · levels with no formation time=6
09-08 16:50:43 [INFO] trader/auto_trader.go:44 [trader_id=stage-a-benchmark] 📓 read facts: void=8 · floor=19.3 pts (1.5×ATR5m 12.89) · scope=1m×300 since=1788818400000 (cap 500)
09-08 16:50:43 [INFO] trader/auto_trader.go:44 [trader_id=stage-a-benchmark] 🗺️ G2 HTF detection @ASIA: 90 level(s) map[EQH·15m:1 EQH·1h:1 EQH·4h:1 EQL·15m:1 EQL·1h:1 EQL·4h:1 iFVG(bull)·15m:28 iFVG(bull)·1h:28 iFVG(bull)·4h:28]
09-08 16:50:43 [INFO] kernel/levels_score.go:611 🗺️ seated 9/22 in-band levels (proximity band ±38pt, 9 of them retained)
09-08 16:50:43 [WARN] trader/auto_trader.go:49 [trader_id=stage-a-benchmark] 🌑 dark regime at the ASIA read: 1/7 regime fields unavailable (vix_level) — plan still trustworthy
09-08 16:50:43 [INFO] trader/auto_trader.go:44 [trader_id=stage-a-benchmark] 🔬 detector recorded: 0 new episode(s) · pool 9 candidate(s) (8 seated, 1 cut) · k=3 Δ=1.84 band=±5.53 H=12 close · pre-formation bars skipped=41 · levels with no formation time=6
09-08 16:50:43 [INFO] trader/auto_trader.go:44 [trader_id=stage-a-benchmark] 📓 read facts: void=8 · floor=19.3 pts (1.5×ATR5m 12.89) · scope=1m×300 since=1788818400000 (cap 500)
09-08 16:50:43 [INFO] trader/auto_trader.go:44 [trader_id=stage-a-benchmark] 🗺️ G2 HTF detection @ASIA: 90 level(s) map[EQH·15m:1 EQH·1h:1 EQH·4h:1 EQL·15m:1 EQL·1h:1 EQL·4h:1 iFVG(bull)·15m:28 iFVG(bull)·1h:28 iFVG(bull)·4h:28]
09-08 16:50:43 [INFO] kernel/levels_score.go:611 🗺️ seated 9/22 in-band levels (proximity band ±38pt, 9 of them retained)
09-08 16:50:43 [WARN] trader/auto_trader.go:49 [trader_id=stage-a-benchmark] 🌑 dark regime at the ASIA read: 1/7 regime fields unavailable (vix_level) — plan still trustworthy
09-08 16:50:43 [INFO] trader/auto_trader.go:44 [trader_id=stage-a-benchmark] 🔬 detector recorded: 0 new episode(s) · pool 9 candidate(s) (8 seated, 1 cut) · k=3 Δ=1.84 band=±5.53 H=12 close · pre-formation bars skipped=41 · levels with no formation time=6
09-08 16:50:43 [INFO] trader/auto_trader.go:44 [trader_id=stage-a-benchmark] 📓 read facts: void=8 · floor=19.3 pts (1.5×ATR5m 12.89) · scope=1m×300 since=1788818400000 (cap 500)
09-08 16:50:43 [INFO] trader/auto_trader.go:44 [trader_id=stage-a-benchmark] 🗺️ G2 HTF detection @ASIA: 90 level(s) map[EQH·15m:1 EQH·1h:1 EQH·4h:1 EQL·15m:1 EQL·1h:1 EQL·4h:1 iFVG(bull)·15m:28 iFVG(bull)·1h:28 iFVG(bull)·4h:28]
09-08 16:50:43 [INFO] kernel/levels_score.go:611 🗺️ seated 9/22 in-band levels (proximity band ±38pt, 9 of them retained)
09-08 16:50:43 [WARN] trader/auto_trader.go:49 [trader_id=stage-a-benchmark] 🌑 dark regime at the ASIA read: 1/7 regime fields unavailable (vix_level) — plan still trustworthy
09-08 16:50:43 [INFO] trader/auto_trader.go:44 [trader_id=stage-a-benchmark] 🔬 detector recorded: 0 new episode(s) · pool 9 candidate(s) (8 seated, 1 cut) · k=3 Δ=1.84 band=±5.53 H=12 close · pre-formation bars skipped=41 · levels with no formation time=6
09-08 16:50:43 [INFO] trader/auto_trader.go:44 [trader_id=stage-a-benchmark] 📓 read facts: void=8 · floor=19.3 pts (1.5×ATR5m 12.89) · scope=1m×300 since=1788818400000 (cap 500)
09-08 16:50:43 [INFO] trader/auto_trader.go:44 [trader_id=stage-a-benchmark] 🗺️ G2 HTF detection @ASIA: 90 level(s) map[EQH·15m:1 EQH·1h:1 EQH·4h:1 EQL·15m:1 EQL·1h:1 EQL·4h:1 iFVG(bull)·15m:28 iFVG(bull)·1h:28 iFVG(bull)·4h:28]
09-08 16:50:43 [INFO] kernel/levels_score.go:611 🗺️ seated 9/22 in-band levels (proximity band ±38pt, 9 of them retained)
09-08 16:50:43 [WARN] trader/auto_trader.go:49 [trader_id=stage-a-benchmark] 🌑 dark regime at the ASIA read: 1/7 regime fields unavailable (vix_level) — plan still trustworthy
09-08 16:50:44 [INFO] trader/auto_trader.go:44 [trader_id=stage-a-benchmark] 🔬 detector recorded: 0 new episode(s) · pool 9 candidate(s) (8 seated, 1 cut) · k=3 Δ=1.84 band=±5.53 H=12 close · pre-formation bars skipped=41 · levels with no formation time=6
09-08 16:50:44 [INFO] trader/auto_trader.go:44 [trader_id=stage-a-benchmark] 📓 read facts: void=8 · floor=19.3 pts (1.5×ATR5m 12.89) · scope=1m×300 since=1788818400000 (cap 500)
09-08 16:50:44 [INFO] trader/auto_trader.go:44 [trader_id=stage-a-benchmark] 🗺️ G2 HTF detection @ASIA: 90 level(s) map[EQH·15m:1 EQH·1h:1 EQH·4h:1 EQL·15m:1 EQL·1h:1 EQL·4h:1 iFVG(bull)·15m:28 iFVG(bull)·1h:28 iFVG(bull)·4h:28]
09-08 16:50:44 [INFO] kernel/levels_score.go:611 🗺️ seated 9/22 in-band levels (proximity band ±38pt, 9 of them retained)
09-08 16:50:44 [WARN] trader/auto_trader.go:49 [trader_id=stage-a-benchmark] 🌑 dark regime at the ASIA read: 1/7 regime fields unavailable (vix_level) — plan still trustworthy
09-08 16:50:44 [INFO] trader/auto_trader.go:44 [trader_id=stage-a-benchmark] 🔬 detector recorded: 0 new episode(s) · pool 9 candidate(s) (8 seated, 1 cut) · k=3 Δ=1.84 band=±5.53 H=12 close · pre-formation bars skipped=41 · levels with no formation time=6
09-08 16:50:44 [INFO] trader/auto_trader.go:44 [trader_id=stage-a-benchmark] 📓 read facts: void=8 · floor=19.3 pts (1.5×ATR5m 12.89) · scope=1m×300 since=1788818400000 (cap 500)
09-08 16:50:44 [INFO] trader/auto_trader.go:44 [trader_id=stage-a-benchmark] 🗺️ G2 HTF detection @ASIA: 90 level(s) map[EQH·15m:1 EQH·1h:1 EQH·4h:1 EQL·15m:1 EQL·1h:1 EQL·4h:1 iFVG(bull)·15m:28 iFVG(bull)·1h:28 iFVG(bull)·4h:28]
09-08 16:50:44 [INFO] kernel/levels_score.go:611 🗺️ seated 9/22 in-band levels (proximity band ±38pt, 9 of them retained)
09-08 16:50:44 [WARN] trader/auto_trader.go:49 [trader_id=stage-a-benchmark] 🌑 dark regime at the ASIA read: 1/7 regime fields unavailable (vix_level) — plan still trustworthy
09-08 16:50:44 [INFO] trader/auto_trader.go:44 [trader_id=stage-a-benchmark] 🔬 detector recorded: 0 new episode(s) · pool 9 candidate(s) (8 seated, 1 cut) · k=3 Δ=1.84 band=±5.53 H=12 close · pre-formation bars skipped=41 · levels with no formation time=6
09-08 16:50:44 [INFO] trader/auto_trader.go:44 [trader_id=stage-a-benchmark] 📓 read facts: void=8 · floor=19.3 pts (1.5×ATR5m 12.89) · scope=1m×300 since=1788818400000 (cap 500)
09-08 16:50:44 [INFO] trader/auto_trader.go:44 [trader_id=stage-a-benchmark] 🗺️ G2 HTF detection @ASIA: 90 level(s) map[EQH·15m:1 EQH·1h:1 EQH·4h:1 EQL·15m:1 EQL·1h:1 EQL·4h:1 iFVG(bull)·15m:28 iFVG(bull)·1h:28 iFVG(bull)·4h:28]
09-08 16:50:44 [INFO] kernel/levels_score.go:611 🗺️ seated 9/22 in-band levels (proximity band ±38pt, 9 of them retained)
09-08 16:50:44 [WARN] trader/auto_trader.go:49 [trader_id=stage-a-benchmark] 🌑 dark regime at the ASIA read: 1/7 regime fields unavailable (vix_level) — plan still trustworthy
09-08 16:50:44 [INFO] trader/auto_trader.go:44 [trader_id=stage-a-benchmark] 🔬 detector recorded: 0 new episode(s) · pool 9 candidate(s) (8 seated, 1 cut) · k=3 Δ=1.84 band=±5.53 H=12 close · pre-formation bars skipped=41 · levels with no formation time=6
09-08 16:50:44 [INFO] trader/auto_trader.go:44 [trader_id=stage-a-benchmark] 📓 read facts: void=8 · floor=19.3 pts (1.5×ATR5m 12.89) · scope=1m×300 since=1788818400000 (cap 500)
09-08 16:50:44 [INFO] trader/auto_trader.go:44 [trader_id=stage-a-benchmark] 🗺️ G2 HTF detection @ASIA: 90 level(s) map[EQH·15m:1 EQH·1h:1 EQH·4h:1 EQL·15m:1 EQL·1h:1 EQL·4h:1 iFVG(bull)·15m:28 iFVG(bull)·1h:28 iFVG(bull)·4h:28]
09-08 16:50:44 [INFO] kernel/levels_score.go:611 🗺️ seated 9/22 in-band levels (proximity band ±38pt, 9 of them retained)
09-08 16:50:44 [WARN] trader/auto_trader.go:49 [trader_id=stage-a-benchmark] 🌑 dark regime at the ASIA read: 1/7 regime fields unavailable (vix_level) — plan still trustworthy
09-08 16:50:44 [INFO] trader/auto_trader.go:44 [trader_id=stage-a-benchmark] 🔬 detector recorded: 0 new episode(s) · pool 9 candidate(s) (8 seated, 1 cut) · k=3 Δ=1.84 band=±5.53 H=12 close · pre-formation bars skipped=41 · levels with no formation time=6
09-08 16:50:44 [INFO] trader/auto_trader.go:44 [trader_id=stage-a-benchmark] 📓 read facts: void=8 · floor=19.3 pts (1.5×ATR5m 12.89) · scope=1m×300 since=1788818400000 (cap 500)
09-08 16:50:44 [INFO] trader/auto_trader.go:44 [trader_id=stage-a-benchmark] 🗺️ G2 HTF detection @ASIA: 90 level(s) map[EQH·15m:1 EQH·1h:1 EQH·4h:1 EQL·15m:1 EQL·1h:1 EQL·4h:1 iFVG(bull)·15m:28 iFVG(bull)·1h:28 iFVG(bull)·4h:28]
09-08 16:50:44 [INFO] kernel/levels_score.go:611 🗺️ seated 9/22 in-band levels (proximity band ±38pt, 9 of them retained)
09-08 16:50:44 [WARN] trader/auto_trader.go:49 [trader_id=stage-a-benchmark] 🌑 dark regime at the ASIA read: 1/7 regime fields unavailable (vix_level) — plan still trustworthy
09-08 16:50:44 [INFO] trader/auto_trader.go:44 [trader_id=stage-a-benchmark] 🔬 detector recorded: 0 new episode(s) · pool 9 candidate(s) (8 seated, 1 cut) · k=3 Δ=1.84 band=±5.53 H=12 close · pre-formation bars skipped=41 · levels with no formation time=6
09-08 16:50:44 [INFO] trader/auto_trader.go:44 [trader_id=stage-a-benchmark] 📓 read facts: void=8 · floor=19.3 pts (1.5×ATR5m 12.89) · scope=1m×300 since=1788818400000 (cap 500)
09-08 16:50:44 [INFO] trader/auto_trader.go:44 [trader_id=stage-a-benchmark] 🗺️ G2 HTF detection @ASIA: 90 level(s) map[EQH·15m:1 EQH·1h:1 EQH·4h:1 EQL·15m:1 EQL·1h:1 EQL·4h:1 iFVG(bull)·15m:28 iFVG(bull)·1h:28 iFVG(bull)·4h:28]
09-08 16:50:44 [INFO] kernel/levels_score.go:611 🗺️ seated 9/22 in-band levels (proximity band ±38pt, 9 of them retained)
09-08 16:50:44 [WARN] trader/auto_trader.go:49 [trader_id=stage-a-benchmark] 🌑 dark regime at the ASIA read: 1/7 regime fields unavailable (vix_level) — plan still trustworthy
09-08 16:50:44 [INFO] trader/auto_trader.go:44 [trader_id=stage-a-benchmark] 🔬 detector recorded: 0 new episode(s) · pool 9 candidate(s) (8 seated, 1 cut) · k=3 Δ=1.84 band=±5.53 H=12 close · pre-formation bars skipped=41 · levels with no formation time=6
09-08 16:50:44 [INFO] trader/auto_trader.go:44 [trader_id=stage-a-benchmark] 📓 read facts: void=8 · floor=19.3 pts (1.5×ATR5m 12.89) · scope=1m×300 since=1788818400000 (cap 500)
09-08 16:50:44 [INFO] trader/auto_trader.go:44 [trader_id=stage-a-benchmark] 🗺️ G2 HTF detection @ASIA: 90 level(s) map[EQH·15m:1 EQH·1h:1 EQH·4h:1 EQL·15m:1 EQL·1h:1 EQL·4h:1 iFVG(bull)·15m:28 iFVG(bull)·1h:28 iFVG(bull)·4h:28]
09-08 16:50:44 [INFO] kernel/levels_score.go:611 🗺️ seated 9/22 in-band levels (proximity band ±38pt, 9 of them retained)
09-08 16:50:44 [WARN] trader/auto_trader.go:49 [trader_id=stage-a-benchmark] 🌑 dark regime at the ASIA read: 1/7 regime fields unavailable (vix_level) — plan still trustworthy
09-08 16:50:44 [INFO] trader/auto_trader.go:44 [trader_id=stage-a-benchmark] 🔬 detector recorded: 0 new episode(s) · pool 9 candidate(s) (8 seated, 1 cut) · k=3 Δ=1.84 band=±5.53 H=12 close · pre-formation bars skipped=41 · levels with no formation time=6
09-08 16:50:44 [INFO] trader/auto_trader.go:44 [trader_id=stage-a-benchmark] 📓 read facts: void=8 · floor=19.3 pts (1.5×ATR5m 12.89) · scope=1m×300 since=1788818400000 (cap 500)
09-08 16:50:44 [INFO] trader/auto_trader.go:44 [trader_id=stage-a-benchmark] 🗺️ G2 HTF detection @ASIA: 90 level(s) map[EQH·15m:1 EQH·1h:1 EQH·4h:1 EQL·15m:1 EQL·1h:1 EQL·4h:1 iFVG(bull)·15m:28 iFVG(bull)·1h:28 iFVG(bull)·4h:28]
09-08 16:50:44 [INFO] kernel/levels_score.go:611 🗺️ seated 9/22 in-band levels (proximity band ±38pt, 9 of them retained)
09-08 16:50:44 [WARN] trader/auto_trader.go:49 [trader_id=stage-a-benchmark] 🌑 dark regime at the ASIA read: 1/7 regime fields unavailable (vix_level) — plan still trustworthy
09-08 16:50:44 [INFO] trader/auto_trader.go:44 [trader_id=stage-a-benchmark] 🔬 detector recorded: 0 new episode(s) · pool 9 candidate(s) (8 seated, 1 cut) · k=3 Δ=1.84 band=±5.53 H=12 close · pre-formation bars skipped=41 · levels with no formation time=6
09-08 16:50:44 [INFO] trader/auto_trader.go:44 [trader_id=stage-a-benchmark] 📓 read facts: void=8 · floor=19.3 pts (1.5×ATR5m 12.89) · scope=1m×300 since=1788818400000 (cap 500)
09-08 16:50:44 [INFO] trader/auto_trader.go:44 [trader_id=stage-a-benchmark] 🗺️ G2 HTF detection @ASIA: 90 level(s) map[EQH·15m:1 EQH·1h:1 EQH·4h:1 EQL·15m:1 EQL·1h:1 EQL·4h:1 iFVG(bull)·15m:28 iFVG(bull)·1h:28 iFVG(bull)·4h:28]
09-08 16:50:44 [INFO] kernel/levels_score.go:611 🗺️ seated 9/22 in-band levels (proximity band ±38pt, 9 of them retained)
09-08 16:50:44 [WARN] trader/auto_trader.go:49 [trader_id=stage-a-benchmark] 🌑 dark regime at the ASIA read: 1/7 regime fields unavailable (vix_level) — plan still trustworthy
09-08 16:50:44 [INFO] trader/auto_trader.go:44 [trader_id=stage-a-benchmark] 🔬 detector recorded: 0 new episode(s) · pool 9 candidate(s) (8 seated, 1 cut) · k=3 Δ=1.84 band=±5.53 H=12 close · pre-formation bars skipped=41 · levels with no formation time=6
09-08 16:50:44 [INFO] trader/auto_trader.go:44 [trader_id=stage-a-benchmark] 📓 read facts: void=8 · floor=19.3 pts (1.5×ATR5m 12.89) · scope=1m×300 since=1788818400000 (cap 500)
09-08 16:50:44 [INFO] trader/auto_trader.go:44 [trader_id=stage-a-benchmark] 🗺️ G2 HTF detection @ASIA: 90 level(s) map[EQH·15m:1 EQH·1h:1 EQH·4h:1 EQL·15m:1 EQL·1h:1 EQL·4h:1 iFVG(bull)·15m:28 iFVG(bull)·1h:28 iFVG(bull)·4h:28]
09-08 16:50:44 [INFO] kernel/levels_score.go:611 🗺️ seated 9/22 in-band levels (proximity band ±38pt, 9 of them retained)
09-08 16:50:44 [WARN] trader/auto_trader.go:49 [trader_id=stage-a-benchmark] 🌑 dark regime at the ASIA read: 1/7 regime fields unavailable (vix_level) — plan still trustworthy
09-08 16:50:44 [INFO] trader/auto_trader.go:44 [trader_id=stage-a-benchmark] 🔬 detector recorded: 0 new episode(s) · pool 9 candidate(s) (8 seated, 1 cut) · k=3 Δ=1.84 band=±5.53 H=12 close · pre-formation bars skipped=41 · levels with no formation time=6
09-08 16:50:44 [INFO] trader/auto_trader.go:44 [trader_id=stage-a-benchmark] 📓 read facts: void=8 · floor=19.3 pts (1.5×ATR5m 12.89) · scope=1m×300 since=1788818400000 (cap 500)
09-08 16:50:44 [INFO] trader/auto_trader.go:44 [trader_id=stage-a-benchmark] 🗺️ G2 HTF detection @ASIA: 90 level(s) map[EQH·15m:1 EQH·1h:1 EQH·4h:1 EQL·15m:1 EQL·1h:1 EQL·4h:1 iFVG(bull)·15m:28 iFVG(bull)·1h:28 iFVG(bull)·4h:28]
09-08 16:50:44 [INFO] kernel/levels_score.go:611 🗺️ seated 9/22 in-band levels (proximity band ±38pt, 9 of them retained)
09-08 16:50:44 [WARN] trader/auto_trader.go:49 [trader_id=stage-a-benchmark] 🌑 dark regime at the ASIA read: 1/7 regime fields unavailable (vix_level) — plan still trustworthy
09-08 16:50:44 [INFO] trader/auto_trader.go:44 [trader_id=stage-a-benchmark] 🔬 detector recorded: 0 new episode(s) · pool 9 candidate(s) (8 seated, 1 cut) · k=3 Δ=1.84 band=±5.53 H=12 close · pre-formation bars skipped=41 · levels with no formation time=6
09-08 16:50:44 [INFO] trader/auto_trader.go:44 [trader_id=stage-a-benchmark] 📓 read facts: void=8 · floor=19.3 pts (1.5×ATR5m 12.89) · scope=1m×300 since=1788818400000 (cap 500)
09-08 16:50:44 [INFO] trader/auto_trader.go:44 [trader_id=stage-a-benchmark] 🗺️ G2 HTF detection @ASIA: 90 level(s) map[EQH·15m:1 EQH·1h:1 EQH·4h:1 EQL·15m:1 EQL·1h:1 EQL·4h:1 iFVG(bull)·15m:28 iFVG(bull)·1h:28 iFVG(bull)·4h:28]
09-08 16:50:44 [INFO] kernel/levels_score.go:611 🗺️ seated 9/22 in-band levels (proximity band ±38pt, 9 of them retained)
09-08 16:50:44 [WARN] trader/auto_trader.go:49 [trader_id=stage-a-benchmark] 🌑 dark regime at the ASIA read: 1/7 regime fields unavailable (vix_level) — plan still trustworthy
09-08 16:50:44 [INFO] trader/auto_trader.go:44 [trader_id=stage-a-benchmark] 🔬 detector recorded: 0 new episode(s) · pool 9 candidate(s) (8 seated, 1 cut) · k=3 Δ=1.84 band=±5.53 H=12 close · pre-formation bars skipped=41 · levels with no formation time=6
09-08 16:50:44 [INFO] trader/auto_trader.go:44 [trader_id=stage-a-benchmark] 📓 read facts: void=8 · floor=19.3 pts (1.5×ATR5m 12.89) · scope=1m×300 since=1788818400000 (cap 500)
09-08 16:50:44 [INFO] trader/auto_trader.go:44 [trader_id=stage-a-benchmark] 🗺️ G2 HTF detection @ASIA: 90 level(s) map[EQH·15m:1 EQH·1h:1 EQH·4h:1 EQL·15m:1 EQL·1h:1 EQL·4h:1 iFVG(bull)·15m:28 iFVG(bull)·1h:28 iFVG(bull)·4h:28]
09-08 16:50:44 [INFO] kernel/levels_score.go:611 🗺️ seated 9/22 in-band levels (proximity band ±38pt, 9 of them retained)
09-08 16:50:44 [WARN] trader/auto_trader.go:49 [trader_id=stage-a-benchmark] 🌑 dark regime at the ASIA read: 1/7 regime fields unavailable (vix_level) — plan still trustworthy
09-08 16:50:44 [INFO] trader/auto_trader.go:44 [trader_id=stage-a-benchmark] 🔬 detector recorded: 0 new episode(s) · pool 9 candidate(s) (8 seated, 1 cut) · k=3 Δ=1.84 band=±5.53 H=12 close · pre-formation bars skipped=41 · levels with no formation time=6
09-08 16:50:44 [INFO] trader/auto_trader.go:44 [trader_id=stage-a-benchmark] 📓 read facts: void=8 · floor=19.3 pts (1.5×ATR5m 12.89) · scope=1m×300 since=1788818400000 (cap 500)
09-08 16:50:44 [INFO] trader/auto_trader.go:44 [trader_id=stage-a-benchmark] 🗺️ G2 HTF detection @ASIA: 90 level(s) map[EQH·15m:1 EQH·1h:1 EQH·4h:1 EQL·15m:1 EQL·1h:1 EQL·4h:1 iFVG(bull)·15m:28 iFVG(bull)·1h:28 iFVG(bull)·4h:28]
09-08 16:50:44 [INFO] kernel/levels_score.go:611 🗺️ seated 9/22 in-band levels (proximity band ±38pt, 9 of them retained)
09-08 16:50:44 [WARN] trader/auto_trader.go:49 [trader_id=stage-a-benchmark] 🌑 dark regime at the ASIA read: 1/7 regime fields unavailable (vix_level) — plan still trustworthy
09-08 16:50:44 [INFO] trader/auto_trader.go:44 [trader_id=stage-a-benchmark] 🔬 detector recorded: 0 new episode(s) · pool 9 candidate(s) (8 seated, 1 cut) · k=3 Δ=1.84 band=±5.53 H=12 close · pre-formation bars skipped=41 · levels with no formation time=6
09-08 16:50:44 [INFO] trader/auto_trader.go:44 [trader_id=stage-a-benchmark] 📓 read facts: void=8 · floor=19.3 pts (1.5×ATR5m 12.89) · scope=1m×300 since=1788818400000 (cap 500)
09-08 16:50:44 [INFO] trader/auto_trader.go:44 [trader_id=stage-a-benchmark] 🗺️ G2 HTF detection @ASIA: 90 level(s) map[EQH·15m:1 EQH·1h:1 EQH·4h:1 EQL·15m:1 EQL·1h:1 EQL·4h:1 iFVG(bull)·15m:28 iFVG(bull)·1h:28 iFVG(bull)·4h:28]
09-08 16:50:44 [INFO] kernel/levels_score.go:611 🗺️ seated 9/22 in-band levels (proximity band ±38pt, 9 of them retained)
09-08 16:50:44 [WARN] trader/auto_trader.go:49 [trader_id=stage-a-benchmark] 🌑 dark regime at the ASIA read: 1/7 regime fields unavailable (vix_level) — plan still trustworthy
09-08 16:50:44 [INFO] trader/auto_trader.go:44 [trader_id=stage-a-benchmark] 🔬 detector recorded: 0 new episode(s) · pool 9 candidate(s) (8 seated, 1 cut) · k=3 Δ=1.84 band=±5.53 H=12 close · pre-formation bars skipped=41 · levels with no formation time=6
09-08 16:50:44 [INFO] trader/auto_trader.go:44 [trader_id=stage-a-benchmark] 📓 read facts: void=8 · floor=19.3 pts (1.5×ATR5m 12.89) · scope=1m×300 since=1788818400000 (cap 500)
09-08 16:50:44 [INFO] trader/auto_trader.go:44 [trader_id=stage-a-benchmark] 🗺️ G2 HTF detection @ASIA: 90 level(s) map[EQH·15m:1 EQH·1h:1 EQH·4h:1 EQL·15m:1 EQL·1h:1 EQL·4h:1 iFVG(bull)·15m:28 iFVG(bull)·1h:28 iFVG(bull)·4h:28]
09-08 16:50:44 [INFO] kernel/levels_score.go:611 🗺️ seated 9/22 in-band levels (proximity band ±38pt, 9 of them retained)
09-08 16:50:44 [WARN] trader/auto_trader.go:49 [trader_id=stage-a-benchmark] 🌑 dark regime at the ASIA read: 1/7 regime fields unavailable (vix_level) — plan still trustworthy
09-08 16:50:44 [INFO] trader/auto_trader.go:44 [trader_id=stage-a-benchmark] 🔬 detector recorded: 0 new episode(s) · pool 9 candidate(s) (8 seated, 1 cut) · k=3 Δ=1.84 band=±5.53 H=12 close · pre-formation bars skipped=41 · levels with no formation time=6
09-08 16:50:44 [INFO] trader/auto_trader.go:44 [trader_id=stage-a-benchmark] 📓 read facts: void=8 · floor=19.3 pts (1.5×ATR5m 12.89) · scope=1m×300 since=1788818400000 (cap 500)
09-08 16:50:44 [INFO] trader/auto_trader.go:44 [trader_id=stage-a-benchmark] 🗺️ G2 HTF detection @ASIA: 90 level(s) map[EQH·15m:1 EQH·1h:1 EQH·4h:1 EQL·15m:1 EQL·1h:1 EQL·4h:1 iFVG(bull)·15m:28 iFVG(bull)·1h:28 iFVG(bull)·4h:28]
09-08 16:50:44 [INFO] kernel/levels_score.go:611 🗺️ seated 9/22 in-band levels (proximity band ±38pt, 9 of them retained)
09-08 16:50:44 [WARN] trader/auto_trader.go:49 [trader_id=stage-a-benchmark] 🌑 dark regime at the ASIA read: 1/7 regime fields unavailable (vix_level) — plan still trustworthy
09-08 16:50:44 [INFO] trader/auto_trader.go:44 [trader_id=stage-a-benchmark] 🔬 detector recorded: 0 new episode(s) · pool 9 candidate(s) (8 seated, 1 cut) · k=3 Δ=1.84 band=±5.53 H=12 close · pre-formation bars skipped=41 · levels with no formation time=6
09-08 16:50:44 [INFO] trader/auto_trader.go:44 [trader_id=stage-a-benchmark] 📓 read facts: void=8 · floor=19.3 pts (1.5×ATR5m 12.89) · scope=1m×300 since=1788818400000 (cap 500)
09-08 16:50:44 [INFO] trader/auto_trader.go:44 [trader_id=stage-a-benchmark] 🗺️ G2 HTF detection @ASIA: 90 level(s) map[EQH·15m:1 EQH·1h:1 EQH·4h:1 EQL·15m:1 EQL·1h:1 EQL·4h:1 iFVG(bull)·15m:28 iFVG(bull)·1h:28 iFVG(bull)·4h:28]
09-08 16:50:44 [INFO] kernel/levels_score.go:611 🗺️ seated 9/22 in-band levels (proximity band ±38pt, 9 of them retained)
09-08 16:50:44 [WARN] trader/auto_trader.go:49 [trader_id=stage-a-benchmark] 🌑 dark regime at the ASIA read: 1/7 regime fields unavailable (vix_level) — plan still trustworthy
09-08 16:50:44 [INFO] trader/auto_trader.go:44 [trader_id=stage-a-benchmark] 🔬 detector recorded: 0 new episode(s) · pool 9 candidate(s) (8 seated, 1 cut) · k=3 Δ=1.84 band=±5.53 H=12 close · pre-formation bars skipped=41 · levels with no formation time=6
09-08 16:50:44 [INFO] trader/auto_trader.go:44 [trader_id=stage-a-benchmark] 📓 read facts: void=8 · floor=19.3 pts (1.5×ATR5m 12.89) · scope=1m×300 since=1788818400000 (cap 500)
09-08 16:50:44 [INFO] trader/auto_trader.go:44 [trader_id=stage-a-benchmark] 🗺️ G2 HTF detection @ASIA: 90 level(s) map[EQH·15m:1 EQH·1h:1 EQH·4h:1 EQL·15m:1 EQL·1h:1 EQL·4h:1 iFVG(bull)·15m:28 iFVG(bull)·1h:28 iFVG(bull)·4h:28]
09-08 16:50:44 [INFO] kernel/levels_score.go:611 🗺️ seated 9/22 in-band levels (proximity band ±38pt, 9 of them retained)
09-08 16:50:44 [WARN] trader/auto_trader.go:49 [trader_id=stage-a-benchmark] 🌑 dark regime at the ASIA read: 1/7 regime fields unavailable (vix_level) — plan still trustworthy
09-08 16:50:44 [INFO] trader/auto_trader.go:44 [trader_id=stage-a-benchmark] 🔬 detector recorded: 0 new episode(s) · pool 9 candidate(s) (8 seated, 1 cut) · k=3 Δ=1.84 band=±5.53 H=12 close · pre-formation bars skipped=41 · levels with no formation time=6
09-08 16:50:44 [INFO] trader/auto_trader.go:44 [trader_id=stage-a-benchmark] 📓 read facts: void=8 · floor=19.3 pts (1.5×ATR5m 12.89) · scope=1m×300 since=1788818400000 (cap 500)
09-08 16:50:44 [INFO] trader/auto_trader.go:44 [trader_id=stage-a-benchmark] 🗺️ G2 HTF detection @ASIA: 90 level(s) map[EQH·15m:1 EQH·1h:1 EQH·4h:1 EQL·15m:1 EQL·1h:1 EQL·4h:1 iFVG(bull)·15m:28 iFVG(bull)·1h:28 iFVG(bull)·4h:28]
09-08 16:50:44 [INFO] kernel/levels_score.go:611 🗺️ seated 9/22 in-band levels (proximity band ±38pt, 9 of them retained)
09-08 16:50:44 [WARN] trader/auto_trader.go:49 [trader_id=stage-a-benchmark] 🌑 dark regime at the ASIA read: 1/7 regime fields unavailable (vix_level) — plan still trustworthy
09-08 16:50:44 [INFO] trader/auto_trader.go:44 [trader_id=stage-a-benchmark] 🔬 detector recorded: 0 new episode(s) · pool 9 candidate(s) (8 seated, 1 cut) · k=3 Δ=1.84 band=±5.53 H=12 close · pre-formation bars skipped=41 · levels with no formation time=6
09-08 16:50:44 [INFO] trader/auto_trader.go:44 [trader_id=stage-a-benchmark] 📓 read facts: void=8 · floor=19.3 pts (1.5×ATR5m 12.89) · scope=1m×300 since=1788818400000 (cap 500)
09-08 16:50:44 [INFO] trader/auto_trader.go:44 [trader_id=stage-a-benchmark] 🗺️ G2 HTF detection @ASIA: 90 level(s) map[EQH·15m:1 EQH·1h:1 EQH·4h:1 EQL·15m:1 EQL·1h:1 EQL·4h:1 iFVG(bull)·15m:28 iFVG(bull)·1h:28 iFVG(bull)·4h:28]
09-08 16:50:44 [INFO] kernel/levels_score.go:611 🗺️ seated 9/22 in-band levels (proximity band ±38pt, 9 of them retained)
09-08 16:50:44 [WARN] trader/auto_trader.go:49 [trader_id=stage-a-benchmark] 🌑 dark regime at the ASIA read: 1/7 regime fields unavailable (vix_level) — plan still trustworthy
09-08 16:50:44 [INFO] trader/auto_trader.go:44 [trader_id=stage-a-benchmark] 🔬 detector recorded: 0 new episode(s) · pool 9 candidate(s) (8 seated, 1 cut) · k=3 Δ=1.84 band=±5.53 H=12 close · pre-formation bars skipped=41 · levels with no formation time=6
09-08 16:50:44 [INFO] trader/auto_trader.go:44 [trader_id=stage-a-benchmark] 📓 read facts: void=8 · floor=19.3 pts (1.5×ATR5m 12.89) · scope=1m×300 since=1788818400000 (cap 500)
09-08 16:50:44 [INFO] trader/auto_trader.go:44 [trader_id=stage-a-benchmark] 🗺️ G2 HTF detection @ASIA: 90 level(s) map[EQH·15m:1 EQH·1h:1 EQH·4h:1 EQL·15m:1 EQL·1h:1 EQL·4h:1 iFVG(bull)·15m:28 iFVG(bull)·1h:28 iFVG(bull)·4h:28]
09-08 16:50:44 [INFO] kernel/levels_score.go:611 🗺️ seated 9/22 in-band levels (proximity band ±38pt, 9 of them retained)
09-08 16:50:44 [WARN] trader/auto_trader.go:49 [trader_id=stage-a-benchmark] 🌑 dark regime at the ASIA read: 1/7 regime fields unavailable (vix_level) — plan still trustworthy
09-08 16:50:44 [INFO] trader/auto_trader.go:44 [trader_id=stage-a-benchmark] 🔬 detector recorded: 0 new episode(s) · pool 9 candidate(s) (8 seated, 1 cut) · k=3 Δ=1.84 band=±5.53 H=12 close · pre-formation bars skipped=41 · levels with no formation time=6
09-08 16:50:44 [INFO] trader/auto_trader.go:44 [trader_id=stage-a-benchmark] 📓 read facts: void=8 · floor=19.3 pts (1.5×ATR5m 12.89) · scope=1m×300 since=1788818400000 (cap 500)
09-08 16:50:44 [INFO] trader/auto_trader.go:44 [trader_id=stage-a-benchmark] 🗺️ G2 HTF detection @ASIA: 90 level(s) map[EQH·15m:1 EQH·1h:1 EQH·4h:1 EQL·15m:1 EQL·1h:1 EQL·4h:1 iFVG(bull)·15m:28 iFVG(bull)·1h:28 iFVG(bull)·4h:28]
09-08 16:50:44 [INFO] kernel/levels_score.go:611 🗺️ seated 9/22 in-band levels (proximity band ±38pt, 9 of them retained)
09-08 16:50:44 [WARN] trader/auto_trader.go:49 [trader_id=stage-a-benchmark] 🌑 dark regime at the ASIA read: 1/7 regime fields unavailable (vix_level) — plan still trustworthy
09-08 16:50:44 [INFO] trader/auto_trader.go:44 [trader_id=stage-a-benchmark] 🔬 detector recorded: 0 new episode(s) · pool 9 candidate(s) (8 seated, 1 cut) · k=3 Δ=1.84 band=±5.53 H=12 close · pre-formation bars skipped=41 · levels with no formation time=6
09-08 16:50:44 [INFO] trader/auto_trader.go:44 [trader_id=stage-a-benchmark] 📓 read facts: void=8 · floor=19.3 pts (1.5×ATR5m 12.89) · scope=1m×300 since=1788818400000 (cap 500)
     100	  21628321 ns/op	       573.0 dropped-batches
BenchmarkStageAWholeInputAssembly-24    	09-08 16:50:45 [INFO] store/store.go:89 ✅ Database initialized (GORM, SQLite)
09-08 16:50:45 [INFO] trader/auto_trader.go:44 [trader_id=stage-a-benchmark] 🗺️ G2 HTF detection @ASIA: 90 level(s) map[EQH·15m:1 EQH·1h:1 EQH·4h:1 EQL·15m:1 EQL·1h:1 EQL·4h:1 iFVG(bull)·15m:28 iFVG(bull)·1h:28 iFVG(bull)·4h:28]
09-08 16:50:45 [INFO] kernel/levels_score.go:611 🗺️ seated 9/22 in-band levels (proximity band ±38pt, 9 of them retained)
09-08 16:50:45 [WARN] trader/auto_trader.go:49 [trader_id=stage-a-benchmark] 🌑 dark regime at the ASIA read: 1/7 regime fields unavailable (vix_level) — plan still trustworthy
09-08 16:50:46 [INFO] trader/auto_trader.go:44 [trader_id=stage-a-benchmark] 🔬 detector recorded: 114 new episode(s) · pool 9 candidate(s) (8 seated, 1 cut) · k=3 Δ=1.84 band=±5.53 H=12 close · pre-formation bars skipped=41 · levels with no formation time=6
09-08 16:50:46 [INFO] trader/auto_trader.go:44 [trader_id=stage-a-benchmark] 📓 read facts: void=8 · floor=19.3 pts (1.5×ATR5m 12.89) · scope=1m×300 since=1788818400000 (cap 500)
09-08 16:50:46 [INFO] store/store.go:89 ✅ Database initialized (GORM, SQLite)
09-08 16:50:46 [INFO] trader/auto_trader.go:44 [trader_id=stage-a-benchmark] 🗺️ G2 HTF detection @ASIA: 90 level(s) map[EQH·15m:1 EQH·1h:1 EQH·4h:1 EQL·15m:1 EQL·1h:1 EQL·4h:1 iFVG(bull)·15m:28 iFVG(bull)·1h:28 iFVG(bull)·4h:28]
09-08 16:50:46 [INFO] kernel/levels_score.go:611 🗺️ seated 9/22 in-band levels (proximity band ±38pt, 9 of them retained)
09-08 16:50:46 [WARN] trader/auto_trader.go:49 [trader_id=stage-a-benchmark] 🌑 dark regime at the ASIA read: 1/7 regime fields unavailable (vix_level) — plan still trustworthy
09-08 16:50:47 [INFO] trader/auto_trader.go:44 [trader_id=stage-a-benchmark] 🔬 detector recorded: 114 new episode(s) · pool 9 candidate(s) (8 seated, 1 cut) · k=3 Δ=1.84 band=±5.53 H=12 close · pre-formation bars skipped=41 · levels with no formation time=6
09-08 16:50:47 [INFO] trader/auto_trader.go:44 [trader_id=stage-a-benchmark] 📓 read facts: void=8 · floor=19.3 pts (1.5×ATR5m 12.89) · scope=1m×300 since=1788818400000 (cap 500)
09-08 16:50:47 [INFO] trader/auto_trader.go:44 [trader_id=stage-a-benchmark] 🗺️ G2 HTF detection @ASIA: 90 level(s) map[EQH·15m:1 EQH·1h:1 EQH·4h:1 EQL·15m:1 EQL·1h:1 EQL·4h:1 iFVG(bull)·15m:28 iFVG(bull)·1h:28 iFVG(bull)·4h:28]
09-08 16:50:47 [INFO] kernel/levels_score.go:611 🗺️ seated 9/22 in-band levels (proximity band ±38pt, 9 of them retained)
09-08 16:50:47 [WARN] trader/auto_trader.go:49 [trader_id=stage-a-benchmark] 🌑 dark regime at the ASIA read: 1/7 regime fields unavailable (vix_level) — plan still trustworthy
09-08 16:50:47 [INFO] trader/auto_trader.go:44 [trader_id=stage-a-benchmark] 🔬 detector recorded: 0 new episode(s) · pool 9 candidate(s) (8 seated, 1 cut) · k=3 Δ=1.84 band=±5.53 H=12 close · pre-formation bars skipped=41 · levels with no formation time=6
09-08 16:50:47 [INFO] trader/auto_trader.go:44 [trader_id=stage-a-benchmark] 📓 read facts: void=8 · floor=19.3 pts (1.5×ATR5m 12.89) · scope=1m×300 since=1788818400000 (cap 500)
09-08 16:50:47 [INFO] trader/auto_trader.go:44 [trader_id=stage-a-benchmark] 🗺️ G2 HTF detection @ASIA: 90 level(s) map[EQH·15m:1 EQH·1h:1 EQH·4h:1 EQL·15m:1 EQL·1h:1 EQL·4h:1 iFVG(bull)·15m:28 iFVG(bull)·1h:28 iFVG(bull)·4h:28]
09-08 16:50:47 [INFO] kernel/levels_score.go:611 🗺️ seated 9/22 in-band levels (proximity band ±38pt, 9 of them retained)
09-08 16:50:47 [WARN] trader/auto_trader.go:49 [trader_id=stage-a-benchmark] 🌑 dark regime at the ASIA read: 1/7 regime fields unavailable (vix_level) — plan still trustworthy
09-08 16:50:47 [INFO] trader/auto_trader.go:44 [trader_id=stage-a-benchmark] 🔬 detector recorded: 0 new episode(s) · pool 9 candidate(s) (8 seated, 1 cut) · k=3 Δ=1.84 band=±5.53 H=12 close · pre-formation bars skipped=41 · levels with no formation time=6
09-08 16:50:47 [INFO] trader/auto_trader.go:44 [trader_id=stage-a-benchmark] 📓 read facts: void=8 · floor=19.3 pts (1.5×ATR5m 12.89) · scope=1m×300 since=1788818400000 (cap 500)
09-08 16:50:47 [INFO] trader/auto_trader.go:44 [trader_id=stage-a-benchmark] 🗺️ G2 HTF detection @ASIA: 90 level(s) map[EQH·15m:1 EQH·1h:1 EQH·4h:1 EQL·15m:1 EQL·1h:1 EQL·4h:1 iFVG(bull)·15m:28 iFVG(bull)·1h:28 iFVG(bull)·4h:28]
09-08 16:50:47 [INFO] kernel/levels_score.go:611 🗺️ seated 9/22 in-band levels (proximity band ±38pt, 9 of them retained)
09-08 16:50:47 [WARN] trader/auto_trader.go:49 [trader_id=stage-a-benchmark] 🌑 dark regime at the ASIA read: 1/7 regime fields unavailable (vix_level) — plan still trustworthy
09-08 16:50:47 [INFO] trader/auto_trader.go:44 [trader_id=stage-a-benchmark] 🔬 detector recorded: 0 new episode(s) · pool 9 candidate(s) (8 seated, 1 cut) · k=3 Δ=1.84 band=±5.53 H=12 close · pre-formation bars skipped=41 · levels with no formation time=6
09-08 16:50:47 [INFO] trader/auto_trader.go:44 [trader_id=stage-a-benchmark] 📓 read facts: void=8 · floor=19.3 pts (1.5×ATR5m 12.89) · scope=1m×300 since=1788818400000 (cap 500)
09-08 16:50:47 [INFO] trader/auto_trader.go:44 [trader_id=stage-a-benchmark] 🗺️ G2 HTF detection @ASIA: 90 level(s) map[EQH·15m:1 EQH·1h:1 EQH·4h:1 EQL·15m:1 EQL·1h:1 EQL·4h:1 iFVG(bull)·15m:28 iFVG(bull)·1h:28 iFVG(bull)·4h:28]
09-08 16:50:47 [INFO] kernel/levels_score.go:611 🗺️ seated 9/22 in-band levels (proximity band ±38pt, 9 of them retained)
09-08 16:50:47 [WARN] trader/auto_trader.go:49 [trader_id=stage-a-benchmark] 🌑 dark regime at the ASIA read: 1/7 regime fields unavailable (vix_level) — plan still trustworthy
09-08 16:50:47 [INFO] trader/auto_trader.go:44 [trader_id=stage-a-benchmark] 🔬 detector recorded: 0 new episode(s) · pool 9 candidate(s) (8 seated, 1 cut) · k=3 Δ=1.84 band=±5.53 H=12 close · pre-formation bars skipped=41 · levels with no formation time=6
09-08 16:50:47 [INFO] trader/auto_trader.go:44 [trader_id=stage-a-benchmark] 📓 read facts: void=8 · floor=19.3 pts (1.5×ATR5m 12.89) · scope=1m×300 since=1788818400000 (cap 500)
09-08 16:50:47 [INFO] trader/auto_trader.go:44 [trader_id=stage-a-benchmark] 🗺️ G2 HTF detection @ASIA: 90 level(s) map[EQH·15m:1 EQH·1h:1 EQH·4h:1 EQL·15m:1 EQL·1h:1 EQL·4h:1 iFVG(bull)·15m:28 iFVG(bull)·1h:28 iFVG(bull)·4h:28]
09-08 16:50:47 [INFO] kernel/levels_score.go:611 🗺️ seated 9/22 in-band levels (proximity band ±38pt, 9 of them retained)
09-08 16:50:47 [WARN] trader/auto_trader.go:49 [trader_id=stage-a-benchmark] 🌑 dark regime at the ASIA read: 1/7 regime fields unavailable (vix_level) — plan still trustworthy
09-08 16:50:47 [INFO] trader/auto_trader.go:44 [trader_id=stage-a-benchmark] 🔬 detector recorded: 0 new episode(s) · pool 9 candidate(s) (8 seated, 1 cut) · k=3 Δ=1.84 band=±5.53 H=12 close · pre-formation bars skipped=41 · levels with no formation time=6
09-08 16:50:47 [INFO] trader/auto_trader.go:44 [trader_id=stage-a-benchmark] 📓 read facts: void=8 · floor=19.3 pts (1.5×ATR5m 12.89) · scope=1m×300 since=1788818400000 (cap 500)
09-08 16:50:47 [INFO] trader/auto_trader.go:44 [trader_id=stage-a-benchmark] 🗺️ G2 HTF detection @ASIA: 90 level(s) map[EQH·15m:1 EQH·1h:1 EQH·4h:1 EQL·15m:1 EQL·1h:1 EQL·4h:1 iFVG(bull)·15m:28 iFVG(bull)·1h:28 iFVG(bull)·4h:28]
09-08 16:50:47 [INFO] kernel/levels_score.go:611 🗺️ seated 9/22 in-band levels (proximity band ±38pt, 9 of them retained)
09-08 16:50:47 [WARN] trader/auto_trader.go:49 [trader_id=stage-a-benchmark] 🌑 dark regime at the ASIA read: 1/7 regime fields unavailable (vix_level) — plan still trustworthy
09-08 16:50:47 [INFO] trader/auto_trader.go:44 [trader_id=stage-a-benchmark] 🔬 detector recorded: 0 new episode(s) · pool 9 candidate(s) (8 seated, 1 cut) · k=3 Δ=1.84 band=±5.53 H=12 close · pre-formation bars skipped=41 · levels with no formation time=6
09-08 16:50:47 [INFO] trader/auto_trader.go:44 [trader_id=stage-a-benchmark] 📓 read facts: void=8 · floor=19.3 pts (1.5×ATR5m 12.89) · scope=1m×300 since=1788818400000 (cap 500)
09-08 16:50:47 [INFO] trader/auto_trader.go:44 [trader_id=stage-a-benchmark] 🗺️ G2 HTF detection @ASIA: 90 level(s) map[EQH·15m:1 EQH·1h:1 EQH·4h:1 EQL·15m:1 EQL·1h:1 EQL·4h:1 iFVG(bull)·15m:28 iFVG(bull)·1h:28 iFVG(bull)·4h:28]
09-08 16:50:47 [INFO] kernel/levels_score.go:611 🗺️ seated 9/22 in-band levels (proximity band ±38pt, 9 of them retained)
09-08 16:50:47 [WARN] trader/auto_trader.go:49 [trader_id=stage-a-benchmark] 🌑 dark regime at the ASIA read: 1/7 regime fields unavailable (vix_level) — plan still trustworthy
09-08 16:50:47 [INFO] trader/auto_trader.go:44 [trader_id=stage-a-benchmark] 🔬 detector recorded: 0 new episode(s) · pool 9 candidate(s) (8 seated, 1 cut) · k=3 Δ=1.84 band=±5.53 H=12 close · pre-formation bars skipped=41 · levels with no formation time=6
09-08 16:50:47 [INFO] trader/auto_trader.go:44 [trader_id=stage-a-benchmark] 📓 read facts: void=8 · floor=19.3 pts (1.5×ATR5m 12.89) · scope=1m×300 since=1788818400000 (cap 500)
09-08 16:50:47 [INFO] trader/auto_trader.go:44 [trader_id=stage-a-benchmark] 🗺️ G2 HTF detection @ASIA: 90 level(s) map[EQH·15m:1 EQH·1h:1 EQH·4h:1 EQL·15m:1 EQL·1h:1 EQL·4h:1 iFVG(bull)·15m:28 iFVG(bull)·1h:28 iFVG(bull)·4h:28]
09-08 16:50:47 [INFO] kernel/levels_score.go:611 🗺️ seated 9/22 in-band levels (proximity band ±38pt, 9 of them retained)
09-08 16:50:47 [WARN] trader/auto_trader.go:49 [trader_id=stage-a-benchmark] 🌑 dark regime at the ASIA read: 1/7 regime fields unavailable (vix_level) — plan still trustworthy
09-08 16:50:47 [INFO] trader/auto_trader.go:44 [trader_id=stage-a-benchmark] 🔬 detector recorded: 0 new episode(s) · pool 9 candidate(s) (8 seated, 1 cut) · k=3 Δ=1.84 band=±5.53 H=12 close · pre-formation bars skipped=41 · levels with no formation time=6
09-08 16:50:47 [INFO] trader/auto_trader.go:44 [trader_id=stage-a-benchmark] 📓 read facts: void=8 · floor=19.3 pts (1.5×ATR5m 12.89) · scope=1m×300 since=1788818400000 (cap 500)
09-08 16:50:47 [INFO] trader/auto_trader.go:44 [trader_id=stage-a-benchmark] 🗺️ G2 HTF detection @ASIA: 90 level(s) map[EQH·15m:1 EQH·1h:1 EQH·4h:1 EQL·15m:1 EQL·1h:1 EQL·4h:1 iFVG(bull)·15m:28 iFVG(bull)·1h:28 iFVG(bull)·4h:28]
09-08 16:50:47 [INFO] kernel/levels_score.go:611 🗺️ seated 9/22 in-band levels (proximity band ±38pt, 9 of them retained)
09-08 16:50:47 [WARN] trader/auto_trader.go:49 [trader_id=stage-a-benchmark] 🌑 dark regime at the ASIA read: 1/7 regime fields unavailable (vix_level) — plan still trustworthy
09-08 16:50:47 [INFO] trader/auto_trader.go:44 [trader_id=stage-a-benchmark] 🔬 detector recorded: 0 new episode(s) · pool 9 candidate(s) (8 seated, 1 cut) · k=3 Δ=1.84 band=±5.53 H=12 close · pre-formation bars skipped=41 · levels with no formation time=6
09-08 16:50:47 [INFO] trader/auto_trader.go:44 [trader_id=stage-a-benchmark] 📓 read facts: void=8 · floor=19.3 pts (1.5×ATR5m 12.89) · scope=1m×300 since=1788818400000 (cap 500)
09-08 16:50:47 [INFO] trader/auto_trader.go:44 [trader_id=stage-a-benchmark] 🗺️ G2 HTF detection @ASIA: 90 level(s) map[EQH·15m:1 EQH·1h:1 EQH·4h:1 EQL·15m:1 EQL·1h:1 EQL·4h:1 iFVG(bull)·15m:28 iFVG(bull)·1h:28 iFVG(bull)·4h:28]
09-08 16:50:47 [INFO] kernel/levels_score.go:611 🗺️ seated 9/22 in-band levels (proximity band ±38pt, 9 of them retained)
09-08 16:50:47 [WARN] trader/auto_trader.go:49 [trader_id=stage-a-benchmark] 🌑 dark regime at the ASIA read: 1/7 regime fields unavailable (vix_level) — plan still trustworthy
09-08 16:50:47 [INFO] trader/auto_trader.go:44 [trader_id=stage-a-benchmark] 🔬 detector recorded: 0 new episode(s) · pool 9 candidate(s) (8 seated, 1 cut) · k=3 Δ=1.84 band=±5.53 H=12 close · pre-formation bars skipped=41 · levels with no formation time=6
09-08 16:50:47 [INFO] trader/auto_trader.go:44 [trader_id=stage-a-benchmark] 📓 read facts: void=8 · floor=19.3 pts (1.5×ATR5m 12.89) · scope=1m×300 since=1788818400000 (cap 500)
09-08 16:50:47 [INFO] trader/auto_trader.go:44 [trader_id=stage-a-benchmark] 🗺️ G2 HTF detection @ASIA: 90 level(s) map[EQH·15m:1 EQH·1h:1 EQH·4h:1 EQL·15m:1 EQL·1h:1 EQL·4h:1 iFVG(bull)·15m:28 iFVG(bull)·1h:28 iFVG(bull)·4h:28]
09-08 16:50:47 [INFO] kernel/levels_score.go:611 🗺️ seated 9/22 in-band levels (proximity band ±38pt, 9 of them retained)
09-08 16:50:47 [WARN] trader/auto_trader.go:49 [trader_id=stage-a-benchmark] 🌑 dark regime at the ASIA read: 1/7 regime fields unavailable (vix_level) — plan still trustworthy
09-08 16:50:47 [INFO] trader/auto_trader.go:44 [trader_id=stage-a-benchmark] 🔬 detector recorded: 0 new episode(s) · pool 9 candidate(s) (8 seated, 1 cut) · k=3 Δ=1.84 band=±5.53 H=12 close · pre-formation bars skipped=41 · levels with no formation time=6
09-08 16:50:47 [INFO] trader/auto_trader.go:44 [trader_id=stage-a-benchmark] 📓 read facts: void=8 · floor=19.3 pts (1.5×ATR5m 12.89) · scope=1m×300 since=1788818400000 (cap 500)
09-08 16:50:47 [INFO] trader/auto_trader.go:44 [trader_id=stage-a-benchmark] 🗺️ G2 HTF detection @ASIA: 90 level(s) map[EQH·15m:1 EQH·1h:1 EQH·4h:1 EQL·15m:1 EQL·1h:1 EQL·4h:1 iFVG(bull)·15m:28 iFVG(bull)·1h:28 iFVG(bull)·4h:28]
09-08 16:50:47 [INFO] kernel/levels_score.go:611 🗺️ seated 9/22 in-band levels (proximity band ±38pt, 9 of them retained)
09-08 16:50:47 [WARN] trader/auto_trader.go:49 [trader_id=stage-a-benchmark] 🌑 dark regime at the ASIA read: 1/7 regime fields unavailable (vix_level) — plan still trustworthy
09-08 16:50:47 [INFO] trader/auto_trader.go:44 [trader_id=stage-a-benchmark] 🔬 detector recorded: 0 new episode(s) · pool 9 candidate(s) (8 seated, 1 cut) · k=3 Δ=1.84 band=±5.53 H=12 close · pre-formation bars skipped=41 · levels with no formation time=6
09-08 16:50:47 [INFO] trader/auto_trader.go:44 [trader_id=stage-a-benchmark] 📓 read facts: void=8 · floor=19.3 pts (1.5×ATR5m 12.89) · scope=1m×300 since=1788818400000 (cap 500)
09-08 16:50:47 [INFO] trader/auto_trader.go:44 [trader_id=stage-a-benchmark] 🗺️ G2 HTF detection @ASIA: 90 level(s) map[EQH·15m:1 EQH·1h:1 EQH·4h:1 EQL·15m:1 EQL·1h:1 EQL·4h:1 iFVG(bull)·15m:28 iFVG(bull)·1h:28 iFVG(bull)·4h:28]
09-08 16:50:47 [INFO] kernel/levels_score.go:611 🗺️ seated 9/22 in-band levels (proximity band ±38pt, 9 of them retained)
09-08 16:50:47 [WARN] trader/auto_trader.go:49 [trader_id=stage-a-benchmark] 🌑 dark regime at the ASIA read: 1/7 regime fields unavailable (vix_level) — plan still trustworthy
09-08 16:50:47 [INFO] trader/auto_trader.go:44 [trader_id=stage-a-benchmark] 🔬 detector recorded: 0 new episode(s) · pool 9 candidate(s) (8 seated, 1 cut) · k=3 Δ=1.84 band=±5.53 H=12 close · pre-formation bars skipped=41 · levels with no formation time=6
09-08 16:50:47 [INFO] trader/auto_trader.go:44 [trader_id=stage-a-benchmark] 📓 read facts: void=8 · floor=19.3 pts (1.5×ATR5m 12.89) · scope=1m×300 since=1788818400000 (cap 500)
09-08 16:50:47 [INFO] trader/auto_trader.go:44 [trader_id=stage-a-benchmark] 🗺️ G2 HTF detection @ASIA: 90 level(s) map[EQH·15m:1 EQH·1h:1 EQH·4h:1 EQL·15m:1 EQL·1h:1 EQL·4h:1 iFVG(bull)·15m:28 iFVG(bull)·1h:28 iFVG(bull)·4h:28]
09-08 16:50:47 [INFO] kernel/levels_score.go:611 🗺️ seated 9/22 in-band levels (proximity band ±38pt, 9 of them retained)
09-08 16:50:47 [WARN] trader/auto_trader.go:49 [trader_id=stage-a-benchmark] 🌑 dark regime at the ASIA read: 1/7 regime fields unavailable (vix_level) — plan still trustworthy
09-08 16:50:47 [INFO] trader/auto_trader.go:44 [trader_id=stage-a-benchmark] 🔬 detector recorded: 0 new episode(s) · pool 9 candidate(s) (8 seated, 1 cut) · k=3 Δ=1.84 band=±5.53 H=12 close · pre-formation bars skipped=41 · levels with no formation time=6
09-08 16:50:47 [INFO] trader/auto_trader.go:44 [trader_id=stage-a-benchmark] 📓 read facts: void=8 · floor=19.3 pts (1.5×ATR5m 12.89) · scope=1m×300 since=1788818400000 (cap 500)
09-08 16:50:47 [INFO] trader/auto_trader.go:44 [trader_id=stage-a-benchmark] 🗺️ G2 HTF detection @ASIA: 90 level(s) map[EQH·15m:1 EQH·1h:1 EQH·4h:1 EQL·15m:1 EQL·1h:1 EQL·4h:1 iFVG(bull)·15m:28 iFVG(bull)·1h:28 iFVG(bull)·4h:28]
09-08 16:50:47 [INFO] kernel/levels_score.go:611 🗺️ seated 9/22 in-band levels (proximity band ±38pt, 9 of them retained)
09-08 16:50:47 [WARN] trader/auto_trader.go:49 [trader_id=stage-a-benchmark] 🌑 dark regime at the ASIA read: 1/7 regime fields unavailable (vix_level) — plan still trustworthy
09-08 16:50:47 [INFO] trader/auto_trader.go:44 [trader_id=stage-a-benchmark] 🔬 detector recorded: 0 new episode(s) · pool 9 candidate(s) (8 seated, 1 cut) · k=3 Δ=1.84 band=±5.53 H=12 close · pre-formation bars skipped=41 · levels with no formation time=6
09-08 16:50:47 [INFO] trader/auto_trader.go:44 [trader_id=stage-a-benchmark] 📓 read facts: void=8 · floor=19.3 pts (1.5×ATR5m 12.89) · scope=1m×300 since=1788818400000 (cap 500)
09-08 16:50:47 [INFO] trader/auto_trader.go:44 [trader_id=stage-a-benchmark] 🗺️ G2 HTF detection @ASIA: 90 level(s) map[EQH·15m:1 EQH·1h:1 EQH·4h:1 EQL·15m:1 EQL·1h:1 EQL·4h:1 iFVG(bull)·15m:28 iFVG(bull)·1h:28 iFVG(bull)·4h:28]
09-08 16:50:47 [INFO] kernel/levels_score.go:611 🗺️ seated 9/22 in-band levels (proximity band ±38pt, 9 of them retained)
09-08 16:50:47 [WARN] trader/auto_trader.go:49 [trader_id=stage-a-benchmark] 🌑 dark regime at the ASIA read: 1/7 regime fields unavailable (vix_level) — plan still trustworthy
09-08 16:50:47 [INFO] trader/auto_trader.go:44 [trader_id=stage-a-benchmark] 🔬 detector recorded: 0 new episode(s) · pool 9 candidate(s) (8 seated, 1 cut) · k=3 Δ=1.84 band=±5.53 H=12 close · pre-formation bars skipped=41 · levels with no formation time=6
09-08 16:50:47 [INFO] trader/auto_trader.go:44 [trader_id=stage-a-benchmark] 📓 read facts: void=8 · floor=19.3 pts (1.5×ATR5m 12.89) · scope=1m×300 since=1788818400000 (cap 500)
09-08 16:50:47 [INFO] trader/auto_trader.go:44 [trader_id=stage-a-benchmark] 🗺️ G2 HTF detection @ASIA: 90 level(s) map[EQH·15m:1 EQH·1h:1 EQH·4h:1 EQL·15m:1 EQL·1h:1 EQL·4h:1 iFVG(bull)·15m:28 iFVG(bull)·1h:28 iFVG(bull)·4h:28]
09-08 16:50:47 [INFO] kernel/levels_score.go:611 🗺️ seated 9/22 in-band levels (proximity band ±38pt, 9 of them retained)
09-08 16:50:47 [WARN] trader/auto_trader.go:49 [trader_id=stage-a-benchmark] 🌑 dark regime at the ASIA read: 1/7 regime fields unavailable (vix_level) — plan still trustworthy
09-08 16:50:47 [INFO] trader/auto_trader.go:44 [trader_id=stage-a-benchmark] 🔬 detector recorded: 0 new episode(s) · pool 9 candidate(s) (8 seated, 1 cut) · k=3 Δ=1.84 band=±5.53 H=12 close · pre-formation bars skipped=41 · levels with no formation time=6
09-08 16:50:47 [INFO] trader/auto_trader.go:44 [trader_id=stage-a-benchmark] 📓 read facts: void=8 · floor=19.3 pts (1.5×ATR5m 12.89) · scope=1m×300 since=1788818400000 (cap 500)
09-08 16:50:47 [INFO] trader/auto_trader.go:44 [trader_id=stage-a-benchmark] 🗺️ G2 HTF detection @ASIA: 90 level(s) map[EQH·15m:1 EQH·1h:1 EQH·4h:1 EQL·15m:1 EQL·1h:1 EQL·4h:1 iFVG(bull)·15m:28 iFVG(bull)·1h:28 iFVG(bull)·4h:28]
09-08 16:50:47 [INFO] kernel/levels_score.go:611 🗺️ seated 9/22 in-band levels (proximity band ±38pt, 9 of them retained)
09-08 16:50:47 [WARN] trader/auto_trader.go:49 [trader_id=stage-a-benchmark] 🌑 dark regime at the ASIA read: 1/7 regime fields unavailable (vix_level) — plan still trustworthy
09-08 16:50:47 [INFO] trader/auto_trader.go:44 [trader_id=stage-a-benchmark] 🔬 detector recorded: 0 new episode(s) · pool 9 candidate(s) (8 seated, 1 cut) · k=3 Δ=1.84 band=±5.53 H=12 close · pre-formation bars skipped=41 · levels with no formation time=6
09-08 16:50:47 [INFO] trader/auto_trader.go:44 [trader_id=stage-a-benchmark] 📓 read facts: void=8 · floor=19.3 pts (1.5×ATR5m 12.89) · scope=1m×300 since=1788818400000 (cap 500)
09-08 16:50:47 [INFO] trader/auto_trader.go:44 [trader_id=stage-a-benchmark] 🗺️ G2 HTF detection @ASIA: 90 level(s) map[EQH·15m:1 EQH·1h:1 EQH·4h:1 EQL·15m:1 EQL·1h:1 EQL·4h:1 iFVG(bull)·15m:28 iFVG(bull)·1h:28 iFVG(bull)·4h:28]
09-08 16:50:47 [INFO] kernel/levels_score.go:611 🗺️ seated 9/22 in-band levels (proximity band ±38pt, 9 of them retained)
09-08 16:50:47 [WARN] trader/auto_trader.go:49 [trader_id=stage-a-benchmark] 🌑 dark regime at the ASIA read: 1/7 regime fields unavailable (vix_level) — plan still trustworthy
09-08 16:50:47 [INFO] trader/auto_trader.go:44 [trader_id=stage-a-benchmark] 🔬 detector recorded: 0 new episode(s) · pool 9 candidate(s) (8 seated, 1 cut) · k=3 Δ=1.84 band=±5.53 H=12 close · pre-formation bars skipped=41 · levels with no formation time=6
09-08 16:50:47 [INFO] trader/auto_trader.go:44 [trader_id=stage-a-benchmark] 📓 read facts: void=8 · floor=19.3 pts (1.5×ATR5m 12.89) · scope=1m×300 since=1788818400000 (cap 500)
09-08 16:50:47 [INFO] trader/auto_trader.go:44 [trader_id=stage-a-benchmark] 🗺️ G2 HTF detection @ASIA: 90 level(s) map[EQH·15m:1 EQH·1h:1 EQH·4h:1 EQL·15m:1 EQL·1h:1 EQL·4h:1 iFVG(bull)·15m:28 iFVG(bull)·1h:28 iFVG(bull)·4h:28]
09-08 16:50:47 [INFO] kernel/levels_score.go:611 🗺️ seated 9/22 in-band levels (proximity band ±38pt, 9 of them retained)
09-08 16:50:47 [WARN] trader/auto_trader.go:49 [trader_id=stage-a-benchmark] 🌑 dark regime at the ASIA read: 1/7 regime fields unavailable (vix_level) — plan still trustworthy
09-08 16:50:47 [INFO] trader/auto_trader.go:44 [trader_id=stage-a-benchmark] 🔬 detector recorded: 0 new episode(s) · pool 9 candidate(s) (8 seated, 1 cut) · k=3 Δ=1.84 band=±5.53 H=12 close · pre-formation bars skipped=41 · levels with no formation time=6
09-08 16:50:47 [INFO] trader/auto_trader.go:44 [trader_id=stage-a-benchmark] 📓 read facts: void=8 · floor=19.3 pts (1.5×ATR5m 12.89) · scope=1m×300 since=1788818400000 (cap 500)
09-08 16:50:47 [INFO] trader/auto_trader.go:44 [trader_id=stage-a-benchmark] 🗺️ G2 HTF detection @ASIA: 90 level(s) map[EQH·15m:1 EQH·1h:1 EQH·4h:1 EQL·15m:1 EQL·1h:1 EQL·4h:1 iFVG(bull)·15m:28 iFVG(bull)·1h:28 iFVG(bull)·4h:28]
09-08 16:50:47 [INFO] kernel/levels_score.go:611 🗺️ seated 9/22 in-band levels (proximity band ±38pt, 9 of them retained)
09-08 16:50:47 [WARN] trader/auto_trader.go:49 [trader_id=stage-a-benchmark] 🌑 dark regime at the ASIA read: 1/7 regime fields unavailable (vix_level) — plan still trustworthy
09-08 16:50:47 [INFO] trader/auto_trader.go:44 [trader_id=stage-a-benchmark] 🔬 detector recorded: 0 new episode(s) · pool 9 candidate(s) (8 seated, 1 cut) · k=3 Δ=1.84 band=±5.53 H=12 close · pre-formation bars skipped=41 · levels with no formation time=6
09-08 16:50:47 [INFO] trader/auto_trader.go:44 [trader_id=stage-a-benchmark] 📓 read facts: void=8 · floor=19.3 pts (1.5×ATR5m 12.89) · scope=1m×300 since=1788818400000 (cap 500)
09-08 16:50:47 [INFO] trader/auto_trader.go:44 [trader_id=stage-a-benchmark] 🗺️ G2 HTF detection @ASIA: 90 level(s) map[EQH·15m:1 EQH·1h:1 EQH·4h:1 EQL·15m:1 EQL·1h:1 EQL·4h:1 iFVG(bull)·15m:28 iFVG(bull)·1h:28 iFVG(bull)·4h:28]
09-08 16:50:47 [INFO] kernel/levels_score.go:611 🗺️ seated 9/22 in-band levels (proximity band ±38pt, 9 of them retained)
09-08 16:50:47 [WARN] trader/auto_trader.go:49 [trader_id=stage-a-benchmark] 🌑 dark regime at the ASIA read: 1/7 regime fields unavailable (vix_level) — plan still trustworthy
09-08 16:50:47 [INFO] trader/auto_trader.go:44 [trader_id=stage-a-benchmark] 🔬 detector recorded: 0 new episode(s) · pool 9 candidate(s) (8 seated, 1 cut) · k=3 Δ=1.84 band=±5.53 H=12 close · pre-formation bars skipped=41 · levels with no formation time=6
09-08 16:50:47 [INFO] trader/auto_trader.go:44 [trader_id=stage-a-benchmark] 📓 read facts: void=8 · floor=19.3 pts (1.5×ATR5m 12.89) · scope=1m×300 since=1788818400000 (cap 500)
09-08 16:50:47 [INFO] trader/auto_trader.go:44 [trader_id=stage-a-benchmark] 🗺️ G2 HTF detection @ASIA: 90 level(s) map[EQH·15m:1 EQH·1h:1 EQH·4h:1 EQL·15m:1 EQL·1h:1 EQL·4h:1 iFVG(bull)·15m:28 iFVG(bull)·1h:28 iFVG(bull)·4h:28]
09-08 16:50:47 [INFO] kernel/levels_score.go:611 🗺️ seated 9/22 in-band levels (proximity band ±38pt, 9 of them retained)
09-08 16:50:47 [WARN] trader/auto_trader.go:49 [trader_id=stage-a-benchmark] 🌑 dark regime at the ASIA read: 1/7 regime fields unavailable (vix_level) — plan still trustworthy
09-08 16:50:47 [INFO] trader/auto_trader.go:44 [trader_id=stage-a-benchmark] 🔬 detector recorded: 0 new episode(s) · pool 9 candidate(s) (8 seated, 1 cut) · k=3 Δ=1.84 band=±5.53 H=12 close · pre-formation bars skipped=41 · levels with no formation time=6
09-08 16:50:47 [INFO] trader/auto_trader.go:44 [trader_id=stage-a-benchmark] 📓 read facts: void=8 · floor=19.3 pts (1.5×ATR5m 12.89) · scope=1m×300 since=1788818400000 (cap 500)
09-08 16:50:47 [INFO] trader/auto_trader.go:44 [trader_id=stage-a-benchmark] 🗺️ G2 HTF detection @ASIA: 90 level(s) map[EQH·15m:1 EQH·1h:1 EQH·4h:1 EQL·15m:1 EQL·1h:1 EQL·4h:1 iFVG(bull)·15m:28 iFVG(bull)·1h:28 iFVG(bull)·4h:28]
09-08 16:50:47 [INFO] kernel/levels_score.go:611 🗺️ seated 9/22 in-band levels (proximity band ±38pt, 9 of them retained)
09-08 16:50:48 [WARN] trader/auto_trader.go:49 [trader_id=stage-a-benchmark] 🌑 dark regime at the ASIA read: 1/7 regime fields unavailable (vix_level) — plan still trustworthy
09-08 16:50:48 [INFO] trader/auto_trader.go:44 [trader_id=stage-a-benchmark] 🔬 detector recorded: 0 new episode(s) · pool 9 candidate(s) (8 seated, 1 cut) · k=3 Δ=1.84 band=±5.53 H=12 close · pre-formation bars skipped=41 · levels with no formation time=6
09-08 16:50:48 [INFO] trader/auto_trader.go:44 [trader_id=stage-a-benchmark] 📓 read facts: void=8 · floor=19.3 pts (1.5×ATR5m 12.89) · scope=1m×300 since=1788818400000 (cap 500)
09-08 16:50:48 [INFO] trader/auto_trader.go:44 [trader_id=stage-a-benchmark] 🗺️ G2 HTF detection @ASIA: 90 level(s) map[EQH·15m:1 EQH·1h:1 EQH·4h:1 EQL·15m:1 EQL·1h:1 EQL·4h:1 iFVG(bull)·15m:28 iFVG(bull)·1h:28 iFVG(bull)·4h:28]
09-08 16:50:48 [INFO] kernel/levels_score.go:611 🗺️ seated 9/22 in-band levels (proximity band ±38pt, 9 of them retained)
09-08 16:50:48 [WARN] trader/auto_trader.go:49 [trader_id=stage-a-benchmark] 🌑 dark regime at the ASIA read: 1/7 regime fields unavailable (vix_level) — plan still trustworthy
09-08 16:50:48 [INFO] trader/auto_trader.go:44 [trader_id=stage-a-benchmark] 🔬 detector recorded: 0 new episode(s) · pool 9 candidate(s) (8 seated, 1 cut) · k=3 Δ=1.84 band=±5.53 H=12 close · pre-formation bars skipped=41 · levels with no formation time=6
09-08 16:50:48 [INFO] trader/auto_trader.go:44 [trader_id=stage-a-benchmark] 📓 read facts: void=8 · floor=19.3 pts (1.5×ATR5m 12.89) · scope=1m×300 since=1788818400000 (cap 500)
09-08 16:50:48 [INFO] trader/auto_trader.go:44 [trader_id=stage-a-benchmark] 🗺️ G2 HTF detection @ASIA: 90 level(s) map[EQH·15m:1 EQH·1h:1 EQH·4h:1 EQL·15m:1 EQL·1h:1 EQL·4h:1 iFVG(bull)·15m:28 iFVG(bull)·1h:28 iFVG(bull)·4h:28]
09-08 16:50:48 [INFO] kernel/levels_score.go:611 🗺️ seated 9/22 in-band levels (proximity band ±38pt, 9 of them retained)
09-08 16:50:48 [WARN] trader/auto_trader.go:49 [trader_id=stage-a-benchmark] 🌑 dark regime at the ASIA read: 1/7 regime fields unavailable (vix_level) — plan still trustworthy
09-08 16:50:48 [INFO] trader/auto_trader.go:44 [trader_id=stage-a-benchmark] 🔬 detector recorded: 0 new episode(s) · pool 9 candidate(s) (8 seated, 1 cut) · k=3 Δ=1.84 band=±5.53 H=12 close · pre-formation bars skipped=41 · levels with no formation time=6
09-08 16:50:48 [INFO] trader/auto_trader.go:44 [trader_id=stage-a-benchmark] 📓 read facts: void=8 · floor=19.3 pts (1.5×ATR5m 12.89) · scope=1m×300 since=1788818400000 (cap 500)
09-08 16:50:48 [INFO] trader/auto_trader.go:44 [trader_id=stage-a-benchmark] 🗺️ G2 HTF detection @ASIA: 90 level(s) map[EQH·15m:1 EQH·1h:1 EQH·4h:1 EQL·15m:1 EQL·1h:1 EQL·4h:1 iFVG(bull)·15m:28 iFVG(bull)·1h:28 iFVG(bull)·4h:28]
09-08 16:50:48 [INFO] kernel/levels_score.go:611 🗺️ seated 9/22 in-band levels (proximity band ±38pt, 9 of them retained)
09-08 16:50:48 [WARN] trader/auto_trader.go:49 [trader_id=stage-a-benchmark] 🌑 dark regime at the ASIA read: 1/7 regime fields unavailable (vix_level) — plan still trustworthy
09-08 16:50:48 [INFO] trader/auto_trader.go:44 [trader_id=stage-a-benchmark] 🔬 detector recorded: 0 new episode(s) · pool 9 candidate(s) (8 seated, 1 cut) · k=3 Δ=1.84 band=±5.53 H=12 close · pre-formation bars skipped=41 · levels with no formation time=6
09-08 16:50:48 [INFO] trader/auto_trader.go:44 [trader_id=stage-a-benchmark] 📓 read facts: void=8 · floor=19.3 pts (1.5×ATR5m 12.89) · scope=1m×300 since=1788818400000 (cap 500)
09-08 16:50:48 [INFO] trader/auto_trader.go:44 [trader_id=stage-a-benchmark] 🗺️ G2 HTF detection @ASIA: 90 level(s) map[EQH·15m:1 EQH·1h:1 EQH·4h:1 EQL·15m:1 EQL·1h:1 EQL·4h:1 iFVG(bull)·15m:28 iFVG(bull)·1h:28 iFVG(bull)·4h:28]
09-08 16:50:48 [INFO] kernel/levels_score.go:611 🗺️ seated 9/22 in-band levels (proximity band ±38pt, 9 of them retained)
09-08 16:50:48 [WARN] trader/auto_trader.go:49 [trader_id=stage-a-benchmark] 🌑 dark regime at the ASIA read: 1/7 regime fields unavailable (vix_level) — plan still trustworthy
09-08 16:50:48 [INFO] trader/auto_trader.go:44 [trader_id=stage-a-benchmark] 🔬 detector recorded: 0 new episode(s) · pool 9 candidate(s) (8 seated, 1 cut) · k=3 Δ=1.84 band=±5.53 H=12 close · pre-formation bars skipped=41 · levels with no formation time=6
09-08 16:50:48 [INFO] trader/auto_trader.go:44 [trader_id=stage-a-benchmark] 📓 read facts: void=8 · floor=19.3 pts (1.5×ATR5m 12.89) · scope=1m×300 since=1788818400000 (cap 500)
09-08 16:50:48 [INFO] trader/auto_trader.go:44 [trader_id=stage-a-benchmark] 🗺️ G2 HTF detection @ASIA: 90 level(s) map[EQH·15m:1 EQH·1h:1 EQH·4h:1 EQL·15m:1 EQL·1h:1 EQL·4h:1 iFVG(bull)·15m:28 iFVG(bull)·1h:28 iFVG(bull)·4h:28]
09-08 16:50:48 [INFO] kernel/levels_score.go:611 🗺️ seated 9/22 in-band levels (proximity band ±38pt, 9 of them retained)
09-08 16:50:48 [WARN] trader/auto_trader.go:49 [trader_id=stage-a-benchmark] 🌑 dark regime at the ASIA read: 1/7 regime fields unavailable (vix_level) — plan still trustworthy
09-08 16:50:48 [INFO] trader/auto_trader.go:44 [trader_id=stage-a-benchmark] 🔬 detector recorded: 0 new episode(s) · pool 9 candidate(s) (8 seated, 1 cut) · k=3 Δ=1.84 band=±5.53 H=12 close · pre-formation bars skipped=41 · levels with no formation time=6
09-08 16:50:48 [INFO] trader/auto_trader.go:44 [trader_id=stage-a-benchmark] 📓 read facts: void=8 · floor=19.3 pts (1.5×ATR5m 12.89) · scope=1m×300 since=1788818400000 (cap 500)
09-08 16:50:48 [INFO] trader/auto_trader.go:44 [trader_id=stage-a-benchmark] 🗺️ G2 HTF detection @ASIA: 90 level(s) map[EQH·15m:1 EQH·1h:1 EQH·4h:1 EQL·15m:1 EQL·1h:1 EQL·4h:1 iFVG(bull)·15m:28 iFVG(bull)·1h:28 iFVG(bull)·4h:28]
09-08 16:50:48 [INFO] kernel/levels_score.go:611 🗺️ seated 9/22 in-band levels (proximity band ±38pt, 9 of them retained)
09-08 16:50:48 [WARN] trader/auto_trader.go:49 [trader_id=stage-a-benchmark] 🌑 dark regime at the ASIA read: 1/7 regime fields unavailable (vix_level) — plan still trustworthy
09-08 16:50:48 [INFO] trader/auto_trader.go:44 [trader_id=stage-a-benchmark] 🔬 detector recorded: 0 new episode(s) · pool 9 candidate(s) (8 seated, 1 cut) · k=3 Δ=1.84 band=±5.53 H=12 close · pre-formation bars skipped=41 · levels with no formation time=6
09-08 16:50:48 [INFO] trader/auto_trader.go:44 [trader_id=stage-a-benchmark] 📓 read facts: void=8 · floor=19.3 pts (1.5×ATR5m 12.89) · scope=1m×300 since=1788818400000 (cap 500)
09-08 16:50:48 [INFO] trader/auto_trader.go:44 [trader_id=stage-a-benchmark] 🗺️ G2 HTF detection @ASIA: 90 level(s) map[EQH·15m:1 EQH·1h:1 EQH·4h:1 EQL·15m:1 EQL·1h:1 EQL·4h:1 iFVG(bull)·15m:28 iFVG(bull)·1h:28 iFVG(bull)·4h:28]
09-08 16:50:48 [INFO] kernel/levels_score.go:611 🗺️ seated 9/22 in-band levels (proximity band ±38pt, 9 of them retained)
09-08 16:50:48 [WARN] trader/auto_trader.go:49 [trader_id=stage-a-benchmark] 🌑 dark regime at the ASIA read: 1/7 regime fields unavailable (vix_level) — plan still trustworthy
09-08 16:50:48 [INFO] trader/auto_trader.go:44 [trader_id=stage-a-benchmark] 🔬 detector recorded: 0 new episode(s) · pool 9 candidate(s) (8 seated, 1 cut) · k=3 Δ=1.84 band=±5.53 H=12 close · pre-formation bars skipped=41 · levels with no formation time=6
09-08 16:50:48 [INFO] trader/auto_trader.go:44 [trader_id=stage-a-benchmark] 📓 read facts: void=8 · floor=19.3 pts (1.5×ATR5m 12.89) · scope=1m×300 since=1788818400000 (cap 500)
09-08 16:50:48 [INFO] trader/auto_trader.go:44 [trader_id=stage-a-benchmark] 🗺️ G2 HTF detection @ASIA: 90 level(s) map[EQH·15m:1 EQH·1h:1 EQH·4h:1 EQL·15m:1 EQL·1h:1 EQL·4h:1 iFVG(bull)·15m:28 iFVG(bull)·1h:28 iFVG(bull)·4h:28]
09-08 16:50:48 [INFO] kernel/levels_score.go:611 🗺️ seated 9/22 in-band levels (proximity band ±38pt, 9 of them retained)
09-08 16:50:48 [WARN] trader/auto_trader.go:49 [trader_id=stage-a-benchmark] 🌑 dark regime at the ASIA read: 1/7 regime fields unavailable (vix_level) — plan still trustworthy
09-08 16:50:48 [INFO] trader/auto_trader.go:44 [trader_id=stage-a-benchmark] 🔬 detector recorded: 0 new episode(s) · pool 9 candidate(s) (8 seated, 1 cut) · k=3 Δ=1.84 band=±5.53 H=12 close · pre-formation bars skipped=41 · levels with no formation time=6
09-08 16:50:48 [INFO] trader/auto_trader.go:44 [trader_id=stage-a-benchmark] 📓 read facts: void=8 · floor=19.3 pts (1.5×ATR5m 12.89) · scope=1m×300 since=1788818400000 (cap 500)
09-08 16:50:48 [INFO] trader/auto_trader.go:44 [trader_id=stage-a-benchmark] 🗺️ G2 HTF detection @ASIA: 90 level(s) map[EQH·15m:1 EQH·1h:1 EQH·4h:1 EQL·15m:1 EQL·1h:1 EQL·4h:1 iFVG(bull)·15m:28 iFVG(bull)·1h:28 iFVG(bull)·4h:28]
09-08 16:50:48 [INFO] kernel/levels_score.go:611 🗺️ seated 9/22 in-band levels (proximity band ±38pt, 9 of them retained)
09-08 16:50:48 [WARN] trader/auto_trader.go:49 [trader_id=stage-a-benchmark] 🌑 dark regime at the ASIA read: 1/7 regime fields unavailable (vix_level) — plan still trustworthy
09-08 16:50:48 [INFO] trader/auto_trader.go:44 [trader_id=stage-a-benchmark] 🔬 detector recorded: 0 new episode(s) · pool 9 candidate(s) (8 seated, 1 cut) · k=3 Δ=1.84 band=±5.53 H=12 close · pre-formation bars skipped=41 · levels with no formation time=6
09-08 16:50:48 [INFO] trader/auto_trader.go:44 [trader_id=stage-a-benchmark] 📓 read facts: void=8 · floor=19.3 pts (1.5×ATR5m 12.89) · scope=1m×300 since=1788818400000 (cap 500)
09-08 16:50:48 [INFO] trader/auto_trader.go:44 [trader_id=stage-a-benchmark] 🗺️ G2 HTF detection @ASIA: 90 level(s) map[EQH·15m:1 EQH·1h:1 EQH·4h:1 EQL·15m:1 EQL·1h:1 EQL·4h:1 iFVG(bull)·15m:28 iFVG(bull)·1h:28 iFVG(bull)·4h:28]
09-08 16:50:48 [INFO] kernel/levels_score.go:611 🗺️ seated 9/22 in-band levels (proximity band ±38pt, 9 of them retained)
09-08 16:50:48 [WARN] trader/auto_trader.go:49 [trader_id=stage-a-benchmark] 🌑 dark regime at the ASIA read: 1/7 regime fields unavailable (vix_level) — plan still trustworthy
09-08 16:50:48 [INFO] trader/auto_trader.go:44 [trader_id=stage-a-benchmark] 🔬 detector recorded: 0 new episode(s) · pool 9 candidate(s) (8 seated, 1 cut) · k=3 Δ=1.84 band=±5.53 H=12 close · pre-formation bars skipped=41 · levels with no formation time=6
09-08 16:50:48 [INFO] trader/auto_trader.go:44 [trader_id=stage-a-benchmark] 📓 read facts: void=8 · floor=19.3 pts (1.5×ATR5m 12.89) · scope=1m×300 since=1788818400000 (cap 500)
09-08 16:50:48 [INFO] trader/auto_trader.go:44 [trader_id=stage-a-benchmark] 🗺️ G2 HTF detection @ASIA: 90 level(s) map[EQH·15m:1 EQH·1h:1 EQH·4h:1 EQL·15m:1 EQL·1h:1 EQL·4h:1 iFVG(bull)·15m:28 iFVG(bull)·1h:28 iFVG(bull)·4h:28]
09-08 16:50:48 [INFO] kernel/levels_score.go:611 🗺️ seated 9/22 in-band levels (proximity band ±38pt, 9 of them retained)
09-08 16:50:48 [WARN] trader/auto_trader.go:49 [trader_id=stage-a-benchmark] 🌑 dark regime at the ASIA read: 1/7 regime fields unavailable (vix_level) — plan still trustworthy
09-08 16:50:48 [INFO] trader/auto_trader.go:44 [trader_id=stage-a-benchmark] 🔬 detector recorded: 0 new episode(s) · pool 9 candidate(s) (8 seated, 1 cut) · k=3 Δ=1.84 band=±5.53 H=12 close · pre-formation bars skipped=41 · levels with no formation time=6
09-08 16:50:48 [INFO] trader/auto_trader.go:44 [trader_id=stage-a-benchmark] 📓 read facts: void=8 · floor=19.3 pts (1.5×ATR5m 12.89) · scope=1m×300 since=1788818400000 (cap 500)
09-08 16:50:48 [INFO] trader/auto_trader.go:44 [trader_id=stage-a-benchmark] 🗺️ G2 HTF detection @ASIA: 90 level(s) map[EQH·15m:1 EQH·1h:1 EQH·4h:1 EQL·15m:1 EQL·1h:1 EQL·4h:1 iFVG(bull)·15m:28 iFVG(bull)·1h:28 iFVG(bull)·4h:28]
09-08 16:50:48 [INFO] kernel/levels_score.go:611 🗺️ seated 9/22 in-band levels (proximity band ±38pt, 9 of them retained)
09-08 16:50:48 [WARN] trader/auto_trader.go:49 [trader_id=stage-a-benchmark] 🌑 dark regime at the ASIA read: 1/7 regime fields unavailable (vix_level) — plan still trustworthy
09-08 16:50:48 [INFO] trader/auto_trader.go:44 [trader_id=stage-a-benchmark] 🔬 detector recorded: 0 new episode(s) · pool 9 candidate(s) (8 seated, 1 cut) · k=3 Δ=1.84 band=±5.53 H=12 close · pre-formation bars skipped=41 · levels with no formation time=6
09-08 16:50:48 [INFO] trader/auto_trader.go:44 [trader_id=stage-a-benchmark] 📓 read facts: void=8 · floor=19.3 pts (1.5×ATR5m 12.89) · scope=1m×300 since=1788818400000 (cap 500)
09-08 16:50:48 [INFO] trader/auto_trader.go:44 [trader_id=stage-a-benchmark] 🗺️ G2 HTF detection @ASIA: 90 level(s) map[EQH·15m:1 EQH·1h:1 EQH·4h:1 EQL·15m:1 EQL·1h:1 EQL·4h:1 iFVG(bull)·15m:28 iFVG(bull)·1h:28 iFVG(bull)·4h:28]
09-08 16:50:48 [INFO] kernel/levels_score.go:611 🗺️ seated 9/22 in-band levels (proximity band ±38pt, 9 of them retained)
09-08 16:50:48 [WARN] trader/auto_trader.go:49 [trader_id=stage-a-benchmark] 🌑 dark regime at the ASIA read: 1/7 regime fields unavailable (vix_level) — plan still trustworthy
09-08 16:50:48 [INFO] trader/auto_trader.go:44 [trader_id=stage-a-benchmark] 🔬 detector recorded: 0 new episode(s) · pool 9 candidate(s) (8 seated, 1 cut) · k=3 Δ=1.84 band=±5.53 H=12 close · pre-formation bars skipped=41 · levels with no formation time=6
09-08 16:50:48 [INFO] trader/auto_trader.go:44 [trader_id=stage-a-benchmark] 📓 read facts: void=8 · floor=19.3 pts (1.5×ATR5m 12.89) · scope=1m×300 since=1788818400000 (cap 500)
09-08 16:50:48 [INFO] trader/auto_trader.go:44 [trader_id=stage-a-benchmark] 🗺️ G2 HTF detection @ASIA: 90 level(s) map[EQH·15m:1 EQH·1h:1 EQH·4h:1 EQL·15m:1 EQL·1h:1 EQL·4h:1 iFVG(bull)·15m:28 iFVG(bull)·1h:28 iFVG(bull)·4h:28]
09-08 16:50:48 [INFO] kernel/levels_score.go:611 🗺️ seated 9/22 in-band levels (proximity band ±38pt, 9 of them retained)
09-08 16:50:48 [WARN] trader/auto_trader.go:49 [trader_id=stage-a-benchmark] 🌑 dark regime at the ASIA read: 1/7 regime fields unavailable (vix_level) — plan still trustworthy
09-08 16:50:48 [INFO] trader/auto_trader.go:44 [trader_id=stage-a-benchmark] 🔬 detector recorded: 0 new episode(s) · pool 9 candidate(s) (8 seated, 1 cut) · k=3 Δ=1.84 band=±5.53 H=12 close · pre-formation bars skipped=41 · levels with no formation time=6
09-08 16:50:48 [INFO] trader/auto_trader.go:44 [trader_id=stage-a-benchmark] 📓 read facts: void=8 · floor=19.3 pts (1.5×ATR5m 12.89) · scope=1m×300 since=1788818400000 (cap 500)
09-08 16:50:48 [INFO] trader/auto_trader.go:44 [trader_id=stage-a-benchmark] 🗺️ G2 HTF detection @ASIA: 90 level(s) map[EQH·15m:1 EQH·1h:1 EQH·4h:1 EQL·15m:1 EQL·1h:1 EQL·4h:1 iFVG(bull)·15m:28 iFVG(bull)·1h:28 iFVG(bull)·4h:28]
09-08 16:50:48 [INFO] kernel/levels_score.go:611 🗺️ seated 9/22 in-band levels (proximity band ±38pt, 9 of them retained)
09-08 16:50:48 [WARN] trader/auto_trader.go:49 [trader_id=stage-a-benchmark] 🌑 dark regime at the ASIA read: 1/7 regime fields unavailable (vix_level) — plan still trustworthy
09-08 16:50:48 [INFO] trader/auto_trader.go:44 [trader_id=stage-a-benchmark] 🔬 detector recorded: 0 new episode(s) · pool 9 candidate(s) (8 seated, 1 cut) · k=3 Δ=1.84 band=±5.53 H=12 close · pre-formation bars skipped=41 · levels with no formation time=6
09-08 16:50:48 [INFO] trader/auto_trader.go:44 [trader_id=stage-a-benchmark] 📓 read facts: void=8 · floor=19.3 pts (1.5×ATR5m 12.89) · scope=1m×300 since=1788818400000 (cap 500)
09-08 16:50:48 [INFO] trader/auto_trader.go:44 [trader_id=stage-a-benchmark] 🗺️ G2 HTF detection @ASIA: 90 level(s) map[EQH·15m:1 EQH·1h:1 EQH·4h:1 EQL·15m:1 EQL·1h:1 EQL·4h:1 iFVG(bull)·15m:28 iFVG(bull)·1h:28 iFVG(bull)·4h:28]
09-08 16:50:48 [INFO] kernel/levels_score.go:611 🗺️ seated 9/22 in-band levels (proximity band ±38pt, 9 of them retained)
09-08 16:50:48 [WARN] trader/auto_trader.go:49 [trader_id=stage-a-benchmark] 🌑 dark regime at the ASIA read: 1/7 regime fields unavailable (vix_level) — plan still trustworthy
09-08 16:50:48 [INFO] trader/auto_trader.go:44 [trader_id=stage-a-benchmark] 🔬 detector recorded: 0 new episode(s) · pool 9 candidate(s) (8 seated, 1 cut) · k=3 Δ=1.84 band=±5.53 H=12 close · pre-formation bars skipped=41 · levels with no formation time=6
09-08 16:50:48 [INFO] trader/auto_trader.go:44 [trader_id=stage-a-benchmark] 📓 read facts: void=8 · floor=19.3 pts (1.5×ATR5m 12.89) · scope=1m×300 since=1788818400000 (cap 500)
09-08 16:50:48 [INFO] trader/auto_trader.go:44 [trader_id=stage-a-benchmark] 🗺️ G2 HTF detection @ASIA: 90 level(s) map[EQH·15m:1 EQH·1h:1 EQH·4h:1 EQL·15m:1 EQL·1h:1 EQL·4h:1 iFVG(bull)·15m:28 iFVG(bull)·1h:28 iFVG(bull)·4h:28]
09-08 16:50:48 [INFO] kernel/levels_score.go:611 🗺️ seated 9/22 in-band levels (proximity band ±38pt, 9 of them retained)
09-08 16:50:48 [WARN] trader/auto_trader.go:49 [trader_id=stage-a-benchmark] 🌑 dark regime at the ASIA read: 1/7 regime fields unavailable (vix_level) — plan still trustworthy
09-08 16:50:48 [INFO] trader/auto_trader.go:44 [trader_id=stage-a-benchmark] 🔬 detector recorded: 0 new episode(s) · pool 9 candidate(s) (8 seated, 1 cut) · k=3 Δ=1.84 band=±5.53 H=12 close · pre-formation bars skipped=41 · levels with no formation time=6
09-08 16:50:48 [INFO] trader/auto_trader.go:44 [trader_id=stage-a-benchmark] 📓 read facts: void=8 · floor=19.3 pts (1.5×ATR5m 12.89) · scope=1m×300 since=1788818400000 (cap 500)
09-08 16:50:48 [INFO] trader/auto_trader.go:44 [trader_id=stage-a-benchmark] 🗺️ G2 HTF detection @ASIA: 90 level(s) map[EQH·15m:1 EQH·1h:1 EQH·4h:1 EQL·15m:1 EQL·1h:1 EQL·4h:1 iFVG(bull)·15m:28 iFVG(bull)·1h:28 iFVG(bull)·4h:28]
09-08 16:50:48 [INFO] kernel/levels_score.go:611 🗺️ seated 9/22 in-band levels (proximity band ±38pt, 9 of them retained)
09-08 16:50:48 [WARN] trader/auto_trader.go:49 [trader_id=stage-a-benchmark] 🌑 dark regime at the ASIA read: 1/7 regime fields unavailable (vix_level) — plan still trustworthy
09-08 16:50:48 [INFO] trader/auto_trader.go:44 [trader_id=stage-a-benchmark] 🔬 detector recorded: 0 new episode(s) · pool 9 candidate(s) (8 seated, 1 cut) · k=3 Δ=1.84 band=±5.53 H=12 close · pre-formation bars skipped=41 · levels with no formation time=6
09-08 16:50:48 [INFO] trader/auto_trader.go:44 [trader_id=stage-a-benchmark] 📓 read facts: void=8 · floor=19.3 pts (1.5×ATR5m 12.89) · scope=1m×300 since=1788818400000 (cap 500)
09-08 16:50:48 [INFO] trader/auto_trader.go:44 [trader_id=stage-a-benchmark] 🗺️ G2 HTF detection @ASIA: 90 level(s) map[EQH·15m:1 EQH·1h:1 EQH·4h:1 EQL·15m:1 EQL·1h:1 EQL·4h:1 iFVG(bull)·15m:28 iFVG(bull)·1h:28 iFVG(bull)·4h:28]
09-08 16:50:48 [INFO] kernel/levels_score.go:611 🗺️ seated 9/22 in-band levels (proximity band ±38pt, 9 of them retained)
09-08 16:50:48 [WARN] trader/auto_trader.go:49 [trader_id=stage-a-benchmark] 🌑 dark regime at the ASIA read: 1/7 regime fields unavailable (vix_level) — plan still trustworthy
09-08 16:50:48 [INFO] trader/auto_trader.go:44 [trader_id=stage-a-benchmark] 🔬 detector recorded: 0 new episode(s) · pool 9 candidate(s) (8 seated, 1 cut) · k=3 Δ=1.84 band=±5.53 H=12 close · pre-formation bars skipped=41 · levels with no formation time=6
09-08 16:50:48 [INFO] trader/auto_trader.go:44 [trader_id=stage-a-benchmark] 📓 read facts: void=8 · floor=19.3 pts (1.5×ATR5m 12.89) · scope=1m×300 since=1788818400000 (cap 500)
09-08 16:50:48 [INFO] trader/auto_trader.go:44 [trader_id=stage-a-benchmark] 🗺️ G2 HTF detection @ASIA: 90 level(s) map[EQH·15m:1 EQH·1h:1 EQH·4h:1 EQL·15m:1 EQL·1h:1 EQL·4h:1 iFVG(bull)·15m:28 iFVG(bull)·1h:28 iFVG(bull)·4h:28]
09-08 16:50:48 [INFO] kernel/levels_score.go:611 🗺️ seated 9/22 in-band levels (proximity band ±38pt, 9 of them retained)
09-08 16:50:48 [WARN] trader/auto_trader.go:49 [trader_id=stage-a-benchmark] 🌑 dark regime at the ASIA read: 1/7 regime fields unavailable (vix_level) — plan still trustworthy
09-08 16:50:48 [INFO] trader/auto_trader.go:44 [trader_id=stage-a-benchmark] 🔬 detector recorded: 0 new episode(s) · pool 9 candidate(s) (8 seated, 1 cut) · k=3 Δ=1.84 band=±5.53 H=12 close · pre-formation bars skipped=41 · levels with no formation time=6
09-08 16:50:48 [INFO] trader/auto_trader.go:44 [trader_id=stage-a-benchmark] 📓 read facts: void=8 · floor=19.3 pts (1.5×ATR5m 12.89) · scope=1m×300 since=1788818400000 (cap 500)
09-08 16:50:48 [INFO] trader/auto_trader.go:44 [trader_id=stage-a-benchmark] 🗺️ G2 HTF detection @ASIA: 90 level(s) map[EQH·15m:1 EQH·1h:1 EQH·4h:1 EQL·15m:1 EQL·1h:1 EQL·4h:1 iFVG(bull)·15m:28 iFVG(bull)·1h:28 iFVG(bull)·4h:28]
09-08 16:50:48 [INFO] kernel/levels_score.go:611 🗺️ seated 9/22 in-band levels (proximity band ±38pt, 9 of them retained)
09-08 16:50:48 [WARN] trader/auto_trader.go:49 [trader_id=stage-a-benchmark] 🌑 dark regime at the ASIA read: 1/7 regime fields unavailable (vix_level) — plan still trustworthy
09-08 16:50:48 [INFO] trader/auto_trader.go:44 [trader_id=stage-a-benchmark] 🔬 detector recorded: 0 new episode(s) · pool 9 candidate(s) (8 seated, 1 cut) · k=3 Δ=1.84 band=±5.53 H=12 close · pre-formation bars skipped=41 · levels with no formation time=6
09-08 16:50:48 [INFO] trader/auto_trader.go:44 [trader_id=stage-a-benchmark] 📓 read facts: void=8 · floor=19.3 pts (1.5×ATR5m 12.89) · scope=1m×300 since=1788818400000 (cap 500)
09-08 16:50:48 [INFO] trader/auto_trader.go:44 [trader_id=stage-a-benchmark] 🗺️ G2 HTF detection @ASIA: 90 level(s) map[EQH·15m:1 EQH·1h:1 EQH·4h:1 EQL·15m:1 EQL·1h:1 EQL·4h:1 iFVG(bull)·15m:28 iFVG(bull)·1h:28 iFVG(bull)·4h:28]
09-08 16:50:48 [INFO] kernel/levels_score.go:611 🗺️ seated 9/22 in-band levels (proximity band ±38pt, 9 of them retained)
09-08 16:50:48 [WARN] trader/auto_trader.go:49 [trader_id=stage-a-benchmark] 🌑 dark regime at the ASIA read: 1/7 regime fields unavailable (vix_level) — plan still trustworthy
09-08 16:50:48 [INFO] trader/auto_trader.go:44 [trader_id=stage-a-benchmark] 🔬 detector recorded: 0 new episode(s) · pool 9 candidate(s) (8 seated, 1 cut) · k=3 Δ=1.84 band=±5.53 H=12 close · pre-formation bars skipped=41 · levels with no formation time=6
09-08 16:50:48 [INFO] trader/auto_trader.go:44 [trader_id=stage-a-benchmark] 📓 read facts: void=8 · floor=19.3 pts (1.5×ATR5m 12.89) · scope=1m×300 since=1788818400000 (cap 500)
09-08 16:50:48 [INFO] trader/auto_trader.go:44 [trader_id=stage-a-benchmark] 🗺️ G2 HTF detection @ASIA: 90 level(s) map[EQH·15m:1 EQH·1h:1 EQH·4h:1 EQL·15m:1 EQL·1h:1 EQL·4h:1 iFVG(bull)·15m:28 iFVG(bull)·1h:28 iFVG(bull)·4h:28]
09-08 16:50:48 [INFO] kernel/levels_score.go:611 🗺️ seated 9/22 in-band levels (proximity band ±38pt, 9 of them retained)
09-08 16:50:48 [WARN] trader/auto_trader.go:49 [trader_id=stage-a-benchmark] 🌑 dark regime at the ASIA read: 1/7 regime fields unavailable (vix_level) — plan still trustworthy
09-08 16:50:48 [INFO] trader/auto_trader.go:44 [trader_id=stage-a-benchmark] 🔬 detector recorded: 0 new episode(s) · pool 9 candidate(s) (8 seated, 1 cut) · k=3 Δ=1.84 band=±5.53 H=12 close · pre-formation bars skipped=41 · levels with no formation time=6
09-08 16:50:48 [INFO] trader/auto_trader.go:44 [trader_id=stage-a-benchmark] 📓 read facts: void=8 · floor=19.3 pts (1.5×ATR5m 12.89) · scope=1m×300 since=1788818400000 (cap 500)
09-08 16:50:48 [INFO] trader/auto_trader.go:44 [trader_id=stage-a-benchmark] 🗺️ G2 HTF detection @ASIA: 90 level(s) map[EQH·15m:1 EQH·1h:1 EQH·4h:1 EQL·15m:1 EQL·1h:1 EQL·4h:1 iFVG(bull)·15m:28 iFVG(bull)·1h:28 iFVG(bull)·4h:28]
09-08 16:50:48 [INFO] kernel/levels_score.go:611 🗺️ seated 9/22 in-band levels (proximity band ±38pt, 9 of them retained)
09-08 16:50:48 [WARN] trader/auto_trader.go:49 [trader_id=stage-a-benchmark] 🌑 dark regime at the ASIA read: 1/7 regime fields unavailable (vix_level) — plan still trustworthy
09-08 16:50:48 [INFO] trader/auto_trader.go:44 [trader_id=stage-a-benchmark] 🔬 detector recorded: 0 new episode(s) · pool 9 candidate(s) (8 seated, 1 cut) · k=3 Δ=1.84 band=±5.53 H=12 close · pre-formation bars skipped=41 · levels with no formation time=6
09-08 16:50:48 [INFO] trader/auto_trader.go:44 [trader_id=stage-a-benchmark] 📓 read facts: void=8 · floor=19.3 pts (1.5×ATR5m 12.89) · scope=1m×300 since=1788818400000 (cap 500)
09-08 16:50:48 [INFO] trader/auto_trader.go:44 [trader_id=stage-a-benchmark] 🗺️ G2 HTF detection @ASIA: 90 level(s) map[EQH·15m:1 EQH·1h:1 EQH·4h:1 EQL·15m:1 EQL·1h:1 EQL·4h:1 iFVG(bull)·15m:28 iFVG(bull)·1h:28 iFVG(bull)·4h:28]
09-08 16:50:48 [INFO] kernel/levels_score.go:611 🗺️ seated 9/22 in-band levels (proximity band ±38pt, 9 of them retained)
09-08 16:50:48 [WARN] trader/auto_trader.go:49 [trader_id=stage-a-benchmark] 🌑 dark regime at the ASIA read: 1/7 regime fields unavailable (vix_level) — plan still trustworthy
09-08 16:50:48 [INFO] trader/auto_trader.go:44 [trader_id=stage-a-benchmark] 🔬 detector recorded: 0 new episode(s) · pool 9 candidate(s) (8 seated, 1 cut) · k=3 Δ=1.84 band=±5.53 H=12 close · pre-formation bars skipped=41 · levels with no formation time=6
09-08 16:50:48 [INFO] trader/auto_trader.go:44 [trader_id=stage-a-benchmark] 📓 read facts: void=8 · floor=19.3 pts (1.5×ATR5m 12.89) · scope=1m×300 since=1788818400000 (cap 500)
09-08 16:50:48 [INFO] trader/auto_trader.go:44 [trader_id=stage-a-benchmark] 🗺️ G2 HTF detection @ASIA: 90 level(s) map[EQH·15m:1 EQH·1h:1 EQH·4h:1 EQL·15m:1 EQL·1h:1 EQL·4h:1 iFVG(bull)·15m:28 iFVG(bull)·1h:28 iFVG(bull)·4h:28]
09-08 16:50:48 [INFO] kernel/levels_score.go:611 🗺️ seated 9/22 in-band levels (proximity band ±38pt, 9 of them retained)
09-08 16:50:48 [WARN] trader/auto_trader.go:49 [trader_id=stage-a-benchmark] 🌑 dark regime at the ASIA read: 1/7 regime fields unavailable (vix_level) — plan still trustworthy
09-08 16:50:48 [INFO] trader/auto_trader.go:44 [trader_id=stage-a-benchmark] 🔬 detector recorded: 0 new episode(s) · pool 9 candidate(s) (8 seated, 1 cut) · k=3 Δ=1.84 band=±5.53 H=12 close · pre-formation bars skipped=41 · levels with no formation time=6
09-08 16:50:48 [INFO] trader/auto_trader.go:44 [trader_id=stage-a-benchmark] 📓 read facts: void=8 · floor=19.3 pts (1.5×ATR5m 12.89) · scope=1m×300 since=1788818400000 (cap 500)
09-08 16:50:48 [INFO] trader/auto_trader.go:44 [trader_id=stage-a-benchmark] 🗺️ G2 HTF detection @ASIA: 90 level(s) map[EQH·15m:1 EQH·1h:1 EQH·4h:1 EQL·15m:1 EQL·1h:1 EQL·4h:1 iFVG(bull)·15m:28 iFVG(bull)·1h:28 iFVG(bull)·4h:28]
09-08 16:50:48 [INFO] kernel/levels_score.go:611 🗺️ seated 9/22 in-band levels (proximity band ±38pt, 9 of them retained)
09-08 16:50:48 [WARN] trader/auto_trader.go:49 [trader_id=stage-a-benchmark] 🌑 dark regime at the ASIA read: 1/7 regime fields unavailable (vix_level) — plan still trustworthy
09-08 16:50:48 [INFO] trader/auto_trader.go:44 [trader_id=stage-a-benchmark] 🔬 detector recorded: 0 new episode(s) · pool 9 candidate(s) (8 seated, 1 cut) · k=3 Δ=1.84 band=±5.53 H=12 close · pre-formation bars skipped=41 · levels with no formation time=6
09-08 16:50:48 [INFO] trader/auto_trader.go:44 [trader_id=stage-a-benchmark] 📓 read facts: void=8 · floor=19.3 pts (1.5×ATR5m 12.89) · scope=1m×300 since=1788818400000 (cap 500)
09-08 16:50:48 [INFO] trader/auto_trader.go:44 [trader_id=stage-a-benchmark] 🗺️ G2 HTF detection @ASIA: 90 level(s) map[EQH·15m:1 EQH·1h:1 EQH·4h:1 EQL·15m:1 EQL·1h:1 EQL·4h:1 iFVG(bull)·15m:28 iFVG(bull)·1h:28 iFVG(bull)·4h:28]
09-08 16:50:48 [INFO] kernel/levels_score.go:611 🗺️ seated 9/22 in-band levels (proximity band ±38pt, 9 of them retained)
09-08 16:50:48 [WARN] trader/auto_trader.go:49 [trader_id=stage-a-benchmark] 🌑 dark regime at the ASIA read: 1/7 regime fields unavailable (vix_level) — plan still trustworthy
09-08 16:50:48 [INFO] trader/auto_trader.go:44 [trader_id=stage-a-benchmark] 🔬 detector recorded: 0 new episode(s) · pool 9 candidate(s) (8 seated, 1 cut) · k=3 Δ=1.84 band=±5.53 H=12 close · pre-formation bars skipped=41 · levels with no formation time=6
09-08 16:50:48 [INFO] trader/auto_trader.go:44 [trader_id=stage-a-benchmark] 📓 read facts: void=8 · floor=19.3 pts (1.5×ATR5m 12.89) · scope=1m×300 since=1788818400000 (cap 500)
09-08 16:50:48 [INFO] trader/auto_trader.go:44 [trader_id=stage-a-benchmark] 🗺️ G2 HTF detection @ASIA: 90 level(s) map[EQH·15m:1 EQH·1h:1 EQH·4h:1 EQL·15m:1 EQL·1h:1 EQL·4h:1 iFVG(bull)·15m:28 iFVG(bull)·1h:28 iFVG(bull)·4h:28]
09-08 16:50:48 [INFO] kernel/levels_score.go:611 🗺️ seated 9/22 in-band levels (proximity band ±38pt, 9 of them retained)
09-08 16:50:48 [WARN] trader/auto_trader.go:49 [trader_id=stage-a-benchmark] 🌑 dark regime at the ASIA read: 1/7 regime fields unavailable (vix_level) — plan still trustworthy
09-08 16:50:48 [INFO] trader/auto_trader.go:44 [trader_id=stage-a-benchmark] 🔬 detector recorded: 0 new episode(s) · pool 9 candidate(s) (8 seated, 1 cut) · k=3 Δ=1.84 band=±5.53 H=12 close · pre-formation bars skipped=41 · levels with no formation time=6
09-08 16:50:48 [INFO] trader/auto_trader.go:44 [trader_id=stage-a-benchmark] 📓 read facts: void=8 · floor=19.3 pts (1.5×ATR5m 12.89) · scope=1m×300 since=1788818400000 (cap 500)
09-08 16:50:48 [INFO] trader/auto_trader.go:44 [trader_id=stage-a-benchmark] 🗺️ G2 HTF detection @ASIA: 90 level(s) map[EQH·15m:1 EQH·1h:1 EQH·4h:1 EQL·15m:1 EQL·1h:1 EQL·4h:1 iFVG(bull)·15m:28 iFVG(bull)·1h:28 iFVG(bull)·4h:28]
09-08 16:50:48 [INFO] kernel/levels_score.go:611 🗺️ seated 9/22 in-band levels (proximity band ±38pt, 9 of them retained)
09-08 16:50:48 [WARN] trader/auto_trader.go:49 [trader_id=stage-a-benchmark] 🌑 dark regime at the ASIA read: 1/7 regime fields unavailable (vix_level) — plan still trustworthy
09-08 16:50:48 [INFO] trader/auto_trader.go:44 [trader_id=stage-a-benchmark] 🔬 detector recorded: 0 new episode(s) · pool 9 candidate(s) (8 seated, 1 cut) · k=3 Δ=1.84 band=±5.53 H=12 close · pre-formation bars skipped=41 · levels with no formation time=6
09-08 16:50:48 [INFO] trader/auto_trader.go:44 [trader_id=stage-a-benchmark] 📓 read facts: void=8 · floor=19.3 pts (1.5×ATR5m 12.89) · scope=1m×300 since=1788818400000 (cap 500)
09-08 16:50:48 [INFO] trader/auto_trader.go:44 [trader_id=stage-a-benchmark] 🗺️ G2 HTF detection @ASIA: 90 level(s) map[EQH·15m:1 EQH·1h:1 EQH·4h:1 EQL·15m:1 EQL·1h:1 EQL·4h:1 iFVG(bull)·15m:28 iFVG(bull)·1h:28 iFVG(bull)·4h:28]
09-08 16:50:48 [INFO] kernel/levels_score.go:611 🗺️ seated 9/22 in-band levels (proximity band ±38pt, 9 of them retained)
09-08 16:50:48 [WARN] trader/auto_trader.go:49 [trader_id=stage-a-benchmark] 🌑 dark regime at the ASIA read: 1/7 regime fields unavailable (vix_level) — plan still trustworthy
09-08 16:50:48 [INFO] trader/auto_trader.go:44 [trader_id=stage-a-benchmark] 🔬 detector recorded: 0 new episode(s) · pool 9 candidate(s) (8 seated, 1 cut) · k=3 Δ=1.84 band=±5.53 H=12 close · pre-formation bars skipped=41 · levels with no formation time=6
09-08 16:50:48 [INFO] trader/auto_trader.go:44 [trader_id=stage-a-benchmark] 📓 read facts: void=8 · floor=19.3 pts (1.5×ATR5m 12.89) · scope=1m×300 since=1788818400000 (cap 500)
09-08 16:50:48 [INFO] trader/auto_trader.go:44 [trader_id=stage-a-benchmark] 🗺️ G2 HTF detection @ASIA: 90 level(s) map[EQH·15m:1 EQH·1h:1 EQH·4h:1 EQL·15m:1 EQL·1h:1 EQL·4h:1 iFVG(bull)·15m:28 iFVG(bull)·1h:28 iFVG(bull)·4h:28]
09-08 16:50:48 [INFO] kernel/levels_score.go:611 🗺️ seated 9/22 in-band levels (proximity band ±38pt, 9 of them retained)
09-08 16:50:48 [WARN] trader/auto_trader.go:49 [trader_id=stage-a-benchmark] 🌑 dark regime at the ASIA read: 1/7 regime fields unavailable (vix_level) — plan still trustworthy
09-08 16:50:48 [INFO] trader/auto_trader.go:44 [trader_id=stage-a-benchmark] 🔬 detector recorded: 0 new episode(s) · pool 9 candidate(s) (8 seated, 1 cut) · k=3 Δ=1.84 band=±5.53 H=12 close · pre-formation bars skipped=41 · levels with no formation time=6
09-08 16:50:48 [INFO] trader/auto_trader.go:44 [trader_id=stage-a-benchmark] 📓 read facts: void=8 · floor=19.3 pts (1.5×ATR5m 12.89) · scope=1m×300 since=1788818400000 (cap 500)
09-08 16:50:48 [INFO] trader/auto_trader.go:44 [trader_id=stage-a-benchmark] 🗺️ G2 HTF detection @ASIA: 90 level(s) map[EQH·15m:1 EQH·1h:1 EQH·4h:1 EQL·15m:1 EQL·1h:1 EQL·4h:1 iFVG(bull)·15m:28 iFVG(bull)·1h:28 iFVG(bull)·4h:28]
09-08 16:50:48 [INFO] kernel/levels_score.go:611 🗺️ seated 9/22 in-band levels (proximity band ±38pt, 9 of them retained)
09-08 16:50:48 [WARN] trader/auto_trader.go:49 [trader_id=stage-a-benchmark] 🌑 dark regime at the ASIA read: 1/7 regime fields unavailable (vix_level) — plan still trustworthy
09-08 16:50:48 [INFO] trader/auto_trader.go:44 [trader_id=stage-a-benchmark] 🔬 detector recorded: 0 new episode(s) · pool 9 candidate(s) (8 seated, 1 cut) · k=3 Δ=1.84 band=±5.53 H=12 close · pre-formation bars skipped=41 · levels with no formation time=6
09-08 16:50:48 [INFO] trader/auto_trader.go:44 [trader_id=stage-a-benchmark] 📓 read facts: void=8 · floor=19.3 pts (1.5×ATR5m 12.89) · scope=1m×300 since=1788818400000 (cap 500)
09-08 16:50:48 [INFO] trader/auto_trader.go:44 [trader_id=stage-a-benchmark] 🗺️ G2 HTF detection @ASIA: 90 level(s) map[EQH·15m:1 EQH·1h:1 EQH·4h:1 EQL·15m:1 EQL·1h:1 EQL·4h:1 iFVG(bull)·15m:28 iFVG(bull)·1h:28 iFVG(bull)·4h:28]
09-08 16:50:48 [INFO] kernel/levels_score.go:611 🗺️ seated 9/22 in-band levels (proximity band ±38pt, 9 of them retained)
09-08 16:50:48 [WARN] trader/auto_trader.go:49 [trader_id=stage-a-benchmark] 🌑 dark regime at the ASIA read: 1/7 regime fields unavailable (vix_level) — plan still trustworthy
09-08 16:50:48 [INFO] trader/auto_trader.go:44 [trader_id=stage-a-benchmark] 🔬 detector recorded: 0 new episode(s) · pool 9 candidate(s) (8 seated, 1 cut) · k=3 Δ=1.84 band=±5.53 H=12 close · pre-formation bars skipped=41 · levels with no formation time=6
09-08 16:50:48 [INFO] trader/auto_trader.go:44 [trader_id=stage-a-benchmark] 📓 read facts: void=8 · floor=19.3 pts (1.5×ATR5m 12.89) · scope=1m×300 since=1788818400000 (cap 500)
09-08 16:50:48 [INFO] trader/auto_trader.go:44 [trader_id=stage-a-benchmark] 🗺️ G2 HTF detection @ASIA: 90 level(s) map[EQH·15m:1 EQH·1h:1 EQH·4h:1 EQL·15m:1 EQL·1h:1 EQL·4h:1 iFVG(bull)·15m:28 iFVG(bull)·1h:28 iFVG(bull)·4h:28]
09-08 16:50:48 [INFO] kernel/levels_score.go:611 🗺️ seated 9/22 in-band levels (proximity band ±38pt, 9 of them retained)
09-08 16:50:48 [WARN] trader/auto_trader.go:49 [trader_id=stage-a-benchmark] 🌑 dark regime at the ASIA read: 1/7 regime fields unavailable (vix_level) — plan still trustworthy
09-08 16:50:48 [INFO] trader/auto_trader.go:44 [trader_id=stage-a-benchmark] 🔬 detector recorded: 0 new episode(s) · pool 9 candidate(s) (8 seated, 1 cut) · k=3 Δ=1.84 band=±5.53 H=12 close · pre-formation bars skipped=41 · levels with no formation time=6
09-08 16:50:48 [INFO] trader/auto_trader.go:44 [trader_id=stage-a-benchmark] 📓 read facts: void=8 · floor=19.3 pts (1.5×ATR5m 12.89) · scope=1m×300 since=1788818400000 (cap 500)
09-08 16:50:48 [INFO] trader/auto_trader.go:44 [trader_id=stage-a-benchmark] 🗺️ G2 HTF detection @ASIA: 90 level(s) map[EQH·15m:1 EQH·1h:1 EQH·4h:1 EQL·15m:1 EQL·1h:1 EQL·4h:1 iFVG(bull)·15m:28 iFVG(bull)·1h:28 iFVG(bull)·4h:28]
09-08 16:50:48 [INFO] kernel/levels_score.go:611 🗺️ seated 9/22 in-band levels (proximity band ±38pt, 9 of them retained)
09-08 16:50:48 [WARN] trader/auto_trader.go:49 [trader_id=stage-a-benchmark] 🌑 dark regime at the ASIA read: 1/7 regime fields unavailable (vix_level) — plan still trustworthy
09-08 16:50:48 [INFO] trader/auto_trader.go:44 [trader_id=stage-a-benchmark] 🔬 detector recorded: 0 new episode(s) · pool 9 candidate(s) (8 seated, 1 cut) · k=3 Δ=1.84 band=±5.53 H=12 close · pre-formation bars skipped=41 · levels with no formation time=6
09-08 16:50:48 [INFO] trader/auto_trader.go:44 [trader_id=stage-a-benchmark] 📓 read facts: void=8 · floor=19.3 pts (1.5×ATR5m 12.89) · scope=1m×300 since=1788818400000 (cap 500)
09-08 16:50:48 [INFO] trader/auto_trader.go:44 [trader_id=stage-a-benchmark] 🗺️ G2 HTF detection @ASIA: 90 level(s) map[EQH·15m:1 EQH·1h:1 EQH·4h:1 EQL·15m:1 EQL·1h:1 EQL·4h:1 iFVG(bull)·15m:28 iFVG(bull)·1h:28 iFVG(bull)·4h:28]
09-08 16:50:48 [INFO] kernel/levels_score.go:611 🗺️ seated 9/22 in-band levels (proximity band ±38pt, 9 of them retained)
09-08 16:50:48 [WARN] trader/auto_trader.go:49 [trader_id=stage-a-benchmark] 🌑 dark regime at the ASIA read: 1/7 regime fields unavailable (vix_level) — plan still trustworthy
09-08 16:50:48 [INFO] trader/auto_trader.go:44 [trader_id=stage-a-benchmark] 🔬 detector recorded: 0 new episode(s) · pool 9 candidate(s) (8 seated, 1 cut) · k=3 Δ=1.84 band=±5.53 H=12 close · pre-formation bars skipped=41 · levels with no formation time=6
09-08 16:50:48 [INFO] trader/auto_trader.go:44 [trader_id=stage-a-benchmark] 📓 read facts: void=8 · floor=19.3 pts (1.5×ATR5m 12.89) · scope=1m×300 since=1788818400000 (cap 500)
09-08 16:50:48 [INFO] trader/auto_trader.go:44 [trader_id=stage-a-benchmark] 🗺️ G2 HTF detection @ASIA: 90 level(s) map[EQH·15m:1 EQH·1h:1 EQH·4h:1 EQL·15m:1 EQL·1h:1 EQL·4h:1 iFVG(bull)·15m:28 iFVG(bull)·1h:28 iFVG(bull)·4h:28]
09-08 16:50:48 [INFO] kernel/levels_score.go:611 🗺️ seated 9/22 in-band levels (proximity band ±38pt, 9 of them retained)
09-08 16:50:48 [WARN] trader/auto_trader.go:49 [trader_id=stage-a-benchmark] 🌑 dark regime at the ASIA read: 1/7 regime fields unavailable (vix_level) — plan still trustworthy
09-08 16:50:48 [INFO] trader/auto_trader.go:44 [trader_id=stage-a-benchmark] 🔬 detector recorded: 0 new episode(s) · pool 9 candidate(s) (8 seated, 1 cut) · k=3 Δ=1.84 band=±5.53 H=12 close · pre-formation bars skipped=41 · levels with no formation time=6
09-08 16:50:48 [INFO] trader/auto_trader.go:44 [trader_id=stage-a-benchmark] 📓 read facts: void=8 · floor=19.3 pts (1.5×ATR5m 12.89) · scope=1m×300 since=1788818400000 (cap 500)
09-08 16:50:48 [INFO] trader/auto_trader.go:44 [trader_id=stage-a-benchmark] 🗺️ G2 HTF detection @ASIA: 90 level(s) map[EQH·15m:1 EQH·1h:1 EQH·4h:1 EQL·15m:1 EQL·1h:1 EQL·4h:1 iFVG(bull)·15m:28 iFVG(bull)·1h:28 iFVG(bull)·4h:28]
09-08 16:50:48 [INFO] kernel/levels_score.go:611 🗺️ seated 9/22 in-band levels (proximity band ±38pt, 9 of them retained)
09-08 16:50:48 [WARN] trader/auto_trader.go:49 [trader_id=stage-a-benchmark] 🌑 dark regime at the ASIA read: 1/7 regime fields unavailable (vix_level) — plan still trustworthy
09-08 16:50:48 [INFO] trader/auto_trader.go:44 [trader_id=stage-a-benchmark] 🔬 detector recorded: 0 new episode(s) · pool 9 candidate(s) (8 seated, 1 cut) · k=3 Δ=1.84 band=±5.53 H=12 close · pre-formation bars skipped=41 · levels with no formation time=6
09-08 16:50:48 [INFO] trader/auto_trader.go:44 [trader_id=stage-a-benchmark] 📓 read facts: void=8 · floor=19.3 pts (1.5×ATR5m 12.89) · scope=1m×300 since=1788818400000 (cap 500)
09-08 16:50:48 [INFO] trader/auto_trader.go:44 [trader_id=stage-a-benchmark] 🗺️ G2 HTF detection @ASIA: 90 level(s) map[EQH·15m:1 EQH·1h:1 EQH·4h:1 EQL·15m:1 EQL·1h:1 EQL·4h:1 iFVG(bull)·15m:28 iFVG(bull)·1h:28 iFVG(bull)·4h:28]
09-08 16:50:48 [INFO] kernel/levels_score.go:611 🗺️ seated 9/22 in-band levels (proximity band ±38pt, 9 of them retained)
09-08 16:50:48 [WARN] trader/auto_trader.go:49 [trader_id=stage-a-benchmark] 🌑 dark regime at the ASIA read: 1/7 regime fields unavailable (vix_level) — plan still trustworthy
09-08 16:50:48 [INFO] trader/auto_trader.go:44 [trader_id=stage-a-benchmark] 🔬 detector recorded: 0 new episode(s) · pool 9 candidate(s) (8 seated, 1 cut) · k=3 Δ=1.84 band=±5.53 H=12 close · pre-formation bars skipped=41 · levels with no formation time=6
09-08 16:50:48 [INFO] trader/auto_trader.go:44 [trader_id=stage-a-benchmark] 📓 read facts: void=8 · floor=19.3 pts (1.5×ATR5m 12.89) · scope=1m×300 since=1788818400000 (cap 500)
09-08 16:50:48 [INFO] trader/auto_trader.go:44 [trader_id=stage-a-benchmark] 🗺️ G2 HTF detection @ASIA: 90 level(s) map[EQH·15m:1 EQH·1h:1 EQH·4h:1 EQL·15m:1 EQL·1h:1 EQL·4h:1 iFVG(bull)·15m:28 iFVG(bull)·1h:28 iFVG(bull)·4h:28]
09-08 16:50:48 [INFO] kernel/levels_score.go:611 🗺️ seated 9/22 in-band levels (proximity band ±38pt, 9 of them retained)
09-08 16:50:48 [WARN] trader/auto_trader.go:49 [trader_id=stage-a-benchmark] 🌑 dark regime at the ASIA read: 1/7 regime fields unavailable (vix_level) — plan still trustworthy
09-08 16:50:48 [INFO] trader/auto_trader.go:44 [trader_id=stage-a-benchmark] 🔬 detector recorded: 0 new episode(s) · pool 9 candidate(s) (8 seated, 1 cut) · k=3 Δ=1.84 band=±5.53 H=12 close · pre-formation bars skipped=41 · levels with no formation time=6
09-08 16:50:48 [INFO] trader/auto_trader.go:44 [trader_id=stage-a-benchmark] 📓 read facts: void=8 · floor=19.3 pts (1.5×ATR5m 12.89) · scope=1m×300 since=1788818400000 (cap 500)
09-08 16:50:48 [INFO] trader/auto_trader.go:44 [trader_id=stage-a-benchmark] 🗺️ G2 HTF detection @ASIA: 90 level(s) map[EQH·15m:1 EQH·1h:1 EQH·4h:1 EQL·15m:1 EQL·1h:1 EQL·4h:1 iFVG(bull)·15m:28 iFVG(bull)·1h:28 iFVG(bull)·4h:28]
09-08 16:50:48 [INFO] kernel/levels_score.go:611 🗺️ seated 9/22 in-band levels (proximity band ±38pt, 9 of them retained)
09-08 16:50:48 [WARN] trader/auto_trader.go:49 [trader_id=stage-a-benchmark] 🌑 dark regime at the ASIA read: 1/7 regime fields unavailable (vix_level) — plan still trustworthy
09-08 16:50:48 [INFO] trader/auto_trader.go:44 [trader_id=stage-a-benchmark] 🔬 detector recorded: 0 new episode(s) · pool 9 candidate(s) (8 seated, 1 cut) · k=3 Δ=1.84 band=±5.53 H=12 close · pre-formation bars skipped=41 · levels with no formation time=6
09-08 16:50:48 [INFO] trader/auto_trader.go:44 [trader_id=stage-a-benchmark] 📓 read facts: void=8 · floor=19.3 pts (1.5×ATR5m 12.89) · scope=1m×300 since=1788818400000 (cap 500)
09-08 16:50:48 [INFO] trader/auto_trader.go:44 [trader_id=stage-a-benchmark] 🗺️ G2 HTF detection @ASIA: 90 level(s) map[EQH·15m:1 EQH·1h:1 EQH·4h:1 EQL·15m:1 EQL·1h:1 EQL·4h:1 iFVG(bull)·15m:28 iFVG(bull)·1h:28 iFVG(bull)·4h:28]
09-08 16:50:48 [INFO] kernel/levels_score.go:611 🗺️ seated 9/22 in-band levels (proximity band ±38pt, 9 of them retained)
09-08 16:50:48 [WARN] trader/auto_trader.go:49 [trader_id=stage-a-benchmark] 🌑 dark regime at the ASIA read: 1/7 regime fields unavailable (vix_level) — plan still trustworthy
09-08 16:50:48 [INFO] trader/auto_trader.go:44 [trader_id=stage-a-benchmark] 🔬 detector recorded: 0 new episode(s) · pool 9 candidate(s) (8 seated, 1 cut) · k=3 Δ=1.84 band=±5.53 H=12 close · pre-formation bars skipped=41 · levels with no formation time=6
09-08 16:50:48 [INFO] trader/auto_trader.go:44 [trader_id=stage-a-benchmark] 📓 read facts: void=8 · floor=19.3 pts (1.5×ATR5m 12.89) · scope=1m×300 since=1788818400000 (cap 500)
09-08 16:50:48 [INFO] trader/auto_trader.go:44 [trader_id=stage-a-benchmark] 🗺️ G2 HTF detection @ASIA: 90 level(s) map[EQH·15m:1 EQH·1h:1 EQH·4h:1 EQL·15m:1 EQL·1h:1 EQL·4h:1 iFVG(bull)·15m:28 iFVG(bull)·1h:28 iFVG(bull)·4h:28]
09-08 16:50:48 [INFO] kernel/levels_score.go:611 🗺️ seated 9/22 in-band levels (proximity band ±38pt, 9 of them retained)
09-08 16:50:48 [WARN] trader/auto_trader.go:49 [trader_id=stage-a-benchmark] 🌑 dark regime at the ASIA read: 1/7 regime fields unavailable (vix_level) — plan still trustworthy
09-08 16:50:48 [INFO] trader/auto_trader.go:44 [trader_id=stage-a-benchmark] 🔬 detector recorded: 0 new episode(s) · pool 9 candidate(s) (8 seated, 1 cut) · k=3 Δ=1.84 band=±5.53 H=12 close · pre-formation bars skipped=41 · levels with no formation time=6
09-08 16:50:48 [INFO] trader/auto_trader.go:44 [trader_id=stage-a-benchmark] 📓 read facts: void=8 · floor=19.3 pts (1.5×ATR5m 12.89) · scope=1m×300 since=1788818400000 (cap 500)
09-08 16:50:48 [INFO] trader/auto_trader.go:44 [trader_id=stage-a-benchmark] 🗺️ G2 HTF detection @ASIA: 90 level(s) map[EQH·15m:1 EQH·1h:1 EQH·4h:1 EQL·15m:1 EQL·1h:1 EQL·4h:1 iFVG(bull)·15m:28 iFVG(bull)·1h:28 iFVG(bull)·4h:28]
09-08 16:50:48 [INFO] kernel/levels_score.go:611 🗺️ seated 9/22 in-band levels (proximity band ±38pt, 9 of them retained)
09-08 16:50:48 [WARN] trader/auto_trader.go:49 [trader_id=stage-a-benchmark] 🌑 dark regime at the ASIA read: 1/7 regime fields unavailable (vix_level) — plan still trustworthy
09-08 16:50:48 [INFO] trader/auto_trader.go:44 [trader_id=stage-a-benchmark] 🔬 detector recorded: 0 new episode(s) · pool 9 candidate(s) (8 seated, 1 cut) · k=3 Δ=1.84 band=±5.53 H=12 close · pre-formation bars skipped=41 · levels with no formation time=6
09-08 16:50:48 [INFO] trader/auto_trader.go:44 [trader_id=stage-a-benchmark] 📓 read facts: void=8 · floor=19.3 pts (1.5×ATR5m 12.89) · scope=1m×300 since=1788818400000 (cap 500)
09-08 16:50:48 [INFO] trader/auto_trader.go:44 [trader_id=stage-a-benchmark] 🗺️ G2 HTF detection @ASIA: 90 level(s) map[EQH·15m:1 EQH·1h:1 EQH·4h:1 EQL·15m:1 EQL·1h:1 EQL·4h:1 iFVG(bull)·15m:28 iFVG(bull)·1h:28 iFVG(bull)·4h:28]
09-08 16:50:48 [INFO] kernel/levels_score.go:611 🗺️ seated 9/22 in-band levels (proximity band ±38pt, 9 of them retained)
09-08 16:50:48 [WARN] trader/auto_trader.go:49 [trader_id=stage-a-benchmark] 🌑 dark regime at the ASIA read: 1/7 regime fields unavailable (vix_level) — plan still trustworthy
09-08 16:50:48 [INFO] trader/auto_trader.go:44 [trader_id=stage-a-benchmark] 🔬 detector recorded: 0 new episode(s) · pool 9 candidate(s) (8 seated, 1 cut) · k=3 Δ=1.84 band=±5.53 H=12 close · pre-formation bars skipped=41 · levels with no formation time=6
09-08 16:50:48 [INFO] trader/auto_trader.go:44 [trader_id=stage-a-benchmark] 📓 read facts: void=8 · floor=19.3 pts (1.5×ATR5m 12.89) · scope=1m×300 since=1788818400000 (cap 500)
09-08 16:50:48 [INFO] trader/auto_trader.go:44 [trader_id=stage-a-benchmark] 🗺️ G2 HTF detection @ASIA: 90 level(s) map[EQH·15m:1 EQH·1h:1 EQH·4h:1 EQL·15m:1 EQL·1h:1 EQL·4h:1 iFVG(bull)·15m:28 iFVG(bull)·1h:28 iFVG(bull)·4h:28]
09-08 16:50:48 [INFO] kernel/levels_score.go:611 🗺️ seated 9/22 in-band levels (proximity band ±38pt, 9 of them retained)
09-08 16:50:48 [WARN] trader/auto_trader.go:49 [trader_id=stage-a-benchmark] 🌑 dark regime at the ASIA read: 1/7 regime fields unavailable (vix_level) — plan still trustworthy
09-08 16:50:48 [INFO] trader/auto_trader.go:44 [trader_id=stage-a-benchmark] 🔬 detector recorded: 0 new episode(s) · pool 9 candidate(s) (8 seated, 1 cut) · k=3 Δ=1.84 band=±5.53 H=12 close · pre-formation bars skipped=41 · levels with no formation time=6
09-08 16:50:48 [INFO] trader/auto_trader.go:44 [trader_id=stage-a-benchmark] 📓 read facts: void=8 · floor=19.3 pts (1.5×ATR5m 12.89) · scope=1m×300 since=1788818400000 (cap 500)
09-08 16:50:48 [INFO] trader/auto_trader.go:44 [trader_id=stage-a-benchmark] 🗺️ G2 HTF detection @ASIA: 90 level(s) map[EQH·15m:1 EQH·1h:1 EQH·4h:1 EQL·15m:1 EQL·1h:1 EQL·4h:1 iFVG(bull)·15m:28 iFVG(bull)·1h:28 iFVG(bull)·4h:28]
09-08 16:50:48 [INFO] kernel/levels_score.go:611 🗺️ seated 9/22 in-band levels (proximity band ±38pt, 9 of them retained)
09-08 16:50:48 [WARN] trader/auto_trader.go:49 [trader_id=stage-a-benchmark] 🌑 dark regime at the ASIA read: 1/7 regime fields unavailable (vix_level) — plan still trustworthy
09-08 16:50:48 [INFO] trader/auto_trader.go:44 [trader_id=stage-a-benchmark] 🔬 detector recorded: 0 new episode(s) · pool 9 candidate(s) (8 seated, 1 cut) · k=3 Δ=1.84 band=±5.53 H=12 close · pre-formation bars skipped=41 · levels with no formation time=6
09-08 16:50:48 [INFO] trader/auto_trader.go:44 [trader_id=stage-a-benchmark] 📓 read facts: void=8 · floor=19.3 pts (1.5×ATR5m 12.89) · scope=1m×300 since=1788818400000 (cap 500)
09-08 16:50:48 [INFO] trader/auto_trader.go:44 [trader_id=stage-a-benchmark] 🗺️ G2 HTF detection @ASIA: 90 level(s) map[EQH·15m:1 EQH·1h:1 EQH·4h:1 EQL·15m:1 EQL·1h:1 EQL·4h:1 iFVG(bull)·15m:28 iFVG(bull)·1h:28 iFVG(bull)·4h:28]
09-08 16:50:48 [INFO] kernel/levels_score.go:611 🗺️ seated 9/22 in-band levels (proximity band ±38pt, 9 of them retained)
09-08 16:50:48 [WARN] trader/auto_trader.go:49 [trader_id=stage-a-benchmark] 🌑 dark regime at the ASIA read: 1/7 regime fields unavailable (vix_level) — plan still trustworthy
09-08 16:50:48 [INFO] trader/auto_trader.go:44 [trader_id=stage-a-benchmark] 🔬 detector recorded: 0 new episode(s) · pool 9 candidate(s) (8 seated, 1 cut) · k=3 Δ=1.84 band=±5.53 H=12 close · pre-formation bars skipped=41 · levels with no formation time=6
09-08 16:50:48 [INFO] trader/auto_trader.go:44 [trader_id=stage-a-benchmark] 📓 read facts: void=8 · floor=19.3 pts (1.5×ATR5m 12.89) · scope=1m×300 since=1788818400000 (cap 500)
09-08 16:50:48 [INFO] trader/auto_trader.go:44 [trader_id=stage-a-benchmark] 🗺️ G2 HTF detection @ASIA: 90 level(s) map[EQH·15m:1 EQH·1h:1 EQH·4h:1 EQL·15m:1 EQL·1h:1 EQL·4h:1 iFVG(bull)·15m:28 iFVG(bull)·1h:28 iFVG(bull)·4h:28]
09-08 16:50:48 [INFO] kernel/levels_score.go:611 🗺️ seated 9/22 in-band levels (proximity band ±38pt, 9 of them retained)
09-08 16:50:48 [WARN] trader/auto_trader.go:49 [trader_id=stage-a-benchmark] 🌑 dark regime at the ASIA read: 1/7 regime fields unavailable (vix_level) — plan still trustworthy
09-08 16:50:48 [INFO] trader/auto_trader.go:44 [trader_id=stage-a-benchmark] 🔬 detector recorded: 0 new episode(s) · pool 9 candidate(s) (8 seated, 1 cut) · k=3 Δ=1.84 band=±5.53 H=12 close · pre-formation bars skipped=41 · levels with no formation time=6
09-08 16:50:48 [INFO] trader/auto_trader.go:44 [trader_id=stage-a-benchmark] 📓 read facts: void=8 · floor=19.3 pts (1.5×ATR5m 12.89) · scope=1m×300 since=1788818400000 (cap 500)
09-08 16:50:48 [INFO] trader/auto_trader.go:44 [trader_id=stage-a-benchmark] 🗺️ G2 HTF detection @ASIA: 90 level(s) map[EQH·15m:1 EQH·1h:1 EQH·4h:1 EQL·15m:1 EQL·1h:1 EQL·4h:1 iFVG(bull)·15m:28 iFVG(bull)·1h:28 iFVG(bull)·4h:28]
09-08 16:50:48 [INFO] kernel/levels_score.go:611 🗺️ seated 9/22 in-band levels (proximity band ±38pt, 9 of them retained)
09-08 16:50:48 [WARN] trader/auto_trader.go:49 [trader_id=stage-a-benchmark] 🌑 dark regime at the ASIA read: 1/7 regime fields unavailable (vix_level) — plan still trustworthy
09-08 16:50:48 [INFO] trader/auto_trader.go:44 [trader_id=stage-a-benchmark] 🔬 detector recorded: 0 new episode(s) · pool 9 candidate(s) (8 seated, 1 cut) · k=3 Δ=1.84 band=±5.53 H=12 close · pre-formation bars skipped=41 · levels with no formation time=6
09-08 16:50:48 [INFO] trader/auto_trader.go:44 [trader_id=stage-a-benchmark] 📓 read facts: void=8 · floor=19.3 pts (1.5×ATR5m 12.89) · scope=1m×300 since=1788818400000 (cap 500)
09-08 16:50:48 [INFO] trader/auto_trader.go:44 [trader_id=stage-a-benchmark] 🗺️ G2 HTF detection @ASIA: 90 level(s) map[EQH·15m:1 EQH·1h:1 EQH·4h:1 EQL·15m:1 EQL·1h:1 EQL·4h:1 iFVG(bull)·15m:28 iFVG(bull)·1h:28 iFVG(bull)·4h:28]
09-08 16:50:48 [INFO] kernel/levels_score.go:611 🗺️ seated 9/22 in-band levels (proximity band ±38pt, 9 of them retained)
09-08 16:50:48 [WARN] trader/auto_trader.go:49 [trader_id=stage-a-benchmark] 🌑 dark regime at the ASIA read: 1/7 regime fields unavailable (vix_level) — plan still trustworthy
09-08 16:50:48 [INFO] trader/auto_trader.go:44 [trader_id=stage-a-benchmark] 🔬 detector recorded: 0 new episode(s) · pool 9 candidate(s) (8 seated, 1 cut) · k=3 Δ=1.84 band=±5.53 H=12 close · pre-formation bars skipped=41 · levels with no formation time=6
09-08 16:50:48 [INFO] trader/auto_trader.go:44 [trader_id=stage-a-benchmark] 📓 read facts: void=8 · floor=19.3 pts (1.5×ATR5m 12.89) · scope=1m×300 since=1788818400000 (cap 500)
09-08 16:50:48 [INFO] trader/auto_trader.go:44 [trader_id=stage-a-benchmark] 🗺️ G2 HTF detection @ASIA: 90 level(s) map[EQH·15m:1 EQH·1h:1 EQH·4h:1 EQL·15m:1 EQL·1h:1 EQL·4h:1 iFVG(bull)·15m:28 iFVG(bull)·1h:28 iFVG(bull)·4h:28]
09-08 16:50:48 [INFO] kernel/levels_score.go:611 🗺️ seated 9/22 in-band levels (proximity band ±38pt, 9 of them retained)
09-08 16:50:48 [WARN] trader/auto_trader.go:49 [trader_id=stage-a-benchmark] 🌑 dark regime at the ASIA read: 1/7 regime fields unavailable (vix_level) — plan still trustworthy
09-08 16:50:48 [INFO] trader/auto_trader.go:44 [trader_id=stage-a-benchmark] 🔬 detector recorded: 0 new episode(s) · pool 9 candidate(s) (8 seated, 1 cut) · k=3 Δ=1.84 band=±5.53 H=12 close · pre-formation bars skipped=41 · levels with no formation time=6
09-08 16:50:48 [INFO] trader/auto_trader.go:44 [trader_id=stage-a-benchmark] 📓 read facts: void=8 · floor=19.3 pts (1.5×ATR5m 12.89) · scope=1m×300 since=1788818400000 (cap 500)
09-08 16:50:48 [INFO] trader/auto_trader.go:44 [trader_id=stage-a-benchmark] 🗺️ G2 HTF detection @ASIA: 90 level(s) map[EQH·15m:1 EQH·1h:1 EQH·4h:1 EQL·15m:1 EQL·1h:1 EQL·4h:1 iFVG(bull)·15m:28 iFVG(bull)·1h:28 iFVG(bull)·4h:28]
09-08 16:50:48 [INFO] kernel/levels_score.go:611 🗺️ seated 9/22 in-band levels (proximity band ±38pt, 9 of them retained)
09-08 16:50:48 [WARN] trader/auto_trader.go:49 [trader_id=stage-a-benchmark] 🌑 dark regime at the ASIA read: 1/7 regime fields unavailable (vix_level) — plan still trustworthy
09-08 16:50:48 [INFO] trader/auto_trader.go:44 [trader_id=stage-a-benchmark] 🔬 detector recorded: 0 new episode(s) · pool 9 candidate(s) (8 seated, 1 cut) · k=3 Δ=1.84 band=±5.53 H=12 close · pre-formation bars skipped=41 · levels with no formation time=6
09-08 16:50:48 [INFO] trader/auto_trader.go:44 [trader_id=stage-a-benchmark] 📓 read facts: void=8 · floor=19.3 pts (1.5×ATR5m 12.89) · scope=1m×300 since=1788818400000 (cap 500)
09-08 16:50:48 [INFO] trader/auto_trader.go:44 [trader_id=stage-a-benchmark] 🗺️ G2 HTF detection @ASIA: 90 level(s) map[EQH·15m:1 EQH·1h:1 EQH·4h:1 EQL·15m:1 EQL·1h:1 EQL·4h:1 iFVG(bull)·15m:28 iFVG(bull)·1h:28 iFVG(bull)·4h:28]
09-08 16:50:48 [INFO] kernel/levels_score.go:611 🗺️ seated 9/22 in-band levels (proximity band ±38pt, 9 of them retained)
09-08 16:50:48 [WARN] trader/auto_trader.go:49 [trader_id=stage-a-benchmark] 🌑 dark regime at the ASIA read: 1/7 regime fields unavailable (vix_level) — plan still trustworthy
09-08 16:50:48 [INFO] trader/auto_trader.go:44 [trader_id=stage-a-benchmark] 🔬 detector recorded: 0 new episode(s) · pool 9 candidate(s) (8 seated, 1 cut) · k=3 Δ=1.84 band=±5.53 H=12 close · pre-formation bars skipped=41 · levels with no formation time=6
09-08 16:50:48 [INFO] trader/auto_trader.go:44 [trader_id=stage-a-benchmark] 📓 read facts: void=8 · floor=19.3 pts (1.5×ATR5m 12.89) · scope=1m×300 since=1788818400000 (cap 500)
09-08 16:50:48 [INFO] trader/auto_trader.go:44 [trader_id=stage-a-benchmark] 🗺️ G2 HTF detection @ASIA: 90 level(s) map[EQH·15m:1 EQH·1h:1 EQH·4h:1 EQL·15m:1 EQL·1h:1 EQL·4h:1 iFVG(bull)·15m:28 iFVG(bull)·1h:28 iFVG(bull)·4h:28]
09-08 16:50:48 [INFO] kernel/levels_score.go:611 🗺️ seated 9/22 in-band levels (proximity band ±38pt, 9 of them retained)
09-08 16:50:48 [WARN] trader/auto_trader.go:49 [trader_id=stage-a-benchmark] 🌑 dark regime at the ASIA read: 1/7 regime fields unavailable (vix_level) — plan still trustworthy
09-08 16:50:48 [INFO] trader/auto_trader.go:44 [trader_id=stage-a-benchmark] 🔬 detector recorded: 0 new episode(s) · pool 9 candidate(s) (8 seated, 1 cut) · k=3 Δ=1.84 band=±5.53 H=12 close · pre-formation bars skipped=41 · levels with no formation time=6
09-08 16:50:48 [INFO] trader/auto_trader.go:44 [trader_id=stage-a-benchmark] 📓 read facts: void=8 · floor=19.3 pts (1.5×ATR5m 12.89) · scope=1m×300 since=1788818400000 (cap 500)
09-08 16:50:48 [INFO] trader/auto_trader.go:44 [trader_id=stage-a-benchmark] 🗺️ G2 HTF detection @ASIA: 90 level(s) map[EQH·15m:1 EQH·1h:1 EQH·4h:1 EQL·15m:1 EQL·1h:1 EQL·4h:1 iFVG(bull)·15m:28 iFVG(bull)·1h:28 iFVG(bull)·4h:28]
09-08 16:50:48 [INFO] kernel/levels_score.go:611 🗺️ seated 9/22 in-band levels (proximity band ±38pt, 9 of them retained)
09-08 16:50:48 [WARN] trader/auto_trader.go:49 [trader_id=stage-a-benchmark] 🌑 dark regime at the ASIA read: 1/7 regime fields unavailable (vix_level) — plan still trustworthy
09-08 16:50:49 [INFO] trader/auto_trader.go:44 [trader_id=stage-a-benchmark] 🔬 detector recorded: 0 new episode(s) · pool 9 candidate(s) (8 seated, 1 cut) · k=3 Δ=1.84 band=±5.53 H=12 close · pre-formation bars skipped=41 · levels with no formation time=6
09-08 16:50:49 [INFO] trader/auto_trader.go:44 [trader_id=stage-a-benchmark] 📓 read facts: void=8 · floor=19.3 pts (1.5×ATR5m 12.89) · scope=1m×300 since=1788818400000 (cap 500)
09-08 16:50:49 [INFO] trader/auto_trader.go:44 [trader_id=stage-a-benchmark] 🗺️ G2 HTF detection @ASIA: 90 level(s) map[EQH·15m:1 EQH·1h:1 EQH·4h:1 EQL·15m:1 EQL·1h:1 EQL·4h:1 iFVG(bull)·15m:28 iFVG(bull)·1h:28 iFVG(bull)·4h:28]
09-08 16:50:49 [INFO] kernel/levels_score.go:611 🗺️ seated 9/22 in-band levels (proximity band ±38pt, 9 of them retained)
09-08 16:50:49 [WARN] trader/auto_trader.go:49 [trader_id=stage-a-benchmark] 🌑 dark regime at the ASIA read: 1/7 regime fields unavailable (vix_level) — plan still trustworthy
09-08 16:50:49 [INFO] trader/auto_trader.go:44 [trader_id=stage-a-benchmark] 🔬 detector recorded: 0 new episode(s) · pool 9 candidate(s) (8 seated, 1 cut) · k=3 Δ=1.84 band=±5.53 H=12 close · pre-formation bars skipped=41 · levels with no formation time=6
09-08 16:50:49 [INFO] trader/auto_trader.go:44 [trader_id=stage-a-benchmark] 📓 read facts: void=8 · floor=19.3 pts (1.5×ATR5m 12.89) · scope=1m×300 since=1788818400000 (cap 500)
09-08 16:50:49 [INFO] trader/auto_trader.go:44 [trader_id=stage-a-benchmark] 🗺️ G2 HTF detection @ASIA: 90 level(s) map[EQH·15m:1 EQH·1h:1 EQH·4h:1 EQL·15m:1 EQL·1h:1 EQL·4h:1 iFVG(bull)·15m:28 iFVG(bull)·1h:28 iFVG(bull)·4h:28]
09-08 16:50:49 [INFO] kernel/levels_score.go:611 🗺️ seated 9/22 in-band levels (proximity band ±38pt, 9 of them retained)
09-08 16:50:49 [WARN] trader/auto_trader.go:49 [trader_id=stage-a-benchmark] 🌑 dark regime at the ASIA read: 1/7 regime fields unavailable (vix_level) — plan still trustworthy
09-08 16:50:49 [INFO] trader/auto_trader.go:44 [trader_id=stage-a-benchmark] 🔬 detector recorded: 0 new episode(s) · pool 9 candidate(s) (8 seated, 1 cut) · k=3 Δ=1.84 band=±5.53 H=12 close · pre-formation bars skipped=41 · levels with no formation time=6
09-08 16:50:49 [INFO] trader/auto_trader.go:44 [trader_id=stage-a-benchmark] 📓 read facts: void=8 · floor=19.3 pts (1.5×ATR5m 12.89) · scope=1m×300 since=1788818400000 (cap 500)
09-08 16:50:49 [INFO] trader/auto_trader.go:44 [trader_id=stage-a-benchmark] 🗺️ G2 HTF detection @ASIA: 90 level(s) map[EQH·15m:1 EQH·1h:1 EQH·4h:1 EQL·15m:1 EQL·1h:1 EQL·4h:1 iFVG(bull)·15m:28 iFVG(bull)·1h:28 iFVG(bull)·4h:28]
09-08 16:50:49 [INFO] kernel/levels_score.go:611 🗺️ seated 9/22 in-band levels (proximity band ±38pt, 9 of them retained)
09-08 16:50:49 [WARN] trader/auto_trader.go:49 [trader_id=stage-a-benchmark] 🌑 dark regime at the ASIA read: 1/7 regime fields unavailable (vix_level) — plan still trustworthy
09-08 16:50:49 [INFO] trader/auto_trader.go:44 [trader_id=stage-a-benchmark] 🔬 detector recorded: 0 new episode(s) · pool 9 candidate(s) (8 seated, 1 cut) · k=3 Δ=1.84 band=±5.53 H=12 close · pre-formation bars skipped=41 · levels with no formation time=6
09-08 16:50:49 [INFO] trader/auto_trader.go:44 [trader_id=stage-a-benchmark] 📓 read facts: void=8 · floor=19.3 pts (1.5×ATR5m 12.89) · scope=1m×300 since=1788818400000 (cap 500)
09-08 16:50:49 [INFO] trader/auto_trader.go:44 [trader_id=stage-a-benchmark] 🗺️ G2 HTF detection @ASIA: 90 level(s) map[EQH·15m:1 EQH·1h:1 EQH·4h:1 EQL·15m:1 EQL·1h:1 EQL·4h:1 iFVG(bull)·15m:28 iFVG(bull)·1h:28 iFVG(bull)·4h:28]
09-08 16:50:49 [INFO] kernel/levels_score.go:611 🗺️ seated 9/22 in-band levels (proximity band ±38pt, 9 of them retained)
09-08 16:50:49 [WARN] trader/auto_trader.go:49 [trader_id=stage-a-benchmark] 🌑 dark regime at the ASIA read: 1/7 regime fields unavailable (vix_level) — plan still trustworthy
09-08 16:50:49 [INFO] trader/auto_trader.go:44 [trader_id=stage-a-benchmark] 🔬 detector recorded: 0 new episode(s) · pool 9 candidate(s) (8 seated, 1 cut) · k=3 Δ=1.84 band=±5.53 H=12 close · pre-formation bars skipped=41 · levels with no formation time=6
09-08 16:50:49 [INFO] trader/auto_trader.go:44 [trader_id=stage-a-benchmark] 📓 read facts: void=8 · floor=19.3 pts (1.5×ATR5m 12.89) · scope=1m×300 since=1788818400000 (cap 500)
09-08 16:50:49 [INFO] trader/auto_trader.go:44 [trader_id=stage-a-benchmark] 🗺️ G2 HTF detection @ASIA: 90 level(s) map[EQH·15m:1 EQH·1h:1 EQH·4h:1 EQL·15m:1 EQL·1h:1 EQL·4h:1 iFVG(bull)·15m:28 iFVG(bull)·1h:28 iFVG(bull)·4h:28]
09-08 16:50:49 [INFO] kernel/levels_score.go:611 🗺️ seated 9/22 in-band levels (proximity band ±38pt, 9 of them retained)
09-08 16:50:49 [WARN] trader/auto_trader.go:49 [trader_id=stage-a-benchmark] 🌑 dark regime at the ASIA read: 1/7 regime fields unavailable (vix_level) — plan still trustworthy
09-08 16:50:49 [INFO] trader/auto_trader.go:44 [trader_id=stage-a-benchmark] 🔬 detector recorded: 0 new episode(s) · pool 9 candidate(s) (8 seated, 1 cut) · k=3 Δ=1.84 band=±5.53 H=12 close · pre-formation bars skipped=41 · levels with no formation time=6
09-08 16:50:49 [INFO] trader/auto_trader.go:44 [trader_id=stage-a-benchmark] 📓 read facts: void=8 · floor=19.3 pts (1.5×ATR5m 12.89) · scope=1m×300 since=1788818400000 (cap 500)
09-08 16:50:49 [INFO] trader/auto_trader.go:44 [trader_id=stage-a-benchmark] 🗺️ G2 HTF detection @ASIA: 90 level(s) map[EQH·15m:1 EQH·1h:1 EQH·4h:1 EQL·15m:1 EQL·1h:1 EQL·4h:1 iFVG(bull)·15m:28 iFVG(bull)·1h:28 iFVG(bull)·4h:28]
09-08 16:50:49 [INFO] kernel/levels_score.go:611 🗺️ seated 9/22 in-band levels (proximity band ±38pt, 9 of them retained)
09-08 16:50:49 [WARN] trader/auto_trader.go:49 [trader_id=stage-a-benchmark] 🌑 dark regime at the ASIA read: 1/7 regime fields unavailable (vix_level) — plan still trustworthy
09-08 16:50:49 [INFO] trader/auto_trader.go:44 [trader_id=stage-a-benchmark] 🔬 detector recorded: 0 new episode(s) · pool 9 candidate(s) (8 seated, 1 cut) · k=3 Δ=1.84 band=±5.53 H=12 close · pre-formation bars skipped=41 · levels with no formation time=6
09-08 16:50:49 [INFO] trader/auto_trader.go:44 [trader_id=stage-a-benchmark] 📓 read facts: void=8 · floor=19.3 pts (1.5×ATR5m 12.89) · scope=1m×300 since=1788818400000 (cap 500)
09-08 16:50:49 [INFO] trader/auto_trader.go:44 [trader_id=stage-a-benchmark] 🗺️ G2 HTF detection @ASIA: 90 level(s) map[EQH·15m:1 EQH·1h:1 EQH·4h:1 EQL·15m:1 EQL·1h:1 EQL·4h:1 iFVG(bull)·15m:28 iFVG(bull)·1h:28 iFVG(bull)·4h:28]
09-08 16:50:49 [INFO] kernel/levels_score.go:611 🗺️ seated 9/22 in-band levels (proximity band ±38pt, 9 of them retained)
09-08 16:50:49 [WARN] trader/auto_trader.go:49 [trader_id=stage-a-benchmark] 🌑 dark regime at the ASIA read: 1/7 regime fields unavailable (vix_level) — plan still trustworthy
09-08 16:50:49 [INFO] trader/auto_trader.go:44 [trader_id=stage-a-benchmark] 🔬 detector recorded: 0 new episode(s) · pool 9 candidate(s) (8 seated, 1 cut) · k=3 Δ=1.84 band=±5.53 H=12 close · pre-formation bars skipped=41 · levels with no formation time=6
09-08 16:50:49 [INFO] trader/auto_trader.go:44 [trader_id=stage-a-benchmark] 📓 read facts: void=8 · floor=19.3 pts (1.5×ATR5m 12.89) · scope=1m×300 since=1788818400000 (cap 500)
09-08 16:50:49 [INFO] trader/auto_trader.go:44 [trader_id=stage-a-benchmark] 🗺️ G2 HTF detection @ASIA: 90 level(s) map[EQH·15m:1 EQH·1h:1 EQH·4h:1 EQL·15m:1 EQL·1h:1 EQL·4h:1 iFVG(bull)·15m:28 iFVG(bull)·1h:28 iFVG(bull)·4h:28]
09-08 16:50:49 [INFO] kernel/levels_score.go:611 🗺️ seated 9/22 in-band levels (proximity band ±38pt, 9 of them retained)
09-08 16:50:49 [WARN] trader/auto_trader.go:49 [trader_id=stage-a-benchmark] 🌑 dark regime at the ASIA read: 1/7 regime fields unavailable (vix_level) — plan still trustworthy
09-08 16:50:49 [INFO] trader/auto_trader.go:44 [trader_id=stage-a-benchmark] 🔬 detector recorded: 0 new episode(s) · pool 9 candidate(s) (8 seated, 1 cut) · k=3 Δ=1.84 band=±5.53 H=12 close · pre-formation bars skipped=41 · levels with no formation time=6
09-08 16:50:49 [INFO] trader/auto_trader.go:44 [trader_id=stage-a-benchmark] 📓 read facts: void=8 · floor=19.3 pts (1.5×ATR5m 12.89) · scope=1m×300 since=1788818400000 (cap 500)
09-08 16:50:49 [INFO] trader/auto_trader.go:44 [trader_id=stage-a-benchmark] 🗺️ G2 HTF detection @ASIA: 90 level(s) map[EQH·15m:1 EQH·1h:1 EQH·4h:1 EQL·15m:1 EQL·1h:1 EQL·4h:1 iFVG(bull)·15m:28 iFVG(bull)·1h:28 iFVG(bull)·4h:28]
09-08 16:50:49 [INFO] kernel/levels_score.go:611 🗺️ seated 9/22 in-band levels (proximity band ±38pt, 9 of them retained)
09-08 16:50:49 [WARN] trader/auto_trader.go:49 [trader_id=stage-a-benchmark] 🌑 dark regime at the ASIA read: 1/7 regime fields unavailable (vix_level) — plan still trustworthy
09-08 16:50:49 [INFO] trader/auto_trader.go:44 [trader_id=stage-a-benchmark] 🔬 detector recorded: 0 new episode(s) · pool 9 candidate(s) (8 seated, 1 cut) · k=3 Δ=1.84 band=±5.53 H=12 close · pre-formation bars skipped=41 · levels with no formation time=6
09-08 16:50:49 [INFO] trader/auto_trader.go:44 [trader_id=stage-a-benchmark] 📓 read facts: void=8 · floor=19.3 pts (1.5×ATR5m 12.89) · scope=1m×300 since=1788818400000 (cap 500)
09-08 16:50:49 [INFO] trader/auto_trader.go:44 [trader_id=stage-a-benchmark] 🗺️ G2 HTF detection @ASIA: 90 level(s) map[EQH·15m:1 EQH·1h:1 EQH·4h:1 EQL·15m:1 EQL·1h:1 EQL·4h:1 iFVG(bull)·15m:28 iFVG(bull)·1h:28 iFVG(bull)·4h:28]
09-08 16:50:49 [INFO] kernel/levels_score.go:611 🗺️ seated 9/22 in-band levels (proximity band ±38pt, 9 of them retained)
09-08 16:50:49 [WARN] trader/auto_trader.go:49 [trader_id=stage-a-benchmark] 🌑 dark regime at the ASIA read: 1/7 regime fields unavailable (vix_level) — plan still trustworthy
09-08 16:50:49 [INFO] trader/auto_trader.go:44 [trader_id=stage-a-benchmark] 🔬 detector recorded: 0 new episode(s) · pool 9 candidate(s) (8 seated, 1 cut) · k=3 Δ=1.84 band=±5.53 H=12 close · pre-formation bars skipped=41 · levels with no formation time=6
09-08 16:50:49 [INFO] trader/auto_trader.go:44 [trader_id=stage-a-benchmark] 📓 read facts: void=8 · floor=19.3 pts (1.5×ATR5m 12.89) · scope=1m×300 since=1788818400000 (cap 500)
09-08 16:50:49 [INFO] trader/auto_trader.go:44 [trader_id=stage-a-benchmark] 🗺️ G2 HTF detection @ASIA: 90 level(s) map[EQH·15m:1 EQH·1h:1 EQH·4h:1 EQL·15m:1 EQL·1h:1 EQL·4h:1 iFVG(bull)·15m:28 iFVG(bull)·1h:28 iFVG(bull)·4h:28]
09-08 16:50:49 [INFO] kernel/levels_score.go:611 🗺️ seated 9/22 in-band levels (proximity band ±38pt, 9 of them retained)
09-08 16:50:49 [WARN] trader/auto_trader.go:49 [trader_id=stage-a-benchmark] 🌑 dark regime at the ASIA read: 1/7 regime fields unavailable (vix_level) — plan still trustworthy
09-08 16:50:49 [INFO] trader/auto_trader.go:44 [trader_id=stage-a-benchmark] 🔬 detector recorded: 0 new episode(s) · pool 9 candidate(s) (8 seated, 1 cut) · k=3 Δ=1.84 band=±5.53 H=12 close · pre-formation bars skipped=41 · levels with no formation time=6
09-08 16:50:49 [INFO] trader/auto_trader.go:44 [trader_id=stage-a-benchmark] 📓 read facts: void=8 · floor=19.3 pts (1.5×ATR5m 12.89) · scope=1m×300 since=1788818400000 (cap 500)
09-08 16:50:49 [INFO] trader/auto_trader.go:44 [trader_id=stage-a-benchmark] 🗺️ G2 HTF detection @ASIA: 90 level(s) map[EQH·15m:1 EQH·1h:1 EQH·4h:1 EQL·15m:1 EQL·1h:1 EQL·4h:1 iFVG(bull)·15m:28 iFVG(bull)·1h:28 iFVG(bull)·4h:28]
09-08 16:50:49 [INFO] kernel/levels_score.go:611 🗺️ seated 9/22 in-band levels (proximity band ±38pt, 9 of them retained)
09-08 16:50:49 [WARN] trader/auto_trader.go:49 [trader_id=stage-a-benchmark] 🌑 dark regime at the ASIA read: 1/7 regime fields unavailable (vix_level) — plan still trustworthy
09-08 16:50:49 [INFO] trader/auto_trader.go:44 [trader_id=stage-a-benchmark] 🔬 detector recorded: 0 new episode(s) · pool 9 candidate(s) (8 seated, 1 cut) · k=3 Δ=1.84 band=±5.53 H=12 close · pre-formation bars skipped=41 · levels with no formation time=6
09-08 16:50:49 [INFO] trader/auto_trader.go:44 [trader_id=stage-a-benchmark] 📓 read facts: void=8 · floor=19.3 pts (1.5×ATR5m 12.89) · scope=1m×300 since=1788818400000 (cap 500)
09-08 16:50:49 [INFO] trader/auto_trader.go:44 [trader_id=stage-a-benchmark] 🗺️ G2 HTF detection @ASIA: 90 level(s) map[EQH·15m:1 EQH·1h:1 EQH·4h:1 EQL·15m:1 EQL·1h:1 EQL·4h:1 iFVG(bull)·15m:28 iFVG(bull)·1h:28 iFVG(bull)·4h:28]
09-08 16:50:49 [INFO] kernel/levels_score.go:611 🗺️ seated 9/22 in-band levels (proximity band ±38pt, 9 of them retained)
09-08 16:50:49 [WARN] trader/auto_trader.go:49 [trader_id=stage-a-benchmark] 🌑 dark regime at the ASIA read: 1/7 regime fields unavailable (vix_level) — plan still trustworthy
09-08 16:50:49 [INFO] trader/auto_trader.go:44 [trader_id=stage-a-benchmark] 🔬 detector recorded: 0 new episode(s) · pool 9 candidate(s) (8 seated, 1 cut) · k=3 Δ=1.84 band=±5.53 H=12 close · pre-formation bars skipped=41 · levels with no formation time=6
09-08 16:50:49 [INFO] trader/auto_trader.go:44 [trader_id=stage-a-benchmark] 📓 read facts: void=8 · floor=19.3 pts (1.5×ATR5m 12.89) · scope=1m×300 since=1788818400000 (cap 500)
09-08 16:50:49 [INFO] trader/auto_trader.go:44 [trader_id=stage-a-benchmark] 🗺️ G2 HTF detection @ASIA: 90 level(s) map[EQH·15m:1 EQH·1h:1 EQH·4h:1 EQL·15m:1 EQL·1h:1 EQL·4h:1 iFVG(bull)·15m:28 iFVG(bull)·1h:28 iFVG(bull)·4h:28]
09-08 16:50:49 [INFO] kernel/levels_score.go:611 🗺️ seated 9/22 in-band levels (proximity band ±38pt, 9 of them retained)
09-08 16:50:49 [WARN] trader/auto_trader.go:49 [trader_id=stage-a-benchmark] 🌑 dark regime at the ASIA read: 1/7 regime fields unavailable (vix_level) — plan still trustworthy
09-08 16:50:49 [INFO] trader/auto_trader.go:44 [trader_id=stage-a-benchmark] 🔬 detector recorded: 0 new episode(s) · pool 9 candidate(s) (8 seated, 1 cut) · k=3 Δ=1.84 band=±5.53 H=12 close · pre-formation bars skipped=41 · levels with no formation time=6
09-08 16:50:49 [INFO] trader/auto_trader.go:44 [trader_id=stage-a-benchmark] 📓 read facts: void=8 · floor=19.3 pts (1.5×ATR5m 12.89) · scope=1m×300 since=1788818400000 (cap 500)
09-08 16:50:49 [INFO] trader/auto_trader.go:44 [trader_id=stage-a-benchmark] 🗺️ G2 HTF detection @ASIA: 90 level(s) map[EQH·15m:1 EQH·1h:1 EQH·4h:1 EQL·15m:1 EQL·1h:1 EQL·4h:1 iFVG(bull)·15m:28 iFVG(bull)·1h:28 iFVG(bull)·4h:28]
09-08 16:50:49 [INFO] kernel/levels_score.go:611 🗺️ seated 9/22 in-band levels (proximity band ±38pt, 9 of them retained)
09-08 16:50:49 [WARN] trader/auto_trader.go:49 [trader_id=stage-a-benchmark] 🌑 dark regime at the ASIA read: 1/7 regime fields unavailable (vix_level) — plan still trustworthy
09-08 16:50:49 [INFO] trader/auto_trader.go:44 [trader_id=stage-a-benchmark] 🔬 detector recorded: 0 new episode(s) · pool 9 candidate(s) (8 seated, 1 cut) · k=3 Δ=1.84 band=±5.53 H=12 close · pre-formation bars skipped=41 · levels with no formation time=6
09-08 16:50:49 [INFO] trader/auto_trader.go:44 [trader_id=stage-a-benchmark] 📓 read facts: void=8 · floor=19.3 pts (1.5×ATR5m 12.89) · scope=1m×300 since=1788818400000 (cap 500)
09-08 16:50:49 [INFO] trader/auto_trader.go:44 [trader_id=stage-a-benchmark] 🗺️ G2 HTF detection @ASIA: 90 level(s) map[EQH·15m:1 EQH·1h:1 EQH·4h:1 EQL·15m:1 EQL·1h:1 EQL·4h:1 iFVG(bull)·15m:28 iFVG(bull)·1h:28 iFVG(bull)·4h:28]
09-08 16:50:49 [INFO] kernel/levels_score.go:611 🗺️ seated 9/22 in-band levels (proximity band ±38pt, 9 of them retained)
09-08 16:50:49 [WARN] trader/auto_trader.go:49 [trader_id=stage-a-benchmark] 🌑 dark regime at the ASIA read: 1/7 regime fields unavailable (vix_level) — plan still trustworthy
09-08 16:50:49 [INFO] trader/auto_trader.go:44 [trader_id=stage-a-benchmark] 🔬 detector recorded: 0 new episode(s) · pool 9 candidate(s) (8 seated, 1 cut) · k=3 Δ=1.84 band=±5.53 H=12 close · pre-formation bars skipped=41 · levels with no formation time=6
09-08 16:50:49 [INFO] trader/auto_trader.go:44 [trader_id=stage-a-benchmark] 📓 read facts: void=8 · floor=19.3 pts (1.5×ATR5m 12.89) · scope=1m×300 since=1788818400000 (cap 500)
09-08 16:50:49 [INFO] trader/auto_trader.go:44 [trader_id=stage-a-benchmark] 🗺️ G2 HTF detection @ASIA: 90 level(s) map[EQH·15m:1 EQH·1h:1 EQH·4h:1 EQL·15m:1 EQL·1h:1 EQL·4h:1 iFVG(bull)·15m:28 iFVG(bull)·1h:28 iFVG(bull)·4h:28]
09-08 16:50:49 [INFO] kernel/levels_score.go:611 🗺️ seated 9/22 in-band levels (proximity band ±38pt, 9 of them retained)
09-08 16:50:49 [WARN] trader/auto_trader.go:49 [trader_id=stage-a-benchmark] 🌑 dark regime at the ASIA read: 1/7 regime fields unavailable (vix_level) — plan still trustworthy
09-08 16:50:49 [INFO] trader/auto_trader.go:44 [trader_id=stage-a-benchmark] 🔬 detector recorded: 0 new episode(s) · pool 9 candidate(s) (8 seated, 1 cut) · k=3 Δ=1.84 band=±5.53 H=12 close · pre-formation bars skipped=41 · levels with no formation time=6
09-08 16:50:49 [INFO] trader/auto_trader.go:44 [trader_id=stage-a-benchmark] 📓 read facts: void=8 · floor=19.3 pts (1.5×ATR5m 12.89) · scope=1m×300 since=1788818400000 (cap 500)
09-08 16:50:49 [INFO] trader/auto_trader.go:44 [trader_id=stage-a-benchmark] 🗺️ G2 HTF detection @ASIA: 90 level(s) map[EQH·15m:1 EQH·1h:1 EQH·4h:1 EQL·15m:1 EQL·1h:1 EQL·4h:1 iFVG(bull)·15m:28 iFVG(bull)·1h:28 iFVG(bull)·4h:28]
09-08 16:50:49 [INFO] kernel/levels_score.go:611 🗺️ seated 9/22 in-band levels (proximity band ±38pt, 9 of them retained)
09-08 16:50:49 [WARN] trader/auto_trader.go:49 [trader_id=stage-a-benchmark] 🌑 dark regime at the ASIA read: 1/7 regime fields unavailable (vix_level) — plan still trustworthy
09-08 16:50:49 [INFO] trader/auto_trader.go:44 [trader_id=stage-a-benchmark] 🔬 detector recorded: 0 new episode(s) · pool 9 candidate(s) (8 seated, 1 cut) · k=3 Δ=1.84 band=±5.53 H=12 close · pre-formation bars skipped=41 · levels with no formation time=6
09-08 16:50:49 [INFO] trader/auto_trader.go:44 [trader_id=stage-a-benchmark] 📓 read facts: void=8 · floor=19.3 pts (1.5×ATR5m 12.89) · scope=1m×300 since=1788818400000 (cap 500)
     100	  23165777 ns/op	       560.0 dropped-batches
BenchmarkStageAWholeInputAssembly-24    	09-08 16:50:50 [INFO] store/store.go:89 ✅ Database initialized (GORM, SQLite)
09-08 16:50:50 [INFO] trader/auto_trader.go:44 [trader_id=stage-a-benchmark] 🗺️ G2 HTF detection @ASIA: 90 level(s) map[EQH·15m:1 EQH·1h:1 EQH·4h:1 EQL·15m:1 EQL·1h:1 EQL·4h:1 iFVG(bull)·15m:28 iFVG(bull)·1h:28 iFVG(bull)·4h:28]
09-08 16:50:50 [INFO] kernel/levels_score.go:611 🗺️ seated 9/22 in-band levels (proximity band ±38pt, 9 of them retained)
09-08 16:50:50 [WARN] trader/auto_trader.go:49 [trader_id=stage-a-benchmark] 🌑 dark regime at the ASIA read: 1/7 regime fields unavailable (vix_level) — plan still trustworthy
09-08 16:50:51 [INFO] trader/auto_trader.go:44 [trader_id=stage-a-benchmark] 🔬 detector recorded: 114 new episode(s) · pool 9 candidate(s) (8 seated, 1 cut) · k=3 Δ=1.84 band=±5.53 H=12 close · pre-formation bars skipped=41 · levels with no formation time=6
09-08 16:50:51 [INFO] trader/auto_trader.go:44 [trader_id=stage-a-benchmark] 📓 read facts: void=8 · floor=19.3 pts (1.5×ATR5m 12.89) · scope=1m×300 since=1788818400000 (cap 500)
09-08 16:50:52 [INFO] store/store.go:89 ✅ Database initialized (GORM, SQLite)
09-08 16:50:52 [INFO] trader/auto_trader.go:44 [trader_id=stage-a-benchmark] 🗺️ G2 HTF detection @ASIA: 90 level(s) map[EQH·15m:1 EQH·1h:1 EQH·4h:1 EQL·15m:1 EQL·1h:1 EQL·4h:1 iFVG(bull)·15m:28 iFVG(bull)·1h:28 iFVG(bull)·4h:28]
09-08 16:50:52 [INFO] kernel/levels_score.go:611 🗺️ seated 9/22 in-band levels (proximity band ±38pt, 9 of them retained)
09-08 16:50:52 [WARN] trader/auto_trader.go:49 [trader_id=stage-a-benchmark] 🌑 dark regime at the ASIA read: 1/7 regime fields unavailable (vix_level) — plan still trustworthy
09-08 16:50:52 [INFO] trader/auto_trader.go:44 [trader_id=stage-a-benchmark] 🔬 detector recorded: 114 new episode(s) · pool 9 candidate(s) (8 seated, 1 cut) · k=3 Δ=1.84 band=±5.53 H=12 close · pre-formation bars skipped=41 · levels with no formation time=6
09-08 16:50:52 [INFO] trader/auto_trader.go:44 [trader_id=stage-a-benchmark] 📓 read facts: void=8 · floor=19.3 pts (1.5×ATR5m 12.89) · scope=1m×300 since=1788818400000 (cap 500)
09-08 16:50:52 [INFO] trader/auto_trader.go:44 [trader_id=stage-a-benchmark] 🗺️ G2 HTF detection @ASIA: 90 level(s) map[EQH·15m:1 EQH·1h:1 EQH·4h:1 EQL·15m:1 EQL·1h:1 EQL·4h:1 iFVG(bull)·15m:28 iFVG(bull)·1h:28 iFVG(bull)·4h:28]
09-08 16:50:52 [INFO] kernel/levels_score.go:611 🗺️ seated 9/22 in-band levels (proximity band ±38pt, 9 of them retained)
09-08 16:50:52 [WARN] trader/auto_trader.go:49 [trader_id=stage-a-benchmark] 🌑 dark regime at the ASIA read: 1/7 regime fields unavailable (vix_level) — plan still trustworthy
09-08 16:50:52 [INFO] trader/auto_trader.go:44 [trader_id=stage-a-benchmark] 🔬 detector recorded: 0 new episode(s) · pool 9 candidate(s) (8 seated, 1 cut) · k=3 Δ=1.84 band=±5.53 H=12 close · pre-formation bars skipped=41 · levels with no formation time=6
09-08 16:50:52 [INFO] trader/auto_trader.go:44 [trader_id=stage-a-benchmark] 📓 read facts: void=8 · floor=19.3 pts (1.5×ATR5m 12.89) · scope=1m×300 since=1788818400000 (cap 500)
09-08 16:50:52 [INFO] trader/auto_trader.go:44 [trader_id=stage-a-benchmark] 🗺️ G2 HTF detection @ASIA: 90 level(s) map[EQH·15m:1 EQH·1h:1 EQH·4h:1 EQL·15m:1 EQL·1h:1 EQL·4h:1 iFVG(bull)·15m:28 iFVG(bull)·1h:28 iFVG(bull)·4h:28]
09-08 16:50:52 [INFO] kernel/levels_score.go:611 🗺️ seated 9/22 in-band levels (proximity band ±38pt, 9 of them retained)
09-08 16:50:52 [WARN] trader/auto_trader.go:49 [trader_id=stage-a-benchmark] 🌑 dark regime at the ASIA read: 1/7 regime fields unavailable (vix_level) — plan still trustworthy
09-08 16:50:52 [INFO] trader/auto_trader.go:44 [trader_id=stage-a-benchmark] 🔬 detector recorded: 0 new episode(s) · pool 9 candidate(s) (8 seated, 1 cut) · k=3 Δ=1.84 band=±5.53 H=12 close · pre-formation bars skipped=41 · levels with no formation time=6
09-08 16:50:53 [INFO] trader/auto_trader.go:44 [trader_id=stage-a-benchmark] 📓 read facts: void=8 · floor=19.3 pts (1.5×ATR5m 12.89) · scope=1m×300 since=1788818400000 (cap 500)
09-08 16:50:53 [INFO] trader/auto_trader.go:44 [trader_id=stage-a-benchmark] 🗺️ G2 HTF detection @ASIA: 90 level(s) map[EQH·15m:1 EQH·1h:1 EQH·4h:1 EQL·15m:1 EQL·1h:1 EQL·4h:1 iFVG(bull)·15m:28 iFVG(bull)·1h:28 iFVG(bull)·4h:28]
09-08 16:50:53 [INFO] kernel/levels_score.go:611 🗺️ seated 9/22 in-band levels (proximity band ±38pt, 9 of them retained)
09-08 16:50:53 [WARN] trader/auto_trader.go:49 [trader_id=stage-a-benchmark] 🌑 dark regime at the ASIA read: 1/7 regime fields unavailable (vix_level) — plan still trustworthy
09-08 16:50:53 [INFO] trader/auto_trader.go:44 [trader_id=stage-a-benchmark] 🔬 detector recorded: 0 new episode(s) · pool 9 candidate(s) (8 seated, 1 cut) · k=3 Δ=1.84 band=±5.53 H=12 close · pre-formation bars skipped=41 · levels with no formation time=6
09-08 16:50:53 [INFO] trader/auto_trader.go:44 [trader_id=stage-a-benchmark] 📓 read facts: void=8 · floor=19.3 pts (1.5×ATR5m 12.89) · scope=1m×300 since=1788818400000 (cap 500)
09-08 16:50:53 [INFO] trader/auto_trader.go:44 [trader_id=stage-a-benchmark] 🗺️ G2 HTF detection @ASIA: 90 level(s) map[EQH·15m:1 EQH·1h:1 EQH·4h:1 EQL·15m:1 EQL·1h:1 EQL·4h:1 iFVG(bull)·15m:28 iFVG(bull)·1h:28 iFVG(bull)·4h:28]
09-08 16:50:53 [INFO] kernel/levels_score.go:611 🗺️ seated 9/22 in-band levels (proximity band ±38pt, 9 of them retained)
09-08 16:50:53 [WARN] trader/auto_trader.go:49 [trader_id=stage-a-benchmark] 🌑 dark regime at the ASIA read: 1/7 regime fields unavailable (vix_level) — plan still trustworthy
09-08 16:50:53 [INFO] trader/auto_trader.go:44 [trader_id=stage-a-benchmark] 🔬 detector recorded: 0 new episode(s) · pool 9 candidate(s) (8 seated, 1 cut) · k=3 Δ=1.84 band=±5.53 H=12 close · pre-formation bars skipped=41 · levels with no formation time=6
09-08 16:50:53 [INFO] trader/auto_trader.go:44 [trader_id=stage-a-benchmark] 📓 read facts: void=8 · floor=19.3 pts (1.5×ATR5m 12.89) · scope=1m×300 since=1788818400000 (cap 500)
09-08 16:50:53 [INFO] trader/auto_trader.go:44 [trader_id=stage-a-benchmark] 🗺️ G2 HTF detection @ASIA: 90 level(s) map[EQH·15m:1 EQH·1h:1 EQH·4h:1 EQL·15m:1 EQL·1h:1 EQL·4h:1 iFVG(bull)·15m:28 iFVG(bull)·1h:28 iFVG(bull)·4h:28]
09-08 16:50:53 [INFO] kernel/levels_score.go:611 🗺️ seated 9/22 in-band levels (proximity band ±38pt, 9 of them retained)
09-08 16:50:53 [WARN] trader/auto_trader.go:49 [trader_id=stage-a-benchmark] 🌑 dark regime at the ASIA read: 1/7 regime fields unavailable (vix_level) — plan still trustworthy
09-08 16:50:53 [INFO] trader/auto_trader.go:44 [trader_id=stage-a-benchmark] 🔬 detector recorded: 0 new episode(s) · pool 9 candidate(s) (8 seated, 1 cut) · k=3 Δ=1.84 band=±5.53 H=12 close · pre-formation bars skipped=41 · levels with no formation time=6
09-08 16:50:53 [INFO] trader/auto_trader.go:44 [trader_id=stage-a-benchmark] 📓 read facts: void=8 · floor=19.3 pts (1.5×ATR5m 12.89) · scope=1m×300 since=1788818400000 (cap 500)
09-08 16:50:53 [INFO] trader/auto_trader.go:44 [trader_id=stage-a-benchmark] 🗺️ G2 HTF detection @ASIA: 90 level(s) map[EQH·15m:1 EQH·1h:1 EQH·4h:1 EQL·15m:1 EQL·1h:1 EQL·4h:1 iFVG(bull)·15m:28 iFVG(bull)·1h:28 iFVG(bull)·4h:28]
09-08 16:50:53 [INFO] kernel/levels_score.go:611 🗺️ seated 9/22 in-band levels (proximity band ±38pt, 9 of them retained)
09-08 16:50:53 [WARN] trader/auto_trader.go:49 [trader_id=stage-a-benchmark] 🌑 dark regime at the ASIA read: 1/7 regime fields unavailable (vix_level) — plan still trustworthy
09-08 16:50:53 [INFO] trader/auto_trader.go:44 [trader_id=stage-a-benchmark] 🔬 detector recorded: 0 new episode(s) · pool 9 candidate(s) (8 seated, 1 cut) · k=3 Δ=1.84 band=±5.53 H=12 close · pre-formation bars skipped=41 · levels with no formation time=6
09-08 16:50:53 [INFO] trader/auto_trader.go:44 [trader_id=stage-a-benchmark] 📓 read facts: void=8 · floor=19.3 pts (1.5×ATR5m 12.89) · scope=1m×300 since=1788818400000 (cap 500)
09-08 16:50:53 [INFO] trader/auto_trader.go:44 [trader_id=stage-a-benchmark] 🗺️ G2 HTF detection @ASIA: 90 level(s) map[EQH·15m:1 EQH·1h:1 EQH·4h:1 EQL·15m:1 EQL·1h:1 EQL·4h:1 iFVG(bull)·15m:28 iFVG(bull)·1h:28 iFVG(bull)·4h:28]
09-08 16:50:53 [INFO] kernel/levels_score.go:611 🗺️ seated 9/22 in-band levels (proximity band ±38pt, 9 of them retained)
09-08 16:50:53 [WARN] trader/auto_trader.go:49 [trader_id=stage-a-benchmark] 🌑 dark regime at the ASIA read: 1/7 regime fields unavailable (vix_level) — plan still trustworthy
09-08 16:50:53 [INFO] trader/auto_trader.go:44 [trader_id=stage-a-benchmark] 🔬 detector recorded: 0 new episode(s) · pool 9 candidate(s) (8 seated, 1 cut) · k=3 Δ=1.84 band=±5.53 H=12 close · pre-formation bars skipped=41 · levels with no formation time=6
09-08 16:50:53 [INFO] trader/auto_trader.go:44 [trader_id=stage-a-benchmark] 📓 read facts: void=8 · floor=19.3 pts (1.5×ATR5m 12.89) · scope=1m×300 since=1788818400000 (cap 500)
09-08 16:50:53 [INFO] trader/auto_trader.go:44 [trader_id=stage-a-benchmark] 🗺️ G2 HTF detection @ASIA: 90 level(s) map[EQH·15m:1 EQH·1h:1 EQH·4h:1 EQL·15m:1 EQL·1h:1 EQL·4h:1 iFVG(bull)·15m:28 iFVG(bull)·1h:28 iFVG(bull)·4h:28]
09-08 16:50:53 [INFO] kernel/levels_score.go:611 🗺️ seated 9/22 in-band levels (proximity band ±38pt, 9 of them retained)
09-08 16:50:53 [WARN] trader/auto_trader.go:49 [trader_id=stage-a-benchmark] 🌑 dark regime at the ASIA read: 1/7 regime fields unavailable (vix_level) — plan still trustworthy
09-08 16:50:53 [INFO] trader/auto_trader.go:44 [trader_id=stage-a-benchmark] 🔬 detector recorded: 0 new episode(s) · pool 9 candidate(s) (8 seated, 1 cut) · k=3 Δ=1.84 band=±5.53 H=12 close · pre-formation bars skipped=41 · levels with no formation time=6
09-08 16:50:53 [INFO] trader/auto_trader.go:44 [trader_id=stage-a-benchmark] 📓 read facts: void=8 · floor=19.3 pts (1.5×ATR5m 12.89) · scope=1m×300 since=1788818400000 (cap 500)
09-08 16:50:53 [INFO] trader/auto_trader.go:44 [trader_id=stage-a-benchmark] 🗺️ G2 HTF detection @ASIA: 90 level(s) map[EQH·15m:1 EQH·1h:1 EQH·4h:1 EQL·15m:1 EQL·1h:1 EQL·4h:1 iFVG(bull)·15m:28 iFVG(bull)·1h:28 iFVG(bull)·4h:28]
09-08 16:50:53 [INFO] kernel/levels_score.go:611 🗺️ seated 9/22 in-band levels (proximity band ±38pt, 9 of them retained)
09-08 16:50:53 [WARN] trader/auto_trader.go:49 [trader_id=stage-a-benchmark] 🌑 dark regime at the ASIA read: 1/7 regime fields unavailable (vix_level) — plan still trustworthy
09-08 16:50:53 [INFO] trader/auto_trader.go:44 [trader_id=stage-a-benchmark] 🔬 detector recorded: 0 new episode(s) · pool 9 candidate(s) (8 seated, 1 cut) · k=3 Δ=1.84 band=±5.53 H=12 close · pre-formation bars skipped=41 · levels with no formation time=6
09-08 16:50:53 [INFO] trader/auto_trader.go:44 [trader_id=stage-a-benchmark] 📓 read facts: void=8 · floor=19.3 pts (1.5×ATR5m 12.89) · scope=1m×300 since=1788818400000 (cap 500)
09-08 16:50:53 [INFO] trader/auto_trader.go:44 [trader_id=stage-a-benchmark] 🗺️ G2 HTF detection @ASIA: 90 level(s) map[EQH·15m:1 EQH·1h:1 EQH·4h:1 EQL·15m:1 EQL·1h:1 EQL·4h:1 iFVG(bull)·15m:28 iFVG(bull)·1h:28 iFVG(bull)·4h:28]
09-08 16:50:53 [INFO] kernel/levels_score.go:611 🗺️ seated 9/22 in-band levels (proximity band ±38pt, 9 of them retained)
09-08 16:50:53 [WARN] trader/auto_trader.go:49 [trader_id=stage-a-benchmark] 🌑 dark regime at the ASIA read: 1/7 regime fields unavailable (vix_level) — plan still trustworthy
09-08 16:50:53 [INFO] trader/auto_trader.go:44 [trader_id=stage-a-benchmark] 🔬 detector recorded: 0 new episode(s) · pool 9 candidate(s) (8 seated, 1 cut) · k=3 Δ=1.84 band=±5.53 H=12 close · pre-formation bars skipped=41 · levels with no formation time=6
09-08 16:50:53 [INFO] trader/auto_trader.go:44 [trader_id=stage-a-benchmark] 📓 read facts: void=8 · floor=19.3 pts (1.5×ATR5m 12.89) · scope=1m×300 since=1788818400000 (cap 500)
09-08 16:50:53 [INFO] trader/auto_trader.go:44 [trader_id=stage-a-benchmark] 🗺️ G2 HTF detection @ASIA: 90 level(s) map[EQH·15m:1 EQH·1h:1 EQH·4h:1 EQL·15m:1 EQL·1h:1 EQL·4h:1 iFVG(bull)·15m:28 iFVG(bull)·1h:28 iFVG(bull)·4h:28]
09-08 16:50:53 [INFO] kernel/levels_score.go:611 🗺️ seated 9/22 in-band levels (proximity band ±38pt, 9 of them retained)
09-08 16:50:53 [WARN] trader/auto_trader.go:49 [trader_id=stage-a-benchmark] 🌑 dark regime at the ASIA read: 1/7 regime fields unavailable (vix_level) — plan still trustworthy
09-08 16:50:53 [INFO] trader/auto_trader.go:44 [trader_id=stage-a-benchmark] 🔬 detector recorded: 0 new episode(s) · pool 9 candidate(s) (8 seated, 1 cut) · k=3 Δ=1.84 band=±5.53 H=12 close · pre-formation bars skipped=41 · levels with no formation time=6
09-08 16:50:53 [INFO] trader/auto_trader.go:44 [trader_id=stage-a-benchmark] 📓 read facts: void=8 · floor=19.3 pts (1.5×ATR5m 12.89) · scope=1m×300 since=1788818400000 (cap 500)
09-08 16:50:53 [INFO] trader/auto_trader.go:44 [trader_id=stage-a-benchmark] 🗺️ G2 HTF detection @ASIA: 90 level(s) map[EQH·15m:1 EQH·1h:1 EQH·4h:1 EQL·15m:1 EQL·1h:1 EQL·4h:1 iFVG(bull)·15m:28 iFVG(bull)·1h:28 iFVG(bull)·4h:28]
09-08 16:50:53 [INFO] kernel/levels_score.go:611 🗺️ seated 9/22 in-band levels (proximity band ±38pt, 9 of them retained)
09-08 16:50:53 [WARN] trader/auto_trader.go:49 [trader_id=stage-a-benchmark] 🌑 dark regime at the ASIA read: 1/7 regime fields unavailable (vix_level) — plan still trustworthy
09-08 16:50:53 [INFO] trader/auto_trader.go:44 [trader_id=stage-a-benchmark] 🔬 detector recorded: 0 new episode(s) · pool 9 candidate(s) (8 seated, 1 cut) · k=3 Δ=1.84 band=±5.53 H=12 close · pre-formation bars skipped=41 · levels with no formation time=6
09-08 16:50:53 [INFO] trader/auto_trader.go:44 [trader_id=stage-a-benchmark] 📓 read facts: void=8 · floor=19.3 pts (1.5×ATR5m 12.89) · scope=1m×300 since=1788818400000 (cap 500)
09-08 16:50:53 [INFO] trader/auto_trader.go:44 [trader_id=stage-a-benchmark] 🗺️ G2 HTF detection @ASIA: 90 level(s) map[EQH·15m:1 EQH·1h:1 EQH·4h:1 EQL·15m:1 EQL·1h:1 EQL·4h:1 iFVG(bull)·15m:28 iFVG(bull)·1h:28 iFVG(bull)·4h:28]
09-08 16:50:53 [INFO] kernel/levels_score.go:611 🗺️ seated 9/22 in-band levels (proximity band ±38pt, 9 of them retained)
09-08 16:50:53 [WARN] trader/auto_trader.go:49 [trader_id=stage-a-benchmark] 🌑 dark regime at the ASIA read: 1/7 regime fields unavailable (vix_level) — plan still trustworthy
09-08 16:50:53 [INFO] trader/auto_trader.go:44 [trader_id=stage-a-benchmark] 🔬 detector recorded: 0 new episode(s) · pool 9 candidate(s) (8 seated, 1 cut) · k=3 Δ=1.84 band=±5.53 H=12 close · pre-formation bars skipped=41 · levels with no formation time=6
09-08 16:50:53 [INFO] trader/auto_trader.go:44 [trader_id=stage-a-benchmark] 📓 read facts: void=8 · floor=19.3 pts (1.5×ATR5m 12.89) · scope=1m×300 since=1788818400000 (cap 500)
09-08 16:50:53 [INFO] trader/auto_trader.go:44 [trader_id=stage-a-benchmark] 🗺️ G2 HTF detection @ASIA: 90 level(s) map[EQH·15m:1 EQH·1h:1 EQH·4h:1 EQL·15m:1 EQL·1h:1 EQL·4h:1 iFVG(bull)·15m:28 iFVG(bull)·1h:28 iFVG(bull)·4h:28]
09-08 16:50:53 [INFO] kernel/levels_score.go:611 🗺️ seated 9/22 in-band levels (proximity band ±38pt, 9 of them retained)
09-08 16:50:53 [WARN] trader/auto_trader.go:49 [trader_id=stage-a-benchmark] 🌑 dark regime at the ASIA read: 1/7 regime fields unavailable (vix_level) — plan still trustworthy
09-08 16:50:53 [INFO] trader/auto_trader.go:44 [trader_id=stage-a-benchmark] 🔬 detector recorded: 0 new episode(s) · pool 9 candidate(s) (8 seated, 1 cut) · k=3 Δ=1.84 band=±5.53 H=12 close · pre-formation bars skipped=41 · levels with no formation time=6
09-08 16:50:53 [INFO] trader/auto_trader.go:44 [trader_id=stage-a-benchmark] 📓 read facts: void=8 · floor=19.3 pts (1.5×ATR5m 12.89) · scope=1m×300 since=1788818400000 (cap 500)
09-08 16:50:53 [INFO] trader/auto_trader.go:44 [trader_id=stage-a-benchmark] 🗺️ G2 HTF detection @ASIA: 90 level(s) map[EQH·15m:1 EQH·1h:1 EQH·4h:1 EQL·15m:1 EQL·1h:1 EQL·4h:1 iFVG(bull)·15m:28 iFVG(bull)·1h:28 iFVG(bull)·4h:28]
09-08 16:50:53 [INFO] kernel/levels_score.go:611 🗺️ seated 9/22 in-band levels (proximity band ±38pt, 9 of them retained)
09-08 16:50:53 [WARN] trader/auto_trader.go:49 [trader_id=stage-a-benchmark] 🌑 dark regime at the ASIA read: 1/7 regime fields unavailable (vix_level) — plan still trustworthy
09-08 16:50:53 [INFO] trader/auto_trader.go:44 [trader_id=stage-a-benchmark] 🔬 detector recorded: 0 new episode(s) · pool 9 candidate(s) (8 seated, 1 cut) · k=3 Δ=1.84 band=±5.53 H=12 close · pre-formation bars skipped=41 · levels with no formation time=6
09-08 16:50:53 [INFO] trader/auto_trader.go:44 [trader_id=stage-a-benchmark] 📓 read facts: void=8 · floor=19.3 pts (1.5×ATR5m 12.89) · scope=1m×300 since=1788818400000 (cap 500)
09-08 16:50:53 [INFO] trader/auto_trader.go:44 [trader_id=stage-a-benchmark] 🗺️ G2 HTF detection @ASIA: 90 level(s) map[EQH·15m:1 EQH·1h:1 EQH·4h:1 EQL·15m:1 EQL·1h:1 EQL·4h:1 iFVG(bull)·15m:28 iFVG(bull)·1h:28 iFVG(bull)·4h:28]
09-08 16:50:53 [INFO] kernel/levels_score.go:611 🗺️ seated 9/22 in-band levels (proximity band ±38pt, 9 of them retained)
09-08 16:50:53 [WARN] trader/auto_trader.go:49 [trader_id=stage-a-benchmark] 🌑 dark regime at the ASIA read: 1/7 regime fields unavailable (vix_level) — plan still trustworthy
09-08 16:50:53 [INFO] trader/auto_trader.go:44 [trader_id=stage-a-benchmark] 🔬 detector recorded: 0 new episode(s) · pool 9 candidate(s) (8 seated, 1 cut) · k=3 Δ=1.84 band=±5.53 H=12 close · pre-formation bars skipped=41 · levels with no formation time=6
09-08 16:50:53 [INFO] trader/auto_trader.go:44 [trader_id=stage-a-benchmark] 📓 read facts: void=8 · floor=19.3 pts (1.5×ATR5m 12.89) · scope=1m×300 since=1788818400000 (cap 500)
09-08 16:50:53 [INFO] trader/auto_trader.go:44 [trader_id=stage-a-benchmark] 🗺️ G2 HTF detection @ASIA: 90 level(s) map[EQH·15m:1 EQH·1h:1 EQH·4h:1 EQL·15m:1 EQL·1h:1 EQL·4h:1 iFVG(bull)·15m:28 iFVG(bull)·1h:28 iFVG(bull)·4h:28]
09-08 16:50:53 [INFO] kernel/levels_score.go:611 🗺️ seated 9/22 in-band levels (proximity band ±38pt, 9 of them retained)
09-08 16:50:53 [WARN] trader/auto_trader.go:49 [trader_id=stage-a-benchmark] 🌑 dark regime at the ASIA read: 1/7 regime fields unavailable (vix_level) — plan still trustworthy
09-08 16:50:53 [INFO] trader/auto_trader.go:44 [trader_id=stage-a-benchmark] 🔬 detector recorded: 0 new episode(s) · pool 9 candidate(s) (8 seated, 1 cut) · k=3 Δ=1.84 band=±5.53 H=12 close · pre-formation bars skipped=41 · levels with no formation time=6
09-08 16:50:53 [INFO] trader/auto_trader.go:44 [trader_id=stage-a-benchmark] 📓 read facts: void=8 · floor=19.3 pts (1.5×ATR5m 12.89) · scope=1m×300 since=1788818400000 (cap 500)
09-08 16:50:53 [INFO] trader/auto_trader.go:44 [trader_id=stage-a-benchmark] 🗺️ G2 HTF detection @ASIA: 90 level(s) map[EQH·15m:1 EQH·1h:1 EQH·4h:1 EQL·15m:1 EQL·1h:1 EQL·4h:1 iFVG(bull)·15m:28 iFVG(bull)·1h:28 iFVG(bull)·4h:28]
09-08 16:50:53 [INFO] kernel/levels_score.go:611 🗺️ seated 9/22 in-band levels (proximity band ±38pt, 9 of them retained)
09-08 16:50:53 [WARN] trader/auto_trader.go:49 [trader_id=stage-a-benchmark] 🌑 dark regime at the ASIA read: 1/7 regime fields unavailable (vix_level) — plan still trustworthy
09-08 16:50:53 [INFO] trader/auto_trader.go:44 [trader_id=stage-a-benchmark] 🔬 detector recorded: 0 new episode(s) · pool 9 candidate(s) (8 seated, 1 cut) · k=3 Δ=1.84 band=±5.53 H=12 close · pre-formation bars skipped=41 · levels with no formation time=6
09-08 16:50:53 [INFO] trader/auto_trader.go:44 [trader_id=stage-a-benchmark] 📓 read facts: void=8 · floor=19.3 pts (1.5×ATR5m 12.89) · scope=1m×300 since=1788818400000 (cap 500)
09-08 16:50:53 [INFO] trader/auto_trader.go:44 [trader_id=stage-a-benchmark] 🗺️ G2 HTF detection @ASIA: 90 level(s) map[EQH·15m:1 EQH·1h:1 EQH·4h:1 EQL·15m:1 EQL·1h:1 EQL·4h:1 iFVG(bull)·15m:28 iFVG(bull)·1h:28 iFVG(bull)·4h:28]
09-08 16:50:53 [INFO] kernel/levels_score.go:611 🗺️ seated 9/22 in-band levels (proximity band ±38pt, 9 of them retained)
09-08 16:50:53 [WARN] trader/auto_trader.go:49 [trader_id=stage-a-benchmark] 🌑 dark regime at the ASIA read: 1/7 regime fields unavailable (vix_level) — plan still trustworthy
09-08 16:50:53 [INFO] trader/auto_trader.go:44 [trader_id=stage-a-benchmark] 🔬 detector recorded: 0 new episode(s) · pool 9 candidate(s) (8 seated, 1 cut) · k=3 Δ=1.84 band=±5.53 H=12 close · pre-formation bars skipped=41 · levels with no formation time=6
09-08 16:50:53 [INFO] trader/auto_trader.go:44 [trader_id=stage-a-benchmark] 📓 read facts: void=8 · floor=19.3 pts (1.5×ATR5m 12.89) · scope=1m×300 since=1788818400000 (cap 500)
09-08 16:50:53 [INFO] trader/auto_trader.go:44 [trader_id=stage-a-benchmark] 🗺️ G2 HTF detection @ASIA: 90 level(s) map[EQH·15m:1 EQH·1h:1 EQH·4h:1 EQL·15m:1 EQL·1h:1 EQL·4h:1 iFVG(bull)·15m:28 iFVG(bull)·1h:28 iFVG(bull)·4h:28]
09-08 16:50:53 [INFO] kernel/levels_score.go:611 🗺️ seated 9/22 in-band levels (proximity band ±38pt, 9 of them retained)
09-08 16:50:53 [WARN] trader/auto_trader.go:49 [trader_id=stage-a-benchmark] 🌑 dark regime at the ASIA read: 1/7 regime fields unavailable (vix_level) — plan still trustworthy
09-08 16:50:53 [INFO] trader/auto_trader.go:44 [trader_id=stage-a-benchmark] 🔬 detector recorded: 0 new episode(s) · pool 9 candidate(s) (8 seated, 1 cut) · k=3 Δ=1.84 band=±5.53 H=12 close · pre-formation bars skipped=41 · levels with no formation time=6
09-08 16:50:53 [INFO] trader/auto_trader.go:44 [trader_id=stage-a-benchmark] 📓 read facts: void=8 · floor=19.3 pts (1.5×ATR5m 12.89) · scope=1m×300 since=1788818400000 (cap 500)
09-08 16:50:53 [INFO] trader/auto_trader.go:44 [trader_id=stage-a-benchmark] 🗺️ G2 HTF detection @ASIA: 90 level(s) map[EQH·15m:1 EQH·1h:1 EQH·4h:1 EQL·15m:1 EQL·1h:1 EQL·4h:1 iFVG(bull)·15m:28 iFVG(bull)·1h:28 iFVG(bull)·4h:28]
09-08 16:50:53 [INFO] kernel/levels_score.go:611 🗺️ seated 9/22 in-band levels (proximity band ±38pt, 9 of them retained)
09-08 16:50:53 [WARN] trader/auto_trader.go:49 [trader_id=stage-a-benchmark] 🌑 dark regime at the ASIA read: 1/7 regime fields unavailable (vix_level) — plan still trustworthy
09-08 16:50:53 [INFO] trader/auto_trader.go:44 [trader_id=stage-a-benchmark] 🔬 detector recorded: 0 new episode(s) · pool 9 candidate(s) (8 seated, 1 cut) · k=3 Δ=1.84 band=±5.53 H=12 close · pre-formation bars skipped=41 · levels with no formation time=6
09-08 16:50:53 [INFO] trader/auto_trader.go:44 [trader_id=stage-a-benchmark] 📓 read facts: void=8 · floor=19.3 pts (1.5×ATR5m 12.89) · scope=1m×300 since=1788818400000 (cap 500)
09-08 16:50:53 [INFO] trader/auto_trader.go:44 [trader_id=stage-a-benchmark] 🗺️ G2 HTF detection @ASIA: 90 level(s) map[EQH·15m:1 EQH·1h:1 EQH·4h:1 EQL·15m:1 EQL·1h:1 EQL·4h:1 iFVG(bull)·15m:28 iFVG(bull)·1h:28 iFVG(bull)·4h:28]
09-08 16:50:53 [INFO] kernel/levels_score.go:611 🗺️ seated 9/22 in-band levels (proximity band ±38pt, 9 of them retained)
09-08 16:50:53 [WARN] trader/auto_trader.go:49 [trader_id=stage-a-benchmark] 🌑 dark regime at the ASIA read: 1/7 regime fields unavailable (vix_level) — plan still trustworthy
09-08 16:50:53 [INFO] trader/auto_trader.go:44 [trader_id=stage-a-benchmark] 🔬 detector recorded: 0 new episode(s) · pool 9 candidate(s) (8 seated, 1 cut) · k=3 Δ=1.84 band=±5.53 H=12 close · pre-formation bars skipped=41 · levels with no formation time=6
09-08 16:50:53 [INFO] trader/auto_trader.go:44 [trader_id=stage-a-benchmark] 📓 read facts: void=8 · floor=19.3 pts (1.5×ATR5m 12.89) · scope=1m×300 since=1788818400000 (cap 500)
09-08 16:50:53 [INFO] trader/auto_trader.go:44 [trader_id=stage-a-benchmark] 🗺️ G2 HTF detection @ASIA: 90 level(s) map[EQH·15m:1 EQH·1h:1 EQH·4h:1 EQL·15m:1 EQL·1h:1 EQL·4h:1 iFVG(bull)·15m:28 iFVG(bull)·1h:28 iFVG(bull)·4h:28]
09-08 16:50:53 [INFO] kernel/levels_score.go:611 🗺️ seated 9/22 in-band levels (proximity band ±38pt, 9 of them retained)
09-08 16:50:53 [WARN] trader/auto_trader.go:49 [trader_id=stage-a-benchmark] 🌑 dark regime at the ASIA read: 1/7 regime fields unavailable (vix_level) — plan still trustworthy
09-08 16:50:53 [INFO] trader/auto_trader.go:44 [trader_id=stage-a-benchmark] 🔬 detector recorded: 0 new episode(s) · pool 9 candidate(s) (8 seated, 1 cut) · k=3 Δ=1.84 band=±5.53 H=12 close · pre-formation bars skipped=41 · levels with no formation time=6
09-08 16:50:53 [INFO] trader/auto_trader.go:44 [trader_id=stage-a-benchmark] 📓 read facts: void=8 · floor=19.3 pts (1.5×ATR5m 12.89) · scope=1m×300 since=1788818400000 (cap 500)
09-08 16:50:53 [INFO] trader/auto_trader.go:44 [trader_id=stage-a-benchmark] 🗺️ G2 HTF detection @ASIA: 90 level(s) map[EQH·15m:1 EQH·1h:1 EQH·4h:1 EQL·15m:1 EQL·1h:1 EQL·4h:1 iFVG(bull)·15m:28 iFVG(bull)·1h:28 iFVG(bull)·4h:28]
09-08 16:50:53 [INFO] kernel/levels_score.go:611 🗺️ seated 9/22 in-band levels (proximity band ±38pt, 9 of them retained)
09-08 16:50:53 [WARN] trader/auto_trader.go:49 [trader_id=stage-a-benchmark] 🌑 dark regime at the ASIA read: 1/7 regime fields unavailable (vix_level) — plan still trustworthy
09-08 16:50:53 [INFO] trader/auto_trader.go:44 [trader_id=stage-a-benchmark] 🔬 detector recorded: 0 new episode(s) · pool 9 candidate(s) (8 seated, 1 cut) · k=3 Δ=1.84 band=±5.53 H=12 close · pre-formation bars skipped=41 · levels with no formation time=6
09-08 16:50:53 [INFO] trader/auto_trader.go:44 [trader_id=stage-a-benchmark] 📓 read facts: void=8 · floor=19.3 pts (1.5×ATR5m 12.89) · scope=1m×300 since=1788818400000 (cap 500)
09-08 16:50:53 [INFO] trader/auto_trader.go:44 [trader_id=stage-a-benchmark] 🗺️ G2 HTF detection @ASIA: 90 level(s) map[EQH·15m:1 EQH·1h:1 EQH·4h:1 EQL·15m:1 EQL·1h:1 EQL·4h:1 iFVG(bull)·15m:28 iFVG(bull)·1h:28 iFVG(bull)·4h:28]
09-08 16:50:53 [INFO] kernel/levels_score.go:611 🗺️ seated 9/22 in-band levels (proximity band ±38pt, 9 of them retained)
09-08 16:50:53 [WARN] trader/auto_trader.go:49 [trader_id=stage-a-benchmark] 🌑 dark regime at the ASIA read: 1/7 regime fields unavailable (vix_level) — plan still trustworthy
09-08 16:50:53 [INFO] trader/auto_trader.go:44 [trader_id=stage-a-benchmark] 🔬 detector recorded: 0 new episode(s) · pool 9 candidate(s) (8 seated, 1 cut) · k=3 Δ=1.84 band=±5.53 H=12 close · pre-formation bars skipped=41 · levels with no formation time=6
09-08 16:50:53 [INFO] trader/auto_trader.go:44 [trader_id=stage-a-benchmark] 📓 read facts: void=8 · floor=19.3 pts (1.5×ATR5m 12.89) · scope=1m×300 since=1788818400000 (cap 500)
09-08 16:50:53 [INFO] trader/auto_trader.go:44 [trader_id=stage-a-benchmark] 🗺️ G2 HTF detection @ASIA: 90 level(s) map[EQH·15m:1 EQH·1h:1 EQH·4h:1 EQL·15m:1 EQL·1h:1 EQL·4h:1 iFVG(bull)·15m:28 iFVG(bull)·1h:28 iFVG(bull)·4h:28]
09-08 16:50:53 [INFO] kernel/levels_score.go:611 🗺️ seated 9/22 in-band levels (proximity band ±38pt, 9 of them retained)
09-08 16:50:53 [WARN] trader/auto_trader.go:49 [trader_id=stage-a-benchmark] 🌑 dark regime at the ASIA read: 1/7 regime fields unavailable (vix_level) — plan still trustworthy
09-08 16:50:53 [INFO] trader/auto_trader.go:44 [trader_id=stage-a-benchmark] 🔬 detector recorded: 0 new episode(s) · pool 9 candidate(s) (8 seated, 1 cut) · k=3 Δ=1.84 band=±5.53 H=12 close · pre-formation bars skipped=41 · levels with no formation time=6
09-08 16:50:53 [INFO] trader/auto_trader.go:44 [trader_id=stage-a-benchmark] 📓 read facts: void=8 · floor=19.3 pts (1.5×ATR5m 12.89) · scope=1m×300 since=1788818400000 (cap 500)
09-08 16:50:53 [INFO] trader/auto_trader.go:44 [trader_id=stage-a-benchmark] 🗺️ G2 HTF detection @ASIA: 90 level(s) map[EQH·15m:1 EQH·1h:1 EQH·4h:1 EQL·15m:1 EQL·1h:1 EQL·4h:1 iFVG(bull)·15m:28 iFVG(bull)·1h:28 iFVG(bull)·4h:28]
09-08 16:50:53 [INFO] kernel/levels_score.go:611 🗺️ seated 9/22 in-band levels (proximity band ±38pt, 9 of them retained)
09-08 16:50:53 [WARN] trader/auto_trader.go:49 [trader_id=stage-a-benchmark] 🌑 dark regime at the ASIA read: 1/7 regime fields unavailable (vix_level) — plan still trustworthy
09-08 16:50:53 [INFO] trader/auto_trader.go:44 [trader_id=stage-a-benchmark] 🔬 detector recorded: 0 new episode(s) · pool 9 candidate(s) (8 seated, 1 cut) · k=3 Δ=1.84 band=±5.53 H=12 close · pre-formation bars skipped=41 · levels with no formation time=6
09-08 16:50:53 [INFO] trader/auto_trader.go:44 [trader_id=stage-a-benchmark] 📓 read facts: void=8 · floor=19.3 pts (1.5×ATR5m 12.89) · scope=1m×300 since=1788818400000 (cap 500)
09-08 16:50:53 [INFO] trader/auto_trader.go:44 [trader_id=stage-a-benchmark] 🗺️ G2 HTF detection @ASIA: 90 level(s) map[EQH·15m:1 EQH·1h:1 EQH·4h:1 EQL·15m:1 EQL·1h:1 EQL·4h:1 iFVG(bull)·15m:28 iFVG(bull)·1h:28 iFVG(bull)·4h:28]
09-08 16:50:53 [INFO] kernel/levels_score.go:611 🗺️ seated 9/22 in-band levels (proximity band ±38pt, 9 of them retained)
09-08 16:50:53 [WARN] trader/auto_trader.go:49 [trader_id=stage-a-benchmark] 🌑 dark regime at the ASIA read: 1/7 regime fields unavailable (vix_level) — plan still trustworthy
09-08 16:50:53 [INFO] trader/auto_trader.go:44 [trader_id=stage-a-benchmark] 🔬 detector recorded: 0 new episode(s) · pool 9 candidate(s) (8 seated, 1 cut) · k=3 Δ=1.84 band=±5.53 H=12 close · pre-formation bars skipped=41 · levels with no formation time=6
09-08 16:50:53 [INFO] trader/auto_trader.go:44 [trader_id=stage-a-benchmark] 📓 read facts: void=8 · floor=19.3 pts (1.5×ATR5m 12.89) · scope=1m×300 since=1788818400000 (cap 500)
09-08 16:50:53 [INFO] trader/auto_trader.go:44 [trader_id=stage-a-benchmark] 🗺️ G2 HTF detection @ASIA: 90 level(s) map[EQH·15m:1 EQH·1h:1 EQH·4h:1 EQL·15m:1 EQL·1h:1 EQL·4h:1 iFVG(bull)·15m:28 iFVG(bull)·1h:28 iFVG(bull)·4h:28]
09-08 16:50:53 [INFO] kernel/levels_score.go:611 🗺️ seated 9/22 in-band levels (proximity band ±38pt, 9 of them retained)
09-08 16:50:53 [WARN] trader/auto_trader.go:49 [trader_id=stage-a-benchmark] 🌑 dark regime at the ASIA read: 1/7 regime fields unavailable (vix_level) — plan still trustworthy
09-08 16:50:53 [INFO] trader/auto_trader.go:44 [trader_id=stage-a-benchmark] 🔬 detector recorded: 0 new episode(s) · pool 9 candidate(s) (8 seated, 1 cut) · k=3 Δ=1.84 band=±5.53 H=12 close · pre-formation bars skipped=41 · levels with no formation time=6
09-08 16:50:53 [INFO] trader/auto_trader.go:44 [trader_id=stage-a-benchmark] 📓 read facts: void=8 · floor=19.3 pts (1.5×ATR5m 12.89) · scope=1m×300 since=1788818400000 (cap 500)
09-08 16:50:53 [INFO] trader/auto_trader.go:44 [trader_id=stage-a-benchmark] 🗺️ G2 HTF detection @ASIA: 90 level(s) map[EQH·15m:1 EQH·1h:1 EQH·4h:1 EQL·15m:1 EQL·1h:1 EQL·4h:1 iFVG(bull)·15m:28 iFVG(bull)·1h:28 iFVG(bull)·4h:28]
09-08 16:50:53 [INFO] kernel/levels_score.go:611 🗺️ seated 9/22 in-band levels (proximity band ±38pt, 9 of them retained)
09-08 16:50:53 [WARN] trader/auto_trader.go:49 [trader_id=stage-a-benchmark] 🌑 dark regime at the ASIA read: 1/7 regime fields unavailable (vix_level) — plan still trustworthy
09-08 16:50:53 [INFO] trader/auto_trader.go:44 [trader_id=stage-a-benchmark] 🔬 detector recorded: 0 new episode(s) · pool 9 candidate(s) (8 seated, 1 cut) · k=3 Δ=1.84 band=±5.53 H=12 close · pre-formation bars skipped=41 · levels with no formation time=6
09-08 16:50:53 [INFO] trader/auto_trader.go:44 [trader_id=stage-a-benchmark] 📓 read facts: void=8 · floor=19.3 pts (1.5×ATR5m 12.89) · scope=1m×300 since=1788818400000 (cap 500)
09-08 16:50:53 [INFO] trader/auto_trader.go:44 [trader_id=stage-a-benchmark] 🗺️ G2 HTF detection @ASIA: 90 level(s) map[EQH·15m:1 EQH·1h:1 EQH·4h:1 EQL·15m:1 EQL·1h:1 EQL·4h:1 iFVG(bull)·15m:28 iFVG(bull)·1h:28 iFVG(bull)·4h:28]
09-08 16:50:53 [INFO] kernel/levels_score.go:611 🗺️ seated 9/22 in-band levels (proximity band ±38pt, 9 of them retained)
09-08 16:50:53 [WARN] trader/auto_trader.go:49 [trader_id=stage-a-benchmark] 🌑 dark regime at the ASIA read: 1/7 regime fields unavailable (vix_level) — plan still trustworthy
09-08 16:50:53 [INFO] trader/auto_trader.go:44 [trader_id=stage-a-benchmark] 🔬 detector recorded: 0 new episode(s) · pool 9 candidate(s) (8 seated, 1 cut) · k=3 Δ=1.84 band=±5.53 H=12 close · pre-formation bars skipped=41 · levels with no formation time=6
09-08 16:50:53 [INFO] trader/auto_trader.go:44 [trader_id=stage-a-benchmark] 📓 read facts: void=8 · floor=19.3 pts (1.5×ATR5m 12.89) · scope=1m×300 since=1788818400000 (cap 500)
09-08 16:50:53 [INFO] trader/auto_trader.go:44 [trader_id=stage-a-benchmark] 🗺️ G2 HTF detection @ASIA: 90 level(s) map[EQH·15m:1 EQH·1h:1 EQH·4h:1 EQL·15m:1 EQL·1h:1 EQL·4h:1 iFVG(bull)·15m:28 iFVG(bull)·1h:28 iFVG(bull)·4h:28]
09-08 16:50:53 [INFO] kernel/levels_score.go:611 🗺️ seated 9/22 in-band levels (proximity band ±38pt, 9 of them retained)
09-08 16:50:53 [WARN] trader/auto_trader.go:49 [trader_id=stage-a-benchmark] 🌑 dark regime at the ASIA read: 1/7 regime fields unavailable (vix_level) — plan still trustworthy
09-08 16:50:53 [INFO] trader/auto_trader.go:44 [trader_id=stage-a-benchmark] 🔬 detector recorded: 0 new episode(s) · pool 9 candidate(s) (8 seated, 1 cut) · k=3 Δ=1.84 band=±5.53 H=12 close · pre-formation bars skipped=41 · levels with no formation time=6
09-08 16:50:53 [INFO] trader/auto_trader.go:44 [trader_id=stage-a-benchmark] 📓 read facts: void=8 · floor=19.3 pts (1.5×ATR5m 12.89) · scope=1m×300 since=1788818400000 (cap 500)
09-08 16:50:53 [INFO] trader/auto_trader.go:44 [trader_id=stage-a-benchmark] 🗺️ G2 HTF detection @ASIA: 90 level(s) map[EQH·15m:1 EQH·1h:1 EQH·4h:1 EQL·15m:1 EQL·1h:1 EQL·4h:1 iFVG(bull)·15m:28 iFVG(bull)·1h:28 iFVG(bull)·4h:28]
09-08 16:50:53 [INFO] kernel/levels_score.go:611 🗺️ seated 9/22 in-band levels (proximity band ±38pt, 9 of them retained)
09-08 16:50:53 [WARN] trader/auto_trader.go:49 [trader_id=stage-a-benchmark] 🌑 dark regime at the ASIA read: 1/7 regime fields unavailable (vix_level) — plan still trustworthy
09-08 16:50:53 [INFO] trader/auto_trader.go:44 [trader_id=stage-a-benchmark] 🔬 detector recorded: 0 new episode(s) · pool 9 candidate(s) (8 seated, 1 cut) · k=3 Δ=1.84 band=±5.53 H=12 close · pre-formation bars skipped=41 · levels with no formation time=6
09-08 16:50:53 [INFO] trader/auto_trader.go:44 [trader_id=stage-a-benchmark] 📓 read facts: void=8 · floor=19.3 pts (1.5×ATR5m 12.89) · scope=1m×300 since=1788818400000 (cap 500)
09-08 16:50:53 [INFO] trader/auto_trader.go:44 [trader_id=stage-a-benchmark] 🗺️ G2 HTF detection @ASIA: 90 level(s) map[EQH·15m:1 EQH·1h:1 EQH·4h:1 EQL·15m:1 EQL·1h:1 EQL·4h:1 iFVG(bull)·15m:28 iFVG(bull)·1h:28 iFVG(bull)·4h:28]
09-08 16:50:53 [INFO] kernel/levels_score.go:611 🗺️ seated 9/22 in-band levels (proximity band ±38pt, 9 of them retained)
09-08 16:50:53 [WARN] trader/auto_trader.go:49 [trader_id=stage-a-benchmark] 🌑 dark regime at the ASIA read: 1/7 regime fields unavailable (vix_level) — plan still trustworthy
09-08 16:50:53 [INFO] trader/auto_trader.go:44 [trader_id=stage-a-benchmark] 🔬 detector recorded: 0 new episode(s) · pool 9 candidate(s) (8 seated, 1 cut) · k=3 Δ=1.84 band=±5.53 H=12 close · pre-formation bars skipped=41 · levels with no formation time=6
09-08 16:50:53 [INFO] trader/auto_trader.go:44 [trader_id=stage-a-benchmark] 📓 read facts: void=8 · floor=19.3 pts (1.5×ATR5m 12.89) · scope=1m×300 since=1788818400000 (cap 500)
09-08 16:50:53 [INFO] trader/auto_trader.go:44 [trader_id=stage-a-benchmark] 🗺️ G2 HTF detection @ASIA: 90 level(s) map[EQH·15m:1 EQH·1h:1 EQH·4h:1 EQL·15m:1 EQL·1h:1 EQL·4h:1 iFVG(bull)·15m:28 iFVG(bull)·1h:28 iFVG(bull)·4h:28]
09-08 16:50:53 [INFO] kernel/levels_score.go:611 🗺️ seated 9/22 in-band levels (proximity band ±38pt, 9 of them retained)
09-08 16:50:53 [WARN] trader/auto_trader.go:49 [trader_id=stage-a-benchmark] 🌑 dark regime at the ASIA read: 1/7 regime fields unavailable (vix_level) — plan still trustworthy
09-08 16:50:53 [INFO] trader/auto_trader.go:44 [trader_id=stage-a-benchmark] 🔬 detector recorded: 0 new episode(s) · pool 9 candidate(s) (8 seated, 1 cut) · k=3 Δ=1.84 band=±5.53 H=12 close · pre-formation bars skipped=41 · levels with no formation time=6
09-08 16:50:53 [INFO] trader/auto_trader.go:44 [trader_id=stage-a-benchmark] 📓 read facts: void=8 · floor=19.3 pts (1.5×ATR5m 12.89) · scope=1m×300 since=1788818400000 (cap 500)
09-08 16:50:53 [INFO] trader/auto_trader.go:44 [trader_id=stage-a-benchmark] 🗺️ G2 HTF detection @ASIA: 90 level(s) map[EQH·15m:1 EQH·1h:1 EQH·4h:1 EQL·15m:1 EQL·1h:1 EQL·4h:1 iFVG(bull)·15m:28 iFVG(bull)·1h:28 iFVG(bull)·4h:28]
09-08 16:50:53 [INFO] kernel/levels_score.go:611 🗺️ seated 9/22 in-band levels (proximity band ±38pt, 9 of them retained)
09-08 16:50:53 [WARN] trader/auto_trader.go:49 [trader_id=stage-a-benchmark] 🌑 dark regime at the ASIA read: 1/7 regime fields unavailable (vix_level) — plan still trustworthy
09-08 16:50:53 [INFO] trader/auto_trader.go:44 [trader_id=stage-a-benchmark] 🔬 detector recorded: 0 new episode(s) · pool 9 candidate(s) (8 seated, 1 cut) · k=3 Δ=1.84 band=±5.53 H=12 close · pre-formation bars skipped=41 · levels with no formation time=6
09-08 16:50:53 [INFO] trader/auto_trader.go:44 [trader_id=stage-a-benchmark] 📓 read facts: void=8 · floor=19.3 pts (1.5×ATR5m 12.89) · scope=1m×300 since=1788818400000 (cap 500)
09-08 16:50:53 [INFO] trader/auto_trader.go:44 [trader_id=stage-a-benchmark] 🗺️ G2 HTF detection @ASIA: 90 level(s) map[EQH·15m:1 EQH·1h:1 EQH·4h:1 EQL·15m:1 EQL·1h:1 EQL·4h:1 iFVG(bull)·15m:28 iFVG(bull)·1h:28 iFVG(bull)·4h:28]
09-08 16:50:53 [INFO] kernel/levels_score.go:611 🗺️ seated 9/22 in-band levels (proximity band ±38pt, 9 of them retained)
09-08 16:50:53 [WARN] trader/auto_trader.go:49 [trader_id=stage-a-benchmark] 🌑 dark regime at the ASIA read: 1/7 regime fields unavailable (vix_level) — plan still trustworthy
09-08 16:50:53 [INFO] trader/auto_trader.go:44 [trader_id=stage-a-benchmark] 🔬 detector recorded: 0 new episode(s) · pool 9 candidate(s) (8 seated, 1 cut) · k=3 Δ=1.84 band=±5.53 H=12 close · pre-formation bars skipped=41 · levels with no formation time=6
09-08 16:50:53 [INFO] trader/auto_trader.go:44 [trader_id=stage-a-benchmark] 📓 read facts: void=8 · floor=19.3 pts (1.5×ATR5m 12.89) · scope=1m×300 since=1788818400000 (cap 500)
09-08 16:50:53 [INFO] trader/auto_trader.go:44 [trader_id=stage-a-benchmark] 🗺️ G2 HTF detection @ASIA: 90 level(s) map[EQH·15m:1 EQH·1h:1 EQH·4h:1 EQL·15m:1 EQL·1h:1 EQL·4h:1 iFVG(bull)·15m:28 iFVG(bull)·1h:28 iFVG(bull)·4h:28]
09-08 16:50:53 [INFO] kernel/levels_score.go:611 🗺️ seated 9/22 in-band levels (proximity band ±38pt, 9 of them retained)
09-08 16:50:53 [WARN] trader/auto_trader.go:49 [trader_id=stage-a-benchmark] 🌑 dark regime at the ASIA read: 1/7 regime fields unavailable (vix_level) — plan still trustworthy
09-08 16:50:53 [INFO] trader/auto_trader.go:44 [trader_id=stage-a-benchmark] 🔬 detector recorded: 0 new episode(s) · pool 9 candidate(s) (8 seated, 1 cut) · k=3 Δ=1.84 band=±5.53 H=12 close · pre-formation bars skipped=41 · levels with no formation time=6
09-08 16:50:53 [INFO] trader/auto_trader.go:44 [trader_id=stage-a-benchmark] 📓 read facts: void=8 · floor=19.3 pts (1.5×ATR5m 12.89) · scope=1m×300 since=1788818400000 (cap 500)
09-08 16:50:53 [INFO] trader/auto_trader.go:44 [trader_id=stage-a-benchmark] 🗺️ G2 HTF detection @ASIA: 90 level(s) map[EQH·15m:1 EQH·1h:1 EQH·4h:1 EQL·15m:1 EQL·1h:1 EQL·4h:1 iFVG(bull)·15m:28 iFVG(bull)·1h:28 iFVG(bull)·4h:28]
09-08 16:50:53 [INFO] kernel/levels_score.go:611 🗺️ seated 9/22 in-band levels (proximity band ±38pt, 9 of them retained)
09-08 16:50:53 [WARN] trader/auto_trader.go:49 [trader_id=stage-a-benchmark] 🌑 dark regime at the ASIA read: 1/7 regime fields unavailable (vix_level) — plan still trustworthy
09-08 16:50:53 [INFO] trader/auto_trader.go:44 [trader_id=stage-a-benchmark] 🔬 detector recorded: 0 new episode(s) · pool 9 candidate(s) (8 seated, 1 cut) · k=3 Δ=1.84 band=±5.53 H=12 close · pre-formation bars skipped=41 · levels with no formation time=6
09-08 16:50:53 [INFO] trader/auto_trader.go:44 [trader_id=stage-a-benchmark] 📓 read facts: void=8 · floor=19.3 pts (1.5×ATR5m 12.89) · scope=1m×300 since=1788818400000 (cap 500)
09-08 16:50:53 [INFO] trader/auto_trader.go:44 [trader_id=stage-a-benchmark] 🗺️ G2 HTF detection @ASIA: 90 level(s) map[EQH·15m:1 EQH·1h:1 EQH·4h:1 EQL·15m:1 EQL·1h:1 EQL·4h:1 iFVG(bull)·15m:28 iFVG(bull)·1h:28 iFVG(bull)·4h:28]
09-08 16:50:53 [INFO] kernel/levels_score.go:611 🗺️ seated 9/22 in-band levels (proximity band ±38pt, 9 of them retained)
09-08 16:50:53 [WARN] trader/auto_trader.go:49 [trader_id=stage-a-benchmark] 🌑 dark regime at the ASIA read: 1/7 regime fields unavailable (vix_level) — plan still trustworthy
09-08 16:50:53 [INFO] trader/auto_trader.go:44 [trader_id=stage-a-benchmark] 🔬 detector recorded: 0 new episode(s) · pool 9 candidate(s) (8 seated, 1 cut) · k=3 Δ=1.84 band=±5.53 H=12 close · pre-formation bars skipped=41 · levels with no formation time=6
09-08 16:50:53 [INFO] trader/auto_trader.go:44 [trader_id=stage-a-benchmark] 📓 read facts: void=8 · floor=19.3 pts (1.5×ATR5m 12.89) · scope=1m×300 since=1788818400000 (cap 500)
09-08 16:50:53 [INFO] trader/auto_trader.go:44 [trader_id=stage-a-benchmark] 🗺️ G2 HTF detection @ASIA: 90 level(s) map[EQH·15m:1 EQH·1h:1 EQH·4h:1 EQL·15m:1 EQL·1h:1 EQL·4h:1 iFVG(bull)·15m:28 iFVG(bull)·1h:28 iFVG(bull)·4h:28]
09-08 16:50:53 [INFO] kernel/levels_score.go:611 🗺️ seated 9/22 in-band levels (proximity band ±38pt, 9 of them retained)
09-08 16:50:53 [WARN] trader/auto_trader.go:49 [trader_id=stage-a-benchmark] 🌑 dark regime at the ASIA read: 1/7 regime fields unavailable (vix_level) — plan still trustworthy
09-08 16:50:53 [INFO] trader/auto_trader.go:44 [trader_id=stage-a-benchmark] 🔬 detector recorded: 0 new episode(s) · pool 9 candidate(s) (8 seated, 1 cut) · k=3 Δ=1.84 band=±5.53 H=12 close · pre-formation bars skipped=41 · levels with no formation time=6
09-08 16:50:53 [INFO] trader/auto_trader.go:44 [trader_id=stage-a-benchmark] 📓 read facts: void=8 · floor=19.3 pts (1.5×ATR5m 12.89) · scope=1m×300 since=1788818400000 (cap 500)
09-08 16:50:53 [INFO] trader/auto_trader.go:44 [trader_id=stage-a-benchmark] 🗺️ G2 HTF detection @ASIA: 90 level(s) map[EQH·15m:1 EQH·1h:1 EQH·4h:1 EQL·15m:1 EQL·1h:1 EQL·4h:1 iFVG(bull)·15m:28 iFVG(bull)·1h:28 iFVG(bull)·4h:28]
09-08 16:50:53 [INFO] kernel/levels_score.go:611 🗺️ seated 9/22 in-band levels (proximity band ±38pt, 9 of them retained)
09-08 16:50:53 [WARN] trader/auto_trader.go:49 [trader_id=stage-a-benchmark] 🌑 dark regime at the ASIA read: 1/7 regime fields unavailable (vix_level) — plan still trustworthy
09-08 16:50:53 [INFO] trader/auto_trader.go:44 [trader_id=stage-a-benchmark] 🔬 detector recorded: 0 new episode(s) · pool 9 candidate(s) (8 seated, 1 cut) · k=3 Δ=1.84 band=±5.53 H=12 close · pre-formation bars skipped=41 · levels with no formation time=6
09-08 16:50:53 [INFO] trader/auto_trader.go:44 [trader_id=stage-a-benchmark] 📓 read facts: void=8 · floor=19.3 pts (1.5×ATR5m 12.89) · scope=1m×300 since=1788818400000 (cap 500)
09-08 16:50:53 [INFO] trader/auto_trader.go:44 [trader_id=stage-a-benchmark] 🗺️ G2 HTF detection @ASIA: 90 level(s) map[EQH·15m:1 EQH·1h:1 EQH·4h:1 EQL·15m:1 EQL·1h:1 EQL·4h:1 iFVG(bull)·15m:28 iFVG(bull)·1h:28 iFVG(bull)·4h:28]
09-08 16:50:53 [INFO] kernel/levels_score.go:611 🗺️ seated 9/22 in-band levels (proximity band ±38pt, 9 of them retained)
09-08 16:50:53 [WARN] trader/auto_trader.go:49 [trader_id=stage-a-benchmark] 🌑 dark regime at the ASIA read: 1/7 regime fields unavailable (vix_level) — plan still trustworthy
09-08 16:50:53 [INFO] trader/auto_trader.go:44 [trader_id=stage-a-benchmark] 🔬 detector recorded: 0 new episode(s) · pool 9 candidate(s) (8 seated, 1 cut) · k=3 Δ=1.84 band=±5.53 H=12 close · pre-formation bars skipped=41 · levels with no formation time=6
09-08 16:50:53 [INFO] trader/auto_trader.go:44 [trader_id=stage-a-benchmark] 📓 read facts: void=8 · floor=19.3 pts (1.5×ATR5m 12.89) · scope=1m×300 since=1788818400000 (cap 500)
09-08 16:50:53 [INFO] trader/auto_trader.go:44 [trader_id=stage-a-benchmark] 🗺️ G2 HTF detection @ASIA: 90 level(s) map[EQH·15m:1 EQH·1h:1 EQH·4h:1 EQL·15m:1 EQL·1h:1 EQL·4h:1 iFVG(bull)·15m:28 iFVG(bull)·1h:28 iFVG(bull)·4h:28]
09-08 16:50:53 [INFO] kernel/levels_score.go:611 🗺️ seated 9/22 in-band levels (proximity band ±38pt, 9 of them retained)
09-08 16:50:53 [WARN] trader/auto_trader.go:49 [trader_id=stage-a-benchmark] 🌑 dark regime at the ASIA read: 1/7 regime fields unavailable (vix_level) — plan still trustworthy
09-08 16:50:53 [INFO] trader/auto_trader.go:44 [trader_id=stage-a-benchmark] 🔬 detector recorded: 0 new episode(s) · pool 9 candidate(s) (8 seated, 1 cut) · k=3 Δ=1.84 band=±5.53 H=12 close · pre-formation bars skipped=41 · levels with no formation time=6
09-08 16:50:53 [INFO] trader/auto_trader.go:44 [trader_id=stage-a-benchmark] 📓 read facts: void=8 · floor=19.3 pts (1.5×ATR5m 12.89) · scope=1m×300 since=1788818400000 (cap 500)
09-08 16:50:53 [INFO] trader/auto_trader.go:44 [trader_id=stage-a-benchmark] 🗺️ G2 HTF detection @ASIA: 90 level(s) map[EQH·15m:1 EQH·1h:1 EQH·4h:1 EQL·15m:1 EQL·1h:1 EQL·4h:1 iFVG(bull)·15m:28 iFVG(bull)·1h:28 iFVG(bull)·4h:28]
09-08 16:50:53 [INFO] kernel/levels_score.go:611 🗺️ seated 9/22 in-band levels (proximity band ±38pt, 9 of them retained)
09-08 16:50:53 [WARN] trader/auto_trader.go:49 [trader_id=stage-a-benchmark] 🌑 dark regime at the ASIA read: 1/7 regime fields unavailable (vix_level) — plan still trustworthy
09-08 16:50:53 [INFO] trader/auto_trader.go:44 [trader_id=stage-a-benchmark] 🔬 detector recorded: 0 new episode(s) · pool 9 candidate(s) (8 seated, 1 cut) · k=3 Δ=1.84 band=±5.53 H=12 close · pre-formation bars skipped=41 · levels with no formation time=6
09-08 16:50:53 [INFO] trader/auto_trader.go:44 [trader_id=stage-a-benchmark] 📓 read facts: void=8 · floor=19.3 pts (1.5×ATR5m 12.89) · scope=1m×300 since=1788818400000 (cap 500)
09-08 16:50:53 [INFO] trader/auto_trader.go:44 [trader_id=stage-a-benchmark] 🗺️ G2 HTF detection @ASIA: 90 level(s) map[EQH·15m:1 EQH·1h:1 EQH·4h:1 EQL·15m:1 EQL·1h:1 EQL·4h:1 iFVG(bull)·15m:28 iFVG(bull)·1h:28 iFVG(bull)·4h:28]
09-08 16:50:53 [INFO] kernel/levels_score.go:611 🗺️ seated 9/22 in-band levels (proximity band ±38pt, 9 of them retained)
09-08 16:50:53 [WARN] trader/auto_trader.go:49 [trader_id=stage-a-benchmark] 🌑 dark regime at the ASIA read: 1/7 regime fields unavailable (vix_level) — plan still trustworthy
09-08 16:50:53 [INFO] trader/auto_trader.go:44 [trader_id=stage-a-benchmark] 🔬 detector recorded: 0 new episode(s) · pool 9 candidate(s) (8 seated, 1 cut) · k=3 Δ=1.84 band=±5.53 H=12 close · pre-formation bars skipped=41 · levels with no formation time=6
09-08 16:50:53 [INFO] trader/auto_trader.go:44 [trader_id=stage-a-benchmark] 📓 read facts: void=8 · floor=19.3 pts (1.5×ATR5m 12.89) · scope=1m×300 since=1788818400000 (cap 500)
09-08 16:50:53 [INFO] trader/auto_trader.go:44 [trader_id=stage-a-benchmark] 🗺️ G2 HTF detection @ASIA: 90 level(s) map[EQH·15m:1 EQH·1h:1 EQH·4h:1 EQL·15m:1 EQL·1h:1 EQL·4h:1 iFVG(bull)·15m:28 iFVG(bull)·1h:28 iFVG(bull)·4h:28]
09-08 16:50:53 [INFO] kernel/levels_score.go:611 🗺️ seated 9/22 in-band levels (proximity band ±38pt, 9 of them retained)
09-08 16:50:53 [WARN] trader/auto_trader.go:49 [trader_id=stage-a-benchmark] 🌑 dark regime at the ASIA read: 1/7 regime fields unavailable (vix_level) — plan still trustworthy
09-08 16:50:53 [INFO] trader/auto_trader.go:44 [trader_id=stage-a-benchmark] 🔬 detector recorded: 0 new episode(s) · pool 9 candidate(s) (8 seated, 1 cut) · k=3 Δ=1.84 band=±5.53 H=12 close · pre-formation bars skipped=41 · levels with no formation time=6
09-08 16:50:53 [INFO] trader/auto_trader.go:44 [trader_id=stage-a-benchmark] 📓 read facts: void=8 · floor=19.3 pts (1.5×ATR5m 12.89) · scope=1m×300 since=1788818400000 (cap 500)
09-08 16:50:53 [INFO] trader/auto_trader.go:44 [trader_id=stage-a-benchmark] 🗺️ G2 HTF detection @ASIA: 90 level(s) map[EQH·15m:1 EQH·1h:1 EQH·4h:1 EQL·15m:1 EQL·1h:1 EQL·4h:1 iFVG(bull)·15m:28 iFVG(bull)·1h:28 iFVG(bull)·4h:28]
09-08 16:50:53 [INFO] kernel/levels_score.go:611 🗺️ seated 9/22 in-band levels (proximity band ±38pt, 9 of them retained)
09-08 16:50:53 [WARN] trader/auto_trader.go:49 [trader_id=stage-a-benchmark] 🌑 dark regime at the ASIA read: 1/7 regime fields unavailable (vix_level) — plan still trustworthy
09-08 16:50:53 [INFO] trader/auto_trader.go:44 [trader_id=stage-a-benchmark] 🔬 detector recorded: 0 new episode(s) · pool 9 candidate(s) (8 seated, 1 cut) · k=3 Δ=1.84 band=±5.53 H=12 close · pre-formation bars skipped=41 · levels with no formation time=6
09-08 16:50:53 [INFO] trader/auto_trader.go:44 [trader_id=stage-a-benchmark] 📓 read facts: void=8 · floor=19.3 pts (1.5×ATR5m 12.89) · scope=1m×300 since=1788818400000 (cap 500)
09-08 16:50:53 [INFO] trader/auto_trader.go:44 [trader_id=stage-a-benchmark] 🗺️ G2 HTF detection @ASIA: 90 level(s) map[EQH·15m:1 EQH·1h:1 EQH·4h:1 EQL·15m:1 EQL·1h:1 EQL·4h:1 iFVG(bull)·15m:28 iFVG(bull)·1h:28 iFVG(bull)·4h:28]
09-08 16:50:53 [INFO] kernel/levels_score.go:611 🗺️ seated 9/22 in-band levels (proximity band ±38pt, 9 of them retained)
09-08 16:50:53 [WARN] trader/auto_trader.go:49 [trader_id=stage-a-benchmark] 🌑 dark regime at the ASIA read: 1/7 regime fields unavailable (vix_level) — plan still trustworthy
09-08 16:50:53 [INFO] trader/auto_trader.go:44 [trader_id=stage-a-benchmark] 🔬 detector recorded: 0 new episode(s) · pool 9 candidate(s) (8 seated, 1 cut) · k=3 Δ=1.84 band=±5.53 H=12 close · pre-formation bars skipped=41 · levels with no formation time=6
09-08 16:50:53 [INFO] trader/auto_trader.go:44 [trader_id=stage-a-benchmark] 📓 read facts: void=8 · floor=19.3 pts (1.5×ATR5m 12.89) · scope=1m×300 since=1788818400000 (cap 500)
09-08 16:50:53 [INFO] trader/auto_trader.go:44 [trader_id=stage-a-benchmark] 🗺️ G2 HTF detection @ASIA: 90 level(s) map[EQH·15m:1 EQH·1h:1 EQH·4h:1 EQL·15m:1 EQL·1h:1 EQL·4h:1 iFVG(bull)·15m:28 iFVG(bull)·1h:28 iFVG(bull)·4h:28]
09-08 16:50:53 [INFO] kernel/levels_score.go:611 🗺️ seated 9/22 in-band levels (proximity band ±38pt, 9 of them retained)
09-08 16:50:53 [WARN] trader/auto_trader.go:49 [trader_id=stage-a-benchmark] 🌑 dark regime at the ASIA read: 1/7 regime fields unavailable (vix_level) — plan still trustworthy
09-08 16:50:53 [INFO] trader/auto_trader.go:44 [trader_id=stage-a-benchmark] 🔬 detector recorded: 0 new episode(s) · pool 9 candidate(s) (8 seated, 1 cut) · k=3 Δ=1.84 band=±5.53 H=12 close · pre-formation bars skipped=41 · levels with no formation time=6
09-08 16:50:53 [INFO] trader/auto_trader.go:44 [trader_id=stage-a-benchmark] 📓 read facts: void=8 · floor=19.3 pts (1.5×ATR5m 12.89) · scope=1m×300 since=1788818400000 (cap 500)
09-08 16:50:53 [INFO] trader/auto_trader.go:44 [trader_id=stage-a-benchmark] 🗺️ G2 HTF detection @ASIA: 90 level(s) map[EQH·15m:1 EQH·1h:1 EQH·4h:1 EQL·15m:1 EQL·1h:1 EQL·4h:1 iFVG(bull)·15m:28 iFVG(bull)·1h:28 iFVG(bull)·4h:28]
09-08 16:50:53 [INFO] kernel/levels_score.go:611 🗺️ seated 9/22 in-band levels (proximity band ±38pt, 9 of them retained)
09-08 16:50:53 [WARN] trader/auto_trader.go:49 [trader_id=stage-a-benchmark] 🌑 dark regime at the ASIA read: 1/7 regime fields unavailable (vix_level) — plan still trustworthy
09-08 16:50:53 [INFO] trader/auto_trader.go:44 [trader_id=stage-a-benchmark] 🔬 detector recorded: 0 new episode(s) · pool 9 candidate(s) (8 seated, 1 cut) · k=3 Δ=1.84 band=±5.53 H=12 close · pre-formation bars skipped=41 · levels with no formation time=6
09-08 16:50:53 [INFO] trader/auto_trader.go:44 [trader_id=stage-a-benchmark] 📓 read facts: void=8 · floor=19.3 pts (1.5×ATR5m 12.89) · scope=1m×300 since=1788818400000 (cap 500)
09-08 16:50:53 [INFO] trader/auto_trader.go:44 [trader_id=stage-a-benchmark] 🗺️ G2 HTF detection @ASIA: 90 level(s) map[EQH·15m:1 EQH·1h:1 EQH·4h:1 EQL·15m:1 EQL·1h:1 EQL·4h:1 iFVG(bull)·15m:28 iFVG(bull)·1h:28 iFVG(bull)·4h:28]
09-08 16:50:53 [INFO] kernel/levels_score.go:611 🗺️ seated 9/22 in-band levels (proximity band ±38pt, 9 of them retained)
09-08 16:50:53 [WARN] trader/auto_trader.go:49 [trader_id=stage-a-benchmark] 🌑 dark regime at the ASIA read: 1/7 regime fields unavailable (vix_level) — plan still trustworthy
09-08 16:50:53 [INFO] trader/auto_trader.go:44 [trader_id=stage-a-benchmark] 🔬 detector recorded: 0 new episode(s) · pool 9 candidate(s) (8 seated, 1 cut) · k=3 Δ=1.84 band=±5.53 H=12 close · pre-formation bars skipped=41 · levels with no formation time=6
09-08 16:50:53 [INFO] trader/auto_trader.go:44 [trader_id=stage-a-benchmark] 📓 read facts: void=8 · floor=19.3 pts (1.5×ATR5m 12.89) · scope=1m×300 since=1788818400000 (cap 500)
09-08 16:50:53 [INFO] trader/auto_trader.go:44 [trader_id=stage-a-benchmark] 🗺️ G2 HTF detection @ASIA: 90 level(s) map[EQH·15m:1 EQH·1h:1 EQH·4h:1 EQL·15m:1 EQL·1h:1 EQL·4h:1 iFVG(bull)·15m:28 iFVG(bull)·1h:28 iFVG(bull)·4h:28]
09-08 16:50:53 [INFO] kernel/levels_score.go:611 🗺️ seated 9/22 in-band levels (proximity band ±38pt, 9 of them retained)
09-08 16:50:53 [WARN] trader/auto_trader.go:49 [trader_id=stage-a-benchmark] 🌑 dark regime at the ASIA read: 1/7 regime fields unavailable (vix_level) — plan still trustworthy
09-08 16:50:53 [INFO] trader/auto_trader.go:44 [trader_id=stage-a-benchmark] 🔬 detector recorded: 0 new episode(s) · pool 9 candidate(s) (8 seated, 1 cut) · k=3 Δ=1.84 band=±5.53 H=12 close · pre-formation bars skipped=41 · levels with no formation time=6
09-08 16:50:53 [INFO] trader/auto_trader.go:44 [trader_id=stage-a-benchmark] 📓 read facts: void=8 · floor=19.3 pts (1.5×ATR5m 12.89) · scope=1m×300 since=1788818400000 (cap 500)
09-08 16:50:53 [INFO] trader/auto_trader.go:44 [trader_id=stage-a-benchmark] 🗺️ G2 HTF detection @ASIA: 90 level(s) map[EQH·15m:1 EQH·1h:1 EQH·4h:1 EQL·15m:1 EQL·1h:1 EQL·4h:1 iFVG(bull)·15m:28 iFVG(bull)·1h:28 iFVG(bull)·4h:28]
09-08 16:50:53 [INFO] kernel/levels_score.go:611 🗺️ seated 9/22 in-band levels (proximity band ±38pt, 9 of them retained)
09-08 16:50:53 [WARN] trader/auto_trader.go:49 [trader_id=stage-a-benchmark] 🌑 dark regime at the ASIA read: 1/7 regime fields unavailable (vix_level) — plan still trustworthy
09-08 16:50:53 [INFO] trader/auto_trader.go:44 [trader_id=stage-a-benchmark] 🔬 detector recorded: 0 new episode(s) · pool 9 candidate(s) (8 seated, 1 cut) · k=3 Δ=1.84 band=±5.53 H=12 close · pre-formation bars skipped=41 · levels with no formation time=6
09-08 16:50:53 [INFO] trader/auto_trader.go:44 [trader_id=stage-a-benchmark] 📓 read facts: void=8 · floor=19.3 pts (1.5×ATR5m 12.89) · scope=1m×300 since=1788818400000 (cap 500)
09-08 16:50:53 [INFO] trader/auto_trader.go:44 [trader_id=stage-a-benchmark] 🗺️ G2 HTF detection @ASIA: 90 level(s) map[EQH·15m:1 EQH·1h:1 EQH·4h:1 EQL·15m:1 EQL·1h:1 EQL·4h:1 iFVG(bull)·15m:28 iFVG(bull)·1h:28 iFVG(bull)·4h:28]
09-08 16:50:53 [INFO] kernel/levels_score.go:611 🗺️ seated 9/22 in-band levels (proximity band ±38pt, 9 of them retained)
09-08 16:50:53 [WARN] trader/auto_trader.go:49 [trader_id=stage-a-benchmark] 🌑 dark regime at the ASIA read: 1/7 regime fields unavailable (vix_level) — plan still trustworthy
09-08 16:50:53 [INFO] trader/auto_trader.go:44 [trader_id=stage-a-benchmark] 🔬 detector recorded: 0 new episode(s) · pool 9 candidate(s) (8 seated, 1 cut) · k=3 Δ=1.84 band=±5.53 H=12 close · pre-formation bars skipped=41 · levels with no formation time=6
09-08 16:50:53 [INFO] trader/auto_trader.go:44 [trader_id=stage-a-benchmark] 📓 read facts: void=8 · floor=19.3 pts (1.5×ATR5m 12.89) · scope=1m×300 since=1788818400000 (cap 500)
09-08 16:50:53 [INFO] trader/auto_trader.go:44 [trader_id=stage-a-benchmark] 🗺️ G2 HTF detection @ASIA: 90 level(s) map[EQH·15m:1 EQH·1h:1 EQH·4h:1 EQL·15m:1 EQL·1h:1 EQL·4h:1 iFVG(bull)·15m:28 iFVG(bull)·1h:28 iFVG(bull)·4h:28]
09-08 16:50:53 [INFO] kernel/levels_score.go:611 🗺️ seated 9/22 in-band levels (proximity band ±38pt, 9 of them retained)
09-08 16:50:53 [WARN] trader/auto_trader.go:49 [trader_id=stage-a-benchmark] 🌑 dark regime at the ASIA read: 1/7 regime fields unavailable (vix_level) — plan still trustworthy
09-08 16:50:53 [INFO] trader/auto_trader.go:44 [trader_id=stage-a-benchmark] 🔬 detector recorded: 0 new episode(s) · pool 9 candidate(s) (8 seated, 1 cut) · k=3 Δ=1.84 band=±5.53 H=12 close · pre-formation bars skipped=41 · levels with no formation time=6
09-08 16:50:53 [INFO] trader/auto_trader.go:44 [trader_id=stage-a-benchmark] 📓 read facts: void=8 · floor=19.3 pts (1.5×ATR5m 12.89) · scope=1m×300 since=1788818400000 (cap 500)
09-08 16:50:53 [INFO] trader/auto_trader.go:44 [trader_id=stage-a-benchmark] 🗺️ G2 HTF detection @ASIA: 90 level(s) map[EQH·15m:1 EQH·1h:1 EQH·4h:1 EQL·15m:1 EQL·1h:1 EQL·4h:1 iFVG(bull)·15m:28 iFVG(bull)·1h:28 iFVG(bull)·4h:28]
09-08 16:50:53 [INFO] kernel/levels_score.go:611 🗺️ seated 9/22 in-band levels (proximity band ±38pt, 9 of them retained)
09-08 16:50:53 [WARN] trader/auto_trader.go:49 [trader_id=stage-a-benchmark] 🌑 dark regime at the ASIA read: 1/7 regime fields unavailable (vix_level) — plan still trustworthy
09-08 16:50:53 [INFO] trader/auto_trader.go:44 [trader_id=stage-a-benchmark] 🔬 detector recorded: 0 new episode(s) · pool 9 candidate(s) (8 seated, 1 cut) · k=3 Δ=1.84 band=±5.53 H=12 close · pre-formation bars skipped=41 · levels with no formation time=6
09-08 16:50:53 [INFO] trader/auto_trader.go:44 [trader_id=stage-a-benchmark] 📓 read facts: void=8 · floor=19.3 pts (1.5×ATR5m 12.89) · scope=1m×300 since=1788818400000 (cap 500)
09-08 16:50:53 [INFO] trader/auto_trader.go:44 [trader_id=stage-a-benchmark] 🗺️ G2 HTF detection @ASIA: 90 level(s) map[EQH·15m:1 EQH·1h:1 EQH·4h:1 EQL·15m:1 EQL·1h:1 EQL·4h:1 iFVG(bull)·15m:28 iFVG(bull)·1h:28 iFVG(bull)·4h:28]
09-08 16:50:53 [INFO] kernel/levels_score.go:611 🗺️ seated 9/22 in-band levels (proximity band ±38pt, 9 of them retained)
09-08 16:50:53 [WARN] trader/auto_trader.go:49 [trader_id=stage-a-benchmark] 🌑 dark regime at the ASIA read: 1/7 regime fields unavailable (vix_level) — plan still trustworthy
09-08 16:50:53 [INFO] trader/auto_trader.go:44 [trader_id=stage-a-benchmark] 🔬 detector recorded: 0 new episode(s) · pool 9 candidate(s) (8 seated, 1 cut) · k=3 Δ=1.84 band=±5.53 H=12 close · pre-formation bars skipped=41 · levels with no formation time=6
09-08 16:50:53 [INFO] trader/auto_trader.go:44 [trader_id=stage-a-benchmark] 📓 read facts: void=8 · floor=19.3 pts (1.5×ATR5m 12.89) · scope=1m×300 since=1788818400000 (cap 500)
09-08 16:50:53 [INFO] trader/auto_trader.go:44 [trader_id=stage-a-benchmark] 🗺️ G2 HTF detection @ASIA: 90 level(s) map[EQH·15m:1 EQH·1h:1 EQH·4h:1 EQL·15m:1 EQL·1h:1 EQL·4h:1 iFVG(bull)·15m:28 iFVG(bull)·1h:28 iFVG(bull)·4h:28]
09-08 16:50:53 [INFO] kernel/levels_score.go:611 🗺️ seated 9/22 in-band levels (proximity band ±38pt, 9 of them retained)
09-08 16:50:53 [WARN] trader/auto_trader.go:49 [trader_id=stage-a-benchmark] 🌑 dark regime at the ASIA read: 1/7 regime fields unavailable (vix_level) — plan still trustworthy
09-08 16:50:53 [INFO] trader/auto_trader.go:44 [trader_id=stage-a-benchmark] 🔬 detector recorded: 0 new episode(s) · pool 9 candidate(s) (8 seated, 1 cut) · k=3 Δ=1.84 band=±5.53 H=12 close · pre-formation bars skipped=41 · levels with no formation time=6
09-08 16:50:53 [INFO] trader/auto_trader.go:44 [trader_id=stage-a-benchmark] 📓 read facts: void=8 · floor=19.3 pts (1.5×ATR5m 12.89) · scope=1m×300 since=1788818400000 (cap 500)
09-08 16:50:53 [INFO] trader/auto_trader.go:44 [trader_id=stage-a-benchmark] 🗺️ G2 HTF detection @ASIA: 90 level(s) map[EQH·15m:1 EQH·1h:1 EQH·4h:1 EQL·15m:1 EQL·1h:1 EQL·4h:1 iFVG(bull)·15m:28 iFVG(bull)·1h:28 iFVG(bull)·4h:28]
09-08 16:50:53 [INFO] kernel/levels_score.go:611 🗺️ seated 9/22 in-band levels (proximity band ±38pt, 9 of them retained)
09-08 16:50:53 [WARN] trader/auto_trader.go:49 [trader_id=stage-a-benchmark] 🌑 dark regime at the ASIA read: 1/7 regime fields unavailable (vix_level) — plan still trustworthy
09-08 16:50:53 [INFO] trader/auto_trader.go:44 [trader_id=stage-a-benchmark] 🔬 detector recorded: 0 new episode(s) · pool 9 candidate(s) (8 seated, 1 cut) · k=3 Δ=1.84 band=±5.53 H=12 close · pre-formation bars skipped=41 · levels with no formation time=6
09-08 16:50:53 [INFO] trader/auto_trader.go:44 [trader_id=stage-a-benchmark] 📓 read facts: void=8 · floor=19.3 pts (1.5×ATR5m 12.89) · scope=1m×300 since=1788818400000 (cap 500)
09-08 16:50:53 [INFO] trader/auto_trader.go:44 [trader_id=stage-a-benchmark] 🗺️ G2 HTF detection @ASIA: 90 level(s) map[EQH·15m:1 EQH·1h:1 EQH·4h:1 EQL·15m:1 EQL·1h:1 EQL·4h:1 iFVG(bull)·15m:28 iFVG(bull)·1h:28 iFVG(bull)·4h:28]
09-08 16:50:53 [INFO] kernel/levels_score.go:611 🗺️ seated 9/22 in-band levels (proximity band ±38pt, 9 of them retained)
09-08 16:50:53 [WARN] trader/auto_trader.go:49 [trader_id=stage-a-benchmark] 🌑 dark regime at the ASIA read: 1/7 regime fields unavailable (vix_level) — plan still trustworthy
09-08 16:50:53 [INFO] trader/auto_trader.go:44 [trader_id=stage-a-benchmark] 🔬 detector recorded: 0 new episode(s) · pool 9 candidate(s) (8 seated, 1 cut) · k=3 Δ=1.84 band=±5.53 H=12 close · pre-formation bars skipped=41 · levels with no formation time=6
09-08 16:50:54 [INFO] trader/auto_trader.go:44 [trader_id=stage-a-benchmark] 📓 read facts: void=8 · floor=19.3 pts (1.5×ATR5m 12.89) · scope=1m×300 since=1788818400000 (cap 500)
09-08 16:50:54 [INFO] trader/auto_trader.go:44 [trader_id=stage-a-benchmark] 🗺️ G2 HTF detection @ASIA: 90 level(s) map[EQH·15m:1 EQH·1h:1 EQH·4h:1 EQL·15m:1 EQL·1h:1 EQL·4h:1 iFVG(bull)·15m:28 iFVG(bull)·1h:28 iFVG(bull)·4h:28]
09-08 16:50:54 [INFO] kernel/levels_score.go:611 🗺️ seated 9/22 in-band levels (proximity band ±38pt, 9 of them retained)
09-08 16:50:54 [WARN] trader/auto_trader.go:49 [trader_id=stage-a-benchmark] 🌑 dark regime at the ASIA read: 1/7 regime fields unavailable (vix_level) — plan still trustworthy
09-08 16:50:54 [INFO] trader/auto_trader.go:44 [trader_id=stage-a-benchmark] 🔬 detector recorded: 0 new episode(s) · pool 9 candidate(s) (8 seated, 1 cut) · k=3 Δ=1.84 band=±5.53 H=12 close · pre-formation bars skipped=41 · levels with no formation time=6
09-08 16:50:54 [INFO] trader/auto_trader.go:44 [trader_id=stage-a-benchmark] 📓 read facts: void=8 · floor=19.3 pts (1.5×ATR5m 12.89) · scope=1m×300 since=1788818400000 (cap 500)
09-08 16:50:54 [INFO] trader/auto_trader.go:44 [trader_id=stage-a-benchmark] 🗺️ G2 HTF detection @ASIA: 90 level(s) map[EQH·15m:1 EQH·1h:1 EQH·4h:1 EQL·15m:1 EQL·1h:1 EQL·4h:1 iFVG(bull)·15m:28 iFVG(bull)·1h:28 iFVG(bull)·4h:28]
09-08 16:50:54 [INFO] kernel/levels_score.go:611 🗺️ seated 9/22 in-band levels (proximity band ±38pt, 9 of them retained)
09-08 16:50:54 [WARN] trader/auto_trader.go:49 [trader_id=stage-a-benchmark] 🌑 dark regime at the ASIA read: 1/7 regime fields unavailable (vix_level) — plan still trustworthy
09-08 16:50:54 [INFO] trader/auto_trader.go:44 [trader_id=stage-a-benchmark] 🔬 detector recorded: 0 new episode(s) · pool 9 candidate(s) (8 seated, 1 cut) · k=3 Δ=1.84 band=±5.53 H=12 close · pre-formation bars skipped=41 · levels with no formation time=6
09-08 16:50:54 [INFO] trader/auto_trader.go:44 [trader_id=stage-a-benchmark] 📓 read facts: void=8 · floor=19.3 pts (1.5×ATR5m 12.89) · scope=1m×300 since=1788818400000 (cap 500)
09-08 16:50:54 [INFO] trader/auto_trader.go:44 [trader_id=stage-a-benchmark] 🗺️ G2 HTF detection @ASIA: 90 level(s) map[EQH·15m:1 EQH·1h:1 EQH·4h:1 EQL·15m:1 EQL·1h:1 EQL·4h:1 iFVG(bull)·15m:28 iFVG(bull)·1h:28 iFVG(bull)·4h:28]
09-08 16:50:54 [INFO] kernel/levels_score.go:611 🗺️ seated 9/22 in-band levels (proximity band ±38pt, 9 of them retained)
09-08 16:50:54 [WARN] trader/auto_trader.go:49 [trader_id=stage-a-benchmark] 🌑 dark regime at the ASIA read: 1/7 regime fields unavailable (vix_level) — plan still trustworthy
09-08 16:50:54 [INFO] trader/auto_trader.go:44 [trader_id=stage-a-benchmark] 🔬 detector recorded: 0 new episode(s) · pool 9 candidate(s) (8 seated, 1 cut) · k=3 Δ=1.84 band=±5.53 H=12 close · pre-formation bars skipped=41 · levels with no formation time=6
09-08 16:50:54 [INFO] trader/auto_trader.go:44 [trader_id=stage-a-benchmark] 📓 read facts: void=8 · floor=19.3 pts (1.5×ATR5m 12.89) · scope=1m×300 since=1788818400000 (cap 500)
09-08 16:50:54 [INFO] trader/auto_trader.go:44 [trader_id=stage-a-benchmark] 🗺️ G2 HTF detection @ASIA: 90 level(s) map[EQH·15m:1 EQH·1h:1 EQH·4h:1 EQL·15m:1 EQL·1h:1 EQL·4h:1 iFVG(bull)·15m:28 iFVG(bull)·1h:28 iFVG(bull)·4h:28]
09-08 16:50:54 [INFO] kernel/levels_score.go:611 🗺️ seated 9/22 in-band levels (proximity band ±38pt, 9 of them retained)
09-08 16:50:54 [WARN] trader/auto_trader.go:49 [trader_id=stage-a-benchmark] 🌑 dark regime at the ASIA read: 1/7 regime fields unavailable (vix_level) — plan still trustworthy
09-08 16:50:54 [INFO] trader/auto_trader.go:44 [trader_id=stage-a-benchmark] 🔬 detector recorded: 0 new episode(s) · pool 9 candidate(s) (8 seated, 1 cut) · k=3 Δ=1.84 band=±5.53 H=12 close · pre-formation bars skipped=41 · levels with no formation time=6
09-08 16:50:54 [INFO] trader/auto_trader.go:44 [trader_id=stage-a-benchmark] 📓 read facts: void=8 · floor=19.3 pts (1.5×ATR5m 12.89) · scope=1m×300 since=1788818400000 (cap 500)
09-08 16:50:54 [INFO] trader/auto_trader.go:44 [trader_id=stage-a-benchmark] 🗺️ G2 HTF detection @ASIA: 90 level(s) map[EQH·15m:1 EQH·1h:1 EQH·4h:1 EQL·15m:1 EQL·1h:1 EQL·4h:1 iFVG(bull)·15m:28 iFVG(bull)·1h:28 iFVG(bull)·4h:28]
09-08 16:50:54 [INFO] kernel/levels_score.go:611 🗺️ seated 9/22 in-band levels (proximity band ±38pt, 9 of them retained)
09-08 16:50:54 [WARN] trader/auto_trader.go:49 [trader_id=stage-a-benchmark] 🌑 dark regime at the ASIA read: 1/7 regime fields unavailable (vix_level) — plan still trustworthy
09-08 16:50:54 [INFO] trader/auto_trader.go:44 [trader_id=stage-a-benchmark] 🔬 detector recorded: 0 new episode(s) · pool 9 candidate(s) (8 seated, 1 cut) · k=3 Δ=1.84 band=±5.53 H=12 close · pre-formation bars skipped=41 · levels with no formation time=6
09-08 16:50:54 [INFO] trader/auto_trader.go:44 [trader_id=stage-a-benchmark] 📓 read facts: void=8 · floor=19.3 pts (1.5×ATR5m 12.89) · scope=1m×300 since=1788818400000 (cap 500)
09-08 16:50:54 [INFO] trader/auto_trader.go:44 [trader_id=stage-a-benchmark] 🗺️ G2 HTF detection @ASIA: 90 level(s) map[EQH·15m:1 EQH·1h:1 EQH·4h:1 EQL·15m:1 EQL·1h:1 EQL·4h:1 iFVG(bull)·15m:28 iFVG(bull)·1h:28 iFVG(bull)·4h:28]
09-08 16:50:54 [INFO] kernel/levels_score.go:611 🗺️ seated 9/22 in-band levels (proximity band ±38pt, 9 of them retained)
09-08 16:50:54 [WARN] trader/auto_trader.go:49 [trader_id=stage-a-benchmark] 🌑 dark regime at the ASIA read: 1/7 regime fields unavailable (vix_level) — plan still trustworthy
09-08 16:50:54 [INFO] trader/auto_trader.go:44 [trader_id=stage-a-benchmark] 🔬 detector recorded: 0 new episode(s) · pool 9 candidate(s) (8 seated, 1 cut) · k=3 Δ=1.84 band=±5.53 H=12 close · pre-formation bars skipped=41 · levels with no formation time=6
09-08 16:50:54 [INFO] trader/auto_trader.go:44 [trader_id=stage-a-benchmark] 📓 read facts: void=8 · floor=19.3 pts (1.5×ATR5m 12.89) · scope=1m×300 since=1788818400000 (cap 500)
09-08 16:50:54 [INFO] trader/auto_trader.go:44 [trader_id=stage-a-benchmark] 🗺️ G2 HTF detection @ASIA: 90 level(s) map[EQH·15m:1 EQH·1h:1 EQH·4h:1 EQL·15m:1 EQL·1h:1 EQL·4h:1 iFVG(bull)·15m:28 iFVG(bull)·1h:28 iFVG(bull)·4h:28]
09-08 16:50:54 [INFO] kernel/levels_score.go:611 🗺️ seated 9/22 in-band levels (proximity band ±38pt, 9 of them retained)
09-08 16:50:54 [WARN] trader/auto_trader.go:49 [trader_id=stage-a-benchmark] 🌑 dark regime at the ASIA read: 1/7 regime fields unavailable (vix_level) — plan still trustworthy
09-08 16:50:54 [INFO] trader/auto_trader.go:44 [trader_id=stage-a-benchmark] 🔬 detector recorded: 0 new episode(s) · pool 9 candidate(s) (8 seated, 1 cut) · k=3 Δ=1.84 band=±5.53 H=12 close · pre-formation bars skipped=41 · levels with no formation time=6
09-08 16:50:54 [INFO] trader/auto_trader.go:44 [trader_id=stage-a-benchmark] 📓 read facts: void=8 · floor=19.3 pts (1.5×ATR5m 12.89) · scope=1m×300 since=1788818400000 (cap 500)
09-08 16:50:54 [INFO] trader/auto_trader.go:44 [trader_id=stage-a-benchmark] 🗺️ G2 HTF detection @ASIA: 90 level(s) map[EQH·15m:1 EQH·1h:1 EQH·4h:1 EQL·15m:1 EQL·1h:1 EQL·4h:1 iFVG(bull)·15m:28 iFVG(bull)·1h:28 iFVG(bull)·4h:28]
09-08 16:50:54 [INFO] kernel/levels_score.go:611 🗺️ seated 9/22 in-band levels (proximity band ±38pt, 9 of them retained)
09-08 16:50:54 [WARN] trader/auto_trader.go:49 [trader_id=stage-a-benchmark] 🌑 dark regime at the ASIA read: 1/7 regime fields unavailable (vix_level) — plan still trustworthy
09-08 16:50:54 [INFO] trader/auto_trader.go:44 [trader_id=stage-a-benchmark] 🔬 detector recorded: 0 new episode(s) · pool 9 candidate(s) (8 seated, 1 cut) · k=3 Δ=1.84 band=±5.53 H=12 close · pre-formation bars skipped=41 · levels with no formation time=6
09-08 16:50:54 [INFO] trader/auto_trader.go:44 [trader_id=stage-a-benchmark] 📓 read facts: void=8 · floor=19.3 pts (1.5×ATR5m 12.89) · scope=1m×300 since=1788818400000 (cap 500)
09-08 16:50:54 [INFO] trader/auto_trader.go:44 [trader_id=stage-a-benchmark] 🗺️ G2 HTF detection @ASIA: 90 level(s) map[EQH·15m:1 EQH·1h:1 EQH·4h:1 EQL·15m:1 EQL·1h:1 EQL·4h:1 iFVG(bull)·15m:28 iFVG(bull)·1h:28 iFVG(bull)·4h:28]
09-08 16:50:54 [INFO] kernel/levels_score.go:611 🗺️ seated 9/22 in-band levels (proximity band ±38pt, 9 of them retained)
09-08 16:50:54 [WARN] trader/auto_trader.go:49 [trader_id=stage-a-benchmark] 🌑 dark regime at the ASIA read: 1/7 regime fields unavailable (vix_level) — plan still trustworthy
09-08 16:50:54 [INFO] trader/auto_trader.go:44 [trader_id=stage-a-benchmark] 🔬 detector recorded: 0 new episode(s) · pool 9 candidate(s) (8 seated, 1 cut) · k=3 Δ=1.84 band=±5.53 H=12 close · pre-formation bars skipped=41 · levels with no formation time=6
09-08 16:50:54 [INFO] trader/auto_trader.go:44 [trader_id=stage-a-benchmark] 📓 read facts: void=8 · floor=19.3 pts (1.5×ATR5m 12.89) · scope=1m×300 since=1788818400000 (cap 500)
09-08 16:50:54 [INFO] trader/auto_trader.go:44 [trader_id=stage-a-benchmark] 🗺️ G2 HTF detection @ASIA: 90 level(s) map[EQH·15m:1 EQH·1h:1 EQH·4h:1 EQL·15m:1 EQL·1h:1 EQL·4h:1 iFVG(bull)·15m:28 iFVG(bull)·1h:28 iFVG(bull)·4h:28]
09-08 16:50:54 [INFO] kernel/levels_score.go:611 🗺️ seated 9/22 in-band levels (proximity band ±38pt, 9 of them retained)
09-08 16:50:54 [WARN] trader/auto_trader.go:49 [trader_id=stage-a-benchmark] 🌑 dark regime at the ASIA read: 1/7 regime fields unavailable (vix_level) — plan still trustworthy
09-08 16:50:54 [INFO] trader/auto_trader.go:44 [trader_id=stage-a-benchmark] 🔬 detector recorded: 0 new episode(s) · pool 9 candidate(s) (8 seated, 1 cut) · k=3 Δ=1.84 band=±5.53 H=12 close · pre-formation bars skipped=41 · levels with no formation time=6
09-08 16:50:54 [INFO] trader/auto_trader.go:44 [trader_id=stage-a-benchmark] 📓 read facts: void=8 · floor=19.3 pts (1.5×ATR5m 12.89) · scope=1m×300 since=1788818400000 (cap 500)
09-08 16:50:54 [INFO] trader/auto_trader.go:44 [trader_id=stage-a-benchmark] 🗺️ G2 HTF detection @ASIA: 90 level(s) map[EQH·15m:1 EQH·1h:1 EQH·4h:1 EQL·15m:1 EQL·1h:1 EQL·4h:1 iFVG(bull)·15m:28 iFVG(bull)·1h:28 iFVG(bull)·4h:28]
09-08 16:50:54 [INFO] kernel/levels_score.go:611 🗺️ seated 9/22 in-band levels (proximity band ±38pt, 9 of them retained)
09-08 16:50:54 [WARN] trader/auto_trader.go:49 [trader_id=stage-a-benchmark] 🌑 dark regime at the ASIA read: 1/7 regime fields unavailable (vix_level) — plan still trustworthy
09-08 16:50:54 [INFO] trader/auto_trader.go:44 [trader_id=stage-a-benchmark] 🔬 detector recorded: 0 new episode(s) · pool 9 candidate(s) (8 seated, 1 cut) · k=3 Δ=1.84 band=±5.53 H=12 close · pre-formation bars skipped=41 · levels with no formation time=6
09-08 16:50:54 [INFO] trader/auto_trader.go:44 [trader_id=stage-a-benchmark] 📓 read facts: void=8 · floor=19.3 pts (1.5×ATR5m 12.89) · scope=1m×300 since=1788818400000 (cap 500)
09-08 16:50:54 [INFO] trader/auto_trader.go:44 [trader_id=stage-a-benchmark] 🗺️ G2 HTF detection @ASIA: 90 level(s) map[EQH·15m:1 EQH·1h:1 EQH·4h:1 EQL·15m:1 EQL·1h:1 EQL·4h:1 iFVG(bull)·15m:28 iFVG(bull)·1h:28 iFVG(bull)·4h:28]
09-08 16:50:54 [INFO] kernel/levels_score.go:611 🗺️ seated 9/22 in-band levels (proximity band ±38pt, 9 of them retained)
09-08 16:50:54 [WARN] trader/auto_trader.go:49 [trader_id=stage-a-benchmark] 🌑 dark regime at the ASIA read: 1/7 regime fields unavailable (vix_level) — plan still trustworthy
09-08 16:50:54 [INFO] trader/auto_trader.go:44 [trader_id=stage-a-benchmark] 🔬 detector recorded: 0 new episode(s) · pool 9 candidate(s) (8 seated, 1 cut) · k=3 Δ=1.84 band=±5.53 H=12 close · pre-formation bars skipped=41 · levels with no formation time=6
09-08 16:50:54 [INFO] trader/auto_trader.go:44 [trader_id=stage-a-benchmark] 📓 read facts: void=8 · floor=19.3 pts (1.5×ATR5m 12.89) · scope=1m×300 since=1788818400000 (cap 500)
09-08 16:50:54 [INFO] trader/auto_trader.go:44 [trader_id=stage-a-benchmark] 🗺️ G2 HTF detection @ASIA: 90 level(s) map[EQH·15m:1 EQH·1h:1 EQH·4h:1 EQL·15m:1 EQL·1h:1 EQL·4h:1 iFVG(bull)·15m:28 iFVG(bull)·1h:28 iFVG(bull)·4h:28]
09-08 16:50:54 [INFO] kernel/levels_score.go:611 🗺️ seated 9/22 in-band levels (proximity band ±38pt, 9 of them retained)
09-08 16:50:54 [WARN] trader/auto_trader.go:49 [trader_id=stage-a-benchmark] 🌑 dark regime at the ASIA read: 1/7 regime fields unavailable (vix_level) — plan still trustworthy
09-08 16:50:54 [INFO] trader/auto_trader.go:44 [trader_id=stage-a-benchmark] 🔬 detector recorded: 0 new episode(s) · pool 9 candidate(s) (8 seated, 1 cut) · k=3 Δ=1.84 band=±5.53 H=12 close · pre-formation bars skipped=41 · levels with no formation time=6
09-08 16:50:54 [INFO] trader/auto_trader.go:44 [trader_id=stage-a-benchmark] 📓 read facts: void=8 · floor=19.3 pts (1.5×ATR5m 12.89) · scope=1m×300 since=1788818400000 (cap 500)
09-08 16:50:54 [INFO] trader/auto_trader.go:44 [trader_id=stage-a-benchmark] 🗺️ G2 HTF detection @ASIA: 90 level(s) map[EQH·15m:1 EQH·1h:1 EQH·4h:1 EQL·15m:1 EQL·1h:1 EQL·4h:1 iFVG(bull)·15m:28 iFVG(bull)·1h:28 iFVG(bull)·4h:28]
09-08 16:50:54 [INFO] kernel/levels_score.go:611 🗺️ seated 9/22 in-band levels (proximity band ±38pt, 9 of them retained)
09-08 16:50:54 [WARN] trader/auto_trader.go:49 [trader_id=stage-a-benchmark] 🌑 dark regime at the ASIA read: 1/7 regime fields unavailable (vix_level) — plan still trustworthy
09-08 16:50:54 [INFO] trader/auto_trader.go:44 [trader_id=stage-a-benchmark] 🔬 detector recorded: 0 new episode(s) · pool 9 candidate(s) (8 seated, 1 cut) · k=3 Δ=1.84 band=±5.53 H=12 close · pre-formation bars skipped=41 · levels with no formation time=6
09-08 16:50:54 [INFO] trader/auto_trader.go:44 [trader_id=stage-a-benchmark] 📓 read facts: void=8 · floor=19.3 pts (1.5×ATR5m 12.89) · scope=1m×300 since=1788818400000 (cap 500)
09-08 16:50:54 [INFO] trader/auto_trader.go:44 [trader_id=stage-a-benchmark] 🗺️ G2 HTF detection @ASIA: 90 level(s) map[EQH·15m:1 EQH·1h:1 EQH·4h:1 EQL·15m:1 EQL·1h:1 EQL·4h:1 iFVG(bull)·15m:28 iFVG(bull)·1h:28 iFVG(bull)·4h:28]
09-08 16:50:54 [INFO] kernel/levels_score.go:611 🗺️ seated 9/22 in-band levels (proximity band ±38pt, 9 of them retained)
09-08 16:50:54 [WARN] trader/auto_trader.go:49 [trader_id=stage-a-benchmark] 🌑 dark regime at the ASIA read: 1/7 regime fields unavailable (vix_level) — plan still trustworthy
09-08 16:50:54 [INFO] trader/auto_trader.go:44 [trader_id=stage-a-benchmark] 🔬 detector recorded: 0 new episode(s) · pool 9 candidate(s) (8 seated, 1 cut) · k=3 Δ=1.84 band=±5.53 H=12 close · pre-formation bars skipped=41 · levels with no formation time=6
09-08 16:50:54 [INFO] trader/auto_trader.go:44 [trader_id=stage-a-benchmark] 📓 read facts: void=8 · floor=19.3 pts (1.5×ATR5m 12.89) · scope=1m×300 since=1788818400000 (cap 500)
09-08 16:50:54 [INFO] trader/auto_trader.go:44 [trader_id=stage-a-benchmark] 🗺️ G2 HTF detection @ASIA: 90 level(s) map[EQH·15m:1 EQH·1h:1 EQH·4h:1 EQL·15m:1 EQL·1h:1 EQL·4h:1 iFVG(bull)·15m:28 iFVG(bull)·1h:28 iFVG(bull)·4h:28]
09-08 16:50:54 [INFO] kernel/levels_score.go:611 🗺️ seated 9/22 in-band levels (proximity band ±38pt, 9 of them retained)
09-08 16:50:54 [WARN] trader/auto_trader.go:49 [trader_id=stage-a-benchmark] 🌑 dark regime at the ASIA read: 1/7 regime fields unavailable (vix_level) — plan still trustworthy
09-08 16:50:54 [INFO] trader/auto_trader.go:44 [trader_id=stage-a-benchmark] 🔬 detector recorded: 0 new episode(s) · pool 9 candidate(s) (8 seated, 1 cut) · k=3 Δ=1.84 band=±5.53 H=12 close · pre-formation bars skipped=41 · levels with no formation time=6
09-08 16:50:54 [INFO] trader/auto_trader.go:44 [trader_id=stage-a-benchmark] 📓 read facts: void=8 · floor=19.3 pts (1.5×ATR5m 12.89) · scope=1m×300 since=1788818400000 (cap 500)
09-08 16:50:54 [INFO] trader/auto_trader.go:44 [trader_id=stage-a-benchmark] 🗺️ G2 HTF detection @ASIA: 90 level(s) map[EQH·15m:1 EQH·1h:1 EQH·4h:1 EQL·15m:1 EQL·1h:1 EQL·4h:1 iFVG(bull)·15m:28 iFVG(bull)·1h:28 iFVG(bull)·4h:28]
09-08 16:50:54 [INFO] kernel/levels_score.go:611 🗺️ seated 9/22 in-band levels (proximity band ±38pt, 9 of them retained)
09-08 16:50:54 [WARN] trader/auto_trader.go:49 [trader_id=stage-a-benchmark] 🌑 dark regime at the ASIA read: 1/7 regime fields unavailable (vix_level) — plan still trustworthy
09-08 16:50:54 [INFO] trader/auto_trader.go:44 [trader_id=stage-a-benchmark] 🔬 detector recorded: 0 new episode(s) · pool 9 candidate(s) (8 seated, 1 cut) · k=3 Δ=1.84 band=±5.53 H=12 close · pre-formation bars skipped=41 · levels with no formation time=6
09-08 16:50:54 [INFO] trader/auto_trader.go:44 [trader_id=stage-a-benchmark] 📓 read facts: void=8 · floor=19.3 pts (1.5×ATR5m 12.89) · scope=1m×300 since=1788818400000 (cap 500)
09-08 16:50:54 [INFO] trader/auto_trader.go:44 [trader_id=stage-a-benchmark] 🗺️ G2 HTF detection @ASIA: 90 level(s) map[EQH·15m:1 EQH·1h:1 EQH·4h:1 EQL·15m:1 EQL·1h:1 EQL·4h:1 iFVG(bull)·15m:28 iFVG(bull)·1h:28 iFVG(bull)·4h:28]
09-08 16:50:54 [INFO] kernel/levels_score.go:611 🗺️ seated 9/22 in-band levels (proximity band ±38pt, 9 of them retained)
09-08 16:50:54 [WARN] trader/auto_trader.go:49 [trader_id=stage-a-benchmark] 🌑 dark regime at the ASIA read: 1/7 regime fields unavailable (vix_level) — plan still trustworthy
09-08 16:50:54 [INFO] trader/auto_trader.go:44 [trader_id=stage-a-benchmark] 🔬 detector recorded: 0 new episode(s) · pool 9 candidate(s) (8 seated, 1 cut) · k=3 Δ=1.84 band=±5.53 H=12 close · pre-formation bars skipped=41 · levels with no formation time=6
09-08 16:50:54 [INFO] trader/auto_trader.go:44 [trader_id=stage-a-benchmark] 📓 read facts: void=8 · floor=19.3 pts (1.5×ATR5m 12.89) · scope=1m×300 since=1788818400000 (cap 500)
09-08 16:50:54 [INFO] trader/auto_trader.go:44 [trader_id=stage-a-benchmark] 🗺️ G2 HTF detection @ASIA: 90 level(s) map[EQH·15m:1 EQH·1h:1 EQH·4h:1 EQL·15m:1 EQL·1h:1 EQL·4h:1 iFVG(bull)·15m:28 iFVG(bull)·1h:28 iFVG(bull)·4h:28]
09-08 16:50:54 [INFO] kernel/levels_score.go:611 🗺️ seated 9/22 in-band levels (proximity band ±38pt, 9 of them retained)
09-08 16:50:54 [WARN] trader/auto_trader.go:49 [trader_id=stage-a-benchmark] 🌑 dark regime at the ASIA read: 1/7 regime fields unavailable (vix_level) — plan still trustworthy
09-08 16:50:54 [INFO] trader/auto_trader.go:44 [trader_id=stage-a-benchmark] 🔬 detector recorded: 0 new episode(s) · pool 9 candidate(s) (8 seated, 1 cut) · k=3 Δ=1.84 band=±5.53 H=12 close · pre-formation bars skipped=41 · levels with no formation time=6
09-08 16:50:54 [INFO] trader/auto_trader.go:44 [trader_id=stage-a-benchmark] 📓 read facts: void=8 · floor=19.3 pts (1.5×ATR5m 12.89) · scope=1m×300 since=1788818400000 (cap 500)
09-08 16:50:54 [INFO] trader/auto_trader.go:44 [trader_id=stage-a-benchmark] 🗺️ G2 HTF detection @ASIA: 90 level(s) map[EQH·15m:1 EQH·1h:1 EQH·4h:1 EQL·15m:1 EQL·1h:1 EQL·4h:1 iFVG(bull)·15m:28 iFVG(bull)·1h:28 iFVG(bull)·4h:28]
09-08 16:50:54 [INFO] kernel/levels_score.go:611 🗺️ seated 9/22 in-band levels (proximity band ±38pt, 9 of them retained)
09-08 16:50:54 [WARN] trader/auto_trader.go:49 [trader_id=stage-a-benchmark] 🌑 dark regime at the ASIA read: 1/7 regime fields unavailable (vix_level) — plan still trustworthy
09-08 16:50:54 [INFO] trader/auto_trader.go:44 [trader_id=stage-a-benchmark] 🔬 detector recorded: 0 new episode(s) · pool 9 candidate(s) (8 seated, 1 cut) · k=3 Δ=1.84 band=±5.53 H=12 close · pre-formation bars skipped=41 · levels with no formation time=6
09-08 16:50:54 [INFO] trader/auto_trader.go:44 [trader_id=stage-a-benchmark] 📓 read facts: void=8 · floor=19.3 pts (1.5×ATR5m 12.89) · scope=1m×300 since=1788818400000 (cap 500)
09-08 16:50:54 [INFO] trader/auto_trader.go:44 [trader_id=stage-a-benchmark] 🗺️ G2 HTF detection @ASIA: 90 level(s) map[EQH·15m:1 EQH·1h:1 EQH·4h:1 EQL·15m:1 EQL·1h:1 EQL·4h:1 iFVG(bull)·15m:28 iFVG(bull)·1h:28 iFVG(bull)·4h:28]
09-08 16:50:54 [INFO] kernel/levels_score.go:611 🗺️ seated 9/22 in-band levels (proximity band ±38pt, 9 of them retained)
09-08 16:50:54 [WARN] trader/auto_trader.go:49 [trader_id=stage-a-benchmark] 🌑 dark regime at the ASIA read: 1/7 regime fields unavailable (vix_level) — plan still trustworthy
09-08 16:50:54 [INFO] trader/auto_trader.go:44 [trader_id=stage-a-benchmark] 🔬 detector recorded: 0 new episode(s) · pool 9 candidate(s) (8 seated, 1 cut) · k=3 Δ=1.84 band=±5.53 H=12 close · pre-formation bars skipped=41 · levels with no formation time=6
09-08 16:50:54 [INFO] trader/auto_trader.go:44 [trader_id=stage-a-benchmark] 📓 read facts: void=8 · floor=19.3 pts (1.5×ATR5m 12.89) · scope=1m×300 since=1788818400000 (cap 500)
09-08 16:50:54 [INFO] trader/auto_trader.go:44 [trader_id=stage-a-benchmark] 🗺️ G2 HTF detection @ASIA: 90 level(s) map[EQH·15m:1 EQH·1h:1 EQH·4h:1 EQL·15m:1 EQL·1h:1 EQL·4h:1 iFVG(bull)·15m:28 iFVG(bull)·1h:28 iFVG(bull)·4h:28]
09-08 16:50:54 [INFO] kernel/levels_score.go:611 🗺️ seated 9/22 in-band levels (proximity band ±38pt, 9 of them retained)
09-08 16:50:54 [WARN] trader/auto_trader.go:49 [trader_id=stage-a-benchmark] 🌑 dark regime at the ASIA read: 1/7 regime fields unavailable (vix_level) — plan still trustworthy
09-08 16:50:54 [INFO] trader/auto_trader.go:44 [trader_id=stage-a-benchmark] 🔬 detector recorded: 0 new episode(s) · pool 9 candidate(s) (8 seated, 1 cut) · k=3 Δ=1.84 band=±5.53 H=12 close · pre-formation bars skipped=41 · levels with no formation time=6
09-08 16:50:54 [INFO] trader/auto_trader.go:44 [trader_id=stage-a-benchmark] 📓 read facts: void=8 · floor=19.3 pts (1.5×ATR5m 12.89) · scope=1m×300 since=1788818400000 (cap 500)
09-08 16:50:54 [INFO] trader/auto_trader.go:44 [trader_id=stage-a-benchmark] 🗺️ G2 HTF detection @ASIA: 90 level(s) map[EQH·15m:1 EQH·1h:1 EQH·4h:1 EQL·15m:1 EQL·1h:1 EQL·4h:1 iFVG(bull)·15m:28 iFVG(bull)·1h:28 iFVG(bull)·4h:28]
09-08 16:50:54 [INFO] kernel/levels_score.go:611 🗺️ seated 9/22 in-band levels (proximity band ±38pt, 9 of them retained)
09-08 16:50:54 [WARN] trader/auto_trader.go:49 [trader_id=stage-a-benchmark] 🌑 dark regime at the ASIA read: 1/7 regime fields unavailable (vix_level) — plan still trustworthy
09-08 16:50:54 [INFO] trader/auto_trader.go:44 [trader_id=stage-a-benchmark] 🔬 detector recorded: 0 new episode(s) · pool 9 candidate(s) (8 seated, 1 cut) · k=3 Δ=1.84 band=±5.53 H=12 close · pre-formation bars skipped=41 · levels with no formation time=6
09-08 16:50:54 [INFO] trader/auto_trader.go:44 [trader_id=stage-a-benchmark] 📓 read facts: void=8 · floor=19.3 pts (1.5×ATR5m 12.89) · scope=1m×300 since=1788818400000 (cap 500)
09-08 16:50:54 [INFO] trader/auto_trader.go:44 [trader_id=stage-a-benchmark] 🗺️ G2 HTF detection @ASIA: 90 level(s) map[EQH·15m:1 EQH·1h:1 EQH·4h:1 EQL·15m:1 EQL·1h:1 EQL·4h:1 iFVG(bull)·15m:28 iFVG(bull)·1h:28 iFVG(bull)·4h:28]
09-08 16:50:54 [INFO] kernel/levels_score.go:611 🗺️ seated 9/22 in-band levels (proximity band ±38pt, 9 of them retained)
09-08 16:50:54 [WARN] trader/auto_trader.go:49 [trader_id=stage-a-benchmark] 🌑 dark regime at the ASIA read: 1/7 regime fields unavailable (vix_level) — plan still trustworthy
09-08 16:50:54 [INFO] trader/auto_trader.go:44 [trader_id=stage-a-benchmark] 🔬 detector recorded: 0 new episode(s) · pool 9 candidate(s) (8 seated, 1 cut) · k=3 Δ=1.84 band=±5.53 H=12 close · pre-formation bars skipped=41 · levels with no formation time=6
09-08 16:50:54 [INFO] trader/auto_trader.go:44 [trader_id=stage-a-benchmark] 📓 read facts: void=8 · floor=19.3 pts (1.5×ATR5m 12.89) · scope=1m×300 since=1788818400000 (cap 500)
09-08 16:50:54 [INFO] trader/auto_trader.go:44 [trader_id=stage-a-benchmark] 🗺️ G2 HTF detection @ASIA: 90 level(s) map[EQH·15m:1 EQH·1h:1 EQH·4h:1 EQL·15m:1 EQL·1h:1 EQL·4h:1 iFVG(bull)·15m:28 iFVG(bull)·1h:28 iFVG(bull)·4h:28]
09-08 16:50:54 [INFO] kernel/levels_score.go:611 🗺️ seated 9/22 in-band levels (proximity band ±38pt, 9 of them retained)
09-08 16:50:54 [WARN] trader/auto_trader.go:49 [trader_id=stage-a-benchmark] 🌑 dark regime at the ASIA read: 1/7 regime fields unavailable (vix_level) — plan still trustworthy
09-08 16:50:54 [INFO] trader/auto_trader.go:44 [trader_id=stage-a-benchmark] 🔬 detector recorded: 0 new episode(s) · pool 9 candidate(s) (8 seated, 1 cut) · k=3 Δ=1.84 band=±5.53 H=12 close · pre-formation bars skipped=41 · levels with no formation time=6
09-08 16:50:54 [INFO] trader/auto_trader.go:44 [trader_id=stage-a-benchmark] 📓 read facts: void=8 · floor=19.3 pts (1.5×ATR5m 12.89) · scope=1m×300 since=1788818400000 (cap 500)
09-08 16:50:54 [INFO] trader/auto_trader.go:44 [trader_id=stage-a-benchmark] 🗺️ G2 HTF detection @ASIA: 90 level(s) map[EQH·15m:1 EQH·1h:1 EQH·4h:1 EQL·15m:1 EQL·1h:1 EQL·4h:1 iFVG(bull)·15m:28 iFVG(bull)·1h:28 iFVG(bull)·4h:28]
09-08 16:50:54 [INFO] kernel/levels_score.go:611 🗺️ seated 9/22 in-band levels (proximity band ±38pt, 9 of them retained)
09-08 16:50:54 [WARN] trader/auto_trader.go:49 [trader_id=stage-a-benchmark] 🌑 dark regime at the ASIA read: 1/7 regime fields unavailable (vix_level) — plan still trustworthy
09-08 16:50:54 [INFO] trader/auto_trader.go:44 [trader_id=stage-a-benchmark] 🔬 detector recorded: 0 new episode(s) · pool 9 candidate(s) (8 seated, 1 cut) · k=3 Δ=1.84 band=±5.53 H=12 close · pre-formation bars skipped=41 · levels with no formation time=6
09-08 16:50:54 [INFO] trader/auto_trader.go:44 [trader_id=stage-a-benchmark] 📓 read facts: void=8 · floor=19.3 pts (1.5×ATR5m 12.89) · scope=1m×300 since=1788818400000 (cap 500)
09-08 16:50:54 [INFO] trader/auto_trader.go:44 [trader_id=stage-a-benchmark] 🗺️ G2 HTF detection @ASIA: 90 level(s) map[EQH·15m:1 EQH·1h:1 EQH·4h:1 EQL·15m:1 EQL·1h:1 EQL·4h:1 iFVG(bull)·15m:28 iFVG(bull)·1h:28 iFVG(bull)·4h:28]
09-08 16:50:54 [INFO] kernel/levels_score.go:611 🗺️ seated 9/22 in-band levels (proximity band ±38pt, 9 of them retained)
09-08 16:50:54 [WARN] trader/auto_trader.go:49 [trader_id=stage-a-benchmark] 🌑 dark regime at the ASIA read: 1/7 regime fields unavailable (vix_level) — plan still trustworthy
09-08 16:50:54 [INFO] trader/auto_trader.go:44 [trader_id=stage-a-benchmark] 🔬 detector recorded: 0 new episode(s) · pool 9 candidate(s) (8 seated, 1 cut) · k=3 Δ=1.84 band=±5.53 H=12 close · pre-formation bars skipped=41 · levels with no formation time=6
09-08 16:50:54 [INFO] trader/auto_trader.go:44 [trader_id=stage-a-benchmark] 📓 read facts: void=8 · floor=19.3 pts (1.5×ATR5m 12.89) · scope=1m×300 since=1788818400000 (cap 500)
09-08 16:50:54 [INFO] trader/auto_trader.go:44 [trader_id=stage-a-benchmark] 🗺️ G2 HTF detection @ASIA: 90 level(s) map[EQH·15m:1 EQH·1h:1 EQH·4h:1 EQL·15m:1 EQL·1h:1 EQL·4h:1 iFVG(bull)·15m:28 iFVG(bull)·1h:28 iFVG(bull)·4h:28]
09-08 16:50:54 [INFO] kernel/levels_score.go:611 🗺️ seated 9/22 in-band levels (proximity band ±38pt, 9 of them retained)
09-08 16:50:54 [WARN] trader/auto_trader.go:49 [trader_id=stage-a-benchmark] 🌑 dark regime at the ASIA read: 1/7 regime fields unavailable (vix_level) — plan still trustworthy
09-08 16:50:54 [INFO] trader/auto_trader.go:44 [trader_id=stage-a-benchmark] 🔬 detector recorded: 0 new episode(s) · pool 9 candidate(s) (8 seated, 1 cut) · k=3 Δ=1.84 band=±5.53 H=12 close · pre-formation bars skipped=41 · levels with no formation time=6
09-08 16:50:54 [INFO] trader/auto_trader.go:44 [trader_id=stage-a-benchmark] 📓 read facts: void=8 · floor=19.3 pts (1.5×ATR5m 12.89) · scope=1m×300 since=1788818400000 (cap 500)
09-08 16:50:54 [INFO] trader/auto_trader.go:44 [trader_id=stage-a-benchmark] 🗺️ G2 HTF detection @ASIA: 90 level(s) map[EQH·15m:1 EQH·1h:1 EQH·4h:1 EQL·15m:1 EQL·1h:1 EQL·4h:1 iFVG(bull)·15m:28 iFVG(bull)·1h:28 iFVG(bull)·4h:28]
09-08 16:50:54 [INFO] kernel/levels_score.go:611 🗺️ seated 9/22 in-band levels (proximity band ±38pt, 9 of them retained)
09-08 16:50:54 [WARN] trader/auto_trader.go:49 [trader_id=stage-a-benchmark] 🌑 dark regime at the ASIA read: 1/7 regime fields unavailable (vix_level) — plan still trustworthy
09-08 16:50:54 [INFO] trader/auto_trader.go:44 [trader_id=stage-a-benchmark] 🔬 detector recorded: 0 new episode(s) · pool 9 candidate(s) (8 seated, 1 cut) · k=3 Δ=1.84 band=±5.53 H=12 close · pre-formation bars skipped=41 · levels with no formation time=6
09-08 16:50:54 [INFO] trader/auto_trader.go:44 [trader_id=stage-a-benchmark] 📓 read facts: void=8 · floor=19.3 pts (1.5×ATR5m 12.89) · scope=1m×300 since=1788818400000 (cap 500)
09-08 16:50:54 [INFO] trader/auto_trader.go:44 [trader_id=stage-a-benchmark] 🗺️ G2 HTF detection @ASIA: 90 level(s) map[EQH·15m:1 EQH·1h:1 EQH·4h:1 EQL·15m:1 EQL·1h:1 EQL·4h:1 iFVG(bull)·15m:28 iFVG(bull)·1h:28 iFVG(bull)·4h:28]
09-08 16:50:54 [INFO] kernel/levels_score.go:611 🗺️ seated 9/22 in-band levels (proximity band ±38pt, 9 of them retained)
09-08 16:50:54 [WARN] trader/auto_trader.go:49 [trader_id=stage-a-benchmark] 🌑 dark regime at the ASIA read: 1/7 regime fields unavailable (vix_level) — plan still trustworthy
09-08 16:50:54 [INFO] trader/auto_trader.go:44 [trader_id=stage-a-benchmark] 🔬 detector recorded: 0 new episode(s) · pool 9 candidate(s) (8 seated, 1 cut) · k=3 Δ=1.84 band=±5.53 H=12 close · pre-formation bars skipped=41 · levels with no formation time=6
09-08 16:50:54 [INFO] trader/auto_trader.go:44 [trader_id=stage-a-benchmark] 📓 read facts: void=8 · floor=19.3 pts (1.5×ATR5m 12.89) · scope=1m×300 since=1788818400000 (cap 500)
09-08 16:50:54 [INFO] trader/auto_trader.go:44 [trader_id=stage-a-benchmark] 🗺️ G2 HTF detection @ASIA: 90 level(s) map[EQH·15m:1 EQH·1h:1 EQH·4h:1 EQL·15m:1 EQL·1h:1 EQL·4h:1 iFVG(bull)·15m:28 iFVG(bull)·1h:28 iFVG(bull)·4h:28]
09-08 16:50:54 [INFO] kernel/levels_score.go:611 🗺️ seated 9/22 in-band levels (proximity band ±38pt, 9 of them retained)
09-08 16:50:54 [WARN] trader/auto_trader.go:49 [trader_id=stage-a-benchmark] 🌑 dark regime at the ASIA read: 1/7 regime fields unavailable (vix_level) — plan still trustworthy
09-08 16:50:54 [INFO] trader/auto_trader.go:44 [trader_id=stage-a-benchmark] 🔬 detector recorded: 0 new episode(s) · pool 9 candidate(s) (8 seated, 1 cut) · k=3 Δ=1.84 band=±5.53 H=12 close · pre-formation bars skipped=41 · levels with no formation time=6
09-08 16:50:54 [INFO] trader/auto_trader.go:44 [trader_id=stage-a-benchmark] 📓 read facts: void=8 · floor=19.3 pts (1.5×ATR5m 12.89) · scope=1m×300 since=1788818400000 (cap 500)
09-08 16:50:54 [INFO] trader/auto_trader.go:44 [trader_id=stage-a-benchmark] 🗺️ G2 HTF detection @ASIA: 90 level(s) map[EQH·15m:1 EQH·1h:1 EQH·4h:1 EQL·15m:1 EQL·1h:1 EQL·4h:1 iFVG(bull)·15m:28 iFVG(bull)·1h:28 iFVG(bull)·4h:28]
09-08 16:50:54 [INFO] kernel/levels_score.go:611 🗺️ seated 9/22 in-band levels (proximity band ±38pt, 9 of them retained)
09-08 16:50:54 [WARN] trader/auto_trader.go:49 [trader_id=stage-a-benchmark] 🌑 dark regime at the ASIA read: 1/7 regime fields unavailable (vix_level) — plan still trustworthy
09-08 16:50:54 [INFO] trader/auto_trader.go:44 [trader_id=stage-a-benchmark] 🔬 detector recorded: 0 new episode(s) · pool 9 candidate(s) (8 seated, 1 cut) · k=3 Δ=1.84 band=±5.53 H=12 close · pre-formation bars skipped=41 · levels with no formation time=6
09-08 16:50:54 [INFO] trader/auto_trader.go:44 [trader_id=stage-a-benchmark] 📓 read facts: void=8 · floor=19.3 pts (1.5×ATR5m 12.89) · scope=1m×300 since=1788818400000 (cap 500)
09-08 16:50:54 [INFO] trader/auto_trader.go:44 [trader_id=stage-a-benchmark] 🗺️ G2 HTF detection @ASIA: 90 level(s) map[EQH·15m:1 EQH·1h:1 EQH·4h:1 EQL·15m:1 EQL·1h:1 EQL·4h:1 iFVG(bull)·15m:28 iFVG(bull)·1h:28 iFVG(bull)·4h:28]
09-08 16:50:54 [INFO] kernel/levels_score.go:611 🗺️ seated 9/22 in-band levels (proximity band ±38pt, 9 of them retained)
09-08 16:50:54 [WARN] trader/auto_trader.go:49 [trader_id=stage-a-benchmark] 🌑 dark regime at the ASIA read: 1/7 regime fields unavailable (vix_level) — plan still trustworthy
09-08 16:50:54 [INFO] trader/auto_trader.go:44 [trader_id=stage-a-benchmark] 🔬 detector recorded: 0 new episode(s) · pool 9 candidate(s) (8 seated, 1 cut) · k=3 Δ=1.84 band=±5.53 H=12 close · pre-formation bars skipped=41 · levels with no formation time=6
09-08 16:50:54 [INFO] trader/auto_trader.go:44 [trader_id=stage-a-benchmark] 📓 read facts: void=8 · floor=19.3 pts (1.5×ATR5m 12.89) · scope=1m×300 since=1788818400000 (cap 500)
09-08 16:50:54 [INFO] trader/auto_trader.go:44 [trader_id=stage-a-benchmark] 🗺️ G2 HTF detection @ASIA: 90 level(s) map[EQH·15m:1 EQH·1h:1 EQH·4h:1 EQL·15m:1 EQL·1h:1 EQL·4h:1 iFVG(bull)·15m:28 iFVG(bull)·1h:28 iFVG(bull)·4h:28]
09-08 16:50:54 [INFO] kernel/levels_score.go:611 🗺️ seated 9/22 in-band levels (proximity band ±38pt, 9 of them retained)
09-08 16:50:54 [WARN] trader/auto_trader.go:49 [trader_id=stage-a-benchmark] 🌑 dark regime at the ASIA read: 1/7 regime fields unavailable (vix_level) — plan still trustworthy
09-08 16:50:54 [INFO] trader/auto_trader.go:44 [trader_id=stage-a-benchmark] 🔬 detector recorded: 0 new episode(s) · pool 9 candidate(s) (8 seated, 1 cut) · k=3 Δ=1.84 band=±5.53 H=12 close · pre-formation bars skipped=41 · levels with no formation time=6
09-08 16:50:54 [INFO] trader/auto_trader.go:44 [trader_id=stage-a-benchmark] 📓 read facts: void=8 · floor=19.3 pts (1.5×ATR5m 12.89) · scope=1m×300 since=1788818400000 (cap 500)
09-08 16:50:54 [INFO] trader/auto_trader.go:44 [trader_id=stage-a-benchmark] 🗺️ G2 HTF detection @ASIA: 90 level(s) map[EQH·15m:1 EQH·1h:1 EQH·4h:1 EQL·15m:1 EQL·1h:1 EQL·4h:1 iFVG(bull)·15m:28 iFVG(bull)·1h:28 iFVG(bull)·4h:28]
09-08 16:50:54 [INFO] kernel/levels_score.go:611 🗺️ seated 9/22 in-band levels (proximity band ±38pt, 9 of them retained)
09-08 16:50:54 [WARN] trader/auto_trader.go:49 [trader_id=stage-a-benchmark] 🌑 dark regime at the ASIA read: 1/7 regime fields unavailable (vix_level) — plan still trustworthy
09-08 16:50:54 [INFO] trader/auto_trader.go:44 [trader_id=stage-a-benchmark] 🔬 detector recorded: 0 new episode(s) · pool 9 candidate(s) (8 seated, 1 cut) · k=3 Δ=1.84 band=±5.53 H=12 close · pre-formation bars skipped=41 · levels with no formation time=6
09-08 16:50:54 [INFO] trader/auto_trader.go:44 [trader_id=stage-a-benchmark] 📓 read facts: void=8 · floor=19.3 pts (1.5×ATR5m 12.89) · scope=1m×300 since=1788818400000 (cap 500)
09-08 16:50:54 [INFO] trader/auto_trader.go:44 [trader_id=stage-a-benchmark] 🗺️ G2 HTF detection @ASIA: 90 level(s) map[EQH·15m:1 EQH·1h:1 EQH·4h:1 EQL·15m:1 EQL·1h:1 EQL·4h:1 iFVG(bull)·15m:28 iFVG(bull)·1h:28 iFVG(bull)·4h:28]
09-08 16:50:54 [INFO] kernel/levels_score.go:611 🗺️ seated 9/22 in-band levels (proximity band ±38pt, 9 of them retained)
09-08 16:50:54 [WARN] trader/auto_trader.go:49 [trader_id=stage-a-benchmark] 🌑 dark regime at the ASIA read: 1/7 regime fields unavailable (vix_level) — plan still trustworthy
09-08 16:50:54 [INFO] trader/auto_trader.go:44 [trader_id=stage-a-benchmark] 🔬 detector recorded: 0 new episode(s) · pool 9 candidate(s) (8 seated, 1 cut) · k=3 Δ=1.84 band=±5.53 H=12 close · pre-formation bars skipped=41 · levels with no formation time=6
09-08 16:50:54 [INFO] trader/auto_trader.go:44 [trader_id=stage-a-benchmark] 📓 read facts: void=8 · floor=19.3 pts (1.5×ATR5m 12.89) · scope=1m×300 since=1788818400000 (cap 500)
09-08 16:50:54 [INFO] trader/auto_trader.go:44 [trader_id=stage-a-benchmark] 🗺️ G2 HTF detection @ASIA: 90 level(s) map[EQH·15m:1 EQH·1h:1 EQH·4h:1 EQL·15m:1 EQL·1h:1 EQL·4h:1 iFVG(bull)·15m:28 iFVG(bull)·1h:28 iFVG(bull)·4h:28]
09-08 16:50:54 [INFO] kernel/levels_score.go:611 🗺️ seated 9/22 in-band levels (proximity band ±38pt, 9 of them retained)
09-08 16:50:54 [WARN] trader/auto_trader.go:49 [trader_id=stage-a-benchmark] 🌑 dark regime at the ASIA read: 1/7 regime fields unavailable (vix_level) — plan still trustworthy
09-08 16:50:54 [INFO] trader/auto_trader.go:44 [trader_id=stage-a-benchmark] 🔬 detector recorded: 0 new episode(s) · pool 9 candidate(s) (8 seated, 1 cut) · k=3 Δ=1.84 band=±5.53 H=12 close · pre-formation bars skipped=41 · levels with no formation time=6
09-08 16:50:54 [INFO] trader/auto_trader.go:44 [trader_id=stage-a-benchmark] 📓 read facts: void=8 · floor=19.3 pts (1.5×ATR5m 12.89) · scope=1m×300 since=1788818400000 (cap 500)
09-08 16:50:54 [INFO] trader/auto_trader.go:44 [trader_id=stage-a-benchmark] 🗺️ G2 HTF detection @ASIA: 90 level(s) map[EQH·15m:1 EQH·1h:1 EQH·4h:1 EQL·15m:1 EQL·1h:1 EQL·4h:1 iFVG(bull)·15m:28 iFVG(bull)·1h:28 iFVG(bull)·4h:28]
09-08 16:50:54 [INFO] kernel/levels_score.go:611 🗺️ seated 9/22 in-band levels (proximity band ±38pt, 9 of them retained)
09-08 16:50:54 [WARN] trader/auto_trader.go:49 [trader_id=stage-a-benchmark] 🌑 dark regime at the ASIA read: 1/7 regime fields unavailable (vix_level) — plan still trustworthy
09-08 16:50:54 [INFO] trader/auto_trader.go:44 [trader_id=stage-a-benchmark] 🔬 detector recorded: 0 new episode(s) · pool 9 candidate(s) (8 seated, 1 cut) · k=3 Δ=1.84 band=±5.53 H=12 close · pre-formation bars skipped=41 · levels with no formation time=6
09-08 16:50:54 [INFO] trader/auto_trader.go:44 [trader_id=stage-a-benchmark] 📓 read facts: void=8 · floor=19.3 pts (1.5×ATR5m 12.89) · scope=1m×300 since=1788818400000 (cap 500)
     100	  23515908 ns/op	       565.0 dropped-batches
PASS
ok  	nofx/trader	14.854s
