09-08 16:50:28 [INFO] store/store.go:89 ✅ Database initialized (GORM, SQLite)
09-08 16:50:28 [INFO] trader/auto_trader.go:44 [trader_id=stage-a-benchmark] 🗺️ G2 HTF detection @ASIA: 90 level(s) map[EQH·15m:1 EQH·1h:1 EQH·4h:1 EQL·15m:1 EQL·1h:1 EQL·4h:1 iFVG(bull)·15m:28 iFVG(bull)·1h:28 iFVG(bull)·4h:28]
09-08 16:50:28 [INFO] kernel/levels_score.go:575 🗺️ seated 9/22 in-band levels (proximity band ±38pt, 9 of them retained)
09-08 16:50:28 [WARN] trader/auto_trader.go:49 [trader_id=stage-a-benchmark] 🌑 dark regime at the ASIA read: 1/7 regime fields unavailable (vix_level) — plan still trustworthy
09-08 16:50:29 [INFO] trader/auto_trader.go:44 [trader_id=stage-a-benchmark] 🔬 detector recorded: 114 new episode(s) · pool 9 candidate(s) (8 seated, 1 cut) · k=3 Δ=1.84 band=±5.53 H=12 close · pre-formation bars skipped=41 · levels with no formation time=6
09-08 16:50:29 [INFO] trader/auto_trader.go:44 [trader_id=stage-a-benchmark] 📓 read facts: void=8 · floor=19.3 pts (1.5×ATR5m 12.89) · scope=1m×300 since=1788818400000 (cap 500)
goos: linux
goarch: amd64
pkg: nofx/trader
cpu: Intel(R) Core(TM) Ultra 9 285K
BenchmarkStageAWholeInputAssembly-24    	09-08 16:50:29 [INFO] store/store.go:89 ✅ Database initialized (GORM, SQLite)
09-08 16:50:29 [INFO] trader/auto_trader.go:44 [trader_id=stage-a-benchmark] 🗺️ G2 HTF detection @ASIA: 90 level(s) map[EQH·15m:1 EQH·1h:1 EQH·4h:1 EQL·15m:1 EQL·1h:1 EQL·4h:1 iFVG(bull)·15m:28 iFVG(bull)·1h:28 iFVG(bull)·4h:28]
09-08 16:50:29 [INFO] kernel/levels_score.go:575 🗺️ seated 9/22 in-band levels (proximity band ±38pt, 9 of them retained)
09-08 16:50:29 [WARN] trader/auto_trader.go:49 [trader_id=stage-a-benchmark] 🌑 dark regime at the ASIA read: 1/7 regime fields unavailable (vix_level) — plan still trustworthy
09-08 16:50:30 [INFO] trader/auto_trader.go:44 [trader_id=stage-a-benchmark] 🔬 detector recorded: 114 new episode(s) · pool 9 candidate(s) (8 seated, 1 cut) · k=3 Δ=1.84 band=±5.53 H=12 close · pre-formation bars skipped=41 · levels with no formation time=6
09-08 16:50:30 [INFO] trader/auto_trader.go:44 [trader_id=stage-a-benchmark] 📓 read facts: void=8 · floor=19.3 pts (1.5×ATR5m 12.89) · scope=1m×300 since=1788818400000 (cap 500)
09-08 16:50:30 [INFO] trader/auto_trader.go:44 [trader_id=stage-a-benchmark] 🗺️ G2 HTF detection @ASIA: 90 level(s) map[EQH·15m:1 EQH·1h:1 EQH·4h:1 EQL·15m:1 EQL·1h:1 EQL·4h:1 iFVG(bull)·15m:28 iFVG(bull)·1h:28 iFVG(bull)·4h:28]
09-08 16:50:30 [INFO] kernel/levels_score.go:575 🗺️ seated 9/22 in-band levels (proximity band ±38pt, 9 of them retained)
09-08 16:50:30 [WARN] trader/auto_trader.go:49 [trader_id=stage-a-benchmark] 🌑 dark regime at the ASIA read: 1/7 regime fields unavailable (vix_level) — plan still trustworthy
09-08 16:50:30 [INFO] trader/auto_trader.go:44 [trader_id=stage-a-benchmark] 🔬 detector recorded: 0 new episode(s) · pool 9 candidate(s) (8 seated, 1 cut) · k=3 Δ=1.84 band=±5.53 H=12 close · pre-formation bars skipped=41 · levels with no formation time=6
09-08 16:50:30 [INFO] trader/auto_trader.go:44 [trader_id=stage-a-benchmark] 📓 read facts: void=8 · floor=19.3 pts (1.5×ATR5m 12.89) · scope=1m×300 since=1788818400000 (cap 500)
09-08 16:50:30 [INFO] trader/auto_trader.go:44 [trader_id=stage-a-benchmark] 🗺️ G2 HTF detection @ASIA: 90 level(s) map[EQH·15m:1 EQH·1h:1 EQH·4h:1 EQL·15m:1 EQL·1h:1 EQL·4h:1 iFVG(bull)·15m:28 iFVG(bull)·1h:28 iFVG(bull)·4h:28]
09-08 16:50:30 [INFO] kernel/levels_score.go:575 🗺️ seated 9/22 in-band levels (proximity band ±38pt, 9 of them retained)
09-08 16:50:30 [WARN] trader/auto_trader.go:49 [trader_id=stage-a-benchmark] 🌑 dark regime at the ASIA read: 1/7 regime fields unavailable (vix_level) — plan still trustworthy
09-08 16:50:30 [INFO] trader/auto_trader.go:44 [trader_id=stage-a-benchmark] 🔬 detector recorded: 0 new episode(s) · pool 9 candidate(s) (8 seated, 1 cut) · k=3 Δ=1.84 band=±5.53 H=12 close · pre-formation bars skipped=41 · levels with no formation time=6
09-08 16:50:30 [INFO] trader/auto_trader.go:44 [trader_id=stage-a-benchmark] 📓 read facts: void=8 · floor=19.3 pts (1.5×ATR5m 12.89) · scope=1m×300 since=1788818400000 (cap 500)
09-08 16:50:30 [INFO] trader/auto_trader.go:44 [trader_id=stage-a-benchmark] 🗺️ G2 HTF detection @ASIA: 90 level(s) map[EQH·15m:1 EQH·1h:1 EQH·4h:1 EQL·15m:1 EQL·1h:1 EQL·4h:1 iFVG(bull)·15m:28 iFVG(bull)·1h:28 iFVG(bull)·4h:28]
09-08 16:50:30 [INFO] kernel/levels_score.go:575 🗺️ seated 9/22 in-band levels (proximity band ±38pt, 9 of them retained)
09-08 16:50:30 [WARN] trader/auto_trader.go:49 [trader_id=stage-a-benchmark] 🌑 dark regime at the ASIA read: 1/7 regime fields unavailable (vix_level) — plan still trustworthy
09-08 16:50:30 [INFO] trader/auto_trader.go:44 [trader_id=stage-a-benchmark] 🔬 detector recorded: 0 new episode(s) · pool 9 candidate(s) (8 seated, 1 cut) · k=3 Δ=1.84 band=±5.53 H=12 close · pre-formation bars skipped=41 · levels with no formation time=6
09-08 16:50:30 [INFO] trader/auto_trader.go:44 [trader_id=stage-a-benchmark] 📓 read facts: void=8 · floor=19.3 pts (1.5×ATR5m 12.89) · scope=1m×300 since=1788818400000 (cap 500)
09-08 16:50:30 [INFO] trader/auto_trader.go:44 [trader_id=stage-a-benchmark] 🗺️ G2 HTF detection @ASIA: 90 level(s) map[EQH·15m:1 EQH·1h:1 EQH·4h:1 EQL·15m:1 EQL·1h:1 EQL·4h:1 iFVG(bull)·15m:28 iFVG(bull)·1h:28 iFVG(bull)·4h:28]
09-08 16:50:30 [INFO] kernel/levels_score.go:575 🗺️ seated 9/22 in-band levels (proximity band ±38pt, 9 of them retained)
09-08 16:50:30 [WARN] trader/auto_trader.go:49 [trader_id=stage-a-benchmark] 🌑 dark regime at the ASIA read: 1/7 regime fields unavailable (vix_level) — plan still trustworthy
09-08 16:50:30 [INFO] trader/auto_trader.go:44 [trader_id=stage-a-benchmark] 🔬 detector recorded: 0 new episode(s) · pool 9 candidate(s) (8 seated, 1 cut) · k=3 Δ=1.84 band=±5.53 H=12 close · pre-formation bars skipped=41 · levels with no formation time=6
09-08 16:50:30 [INFO] trader/auto_trader.go:44 [trader_id=stage-a-benchmark] 📓 read facts: void=8 · floor=19.3 pts (1.5×ATR5m 12.89) · scope=1m×300 since=1788818400000 (cap 500)
09-08 16:50:30 [INFO] trader/auto_trader.go:44 [trader_id=stage-a-benchmark] 🗺️ G2 HTF detection @ASIA: 90 level(s) map[EQH·15m:1 EQH·1h:1 EQH·4h:1 EQL·15m:1 EQL·1h:1 EQL·4h:1 iFVG(bull)·15m:28 iFVG(bull)·1h:28 iFVG(bull)·4h:28]
09-08 16:50:30 [INFO] kernel/levels_score.go:575 🗺️ seated 9/22 in-band levels (proximity band ±38pt, 9 of them retained)
09-08 16:50:30 [WARN] trader/auto_trader.go:49 [trader_id=stage-a-benchmark] 🌑 dark regime at the ASIA read: 1/7 regime fields unavailable (vix_level) — plan still trustworthy
09-08 16:50:30 [INFO] trader/auto_trader.go:44 [trader_id=stage-a-benchmark] 🔬 detector recorded: 0 new episode(s) · pool 9 candidate(s) (8 seated, 1 cut) · k=3 Δ=1.84 band=±5.53 H=12 close · pre-formation bars skipped=41 · levels with no formation time=6
09-08 16:50:30 [INFO] trader/auto_trader.go:44 [trader_id=stage-a-benchmark] 📓 read facts: void=8 · floor=19.3 pts (1.5×ATR5m 12.89) · scope=1m×300 since=1788818400000 (cap 500)
09-08 16:50:30 [INFO] trader/auto_trader.go:44 [trader_id=stage-a-benchmark] 🗺️ G2 HTF detection @ASIA: 90 level(s) map[EQH·15m:1 EQH·1h:1 EQH·4h:1 EQL·15m:1 EQL·1h:1 EQL·4h:1 iFVG(bull)·15m:28 iFVG(bull)·1h:28 iFVG(bull)·4h:28]
09-08 16:50:30 [INFO] kernel/levels_score.go:575 🗺️ seated 9/22 in-band levels (proximity band ±38pt, 9 of them retained)
09-08 16:50:30 [WARN] trader/auto_trader.go:49 [trader_id=stage-a-benchmark] 🌑 dark regime at the ASIA read: 1/7 regime fields unavailable (vix_level) — plan still trustworthy
09-08 16:50:30 [INFO] trader/auto_trader.go:44 [trader_id=stage-a-benchmark] 🔬 detector recorded: 0 new episode(s) · pool 9 candidate(s) (8 seated, 1 cut) · k=3 Δ=1.84 band=±5.53 H=12 close · pre-formation bars skipped=41 · levels with no formation time=6
09-08 16:50:30 [INFO] trader/auto_trader.go:44 [trader_id=stage-a-benchmark] 📓 read facts: void=8 · floor=19.3 pts (1.5×ATR5m 12.89) · scope=1m×300 since=1788818400000 (cap 500)
09-08 16:50:30 [INFO] trader/auto_trader.go:44 [trader_id=stage-a-benchmark] 🗺️ G2 HTF detection @ASIA: 90 level(s) map[EQH·15m:1 EQH·1h:1 EQH·4h:1 EQL·15m:1 EQL·1h:1 EQL·4h:1 iFVG(bull)·15m:28 iFVG(bull)·1h:28 iFVG(bull)·4h:28]
09-08 16:50:30 [INFO] kernel/levels_score.go:575 🗺️ seated 9/22 in-band levels (proximity band ±38pt, 9 of them retained)
09-08 16:50:30 [WARN] trader/auto_trader.go:49 [trader_id=stage-a-benchmark] 🌑 dark regime at the ASIA read: 1/7 regime fields unavailable (vix_level) — plan still trustworthy
09-08 16:50:30 [INFO] trader/auto_trader.go:44 [trader_id=stage-a-benchmark] 🔬 detector recorded: 0 new episode(s) · pool 9 candidate(s) (8 seated, 1 cut) · k=3 Δ=1.84 band=±5.53 H=12 close · pre-formation bars skipped=41 · levels with no formation time=6
09-08 16:50:30 [INFO] trader/auto_trader.go:44 [trader_id=stage-a-benchmark] 📓 read facts: void=8 · floor=19.3 pts (1.5×ATR5m 12.89) · scope=1m×300 since=1788818400000 (cap 500)
09-08 16:50:30 [INFO] trader/auto_trader.go:44 [trader_id=stage-a-benchmark] 🗺️ G2 HTF detection @ASIA: 90 level(s) map[EQH·15m:1 EQH·1h:1 EQH·4h:1 EQL·15m:1 EQL·1h:1 EQL·4h:1 iFVG(bull)·15m:28 iFVG(bull)·1h:28 iFVG(bull)·4h:28]
09-08 16:50:30 [INFO] kernel/levels_score.go:575 🗺️ seated 9/22 in-band levels (proximity band ±38pt, 9 of them retained)
09-08 16:50:30 [WARN] trader/auto_trader.go:49 [trader_id=stage-a-benchmark] 🌑 dark regime at the ASIA read: 1/7 regime fields unavailable (vix_level) — plan still trustworthy
09-08 16:50:30 [INFO] trader/auto_trader.go:44 [trader_id=stage-a-benchmark] 🔬 detector recorded: 0 new episode(s) · pool 9 candidate(s) (8 seated, 1 cut) · k=3 Δ=1.84 band=±5.53 H=12 close · pre-formation bars skipped=41 · levels with no formation time=6
09-08 16:50:30 [INFO] trader/auto_trader.go:44 [trader_id=stage-a-benchmark] 📓 read facts: void=8 · floor=19.3 pts (1.5×ATR5m 12.89) · scope=1m×300 since=1788818400000 (cap 500)
09-08 16:50:30 [INFO] trader/auto_trader.go:44 [trader_id=stage-a-benchmark] 🗺️ G2 HTF detection @ASIA: 90 level(s) map[EQH·15m:1 EQH·1h:1 EQH·4h:1 EQL·15m:1 EQL·1h:1 EQL·4h:1 iFVG(bull)·15m:28 iFVG(bull)·1h:28 iFVG(bull)·4h:28]
09-08 16:50:30 [INFO] kernel/levels_score.go:575 🗺️ seated 9/22 in-band levels (proximity band ±38pt, 9 of them retained)
09-08 16:50:30 [WARN] trader/auto_trader.go:49 [trader_id=stage-a-benchmark] 🌑 dark regime at the ASIA read: 1/7 regime fields unavailable (vix_level) — plan still trustworthy
09-08 16:50:30 [INFO] trader/auto_trader.go:44 [trader_id=stage-a-benchmark] 🔬 detector recorded: 0 new episode(s) · pool 9 candidate(s) (8 seated, 1 cut) · k=3 Δ=1.84 band=±5.53 H=12 close · pre-formation bars skipped=41 · levels with no formation time=6
09-08 16:50:30 [INFO] trader/auto_trader.go:44 [trader_id=stage-a-benchmark] 📓 read facts: void=8 · floor=19.3 pts (1.5×ATR5m 12.89) · scope=1m×300 since=1788818400000 (cap 500)
09-08 16:50:30 [INFO] trader/auto_trader.go:44 [trader_id=stage-a-benchmark] 🗺️ G2 HTF detection @ASIA: 90 level(s) map[EQH·15m:1 EQH·1h:1 EQH·4h:1 EQL·15m:1 EQL·1h:1 EQL·4h:1 iFVG(bull)·15m:28 iFVG(bull)·1h:28 iFVG(bull)·4h:28]
09-08 16:50:30 [INFO] kernel/levels_score.go:575 🗺️ seated 9/22 in-band levels (proximity band ±38pt, 9 of them retained)
09-08 16:50:30 [WARN] trader/auto_trader.go:49 [trader_id=stage-a-benchmark] 🌑 dark regime at the ASIA read: 1/7 regime fields unavailable (vix_level) — plan still trustworthy
09-08 16:50:30 [INFO] trader/auto_trader.go:44 [trader_id=stage-a-benchmark] 🔬 detector recorded: 0 new episode(s) · pool 9 candidate(s) (8 seated, 1 cut) · k=3 Δ=1.84 band=±5.53 H=12 close · pre-formation bars skipped=41 · levels with no formation time=6
09-08 16:50:30 [INFO] trader/auto_trader.go:44 [trader_id=stage-a-benchmark] 📓 read facts: void=8 · floor=19.3 pts (1.5×ATR5m 12.89) · scope=1m×300 since=1788818400000 (cap 500)
09-08 16:50:30 [INFO] trader/auto_trader.go:44 [trader_id=stage-a-benchmark] 🗺️ G2 HTF detection @ASIA: 90 level(s) map[EQH·15m:1 EQH·1h:1 EQH·4h:1 EQL·15m:1 EQL·1h:1 EQL·4h:1 iFVG(bull)·15m:28 iFVG(bull)·1h:28 iFVG(bull)·4h:28]
09-08 16:50:30 [INFO] kernel/levels_score.go:575 🗺️ seated 9/22 in-band levels (proximity band ±38pt, 9 of them retained)
09-08 16:50:30 [WARN] trader/auto_trader.go:49 [trader_id=stage-a-benchmark] 🌑 dark regime at the ASIA read: 1/7 regime fields unavailable (vix_level) — plan still trustworthy
09-08 16:50:30 [INFO] trader/auto_trader.go:44 [trader_id=stage-a-benchmark] 🔬 detector recorded: 0 new episode(s) · pool 9 candidate(s) (8 seated, 1 cut) · k=3 Δ=1.84 band=±5.53 H=12 close · pre-formation bars skipped=41 · levels with no formation time=6
09-08 16:50:30 [INFO] trader/auto_trader.go:44 [trader_id=stage-a-benchmark] 📓 read facts: void=8 · floor=19.3 pts (1.5×ATR5m 12.89) · scope=1m×300 since=1788818400000 (cap 500)
09-08 16:50:30 [INFO] trader/auto_trader.go:44 [trader_id=stage-a-benchmark] 🗺️ G2 HTF detection @ASIA: 90 level(s) map[EQH·15m:1 EQH·1h:1 EQH·4h:1 EQL·15m:1 EQL·1h:1 EQL·4h:1 iFVG(bull)·15m:28 iFVG(bull)·1h:28 iFVG(bull)·4h:28]
09-08 16:50:30 [INFO] kernel/levels_score.go:575 🗺️ seated 9/22 in-band levels (proximity band ±38pt, 9 of them retained)
09-08 16:50:30 [WARN] trader/auto_trader.go:49 [trader_id=stage-a-benchmark] 🌑 dark regime at the ASIA read: 1/7 regime fields unavailable (vix_level) — plan still trustworthy
09-08 16:50:30 [INFO] trader/auto_trader.go:44 [trader_id=stage-a-benchmark] 🔬 detector recorded: 0 new episode(s) · pool 9 candidate(s) (8 seated, 1 cut) · k=3 Δ=1.84 band=±5.53 H=12 close · pre-formation bars skipped=41 · levels with no formation time=6
09-08 16:50:30 [INFO] trader/auto_trader.go:44 [trader_id=stage-a-benchmark] 📓 read facts: void=8 · floor=19.3 pts (1.5×ATR5m 12.89) · scope=1m×300 since=1788818400000 (cap 500)
09-08 16:50:30 [INFO] trader/auto_trader.go:44 [trader_id=stage-a-benchmark] 🗺️ G2 HTF detection @ASIA: 90 level(s) map[EQH·15m:1 EQH·1h:1 EQH·4h:1 EQL·15m:1 EQL·1h:1 EQL·4h:1 iFVG(bull)·15m:28 iFVG(bull)·1h:28 iFVG(bull)·4h:28]
09-08 16:50:30 [INFO] kernel/levels_score.go:575 🗺️ seated 9/22 in-band levels (proximity band ±38pt, 9 of them retained)
09-08 16:50:30 [WARN] trader/auto_trader.go:49 [trader_id=stage-a-benchmark] 🌑 dark regime at the ASIA read: 1/7 regime fields unavailable (vix_level) — plan still trustworthy
09-08 16:50:30 [INFO] trader/auto_trader.go:44 [trader_id=stage-a-benchmark] 🔬 detector recorded: 0 new episode(s) · pool 9 candidate(s) (8 seated, 1 cut) · k=3 Δ=1.84 band=±5.53 H=12 close · pre-formation bars skipped=41 · levels with no formation time=6
09-08 16:50:30 [INFO] trader/auto_trader.go:44 [trader_id=stage-a-benchmark] 📓 read facts: void=8 · floor=19.3 pts (1.5×ATR5m 12.89) · scope=1m×300 since=1788818400000 (cap 500)
09-08 16:50:30 [INFO] trader/auto_trader.go:44 [trader_id=stage-a-benchmark] 🗺️ G2 HTF detection @ASIA: 90 level(s) map[EQH·15m:1 EQH·1h:1 EQH·4h:1 EQL·15m:1 EQL·1h:1 EQL·4h:1 iFVG(bull)·15m:28 iFVG(bull)·1h:28 iFVG(bull)·4h:28]
09-08 16:50:30 [INFO] kernel/levels_score.go:575 🗺️ seated 9/22 in-band levels (proximity band ±38pt, 9 of them retained)
09-08 16:50:30 [WARN] trader/auto_trader.go:49 [trader_id=stage-a-benchmark] 🌑 dark regime at the ASIA read: 1/7 regime fields unavailable (vix_level) — plan still trustworthy
09-08 16:50:30 [INFO] trader/auto_trader.go:44 [trader_id=stage-a-benchmark] 🔬 detector recorded: 0 new episode(s) · pool 9 candidate(s) (8 seated, 1 cut) · k=3 Δ=1.84 band=±5.53 H=12 close · pre-formation bars skipped=41 · levels with no formation time=6
09-08 16:50:30 [INFO] trader/auto_trader.go:44 [trader_id=stage-a-benchmark] 📓 read facts: void=8 · floor=19.3 pts (1.5×ATR5m 12.89) · scope=1m×300 since=1788818400000 (cap 500)
09-08 16:50:30 [INFO] trader/auto_trader.go:44 [trader_id=stage-a-benchmark] 🗺️ G2 HTF detection @ASIA: 90 level(s) map[EQH·15m:1 EQH·1h:1 EQH·4h:1 EQL·15m:1 EQL·1h:1 EQL·4h:1 iFVG(bull)·15m:28 iFVG(bull)·1h:28 iFVG(bull)·4h:28]
09-08 16:50:30 [INFO] kernel/levels_score.go:575 🗺️ seated 9/22 in-band levels (proximity band ±38pt, 9 of them retained)
09-08 16:50:30 [WARN] trader/auto_trader.go:49 [trader_id=stage-a-benchmark] 🌑 dark regime at the ASIA read: 1/7 regime fields unavailable (vix_level) — plan still trustworthy
09-08 16:50:30 [INFO] trader/auto_trader.go:44 [trader_id=stage-a-benchmark] 🔬 detector recorded: 0 new episode(s) · pool 9 candidate(s) (8 seated, 1 cut) · k=3 Δ=1.84 band=±5.53 H=12 close · pre-formation bars skipped=41 · levels with no formation time=6
09-08 16:50:30 [INFO] trader/auto_trader.go:44 [trader_id=stage-a-benchmark] 📓 read facts: void=8 · floor=19.3 pts (1.5×ATR5m 12.89) · scope=1m×300 since=1788818400000 (cap 500)
09-08 16:50:30 [INFO] trader/auto_trader.go:44 [trader_id=stage-a-benchmark] 🗺️ G2 HTF detection @ASIA: 90 level(s) map[EQH·15m:1 EQH·1h:1 EQH·4h:1 EQL·15m:1 EQL·1h:1 EQL·4h:1 iFVG(bull)·15m:28 iFVG(bull)·1h:28 iFVG(bull)·4h:28]
09-08 16:50:30 [INFO] kernel/levels_score.go:575 🗺️ seated 9/22 in-band levels (proximity band ±38pt, 9 of them retained)
09-08 16:50:30 [WARN] trader/auto_trader.go:49 [trader_id=stage-a-benchmark] 🌑 dark regime at the ASIA read: 1/7 regime fields unavailable (vix_level) — plan still trustworthy
09-08 16:50:30 [INFO] trader/auto_trader.go:44 [trader_id=stage-a-benchmark] 🔬 detector recorded: 0 new episode(s) · pool 9 candidate(s) (8 seated, 1 cut) · k=3 Δ=1.84 band=±5.53 H=12 close · pre-formation bars skipped=41 · levels with no formation time=6
09-08 16:50:30 [INFO] trader/auto_trader.go:44 [trader_id=stage-a-benchmark] 📓 read facts: void=8 · floor=19.3 pts (1.5×ATR5m 12.89) · scope=1m×300 since=1788818400000 (cap 500)
09-08 16:50:30 [INFO] trader/auto_trader.go:44 [trader_id=stage-a-benchmark] 🗺️ G2 HTF detection @ASIA: 90 level(s) map[EQH·15m:1 EQH·1h:1 EQH·4h:1 EQL·15m:1 EQL·1h:1 EQL·4h:1 iFVG(bull)·15m:28 iFVG(bull)·1h:28 iFVG(bull)·4h:28]
09-08 16:50:30 [INFO] kernel/levels_score.go:575 🗺️ seated 9/22 in-band levels (proximity band ±38pt, 9 of them retained)
09-08 16:50:30 [WARN] trader/auto_trader.go:49 [trader_id=stage-a-benchmark] 🌑 dark regime at the ASIA read: 1/7 regime fields unavailable (vix_level) — plan still trustworthy
09-08 16:50:30 [INFO] trader/auto_trader.go:44 [trader_id=stage-a-benchmark] 🔬 detector recorded: 0 new episode(s) · pool 9 candidate(s) (8 seated, 1 cut) · k=3 Δ=1.84 band=±5.53 H=12 close · pre-formation bars skipped=41 · levels with no formation time=6
09-08 16:50:30 [INFO] trader/auto_trader.go:44 [trader_id=stage-a-benchmark] 📓 read facts: void=8 · floor=19.3 pts (1.5×ATR5m 12.89) · scope=1m×300 since=1788818400000 (cap 500)
09-08 16:50:30 [INFO] trader/auto_trader.go:44 [trader_id=stage-a-benchmark] 🗺️ G2 HTF detection @ASIA: 90 level(s) map[EQH·15m:1 EQH·1h:1 EQH·4h:1 EQL·15m:1 EQL·1h:1 EQL·4h:1 iFVG(bull)·15m:28 iFVG(bull)·1h:28 iFVG(bull)·4h:28]
09-08 16:50:30 [INFO] kernel/levels_score.go:575 🗺️ seated 9/22 in-band levels (proximity band ±38pt, 9 of them retained)
09-08 16:50:30 [WARN] trader/auto_trader.go:49 [trader_id=stage-a-benchmark] 🌑 dark regime at the ASIA read: 1/7 regime fields unavailable (vix_level) — plan still trustworthy
09-08 16:50:30 [INFO] trader/auto_trader.go:44 [trader_id=stage-a-benchmark] 🔬 detector recorded: 0 new episode(s) · pool 9 candidate(s) (8 seated, 1 cut) · k=3 Δ=1.84 band=±5.53 H=12 close · pre-formation bars skipped=41 · levels with no formation time=6
09-08 16:50:30 [INFO] trader/auto_trader.go:44 [trader_id=stage-a-benchmark] 📓 read facts: void=8 · floor=19.3 pts (1.5×ATR5m 12.89) · scope=1m×300 since=1788818400000 (cap 500)
09-08 16:50:30 [INFO] trader/auto_trader.go:44 [trader_id=stage-a-benchmark] 🗺️ G2 HTF detection @ASIA: 90 level(s) map[EQH·15m:1 EQH·1h:1 EQH·4h:1 EQL·15m:1 EQL·1h:1 EQL·4h:1 iFVG(bull)·15m:28 iFVG(bull)·1h:28 iFVG(bull)·4h:28]
09-08 16:50:30 [INFO] kernel/levels_score.go:575 🗺️ seated 9/22 in-band levels (proximity band ±38pt, 9 of them retained)
09-08 16:50:30 [WARN] trader/auto_trader.go:49 [trader_id=stage-a-benchmark] 🌑 dark regime at the ASIA read: 1/7 regime fields unavailable (vix_level) — plan still trustworthy
09-08 16:50:30 [INFO] trader/auto_trader.go:44 [trader_id=stage-a-benchmark] 🔬 detector recorded: 0 new episode(s) · pool 9 candidate(s) (8 seated, 1 cut) · k=3 Δ=1.84 band=±5.53 H=12 close · pre-formation bars skipped=41 · levels with no formation time=6
09-08 16:50:30 [INFO] trader/auto_trader.go:44 [trader_id=stage-a-benchmark] 📓 read facts: void=8 · floor=19.3 pts (1.5×ATR5m 12.89) · scope=1m×300 since=1788818400000 (cap 500)
09-08 16:50:30 [INFO] trader/auto_trader.go:44 [trader_id=stage-a-benchmark] 🗺️ G2 HTF detection @ASIA: 90 level(s) map[EQH·15m:1 EQH·1h:1 EQH·4h:1 EQL·15m:1 EQL·1h:1 EQL·4h:1 iFVG(bull)·15m:28 iFVG(bull)·1h:28 iFVG(bull)·4h:28]
09-08 16:50:30 [INFO] kernel/levels_score.go:575 🗺️ seated 9/22 in-band levels (proximity band ±38pt, 9 of them retained)
09-08 16:50:30 [WARN] trader/auto_trader.go:49 [trader_id=stage-a-benchmark] 🌑 dark regime at the ASIA read: 1/7 regime fields unavailable (vix_level) — plan still trustworthy
09-08 16:50:30 [INFO] trader/auto_trader.go:44 [trader_id=stage-a-benchmark] 🔬 detector recorded: 0 new episode(s) · pool 9 candidate(s) (8 seated, 1 cut) · k=3 Δ=1.84 band=±5.53 H=12 close · pre-formation bars skipped=41 · levels with no formation time=6
09-08 16:50:30 [INFO] trader/auto_trader.go:44 [trader_id=stage-a-benchmark] 📓 read facts: void=8 · floor=19.3 pts (1.5×ATR5m 12.89) · scope=1m×300 since=1788818400000 (cap 500)
09-08 16:50:30 [INFO] trader/auto_trader.go:44 [trader_id=stage-a-benchmark] 🗺️ G2 HTF detection @ASIA: 90 level(s) map[EQH·15m:1 EQH·1h:1 EQH·4h:1 EQL·15m:1 EQL·1h:1 EQL·4h:1 iFVG(bull)·15m:28 iFVG(bull)·1h:28 iFVG(bull)·4h:28]
09-08 16:50:30 [INFO] kernel/levels_score.go:575 🗺️ seated 9/22 in-band levels (proximity band ±38pt, 9 of them retained)
09-08 16:50:30 [WARN] trader/auto_trader.go:49 [trader_id=stage-a-benchmark] 🌑 dark regime at the ASIA read: 1/7 regime fields unavailable (vix_level) — plan still trustworthy
09-08 16:50:30 [INFO] trader/auto_trader.go:44 [trader_id=stage-a-benchmark] 🔬 detector recorded: 0 new episode(s) · pool 9 candidate(s) (8 seated, 1 cut) · k=3 Δ=1.84 band=±5.53 H=12 close · pre-formation bars skipped=41 · levels with no formation time=6
09-08 16:50:30 [INFO] trader/auto_trader.go:44 [trader_id=stage-a-benchmark] 📓 read facts: void=8 · floor=19.3 pts (1.5×ATR5m 12.89) · scope=1m×300 since=1788818400000 (cap 500)
09-08 16:50:30 [INFO] trader/auto_trader.go:44 [trader_id=stage-a-benchmark] 🗺️ G2 HTF detection @ASIA: 90 level(s) map[EQH·15m:1 EQH·1h:1 EQH·4h:1 EQL·15m:1 EQL·1h:1 EQL·4h:1 iFVG(bull)·15m:28 iFVG(bull)·1h:28 iFVG(bull)·4h:28]
09-08 16:50:30 [INFO] kernel/levels_score.go:575 🗺️ seated 9/22 in-band levels (proximity band ±38pt, 9 of them retained)
09-08 16:50:30 [WARN] trader/auto_trader.go:49 [trader_id=stage-a-benchmark] 🌑 dark regime at the ASIA read: 1/7 regime fields unavailable (vix_level) — plan still trustworthy
09-08 16:50:30 [INFO] trader/auto_trader.go:44 [trader_id=stage-a-benchmark] 🔬 detector recorded: 0 new episode(s) · pool 9 candidate(s) (8 seated, 1 cut) · k=3 Δ=1.84 band=±5.53 H=12 close · pre-formation bars skipped=41 · levels with no formation time=6
09-08 16:50:30 [INFO] trader/auto_trader.go:44 [trader_id=stage-a-benchmark] 📓 read facts: void=8 · floor=19.3 pts (1.5×ATR5m 12.89) · scope=1m×300 since=1788818400000 (cap 500)
09-08 16:50:30 [INFO] trader/auto_trader.go:44 [trader_id=stage-a-benchmark] 🗺️ G2 HTF detection @ASIA: 90 level(s) map[EQH·15m:1 EQH·1h:1 EQH·4h:1 EQL·15m:1 EQL·1h:1 EQL·4h:1 iFVG(bull)·15m:28 iFVG(bull)·1h:28 iFVG(bull)·4h:28]
09-08 16:50:30 [INFO] kernel/levels_score.go:575 🗺️ seated 9/22 in-band levels (proximity band ±38pt, 9 of them retained)
09-08 16:50:30 [WARN] trader/auto_trader.go:49 [trader_id=stage-a-benchmark] 🌑 dark regime at the ASIA read: 1/7 regime fields unavailable (vix_level) — plan still trustworthy
09-08 16:50:30 [INFO] trader/auto_trader.go:44 [trader_id=stage-a-benchmark] 🔬 detector recorded: 0 new episode(s) · pool 9 candidate(s) (8 seated, 1 cut) · k=3 Δ=1.84 band=±5.53 H=12 close · pre-formation bars skipped=41 · levels with no formation time=6
09-08 16:50:30 [INFO] trader/auto_trader.go:44 [trader_id=stage-a-benchmark] 📓 read facts: void=8 · floor=19.3 pts (1.5×ATR5m 12.89) · scope=1m×300 since=1788818400000 (cap 500)
09-08 16:50:30 [INFO] trader/auto_trader.go:44 [trader_id=stage-a-benchmark] 🗺️ G2 HTF detection @ASIA: 90 level(s) map[EQH·15m:1 EQH·1h:1 EQH·4h:1 EQL·15m:1 EQL·1h:1 EQL·4h:1 iFVG(bull)·15m:28 iFVG(bull)·1h:28 iFVG(bull)·4h:28]
09-08 16:50:30 [INFO] kernel/levels_score.go:575 🗺️ seated 9/22 in-band levels (proximity band ±38pt, 9 of them retained)
09-08 16:50:30 [WARN] trader/auto_trader.go:49 [trader_id=stage-a-benchmark] 🌑 dark regime at the ASIA read: 1/7 regime fields unavailable (vix_level) — plan still trustworthy
09-08 16:50:30 [INFO] trader/auto_trader.go:44 [trader_id=stage-a-benchmark] 🔬 detector recorded: 0 new episode(s) · pool 9 candidate(s) (8 seated, 1 cut) · k=3 Δ=1.84 band=±5.53 H=12 close · pre-formation bars skipped=41 · levels with no formation time=6
09-08 16:50:30 [INFO] trader/auto_trader.go:44 [trader_id=stage-a-benchmark] 📓 read facts: void=8 · floor=19.3 pts (1.5×ATR5m 12.89) · scope=1m×300 since=1788818400000 (cap 500)
09-08 16:50:30 [INFO] trader/auto_trader.go:44 [trader_id=stage-a-benchmark] 🗺️ G2 HTF detection @ASIA: 90 level(s) map[EQH·15m:1 EQH·1h:1 EQH·4h:1 EQL·15m:1 EQL·1h:1 EQL·4h:1 iFVG(bull)·15m:28 iFVG(bull)·1h:28 iFVG(bull)·4h:28]
09-08 16:50:30 [INFO] kernel/levels_score.go:575 🗺️ seated 9/22 in-band levels (proximity band ±38pt, 9 of them retained)
09-08 16:50:30 [WARN] trader/auto_trader.go:49 [trader_id=stage-a-benchmark] 🌑 dark regime at the ASIA read: 1/7 regime fields unavailable (vix_level) — plan still trustworthy
09-08 16:50:30 [INFO] trader/auto_trader.go:44 [trader_id=stage-a-benchmark] 🔬 detector recorded: 0 new episode(s) · pool 9 candidate(s) (8 seated, 1 cut) · k=3 Δ=1.84 band=±5.53 H=12 close · pre-formation bars skipped=41 · levels with no formation time=6
09-08 16:50:30 [INFO] trader/auto_trader.go:44 [trader_id=stage-a-benchmark] 📓 read facts: void=8 · floor=19.3 pts (1.5×ATR5m 12.89) · scope=1m×300 since=1788818400000 (cap 500)
09-08 16:50:30 [INFO] trader/auto_trader.go:44 [trader_id=stage-a-benchmark] 🗺️ G2 HTF detection @ASIA: 90 level(s) map[EQH·15m:1 EQH·1h:1 EQH·4h:1 EQL·15m:1 EQL·1h:1 EQL·4h:1 iFVG(bull)·15m:28 iFVG(bull)·1h:28 iFVG(bull)·4h:28]
09-08 16:50:30 [INFO] kernel/levels_score.go:575 🗺️ seated 9/22 in-band levels (proximity band ±38pt, 9 of them retained)
09-08 16:50:30 [WARN] trader/auto_trader.go:49 [trader_id=stage-a-benchmark] 🌑 dark regime at the ASIA read: 1/7 regime fields unavailable (vix_level) — plan still trustworthy
09-08 16:50:30 [INFO] trader/auto_trader.go:44 [trader_id=stage-a-benchmark] 🔬 detector recorded: 0 new episode(s) · pool 9 candidate(s) (8 seated, 1 cut) · k=3 Δ=1.84 band=±5.53 H=12 close · pre-formation bars skipped=41 · levels with no formation time=6
09-08 16:50:30 [INFO] trader/auto_trader.go:44 [trader_id=stage-a-benchmark] 📓 read facts: void=8 · floor=19.3 pts (1.5×ATR5m 12.89) · scope=1m×300 since=1788818400000 (cap 500)
09-08 16:50:30 [INFO] trader/auto_trader.go:44 [trader_id=stage-a-benchmark] 🗺️ G2 HTF detection @ASIA: 90 level(s) map[EQH·15m:1 EQH·1h:1 EQH·4h:1 EQL·15m:1 EQL·1h:1 EQL·4h:1 iFVG(bull)·15m:28 iFVG(bull)·1h:28 iFVG(bull)·4h:28]
09-08 16:50:30 [INFO] kernel/levels_score.go:575 🗺️ seated 9/22 in-band levels (proximity band ±38pt, 9 of them retained)
09-08 16:50:30 [WARN] trader/auto_trader.go:49 [trader_id=stage-a-benchmark] 🌑 dark regime at the ASIA read: 1/7 regime fields unavailable (vix_level) — plan still trustworthy
09-08 16:50:30 [INFO] trader/auto_trader.go:44 [trader_id=stage-a-benchmark] 🔬 detector recorded: 0 new episode(s) · pool 9 candidate(s) (8 seated, 1 cut) · k=3 Δ=1.84 band=±5.53 H=12 close · pre-formation bars skipped=41 · levels with no formation time=6
09-08 16:50:30 [INFO] trader/auto_trader.go:44 [trader_id=stage-a-benchmark] 📓 read facts: void=8 · floor=19.3 pts (1.5×ATR5m 12.89) · scope=1m×300 since=1788818400000 (cap 500)
09-08 16:50:30 [INFO] trader/auto_trader.go:44 [trader_id=stage-a-benchmark] 🗺️ G2 HTF detection @ASIA: 90 level(s) map[EQH·15m:1 EQH·1h:1 EQH·4h:1 EQL·15m:1 EQL·1h:1 EQL·4h:1 iFVG(bull)·15m:28 iFVG(bull)·1h:28 iFVG(bull)·4h:28]
09-08 16:50:30 [INFO] kernel/levels_score.go:575 🗺️ seated 9/22 in-band levels (proximity band ±38pt, 9 of them retained)
09-08 16:50:30 [WARN] trader/auto_trader.go:49 [trader_id=stage-a-benchmark] 🌑 dark regime at the ASIA read: 1/7 regime fields unavailable (vix_level) — plan still trustworthy
09-08 16:50:30 [INFO] trader/auto_trader.go:44 [trader_id=stage-a-benchmark] 🔬 detector recorded: 0 new episode(s) · pool 9 candidate(s) (8 seated, 1 cut) · k=3 Δ=1.84 band=±5.53 H=12 close · pre-formation bars skipped=41 · levels with no formation time=6
09-08 16:50:30 [INFO] trader/auto_trader.go:44 [trader_id=stage-a-benchmark] 📓 read facts: void=8 · floor=19.3 pts (1.5×ATR5m 12.89) · scope=1m×300 since=1788818400000 (cap 500)
09-08 16:50:30 [INFO] trader/auto_trader.go:44 [trader_id=stage-a-benchmark] 🗺️ G2 HTF detection @ASIA: 90 level(s) map[EQH·15m:1 EQH·1h:1 EQH·4h:1 EQL·15m:1 EQL·1h:1 EQL·4h:1 iFVG(bull)·15m:28 iFVG(bull)·1h:28 iFVG(bull)·4h:28]
09-08 16:50:30 [INFO] kernel/levels_score.go:575 🗺️ seated 9/22 in-band levels (proximity band ±38pt, 9 of them retained)
09-08 16:50:30 [WARN] trader/auto_trader.go:49 [trader_id=stage-a-benchmark] 🌑 dark regime at the ASIA read: 1/7 regime fields unavailable (vix_level) — plan still trustworthy
09-08 16:50:30 [INFO] trader/auto_trader.go:44 [trader_id=stage-a-benchmark] 🔬 detector recorded: 0 new episode(s) · pool 9 candidate(s) (8 seated, 1 cut) · k=3 Δ=1.84 band=±5.53 H=12 close · pre-formation bars skipped=41 · levels with no formation time=6
09-08 16:50:30 [INFO] trader/auto_trader.go:44 [trader_id=stage-a-benchmark] 📓 read facts: void=8 · floor=19.3 pts (1.5×ATR5m 12.89) · scope=1m×300 since=1788818400000 (cap 500)
09-08 16:50:30 [INFO] trader/auto_trader.go:44 [trader_id=stage-a-benchmark] 🗺️ G2 HTF detection @ASIA: 90 level(s) map[EQH·15m:1 EQH·1h:1 EQH·4h:1 EQL·15m:1 EQL·1h:1 EQL·4h:1 iFVG(bull)·15m:28 iFVG(bull)·1h:28 iFVG(bull)·4h:28]
09-08 16:50:30 [INFO] kernel/levels_score.go:575 🗺️ seated 9/22 in-band levels (proximity band ±38pt, 9 of them retained)
09-08 16:50:30 [WARN] trader/auto_trader.go:49 [trader_id=stage-a-benchmark] 🌑 dark regime at the ASIA read: 1/7 regime fields unavailable (vix_level) — plan still trustworthy
09-08 16:50:30 [INFO] trader/auto_trader.go:44 [trader_id=stage-a-benchmark] 🔬 detector recorded: 0 new episode(s) · pool 9 candidate(s) (8 seated, 1 cut) · k=3 Δ=1.84 band=±5.53 H=12 close · pre-formation bars skipped=41 · levels with no formation time=6
09-08 16:50:30 [INFO] trader/auto_trader.go:44 [trader_id=stage-a-benchmark] 📓 read facts: void=8 · floor=19.3 pts (1.5×ATR5m 12.89) · scope=1m×300 since=1788818400000 (cap 500)
09-08 16:50:30 [INFO] trader/auto_trader.go:44 [trader_id=stage-a-benchmark] 🗺️ G2 HTF detection @ASIA: 90 level(s) map[EQH·15m:1 EQH·1h:1 EQH·4h:1 EQL·15m:1 EQL·1h:1 EQL·4h:1 iFVG(bull)·15m:28 iFVG(bull)·1h:28 iFVG(bull)·4h:28]
09-08 16:50:30 [INFO] kernel/levels_score.go:575 🗺️ seated 9/22 in-band levels (proximity band ±38pt, 9 of them retained)
09-08 16:50:30 [WARN] trader/auto_trader.go:49 [trader_id=stage-a-benchmark] 🌑 dark regime at the ASIA read: 1/7 regime fields unavailable (vix_level) — plan still trustworthy
09-08 16:50:30 [INFO] trader/auto_trader.go:44 [trader_id=stage-a-benchmark] 🔬 detector recorded: 0 new episode(s) · pool 9 candidate(s) (8 seated, 1 cut) · k=3 Δ=1.84 band=±5.53 H=12 close · pre-formation bars skipped=41 · levels with no formation time=6
09-08 16:50:30 [INFO] trader/auto_trader.go:44 [trader_id=stage-a-benchmark] 📓 read facts: void=8 · floor=19.3 pts (1.5×ATR5m 12.89) · scope=1m×300 since=1788818400000 (cap 500)
09-08 16:50:30 [INFO] trader/auto_trader.go:44 [trader_id=stage-a-benchmark] 🗺️ G2 HTF detection @ASIA: 90 level(s) map[EQH·15m:1 EQH·1h:1 EQH·4h:1 EQL·15m:1 EQL·1h:1 EQL·4h:1 iFVG(bull)·15m:28 iFVG(bull)·1h:28 iFVG(bull)·4h:28]
09-08 16:50:30 [INFO] kernel/levels_score.go:575 🗺️ seated 9/22 in-band levels (proximity band ±38pt, 9 of them retained)
09-08 16:50:30 [WARN] trader/auto_trader.go:49 [trader_id=stage-a-benchmark] 🌑 dark regime at the ASIA read: 1/7 regime fields unavailable (vix_level) — plan still trustworthy
09-08 16:50:30 [INFO] trader/auto_trader.go:44 [trader_id=stage-a-benchmark] 🔬 detector recorded: 0 new episode(s) · pool 9 candidate(s) (8 seated, 1 cut) · k=3 Δ=1.84 band=±5.53 H=12 close · pre-formation bars skipped=41 · levels with no formation time=6
09-08 16:50:30 [INFO] trader/auto_trader.go:44 [trader_id=stage-a-benchmark] 📓 read facts: void=8 · floor=19.3 pts (1.5×ATR5m 12.89) · scope=1m×300 since=1788818400000 (cap 500)
09-08 16:50:30 [INFO] trader/auto_trader.go:44 [trader_id=stage-a-benchmark] 🗺️ G2 HTF detection @ASIA: 90 level(s) map[EQH·15m:1 EQH·1h:1 EQH·4h:1 EQL·15m:1 EQL·1h:1 EQL·4h:1 iFVG(bull)·15m:28 iFVG(bull)·1h:28 iFVG(bull)·4h:28]
09-08 16:50:30 [INFO] kernel/levels_score.go:575 🗺️ seated 9/22 in-band levels (proximity band ±38pt, 9 of them retained)
09-08 16:50:30 [WARN] trader/auto_trader.go:49 [trader_id=stage-a-benchmark] 🌑 dark regime at the ASIA read: 1/7 regime fields unavailable (vix_level) — plan still trustworthy
09-08 16:50:30 [INFO] trader/auto_trader.go:44 [trader_id=stage-a-benchmark] 🔬 detector recorded: 0 new episode(s) · pool 9 candidate(s) (8 seated, 1 cut) · k=3 Δ=1.84 band=±5.53 H=12 close · pre-formation bars skipped=41 · levels with no formation time=6
09-08 16:50:30 [INFO] trader/auto_trader.go:44 [trader_id=stage-a-benchmark] 📓 read facts: void=8 · floor=19.3 pts (1.5×ATR5m 12.89) · scope=1m×300 since=1788818400000 (cap 500)
09-08 16:50:30 [INFO] trader/auto_trader.go:44 [trader_id=stage-a-benchmark] 🗺️ G2 HTF detection @ASIA: 90 level(s) map[EQH·15m:1 EQH·1h:1 EQH·4h:1 EQL·15m:1 EQL·1h:1 EQL·4h:1 iFVG(bull)·15m:28 iFVG(bull)·1h:28 iFVG(bull)·4h:28]
09-08 16:50:30 [INFO] kernel/levels_score.go:575 🗺️ seated 9/22 in-band levels (proximity band ±38pt, 9 of them retained)
09-08 16:50:30 [WARN] trader/auto_trader.go:49 [trader_id=stage-a-benchmark] 🌑 dark regime at the ASIA read: 1/7 regime fields unavailable (vix_level) — plan still trustworthy
09-08 16:50:30 [INFO] trader/auto_trader.go:44 [trader_id=stage-a-benchmark] 🔬 detector recorded: 0 new episode(s) · pool 9 candidate(s) (8 seated, 1 cut) · k=3 Δ=1.84 band=±5.53 H=12 close · pre-formation bars skipped=41 · levels with no formation time=6
09-08 16:50:30 [INFO] trader/auto_trader.go:44 [trader_id=stage-a-benchmark] 📓 read facts: void=8 · floor=19.3 pts (1.5×ATR5m 12.89) · scope=1m×300 since=1788818400000 (cap 500)
09-08 16:50:30 [INFO] trader/auto_trader.go:44 [trader_id=stage-a-benchmark] 🗺️ G2 HTF detection @ASIA: 90 level(s) map[EQH·15m:1 EQH·1h:1 EQH·4h:1 EQL·15m:1 EQL·1h:1 EQL·4h:1 iFVG(bull)·15m:28 iFVG(bull)·1h:28 iFVG(bull)·4h:28]
09-08 16:50:30 [INFO] kernel/levels_score.go:575 🗺️ seated 9/22 in-band levels (proximity band ±38pt, 9 of them retained)
09-08 16:50:30 [WARN] trader/auto_trader.go:49 [trader_id=stage-a-benchmark] 🌑 dark regime at the ASIA read: 1/7 regime fields unavailable (vix_level) — plan still trustworthy
09-08 16:50:31 [INFO] trader/auto_trader.go:44 [trader_id=stage-a-benchmark] 🔬 detector recorded: 0 new episode(s) · pool 9 candidate(s) (8 seated, 1 cut) · k=3 Δ=1.84 band=±5.53 H=12 close · pre-formation bars skipped=41 · levels with no formation time=6
09-08 16:50:31 [INFO] trader/auto_trader.go:44 [trader_id=stage-a-benchmark] 📓 read facts: void=8 · floor=19.3 pts (1.5×ATR5m 12.89) · scope=1m×300 since=1788818400000 (cap 500)
09-08 16:50:31 [INFO] trader/auto_trader.go:44 [trader_id=stage-a-benchmark] 🗺️ G2 HTF detection @ASIA: 90 level(s) map[EQH·15m:1 EQH·1h:1 EQH·4h:1 EQL·15m:1 EQL·1h:1 EQL·4h:1 iFVG(bull)·15m:28 iFVG(bull)·1h:28 iFVG(bull)·4h:28]
09-08 16:50:31 [INFO] kernel/levels_score.go:575 🗺️ seated 9/22 in-band levels (proximity band ±38pt, 9 of them retained)
09-08 16:50:31 [WARN] trader/auto_trader.go:49 [trader_id=stage-a-benchmark] 🌑 dark regime at the ASIA read: 1/7 regime fields unavailable (vix_level) — plan still trustworthy
09-08 16:50:31 [INFO] trader/auto_trader.go:44 [trader_id=stage-a-benchmark] 🔬 detector recorded: 0 new episode(s) · pool 9 candidate(s) (8 seated, 1 cut) · k=3 Δ=1.84 band=±5.53 H=12 close · pre-formation bars skipped=41 · levels with no formation time=6
09-08 16:50:31 [INFO] trader/auto_trader.go:44 [trader_id=stage-a-benchmark] 📓 read facts: void=8 · floor=19.3 pts (1.5×ATR5m 12.89) · scope=1m×300 since=1788818400000 (cap 500)
09-08 16:50:31 [INFO] trader/auto_trader.go:44 [trader_id=stage-a-benchmark] 🗺️ G2 HTF detection @ASIA: 90 level(s) map[EQH·15m:1 EQH·1h:1 EQH·4h:1 EQL·15m:1 EQL·1h:1 EQL·4h:1 iFVG(bull)·15m:28 iFVG(bull)·1h:28 iFVG(bull)·4h:28]
09-08 16:50:31 [INFO] kernel/levels_score.go:575 🗺️ seated 9/22 in-band levels (proximity band ±38pt, 9 of them retained)
09-08 16:50:31 [WARN] trader/auto_trader.go:49 [trader_id=stage-a-benchmark] 🌑 dark regime at the ASIA read: 1/7 regime fields unavailable (vix_level) — plan still trustworthy
09-08 16:50:31 [INFO] trader/auto_trader.go:44 [trader_id=stage-a-benchmark] 🔬 detector recorded: 0 new episode(s) · pool 9 candidate(s) (8 seated, 1 cut) · k=3 Δ=1.84 band=±5.53 H=12 close · pre-formation bars skipped=41 · levels with no formation time=6
09-08 16:50:31 [INFO] trader/auto_trader.go:44 [trader_id=stage-a-benchmark] 📓 read facts: void=8 · floor=19.3 pts (1.5×ATR5m 12.89) · scope=1m×300 since=1788818400000 (cap 500)
09-08 16:50:31 [INFO] trader/auto_trader.go:44 [trader_id=stage-a-benchmark] 🗺️ G2 HTF detection @ASIA: 90 level(s) map[EQH·15m:1 EQH·1h:1 EQH·4h:1 EQL·15m:1 EQL·1h:1 EQL·4h:1 iFVG(bull)·15m:28 iFVG(bull)·1h:28 iFVG(bull)·4h:28]
09-08 16:50:31 [INFO] kernel/levels_score.go:575 🗺️ seated 9/22 in-band levels (proximity band ±38pt, 9 of them retained)
09-08 16:50:31 [WARN] trader/auto_trader.go:49 [trader_id=stage-a-benchmark] 🌑 dark regime at the ASIA read: 1/7 regime fields unavailable (vix_level) — plan still trustworthy
09-08 16:50:31 [INFO] trader/auto_trader.go:44 [trader_id=stage-a-benchmark] 🔬 detector recorded: 0 new episode(s) · pool 9 candidate(s) (8 seated, 1 cut) · k=3 Δ=1.84 band=±5.53 H=12 close · pre-formation bars skipped=41 · levels with no formation time=6
09-08 16:50:31 [INFO] trader/auto_trader.go:44 [trader_id=stage-a-benchmark] 📓 read facts: void=8 · floor=19.3 pts (1.5×ATR5m 12.89) · scope=1m×300 since=1788818400000 (cap 500)
09-08 16:50:31 [INFO] trader/auto_trader.go:44 [trader_id=stage-a-benchmark] 🗺️ G2 HTF detection @ASIA: 90 level(s) map[EQH·15m:1 EQH·1h:1 EQH·4h:1 EQL·15m:1 EQL·1h:1 EQL·4h:1 iFVG(bull)·15m:28 iFVG(bull)·1h:28 iFVG(bull)·4h:28]
09-08 16:50:31 [INFO] kernel/levels_score.go:575 🗺️ seated 9/22 in-band levels (proximity band ±38pt, 9 of them retained)
09-08 16:50:31 [WARN] trader/auto_trader.go:49 [trader_id=stage-a-benchmark] 🌑 dark regime at the ASIA read: 1/7 regime fields unavailable (vix_level) — plan still trustworthy
09-08 16:50:31 [INFO] trader/auto_trader.go:44 [trader_id=stage-a-benchmark] 🔬 detector recorded: 0 new episode(s) · pool 9 candidate(s) (8 seated, 1 cut) · k=3 Δ=1.84 band=±5.53 H=12 close · pre-formation bars skipped=41 · levels with no formation time=6
09-08 16:50:31 [INFO] trader/auto_trader.go:44 [trader_id=stage-a-benchmark] 📓 read facts: void=8 · floor=19.3 pts (1.5×ATR5m 12.89) · scope=1m×300 since=1788818400000 (cap 500)
09-08 16:50:31 [INFO] trader/auto_trader.go:44 [trader_id=stage-a-benchmark] 🗺️ G2 HTF detection @ASIA: 90 level(s) map[EQH·15m:1 EQH·1h:1 EQH·4h:1 EQL·15m:1 EQL·1h:1 EQL·4h:1 iFVG(bull)·15m:28 iFVG(bull)·1h:28 iFVG(bull)·4h:28]
09-08 16:50:31 [INFO] kernel/levels_score.go:575 🗺️ seated 9/22 in-band levels (proximity band ±38pt, 9 of them retained)
09-08 16:50:31 [WARN] trader/auto_trader.go:49 [trader_id=stage-a-benchmark] 🌑 dark regime at the ASIA read: 1/7 regime fields unavailable (vix_level) — plan still trustworthy
09-08 16:50:31 [INFO] trader/auto_trader.go:44 [trader_id=stage-a-benchmark] 🔬 detector recorded: 0 new episode(s) · pool 9 candidate(s) (8 seated, 1 cut) · k=3 Δ=1.84 band=±5.53 H=12 close · pre-formation bars skipped=41 · levels with no formation time=6
09-08 16:50:31 [INFO] trader/auto_trader.go:44 [trader_id=stage-a-benchmark] 📓 read facts: void=8 · floor=19.3 pts (1.5×ATR5m 12.89) · scope=1m×300 since=1788818400000 (cap 500)
09-08 16:50:31 [INFO] trader/auto_trader.go:44 [trader_id=stage-a-benchmark] 🗺️ G2 HTF detection @ASIA: 90 level(s) map[EQH·15m:1 EQH·1h:1 EQH·4h:1 EQL·15m:1 EQL·1h:1 EQL·4h:1 iFVG(bull)·15m:28 iFVG(bull)·1h:28 iFVG(bull)·4h:28]
09-08 16:50:31 [INFO] kernel/levels_score.go:575 🗺️ seated 9/22 in-band levels (proximity band ±38pt, 9 of them retained)
09-08 16:50:31 [WARN] trader/auto_trader.go:49 [trader_id=stage-a-benchmark] 🌑 dark regime at the ASIA read: 1/7 regime fields unavailable (vix_level) — plan still trustworthy
09-08 16:50:31 [INFO] trader/auto_trader.go:44 [trader_id=stage-a-benchmark] 🔬 detector recorded: 0 new episode(s) · pool 9 candidate(s) (8 seated, 1 cut) · k=3 Δ=1.84 band=±5.53 H=12 close · pre-formation bars skipped=41 · levels with no formation time=6
09-08 16:50:31 [INFO] trader/auto_trader.go:44 [trader_id=stage-a-benchmark] 📓 read facts: void=8 · floor=19.3 pts (1.5×ATR5m 12.89) · scope=1m×300 since=1788818400000 (cap 500)
09-08 16:50:31 [INFO] trader/auto_trader.go:44 [trader_id=stage-a-benchmark] 🗺️ G2 HTF detection @ASIA: 90 level(s) map[EQH·15m:1 EQH·1h:1 EQH·4h:1 EQL·15m:1 EQL·1h:1 EQL·4h:1 iFVG(bull)·15m:28 iFVG(bull)·1h:28 iFVG(bull)·4h:28]
09-08 16:50:31 [INFO] kernel/levels_score.go:575 🗺️ seated 9/22 in-band levels (proximity band ±38pt, 9 of them retained)
09-08 16:50:31 [WARN] trader/auto_trader.go:49 [trader_id=stage-a-benchmark] 🌑 dark regime at the ASIA read: 1/7 regime fields unavailable (vix_level) — plan still trustworthy
09-08 16:50:31 [INFO] trader/auto_trader.go:44 [trader_id=stage-a-benchmark] 🔬 detector recorded: 0 new episode(s) · pool 9 candidate(s) (8 seated, 1 cut) · k=3 Δ=1.84 band=±5.53 H=12 close · pre-formation bars skipped=41 · levels with no formation time=6
09-08 16:50:31 [INFO] trader/auto_trader.go:44 [trader_id=stage-a-benchmark] 📓 read facts: void=8 · floor=19.3 pts (1.5×ATR5m 12.89) · scope=1m×300 since=1788818400000 (cap 500)
09-08 16:50:31 [INFO] trader/auto_trader.go:44 [trader_id=stage-a-benchmark] 🗺️ G2 HTF detection @ASIA: 90 level(s) map[EQH·15m:1 EQH·1h:1 EQH·4h:1 EQL·15m:1 EQL·1h:1 EQL·4h:1 iFVG(bull)·15m:28 iFVG(bull)·1h:28 iFVG(bull)·4h:28]
09-08 16:50:31 [INFO] kernel/levels_score.go:575 🗺️ seated 9/22 in-band levels (proximity band ±38pt, 9 of them retained)
09-08 16:50:31 [WARN] trader/auto_trader.go:49 [trader_id=stage-a-benchmark] 🌑 dark regime at the ASIA read: 1/7 regime fields unavailable (vix_level) — plan still trustworthy
09-08 16:50:31 [INFO] trader/auto_trader.go:44 [trader_id=stage-a-benchmark] 🔬 detector recorded: 0 new episode(s) · pool 9 candidate(s) (8 seated, 1 cut) · k=3 Δ=1.84 band=±5.53 H=12 close · pre-formation bars skipped=41 · levels with no formation time=6
09-08 16:50:31 [INFO] trader/auto_trader.go:44 [trader_id=stage-a-benchmark] 📓 read facts: void=8 · floor=19.3 pts (1.5×ATR5m 12.89) · scope=1m×300 since=1788818400000 (cap 500)
09-08 16:50:31 [INFO] trader/auto_trader.go:44 [trader_id=stage-a-benchmark] 🗺️ G2 HTF detection @ASIA: 90 level(s) map[EQH·15m:1 EQH·1h:1 EQH·4h:1 EQL·15m:1 EQL·1h:1 EQL·4h:1 iFVG(bull)·15m:28 iFVG(bull)·1h:28 iFVG(bull)·4h:28]
09-08 16:50:31 [INFO] kernel/levels_score.go:575 🗺️ seated 9/22 in-band levels (proximity band ±38pt, 9 of them retained)
09-08 16:50:31 [WARN] trader/auto_trader.go:49 [trader_id=stage-a-benchmark] 🌑 dark regime at the ASIA read: 1/7 regime fields unavailable (vix_level) — plan still trustworthy
09-08 16:50:31 [INFO] trader/auto_trader.go:44 [trader_id=stage-a-benchmark] 🔬 detector recorded: 0 new episode(s) · pool 9 candidate(s) (8 seated, 1 cut) · k=3 Δ=1.84 band=±5.53 H=12 close · pre-formation bars skipped=41 · levels with no formation time=6
09-08 16:50:31 [INFO] trader/auto_trader.go:44 [trader_id=stage-a-benchmark] 📓 read facts: void=8 · floor=19.3 pts (1.5×ATR5m 12.89) · scope=1m×300 since=1788818400000 (cap 500)
09-08 16:50:31 [INFO] trader/auto_trader.go:44 [trader_id=stage-a-benchmark] 🗺️ G2 HTF detection @ASIA: 90 level(s) map[EQH·15m:1 EQH·1h:1 EQH·4h:1 EQL·15m:1 EQL·1h:1 EQL·4h:1 iFVG(bull)·15m:28 iFVG(bull)·1h:28 iFVG(bull)·4h:28]
09-08 16:50:31 [INFO] kernel/levels_score.go:575 🗺️ seated 9/22 in-band levels (proximity band ±38pt, 9 of them retained)
09-08 16:50:31 [WARN] trader/auto_trader.go:49 [trader_id=stage-a-benchmark] 🌑 dark regime at the ASIA read: 1/7 regime fields unavailable (vix_level) — plan still trustworthy
09-08 16:50:31 [INFO] trader/auto_trader.go:44 [trader_id=stage-a-benchmark] 🔬 detector recorded: 0 new episode(s) · pool 9 candidate(s) (8 seated, 1 cut) · k=3 Δ=1.84 band=±5.53 H=12 close · pre-formation bars skipped=41 · levels with no formation time=6
09-08 16:50:31 [INFO] trader/auto_trader.go:44 [trader_id=stage-a-benchmark] 📓 read facts: void=8 · floor=19.3 pts (1.5×ATR5m 12.89) · scope=1m×300 since=1788818400000 (cap 500)
09-08 16:50:31 [INFO] trader/auto_trader.go:44 [trader_id=stage-a-benchmark] 🗺️ G2 HTF detection @ASIA: 90 level(s) map[EQH·15m:1 EQH·1h:1 EQH·4h:1 EQL·15m:1 EQL·1h:1 EQL·4h:1 iFVG(bull)·15m:28 iFVG(bull)·1h:28 iFVG(bull)·4h:28]
09-08 16:50:31 [INFO] kernel/levels_score.go:575 🗺️ seated 9/22 in-band levels (proximity band ±38pt, 9 of them retained)
09-08 16:50:31 [WARN] trader/auto_trader.go:49 [trader_id=stage-a-benchmark] 🌑 dark regime at the ASIA read: 1/7 regime fields unavailable (vix_level) — plan still trustworthy
09-08 16:50:31 [INFO] trader/auto_trader.go:44 [trader_id=stage-a-benchmark] 🔬 detector recorded: 0 new episode(s) · pool 9 candidate(s) (8 seated, 1 cut) · k=3 Δ=1.84 band=±5.53 H=12 close · pre-formation bars skipped=41 · levels with no formation time=6
09-08 16:50:31 [INFO] trader/auto_trader.go:44 [trader_id=stage-a-benchmark] 📓 read facts: void=8 · floor=19.3 pts (1.5×ATR5m 12.89) · scope=1m×300 since=1788818400000 (cap 500)
09-08 16:50:31 [INFO] trader/auto_trader.go:44 [trader_id=stage-a-benchmark] 🗺️ G2 HTF detection @ASIA: 90 level(s) map[EQH·15m:1 EQH·1h:1 EQH·4h:1 EQL·15m:1 EQL·1h:1 EQL·4h:1 iFVG(bull)·15m:28 iFVG(bull)·1h:28 iFVG(bull)·4h:28]
09-08 16:50:31 [INFO] kernel/levels_score.go:575 🗺️ seated 9/22 in-band levels (proximity band ±38pt, 9 of them retained)
09-08 16:50:31 [WARN] trader/auto_trader.go:49 [trader_id=stage-a-benchmark] 🌑 dark regime at the ASIA read: 1/7 regime fields unavailable (vix_level) — plan still trustworthy
09-08 16:50:31 [INFO] trader/auto_trader.go:44 [trader_id=stage-a-benchmark] 🔬 detector recorded: 0 new episode(s) · pool 9 candidate(s) (8 seated, 1 cut) · k=3 Δ=1.84 band=±5.53 H=12 close · pre-formation bars skipped=41 · levels with no formation time=6
09-08 16:50:31 [INFO] trader/auto_trader.go:44 [trader_id=stage-a-benchmark] 📓 read facts: void=8 · floor=19.3 pts (1.5×ATR5m 12.89) · scope=1m×300 since=1788818400000 (cap 500)
09-08 16:50:31 [INFO] trader/auto_trader.go:44 [trader_id=stage-a-benchmark] 🗺️ G2 HTF detection @ASIA: 90 level(s) map[EQH·15m:1 EQH·1h:1 EQH·4h:1 EQL·15m:1 EQL·1h:1 EQL·4h:1 iFVG(bull)·15m:28 iFVG(bull)·1h:28 iFVG(bull)·4h:28]
09-08 16:50:31 [INFO] kernel/levels_score.go:575 🗺️ seated 9/22 in-band levels (proximity band ±38pt, 9 of them retained)
09-08 16:50:31 [WARN] trader/auto_trader.go:49 [trader_id=stage-a-benchmark] 🌑 dark regime at the ASIA read: 1/7 regime fields unavailable (vix_level) — plan still trustworthy
09-08 16:50:31 [INFO] trader/auto_trader.go:44 [trader_id=stage-a-benchmark] 🔬 detector recorded: 0 new episode(s) · pool 9 candidate(s) (8 seated, 1 cut) · k=3 Δ=1.84 band=±5.53 H=12 close · pre-formation bars skipped=41 · levels with no formation time=6
09-08 16:50:31 [INFO] trader/auto_trader.go:44 [trader_id=stage-a-benchmark] 📓 read facts: void=8 · floor=19.3 pts (1.5×ATR5m 12.89) · scope=1m×300 since=1788818400000 (cap 500)
09-08 16:50:31 [INFO] trader/auto_trader.go:44 [trader_id=stage-a-benchmark] 🗺️ G2 HTF detection @ASIA: 90 level(s) map[EQH·15m:1 EQH·1h:1 EQH·4h:1 EQL·15m:1 EQL·1h:1 EQL·4h:1 iFVG(bull)·15m:28 iFVG(bull)·1h:28 iFVG(bull)·4h:28]
09-08 16:50:31 [INFO] kernel/levels_score.go:575 🗺️ seated 9/22 in-band levels (proximity band ±38pt, 9 of them retained)
09-08 16:50:31 [WARN] trader/auto_trader.go:49 [trader_id=stage-a-benchmark] 🌑 dark regime at the ASIA read: 1/7 regime fields unavailable (vix_level) — plan still trustworthy
09-08 16:50:31 [INFO] trader/auto_trader.go:44 [trader_id=stage-a-benchmark] 🔬 detector recorded: 0 new episode(s) · pool 9 candidate(s) (8 seated, 1 cut) · k=3 Δ=1.84 band=±5.53 H=12 close · pre-formation bars skipped=41 · levels with no formation time=6
09-08 16:50:31 [INFO] trader/auto_trader.go:44 [trader_id=stage-a-benchmark] 📓 read facts: void=8 · floor=19.3 pts (1.5×ATR5m 12.89) · scope=1m×300 since=1788818400000 (cap 500)
09-08 16:50:31 [INFO] trader/auto_trader.go:44 [trader_id=stage-a-benchmark] 🗺️ G2 HTF detection @ASIA: 90 level(s) map[EQH·15m:1 EQH·1h:1 EQH·4h:1 EQL·15m:1 EQL·1h:1 EQL·4h:1 iFVG(bull)·15m:28 iFVG(bull)·1h:28 iFVG(bull)·4h:28]
09-08 16:50:31 [INFO] kernel/levels_score.go:575 🗺️ seated 9/22 in-band levels (proximity band ±38pt, 9 of them retained)
09-08 16:50:31 [WARN] trader/auto_trader.go:49 [trader_id=stage-a-benchmark] 🌑 dark regime at the ASIA read: 1/7 regime fields unavailable (vix_level) — plan still trustworthy
09-08 16:50:31 [INFO] trader/auto_trader.go:44 [trader_id=stage-a-benchmark] 🔬 detector recorded: 0 new episode(s) · pool 9 candidate(s) (8 seated, 1 cut) · k=3 Δ=1.84 band=±5.53 H=12 close · pre-formation bars skipped=41 · levels with no formation time=6
09-08 16:50:31 [INFO] trader/auto_trader.go:44 [trader_id=stage-a-benchmark] 📓 read facts: void=8 · floor=19.3 pts (1.5×ATR5m 12.89) · scope=1m×300 since=1788818400000 (cap 500)
09-08 16:50:31 [INFO] trader/auto_trader.go:44 [trader_id=stage-a-benchmark] 🗺️ G2 HTF detection @ASIA: 90 level(s) map[EQH·15m:1 EQH·1h:1 EQH·4h:1 EQL·15m:1 EQL·1h:1 EQL·4h:1 iFVG(bull)·15m:28 iFVG(bull)·1h:28 iFVG(bull)·4h:28]
09-08 16:50:31 [INFO] kernel/levels_score.go:575 🗺️ seated 9/22 in-band levels (proximity band ±38pt, 9 of them retained)
09-08 16:50:31 [WARN] trader/auto_trader.go:49 [trader_id=stage-a-benchmark] 🌑 dark regime at the ASIA read: 1/7 regime fields unavailable (vix_level) — plan still trustworthy
09-08 16:50:31 [INFO] trader/auto_trader.go:44 [trader_id=stage-a-benchmark] 🔬 detector recorded: 0 new episode(s) · pool 9 candidate(s) (8 seated, 1 cut) · k=3 Δ=1.84 band=±5.53 H=12 close · pre-formation bars skipped=41 · levels with no formation time=6
09-08 16:50:31 [INFO] trader/auto_trader.go:44 [trader_id=stage-a-benchmark] 📓 read facts: void=8 · floor=19.3 pts (1.5×ATR5m 12.89) · scope=1m×300 since=1788818400000 (cap 500)
09-08 16:50:31 [INFO] trader/auto_trader.go:44 [trader_id=stage-a-benchmark] 🗺️ G2 HTF detection @ASIA: 90 level(s) map[EQH·15m:1 EQH·1h:1 EQH·4h:1 EQL·15m:1 EQL·1h:1 EQL·4h:1 iFVG(bull)·15m:28 iFVG(bull)·1h:28 iFVG(bull)·4h:28]
09-08 16:50:31 [INFO] kernel/levels_score.go:575 🗺️ seated 9/22 in-band levels (proximity band ±38pt, 9 of them retained)
09-08 16:50:31 [WARN] trader/auto_trader.go:49 [trader_id=stage-a-benchmark] 🌑 dark regime at the ASIA read: 1/7 regime fields unavailable (vix_level) — plan still trustworthy
09-08 16:50:31 [INFO] trader/auto_trader.go:44 [trader_id=stage-a-benchmark] 🔬 detector recorded: 0 new episode(s) · pool 9 candidate(s) (8 seated, 1 cut) · k=3 Δ=1.84 band=±5.53 H=12 close · pre-formation bars skipped=41 · levels with no formation time=6
09-08 16:50:31 [INFO] trader/auto_trader.go:44 [trader_id=stage-a-benchmark] 📓 read facts: void=8 · floor=19.3 pts (1.5×ATR5m 12.89) · scope=1m×300 since=1788818400000 (cap 500)
09-08 16:50:31 [INFO] trader/auto_trader.go:44 [trader_id=stage-a-benchmark] 🗺️ G2 HTF detection @ASIA: 90 level(s) map[EQH·15m:1 EQH·1h:1 EQH·4h:1 EQL·15m:1 EQL·1h:1 EQL·4h:1 iFVG(bull)·15m:28 iFVG(bull)·1h:28 iFVG(bull)·4h:28]
09-08 16:50:31 [INFO] kernel/levels_score.go:575 🗺️ seated 9/22 in-band levels (proximity band ±38pt, 9 of them retained)
09-08 16:50:31 [WARN] trader/auto_trader.go:49 [trader_id=stage-a-benchmark] 🌑 dark regime at the ASIA read: 1/7 regime fields unavailable (vix_level) — plan still trustworthy
09-08 16:50:31 [INFO] trader/auto_trader.go:44 [trader_id=stage-a-benchmark] 🔬 detector recorded: 0 new episode(s) · pool 9 candidate(s) (8 seated, 1 cut) · k=3 Δ=1.84 band=±5.53 H=12 close · pre-formation bars skipped=41 · levels with no formation time=6
09-08 16:50:31 [INFO] trader/auto_trader.go:44 [trader_id=stage-a-benchmark] 📓 read facts: void=8 · floor=19.3 pts (1.5×ATR5m 12.89) · scope=1m×300 since=1788818400000 (cap 500)
09-08 16:50:31 [INFO] trader/auto_trader.go:44 [trader_id=stage-a-benchmark] 🗺️ G2 HTF detection @ASIA: 90 level(s) map[EQH·15m:1 EQH·1h:1 EQH·4h:1 EQL·15m:1 EQL·1h:1 EQL·4h:1 iFVG(bull)·15m:28 iFVG(bull)·1h:28 iFVG(bull)·4h:28]
09-08 16:50:31 [INFO] kernel/levels_score.go:575 🗺️ seated 9/22 in-band levels (proximity band ±38pt, 9 of them retained)
09-08 16:50:31 [WARN] trader/auto_trader.go:49 [trader_id=stage-a-benchmark] 🌑 dark regime at the ASIA read: 1/7 regime fields unavailable (vix_level) — plan still trustworthy
09-08 16:50:31 [INFO] trader/auto_trader.go:44 [trader_id=stage-a-benchmark] 🔬 detector recorded: 0 new episode(s) · pool 9 candidate(s) (8 seated, 1 cut) · k=3 Δ=1.84 band=±5.53 H=12 close · pre-formation bars skipped=41 · levels with no formation time=6
09-08 16:50:31 [INFO] trader/auto_trader.go:44 [trader_id=stage-a-benchmark] 📓 read facts: void=8 · floor=19.3 pts (1.5×ATR5m 12.89) · scope=1m×300 since=1788818400000 (cap 500)
09-08 16:50:31 [INFO] trader/auto_trader.go:44 [trader_id=stage-a-benchmark] 🗺️ G2 HTF detection @ASIA: 90 level(s) map[EQH·15m:1 EQH·1h:1 EQH·4h:1 EQL·15m:1 EQL·1h:1 EQL·4h:1 iFVG(bull)·15m:28 iFVG(bull)·1h:28 iFVG(bull)·4h:28]
09-08 16:50:31 [INFO] kernel/levels_score.go:575 🗺️ seated 9/22 in-band levels (proximity band ±38pt, 9 of them retained)
09-08 16:50:31 [WARN] trader/auto_trader.go:49 [trader_id=stage-a-benchmark] 🌑 dark regime at the ASIA read: 1/7 regime fields unavailable (vix_level) — plan still trustworthy
09-08 16:50:31 [INFO] trader/auto_trader.go:44 [trader_id=stage-a-benchmark] 🔬 detector recorded: 0 new episode(s) · pool 9 candidate(s) (8 seated, 1 cut) · k=3 Δ=1.84 band=±5.53 H=12 close · pre-formation bars skipped=41 · levels with no formation time=6
09-08 16:50:31 [INFO] trader/auto_trader.go:44 [trader_id=stage-a-benchmark] 📓 read facts: void=8 · floor=19.3 pts (1.5×ATR5m 12.89) · scope=1m×300 since=1788818400000 (cap 500)
09-08 16:50:31 [INFO] trader/auto_trader.go:44 [trader_id=stage-a-benchmark] 🗺️ G2 HTF detection @ASIA: 90 level(s) map[EQH·15m:1 EQH·1h:1 EQH·4h:1 EQL·15m:1 EQL·1h:1 EQL·4h:1 iFVG(bull)·15m:28 iFVG(bull)·1h:28 iFVG(bull)·4h:28]
09-08 16:50:31 [INFO] kernel/levels_score.go:575 🗺️ seated 9/22 in-band levels (proximity band ±38pt, 9 of them retained)
09-08 16:50:31 [WARN] trader/auto_trader.go:49 [trader_id=stage-a-benchmark] 🌑 dark regime at the ASIA read: 1/7 regime fields unavailable (vix_level) — plan still trustworthy
09-08 16:50:31 [INFO] trader/auto_trader.go:44 [trader_id=stage-a-benchmark] 🔬 detector recorded: 0 new episode(s) · pool 9 candidate(s) (8 seated, 1 cut) · k=3 Δ=1.84 band=±5.53 H=12 close · pre-formation bars skipped=41 · levels with no formation time=6
09-08 16:50:31 [INFO] trader/auto_trader.go:44 [trader_id=stage-a-benchmark] 📓 read facts: void=8 · floor=19.3 pts (1.5×ATR5m 12.89) · scope=1m×300 since=1788818400000 (cap 500)
09-08 16:50:31 [INFO] trader/auto_trader.go:44 [trader_id=stage-a-benchmark] 🗺️ G2 HTF detection @ASIA: 90 level(s) map[EQH·15m:1 EQH·1h:1 EQH·4h:1 EQL·15m:1 EQL·1h:1 EQL·4h:1 iFVG(bull)·15m:28 iFVG(bull)·1h:28 iFVG(bull)·4h:28]
09-08 16:50:31 [INFO] kernel/levels_score.go:575 🗺️ seated 9/22 in-band levels (proximity band ±38pt, 9 of them retained)
09-08 16:50:31 [WARN] trader/auto_trader.go:49 [trader_id=stage-a-benchmark] 🌑 dark regime at the ASIA read: 1/7 regime fields unavailable (vix_level) — plan still trustworthy
09-08 16:50:31 [INFO] trader/auto_trader.go:44 [trader_id=stage-a-benchmark] 🔬 detector recorded: 0 new episode(s) · pool 9 candidate(s) (8 seated, 1 cut) · k=3 Δ=1.84 band=±5.53 H=12 close · pre-formation bars skipped=41 · levels with no formation time=6
09-08 16:50:31 [INFO] trader/auto_trader.go:44 [trader_id=stage-a-benchmark] 📓 read facts: void=8 · floor=19.3 pts (1.5×ATR5m 12.89) · scope=1m×300 since=1788818400000 (cap 500)
09-08 16:50:31 [INFO] trader/auto_trader.go:44 [trader_id=stage-a-benchmark] 🗺️ G2 HTF detection @ASIA: 90 level(s) map[EQH·15m:1 EQH·1h:1 EQH·4h:1 EQL·15m:1 EQL·1h:1 EQL·4h:1 iFVG(bull)·15m:28 iFVG(bull)·1h:28 iFVG(bull)·4h:28]
09-08 16:50:31 [INFO] kernel/levels_score.go:575 🗺️ seated 9/22 in-band levels (proximity band ±38pt, 9 of them retained)
09-08 16:50:31 [WARN] trader/auto_trader.go:49 [trader_id=stage-a-benchmark] 🌑 dark regime at the ASIA read: 1/7 regime fields unavailable (vix_level) — plan still trustworthy
09-08 16:50:31 [INFO] trader/auto_trader.go:44 [trader_id=stage-a-benchmark] 🔬 detector recorded: 0 new episode(s) · pool 9 candidate(s) (8 seated, 1 cut) · k=3 Δ=1.84 band=±5.53 H=12 close · pre-formation bars skipped=41 · levels with no formation time=6
09-08 16:50:31 [INFO] trader/auto_trader.go:44 [trader_id=stage-a-benchmark] 📓 read facts: void=8 · floor=19.3 pts (1.5×ATR5m 12.89) · scope=1m×300 since=1788818400000 (cap 500)
09-08 16:50:31 [INFO] trader/auto_trader.go:44 [trader_id=stage-a-benchmark] 🗺️ G2 HTF detection @ASIA: 90 level(s) map[EQH·15m:1 EQH·1h:1 EQH·4h:1 EQL·15m:1 EQL·1h:1 EQL·4h:1 iFVG(bull)·15m:28 iFVG(bull)·1h:28 iFVG(bull)·4h:28]
09-08 16:50:31 [INFO] kernel/levels_score.go:575 🗺️ seated 9/22 in-band levels (proximity band ±38pt, 9 of them retained)
09-08 16:50:31 [WARN] trader/auto_trader.go:49 [trader_id=stage-a-benchmark] 🌑 dark regime at the ASIA read: 1/7 regime fields unavailable (vix_level) — plan still trustworthy
09-08 16:50:31 [INFO] trader/auto_trader.go:44 [trader_id=stage-a-benchmark] 🔬 detector recorded: 0 new episode(s) · pool 9 candidate(s) (8 seated, 1 cut) · k=3 Δ=1.84 band=±5.53 H=12 close · pre-formation bars skipped=41 · levels with no formation time=6
09-08 16:50:31 [INFO] trader/auto_trader.go:44 [trader_id=stage-a-benchmark] 📓 read facts: void=8 · floor=19.3 pts (1.5×ATR5m 12.89) · scope=1m×300 since=1788818400000 (cap 500)
09-08 16:50:31 [INFO] trader/auto_trader.go:44 [trader_id=stage-a-benchmark] 🗺️ G2 HTF detection @ASIA: 90 level(s) map[EQH·15m:1 EQH·1h:1 EQH·4h:1 EQL·15m:1 EQL·1h:1 EQL·4h:1 iFVG(bull)·15m:28 iFVG(bull)·1h:28 iFVG(bull)·4h:28]
09-08 16:50:31 [INFO] kernel/levels_score.go:575 🗺️ seated 9/22 in-band levels (proximity band ±38pt, 9 of them retained)
09-08 16:50:31 [WARN] trader/auto_trader.go:49 [trader_id=stage-a-benchmark] 🌑 dark regime at the ASIA read: 1/7 regime fields unavailable (vix_level) — plan still trustworthy
09-08 16:50:31 [INFO] trader/auto_trader.go:44 [trader_id=stage-a-benchmark] 🔬 detector recorded: 0 new episode(s) · pool 9 candidate(s) (8 seated, 1 cut) · k=3 Δ=1.84 band=±5.53 H=12 close · pre-formation bars skipped=41 · levels with no formation time=6
09-08 16:50:31 [INFO] trader/auto_trader.go:44 [trader_id=stage-a-benchmark] 📓 read facts: void=8 · floor=19.3 pts (1.5×ATR5m 12.89) · scope=1m×300 since=1788818400000 (cap 500)
09-08 16:50:31 [INFO] trader/auto_trader.go:44 [trader_id=stage-a-benchmark] 🗺️ G2 HTF detection @ASIA: 90 level(s) map[EQH·15m:1 EQH·1h:1 EQH·4h:1 EQL·15m:1 EQL·1h:1 EQL·4h:1 iFVG(bull)·15m:28 iFVG(bull)·1h:28 iFVG(bull)·4h:28]
09-08 16:50:31 [INFO] kernel/levels_score.go:575 🗺️ seated 9/22 in-band levels (proximity band ±38pt, 9 of them retained)
09-08 16:50:31 [WARN] trader/auto_trader.go:49 [trader_id=stage-a-benchmark] 🌑 dark regime at the ASIA read: 1/7 regime fields unavailable (vix_level) — plan still trustworthy
09-08 16:50:31 [INFO] trader/auto_trader.go:44 [trader_id=stage-a-benchmark] 🔬 detector recorded: 0 new episode(s) · pool 9 candidate(s) (8 seated, 1 cut) · k=3 Δ=1.84 band=±5.53 H=12 close · pre-formation bars skipped=41 · levels with no formation time=6
09-08 16:50:31 [INFO] trader/auto_trader.go:44 [trader_id=stage-a-benchmark] 📓 read facts: void=8 · floor=19.3 pts (1.5×ATR5m 12.89) · scope=1m×300 since=1788818400000 (cap 500)
09-08 16:50:31 [INFO] trader/auto_trader.go:44 [trader_id=stage-a-benchmark] 🗺️ G2 HTF detection @ASIA: 90 level(s) map[EQH·15m:1 EQH·1h:1 EQH·4h:1 EQL·15m:1 EQL·1h:1 EQL·4h:1 iFVG(bull)·15m:28 iFVG(bull)·1h:28 iFVG(bull)·4h:28]
09-08 16:50:31 [INFO] kernel/levels_score.go:575 🗺️ seated 9/22 in-band levels (proximity band ±38pt, 9 of them retained)
09-08 16:50:31 [WARN] trader/auto_trader.go:49 [trader_id=stage-a-benchmark] 🌑 dark regime at the ASIA read: 1/7 regime fields unavailable (vix_level) — plan still trustworthy
09-08 16:50:31 [INFO] trader/auto_trader.go:44 [trader_id=stage-a-benchmark] 🔬 detector recorded: 0 new episode(s) · pool 9 candidate(s) (8 seated, 1 cut) · k=3 Δ=1.84 band=±5.53 H=12 close · pre-formation bars skipped=41 · levels with no formation time=6
09-08 16:50:31 [INFO] trader/auto_trader.go:44 [trader_id=stage-a-benchmark] 📓 read facts: void=8 · floor=19.3 pts (1.5×ATR5m 12.89) · scope=1m×300 since=1788818400000 (cap 500)
09-08 16:50:31 [INFO] trader/auto_trader.go:44 [trader_id=stage-a-benchmark] 🗺️ G2 HTF detection @ASIA: 90 level(s) map[EQH·15m:1 EQH·1h:1 EQH·4h:1 EQL·15m:1 EQL·1h:1 EQL·4h:1 iFVG(bull)·15m:28 iFVG(bull)·1h:28 iFVG(bull)·4h:28]
09-08 16:50:31 [INFO] kernel/levels_score.go:575 🗺️ seated 9/22 in-band levels (proximity band ±38pt, 9 of them retained)
09-08 16:50:31 [WARN] trader/auto_trader.go:49 [trader_id=stage-a-benchmark] 🌑 dark regime at the ASIA read: 1/7 regime fields unavailable (vix_level) — plan still trustworthy
09-08 16:50:31 [INFO] trader/auto_trader.go:44 [trader_id=stage-a-benchmark] 🔬 detector recorded: 0 new episode(s) · pool 9 candidate(s) (8 seated, 1 cut) · k=3 Δ=1.84 band=±5.53 H=12 close · pre-formation bars skipped=41 · levels with no formation time=6
09-08 16:50:31 [INFO] trader/auto_trader.go:44 [trader_id=stage-a-benchmark] 📓 read facts: void=8 · floor=19.3 pts (1.5×ATR5m 12.89) · scope=1m×300 since=1788818400000 (cap 500)
09-08 16:50:31 [INFO] trader/auto_trader.go:44 [trader_id=stage-a-benchmark] 🗺️ G2 HTF detection @ASIA: 90 level(s) map[EQH·15m:1 EQH·1h:1 EQH·4h:1 EQL·15m:1 EQL·1h:1 EQL·4h:1 iFVG(bull)·15m:28 iFVG(bull)·1h:28 iFVG(bull)·4h:28]
09-08 16:50:31 [INFO] kernel/levels_score.go:575 🗺️ seated 9/22 in-band levels (proximity band ±38pt, 9 of them retained)
09-08 16:50:31 [WARN] trader/auto_trader.go:49 [trader_id=stage-a-benchmark] 🌑 dark regime at the ASIA read: 1/7 regime fields unavailable (vix_level) — plan still trustworthy
09-08 16:50:31 [INFO] trader/auto_trader.go:44 [trader_id=stage-a-benchmark] 🔬 detector recorded: 0 new episode(s) · pool 9 candidate(s) (8 seated, 1 cut) · k=3 Δ=1.84 band=±5.53 H=12 close · pre-formation bars skipped=41 · levels with no formation time=6
09-08 16:50:31 [INFO] trader/auto_trader.go:44 [trader_id=stage-a-benchmark] 📓 read facts: void=8 · floor=19.3 pts (1.5×ATR5m 12.89) · scope=1m×300 since=1788818400000 (cap 500)
09-08 16:50:31 [INFO] trader/auto_trader.go:44 [trader_id=stage-a-benchmark] 🗺️ G2 HTF detection @ASIA: 90 level(s) map[EQH·15m:1 EQH·1h:1 EQH·4h:1 EQL·15m:1 EQL·1h:1 EQL·4h:1 iFVG(bull)·15m:28 iFVG(bull)·1h:28 iFVG(bull)·4h:28]
09-08 16:50:31 [INFO] kernel/levels_score.go:575 🗺️ seated 9/22 in-band levels (proximity band ±38pt, 9 of them retained)
09-08 16:50:31 [WARN] trader/auto_trader.go:49 [trader_id=stage-a-benchmark] 🌑 dark regime at the ASIA read: 1/7 regime fields unavailable (vix_level) — plan still trustworthy
09-08 16:50:31 [INFO] trader/auto_trader.go:44 [trader_id=stage-a-benchmark] 🔬 detector recorded: 0 new episode(s) · pool 9 candidate(s) (8 seated, 1 cut) · k=3 Δ=1.84 band=±5.53 H=12 close · pre-formation bars skipped=41 · levels with no formation time=6
09-08 16:50:31 [INFO] trader/auto_trader.go:44 [trader_id=stage-a-benchmark] 📓 read facts: void=8 · floor=19.3 pts (1.5×ATR5m 12.89) · scope=1m×300 since=1788818400000 (cap 500)
09-08 16:50:31 [INFO] trader/auto_trader.go:44 [trader_id=stage-a-benchmark] 🗺️ G2 HTF detection @ASIA: 90 level(s) map[EQH·15m:1 EQH·1h:1 EQH·4h:1 EQL·15m:1 EQL·1h:1 EQL·4h:1 iFVG(bull)·15m:28 iFVG(bull)·1h:28 iFVG(bull)·4h:28]
09-08 16:50:31 [INFO] kernel/levels_score.go:575 🗺️ seated 9/22 in-band levels (proximity band ±38pt, 9 of them retained)
09-08 16:50:31 [WARN] trader/auto_trader.go:49 [trader_id=stage-a-benchmark] 🌑 dark regime at the ASIA read: 1/7 regime fields unavailable (vix_level) — plan still trustworthy
09-08 16:50:31 [INFO] trader/auto_trader.go:44 [trader_id=stage-a-benchmark] 🔬 detector recorded: 0 new episode(s) · pool 9 candidate(s) (8 seated, 1 cut) · k=3 Δ=1.84 band=±5.53 H=12 close · pre-formation bars skipped=41 · levels with no formation time=6
09-08 16:50:31 [INFO] trader/auto_trader.go:44 [trader_id=stage-a-benchmark] 📓 read facts: void=8 · floor=19.3 pts (1.5×ATR5m 12.89) · scope=1m×300 since=1788818400000 (cap 500)
09-08 16:50:31 [INFO] trader/auto_trader.go:44 [trader_id=stage-a-benchmark] 🗺️ G2 HTF detection @ASIA: 90 level(s) map[EQH·15m:1 EQH·1h:1 EQH·4h:1 EQL·15m:1 EQL·1h:1 EQL·4h:1 iFVG(bull)·15m:28 iFVG(bull)·1h:28 iFVG(bull)·4h:28]
09-08 16:50:31 [INFO] kernel/levels_score.go:575 🗺️ seated 9/22 in-band levels (proximity band ±38pt, 9 of them retained)
09-08 16:50:31 [WARN] trader/auto_trader.go:49 [trader_id=stage-a-benchmark] 🌑 dark regime at the ASIA read: 1/7 regime fields unavailable (vix_level) — plan still trustworthy
09-08 16:50:31 [INFO] trader/auto_trader.go:44 [trader_id=stage-a-benchmark] 🔬 detector recorded: 0 new episode(s) · pool 9 candidate(s) (8 seated, 1 cut) · k=3 Δ=1.84 band=±5.53 H=12 close · pre-formation bars skipped=41 · levels with no formation time=6
09-08 16:50:31 [INFO] trader/auto_trader.go:44 [trader_id=stage-a-benchmark] 📓 read facts: void=8 · floor=19.3 pts (1.5×ATR5m 12.89) · scope=1m×300 since=1788818400000 (cap 500)
09-08 16:50:31 [INFO] trader/auto_trader.go:44 [trader_id=stage-a-benchmark] 🗺️ G2 HTF detection @ASIA: 90 level(s) map[EQH·15m:1 EQH·1h:1 EQH·4h:1 EQL·15m:1 EQL·1h:1 EQL·4h:1 iFVG(bull)·15m:28 iFVG(bull)·1h:28 iFVG(bull)·4h:28]
09-08 16:50:31 [INFO] kernel/levels_score.go:575 🗺️ seated 9/22 in-band levels (proximity band ±38pt, 9 of them retained)
09-08 16:50:31 [WARN] trader/auto_trader.go:49 [trader_id=stage-a-benchmark] 🌑 dark regime at the ASIA read: 1/7 regime fields unavailable (vix_level) — plan still trustworthy
09-08 16:50:31 [INFO] trader/auto_trader.go:44 [trader_id=stage-a-benchmark] 🔬 detector recorded: 0 new episode(s) · pool 9 candidate(s) (8 seated, 1 cut) · k=3 Δ=1.84 band=±5.53 H=12 close · pre-formation bars skipped=41 · levels with no formation time=6
09-08 16:50:31 [INFO] trader/auto_trader.go:44 [trader_id=stage-a-benchmark] 📓 read facts: void=8 · floor=19.3 pts (1.5×ATR5m 12.89) · scope=1m×300 since=1788818400000 (cap 500)
09-08 16:50:31 [INFO] trader/auto_trader.go:44 [trader_id=stage-a-benchmark] 🗺️ G2 HTF detection @ASIA: 90 level(s) map[EQH·15m:1 EQH·1h:1 EQH·4h:1 EQL·15m:1 EQL·1h:1 EQL·4h:1 iFVG(bull)·15m:28 iFVG(bull)·1h:28 iFVG(bull)·4h:28]
09-08 16:50:31 [INFO] kernel/levels_score.go:575 🗺️ seated 9/22 in-band levels (proximity band ±38pt, 9 of them retained)
09-08 16:50:31 [WARN] trader/auto_trader.go:49 [trader_id=stage-a-benchmark] 🌑 dark regime at the ASIA read: 1/7 regime fields unavailable (vix_level) — plan still trustworthy
09-08 16:50:31 [INFO] trader/auto_trader.go:44 [trader_id=stage-a-benchmark] 🔬 detector recorded: 0 new episode(s) · pool 9 candidate(s) (8 seated, 1 cut) · k=3 Δ=1.84 band=±5.53 H=12 close · pre-formation bars skipped=41 · levels with no formation time=6
09-08 16:50:31 [INFO] trader/auto_trader.go:44 [trader_id=stage-a-benchmark] 📓 read facts: void=8 · floor=19.3 pts (1.5×ATR5m 12.89) · scope=1m×300 since=1788818400000 (cap 500)
09-08 16:50:31 [INFO] trader/auto_trader.go:44 [trader_id=stage-a-benchmark] 🗺️ G2 HTF detection @ASIA: 90 level(s) map[EQH·15m:1 EQH·1h:1 EQH·4h:1 EQL·15m:1 EQL·1h:1 EQL·4h:1 iFVG(bull)·15m:28 iFVG(bull)·1h:28 iFVG(bull)·4h:28]
09-08 16:50:31 [INFO] kernel/levels_score.go:575 🗺️ seated 9/22 in-band levels (proximity band ±38pt, 9 of them retained)
09-08 16:50:31 [WARN] trader/auto_trader.go:49 [trader_id=stage-a-benchmark] 🌑 dark regime at the ASIA read: 1/7 regime fields unavailable (vix_level) — plan still trustworthy
09-08 16:50:31 [INFO] trader/auto_trader.go:44 [trader_id=stage-a-benchmark] 🔬 detector recorded: 0 new episode(s) · pool 9 candidate(s) (8 seated, 1 cut) · k=3 Δ=1.84 band=±5.53 H=12 close · pre-formation bars skipped=41 · levels with no formation time=6
09-08 16:50:31 [INFO] trader/auto_trader.go:44 [trader_id=stage-a-benchmark] 📓 read facts: void=8 · floor=19.3 pts (1.5×ATR5m 12.89) · scope=1m×300 since=1788818400000 (cap 500)
09-08 16:50:31 [INFO] trader/auto_trader.go:44 [trader_id=stage-a-benchmark] 🗺️ G2 HTF detection @ASIA: 90 level(s) map[EQH·15m:1 EQH·1h:1 EQH·4h:1 EQL·15m:1 EQL·1h:1 EQL·4h:1 iFVG(bull)·15m:28 iFVG(bull)·1h:28 iFVG(bull)·4h:28]
09-08 16:50:31 [INFO] kernel/levels_score.go:575 🗺️ seated 9/22 in-band levels (proximity band ±38pt, 9 of them retained)
09-08 16:50:31 [WARN] trader/auto_trader.go:49 [trader_id=stage-a-benchmark] 🌑 dark regime at the ASIA read: 1/7 regime fields unavailable (vix_level) — plan still trustworthy
09-08 16:50:31 [INFO] trader/auto_trader.go:44 [trader_id=stage-a-benchmark] 🔬 detector recorded: 0 new episode(s) · pool 9 candidate(s) (8 seated, 1 cut) · k=3 Δ=1.84 band=±5.53 H=12 close · pre-formation bars skipped=41 · levels with no formation time=6
09-08 16:50:31 [INFO] trader/auto_trader.go:44 [trader_id=stage-a-benchmark] 📓 read facts: void=8 · floor=19.3 pts (1.5×ATR5m 12.89) · scope=1m×300 since=1788818400000 (cap 500)
09-08 16:50:31 [INFO] trader/auto_trader.go:44 [trader_id=stage-a-benchmark] 🗺️ G2 HTF detection @ASIA: 90 level(s) map[EQH·15m:1 EQH·1h:1 EQH·4h:1 EQL·15m:1 EQL·1h:1 EQL·4h:1 iFVG(bull)·15m:28 iFVG(bull)·1h:28 iFVG(bull)·4h:28]
09-08 16:50:31 [INFO] kernel/levels_score.go:575 🗺️ seated 9/22 in-band levels (proximity band ±38pt, 9 of them retained)
09-08 16:50:31 [WARN] trader/auto_trader.go:49 [trader_id=stage-a-benchmark] 🌑 dark regime at the ASIA read: 1/7 regime fields unavailable (vix_level) — plan still trustworthy
09-08 16:50:31 [INFO] trader/auto_trader.go:44 [trader_id=stage-a-benchmark] 🔬 detector recorded: 0 new episode(s) · pool 9 candidate(s) (8 seated, 1 cut) · k=3 Δ=1.84 band=±5.53 H=12 close · pre-formation bars skipped=41 · levels with no formation time=6
09-08 16:50:31 [INFO] trader/auto_trader.go:44 [trader_id=stage-a-benchmark] 📓 read facts: void=8 · floor=19.3 pts (1.5×ATR5m 12.89) · scope=1m×300 since=1788818400000 (cap 500)
09-08 16:50:31 [INFO] trader/auto_trader.go:44 [trader_id=stage-a-benchmark] 🗺️ G2 HTF detection @ASIA: 90 level(s) map[EQH·15m:1 EQH·1h:1 EQH·4h:1 EQL·15m:1 EQL·1h:1 EQL·4h:1 iFVG(bull)·15m:28 iFVG(bull)·1h:28 iFVG(bull)·4h:28]
09-08 16:50:31 [INFO] kernel/levels_score.go:575 🗺️ seated 9/22 in-band levels (proximity band ±38pt, 9 of them retained)
09-08 16:50:31 [WARN] trader/auto_trader.go:49 [trader_id=stage-a-benchmark] 🌑 dark regime at the ASIA read: 1/7 regime fields unavailable (vix_level) — plan still trustworthy
09-08 16:50:31 [INFO] trader/auto_trader.go:44 [trader_id=stage-a-benchmark] 🔬 detector recorded: 0 new episode(s) · pool 9 candidate(s) (8 seated, 1 cut) · k=3 Δ=1.84 band=±5.53 H=12 close · pre-formation bars skipped=41 · levels with no formation time=6
09-08 16:50:31 [INFO] trader/auto_trader.go:44 [trader_id=stage-a-benchmark] 📓 read facts: void=8 · floor=19.3 pts (1.5×ATR5m 12.89) · scope=1m×300 since=1788818400000 (cap 500)
09-08 16:50:31 [INFO] trader/auto_trader.go:44 [trader_id=stage-a-benchmark] 🗺️ G2 HTF detection @ASIA: 90 level(s) map[EQH·15m:1 EQH·1h:1 EQH·4h:1 EQL·15m:1 EQL·1h:1 EQL·4h:1 iFVG(bull)·15m:28 iFVG(bull)·1h:28 iFVG(bull)·4h:28]
09-08 16:50:31 [INFO] kernel/levels_score.go:575 🗺️ seated 9/22 in-band levels (proximity band ±38pt, 9 of them retained)
09-08 16:50:31 [WARN] trader/auto_trader.go:49 [trader_id=stage-a-benchmark] 🌑 dark regime at the ASIA read: 1/7 regime fields unavailable (vix_level) — plan still trustworthy
09-08 16:50:31 [INFO] trader/auto_trader.go:44 [trader_id=stage-a-benchmark] 🔬 detector recorded: 0 new episode(s) · pool 9 candidate(s) (8 seated, 1 cut) · k=3 Δ=1.84 band=±5.53 H=12 close · pre-formation bars skipped=41 · levels with no formation time=6
09-08 16:50:31 [INFO] trader/auto_trader.go:44 [trader_id=stage-a-benchmark] 📓 read facts: void=8 · floor=19.3 pts (1.5×ATR5m 12.89) · scope=1m×300 since=1788818400000 (cap 500)
09-08 16:50:31 [INFO] trader/auto_trader.go:44 [trader_id=stage-a-benchmark] 🗺️ G2 HTF detection @ASIA: 90 level(s) map[EQH·15m:1 EQH·1h:1 EQH·4h:1 EQL·15m:1 EQL·1h:1 EQL·4h:1 iFVG(bull)·15m:28 iFVG(bull)·1h:28 iFVG(bull)·4h:28]
09-08 16:50:31 [INFO] kernel/levels_score.go:575 🗺️ seated 9/22 in-band levels (proximity band ±38pt, 9 of them retained)
09-08 16:50:31 [WARN] trader/auto_trader.go:49 [trader_id=stage-a-benchmark] 🌑 dark regime at the ASIA read: 1/7 regime fields unavailable (vix_level) — plan still trustworthy
09-08 16:50:31 [INFO] trader/auto_trader.go:44 [trader_id=stage-a-benchmark] 🔬 detector recorded: 0 new episode(s) · pool 9 candidate(s) (8 seated, 1 cut) · k=3 Δ=1.84 band=±5.53 H=12 close · pre-formation bars skipped=41 · levels with no formation time=6
09-08 16:50:31 [INFO] trader/auto_trader.go:44 [trader_id=stage-a-benchmark] 📓 read facts: void=8 · floor=19.3 pts (1.5×ATR5m 12.89) · scope=1m×300 since=1788818400000 (cap 500)
09-08 16:50:31 [INFO] trader/auto_trader.go:44 [trader_id=stage-a-benchmark] 🗺️ G2 HTF detection @ASIA: 90 level(s) map[EQH·15m:1 EQH·1h:1 EQH·4h:1 EQL·15m:1 EQL·1h:1 EQL·4h:1 iFVG(bull)·15m:28 iFVG(bull)·1h:28 iFVG(bull)·4h:28]
09-08 16:50:31 [INFO] kernel/levels_score.go:575 🗺️ seated 9/22 in-band levels (proximity band ±38pt, 9 of them retained)
09-08 16:50:31 [WARN] trader/auto_trader.go:49 [trader_id=stage-a-benchmark] 🌑 dark regime at the ASIA read: 1/7 regime fields unavailable (vix_level) — plan still trustworthy
09-08 16:50:31 [INFO] trader/auto_trader.go:44 [trader_id=stage-a-benchmark] 🔬 detector recorded: 0 new episode(s) · pool 9 candidate(s) (8 seated, 1 cut) · k=3 Δ=1.84 band=±5.53 H=12 close · pre-formation bars skipped=41 · levels with no formation time=6
09-08 16:50:31 [INFO] trader/auto_trader.go:44 [trader_id=stage-a-benchmark] 📓 read facts: void=8 · floor=19.3 pts (1.5×ATR5m 12.89) · scope=1m×300 since=1788818400000 (cap 500)
09-08 16:50:31 [INFO] trader/auto_trader.go:44 [trader_id=stage-a-benchmark] 🗺️ G2 HTF detection @ASIA: 90 level(s) map[EQH·15m:1 EQH·1h:1 EQH·4h:1 EQL·15m:1 EQL·1h:1 EQL·4h:1 iFVG(bull)·15m:28 iFVG(bull)·1h:28 iFVG(bull)·4h:28]
09-08 16:50:31 [INFO] kernel/levels_score.go:575 🗺️ seated 9/22 in-band levels (proximity band ±38pt, 9 of them retained)
09-08 16:50:31 [WARN] trader/auto_trader.go:49 [trader_id=stage-a-benchmark] 🌑 dark regime at the ASIA read: 1/7 regime fields unavailable (vix_level) — plan still trustworthy
09-08 16:50:31 [INFO] trader/auto_trader.go:44 [trader_id=stage-a-benchmark] 🔬 detector recorded: 0 new episode(s) · pool 9 candidate(s) (8 seated, 1 cut) · k=3 Δ=1.84 band=±5.53 H=12 close · pre-formation bars skipped=41 · levels with no formation time=6
09-08 16:50:31 [INFO] trader/auto_trader.go:44 [trader_id=stage-a-benchmark] 📓 read facts: void=8 · floor=19.3 pts (1.5×ATR5m 12.89) · scope=1m×300 since=1788818400000 (cap 500)
09-08 16:50:31 [INFO] trader/auto_trader.go:44 [trader_id=stage-a-benchmark] 🗺️ G2 HTF detection @ASIA: 90 level(s) map[EQH·15m:1 EQH·1h:1 EQH·4h:1 EQL·15m:1 EQL·1h:1 EQL·4h:1 iFVG(bull)·15m:28 iFVG(bull)·1h:28 iFVG(bull)·4h:28]
09-08 16:50:31 [INFO] kernel/levels_score.go:575 🗺️ seated 9/22 in-band levels (proximity band ±38pt, 9 of them retained)
09-08 16:50:31 [WARN] trader/auto_trader.go:49 [trader_id=stage-a-benchmark] 🌑 dark regime at the ASIA read: 1/7 regime fields unavailable (vix_level) — plan still trustworthy
09-08 16:50:31 [INFO] trader/auto_trader.go:44 [trader_id=stage-a-benchmark] 🔬 detector recorded: 0 new episode(s) · pool 9 candidate(s) (8 seated, 1 cut) · k=3 Δ=1.84 band=±5.53 H=12 close · pre-formation bars skipped=41 · levels with no formation time=6
09-08 16:50:31 [INFO] trader/auto_trader.go:44 [trader_id=stage-a-benchmark] 📓 read facts: void=8 · floor=19.3 pts (1.5×ATR5m 12.89) · scope=1m×300 since=1788818400000 (cap 500)
09-08 16:50:31 [INFO] trader/auto_trader.go:44 [trader_id=stage-a-benchmark] 🗺️ G2 HTF detection @ASIA: 90 level(s) map[EQH·15m:1 EQH·1h:1 EQH·4h:1 EQL·15m:1 EQL·1h:1 EQL·4h:1 iFVG(bull)·15m:28 iFVG(bull)·1h:28 iFVG(bull)·4h:28]
09-08 16:50:31 [INFO] kernel/levels_score.go:575 🗺️ seated 9/22 in-band levels (proximity band ±38pt, 9 of them retained)
09-08 16:50:31 [WARN] trader/auto_trader.go:49 [trader_id=stage-a-benchmark] 🌑 dark regime at the ASIA read: 1/7 regime fields unavailable (vix_level) — plan still trustworthy
09-08 16:50:31 [INFO] trader/auto_trader.go:44 [trader_id=stage-a-benchmark] 🔬 detector recorded: 0 new episode(s) · pool 9 candidate(s) (8 seated, 1 cut) · k=3 Δ=1.84 band=±5.53 H=12 close · pre-formation bars skipped=41 · levels with no formation time=6
09-08 16:50:31 [INFO] trader/auto_trader.go:44 [trader_id=stage-a-benchmark] 📓 read facts: void=8 · floor=19.3 pts (1.5×ATR5m 12.89) · scope=1m×300 since=1788818400000 (cap 500)
09-08 16:50:31 [INFO] trader/auto_trader.go:44 [trader_id=stage-a-benchmark] 🗺️ G2 HTF detection @ASIA: 90 level(s) map[EQH·15m:1 EQH·1h:1 EQH·4h:1 EQL·15m:1 EQL·1h:1 EQL·4h:1 iFVG(bull)·15m:28 iFVG(bull)·1h:28 iFVG(bull)·4h:28]
09-08 16:50:31 [INFO] kernel/levels_score.go:575 🗺️ seated 9/22 in-band levels (proximity band ±38pt, 9 of them retained)
09-08 16:50:31 [WARN] trader/auto_trader.go:49 [trader_id=stage-a-benchmark] 🌑 dark regime at the ASIA read: 1/7 regime fields unavailable (vix_level) — plan still trustworthy
09-08 16:50:31 [INFO] trader/auto_trader.go:44 [trader_id=stage-a-benchmark] 🔬 detector recorded: 0 new episode(s) · pool 9 candidate(s) (8 seated, 1 cut) · k=3 Δ=1.84 band=±5.53 H=12 close · pre-formation bars skipped=41 · levels with no formation time=6
09-08 16:50:31 [INFO] trader/auto_trader.go:44 [trader_id=stage-a-benchmark] 📓 read facts: void=8 · floor=19.3 pts (1.5×ATR5m 12.89) · scope=1m×300 since=1788818400000 (cap 500)
09-08 16:50:31 [INFO] trader/auto_trader.go:44 [trader_id=stage-a-benchmark] 🗺️ G2 HTF detection @ASIA: 90 level(s) map[EQH·15m:1 EQH·1h:1 EQH·4h:1 EQL·15m:1 EQL·1h:1 EQL·4h:1 iFVG(bull)·15m:28 iFVG(bull)·1h:28 iFVG(bull)·4h:28]
09-08 16:50:31 [INFO] kernel/levels_score.go:575 🗺️ seated 9/22 in-band levels (proximity band ±38pt, 9 of them retained)
09-08 16:50:31 [WARN] trader/auto_trader.go:49 [trader_id=stage-a-benchmark] 🌑 dark regime at the ASIA read: 1/7 regime fields unavailable (vix_level) — plan still trustworthy
09-08 16:50:31 [INFO] trader/auto_trader.go:44 [trader_id=stage-a-benchmark] 🔬 detector recorded: 0 new episode(s) · pool 9 candidate(s) (8 seated, 1 cut) · k=3 Δ=1.84 band=±5.53 H=12 close · pre-formation bars skipped=41 · levels with no formation time=6
09-08 16:50:31 [INFO] trader/auto_trader.go:44 [trader_id=stage-a-benchmark] 📓 read facts: void=8 · floor=19.3 pts (1.5×ATR5m 12.89) · scope=1m×300 since=1788818400000 (cap 500)
09-08 16:50:31 [INFO] trader/auto_trader.go:44 [trader_id=stage-a-benchmark] 🗺️ G2 HTF detection @ASIA: 90 level(s) map[EQH·15m:1 EQH·1h:1 EQH·4h:1 EQL·15m:1 EQL·1h:1 EQL·4h:1 iFVG(bull)·15m:28 iFVG(bull)·1h:28 iFVG(bull)·4h:28]
09-08 16:50:31 [INFO] kernel/levels_score.go:575 🗺️ seated 9/22 in-band levels (proximity band ±38pt, 9 of them retained)
09-08 16:50:31 [WARN] trader/auto_trader.go:49 [trader_id=stage-a-benchmark] 🌑 dark regime at the ASIA read: 1/7 regime fields unavailable (vix_level) — plan still trustworthy
09-08 16:50:31 [INFO] trader/auto_trader.go:44 [trader_id=stage-a-benchmark] 🔬 detector recorded: 0 new episode(s) · pool 9 candidate(s) (8 seated, 1 cut) · k=3 Δ=1.84 band=±5.53 H=12 close · pre-formation bars skipped=41 · levels with no formation time=6
09-08 16:50:31 [INFO] trader/auto_trader.go:44 [trader_id=stage-a-benchmark] 📓 read facts: void=8 · floor=19.3 pts (1.5×ATR5m 12.89) · scope=1m×300 since=1788818400000 (cap 500)
09-08 16:50:31 [INFO] trader/auto_trader.go:44 [trader_id=stage-a-benchmark] 🗺️ G2 HTF detection @ASIA: 90 level(s) map[EQH·15m:1 EQH·1h:1 EQH·4h:1 EQL·15m:1 EQL·1h:1 EQL·4h:1 iFVG(bull)·15m:28 iFVG(bull)·1h:28 iFVG(bull)·4h:28]
09-08 16:50:31 [INFO] kernel/levels_score.go:575 🗺️ seated 9/22 in-band levels (proximity band ±38pt, 9 of them retained)
09-08 16:50:31 [WARN] trader/auto_trader.go:49 [trader_id=stage-a-benchmark] 🌑 dark regime at the ASIA read: 1/7 regime fields unavailable (vix_level) — plan still trustworthy
09-08 16:50:31 [INFO] trader/auto_trader.go:44 [trader_id=stage-a-benchmark] 🔬 detector recorded: 0 new episode(s) · pool 9 candidate(s) (8 seated, 1 cut) · k=3 Δ=1.84 band=±5.53 H=12 close · pre-formation bars skipped=41 · levels with no formation time=6
09-08 16:50:31 [INFO] trader/auto_trader.go:44 [trader_id=stage-a-benchmark] 📓 read facts: void=8 · floor=19.3 pts (1.5×ATR5m 12.89) · scope=1m×300 since=1788818400000 (cap 500)
09-08 16:50:31 [INFO] trader/auto_trader.go:44 [trader_id=stage-a-benchmark] 🗺️ G2 HTF detection @ASIA: 90 level(s) map[EQH·15m:1 EQH·1h:1 EQH·4h:1 EQL·15m:1 EQL·1h:1 EQL·4h:1 iFVG(bull)·15m:28 iFVG(bull)·1h:28 iFVG(bull)·4h:28]
09-08 16:50:31 [INFO] kernel/levels_score.go:575 🗺️ seated 9/22 in-band levels (proximity band ±38pt, 9 of them retained)
09-08 16:50:31 [WARN] trader/auto_trader.go:49 [trader_id=stage-a-benchmark] 🌑 dark regime at the ASIA read: 1/7 regime fields unavailable (vix_level) — plan still trustworthy
09-08 16:50:31 [INFO] trader/auto_trader.go:44 [trader_id=stage-a-benchmark] 🔬 detector recorded: 0 new episode(s) · pool 9 candidate(s) (8 seated, 1 cut) · k=3 Δ=1.84 band=±5.53 H=12 close · pre-formation bars skipped=41 · levels with no formation time=6
09-08 16:50:31 [INFO] trader/auto_trader.go:44 [trader_id=stage-a-benchmark] 📓 read facts: void=8 · floor=19.3 pts (1.5×ATR5m 12.89) · scope=1m×300 since=1788818400000 (cap 500)
09-08 16:50:31 [INFO] trader/auto_trader.go:44 [trader_id=stage-a-benchmark] 🗺️ G2 HTF detection @ASIA: 90 level(s) map[EQH·15m:1 EQH·1h:1 EQH·4h:1 EQL·15m:1 EQL·1h:1 EQL·4h:1 iFVG(bull)·15m:28 iFVG(bull)·1h:28 iFVG(bull)·4h:28]
09-08 16:50:31 [INFO] kernel/levels_score.go:575 🗺️ seated 9/22 in-band levels (proximity band ±38pt, 9 of them retained)
09-08 16:50:31 [WARN] trader/auto_trader.go:49 [trader_id=stage-a-benchmark] 🌑 dark regime at the ASIA read: 1/7 regime fields unavailable (vix_level) — plan still trustworthy
09-08 16:50:31 [INFO] trader/auto_trader.go:44 [trader_id=stage-a-benchmark] 🔬 detector recorded: 0 new episode(s) · pool 9 candidate(s) (8 seated, 1 cut) · k=3 Δ=1.84 band=±5.53 H=12 close · pre-formation bars skipped=41 · levels with no formation time=6
09-08 16:50:31 [INFO] trader/auto_trader.go:44 [trader_id=stage-a-benchmark] 📓 read facts: void=8 · floor=19.3 pts (1.5×ATR5m 12.89) · scope=1m×300 since=1788818400000 (cap 500)
09-08 16:50:31 [INFO] trader/auto_trader.go:44 [trader_id=stage-a-benchmark] 🗺️ G2 HTF detection @ASIA: 90 level(s) map[EQH·15m:1 EQH·1h:1 EQH·4h:1 EQL·15m:1 EQL·1h:1 EQL·4h:1 iFVG(bull)·15m:28 iFVG(bull)·1h:28 iFVG(bull)·4h:28]
09-08 16:50:31 [INFO] kernel/levels_score.go:575 🗺️ seated 9/22 in-band levels (proximity band ±38pt, 9 of them retained)
09-08 16:50:31 [WARN] trader/auto_trader.go:49 [trader_id=stage-a-benchmark] 🌑 dark regime at the ASIA read: 1/7 regime fields unavailable (vix_level) — plan still trustworthy
09-08 16:50:31 [INFO] trader/auto_trader.go:44 [trader_id=stage-a-benchmark] 🔬 detector recorded: 0 new episode(s) · pool 9 candidate(s) (8 seated, 1 cut) · k=3 Δ=1.84 band=±5.53 H=12 close · pre-formation bars skipped=41 · levels with no formation time=6
09-08 16:50:31 [INFO] trader/auto_trader.go:44 [trader_id=stage-a-benchmark] 📓 read facts: void=8 · floor=19.3 pts (1.5×ATR5m 12.89) · scope=1m×300 since=1788818400000 (cap 500)
09-08 16:50:31 [INFO] trader/auto_trader.go:44 [trader_id=stage-a-benchmark] 🗺️ G2 HTF detection @ASIA: 90 level(s) map[EQH·15m:1 EQH·1h:1 EQH·4h:1 EQL·15m:1 EQL·1h:1 EQL·4h:1 iFVG(bull)·15m:28 iFVG(bull)·1h:28 iFVG(bull)·4h:28]
09-08 16:50:31 [INFO] kernel/levels_score.go:575 🗺️ seated 9/22 in-band levels (proximity band ±38pt, 9 of them retained)
09-08 16:50:31 [WARN] trader/auto_trader.go:49 [trader_id=stage-a-benchmark] 🌑 dark regime at the ASIA read: 1/7 regime fields unavailable (vix_level) — plan still trustworthy
09-08 16:50:31 [INFO] trader/auto_trader.go:44 [trader_id=stage-a-benchmark] 🔬 detector recorded: 0 new episode(s) · pool 9 candidate(s) (8 seated, 1 cut) · k=3 Δ=1.84 band=±5.53 H=12 close · pre-formation bars skipped=41 · levels with no formation time=6
09-08 16:50:31 [INFO] trader/auto_trader.go:44 [trader_id=stage-a-benchmark] 📓 read facts: void=8 · floor=19.3 pts (1.5×ATR5m 12.89) · scope=1m×300 since=1788818400000 (cap 500)
09-08 16:50:31 [INFO] trader/auto_trader.go:44 [trader_id=stage-a-benchmark] 🗺️ G2 HTF detection @ASIA: 90 level(s) map[EQH·15m:1 EQH·1h:1 EQH·4h:1 EQL·15m:1 EQL·1h:1 EQL·4h:1 iFVG(bull)·15m:28 iFVG(bull)·1h:28 iFVG(bull)·4h:28]
09-08 16:50:31 [INFO] kernel/levels_score.go:575 🗺️ seated 9/22 in-band levels (proximity band ±38pt, 9 of them retained)
09-08 16:50:31 [WARN] trader/auto_trader.go:49 [trader_id=stage-a-benchmark] 🌑 dark regime at the ASIA read: 1/7 regime fields unavailable (vix_level) — plan still trustworthy
09-08 16:50:31 [INFO] trader/auto_trader.go:44 [trader_id=stage-a-benchmark] 🔬 detector recorded: 0 new episode(s) · pool 9 candidate(s) (8 seated, 1 cut) · k=3 Δ=1.84 band=±5.53 H=12 close · pre-formation bars skipped=41 · levels with no formation time=6
09-08 16:50:31 [INFO] trader/auto_trader.go:44 [trader_id=stage-a-benchmark] 📓 read facts: void=8 · floor=19.3 pts (1.5×ATR5m 12.89) · scope=1m×300 since=1788818400000 (cap 500)
09-08 16:50:31 [INFO] trader/auto_trader.go:44 [trader_id=stage-a-benchmark] 🗺️ G2 HTF detection @ASIA: 90 level(s) map[EQH·15m:1 EQH·1h:1 EQH·4h:1 EQL·15m:1 EQL·1h:1 EQL·4h:1 iFVG(bull)·15m:28 iFVG(bull)·1h:28 iFVG(bull)·4h:28]
09-08 16:50:31 [INFO] kernel/levels_score.go:575 🗺️ seated 9/22 in-band levels (proximity band ±38pt, 9 of them retained)
09-08 16:50:31 [WARN] trader/auto_trader.go:49 [trader_id=stage-a-benchmark] 🌑 dark regime at the ASIA read: 1/7 regime fields unavailable (vix_level) — plan still trustworthy
09-08 16:50:31 [INFO] trader/auto_trader.go:44 [trader_id=stage-a-benchmark] 🔬 detector recorded: 0 new episode(s) · pool 9 candidate(s) (8 seated, 1 cut) · k=3 Δ=1.84 band=±5.53 H=12 close · pre-formation bars skipped=41 · levels with no formation time=6
09-08 16:50:31 [INFO] trader/auto_trader.go:44 [trader_id=stage-a-benchmark] 📓 read facts: void=8 · floor=19.3 pts (1.5×ATR5m 12.89) · scope=1m×300 since=1788818400000 (cap 500)
09-08 16:50:31 [INFO] trader/auto_trader.go:44 [trader_id=stage-a-benchmark] 🗺️ G2 HTF detection @ASIA: 90 level(s) map[EQH·15m:1 EQH·1h:1 EQH·4h:1 EQL·15m:1 EQL·1h:1 EQL·4h:1 iFVG(bull)·15m:28 iFVG(bull)·1h:28 iFVG(bull)·4h:28]
09-08 16:50:31 [INFO] kernel/levels_score.go:575 🗺️ seated 9/22 in-band levels (proximity band ±38pt, 9 of them retained)
09-08 16:50:31 [WARN] trader/auto_trader.go:49 [trader_id=stage-a-benchmark] 🌑 dark regime at the ASIA read: 1/7 regime fields unavailable (vix_level) — plan still trustworthy
09-08 16:50:31 [INFO] trader/auto_trader.go:44 [trader_id=stage-a-benchmark] 🔬 detector recorded: 0 new episode(s) · pool 9 candidate(s) (8 seated, 1 cut) · k=3 Δ=1.84 band=±5.53 H=12 close · pre-formation bars skipped=41 · levels with no formation time=6
09-08 16:50:31 [INFO] trader/auto_trader.go:44 [trader_id=stage-a-benchmark] 📓 read facts: void=8 · floor=19.3 pts (1.5×ATR5m 12.89) · scope=1m×300 since=1788818400000 (cap 500)
09-08 16:50:31 [INFO] trader/auto_trader.go:44 [trader_id=stage-a-benchmark] 🗺️ G2 HTF detection @ASIA: 90 level(s) map[EQH·15m:1 EQH·1h:1 EQH·4h:1 EQL·15m:1 EQL·1h:1 EQL·4h:1 iFVG(bull)·15m:28 iFVG(bull)·1h:28 iFVG(bull)·4h:28]
09-08 16:50:31 [INFO] kernel/levels_score.go:575 🗺️ seated 9/22 in-band levels (proximity band ±38pt, 9 of them retained)
09-08 16:50:31 [WARN] trader/auto_trader.go:49 [trader_id=stage-a-benchmark] 🌑 dark regime at the ASIA read: 1/7 regime fields unavailable (vix_level) — plan still trustworthy
09-08 16:50:31 [INFO] trader/auto_trader.go:44 [trader_id=stage-a-benchmark] 🔬 detector recorded: 0 new episode(s) · pool 9 candidate(s) (8 seated, 1 cut) · k=3 Δ=1.84 band=±5.53 H=12 close · pre-formation bars skipped=41 · levels with no formation time=6
09-08 16:50:31 [INFO] trader/auto_trader.go:44 [trader_id=stage-a-benchmark] 📓 read facts: void=8 · floor=19.3 pts (1.5×ATR5m 12.89) · scope=1m×300 since=1788818400000 (cap 500)
09-08 16:50:31 [INFO] trader/auto_trader.go:44 [trader_id=stage-a-benchmark] 🗺️ G2 HTF detection @ASIA: 90 level(s) map[EQH·15m:1 EQH·1h:1 EQH·4h:1 EQL·15m:1 EQL·1h:1 EQL·4h:1 iFVG(bull)·15m:28 iFVG(bull)·1h:28 iFVG(bull)·4h:28]
09-08 16:50:31 [INFO] kernel/levels_score.go:575 🗺️ seated 9/22 in-band levels (proximity band ±38pt, 9 of them retained)
09-08 16:50:31 [WARN] trader/auto_trader.go:49 [trader_id=stage-a-benchmark] 🌑 dark regime at the ASIA read: 1/7 regime fields unavailable (vix_level) — plan still trustworthy
09-08 16:50:31 [INFO] trader/auto_trader.go:44 [trader_id=stage-a-benchmark] 🔬 detector recorded: 0 new episode(s) · pool 9 candidate(s) (8 seated, 1 cut) · k=3 Δ=1.84 band=±5.53 H=12 close · pre-formation bars skipped=41 · levels with no formation time=6
09-08 16:50:31 [INFO] trader/auto_trader.go:44 [trader_id=stage-a-benchmark] 📓 read facts: void=8 · floor=19.3 pts (1.5×ATR5m 12.89) · scope=1m×300 since=1788818400000 (cap 500)
09-08 16:50:31 [INFO] trader/auto_trader.go:44 [trader_id=stage-a-benchmark] 🗺️ G2 HTF detection @ASIA: 90 level(s) map[EQH·15m:1 EQH·1h:1 EQH·4h:1 EQL·15m:1 EQL·1h:1 EQL·4h:1 iFVG(bull)·15m:28 iFVG(bull)·1h:28 iFVG(bull)·4h:28]
09-08 16:50:31 [INFO] kernel/levels_score.go:575 🗺️ seated 9/22 in-band levels (proximity band ±38pt, 9 of them retained)
09-08 16:50:31 [WARN] trader/auto_trader.go:49 [trader_id=stage-a-benchmark] 🌑 dark regime at the ASIA read: 1/7 regime fields unavailable (vix_level) — plan still trustworthy
09-08 16:50:31 [INFO] trader/auto_trader.go:44 [trader_id=stage-a-benchmark] 🔬 detector recorded: 0 new episode(s) · pool 9 candidate(s) (8 seated, 1 cut) · k=3 Δ=1.84 band=±5.53 H=12 close · pre-formation bars skipped=41 · levels with no formation time=6
09-08 16:50:31 [INFO] trader/auto_trader.go:44 [trader_id=stage-a-benchmark] 📓 read facts: void=8 · floor=19.3 pts (1.5×ATR5m 12.89) · scope=1m×300 since=1788818400000 (cap 500)
09-08 16:50:31 [INFO] trader/auto_trader.go:44 [trader_id=stage-a-benchmark] 🗺️ G2 HTF detection @ASIA: 90 level(s) map[EQH·15m:1 EQH·1h:1 EQH·4h:1 EQL·15m:1 EQL·1h:1 EQL·4h:1 iFVG(bull)·15m:28 iFVG(bull)·1h:28 iFVG(bull)·4h:28]
09-08 16:50:31 [INFO] kernel/levels_score.go:575 🗺️ seated 9/22 in-band levels (proximity band ±38pt, 9 of them retained)
09-08 16:50:31 [WARN] trader/auto_trader.go:49 [trader_id=stage-a-benchmark] 🌑 dark regime at the ASIA read: 1/7 regime fields unavailable (vix_level) — plan still trustworthy
09-08 16:50:31 [INFO] trader/auto_trader.go:44 [trader_id=stage-a-benchmark] 🔬 detector recorded: 0 new episode(s) · pool 9 candidate(s) (8 seated, 1 cut) · k=3 Δ=1.84 band=±5.53 H=12 close · pre-formation bars skipped=41 · levels with no formation time=6
09-08 16:50:31 [INFO] trader/auto_trader.go:44 [trader_id=stage-a-benchmark] 📓 read facts: void=8 · floor=19.3 pts (1.5×ATR5m 12.89) · scope=1m×300 since=1788818400000 (cap 500)
09-08 16:50:31 [INFO] trader/auto_trader.go:44 [trader_id=stage-a-benchmark] 🗺️ G2 HTF detection @ASIA: 90 level(s) map[EQH·15m:1 EQH·1h:1 EQH·4h:1 EQL·15m:1 EQL·1h:1 EQL·4h:1 iFVG(bull)·15m:28 iFVG(bull)·1h:28 iFVG(bull)·4h:28]
09-08 16:50:31 [INFO] kernel/levels_score.go:575 🗺️ seated 9/22 in-band levels (proximity band ±38pt, 9 of them retained)
09-08 16:50:31 [WARN] trader/auto_trader.go:49 [trader_id=stage-a-benchmark] 🌑 dark regime at the ASIA read: 1/7 regime fields unavailable (vix_level) — plan still trustworthy
09-08 16:50:31 [INFO] trader/auto_trader.go:44 [trader_id=stage-a-benchmark] 🔬 detector recorded: 0 new episode(s) · pool 9 candidate(s) (8 seated, 1 cut) · k=3 Δ=1.84 band=±5.53 H=12 close · pre-formation bars skipped=41 · levels with no formation time=6
09-08 16:50:31 [INFO] trader/auto_trader.go:44 [trader_id=stage-a-benchmark] 📓 read facts: void=8 · floor=19.3 pts (1.5×ATR5m 12.89) · scope=1m×300 since=1788818400000 (cap 500)
09-08 16:50:31 [INFO] trader/auto_trader.go:44 [trader_id=stage-a-benchmark] 🗺️ G2 HTF detection @ASIA: 90 level(s) map[EQH·15m:1 EQH·1h:1 EQH·4h:1 EQL·15m:1 EQL·1h:1 EQL·4h:1 iFVG(bull)·15m:28 iFVG(bull)·1h:28 iFVG(bull)·4h:28]
09-08 16:50:31 [INFO] kernel/levels_score.go:575 🗺️ seated 9/22 in-band levels (proximity band ±38pt, 9 of them retained)
09-08 16:50:31 [WARN] trader/auto_trader.go:49 [trader_id=stage-a-benchmark] 🌑 dark regime at the ASIA read: 1/7 regime fields unavailable (vix_level) — plan still trustworthy
09-08 16:50:31 [INFO] trader/auto_trader.go:44 [trader_id=stage-a-benchmark] 🔬 detector recorded: 0 new episode(s) · pool 9 candidate(s) (8 seated, 1 cut) · k=3 Δ=1.84 band=±5.53 H=12 close · pre-formation bars skipped=41 · levels with no formation time=6
09-08 16:50:31 [INFO] trader/auto_trader.go:44 [trader_id=stage-a-benchmark] 📓 read facts: void=8 · floor=19.3 pts (1.5×ATR5m 12.89) · scope=1m×300 since=1788818400000 (cap 500)
09-08 16:50:31 [INFO] trader/auto_trader.go:44 [trader_id=stage-a-benchmark] 🗺️ G2 HTF detection @ASIA: 90 level(s) map[EQH·15m:1 EQH·1h:1 EQH·4h:1 EQL·15m:1 EQL·1h:1 EQL·4h:1 iFVG(bull)·15m:28 iFVG(bull)·1h:28 iFVG(bull)·4h:28]
09-08 16:50:31 [INFO] kernel/levels_score.go:575 🗺️ seated 9/22 in-band levels (proximity band ±38pt, 9 of them retained)
09-08 16:50:31 [WARN] trader/auto_trader.go:49 [trader_id=stage-a-benchmark] 🌑 dark regime at the ASIA read: 1/7 regime fields unavailable (vix_level) — plan still trustworthy
09-08 16:50:31 [INFO] trader/auto_trader.go:44 [trader_id=stage-a-benchmark] 🔬 detector recorded: 0 new episode(s) · pool 9 candidate(s) (8 seated, 1 cut) · k=3 Δ=1.84 band=±5.53 H=12 close · pre-formation bars skipped=41 · levels with no formation time=6
09-08 16:50:31 [INFO] trader/auto_trader.go:44 [trader_id=stage-a-benchmark] 📓 read facts: void=8 · floor=19.3 pts (1.5×ATR5m 12.89) · scope=1m×300 since=1788818400000 (cap 500)
09-08 16:50:31 [INFO] trader/auto_trader.go:44 [trader_id=stage-a-benchmark] 🗺️ G2 HTF detection @ASIA: 90 level(s) map[EQH·15m:1 EQH·1h:1 EQH·4h:1 EQL·15m:1 EQL·1h:1 EQL·4h:1 iFVG(bull)·15m:28 iFVG(bull)·1h:28 iFVG(bull)·4h:28]
09-08 16:50:31 [INFO] kernel/levels_score.go:575 🗺️ seated 9/22 in-band levels (proximity band ±38pt, 9 of them retained)
09-08 16:50:31 [WARN] trader/auto_trader.go:49 [trader_id=stage-a-benchmark] 🌑 dark regime at the ASIA read: 1/7 regime fields unavailable (vix_level) — plan still trustworthy
09-08 16:50:31 [INFO] trader/auto_trader.go:44 [trader_id=stage-a-benchmark] 🔬 detector recorded: 0 new episode(s) · pool 9 candidate(s) (8 seated, 1 cut) · k=3 Δ=1.84 band=±5.53 H=12 close · pre-formation bars skipped=41 · levels with no formation time=6
09-08 16:50:31 [INFO] trader/auto_trader.go:44 [trader_id=stage-a-benchmark] 📓 read facts: void=8 · floor=19.3 pts (1.5×ATR5m 12.89) · scope=1m×300 since=1788818400000 (cap 500)
09-08 16:50:31 [INFO] trader/auto_trader.go:44 [trader_id=stage-a-benchmark] 🗺️ G2 HTF detection @ASIA: 90 level(s) map[EQH·15m:1 EQH·1h:1 EQH·4h:1 EQL·15m:1 EQL·1h:1 EQL·4h:1 iFVG(bull)·15m:28 iFVG(bull)·1h:28 iFVG(bull)·4h:28]
09-08 16:50:31 [INFO] kernel/levels_score.go:575 🗺️ seated 9/22 in-band levels (proximity band ±38pt, 9 of them retained)
09-08 16:50:31 [WARN] trader/auto_trader.go:49 [trader_id=stage-a-benchmark] 🌑 dark regime at the ASIA read: 1/7 regime fields unavailable (vix_level) — plan still trustworthy
09-08 16:50:31 [INFO] trader/auto_trader.go:44 [trader_id=stage-a-benchmark] 🔬 detector recorded: 0 new episode(s) · pool 9 candidate(s) (8 seated, 1 cut) · k=3 Δ=1.84 band=±5.53 H=12 close · pre-formation bars skipped=41 · levels with no formation time=6
09-08 16:50:31 [INFO] trader/auto_trader.go:44 [trader_id=stage-a-benchmark] 📓 read facts: void=8 · floor=19.3 pts (1.5×ATR5m 12.89) · scope=1m×300 since=1788818400000 (cap 500)
     100	  21042842 ns/op
BenchmarkStageAWholeInputAssembly-24    	09-08 16:50:32 [INFO] store/store.go:89 ✅ Database initialized (GORM, SQLite)
09-08 16:50:32 [INFO] trader/auto_trader.go:44 [trader_id=stage-a-benchmark] 🗺️ G2 HTF detection @ASIA: 90 level(s) map[EQH·15m:1 EQH·1h:1 EQH·4h:1 EQL·15m:1 EQL·1h:1 EQL·4h:1 iFVG(bull)·15m:28 iFVG(bull)·1h:28 iFVG(bull)·4h:28]
09-08 16:50:32 [INFO] kernel/levels_score.go:575 🗺️ seated 9/22 in-band levels (proximity band ±38pt, 9 of them retained)
09-08 16:50:32 [WARN] trader/auto_trader.go:49 [trader_id=stage-a-benchmark] 🌑 dark regime at the ASIA read: 1/7 regime fields unavailable (vix_level) — plan still trustworthy
09-08 16:50:33 [INFO] trader/auto_trader.go:44 [trader_id=stage-a-benchmark] 🔬 detector recorded: 114 new episode(s) · pool 9 candidate(s) (8 seated, 1 cut) · k=3 Δ=1.84 band=±5.53 H=12 close · pre-formation bars skipped=41 · levels with no formation time=6
09-08 16:50:33 [INFO] trader/auto_trader.go:44 [trader_id=stage-a-benchmark] 📓 read facts: void=8 · floor=19.3 pts (1.5×ATR5m 12.89) · scope=1m×300 since=1788818400000 (cap 500)
09-08 16:50:33 [INFO] store/store.go:89 ✅ Database initialized (GORM, SQLite)
09-08 16:50:33 [INFO] trader/auto_trader.go:44 [trader_id=stage-a-benchmark] 🗺️ G2 HTF detection @ASIA: 90 level(s) map[EQH·15m:1 EQH·1h:1 EQH·4h:1 EQL·15m:1 EQL·1h:1 EQL·4h:1 iFVG(bull)·15m:28 iFVG(bull)·1h:28 iFVG(bull)·4h:28]
09-08 16:50:33 [INFO] kernel/levels_score.go:575 🗺️ seated 9/22 in-band levels (proximity band ±38pt, 9 of them retained)
09-08 16:50:33 [WARN] trader/auto_trader.go:49 [trader_id=stage-a-benchmark] 🌑 dark regime at the ASIA read: 1/7 regime fields unavailable (vix_level) — plan still trustworthy
09-08 16:50:34 [INFO] trader/auto_trader.go:44 [trader_id=stage-a-benchmark] 🔬 detector recorded: 114 new episode(s) · pool 9 candidate(s) (8 seated, 1 cut) · k=3 Δ=1.84 band=±5.53 H=12 close · pre-formation bars skipped=41 · levels with no formation time=6
09-08 16:50:34 [INFO] trader/auto_trader.go:44 [trader_id=stage-a-benchmark] 📓 read facts: void=8 · floor=19.3 pts (1.5×ATR5m 12.89) · scope=1m×300 since=1788818400000 (cap 500)
09-08 16:50:34 [INFO] trader/auto_trader.go:44 [trader_id=stage-a-benchmark] 🗺️ G2 HTF detection @ASIA: 90 level(s) map[EQH·15m:1 EQH·1h:1 EQH·4h:1 EQL·15m:1 EQL·1h:1 EQL·4h:1 iFVG(bull)·15m:28 iFVG(bull)·1h:28 iFVG(bull)·4h:28]
09-08 16:50:34 [INFO] kernel/levels_score.go:575 🗺️ seated 9/22 in-band levels (proximity band ±38pt, 9 of them retained)
09-08 16:50:34 [WARN] trader/auto_trader.go:49 [trader_id=stage-a-benchmark] 🌑 dark regime at the ASIA read: 1/7 regime fields unavailable (vix_level) — plan still trustworthy
09-08 16:50:34 [INFO] trader/auto_trader.go:44 [trader_id=stage-a-benchmark] 🔬 detector recorded: 0 new episode(s) · pool 9 candidate(s) (8 seated, 1 cut) · k=3 Δ=1.84 band=±5.53 H=12 close · pre-formation bars skipped=41 · levels with no formation time=6
09-08 16:50:34 [INFO] trader/auto_trader.go:44 [trader_id=stage-a-benchmark] 📓 read facts: void=8 · floor=19.3 pts (1.5×ATR5m 12.89) · scope=1m×300 since=1788818400000 (cap 500)
09-08 16:50:34 [INFO] trader/auto_trader.go:44 [trader_id=stage-a-benchmark] 🗺️ G2 HTF detection @ASIA: 90 level(s) map[EQH·15m:1 EQH·1h:1 EQH·4h:1 EQL·15m:1 EQL·1h:1 EQL·4h:1 iFVG(bull)·15m:28 iFVG(bull)·1h:28 iFVG(bull)·4h:28]
09-08 16:50:34 [INFO] kernel/levels_score.go:575 🗺️ seated 9/22 in-band levels (proximity band ±38pt, 9 of them retained)
09-08 16:50:34 [WARN] trader/auto_trader.go:49 [trader_id=stage-a-benchmark] 🌑 dark regime at the ASIA read: 1/7 regime fields unavailable (vix_level) — plan still trustworthy
09-08 16:50:34 [INFO] trader/auto_trader.go:44 [trader_id=stage-a-benchmark] 🔬 detector recorded: 0 new episode(s) · pool 9 candidate(s) (8 seated, 1 cut) · k=3 Δ=1.84 band=±5.53 H=12 close · pre-formation bars skipped=41 · levels with no formation time=6
09-08 16:50:34 [INFO] trader/auto_trader.go:44 [trader_id=stage-a-benchmark] 📓 read facts: void=8 · floor=19.3 pts (1.5×ATR5m 12.89) · scope=1m×300 since=1788818400000 (cap 500)
09-08 16:50:34 [INFO] trader/auto_trader.go:44 [trader_id=stage-a-benchmark] 🗺️ G2 HTF detection @ASIA: 90 level(s) map[EQH·15m:1 EQH·1h:1 EQH·4h:1 EQL·15m:1 EQL·1h:1 EQL·4h:1 iFVG(bull)·15m:28 iFVG(bull)·1h:28 iFVG(bull)·4h:28]
09-08 16:50:34 [INFO] kernel/levels_score.go:575 🗺️ seated 9/22 in-band levels (proximity band ±38pt, 9 of them retained)
09-08 16:50:34 [WARN] trader/auto_trader.go:49 [trader_id=stage-a-benchmark] 🌑 dark regime at the ASIA read: 1/7 regime fields unavailable (vix_level) — plan still trustworthy
09-08 16:50:34 [INFO] trader/auto_trader.go:44 [trader_id=stage-a-benchmark] 🔬 detector recorded: 0 new episode(s) · pool 9 candidate(s) (8 seated, 1 cut) · k=3 Δ=1.84 band=±5.53 H=12 close · pre-formation bars skipped=41 · levels with no formation time=6
09-08 16:50:34 [INFO] trader/auto_trader.go:44 [trader_id=stage-a-benchmark] 📓 read facts: void=8 · floor=19.3 pts (1.5×ATR5m 12.89) · scope=1m×300 since=1788818400000 (cap 500)
09-08 16:50:34 [INFO] trader/auto_trader.go:44 [trader_id=stage-a-benchmark] 🗺️ G2 HTF detection @ASIA: 90 level(s) map[EQH·15m:1 EQH·1h:1 EQH·4h:1 EQL·15m:1 EQL·1h:1 EQL·4h:1 iFVG(bull)·15m:28 iFVG(bull)·1h:28 iFVG(bull)·4h:28]
09-08 16:50:34 [INFO] kernel/levels_score.go:575 🗺️ seated 9/22 in-band levels (proximity band ±38pt, 9 of them retained)
09-08 16:50:34 [WARN] trader/auto_trader.go:49 [trader_id=stage-a-benchmark] 🌑 dark regime at the ASIA read: 1/7 regime fields unavailable (vix_level) — plan still trustworthy
09-08 16:50:34 [INFO] trader/auto_trader.go:44 [trader_id=stage-a-benchmark] 🔬 detector recorded: 0 new episode(s) · pool 9 candidate(s) (8 seated, 1 cut) · k=3 Δ=1.84 band=±5.53 H=12 close · pre-formation bars skipped=41 · levels with no formation time=6
09-08 16:50:34 [INFO] trader/auto_trader.go:44 [trader_id=stage-a-benchmark] 📓 read facts: void=8 · floor=19.3 pts (1.5×ATR5m 12.89) · scope=1m×300 since=1788818400000 (cap 500)
09-08 16:50:34 [INFO] trader/auto_trader.go:44 [trader_id=stage-a-benchmark] 🗺️ G2 HTF detection @ASIA: 90 level(s) map[EQH·15m:1 EQH·1h:1 EQH·4h:1 EQL·15m:1 EQL·1h:1 EQL·4h:1 iFVG(bull)·15m:28 iFVG(bull)·1h:28 iFVG(bull)·4h:28]
09-08 16:50:34 [INFO] kernel/levels_score.go:575 🗺️ seated 9/22 in-band levels (proximity band ±38pt, 9 of them retained)
09-08 16:50:34 [WARN] trader/auto_trader.go:49 [trader_id=stage-a-benchmark] 🌑 dark regime at the ASIA read: 1/7 regime fields unavailable (vix_level) — plan still trustworthy
09-08 16:50:34 [INFO] trader/auto_trader.go:44 [trader_id=stage-a-benchmark] 🔬 detector recorded: 0 new episode(s) · pool 9 candidate(s) (8 seated, 1 cut) · k=3 Δ=1.84 band=±5.53 H=12 close · pre-formation bars skipped=41 · levels with no formation time=6
09-08 16:50:34 [INFO] trader/auto_trader.go:44 [trader_id=stage-a-benchmark] 📓 read facts: void=8 · floor=19.3 pts (1.5×ATR5m 12.89) · scope=1m×300 since=1788818400000 (cap 500)
09-08 16:50:34 [INFO] trader/auto_trader.go:44 [trader_id=stage-a-benchmark] 🗺️ G2 HTF detection @ASIA: 90 level(s) map[EQH·15m:1 EQH·1h:1 EQH·4h:1 EQL·15m:1 EQL·1h:1 EQL·4h:1 iFVG(bull)·15m:28 iFVG(bull)·1h:28 iFVG(bull)·4h:28]
09-08 16:50:34 [INFO] kernel/levels_score.go:575 🗺️ seated 9/22 in-band levels (proximity band ±38pt, 9 of them retained)
09-08 16:50:34 [WARN] trader/auto_trader.go:49 [trader_id=stage-a-benchmark] 🌑 dark regime at the ASIA read: 1/7 regime fields unavailable (vix_level) — plan still trustworthy
09-08 16:50:34 [INFO] trader/auto_trader.go:44 [trader_id=stage-a-benchmark] 🔬 detector recorded: 0 new episode(s) · pool 9 candidate(s) (8 seated, 1 cut) · k=3 Δ=1.84 band=±5.53 H=12 close · pre-formation bars skipped=41 · levels with no formation time=6
09-08 16:50:34 [INFO] trader/auto_trader.go:44 [trader_id=stage-a-benchmark] 📓 read facts: void=8 · floor=19.3 pts (1.5×ATR5m 12.89) · scope=1m×300 since=1788818400000 (cap 500)
09-08 16:50:34 [INFO] trader/auto_trader.go:44 [trader_id=stage-a-benchmark] 🗺️ G2 HTF detection @ASIA: 90 level(s) map[EQH·15m:1 EQH·1h:1 EQH·4h:1 EQL·15m:1 EQL·1h:1 EQL·4h:1 iFVG(bull)·15m:28 iFVG(bull)·1h:28 iFVG(bull)·4h:28]
09-08 16:50:34 [INFO] kernel/levels_score.go:575 🗺️ seated 9/22 in-band levels (proximity band ±38pt, 9 of them retained)
09-08 16:50:34 [WARN] trader/auto_trader.go:49 [trader_id=stage-a-benchmark] 🌑 dark regime at the ASIA read: 1/7 regime fields unavailable (vix_level) — plan still trustworthy
09-08 16:50:34 [INFO] trader/auto_trader.go:44 [trader_id=stage-a-benchmark] 🔬 detector recorded: 0 new episode(s) · pool 9 candidate(s) (8 seated, 1 cut) · k=3 Δ=1.84 band=±5.53 H=12 close · pre-formation bars skipped=41 · levels with no formation time=6
09-08 16:50:34 [INFO] trader/auto_trader.go:44 [trader_id=stage-a-benchmark] 📓 read facts: void=8 · floor=19.3 pts (1.5×ATR5m 12.89) · scope=1m×300 since=1788818400000 (cap 500)
09-08 16:50:34 [INFO] trader/auto_trader.go:44 [trader_id=stage-a-benchmark] 🗺️ G2 HTF detection @ASIA: 90 level(s) map[EQH·15m:1 EQH·1h:1 EQH·4h:1 EQL·15m:1 EQL·1h:1 EQL·4h:1 iFVG(bull)·15m:28 iFVG(bull)·1h:28 iFVG(bull)·4h:28]
09-08 16:50:34 [INFO] kernel/levels_score.go:575 🗺️ seated 9/22 in-band levels (proximity band ±38pt, 9 of them retained)
09-08 16:50:34 [WARN] trader/auto_trader.go:49 [trader_id=stage-a-benchmark] 🌑 dark regime at the ASIA read: 1/7 regime fields unavailable (vix_level) — plan still trustworthy
09-08 16:50:34 [INFO] trader/auto_trader.go:44 [trader_id=stage-a-benchmark] 🔬 detector recorded: 0 new episode(s) · pool 9 candidate(s) (8 seated, 1 cut) · k=3 Δ=1.84 band=±5.53 H=12 close · pre-formation bars skipped=41 · levels with no formation time=6
09-08 16:50:34 [INFO] trader/auto_trader.go:44 [trader_id=stage-a-benchmark] 📓 read facts: void=8 · floor=19.3 pts (1.5×ATR5m 12.89) · scope=1m×300 since=1788818400000 (cap 500)
09-08 16:50:34 [INFO] trader/auto_trader.go:44 [trader_id=stage-a-benchmark] 🗺️ G2 HTF detection @ASIA: 90 level(s) map[EQH·15m:1 EQH·1h:1 EQH·4h:1 EQL·15m:1 EQL·1h:1 EQL·4h:1 iFVG(bull)·15m:28 iFVG(bull)·1h:28 iFVG(bull)·4h:28]
09-08 16:50:34 [INFO] kernel/levels_score.go:575 🗺️ seated 9/22 in-band levels (proximity band ±38pt, 9 of them retained)
09-08 16:50:34 [WARN] trader/auto_trader.go:49 [trader_id=stage-a-benchmark] 🌑 dark regime at the ASIA read: 1/7 regime fields unavailable (vix_level) — plan still trustworthy
09-08 16:50:34 [INFO] trader/auto_trader.go:44 [trader_id=stage-a-benchmark] 🔬 detector recorded: 0 new episode(s) · pool 9 candidate(s) (8 seated, 1 cut) · k=3 Δ=1.84 band=±5.53 H=12 close · pre-formation bars skipped=41 · levels with no formation time=6
09-08 16:50:34 [INFO] trader/auto_trader.go:44 [trader_id=stage-a-benchmark] 📓 read facts: void=8 · floor=19.3 pts (1.5×ATR5m 12.89) · scope=1m×300 since=1788818400000 (cap 500)
09-08 16:50:34 [INFO] trader/auto_trader.go:44 [trader_id=stage-a-benchmark] 🗺️ G2 HTF detection @ASIA: 90 level(s) map[EQH·15m:1 EQH·1h:1 EQH·4h:1 EQL·15m:1 EQL·1h:1 EQL·4h:1 iFVG(bull)·15m:28 iFVG(bull)·1h:28 iFVG(bull)·4h:28]
09-08 16:50:34 [INFO] kernel/levels_score.go:575 🗺️ seated 9/22 in-band levels (proximity band ±38pt, 9 of them retained)
09-08 16:50:34 [WARN] trader/auto_trader.go:49 [trader_id=stage-a-benchmark] 🌑 dark regime at the ASIA read: 1/7 regime fields unavailable (vix_level) — plan still trustworthy
09-08 16:50:34 [INFO] trader/auto_trader.go:44 [trader_id=stage-a-benchmark] 🔬 detector recorded: 0 new episode(s) · pool 9 candidate(s) (8 seated, 1 cut) · k=3 Δ=1.84 band=±5.53 H=12 close · pre-formation bars skipped=41 · levels with no formation time=6
09-08 16:50:34 [INFO] trader/auto_trader.go:44 [trader_id=stage-a-benchmark] 📓 read facts: void=8 · floor=19.3 pts (1.5×ATR5m 12.89) · scope=1m×300 since=1788818400000 (cap 500)
09-08 16:50:34 [INFO] trader/auto_trader.go:44 [trader_id=stage-a-benchmark] 🗺️ G2 HTF detection @ASIA: 90 level(s) map[EQH·15m:1 EQH·1h:1 EQH·4h:1 EQL·15m:1 EQL·1h:1 EQL·4h:1 iFVG(bull)·15m:28 iFVG(bull)·1h:28 iFVG(bull)·4h:28]
09-08 16:50:34 [INFO] kernel/levels_score.go:575 🗺️ seated 9/22 in-band levels (proximity band ±38pt, 9 of them retained)
09-08 16:50:34 [WARN] trader/auto_trader.go:49 [trader_id=stage-a-benchmark] 🌑 dark regime at the ASIA read: 1/7 regime fields unavailable (vix_level) — plan still trustworthy
09-08 16:50:34 [INFO] trader/auto_trader.go:44 [trader_id=stage-a-benchmark] 🔬 detector recorded: 0 new episode(s) · pool 9 candidate(s) (8 seated, 1 cut) · k=3 Δ=1.84 band=±5.53 H=12 close · pre-formation bars skipped=41 · levels with no formation time=6
09-08 16:50:34 [INFO] trader/auto_trader.go:44 [trader_id=stage-a-benchmark] 📓 read facts: void=8 · floor=19.3 pts (1.5×ATR5m 12.89) · scope=1m×300 since=1788818400000 (cap 500)
09-08 16:50:34 [INFO] trader/auto_trader.go:44 [trader_id=stage-a-benchmark] 🗺️ G2 HTF detection @ASIA: 90 level(s) map[EQH·15m:1 EQH·1h:1 EQH·4h:1 EQL·15m:1 EQL·1h:1 EQL·4h:1 iFVG(bull)·15m:28 iFVG(bull)·1h:28 iFVG(bull)·4h:28]
09-08 16:50:34 [INFO] kernel/levels_score.go:575 🗺️ seated 9/22 in-band levels (proximity band ±38pt, 9 of them retained)
09-08 16:50:34 [WARN] trader/auto_trader.go:49 [trader_id=stage-a-benchmark] 🌑 dark regime at the ASIA read: 1/7 regime fields unavailable (vix_level) — plan still trustworthy
09-08 16:50:34 [INFO] trader/auto_trader.go:44 [trader_id=stage-a-benchmark] 🔬 detector recorded: 0 new episode(s) · pool 9 candidate(s) (8 seated, 1 cut) · k=3 Δ=1.84 band=±5.53 H=12 close · pre-formation bars skipped=41 · levels with no formation time=6
09-08 16:50:34 [INFO] trader/auto_trader.go:44 [trader_id=stage-a-benchmark] 📓 read facts: void=8 · floor=19.3 pts (1.5×ATR5m 12.89) · scope=1m×300 since=1788818400000 (cap 500)
09-08 16:50:34 [INFO] trader/auto_trader.go:44 [trader_id=stage-a-benchmark] 🗺️ G2 HTF detection @ASIA: 90 level(s) map[EQH·15m:1 EQH·1h:1 EQH·4h:1 EQL·15m:1 EQL·1h:1 EQL·4h:1 iFVG(bull)·15m:28 iFVG(bull)·1h:28 iFVG(bull)·4h:28]
09-08 16:50:34 [INFO] kernel/levels_score.go:575 🗺️ seated 9/22 in-band levels (proximity band ±38pt, 9 of them retained)
09-08 16:50:34 [WARN] trader/auto_trader.go:49 [trader_id=stage-a-benchmark] 🌑 dark regime at the ASIA read: 1/7 regime fields unavailable (vix_level) — plan still trustworthy
09-08 16:50:34 [INFO] trader/auto_trader.go:44 [trader_id=stage-a-benchmark] 🔬 detector recorded: 0 new episode(s) · pool 9 candidate(s) (8 seated, 1 cut) · k=3 Δ=1.84 band=±5.53 H=12 close · pre-formation bars skipped=41 · levels with no formation time=6
09-08 16:50:34 [INFO] trader/auto_trader.go:44 [trader_id=stage-a-benchmark] 📓 read facts: void=8 · floor=19.3 pts (1.5×ATR5m 12.89) · scope=1m×300 since=1788818400000 (cap 500)
09-08 16:50:34 [INFO] trader/auto_trader.go:44 [trader_id=stage-a-benchmark] 🗺️ G2 HTF detection @ASIA: 90 level(s) map[EQH·15m:1 EQH·1h:1 EQH·4h:1 EQL·15m:1 EQL·1h:1 EQL·4h:1 iFVG(bull)·15m:28 iFVG(bull)·1h:28 iFVG(bull)·4h:28]
09-08 16:50:34 [INFO] kernel/levels_score.go:575 🗺️ seated 9/22 in-band levels (proximity band ±38pt, 9 of them retained)
09-08 16:50:34 [WARN] trader/auto_trader.go:49 [trader_id=stage-a-benchmark] 🌑 dark regime at the ASIA read: 1/7 regime fields unavailable (vix_level) — plan still trustworthy
09-08 16:50:34 [INFO] trader/auto_trader.go:44 [trader_id=stage-a-benchmark] 🔬 detector recorded: 0 new episode(s) · pool 9 candidate(s) (8 seated, 1 cut) · k=3 Δ=1.84 band=±5.53 H=12 close · pre-formation bars skipped=41 · levels with no formation time=6
09-08 16:50:34 [INFO] trader/auto_trader.go:44 [trader_id=stage-a-benchmark] 📓 read facts: void=8 · floor=19.3 pts (1.5×ATR5m 12.89) · scope=1m×300 since=1788818400000 (cap 500)
09-08 16:50:34 [INFO] trader/auto_trader.go:44 [trader_id=stage-a-benchmark] 🗺️ G2 HTF detection @ASIA: 90 level(s) map[EQH·15m:1 EQH·1h:1 EQH·4h:1 EQL·15m:1 EQL·1h:1 EQL·4h:1 iFVG(bull)·15m:28 iFVG(bull)·1h:28 iFVG(bull)·4h:28]
09-08 16:50:34 [INFO] kernel/levels_score.go:575 🗺️ seated 9/22 in-band levels (proximity band ±38pt, 9 of them retained)
09-08 16:50:34 [WARN] trader/auto_trader.go:49 [trader_id=stage-a-benchmark] 🌑 dark regime at the ASIA read: 1/7 regime fields unavailable (vix_level) — plan still trustworthy
09-08 16:50:34 [INFO] trader/auto_trader.go:44 [trader_id=stage-a-benchmark] 🔬 detector recorded: 0 new episode(s) · pool 9 candidate(s) (8 seated, 1 cut) · k=3 Δ=1.84 band=±5.53 H=12 close · pre-formation bars skipped=41 · levels with no formation time=6
09-08 16:50:34 [INFO] trader/auto_trader.go:44 [trader_id=stage-a-benchmark] 📓 read facts: void=8 · floor=19.3 pts (1.5×ATR5m 12.89) · scope=1m×300 since=1788818400000 (cap 500)
09-08 16:50:34 [INFO] trader/auto_trader.go:44 [trader_id=stage-a-benchmark] 🗺️ G2 HTF detection @ASIA: 90 level(s) map[EQH·15m:1 EQH·1h:1 EQH·4h:1 EQL·15m:1 EQL·1h:1 EQL·4h:1 iFVG(bull)·15m:28 iFVG(bull)·1h:28 iFVG(bull)·4h:28]
09-08 16:50:34 [INFO] kernel/levels_score.go:575 🗺️ seated 9/22 in-band levels (proximity band ±38pt, 9 of them retained)
09-08 16:50:34 [WARN] trader/auto_trader.go:49 [trader_id=stage-a-benchmark] 🌑 dark regime at the ASIA read: 1/7 regime fields unavailable (vix_level) — plan still trustworthy
09-08 16:50:34 [INFO] trader/auto_trader.go:44 [trader_id=stage-a-benchmark] 🔬 detector recorded: 0 new episode(s) · pool 9 candidate(s) (8 seated, 1 cut) · k=3 Δ=1.84 band=±5.53 H=12 close · pre-formation bars skipped=41 · levels with no formation time=6
09-08 16:50:34 [INFO] trader/auto_trader.go:44 [trader_id=stage-a-benchmark] 📓 read facts: void=8 · floor=19.3 pts (1.5×ATR5m 12.89) · scope=1m×300 since=1788818400000 (cap 500)
09-08 16:50:34 [INFO] trader/auto_trader.go:44 [trader_id=stage-a-benchmark] 🗺️ G2 HTF detection @ASIA: 90 level(s) map[EQH·15m:1 EQH·1h:1 EQH·4h:1 EQL·15m:1 EQL·1h:1 EQL·4h:1 iFVG(bull)·15m:28 iFVG(bull)·1h:28 iFVG(bull)·4h:28]
09-08 16:50:34 [INFO] kernel/levels_score.go:575 🗺️ seated 9/22 in-band levels (proximity band ±38pt, 9 of them retained)
09-08 16:50:34 [WARN] trader/auto_trader.go:49 [trader_id=stage-a-benchmark] 🌑 dark regime at the ASIA read: 1/7 regime fields unavailable (vix_level) — plan still trustworthy
09-08 16:50:34 [INFO] trader/auto_trader.go:44 [trader_id=stage-a-benchmark] 🔬 detector recorded: 0 new episode(s) · pool 9 candidate(s) (8 seated, 1 cut) · k=3 Δ=1.84 band=±5.53 H=12 close · pre-formation bars skipped=41 · levels with no formation time=6
09-08 16:50:34 [INFO] trader/auto_trader.go:44 [trader_id=stage-a-benchmark] 📓 read facts: void=8 · floor=19.3 pts (1.5×ATR5m 12.89) · scope=1m×300 since=1788818400000 (cap 500)
09-08 16:50:34 [INFO] trader/auto_trader.go:44 [trader_id=stage-a-benchmark] 🗺️ G2 HTF detection @ASIA: 90 level(s) map[EQH·15m:1 EQH·1h:1 EQH·4h:1 EQL·15m:1 EQL·1h:1 EQL·4h:1 iFVG(bull)·15m:28 iFVG(bull)·1h:28 iFVG(bull)·4h:28]
09-08 16:50:34 [INFO] kernel/levels_score.go:575 🗺️ seated 9/22 in-band levels (proximity band ±38pt, 9 of them retained)
09-08 16:50:34 [WARN] trader/auto_trader.go:49 [trader_id=stage-a-benchmark] 🌑 dark regime at the ASIA read: 1/7 regime fields unavailable (vix_level) — plan still trustworthy
09-08 16:50:34 [INFO] trader/auto_trader.go:44 [trader_id=stage-a-benchmark] 🔬 detector recorded: 0 new episode(s) · pool 9 candidate(s) (8 seated, 1 cut) · k=3 Δ=1.84 band=±5.53 H=12 close · pre-formation bars skipped=41 · levels with no formation time=6
09-08 16:50:34 [INFO] trader/auto_trader.go:44 [trader_id=stage-a-benchmark] 📓 read facts: void=8 · floor=19.3 pts (1.5×ATR5m 12.89) · scope=1m×300 since=1788818400000 (cap 500)
09-08 16:50:34 [INFO] trader/auto_trader.go:44 [trader_id=stage-a-benchmark] 🗺️ G2 HTF detection @ASIA: 90 level(s) map[EQH·15m:1 EQH·1h:1 EQH·4h:1 EQL·15m:1 EQL·1h:1 EQL·4h:1 iFVG(bull)·15m:28 iFVG(bull)·1h:28 iFVG(bull)·4h:28]
09-08 16:50:34 [INFO] kernel/levels_score.go:575 🗺️ seated 9/22 in-band levels (proximity band ±38pt, 9 of them retained)
09-08 16:50:34 [WARN] trader/auto_trader.go:49 [trader_id=stage-a-benchmark] 🌑 dark regime at the ASIA read: 1/7 regime fields unavailable (vix_level) — plan still trustworthy
09-08 16:50:34 [INFO] trader/auto_trader.go:44 [trader_id=stage-a-benchmark] 🔬 detector recorded: 0 new episode(s) · pool 9 candidate(s) (8 seated, 1 cut) · k=3 Δ=1.84 band=±5.53 H=12 close · pre-formation bars skipped=41 · levels with no formation time=6
09-08 16:50:34 [INFO] trader/auto_trader.go:44 [trader_id=stage-a-benchmark] 📓 read facts: void=8 · floor=19.3 pts (1.5×ATR5m 12.89) · scope=1m×300 since=1788818400000 (cap 500)
09-08 16:50:34 [INFO] trader/auto_trader.go:44 [trader_id=stage-a-benchmark] 🗺️ G2 HTF detection @ASIA: 90 level(s) map[EQH·15m:1 EQH·1h:1 EQH·4h:1 EQL·15m:1 EQL·1h:1 EQL·4h:1 iFVG(bull)·15m:28 iFVG(bull)·1h:28 iFVG(bull)·4h:28]
09-08 16:50:34 [INFO] kernel/levels_score.go:575 🗺️ seated 9/22 in-band levels (proximity band ±38pt, 9 of them retained)
09-08 16:50:34 [WARN] trader/auto_trader.go:49 [trader_id=stage-a-benchmark] 🌑 dark regime at the ASIA read: 1/7 regime fields unavailable (vix_level) — plan still trustworthy
09-08 16:50:34 [INFO] trader/auto_trader.go:44 [trader_id=stage-a-benchmark] 🔬 detector recorded: 0 new episode(s) · pool 9 candidate(s) (8 seated, 1 cut) · k=3 Δ=1.84 band=±5.53 H=12 close · pre-formation bars skipped=41 · levels with no formation time=6
09-08 16:50:34 [INFO] trader/auto_trader.go:44 [trader_id=stage-a-benchmark] 📓 read facts: void=8 · floor=19.3 pts (1.5×ATR5m 12.89) · scope=1m×300 since=1788818400000 (cap 500)
09-08 16:50:34 [INFO] trader/auto_trader.go:44 [trader_id=stage-a-benchmark] 🗺️ G2 HTF detection @ASIA: 90 level(s) map[EQH·15m:1 EQH·1h:1 EQH·4h:1 EQL·15m:1 EQL·1h:1 EQL·4h:1 iFVG(bull)·15m:28 iFVG(bull)·1h:28 iFVG(bull)·4h:28]
09-08 16:50:34 [INFO] kernel/levels_score.go:575 🗺️ seated 9/22 in-band levels (proximity band ±38pt, 9 of them retained)
09-08 16:50:34 [WARN] trader/auto_trader.go:49 [trader_id=stage-a-benchmark] 🌑 dark regime at the ASIA read: 1/7 regime fields unavailable (vix_level) — plan still trustworthy
09-08 16:50:34 [INFO] trader/auto_trader.go:44 [trader_id=stage-a-benchmark] 🔬 detector recorded: 0 new episode(s) · pool 9 candidate(s) (8 seated, 1 cut) · k=3 Δ=1.84 band=±5.53 H=12 close · pre-formation bars skipped=41 · levels with no formation time=6
09-08 16:50:34 [INFO] trader/auto_trader.go:44 [trader_id=stage-a-benchmark] 📓 read facts: void=8 · floor=19.3 pts (1.5×ATR5m 12.89) · scope=1m×300 since=1788818400000 (cap 500)
09-08 16:50:34 [INFO] trader/auto_trader.go:44 [trader_id=stage-a-benchmark] 🗺️ G2 HTF detection @ASIA: 90 level(s) map[EQH·15m:1 EQH·1h:1 EQH·4h:1 EQL·15m:1 EQL·1h:1 EQL·4h:1 iFVG(bull)·15m:28 iFVG(bull)·1h:28 iFVG(bull)·4h:28]
09-08 16:50:34 [INFO] kernel/levels_score.go:575 🗺️ seated 9/22 in-band levels (proximity band ±38pt, 9 of them retained)
09-08 16:50:34 [WARN] trader/auto_trader.go:49 [trader_id=stage-a-benchmark] 🌑 dark regime at the ASIA read: 1/7 regime fields unavailable (vix_level) — plan still trustworthy
09-08 16:50:34 [INFO] trader/auto_trader.go:44 [trader_id=stage-a-benchmark] 🔬 detector recorded: 0 new episode(s) · pool 9 candidate(s) (8 seated, 1 cut) · k=3 Δ=1.84 band=±5.53 H=12 close · pre-formation bars skipped=41 · levels with no formation time=6
09-08 16:50:34 [INFO] trader/auto_trader.go:44 [trader_id=stage-a-benchmark] 📓 read facts: void=8 · floor=19.3 pts (1.5×ATR5m 12.89) · scope=1m×300 since=1788818400000 (cap 500)
09-08 16:50:34 [INFO] trader/auto_trader.go:44 [trader_id=stage-a-benchmark] 🗺️ G2 HTF detection @ASIA: 90 level(s) map[EQH·15m:1 EQH·1h:1 EQH·4h:1 EQL·15m:1 EQL·1h:1 EQL·4h:1 iFVG(bull)·15m:28 iFVG(bull)·1h:28 iFVG(bull)·4h:28]
09-08 16:50:34 [INFO] kernel/levels_score.go:575 🗺️ seated 9/22 in-band levels (proximity band ±38pt, 9 of them retained)
09-08 16:50:34 [WARN] trader/auto_trader.go:49 [trader_id=stage-a-benchmark] 🌑 dark regime at the ASIA read: 1/7 regime fields unavailable (vix_level) — plan still trustworthy
09-08 16:50:34 [INFO] trader/auto_trader.go:44 [trader_id=stage-a-benchmark] 🔬 detector recorded: 0 new episode(s) · pool 9 candidate(s) (8 seated, 1 cut) · k=3 Δ=1.84 band=±5.53 H=12 close · pre-formation bars skipped=41 · levels with no formation time=6
09-08 16:50:34 [INFO] trader/auto_trader.go:44 [trader_id=stage-a-benchmark] 📓 read facts: void=8 · floor=19.3 pts (1.5×ATR5m 12.89) · scope=1m×300 since=1788818400000 (cap 500)
09-08 16:50:34 [INFO] trader/auto_trader.go:44 [trader_id=stage-a-benchmark] 🗺️ G2 HTF detection @ASIA: 90 level(s) map[EQH·15m:1 EQH·1h:1 EQH·4h:1 EQL·15m:1 EQL·1h:1 EQL·4h:1 iFVG(bull)·15m:28 iFVG(bull)·1h:28 iFVG(bull)·4h:28]
09-08 16:50:34 [INFO] kernel/levels_score.go:575 🗺️ seated 9/22 in-band levels (proximity band ±38pt, 9 of them retained)
09-08 16:50:34 [WARN] trader/auto_trader.go:49 [trader_id=stage-a-benchmark] 🌑 dark regime at the ASIA read: 1/7 regime fields unavailable (vix_level) — plan still trustworthy
09-08 16:50:34 [INFO] trader/auto_trader.go:44 [trader_id=stage-a-benchmark] 🔬 detector recorded: 0 new episode(s) · pool 9 candidate(s) (8 seated, 1 cut) · k=3 Δ=1.84 band=±5.53 H=12 close · pre-formation bars skipped=41 · levels with no formation time=6
09-08 16:50:34 [INFO] trader/auto_trader.go:44 [trader_id=stage-a-benchmark] 📓 read facts: void=8 · floor=19.3 pts (1.5×ATR5m 12.89) · scope=1m×300 since=1788818400000 (cap 500)
09-08 16:50:34 [INFO] trader/auto_trader.go:44 [trader_id=stage-a-benchmark] 🗺️ G2 HTF detection @ASIA: 90 level(s) map[EQH·15m:1 EQH·1h:1 EQH·4h:1 EQL·15m:1 EQL·1h:1 EQL·4h:1 iFVG(bull)·15m:28 iFVG(bull)·1h:28 iFVG(bull)·4h:28]
09-08 16:50:34 [INFO] kernel/levels_score.go:575 🗺️ seated 9/22 in-band levels (proximity band ±38pt, 9 of them retained)
09-08 16:50:34 [WARN] trader/auto_trader.go:49 [trader_id=stage-a-benchmark] 🌑 dark regime at the ASIA read: 1/7 regime fields unavailable (vix_level) — plan still trustworthy
09-08 16:50:34 [INFO] trader/auto_trader.go:44 [trader_id=stage-a-benchmark] 🔬 detector recorded: 0 new episode(s) · pool 9 candidate(s) (8 seated, 1 cut) · k=3 Δ=1.84 band=±5.53 H=12 close · pre-formation bars skipped=41 · levels with no formation time=6
09-08 16:50:34 [INFO] trader/auto_trader.go:44 [trader_id=stage-a-benchmark] 📓 read facts: void=8 · floor=19.3 pts (1.5×ATR5m 12.89) · scope=1m×300 since=1788818400000 (cap 500)
09-08 16:50:34 [INFO] trader/auto_trader.go:44 [trader_id=stage-a-benchmark] 🗺️ G2 HTF detection @ASIA: 90 level(s) map[EQH·15m:1 EQH·1h:1 EQH·4h:1 EQL·15m:1 EQL·1h:1 EQL·4h:1 iFVG(bull)·15m:28 iFVG(bull)·1h:28 iFVG(bull)·4h:28]
09-08 16:50:34 [INFO] kernel/levels_score.go:575 🗺️ seated 9/22 in-band levels (proximity band ±38pt, 9 of them retained)
09-08 16:50:34 [WARN] trader/auto_trader.go:49 [trader_id=stage-a-benchmark] 🌑 dark regime at the ASIA read: 1/7 regime fields unavailable (vix_level) — plan still trustworthy
09-08 16:50:34 [INFO] trader/auto_trader.go:44 [trader_id=stage-a-benchmark] 🔬 detector recorded: 0 new episode(s) · pool 9 candidate(s) (8 seated, 1 cut) · k=3 Δ=1.84 band=±5.53 H=12 close · pre-formation bars skipped=41 · levels with no formation time=6
09-08 16:50:34 [INFO] trader/auto_trader.go:44 [trader_id=stage-a-benchmark] 📓 read facts: void=8 · floor=19.3 pts (1.5×ATR5m 12.89) · scope=1m×300 since=1788818400000 (cap 500)
09-08 16:50:34 [INFO] trader/auto_trader.go:44 [trader_id=stage-a-benchmark] 🗺️ G2 HTF detection @ASIA: 90 level(s) map[EQH·15m:1 EQH·1h:1 EQH·4h:1 EQL·15m:1 EQL·1h:1 EQL·4h:1 iFVG(bull)·15m:28 iFVG(bull)·1h:28 iFVG(bull)·4h:28]
09-08 16:50:34 [INFO] kernel/levels_score.go:575 🗺️ seated 9/22 in-band levels (proximity band ±38pt, 9 of them retained)
09-08 16:50:34 [WARN] trader/auto_trader.go:49 [trader_id=stage-a-benchmark] 🌑 dark regime at the ASIA read: 1/7 regime fields unavailable (vix_level) — plan still trustworthy
09-08 16:50:34 [INFO] trader/auto_trader.go:44 [trader_id=stage-a-benchmark] 🔬 detector recorded: 0 new episode(s) · pool 9 candidate(s) (8 seated, 1 cut) · k=3 Δ=1.84 band=±5.53 H=12 close · pre-formation bars skipped=41 · levels with no formation time=6
09-08 16:50:34 [INFO] trader/auto_trader.go:44 [trader_id=stage-a-benchmark] 📓 read facts: void=8 · floor=19.3 pts (1.5×ATR5m 12.89) · scope=1m×300 since=1788818400000 (cap 500)
09-08 16:50:34 [INFO] trader/auto_trader.go:44 [trader_id=stage-a-benchmark] 🗺️ G2 HTF detection @ASIA: 90 level(s) map[EQH·15m:1 EQH·1h:1 EQH·4h:1 EQL·15m:1 EQL·1h:1 EQL·4h:1 iFVG(bull)·15m:28 iFVG(bull)·1h:28 iFVG(bull)·4h:28]
09-08 16:50:34 [INFO] kernel/levels_score.go:575 🗺️ seated 9/22 in-band levels (proximity band ±38pt, 9 of them retained)
09-08 16:50:34 [WARN] trader/auto_trader.go:49 [trader_id=stage-a-benchmark] 🌑 dark regime at the ASIA read: 1/7 regime fields unavailable (vix_level) — plan still trustworthy
09-08 16:50:34 [INFO] trader/auto_trader.go:44 [trader_id=stage-a-benchmark] 🔬 detector recorded: 0 new episode(s) · pool 9 candidate(s) (8 seated, 1 cut) · k=3 Δ=1.84 band=±5.53 H=12 close · pre-formation bars skipped=41 · levels with no formation time=6
09-08 16:50:34 [INFO] trader/auto_trader.go:44 [trader_id=stage-a-benchmark] 📓 read facts: void=8 · floor=19.3 pts (1.5×ATR5m 12.89) · scope=1m×300 since=1788818400000 (cap 500)
09-08 16:50:34 [INFO] trader/auto_trader.go:44 [trader_id=stage-a-benchmark] 🗺️ G2 HTF detection @ASIA: 90 level(s) map[EQH·15m:1 EQH·1h:1 EQH·4h:1 EQL·15m:1 EQL·1h:1 EQL·4h:1 iFVG(bull)·15m:28 iFVG(bull)·1h:28 iFVG(bull)·4h:28]
09-08 16:50:34 [INFO] kernel/levels_score.go:575 🗺️ seated 9/22 in-band levels (proximity band ±38pt, 9 of them retained)
09-08 16:50:34 [WARN] trader/auto_trader.go:49 [trader_id=stage-a-benchmark] 🌑 dark regime at the ASIA read: 1/7 regime fields unavailable (vix_level) — plan still trustworthy
09-08 16:50:34 [INFO] trader/auto_trader.go:44 [trader_id=stage-a-benchmark] 🔬 detector recorded: 0 new episode(s) · pool 9 candidate(s) (8 seated, 1 cut) · k=3 Δ=1.84 band=±5.53 H=12 close · pre-formation bars skipped=41 · levels with no formation time=6
09-08 16:50:34 [INFO] trader/auto_trader.go:44 [trader_id=stage-a-benchmark] 📓 read facts: void=8 · floor=19.3 pts (1.5×ATR5m 12.89) · scope=1m×300 since=1788818400000 (cap 500)
09-08 16:50:34 [INFO] trader/auto_trader.go:44 [trader_id=stage-a-benchmark] 🗺️ G2 HTF detection @ASIA: 90 level(s) map[EQH·15m:1 EQH·1h:1 EQH·4h:1 EQL·15m:1 EQL·1h:1 EQL·4h:1 iFVG(bull)·15m:28 iFVG(bull)·1h:28 iFVG(bull)·4h:28]
09-08 16:50:34 [INFO] kernel/levels_score.go:575 🗺️ seated 9/22 in-band levels (proximity band ±38pt, 9 of them retained)
09-08 16:50:34 [WARN] trader/auto_trader.go:49 [trader_id=stage-a-benchmark] 🌑 dark regime at the ASIA read: 1/7 regime fields unavailable (vix_level) — plan still trustworthy
09-08 16:50:34 [INFO] trader/auto_trader.go:44 [trader_id=stage-a-benchmark] 🔬 detector recorded: 0 new episode(s) · pool 9 candidate(s) (8 seated, 1 cut) · k=3 Δ=1.84 band=±5.53 H=12 close · pre-formation bars skipped=41 · levels with no formation time=6
09-08 16:50:34 [INFO] trader/auto_trader.go:44 [trader_id=stage-a-benchmark] 📓 read facts: void=8 · floor=19.3 pts (1.5×ATR5m 12.89) · scope=1m×300 since=1788818400000 (cap 500)
09-08 16:50:34 [INFO] trader/auto_trader.go:44 [trader_id=stage-a-benchmark] 🗺️ G2 HTF detection @ASIA: 90 level(s) map[EQH·15m:1 EQH·1h:1 EQH·4h:1 EQL·15m:1 EQL·1h:1 EQL·4h:1 iFVG(bull)·15m:28 iFVG(bull)·1h:28 iFVG(bull)·4h:28]
09-08 16:50:34 [INFO] kernel/levels_score.go:575 🗺️ seated 9/22 in-band levels (proximity band ±38pt, 9 of them retained)
09-08 16:50:34 [WARN] trader/auto_trader.go:49 [trader_id=stage-a-benchmark] 🌑 dark regime at the ASIA read: 1/7 regime fields unavailable (vix_level) — plan still trustworthy
09-08 16:50:34 [INFO] trader/auto_trader.go:44 [trader_id=stage-a-benchmark] 🔬 detector recorded: 0 new episode(s) · pool 9 candidate(s) (8 seated, 1 cut) · k=3 Δ=1.84 band=±5.53 H=12 close · pre-formation bars skipped=41 · levels with no formation time=6
09-08 16:50:34 [INFO] trader/auto_trader.go:44 [trader_id=stage-a-benchmark] 📓 read facts: void=8 · floor=19.3 pts (1.5×ATR5m 12.89) · scope=1m×300 since=1788818400000 (cap 500)
09-08 16:50:34 [INFO] trader/auto_trader.go:44 [trader_id=stage-a-benchmark] 🗺️ G2 HTF detection @ASIA: 90 level(s) map[EQH·15m:1 EQH·1h:1 EQH·4h:1 EQL·15m:1 EQL·1h:1 EQL·4h:1 iFVG(bull)·15m:28 iFVG(bull)·1h:28 iFVG(bull)·4h:28]
09-08 16:50:34 [INFO] kernel/levels_score.go:575 🗺️ seated 9/22 in-band levels (proximity band ±38pt, 9 of them retained)
09-08 16:50:34 [WARN] trader/auto_trader.go:49 [trader_id=stage-a-benchmark] 🌑 dark regime at the ASIA read: 1/7 regime fields unavailable (vix_level) — plan still trustworthy
09-08 16:50:34 [INFO] trader/auto_trader.go:44 [trader_id=stage-a-benchmark] 🔬 detector recorded: 0 new episode(s) · pool 9 candidate(s) (8 seated, 1 cut) · k=3 Δ=1.84 band=±5.53 H=12 close · pre-formation bars skipped=41 · levels with no formation time=6
09-08 16:50:34 [INFO] trader/auto_trader.go:44 [trader_id=stage-a-benchmark] 📓 read facts: void=8 · floor=19.3 pts (1.5×ATR5m 12.89) · scope=1m×300 since=1788818400000 (cap 500)
09-08 16:50:34 [INFO] trader/auto_trader.go:44 [trader_id=stage-a-benchmark] 🗺️ G2 HTF detection @ASIA: 90 level(s) map[EQH·15m:1 EQH·1h:1 EQH·4h:1 EQL·15m:1 EQL·1h:1 EQL·4h:1 iFVG(bull)·15m:28 iFVG(bull)·1h:28 iFVG(bull)·4h:28]
09-08 16:50:34 [INFO] kernel/levels_score.go:575 🗺️ seated 9/22 in-band levels (proximity band ±38pt, 9 of them retained)
09-08 16:50:34 [WARN] trader/auto_trader.go:49 [trader_id=stage-a-benchmark] 🌑 dark regime at the ASIA read: 1/7 regime fields unavailable (vix_level) — plan still trustworthy
09-08 16:50:34 [INFO] trader/auto_trader.go:44 [trader_id=stage-a-benchmark] 🔬 detector recorded: 0 new episode(s) · pool 9 candidate(s) (8 seated, 1 cut) · k=3 Δ=1.84 band=±5.53 H=12 close · pre-formation bars skipped=41 · levels with no formation time=6
09-08 16:50:34 [INFO] trader/auto_trader.go:44 [trader_id=stage-a-benchmark] 📓 read facts: void=8 · floor=19.3 pts (1.5×ATR5m 12.89) · scope=1m×300 since=1788818400000 (cap 500)
09-08 16:50:34 [INFO] trader/auto_trader.go:44 [trader_id=stage-a-benchmark] 🗺️ G2 HTF detection @ASIA: 90 level(s) map[EQH·15m:1 EQH·1h:1 EQH·4h:1 EQL·15m:1 EQL·1h:1 EQL·4h:1 iFVG(bull)·15m:28 iFVG(bull)·1h:28 iFVG(bull)·4h:28]
09-08 16:50:34 [INFO] kernel/levels_score.go:575 🗺️ seated 9/22 in-band levels (proximity band ±38pt, 9 of them retained)
09-08 16:50:34 [WARN] trader/auto_trader.go:49 [trader_id=stage-a-benchmark] 🌑 dark regime at the ASIA read: 1/7 regime fields unavailable (vix_level) — plan still trustworthy
09-08 16:50:34 [INFO] trader/auto_trader.go:44 [trader_id=stage-a-benchmark] 🔬 detector recorded: 0 new episode(s) · pool 9 candidate(s) (8 seated, 1 cut) · k=3 Δ=1.84 band=±5.53 H=12 close · pre-formation bars skipped=41 · levels with no formation time=6
09-08 16:50:34 [INFO] trader/auto_trader.go:44 [trader_id=stage-a-benchmark] 📓 read facts: void=8 · floor=19.3 pts (1.5×ATR5m 12.89) · scope=1m×300 since=1788818400000 (cap 500)
09-08 16:50:34 [INFO] trader/auto_trader.go:44 [trader_id=stage-a-benchmark] 🗺️ G2 HTF detection @ASIA: 90 level(s) map[EQH·15m:1 EQH·1h:1 EQH·4h:1 EQL·15m:1 EQL·1h:1 EQL·4h:1 iFVG(bull)·15m:28 iFVG(bull)·1h:28 iFVG(bull)·4h:28]
09-08 16:50:34 [INFO] kernel/levels_score.go:575 🗺️ seated 9/22 in-band levels (proximity band ±38pt, 9 of them retained)
09-08 16:50:34 [WARN] trader/auto_trader.go:49 [trader_id=stage-a-benchmark] 🌑 dark regime at the ASIA read: 1/7 regime fields unavailable (vix_level) — plan still trustworthy
09-08 16:50:34 [INFO] trader/auto_trader.go:44 [trader_id=stage-a-benchmark] 🔬 detector recorded: 0 new episode(s) · pool 9 candidate(s) (8 seated, 1 cut) · k=3 Δ=1.84 band=±5.53 H=12 close · pre-formation bars skipped=41 · levels with no formation time=6
09-08 16:50:34 [INFO] trader/auto_trader.go:44 [trader_id=stage-a-benchmark] 📓 read facts: void=8 · floor=19.3 pts (1.5×ATR5m 12.89) · scope=1m×300 since=1788818400000 (cap 500)
09-08 16:50:34 [INFO] trader/auto_trader.go:44 [trader_id=stage-a-benchmark] 🗺️ G2 HTF detection @ASIA: 90 level(s) map[EQH·15m:1 EQH·1h:1 EQH·4h:1 EQL·15m:1 EQL·1h:1 EQL·4h:1 iFVG(bull)·15m:28 iFVG(bull)·1h:28 iFVG(bull)·4h:28]
09-08 16:50:34 [INFO] kernel/levels_score.go:575 🗺️ seated 9/22 in-band levels (proximity band ±38pt, 9 of them retained)
09-08 16:50:34 [WARN] trader/auto_trader.go:49 [trader_id=stage-a-benchmark] 🌑 dark regime at the ASIA read: 1/7 regime fields unavailable (vix_level) — plan still trustworthy
09-08 16:50:34 [INFO] trader/auto_trader.go:44 [trader_id=stage-a-benchmark] 🔬 detector recorded: 0 new episode(s) · pool 9 candidate(s) (8 seated, 1 cut) · k=3 Δ=1.84 band=±5.53 H=12 close · pre-formation bars skipped=41 · levels with no formation time=6
09-08 16:50:34 [INFO] trader/auto_trader.go:44 [trader_id=stage-a-benchmark] 📓 read facts: void=8 · floor=19.3 pts (1.5×ATR5m 12.89) · scope=1m×300 since=1788818400000 (cap 500)
09-08 16:50:34 [INFO] trader/auto_trader.go:44 [trader_id=stage-a-benchmark] 🗺️ G2 HTF detection @ASIA: 90 level(s) map[EQH·15m:1 EQH·1h:1 EQH·4h:1 EQL·15m:1 EQL·1h:1 EQL·4h:1 iFVG(bull)·15m:28 iFVG(bull)·1h:28 iFVG(bull)·4h:28]
09-08 16:50:34 [INFO] kernel/levels_score.go:575 🗺️ seated 9/22 in-band levels (proximity band ±38pt, 9 of them retained)
09-08 16:50:34 [WARN] trader/auto_trader.go:49 [trader_id=stage-a-benchmark] 🌑 dark regime at the ASIA read: 1/7 regime fields unavailable (vix_level) — plan still trustworthy
09-08 16:50:34 [INFO] trader/auto_trader.go:44 [trader_id=stage-a-benchmark] 🔬 detector recorded: 0 new episode(s) · pool 9 candidate(s) (8 seated, 1 cut) · k=3 Δ=1.84 band=±5.53 H=12 close · pre-formation bars skipped=41 · levels with no formation time=6
09-08 16:50:34 [INFO] trader/auto_trader.go:44 [trader_id=stage-a-benchmark] 📓 read facts: void=8 · floor=19.3 pts (1.5×ATR5m 12.89) · scope=1m×300 since=1788818400000 (cap 500)
09-08 16:50:34 [INFO] trader/auto_trader.go:44 [trader_id=stage-a-benchmark] 🗺️ G2 HTF detection @ASIA: 90 level(s) map[EQH·15m:1 EQH·1h:1 EQH·4h:1 EQL·15m:1 EQL·1h:1 EQL·4h:1 iFVG(bull)·15m:28 iFVG(bull)·1h:28 iFVG(bull)·4h:28]
09-08 16:50:34 [INFO] kernel/levels_score.go:575 🗺️ seated 9/22 in-band levels (proximity band ±38pt, 9 of them retained)
09-08 16:50:34 [WARN] trader/auto_trader.go:49 [trader_id=stage-a-benchmark] 🌑 dark regime at the ASIA read: 1/7 regime fields unavailable (vix_level) — plan still trustworthy
09-08 16:50:34 [INFO] trader/auto_trader.go:44 [trader_id=stage-a-benchmark] 🔬 detector recorded: 0 new episode(s) · pool 9 candidate(s) (8 seated, 1 cut) · k=3 Δ=1.84 band=±5.53 H=12 close · pre-formation bars skipped=41 · levels with no formation time=6
09-08 16:50:34 [INFO] trader/auto_trader.go:44 [trader_id=stage-a-benchmark] 📓 read facts: void=8 · floor=19.3 pts (1.5×ATR5m 12.89) · scope=1m×300 since=1788818400000 (cap 500)
09-08 16:50:34 [INFO] trader/auto_trader.go:44 [trader_id=stage-a-benchmark] 🗺️ G2 HTF detection @ASIA: 90 level(s) map[EQH·15m:1 EQH·1h:1 EQH·4h:1 EQL·15m:1 EQL·1h:1 EQL·4h:1 iFVG(bull)·15m:28 iFVG(bull)·1h:28 iFVG(bull)·4h:28]
09-08 16:50:34 [INFO] kernel/levels_score.go:575 🗺️ seated 9/22 in-band levels (proximity band ±38pt, 9 of them retained)
09-08 16:50:34 [WARN] trader/auto_trader.go:49 [trader_id=stage-a-benchmark] 🌑 dark regime at the ASIA read: 1/7 regime fields unavailable (vix_level) — plan still trustworthy
09-08 16:50:34 [INFO] trader/auto_trader.go:44 [trader_id=stage-a-benchmark] 🔬 detector recorded: 0 new episode(s) · pool 9 candidate(s) (8 seated, 1 cut) · k=3 Δ=1.84 band=±5.53 H=12 close · pre-formation bars skipped=41 · levels with no formation time=6
09-08 16:50:34 [INFO] trader/auto_trader.go:44 [trader_id=stage-a-benchmark] 📓 read facts: void=8 · floor=19.3 pts (1.5×ATR5m 12.89) · scope=1m×300 since=1788818400000 (cap 500)
09-08 16:50:34 [INFO] trader/auto_trader.go:44 [trader_id=stage-a-benchmark] 🗺️ G2 HTF detection @ASIA: 90 level(s) map[EQH·15m:1 EQH·1h:1 EQH·4h:1 EQL·15m:1 EQL·1h:1 EQL·4h:1 iFVG(bull)·15m:28 iFVG(bull)·1h:28 iFVG(bull)·4h:28]
09-08 16:50:34 [INFO] kernel/levels_score.go:575 🗺️ seated 9/22 in-band levels (proximity band ±38pt, 9 of them retained)
09-08 16:50:34 [WARN] trader/auto_trader.go:49 [trader_id=stage-a-benchmark] 🌑 dark regime at the ASIA read: 1/7 regime fields unavailable (vix_level) — plan still trustworthy
09-08 16:50:34 [INFO] trader/auto_trader.go:44 [trader_id=stage-a-benchmark] 🔬 detector recorded: 0 new episode(s) · pool 9 candidate(s) (8 seated, 1 cut) · k=3 Δ=1.84 band=±5.53 H=12 close · pre-formation bars skipped=41 · levels with no formation time=6
09-08 16:50:34 [INFO] trader/auto_trader.go:44 [trader_id=stage-a-benchmark] 📓 read facts: void=8 · floor=19.3 pts (1.5×ATR5m 12.89) · scope=1m×300 since=1788818400000 (cap 500)
09-08 16:50:34 [INFO] trader/auto_trader.go:44 [trader_id=stage-a-benchmark] 🗺️ G2 HTF detection @ASIA: 90 level(s) map[EQH·15m:1 EQH·1h:1 EQH·4h:1 EQL·15m:1 EQL·1h:1 EQL·4h:1 iFVG(bull)·15m:28 iFVG(bull)·1h:28 iFVG(bull)·4h:28]
09-08 16:50:34 [INFO] kernel/levels_score.go:575 🗺️ seated 9/22 in-band levels (proximity band ±38pt, 9 of them retained)
09-08 16:50:34 [WARN] trader/auto_trader.go:49 [trader_id=stage-a-benchmark] 🌑 dark regime at the ASIA read: 1/7 regime fields unavailable (vix_level) — plan still trustworthy
09-08 16:50:34 [INFO] trader/auto_trader.go:44 [trader_id=stage-a-benchmark] 🔬 detector recorded: 0 new episode(s) · pool 9 candidate(s) (8 seated, 1 cut) · k=3 Δ=1.84 band=±5.53 H=12 close · pre-formation bars skipped=41 · levels with no formation time=6
09-08 16:50:34 [INFO] trader/auto_trader.go:44 [trader_id=stage-a-benchmark] 📓 read facts: void=8 · floor=19.3 pts (1.5×ATR5m 12.89) · scope=1m×300 since=1788818400000 (cap 500)
09-08 16:50:34 [INFO] trader/auto_trader.go:44 [trader_id=stage-a-benchmark] 🗺️ G2 HTF detection @ASIA: 90 level(s) map[EQH·15m:1 EQH·1h:1 EQH·4h:1 EQL·15m:1 EQL·1h:1 EQL·4h:1 iFVG(bull)·15m:28 iFVG(bull)·1h:28 iFVG(bull)·4h:28]
09-08 16:50:34 [INFO] kernel/levels_score.go:575 🗺️ seated 9/22 in-band levels (proximity band ±38pt, 9 of them retained)
09-08 16:50:34 [WARN] trader/auto_trader.go:49 [trader_id=stage-a-benchmark] 🌑 dark regime at the ASIA read: 1/7 regime fields unavailable (vix_level) — plan still trustworthy
09-08 16:50:34 [INFO] trader/auto_trader.go:44 [trader_id=stage-a-benchmark] 🔬 detector recorded: 0 new episode(s) · pool 9 candidate(s) (8 seated, 1 cut) · k=3 Δ=1.84 band=±5.53 H=12 close · pre-formation bars skipped=41 · levels with no formation time=6
09-08 16:50:34 [INFO] trader/auto_trader.go:44 [trader_id=stage-a-benchmark] 📓 read facts: void=8 · floor=19.3 pts (1.5×ATR5m 12.89) · scope=1m×300 since=1788818400000 (cap 500)
09-08 16:50:34 [INFO] trader/auto_trader.go:44 [trader_id=stage-a-benchmark] 🗺️ G2 HTF detection @ASIA: 90 level(s) map[EQH·15m:1 EQH·1h:1 EQH·4h:1 EQL·15m:1 EQL·1h:1 EQL·4h:1 iFVG(bull)·15m:28 iFVG(bull)·1h:28 iFVG(bull)·4h:28]
09-08 16:50:34 [INFO] kernel/levels_score.go:575 🗺️ seated 9/22 in-band levels (proximity band ±38pt, 9 of them retained)
09-08 16:50:34 [WARN] trader/auto_trader.go:49 [trader_id=stage-a-benchmark] 🌑 dark regime at the ASIA read: 1/7 regime fields unavailable (vix_level) — plan still trustworthy
09-08 16:50:34 [INFO] trader/auto_trader.go:44 [trader_id=stage-a-benchmark] 🔬 detector recorded: 0 new episode(s) · pool 9 candidate(s) (8 seated, 1 cut) · k=3 Δ=1.84 band=±5.53 H=12 close · pre-formation bars skipped=41 · levels with no formation time=6
09-08 16:50:34 [INFO] trader/auto_trader.go:44 [trader_id=stage-a-benchmark] 📓 read facts: void=8 · floor=19.3 pts (1.5×ATR5m 12.89) · scope=1m×300 since=1788818400000 (cap 500)
09-08 16:50:34 [INFO] trader/auto_trader.go:44 [trader_id=stage-a-benchmark] 🗺️ G2 HTF detection @ASIA: 90 level(s) map[EQH·15m:1 EQH·1h:1 EQH·4h:1 EQL·15m:1 EQL·1h:1 EQL·4h:1 iFVG(bull)·15m:28 iFVG(bull)·1h:28 iFVG(bull)·4h:28]
09-08 16:50:34 [INFO] kernel/levels_score.go:575 🗺️ seated 9/22 in-band levels (proximity band ±38pt, 9 of them retained)
09-08 16:50:34 [WARN] trader/auto_trader.go:49 [trader_id=stage-a-benchmark] 🌑 dark regime at the ASIA read: 1/7 regime fields unavailable (vix_level) — plan still trustworthy
09-08 16:50:34 [INFO] trader/auto_trader.go:44 [trader_id=stage-a-benchmark] 🔬 detector recorded: 0 new episode(s) · pool 9 candidate(s) (8 seated, 1 cut) · k=3 Δ=1.84 band=±5.53 H=12 close · pre-formation bars skipped=41 · levels with no formation time=6
09-08 16:50:34 [INFO] trader/auto_trader.go:44 [trader_id=stage-a-benchmark] 📓 read facts: void=8 · floor=19.3 pts (1.5×ATR5m 12.89) · scope=1m×300 since=1788818400000 (cap 500)
09-08 16:50:34 [INFO] trader/auto_trader.go:44 [trader_id=stage-a-benchmark] 🗺️ G2 HTF detection @ASIA: 90 level(s) map[EQH·15m:1 EQH·1h:1 EQH·4h:1 EQL·15m:1 EQL·1h:1 EQL·4h:1 iFVG(bull)·15m:28 iFVG(bull)·1h:28 iFVG(bull)·4h:28]
09-08 16:50:34 [INFO] kernel/levels_score.go:575 🗺️ seated 9/22 in-band levels (proximity band ±38pt, 9 of them retained)
09-08 16:50:34 [WARN] trader/auto_trader.go:49 [trader_id=stage-a-benchmark] 🌑 dark regime at the ASIA read: 1/7 regime fields unavailable (vix_level) — plan still trustworthy
09-08 16:50:34 [INFO] trader/auto_trader.go:44 [trader_id=stage-a-benchmark] 🔬 detector recorded: 0 new episode(s) · pool 9 candidate(s) (8 seated, 1 cut) · k=3 Δ=1.84 band=±5.53 H=12 close · pre-formation bars skipped=41 · levels with no formation time=6
09-08 16:50:34 [INFO] trader/auto_trader.go:44 [trader_id=stage-a-benchmark] 📓 read facts: void=8 · floor=19.3 pts (1.5×ATR5m 12.89) · scope=1m×300 since=1788818400000 (cap 500)
09-08 16:50:34 [INFO] trader/auto_trader.go:44 [trader_id=stage-a-benchmark] 🗺️ G2 HTF detection @ASIA: 90 level(s) map[EQH·15m:1 EQH·1h:1 EQH·4h:1 EQL·15m:1 EQL·1h:1 EQL·4h:1 iFVG(bull)·15m:28 iFVG(bull)·1h:28 iFVG(bull)·4h:28]
09-08 16:50:34 [INFO] kernel/levels_score.go:575 🗺️ seated 9/22 in-band levels (proximity band ±38pt, 9 of them retained)
09-08 16:50:34 [WARN] trader/auto_trader.go:49 [trader_id=stage-a-benchmark] 🌑 dark regime at the ASIA read: 1/7 regime fields unavailable (vix_level) — plan still trustworthy
09-08 16:50:34 [INFO] trader/auto_trader.go:44 [trader_id=stage-a-benchmark] 🔬 detector recorded: 0 new episode(s) · pool 9 candidate(s) (8 seated, 1 cut) · k=3 Δ=1.84 band=±5.53 H=12 close · pre-formation bars skipped=41 · levels with no formation time=6
09-08 16:50:34 [INFO] trader/auto_trader.go:44 [trader_id=stage-a-benchmark] 📓 read facts: void=8 · floor=19.3 pts (1.5×ATR5m 12.89) · scope=1m×300 since=1788818400000 (cap 500)
09-08 16:50:34 [INFO] trader/auto_trader.go:44 [trader_id=stage-a-benchmark] 🗺️ G2 HTF detection @ASIA: 90 level(s) map[EQH·15m:1 EQH·1h:1 EQH·4h:1 EQL·15m:1 EQL·1h:1 EQL·4h:1 iFVG(bull)·15m:28 iFVG(bull)·1h:28 iFVG(bull)·4h:28]
09-08 16:50:34 [INFO] kernel/levels_score.go:575 🗺️ seated 9/22 in-band levels (proximity band ±38pt, 9 of them retained)
09-08 16:50:34 [WARN] trader/auto_trader.go:49 [trader_id=stage-a-benchmark] 🌑 dark regime at the ASIA read: 1/7 regime fields unavailable (vix_level) — plan still trustworthy
09-08 16:50:34 [INFO] trader/auto_trader.go:44 [trader_id=stage-a-benchmark] 🔬 detector recorded: 0 new episode(s) · pool 9 candidate(s) (8 seated, 1 cut) · k=3 Δ=1.84 band=±5.53 H=12 close · pre-formation bars skipped=41 · levels with no formation time=6
09-08 16:50:34 [INFO] trader/auto_trader.go:44 [trader_id=stage-a-benchmark] 📓 read facts: void=8 · floor=19.3 pts (1.5×ATR5m 12.89) · scope=1m×300 since=1788818400000 (cap 500)
09-08 16:50:34 [INFO] trader/auto_trader.go:44 [trader_id=stage-a-benchmark] 🗺️ G2 HTF detection @ASIA: 90 level(s) map[EQH·15m:1 EQH·1h:1 EQH·4h:1 EQL·15m:1 EQL·1h:1 EQL·4h:1 iFVG(bull)·15m:28 iFVG(bull)·1h:28 iFVG(bull)·4h:28]
09-08 16:50:34 [INFO] kernel/levels_score.go:575 🗺️ seated 9/22 in-band levels (proximity band ±38pt, 9 of them retained)
09-08 16:50:34 [WARN] trader/auto_trader.go:49 [trader_id=stage-a-benchmark] 🌑 dark regime at the ASIA read: 1/7 regime fields unavailable (vix_level) — plan still trustworthy
09-08 16:50:34 [INFO] trader/auto_trader.go:44 [trader_id=stage-a-benchmark] 🔬 detector recorded: 0 new episode(s) · pool 9 candidate(s) (8 seated, 1 cut) · k=3 Δ=1.84 band=±5.53 H=12 close · pre-formation bars skipped=41 · levels with no formation time=6
09-08 16:50:34 [INFO] trader/auto_trader.go:44 [trader_id=stage-a-benchmark] 📓 read facts: void=8 · floor=19.3 pts (1.5×ATR5m 12.89) · scope=1m×300 since=1788818400000 (cap 500)
09-08 16:50:34 [INFO] trader/auto_trader.go:44 [trader_id=stage-a-benchmark] 🗺️ G2 HTF detection @ASIA: 90 level(s) map[EQH·15m:1 EQH·1h:1 EQH·4h:1 EQL·15m:1 EQL·1h:1 EQL·4h:1 iFVG(bull)·15m:28 iFVG(bull)·1h:28 iFVG(bull)·4h:28]
09-08 16:50:34 [INFO] kernel/levels_score.go:575 🗺️ seated 9/22 in-band levels (proximity band ±38pt, 9 of them retained)
09-08 16:50:34 [WARN] trader/auto_trader.go:49 [trader_id=stage-a-benchmark] 🌑 dark regime at the ASIA read: 1/7 regime fields unavailable (vix_level) — plan still trustworthy
09-08 16:50:34 [INFO] trader/auto_trader.go:44 [trader_id=stage-a-benchmark] 🔬 detector recorded: 0 new episode(s) · pool 9 candidate(s) (8 seated, 1 cut) · k=3 Δ=1.84 band=±5.53 H=12 close · pre-formation bars skipped=41 · levels with no formation time=6
09-08 16:50:34 [INFO] trader/auto_trader.go:44 [trader_id=stage-a-benchmark] 📓 read facts: void=8 · floor=19.3 pts (1.5×ATR5m 12.89) · scope=1m×300 since=1788818400000 (cap 500)
09-08 16:50:34 [INFO] trader/auto_trader.go:44 [trader_id=stage-a-benchmark] 🗺️ G2 HTF detection @ASIA: 90 level(s) map[EQH·15m:1 EQH·1h:1 EQH·4h:1 EQL·15m:1 EQL·1h:1 EQL·4h:1 iFVG(bull)·15m:28 iFVG(bull)·1h:28 iFVG(bull)·4h:28]
09-08 16:50:34 [INFO] kernel/levels_score.go:575 🗺️ seated 9/22 in-band levels (proximity band ±38pt, 9 of them retained)
09-08 16:50:34 [WARN] trader/auto_trader.go:49 [trader_id=stage-a-benchmark] 🌑 dark regime at the ASIA read: 1/7 regime fields unavailable (vix_level) — plan still trustworthy
09-08 16:50:34 [INFO] trader/auto_trader.go:44 [trader_id=stage-a-benchmark] 🔬 detector recorded: 0 new episode(s) · pool 9 candidate(s) (8 seated, 1 cut) · k=3 Δ=1.84 band=±5.53 H=12 close · pre-formation bars skipped=41 · levels with no formation time=6
09-08 16:50:34 [INFO] trader/auto_trader.go:44 [trader_id=stage-a-benchmark] 📓 read facts: void=8 · floor=19.3 pts (1.5×ATR5m 12.89) · scope=1m×300 since=1788818400000 (cap 500)
09-08 16:50:34 [INFO] trader/auto_trader.go:44 [trader_id=stage-a-benchmark] 🗺️ G2 HTF detection @ASIA: 90 level(s) map[EQH·15m:1 EQH·1h:1 EQH·4h:1 EQL·15m:1 EQL·1h:1 EQL·4h:1 iFVG(bull)·15m:28 iFVG(bull)·1h:28 iFVG(bull)·4h:28]
09-08 16:50:34 [INFO] kernel/levels_score.go:575 🗺️ seated 9/22 in-band levels (proximity band ±38pt, 9 of them retained)
09-08 16:50:34 [WARN] trader/auto_trader.go:49 [trader_id=stage-a-benchmark] 🌑 dark regime at the ASIA read: 1/7 regime fields unavailable (vix_level) — plan still trustworthy
09-08 16:50:34 [INFO] trader/auto_trader.go:44 [trader_id=stage-a-benchmark] 🔬 detector recorded: 0 new episode(s) · pool 9 candidate(s) (8 seated, 1 cut) · k=3 Δ=1.84 band=±5.53 H=12 close · pre-formation bars skipped=41 · levels with no formation time=6
09-08 16:50:34 [INFO] trader/auto_trader.go:44 [trader_id=stage-a-benchmark] 📓 read facts: void=8 · floor=19.3 pts (1.5×ATR5m 12.89) · scope=1m×300 since=1788818400000 (cap 500)
09-08 16:50:34 [INFO] trader/auto_trader.go:44 [trader_id=stage-a-benchmark] 🗺️ G2 HTF detection @ASIA: 90 level(s) map[EQH·15m:1 EQH·1h:1 EQH·4h:1 EQL·15m:1 EQL·1h:1 EQL·4h:1 iFVG(bull)·15m:28 iFVG(bull)·1h:28 iFVG(bull)·4h:28]
09-08 16:50:34 [INFO] kernel/levels_score.go:575 🗺️ seated 9/22 in-band levels (proximity band ±38pt, 9 of them retained)
09-08 16:50:34 [WARN] trader/auto_trader.go:49 [trader_id=stage-a-benchmark] 🌑 dark regime at the ASIA read: 1/7 regime fields unavailable (vix_level) — plan still trustworthy
09-08 16:50:34 [INFO] trader/auto_trader.go:44 [trader_id=stage-a-benchmark] 🔬 detector recorded: 0 new episode(s) · pool 9 candidate(s) (8 seated, 1 cut) · k=3 Δ=1.84 band=±5.53 H=12 close · pre-formation bars skipped=41 · levels with no formation time=6
09-08 16:50:34 [INFO] trader/auto_trader.go:44 [trader_id=stage-a-benchmark] 📓 read facts: void=8 · floor=19.3 pts (1.5×ATR5m 12.89) · scope=1m×300 since=1788818400000 (cap 500)
09-08 16:50:34 [INFO] trader/auto_trader.go:44 [trader_id=stage-a-benchmark] 🗺️ G2 HTF detection @ASIA: 90 level(s) map[EQH·15m:1 EQH·1h:1 EQH·4h:1 EQL·15m:1 EQL·1h:1 EQL·4h:1 iFVG(bull)·15m:28 iFVG(bull)·1h:28 iFVG(bull)·4h:28]
09-08 16:50:34 [INFO] kernel/levels_score.go:575 🗺️ seated 9/22 in-band levels (proximity band ±38pt, 9 of them retained)
09-08 16:50:34 [WARN] trader/auto_trader.go:49 [trader_id=stage-a-benchmark] 🌑 dark regime at the ASIA read: 1/7 regime fields unavailable (vix_level) — plan still trustworthy
09-08 16:50:34 [INFO] trader/auto_trader.go:44 [trader_id=stage-a-benchmark] 🔬 detector recorded: 0 new episode(s) · pool 9 candidate(s) (8 seated, 1 cut) · k=3 Δ=1.84 band=±5.53 H=12 close · pre-formation bars skipped=41 · levels with no formation time=6
09-08 16:50:34 [INFO] trader/auto_trader.go:44 [trader_id=stage-a-benchmark] 📓 read facts: void=8 · floor=19.3 pts (1.5×ATR5m 12.89) · scope=1m×300 since=1788818400000 (cap 500)
09-08 16:50:34 [INFO] trader/auto_trader.go:44 [trader_id=stage-a-benchmark] 🗺️ G2 HTF detection @ASIA: 90 level(s) map[EQH·15m:1 EQH·1h:1 EQH·4h:1 EQL·15m:1 EQL·1h:1 EQL·4h:1 iFVG(bull)·15m:28 iFVG(bull)·1h:28 iFVG(bull)·4h:28]
09-08 16:50:34 [INFO] kernel/levels_score.go:575 🗺️ seated 9/22 in-band levels (proximity band ±38pt, 9 of them retained)
09-08 16:50:34 [WARN] trader/auto_trader.go:49 [trader_id=stage-a-benchmark] 🌑 dark regime at the ASIA read: 1/7 regime fields unavailable (vix_level) — plan still trustworthy
09-08 16:50:34 [INFO] trader/auto_trader.go:44 [trader_id=stage-a-benchmark] 🔬 detector recorded: 0 new episode(s) · pool 9 candidate(s) (8 seated, 1 cut) · k=3 Δ=1.84 band=±5.53 H=12 close · pre-formation bars skipped=41 · levels with no formation time=6
09-08 16:50:34 [INFO] trader/auto_trader.go:44 [trader_id=stage-a-benchmark] 📓 read facts: void=8 · floor=19.3 pts (1.5×ATR5m 12.89) · scope=1m×300 since=1788818400000 (cap 500)
09-08 16:50:34 [INFO] trader/auto_trader.go:44 [trader_id=stage-a-benchmark] 🗺️ G2 HTF detection @ASIA: 90 level(s) map[EQH·15m:1 EQH·1h:1 EQH·4h:1 EQL·15m:1 EQL·1h:1 EQL·4h:1 iFVG(bull)·15m:28 iFVG(bull)·1h:28 iFVG(bull)·4h:28]
09-08 16:50:34 [INFO] kernel/levels_score.go:575 🗺️ seated 9/22 in-band levels (proximity band ±38pt, 9 of them retained)
09-08 16:50:34 [WARN] trader/auto_trader.go:49 [trader_id=stage-a-benchmark] 🌑 dark regime at the ASIA read: 1/7 regime fields unavailable (vix_level) — plan still trustworthy
09-08 16:50:34 [INFO] trader/auto_trader.go:44 [trader_id=stage-a-benchmark] 🔬 detector recorded: 0 new episode(s) · pool 9 candidate(s) (8 seated, 1 cut) · k=3 Δ=1.84 band=±5.53 H=12 close · pre-formation bars skipped=41 · levels with no formation time=6
09-08 16:50:34 [INFO] trader/auto_trader.go:44 [trader_id=stage-a-benchmark] 📓 read facts: void=8 · floor=19.3 pts (1.5×ATR5m 12.89) · scope=1m×300 since=1788818400000 (cap 500)
09-08 16:50:34 [INFO] trader/auto_trader.go:44 [trader_id=stage-a-benchmark] 🗺️ G2 HTF detection @ASIA: 90 level(s) map[EQH·15m:1 EQH·1h:1 EQH·4h:1 EQL·15m:1 EQL·1h:1 EQL·4h:1 iFVG(bull)·15m:28 iFVG(bull)·1h:28 iFVG(bull)·4h:28]
09-08 16:50:34 [INFO] kernel/levels_score.go:575 🗺️ seated 9/22 in-band levels (proximity band ±38pt, 9 of them retained)
09-08 16:50:34 [WARN] trader/auto_trader.go:49 [trader_id=stage-a-benchmark] 🌑 dark regime at the ASIA read: 1/7 regime fields unavailable (vix_level) — plan still trustworthy
09-08 16:50:34 [INFO] trader/auto_trader.go:44 [trader_id=stage-a-benchmark] 🔬 detector recorded: 0 new episode(s) · pool 9 candidate(s) (8 seated, 1 cut) · k=3 Δ=1.84 band=±5.53 H=12 close · pre-formation bars skipped=41 · levels with no formation time=6
09-08 16:50:34 [INFO] trader/auto_trader.go:44 [trader_id=stage-a-benchmark] 📓 read facts: void=8 · floor=19.3 pts (1.5×ATR5m 12.89) · scope=1m×300 since=1788818400000 (cap 500)
09-08 16:50:34 [INFO] trader/auto_trader.go:44 [trader_id=stage-a-benchmark] 🗺️ G2 HTF detection @ASIA: 90 level(s) map[EQH·15m:1 EQH·1h:1 EQH·4h:1 EQL·15m:1 EQL·1h:1 EQL·4h:1 iFVG(bull)·15m:28 iFVG(bull)·1h:28 iFVG(bull)·4h:28]
09-08 16:50:34 [INFO] kernel/levels_score.go:575 🗺️ seated 9/22 in-band levels (proximity band ±38pt, 9 of them retained)
09-08 16:50:34 [WARN] trader/auto_trader.go:49 [trader_id=stage-a-benchmark] 🌑 dark regime at the ASIA read: 1/7 regime fields unavailable (vix_level) — plan still trustworthy
09-08 16:50:34 [INFO] trader/auto_trader.go:44 [trader_id=stage-a-benchmark] 🔬 detector recorded: 0 new episode(s) · pool 9 candidate(s) (8 seated, 1 cut) · k=3 Δ=1.84 band=±5.53 H=12 close · pre-formation bars skipped=41 · levels with no formation time=6
09-08 16:50:34 [INFO] trader/auto_trader.go:44 [trader_id=stage-a-benchmark] 📓 read facts: void=8 · floor=19.3 pts (1.5×ATR5m 12.89) · scope=1m×300 since=1788818400000 (cap 500)
09-08 16:50:34 [INFO] trader/auto_trader.go:44 [trader_id=stage-a-benchmark] 🗺️ G2 HTF detection @ASIA: 90 level(s) map[EQH·15m:1 EQH·1h:1 EQH·4h:1 EQL·15m:1 EQL·1h:1 EQL·4h:1 iFVG(bull)·15m:28 iFVG(bull)·1h:28 iFVG(bull)·4h:28]
09-08 16:50:34 [INFO] kernel/levels_score.go:575 🗺️ seated 9/22 in-band levels (proximity band ±38pt, 9 of them retained)
09-08 16:50:34 [WARN] trader/auto_trader.go:49 [trader_id=stage-a-benchmark] 🌑 dark regime at the ASIA read: 1/7 regime fields unavailable (vix_level) — plan still trustworthy
09-08 16:50:34 [INFO] trader/auto_trader.go:44 [trader_id=stage-a-benchmark] 🔬 detector recorded: 0 new episode(s) · pool 9 candidate(s) (8 seated, 1 cut) · k=3 Δ=1.84 band=±5.53 H=12 close · pre-formation bars skipped=41 · levels with no formation time=6
09-08 16:50:34 [INFO] trader/auto_trader.go:44 [trader_id=stage-a-benchmark] 📓 read facts: void=8 · floor=19.3 pts (1.5×ATR5m 12.89) · scope=1m×300 since=1788818400000 (cap 500)
09-08 16:50:34 [INFO] trader/auto_trader.go:44 [trader_id=stage-a-benchmark] 🗺️ G2 HTF detection @ASIA: 90 level(s) map[EQH·15m:1 EQH·1h:1 EQH·4h:1 EQL·15m:1 EQL·1h:1 EQL·4h:1 iFVG(bull)·15m:28 iFVG(bull)·1h:28 iFVG(bull)·4h:28]
09-08 16:50:34 [INFO] kernel/levels_score.go:575 🗺️ seated 9/22 in-band levels (proximity band ±38pt, 9 of them retained)
09-08 16:50:34 [WARN] trader/auto_trader.go:49 [trader_id=stage-a-benchmark] 🌑 dark regime at the ASIA read: 1/7 regime fields unavailable (vix_level) — plan still trustworthy
09-08 16:50:34 [INFO] trader/auto_trader.go:44 [trader_id=stage-a-benchmark] 🔬 detector recorded: 0 new episode(s) · pool 9 candidate(s) (8 seated, 1 cut) · k=3 Δ=1.84 band=±5.53 H=12 close · pre-formation bars skipped=41 · levels with no formation time=6
09-08 16:50:34 [INFO] trader/auto_trader.go:44 [trader_id=stage-a-benchmark] 📓 read facts: void=8 · floor=19.3 pts (1.5×ATR5m 12.89) · scope=1m×300 since=1788818400000 (cap 500)
09-08 16:50:34 [INFO] trader/auto_trader.go:44 [trader_id=stage-a-benchmark] 🗺️ G2 HTF detection @ASIA: 90 level(s) map[EQH·15m:1 EQH·1h:1 EQH·4h:1 EQL·15m:1 EQL·1h:1 EQL·4h:1 iFVG(bull)·15m:28 iFVG(bull)·1h:28 iFVG(bull)·4h:28]
09-08 16:50:34 [INFO] kernel/levels_score.go:575 🗺️ seated 9/22 in-band levels (proximity band ±38pt, 9 of them retained)
09-08 16:50:34 [WARN] trader/auto_trader.go:49 [trader_id=stage-a-benchmark] 🌑 dark regime at the ASIA read: 1/7 regime fields unavailable (vix_level) — plan still trustworthy
09-08 16:50:34 [INFO] trader/auto_trader.go:44 [trader_id=stage-a-benchmark] 🔬 detector recorded: 0 new episode(s) · pool 9 candidate(s) (8 seated, 1 cut) · k=3 Δ=1.84 band=±5.53 H=12 close · pre-formation bars skipped=41 · levels with no formation time=6
09-08 16:50:35 [INFO] trader/auto_trader.go:44 [trader_id=stage-a-benchmark] 📓 read facts: void=8 · floor=19.3 pts (1.5×ATR5m 12.89) · scope=1m×300 since=1788818400000 (cap 500)
09-08 16:50:35 [INFO] trader/auto_trader.go:44 [trader_id=stage-a-benchmark] 🗺️ G2 HTF detection @ASIA: 90 level(s) map[EQH·15m:1 EQH·1h:1 EQH·4h:1 EQL·15m:1 EQL·1h:1 EQL·4h:1 iFVG(bull)·15m:28 iFVG(bull)·1h:28 iFVG(bull)·4h:28]
09-08 16:50:35 [INFO] kernel/levels_score.go:575 🗺️ seated 9/22 in-band levels (proximity band ±38pt, 9 of them retained)
09-08 16:50:35 [WARN] trader/auto_trader.go:49 [trader_id=stage-a-benchmark] 🌑 dark regime at the ASIA read: 1/7 regime fields unavailable (vix_level) — plan still trustworthy
09-08 16:50:35 [INFO] trader/auto_trader.go:44 [trader_id=stage-a-benchmark] 🔬 detector recorded: 0 new episode(s) · pool 9 candidate(s) (8 seated, 1 cut) · k=3 Δ=1.84 band=±5.53 H=12 close · pre-formation bars skipped=41 · levels with no formation time=6
09-08 16:50:35 [INFO] trader/auto_trader.go:44 [trader_id=stage-a-benchmark] 📓 read facts: void=8 · floor=19.3 pts (1.5×ATR5m 12.89) · scope=1m×300 since=1788818400000 (cap 500)
09-08 16:50:35 [INFO] trader/auto_trader.go:44 [trader_id=stage-a-benchmark] 🗺️ G2 HTF detection @ASIA: 90 level(s) map[EQH·15m:1 EQH·1h:1 EQH·4h:1 EQL·15m:1 EQL·1h:1 EQL·4h:1 iFVG(bull)·15m:28 iFVG(bull)·1h:28 iFVG(bull)·4h:28]
09-08 16:50:35 [INFO] kernel/levels_score.go:575 🗺️ seated 9/22 in-band levels (proximity band ±38pt, 9 of them retained)
09-08 16:50:35 [WARN] trader/auto_trader.go:49 [trader_id=stage-a-benchmark] 🌑 dark regime at the ASIA read: 1/7 regime fields unavailable (vix_level) — plan still trustworthy
09-08 16:50:35 [INFO] trader/auto_trader.go:44 [trader_id=stage-a-benchmark] 🔬 detector recorded: 0 new episode(s) · pool 9 candidate(s) (8 seated, 1 cut) · k=3 Δ=1.84 band=±5.53 H=12 close · pre-formation bars skipped=41 · levels with no formation time=6
09-08 16:50:35 [INFO] trader/auto_trader.go:44 [trader_id=stage-a-benchmark] 📓 read facts: void=8 · floor=19.3 pts (1.5×ATR5m 12.89) · scope=1m×300 since=1788818400000 (cap 500)
09-08 16:50:35 [INFO] trader/auto_trader.go:44 [trader_id=stage-a-benchmark] 🗺️ G2 HTF detection @ASIA: 90 level(s) map[EQH·15m:1 EQH·1h:1 EQH·4h:1 EQL·15m:1 EQL·1h:1 EQL·4h:1 iFVG(bull)·15m:28 iFVG(bull)·1h:28 iFVG(bull)·4h:28]
09-08 16:50:35 [INFO] kernel/levels_score.go:575 🗺️ seated 9/22 in-band levels (proximity band ±38pt, 9 of them retained)
09-08 16:50:35 [WARN] trader/auto_trader.go:49 [trader_id=stage-a-benchmark] 🌑 dark regime at the ASIA read: 1/7 regime fields unavailable (vix_level) — plan still trustworthy
09-08 16:50:35 [INFO] trader/auto_trader.go:44 [trader_id=stage-a-benchmark] 🔬 detector recorded: 0 new episode(s) · pool 9 candidate(s) (8 seated, 1 cut) · k=3 Δ=1.84 band=±5.53 H=12 close · pre-formation bars skipped=41 · levels with no formation time=6
09-08 16:50:35 [INFO] trader/auto_trader.go:44 [trader_id=stage-a-benchmark] 📓 read facts: void=8 · floor=19.3 pts (1.5×ATR5m 12.89) · scope=1m×300 since=1788818400000 (cap 500)
09-08 16:50:35 [INFO] trader/auto_trader.go:44 [trader_id=stage-a-benchmark] 🗺️ G2 HTF detection @ASIA: 90 level(s) map[EQH·15m:1 EQH·1h:1 EQH·4h:1 EQL·15m:1 EQL·1h:1 EQL·4h:1 iFVG(bull)·15m:28 iFVG(bull)·1h:28 iFVG(bull)·4h:28]
09-08 16:50:35 [INFO] kernel/levels_score.go:575 🗺️ seated 9/22 in-band levels (proximity band ±38pt, 9 of them retained)
09-08 16:50:35 [WARN] trader/auto_trader.go:49 [trader_id=stage-a-benchmark] 🌑 dark regime at the ASIA read: 1/7 regime fields unavailable (vix_level) — plan still trustworthy
09-08 16:50:35 [INFO] trader/auto_trader.go:44 [trader_id=stage-a-benchmark] 🔬 detector recorded: 0 new episode(s) · pool 9 candidate(s) (8 seated, 1 cut) · k=3 Δ=1.84 band=±5.53 H=12 close · pre-formation bars skipped=41 · levels with no formation time=6
09-08 16:50:35 [INFO] trader/auto_trader.go:44 [trader_id=stage-a-benchmark] 📓 read facts: void=8 · floor=19.3 pts (1.5×ATR5m 12.89) · scope=1m×300 since=1788818400000 (cap 500)
09-08 16:50:35 [INFO] trader/auto_trader.go:44 [trader_id=stage-a-benchmark] 🗺️ G2 HTF detection @ASIA: 90 level(s) map[EQH·15m:1 EQH·1h:1 EQH·4h:1 EQL·15m:1 EQL·1h:1 EQL·4h:1 iFVG(bull)·15m:28 iFVG(bull)·1h:28 iFVG(bull)·4h:28]
09-08 16:50:35 [INFO] kernel/levels_score.go:575 🗺️ seated 9/22 in-band levels (proximity band ±38pt, 9 of them retained)
09-08 16:50:35 [WARN] trader/auto_trader.go:49 [trader_id=stage-a-benchmark] 🌑 dark regime at the ASIA read: 1/7 regime fields unavailable (vix_level) — plan still trustworthy
09-08 16:50:35 [INFO] trader/auto_trader.go:44 [trader_id=stage-a-benchmark] 🔬 detector recorded: 0 new episode(s) · pool 9 candidate(s) (8 seated, 1 cut) · k=3 Δ=1.84 band=±5.53 H=12 close · pre-formation bars skipped=41 · levels with no formation time=6
09-08 16:50:35 [INFO] trader/auto_trader.go:44 [trader_id=stage-a-benchmark] 📓 read facts: void=8 · floor=19.3 pts (1.5×ATR5m 12.89) · scope=1m×300 since=1788818400000 (cap 500)
09-08 16:50:35 [INFO] trader/auto_trader.go:44 [trader_id=stage-a-benchmark] 🗺️ G2 HTF detection @ASIA: 90 level(s) map[EQH·15m:1 EQH·1h:1 EQH·4h:1 EQL·15m:1 EQL·1h:1 EQL·4h:1 iFVG(bull)·15m:28 iFVG(bull)·1h:28 iFVG(bull)·4h:28]
09-08 16:50:35 [INFO] kernel/levels_score.go:575 🗺️ seated 9/22 in-band levels (proximity band ±38pt, 9 of them retained)
09-08 16:50:35 [WARN] trader/auto_trader.go:49 [trader_id=stage-a-benchmark] 🌑 dark regime at the ASIA read: 1/7 regime fields unavailable (vix_level) — plan still trustworthy
09-08 16:50:35 [INFO] trader/auto_trader.go:44 [trader_id=stage-a-benchmark] 🔬 detector recorded: 0 new episode(s) · pool 9 candidate(s) (8 seated, 1 cut) · k=3 Δ=1.84 band=±5.53 H=12 close · pre-formation bars skipped=41 · levels with no formation time=6
09-08 16:50:35 [INFO] trader/auto_trader.go:44 [trader_id=stage-a-benchmark] 📓 read facts: void=8 · floor=19.3 pts (1.5×ATR5m 12.89) · scope=1m×300 since=1788818400000 (cap 500)
09-08 16:50:35 [INFO] trader/auto_trader.go:44 [trader_id=stage-a-benchmark] 🗺️ G2 HTF detection @ASIA: 90 level(s) map[EQH·15m:1 EQH·1h:1 EQH·4h:1 EQL·15m:1 EQL·1h:1 EQL·4h:1 iFVG(bull)·15m:28 iFVG(bull)·1h:28 iFVG(bull)·4h:28]
09-08 16:50:35 [INFO] kernel/levels_score.go:575 🗺️ seated 9/22 in-band levels (proximity band ±38pt, 9 of them retained)
09-08 16:50:35 [WARN] trader/auto_trader.go:49 [trader_id=stage-a-benchmark] 🌑 dark regime at the ASIA read: 1/7 regime fields unavailable (vix_level) — plan still trustworthy
09-08 16:50:35 [INFO] trader/auto_trader.go:44 [trader_id=stage-a-benchmark] 🔬 detector recorded: 0 new episode(s) · pool 9 candidate(s) (8 seated, 1 cut) · k=3 Δ=1.84 band=±5.53 H=12 close · pre-formation bars skipped=41 · levels with no formation time=6
09-08 16:50:35 [INFO] trader/auto_trader.go:44 [trader_id=stage-a-benchmark] 📓 read facts: void=8 · floor=19.3 pts (1.5×ATR5m 12.89) · scope=1m×300 since=1788818400000 (cap 500)
09-08 16:50:35 [INFO] trader/auto_trader.go:44 [trader_id=stage-a-benchmark] 🗺️ G2 HTF detection @ASIA: 90 level(s) map[EQH·15m:1 EQH·1h:1 EQH·4h:1 EQL·15m:1 EQL·1h:1 EQL·4h:1 iFVG(bull)·15m:28 iFVG(bull)·1h:28 iFVG(bull)·4h:28]
09-08 16:50:35 [INFO] kernel/levels_score.go:575 🗺️ seated 9/22 in-band levels (proximity band ±38pt, 9 of them retained)
09-08 16:50:35 [WARN] trader/auto_trader.go:49 [trader_id=stage-a-benchmark] 🌑 dark regime at the ASIA read: 1/7 regime fields unavailable (vix_level) — plan still trustworthy
09-08 16:50:35 [INFO] trader/auto_trader.go:44 [trader_id=stage-a-benchmark] 🔬 detector recorded: 0 new episode(s) · pool 9 candidate(s) (8 seated, 1 cut) · k=3 Δ=1.84 band=±5.53 H=12 close · pre-formation bars skipped=41 · levels with no formation time=6
09-08 16:50:35 [INFO] trader/auto_trader.go:44 [trader_id=stage-a-benchmark] 📓 read facts: void=8 · floor=19.3 pts (1.5×ATR5m 12.89) · scope=1m×300 since=1788818400000 (cap 500)
09-08 16:50:35 [INFO] trader/auto_trader.go:44 [trader_id=stage-a-benchmark] 🗺️ G2 HTF detection @ASIA: 90 level(s) map[EQH·15m:1 EQH·1h:1 EQH·4h:1 EQL·15m:1 EQL·1h:1 EQL·4h:1 iFVG(bull)·15m:28 iFVG(bull)·1h:28 iFVG(bull)·4h:28]
09-08 16:50:35 [INFO] kernel/levels_score.go:575 🗺️ seated 9/22 in-band levels (proximity band ±38pt, 9 of them retained)
09-08 16:50:35 [WARN] trader/auto_trader.go:49 [trader_id=stage-a-benchmark] 🌑 dark regime at the ASIA read: 1/7 regime fields unavailable (vix_level) — plan still trustworthy
09-08 16:50:35 [INFO] trader/auto_trader.go:44 [trader_id=stage-a-benchmark] 🔬 detector recorded: 0 new episode(s) · pool 9 candidate(s) (8 seated, 1 cut) · k=3 Δ=1.84 band=±5.53 H=12 close · pre-formation bars skipped=41 · levels with no formation time=6
09-08 16:50:35 [INFO] trader/auto_trader.go:44 [trader_id=stage-a-benchmark] 📓 read facts: void=8 · floor=19.3 pts (1.5×ATR5m 12.89) · scope=1m×300 since=1788818400000 (cap 500)
09-08 16:50:35 [INFO] trader/auto_trader.go:44 [trader_id=stage-a-benchmark] 🗺️ G2 HTF detection @ASIA: 90 level(s) map[EQH·15m:1 EQH·1h:1 EQH·4h:1 EQL·15m:1 EQL·1h:1 EQL·4h:1 iFVG(bull)·15m:28 iFVG(bull)·1h:28 iFVG(bull)·4h:28]
09-08 16:50:35 [INFO] kernel/levels_score.go:575 🗺️ seated 9/22 in-band levels (proximity band ±38pt, 9 of them retained)
09-08 16:50:35 [WARN] trader/auto_trader.go:49 [trader_id=stage-a-benchmark] 🌑 dark regime at the ASIA read: 1/7 regime fields unavailable (vix_level) — plan still trustworthy
09-08 16:50:35 [INFO] trader/auto_trader.go:44 [trader_id=stage-a-benchmark] 🔬 detector recorded: 0 new episode(s) · pool 9 candidate(s) (8 seated, 1 cut) · k=3 Δ=1.84 band=±5.53 H=12 close · pre-formation bars skipped=41 · levels with no formation time=6
09-08 16:50:35 [INFO] trader/auto_trader.go:44 [trader_id=stage-a-benchmark] 📓 read facts: void=8 · floor=19.3 pts (1.5×ATR5m 12.89) · scope=1m×300 since=1788818400000 (cap 500)
09-08 16:50:35 [INFO] trader/auto_trader.go:44 [trader_id=stage-a-benchmark] 🗺️ G2 HTF detection @ASIA: 90 level(s) map[EQH·15m:1 EQH·1h:1 EQH·4h:1 EQL·15m:1 EQL·1h:1 EQL·4h:1 iFVG(bull)·15m:28 iFVG(bull)·1h:28 iFVG(bull)·4h:28]
09-08 16:50:35 [INFO] kernel/levels_score.go:575 🗺️ seated 9/22 in-band levels (proximity band ±38pt, 9 of them retained)
09-08 16:50:35 [WARN] trader/auto_trader.go:49 [trader_id=stage-a-benchmark] 🌑 dark regime at the ASIA read: 1/7 regime fields unavailable (vix_level) — plan still trustworthy
09-08 16:50:35 [INFO] trader/auto_trader.go:44 [trader_id=stage-a-benchmark] 🔬 detector recorded: 0 new episode(s) · pool 9 candidate(s) (8 seated, 1 cut) · k=3 Δ=1.84 band=±5.53 H=12 close · pre-formation bars skipped=41 · levels with no formation time=6
09-08 16:50:35 [INFO] trader/auto_trader.go:44 [trader_id=stage-a-benchmark] 📓 read facts: void=8 · floor=19.3 pts (1.5×ATR5m 12.89) · scope=1m×300 since=1788818400000 (cap 500)
09-08 16:50:35 [INFO] trader/auto_trader.go:44 [trader_id=stage-a-benchmark] 🗺️ G2 HTF detection @ASIA: 90 level(s) map[EQH·15m:1 EQH·1h:1 EQH·4h:1 EQL·15m:1 EQL·1h:1 EQL·4h:1 iFVG(bull)·15m:28 iFVG(bull)·1h:28 iFVG(bull)·4h:28]
09-08 16:50:35 [INFO] kernel/levels_score.go:575 🗺️ seated 9/22 in-band levels (proximity band ±38pt, 9 of them retained)
09-08 16:50:35 [WARN] trader/auto_trader.go:49 [trader_id=stage-a-benchmark] 🌑 dark regime at the ASIA read: 1/7 regime fields unavailable (vix_level) — plan still trustworthy
09-08 16:50:35 [INFO] trader/auto_trader.go:44 [trader_id=stage-a-benchmark] 🔬 detector recorded: 0 new episode(s) · pool 9 candidate(s) (8 seated, 1 cut) · k=3 Δ=1.84 band=±5.53 H=12 close · pre-formation bars skipped=41 · levels with no formation time=6
09-08 16:50:35 [INFO] trader/auto_trader.go:44 [trader_id=stage-a-benchmark] 📓 read facts: void=8 · floor=19.3 pts (1.5×ATR5m 12.89) · scope=1m×300 since=1788818400000 (cap 500)
09-08 16:50:35 [INFO] trader/auto_trader.go:44 [trader_id=stage-a-benchmark] 🗺️ G2 HTF detection @ASIA: 90 level(s) map[EQH·15m:1 EQH·1h:1 EQH·4h:1 EQL·15m:1 EQL·1h:1 EQL·4h:1 iFVG(bull)·15m:28 iFVG(bull)·1h:28 iFVG(bull)·4h:28]
09-08 16:50:35 [INFO] kernel/levels_score.go:575 🗺️ seated 9/22 in-band levels (proximity band ±38pt, 9 of them retained)
09-08 16:50:35 [WARN] trader/auto_trader.go:49 [trader_id=stage-a-benchmark] 🌑 dark regime at the ASIA read: 1/7 regime fields unavailable (vix_level) — plan still trustworthy
09-08 16:50:35 [INFO] trader/auto_trader.go:44 [trader_id=stage-a-benchmark] 🔬 detector recorded: 0 new episode(s) · pool 9 candidate(s) (8 seated, 1 cut) · k=3 Δ=1.84 band=±5.53 H=12 close · pre-formation bars skipped=41 · levels with no formation time=6
09-08 16:50:35 [INFO] trader/auto_trader.go:44 [trader_id=stage-a-benchmark] 📓 read facts: void=8 · floor=19.3 pts (1.5×ATR5m 12.89) · scope=1m×300 since=1788818400000 (cap 500)
09-08 16:50:35 [INFO] trader/auto_trader.go:44 [trader_id=stage-a-benchmark] 🗺️ G2 HTF detection @ASIA: 90 level(s) map[EQH·15m:1 EQH·1h:1 EQH·4h:1 EQL·15m:1 EQL·1h:1 EQL·4h:1 iFVG(bull)·15m:28 iFVG(bull)·1h:28 iFVG(bull)·4h:28]
09-08 16:50:35 [INFO] kernel/levels_score.go:575 🗺️ seated 9/22 in-band levels (proximity band ±38pt, 9 of them retained)
09-08 16:50:35 [WARN] trader/auto_trader.go:49 [trader_id=stage-a-benchmark] 🌑 dark regime at the ASIA read: 1/7 regime fields unavailable (vix_level) — plan still trustworthy
09-08 16:50:35 [INFO] trader/auto_trader.go:44 [trader_id=stage-a-benchmark] 🔬 detector recorded: 0 new episode(s) · pool 9 candidate(s) (8 seated, 1 cut) · k=3 Δ=1.84 band=±5.53 H=12 close · pre-formation bars skipped=41 · levels with no formation time=6
09-08 16:50:35 [INFO] trader/auto_trader.go:44 [trader_id=stage-a-benchmark] 📓 read facts: void=8 · floor=19.3 pts (1.5×ATR5m 12.89) · scope=1m×300 since=1788818400000 (cap 500)
09-08 16:50:35 [INFO] trader/auto_trader.go:44 [trader_id=stage-a-benchmark] 🗺️ G2 HTF detection @ASIA: 90 level(s) map[EQH·15m:1 EQH·1h:1 EQH·4h:1 EQL·15m:1 EQL·1h:1 EQL·4h:1 iFVG(bull)·15m:28 iFVG(bull)·1h:28 iFVG(bull)·4h:28]
09-08 16:50:35 [INFO] kernel/levels_score.go:575 🗺️ seated 9/22 in-band levels (proximity band ±38pt, 9 of them retained)
09-08 16:50:35 [WARN] trader/auto_trader.go:49 [trader_id=stage-a-benchmark] 🌑 dark regime at the ASIA read: 1/7 regime fields unavailable (vix_level) — plan still trustworthy
09-08 16:50:35 [INFO] trader/auto_trader.go:44 [trader_id=stage-a-benchmark] 🔬 detector recorded: 0 new episode(s) · pool 9 candidate(s) (8 seated, 1 cut) · k=3 Δ=1.84 band=±5.53 H=12 close · pre-formation bars skipped=41 · levels with no formation time=6
09-08 16:50:35 [INFO] trader/auto_trader.go:44 [trader_id=stage-a-benchmark] 📓 read facts: void=8 · floor=19.3 pts (1.5×ATR5m 12.89) · scope=1m×300 since=1788818400000 (cap 500)
09-08 16:50:35 [INFO] trader/auto_trader.go:44 [trader_id=stage-a-benchmark] 🗺️ G2 HTF detection @ASIA: 90 level(s) map[EQH·15m:1 EQH·1h:1 EQH·4h:1 EQL·15m:1 EQL·1h:1 EQL·4h:1 iFVG(bull)·15m:28 iFVG(bull)·1h:28 iFVG(bull)·4h:28]
09-08 16:50:35 [INFO] kernel/levels_score.go:575 🗺️ seated 9/22 in-band levels (proximity band ±38pt, 9 of them retained)
09-08 16:50:35 [WARN] trader/auto_trader.go:49 [trader_id=stage-a-benchmark] 🌑 dark regime at the ASIA read: 1/7 regime fields unavailable (vix_level) — plan still trustworthy
09-08 16:50:35 [INFO] trader/auto_trader.go:44 [trader_id=stage-a-benchmark] 🔬 detector recorded: 0 new episode(s) · pool 9 candidate(s) (8 seated, 1 cut) · k=3 Δ=1.84 band=±5.53 H=12 close · pre-formation bars skipped=41 · levels with no formation time=6
09-08 16:50:35 [INFO] trader/auto_trader.go:44 [trader_id=stage-a-benchmark] 📓 read facts: void=8 · floor=19.3 pts (1.5×ATR5m 12.89) · scope=1m×300 since=1788818400000 (cap 500)
09-08 16:50:35 [INFO] trader/auto_trader.go:44 [trader_id=stage-a-benchmark] 🗺️ G2 HTF detection @ASIA: 90 level(s) map[EQH·15m:1 EQH·1h:1 EQH·4h:1 EQL·15m:1 EQL·1h:1 EQL·4h:1 iFVG(bull)·15m:28 iFVG(bull)·1h:28 iFVG(bull)·4h:28]
09-08 16:50:35 [INFO] kernel/levels_score.go:575 🗺️ seated 9/22 in-band levels (proximity band ±38pt, 9 of them retained)
09-08 16:50:35 [WARN] trader/auto_trader.go:49 [trader_id=stage-a-benchmark] 🌑 dark regime at the ASIA read: 1/7 regime fields unavailable (vix_level) — plan still trustworthy
09-08 16:50:35 [INFO] trader/auto_trader.go:44 [trader_id=stage-a-benchmark] 🔬 detector recorded: 0 new episode(s) · pool 9 candidate(s) (8 seated, 1 cut) · k=3 Δ=1.84 band=±5.53 H=12 close · pre-formation bars skipped=41 · levels with no formation time=6
09-08 16:50:35 [INFO] trader/auto_trader.go:44 [trader_id=stage-a-benchmark] 📓 read facts: void=8 · floor=19.3 pts (1.5×ATR5m 12.89) · scope=1m×300 since=1788818400000 (cap 500)
09-08 16:50:35 [INFO] trader/auto_trader.go:44 [trader_id=stage-a-benchmark] 🗺️ G2 HTF detection @ASIA: 90 level(s) map[EQH·15m:1 EQH·1h:1 EQH·4h:1 EQL·15m:1 EQL·1h:1 EQL·4h:1 iFVG(bull)·15m:28 iFVG(bull)·1h:28 iFVG(bull)·4h:28]
09-08 16:50:35 [INFO] kernel/levels_score.go:575 🗺️ seated 9/22 in-band levels (proximity band ±38pt, 9 of them retained)
09-08 16:50:35 [WARN] trader/auto_trader.go:49 [trader_id=stage-a-benchmark] 🌑 dark regime at the ASIA read: 1/7 regime fields unavailable (vix_level) — plan still trustworthy
09-08 16:50:35 [INFO] trader/auto_trader.go:44 [trader_id=stage-a-benchmark] 🔬 detector recorded: 0 new episode(s) · pool 9 candidate(s) (8 seated, 1 cut) · k=3 Δ=1.84 band=±5.53 H=12 close · pre-formation bars skipped=41 · levels with no formation time=6
09-08 16:50:35 [INFO] trader/auto_trader.go:44 [trader_id=stage-a-benchmark] 📓 read facts: void=8 · floor=19.3 pts (1.5×ATR5m 12.89) · scope=1m×300 since=1788818400000 (cap 500)
09-08 16:50:35 [INFO] trader/auto_trader.go:44 [trader_id=stage-a-benchmark] 🗺️ G2 HTF detection @ASIA: 90 level(s) map[EQH·15m:1 EQH·1h:1 EQH·4h:1 EQL·15m:1 EQL·1h:1 EQL·4h:1 iFVG(bull)·15m:28 iFVG(bull)·1h:28 iFVG(bull)·4h:28]
09-08 16:50:35 [INFO] kernel/levels_score.go:575 🗺️ seated 9/22 in-band levels (proximity band ±38pt, 9 of them retained)
09-08 16:50:35 [WARN] trader/auto_trader.go:49 [trader_id=stage-a-benchmark] 🌑 dark regime at the ASIA read: 1/7 regime fields unavailable (vix_level) — plan still trustworthy
09-08 16:50:35 [INFO] trader/auto_trader.go:44 [trader_id=stage-a-benchmark] 🔬 detector recorded: 0 new episode(s) · pool 9 candidate(s) (8 seated, 1 cut) · k=3 Δ=1.84 band=±5.53 H=12 close · pre-formation bars skipped=41 · levels with no formation time=6
09-08 16:50:35 [INFO] trader/auto_trader.go:44 [trader_id=stage-a-benchmark] 📓 read facts: void=8 · floor=19.3 pts (1.5×ATR5m 12.89) · scope=1m×300 since=1788818400000 (cap 500)
09-08 16:50:35 [INFO] trader/auto_trader.go:44 [trader_id=stage-a-benchmark] 🗺️ G2 HTF detection @ASIA: 90 level(s) map[EQH·15m:1 EQH·1h:1 EQH·4h:1 EQL·15m:1 EQL·1h:1 EQL·4h:1 iFVG(bull)·15m:28 iFVG(bull)·1h:28 iFVG(bull)·4h:28]
09-08 16:50:35 [INFO] kernel/levels_score.go:575 🗺️ seated 9/22 in-band levels (proximity band ±38pt, 9 of them retained)
09-08 16:50:35 [WARN] trader/auto_trader.go:49 [trader_id=stage-a-benchmark] 🌑 dark regime at the ASIA read: 1/7 regime fields unavailable (vix_level) — plan still trustworthy
09-08 16:50:35 [INFO] trader/auto_trader.go:44 [trader_id=stage-a-benchmark] 🔬 detector recorded: 0 new episode(s) · pool 9 candidate(s) (8 seated, 1 cut) · k=3 Δ=1.84 band=±5.53 H=12 close · pre-formation bars skipped=41 · levels with no formation time=6
09-08 16:50:35 [INFO] trader/auto_trader.go:44 [trader_id=stage-a-benchmark] 📓 read facts: void=8 · floor=19.3 pts (1.5×ATR5m 12.89) · scope=1m×300 since=1788818400000 (cap 500)
09-08 16:50:35 [INFO] trader/auto_trader.go:44 [trader_id=stage-a-benchmark] 🗺️ G2 HTF detection @ASIA: 90 level(s) map[EQH·15m:1 EQH·1h:1 EQH·4h:1 EQL·15m:1 EQL·1h:1 EQL·4h:1 iFVG(bull)·15m:28 iFVG(bull)·1h:28 iFVG(bull)·4h:28]
09-08 16:50:35 [INFO] kernel/levels_score.go:575 🗺️ seated 9/22 in-band levels (proximity band ±38pt, 9 of them retained)
09-08 16:50:35 [WARN] trader/auto_trader.go:49 [trader_id=stage-a-benchmark] 🌑 dark regime at the ASIA read: 1/7 regime fields unavailable (vix_level) — plan still trustworthy
09-08 16:50:35 [INFO] trader/auto_trader.go:44 [trader_id=stage-a-benchmark] 🔬 detector recorded: 0 new episode(s) · pool 9 candidate(s) (8 seated, 1 cut) · k=3 Δ=1.84 band=±5.53 H=12 close · pre-formation bars skipped=41 · levels with no formation time=6
09-08 16:50:35 [INFO] trader/auto_trader.go:44 [trader_id=stage-a-benchmark] 📓 read facts: void=8 · floor=19.3 pts (1.5×ATR5m 12.89) · scope=1m×300 since=1788818400000 (cap 500)
09-08 16:50:35 [INFO] trader/auto_trader.go:44 [trader_id=stage-a-benchmark] 🗺️ G2 HTF detection @ASIA: 90 level(s) map[EQH·15m:1 EQH·1h:1 EQH·4h:1 EQL·15m:1 EQL·1h:1 EQL·4h:1 iFVG(bull)·15m:28 iFVG(bull)·1h:28 iFVG(bull)·4h:28]
09-08 16:50:35 [INFO] kernel/levels_score.go:575 🗺️ seated 9/22 in-band levels (proximity band ±38pt, 9 of them retained)
09-08 16:50:35 [WARN] trader/auto_trader.go:49 [trader_id=stage-a-benchmark] 🌑 dark regime at the ASIA read: 1/7 regime fields unavailable (vix_level) — plan still trustworthy
09-08 16:50:35 [INFO] trader/auto_trader.go:44 [trader_id=stage-a-benchmark] 🔬 detector recorded: 0 new episode(s) · pool 9 candidate(s) (8 seated, 1 cut) · k=3 Δ=1.84 band=±5.53 H=12 close · pre-formation bars skipped=41 · levels with no formation time=6
09-08 16:50:35 [INFO] trader/auto_trader.go:44 [trader_id=stage-a-benchmark] 📓 read facts: void=8 · floor=19.3 pts (1.5×ATR5m 12.89) · scope=1m×300 since=1788818400000 (cap 500)
09-08 16:50:35 [INFO] trader/auto_trader.go:44 [trader_id=stage-a-benchmark] 🗺️ G2 HTF detection @ASIA: 90 level(s) map[EQH·15m:1 EQH·1h:1 EQH·4h:1 EQL·15m:1 EQL·1h:1 EQL·4h:1 iFVG(bull)·15m:28 iFVG(bull)·1h:28 iFVG(bull)·4h:28]
09-08 16:50:35 [INFO] kernel/levels_score.go:575 🗺️ seated 9/22 in-band levels (proximity band ±38pt, 9 of them retained)
09-08 16:50:35 [WARN] trader/auto_trader.go:49 [trader_id=stage-a-benchmark] 🌑 dark regime at the ASIA read: 1/7 regime fields unavailable (vix_level) — plan still trustworthy
09-08 16:50:35 [INFO] trader/auto_trader.go:44 [trader_id=stage-a-benchmark] 🔬 detector recorded: 0 new episode(s) · pool 9 candidate(s) (8 seated, 1 cut) · k=3 Δ=1.84 band=±5.53 H=12 close · pre-formation bars skipped=41 · levels with no formation time=6
09-08 16:50:35 [INFO] trader/auto_trader.go:44 [trader_id=stage-a-benchmark] 📓 read facts: void=8 · floor=19.3 pts (1.5×ATR5m 12.89) · scope=1m×300 since=1788818400000 (cap 500)
09-08 16:50:35 [INFO] trader/auto_trader.go:44 [trader_id=stage-a-benchmark] 🗺️ G2 HTF detection @ASIA: 90 level(s) map[EQH·15m:1 EQH·1h:1 EQH·4h:1 EQL·15m:1 EQL·1h:1 EQL·4h:1 iFVG(bull)·15m:28 iFVG(bull)·1h:28 iFVG(bull)·4h:28]
09-08 16:50:35 [INFO] kernel/levels_score.go:575 🗺️ seated 9/22 in-band levels (proximity band ±38pt, 9 of them retained)
09-08 16:50:35 [WARN] trader/auto_trader.go:49 [trader_id=stage-a-benchmark] 🌑 dark regime at the ASIA read: 1/7 regime fields unavailable (vix_level) — plan still trustworthy
09-08 16:50:35 [INFO] trader/auto_trader.go:44 [trader_id=stage-a-benchmark] 🔬 detector recorded: 0 new episode(s) · pool 9 candidate(s) (8 seated, 1 cut) · k=3 Δ=1.84 band=±5.53 H=12 close · pre-formation bars skipped=41 · levels with no formation time=6
09-08 16:50:35 [INFO] trader/auto_trader.go:44 [trader_id=stage-a-benchmark] 📓 read facts: void=8 · floor=19.3 pts (1.5×ATR5m 12.89) · scope=1m×300 since=1788818400000 (cap 500)
09-08 16:50:35 [INFO] trader/auto_trader.go:44 [trader_id=stage-a-benchmark] 🗺️ G2 HTF detection @ASIA: 90 level(s) map[EQH·15m:1 EQH·1h:1 EQH·4h:1 EQL·15m:1 EQL·1h:1 EQL·4h:1 iFVG(bull)·15m:28 iFVG(bull)·1h:28 iFVG(bull)·4h:28]
09-08 16:50:35 [INFO] kernel/levels_score.go:575 🗺️ seated 9/22 in-band levels (proximity band ±38pt, 9 of them retained)
09-08 16:50:35 [WARN] trader/auto_trader.go:49 [trader_id=stage-a-benchmark] 🌑 dark regime at the ASIA read: 1/7 regime fields unavailable (vix_level) — plan still trustworthy
09-08 16:50:35 [INFO] trader/auto_trader.go:44 [trader_id=stage-a-benchmark] 🔬 detector recorded: 0 new episode(s) · pool 9 candidate(s) (8 seated, 1 cut) · k=3 Δ=1.84 band=±5.53 H=12 close · pre-formation bars skipped=41 · levels with no formation time=6
09-08 16:50:35 [INFO] trader/auto_trader.go:44 [trader_id=stage-a-benchmark] 📓 read facts: void=8 · floor=19.3 pts (1.5×ATR5m 12.89) · scope=1m×300 since=1788818400000 (cap 500)
09-08 16:50:35 [INFO] trader/auto_trader.go:44 [trader_id=stage-a-benchmark] 🗺️ G2 HTF detection @ASIA: 90 level(s) map[EQH·15m:1 EQH·1h:1 EQH·4h:1 EQL·15m:1 EQL·1h:1 EQL·4h:1 iFVG(bull)·15m:28 iFVG(bull)·1h:28 iFVG(bull)·4h:28]
09-08 16:50:35 [INFO] kernel/levels_score.go:575 🗺️ seated 9/22 in-band levels (proximity band ±38pt, 9 of them retained)
09-08 16:50:35 [WARN] trader/auto_trader.go:49 [trader_id=stage-a-benchmark] 🌑 dark regime at the ASIA read: 1/7 regime fields unavailable (vix_level) — plan still trustworthy
09-08 16:50:35 [INFO] trader/auto_trader.go:44 [trader_id=stage-a-benchmark] 🔬 detector recorded: 0 new episode(s) · pool 9 candidate(s) (8 seated, 1 cut) · k=3 Δ=1.84 band=±5.53 H=12 close · pre-formation bars skipped=41 · levels with no formation time=6
09-08 16:50:35 [INFO] trader/auto_trader.go:44 [trader_id=stage-a-benchmark] 📓 read facts: void=8 · floor=19.3 pts (1.5×ATR5m 12.89) · scope=1m×300 since=1788818400000 (cap 500)
09-08 16:50:35 [INFO] trader/auto_trader.go:44 [trader_id=stage-a-benchmark] 🗺️ G2 HTF detection @ASIA: 90 level(s) map[EQH·15m:1 EQH·1h:1 EQH·4h:1 EQL·15m:1 EQL·1h:1 EQL·4h:1 iFVG(bull)·15m:28 iFVG(bull)·1h:28 iFVG(bull)·4h:28]
09-08 16:50:35 [INFO] kernel/levels_score.go:575 🗺️ seated 9/22 in-band levels (proximity band ±38pt, 9 of them retained)
09-08 16:50:35 [WARN] trader/auto_trader.go:49 [trader_id=stage-a-benchmark] 🌑 dark regime at the ASIA read: 1/7 regime fields unavailable (vix_level) — plan still trustworthy
09-08 16:50:35 [INFO] trader/auto_trader.go:44 [trader_id=stage-a-benchmark] 🔬 detector recorded: 0 new episode(s) · pool 9 candidate(s) (8 seated, 1 cut) · k=3 Δ=1.84 band=±5.53 H=12 close · pre-formation bars skipped=41 · levels with no formation time=6
09-08 16:50:35 [INFO] trader/auto_trader.go:44 [trader_id=stage-a-benchmark] 📓 read facts: void=8 · floor=19.3 pts (1.5×ATR5m 12.89) · scope=1m×300 since=1788818400000 (cap 500)
09-08 16:50:35 [INFO] trader/auto_trader.go:44 [trader_id=stage-a-benchmark] 🗺️ G2 HTF detection @ASIA: 90 level(s) map[EQH·15m:1 EQH·1h:1 EQH·4h:1 EQL·15m:1 EQL·1h:1 EQL·4h:1 iFVG(bull)·15m:28 iFVG(bull)·1h:28 iFVG(bull)·4h:28]
09-08 16:50:35 [INFO] kernel/levels_score.go:575 🗺️ seated 9/22 in-band levels (proximity band ±38pt, 9 of them retained)
09-08 16:50:35 [WARN] trader/auto_trader.go:49 [trader_id=stage-a-benchmark] 🌑 dark regime at the ASIA read: 1/7 regime fields unavailable (vix_level) — plan still trustworthy
09-08 16:50:35 [INFO] trader/auto_trader.go:44 [trader_id=stage-a-benchmark] 🔬 detector recorded: 0 new episode(s) · pool 9 candidate(s) (8 seated, 1 cut) · k=3 Δ=1.84 band=±5.53 H=12 close · pre-formation bars skipped=41 · levels with no formation time=6
09-08 16:50:35 [INFO] trader/auto_trader.go:44 [trader_id=stage-a-benchmark] 📓 read facts: void=8 · floor=19.3 pts (1.5×ATR5m 12.89) · scope=1m×300 since=1788818400000 (cap 500)
09-08 16:50:35 [INFO] trader/auto_trader.go:44 [trader_id=stage-a-benchmark] 🗺️ G2 HTF detection @ASIA: 90 level(s) map[EQH·15m:1 EQH·1h:1 EQH·4h:1 EQL·15m:1 EQL·1h:1 EQL·4h:1 iFVG(bull)·15m:28 iFVG(bull)·1h:28 iFVG(bull)·4h:28]
09-08 16:50:35 [INFO] kernel/levels_score.go:575 🗺️ seated 9/22 in-band levels (proximity band ±38pt, 9 of them retained)
09-08 16:50:35 [WARN] trader/auto_trader.go:49 [trader_id=stage-a-benchmark] 🌑 dark regime at the ASIA read: 1/7 regime fields unavailable (vix_level) — plan still trustworthy
09-08 16:50:35 [INFO] trader/auto_trader.go:44 [trader_id=stage-a-benchmark] 🔬 detector recorded: 0 new episode(s) · pool 9 candidate(s) (8 seated, 1 cut) · k=3 Δ=1.84 band=±5.53 H=12 close · pre-formation bars skipped=41 · levels with no formation time=6
09-08 16:50:35 [INFO] trader/auto_trader.go:44 [trader_id=stage-a-benchmark] 📓 read facts: void=8 · floor=19.3 pts (1.5×ATR5m 12.89) · scope=1m×300 since=1788818400000 (cap 500)
09-08 16:50:35 [INFO] trader/auto_trader.go:44 [trader_id=stage-a-benchmark] 🗺️ G2 HTF detection @ASIA: 90 level(s) map[EQH·15m:1 EQH·1h:1 EQH·4h:1 EQL·15m:1 EQL·1h:1 EQL·4h:1 iFVG(bull)·15m:28 iFVG(bull)·1h:28 iFVG(bull)·4h:28]
09-08 16:50:35 [INFO] kernel/levels_score.go:575 🗺️ seated 9/22 in-band levels (proximity band ±38pt, 9 of them retained)
09-08 16:50:35 [WARN] trader/auto_trader.go:49 [trader_id=stage-a-benchmark] 🌑 dark regime at the ASIA read: 1/7 regime fields unavailable (vix_level) — plan still trustworthy
09-08 16:50:35 [INFO] trader/auto_trader.go:44 [trader_id=stage-a-benchmark] 🔬 detector recorded: 0 new episode(s) · pool 9 candidate(s) (8 seated, 1 cut) · k=3 Δ=1.84 band=±5.53 H=12 close · pre-formation bars skipped=41 · levels with no formation time=6
09-08 16:50:35 [INFO] trader/auto_trader.go:44 [trader_id=stage-a-benchmark] 📓 read facts: void=8 · floor=19.3 pts (1.5×ATR5m 12.89) · scope=1m×300 since=1788818400000 (cap 500)
09-08 16:50:35 [INFO] trader/auto_trader.go:44 [trader_id=stage-a-benchmark] 🗺️ G2 HTF detection @ASIA: 90 level(s) map[EQH·15m:1 EQH·1h:1 EQH·4h:1 EQL·15m:1 EQL·1h:1 EQL·4h:1 iFVG(bull)·15m:28 iFVG(bull)·1h:28 iFVG(bull)·4h:28]
09-08 16:50:35 [INFO] kernel/levels_score.go:575 🗺️ seated 9/22 in-band levels (proximity band ±38pt, 9 of them retained)
09-08 16:50:35 [WARN] trader/auto_trader.go:49 [trader_id=stage-a-benchmark] 🌑 dark regime at the ASIA read: 1/7 regime fields unavailable (vix_level) — plan still trustworthy
09-08 16:50:35 [INFO] trader/auto_trader.go:44 [trader_id=stage-a-benchmark] 🔬 detector recorded: 0 new episode(s) · pool 9 candidate(s) (8 seated, 1 cut) · k=3 Δ=1.84 band=±5.53 H=12 close · pre-formation bars skipped=41 · levels with no formation time=6
09-08 16:50:35 [INFO] trader/auto_trader.go:44 [trader_id=stage-a-benchmark] 📓 read facts: void=8 · floor=19.3 pts (1.5×ATR5m 12.89) · scope=1m×300 since=1788818400000 (cap 500)
09-08 16:50:35 [INFO] trader/auto_trader.go:44 [trader_id=stage-a-benchmark] 🗺️ G2 HTF detection @ASIA: 90 level(s) map[EQH·15m:1 EQH·1h:1 EQH·4h:1 EQL·15m:1 EQL·1h:1 EQL·4h:1 iFVG(bull)·15m:28 iFVG(bull)·1h:28 iFVG(bull)·4h:28]
09-08 16:50:35 [INFO] kernel/levels_score.go:575 🗺️ seated 9/22 in-band levels (proximity band ±38pt, 9 of them retained)
09-08 16:50:35 [WARN] trader/auto_trader.go:49 [trader_id=stage-a-benchmark] 🌑 dark regime at the ASIA read: 1/7 regime fields unavailable (vix_level) — plan still trustworthy
09-08 16:50:35 [INFO] trader/auto_trader.go:44 [trader_id=stage-a-benchmark] 🔬 detector recorded: 0 new episode(s) · pool 9 candidate(s) (8 seated, 1 cut) · k=3 Δ=1.84 band=±5.53 H=12 close · pre-formation bars skipped=41 · levels with no formation time=6
09-08 16:50:35 [INFO] trader/auto_trader.go:44 [trader_id=stage-a-benchmark] 📓 read facts: void=8 · floor=19.3 pts (1.5×ATR5m 12.89) · scope=1m×300 since=1788818400000 (cap 500)
09-08 16:50:35 [INFO] trader/auto_trader.go:44 [trader_id=stage-a-benchmark] 🗺️ G2 HTF detection @ASIA: 90 level(s) map[EQH·15m:1 EQH·1h:1 EQH·4h:1 EQL·15m:1 EQL·1h:1 EQL·4h:1 iFVG(bull)·15m:28 iFVG(bull)·1h:28 iFVG(bull)·4h:28]
09-08 16:50:35 [INFO] kernel/levels_score.go:575 🗺️ seated 9/22 in-band levels (proximity band ±38pt, 9 of them retained)
09-08 16:50:35 [WARN] trader/auto_trader.go:49 [trader_id=stage-a-benchmark] 🌑 dark regime at the ASIA read: 1/7 regime fields unavailable (vix_level) — plan still trustworthy
09-08 16:50:35 [INFO] trader/auto_trader.go:44 [trader_id=stage-a-benchmark] 🔬 detector recorded: 0 new episode(s) · pool 9 candidate(s) (8 seated, 1 cut) · k=3 Δ=1.84 band=±5.53 H=12 close · pre-formation bars skipped=41 · levels with no formation time=6
09-08 16:50:35 [INFO] trader/auto_trader.go:44 [trader_id=stage-a-benchmark] 📓 read facts: void=8 · floor=19.3 pts (1.5×ATR5m 12.89) · scope=1m×300 since=1788818400000 (cap 500)
09-08 16:50:35 [INFO] trader/auto_trader.go:44 [trader_id=stage-a-benchmark] 🗺️ G2 HTF detection @ASIA: 90 level(s) map[EQH·15m:1 EQH·1h:1 EQH·4h:1 EQL·15m:1 EQL·1h:1 EQL·4h:1 iFVG(bull)·15m:28 iFVG(bull)·1h:28 iFVG(bull)·4h:28]
09-08 16:50:35 [INFO] kernel/levels_score.go:575 🗺️ seated 9/22 in-band levels (proximity band ±38pt, 9 of them retained)
09-08 16:50:35 [WARN] trader/auto_trader.go:49 [trader_id=stage-a-benchmark] 🌑 dark regime at the ASIA read: 1/7 regime fields unavailable (vix_level) — plan still trustworthy
09-08 16:50:35 [INFO] trader/auto_trader.go:44 [trader_id=stage-a-benchmark] 🔬 detector recorded: 0 new episode(s) · pool 9 candidate(s) (8 seated, 1 cut) · k=3 Δ=1.84 band=±5.53 H=12 close · pre-formation bars skipped=41 · levels with no formation time=6
09-08 16:50:35 [INFO] trader/auto_trader.go:44 [trader_id=stage-a-benchmark] 📓 read facts: void=8 · floor=19.3 pts (1.5×ATR5m 12.89) · scope=1m×300 since=1788818400000 (cap 500)
09-08 16:50:35 [INFO] trader/auto_trader.go:44 [trader_id=stage-a-benchmark] 🗺️ G2 HTF detection @ASIA: 90 level(s) map[EQH·15m:1 EQH·1h:1 EQH·4h:1 EQL·15m:1 EQL·1h:1 EQL·4h:1 iFVG(bull)·15m:28 iFVG(bull)·1h:28 iFVG(bull)·4h:28]
09-08 16:50:35 [INFO] kernel/levels_score.go:575 🗺️ seated 9/22 in-band levels (proximity band ±38pt, 9 of them retained)
09-08 16:50:35 [WARN] trader/auto_trader.go:49 [trader_id=stage-a-benchmark] 🌑 dark regime at the ASIA read: 1/7 regime fields unavailable (vix_level) — plan still trustworthy
09-08 16:50:35 [INFO] trader/auto_trader.go:44 [trader_id=stage-a-benchmark] 🔬 detector recorded: 0 new episode(s) · pool 9 candidate(s) (8 seated, 1 cut) · k=3 Δ=1.84 band=±5.53 H=12 close · pre-formation bars skipped=41 · levels with no formation time=6
09-08 16:50:35 [INFO] trader/auto_trader.go:44 [trader_id=stage-a-benchmark] 📓 read facts: void=8 · floor=19.3 pts (1.5×ATR5m 12.89) · scope=1m×300 since=1788818400000 (cap 500)
09-08 16:50:35 [INFO] trader/auto_trader.go:44 [trader_id=stage-a-benchmark] 🗺️ G2 HTF detection @ASIA: 90 level(s) map[EQH·15m:1 EQH·1h:1 EQH·4h:1 EQL·15m:1 EQL·1h:1 EQL·4h:1 iFVG(bull)·15m:28 iFVG(bull)·1h:28 iFVG(bull)·4h:28]
09-08 16:50:35 [INFO] kernel/levels_score.go:575 🗺️ seated 9/22 in-band levels (proximity band ±38pt, 9 of them retained)
09-08 16:50:35 [WARN] trader/auto_trader.go:49 [trader_id=stage-a-benchmark] 🌑 dark regime at the ASIA read: 1/7 regime fields unavailable (vix_level) — plan still trustworthy
09-08 16:50:35 [INFO] trader/auto_trader.go:44 [trader_id=stage-a-benchmark] 🔬 detector recorded: 0 new episode(s) · pool 9 candidate(s) (8 seated, 1 cut) · k=3 Δ=1.84 band=±5.53 H=12 close · pre-formation bars skipped=41 · levels with no formation time=6
09-08 16:50:35 [INFO] trader/auto_trader.go:44 [trader_id=stage-a-benchmark] 📓 read facts: void=8 · floor=19.3 pts (1.5×ATR5m 12.89) · scope=1m×300 since=1788818400000 (cap 500)
09-08 16:50:35 [INFO] trader/auto_trader.go:44 [trader_id=stage-a-benchmark] 🗺️ G2 HTF detection @ASIA: 90 level(s) map[EQH·15m:1 EQH·1h:1 EQH·4h:1 EQL·15m:1 EQL·1h:1 EQL·4h:1 iFVG(bull)·15m:28 iFVG(bull)·1h:28 iFVG(bull)·4h:28]
09-08 16:50:35 [INFO] kernel/levels_score.go:575 🗺️ seated 9/22 in-band levels (proximity band ±38pt, 9 of them retained)
09-08 16:50:35 [WARN] trader/auto_trader.go:49 [trader_id=stage-a-benchmark] 🌑 dark regime at the ASIA read: 1/7 regime fields unavailable (vix_level) — plan still trustworthy
09-08 16:50:35 [INFO] trader/auto_trader.go:44 [trader_id=stage-a-benchmark] 🔬 detector recorded: 0 new episode(s) · pool 9 candidate(s) (8 seated, 1 cut) · k=3 Δ=1.84 band=±5.53 H=12 close · pre-formation bars skipped=41 · levels with no formation time=6
09-08 16:50:35 [INFO] trader/auto_trader.go:44 [trader_id=stage-a-benchmark] 📓 read facts: void=8 · floor=19.3 pts (1.5×ATR5m 12.89) · scope=1m×300 since=1788818400000 (cap 500)
09-08 16:50:35 [INFO] trader/auto_trader.go:44 [trader_id=stage-a-benchmark] 🗺️ G2 HTF detection @ASIA: 90 level(s) map[EQH·15m:1 EQH·1h:1 EQH·4h:1 EQL·15m:1 EQL·1h:1 EQL·4h:1 iFVG(bull)·15m:28 iFVG(bull)·1h:28 iFVG(bull)·4h:28]
09-08 16:50:35 [INFO] kernel/levels_score.go:575 🗺️ seated 9/22 in-band levels (proximity band ±38pt, 9 of them retained)
09-08 16:50:35 [WARN] trader/auto_trader.go:49 [trader_id=stage-a-benchmark] 🌑 dark regime at the ASIA read: 1/7 regime fields unavailable (vix_level) — plan still trustworthy
09-08 16:50:35 [INFO] trader/auto_trader.go:44 [trader_id=stage-a-benchmark] 🔬 detector recorded: 0 new episode(s) · pool 9 candidate(s) (8 seated, 1 cut) · k=3 Δ=1.84 band=±5.53 H=12 close · pre-formation bars skipped=41 · levels with no formation time=6
09-08 16:50:35 [INFO] trader/auto_trader.go:44 [trader_id=stage-a-benchmark] 📓 read facts: void=8 · floor=19.3 pts (1.5×ATR5m 12.89) · scope=1m×300 since=1788818400000 (cap 500)
09-08 16:50:35 [INFO] trader/auto_trader.go:44 [trader_id=stage-a-benchmark] 🗺️ G2 HTF detection @ASIA: 90 level(s) map[EQH·15m:1 EQH·1h:1 EQH·4h:1 EQL·15m:1 EQL·1h:1 EQL·4h:1 iFVG(bull)·15m:28 iFVG(bull)·1h:28 iFVG(bull)·4h:28]
09-08 16:50:35 [INFO] kernel/levels_score.go:575 🗺️ seated 9/22 in-band levels (proximity band ±38pt, 9 of them retained)
09-08 16:50:35 [WARN] trader/auto_trader.go:49 [trader_id=stage-a-benchmark] 🌑 dark regime at the ASIA read: 1/7 regime fields unavailable (vix_level) — plan still trustworthy
09-08 16:50:35 [INFO] trader/auto_trader.go:44 [trader_id=stage-a-benchmark] 🔬 detector recorded: 0 new episode(s) · pool 9 candidate(s) (8 seated, 1 cut) · k=3 Δ=1.84 band=±5.53 H=12 close · pre-formation bars skipped=41 · levels with no formation time=6
09-08 16:50:35 [INFO] trader/auto_trader.go:44 [trader_id=stage-a-benchmark] 📓 read facts: void=8 · floor=19.3 pts (1.5×ATR5m 12.89) · scope=1m×300 since=1788818400000 (cap 500)
     100	  19141682 ns/op
BenchmarkStageAWholeInputAssembly-24    	09-08 16:50:35 [INFO] store/store.go:89 ✅ Database initialized (GORM, SQLite)
09-08 16:50:35 [INFO] trader/auto_trader.go:44 [trader_id=stage-a-benchmark] 🗺️ G2 HTF detection @ASIA: 90 level(s) map[EQH·15m:1 EQH·1h:1 EQH·4h:1 EQL·15m:1 EQL·1h:1 EQL·4h:1 iFVG(bull)·15m:28 iFVG(bull)·1h:28 iFVG(bull)·4h:28]
09-08 16:50:35 [INFO] kernel/levels_score.go:575 🗺️ seated 9/22 in-band levels (proximity band ±38pt, 9 of them retained)
09-08 16:50:35 [WARN] trader/auto_trader.go:49 [trader_id=stage-a-benchmark] 🌑 dark regime at the ASIA read: 1/7 regime fields unavailable (vix_level) — plan still trustworthy
09-08 16:50:36 [INFO] trader/auto_trader.go:44 [trader_id=stage-a-benchmark] 🔬 detector recorded: 114 new episode(s) · pool 9 candidate(s) (8 seated, 1 cut) · k=3 Δ=1.84 band=±5.53 H=12 close · pre-formation bars skipped=41 · levels with no formation time=6
09-08 16:50:36 [INFO] trader/auto_trader.go:44 [trader_id=stage-a-benchmark] 📓 read facts: void=8 · floor=19.3 pts (1.5×ATR5m 12.89) · scope=1m×300 since=1788818400000 (cap 500)
09-08 16:50:37 [INFO] store/store.go:89 ✅ Database initialized (GORM, SQLite)
09-08 16:50:37 [INFO] trader/auto_trader.go:44 [trader_id=stage-a-benchmark] 🗺️ G2 HTF detection @ASIA: 90 level(s) map[EQH·15m:1 EQH·1h:1 EQH·4h:1 EQL·15m:1 EQL·1h:1 EQL·4h:1 iFVG(bull)·15m:28 iFVG(bull)·1h:28 iFVG(bull)·4h:28]
09-08 16:50:37 [INFO] kernel/levels_score.go:575 🗺️ seated 9/22 in-band levels (proximity band ±38pt, 9 of them retained)
09-08 16:50:37 [WARN] trader/auto_trader.go:49 [trader_id=stage-a-benchmark] 🌑 dark regime at the ASIA read: 1/7 regime fields unavailable (vix_level) — plan still trustworthy
09-08 16:50:37 [INFO] trader/auto_trader.go:44 [trader_id=stage-a-benchmark] 🔬 detector recorded: 114 new episode(s) · pool 9 candidate(s) (8 seated, 1 cut) · k=3 Δ=1.84 band=±5.53 H=12 close · pre-formation bars skipped=41 · levels with no formation time=6
09-08 16:50:38 [INFO] trader/auto_trader.go:44 [trader_id=stage-a-benchmark] 📓 read facts: void=8 · floor=19.3 pts (1.5×ATR5m 12.89) · scope=1m×300 since=1788818400000 (cap 500)
09-08 16:50:38 [INFO] trader/auto_trader.go:44 [trader_id=stage-a-benchmark] 🗺️ G2 HTF detection @ASIA: 90 level(s) map[EQH·15m:1 EQH·1h:1 EQH·4h:1 EQL·15m:1 EQL·1h:1 EQL·4h:1 iFVG(bull)·15m:28 iFVG(bull)·1h:28 iFVG(bull)·4h:28]
09-08 16:50:38 [INFO] kernel/levels_score.go:575 🗺️ seated 9/22 in-band levels (proximity band ±38pt, 9 of them retained)
09-08 16:50:38 [WARN] trader/auto_trader.go:49 [trader_id=stage-a-benchmark] 🌑 dark regime at the ASIA read: 1/7 regime fields unavailable (vix_level) — plan still trustworthy
09-08 16:50:38 [INFO] trader/auto_trader.go:44 [trader_id=stage-a-benchmark] 🔬 detector recorded: 0 new episode(s) · pool 9 candidate(s) (8 seated, 1 cut) · k=3 Δ=1.84 band=±5.53 H=12 close · pre-formation bars skipped=41 · levels with no formation time=6
09-08 16:50:38 [INFO] trader/auto_trader.go:44 [trader_id=stage-a-benchmark] 📓 read facts: void=8 · floor=19.3 pts (1.5×ATR5m 12.89) · scope=1m×300 since=1788818400000 (cap 500)
09-08 16:50:38 [INFO] trader/auto_trader.go:44 [trader_id=stage-a-benchmark] 🗺️ G2 HTF detection @ASIA: 90 level(s) map[EQH·15m:1 EQH·1h:1 EQH·4h:1 EQL·15m:1 EQL·1h:1 EQL·4h:1 iFVG(bull)·15m:28 iFVG(bull)·1h:28 iFVG(bull)·4h:28]
09-08 16:50:38 [INFO] kernel/levels_score.go:575 🗺️ seated 9/22 in-band levels (proximity band ±38pt, 9 of them retained)
09-08 16:50:38 [WARN] trader/auto_trader.go:49 [trader_id=stage-a-benchmark] 🌑 dark regime at the ASIA read: 1/7 regime fields unavailable (vix_level) — plan still trustworthy
09-08 16:50:38 [INFO] trader/auto_trader.go:44 [trader_id=stage-a-benchmark] 🔬 detector recorded: 0 new episode(s) · pool 9 candidate(s) (8 seated, 1 cut) · k=3 Δ=1.84 band=±5.53 H=12 close · pre-formation bars skipped=41 · levels with no formation time=6
09-08 16:50:38 [INFO] trader/auto_trader.go:44 [trader_id=stage-a-benchmark] 📓 read facts: void=8 · floor=19.3 pts (1.5×ATR5m 12.89) · scope=1m×300 since=1788818400000 (cap 500)
09-08 16:50:38 [INFO] trader/auto_trader.go:44 [trader_id=stage-a-benchmark] 🗺️ G2 HTF detection @ASIA: 90 level(s) map[EQH·15m:1 EQH·1h:1 EQH·4h:1 EQL·15m:1 EQL·1h:1 EQL·4h:1 iFVG(bull)·15m:28 iFVG(bull)·1h:28 iFVG(bull)·4h:28]
09-08 16:50:38 [INFO] kernel/levels_score.go:575 🗺️ seated 9/22 in-band levels (proximity band ±38pt, 9 of them retained)
09-08 16:50:38 [WARN] trader/auto_trader.go:49 [trader_id=stage-a-benchmark] 🌑 dark regime at the ASIA read: 1/7 regime fields unavailable (vix_level) — plan still trustworthy
09-08 16:50:38 [INFO] trader/auto_trader.go:44 [trader_id=stage-a-benchmark] 🔬 detector recorded: 0 new episode(s) · pool 9 candidate(s) (8 seated, 1 cut) · k=3 Δ=1.84 band=±5.53 H=12 close · pre-formation bars skipped=41 · levels with no formation time=6
09-08 16:50:38 [INFO] trader/auto_trader.go:44 [trader_id=stage-a-benchmark] 📓 read facts: void=8 · floor=19.3 pts (1.5×ATR5m 12.89) · scope=1m×300 since=1788818400000 (cap 500)
09-08 16:50:38 [INFO] trader/auto_trader.go:44 [trader_id=stage-a-benchmark] 🗺️ G2 HTF detection @ASIA: 90 level(s) map[EQH·15m:1 EQH·1h:1 EQH·4h:1 EQL·15m:1 EQL·1h:1 EQL·4h:1 iFVG(bull)·15m:28 iFVG(bull)·1h:28 iFVG(bull)·4h:28]
09-08 16:50:38 [INFO] kernel/levels_score.go:575 🗺️ seated 9/22 in-band levels (proximity band ±38pt, 9 of them retained)
09-08 16:50:38 [WARN] trader/auto_trader.go:49 [trader_id=stage-a-benchmark] 🌑 dark regime at the ASIA read: 1/7 regime fields unavailable (vix_level) — plan still trustworthy
09-08 16:50:38 [INFO] trader/auto_trader.go:44 [trader_id=stage-a-benchmark] 🔬 detector recorded: 0 new episode(s) · pool 9 candidate(s) (8 seated, 1 cut) · k=3 Δ=1.84 band=±5.53 H=12 close · pre-formation bars skipped=41 · levels with no formation time=6
09-08 16:50:38 [INFO] trader/auto_trader.go:44 [trader_id=stage-a-benchmark] 📓 read facts: void=8 · floor=19.3 pts (1.5×ATR5m 12.89) · scope=1m×300 since=1788818400000 (cap 500)
09-08 16:50:38 [INFO] trader/auto_trader.go:44 [trader_id=stage-a-benchmark] 🗺️ G2 HTF detection @ASIA: 90 level(s) map[EQH·15m:1 EQH·1h:1 EQH·4h:1 EQL·15m:1 EQL·1h:1 EQL·4h:1 iFVG(bull)·15m:28 iFVG(bull)·1h:28 iFVG(bull)·4h:28]
09-08 16:50:38 [INFO] kernel/levels_score.go:575 🗺️ seated 9/22 in-band levels (proximity band ±38pt, 9 of them retained)
09-08 16:50:38 [WARN] trader/auto_trader.go:49 [trader_id=stage-a-benchmark] 🌑 dark regime at the ASIA read: 1/7 regime fields unavailable (vix_level) — plan still trustworthy
09-08 16:50:38 [INFO] trader/auto_trader.go:44 [trader_id=stage-a-benchmark] 🔬 detector recorded: 0 new episode(s) · pool 9 candidate(s) (8 seated, 1 cut) · k=3 Δ=1.84 band=±5.53 H=12 close · pre-formation bars skipped=41 · levels with no formation time=6
09-08 16:50:38 [INFO] trader/auto_trader.go:44 [trader_id=stage-a-benchmark] 📓 read facts: void=8 · floor=19.3 pts (1.5×ATR5m 12.89) · scope=1m×300 since=1788818400000 (cap 500)
09-08 16:50:38 [INFO] trader/auto_trader.go:44 [trader_id=stage-a-benchmark] 🗺️ G2 HTF detection @ASIA: 90 level(s) map[EQH·15m:1 EQH·1h:1 EQH·4h:1 EQL·15m:1 EQL·1h:1 EQL·4h:1 iFVG(bull)·15m:28 iFVG(bull)·1h:28 iFVG(bull)·4h:28]
09-08 16:50:38 [INFO] kernel/levels_score.go:575 🗺️ seated 9/22 in-band levels (proximity band ±38pt, 9 of them retained)
09-08 16:50:38 [WARN] trader/auto_trader.go:49 [trader_id=stage-a-benchmark] 🌑 dark regime at the ASIA read: 1/7 regime fields unavailable (vix_level) — plan still trustworthy
09-08 16:50:38 [INFO] trader/auto_trader.go:44 [trader_id=stage-a-benchmark] 🔬 detector recorded: 0 new episode(s) · pool 9 candidate(s) (8 seated, 1 cut) · k=3 Δ=1.84 band=±5.53 H=12 close · pre-formation bars skipped=41 · levels with no formation time=6
09-08 16:50:38 [INFO] trader/auto_trader.go:44 [trader_id=stage-a-benchmark] 📓 read facts: void=8 · floor=19.3 pts (1.5×ATR5m 12.89) · scope=1m×300 since=1788818400000 (cap 500)
09-08 16:50:38 [INFO] trader/auto_trader.go:44 [trader_id=stage-a-benchmark] 🗺️ G2 HTF detection @ASIA: 90 level(s) map[EQH·15m:1 EQH·1h:1 EQH·4h:1 EQL·15m:1 EQL·1h:1 EQL·4h:1 iFVG(bull)·15m:28 iFVG(bull)·1h:28 iFVG(bull)·4h:28]
09-08 16:50:38 [INFO] kernel/levels_score.go:575 🗺️ seated 9/22 in-band levels (proximity band ±38pt, 9 of them retained)
09-08 16:50:38 [WARN] trader/auto_trader.go:49 [trader_id=stage-a-benchmark] 🌑 dark regime at the ASIA read: 1/7 regime fields unavailable (vix_level) — plan still trustworthy
09-08 16:50:38 [INFO] trader/auto_trader.go:44 [trader_id=stage-a-benchmark] 🔬 detector recorded: 0 new episode(s) · pool 9 candidate(s) (8 seated, 1 cut) · k=3 Δ=1.84 band=±5.53 H=12 close · pre-formation bars skipped=41 · levels with no formation time=6
09-08 16:50:38 [INFO] trader/auto_trader.go:44 [trader_id=stage-a-benchmark] 📓 read facts: void=8 · floor=19.3 pts (1.5×ATR5m 12.89) · scope=1m×300 since=1788818400000 (cap 500)
09-08 16:50:38 [INFO] trader/auto_trader.go:44 [trader_id=stage-a-benchmark] 🗺️ G2 HTF detection @ASIA: 90 level(s) map[EQH·15m:1 EQH·1h:1 EQH·4h:1 EQL·15m:1 EQL·1h:1 EQL·4h:1 iFVG(bull)·15m:28 iFVG(bull)·1h:28 iFVG(bull)·4h:28]
09-08 16:50:38 [INFO] kernel/levels_score.go:575 🗺️ seated 9/22 in-band levels (proximity band ±38pt, 9 of them retained)
09-08 16:50:38 [WARN] trader/auto_trader.go:49 [trader_id=stage-a-benchmark] 🌑 dark regime at the ASIA read: 1/7 regime fields unavailable (vix_level) — plan still trustworthy
09-08 16:50:38 [INFO] trader/auto_trader.go:44 [trader_id=stage-a-benchmark] 🔬 detector recorded: 0 new episode(s) · pool 9 candidate(s) (8 seated, 1 cut) · k=3 Δ=1.84 band=±5.53 H=12 close · pre-formation bars skipped=41 · levels with no formation time=6
09-08 16:50:38 [INFO] trader/auto_trader.go:44 [trader_id=stage-a-benchmark] 📓 read facts: void=8 · floor=19.3 pts (1.5×ATR5m 12.89) · scope=1m×300 since=1788818400000 (cap 500)
09-08 16:50:38 [INFO] trader/auto_trader.go:44 [trader_id=stage-a-benchmark] 🗺️ G2 HTF detection @ASIA: 90 level(s) map[EQH·15m:1 EQH·1h:1 EQH·4h:1 EQL·15m:1 EQL·1h:1 EQL·4h:1 iFVG(bull)·15m:28 iFVG(bull)·1h:28 iFVG(bull)·4h:28]
09-08 16:50:38 [INFO] kernel/levels_score.go:575 🗺️ seated 9/22 in-band levels (proximity band ±38pt, 9 of them retained)
09-08 16:50:38 [WARN] trader/auto_trader.go:49 [trader_id=stage-a-benchmark] 🌑 dark regime at the ASIA read: 1/7 regime fields unavailable (vix_level) — plan still trustworthy
09-08 16:50:38 [INFO] trader/auto_trader.go:44 [trader_id=stage-a-benchmark] 🔬 detector recorded: 0 new episode(s) · pool 9 candidate(s) (8 seated, 1 cut) · k=3 Δ=1.84 band=±5.53 H=12 close · pre-formation bars skipped=41 · levels with no formation time=6
09-08 16:50:38 [INFO] trader/auto_trader.go:44 [trader_id=stage-a-benchmark] 📓 read facts: void=8 · floor=19.3 pts (1.5×ATR5m 12.89) · scope=1m×300 since=1788818400000 (cap 500)
09-08 16:50:38 [INFO] trader/auto_trader.go:44 [trader_id=stage-a-benchmark] 🗺️ G2 HTF detection @ASIA: 90 level(s) map[EQH·15m:1 EQH·1h:1 EQH·4h:1 EQL·15m:1 EQL·1h:1 EQL·4h:1 iFVG(bull)·15m:28 iFVG(bull)·1h:28 iFVG(bull)·4h:28]
09-08 16:50:38 [INFO] kernel/levels_score.go:575 🗺️ seated 9/22 in-band levels (proximity band ±38pt, 9 of them retained)
09-08 16:50:38 [WARN] trader/auto_trader.go:49 [trader_id=stage-a-benchmark] 🌑 dark regime at the ASIA read: 1/7 regime fields unavailable (vix_level) — plan still trustworthy
09-08 16:50:38 [INFO] trader/auto_trader.go:44 [trader_id=stage-a-benchmark] 🔬 detector recorded: 0 new episode(s) · pool 9 candidate(s) (8 seated, 1 cut) · k=3 Δ=1.84 band=±5.53 H=12 close · pre-formation bars skipped=41 · levels with no formation time=6
09-08 16:50:38 [INFO] trader/auto_trader.go:44 [trader_id=stage-a-benchmark] 📓 read facts: void=8 · floor=19.3 pts (1.5×ATR5m 12.89) · scope=1m×300 since=1788818400000 (cap 500)
09-08 16:50:38 [INFO] trader/auto_trader.go:44 [trader_id=stage-a-benchmark] 🗺️ G2 HTF detection @ASIA: 90 level(s) map[EQH·15m:1 EQH·1h:1 EQH·4h:1 EQL·15m:1 EQL·1h:1 EQL·4h:1 iFVG(bull)·15m:28 iFVG(bull)·1h:28 iFVG(bull)·4h:28]
09-08 16:50:38 [INFO] kernel/levels_score.go:575 🗺️ seated 9/22 in-band levels (proximity band ±38pt, 9 of them retained)
09-08 16:50:38 [WARN] trader/auto_trader.go:49 [trader_id=stage-a-benchmark] 🌑 dark regime at the ASIA read: 1/7 regime fields unavailable (vix_level) — plan still trustworthy
09-08 16:50:38 [INFO] trader/auto_trader.go:44 [trader_id=stage-a-benchmark] 🔬 detector recorded: 0 new episode(s) · pool 9 candidate(s) (8 seated, 1 cut) · k=3 Δ=1.84 band=±5.53 H=12 close · pre-formation bars skipped=41 · levels with no formation time=6
09-08 16:50:38 [INFO] trader/auto_trader.go:44 [trader_id=stage-a-benchmark] 📓 read facts: void=8 · floor=19.3 pts (1.5×ATR5m 12.89) · scope=1m×300 since=1788818400000 (cap 500)
09-08 16:50:38 [INFO] trader/auto_trader.go:44 [trader_id=stage-a-benchmark] 🗺️ G2 HTF detection @ASIA: 90 level(s) map[EQH·15m:1 EQH·1h:1 EQH·4h:1 EQL·15m:1 EQL·1h:1 EQL·4h:1 iFVG(bull)·15m:28 iFVG(bull)·1h:28 iFVG(bull)·4h:28]
09-08 16:50:38 [INFO] kernel/levels_score.go:575 🗺️ seated 9/22 in-band levels (proximity band ±38pt, 9 of them retained)
09-08 16:50:38 [WARN] trader/auto_trader.go:49 [trader_id=stage-a-benchmark] 🌑 dark regime at the ASIA read: 1/7 regime fields unavailable (vix_level) — plan still trustworthy
09-08 16:50:38 [INFO] trader/auto_trader.go:44 [trader_id=stage-a-benchmark] 🔬 detector recorded: 0 new episode(s) · pool 9 candidate(s) (8 seated, 1 cut) · k=3 Δ=1.84 band=±5.53 H=12 close · pre-formation bars skipped=41 · levels with no formation time=6
09-08 16:50:38 [INFO] trader/auto_trader.go:44 [trader_id=stage-a-benchmark] 📓 read facts: void=8 · floor=19.3 pts (1.5×ATR5m 12.89) · scope=1m×300 since=1788818400000 (cap 500)
09-08 16:50:38 [INFO] trader/auto_trader.go:44 [trader_id=stage-a-benchmark] 🗺️ G2 HTF detection @ASIA: 90 level(s) map[EQH·15m:1 EQH·1h:1 EQH·4h:1 EQL·15m:1 EQL·1h:1 EQL·4h:1 iFVG(bull)·15m:28 iFVG(bull)·1h:28 iFVG(bull)·4h:28]
09-08 16:50:38 [INFO] kernel/levels_score.go:575 🗺️ seated 9/22 in-band levels (proximity band ±38pt, 9 of them retained)
09-08 16:50:38 [WARN] trader/auto_trader.go:49 [trader_id=stage-a-benchmark] 🌑 dark regime at the ASIA read: 1/7 regime fields unavailable (vix_level) — plan still trustworthy
09-08 16:50:38 [INFO] trader/auto_trader.go:44 [trader_id=stage-a-benchmark] 🔬 detector recorded: 0 new episode(s) · pool 9 candidate(s) (8 seated, 1 cut) · k=3 Δ=1.84 band=±5.53 H=12 close · pre-formation bars skipped=41 · levels with no formation time=6
09-08 16:50:38 [INFO] trader/auto_trader.go:44 [trader_id=stage-a-benchmark] 📓 read facts: void=8 · floor=19.3 pts (1.5×ATR5m 12.89) · scope=1m×300 since=1788818400000 (cap 500)
09-08 16:50:38 [INFO] trader/auto_trader.go:44 [trader_id=stage-a-benchmark] 🗺️ G2 HTF detection @ASIA: 90 level(s) map[EQH·15m:1 EQH·1h:1 EQH·4h:1 EQL·15m:1 EQL·1h:1 EQL·4h:1 iFVG(bull)·15m:28 iFVG(bull)·1h:28 iFVG(bull)·4h:28]
09-08 16:50:38 [INFO] kernel/levels_score.go:575 🗺️ seated 9/22 in-band levels (proximity band ±38pt, 9 of them retained)
09-08 16:50:38 [WARN] trader/auto_trader.go:49 [trader_id=stage-a-benchmark] 🌑 dark regime at the ASIA read: 1/7 regime fields unavailable (vix_level) — plan still trustworthy
09-08 16:50:38 [INFO] trader/auto_trader.go:44 [trader_id=stage-a-benchmark] 🔬 detector recorded: 0 new episode(s) · pool 9 candidate(s) (8 seated, 1 cut) · k=3 Δ=1.84 band=±5.53 H=12 close · pre-formation bars skipped=41 · levels with no formation time=6
09-08 16:50:38 [INFO] trader/auto_trader.go:44 [trader_id=stage-a-benchmark] 📓 read facts: void=8 · floor=19.3 pts (1.5×ATR5m 12.89) · scope=1m×300 since=1788818400000 (cap 500)
09-08 16:50:38 [INFO] trader/auto_trader.go:44 [trader_id=stage-a-benchmark] 🗺️ G2 HTF detection @ASIA: 90 level(s) map[EQH·15m:1 EQH·1h:1 EQH·4h:1 EQL·15m:1 EQL·1h:1 EQL·4h:1 iFVG(bull)·15m:28 iFVG(bull)·1h:28 iFVG(bull)·4h:28]
09-08 16:50:38 [INFO] kernel/levels_score.go:575 🗺️ seated 9/22 in-band levels (proximity band ±38pt, 9 of them retained)
09-08 16:50:38 [WARN] trader/auto_trader.go:49 [trader_id=stage-a-benchmark] 🌑 dark regime at the ASIA read: 1/7 regime fields unavailable (vix_level) — plan still trustworthy
09-08 16:50:38 [INFO] trader/auto_trader.go:44 [trader_id=stage-a-benchmark] 🔬 detector recorded: 0 new episode(s) · pool 9 candidate(s) (8 seated, 1 cut) · k=3 Δ=1.84 band=±5.53 H=12 close · pre-formation bars skipped=41 · levels with no formation time=6
09-08 16:50:38 [INFO] trader/auto_trader.go:44 [trader_id=stage-a-benchmark] 📓 read facts: void=8 · floor=19.3 pts (1.5×ATR5m 12.89) · scope=1m×300 since=1788818400000 (cap 500)
09-08 16:50:38 [INFO] trader/auto_trader.go:44 [trader_id=stage-a-benchmark] 🗺️ G2 HTF detection @ASIA: 90 level(s) map[EQH·15m:1 EQH·1h:1 EQH·4h:1 EQL·15m:1 EQL·1h:1 EQL·4h:1 iFVG(bull)·15m:28 iFVG(bull)·1h:28 iFVG(bull)·4h:28]
09-08 16:50:38 [INFO] kernel/levels_score.go:575 🗺️ seated 9/22 in-band levels (proximity band ±38pt, 9 of them retained)
09-08 16:50:38 [WARN] trader/auto_trader.go:49 [trader_id=stage-a-benchmark] 🌑 dark regime at the ASIA read: 1/7 regime fields unavailable (vix_level) — plan still trustworthy
09-08 16:50:38 [INFO] trader/auto_trader.go:44 [trader_id=stage-a-benchmark] 🔬 detector recorded: 0 new episode(s) · pool 9 candidate(s) (8 seated, 1 cut) · k=3 Δ=1.84 band=±5.53 H=12 close · pre-formation bars skipped=41 · levels with no formation time=6
09-08 16:50:38 [INFO] trader/auto_trader.go:44 [trader_id=stage-a-benchmark] 📓 read facts: void=8 · floor=19.3 pts (1.5×ATR5m 12.89) · scope=1m×300 since=1788818400000 (cap 500)
09-08 16:50:38 [INFO] trader/auto_trader.go:44 [trader_id=stage-a-benchmark] 🗺️ G2 HTF detection @ASIA: 90 level(s) map[EQH·15m:1 EQH·1h:1 EQH·4h:1 EQL·15m:1 EQL·1h:1 EQL·4h:1 iFVG(bull)·15m:28 iFVG(bull)·1h:28 iFVG(bull)·4h:28]
09-08 16:50:38 [INFO] kernel/levels_score.go:575 🗺️ seated 9/22 in-band levels (proximity band ±38pt, 9 of them retained)
09-08 16:50:38 [WARN] trader/auto_trader.go:49 [trader_id=stage-a-benchmark] 🌑 dark regime at the ASIA read: 1/7 regime fields unavailable (vix_level) — plan still trustworthy
09-08 16:50:38 [INFO] trader/auto_trader.go:44 [trader_id=stage-a-benchmark] 🔬 detector recorded: 0 new episode(s) · pool 9 candidate(s) (8 seated, 1 cut) · k=3 Δ=1.84 band=±5.53 H=12 close · pre-formation bars skipped=41 · levels with no formation time=6
09-08 16:50:38 [INFO] trader/auto_trader.go:44 [trader_id=stage-a-benchmark] 📓 read facts: void=8 · floor=19.3 pts (1.5×ATR5m 12.89) · scope=1m×300 since=1788818400000 (cap 500)
09-08 16:50:38 [INFO] trader/auto_trader.go:44 [trader_id=stage-a-benchmark] 🗺️ G2 HTF detection @ASIA: 90 level(s) map[EQH·15m:1 EQH·1h:1 EQH·4h:1 EQL·15m:1 EQL·1h:1 EQL·4h:1 iFVG(bull)·15m:28 iFVG(bull)·1h:28 iFVG(bull)·4h:28]
09-08 16:50:38 [INFO] kernel/levels_score.go:575 🗺️ seated 9/22 in-band levels (proximity band ±38pt, 9 of them retained)
09-08 16:50:38 [WARN] trader/auto_trader.go:49 [trader_id=stage-a-benchmark] 🌑 dark regime at the ASIA read: 1/7 regime fields unavailable (vix_level) — plan still trustworthy
09-08 16:50:38 [INFO] trader/auto_trader.go:44 [trader_id=stage-a-benchmark] 🔬 detector recorded: 0 new episode(s) · pool 9 candidate(s) (8 seated, 1 cut) · k=3 Δ=1.84 band=±5.53 H=12 close · pre-formation bars skipped=41 · levels with no formation time=6
09-08 16:50:38 [INFO] trader/auto_trader.go:44 [trader_id=stage-a-benchmark] 📓 read facts: void=8 · floor=19.3 pts (1.5×ATR5m 12.89) · scope=1m×300 since=1788818400000 (cap 500)
09-08 16:50:38 [INFO] trader/auto_trader.go:44 [trader_id=stage-a-benchmark] 🗺️ G2 HTF detection @ASIA: 90 level(s) map[EQH·15m:1 EQH·1h:1 EQH·4h:1 EQL·15m:1 EQL·1h:1 EQL·4h:1 iFVG(bull)·15m:28 iFVG(bull)·1h:28 iFVG(bull)·4h:28]
09-08 16:50:38 [INFO] kernel/levels_score.go:575 🗺️ seated 9/22 in-band levels (proximity band ±38pt, 9 of them retained)
09-08 16:50:38 [WARN] trader/auto_trader.go:49 [trader_id=stage-a-benchmark] 🌑 dark regime at the ASIA read: 1/7 regime fields unavailable (vix_level) — plan still trustworthy
09-08 16:50:38 [INFO] trader/auto_trader.go:44 [trader_id=stage-a-benchmark] 🔬 detector recorded: 0 new episode(s) · pool 9 candidate(s) (8 seated, 1 cut) · k=3 Δ=1.84 band=±5.53 H=12 close · pre-formation bars skipped=41 · levels with no formation time=6
09-08 16:50:38 [INFO] trader/auto_trader.go:44 [trader_id=stage-a-benchmark] 📓 read facts: void=8 · floor=19.3 pts (1.5×ATR5m 12.89) · scope=1m×300 since=1788818400000 (cap 500)
09-08 16:50:38 [INFO] trader/auto_trader.go:44 [trader_id=stage-a-benchmark] 🗺️ G2 HTF detection @ASIA: 90 level(s) map[EQH·15m:1 EQH·1h:1 EQH·4h:1 EQL·15m:1 EQL·1h:1 EQL·4h:1 iFVG(bull)·15m:28 iFVG(bull)·1h:28 iFVG(bull)·4h:28]
09-08 16:50:38 [INFO] kernel/levels_score.go:575 🗺️ seated 9/22 in-band levels (proximity band ±38pt, 9 of them retained)
09-08 16:50:38 [WARN] trader/auto_trader.go:49 [trader_id=stage-a-benchmark] 🌑 dark regime at the ASIA read: 1/7 regime fields unavailable (vix_level) — plan still trustworthy
09-08 16:50:38 [INFO] trader/auto_trader.go:44 [trader_id=stage-a-benchmark] 🔬 detector recorded: 0 new episode(s) · pool 9 candidate(s) (8 seated, 1 cut) · k=3 Δ=1.84 band=±5.53 H=12 close · pre-formation bars skipped=41 · levels with no formation time=6
09-08 16:50:38 [INFO] trader/auto_trader.go:44 [trader_id=stage-a-benchmark] 📓 read facts: void=8 · floor=19.3 pts (1.5×ATR5m 12.89) · scope=1m×300 since=1788818400000 (cap 500)
09-08 16:50:38 [INFO] trader/auto_trader.go:44 [trader_id=stage-a-benchmark] 🗺️ G2 HTF detection @ASIA: 90 level(s) map[EQH·15m:1 EQH·1h:1 EQH·4h:1 EQL·15m:1 EQL·1h:1 EQL·4h:1 iFVG(bull)·15m:28 iFVG(bull)·1h:28 iFVG(bull)·4h:28]
09-08 16:50:38 [INFO] kernel/levels_score.go:575 🗺️ seated 9/22 in-band levels (proximity band ±38pt, 9 of them retained)
09-08 16:50:38 [WARN] trader/auto_trader.go:49 [trader_id=stage-a-benchmark] 🌑 dark regime at the ASIA read: 1/7 regime fields unavailable (vix_level) — plan still trustworthy
09-08 16:50:38 [INFO] trader/auto_trader.go:44 [trader_id=stage-a-benchmark] 🔬 detector recorded: 0 new episode(s) · pool 9 candidate(s) (8 seated, 1 cut) · k=3 Δ=1.84 band=±5.53 H=12 close · pre-formation bars skipped=41 · levels with no formation time=6
09-08 16:50:38 [INFO] trader/auto_trader.go:44 [trader_id=stage-a-benchmark] 📓 read facts: void=8 · floor=19.3 pts (1.5×ATR5m 12.89) · scope=1m×300 since=1788818400000 (cap 500)
09-08 16:50:38 [INFO] trader/auto_trader.go:44 [trader_id=stage-a-benchmark] 🗺️ G2 HTF detection @ASIA: 90 level(s) map[EQH·15m:1 EQH·1h:1 EQH·4h:1 EQL·15m:1 EQL·1h:1 EQL·4h:1 iFVG(bull)·15m:28 iFVG(bull)·1h:28 iFVG(bull)·4h:28]
09-08 16:50:38 [INFO] kernel/levels_score.go:575 🗺️ seated 9/22 in-band levels (proximity band ±38pt, 9 of them retained)
09-08 16:50:38 [WARN] trader/auto_trader.go:49 [trader_id=stage-a-benchmark] 🌑 dark regime at the ASIA read: 1/7 regime fields unavailable (vix_level) — plan still trustworthy
09-08 16:50:38 [INFO] trader/auto_trader.go:44 [trader_id=stage-a-benchmark] 🔬 detector recorded: 0 new episode(s) · pool 9 candidate(s) (8 seated, 1 cut) · k=3 Δ=1.84 band=±5.53 H=12 close · pre-formation bars skipped=41 · levels with no formation time=6
09-08 16:50:38 [INFO] trader/auto_trader.go:44 [trader_id=stage-a-benchmark] 📓 read facts: void=8 · floor=19.3 pts (1.5×ATR5m 12.89) · scope=1m×300 since=1788818400000 (cap 500)
09-08 16:50:38 [INFO] trader/auto_trader.go:44 [trader_id=stage-a-benchmark] 🗺️ G2 HTF detection @ASIA: 90 level(s) map[EQH·15m:1 EQH·1h:1 EQH·4h:1 EQL·15m:1 EQL·1h:1 EQL·4h:1 iFVG(bull)·15m:28 iFVG(bull)·1h:28 iFVG(bull)·4h:28]
09-08 16:50:38 [INFO] kernel/levels_score.go:575 🗺️ seated 9/22 in-band levels (proximity band ±38pt, 9 of them retained)
09-08 16:50:38 [WARN] trader/auto_trader.go:49 [trader_id=stage-a-benchmark] 🌑 dark regime at the ASIA read: 1/7 regime fields unavailable (vix_level) — plan still trustworthy
09-08 16:50:38 [INFO] trader/auto_trader.go:44 [trader_id=stage-a-benchmark] 🔬 detector recorded: 0 new episode(s) · pool 9 candidate(s) (8 seated, 1 cut) · k=3 Δ=1.84 band=±5.53 H=12 close · pre-formation bars skipped=41 · levels with no formation time=6
09-08 16:50:38 [INFO] trader/auto_trader.go:44 [trader_id=stage-a-benchmark] 📓 read facts: void=8 · floor=19.3 pts (1.5×ATR5m 12.89) · scope=1m×300 since=1788818400000 (cap 500)
09-08 16:50:38 [INFO] trader/auto_trader.go:44 [trader_id=stage-a-benchmark] 🗺️ G2 HTF detection @ASIA: 90 level(s) map[EQH·15m:1 EQH·1h:1 EQH·4h:1 EQL·15m:1 EQL·1h:1 EQL·4h:1 iFVG(bull)·15m:28 iFVG(bull)·1h:28 iFVG(bull)·4h:28]
09-08 16:50:38 [INFO] kernel/levels_score.go:575 🗺️ seated 9/22 in-band levels (proximity band ±38pt, 9 of them retained)
09-08 16:50:38 [WARN] trader/auto_trader.go:49 [trader_id=stage-a-benchmark] 🌑 dark regime at the ASIA read: 1/7 regime fields unavailable (vix_level) — plan still trustworthy
09-08 16:50:38 [INFO] trader/auto_trader.go:44 [trader_id=stage-a-benchmark] 🔬 detector recorded: 0 new episode(s) · pool 9 candidate(s) (8 seated, 1 cut) · k=3 Δ=1.84 band=±5.53 H=12 close · pre-formation bars skipped=41 · levels with no formation time=6
09-08 16:50:38 [INFO] trader/auto_trader.go:44 [trader_id=stage-a-benchmark] 📓 read facts: void=8 · floor=19.3 pts (1.5×ATR5m 12.89) · scope=1m×300 since=1788818400000 (cap 500)
09-08 16:50:38 [INFO] trader/auto_trader.go:44 [trader_id=stage-a-benchmark] 🗺️ G2 HTF detection @ASIA: 90 level(s) map[EQH·15m:1 EQH·1h:1 EQH·4h:1 EQL·15m:1 EQL·1h:1 EQL·4h:1 iFVG(bull)·15m:28 iFVG(bull)·1h:28 iFVG(bull)·4h:28]
09-08 16:50:38 [INFO] kernel/levels_score.go:575 🗺️ seated 9/22 in-band levels (proximity band ±38pt, 9 of them retained)
09-08 16:50:38 [WARN] trader/auto_trader.go:49 [trader_id=stage-a-benchmark] 🌑 dark regime at the ASIA read: 1/7 regime fields unavailable (vix_level) — plan still trustworthy
09-08 16:50:38 [INFO] trader/auto_trader.go:44 [trader_id=stage-a-benchmark] 🔬 detector recorded: 0 new episode(s) · pool 9 candidate(s) (8 seated, 1 cut) · k=3 Δ=1.84 band=±5.53 H=12 close · pre-formation bars skipped=41 · levels with no formation time=6
09-08 16:50:38 [INFO] trader/auto_trader.go:44 [trader_id=stage-a-benchmark] 📓 read facts: void=8 · floor=19.3 pts (1.5×ATR5m 12.89) · scope=1m×300 since=1788818400000 (cap 500)
09-08 16:50:38 [INFO] trader/auto_trader.go:44 [trader_id=stage-a-benchmark] 🗺️ G2 HTF detection @ASIA: 90 level(s) map[EQH·15m:1 EQH·1h:1 EQH·4h:1 EQL·15m:1 EQL·1h:1 EQL·4h:1 iFVG(bull)·15m:28 iFVG(bull)·1h:28 iFVG(bull)·4h:28]
09-08 16:50:38 [INFO] kernel/levels_score.go:575 🗺️ seated 9/22 in-band levels (proximity band ±38pt, 9 of them retained)
09-08 16:50:38 [WARN] trader/auto_trader.go:49 [trader_id=stage-a-benchmark] 🌑 dark regime at the ASIA read: 1/7 regime fields unavailable (vix_level) — plan still trustworthy
09-08 16:50:38 [INFO] trader/auto_trader.go:44 [trader_id=stage-a-benchmark] 🔬 detector recorded: 0 new episode(s) · pool 9 candidate(s) (8 seated, 1 cut) · k=3 Δ=1.84 band=±5.53 H=12 close · pre-formation bars skipped=41 · levels with no formation time=6
09-08 16:50:38 [INFO] trader/auto_trader.go:44 [trader_id=stage-a-benchmark] 📓 read facts: void=8 · floor=19.3 pts (1.5×ATR5m 12.89) · scope=1m×300 since=1788818400000 (cap 500)
09-08 16:50:38 [INFO] trader/auto_trader.go:44 [trader_id=stage-a-benchmark] 🗺️ G2 HTF detection @ASIA: 90 level(s) map[EQH·15m:1 EQH·1h:1 EQH·4h:1 EQL·15m:1 EQL·1h:1 EQL·4h:1 iFVG(bull)·15m:28 iFVG(bull)·1h:28 iFVG(bull)·4h:28]
09-08 16:50:38 [INFO] kernel/levels_score.go:575 🗺️ seated 9/22 in-band levels (proximity band ±38pt, 9 of them retained)
09-08 16:50:38 [WARN] trader/auto_trader.go:49 [trader_id=stage-a-benchmark] 🌑 dark regime at the ASIA read: 1/7 regime fields unavailable (vix_level) — plan still trustworthy
09-08 16:50:38 [INFO] trader/auto_trader.go:44 [trader_id=stage-a-benchmark] 🔬 detector recorded: 0 new episode(s) · pool 9 candidate(s) (8 seated, 1 cut) · k=3 Δ=1.84 band=±5.53 H=12 close · pre-formation bars skipped=41 · levels with no formation time=6
09-08 16:50:38 [INFO] trader/auto_trader.go:44 [trader_id=stage-a-benchmark] 📓 read facts: void=8 · floor=19.3 pts (1.5×ATR5m 12.89) · scope=1m×300 since=1788818400000 (cap 500)
09-08 16:50:38 [INFO] trader/auto_trader.go:44 [trader_id=stage-a-benchmark] 🗺️ G2 HTF detection @ASIA: 90 level(s) map[EQH·15m:1 EQH·1h:1 EQH·4h:1 EQL·15m:1 EQL·1h:1 EQL·4h:1 iFVG(bull)·15m:28 iFVG(bull)·1h:28 iFVG(bull)·4h:28]
09-08 16:50:38 [INFO] kernel/levels_score.go:575 🗺️ seated 9/22 in-band levels (proximity band ±38pt, 9 of them retained)
09-08 16:50:38 [WARN] trader/auto_trader.go:49 [trader_id=stage-a-benchmark] 🌑 dark regime at the ASIA read: 1/7 regime fields unavailable (vix_level) — plan still trustworthy
09-08 16:50:38 [INFO] trader/auto_trader.go:44 [trader_id=stage-a-benchmark] 🔬 detector recorded: 0 new episode(s) · pool 9 candidate(s) (8 seated, 1 cut) · k=3 Δ=1.84 band=±5.53 H=12 close · pre-formation bars skipped=41 · levels with no formation time=6
09-08 16:50:38 [INFO] trader/auto_trader.go:44 [trader_id=stage-a-benchmark] 📓 read facts: void=8 · floor=19.3 pts (1.5×ATR5m 12.89) · scope=1m×300 since=1788818400000 (cap 500)
09-08 16:50:38 [INFO] trader/auto_trader.go:44 [trader_id=stage-a-benchmark] 🗺️ G2 HTF detection @ASIA: 90 level(s) map[EQH·15m:1 EQH·1h:1 EQH·4h:1 EQL·15m:1 EQL·1h:1 EQL·4h:1 iFVG(bull)·15m:28 iFVG(bull)·1h:28 iFVG(bull)·4h:28]
09-08 16:50:38 [INFO] kernel/levels_score.go:575 🗺️ seated 9/22 in-band levels (proximity band ±38pt, 9 of them retained)
09-08 16:50:38 [WARN] trader/auto_trader.go:49 [trader_id=stage-a-benchmark] 🌑 dark regime at the ASIA read: 1/7 regime fields unavailable (vix_level) — plan still trustworthy
09-08 16:50:38 [INFO] trader/auto_trader.go:44 [trader_id=stage-a-benchmark] 🔬 detector recorded: 0 new episode(s) · pool 9 candidate(s) (8 seated, 1 cut) · k=3 Δ=1.84 band=±5.53 H=12 close · pre-formation bars skipped=41 · levels with no formation time=6
09-08 16:50:38 [INFO] trader/auto_trader.go:44 [trader_id=stage-a-benchmark] 📓 read facts: void=8 · floor=19.3 pts (1.5×ATR5m 12.89) · scope=1m×300 since=1788818400000 (cap 500)
09-08 16:50:38 [INFO] trader/auto_trader.go:44 [trader_id=stage-a-benchmark] 🗺️ G2 HTF detection @ASIA: 90 level(s) map[EQH·15m:1 EQH·1h:1 EQH·4h:1 EQL·15m:1 EQL·1h:1 EQL·4h:1 iFVG(bull)·15m:28 iFVG(bull)·1h:28 iFVG(bull)·4h:28]
09-08 16:50:38 [INFO] kernel/levels_score.go:575 🗺️ seated 9/22 in-band levels (proximity band ±38pt, 9 of them retained)
09-08 16:50:38 [WARN] trader/auto_trader.go:49 [trader_id=stage-a-benchmark] 🌑 dark regime at the ASIA read: 1/7 regime fields unavailable (vix_level) — plan still trustworthy
09-08 16:50:38 [INFO] trader/auto_trader.go:44 [trader_id=stage-a-benchmark] 🔬 detector recorded: 0 new episode(s) · pool 9 candidate(s) (8 seated, 1 cut) · k=3 Δ=1.84 band=±5.53 H=12 close · pre-formation bars skipped=41 · levels with no formation time=6
09-08 16:50:38 [INFO] trader/auto_trader.go:44 [trader_id=stage-a-benchmark] 📓 read facts: void=8 · floor=19.3 pts (1.5×ATR5m 12.89) · scope=1m×300 since=1788818400000 (cap 500)
09-08 16:50:38 [INFO] trader/auto_trader.go:44 [trader_id=stage-a-benchmark] 🗺️ G2 HTF detection @ASIA: 90 level(s) map[EQH·15m:1 EQH·1h:1 EQH·4h:1 EQL·15m:1 EQL·1h:1 EQL·4h:1 iFVG(bull)·15m:28 iFVG(bull)·1h:28 iFVG(bull)·4h:28]
09-08 16:50:38 [INFO] kernel/levels_score.go:575 🗺️ seated 9/22 in-band levels (proximity band ±38pt, 9 of them retained)
09-08 16:50:38 [WARN] trader/auto_trader.go:49 [trader_id=stage-a-benchmark] 🌑 dark regime at the ASIA read: 1/7 regime fields unavailable (vix_level) — plan still trustworthy
09-08 16:50:38 [INFO] trader/auto_trader.go:44 [trader_id=stage-a-benchmark] 🔬 detector recorded: 0 new episode(s) · pool 9 candidate(s) (8 seated, 1 cut) · k=3 Δ=1.84 band=±5.53 H=12 close · pre-formation bars skipped=41 · levels with no formation time=6
09-08 16:50:38 [INFO] trader/auto_trader.go:44 [trader_id=stage-a-benchmark] 📓 read facts: void=8 · floor=19.3 pts (1.5×ATR5m 12.89) · scope=1m×300 since=1788818400000 (cap 500)
09-08 16:50:38 [INFO] trader/auto_trader.go:44 [trader_id=stage-a-benchmark] 🗺️ G2 HTF detection @ASIA: 90 level(s) map[EQH·15m:1 EQH·1h:1 EQH·4h:1 EQL·15m:1 EQL·1h:1 EQL·4h:1 iFVG(bull)·15m:28 iFVG(bull)·1h:28 iFVG(bull)·4h:28]
09-08 16:50:38 [INFO] kernel/levels_score.go:575 🗺️ seated 9/22 in-band levels (proximity band ±38pt, 9 of them retained)
09-08 16:50:38 [WARN] trader/auto_trader.go:49 [trader_id=stage-a-benchmark] 🌑 dark regime at the ASIA read: 1/7 regime fields unavailable (vix_level) — plan still trustworthy
09-08 16:50:38 [INFO] trader/auto_trader.go:44 [trader_id=stage-a-benchmark] 🔬 detector recorded: 0 new episode(s) · pool 9 candidate(s) (8 seated, 1 cut) · k=3 Δ=1.84 band=±5.53 H=12 close · pre-formation bars skipped=41 · levels with no formation time=6
09-08 16:50:38 [INFO] trader/auto_trader.go:44 [trader_id=stage-a-benchmark] 📓 read facts: void=8 · floor=19.3 pts (1.5×ATR5m 12.89) · scope=1m×300 since=1788818400000 (cap 500)
09-08 16:50:38 [INFO] trader/auto_trader.go:44 [trader_id=stage-a-benchmark] 🗺️ G2 HTF detection @ASIA: 90 level(s) map[EQH·15m:1 EQH·1h:1 EQH·4h:1 EQL·15m:1 EQL·1h:1 EQL·4h:1 iFVG(bull)·15m:28 iFVG(bull)·1h:28 iFVG(bull)·4h:28]
09-08 16:50:38 [INFO] kernel/levels_score.go:575 🗺️ seated 9/22 in-band levels (proximity band ±38pt, 9 of them retained)
09-08 16:50:38 [WARN] trader/auto_trader.go:49 [trader_id=stage-a-benchmark] 🌑 dark regime at the ASIA read: 1/7 regime fields unavailable (vix_level) — plan still trustworthy
09-08 16:50:38 [INFO] trader/auto_trader.go:44 [trader_id=stage-a-benchmark] 🔬 detector recorded: 0 new episode(s) · pool 9 candidate(s) (8 seated, 1 cut) · k=3 Δ=1.84 band=±5.53 H=12 close · pre-formation bars skipped=41 · levels with no formation time=6
09-08 16:50:38 [INFO] trader/auto_trader.go:44 [trader_id=stage-a-benchmark] 📓 read facts: void=8 · floor=19.3 pts (1.5×ATR5m 12.89) · scope=1m×300 since=1788818400000 (cap 500)
09-08 16:50:38 [INFO] trader/auto_trader.go:44 [trader_id=stage-a-benchmark] 🗺️ G2 HTF detection @ASIA: 90 level(s) map[EQH·15m:1 EQH·1h:1 EQH·4h:1 EQL·15m:1 EQL·1h:1 EQL·4h:1 iFVG(bull)·15m:28 iFVG(bull)·1h:28 iFVG(bull)·4h:28]
09-08 16:50:38 [INFO] kernel/levels_score.go:575 🗺️ seated 9/22 in-band levels (proximity band ±38pt, 9 of them retained)
09-08 16:50:38 [WARN] trader/auto_trader.go:49 [trader_id=stage-a-benchmark] 🌑 dark regime at the ASIA read: 1/7 regime fields unavailable (vix_level) — plan still trustworthy
09-08 16:50:38 [INFO] trader/auto_trader.go:44 [trader_id=stage-a-benchmark] 🔬 detector recorded: 0 new episode(s) · pool 9 candidate(s) (8 seated, 1 cut) · k=3 Δ=1.84 band=±5.53 H=12 close · pre-formation bars skipped=41 · levels with no formation time=6
09-08 16:50:38 [INFO] trader/auto_trader.go:44 [trader_id=stage-a-benchmark] 📓 read facts: void=8 · floor=19.3 pts (1.5×ATR5m 12.89) · scope=1m×300 since=1788818400000 (cap 500)
09-08 16:50:38 [INFO] trader/auto_trader.go:44 [trader_id=stage-a-benchmark] 🗺️ G2 HTF detection @ASIA: 90 level(s) map[EQH·15m:1 EQH·1h:1 EQH·4h:1 EQL·15m:1 EQL·1h:1 EQL·4h:1 iFVG(bull)·15m:28 iFVG(bull)·1h:28 iFVG(bull)·4h:28]
09-08 16:50:38 [INFO] kernel/levels_score.go:575 🗺️ seated 9/22 in-band levels (proximity band ±38pt, 9 of them retained)
09-08 16:50:38 [WARN] trader/auto_trader.go:49 [trader_id=stage-a-benchmark] 🌑 dark regime at the ASIA read: 1/7 regime fields unavailable (vix_level) — plan still trustworthy
09-08 16:50:38 [INFO] trader/auto_trader.go:44 [trader_id=stage-a-benchmark] 🔬 detector recorded: 0 new episode(s) · pool 9 candidate(s) (8 seated, 1 cut) · k=3 Δ=1.84 band=±5.53 H=12 close · pre-formation bars skipped=41 · levels with no formation time=6
09-08 16:50:38 [INFO] trader/auto_trader.go:44 [trader_id=stage-a-benchmark] 📓 read facts: void=8 · floor=19.3 pts (1.5×ATR5m 12.89) · scope=1m×300 since=1788818400000 (cap 500)
09-08 16:50:38 [INFO] trader/auto_trader.go:44 [trader_id=stage-a-benchmark] 🗺️ G2 HTF detection @ASIA: 90 level(s) map[EQH·15m:1 EQH·1h:1 EQH·4h:1 EQL·15m:1 EQL·1h:1 EQL·4h:1 iFVG(bull)·15m:28 iFVG(bull)·1h:28 iFVG(bull)·4h:28]
09-08 16:50:38 [INFO] kernel/levels_score.go:575 🗺️ seated 9/22 in-band levels (proximity band ±38pt, 9 of them retained)
09-08 16:50:38 [WARN] trader/auto_trader.go:49 [trader_id=stage-a-benchmark] 🌑 dark regime at the ASIA read: 1/7 regime fields unavailable (vix_level) — plan still trustworthy
09-08 16:50:38 [INFO] trader/auto_trader.go:44 [trader_id=stage-a-benchmark] 🔬 detector recorded: 0 new episode(s) · pool 9 candidate(s) (8 seated, 1 cut) · k=3 Δ=1.84 band=±5.53 H=12 close · pre-formation bars skipped=41 · levels with no formation time=6
09-08 16:50:38 [INFO] trader/auto_trader.go:44 [trader_id=stage-a-benchmark] 📓 read facts: void=8 · floor=19.3 pts (1.5×ATR5m 12.89) · scope=1m×300 since=1788818400000 (cap 500)
09-08 16:50:38 [INFO] trader/auto_trader.go:44 [trader_id=stage-a-benchmark] 🗺️ G2 HTF detection @ASIA: 90 level(s) map[EQH·15m:1 EQH·1h:1 EQH·4h:1 EQL·15m:1 EQL·1h:1 EQL·4h:1 iFVG(bull)·15m:28 iFVG(bull)·1h:28 iFVG(bull)·4h:28]
09-08 16:50:38 [INFO] kernel/levels_score.go:575 🗺️ seated 9/22 in-band levels (proximity band ±38pt, 9 of them retained)
09-08 16:50:38 [WARN] trader/auto_trader.go:49 [trader_id=stage-a-benchmark] 🌑 dark regime at the ASIA read: 1/7 regime fields unavailable (vix_level) — plan still trustworthy
09-08 16:50:38 [INFO] trader/auto_trader.go:44 [trader_id=stage-a-benchmark] 🔬 detector recorded: 0 new episode(s) · pool 9 candidate(s) (8 seated, 1 cut) · k=3 Δ=1.84 band=±5.53 H=12 close · pre-formation bars skipped=41 · levels with no formation time=6
09-08 16:50:38 [INFO] trader/auto_trader.go:44 [trader_id=stage-a-benchmark] 📓 read facts: void=8 · floor=19.3 pts (1.5×ATR5m 12.89) · scope=1m×300 since=1788818400000 (cap 500)
09-08 16:50:38 [INFO] trader/auto_trader.go:44 [trader_id=stage-a-benchmark] 🗺️ G2 HTF detection @ASIA: 90 level(s) map[EQH·15m:1 EQH·1h:1 EQH·4h:1 EQL·15m:1 EQL·1h:1 EQL·4h:1 iFVG(bull)·15m:28 iFVG(bull)·1h:28 iFVG(bull)·4h:28]
09-08 16:50:38 [INFO] kernel/levels_score.go:575 🗺️ seated 9/22 in-band levels (proximity band ±38pt, 9 of them retained)
09-08 16:50:38 [WARN] trader/auto_trader.go:49 [trader_id=stage-a-benchmark] 🌑 dark regime at the ASIA read: 1/7 regime fields unavailable (vix_level) — plan still trustworthy
09-08 16:50:38 [INFO] trader/auto_trader.go:44 [trader_id=stage-a-benchmark] 🔬 detector recorded: 0 new episode(s) · pool 9 candidate(s) (8 seated, 1 cut) · k=3 Δ=1.84 band=±5.53 H=12 close · pre-formation bars skipped=41 · levels with no formation time=6
09-08 16:50:38 [INFO] trader/auto_trader.go:44 [trader_id=stage-a-benchmark] 📓 read facts: void=8 · floor=19.3 pts (1.5×ATR5m 12.89) · scope=1m×300 since=1788818400000 (cap 500)
09-08 16:50:38 [INFO] trader/auto_trader.go:44 [trader_id=stage-a-benchmark] 🗺️ G2 HTF detection @ASIA: 90 level(s) map[EQH·15m:1 EQH·1h:1 EQH·4h:1 EQL·15m:1 EQL·1h:1 EQL·4h:1 iFVG(bull)·15m:28 iFVG(bull)·1h:28 iFVG(bull)·4h:28]
09-08 16:50:38 [INFO] kernel/levels_score.go:575 🗺️ seated 9/22 in-band levels (proximity band ±38pt, 9 of them retained)
09-08 16:50:38 [WARN] trader/auto_trader.go:49 [trader_id=stage-a-benchmark] 🌑 dark regime at the ASIA read: 1/7 regime fields unavailable (vix_level) — plan still trustworthy
09-08 16:50:38 [INFO] trader/auto_trader.go:44 [trader_id=stage-a-benchmark] 🔬 detector recorded: 0 new episode(s) · pool 9 candidate(s) (8 seated, 1 cut) · k=3 Δ=1.84 band=±5.53 H=12 close · pre-formation bars skipped=41 · levels with no formation time=6
09-08 16:50:38 [INFO] trader/auto_trader.go:44 [trader_id=stage-a-benchmark] 📓 read facts: void=8 · floor=19.3 pts (1.5×ATR5m 12.89) · scope=1m×300 since=1788818400000 (cap 500)
09-08 16:50:38 [INFO] trader/auto_trader.go:44 [trader_id=stage-a-benchmark] 🗺️ G2 HTF detection @ASIA: 90 level(s) map[EQH·15m:1 EQH·1h:1 EQH·4h:1 EQL·15m:1 EQL·1h:1 EQL·4h:1 iFVG(bull)·15m:28 iFVG(bull)·1h:28 iFVG(bull)·4h:28]
09-08 16:50:38 [INFO] kernel/levels_score.go:575 🗺️ seated 9/22 in-band levels (proximity band ±38pt, 9 of them retained)
09-08 16:50:38 [WARN] trader/auto_trader.go:49 [trader_id=stage-a-benchmark] 🌑 dark regime at the ASIA read: 1/7 regime fields unavailable (vix_level) — plan still trustworthy
09-08 16:50:38 [INFO] trader/auto_trader.go:44 [trader_id=stage-a-benchmark] 🔬 detector recorded: 0 new episode(s) · pool 9 candidate(s) (8 seated, 1 cut) · k=3 Δ=1.84 band=±5.53 H=12 close · pre-formation bars skipped=41 · levels with no formation time=6
09-08 16:50:38 [INFO] trader/auto_trader.go:44 [trader_id=stage-a-benchmark] 📓 read facts: void=8 · floor=19.3 pts (1.5×ATR5m 12.89) · scope=1m×300 since=1788818400000 (cap 500)
09-08 16:50:38 [INFO] trader/auto_trader.go:44 [trader_id=stage-a-benchmark] 🗺️ G2 HTF detection @ASIA: 90 level(s) map[EQH·15m:1 EQH·1h:1 EQH·4h:1 EQL·15m:1 EQL·1h:1 EQL·4h:1 iFVG(bull)·15m:28 iFVG(bull)·1h:28 iFVG(bull)·4h:28]
09-08 16:50:38 [INFO] kernel/levels_score.go:575 🗺️ seated 9/22 in-band levels (proximity band ±38pt, 9 of them retained)
09-08 16:50:38 [WARN] trader/auto_trader.go:49 [trader_id=stage-a-benchmark] 🌑 dark regime at the ASIA read: 1/7 regime fields unavailable (vix_level) — plan still trustworthy
09-08 16:50:38 [INFO] trader/auto_trader.go:44 [trader_id=stage-a-benchmark] 🔬 detector recorded: 0 new episode(s) · pool 9 candidate(s) (8 seated, 1 cut) · k=3 Δ=1.84 band=±5.53 H=12 close · pre-formation bars skipped=41 · levels with no formation time=6
09-08 16:50:38 [INFO] trader/auto_trader.go:44 [trader_id=stage-a-benchmark] 📓 read facts: void=8 · floor=19.3 pts (1.5×ATR5m 12.89) · scope=1m×300 since=1788818400000 (cap 500)
09-08 16:50:38 [INFO] trader/auto_trader.go:44 [trader_id=stage-a-benchmark] 🗺️ G2 HTF detection @ASIA: 90 level(s) map[EQH·15m:1 EQH·1h:1 EQH·4h:1 EQL·15m:1 EQL·1h:1 EQL·4h:1 iFVG(bull)·15m:28 iFVG(bull)·1h:28 iFVG(bull)·4h:28]
09-08 16:50:38 [INFO] kernel/levels_score.go:575 🗺️ seated 9/22 in-band levels (proximity band ±38pt, 9 of them retained)
09-08 16:50:38 [WARN] trader/auto_trader.go:49 [trader_id=stage-a-benchmark] 🌑 dark regime at the ASIA read: 1/7 regime fields unavailable (vix_level) — plan still trustworthy
09-08 16:50:38 [INFO] trader/auto_trader.go:44 [trader_id=stage-a-benchmark] 🔬 detector recorded: 0 new episode(s) · pool 9 candidate(s) (8 seated, 1 cut) · k=3 Δ=1.84 band=±5.53 H=12 close · pre-formation bars skipped=41 · levels with no formation time=6
09-08 16:50:38 [INFO] trader/auto_trader.go:44 [trader_id=stage-a-benchmark] 📓 read facts: void=8 · floor=19.3 pts (1.5×ATR5m 12.89) · scope=1m×300 since=1788818400000 (cap 500)
09-08 16:50:38 [INFO] trader/auto_trader.go:44 [trader_id=stage-a-benchmark] 🗺️ G2 HTF detection @ASIA: 90 level(s) map[EQH·15m:1 EQH·1h:1 EQH·4h:1 EQL·15m:1 EQL·1h:1 EQL·4h:1 iFVG(bull)·15m:28 iFVG(bull)·1h:28 iFVG(bull)·4h:28]
09-08 16:50:38 [INFO] kernel/levels_score.go:575 🗺️ seated 9/22 in-band levels (proximity band ±38pt, 9 of them retained)
09-08 16:50:38 [WARN] trader/auto_trader.go:49 [trader_id=stage-a-benchmark] 🌑 dark regime at the ASIA read: 1/7 regime fields unavailable (vix_level) — plan still trustworthy
09-08 16:50:38 [INFO] trader/auto_trader.go:44 [trader_id=stage-a-benchmark] 🔬 detector recorded: 0 new episode(s) · pool 9 candidate(s) (8 seated, 1 cut) · k=3 Δ=1.84 band=±5.53 H=12 close · pre-formation bars skipped=41 · levels with no formation time=6
09-08 16:50:38 [INFO] trader/auto_trader.go:44 [trader_id=stage-a-benchmark] 📓 read facts: void=8 · floor=19.3 pts (1.5×ATR5m 12.89) · scope=1m×300 since=1788818400000 (cap 500)
09-08 16:50:38 [INFO] trader/auto_trader.go:44 [trader_id=stage-a-benchmark] 🗺️ G2 HTF detection @ASIA: 90 level(s) map[EQH·15m:1 EQH·1h:1 EQH·4h:1 EQL·15m:1 EQL·1h:1 EQL·4h:1 iFVG(bull)·15m:28 iFVG(bull)·1h:28 iFVG(bull)·4h:28]
09-08 16:50:38 [INFO] kernel/levels_score.go:575 🗺️ seated 9/22 in-band levels (proximity band ±38pt, 9 of them retained)
09-08 16:50:38 [WARN] trader/auto_trader.go:49 [trader_id=stage-a-benchmark] 🌑 dark regime at the ASIA read: 1/7 regime fields unavailable (vix_level) — plan still trustworthy
09-08 16:50:38 [INFO] trader/auto_trader.go:44 [trader_id=stage-a-benchmark] 🔬 detector recorded: 0 new episode(s) · pool 9 candidate(s) (8 seated, 1 cut) · k=3 Δ=1.84 band=±5.53 H=12 close · pre-formation bars skipped=41 · levels with no formation time=6
09-08 16:50:38 [INFO] trader/auto_trader.go:44 [trader_id=stage-a-benchmark] 📓 read facts: void=8 · floor=19.3 pts (1.5×ATR5m 12.89) · scope=1m×300 since=1788818400000 (cap 500)
09-08 16:50:38 [INFO] trader/auto_trader.go:44 [trader_id=stage-a-benchmark] 🗺️ G2 HTF detection @ASIA: 90 level(s) map[EQH·15m:1 EQH·1h:1 EQH·4h:1 EQL·15m:1 EQL·1h:1 EQL·4h:1 iFVG(bull)·15m:28 iFVG(bull)·1h:28 iFVG(bull)·4h:28]
09-08 16:50:38 [INFO] kernel/levels_score.go:575 🗺️ seated 9/22 in-band levels (proximity band ±38pt, 9 of them retained)
09-08 16:50:38 [WARN] trader/auto_trader.go:49 [trader_id=stage-a-benchmark] 🌑 dark regime at the ASIA read: 1/7 regime fields unavailable (vix_level) — plan still trustworthy
09-08 16:50:38 [INFO] trader/auto_trader.go:44 [trader_id=stage-a-benchmark] 🔬 detector recorded: 0 new episode(s) · pool 9 candidate(s) (8 seated, 1 cut) · k=3 Δ=1.84 band=±5.53 H=12 close · pre-formation bars skipped=41 · levels with no formation time=6
09-08 16:50:38 [INFO] trader/auto_trader.go:44 [trader_id=stage-a-benchmark] 📓 read facts: void=8 · floor=19.3 pts (1.5×ATR5m 12.89) · scope=1m×300 since=1788818400000 (cap 500)
09-08 16:50:38 [INFO] trader/auto_trader.go:44 [trader_id=stage-a-benchmark] 🗺️ G2 HTF detection @ASIA: 90 level(s) map[EQH·15m:1 EQH·1h:1 EQH·4h:1 EQL·15m:1 EQL·1h:1 EQL·4h:1 iFVG(bull)·15m:28 iFVG(bull)·1h:28 iFVG(bull)·4h:28]
09-08 16:50:38 [INFO] kernel/levels_score.go:575 🗺️ seated 9/22 in-band levels (proximity band ±38pt, 9 of them retained)
09-08 16:50:38 [WARN] trader/auto_trader.go:49 [trader_id=stage-a-benchmark] 🌑 dark regime at the ASIA read: 1/7 regime fields unavailable (vix_level) — plan still trustworthy
09-08 16:50:38 [INFO] trader/auto_trader.go:44 [trader_id=stage-a-benchmark] 🔬 detector recorded: 0 new episode(s) · pool 9 candidate(s) (8 seated, 1 cut) · k=3 Δ=1.84 band=±5.53 H=12 close · pre-formation bars skipped=41 · levels with no formation time=6
09-08 16:50:38 [INFO] trader/auto_trader.go:44 [trader_id=stage-a-benchmark] 📓 read facts: void=8 · floor=19.3 pts (1.5×ATR5m 12.89) · scope=1m×300 since=1788818400000 (cap 500)
09-08 16:50:38 [INFO] trader/auto_trader.go:44 [trader_id=stage-a-benchmark] 🗺️ G2 HTF detection @ASIA: 90 level(s) map[EQH·15m:1 EQH·1h:1 EQH·4h:1 EQL·15m:1 EQL·1h:1 EQL·4h:1 iFVG(bull)·15m:28 iFVG(bull)·1h:28 iFVG(bull)·4h:28]
09-08 16:50:38 [INFO] kernel/levels_score.go:575 🗺️ seated 9/22 in-band levels (proximity band ±38pt, 9 of them retained)
09-08 16:50:38 [WARN] trader/auto_trader.go:49 [trader_id=stage-a-benchmark] 🌑 dark regime at the ASIA read: 1/7 regime fields unavailable (vix_level) — plan still trustworthy
09-08 16:50:38 [INFO] trader/auto_trader.go:44 [trader_id=stage-a-benchmark] 🔬 detector recorded: 0 new episode(s) · pool 9 candidate(s) (8 seated, 1 cut) · k=3 Δ=1.84 band=±5.53 H=12 close · pre-formation bars skipped=41 · levels with no formation time=6
09-08 16:50:38 [INFO] trader/auto_trader.go:44 [trader_id=stage-a-benchmark] 📓 read facts: void=8 · floor=19.3 pts (1.5×ATR5m 12.89) · scope=1m×300 since=1788818400000 (cap 500)
09-08 16:50:38 [INFO] trader/auto_trader.go:44 [trader_id=stage-a-benchmark] 🗺️ G2 HTF detection @ASIA: 90 level(s) map[EQH·15m:1 EQH·1h:1 EQH·4h:1 EQL·15m:1 EQL·1h:1 EQL·4h:1 iFVG(bull)·15m:28 iFVG(bull)·1h:28 iFVG(bull)·4h:28]
09-08 16:50:38 [INFO] kernel/levels_score.go:575 🗺️ seated 9/22 in-band levels (proximity band ±38pt, 9 of them retained)
09-08 16:50:38 [WARN] trader/auto_trader.go:49 [trader_id=stage-a-benchmark] 🌑 dark regime at the ASIA read: 1/7 regime fields unavailable (vix_level) — plan still trustworthy
09-08 16:50:38 [INFO] trader/auto_trader.go:44 [trader_id=stage-a-benchmark] 🔬 detector recorded: 0 new episode(s) · pool 9 candidate(s) (8 seated, 1 cut) · k=3 Δ=1.84 band=±5.53 H=12 close · pre-formation bars skipped=41 · levels with no formation time=6
09-08 16:50:38 [INFO] trader/auto_trader.go:44 [trader_id=stage-a-benchmark] 📓 read facts: void=8 · floor=19.3 pts (1.5×ATR5m 12.89) · scope=1m×300 since=1788818400000 (cap 500)
09-08 16:50:38 [INFO] trader/auto_trader.go:44 [trader_id=stage-a-benchmark] 🗺️ G2 HTF detection @ASIA: 90 level(s) map[EQH·15m:1 EQH·1h:1 EQH·4h:1 EQL·15m:1 EQL·1h:1 EQL·4h:1 iFVG(bull)·15m:28 iFVG(bull)·1h:28 iFVG(bull)·4h:28]
09-08 16:50:38 [INFO] kernel/levels_score.go:575 🗺️ seated 9/22 in-band levels (proximity band ±38pt, 9 of them retained)
09-08 16:50:38 [WARN] trader/auto_trader.go:49 [trader_id=stage-a-benchmark] 🌑 dark regime at the ASIA read: 1/7 regime fields unavailable (vix_level) — plan still trustworthy
09-08 16:50:38 [INFO] trader/auto_trader.go:44 [trader_id=stage-a-benchmark] 🔬 detector recorded: 0 new episode(s) · pool 9 candidate(s) (8 seated, 1 cut) · k=3 Δ=1.84 band=±5.53 H=12 close · pre-formation bars skipped=41 · levels with no formation time=6
09-08 16:50:38 [INFO] trader/auto_trader.go:44 [trader_id=stage-a-benchmark] 📓 read facts: void=8 · floor=19.3 pts (1.5×ATR5m 12.89) · scope=1m×300 since=1788818400000 (cap 500)
09-08 16:50:38 [INFO] trader/auto_trader.go:44 [trader_id=stage-a-benchmark] 🗺️ G2 HTF detection @ASIA: 90 level(s) map[EQH·15m:1 EQH·1h:1 EQH·4h:1 EQL·15m:1 EQL·1h:1 EQL·4h:1 iFVG(bull)·15m:28 iFVG(bull)·1h:28 iFVG(bull)·4h:28]
09-08 16:50:38 [INFO] kernel/levels_score.go:575 🗺️ seated 9/22 in-band levels (proximity band ±38pt, 9 of them retained)
09-08 16:50:38 [WARN] trader/auto_trader.go:49 [trader_id=stage-a-benchmark] 🌑 dark regime at the ASIA read: 1/7 regime fields unavailable (vix_level) — plan still trustworthy
09-08 16:50:38 [INFO] trader/auto_trader.go:44 [trader_id=stage-a-benchmark] 🔬 detector recorded: 0 new episode(s) · pool 9 candidate(s) (8 seated, 1 cut) · k=3 Δ=1.84 band=±5.53 H=12 close · pre-formation bars skipped=41 · levels with no formation time=6
09-08 16:50:38 [INFO] trader/auto_trader.go:44 [trader_id=stage-a-benchmark] 📓 read facts: void=8 · floor=19.3 pts (1.5×ATR5m 12.89) · scope=1m×300 since=1788818400000 (cap 500)
09-08 16:50:38 [INFO] trader/auto_trader.go:44 [trader_id=stage-a-benchmark] 🗺️ G2 HTF detection @ASIA: 90 level(s) map[EQH·15m:1 EQH·1h:1 EQH·4h:1 EQL·15m:1 EQL·1h:1 EQL·4h:1 iFVG(bull)·15m:28 iFVG(bull)·1h:28 iFVG(bull)·4h:28]
09-08 16:50:38 [INFO] kernel/levels_score.go:575 🗺️ seated 9/22 in-band levels (proximity band ±38pt, 9 of them retained)
09-08 16:50:38 [WARN] trader/auto_trader.go:49 [trader_id=stage-a-benchmark] 🌑 dark regime at the ASIA read: 1/7 regime fields unavailable (vix_level) — plan still trustworthy
09-08 16:50:38 [INFO] trader/auto_trader.go:44 [trader_id=stage-a-benchmark] 🔬 detector recorded: 0 new episode(s) · pool 9 candidate(s) (8 seated, 1 cut) · k=3 Δ=1.84 band=±5.53 H=12 close · pre-formation bars skipped=41 · levels with no formation time=6
09-08 16:50:38 [INFO] trader/auto_trader.go:44 [trader_id=stage-a-benchmark] 📓 read facts: void=8 · floor=19.3 pts (1.5×ATR5m 12.89) · scope=1m×300 since=1788818400000 (cap 500)
09-08 16:50:38 [INFO] trader/auto_trader.go:44 [trader_id=stage-a-benchmark] 🗺️ G2 HTF detection @ASIA: 90 level(s) map[EQH·15m:1 EQH·1h:1 EQH·4h:1 EQL·15m:1 EQL·1h:1 EQL·4h:1 iFVG(bull)·15m:28 iFVG(bull)·1h:28 iFVG(bull)·4h:28]
09-08 16:50:38 [INFO] kernel/levels_score.go:575 🗺️ seated 9/22 in-band levels (proximity band ±38pt, 9 of them retained)
09-08 16:50:38 [WARN] trader/auto_trader.go:49 [trader_id=stage-a-benchmark] 🌑 dark regime at the ASIA read: 1/7 regime fields unavailable (vix_level) — plan still trustworthy
09-08 16:50:38 [INFO] trader/auto_trader.go:44 [trader_id=stage-a-benchmark] 🔬 detector recorded: 0 new episode(s) · pool 9 candidate(s) (8 seated, 1 cut) · k=3 Δ=1.84 band=±5.53 H=12 close · pre-formation bars skipped=41 · levels with no formation time=6
09-08 16:50:38 [INFO] trader/auto_trader.go:44 [trader_id=stage-a-benchmark] 📓 read facts: void=8 · floor=19.3 pts (1.5×ATR5m 12.89) · scope=1m×300 since=1788818400000 (cap 500)
09-08 16:50:38 [INFO] trader/auto_trader.go:44 [trader_id=stage-a-benchmark] 🗺️ G2 HTF detection @ASIA: 90 level(s) map[EQH·15m:1 EQH·1h:1 EQH·4h:1 EQL·15m:1 EQL·1h:1 EQL·4h:1 iFVG(bull)·15m:28 iFVG(bull)·1h:28 iFVG(bull)·4h:28]
09-08 16:50:38 [INFO] kernel/levels_score.go:575 🗺️ seated 9/22 in-band levels (proximity band ±38pt, 9 of them retained)
09-08 16:50:38 [WARN] trader/auto_trader.go:49 [trader_id=stage-a-benchmark] 🌑 dark regime at the ASIA read: 1/7 regime fields unavailable (vix_level) — plan still trustworthy
09-08 16:50:38 [INFO] trader/auto_trader.go:44 [trader_id=stage-a-benchmark] 🔬 detector recorded: 0 new episode(s) · pool 9 candidate(s) (8 seated, 1 cut) · k=3 Δ=1.84 band=±5.53 H=12 close · pre-formation bars skipped=41 · levels with no formation time=6
09-08 16:50:38 [INFO] trader/auto_trader.go:44 [trader_id=stage-a-benchmark] 📓 read facts: void=8 · floor=19.3 pts (1.5×ATR5m 12.89) · scope=1m×300 since=1788818400000 (cap 500)
09-08 16:50:38 [INFO] trader/auto_trader.go:44 [trader_id=stage-a-benchmark] 🗺️ G2 HTF detection @ASIA: 90 level(s) map[EQH·15m:1 EQH·1h:1 EQH·4h:1 EQL·15m:1 EQL·1h:1 EQL·4h:1 iFVG(bull)·15m:28 iFVG(bull)·1h:28 iFVG(bull)·4h:28]
09-08 16:50:38 [INFO] kernel/levels_score.go:575 🗺️ seated 9/22 in-band levels (proximity band ±38pt, 9 of them retained)
09-08 16:50:38 [WARN] trader/auto_trader.go:49 [trader_id=stage-a-benchmark] 🌑 dark regime at the ASIA read: 1/7 regime fields unavailable (vix_level) — plan still trustworthy
09-08 16:50:38 [INFO] trader/auto_trader.go:44 [trader_id=stage-a-benchmark] 🔬 detector recorded: 0 new episode(s) · pool 9 candidate(s) (8 seated, 1 cut) · k=3 Δ=1.84 band=±5.53 H=12 close · pre-formation bars skipped=41 · levels with no formation time=6
09-08 16:50:38 [INFO] trader/auto_trader.go:44 [trader_id=stage-a-benchmark] 📓 read facts: void=8 · floor=19.3 pts (1.5×ATR5m 12.89) · scope=1m×300 since=1788818400000 (cap 500)
09-08 16:50:38 [INFO] trader/auto_trader.go:44 [trader_id=stage-a-benchmark] 🗺️ G2 HTF detection @ASIA: 90 level(s) map[EQH·15m:1 EQH·1h:1 EQH·4h:1 EQL·15m:1 EQL·1h:1 EQL·4h:1 iFVG(bull)·15m:28 iFVG(bull)·1h:28 iFVG(bull)·4h:28]
09-08 16:50:38 [INFO] kernel/levels_score.go:575 🗺️ seated 9/22 in-band levels (proximity band ±38pt, 9 of them retained)
09-08 16:50:38 [WARN] trader/auto_trader.go:49 [trader_id=stage-a-benchmark] 🌑 dark regime at the ASIA read: 1/7 regime fields unavailable (vix_level) — plan still trustworthy
09-08 16:50:38 [INFO] trader/auto_trader.go:44 [trader_id=stage-a-benchmark] 🔬 detector recorded: 0 new episode(s) · pool 9 candidate(s) (8 seated, 1 cut) · k=3 Δ=1.84 band=±5.53 H=12 close · pre-formation bars skipped=41 · levels with no formation time=6
09-08 16:50:38 [INFO] trader/auto_trader.go:44 [trader_id=stage-a-benchmark] 📓 read facts: void=8 · floor=19.3 pts (1.5×ATR5m 12.89) · scope=1m×300 since=1788818400000 (cap 500)
09-08 16:50:38 [INFO] trader/auto_trader.go:44 [trader_id=stage-a-benchmark] 🗺️ G2 HTF detection @ASIA: 90 level(s) map[EQH·15m:1 EQH·1h:1 EQH·4h:1 EQL·15m:1 EQL·1h:1 EQL·4h:1 iFVG(bull)·15m:28 iFVG(bull)·1h:28 iFVG(bull)·4h:28]
09-08 16:50:38 [INFO] kernel/levels_score.go:575 🗺️ seated 9/22 in-band levels (proximity band ±38pt, 9 of them retained)
09-08 16:50:38 [WARN] trader/auto_trader.go:49 [trader_id=stage-a-benchmark] 🌑 dark regime at the ASIA read: 1/7 regime fields unavailable (vix_level) — plan still trustworthy
09-08 16:50:38 [INFO] trader/auto_trader.go:44 [trader_id=stage-a-benchmark] 🔬 detector recorded: 0 new episode(s) · pool 9 candidate(s) (8 seated, 1 cut) · k=3 Δ=1.84 band=±5.53 H=12 close · pre-formation bars skipped=41 · levels with no formation time=6
09-08 16:50:38 [INFO] trader/auto_trader.go:44 [trader_id=stage-a-benchmark] 📓 read facts: void=8 · floor=19.3 pts (1.5×ATR5m 12.89) · scope=1m×300 since=1788818400000 (cap 500)
09-08 16:50:38 [INFO] trader/auto_trader.go:44 [trader_id=stage-a-benchmark] 🗺️ G2 HTF detection @ASIA: 90 level(s) map[EQH·15m:1 EQH·1h:1 EQH·4h:1 EQL·15m:1 EQL·1h:1 EQL·4h:1 iFVG(bull)·15m:28 iFVG(bull)·1h:28 iFVG(bull)·4h:28]
09-08 16:50:38 [INFO] kernel/levels_score.go:575 🗺️ seated 9/22 in-band levels (proximity band ±38pt, 9 of them retained)
09-08 16:50:38 [WARN] trader/auto_trader.go:49 [trader_id=stage-a-benchmark] 🌑 dark regime at the ASIA read: 1/7 regime fields unavailable (vix_level) — plan still trustworthy
09-08 16:50:38 [INFO] trader/auto_trader.go:44 [trader_id=stage-a-benchmark] 🔬 detector recorded: 0 new episode(s) · pool 9 candidate(s) (8 seated, 1 cut) · k=3 Δ=1.84 band=±5.53 H=12 close · pre-formation bars skipped=41 · levels with no formation time=6
09-08 16:50:38 [INFO] trader/auto_trader.go:44 [trader_id=stage-a-benchmark] 📓 read facts: void=8 · floor=19.3 pts (1.5×ATR5m 12.89) · scope=1m×300 since=1788818400000 (cap 500)
09-08 16:50:38 [INFO] trader/auto_trader.go:44 [trader_id=stage-a-benchmark] 🗺️ G2 HTF detection @ASIA: 90 level(s) map[EQH·15m:1 EQH·1h:1 EQH·4h:1 EQL·15m:1 EQL·1h:1 EQL·4h:1 iFVG(bull)·15m:28 iFVG(bull)·1h:28 iFVG(bull)·4h:28]
09-08 16:50:38 [INFO] kernel/levels_score.go:575 🗺️ seated 9/22 in-band levels (proximity band ±38pt, 9 of them retained)
09-08 16:50:38 [WARN] trader/auto_trader.go:49 [trader_id=stage-a-benchmark] 🌑 dark regime at the ASIA read: 1/7 regime fields unavailable (vix_level) — plan still trustworthy
09-08 16:50:38 [INFO] trader/auto_trader.go:44 [trader_id=stage-a-benchmark] 🔬 detector recorded: 0 new episode(s) · pool 9 candidate(s) (8 seated, 1 cut) · k=3 Δ=1.84 band=±5.53 H=12 close · pre-formation bars skipped=41 · levels with no formation time=6
09-08 16:50:38 [INFO] trader/auto_trader.go:44 [trader_id=stage-a-benchmark] 📓 read facts: void=8 · floor=19.3 pts (1.5×ATR5m 12.89) · scope=1m×300 since=1788818400000 (cap 500)
09-08 16:50:38 [INFO] trader/auto_trader.go:44 [trader_id=stage-a-benchmark] 🗺️ G2 HTF detection @ASIA: 90 level(s) map[EQH·15m:1 EQH·1h:1 EQH·4h:1 EQL·15m:1 EQL·1h:1 EQL·4h:1 iFVG(bull)·15m:28 iFVG(bull)·1h:28 iFVG(bull)·4h:28]
09-08 16:50:38 [INFO] kernel/levels_score.go:575 🗺️ seated 9/22 in-band levels (proximity band ±38pt, 9 of them retained)
09-08 16:50:38 [WARN] trader/auto_trader.go:49 [trader_id=stage-a-benchmark] 🌑 dark regime at the ASIA read: 1/7 regime fields unavailable (vix_level) — plan still trustworthy
09-08 16:50:38 [INFO] trader/auto_trader.go:44 [trader_id=stage-a-benchmark] 🔬 detector recorded: 0 new episode(s) · pool 9 candidate(s) (8 seated, 1 cut) · k=3 Δ=1.84 band=±5.53 H=12 close · pre-formation bars skipped=41 · levels with no formation time=6
09-08 16:50:38 [INFO] trader/auto_trader.go:44 [trader_id=stage-a-benchmark] 📓 read facts: void=8 · floor=19.3 pts (1.5×ATR5m 12.89) · scope=1m×300 since=1788818400000 (cap 500)
09-08 16:50:38 [INFO] trader/auto_trader.go:44 [trader_id=stage-a-benchmark] 🗺️ G2 HTF detection @ASIA: 90 level(s) map[EQH·15m:1 EQH·1h:1 EQH·4h:1 EQL·15m:1 EQL·1h:1 EQL·4h:1 iFVG(bull)·15m:28 iFVG(bull)·1h:28 iFVG(bull)·4h:28]
09-08 16:50:38 [INFO] kernel/levels_score.go:575 🗺️ seated 9/22 in-band levels (proximity band ±38pt, 9 of them retained)
09-08 16:50:38 [WARN] trader/auto_trader.go:49 [trader_id=stage-a-benchmark] 🌑 dark regime at the ASIA read: 1/7 regime fields unavailable (vix_level) — plan still trustworthy
09-08 16:50:38 [INFO] trader/auto_trader.go:44 [trader_id=stage-a-benchmark] 🔬 detector recorded: 0 new episode(s) · pool 9 candidate(s) (8 seated, 1 cut) · k=3 Δ=1.84 band=±5.53 H=12 close · pre-formation bars skipped=41 · levels with no formation time=6
09-08 16:50:38 [INFO] trader/auto_trader.go:44 [trader_id=stage-a-benchmark] 📓 read facts: void=8 · floor=19.3 pts (1.5×ATR5m 12.89) · scope=1m×300 since=1788818400000 (cap 500)
09-08 16:50:38 [INFO] trader/auto_trader.go:44 [trader_id=stage-a-benchmark] 🗺️ G2 HTF detection @ASIA: 90 level(s) map[EQH·15m:1 EQH·1h:1 EQH·4h:1 EQL·15m:1 EQL·1h:1 EQL·4h:1 iFVG(bull)·15m:28 iFVG(bull)·1h:28 iFVG(bull)·4h:28]
09-08 16:50:38 [INFO] kernel/levels_score.go:575 🗺️ seated 9/22 in-band levels (proximity band ±38pt, 9 of them retained)
09-08 16:50:38 [WARN] trader/auto_trader.go:49 [trader_id=stage-a-benchmark] 🌑 dark regime at the ASIA read: 1/7 regime fields unavailable (vix_level) — plan still trustworthy
09-08 16:50:38 [INFO] trader/auto_trader.go:44 [trader_id=stage-a-benchmark] 🔬 detector recorded: 0 new episode(s) · pool 9 candidate(s) (8 seated, 1 cut) · k=3 Δ=1.84 band=±5.53 H=12 close · pre-formation bars skipped=41 · levels with no formation time=6
09-08 16:50:38 [INFO] trader/auto_trader.go:44 [trader_id=stage-a-benchmark] 📓 read facts: void=8 · floor=19.3 pts (1.5×ATR5m 12.89) · scope=1m×300 since=1788818400000 (cap 500)
09-08 16:50:38 [INFO] trader/auto_trader.go:44 [trader_id=stage-a-benchmark] 🗺️ G2 HTF detection @ASIA: 90 level(s) map[EQH·15m:1 EQH·1h:1 EQH·4h:1 EQL·15m:1 EQL·1h:1 EQL·4h:1 iFVG(bull)·15m:28 iFVG(bull)·1h:28 iFVG(bull)·4h:28]
09-08 16:50:38 [INFO] kernel/levels_score.go:575 🗺️ seated 9/22 in-band levels (proximity band ±38pt, 9 of them retained)
09-08 16:50:38 [WARN] trader/auto_trader.go:49 [trader_id=stage-a-benchmark] 🌑 dark regime at the ASIA read: 1/7 regime fields unavailable (vix_level) — plan still trustworthy
09-08 16:50:38 [INFO] trader/auto_trader.go:44 [trader_id=stage-a-benchmark] 🔬 detector recorded: 0 new episode(s) · pool 9 candidate(s) (8 seated, 1 cut) · k=3 Δ=1.84 band=±5.53 H=12 close · pre-formation bars skipped=41 · levels with no formation time=6
09-08 16:50:38 [INFO] trader/auto_trader.go:44 [trader_id=stage-a-benchmark] 📓 read facts: void=8 · floor=19.3 pts (1.5×ATR5m 12.89) · scope=1m×300 since=1788818400000 (cap 500)
09-08 16:50:38 [INFO] trader/auto_trader.go:44 [trader_id=stage-a-benchmark] 🗺️ G2 HTF detection @ASIA: 90 level(s) map[EQH·15m:1 EQH·1h:1 EQH·4h:1 EQL·15m:1 EQL·1h:1 EQL·4h:1 iFVG(bull)·15m:28 iFVG(bull)·1h:28 iFVG(bull)·4h:28]
09-08 16:50:38 [INFO] kernel/levels_score.go:575 🗺️ seated 9/22 in-band levels (proximity band ±38pt, 9 of them retained)
09-08 16:50:38 [WARN] trader/auto_trader.go:49 [trader_id=stage-a-benchmark] 🌑 dark regime at the ASIA read: 1/7 regime fields unavailable (vix_level) — plan still trustworthy
09-08 16:50:38 [INFO] trader/auto_trader.go:44 [trader_id=stage-a-benchmark] 🔬 detector recorded: 0 new episode(s) · pool 9 candidate(s) (8 seated, 1 cut) · k=3 Δ=1.84 band=±5.53 H=12 close · pre-formation bars skipped=41 · levels with no formation time=6
09-08 16:50:38 [INFO] trader/auto_trader.go:44 [trader_id=stage-a-benchmark] 📓 read facts: void=8 · floor=19.3 pts (1.5×ATR5m 12.89) · scope=1m×300 since=1788818400000 (cap 500)
09-08 16:50:38 [INFO] trader/auto_trader.go:44 [trader_id=stage-a-benchmark] 🗺️ G2 HTF detection @ASIA: 90 level(s) map[EQH·15m:1 EQH·1h:1 EQH·4h:1 EQL·15m:1 EQL·1h:1 EQL·4h:1 iFVG(bull)·15m:28 iFVG(bull)·1h:28 iFVG(bull)·4h:28]
09-08 16:50:38 [INFO] kernel/levels_score.go:575 🗺️ seated 9/22 in-band levels (proximity band ±38pt, 9 of them retained)
09-08 16:50:38 [WARN] trader/auto_trader.go:49 [trader_id=stage-a-benchmark] 🌑 dark regime at the ASIA read: 1/7 regime fields unavailable (vix_level) — plan still trustworthy
09-08 16:50:38 [INFO] trader/auto_trader.go:44 [trader_id=stage-a-benchmark] 🔬 detector recorded: 0 new episode(s) · pool 9 candidate(s) (8 seated, 1 cut) · k=3 Δ=1.84 band=±5.53 H=12 close · pre-formation bars skipped=41 · levels with no formation time=6
09-08 16:50:38 [INFO] trader/auto_trader.go:44 [trader_id=stage-a-benchmark] 📓 read facts: void=8 · floor=19.3 pts (1.5×ATR5m 12.89) · scope=1m×300 since=1788818400000 (cap 500)
09-08 16:50:38 [INFO] trader/auto_trader.go:44 [trader_id=stage-a-benchmark] 🗺️ G2 HTF detection @ASIA: 90 level(s) map[EQH·15m:1 EQH·1h:1 EQH·4h:1 EQL·15m:1 EQL·1h:1 EQL·4h:1 iFVG(bull)·15m:28 iFVG(bull)·1h:28 iFVG(bull)·4h:28]
09-08 16:50:38 [INFO] kernel/levels_score.go:575 🗺️ seated 9/22 in-band levels (proximity band ±38pt, 9 of them retained)
09-08 16:50:38 [WARN] trader/auto_trader.go:49 [trader_id=stage-a-benchmark] 🌑 dark regime at the ASIA read: 1/7 regime fields unavailable (vix_level) — plan still trustworthy
09-08 16:50:38 [INFO] trader/auto_trader.go:44 [trader_id=stage-a-benchmark] 🔬 detector recorded: 0 new episode(s) · pool 9 candidate(s) (8 seated, 1 cut) · k=3 Δ=1.84 band=±5.53 H=12 close · pre-formation bars skipped=41 · levels with no formation time=6
09-08 16:50:38 [INFO] trader/auto_trader.go:44 [trader_id=stage-a-benchmark] 📓 read facts: void=8 · floor=19.3 pts (1.5×ATR5m 12.89) · scope=1m×300 since=1788818400000 (cap 500)
09-08 16:50:38 [INFO] trader/auto_trader.go:44 [trader_id=stage-a-benchmark] 🗺️ G2 HTF detection @ASIA: 90 level(s) map[EQH·15m:1 EQH·1h:1 EQH·4h:1 EQL·15m:1 EQL·1h:1 EQL·4h:1 iFVG(bull)·15m:28 iFVG(bull)·1h:28 iFVG(bull)·4h:28]
09-08 16:50:38 [INFO] kernel/levels_score.go:575 🗺️ seated 9/22 in-band levels (proximity band ±38pt, 9 of them retained)
09-08 16:50:38 [WARN] trader/auto_trader.go:49 [trader_id=stage-a-benchmark] 🌑 dark regime at the ASIA read: 1/7 regime fields unavailable (vix_level) — plan still trustworthy
09-08 16:50:38 [INFO] trader/auto_trader.go:44 [trader_id=stage-a-benchmark] 🔬 detector recorded: 0 new episode(s) · pool 9 candidate(s) (8 seated, 1 cut) · k=3 Δ=1.84 band=±5.53 H=12 close · pre-formation bars skipped=41 · levels with no formation time=6
09-08 16:50:38 [INFO] trader/auto_trader.go:44 [trader_id=stage-a-benchmark] 📓 read facts: void=8 · floor=19.3 pts (1.5×ATR5m 12.89) · scope=1m×300 since=1788818400000 (cap 500)
09-08 16:50:38 [INFO] trader/auto_trader.go:44 [trader_id=stage-a-benchmark] 🗺️ G2 HTF detection @ASIA: 90 level(s) map[EQH·15m:1 EQH·1h:1 EQH·4h:1 EQL·15m:1 EQL·1h:1 EQL·4h:1 iFVG(bull)·15m:28 iFVG(bull)·1h:28 iFVG(bull)·4h:28]
09-08 16:50:38 [INFO] kernel/levels_score.go:575 🗺️ seated 9/22 in-band levels (proximity band ±38pt, 9 of them retained)
09-08 16:50:38 [WARN] trader/auto_trader.go:49 [trader_id=stage-a-benchmark] 🌑 dark regime at the ASIA read: 1/7 regime fields unavailable (vix_level) — plan still trustworthy
09-08 16:50:38 [INFO] trader/auto_trader.go:44 [trader_id=stage-a-benchmark] 🔬 detector recorded: 0 new episode(s) · pool 9 candidate(s) (8 seated, 1 cut) · k=3 Δ=1.84 band=±5.53 H=12 close · pre-formation bars skipped=41 · levels with no formation time=6
09-08 16:50:38 [INFO] trader/auto_trader.go:44 [trader_id=stage-a-benchmark] 📓 read facts: void=8 · floor=19.3 pts (1.5×ATR5m 12.89) · scope=1m×300 since=1788818400000 (cap 500)
09-08 16:50:38 [INFO] trader/auto_trader.go:44 [trader_id=stage-a-benchmark] 🗺️ G2 HTF detection @ASIA: 90 level(s) map[EQH·15m:1 EQH·1h:1 EQH·4h:1 EQL·15m:1 EQL·1h:1 EQL·4h:1 iFVG(bull)·15m:28 iFVG(bull)·1h:28 iFVG(bull)·4h:28]
09-08 16:50:38 [INFO] kernel/levels_score.go:575 🗺️ seated 9/22 in-band levels (proximity band ±38pt, 9 of them retained)
09-08 16:50:38 [WARN] trader/auto_trader.go:49 [trader_id=stage-a-benchmark] 🌑 dark regime at the ASIA read: 1/7 regime fields unavailable (vix_level) — plan still trustworthy
09-08 16:50:38 [INFO] trader/auto_trader.go:44 [trader_id=stage-a-benchmark] 🔬 detector recorded: 0 new episode(s) · pool 9 candidate(s) (8 seated, 1 cut) · k=3 Δ=1.84 band=±5.53 H=12 close · pre-formation bars skipped=41 · levels with no formation time=6
09-08 16:50:38 [INFO] trader/auto_trader.go:44 [trader_id=stage-a-benchmark] 📓 read facts: void=8 · floor=19.3 pts (1.5×ATR5m 12.89) · scope=1m×300 since=1788818400000 (cap 500)
09-08 16:50:38 [INFO] trader/auto_trader.go:44 [trader_id=stage-a-benchmark] 🗺️ G2 HTF detection @ASIA: 90 level(s) map[EQH·15m:1 EQH·1h:1 EQH·4h:1 EQL·15m:1 EQL·1h:1 EQL·4h:1 iFVG(bull)·15m:28 iFVG(bull)·1h:28 iFVG(bull)·4h:28]
09-08 16:50:38 [INFO] kernel/levels_score.go:575 🗺️ seated 9/22 in-band levels (proximity band ±38pt, 9 of them retained)
09-08 16:50:38 [WARN] trader/auto_trader.go:49 [trader_id=stage-a-benchmark] 🌑 dark regime at the ASIA read: 1/7 regime fields unavailable (vix_level) — plan still trustworthy
09-08 16:50:38 [INFO] trader/auto_trader.go:44 [trader_id=stage-a-benchmark] 🔬 detector recorded: 0 new episode(s) · pool 9 candidate(s) (8 seated, 1 cut) · k=3 Δ=1.84 band=±5.53 H=12 close · pre-formation bars skipped=41 · levels with no formation time=6
09-08 16:50:38 [INFO] trader/auto_trader.go:44 [trader_id=stage-a-benchmark] 📓 read facts: void=8 · floor=19.3 pts (1.5×ATR5m 12.89) · scope=1m×300 since=1788818400000 (cap 500)
09-08 16:50:38 [INFO] trader/auto_trader.go:44 [trader_id=stage-a-benchmark] 🗺️ G2 HTF detection @ASIA: 90 level(s) map[EQH·15m:1 EQH·1h:1 EQH·4h:1 EQL·15m:1 EQL·1h:1 EQL·4h:1 iFVG(bull)·15m:28 iFVG(bull)·1h:28 iFVG(bull)·4h:28]
09-08 16:50:38 [INFO] kernel/levels_score.go:575 🗺️ seated 9/22 in-band levels (proximity band ±38pt, 9 of them retained)
09-08 16:50:38 [WARN] trader/auto_trader.go:49 [trader_id=stage-a-benchmark] 🌑 dark regime at the ASIA read: 1/7 regime fields unavailable (vix_level) — plan still trustworthy
09-08 16:50:38 [INFO] trader/auto_trader.go:44 [trader_id=stage-a-benchmark] 🔬 detector recorded: 0 new episode(s) · pool 9 candidate(s) (8 seated, 1 cut) · k=3 Δ=1.84 band=±5.53 H=12 close · pre-formation bars skipped=41 · levels with no formation time=6
09-08 16:50:38 [INFO] trader/auto_trader.go:44 [trader_id=stage-a-benchmark] 📓 read facts: void=8 · floor=19.3 pts (1.5×ATR5m 12.89) · scope=1m×300 since=1788818400000 (cap 500)
09-08 16:50:38 [INFO] trader/auto_trader.go:44 [trader_id=stage-a-benchmark] 🗺️ G2 HTF detection @ASIA: 90 level(s) map[EQH·15m:1 EQH·1h:1 EQH·4h:1 EQL·15m:1 EQL·1h:1 EQL·4h:1 iFVG(bull)·15m:28 iFVG(bull)·1h:28 iFVG(bull)·4h:28]
09-08 16:50:38 [INFO] kernel/levels_score.go:575 🗺️ seated 9/22 in-band levels (proximity band ±38pt, 9 of them retained)
09-08 16:50:38 [WARN] trader/auto_trader.go:49 [trader_id=stage-a-benchmark] 🌑 dark regime at the ASIA read: 1/7 regime fields unavailable (vix_level) — plan still trustworthy
09-08 16:50:38 [INFO] trader/auto_trader.go:44 [trader_id=stage-a-benchmark] 🔬 detector recorded: 0 new episode(s) · pool 9 candidate(s) (8 seated, 1 cut) · k=3 Δ=1.84 band=±5.53 H=12 close · pre-formation bars skipped=41 · levels with no formation time=6
09-08 16:50:38 [INFO] trader/auto_trader.go:44 [trader_id=stage-a-benchmark] 📓 read facts: void=8 · floor=19.3 pts (1.5×ATR5m 12.89) · scope=1m×300 since=1788818400000 (cap 500)
09-08 16:50:38 [INFO] trader/auto_trader.go:44 [trader_id=stage-a-benchmark] 🗺️ G2 HTF detection @ASIA: 90 level(s) map[EQH·15m:1 EQH·1h:1 EQH·4h:1 EQL·15m:1 EQL·1h:1 EQL·4h:1 iFVG(bull)·15m:28 iFVG(bull)·1h:28 iFVG(bull)·4h:28]
09-08 16:50:38 [INFO] kernel/levels_score.go:575 🗺️ seated 9/22 in-band levels (proximity band ±38pt, 9 of them retained)
09-08 16:50:38 [WARN] trader/auto_trader.go:49 [trader_id=stage-a-benchmark] 🌑 dark regime at the ASIA read: 1/7 regime fields unavailable (vix_level) — plan still trustworthy
09-08 16:50:38 [INFO] trader/auto_trader.go:44 [trader_id=stage-a-benchmark] 🔬 detector recorded: 0 new episode(s) · pool 9 candidate(s) (8 seated, 1 cut) · k=3 Δ=1.84 band=±5.53 H=12 close · pre-formation bars skipped=41 · levels with no formation time=6
09-08 16:50:38 [INFO] trader/auto_trader.go:44 [trader_id=stage-a-benchmark] 📓 read facts: void=8 · floor=19.3 pts (1.5×ATR5m 12.89) · scope=1m×300 since=1788818400000 (cap 500)
09-08 16:50:38 [INFO] trader/auto_trader.go:44 [trader_id=stage-a-benchmark] 🗺️ G2 HTF detection @ASIA: 90 level(s) map[EQH·15m:1 EQH·1h:1 EQH·4h:1 EQL·15m:1 EQL·1h:1 EQL·4h:1 iFVG(bull)·15m:28 iFVG(bull)·1h:28 iFVG(bull)·4h:28]
09-08 16:50:38 [INFO] kernel/levels_score.go:575 🗺️ seated 9/22 in-band levels (proximity band ±38pt, 9 of them retained)
09-08 16:50:38 [WARN] trader/auto_trader.go:49 [trader_id=stage-a-benchmark] 🌑 dark regime at the ASIA read: 1/7 regime fields unavailable (vix_level) — plan still trustworthy
09-08 16:50:38 [INFO] trader/auto_trader.go:44 [trader_id=stage-a-benchmark] 🔬 detector recorded: 0 new episode(s) · pool 9 candidate(s) (8 seated, 1 cut) · k=3 Δ=1.84 band=±5.53 H=12 close · pre-formation bars skipped=41 · levels with no formation time=6
09-08 16:50:38 [INFO] trader/auto_trader.go:44 [trader_id=stage-a-benchmark] 📓 read facts: void=8 · floor=19.3 pts (1.5×ATR5m 12.89) · scope=1m×300 since=1788818400000 (cap 500)
09-08 16:50:38 [INFO] trader/auto_trader.go:44 [trader_id=stage-a-benchmark] 🗺️ G2 HTF detection @ASIA: 90 level(s) map[EQH·15m:1 EQH·1h:1 EQH·4h:1 EQL·15m:1 EQL·1h:1 EQL·4h:1 iFVG(bull)·15m:28 iFVG(bull)·1h:28 iFVG(bull)·4h:28]
09-08 16:50:38 [INFO] kernel/levels_score.go:575 🗺️ seated 9/22 in-band levels (proximity band ±38pt, 9 of them retained)
09-08 16:50:38 [WARN] trader/auto_trader.go:49 [trader_id=stage-a-benchmark] 🌑 dark regime at the ASIA read: 1/7 regime fields unavailable (vix_level) — plan still trustworthy
09-08 16:50:38 [INFO] trader/auto_trader.go:44 [trader_id=stage-a-benchmark] 🔬 detector recorded: 0 new episode(s) · pool 9 candidate(s) (8 seated, 1 cut) · k=3 Δ=1.84 band=±5.53 H=12 close · pre-formation bars skipped=41 · levels with no formation time=6
09-08 16:50:38 [INFO] trader/auto_trader.go:44 [trader_id=stage-a-benchmark] 📓 read facts: void=8 · floor=19.3 pts (1.5×ATR5m 12.89) · scope=1m×300 since=1788818400000 (cap 500)
09-08 16:50:38 [INFO] trader/auto_trader.go:44 [trader_id=stage-a-benchmark] 🗺️ G2 HTF detection @ASIA: 90 level(s) map[EQH·15m:1 EQH·1h:1 EQH·4h:1 EQL·15m:1 EQL·1h:1 EQL·4h:1 iFVG(bull)·15m:28 iFVG(bull)·1h:28 iFVG(bull)·4h:28]
09-08 16:50:38 [INFO] kernel/levels_score.go:575 🗺️ seated 9/22 in-band levels (proximity band ±38pt, 9 of them retained)
09-08 16:50:38 [WARN] trader/auto_trader.go:49 [trader_id=stage-a-benchmark] 🌑 dark regime at the ASIA read: 1/7 regime fields unavailable (vix_level) — plan still trustworthy
09-08 16:50:38 [INFO] trader/auto_trader.go:44 [trader_id=stage-a-benchmark] 🔬 detector recorded: 0 new episode(s) · pool 9 candidate(s) (8 seated, 1 cut) · k=3 Δ=1.84 band=±5.53 H=12 close · pre-formation bars skipped=41 · levels with no formation time=6
09-08 16:50:38 [INFO] trader/auto_trader.go:44 [trader_id=stage-a-benchmark] 📓 read facts: void=8 · floor=19.3 pts (1.5×ATR5m 12.89) · scope=1m×300 since=1788818400000 (cap 500)
09-08 16:50:38 [INFO] trader/auto_trader.go:44 [trader_id=stage-a-benchmark] 🗺️ G2 HTF detection @ASIA: 90 level(s) map[EQH·15m:1 EQH·1h:1 EQH·4h:1 EQL·15m:1 EQL·1h:1 EQL·4h:1 iFVG(bull)·15m:28 iFVG(bull)·1h:28 iFVG(bull)·4h:28]
09-08 16:50:38 [INFO] kernel/levels_score.go:575 🗺️ seated 9/22 in-band levels (proximity band ±38pt, 9 of them retained)
09-08 16:50:39 [WARN] trader/auto_trader.go:49 [trader_id=stage-a-benchmark] 🌑 dark regime at the ASIA read: 1/7 regime fields unavailable (vix_level) — plan still trustworthy
09-08 16:50:39 [INFO] trader/auto_trader.go:44 [trader_id=stage-a-benchmark] 🔬 detector recorded: 0 new episode(s) · pool 9 candidate(s) (8 seated, 1 cut) · k=3 Δ=1.84 band=±5.53 H=12 close · pre-formation bars skipped=41 · levels with no formation time=6
09-08 16:50:39 [INFO] trader/auto_trader.go:44 [trader_id=stage-a-benchmark] 📓 read facts: void=8 · floor=19.3 pts (1.5×ATR5m 12.89) · scope=1m×300 since=1788818400000 (cap 500)
09-08 16:50:39 [INFO] trader/auto_trader.go:44 [trader_id=stage-a-benchmark] 🗺️ G2 HTF detection @ASIA: 90 level(s) map[EQH·15m:1 EQH·1h:1 EQH·4h:1 EQL·15m:1 EQL·1h:1 EQL·4h:1 iFVG(bull)·15m:28 iFVG(bull)·1h:28 iFVG(bull)·4h:28]
09-08 16:50:39 [INFO] kernel/levels_score.go:575 🗺️ seated 9/22 in-band levels (proximity band ±38pt, 9 of them retained)
09-08 16:50:39 [WARN] trader/auto_trader.go:49 [trader_id=stage-a-benchmark] 🌑 dark regime at the ASIA read: 1/7 regime fields unavailable (vix_level) — plan still trustworthy
09-08 16:50:39 [INFO] trader/auto_trader.go:44 [trader_id=stage-a-benchmark] 🔬 detector recorded: 0 new episode(s) · pool 9 candidate(s) (8 seated, 1 cut) · k=3 Δ=1.84 band=±5.53 H=12 close · pre-formation bars skipped=41 · levels with no formation time=6
09-08 16:50:39 [INFO] trader/auto_trader.go:44 [trader_id=stage-a-benchmark] 📓 read facts: void=8 · floor=19.3 pts (1.5×ATR5m 12.89) · scope=1m×300 since=1788818400000 (cap 500)
09-08 16:50:39 [INFO] trader/auto_trader.go:44 [trader_id=stage-a-benchmark] 🗺️ G2 HTF detection @ASIA: 90 level(s) map[EQH·15m:1 EQH·1h:1 EQH·4h:1 EQL·15m:1 EQL·1h:1 EQL·4h:1 iFVG(bull)·15m:28 iFVG(bull)·1h:28 iFVG(bull)·4h:28]
09-08 16:50:39 [INFO] kernel/levels_score.go:575 🗺️ seated 9/22 in-band levels (proximity band ±38pt, 9 of them retained)
09-08 16:50:39 [WARN] trader/auto_trader.go:49 [trader_id=stage-a-benchmark] 🌑 dark regime at the ASIA read: 1/7 regime fields unavailable (vix_level) — plan still trustworthy
09-08 16:50:39 [INFO] trader/auto_trader.go:44 [trader_id=stage-a-benchmark] 🔬 detector recorded: 0 new episode(s) · pool 9 candidate(s) (8 seated, 1 cut) · k=3 Δ=1.84 band=±5.53 H=12 close · pre-formation bars skipped=41 · levels with no formation time=6
09-08 16:50:39 [INFO] trader/auto_trader.go:44 [trader_id=stage-a-benchmark] 📓 read facts: void=8 · floor=19.3 pts (1.5×ATR5m 12.89) · scope=1m×300 since=1788818400000 (cap 500)
09-08 16:50:39 [INFO] trader/auto_trader.go:44 [trader_id=stage-a-benchmark] 🗺️ G2 HTF detection @ASIA: 90 level(s) map[EQH·15m:1 EQH·1h:1 EQH·4h:1 EQL·15m:1 EQL·1h:1 EQL·4h:1 iFVG(bull)·15m:28 iFVG(bull)·1h:28 iFVG(bull)·4h:28]
09-08 16:50:39 [INFO] kernel/levels_score.go:575 🗺️ seated 9/22 in-band levels (proximity band ±38pt, 9 of them retained)
09-08 16:50:39 [WARN] trader/auto_trader.go:49 [trader_id=stage-a-benchmark] 🌑 dark regime at the ASIA read: 1/7 regime fields unavailable (vix_level) — plan still trustworthy
09-08 16:50:39 [INFO] trader/auto_trader.go:44 [trader_id=stage-a-benchmark] 🔬 detector recorded: 0 new episode(s) · pool 9 candidate(s) (8 seated, 1 cut) · k=3 Δ=1.84 band=±5.53 H=12 close · pre-formation bars skipped=41 · levels with no formation time=6
09-08 16:50:39 [INFO] trader/auto_trader.go:44 [trader_id=stage-a-benchmark] 📓 read facts: void=8 · floor=19.3 pts (1.5×ATR5m 12.89) · scope=1m×300 since=1788818400000 (cap 500)
09-08 16:50:39 [INFO] trader/auto_trader.go:44 [trader_id=stage-a-benchmark] 🗺️ G2 HTF detection @ASIA: 90 level(s) map[EQH·15m:1 EQH·1h:1 EQH·4h:1 EQL·15m:1 EQL·1h:1 EQL·4h:1 iFVG(bull)·15m:28 iFVG(bull)·1h:28 iFVG(bull)·4h:28]
09-08 16:50:39 [INFO] kernel/levels_score.go:575 🗺️ seated 9/22 in-band levels (proximity band ±38pt, 9 of them retained)
09-08 16:50:39 [WARN] trader/auto_trader.go:49 [trader_id=stage-a-benchmark] 🌑 dark regime at the ASIA read: 1/7 regime fields unavailable (vix_level) — plan still trustworthy
09-08 16:50:39 [INFO] trader/auto_trader.go:44 [trader_id=stage-a-benchmark] 🔬 detector recorded: 0 new episode(s) · pool 9 candidate(s) (8 seated, 1 cut) · k=3 Δ=1.84 band=±5.53 H=12 close · pre-formation bars skipped=41 · levels with no formation time=6
09-08 16:50:39 [INFO] trader/auto_trader.go:44 [trader_id=stage-a-benchmark] 📓 read facts: void=8 · floor=19.3 pts (1.5×ATR5m 12.89) · scope=1m×300 since=1788818400000 (cap 500)
09-08 16:50:39 [INFO] trader/auto_trader.go:44 [trader_id=stage-a-benchmark] 🗺️ G2 HTF detection @ASIA: 90 level(s) map[EQH·15m:1 EQH·1h:1 EQH·4h:1 EQL·15m:1 EQL·1h:1 EQL·4h:1 iFVG(bull)·15m:28 iFVG(bull)·1h:28 iFVG(bull)·4h:28]
09-08 16:50:39 [INFO] kernel/levels_score.go:575 🗺️ seated 9/22 in-band levels (proximity band ±38pt, 9 of them retained)
09-08 16:50:39 [WARN] trader/auto_trader.go:49 [trader_id=stage-a-benchmark] 🌑 dark regime at the ASIA read: 1/7 regime fields unavailable (vix_level) — plan still trustworthy
09-08 16:50:39 [INFO] trader/auto_trader.go:44 [trader_id=stage-a-benchmark] 🔬 detector recorded: 0 new episode(s) · pool 9 candidate(s) (8 seated, 1 cut) · k=3 Δ=1.84 band=±5.53 H=12 close · pre-formation bars skipped=41 · levels with no formation time=6
09-08 16:50:39 [INFO] trader/auto_trader.go:44 [trader_id=stage-a-benchmark] 📓 read facts: void=8 · floor=19.3 pts (1.5×ATR5m 12.89) · scope=1m×300 since=1788818400000 (cap 500)
09-08 16:50:39 [INFO] trader/auto_trader.go:44 [trader_id=stage-a-benchmark] 🗺️ G2 HTF detection @ASIA: 90 level(s) map[EQH·15m:1 EQH·1h:1 EQH·4h:1 EQL·15m:1 EQL·1h:1 EQL·4h:1 iFVG(bull)·15m:28 iFVG(bull)·1h:28 iFVG(bull)·4h:28]
09-08 16:50:39 [INFO] kernel/levels_score.go:575 🗺️ seated 9/22 in-band levels (proximity band ±38pt, 9 of them retained)
09-08 16:50:39 [WARN] trader/auto_trader.go:49 [trader_id=stage-a-benchmark] 🌑 dark regime at the ASIA read: 1/7 regime fields unavailable (vix_level) — plan still trustworthy
09-08 16:50:39 [INFO] trader/auto_trader.go:44 [trader_id=stage-a-benchmark] 🔬 detector recorded: 0 new episode(s) · pool 9 candidate(s) (8 seated, 1 cut) · k=3 Δ=1.84 band=±5.53 H=12 close · pre-formation bars skipped=41 · levels with no formation time=6
09-08 16:50:39 [INFO] trader/auto_trader.go:44 [trader_id=stage-a-benchmark] 📓 read facts: void=8 · floor=19.3 pts (1.5×ATR5m 12.89) · scope=1m×300 since=1788818400000 (cap 500)
09-08 16:50:39 [INFO] trader/auto_trader.go:44 [trader_id=stage-a-benchmark] 🗺️ G2 HTF detection @ASIA: 90 level(s) map[EQH·15m:1 EQH·1h:1 EQH·4h:1 EQL·15m:1 EQL·1h:1 EQL·4h:1 iFVG(bull)·15m:28 iFVG(bull)·1h:28 iFVG(bull)·4h:28]
09-08 16:50:39 [INFO] kernel/levels_score.go:575 🗺️ seated 9/22 in-band levels (proximity band ±38pt, 9 of them retained)
09-08 16:50:39 [WARN] trader/auto_trader.go:49 [trader_id=stage-a-benchmark] 🌑 dark regime at the ASIA read: 1/7 regime fields unavailable (vix_level) — plan still trustworthy
09-08 16:50:39 [INFO] trader/auto_trader.go:44 [trader_id=stage-a-benchmark] 🔬 detector recorded: 0 new episode(s) · pool 9 candidate(s) (8 seated, 1 cut) · k=3 Δ=1.84 band=±5.53 H=12 close · pre-formation bars skipped=41 · levels with no formation time=6
09-08 16:50:39 [INFO] trader/auto_trader.go:44 [trader_id=stage-a-benchmark] 📓 read facts: void=8 · floor=19.3 pts (1.5×ATR5m 12.89) · scope=1m×300 since=1788818400000 (cap 500)
09-08 16:50:39 [INFO] trader/auto_trader.go:44 [trader_id=stage-a-benchmark] 🗺️ G2 HTF detection @ASIA: 90 level(s) map[EQH·15m:1 EQH·1h:1 EQH·4h:1 EQL·15m:1 EQL·1h:1 EQL·4h:1 iFVG(bull)·15m:28 iFVG(bull)·1h:28 iFVG(bull)·4h:28]
09-08 16:50:39 [INFO] kernel/levels_score.go:575 🗺️ seated 9/22 in-band levels (proximity band ±38pt, 9 of them retained)
09-08 16:50:39 [WARN] trader/auto_trader.go:49 [trader_id=stage-a-benchmark] 🌑 dark regime at the ASIA read: 1/7 regime fields unavailable (vix_level) — plan still trustworthy
09-08 16:50:39 [INFO] trader/auto_trader.go:44 [trader_id=stage-a-benchmark] 🔬 detector recorded: 0 new episode(s) · pool 9 candidate(s) (8 seated, 1 cut) · k=3 Δ=1.84 band=±5.53 H=12 close · pre-formation bars skipped=41 · levels with no formation time=6
09-08 16:50:39 [INFO] trader/auto_trader.go:44 [trader_id=stage-a-benchmark] 📓 read facts: void=8 · floor=19.3 pts (1.5×ATR5m 12.89) · scope=1m×300 since=1788818400000 (cap 500)
09-08 16:50:39 [INFO] trader/auto_trader.go:44 [trader_id=stage-a-benchmark] 🗺️ G2 HTF detection @ASIA: 90 level(s) map[EQH·15m:1 EQH·1h:1 EQH·4h:1 EQL·15m:1 EQL·1h:1 EQL·4h:1 iFVG(bull)·15m:28 iFVG(bull)·1h:28 iFVG(bull)·4h:28]
09-08 16:50:39 [INFO] kernel/levels_score.go:575 🗺️ seated 9/22 in-band levels (proximity band ±38pt, 9 of them retained)
09-08 16:50:39 [WARN] trader/auto_trader.go:49 [trader_id=stage-a-benchmark] 🌑 dark regime at the ASIA read: 1/7 regime fields unavailable (vix_level) — plan still trustworthy
09-08 16:50:39 [INFO] trader/auto_trader.go:44 [trader_id=stage-a-benchmark] 🔬 detector recorded: 0 new episode(s) · pool 9 candidate(s) (8 seated, 1 cut) · k=3 Δ=1.84 band=±5.53 H=12 close · pre-formation bars skipped=41 · levels with no formation time=6
09-08 16:50:39 [INFO] trader/auto_trader.go:44 [trader_id=stage-a-benchmark] 📓 read facts: void=8 · floor=19.3 pts (1.5×ATR5m 12.89) · scope=1m×300 since=1788818400000 (cap 500)
09-08 16:50:39 [INFO] trader/auto_trader.go:44 [trader_id=stage-a-benchmark] 🗺️ G2 HTF detection @ASIA: 90 level(s) map[EQH·15m:1 EQH·1h:1 EQH·4h:1 EQL·15m:1 EQL·1h:1 EQL·4h:1 iFVG(bull)·15m:28 iFVG(bull)·1h:28 iFVG(bull)·4h:28]
09-08 16:50:39 [INFO] kernel/levels_score.go:575 🗺️ seated 9/22 in-band levels (proximity band ±38pt, 9 of them retained)
09-08 16:50:39 [WARN] trader/auto_trader.go:49 [trader_id=stage-a-benchmark] 🌑 dark regime at the ASIA read: 1/7 regime fields unavailable (vix_level) — plan still trustworthy
09-08 16:50:39 [INFO] trader/auto_trader.go:44 [trader_id=stage-a-benchmark] 🔬 detector recorded: 0 new episode(s) · pool 9 candidate(s) (8 seated, 1 cut) · k=3 Δ=1.84 band=±5.53 H=12 close · pre-formation bars skipped=41 · levels with no formation time=6
09-08 16:50:39 [INFO] trader/auto_trader.go:44 [trader_id=stage-a-benchmark] 📓 read facts: void=8 · floor=19.3 pts (1.5×ATR5m 12.89) · scope=1m×300 since=1788818400000 (cap 500)
09-08 16:50:39 [INFO] trader/auto_trader.go:44 [trader_id=stage-a-benchmark] 🗺️ G2 HTF detection @ASIA: 90 level(s) map[EQH·15m:1 EQH·1h:1 EQH·4h:1 EQL·15m:1 EQL·1h:1 EQL·4h:1 iFVG(bull)·15m:28 iFVG(bull)·1h:28 iFVG(bull)·4h:28]
09-08 16:50:39 [INFO] kernel/levels_score.go:575 🗺️ seated 9/22 in-band levels (proximity band ±38pt, 9 of them retained)
09-08 16:50:39 [WARN] trader/auto_trader.go:49 [trader_id=stage-a-benchmark] 🌑 dark regime at the ASIA read: 1/7 regime fields unavailable (vix_level) — plan still trustworthy
09-08 16:50:39 [INFO] trader/auto_trader.go:44 [trader_id=stage-a-benchmark] 🔬 detector recorded: 0 new episode(s) · pool 9 candidate(s) (8 seated, 1 cut) · k=3 Δ=1.84 band=±5.53 H=12 close · pre-formation bars skipped=41 · levels with no formation time=6
09-08 16:50:39 [INFO] trader/auto_trader.go:44 [trader_id=stage-a-benchmark] 📓 read facts: void=8 · floor=19.3 pts (1.5×ATR5m 12.89) · scope=1m×300 since=1788818400000 (cap 500)
09-08 16:50:39 [INFO] trader/auto_trader.go:44 [trader_id=stage-a-benchmark] 🗺️ G2 HTF detection @ASIA: 90 level(s) map[EQH·15m:1 EQH·1h:1 EQH·4h:1 EQL·15m:1 EQL·1h:1 EQL·4h:1 iFVG(bull)·15m:28 iFVG(bull)·1h:28 iFVG(bull)·4h:28]
09-08 16:50:39 [INFO] kernel/levels_score.go:575 🗺️ seated 9/22 in-band levels (proximity band ±38pt, 9 of them retained)
09-08 16:50:39 [WARN] trader/auto_trader.go:49 [trader_id=stage-a-benchmark] 🌑 dark regime at the ASIA read: 1/7 regime fields unavailable (vix_level) — plan still trustworthy
09-08 16:50:39 [INFO] trader/auto_trader.go:44 [trader_id=stage-a-benchmark] 🔬 detector recorded: 0 new episode(s) · pool 9 candidate(s) (8 seated, 1 cut) · k=3 Δ=1.84 band=±5.53 H=12 close · pre-formation bars skipped=41 · levels with no formation time=6
09-08 16:50:39 [INFO] trader/auto_trader.go:44 [trader_id=stage-a-benchmark] 📓 read facts: void=8 · floor=19.3 pts (1.5×ATR5m 12.89) · scope=1m×300 since=1788818400000 (cap 500)
09-08 16:50:39 [INFO] trader/auto_trader.go:44 [trader_id=stage-a-benchmark] 🗺️ G2 HTF detection @ASIA: 90 level(s) map[EQH·15m:1 EQH·1h:1 EQH·4h:1 EQL·15m:1 EQL·1h:1 EQL·4h:1 iFVG(bull)·15m:28 iFVG(bull)·1h:28 iFVG(bull)·4h:28]
09-08 16:50:39 [INFO] kernel/levels_score.go:575 🗺️ seated 9/22 in-band levels (proximity band ±38pt, 9 of them retained)
09-08 16:50:39 [WARN] trader/auto_trader.go:49 [trader_id=stage-a-benchmark] 🌑 dark regime at the ASIA read: 1/7 regime fields unavailable (vix_level) — plan still trustworthy
09-08 16:50:39 [INFO] trader/auto_trader.go:44 [trader_id=stage-a-benchmark] 🔬 detector recorded: 0 new episode(s) · pool 9 candidate(s) (8 seated, 1 cut) · k=3 Δ=1.84 band=±5.53 H=12 close · pre-formation bars skipped=41 · levels with no formation time=6
09-08 16:50:39 [INFO] trader/auto_trader.go:44 [trader_id=stage-a-benchmark] 📓 read facts: void=8 · floor=19.3 pts (1.5×ATR5m 12.89) · scope=1m×300 since=1788818400000 (cap 500)
09-08 16:50:39 [INFO] trader/auto_trader.go:44 [trader_id=stage-a-benchmark] 🗺️ G2 HTF detection @ASIA: 90 level(s) map[EQH·15m:1 EQH·1h:1 EQH·4h:1 EQL·15m:1 EQL·1h:1 EQL·4h:1 iFVG(bull)·15m:28 iFVG(bull)·1h:28 iFVG(bull)·4h:28]
09-08 16:50:39 [INFO] kernel/levels_score.go:575 🗺️ seated 9/22 in-band levels (proximity band ±38pt, 9 of them retained)
09-08 16:50:39 [WARN] trader/auto_trader.go:49 [trader_id=stage-a-benchmark] 🌑 dark regime at the ASIA read: 1/7 regime fields unavailable (vix_level) — plan still trustworthy
09-08 16:50:39 [INFO] trader/auto_trader.go:44 [trader_id=stage-a-benchmark] 🔬 detector recorded: 0 new episode(s) · pool 9 candidate(s) (8 seated, 1 cut) · k=3 Δ=1.84 band=±5.53 H=12 close · pre-formation bars skipped=41 · levels with no formation time=6
09-08 16:50:39 [INFO] trader/auto_trader.go:44 [trader_id=stage-a-benchmark] 📓 read facts: void=8 · floor=19.3 pts (1.5×ATR5m 12.89) · scope=1m×300 since=1788818400000 (cap 500)
09-08 16:50:39 [INFO] trader/auto_trader.go:44 [trader_id=stage-a-benchmark] 🗺️ G2 HTF detection @ASIA: 90 level(s) map[EQH·15m:1 EQH·1h:1 EQH·4h:1 EQL·15m:1 EQL·1h:1 EQL·4h:1 iFVG(bull)·15m:28 iFVG(bull)·1h:28 iFVG(bull)·4h:28]
09-08 16:50:39 [INFO] kernel/levels_score.go:575 🗺️ seated 9/22 in-band levels (proximity band ±38pt, 9 of them retained)
09-08 16:50:39 [WARN] trader/auto_trader.go:49 [trader_id=stage-a-benchmark] 🌑 dark regime at the ASIA read: 1/7 regime fields unavailable (vix_level) — plan still trustworthy
09-08 16:50:39 [INFO] trader/auto_trader.go:44 [trader_id=stage-a-benchmark] 🔬 detector recorded: 0 new episode(s) · pool 9 candidate(s) (8 seated, 1 cut) · k=3 Δ=1.84 band=±5.53 H=12 close · pre-formation bars skipped=41 · levels with no formation time=6
09-08 16:50:39 [INFO] trader/auto_trader.go:44 [trader_id=stage-a-benchmark] 📓 read facts: void=8 · floor=19.3 pts (1.5×ATR5m 12.89) · scope=1m×300 since=1788818400000 (cap 500)
09-08 16:50:39 [INFO] trader/auto_trader.go:44 [trader_id=stage-a-benchmark] 🗺️ G2 HTF detection @ASIA: 90 level(s) map[EQH·15m:1 EQH·1h:1 EQH·4h:1 EQL·15m:1 EQL·1h:1 EQL·4h:1 iFVG(bull)·15m:28 iFVG(bull)·1h:28 iFVG(bull)·4h:28]
09-08 16:50:39 [INFO] kernel/levels_score.go:575 🗺️ seated 9/22 in-band levels (proximity band ±38pt, 9 of them retained)
09-08 16:50:39 [WARN] trader/auto_trader.go:49 [trader_id=stage-a-benchmark] 🌑 dark regime at the ASIA read: 1/7 regime fields unavailable (vix_level) — plan still trustworthy
09-08 16:50:39 [INFO] trader/auto_trader.go:44 [trader_id=stage-a-benchmark] 🔬 detector recorded: 0 new episode(s) · pool 9 candidate(s) (8 seated, 1 cut) · k=3 Δ=1.84 band=±5.53 H=12 close · pre-formation bars skipped=41 · levels with no formation time=6
09-08 16:50:39 [INFO] trader/auto_trader.go:44 [trader_id=stage-a-benchmark] 📓 read facts: void=8 · floor=19.3 pts (1.5×ATR5m 12.89) · scope=1m×300 since=1788818400000 (cap 500)
09-08 16:50:39 [INFO] trader/auto_trader.go:44 [trader_id=stage-a-benchmark] 🗺️ G2 HTF detection @ASIA: 90 level(s) map[EQH·15m:1 EQH·1h:1 EQH·4h:1 EQL·15m:1 EQL·1h:1 EQL·4h:1 iFVG(bull)·15m:28 iFVG(bull)·1h:28 iFVG(bull)·4h:28]
09-08 16:50:39 [INFO] kernel/levels_score.go:575 🗺️ seated 9/22 in-band levels (proximity band ±38pt, 9 of them retained)
09-08 16:50:39 [WARN] trader/auto_trader.go:49 [trader_id=stage-a-benchmark] 🌑 dark regime at the ASIA read: 1/7 regime fields unavailable (vix_level) — plan still trustworthy
09-08 16:50:39 [INFO] trader/auto_trader.go:44 [trader_id=stage-a-benchmark] 🔬 detector recorded: 0 new episode(s) · pool 9 candidate(s) (8 seated, 1 cut) · k=3 Δ=1.84 band=±5.53 H=12 close · pre-formation bars skipped=41 · levels with no formation time=6
09-08 16:50:39 [INFO] trader/auto_trader.go:44 [trader_id=stage-a-benchmark] 📓 read facts: void=8 · floor=19.3 pts (1.5×ATR5m 12.89) · scope=1m×300 since=1788818400000 (cap 500)
09-08 16:50:39 [INFO] trader/auto_trader.go:44 [trader_id=stage-a-benchmark] 🗺️ G2 HTF detection @ASIA: 90 level(s) map[EQH·15m:1 EQH·1h:1 EQH·4h:1 EQL·15m:1 EQL·1h:1 EQL·4h:1 iFVG(bull)·15m:28 iFVG(bull)·1h:28 iFVG(bull)·4h:28]
09-08 16:50:39 [INFO] kernel/levels_score.go:575 🗺️ seated 9/22 in-band levels (proximity band ±38pt, 9 of them retained)
09-08 16:50:39 [WARN] trader/auto_trader.go:49 [trader_id=stage-a-benchmark] 🌑 dark regime at the ASIA read: 1/7 regime fields unavailable (vix_level) — plan still trustworthy
09-08 16:50:39 [INFO] trader/auto_trader.go:44 [trader_id=stage-a-benchmark] 🔬 detector recorded: 0 new episode(s) · pool 9 candidate(s) (8 seated, 1 cut) · k=3 Δ=1.84 band=±5.53 H=12 close · pre-formation bars skipped=41 · levels with no formation time=6
09-08 16:50:39 [INFO] trader/auto_trader.go:44 [trader_id=stage-a-benchmark] 📓 read facts: void=8 · floor=19.3 pts (1.5×ATR5m 12.89) · scope=1m×300 since=1788818400000 (cap 500)
09-08 16:50:39 [INFO] trader/auto_trader.go:44 [trader_id=stage-a-benchmark] 🗺️ G2 HTF detection @ASIA: 90 level(s) map[EQH·15m:1 EQH·1h:1 EQH·4h:1 EQL·15m:1 EQL·1h:1 EQL·4h:1 iFVG(bull)·15m:28 iFVG(bull)·1h:28 iFVG(bull)·4h:28]
09-08 16:50:39 [INFO] kernel/levels_score.go:575 🗺️ seated 9/22 in-band levels (proximity band ±38pt, 9 of them retained)
09-08 16:50:39 [WARN] trader/auto_trader.go:49 [trader_id=stage-a-benchmark] 🌑 dark regime at the ASIA read: 1/7 regime fields unavailable (vix_level) — plan still trustworthy
09-08 16:50:39 [INFO] trader/auto_trader.go:44 [trader_id=stage-a-benchmark] 🔬 detector recorded: 0 new episode(s) · pool 9 candidate(s) (8 seated, 1 cut) · k=3 Δ=1.84 band=±5.53 H=12 close · pre-formation bars skipped=41 · levels with no formation time=6
09-08 16:50:39 [INFO] trader/auto_trader.go:44 [trader_id=stage-a-benchmark] 📓 read facts: void=8 · floor=19.3 pts (1.5×ATR5m 12.89) · scope=1m×300 since=1788818400000 (cap 500)
09-08 16:50:39 [INFO] trader/auto_trader.go:44 [trader_id=stage-a-benchmark] 🗺️ G2 HTF detection @ASIA: 90 level(s) map[EQH·15m:1 EQH·1h:1 EQH·4h:1 EQL·15m:1 EQL·1h:1 EQL·4h:1 iFVG(bull)·15m:28 iFVG(bull)·1h:28 iFVG(bull)·4h:28]
09-08 16:50:39 [INFO] kernel/levels_score.go:575 🗺️ seated 9/22 in-band levels (proximity band ±38pt, 9 of them retained)
09-08 16:50:39 [WARN] trader/auto_trader.go:49 [trader_id=stage-a-benchmark] 🌑 dark regime at the ASIA read: 1/7 regime fields unavailable (vix_level) — plan still trustworthy
09-08 16:50:39 [INFO] trader/auto_trader.go:44 [trader_id=stage-a-benchmark] 🔬 detector recorded: 0 new episode(s) · pool 9 candidate(s) (8 seated, 1 cut) · k=3 Δ=1.84 band=±5.53 H=12 close · pre-formation bars skipped=41 · levels with no formation time=6
09-08 16:50:39 [INFO] trader/auto_trader.go:44 [trader_id=stage-a-benchmark] 📓 read facts: void=8 · floor=19.3 pts (1.5×ATR5m 12.89) · scope=1m×300 since=1788818400000 (cap 500)
09-08 16:50:39 [INFO] trader/auto_trader.go:44 [trader_id=stage-a-benchmark] 🗺️ G2 HTF detection @ASIA: 90 level(s) map[EQH·15m:1 EQH·1h:1 EQH·4h:1 EQL·15m:1 EQL·1h:1 EQL·4h:1 iFVG(bull)·15m:28 iFVG(bull)·1h:28 iFVG(bull)·4h:28]
09-08 16:50:39 [INFO] kernel/levels_score.go:575 🗺️ seated 9/22 in-band levels (proximity band ±38pt, 9 of them retained)
09-08 16:50:39 [WARN] trader/auto_trader.go:49 [trader_id=stage-a-benchmark] 🌑 dark regime at the ASIA read: 1/7 regime fields unavailable (vix_level) — plan still trustworthy
09-08 16:50:39 [INFO] trader/auto_trader.go:44 [trader_id=stage-a-benchmark] 🔬 detector recorded: 0 new episode(s) · pool 9 candidate(s) (8 seated, 1 cut) · k=3 Δ=1.84 band=±5.53 H=12 close · pre-formation bars skipped=41 · levels with no formation time=6
09-08 16:50:39 [INFO] trader/auto_trader.go:44 [trader_id=stage-a-benchmark] 📓 read facts: void=8 · floor=19.3 pts (1.5×ATR5m 12.89) · scope=1m×300 since=1788818400000 (cap 500)
09-08 16:50:39 [INFO] trader/auto_trader.go:44 [trader_id=stage-a-benchmark] 🗺️ G2 HTF detection @ASIA: 90 level(s) map[EQH·15m:1 EQH·1h:1 EQH·4h:1 EQL·15m:1 EQL·1h:1 EQL·4h:1 iFVG(bull)·15m:28 iFVG(bull)·1h:28 iFVG(bull)·4h:28]
09-08 16:50:39 [INFO] kernel/levels_score.go:575 🗺️ seated 9/22 in-band levels (proximity band ±38pt, 9 of them retained)
09-08 16:50:39 [WARN] trader/auto_trader.go:49 [trader_id=stage-a-benchmark] 🌑 dark regime at the ASIA read: 1/7 regime fields unavailable (vix_level) — plan still trustworthy
09-08 16:50:39 [INFO] trader/auto_trader.go:44 [trader_id=stage-a-benchmark] 🔬 detector recorded: 0 new episode(s) · pool 9 candidate(s) (8 seated, 1 cut) · k=3 Δ=1.84 band=±5.53 H=12 close · pre-formation bars skipped=41 · levels with no formation time=6
09-08 16:50:39 [INFO] trader/auto_trader.go:44 [trader_id=stage-a-benchmark] 📓 read facts: void=8 · floor=19.3 pts (1.5×ATR5m 12.89) · scope=1m×300 since=1788818400000 (cap 500)
09-08 16:50:39 [INFO] trader/auto_trader.go:44 [trader_id=stage-a-benchmark] 🗺️ G2 HTF detection @ASIA: 90 level(s) map[EQH·15m:1 EQH·1h:1 EQH·4h:1 EQL·15m:1 EQL·1h:1 EQL·4h:1 iFVG(bull)·15m:28 iFVG(bull)·1h:28 iFVG(bull)·4h:28]
09-08 16:50:39 [INFO] kernel/levels_score.go:575 🗺️ seated 9/22 in-band levels (proximity band ±38pt, 9 of them retained)
09-08 16:50:39 [WARN] trader/auto_trader.go:49 [trader_id=stage-a-benchmark] 🌑 dark regime at the ASIA read: 1/7 regime fields unavailable (vix_level) — plan still trustworthy
09-08 16:50:39 [INFO] trader/auto_trader.go:44 [trader_id=stage-a-benchmark] 🔬 detector recorded: 0 new episode(s) · pool 9 candidate(s) (8 seated, 1 cut) · k=3 Δ=1.84 band=±5.53 H=12 close · pre-formation bars skipped=41 · levels with no formation time=6
09-08 16:50:39 [INFO] trader/auto_trader.go:44 [trader_id=stage-a-benchmark] 📓 read facts: void=8 · floor=19.3 pts (1.5×ATR5m 12.89) · scope=1m×300 since=1788818400000 (cap 500)
     100	  21324307 ns/op
PASS
ok  	nofx/trader	11.170s
