ts_ct,session,event,reason,plan_version_in_force,plan_age_min,move_pts_15m,evidence
2026-09-02 00:03:07,ASIA,fired,proceed,2026-09-01:ASIA v7,4.8,8.25,"09-02 00:03:07 🗓️ level wake seated Supply·4h (HTF) invalidated: close 29058.75 above 29029.88 (noise 4.08) on ASIA 2026-09-01 — waking the planner (W6, 5th wake-up)."
2026-09-02 00:13:48,ASIA,fired,proceed,2026-09-01:ASIA v7,15.5,8.25,"09-02 00:13:48 🗓️ level wake seated Supply·4h (HTF) invalidated: close 29058.75 above 29029.88 (noise 4.17) on ASIA 2026-09-01 — waking the planner (W6, 5th wake-up)."
2026-09-02 00:16:32,ASIA,skipped,min_interval,2026-09-01:ASIA v7,18.3,23.75,09-02 00:16:32 🗓️ level wake seated Supply·4h (HTF) invalidated: close 29067.25 above 29029.88 (noise 4.04) on ASIA 2026-09-01 — SKIPPED: 3m elapsed < wake_min_interval_min (30m).
2026-09-02 00:17:48,ASIA,skipped,min_interval,2026-09-01:ASIA v7,19.5,23.75,09-02 00:17:48 🗓️ level wake seated Supply·4h (HTF) invalidated: close 29067.25 above 29029.88 (noise 4.11) on ASIA 2026-09-01 — SKIPPED: 4m elapsed < wake_min_interval_min (30m).
2026-09-02 00:19:48,ASIA,skipped,min_interval,2026-09-01:ASIA v8,0.0,23.75,09-02 00:19:48 🗓️ level wake seated Supply·4h (HTF) invalidated: close 29067.25 above 29029.88 (noise 4.19) on ASIA 2026-09-01 — SKIPPED: 6m elapsed < wake_min_interval_min (30m).
2026-09-02 00:20:22,ASIA,skipped,min_interval,2026-09-01:ASIA v8,0.6,23.75,09-02 00:20:22 🗓️ level wake seated Supply·4h (HTF) invalidated: close 29067.25 above 29029.88 (noise 4.19) on ASIA 2026-09-01 — SKIPPED: 7m elapsed < wake_min_interval_min (30m).
2026-09-02 00:21:48,ASIA,skipped,min_interval,2026-09-01:ASIA v8,2.0,23.75,09-02 00:21:48 🗓️ level wake seated Supply·4h (HTF) invalidated: close 29067.25 above 29029.88 (noise 4.19) on ASIA 2026-09-01 — SKIPPED: 8m elapsed < wake_min_interval_min (30m).
2026-09-02 00:23:48,ASIA,skipped,min_interval,2026-09-01:ASIA v8,4.0,23.75,09-02 00:23:48 🗓️ level wake seated Supply·4h (HTF) invalidated: close 29067.25 above 29029.88 (noise 4.19) on ASIA 2026-09-01 — SKIPPED: 10m elapsed < wake_min_interval_min (30m).
2026-09-02 00:25:00,ASIA,skipped,min_interval,2026-09-01:ASIA v8,5.2,23.75,09-02 00:25:00 🗓️ level wake seated Supply·4h (HTF) invalidated: close 29067.25 above 29029.88 (noise 4.19) on ASIA 2026-09-01 — SKIPPED: 11m elapsed < wake_min_interval_min (30m).
2026-09-02 00:26:04,ASIA,skipped,min_interval,2026-09-01:ASIA v8,6.3,23.75,09-02 00:26:04 🗓️ level wake seated Supply·4h (HTF) invalidated: close 29067.25 above 29029.88 (noise 4.20) on ASIA 2026-09-01 — SKIPPED: 12m elapsed < wake_min_interval_min (30m).
2026-09-02 00:27:48,ASIA,skipped,min_interval,2026-09-01:ASIA v8,8.0,23.75,09-02 00:27:48 🗓️ level wake seated Supply·4h (HTF) invalidated: close 29067.25 above 29029.88 (noise 4.21) on ASIA 2026-09-01 — SKIPPED: 14m elapsed < wake_min_interval_min (30m).
2026-09-02 00:29:48,ASIA,skipped,min_interval,2026-09-01:ASIA v8,10.0,23.75,09-02 00:29:48 🗓️ level wake seated Supply·4h (HTF) invalidated: close 29067.25 above 29029.88 (noise 4.22) on ASIA 2026-09-01 — SKIPPED: 16m elapsed < wake_min_interval_min (30m).
2026-09-02 00:30:39,ASIA,skipped,min_interval,2026-09-01:ASIA v8,10.9,8.0,09-02 00:30:39 🗓️ level wake seated Supply·4h (HTF) invalidated: close 29091.00 above 29029.88 (noise 3.99) on ASIA 2026-09-01 — SKIPPED: 17m elapsed < wake_min_interval_min (30m).
2026-09-02 00:31:48,ASIA,skipped,min_interval,2026-09-01:ASIA v8,12.0,8.0,09-02 00:31:48 🗓️ level wake seated Supply·4h (HTF) invalidated: close 29091.00 above 29029.88 (noise 4.07) on ASIA 2026-09-01 — SKIPPED: 18m elapsed < wake_min_interval_min (30m).
2026-09-02 00:33:48,ASIA,skipped,min_interval,2026-09-01:ASIA v8,14.0,8.0,09-02 00:33:48 🗓️ level wake seated Supply·4h (HTF) invalidated: close 29091.00 above 29029.88 (noise 4.10) on ASIA 2026-09-01 — SKIPPED: 20m elapsed < wake_min_interval_min (30m).
2026-09-02 00:35:00,ASIA,skipped,min_interval,2026-09-01:ASIA v8,15.2,8.0,09-02 00:35:00 🗓️ level wake seated Supply·4h (HTF) invalidated: close 29091.00 above 29029.88 (noise 4.13) on ASIA 2026-09-01 — SKIPPED: 21m elapsed < wake_min_interval_min (30m).
2026-09-02 00:35:48,ASIA,skipped,min_interval,2026-09-01:ASIA v8,16.0,8.0,09-02 00:35:48 🗓️ level wake seated Supply·4h (HTF) invalidated: close 29091.00 above 29029.88 (noise 4.16) on ASIA 2026-09-01 — SKIPPED: 22m elapsed < wake_min_interval_min (30m).
2026-09-02 00:37:48,ASIA,skipped,min_interval,2026-09-01:ASIA v8,18.0,8.0,09-02 00:37:48 🗓️ level wake seated Supply·4h (HTF) invalidated: close 29091.00 above 29029.88 (noise 4.24) on ASIA 2026-09-01 — SKIPPED: 24m elapsed < wake_min_interval_min (30m).
2026-09-02 00:39:47,ASIA,skipped,min_interval,2026-09-01:ASIA v8,20.0,8.0,09-02 00:39:47 🗓️ level wake seated Supply·4h (HTF) invalidated: close 29091.00 above 29029.88 (noise 4.29) on ASIA 2026-09-01 — SKIPPED: 26m elapsed < wake_min_interval_min (30m).
2026-09-02 00:40:32,ASIA,skipped,min_interval,2026-09-01:ASIA v8,20.8,8.0,09-02 00:40:32 🗓️ level wake seated Supply·4h (HTF) invalidated: close 29091.00 above 29029.88 (noise 4.30) on ASIA 2026-09-01 — SKIPPED: 27m elapsed < wake_min_interval_min (30m).
2026-09-02 00:41:47,ASIA,skipped,min_interval,2026-09-01:ASIA v8,22.0,8.0,09-02 00:41:47 🗓️ level wake seated Supply·4h (HTF) invalidated: close 29091.00 above 29029.88 (noise 4.30) on ASIA 2026-09-01 — SKIPPED: 28m elapsed < wake_min_interval_min (30m).
2026-09-02 00:43:47,ASIA,skipped,min_interval,2026-09-01:ASIA v8,24.0,8.0,09-02 00:43:47 🗓️ level wake seated Supply·4h (HTF) invalidated: close 29091.00 above 29029.88 (noise 4.30) on ASIA 2026-09-01 — SKIPPED: 30m elapsed < wake_min_interval_min (30m).
2026-09-02 00:45:00,ASIA,fired,proceed,2026-09-01:ASIA v8,25.2,-27.75,"09-02 00:45:00 🗓️ level wake seated Supply·4h (HTF) invalidated: close 29099.25 above 29029.88 (noise 4.00) on ASIA 2026-09-01 — waking the planner (W6, 5th wake-up)."
2026-09-02 00:47:47,ASIA,skipped,min_interval,2026-09-01:ASIA v9,0.6,-27.75,09-02 00:47:47 🗓️ level wake seated OB(bull)·1h invalidated: close 29099.25 below 29212.50 (noise 4.09) on ASIA 2026-09-01 — SKIPPED: 3m elapsed < wake_min_interval_min (30m).
2026-09-02 00:49:47,ASIA,skipped,min_interval,2026-09-01:ASIA v9,2.6,-27.75,09-02 00:49:47 🗓️ level wake seated OB(bull)·1h invalidated: close 29099.25 below 29212.50 (noise 4.09) on ASIA 2026-09-01 — SKIPPED: 5m elapsed < wake_min_interval_min (30m).
2026-09-02 00:59:47,ASIA,skipped,min_interval,2026-09-01:ASIA v9,12.6,-27.75,09-02 00:59:47 🗓️ level wake seated OB(bull)·1h invalidated: close 29099.25 below 29212.50 (noise 4.42) on ASIA 2026-09-01 — SKIPPED: 15m elapsed < wake_min_interval_min (30m).
2026-09-02 01:03:52,ASIA,skipped,min_interval,2026-09-01:ASIA v9,16.7,-23.5,09-02 01:03:52 🗓️ level wake seated OB(bull)·1h invalidated: close 29071.50 below 29085.00 (noise 4.50) on ASIA 2026-09-01 — SKIPPED: 19m elapsed < wake_min_interval_min (30m).
2026-09-02 01:03:52,ASIA,skipped,min_interval,2026-09-01:ASIA v9,16.7,-23.5,09-02 01:03:52 🗓️ level wake seated OB(bull)·1h invalidated: close 29071.50 below 29085.00 (noise 4.50) on ASIA 2026-09-01 — SKIPPED: 19m elapsed < wake_min_interval_min (30m).
2026-09-02 01:05:00,ASIA,skipped,min_interval,2026-09-01:ASIA v9,17.8,-23.5,09-02 01:05:00 🗓️ level wake seated OB(bull)·1h invalidated: close 29071.50 below 29085.00 (noise 4.53) on ASIA 2026-09-01 — SKIPPED: 20m elapsed < wake_min_interval_min (30m).
2026-09-02 01:05:47,ASIA,skipped,min_interval,2026-09-01:ASIA v9,18.6,-23.5,09-02 01:05:47 🗓️ level wake seated OB(bull)·1h invalidated: close 29071.50 below 29085.00 (noise 4.54) on ASIA 2026-09-01 — SKIPPED: 21m elapsed < wake_min_interval_min (30m).
2026-09-02 01:07:47,ASIA,skipped,min_interval,2026-09-01:ASIA v9,20.6,-23.5,09-02 01:07:47 🗓️ level wake seated OB(bull)·1h invalidated: close 29071.50 below 29085.00 (noise 4.55) on ASIA 2026-09-01 — SKIPPED: 23m elapsed < wake_min_interval_min (30m).
2026-09-02 01:09:47,ASIA,skipped,min_interval,2026-09-01:ASIA v9,22.6,-23.5,09-02 01:09:47 🗓️ level wake seated OB(bull)·1h invalidated: close 29071.50 below 29085.00 (noise 4.55) on ASIA 2026-09-01 — SKIPPED: 25m elapsed < wake_min_interval_min (30m).
2026-09-02 01:10:01,ASIA,skipped,min_interval,2026-09-01:ASIA v9,22.8,-23.5,09-02 01:10:01 🗓️ level wake seated OB(bull)·1h invalidated: close 29071.50 below 29085.00 (noise 4.55) on ASIA 2026-09-01 — SKIPPED: 25m elapsed < wake_min_interval_min (30m).
2026-09-02 01:11:47,ASIA,skipped,min_interval,2026-09-01:ASIA v9,24.6,-23.5,09-02 01:11:47 🗓️ level wake seated OB(bull)·1h invalidated: close 29071.50 below 29085.00 (noise 4.55) on ASIA 2026-09-01 — SKIPPED: 27m elapsed < wake_min_interval_min (30m).
2026-09-02 01:13:47,ASIA,skipped,min_interval,2026-09-01:ASIA v9,26.6,-23.5,09-02 01:13:47 🗓️ level wake seated OB(bull)·1h invalidated: close 29071.50 below 29085.00 (noise 4.55) on ASIA 2026-09-01 — SKIPPED: 29m elapsed < wake_min_interval_min (30m).
2026-09-02 01:15:47,ASIA,fired,proceed,2026-09-01:ASIA v9,28.6,-26.75,"09-02 01:15:47 🗓️ level wake seated OB(bull)·1h invalidated: close 29049.00 below 29085.00 (noise 4.30) on ASIA 2026-09-01 — waking the planner (W6, 5th wake-up)."
2026-09-02 01:30:01,ASIA,skipped,min_interval,2026-09-01:ASIA v9,42.8,49.25,09-02 01:30:01 🗓️ level wake seated OB(bull)·1h invalidated: close 29022.50 below 29085.00 (noise 4.30) on ASIA 2026-09-01 — SKIPPED: 14m elapsed < wake_min_interval_min (30m).
2026-09-02 01:31:47,ASIA,skipped,min_interval,2026-09-01:ASIA v9,44.6,49.25,09-02 01:31:47 🗓️ level wake seated OB(bull)·1h invalidated: close 29022.50 below 29085.00 (noise 4.36) on ASIA 2026-09-01 — SKIPPED: 16m elapsed < wake_min_interval_min (30m).
2026-09-02 01:33:47,ASIA,skipped,min_interval,2026-09-01:ASIA v9,46.6,49.25,09-02 01:33:47 🗓️ level wake seated OB(bull)·1h invalidated: close 29022.50 below 29085.00 (noise 4.43) on ASIA 2026-09-01 — SKIPPED: 18m elapsed < wake_min_interval_min (30m).
2026-09-02 01:35:47,ASIA,skipped,min_interval,2026-09-01:ASIA v9,48.6,49.25,09-02 01:35:47 🗓️ level wake seated OB(bull)·1h invalidated: close 29022.50 below 29085.00 (noise 4.54) on ASIA 2026-09-01 — SKIPPED: 20m elapsed < wake_min_interval_min (30m).
2026-09-02 01:37:47,ASIA,skipped,min_interval,2026-09-01:ASIA v9,50.6,49.25,09-02 01:37:47 🗓️ level wake seated OB(bull)·1h invalidated: close 29022.50 below 29085.00 (noise 4.58) on ASIA 2026-09-01 — SKIPPED: 22m elapsed < wake_min_interval_min (30m).
2026-09-02 01:39:47,ASIA,skipped,min_interval,2026-09-01:ASIA v9,52.6,49.25,09-02 01:39:47 🗓️ level wake seated OB(bull)·1h invalidated: close 29022.50 below 29085.00 (noise 4.78) on ASIA 2026-09-01 — SKIPPED: 24m elapsed < wake_min_interval_min (30m).
2026-09-02 01:40:01,ASIA,skipped,min_interval,2026-09-01:ASIA v9,52.8,49.25,09-02 01:40:01 🗓️ level wake seated OB(bull)·1h invalidated: close 29022.50 below 29085.00 (noise 4.88) on ASIA 2026-09-01 — SKIPPED: 24m elapsed < wake_min_interval_min (30m).
2026-09-02 01:41:47,ASIA,skipped,min_interval,2026-09-01:ASIA v9,54.6,49.25,09-02 01:41:47 🗓️ level wake seated OB(bull)·1h invalidated: close 29022.50 below 29085.00 (noise 5.00) on ASIA 2026-09-01 — SKIPPED: 26m elapsed < wake_min_interval_min (30m).
2026-09-02 01:43:47,ASIA,skipped,min_interval,2026-09-01:ASIA v9,56.6,49.25,09-02 01:43:47 🗓️ level wake seated OB(bull)·1h invalidated: close 29022.50 below 29085.00 (noise 5.14) on ASIA 2026-09-01 — SKIPPED: 28m elapsed < wake_min_interval_min (30m).
2026-09-02 01:47:47,ASIA,fired,proceed,2026-09-01:ASIA v9,60.6,4.5,"09-02 01:47:47 🗓️ level wake seated OB(bull)·1h invalidated: close 29072.50 below 29085.00 (noise 4.91) on ASIA 2026-09-01 — waking the planner (W6, 5th wake-up)."
2026-09-02 01:51:52,ASIA,skipped,min_interval,2026-09-01:ASIA v10,0.5,4.5,09-02 01:51:52 🗓️ level wake seated OB(bull)·1h invalidated: close 29072.50 below 29085.00 (noise 4.96) on ASIA 2026-09-01 — SKIPPED: 4m elapsed < wake_min_interval_min (30m).
2026-09-02 01:53:47,ASIA,skipped,min_interval,2026-09-01:ASIA v10,2.4,4.5,09-02 01:53:47 🗓️ level wake seated OB(bull)·1h invalidated: close 29072.50 below 29085.00 (noise 4.98) on ASIA 2026-09-01 — SKIPPED: 6m elapsed < wake_min_interval_min (30m).
2026-09-02 01:55:47,ASIA,skipped,min_interval,2026-09-01:ASIA v10,4.4,4.5,09-02 01:55:47 🗓️ level wake seated OB(bull)·1h invalidated: close 29072.50 below 29085.00 (noise 5.01) on ASIA 2026-09-01 — SKIPPED: 8m elapsed < wake_min_interval_min (30m).
2026-09-02 01:57:47,ASIA,skipped,min_interval,2026-09-01:ASIA v10,6.4,4.5,09-02 01:57:47 🗓️ level wake seated OB(bull)·1h invalidated: close 29072.50 below 29085.00 (noise 5.02) on ASIA 2026-09-01 — SKIPPED: 10m elapsed < wake_min_interval_min (30m).
2026-09-02 01:59:47,ASIA,skipped,min_interval,2026-09-01:ASIA v10,8.4,4.5,09-02 01:59:47 🗓️ level wake seated OB(bull)·1h invalidated: close 29072.50 below 29085.00 (noise 5.03) on ASIA 2026-09-01 — SKIPPED: 12m elapsed < wake_min_interval_min (30m).
2026-09-02 03:45:00,LONDON,no_wake_line,no_candidate_or_loop_not_running,2026-09-02:LONDON v1,127.3,-58.25,"15m bar 2026-09-02 03:45 o=29036.25 h=29037.25 l=28954.75 c=28978.0; zero wake lines in [03:45,04:00) across nofx_2026-09-02.log+nofx_2026-09-03.log"
2026-09-02 06:45:00,LONDON,no_wake_line,no_candidate_or_loop_not_running,2026-09-02:LONDON v1,307.3,54.0,"15m bar 2026-09-02 06:45 o=29029.75 h=29085.25 l=29022.25 c=29083.75; zero wake lines in [06:45,07:00) across nofx_2026-09-02.log+nofx_2026-09-03.log"
2026-09-02 07:00:00,LONDON,no_wake_line,no_candidate_or_loop_not_running,2026-09-02:LONDON v1,322.3,40.5,"15m bar 2026-09-02 07:00 o=29083.25 h=29124.0 l=29073.75 c=29123.75; zero wake lines in [07:00,07:15) across nofx_2026-09-02.log+nofx_2026-09-03.log"
2026-09-02 07:15:49,LONDON,fired,proceed,2026-09-02:LONDON v2,0.4,-13.0,"09-02 07:15:49 🗓️ level wake seated OB(bull)·4h (HTF) invalidated: close 29123.75 below 29246.25 (noise 6.35) on LONDON 2026-09-02 — waking the planner (W6, 5th wake-up)."
2026-09-02 07:23:49,LONDON,skipped,min_interval,2026-09-02:LONDON v3,1.8,-13.0,09-02 07:23:49 🗓️ level wake seated OB(bull)·4h (HTF) invalidated: close 29123.75 below 29246.25 (noise 6.66) on LONDON 2026-09-02 — SKIPPED: 8m elapsed < wake_min_interval_min (30m).
2026-09-02 07:25:49,LONDON,skipped,min_interval,2026-09-02:LONDON v3,3.8,-13.0,09-02 07:25:49 🗓️ level wake seated OB(bull)·4h (HTF) invalidated: close 29123.75 below 29246.25 (noise 6.66) on LONDON 2026-09-02 — SKIPPED: 10m elapsed < wake_min_interval_min (30m).
2026-09-02 07:28:59,LONDON,skipped,min_interval,2026-09-02:LONDON v3,7.0,-13.0,09-02 07:28:59 🗓️ level wake seated OB(bull)·4h (HTF) invalidated: close 29123.75 below 29246.25 (noise 6.66) on LONDON 2026-09-02 — SKIPPED: 13m elapsed < wake_min_interval_min (30m).
2026-09-02 07:30:33,LONDON,skipped,min_interval,2026-09-02:LONDON v3,8.6,-37.75,09-02 07:30:33 🗓️ level wake seated OB(bull)·4h (HTF) invalidated: close 29107.75 below 29246.25 (noise 6.25) on LONDON 2026-09-02 — SKIPPED: 15m elapsed < wake_min_interval_min (30m).
2026-09-02 07:31:49,LONDON,skipped,min_interval,2026-09-02:LONDON v3,9.8,-37.75,09-02 07:31:49 🗓️ level wake seated OB(bull)·4h (HTF) invalidated: close 29107.75 below 29246.25 (noise 6.34) on LONDON 2026-09-02 — SKIPPED: 16m elapsed < wake_min_interval_min (30m).
2026-09-02 07:34:15,LONDON,fired,proceed,2026-09-02:LONDON v3,12.3,-37.75,"09-02 07:34:15 🗓️ level wake seated OB(bull)·4h (HTF) invalidated: close 29107.75 below 29246.25 (noise 6.48) on LONDON 2026-09-02 — waking the planner (W6, 5th wake-up)."
2026-09-02 07:44:15,LONDON,skipped,min_interval,2026-09-02:LONDON v4,0.2,-37.75,09-02 07:44:15 🗓️ level wake seated OB(bull)·4h (HTF) invalidated: close 29107.75 below 29246.25 (noise 6.66) on LONDON 2026-09-02 — SKIPPED: 10m elapsed < wake_min_interval_min (30m).
2026-09-02 07:45:00,LONDON,skipped,min_interval,2026-09-02:LONDON v4,0.9,-29.25,09-02 07:45:00 🗓️ level wake seated OB(bull)·4h (HTF) invalidated: close 29069.75 below 29246.25 (noise 6.19) on LONDON 2026-09-02 — SKIPPED: 11m elapsed < wake_min_interval_min (30m).
2026-09-02 07:46:15,LONDON,skipped,min_interval,2026-09-02:LONDON v4,2.2,-29.25,09-02 07:46:15 🗓️ level wake seated OB(bull)·4h (HTF) invalidated: close 29069.75 below 29246.25 (noise 6.27) on LONDON 2026-09-02 — SKIPPED: 12m elapsed < wake_min_interval_min (30m).
2026-09-02 07:48:15,LONDON,skipped,min_interval,2026-09-02:LONDON v4,4.2,-29.25,09-02 07:48:15 🗓️ level wake seated OB(bull)·4h (HTF) invalidated: close 29069.75 below 29246.25 (noise 6.34) on LONDON 2026-09-02 — SKIPPED: 14m elapsed < wake_min_interval_min (30m).
2026-09-02 07:51:06,LONDON,fired,proceed,2026-09-02:LONDON v4,7.0,-29.25,"09-02 07:51:06 🗓️ level wake seated OB(bull)·4h (HTF) invalidated: close 29069.75 below 29246.25 (noise 6.38) on LONDON 2026-09-02 — waking the planner (W6, 5th wake-up)."
2026-09-02 08:01:06,LONDON,skipped,min_interval,2026-09-02:LONDON v4,17.1,27.5,09-02 08:01:06 🗓️ level wake seated OB(bull)·4h (HTF) invalidated: close 29040.00 below 29246.25 (noise 6.31) on LONDON 2026-09-02 — SKIPPED: 10m elapsed < wake_min_interval_min (30m).
2026-09-02 08:03:06,LONDON,skipped,min_interval,2026-09-02:LONDON v5,1.3,27.5,09-02 08:03:06 🗓️ level wake seated OB(bull)·1h (HTF) invalidated: close 29040.00 below 29324.50 (noise 6.36) on LONDON 2026-09-02 — SKIPPED: 12m elapsed < wake_min_interval_min (30m).
2026-09-02 08:05:06,LONDON,skipped,min_interval,2026-09-02:LONDON v5,3.3,27.5,09-02 08:05:06 🗓️ level wake seated OB(bull)·1h (HTF) invalidated: close 29040.00 below 29324.50 (noise 6.36) on LONDON 2026-09-02 — SKIPPED: 14m elapsed < wake_min_interval_min (30m).
2026-09-02 08:07:06,LONDON,skipped,min_interval,2026-09-02:LONDON v5,5.3,27.5,09-02 08:07:06 🗓️ level wake seated OB(bull)·1h (HTF) invalidated: close 29040.00 below 29324.50 (noise 6.43) on LONDON 2026-09-02 — SKIPPED: 16m elapsed < wake_min_interval_min (30m).
2026-09-02 08:09:06,LONDON,skipped,min_interval,2026-09-02:LONDON v5,7.3,27.5,09-02 08:09:06 🗓️ level wake seated OB(bull)·1h (HTF) invalidated: close 29040.00 below 29324.50 (noise 6.46) on LONDON 2026-09-02 — SKIPPED: 18m elapsed < wake_min_interval_min (30m).
2026-09-02 08:12:30,LONDON,fired,proceed,2026-09-02:LONDON v5,10.7,27.5,"09-02 08:12:30 🗓️ level wake seated OB(bull)·1h (HTF) invalidated: close 29040.00 below 29324.50 (noise 6.47) on LONDON 2026-09-02 — waking the planner (W6, 5th wake-up)."
2026-09-02 08:12:30,NY,skipped,min_interval,2026-09-02:NY v1,2.8,27.5,09-02 08:12:30 🗓️ level wake seated OB(bull)·4h (HTF) invalidated: close 29040.00 below 29246.25 (noise 6.47) on NY 2026-09-02 — SKIPPED: 0m elapsed < wake_min_interval_min (30m).
2026-09-02 08:14:30,NY,skipped,min_interval,2026-09-02:NY v1,4.8,27.5,09-02 08:14:30 🗓️ level wake seated OB(bull)·4h (HTF) invalidated: close 29040.00 below 29246.25 (noise 6.48) on NY 2026-09-02 — SKIPPED: 2m elapsed < wake_min_interval_min (30m).
2026-09-02 08:15:01,LONDON,skipped,min_interval,2026-09-02:LONDON v5,13.2,30.5,09-02 08:15:01 🗓️ level wake seated OB(bull)·1h (HTF) invalidated: close 29067.75 below 29324.50 (noise 6.03) on LONDON 2026-09-02 — SKIPPED: 3m elapsed < wake_min_interval_min (30m).
2026-09-02 08:15:01,NY,skipped,min_interval,2026-09-02:NY v1,5.3,30.5,09-02 08:15:01 🗓️ level wake seated OB(bull)·4h (HTF) invalidated: close 29067.75 below 29246.25 (noise 6.03) on NY 2026-09-02 — SKIPPED: 3m elapsed < wake_min_interval_min (30m).
2026-09-02 08:16:30,LONDON,skipped,min_interval,2026-09-02:LONDON v5,14.7,30.5,09-02 08:16:30 🗓️ level wake seated OB(bull)·1h (HTF) invalidated: close 29067.75 below 29324.50 (noise 6.12) on LONDON 2026-09-02 — SKIPPED: 4m elapsed < wake_min_interval_min (30m).
2026-09-02 08:16:30,NY,skipped,min_interval,2026-09-02:NY v1,6.8,30.5,09-02 08:16:30 🗓️ level wake seated OB(bull)·4h (HTF) invalidated: close 29067.75 below 29246.25 (noise 6.12) on NY 2026-09-02 — SKIPPED: 4m elapsed < wake_min_interval_min (30m).
2026-09-02 08:18:30,LONDON,skipped,min_interval,2026-09-02:LONDON v5,16.7,30.5,09-02 08:18:30 🗓️ level wake seated OB(bull)·1h (HTF) invalidated: close 29067.75 below 29324.50 (noise 6.18) on LONDON 2026-09-02 — SKIPPED: 6m elapsed < wake_min_interval_min (30m).
2026-09-02 08:18:30,NY,skipped,min_interval,2026-09-02:NY v1,8.8,30.5,09-02 08:18:30 🗓️ level wake seated OB(bull)·4h (HTF) invalidated: close 29067.75 below 29246.25 (noise 6.18) on NY 2026-09-02 — SKIPPED: 6m elapsed < wake_min_interval_min (30m).
2026-09-02 08:20:30,LONDON,skipped,min_interval,2026-09-02:LONDON v5,18.7,30.5,09-02 08:20:30 🗓️ level wake seated OB(bull)·1h (HTF) invalidated: close 29067.75 below 29324.50 (noise 6.21) on LONDON 2026-09-02 — SKIPPED: 8m elapsed < wake_min_interval_min (30m).
2026-09-02 08:20:30,NY,skipped,min_interval,2026-09-02:NY v1,10.8,30.5,09-02 08:20:30 🗓️ level wake seated OB(bull)·4h (HTF) invalidated: close 29067.75 below 29246.25 (noise 6.21) on NY 2026-09-02 — SKIPPED: 8m elapsed < wake_min_interval_min (30m).
2026-09-02 08:22:30,LONDON,skipped,min_interval,2026-09-02:LONDON v6,1.7,30.5,09-02 08:22:30 🗓️ level wake seated OB(bull)·4h (HTF) invalidated: close 29067.75 below 29246.25 (noise 6.27) on LONDON 2026-09-02 — SKIPPED: 10m elapsed < wake_min_interval_min (30m).
2026-09-02 08:22:30,NY,skipped,min_interval,2026-09-02:NY v1,12.8,30.5,09-02 08:22:30 🗓️ level wake seated OB(bull)·4h (HTF) invalidated: close 29067.75 below 29246.25 (noise 6.27) on NY 2026-09-02 — SKIPPED: 10m elapsed < wake_min_interval_min (30m).
2026-09-02 08:24:30,LONDON,skipped,min_interval,2026-09-02:LONDON v6,3.7,30.5,09-02 08:24:30 🗓️ level wake seated OB(bull)·4h (HTF) invalidated: close 29067.75 below 29246.25 (noise 6.33) on LONDON 2026-09-02 — SKIPPED: 12m elapsed < wake_min_interval_min (30m).
2026-09-02 08:24:30,NY,skipped,min_interval,2026-09-02:NY v1,14.8,30.5,09-02 08:24:30 🗓️ level wake seated OB(bull)·4h (HTF) invalidated: close 29067.75 below 29246.25 (noise 6.33) on NY 2026-09-02 — SKIPPED: 12m elapsed < wake_min_interval_min (30m).
2026-09-02 08:25:01,LONDON,skipped,min_interval,2026-09-02:LONDON v6,4.2,30.5,09-02 08:25:01 🗓️ level wake seated OB(bull)·4h (HTF) invalidated: close 29067.75 below 29246.25 (noise 6.33) on LONDON 2026-09-02 — SKIPPED: 13m elapsed < wake_min_interval_min (30m).
2026-09-02 08:25:01,NY,skipped,min_interval,2026-09-02:NY v1,15.3,30.5,09-02 08:25:01 🗓️ level wake seated OB(bull)·4h (HTF) invalidated: close 29067.75 below 29246.25 (noise 6.33) on NY 2026-09-02 — SKIPPED: 13m elapsed < wake_min_interval_min (30m).
2026-09-02 08:26:30,LONDON,skipped,min_interval,2026-09-02:LONDON v6,5.7,30.5,09-02 08:26:30 🗓️ level wake seated OB(bull)·4h (HTF) invalidated: close 29067.75 below 29246.25 (noise 6.33) on LONDON 2026-09-02 — SKIPPED: 14m elapsed < wake_min_interval_min (30m).
2026-09-02 08:26:30,NY,skipped,min_interval,2026-09-02:NY v1,16.8,30.5,09-02 08:26:30 🗓️ level wake seated OB(bull)·4h (HTF) invalidated: close 29067.75 below 29246.25 (noise 6.33) on NY 2026-09-02 — SKIPPED: 14m elapsed < wake_min_interval_min (30m).
2026-09-02 08:28:30,LONDON,skipped,min_interval,2026-09-02:LONDON v6,7.7,30.5,09-02 08:28:30 🗓️ level wake seated OB(bull)·4h (HTF) invalidated: close 29067.75 below 29246.25 (noise 6.57) on LONDON 2026-09-02 — SKIPPED: 16m elapsed < wake_min_interval_min (30m).
2026-09-02 08:28:30,NY,skipped,min_interval,2026-09-02:NY v1,18.8,30.5,09-02 08:28:30 🗓️ level wake seated OB(bull)·4h (HTF) invalidated: close 29067.75 below 29246.25 (noise 6.57) on NY 2026-09-02 — SKIPPED: 16m elapsed < wake_min_interval_min (30m).
2026-09-02 08:30:30,NY,skipped,min_interval,2026-09-02:NY v1,20.8,-8.0,09-02 08:30:30 🗓️ level wake seated OB(bull)·4h (HTF) invalidated: close 29098.25 below 29246.25 (noise 6.74) on NY 2026-09-02 — SKIPPED: 18m elapsed < wake_min_interval_min (30m).
2026-09-02 08:32:30,NY,skipped,min_interval,2026-09-02:NY v1,22.8,-8.0,09-02 08:32:30 🗓️ level wake seated OB(bull)·4h (HTF) invalidated: close 29098.25 below 29246.25 (noise 6.74) on NY 2026-09-02 — SKIPPED: 20m elapsed < wake_min_interval_min (30m).
2026-09-02 08:34:30,NY,skipped,min_interval,2026-09-02:NY v1,24.8,-8.0,09-02 08:34:30 🗓️ level wake seated OB(bull)·4h (HTF) invalidated: close 29098.25 below 29246.25 (noise 6.74) on NY 2026-09-02 — SKIPPED: 22m elapsed < wake_min_interval_min (30m).
2026-09-02 08:35:01,NY,skipped,min_interval,2026-09-02:NY v1,25.3,-8.0,09-02 08:35:01 🗓️ level wake seated OB(bull)·4h (HTF) invalidated: close 29098.25 below 29246.25 (noise 6.74) on NY 2026-09-02 — SKIPPED: 23m elapsed < wake_min_interval_min (30m).
2026-09-02 08:36:32,NY,skipped,min_interval,2026-09-02:NY v1,26.8,-8.0,09-02 08:36:32 🗓️ level wake seated OB(bull)·4h (HTF) invalidated: close 29098.25 below 29246.25 (noise 6.74) on NY 2026-09-02 — SKIPPED: 24m elapsed < wake_min_interval_min (30m).
2026-09-02 08:38:30,NY,skipped,min_interval,2026-09-02:NY v1,28.8,-8.0,09-02 08:38:30 🗓️ level wake seated OB(bull)·4h (HTF) invalidated: close 29098.25 below 29246.25 (noise 6.81) on NY 2026-09-02 — SKIPPED: 26m elapsed < wake_min_interval_min (30m).
2026-09-02 08:42:30,NY,fired,proceed,2026-09-02:NY v1,32.8,-8.0,"09-02 08:42:30 🗓️ level wake seated OB(bull)·4h (HTF) invalidated: close 29098.25 below 29246.25 (noise 6.93) on NY 2026-09-02 — waking the planner (W6, 5th wake-up)."
2026-09-02 08:45:01,NY,skipped,min_interval,2026-09-02:NY v1,35.3,-28.0,09-02 08:45:01 🗓️ level wake seated OB(bull)·4h (HTF) invalidated: close 29090.25 below 29246.25 (noise 6.52) on NY 2026-09-02 — SKIPPED: 3m elapsed < wake_min_interval_min (30m).
2026-09-02 08:46:30,NY,skipped,min_interval,2026-09-02:NY v2,1.0,-28.0,09-02 08:46:30 🗓️ level wake seated OB(bull)·4h (HTF) invalidated: close 29090.25 below 29246.25 (noise 7.12) on NY 2026-09-02 — SKIPPED: 4m elapsed < wake_min_interval_min (30m).
2026-09-02 08:48:30,NY,skipped,min_interval,2026-09-02:NY v2,3.0,-28.0,09-02 08:48:30 🗓️ level wake seated OB(bull)·4h (HTF) invalidated: close 29090.25 below 29246.25 (noise 7.18) on NY 2026-09-02 — SKIPPED: 6m elapsed < wake_min_interval_min (30m).
2026-09-02 08:50:30,NY,skipped,min_interval,2026-09-02:NY v2,5.0,-28.0,09-02 08:50:30 🗓️ level wake seated OB(bull)·4h (HTF) invalidated: close 29090.25 below 29246.25 (noise 7.26) on NY 2026-09-02 — SKIPPED: 8m elapsed < wake_min_interval_min (30m).
2026-09-02 08:52:30,NY,skipped,min_interval,2026-09-02:NY v2,7.0,-28.0,09-02 08:52:30 🗓️ level wake seated OB(bull)·4h (HTF) invalidated: close 29090.25 below 29246.25 (noise 7.34) on NY 2026-09-02 — SKIPPED: 10m elapsed < wake_min_interval_min (30m).
2026-09-02 08:54:30,NY,skipped,min_interval,2026-09-02:NY v2,9.0,-28.0,09-02 08:54:30 🗓️ level wake seated OB(bull)·4h (HTF) invalidated: close 29090.25 below 29246.25 (noise 7.42) on NY 2026-09-02 — SKIPPED: 12m elapsed < wake_min_interval_min (30m).
2026-09-02 08:55:01,NY,skipped,min_interval,2026-09-02:NY v2,9.6,-28.0,09-02 08:55:01 🗓️ level wake seated OB(bull)·4h (HTF) invalidated: close 29090.25 below 29246.25 (noise 7.43) on NY 2026-09-02 — SKIPPED: 13m elapsed < wake_min_interval_min (30m).
2026-09-02 08:56:30,NY,skipped,min_interval,2026-09-02:NY v2,11.0,-28.0,09-02 08:56:30 🗓️ level wake seated OB(bull)·4h (HTF) invalidated: close 29090.25 below 29246.25 (noise 7.52) on NY 2026-09-02 — SKIPPED: 14m elapsed < wake_min_interval_min (30m).
2026-09-02 08:58:30,NY,skipped,min_interval,2026-09-02:NY v2,13.0,-28.0,09-02 08:58:30 🗓️ level wake seated OB(bull)·4h (HTF) invalidated: close 29090.25 below 29246.25 (noise 7.52) on NY 2026-09-02 — SKIPPED: 16m elapsed < wake_min_interval_min (30m).
2026-09-02 09:00:30,NY,skipped,min_interval,2026-09-02:NY v2,15.0,65.5,09-02 09:00:30 🗓️ level wake seated OB(bull)·4h (HTF) invalidated: close 29062.50 below 29246.25 (noise 7.14) on NY 2026-09-02 — SKIPPED: 18m elapsed < wake_min_interval_min (30m).
2026-09-02 09:02:30,NY,skipped,min_interval,2026-09-02:NY v2,17.0,65.5,09-02 09:02:30 🗓️ level wake seated OB(bull)·4h (HTF) invalidated: close 29062.50 below 29246.25 (noise 7.31) on NY 2026-09-02 — SKIPPED: 20m elapsed < wake_min_interval_min (30m).
2026-09-02 09:04:30,NY,skipped,min_interval,2026-09-02:NY v2,19.0,65.5,09-02 09:04:30 🗓️ level wake seated OB(bull)·4h (HTF) invalidated: close 29062.50 below 29246.25 (noise 7.45) on NY 2026-09-02 — SKIPPED: 22m elapsed < wake_min_interval_min (30m).
2026-09-02 09:05:01,NY,skipped,min_interval,2026-09-02:NY v2,19.6,65.5,09-02 09:05:01 🗓️ level wake seated OB(bull)·4h (HTF) invalidated: close 29062.50 below 29246.25 (noise 7.54) on NY 2026-09-02 — SKIPPED: 23m elapsed < wake_min_interval_min (30m).
2026-09-02 09:06:30,NY,skipped,min_interval,2026-09-02:NY v2,21.0,65.5,09-02 09:06:30 🗓️ level wake seated OB(bull)·4h (HTF) invalidated: close 29062.50 below 29246.25 (noise 7.71) on NY 2026-09-02 — SKIPPED: 24m elapsed < wake_min_interval_min (30m).
2026-09-02 09:08:30,NY,skipped,min_interval,2026-09-02:NY v2,23.0,65.5,09-02 09:08:30 🗓️ level wake seated OB(bull)·4h (HTF) invalidated: close 29062.50 below 29246.25 (noise 7.81) on NY 2026-09-02 — SKIPPED: 26m elapsed < wake_min_interval_min (30m).
2026-09-02 09:10:30,NY,skipped,min_interval,2026-09-02:NY v2,25.0,65.5,09-02 09:10:30 🗓️ level wake seated OB(bull)·4h (HTF) invalidated: close 29062.50 below 29246.25 (noise 7.95) on NY 2026-09-02 — SKIPPED: 28m elapsed < wake_min_interval_min (30m).
2026-09-02 09:12:30,NY,fired,proceed,2026-09-02:NY v2,27.0,65.5,"09-02 09:12:30 🗓️ level wake seated OB(bull)·4h (HTF) invalidated: close 29062.50 below 29246.25 (noise 7.95) on NY 2026-09-02 — waking the planner (W6, 5th wake-up)."
2026-09-02 09:15:01,NY,skipped,min_interval,2026-09-02:NY v2,29.6,60.0,09-02 09:15:01 🗓️ level wake seated OB(bull)·4h (HTF) invalidated: close 29127.50 below 29246.25 (noise 7.49) on NY 2026-09-02 — SKIPPED: 3m elapsed < wake_min_interval_min (30m).
2026-09-02 09:16:30,NY,skipped,min_interval,2026-09-02:NY v2,31.0,60.0,09-02 09:16:30 🗓️ level wake seated OB(bull)·4h (HTF) invalidated: close 29127.50 below 29246.25 (noise 7.69) on NY 2026-09-02 — SKIPPED: 4m elapsed < wake_min_interval_min (30m).
2026-09-02 09:18:30,NY,skipped,min_interval,2026-09-02:NY v2,33.0,60.0,09-02 09:18:30 🗓️ level wake seated OB(bull)·4h (HTF) invalidated: close 29127.50 below 29246.25 (noise 7.76) on NY 2026-09-02 — SKIPPED: 6m elapsed < wake_min_interval_min (30m).
2026-09-02 09:20:30,NY,skipped,min_interval,2026-09-02:NY v2,35.0,60.0,09-02 09:20:30 🗓️ level wake seated OB(bull)·4h (HTF) invalidated: close 29127.50 below 29246.25 (noise 7.96) on NY 2026-09-02 — SKIPPED: 8m elapsed < wake_min_interval_min (30m).
2026-09-02 09:22:30,NY,skipped,min_interval,2026-09-02:NY v3,1.2,60.0,09-02 09:22:30 🗓️ level wake seated OB(bull)·4h (HTF) invalidated: close 29127.50 below 29246.25 (noise 8.11) on NY 2026-09-02 — SKIPPED: 10m elapsed < wake_min_interval_min (30m).
2026-09-02 09:24:30,NY,skipped,min_interval,2026-09-02:NY v3,3.2,60.0,09-02 09:24:30 🗓️ level wake seated OB(bull)·4h (HTF) invalidated: close 29127.50 below 29246.25 (noise 8.18) on NY 2026-09-02 — SKIPPED: 12m elapsed < wake_min_interval_min (30m).
2026-09-02 09:25:01,NY,skipped,min_interval,2026-09-02:NY v3,3.7,60.0,09-02 09:25:01 🗓️ level wake seated OB(bull)·4h (HTF) invalidated: close 29127.50 below 29246.25 (noise 8.18) on NY 2026-09-02 — SKIPPED: 13m elapsed < wake_min_interval_min (30m).
2026-09-02 09:28:34,NY,skipped,min_interval,2026-09-02:NY v3,7.3,60.0,09-02 09:28:34 🗓️ level wake seated OB(bull)·4h (HTF) invalidated: close 29127.50 below 29246.25 (noise 8.19) on NY 2026-09-02 — SKIPPED: 16m elapsed < wake_min_interval_min (30m).
2026-09-02 09:30:30,NY,skipped,min_interval,2026-09-02:NY v3,9.2,14.5,09-02 09:30:30 🗓️ level wake seated OB(bull)·4h (HTF) invalidated: close 29187.50 below 29246.25 (noise 7.80) on NY 2026-09-02 — SKIPPED: 18m elapsed < wake_min_interval_min (30m).
2026-09-02 09:32:30,NY,skipped,min_interval,2026-09-02:NY v3,11.2,14.5,09-02 09:32:30 🗓️ level wake seated OB(bull)·4h (HTF) invalidated: close 29187.50 below 29246.25 (noise 7.87) on NY 2026-09-02 — SKIPPED: 20m elapsed < wake_min_interval_min (30m).
2026-09-02 09:34:30,NY,skipped,min_interval,2026-09-02:NY v3,13.2,14.5,09-02 09:34:30 🗓️ level wake seated OB(bull)·4h (HTF) invalidated: close 29187.50 below 29246.25 (noise 8.01) on NY 2026-09-02 — SKIPPED: 22m elapsed < wake_min_interval_min (30m).
2026-09-02 09:35:01,NY,skipped,min_interval,2026-09-02:NY v3,13.7,14.5,09-02 09:35:01 🗓️ level wake seated OB(bull)·4h (HTF) invalidated: close 29187.50 below 29246.25 (noise 8.02) on NY 2026-09-02 — SKIPPED: 23m elapsed < wake_min_interval_min (30m).
2026-09-02 09:36:30,NY,skipped,min_interval,2026-09-02:NY v3,15.2,14.5,09-02 09:36:30 🗓️ level wake seated OB(bull)·4h (HTF) invalidated: close 29187.50 below 29246.25 (noise 8.08) on NY 2026-09-02 — SKIPPED: 24m elapsed < wake_min_interval_min (30m).
2026-09-02 09:38:30,NY,skipped,min_interval,2026-09-02:NY v3,17.2,14.5,09-02 09:38:30 🗓️ level wake seated OB(bull)·4h (HTF) invalidated: close 29187.50 below 29246.25 (noise 8.08) on NY 2026-09-02 — SKIPPED: 26m elapsed < wake_min_interval_min (30m).
2026-09-02 09:41:05,NY,skipped,min_interval,2026-09-02:NY v3,19.8,14.5,09-02 09:41:05 🗓️ level wake seated OB(bull)·4h (HTF) invalidated: close 29187.50 below 29246.25 (noise 8.12) on NY 2026-09-02 — SKIPPED: 29m elapsed < wake_min_interval_min (30m).
2026-09-02 09:42:30,NY,fired,proceed,2026-09-02:NY v3,21.2,14.5,"09-02 09:42:30 🗓️ level wake seated OB(bull)·4h (HTF) invalidated: close 29187.50 below 29246.25 (noise 8.12) on NY 2026-09-02 — waking the planner (W6, 5th wake-up)."
2026-09-02 09:45:01,NY,skipped,min_interval,2026-09-02:NY v3,23.7,-81.5,09-02 09:45:01 🗓️ level wake seated OB(bull)·4h (HTF) invalidated: close 29201.50 below 29246.25 (noise 7.55) on NY 2026-09-02 — SKIPPED: 3m elapsed < wake_min_interval_min (30m).
2026-09-02 09:46:30,NY,skipped,min_interval,2026-09-02:NY v4,0.6,-81.5,09-02 09:46:30 🗓️ level wake seated OB(bull)·4h (HTF) invalidated: close 29201.50 below 29246.25 (noise 7.83) on NY 2026-09-02 — SKIPPED: 4m elapsed < wake_min_interval_min (30m).
2026-09-02 09:48:30,NY,skipped,min_interval,2026-09-02:NY v4,2.6,-81.5,09-02 09:48:30 🗓️ level wake seated OB(bull)·4h (HTF) invalidated: close 29201.50 below 29246.25 (noise 7.95) on NY 2026-09-02 — SKIPPED: 6m elapsed < wake_min_interval_min (30m).
2026-09-02 09:50:30,NY,skipped,min_interval,2026-09-02:NY v4,4.6,-81.5,09-02 09:50:30 🗓️ level wake seated OB(bull)·4h (HTF) invalidated: close 29201.50 below 29246.25 (noise 8.11) on NY 2026-09-02 — SKIPPED: 8m elapsed < wake_min_interval_min (30m).
2026-09-02 09:52:30,NY,skipped,min_interval,2026-09-02:NY v4,6.6,-81.5,09-02 09:52:30 🗓️ level wake seated OB(bull)·4h (HTF) invalidated: close 29201.50 below 29246.25 (noise 8.21) on NY 2026-09-02 — SKIPPED: 10m elapsed < wake_min_interval_min (30m).
2026-09-02 09:54:30,NY,skipped,min_interval,2026-09-02:NY v4,8.6,-81.5,09-02 09:54:30 🗓️ level wake seated OB(bull)·4h (HTF) invalidated: close 29201.50 below 29246.25 (noise 8.33) on NY 2026-09-02 — SKIPPED: 12m elapsed < wake_min_interval_min (30m).
2026-09-02 09:55:00,NY,skipped,min_interval,2026-09-02:NY v4,9.1,-81.5,09-02 09:55:00 🗓️ level wake seated OB(bull)·4h (HTF) invalidated: close 29201.50 below 29246.25 (noise 8.42) on NY 2026-09-02 — SKIPPED: 13m elapsed < wake_min_interval_min (30m).
2026-09-02 09:56:30,NY,skipped,min_interval,2026-09-02:NY v4,10.6,-81.5,09-02 09:56:30 🗓️ level wake seated OB(bull)·4h (HTF) invalidated: close 29201.50 below 29246.25 (noise 8.42) on NY 2026-09-02 — SKIPPED: 14m elapsed < wake_min_interval_min (30m).
2026-09-02 09:58:30,NY,skipped,min_interval,2026-09-02:NY v4,12.6,-81.5,09-02 09:58:30 🗓️ level wake seated OB(bull)·4h (HTF) invalidated: close 29201.50 below 29246.25 (noise 8.42) on NY 2026-09-02 — SKIPPED: 16m elapsed < wake_min_interval_min (30m).
2026-09-02 09:59:29,NY,skipped,min_interval,2026-09-02:NY v4,13.6,-81.5,09-02 09:59:29 🗓️ level wake seated OB(bull)·4h (HTF) invalidated: close 29201.50 below 29246.25 (noise 8.51) on NY 2026-09-02 — SKIPPED: 17m elapsed < wake_min_interval_min (30m).
2026-09-02 10:00:30,NY,skipped,min_interval,2026-09-02:NY v4,14.6,37.75,09-02 10:00:30 🗓️ level wake seated OB(bull)·4h (HTF) invalidated: close 29120.25 below 29246.25 (noise 8.06) on NY 2026-09-02 — SKIPPED: 18m elapsed < wake_min_interval_min (30m).
2026-09-02 10:02:30,NY,skipped,min_interval,2026-09-02:NY v4,16.6,37.75,09-02 10:02:30 🗓️ level wake seated OB(bull)·4h (HTF) invalidated: close 29120.25 below 29246.25 (noise 8.07) on NY 2026-09-02 — SKIPPED: 20m elapsed < wake_min_interval_min (30m).
2026-09-02 10:04:30,NY,skipped,min_interval,2026-09-02:NY v4,18.6,37.75,09-02 10:04:30 🗓️ level wake seated OB(bull)·4h (HTF) invalidated: close 29120.25 below 29246.25 (noise 8.35) on NY 2026-09-02 — SKIPPED: 22m elapsed < wake_min_interval_min (30m).
2026-09-02 10:05:01,NY,skipped,min_interval,2026-09-02:NY v4,19.1,37.75,09-02 10:05:01 🗓️ level wake seated OB(bull)·4h (HTF) invalidated: close 29120.25 below 29246.25 (noise 8.35) on NY 2026-09-02 — SKIPPED: 23m elapsed < wake_min_interval_min (30m).
2026-09-02 10:06:30,NY,skipped,min_interval,2026-09-02:NY v4,20.6,37.75,09-02 10:06:30 🗓️ level wake seated OB(bull)·4h (HTF) invalidated: close 29120.25 below 29246.25 (noise 8.41) on NY 2026-09-02 — SKIPPED: 24m elapsed < wake_min_interval_min (30m).
2026-09-02 10:08:30,NY,skipped,min_interval,2026-09-02:NY v4,22.6,37.75,09-02 10:08:30 🗓️ level wake seated OB(bull)·4h (HTF) invalidated: close 29120.25 below 29246.25 (noise 8.41) on NY 2026-09-02 — SKIPPED: 26m elapsed < wake_min_interval_min (30m).
2026-09-02 10:10:30,NY,skipped,min_interval,2026-09-02:NY v4,24.6,37.75,09-02 10:10:30 🗓️ level wake seated OB(bull)·4h (HTF) invalidated: close 29120.25 below 29246.25 (noise 8.43) on NY 2026-09-02 — SKIPPED: 28m elapsed < wake_min_interval_min (30m).
2026-09-02 10:12:30,NY,skipped,min_interval,2026-09-02:NY v4,26.6,37.75,09-02 10:12:30 🗓️ level wake seated OB(bull)·4h (HTF) invalidated: close 29120.25 below 29246.25 (noise 8.57) on NY 2026-09-02 — SKIPPED: 30m elapsed < wake_min_interval_min (30m).
2026-09-02 10:14:30,NY,fired,proceed,2026-09-02:NY v4,28.6,37.75,"09-02 10:14:30 🗓️ level wake seated OB(bull)·4h (HTF) invalidated: close 29120.25 below 29246.25 (noise 8.57) on NY 2026-09-02 — waking the planner (W6, 5th wake-up)."
2026-09-02 10:15:01,NY,skipped,min_interval,2026-09-02:NY v4,29.1,46.75,09-02 10:15:01 🗓️ level wake seated OB(bull)·4h (HTF) invalidated: close 29158.25 below 29246.25 (noise 7.97) on NY 2026-09-02 — SKIPPED: 1m elapsed < wake_min_interval_min (30m).
2026-09-02 10:16:30,NY,skipped,min_interval,2026-09-02:NY v4,30.6,46.75,09-02 10:16:30 🗓️ level wake seated OB(bull)·4h (HTF) invalidated: close 29158.25 below 29246.25 (noise 8.19) on NY 2026-09-02 — SKIPPED: 2m elapsed < wake_min_interval_min (30m).
2026-09-02 10:18:30,NY,skipped,min_interval,2026-09-02:NY v4,32.6,46.75,09-02 10:18:30 🗓️ level wake seated OB(bull)·4h (HTF) invalidated: close 29158.25 below 29246.25 (noise 8.23) on NY 2026-09-02 — SKIPPED: 4m elapsed < wake_min_interval_min (30m).
2026-09-02 10:20:30,NY,skipped,min_interval,2026-09-02:NY v4,34.6,46.75,09-02 10:20:30 🗓️ level wake seated OB(bull)·4h (HTF) invalidated: close 29158.25 below 29246.25 (noise 8.37) on NY 2026-09-02 — SKIPPED: 6m elapsed < wake_min_interval_min (30m).
2026-09-02 10:22:30,NY,skipped,min_interval,2026-09-02:NY v4,36.6,46.75,09-02 10:22:30 🗓️ level wake seated OB(bull)·4h (HTF) invalidated: close 29158.25 below 29246.25 (noise 8.37) on NY 2026-09-02 — SKIPPED: 8m elapsed < wake_min_interval_min (30m).
2026-09-02 10:24:30,NY,skipped,min_interval,2026-09-02:NY v5,1.9,46.75,09-02 10:24:30 🗓️ level wake seated OB(bull)·4h (HTF) invalidated: close 29158.25 below 29246.25 (noise 8.37) on NY 2026-09-02 — SKIPPED: 10m elapsed < wake_min_interval_min (30m).
2026-09-02 10:25:00,NY,skipped,min_interval,2026-09-02:NY v5,2.5,46.75,09-02 10:25:00 🗓️ level wake seated OB(bull)·4h (HTF) invalidated: close 29158.25 below 29246.25 (noise 8.37) on NY 2026-09-02 — SKIPPED: 11m elapsed < wake_min_interval_min (30m).
2026-09-02 10:26:34,NY,skipped,min_interval,2026-09-02:NY v5,4.0,46.75,09-02 10:26:34 🗓️ level wake seated OB(bull)·4h (HTF) invalidated: close 29158.25 below 29246.25 (noise 8.44) on NY 2026-09-02 — SKIPPED: 12m elapsed < wake_min_interval_min (30m).
2026-09-02 10:28:30,NY,skipped,min_interval,2026-09-02:NY v5,6.0,46.75,09-02 10:28:30 🗓️ level wake seated OB(bull)·4h (HTF) invalidated: close 29158.25 below 29246.25 (noise 8.57) on NY 2026-09-02 — SKIPPED: 14m elapsed < wake_min_interval_min (30m).
2026-09-02 10:30:30,NY,skipped,min_interval,2026-09-02:NY v5,8.0,-22.75,09-02 10:30:30 🗓️ level wake seated OB(bull)·4h (HTF) invalidated: close 29205.00 below 29246.25 (noise 8.03) on NY 2026-09-02 — SKIPPED: 16m elapsed < wake_min_interval_min (30m).
2026-09-02 10:32:30,NY,skipped,min_interval,2026-09-02:NY v5,9.9,-22.75,09-02 10:32:30 🗓️ level wake seated OB(bull)·4h (HTF) invalidated: close 29205.00 below 29246.25 (noise 8.14) on NY 2026-09-02 — SKIPPED: 18m elapsed < wake_min_interval_min (30m).
2026-09-02 10:37:18,NY,skipped,min_interval,2026-09-02:NY v5,14.8,-22.75,09-02 10:37:18 🗓️ level wake seated OB(bull)·4h (HTF) invalidated: close 29205.00 below 29246.25 (noise 8.29) on NY 2026-09-02 — SKIPPED: 23m elapsed < wake_min_interval_min (30m).
2026-09-02 10:38:30,NY,skipped,min_interval,2026-09-02:NY v5,15.9,-22.75,09-02 10:38:30 🗓️ level wake seated OB(bull)·4h (HTF) invalidated: close 29205.00 below 29246.25 (noise 8.29) on NY 2026-09-02 — SKIPPED: 24m elapsed < wake_min_interval_min (30m).
2026-09-02 10:40:30,NY,skipped,min_interval,2026-09-02:NY v5,17.9,-22.75,09-02 10:40:30 🗓️ level wake seated OB(bull)·4h (HTF) invalidated: close 29205.00 below 29246.25 (noise 8.35) on NY 2026-09-02 — SKIPPED: 26m elapsed < wake_min_interval_min (30m).
2026-09-02 10:42:30,NY,skipped,min_interval,2026-09-02:NY v5,19.9,-22.75,09-02 10:42:30 🗓️ level wake seated OB(bull)·4h (HTF) invalidated: close 29205.00 below 29246.25 (noise 8.35) on NY 2026-09-02 — SKIPPED: 28m elapsed < wake_min_interval_min (30m).
2026-09-02 10:44:30,NY,fired,proceed,2026-09-02:NY v5,21.9,-22.75,"09-02 10:44:30 🗓️ level wake seated OB(bull)·4h (HTF) invalidated: close 29205.00 below 29246.25 (noise 8.35) on NY 2026-09-02 — waking the planner (W6, 5th wake-up)."
2026-09-02 10:45:00,NY,skipped,min_interval,2026-09-02:NY v5,22.4,2.25,09-02 10:45:00 🗓️ level wake seated OB(bull)·4h (HTF) invalidated: close 29182.25 below 29246.25 (noise 7.77) on NY 2026-09-02 — SKIPPED: 1m elapsed < wake_min_interval_min (30m).
2026-09-02 10:46:30,NY,skipped,min_interval,2026-09-02:NY v5,23.9,2.25,09-02 10:46:30 🗓️ level wake seated OB(bull)·4h (HTF) invalidated: close 29182.25 below 29246.25 (noise 8.06) on NY 2026-09-02 — SKIPPED: 2m elapsed < wake_min_interval_min (30m).
2026-09-02 10:48:30,NY,skipped,min_interval,2026-09-02:NY v5,25.9,2.25,09-02 10:48:30 🗓️ level wake seated OB(bull)·4h (HTF) invalidated: close 29182.25 below 29246.25 (noise 8.14) on NY 2026-09-02 — SKIPPED: 4m elapsed < wake_min_interval_min (30m).
2026-09-02 10:49:32,NY,skipped,min_interval,2026-09-02:NY v5,27.0,2.25,09-02 10:49:32 🗓️ level wake seated OB(bull)·4h (HTF) invalidated: close 29182.25 below 29246.25 (noise 8.20) on NY 2026-09-02 — SKIPPED: 5m elapsed < wake_min_interval_min (30m).
2026-09-02 10:51:32,NY,skipped,min_interval,2026-09-02:NY v6,0.7,2.25,09-02 10:51:32 🗓️ level wake seated OB(bull)·4h (HTF) invalidated: close 29182.25 below 29246.25 (noise 8.28) on NY 2026-09-02 — SKIPPED: 7m elapsed < wake_min_interval_min (30m).
2026-09-02 10:52:30,NY,skipped,min_interval,2026-09-02:NY v6,1.6,2.25,09-02 10:52:30 🗓️ level wake seated OB(bull)·4h (HTF) invalidated: close 29182.25 below 29246.25 (noise 8.28) on NY 2026-09-02 — SKIPPED: 8m elapsed < wake_min_interval_min (30m).
2026-09-02 10:54:30,NY,skipped,min_interval,2026-09-02:NY v6,3.6,2.25,09-02 10:54:30 🗓️ level wake seated OB(bull)·4h (HTF) invalidated: close 29182.25 below 29246.25 (noise 8.28) on NY 2026-09-02 — SKIPPED: 10m elapsed < wake_min_interval_min (30m).
2026-09-02 10:55:00,NY,skipped,min_interval,2026-09-02:NY v6,4.1,2.25,09-02 10:55:00 🗓️ level wake seated OB(bull)·4h (HTF) invalidated: close 29182.25 below 29246.25 (noise 8.28) on NY 2026-09-02 — SKIPPED: 11m elapsed < wake_min_interval_min (30m).
2026-09-02 10:56:30,NY,skipped,min_interval,2026-09-02:NY v6,5.6,2.25,09-02 10:56:30 🗓️ level wake seated OB(bull)·4h (HTF) invalidated: close 29182.25 below 29246.25 (noise 8.28) on NY 2026-09-02 — SKIPPED: 12m elapsed < wake_min_interval_min (30m).
2026-09-02 10:58:30,NY,skipped,min_interval,2026-09-02:NY v6,7.6,2.25,09-02 10:58:30 🗓️ level wake seated OB(bull)·4h (HTF) invalidated: close 29182.25 below 29246.25 (noise 8.28) on NY 2026-09-02 — SKIPPED: 14m elapsed < wake_min_interval_min (30m).
2026-09-02 11:00:30,NY,skipped,min_interval,2026-09-02:NY v6,9.6,1.5,09-02 11:00:30 🗓️ level wake seated OB(bull)·4h (HTF) invalidated: close 29184.50 below 29246.25 (noise 7.85) on NY 2026-09-02 — SKIPPED: 16m elapsed < wake_min_interval_min (30m).
2026-09-02 11:02:30,NY,skipped,min_interval,2026-09-02:NY v6,11.6,1.5,09-02 11:02:30 🗓️ level wake seated OB(bull)·4h (HTF) invalidated: close 29184.50 below 29246.25 (noise 7.88) on NY 2026-09-02 — SKIPPED: 18m elapsed < wake_min_interval_min (30m).
2026-09-02 11:04:30,NY,skipped,min_interval,2026-09-02:NY v6,13.6,1.5,09-02 11:04:30 🗓️ level wake seated OB(bull)·4h (HTF) invalidated: close 29184.50 below 29246.25 (noise 7.92) on NY 2026-09-02 — SKIPPED: 20m elapsed < wake_min_interval_min (30m).
2026-09-02 11:05:00,NY,skipped,min_interval,2026-09-02:NY v6,14.1,1.5,09-02 11:05:00 🗓️ level wake seated OB(bull)·4h (HTF) invalidated: close 29184.50 below 29246.25 (noise 8.00) on NY 2026-09-02 — SKIPPED: 21m elapsed < wake_min_interval_min (30m).
2026-09-02 11:06:30,NY,skipped,min_interval,2026-09-02:NY v6,15.6,1.5,09-02 11:06:30 🗓️ level wake seated OB(bull)·4h (HTF) invalidated: close 29184.50 below 29246.25 (noise 8.01) on NY 2026-09-02 — SKIPPED: 22m elapsed < wake_min_interval_min (30m).
2026-09-02 11:08:30,NY,skipped,min_interval,2026-09-02:NY v6,17.6,1.5,09-02 11:08:30 🗓️ level wake seated OB(bull)·4h (HTF) invalidated: close 29184.50 below 29246.25 (noise 8.01) on NY 2026-09-02 — SKIPPED: 24m elapsed < wake_min_interval_min (30m).
2026-09-02 11:10:30,NY,skipped,min_interval,2026-09-02:NY v6,19.6,1.5,09-02 11:10:30 🗓️ level wake seated OB(bull)·4h (HTF) invalidated: close 29184.50 below 29246.25 (noise 8.01) on NY 2026-09-02 — SKIPPED: 26m elapsed < wake_min_interval_min (30m).
2026-09-02 11:12:30,NY,skipped,min_interval,2026-09-02:NY v6,21.6,1.5,09-02 11:12:30 🗓️ level wake seated OB(bull)·4h (HTF) invalidated: close 29184.50 below 29246.25 (noise 8.01) on NY 2026-09-02 — SKIPPED: 28m elapsed < wake_min_interval_min (30m).
2026-09-02 11:14:30,NY,skipped,min_interval,2026-09-02:NY v6,23.6,1.5,09-02 11:14:30 🗓️ level wake seated OB(bull)·4h (HTF) invalidated: close 29184.50 below 29246.25 (noise 8.01) on NY 2026-09-02 — SKIPPED: 30m elapsed < wake_min_interval_min (30m).
2026-09-02 11:15:00,NY,fired,proceed,2026-09-02:NY v6,24.1,-34.25,"09-02 11:15:00 🗓️ level wake seated OB(bull)·4h (HTF) invalidated: close 29186.25 below 29246.25 (noise 7.45) on NY 2026-09-02 — waking the planner (W6, 5th wake-up)."
2026-09-02 11:20:30,NY,skipped,min_interval,2026-09-02:NY v7,0.2,-34.25,09-02 11:20:30 🗓️ level wake seated OB(bull)·4h (HTF) invalidated: close 29186.25 below 29246.25 (noise 7.73) on NY 2026-09-02 — SKIPPED: 5m elapsed < wake_min_interval_min (30m).
2026-09-02 11:22:30,NY,skipped,min_interval,2026-09-02:NY v7,2.2,-34.25,09-02 11:22:30 🗓️ level wake seated OB(bull)·4h (HTF) invalidated: close 29186.25 below 29246.25 (noise 7.73) on NY 2026-09-02 — SKIPPED: 7m elapsed < wake_min_interval_min (30m).
2026-09-02 11:24:30,NY,skipped,min_interval,2026-09-02:NY v7,4.2,-34.25,09-02 11:24:30 🗓️ level wake seated OB(bull)·4h (HTF) invalidated: close 29186.25 below 29246.25 (noise 7.76) on NY 2026-09-02 — SKIPPED: 9m elapsed < wake_min_interval_min (30m).
2026-09-02 11:25:00,NY,skipped,min_interval,2026-09-02:NY v7,4.7,-34.25,09-02 11:25:00 🗓️ level wake seated OB(bull)·4h (HTF) invalidated: close 29186.25 below 29246.25 (noise 7.76) on NY 2026-09-02 — SKIPPED: 10m elapsed < wake_min_interval_min (30m).
2026-09-02 11:26:30,NY,skipped,min_interval,2026-09-02:NY v7,6.2,-34.25,09-02 11:26:30 🗓️ level wake seated OB(bull)·4h (HTF) invalidated: close 29186.25 below 29246.25 (noise 7.76) on NY 2026-09-02 — SKIPPED: 11m elapsed < wake_min_interval_min (30m).
2026-09-02 11:28:30,NY,skipped,min_interval,2026-09-02:NY v7,8.2,-34.25,09-02 11:28:30 🗓️ level wake seated OB(bull)·4h (HTF) invalidated: close 29186.25 below 29246.25 (noise 7.88) on NY 2026-09-02 — SKIPPED: 13m elapsed < wake_min_interval_min (30m).
2026-09-02 11:30:30,NY,skipped,min_interval,2026-09-02:NY v7,10.2,-13.25,09-02 11:30:30 🗓️ level wake seated OB(bull)·4h (HTF) invalidated: close 29152.25 below 29246.25 (noise 7.43) on NY 2026-09-02 — SKIPPED: 15m elapsed < wake_min_interval_min (30m).
2026-09-02 11:32:30,NY,skipped,min_interval,2026-09-02:NY v7,12.2,-13.25,09-02 11:32:30 🗓️ level wake seated OB(bull)·4h (HTF) invalidated: close 29152.25 below 29246.25 (noise 7.62) on NY 2026-09-02 — SKIPPED: 17m elapsed < wake_min_interval_min (30m).
2026-09-02 11:34:30,NY,skipped,min_interval,2026-09-02:NY v7,14.2,-13.25,09-02 11:34:30 🗓️ level wake seated OB(bull)·4h (HTF) invalidated: close 29152.25 below 29246.25 (noise 7.64) on NY 2026-09-02 — SKIPPED: 19m elapsed < wake_min_interval_min (30m).
2026-09-02 11:35:00,NY,skipped,min_interval,2026-09-02:NY v7,14.7,-13.25,09-02 11:35:00 🗓️ level wake seated OB(bull)·4h (HTF) invalidated: close 29152.25 below 29246.25 (noise 7.64) on NY 2026-09-02 — SKIPPED: 20m elapsed < wake_min_interval_min (30m).
2026-09-02 11:36:30,NY,skipped,min_interval,2026-09-02:NY v7,16.2,-13.25,09-02 11:36:30 🗓️ level wake seated OB(bull)·4h (HTF) invalidated: close 29152.25 below 29246.25 (noise 7.64) on NY 2026-09-02 — SKIPPED: 21m elapsed < wake_min_interval_min (30m).
2026-09-02 11:38:30,NY,skipped,min_interval,2026-09-02:NY v7,18.2,-13.25,09-02 11:38:30 🗓️ level wake seated OB(bull)·4h (HTF) invalidated: close 29152.25 below 29246.25 (noise 7.64) on NY 2026-09-02 — SKIPPED: 23m elapsed < wake_min_interval_min (30m).
2026-09-02 11:40:30,NY,skipped,min_interval,2026-09-02:NY v7,20.2,-13.25,09-02 11:40:30 🗓️ level wake seated OB(bull)·4h (HTF) invalidated: close 29152.25 below 29246.25 (noise 7.64) on NY 2026-09-02 — SKIPPED: 25m elapsed < wake_min_interval_min (30m).
2026-09-02 11:42:30,NY,skipped,min_interval,2026-09-02:NY v7,22.2,-13.25,09-02 11:42:30 🗓️ level wake seated OB(bull)·4h (HTF) invalidated: close 29152.25 below 29246.25 (noise 7.65) on NY 2026-09-02 — SKIPPED: 27m elapsed < wake_min_interval_min (30m).
2026-09-02 11:44:30,NY,skipped,min_interval,2026-09-02:NY v7,24.2,-13.25,09-02 11:44:30 🗓️ level wake seated OB(bull)·4h (HTF) invalidated: close 29152.25 below 29246.25 (noise 7.73) on NY 2026-09-02 — SKIPPED: 29m elapsed < wake_min_interval_min (30m).
2026-09-02 11:45:00,NY,fired,proceed,2026-09-02:NY v7,24.7,15.75,"09-02 11:45:00 🗓️ level wake seated OB(bull)·4h (HTF) invalidated: close 29138.50 below 29246.25 (noise 7.23) on NY 2026-09-02 — waking the planner (W6, 5th wake-up)."
2026-09-02 11:48:30,NY,skipped,min_interval,2026-09-02:NY v8,1.3,15.75,09-02 11:48:30 🗓️ level wake seated OB(bull)·4h (HTF) invalidated: close 29138.50 below 29246.25 (noise 7.34) on NY 2026-09-02 — SKIPPED: 3m elapsed < wake_min_interval_min (30m).
2026-09-02 11:50:30,NY,skipped,min_interval,2026-09-02:NY v8,3.3,15.75,09-02 11:50:30 🗓️ level wake seated OB(bull)·4h (HTF) invalidated: close 29138.50 below 29246.25 (noise 7.34) on NY 2026-09-02 — SKIPPED: 5m elapsed < wake_min_interval_min (30m).
2026-09-02 11:52:30,NY,skipped,min_interval,2026-09-02:NY v8,5.3,15.75,09-02 11:52:30 🗓️ level wake seated OB(bull)·4h (HTF) invalidated: close 29138.50 below 29246.25 (noise 7.35) on NY 2026-09-02 — SKIPPED: 7m elapsed < wake_min_interval_min (30m).
2026-09-02 11:54:30,NY,skipped,min_interval,2026-09-02:NY v8,7.3,15.75,09-02 11:54:30 🗓️ level wake seated OB(bull)·4h (HTF) invalidated: close 29138.50 below 29246.25 (noise 7.53) on NY 2026-09-02 — SKIPPED: 9m elapsed < wake_min_interval_min (30m).
2026-09-02 11:55:00,NY,skipped,min_interval,2026-09-02:NY v8,7.8,15.75,09-02 11:55:00 🗓️ level wake seated OB(bull)·4h (HTF) invalidated: close 29138.50 below 29246.25 (noise 7.53) on NY 2026-09-02 — SKIPPED: 10m elapsed < wake_min_interval_min (30m).
2026-09-02 11:56:30,NY,skipped,min_interval,2026-09-02:NY v8,9.3,15.75,09-02 11:56:30 🗓️ level wake seated OB(bull)·4h (HTF) invalidated: close 29138.50 below 29246.25 (noise 7.54) on NY 2026-09-02 — SKIPPED: 11m elapsed < wake_min_interval_min (30m).
2026-09-02 11:58:30,NY,skipped,min_interval,2026-09-02:NY v8,11.3,15.75,09-02 11:58:30 🗓️ level wake seated OB(bull)·4h (HTF) invalidated: close 29138.50 below 29246.25 (noise 7.54) on NY 2026-09-02 — SKIPPED: 13m elapsed < wake_min_interval_min (30m).
2026-09-02 12:00:30,NY,skipped,min_interval,2026-09-02:NY v8,13.3,-10.25,09-02 12:00:30 🗓️ level wake seated OB(bull)·4h (HTF) invalidated: close 29154.50 below 29246.25 (noise 7.17) on NY 2026-09-02 — SKIPPED: 15m elapsed < wake_min_interval_min (30m).
2026-09-02 12:02:30,NY,skipped,min_interval,2026-09-02:NY v8,15.3,-10.25,09-02 12:02:30 🗓️ level wake seated OB(bull)·4h (HTF) invalidated: close 29154.50 below 29246.25 (noise 7.24) on NY 2026-09-02 — SKIPPED: 17m elapsed < wake_min_interval_min (30m).
2026-09-02 12:04:30,NY,skipped,min_interval,2026-09-02:NY v8,17.3,-10.25,09-02 12:04:30 🗓️ level wake seated OB(bull)·4h (HTF) invalidated: close 29154.50 below 29246.25 (noise 7.30) on NY 2026-09-02 — SKIPPED: 19m elapsed < wake_min_interval_min (30m).
2026-09-02 12:05:01,NY,skipped,min_interval,2026-09-02:NY v8,17.9,-10.25,09-02 12:05:01 🗓️ level wake seated OB(bull)·4h (HTF) invalidated: close 29154.50 below 29246.25 (noise 7.30) on NY 2026-09-02 — SKIPPED: 20m elapsed < wake_min_interval_min (30m).
2026-09-02 12:06:30,NY,skipped,min_interval,2026-09-02:NY v8,19.3,-10.25,09-02 12:06:30 🗓️ level wake seated OB(bull)·4h (HTF) invalidated: close 29154.50 below 29246.25 (noise 7.30) on NY 2026-09-02 — SKIPPED: 21m elapsed < wake_min_interval_min (30m).
2026-09-02 12:08:30,NY,skipped,min_interval,2026-09-02:NY v8,21.3,-10.25,09-02 12:08:30 🗓️ level wake seated OB(bull)·4h (HTF) invalidated: close 29154.50 below 29246.25 (noise 7.44) on NY 2026-09-02 — SKIPPED: 23m elapsed < wake_min_interval_min (30m).
2026-09-02 12:10:30,NY,skipped,min_interval,2026-09-02:NY v8,23.3,-10.25,09-02 12:10:30 🗓️ level wake seated OB(bull)·4h (HTF) invalidated: close 29154.50 below 29246.25 (noise 7.60) on NY 2026-09-02 — SKIPPED: 25m elapsed < wake_min_interval_min (30m).
2026-09-02 12:12:30,NY,skipped,min_interval,2026-09-02:NY v8,25.3,-10.25,09-02 12:12:30 🗓️ level wake seated OB(bull)·4h (HTF) invalidated: close 29154.50 below 29246.25 (noise 7.60) on NY 2026-09-02 — SKIPPED: 27m elapsed < wake_min_interval_min (30m).
2026-09-02 12:14:30,NY,skipped,min_interval,2026-09-02:NY v8,27.3,-10.25,09-02 12:14:30 🗓️ level wake seated OB(bull)·4h (HTF) invalidated: close 29154.50 below 29246.25 (noise 7.60) on NY 2026-09-02 — SKIPPED: 29m elapsed < wake_min_interval_min (30m).
2026-09-02 12:16:30,NY,fired,proceed,2026-09-02:NY v8,29.3,5.25,"09-02 12:16:30 🗓️ level wake seated OB(bull)·4h (HTF) invalidated: close 29144.75 below 29246.25 (noise 7.16) on NY 2026-09-02 — waking the planner (W6, 5th wake-up)."
2026-09-02 12:26:30,NY,skipped,min_interval,2026-09-02:NY v9,1.3,5.25,09-02 12:26:30 🗓️ level wake seated OB(bull)·4h (HTF) invalidated: close 29144.75 below 29246.25 (noise 7.37) on NY 2026-09-02 — SKIPPED: 10m elapsed < wake_min_interval_min (30m).
2026-09-02 12:28:30,NY,skipped,min_interval,2026-09-02:NY v9,3.3,5.25,09-02 12:28:30 🗓️ level wake seated OB(bull)·4h (HTF) invalidated: close 29144.75 below 29246.25 (noise 7.37) on NY 2026-09-02 — SKIPPED: 12m elapsed < wake_min_interval_min (30m).
2026-09-02 12:30:30,NY,skipped,min_interval,2026-09-02:NY v9,5.3,8.25,09-02 12:30:30 🗓️ level wake seated OB(bull)·4h (HTF) invalidated: close 29150.25 below 29246.25 (noise 6.92) on NY 2026-09-02 — SKIPPED: 14m elapsed < wake_min_interval_min (30m).
2026-09-02 12:32:30,NY,skipped,min_interval,2026-09-02:NY v9,7.3,8.25,09-02 12:32:30 🗓️ level wake seated OB(bull)·4h (HTF) invalidated: close 29150.25 below 29246.25 (noise 6.99) on NY 2026-09-02 — SKIPPED: 16m elapsed < wake_min_interval_min (30m).
2026-09-02 12:34:30,NY,skipped,min_interval,2026-09-02:NY v9,9.3,8.25,09-02 12:34:30 🗓️ level wake seated OB(bull)·4h (HTF) invalidated: close 29150.25 below 29246.25 (noise 7.06) on NY 2026-09-02 — SKIPPED: 18m elapsed < wake_min_interval_min (30m).
2026-09-02 12:36:30,NY,skipped,min_interval,2026-09-02:NY v9,11.3,8.25,09-02 12:36:30 🗓️ level wake seated OB(bull)·4h (HTF) invalidated: close 29150.25 below 29246.25 (noise 7.12) on NY 2026-09-02 — SKIPPED: 20m elapsed < wake_min_interval_min (30m).
2026-09-02 12:38:30,NY,skipped,min_interval,2026-09-02:NY v9,13.3,8.25,09-02 12:38:30 🗓️ level wake seated OB(bull)·4h (HTF) invalidated: close 29150.25 below 29246.25 (noise 7.12) on NY 2026-09-02 — SKIPPED: 22m elapsed < wake_min_interval_min (30m).
2026-09-02 12:40:29,NY,skipped,min_interval,2026-09-02:NY v9,15.3,8.25,09-02 12:40:29 🗓️ level wake seated OB(bull)·4h (HTF) invalidated: close 29150.25 below 29246.25 (noise 7.12) on NY 2026-09-02 — SKIPPED: 24m elapsed < wake_min_interval_min (30m).
2026-09-02 12:42:29,NY,skipped,min_interval,2026-09-02:NY v9,17.3,8.25,09-02 12:42:29 🗓️ level wake seated OB(bull)·4h (HTF) invalidated: close 29150.25 below 29246.25 (noise 7.15) on NY 2026-09-02 — SKIPPED: 26m elapsed < wake_min_interval_min (30m).
2026-09-02 12:44:29,NY,skipped,min_interval,2026-09-02:NY v9,19.3,8.25,09-02 12:44:29 🗓️ level wake seated OB(bull)·4h (HTF) invalidated: close 29150.25 below 29246.25 (noise 7.18) on NY 2026-09-02 — SKIPPED: 28m elapsed < wake_min_interval_min (30m).
2026-09-02 12:46:29,NY,skipped,min_interval,2026-09-02:NY v9,21.3,1.0,09-02 12:46:29 🗓️ level wake seated OB(bull)·4h (HTF) invalidated: close 29158.75 below 29246.25 (noise 6.85) on NY 2026-09-02 — SKIPPED: 30m elapsed < wake_min_interval_min (30m).
2026-09-02 12:48:29,NY,fired,proceed,2026-09-02:NY v9,23.3,1.0,"09-02 12:48:29 🗓️ level wake seated OB(bull)·4h (HTF) invalidated: close 29158.75 below 29246.25 (noise 6.85) on NY 2026-09-02 — waking the planner (W6, 5th wake-up)."
2026-09-02 13:00:29,NY,skipped,min_interval,2026-09-02:NY v9,35.3,-12.25,09-02 13:00:29 🗓️ level wake seated OB(bull)·4h (HTF) invalidated: close 29159.50 below 29246.25 (noise 6.61) on NY 2026-09-02 — SKIPPED: 12m elapsed < wake_min_interval_min (30m).
2026-09-02 13:02:29,NY,skipped,min_interval,2026-09-02:NY v10,0.2,-12.25,09-02 13:02:29 🗓️ level wake seated OB(bull)·4h (HTF) invalidated: close 29159.50 below 29246.25 (noise 6.79) on NY 2026-09-02 — SKIPPED: 14m elapsed < wake_min_interval_min (30m).
2026-09-02 13:04:29,NY,skipped,min_interval,2026-09-02:NY v10,2.2,-12.25,09-02 13:04:29 🗓️ level wake seated OB(bull)·4h (HTF) invalidated: close 29159.50 below 29246.25 (noise 6.79) on NY 2026-09-02 — SKIPPED: 16m elapsed < wake_min_interval_min (30m).
2026-09-02 13:06:29,NY,skipped,min_interval,2026-09-02:NY v10,4.2,-12.25,09-02 13:06:29 🗓️ level wake seated OB(bull)·4h (HTF) invalidated: close 29159.50 below 29246.25 (noise 6.83) on NY 2026-09-02 — SKIPPED: 18m elapsed < wake_min_interval_min (30m).
2026-09-02 13:08:29,NY,skipped,min_interval,2026-09-02:NY v10,6.2,-12.25,09-02 13:08:29 🗓️ level wake seated OB(bull)·4h (HTF) invalidated: close 29159.50 below 29246.25 (noise 6.83) on NY 2026-09-02 — SKIPPED: 20m elapsed < wake_min_interval_min (30m).
2026-09-02 13:10:29,NY,skipped,min_interval,2026-09-02:NY v10,8.2,-12.25,09-02 13:10:29 🗓️ level wake seated OB(bull)·4h (HTF) invalidated: close 29159.50 below 29246.25 (noise 6.83) on NY 2026-09-02 — SKIPPED: 22m elapsed < wake_min_interval_min (30m).
2026-09-02 13:12:29,NY,skipped,min_interval,2026-09-02:NY v10,10.2,-12.25,09-02 13:12:29 🗓️ level wake seated OB(bull)·4h (HTF) invalidated: close 29159.50 below 29246.25 (noise 6.83) on NY 2026-09-02 — SKIPPED: 24m elapsed < wake_min_interval_min (30m).
2026-09-02 13:14:29,NY,skipped,min_interval,2026-09-02:NY v10,12.2,-12.25,09-02 13:14:29 🗓️ level wake seated OB(bull)·4h (HTF) invalidated: close 29159.50 below 29246.25 (noise 6.83) on NY 2026-09-02 — SKIPPED: 26m elapsed < wake_min_interval_min (30m).
2026-09-02 13:16:29,NY,skipped,min_interval,2026-09-02:NY v10,14.2,12.0,09-02 13:16:29 🗓️ level wake seated OB(bull)·4h (HTF) invalidated: close 29147.00 below 29246.25 (noise 6.46) on NY 2026-09-02 — SKIPPED: 28m elapsed < wake_min_interval_min (30m).
2026-09-02 13:18:29,NY,fired,proceed,2026-09-02:NY v10,16.2,12.0,"09-02 13:18:29 🗓️ level wake seated OB(bull)·4h (HTF) invalidated: close 29147.00 below 29246.25 (noise 6.46) on NY 2026-09-02 — waking the planner (W6, 5th wake-up)."
2026-09-02 13:30:29,NY,skipped,min_interval,2026-09-02:NY v11,1.9,-22.75,09-02 13:30:29 🗓️ level wake seated OB(bull)·4h (HTF) invalidated: close 29158.75 below 29246.25 (noise 6.51) on NY 2026-09-02 — SKIPPED: 12m elapsed < wake_min_interval_min (30m).
2026-09-02 13:32:29,NY,skipped,min_interval,2026-09-02:NY v11,3.9,-22.75,09-02 13:32:29 🗓️ level wake seated OB(bull)·4h (HTF) invalidated: close 29158.75 below 29246.25 (noise 6.61) on NY 2026-09-02 — SKIPPED: 14m elapsed < wake_min_interval_min (30m).
2026-09-02 13:34:29,NY,skipped,min_interval,2026-09-02:NY v11,5.9,-22.75,09-02 13:34:29 🗓️ level wake seated OB(bull)·4h (HTF) invalidated: close 29158.75 below 29246.25 (noise 6.65) on NY 2026-09-02 — SKIPPED: 16m elapsed < wake_min_interval_min (30m).
2026-09-02 13:36:29,NY,skipped,min_interval,2026-09-02:NY v11,7.9,-22.75,09-02 13:36:29 🗓️ level wake seated OB(bull)·4h (HTF) invalidated: close 29158.75 below 29246.25 (noise 6.66) on NY 2026-09-02 — SKIPPED: 18m elapsed < wake_min_interval_min (30m).
2026-09-02 13:38:29,NY,skipped,min_interval,2026-09-02:NY v11,9.9,-22.75,09-02 13:38:29 🗓️ level wake seated OB(bull)·4h (HTF) invalidated: close 29158.75 below 29246.25 (noise 6.78) on NY 2026-09-02 — SKIPPED: 20m elapsed < wake_min_interval_min (30m).
2026-09-02 13:40:29,NY,skipped,min_interval,2026-09-02:NY v11,11.9,-22.75,09-02 13:40:29 🗓️ level wake seated OB(bull)·4h (HTF) invalidated: close 29158.75 below 29246.25 (noise 6.85) on NY 2026-09-02 — SKIPPED: 22m elapsed < wake_min_interval_min (30m).
2026-09-02 13:42:29,NY,skipped,min_interval,2026-09-02:NY v11,13.9,-22.75,09-02 13:42:29 🗓️ level wake seated OB(bull)·4h (HTF) invalidated: close 29158.75 below 29246.25 (noise 6.92) on NY 2026-09-02 — SKIPPED: 24m elapsed < wake_min_interval_min (30m).
2026-09-02 13:44:29,NY,skipped,min_interval,2026-09-02:NY v11,15.9,-22.75,09-02 13:44:29 🗓️ level wake seated OB(bull)·4h (HTF) invalidated: close 29158.75 below 29246.25 (noise 6.92) on NY 2026-09-02 — SKIPPED: 26m elapsed < wake_min_interval_min (30m).
2026-09-02 13:45:01,NY,skipped,min_interval,2026-09-02:NY v11,16.4,9.5,09-02 13:45:01 🗓️ level wake seated OB(bull)·4h (HTF) invalidated: close 29136.50 below 29246.25 (noise 6.43) on NY 2026-09-02 — SKIPPED: 27m elapsed < wake_min_interval_min (30m).
2026-09-02 13:46:29,NY,skipped,min_interval,2026-09-02:NY v11,17.9,9.5,09-02 13:46:29 🗓️ level wake seated OB(bull)·4h (HTF) invalidated: close 29136.50 below 29246.25 (noise 6.53) on NY 2026-09-02 — SKIPPED: 28m elapsed < wake_min_interval_min (30m).
2026-09-02 13:48:29,NY,fired,proceed,2026-09-02:NY v11,19.9,9.5,"09-02 13:48:29 🗓️ level wake seated OB(bull)·4h (HTF) invalidated: close 29136.50 below 29246.25 (noise 6.56) on NY 2026-09-02 — waking the planner (W6, 5th wake-up)."
2026-09-02 14:15:01,NY,skipped,min_interval,2026-09-02:NY v12,18.0,1.75,09-02 14:15:01 🗓️ level wake seated OB(bear)·4h invalidated: close 29165.75 above 29154.38 (noise 6.10) on NY 2026-09-02 — SKIPPED: 27m elapsed < wake_min_interval_min (30m).
2026-09-02 14:16:29,NY,skipped,min_interval,2026-09-02:NY v12,19.5,1.75,09-02 14:16:29 🗓️ level wake seated OB(bear)·4h invalidated: close 29165.75 above 29154.38 (noise 6.20) on NY 2026-09-02 — SKIPPED: 28m elapsed < wake_min_interval_min (30m).
2026-09-02 14:18:29,NY,skipped,min_interval,2026-09-02:NY v12,21.5,1.75,09-02 14:18:29 🗓️ level wake seated OB(bear)·4h invalidated: close 29165.75 above 29154.38 (noise 6.20) on NY 2026-09-02 — SKIPPED: 30m elapsed < wake_min_interval_min (30m).
2026-09-02 14:20:29,NY,fired,proceed,2026-09-02:NY v12,23.5,1.75,"09-02 14:20:29 🗓️ level wake seated OB(bear)·4h invalidated: close 29165.75 above 29154.38 (noise 6.30) on NY 2026-09-02 — waking the planner (W6, 5th wake-up)."
2026-09-02 14:30:29,NY,skipped,min_interval,2026-09-02:NY v12,33.5,7.75,09-02 14:30:29 🗓️ level wake seated OB(bear)·4h invalidated: close 29167.75 above 29154.38 (noise 5.92) on NY 2026-09-02 — SKIPPED: 10m elapsed < wake_min_interval_min (30m).
2026-09-02 14:32:29,NY,skipped,min_interval,2026-09-02:NY v12,35.5,7.75,09-02 14:32:29 🗓️ level wake seated OB(bear)·4h invalidated: close 29167.75 above 29154.38 (noise 5.95) on NY 2026-09-02 — SKIPPED: 12m elapsed < wake_min_interval_min (30m).
2026-09-02 14:34:29,NY,skipped,min_interval,2026-09-02:NY v12,37.5,7.75,09-02 14:34:29 🗓️ level wake seated OB(bear)·4h invalidated: close 29167.75 above 29154.38 (noise 6.00) on NY 2026-09-02 — SKIPPED: 14m elapsed < wake_min_interval_min (30m).
2026-09-02 14:35:00,NY,skipped,min_interval,2026-09-02:NY v12,38.0,7.75,09-02 14:35:00 🗓️ level wake seated OB(bear)·4h invalidated: close 29167.75 above 29154.38 (noise 6.00) on NY 2026-09-02 — SKIPPED: 15m elapsed < wake_min_interval_min (30m).
2026-09-02 14:36:29,NY,skipped,min_interval,2026-09-02:NY v12,39.5,7.75,09-02 14:36:29 🗓️ level wake seated OB(bear)·4h invalidated: close 29167.75 above 29154.38 (noise 6.01) on NY 2026-09-02 — SKIPPED: 16m elapsed < wake_min_interval_min (30m).
2026-09-02 14:38:29,NY,skipped,min_interval,2026-09-02:NY v12,41.5,7.75,09-02 14:38:29 🗓️ level wake seated OB(bear)·4h invalidated: close 29167.75 above 29154.38 (noise 6.06) on NY 2026-09-02 — SKIPPED: 18m elapsed < wake_min_interval_min (30m).
2026-09-02 14:40:29,NY,skipped,min_interval,2026-09-02:NY v12,43.5,7.75,09-02 14:40:29 🗓️ level wake seated OB(bear)·4h invalidated: close 29167.75 above 29154.38 (noise 6.06) on NY 2026-09-02 — SKIPPED: 20m elapsed < wake_min_interval_min (30m).
2026-09-02 14:42:29,NY,skipped,min_interval,2026-09-02:NY v12,45.5,7.75,09-02 14:42:29 🗓️ level wake seated OB(bear)·4h invalidated: close 29167.75 above 29154.38 (noise 6.06) on NY 2026-09-02 — SKIPPED: 22m elapsed < wake_min_interval_min (30m).
2026-09-02 14:44:29,NY,skipped,min_interval,2026-09-02:NY v12,47.5,7.75,09-02 14:44:29 🗓️ level wake seated OB(bear)·4h invalidated: close 29167.75 above 29154.38 (noise 6.11) on NY 2026-09-02 — SKIPPED: 24m elapsed < wake_min_interval_min (30m).
2026-09-02 16:36:29,ASIA,fired,proceed,2026-09-02:ASIA v1,0.5,,"09-02 16:36:29 🗓️ level wake seated iFVG(bear)·4h (HTF) invalidated: close 29143.00 above 29004.50 (noise 5.56) on ASIA 2026-09-02 — waking the planner (W6, 5th wake-up)."
2026-09-02 17:15:00,ASIA,fired,proceed,2026-09-02:ASIA v1,39.0,10.75,"09-02 17:15:00 🗓️ level wake seated iFVG(bear)·4h (HTF) invalidated: close 29185.50 above 29004.50 (noise 5.28) on ASIA 2026-09-02 — waking the planner (W6, 5th wake-up)."
2026-09-02 17:20:28,ASIA,skipped,min_interval,2026-09-02:ASIA v2,2.0,10.75,09-02 17:20:28 🗓️ level wake seated OB(bull)·1h (HTF) invalidated: close 29185.50 below 29324.50 (noise 5.39) on ASIA 2026-09-02 — SKIPPED: 5m elapsed < wake_min_interval_min (30m).
2026-09-02 17:22:28,ASIA,skipped,min_interval,2026-09-02:ASIA v2,4.0,10.75,09-02 17:22:28 🗓️ level wake seated OB(bull)·1h (HTF) invalidated: close 29185.50 below 29324.50 (noise 5.49) on ASIA 2026-09-02 — SKIPPED: 7m elapsed < wake_min_interval_min (30m).
2026-09-02 17:24:28,ASIA,skipped,min_interval,2026-09-02:ASIA v2,6.0,10.75,09-02 17:24:28 🗓️ level wake seated OB(bull)·1h (HTF) invalidated: close 29185.50 below 29324.50 (noise 5.59) on ASIA 2026-09-02 — SKIPPED: 9m elapsed < wake_min_interval_min (30m).
2026-09-02 17:25:01,ASIA,skipped,min_interval,2026-09-02:ASIA v2,6.5,10.75,09-02 17:25:01 🗓️ level wake seated OB(bull)·1h (HTF) invalidated: close 29185.50 below 29324.50 (noise 5.59) on ASIA 2026-09-02 — SKIPPED: 10m elapsed < wake_min_interval_min (30m).
2026-09-02 17:26:28,ASIA,skipped,min_interval,2026-09-02:ASIA v2,8.0,10.75,09-02 17:26:28 🗓️ level wake seated OB(bull)·1h (HTF) invalidated: close 29185.50 below 29324.50 (noise 5.59) on ASIA 2026-09-02 — SKIPPED: 11m elapsed < wake_min_interval_min (30m).
2026-09-02 17:28:28,ASIA,skipped,min_interval,2026-09-02:ASIA v2,10.0,10.75,09-02 17:28:28 🗓️ level wake seated OB(bull)·1h (HTF) invalidated: close 29185.50 below 29324.50 (noise 5.59) on ASIA 2026-09-02 — SKIPPED: 13m elapsed < wake_min_interval_min (30m).
2026-09-02 17:30:28,ASIA,skipped,min_interval,2026-09-02:ASIA v2,12.0,-0.25,09-02 17:30:28 🗓️ level wake seated OB(bull)·1h (HTF) invalidated: close 29196.00 below 29324.50 (noise 5.22) on ASIA 2026-09-02 — SKIPPED: 15m elapsed < wake_min_interval_min (30m).
2026-09-02 17:32:28,ASIA,skipped,min_interval,2026-09-02:ASIA v2,14.0,-0.25,09-02 17:32:28 🗓️ level wake seated OB(bull)·1h (HTF) invalidated: close 29196.00 below 29324.50 (noise 5.24) on ASIA 2026-09-02 — SKIPPED: 17m elapsed < wake_min_interval_min (30m).
2026-09-02 17:34:28,ASIA,skipped,min_interval,2026-09-02:ASIA v2,16.0,-0.25,09-02 17:34:28 🗓️ level wake seated OB(bull)·1h (HTF) invalidated: close 29196.00 below 29324.50 (noise 5.26) on ASIA 2026-09-02 — SKIPPED: 19m elapsed < wake_min_interval_min (30m).
2026-09-02 17:35:00,ASIA,skipped,min_interval,2026-09-02:ASIA v2,16.5,-0.25,09-02 17:35:00 🗓️ level wake seated OB(bull)·1h (HTF) invalidated: close 29196.00 below 29324.50 (noise 5.26) on ASIA 2026-09-02 — SKIPPED: 20m elapsed < wake_min_interval_min (30m).
2026-09-02 17:36:28,ASIA,skipped,min_interval,2026-09-02:ASIA v2,18.0,-0.25,09-02 17:36:28 🗓️ level wake seated OB(bull)·1h (HTF) invalidated: close 29196.00 below 29324.50 (noise 5.29) on ASIA 2026-09-02 — SKIPPED: 21m elapsed < wake_min_interval_min (30m).
2026-09-02 17:38:28,ASIA,skipped,min_interval,2026-09-02:ASIA v2,20.0,-0.25,09-02 17:38:28 🗓️ level wake seated OB(bull)·1h (HTF) invalidated: close 29196.00 below 29324.50 (noise 5.29) on ASIA 2026-09-02 — SKIPPED: 23m elapsed < wake_min_interval_min (30m).
2026-09-02 17:40:28,ASIA,skipped,min_interval,2026-09-02:ASIA v2,22.0,-0.25,09-02 17:40:28 🗓️ level wake seated OB(bull)·1h (HTF) invalidated: close 29196.00 below 29324.50 (noise 5.33) on ASIA 2026-09-02 — SKIPPED: 25m elapsed < wake_min_interval_min (30m).
2026-09-02 17:42:28,ASIA,skipped,min_interval,2026-09-02:ASIA v2,24.0,-0.25,09-02 17:42:28 🗓️ level wake seated OB(bull)·1h (HTF) invalidated: close 29196.00 below 29324.50 (noise 5.33) on ASIA 2026-09-02 — SKIPPED: 27m elapsed < wake_min_interval_min (30m).
2026-09-02 17:44:28,ASIA,skipped,min_interval,2026-09-02:ASIA v2,26.0,-0.25,09-02 17:44:28 🗓️ level wake seated OB(bull)·1h (HTF) invalidated: close 29196.00 below 29324.50 (noise 5.33) on ASIA 2026-09-02 — SKIPPED: 29m elapsed < wake_min_interval_min (30m).
2026-09-02 17:45:00,ASIA,fired,proceed,2026-09-02:ASIA v2,26.5,-14.0,"09-02 17:45:00 🗓️ level wake seated OB(bull)·1h (HTF) invalidated: close 29195.50 below 29324.50 (noise 4.95) on ASIA 2026-09-02 — waking the planner (W6, 5th wake-up)."
2026-09-02 17:53:14,ASIA,fired,proceed,2026-09-02:ASIA v3,2.3,-14.0,"09-02 17:53:14 🗓️ level wake seated OB(bull)·1h invalidated: close 29195.50 below 29212.50 (noise 5.12) on ASIA 2026-09-02 — waking the planner (W6, 5th wake-up)."
2026-09-02 18:01:14,ASIA,skipped,min_interval,2026-09-02:ASIA v3,10.3,-8.75,09-02 18:01:14 🗓️ level wake seated OB(bull)·1h invalidated: close 29181.50 below 29212.50 (noise 4.87) on ASIA 2026-09-02 — SKIPPED: 8m elapsed < wake_min_interval_min (30m).
2026-09-02 18:03:14,ASIA,skipped,min_interval,2026-09-02:ASIA v3,12.3,-8.75,09-02 18:03:14 🗓️ level wake seated OB(bull)·1h invalidated: close 29181.50 below 29212.50 (noise 4.87) on ASIA 2026-09-02 — SKIPPED: 10m elapsed < wake_min_interval_min (30m).
2026-09-02 18:05:14,ASIA,skipped,min_interval,2026-09-02:ASIA v4,0.5,-8.75,09-02 18:05:14 🗓️ level wake seated OB(bull)·1h (HTF) invalidated: close 29181.50 below 29324.50 (noise 4.87) on ASIA 2026-09-02 — SKIPPED: 12m elapsed < wake_min_interval_min (30m).
2026-09-02 18:07:26,ASIA,fired,proceed,2026-09-02:ASIA v4,2.7,-8.75,"09-02 18:07:26 🗓️ level wake seated OB(bull)·1h (HTF) invalidated: close 29181.50 below 29324.50 (noise 4.87) on ASIA 2026-09-02 — waking the planner (W6, 5th wake-up)."
2026-09-02 18:15:26,ASIA,skipped,min_interval,2026-09-02:ASIA v4,10.7,8.25,09-02 18:15:26 🗓️ level wake seated OB(bull)·1h (HTF) invalidated: close 29172.50 below 29324.50 (noise 4.64) on ASIA 2026-09-02 — SKIPPED: 8m elapsed < wake_min_interval_min (30m).
2026-09-02 18:17:26,ASIA,skipped,min_interval,2026-09-02:ASIA v4,12.7,8.25,09-02 18:17:26 🗓️ level wake seated OB(bull)·1h (HTF) invalidated: close 29172.50 below 29324.50 (noise 4.69) on ASIA 2026-09-02 — SKIPPED: 10m elapsed < wake_min_interval_min (30m).
2026-09-02 18:19:26,ASIA,skipped,min_interval,2026-09-02:ASIA v4,14.7,8.25,09-02 18:19:26 🗓️ level wake seated OB(bull)·1h (HTF) invalidated: close 29172.50 below 29324.50 (noise 4.69) on ASIA 2026-09-02 — SKIPPED: 12m elapsed < wake_min_interval_min (30m).
2026-09-02 18:21:26,ASIA,skipped,min_interval,2026-09-02:ASIA v5,0.3,8.25,09-02 18:21:26 🗓️ level wake seated OB(bull)·1h (HTF) invalidated: close 29172.50 below 29324.50 (noise 4.69) on ASIA 2026-09-02 — SKIPPED: 14m elapsed < wake_min_interval_min (30m).
2026-09-02 18:23:26,ASIA,skipped,min_interval,2026-09-02:ASIA v5,2.4,8.25,09-02 18:23:26 🗓️ level wake seated OB(bull)·1h (HTF) invalidated: close 29172.50 below 29324.50 (noise 4.69) on ASIA 2026-09-02 — SKIPPED: 16m elapsed < wake_min_interval_min (30m).
2026-09-02 18:25:26,ASIA,skipped,min_interval,2026-09-02:ASIA v5,4.3,8.25,09-02 18:25:26 🗓️ level wake seated OB(bull)·1h (HTF) invalidated: close 29172.50 below 29324.50 (noise 4.71) on ASIA 2026-09-02 — SKIPPED: 18m elapsed < wake_min_interval_min (30m).
2026-09-02 18:29:17,ASIA,fired,proceed,2026-09-02:ASIA v5,8.2,8.25,"09-02 18:29:17 🗓️ level wake seated OB(bull)·1h (HTF) invalidated: close 29172.50 below 29324.50 (noise 4.76) on ASIA 2026-09-02 — waking the planner (W6, 5th wake-up)."
2026-09-02 18:31:17,ASIA,skipped,min_interval,2026-09-02:ASIA v5,10.2,8.5,09-02 18:31:17 🗓️ level wake seated OB(bull)·1h (HTF) invalidated: close 29180.00 below 29324.50 (noise 4.50) on ASIA 2026-09-02 — SKIPPED: 2m elapsed < wake_min_interval_min (30m).
2026-09-02 18:33:17,ASIA,skipped,min_interval,2026-09-02:ASIA v5,12.2,8.5,09-02 18:33:17 🗓️ level wake seated OB(bull)·1h (HTF) invalidated: close 29180.00 below 29324.50 (noise 4.50) on ASIA 2026-09-02 — SKIPPED: 4m elapsed < wake_min_interval_min (30m).
2026-09-02 18:35:17,ASIA,skipped,min_interval,2026-09-02:ASIA v5,14.2,8.5,09-02 18:35:17 🗓️ level wake seated OB(bull)·1h (HTF) invalidated: close 29180.00 below 29324.50 (noise 4.54) on ASIA 2026-09-02 — SKIPPED: 6m elapsed < wake_min_interval_min (30m).
2026-09-02 18:37:17,ASIA,skipped,min_interval,2026-09-02:ASIA v5,16.2,8.5,09-02 18:37:17 🗓️ level wake seated OB(bull)·1h (HTF) invalidated: close 29180.00 below 29324.50 (noise 4.55) on ASIA 2026-09-02 — SKIPPED: 8m elapsed < wake_min_interval_min (30m).
2026-09-02 18:39:17,ASIA,skipped,min_interval,2026-09-02:ASIA v5,18.2,8.5,09-02 18:39:17 🗓️ level wake seated OB(bull)·1h (HTF) invalidated: close 29180.00 below 29324.50 (noise 4.55) on ASIA 2026-09-02 — SKIPPED: 10m elapsed < wake_min_interval_min (30m).
2026-09-02 18:41:17,ASIA,skipped,min_interval,2026-09-02:ASIA v5,20.2,8.5,09-02 18:41:17 🗓️ level wake seated OB(bull)·1h (HTF) invalidated: close 29180.00 below 29324.50 (noise 4.58) on ASIA 2026-09-02 — SKIPPED: 12m elapsed < wake_min_interval_min (30m).
2026-09-02 18:43:17,ASIA,skipped,min_interval,2026-09-02:ASIA v5,22.2,8.5,09-02 18:43:17 🗓️ level wake seated OB(bull)·1h (HTF) invalidated: close 29180.00 below 29324.50 (noise 4.58) on ASIA 2026-09-02 — SKIPPED: 14m elapsed < wake_min_interval_min (30m).
2026-09-02 18:45:17,ASIA,skipped,min_interval,2026-09-02:ASIA v6,1.7,11.75,09-02 18:45:17 🗓️ level wake seated OB(bull)·1h invalidated: close 29188.50 below 29212.50 (noise 4.39) on ASIA 2026-09-02 — SKIPPED: 16m elapsed < wake_min_interval_min (30m).
2026-09-02 18:47:17,ASIA,skipped,min_interval,2026-09-02:ASIA v6,3.7,11.75,09-02 18:47:17 🗓️ level wake seated OB(bull)·1h invalidated: close 29188.50 below 29212.50 (noise 4.59) on ASIA 2026-09-02 — SKIPPED: 18m elapsed < wake_min_interval_min (30m).
2026-09-02 18:49:17,ASIA,skipped,min_interval,2026-09-02:ASIA v6,5.7,11.75,09-02 18:49:17 🗓️ level wake seated OB(bull)·1h invalidated: close 29188.50 below 29212.50 (noise 4.59) on ASIA 2026-09-02 — SKIPPED: 20m elapsed < wake_min_interval_min (30m).
2026-09-02 18:51:17,ASIA,skipped,min_interval,2026-09-02:ASIA v6,7.7,11.75,09-02 18:51:17 🗓️ level wake seated OB(bull)·1h invalidated: close 29188.50 below 29212.50 (noise 4.59) on ASIA 2026-09-02 — SKIPPED: 22m elapsed < wake_min_interval_min (30m).
2026-09-02 18:53:17,ASIA,skipped,min_interval,2026-09-02:ASIA v6,9.7,11.75,09-02 18:53:17 🗓️ level wake seated OB(bull)·1h invalidated: close 29188.50 below 29212.50 (noise 4.59) on ASIA 2026-09-02 — SKIPPED: 24m elapsed < wake_min_interval_min (30m).
2026-09-02 18:55:44,ASIA,skipped,min_interval,2026-09-02:ASIA v6,12.2,11.75,09-02 18:55:44 🗓️ level wake seated OB(bull)·1h invalidated: close 29188.50 below 29212.50 (noise 4.59) on ASIA 2026-09-02 — SKIPPED: 26m elapsed < wake_min_interval_min (30m).
2026-09-02 18:58:38,ASIA,skipped,min_interval,2026-09-02:ASIA v6,15.1,11.75,09-02 18:58:38 🗓️ level wake seated OB(bull)·1h invalidated: close 29188.50 below 29212.50 (noise 4.59) on ASIA 2026-09-02 — SKIPPED: 29m elapsed < wake_min_interval_min (30m).
2026-09-02 19:00:23,ASIA,fired,proceed,2026-09-02:ASIA v6,16.8,-32.0,"09-02 19:00:23 🗓️ level wake seated OB(bull)·1h invalidated: close 29201.00 below 29212.50 (noise 4.41) on ASIA 2026-09-02 — waking the planner (W6, 5th wake-up)."
2026-09-02 19:03:17,ASIA,skipped,min_interval,2026-09-02:ASIA v7,0.6,-32.0,09-02 19:03:17 🗓️ level wake seated OB(bull)·1h invalidated: close 29201.00 below 29212.50 (noise 4.47) on ASIA 2026-09-02 — SKIPPED: 3m elapsed < wake_min_interval_min (30m).
2026-09-02 19:05:16,ASIA,skipped,min_interval,2026-09-02:ASIA v7,2.6,-32.0,09-02 19:05:16 🗓️ level wake seated OB(bull)·1h invalidated: close 29201.00 below 29212.50 (noise 4.47) on ASIA 2026-09-02 — SKIPPED: 5m elapsed < wake_min_interval_min (30m).
2026-09-02 19:07:16,ASIA,skipped,min_interval,2026-09-02:ASIA v7,4.6,-32.0,09-02 19:07:16 🗓️ level wake seated OB(bull)·1h invalidated: close 29201.00 below 29212.50 (noise 4.47) on ASIA 2026-09-02 — SKIPPED: 7m elapsed < wake_min_interval_min (30m).
2026-09-02 19:09:16,ASIA,skipped,min_interval,2026-09-02:ASIA v7,6.6,-32.0,09-02 19:09:16 🗓️ level wake seated OB(bull)·1h invalidated: close 29201.00 below 29212.50 (noise 4.58) on ASIA 2026-09-02 — SKIPPED: 9m elapsed < wake_min_interval_min (30m).
2026-09-02 19:10:01,ASIA,skipped,min_interval,2026-09-02:ASIA v7,7.4,-32.0,09-02 19:10:01 🗓️ level wake seated OB(bull)·1h invalidated: close 29201.00 below 29212.50 (noise 4.58) on ASIA 2026-09-02 — SKIPPED: 10m elapsed < wake_min_interval_min (30m).
2026-09-02 19:11:16,ASIA,skipped,min_interval,2026-09-02:ASIA v7,8.6,-32.0,09-02 19:11:16 🗓️ level wake seated OB(bull)·1h invalidated: close 29201.00 below 29212.50 (noise 4.58) on ASIA 2026-09-02 — SKIPPED: 11m elapsed < wake_min_interval_min (30m).
2026-09-02 19:13:16,ASIA,skipped,min_interval,2026-09-02:ASIA v7,10.6,-32.0,09-02 19:13:16 🗓️ level wake seated OB(bull)·1h invalidated: close 29201.00 below 29212.50 (noise 4.62) on ASIA 2026-09-02 — SKIPPED: 13m elapsed < wake_min_interval_min (30m).
2026-09-02 19:15:16,ASIA,skipped,min_interval,2026-09-02:ASIA v7,12.6,-12.25,09-02 19:15:16 🗓️ level wake seated OB(bull)·1h invalidated: close 29169.00 below 29212.50 (noise 4.35) on ASIA 2026-09-02 — SKIPPED: 15m elapsed < wake_min_interval_min (30m).
2026-09-02 19:17:16,ASIA,skipped,min_interval,2026-09-02:ASIA v7,14.6,-12.25,09-02 19:17:16 🗓️ level wake seated OB(bull)·1h invalidated: close 29169.00 below 29212.50 (noise 4.54) on ASIA 2026-09-02 — SKIPPED: 17m elapsed < wake_min_interval_min (30m).
2026-09-02 19:19:16,ASIA,skipped,min_interval,2026-09-02:ASIA v7,16.6,-12.25,09-02 19:19:16 🗓️ level wake seated OB(bull)·1h invalidated: close 29169.00 below 29212.50 (noise 4.55) on ASIA 2026-09-02 — SKIPPED: 19m elapsed < wake_min_interval_min (30m).
2026-09-02 19:20:00,ASIA,skipped,min_interval,2026-09-02:ASIA v7,17.4,-12.25,09-02 19:20:00 🗓️ level wake seated OB(bull)·1h invalidated: close 29169.00 below 29212.50 (noise 4.55) on ASIA 2026-09-02 — SKIPPED: 20m elapsed < wake_min_interval_min (30m).
2026-09-02 19:21:16,ASIA,skipped,min_interval,2026-09-02:ASIA v7,18.6,-12.25,09-02 19:21:16 🗓️ level wake seated OB(bull)·1h invalidated: close 29169.00 below 29212.50 (noise 4.58) on ASIA 2026-09-02 — SKIPPED: 21m elapsed < wake_min_interval_min (30m).
2026-09-02 19:23:16,ASIA,skipped,min_interval,2026-09-02:ASIA v7,20.6,-12.25,09-02 19:23:16 🗓️ level wake seated OB(bull)·1h invalidated: close 29169.00 below 29212.50 (noise 4.62) on ASIA 2026-09-02 — SKIPPED: 23m elapsed < wake_min_interval_min (30m).
2026-09-02 19:25:16,ASIA,skipped,min_interval,2026-09-02:ASIA v7,22.6,-12.25,09-02 19:25:16 🗓️ level wake seated OB(bull)·1h invalidated: close 29169.00 below 29212.50 (noise 4.62) on ASIA 2026-09-02 — SKIPPED: 25m elapsed < wake_min_interval_min (30m).
2026-09-02 19:27:16,ASIA,skipped,min_interval,2026-09-02:ASIA v7,24.6,-12.25,09-02 19:27:16 🗓️ level wake seated OB(bull)·1h invalidated: close 29169.00 below 29212.50 (noise 4.62) on ASIA 2026-09-02 — SKIPPED: 27m elapsed < wake_min_interval_min (30m).
2026-09-02 19:29:16,ASIA,skipped,min_interval,2026-09-02:ASIA v7,26.6,-12.25,09-02 19:29:16 🗓️ level wake seated OB(bull)·1h invalidated: close 29169.00 below 29212.50 (noise 4.62) on ASIA 2026-09-02 — SKIPPED: 29m elapsed < wake_min_interval_min (30m).
2026-09-02 19:30:01,ASIA,skipped,min_interval,2026-09-02:ASIA v7,27.4,-0.5,09-02 19:30:01 🗓️ level wake seated OB(bull)·1h invalidated: close 29156.25 below 29212.50 (noise 4.30) on ASIA 2026-09-02 — SKIPPED: 30m elapsed < wake_min_interval_min (30m).
2026-09-02 19:31:16,ASIA,fired,proceed,2026-09-02:ASIA v7,28.6,-0.5,"09-02 19:31:16 🗓️ level wake seated OB(bull)·1h invalidated: close 29156.25 below 29212.50 (noise 4.43) on ASIA 2026-09-02 — waking the planner (W6, 5th wake-up)."
2026-09-02 19:45:16,ASIA,skipped,min_interval,2026-09-02:ASIA v7,42.6,-5.0,09-02 19:45:16 🗓️ level wake seated OB(bull)·1h invalidated: close 29156.25 below 29212.50 (noise 4.19) on ASIA 2026-09-02 — SKIPPED: 14m elapsed < wake_min_interval_min (30m).
2026-09-02 19:47:16,ASIA,skipped,min_interval,2026-09-02:ASIA v7,44.6,-5.0,09-02 19:47:16 🗓️ level wake seated OB(bull)·1h invalidated: close 29156.25 below 29212.50 (noise 4.24) on ASIA 2026-09-02 — SKIPPED: 16m elapsed < wake_min_interval_min (30m).
2026-09-02 19:49:16,ASIA,skipped,min_interval,2026-09-02:ASIA v7,46.6,-5.0,09-02 19:49:16 🗓️ level wake seated OB(bull)·1h invalidated: close 29156.25 below 29212.50 (noise 4.25) on ASIA 2026-09-02 — SKIPPED: 18m elapsed < wake_min_interval_min (30m).
2026-09-02 19:51:16,ASIA,skipped,min_interval,2026-09-02:ASIA v7,48.6,-5.0,09-02 19:51:16 🗓️ level wake seated OB(bull)·1h invalidated: close 29156.25 below 29212.50 (noise 4.28) on ASIA 2026-09-02 — SKIPPED: 20m elapsed < wake_min_interval_min (30m).
2026-09-02 19:53:16,ASIA,skipped,min_interval,2026-09-02:ASIA v7,50.6,-5.0,09-02 19:53:16 🗓️ level wake seated OB(bull)·1h invalidated: close 29156.25 below 29212.50 (noise 4.28) on ASIA 2026-09-02 — SKIPPED: 22m elapsed < wake_min_interval_min (30m).
2026-09-02 19:55:16,ASIA,skipped,min_interval,2026-09-02:ASIA v7,52.6,-5.0,09-02 19:55:16 🗓️ level wake seated OB(bull)·1h invalidated: close 29156.25 below 29212.50 (noise 4.28) on ASIA 2026-09-02 — SKIPPED: 24m elapsed < wake_min_interval_min (30m).
2026-09-02 19:57:16,ASIA,skipped,min_interval,2026-09-02:ASIA v7,54.6,-5.0,09-02 19:57:16 🗓️ level wake seated OB(bull)·1h invalidated: close 29156.25 below 29212.50 (noise 4.30) on ASIA 2026-09-02 — SKIPPED: 26m elapsed < wake_min_interval_min (30m).
2026-09-02 19:59:16,ASIA,skipped,min_interval,2026-09-02:ASIA v7,56.6,-5.0,09-02 19:59:16 🗓️ level wake seated OB(bull)·1h invalidated: close 29156.25 below 29212.50 (noise 4.30) on ASIA 2026-09-02 — SKIPPED: 28m elapsed < wake_min_interval_min (30m).
2026-09-02 20:01:16,ASIA,fired,proceed,2026-09-02:ASIA v7,58.6,32.25,"09-02 20:01:16 🗓️ level wake seated OB(bull)·1h invalidated: close 29151.25 below 29212.50 (noise 4.12) on ASIA 2026-09-02 — waking the planner (W6, 5th wake-up)."
2026-09-02 20:07:16,ASIA,skipped,min_interval,2026-09-02:ASIA v8,1.4,32.25,09-02 20:07:16 🗓️ level wake seated OB(bull)·1h invalidated: close 29151.25 below 29324.50 (noise 4.41) on ASIA 2026-09-02 — SKIPPED: 6m elapsed < wake_min_interval_min (30m).
2026-09-02 20:09:16,ASIA,skipped,min_interval,2026-09-02:ASIA v8,3.4,32.25,09-02 20:09:16 🗓️ level wake seated OB(bull)·1h invalidated: close 29151.25 below 29324.50 (noise 4.41) on ASIA 2026-09-02 — SKIPPED: 8m elapsed < wake_min_interval_min (30m).
2026-09-02 20:11:16,ASIA,skipped,min_interval,2026-09-02:ASIA v8,5.3,32.25,09-02 20:11:16 🗓️ level wake seated OB(bull)·1h invalidated: close 29151.25 below 29324.50 (noise 4.41) on ASIA 2026-09-02 — SKIPPED: 10m elapsed < wake_min_interval_min (30m).
2026-09-02 20:13:16,ASIA,skipped,min_interval,2026-09-02:ASIA v8,7.3,32.25,09-02 20:13:16 🗓️ level wake seated OB(bull)·1h invalidated: close 29151.25 below 29324.50 (noise 4.41) on ASIA 2026-09-02 — SKIPPED: 12m elapsed < wake_min_interval_min (30m).
2026-09-02 20:15:16,ASIA,skipped,min_interval,2026-09-02:ASIA v8,9.3,-7.25,09-02 20:15:16 🗓️ level wake seated OB(bull)·1h invalidated: close 29183.50 below 29324.50 (noise 4.12) on ASIA 2026-09-02 — SKIPPED: 14m elapsed < wake_min_interval_min (30m).
2026-09-02 20:17:16,ASIA,skipped,min_interval,2026-09-02:ASIA v8,11.3,-7.25,09-02 20:17:16 🗓️ level wake seated OB(bull)·1h invalidated: close 29183.50 below 29324.50 (noise 4.26) on ASIA 2026-09-02 — SKIPPED: 16m elapsed < wake_min_interval_min (30m).
2026-09-02 20:19:16,ASIA,skipped,min_interval,2026-09-02:ASIA v8,13.3,-7.25,09-02 20:19:16 🗓️ level wake seated OB(bull)·1h invalidated: close 29183.50 below 29324.50 (noise 4.27) on ASIA 2026-09-02 — SKIPPED: 18m elapsed < wake_min_interval_min (30m).
2026-09-02 20:21:16,ASIA,skipped,min_interval,2026-09-02:ASIA v8,15.3,-7.25,09-02 20:21:16 🗓️ level wake seated OB(bull)·1h invalidated: close 29183.50 below 29324.50 (noise 4.30) on ASIA 2026-09-02 — SKIPPED: 20m elapsed < wake_min_interval_min (30m).
2026-09-02 20:23:16,ASIA,skipped,min_interval,2026-09-02:ASIA v8,17.4,-7.25,09-02 20:23:16 🗓️ level wake seated OB(bull)·1h invalidated: close 29183.50 below 29324.50 (noise 4.30) on ASIA 2026-09-02 — SKIPPED: 22m elapsed < wake_min_interval_min (30m).
2026-09-02 20:25:16,ASIA,skipped,min_interval,2026-09-02:ASIA v8,19.4,-7.25,09-02 20:25:16 🗓️ level wake seated OB(bull)·1h invalidated: close 29183.50 below 29324.50 (noise 4.53) on ASIA 2026-09-02 — SKIPPED: 24m elapsed < wake_min_interval_min (30m).
2026-09-02 20:27:16,ASIA,skipped,min_interval,2026-09-02:ASIA v8,21.4,-7.25,09-02 20:27:16 🗓️ level wake seated OB(bull)·1h invalidated: close 29183.50 below 29324.50 (noise 4.56) on ASIA 2026-09-02 — SKIPPED: 26m elapsed < wake_min_interval_min (30m).
2026-09-02 20:29:16,ASIA,skipped,min_interval,2026-09-02:ASIA v8,23.4,-7.25,09-02 20:29:16 🗓️ level wake seated OB(bull)·1h invalidated: close 29183.50 below 29324.50 (noise 4.56) on ASIA 2026-09-02 — SKIPPED: 28m elapsed < wake_min_interval_min (30m).
2026-09-02 20:30:01,ASIA,skipped,min_interval,2026-09-02:ASIA v8,24.1,-7.25,09-02 20:30:01 🗓️ level wake seated OB(bull)·1h invalidated: close 29176.00 below 29324.50 (noise 4.28) on ASIA 2026-09-02 — SKIPPED: 29m elapsed < wake_min_interval_min (30m).
2026-09-02 20:31:16,ASIA,skipped,min_interval,2026-09-02:ASIA v8,25.4,-7.25,09-02 20:31:16 🗓️ level wake seated OB(bull)·1h invalidated: close 29176.00 below 29324.50 (noise 4.36) on ASIA 2026-09-02 — SKIPPED: 30m elapsed < wake_min_interval_min (30m).
2026-09-02 20:33:16,ASIA,fired,proceed,2026-09-02:ASIA v8,27.4,-7.25,"09-02 20:33:16 🗓️ level wake seated OB(bull)·1h invalidated: close 29176.00 below 29324.50 (noise 4.51) on ASIA 2026-09-02 — waking the planner (W6, 5th wake-up)."
2026-09-02 20:39:16,ASIA,skipped,min_interval,2026-09-02:ASIA v9,0.9,-7.25,09-02 20:39:16 🗓️ level wake seated OB(bull)·1h invalidated: close 29176.00 below 29212.50 (noise 4.55) on ASIA 2026-09-02 — SKIPPED: 6m elapsed < wake_min_interval_min (30m).
2026-09-02 20:40:00,ASIA,skipped,min_interval,2026-09-02:ASIA v9,1.7,-7.25,09-02 20:40:00 🗓️ level wake seated OB(bull)·1h invalidated: close 29176.00 below 29212.50 (noise 4.55) on ASIA 2026-09-02 — SKIPPED: 7m elapsed < wake_min_interval_min (30m).
2026-09-02 20:41:16,ASIA,skipped,min_interval,2026-09-02:ASIA v9,2.9,-7.25,09-02 20:41:16 🗓️ level wake seated OB(bull)·1h invalidated: close 29176.00 below 29212.50 (noise 4.55) on ASIA 2026-09-02 — SKIPPED: 8m elapsed < wake_min_interval_min (30m).
2026-09-02 20:44:28,ASIA,fired,proceed,2026-09-02:ASIA v9,6.1,-7.25,"09-02 20:44:28 🗓️ level wake seated OB(bull)·1h invalidated: close 29176.00 below 29212.50 (noise 4.55) on ASIA 2026-09-02 — waking the planner (W6, 5th wake-up)."
2026-09-02 20:45:01,ASIA,skipped,min_interval,2026-09-02:ASIA v9,6.7,-31.5,09-02 20:45:01 🗓️ level wake seated OB(bull)·1h invalidated: close 29168.75 below 29212.50 (noise 4.26) on ASIA 2026-09-02 — SKIPPED: 1m elapsed < wake_min_interval_min (30m).
2026-09-02 20:46:28,ASIA,skipped,min_interval,2026-09-02:ASIA v9,8.1,-31.5,09-02 20:46:28 🗓️ level wake seated OB(bull)·1h invalidated: close 29168.75 below 29212.50 (noise 4.33) on ASIA 2026-09-02 — SKIPPED: 2m elapsed < wake_min_interval_min (30m).
2026-09-02 20:48:28,ASIA,skipped,min_interval,2026-09-02:ASIA v9,10.1,-31.5,09-02 20:48:28 🗓️ level wake seated OB(bull)·1h invalidated: close 29168.75 below 29212.50 (noise 4.41) on ASIA 2026-09-02 — SKIPPED: 4m elapsed < wake_min_interval_min (30m).
2026-09-02 20:50:28,ASIA,skipped,min_interval,2026-09-02:ASIA v9,12.1,-31.5,09-02 20:50:28 🗓️ level wake seated OB(bull)·1h invalidated: close 29168.75 below 29212.50 (noise 4.46) on ASIA 2026-09-02 — SKIPPED: 6m elapsed < wake_min_interval_min (30m).
2026-09-02 20:52:28,ASIA,skipped,min_interval,2026-09-02:ASIA v9,14.1,-31.5,09-02 20:52:28 🗓️ level wake seated OB(bull)·1h invalidated: close 29168.75 below 29212.50 (noise 4.46) on ASIA 2026-09-02 — SKIPPED: 8m elapsed < wake_min_interval_min (30m).
2026-09-02 20:54:28,ASIA,skipped,min_interval,2026-09-02:ASIA v9,16.1,-31.5,09-02 20:54:28 🗓️ level wake seated OB(bull)·1h invalidated: close 29168.75 below 29212.50 (noise 4.48) on ASIA 2026-09-02 — SKIPPED: 10m elapsed < wake_min_interval_min (30m).
2026-09-02 20:55:01,ASIA,skipped,min_interval,2026-09-02:ASIA v9,16.7,-31.5,09-02 20:55:01 🗓️ level wake seated OB(bull)·1h invalidated: close 29168.75 below 29212.50 (noise 4.51) on ASIA 2026-09-02 — SKIPPED: 11m elapsed < wake_min_interval_min (30m).
2026-09-02 20:56:28,ASIA,skipped,min_interval,2026-09-02:ASIA v9,18.1,-31.5,09-02 20:56:28 🗓️ level wake seated OB(bull)·1h invalidated: close 29168.75 below 29212.50 (noise 4.51) on ASIA 2026-09-02 — SKIPPED: 12m elapsed < wake_min_interval_min (30m).
2026-09-02 20:58:28,ASIA,skipped,min_interval,2026-09-02:ASIA v9,20.1,-31.5,09-02 20:58:28 🗓️ level wake seated OB(bull)·1h invalidated: close 29168.75 below 29212.50 (noise 4.59) on ASIA 2026-09-02 — SKIPPED: 14m elapsed < wake_min_interval_min (30m).
2026-09-02 21:00:28,ASIA,skipped,min_interval,2026-09-02:ASIA v9,22.1,45.25,09-02 21:00:28 🗓️ level wake seated OB(bull)·1h invalidated: close 29137.25 below 29212.50 (noise 4.44) on ASIA 2026-09-02 — SKIPPED: 16m elapsed < wake_min_interval_min (30m).
2026-09-02 21:02:28,ASIA,skipped,min_interval,2026-09-02:ASIA v9,24.1,45.25,09-02 21:02:28 🗓️ level wake seated OB(bull)·1h invalidated: close 29137.25 below 29212.50 (noise 4.55) on ASIA 2026-09-02 — SKIPPED: 18m elapsed < wake_min_interval_min (30m).
2026-09-02 21:04:28,ASIA,skipped,min_interval,2026-09-02:ASIA v10,1.4,45.25,09-02 21:04:28 🗓️ level wake seated OB(bull)·1h invalidated: close 29137.25 below 29212.50 (noise 4.61) on ASIA 2026-09-02 — SKIPPED: 20m elapsed < wake_min_interval_min (30m).
2026-09-02 21:05:01,ASIA,skipped,min_interval,2026-09-02:ASIA v10,2.0,45.25,09-02 21:05:01 🗓️ level wake seated OB(bull)·1h invalidated: close 29137.25 below 29212.50 (noise 4.61) on ASIA 2026-09-02 — SKIPPED: 21m elapsed < wake_min_interval_min (30m).
2026-09-02 21:06:28,ASIA,skipped,min_interval,2026-09-02:ASIA v10,3.4,45.25,09-02 21:06:28 🗓️ level wake seated OB(bull)·1h invalidated: close 29137.25 below 29212.50 (noise 4.65) on ASIA 2026-09-02 — SKIPPED: 22m elapsed < wake_min_interval_min (30m).
2026-09-02 21:08:28,ASIA,skipped,min_interval,2026-09-02:ASIA v10,5.4,45.25,09-02 21:08:28 🗓️ level wake seated OB(bull)·1h invalidated: close 29137.25 below 29212.50 (noise 4.66) on ASIA 2026-09-02 — SKIPPED: 24m elapsed < wake_min_interval_min (30m).
2026-09-02 21:10:28,ASIA,skipped,min_interval,2026-09-02:ASIA v10,7.4,45.25,09-02 21:10:28 🗓️ level wake seated OB(bull)·1h invalidated: close 29137.25 below 29212.50 (noise 4.84) on ASIA 2026-09-02 — SKIPPED: 26m elapsed < wake_min_interval_min (30m).
2026-09-02 21:12:28,ASIA,skipped,min_interval,2026-09-02:ASIA v10,9.4,45.25,09-02 21:12:28 🗓️ level wake seated OB(bull)·1h invalidated: close 29137.25 below 29212.50 (noise 4.96) on ASIA 2026-09-02 — SKIPPED: 28m elapsed < wake_min_interval_min (30m).
2026-09-02 21:14:28,ASIA,fired,proceed,2026-09-02:ASIA v10,11.4,45.25,"09-02 21:14:28 🗓️ level wake seated OB(bull)·1h invalidated: close 29137.25 below 29212.50 (noise 4.96) on ASIA 2026-09-02 — waking the planner (W6, 5th wake-up)."
2026-09-02 21:15:00,ASIA,skipped,min_interval,2026-09-02:ASIA v10,11.9,5.0,09-02 21:15:00 🗓️ level wake seated OB(bull)·1h invalidated: close 29182.50 below 29212.50 (noise 4.62) on ASIA 2026-09-02 — SKIPPED: 1m elapsed < wake_min_interval_min (30m).
2026-09-02 21:16:28,ASIA,skipped,min_interval,2026-09-02:ASIA v10,13.4,5.0,09-02 21:16:28 🗓️ level wake seated OB(bull)·1h invalidated: close 29182.50 below 29212.50 (noise 4.68) on ASIA 2026-09-02 — SKIPPED: 2m elapsed < wake_min_interval_min (30m).
2026-09-02 21:18:28,ASIA,skipped,min_interval,2026-09-02:ASIA v10,15.4,5.0,09-02 21:18:28 🗓️ level wake seated OB(bull)·1h invalidated: close 29182.50 below 29212.50 (noise 4.74) on ASIA 2026-09-02 — SKIPPED: 4m elapsed < wake_min_interval_min (30m).
2026-09-02 21:21:21,ASIA,proceeded,cooldown_warn_first_NOT_enforced,2026-09-02:ASIA v10,18.3,5.0,09-02 21:21:21 ⏱ wake would_skip: cooldown 18 min since the last wake-authored version (cooldown 30m) — seated OB(bull)·1h invalidated: close 29182.50 below 29212.50 (noise 4.80) on ASIA. WARN-first: the wake PROCEEDS. Recorded n=1 (class 47)
2026-09-02 21:21:21,ASIA,fired,proceed,2026-09-02:ASIA v10,18.3,5.0,"09-02 21:21:21 🗓️ level wake seated OB(bull)·1h invalidated: close 29182.50 below 29212.50 (noise 4.80) on ASIA 2026-09-02 — waking the planner (W6, 5th wake-up)."
2026-09-02 21:30:00,ASIA,skipped,min_interval,2026-09-02:ASIA v10,26.9,-15.0,09-02 21:30:00 🗓️ level wake seated OB(bull)·1h invalidated: close 29187.50 below 29212.50 (noise 4.50) on ASIA 2026-09-02 — SKIPPED: 9m elapsed < wake_min_interval_min (30m).
2026-09-02 21:31:21,ASIA,skipped,min_interval,2026-09-02:ASIA v10,28.3,-15.0,09-02 21:31:21 🗓️ level wake seated OB(bull)·1h invalidated: close 29187.50 below 29212.50 (noise 4.61) on ASIA 2026-09-02 — SKIPPED: 10m elapsed < wake_min_interval_min (30m).
2026-09-02 21:34:52,ASIA,proceeded,cooldown_warn_first_NOT_enforced,2026-09-02:ASIA v11,2.9,-15.0,09-02 21:34:52 ⏱ wake would_skip: cooldown 2 min since the last wake-authored version (cooldown 30m) — seated OB(bull)·1h invalidated: close 29187.50 below 29212.50 (noise 4.67) on ASIA. WARN-first: the wake PROCEEDS. Recorded n=2 (class 47)
2026-09-02 21:34:52,ASIA,fired,proceed,2026-09-02:ASIA v11,2.9,-15.0,"09-02 21:34:52 🗓️ level wake seated OB(bull)·1h invalidated: close 29187.50 below 29212.50 (noise 4.67) on ASIA 2026-09-02 — waking the planner (W6, 5th wake-up)."
2026-09-02 21:45:01,ASIA,skipped,min_interval,2026-09-02:ASIA v11,13.1,9.25,09-02 21:45:01 🗓️ level wake seated OB(bull)·1h invalidated: close 29173.25 below 29212.50 (noise 4.47) on ASIA 2026-09-02 — SKIPPED: 10m elapsed < wake_min_interval_min (30m).
2026-09-02 21:46:51,ASIA,skipped,min_interval,2026-09-02:ASIA v11,14.9,9.25,09-02 21:46:51 🗓️ level wake seated OB(bull)·1h invalidated: close 29173.25 below 29212.50 (noise 4.54) on ASIA 2026-09-02 — SKIPPED: 12m elapsed < wake_min_interval_min (30m).
2026-09-02 21:48:51,ASIA,skipped,min_interval,2026-09-02:ASIA v11,16.9,9.25,09-02 21:48:51 🗓️ level wake seated OB(bull)·1h invalidated: close 29173.25 below 29212.50 (noise 4.60) on ASIA 2026-09-02 — SKIPPED: 14m elapsed < wake_min_interval_min (30m).
2026-09-02 21:50:51,ASIA,skipped,min_interval,2026-09-02:ASIA v12,0.9,9.25,09-02 21:50:51 🗓️ level wake seated OB(bull)·1h invalidated: close 29173.25 below 29212.50 (noise 4.70) on ASIA 2026-09-02 — SKIPPED: 16m elapsed < wake_min_interval_min (30m).
2026-09-02 21:52:51,ASIA,skipped,min_interval,2026-09-02:ASIA v12,2.9,9.25,09-02 21:52:51 🗓️ level wake seated OB(bull)·1h invalidated: close 29173.25 below 29212.50 (noise 4.70) on ASIA 2026-09-02 — SKIPPED: 18m elapsed < wake_min_interval_min (30m).
2026-09-02 21:54:51,ASIA,skipped,min_interval,2026-09-02:ASIA v12,4.9,9.25,09-02 21:54:51 🗓️ level wake seated OB(bull)·1h invalidated: close 29173.25 below 29212.50 (noise 4.70) on ASIA 2026-09-02 — SKIPPED: 20m elapsed < wake_min_interval_min (30m).
2026-09-02 21:55:01,ASIA,skipped,min_interval,2026-09-02:ASIA v12,5.1,9.25,09-02 21:55:01 🗓️ level wake seated OB(bull)·1h invalidated: close 29173.25 below 29212.50 (noise 4.70) on ASIA 2026-09-02 — SKIPPED: 20m elapsed < wake_min_interval_min (30m).
2026-09-02 21:56:51,ASIA,skipped,min_interval,2026-09-02:ASIA v12,6.9,9.25,09-02 21:56:51 🗓️ level wake seated OB(bull)·1h invalidated: close 29173.25 below 29212.50 (noise 4.70) on ASIA 2026-09-02 — SKIPPED: 22m elapsed < wake_min_interval_min (30m).
2026-09-02 21:58:51,ASIA,skipped,min_interval,2026-09-02:ASIA v12,8.9,9.25,09-02 21:58:51 🗓️ level wake seated OB(bull)·1h invalidated: close 29173.25 below 29212.50 (noise 4.70) on ASIA 2026-09-02 — SKIPPED: 24m elapsed < wake_min_interval_min (30m).
2026-09-02 22:00:51,ASIA,skipped,min_interval,2026-09-02:ASIA v12,10.9,23.0,09-02 22:00:51 🗓️ level wake seated OB(bull)·1h invalidated: close 29182.00 below 29212.50 (noise 4.43) on ASIA 2026-09-02 — SKIPPED: 26m elapsed < wake_min_interval_min (30m).
2026-09-02 22:02:51,ASIA,skipped,min_interval,2026-09-02:ASIA v12,12.9,23.0,09-02 22:02:51 🗓️ level wake seated OB(bull)·1h invalidated: close 29182.00 below 29212.50 (noise 4.44) on ASIA 2026-09-02 — SKIPPED: 28m elapsed < wake_min_interval_min (30m).
2026-09-02 22:04:51,ASIA,proceeded,cooldown_warn_first_NOT_enforced,2026-09-02:ASIA v12,14.9,23.0,09-02 22:04:51 ⏱ wake would_skip: cooldown 14 min since the last wake-authored version (cooldown 30m) — seated OB(bull)·1h invalidated: close 29182.00 below 29212.50 (noise 4.55) on ASIA. WARN-first: the wake PROCEEDS. Recorded n=3 (class 47)
2026-09-02 22:04:51,ASIA,fired,proceed,2026-09-02:ASIA v12,14.9,23.0,"09-02 22:04:51 🗓️ level wake seated OB(bull)·1h invalidated: close 29182.00 below 29212.50 (noise 4.55) on ASIA 2026-09-02 — waking the planner (W6, 5th wake-up)."
2026-09-02 22:12:51,ASIA,skipped,min_interval,2026-09-02:ASIA v13,0.1,23.0,09-02 22:12:51 🗓️ level wake seated OB(bull)·1h invalidated: close 29182.00 below 29212.50 (noise 4.59) on ASIA 2026-09-02 — SKIPPED: 8m elapsed < wake_min_interval_min (30m).
2026-09-02 22:14:51,ASIA,skipped,min_interval,2026-09-02:ASIA v13,2.1,23.0,09-02 22:14:51 🗓️ level wake seated OB(bull)·1h invalidated: close 29182.00 below 29212.50 (noise 4.64) on ASIA 2026-09-02 — SKIPPED: 10m elapsed < wake_min_interval_min (30m).
2026-09-02 22:15:01,ASIA,skipped,min_interval,2026-09-02:ASIA v13,2.3,15.25,09-02 22:15:01 🗓️ level wake seated OB(bull)·1h invalidated: close 29204.50 below 29212.50 (noise 4.31) on ASIA 2026-09-02 — SKIPPED: 10m elapsed < wake_min_interval_min (30m).
2026-09-02 22:16:51,ASIA,skipped,min_interval,2026-09-02:ASIA v13,4.2,15.25,09-02 22:16:51 🗓️ level wake seated OB(bull)·1h invalidated: close 29204.50 below 29212.50 (noise 4.41) on ASIA 2026-09-02 — SKIPPED: 12m elapsed < wake_min_interval_min (30m).
2026-09-02 22:18:51,ASIA,skipped,min_interval,2026-09-02:ASIA v13,6.2,15.25,09-02 22:18:51 🗓️ level wake seated OB(bull)·1h invalidated: close 29204.50 below 29212.50 (noise 4.57) on ASIA 2026-09-02 — SKIPPED: 14m elapsed < wake_min_interval_min (30m).
2026-09-02 22:20:51,ASIA,skipped,min_interval,2026-09-02:ASIA v13,8.2,15.25,09-02 22:20:51 🗓️ level wake seated OB(bull)·1h invalidated: close 29204.50 below 29212.50 (noise 4.65) on ASIA 2026-09-02 — SKIPPED: 16m elapsed < wake_min_interval_min (30m).
2026-09-02 22:22:51,ASIA,skipped,min_interval,2026-09-02:ASIA v13,10.2,15.25,09-02 22:22:51 🗓️ level wake seated OB(bull)·1h invalidated: close 29204.50 below 29212.50 (noise 4.65) on ASIA 2026-09-02 — SKIPPED: 18m elapsed < wake_min_interval_min (30m).
2026-09-02 22:24:51,ASIA,skipped,min_interval,2026-09-02:ASIA v13,12.2,15.25,09-02 22:24:51 🗓️ level wake seated OB(bull)·1h invalidated: close 29204.50 below 29212.50 (noise 4.65) on ASIA 2026-09-02 — SKIPPED: 20m elapsed < wake_min_interval_min (30m).
2026-09-02 22:25:01,ASIA,skipped,min_interval,2026-09-02:ASIA v13,12.3,15.25,09-02 22:25:01 🗓️ level wake seated OB(bull)·1h invalidated: close 29204.50 below 29212.50 (noise 4.65) on ASIA 2026-09-02 — SKIPPED: 20m elapsed < wake_min_interval_min (30m).
2026-09-02 22:26:51,ASIA,skipped,min_interval,2026-09-02:ASIA v13,14.2,15.25,09-02 22:26:51 🗓️ level wake seated OB(bull)·1h invalidated: close 29204.50 below 29212.50 (noise 4.65) on ASIA 2026-09-02 — SKIPPED: 22m elapsed < wake_min_interval_min (30m).
2026-09-02 22:28:51,ASIA,skipped,min_interval,2026-09-02:ASIA v13,16.1,15.25,09-02 22:28:51 🗓️ level wake seated OB(bull)·1h invalidated: close 29204.50 below 29212.50 (noise 4.65) on ASIA 2026-09-02 — SKIPPED: 24m elapsed < wake_min_interval_min (30m).
2026-09-03 00:00:56,ASIA,fired,proceed,2026-09-02:ASIA v13,108.2,-59.25,"09-03 00:00:56 🗓️ level wake seated OB(bull)·1h invalidated: close 29207.50 below 29212.50 (noise 3.94) on ASIA 2026-09-02 — waking the planner (W6, 5th wake-up)."
2026-09-03 00:08:56,ASIA,skipped,min_interval,2026-09-02:ASIA v14,0.2,-59.25,09-03 00:08:56 🗓️ level wake seated OB(bull)·1h invalidated: close 29207.50 below 29212.50 (noise 4.41) on ASIA 2026-09-02 — SKIPPED: 8m elapsed < wake_min_interval_min (30m).
2026-09-03 00:10:56,ASIA,skipped,min_interval,2026-09-02:ASIA v14,2.2,-59.25,09-03 00:10:56 🗓️ level wake seated OB(bull)·1h invalidated: close 29207.50 below 29212.50 (noise 4.47) on ASIA 2026-09-02 — SKIPPED: 10m elapsed < wake_min_interval_min (30m).
2026-09-03 00:12:56,ASIA,skipped,min_interval,2026-09-02:ASIA v14,4.2,-59.25,09-03 00:12:56 🗓️ level wake seated OB(bull)·1h invalidated: close 29207.50 below 29212.50 (noise 4.50) on ASIA 2026-09-02 — SKIPPED: 12m elapsed < wake_min_interval_min (30m).
2026-09-03 00:14:56,ASIA,skipped,min_interval,2026-09-02:ASIA v14,6.2,-59.25,09-03 00:14:56 🗓️ level wake seated OB(bull)·1h invalidated: close 29207.50 below 29212.50 (noise 4.63) on ASIA 2026-09-02 — SKIPPED: 14m elapsed < wake_min_interval_min (30m).
2026-09-03 00:15:01,ASIA,skipped,min_interval,2026-09-02:ASIA v14,6.3,-45.0,09-03 00:15:01 🗓️ level wake seated OB(bull)·1h invalidated: close 29148.50 below 29212.50 (noise 4.33) on ASIA 2026-09-02 — SKIPPED: 14m elapsed < wake_min_interval_min (30m).
2026-09-03 00:16:56,ASIA,skipped,min_interval,2026-09-02:ASIA v14,8.2,-45.0,09-03 00:16:56 🗓️ level wake seated OB(bull)·1h invalidated: close 29148.50 below 29212.50 (noise 4.45) on ASIA 2026-09-02 — SKIPPED: 16m elapsed < wake_min_interval_min (30m).
2026-09-03 00:18:56,ASIA,skipped,min_interval,2026-09-02:ASIA v14,10.2,-45.0,09-03 00:18:56 🗓️ level wake seated OB(bull)·1h invalidated: close 29148.50 below 29212.50 (noise 4.65) on ASIA 2026-09-02 — SKIPPED: 18m elapsed < wake_min_interval_min (30m).
2026-09-03 00:20:56,ASIA,skipped,min_interval,2026-09-02:ASIA v14,12.2,-45.0,09-03 00:20:56 🗓️ level wake seated OB(bull)·1h invalidated: close 29148.50 below 29212.50 (noise 4.82) on ASIA 2026-09-02 — SKIPPED: 20m elapsed < wake_min_interval_min (30m).
2026-09-03 00:22:56,ASIA,skipped,min_interval,2026-09-02:ASIA v14,14.2,-45.0,09-03 00:22:56 🗓️ level wake seated OB(bull)·1h invalidated: close 29148.50 below 29212.50 (noise 4.98) on ASIA 2026-09-02 — SKIPPED: 22m elapsed < wake_min_interval_min (30m).
2026-09-03 00:24:56,ASIA,skipped,min_interval,2026-09-02:ASIA v14,16.2,-45.0,09-03 00:24:56 🗓️ level wake seated OB(bull)·1h invalidated: close 29148.50 below 29212.50 (noise 5.09) on ASIA 2026-09-02 — SKIPPED: 24m elapsed < wake_min_interval_min (30m).
2026-09-03 00:25:01,ASIA,skipped,min_interval,2026-09-02:ASIA v14,16.3,-45.0,09-03 00:25:01 🗓️ level wake seated OB(bull)·1h invalidated: close 29148.50 below 29212.50 (noise 5.09) on ASIA 2026-09-02 — SKIPPED: 24m elapsed < wake_min_interval_min (30m).
2026-09-03 00:26:56,ASIA,skipped,min_interval,2026-09-02:ASIA v14,18.2,-45.0,09-03 00:26:56 🗓️ level wake seated OB(bull)·1h invalidated: close 29148.50 below 29212.50 (noise 5.09) on ASIA 2026-09-02 — SKIPPED: 26m elapsed < wake_min_interval_min (30m).
2026-09-03 00:28:56,ASIA,skipped,min_interval,2026-09-02:ASIA v14,20.2,-45.0,09-03 00:28:56 🗓️ level wake seated OB(bull)·1h invalidated: close 29148.50 below 29212.50 (noise 5.09) on ASIA 2026-09-02 — SKIPPED: 28m elapsed < wake_min_interval_min (30m).
2026-09-03 00:30:56,ASIA,proceeded,cooldown_warn_first_NOT_enforced,2026-09-02:ASIA v14,22.2,39.25,09-03 00:30:56 ⏱ wake would_skip: cooldown 22 min since the last wake-authored version (cooldown 30m) — seated OB(bull)·1h invalidated: close 29103.00 below 29212.50 (noise 4.93) on ASIA. WARN-first: the wake PROCEEDS. Recorded n=4 (class 47)
2026-09-03 00:30:56,ASIA,fired,proceed,2026-09-02:ASIA v14,22.2,39.25,"09-03 00:30:56 🗓️ level wake seated OB(bull)·1h invalidated: close 29103.00 below 29212.50 (noise 4.93) on ASIA 2026-09-02 — waking the planner (W6, 5th wake-up)."
2026-09-03 00:45:00,ASIA,no_wake_line,no_candidate_or_loop_not_running,2026-09-02:ASIA v15,10.8,46.75,"15m bar 2026-09-03 00:45 o=29142.0 h=29189.25 l=29127.5 c=29188.75; zero wake lines in [00:45,01:00) across nofx_2026-09-02.log+nofx_2026-09-03.log"
2026-09-03 04:45:00,LONDON,no_wake_line,no_candidate_or_loop_not_running,2026-09-03:LONDON v1,190.1,-40.0,"15m bar 2026-09-03 04:45 o=29177.0 h=29177.0 l=29127.0 c=29137.0; zero wake lines in [04:45,05:00) across nofx_2026-09-02.log+nofx_2026-09-03.log"
2026-09-03 07:30:00,LONDON,no_wake_line,no_candidate_or_loop_not_running,2026-09-03:LONDON v1,355.1,44.5,"15m bar 2026-09-03 07:30 o=29145.25 h=29242.5 l=29143.0 c=29189.75; zero wake lines in [07:30,07:45) across nofx_2026-09-02.log+nofx_2026-09-03.log"
2026-09-03 07:45:00,LONDON,no_wake_line,no_candidate_or_loop_not_running,2026-09-03:LONDON v1,370.1,55.0,"15m bar 2026-09-03 07:45 o=29189.5 h=29260.0 l=29184.25 c=29244.5; zero wake lines in [07:45,08:00) across nofx_2026-09-02.log+nofx_2026-09-03.log"
2026-09-03 08:02:54,LONDON,deferred,planner_stream_open,2026-09-03:LONDON v1,388.0,-5.5,09-03 08:02:54 ⏱ wake DEFERRED: a planner stream is already open (2026-09-03:NY:8d5c8af5_8ef641a7-815c-4bb5-9798-b070b67d7998_deepseek_1781246265) — 1h S/D zone Demand [29101.75–29187.25] on LONDON. Scheduled reads never defer; this is a wake (class 47)
2026-09-03 08:04:54,LONDON,deferred,planner_stream_open,2026-09-03:LONDON v1,390.0,-5.5,09-03 08:04:54 ⏱ wake DEFERRED: a planner stream is already open (2026-09-03:NY:8d5c8af5_8ef641a7-815c-4bb5-9798-b070b67d7998_deepseek_1781246265) — 1h S/D zone Demand [29101.75–29187.25] on LONDON. Scheduled reads never defer; this is a wake (class 47)
2026-09-03 08:05:01,LONDON,deferred,planner_stream_open,2026-09-03:LONDON v1,390.1,-5.5,09-03 08:05:01 ⏱ wake DEFERRED: a planner stream is already open (2026-09-03:NY:8d5c8af5_8ef641a7-815c-4bb5-9798-b070b67d7998_deepseek_1781246265) — 1h S/D zone Demand [29101.75–29187.25] on LONDON. Scheduled reads never defer; this is a wake (class 47)
2026-09-03 08:06:54,LONDON,proceeded,cutoff_warn_first_NOT_enforced,2026-09-03:LONDON v1,392.0,-5.5,09-03 08:06:54 ⏱ wake would_skip: 24 min to flat (cutoff 25m) — 1h S/D zone Demand [29101.75–29187.25] on LONDON. WARN-first: the wake PROCEEDS. Recorded n=1 (class 47)
2026-09-03 08:06:54,LONDON,fired,proceed,2026-09-03:LONDON v1,392.0,-5.5,"09-03 08:06:54 🗓️ level wake 1h S/D zone Demand [29101.75–29187.25] on LONDON 2026-09-03 — waking the planner (W6, 5th wake-up)."
2026-09-03 08:06:54,NY,skipped,min_interval,2026-09-03:NY v1,1.6,-5.5,09-03 08:06:54 🗓️ level wake seated Supply·1h invalidated: close 29244.50 above 29209.25 (noise 6.95) on NY 2026-09-03 — SKIPPED: 0m elapsed < wake_min_interval_min (30m).
2026-09-03 08:08:54,NY,skipped,min_interval,2026-09-03:NY v1,3.6,-5.5,09-03 08:08:54 🗓️ level wake seated Supply·1h invalidated: close 29244.50 above 29209.25 (noise 7.03) on NY 2026-09-03 — SKIPPED: 2m elapsed < wake_min_interval_min (30m).
2026-09-03 08:10:54,NY,skipped,min_interval,2026-09-03:NY v1,5.6,-5.5,09-03 08:10:54 🗓️ level wake seated Supply·1h invalidated: close 29244.50 above 29209.25 (noise 7.03) on NY 2026-09-03 — SKIPPED: 4m elapsed < wake_min_interval_min (30m).
2026-09-03 08:12:54,NY,skipped,min_interval,2026-09-03:NY v1,7.6,-5.5,09-03 08:12:54 🗓️ level wake seated Supply·1h invalidated: close 29244.50 above 29209.25 (noise 7.03) on NY 2026-09-03 — SKIPPED: 6m elapsed < wake_min_interval_min (30m).
2026-09-03 08:14:54,NY,skipped,min_interval,2026-09-03:NY v1,9.6,-5.5,09-03 08:14:54 🗓️ level wake seated Supply·1h invalidated: close 29244.50 above 29209.25 (noise 7.04) on NY 2026-09-03 — SKIPPED: 8m elapsed < wake_min_interval_min (30m).
2026-09-03 08:15:01,NY,skipped,min_interval,2026-09-03:NY v1,9.7,9.5,09-03 08:15:01 🗓️ level wake seated Supply·1h invalidated: close 29239.25 above 29209.25 (noise 6.55) on NY 2026-09-03 — SKIPPED: 8m elapsed < wake_min_interval_min (30m).
2026-09-03 08:16:54,LONDON,skipped,min_interval,2026-09-03:LONDON v2,1.2,9.5,09-03 08:16:54 🗓️ level wake seated Supply·1h invalidated: close 29239.25 above 29209.25 (noise 6.64) on LONDON 2026-09-03 — SKIPPED: 10m elapsed < wake_min_interval_min (30m).
2026-09-03 08:16:54,NY,skipped,min_interval,2026-09-03:NY v1,11.6,9.5,09-03 08:16:54 🗓️ level wake seated Supply·1h invalidated: close 29239.25 above 29209.25 (noise 6.64) on NY 2026-09-03 — SKIPPED: 10m elapsed < wake_min_interval_min (30m).
2026-09-03 08:18:54,LONDON,skipped,min_interval,2026-09-03:LONDON v2,3.2,9.5,09-03 08:18:54 🗓️ level wake seated Supply·1h invalidated: close 29239.25 above 29209.25 (noise 6.80) on LONDON 2026-09-03 — SKIPPED: 12m elapsed < wake_min_interval_min (30m).
2026-09-03 08:18:54,NY,skipped,min_interval,2026-09-03:NY v1,13.6,9.5,09-03 08:18:54 🗓️ level wake seated Supply·1h invalidated: close 29239.25 above 29209.25 (noise 6.80) on NY 2026-09-03 — SKIPPED: 12m elapsed < wake_min_interval_min (30m).
2026-09-03 08:20:54,LONDON,skipped,min_interval,2026-09-03:LONDON v2,5.2,9.5,09-03 08:20:54 🗓️ level wake seated Supply·1h invalidated: close 29239.25 above 29209.25 (noise 7.01) on LONDON 2026-09-03 — SKIPPED: 14m elapsed < wake_min_interval_min (30m).
2026-09-03 08:20:54,NY,skipped,min_interval,2026-09-03:NY v1,15.6,9.5,09-03 08:20:54 🗓️ level wake seated Supply·1h invalidated: close 29239.25 above 29209.25 (noise 7.01) on NY 2026-09-03 — SKIPPED: 14m elapsed < wake_min_interval_min (30m).
2026-09-03 08:22:54,LONDON,skipped,min_interval,2026-09-03:LONDON v2,7.2,9.5,09-03 08:22:54 🗓️ level wake seated Supply·1h invalidated: close 29239.25 above 29209.25 (noise 7.01) on LONDON 2026-09-03 — SKIPPED: 16m elapsed < wake_min_interval_min (30m).
2026-09-03 08:22:54,NY,skipped,min_interval,2026-09-03:NY v1,17.6,9.5,09-03 08:22:54 🗓️ level wake seated Supply·1h invalidated: close 29239.25 above 29209.25 (noise 7.01) on NY 2026-09-03 — SKIPPED: 16m elapsed < wake_min_interval_min (30m).
2026-09-03 08:24:54,LONDON,skipped,min_interval,2026-09-03:LONDON v2,9.2,9.5,09-03 08:24:54 🗓️ level wake seated Supply·1h invalidated: close 29239.25 above 29209.25 (noise 7.01) on LONDON 2026-09-03 — SKIPPED: 18m elapsed < wake_min_interval_min (30m).
2026-09-03 08:24:54,NY,skipped,min_interval,2026-09-03:NY v1,19.6,9.5,09-03 08:24:54 🗓️ level wake seated Supply·1h invalidated: close 29239.25 above 29209.25 (noise 7.01) on NY 2026-09-03 — SKIPPED: 18m elapsed < wake_min_interval_min (30m).
2026-09-03 08:25:01,LONDON,skipped,min_interval,2026-09-03:LONDON v2,9.3,9.5,09-03 08:25:01 🗓️ level wake seated Supply·1h invalidated: close 29239.25 above 29209.25 (noise 7.01) on LONDON 2026-09-03 — SKIPPED: 18m elapsed < wake_min_interval_min (30m).
2026-09-03 08:25:01,NY,skipped,min_interval,2026-09-03:NY v1,19.7,9.5,09-03 08:25:01 🗓️ level wake seated Supply·1h invalidated: close 29239.25 above 29209.25 (noise 7.01) on NY 2026-09-03 — SKIPPED: 18m elapsed < wake_min_interval_min (30m).
2026-09-03 08:26:54,LONDON,skipped,min_interval,2026-09-03:LONDON v2,11.2,9.5,09-03 08:26:54 🗓️ level wake seated Supply·1h invalidated: close 29239.25 above 29209.25 (noise 7.01) on LONDON 2026-09-03 — SKIPPED: 20m elapsed < wake_min_interval_min (30m).
2026-09-03 08:26:54,NY,skipped,min_interval,2026-09-03:NY v1,21.6,9.5,09-03 08:26:54 🗓️ level wake seated Supply·1h invalidated: close 29239.25 above 29209.25 (noise 7.01) on NY 2026-09-03 — SKIPPED: 20m elapsed < wake_min_interval_min (30m).
2026-09-03 08:28:54,LONDON,skipped,min_interval,2026-09-03:LONDON v2,13.2,9.5,09-03 08:28:54 🗓️ level wake seated Supply·1h invalidated: close 29239.25 above 29209.25 (noise 7.09) on LONDON 2026-09-03 — SKIPPED: 22m elapsed < wake_min_interval_min (30m).
2026-09-03 08:28:54,NY,skipped,min_interval,2026-09-03:NY v1,23.6,9.5,09-03 08:28:54 🗓️ level wake seated Supply·1h invalidated: close 29239.25 above 29209.25 (noise 7.09) on NY 2026-09-03 — SKIPPED: 22m elapsed < wake_min_interval_min (30m).
2026-09-03 08:30:54,NY,skipped,min_interval,2026-09-03:NY v1,25.6,95.75,09-03 08:30:54 🗓️ level wake seated Supply·1h invalidated: close 29249.25 above 29209.25 (noise 7.05) on NY 2026-09-03 — SKIPPED: 24m elapsed < wake_min_interval_min (30m).
2026-09-03 08:32:54,NY,skipped,min_interval,2026-09-03:NY v1,27.6,95.75,09-03 08:32:54 🗓️ level wake seated Supply·1h invalidated: close 29249.25 above 29209.25 (noise 7.23) on NY 2026-09-03 — SKIPPED: 26m elapsed < wake_min_interval_min (30m).
2026-09-03 08:35:19,NY,skipped,min_interval,2026-09-03:NY v1,30.0,95.75,09-03 08:35:19 🗓️ level wake seated Supply·1h invalidated: close 29249.25 above 29209.25 (noise 7.27) on NY 2026-09-03 — SKIPPED: 28m elapsed < wake_min_interval_min (30m).
2026-09-03 08:36:54,NY,fired,proceed,2026-09-03:NY v1,31.6,95.75,"09-03 08:36:54 🗓️ level wake seated Supply·1h invalidated: close 29249.25 above 29209.25 (noise 7.53) on NY 2026-09-03 — waking the planner (W6, 5th wake-up)."
2026-09-03 08:46:54,NY,skipped,min_interval,2026-09-03:NY v2,1.8,-13.25,09-03 08:46:54 🗓️ level wake seated Supply·1h invalidated: close 29346.00 above 29209.25 (noise 8.09) on NY 2026-09-03 — SKIPPED: 10m elapsed < wake_min_interval_min (30m).
2026-09-03 08:48:54,NY,skipped,min_interval,2026-09-03:NY v2,3.8,-13.25,09-03 08:48:54 🗓️ level wake seated Supply·1h invalidated: close 29346.00 above 29209.25 (noise 8.13) on NY 2026-09-03 — SKIPPED: 12m elapsed < wake_min_interval_min (30m).
2026-09-03 08:50:54,NY,skipped,min_interval,2026-09-03:NY v2,5.8,-13.25,09-03 08:50:54 🗓️ level wake seated Supply·1h invalidated: close 29346.00 above 29209.25 (noise 8.33) on NY 2026-09-03 — SKIPPED: 14m elapsed < wake_min_interval_min (30m).
2026-09-03 08:52:54,NY,skipped,min_interval,2026-09-03:NY v2,7.8,-13.25,09-03 08:52:54 🗓️ level wake seated Supply·1h invalidated: close 29346.00 above 29209.25 (noise 8.34) on NY 2026-09-03 — SKIPPED: 16m elapsed < wake_min_interval_min (30m).
2026-09-03 08:54:54,NY,skipped,min_interval,2026-09-03:NY v2,9.8,-13.25,09-03 08:54:54 🗓️ level wake seated Supply·1h invalidated: close 29346.00 above 29209.25 (noise 8.34) on NY 2026-09-03 — SKIPPED: 18m elapsed < wake_min_interval_min (30m).
2026-09-03 08:55:01,NY,skipped,min_interval,2026-09-03:NY v2,9.9,-13.25,09-03 08:55:01 🗓️ level wake seated Supply·1h invalidated: close 29346.00 above 29209.25 (noise 8.34) on NY 2026-09-03 — SKIPPED: 18m elapsed < wake_min_interval_min (30m).
2026-09-03 08:56:54,NY,skipped,min_interval,2026-09-03:NY v2,11.8,-13.25,09-03 08:56:54 🗓️ level wake seated Supply·1h invalidated: close 29346.00 above 29209.25 (noise 8.46) on NY 2026-09-03 — SKIPPED: 20m elapsed < wake_min_interval_min (30m).
2026-09-03 08:58:54,NY,skipped,min_interval,2026-09-03:NY v2,13.8,-13.25,09-03 08:58:54 🗓️ level wake seated Supply·1h invalidated: close 29346.00 above 29209.25 (noise 8.57) on NY 2026-09-03 — SKIPPED: 22m elapsed < wake_min_interval_min (30m).
2026-09-03 09:00:54,NY,skipped,min_interval,2026-09-03:NY v2,15.8,-30.75,09-03 09:00:54 🗓️ level wake seated Supply·1h invalidated: close 29332.25 above 29209.25 (noise 8.38) on NY 2026-09-03 — SKIPPED: 24m elapsed < wake_min_interval_min (30m).
2026-09-03 09:02:54,NY,skipped,min_interval,2026-09-03:NY v2,17.8,-30.75,09-03 09:02:54 🗓️ level wake seated Supply·1h invalidated: close 29332.25 above 29209.25 (noise 8.88) on NY 2026-09-03 — SKIPPED: 26m elapsed < wake_min_interval_min (30m).
2026-09-03 09:05:35,NY,skipped,min_interval,2026-09-03:NY v2,20.5,-30.75,09-03 09:05:35 🗓️ level wake seated Supply·1h invalidated: close 29332.25 above 29209.25 (noise 8.88) on NY 2026-09-03 — SKIPPED: 29m elapsed < wake_min_interval_min (30m).
2026-09-03 09:06:54,NY,proceeded,cooldown_warn_first_NOT_enforced,2026-09-03:NY v2,21.8,-30.75,09-03 09:06:54 ⏱ wake would_skip: cooldown 21 min since the last wake-authored version (cooldown 30m) — seated Supply·1h invalidated: close 29332.25 above 29209.25 (noise 8.88) on NY. WARN-first: the wake PROCEEDS. Recorded n=1 (class 47)
2026-09-03 09:06:54,NY,fired,proceed,2026-09-03:NY v2,21.8,-30.75,"09-03 09:06:54 🗓️ level wake seated Supply·1h invalidated: close 29332.25 above 29209.25 (noise 8.88) on NY 2026-09-03 — waking the planner (W6, 5th wake-up)."
2026-09-03 09:15:01,NY,skipped,min_interval,2026-09-03:NY v2,29.9,42.25,09-03 09:15:01 🗓️ level wake seated Supply·1h invalidated: close 29301.50 above 29209.25 (noise 8.37) on NY 2026-09-03 — SKIPPED: 8m elapsed < wake_min_interval_min (30m).
2026-09-03 09:16:54,NY,skipped,min_interval,2026-09-03:NY v3,1.4,42.25,09-03 09:16:54 🗓️ level wake seated Supply·1h invalidated: close 29301.50 above 29209.25 (noise 8.65) on NY 2026-09-03 — SKIPPED: 10m elapsed < wake_min_interval_min (30m).
2026-09-03 09:18:54,NY,skipped,min_interval,2026-09-03:NY v3,3.4,42.25,09-03 09:18:54 🗓️ level wake seated Supply·1h invalidated: close 29301.50 above 29209.25 (noise 8.69) on NY 2026-09-03 — SKIPPED: 12m elapsed < wake_min_interval_min (30m).
2026-09-03 09:20:47,NY,skipped,min_interval,2026-09-03:NY v3,5.3,42.25,09-03 09:20:47 🗓️ level wake seated Supply·1h invalidated: close 29301.50 above 29209.25 (noise 9.02) on NY 2026-09-03 — SKIPPED: 14m elapsed < wake_min_interval_min (30m).
2026-09-03 09:21:28,NY,skipped,min_interval,2026-09-03:NY v3,6.0,42.25,09-03 09:21:28 🗓️ level wake seated Supply·1h invalidated: close 29301.50 above 29209.25 (noise 9.02) on NY 2026-09-03 — SKIPPED: 15m elapsed < wake_min_interval_min (30m).
2026-09-03 09:22:54,NY,skipped,min_interval,2026-09-03:NY v3,7.4,42.25,09-03 09:22:54 🗓️ level wake seated Supply·1h invalidated: close 29301.50 above 29209.25 (noise 9.02) on NY 2026-09-03 — SKIPPED: 16m elapsed < wake_min_interval_min (30m).
2026-09-03 09:24:54,NY,skipped,min_interval,2026-09-03:NY v3,9.4,42.25,09-03 09:24:54 🗓️ level wake seated Supply·1h invalidated: close 29301.50 above 29209.25 (noise 9.06) on NY 2026-09-03 — SKIPPED: 18m elapsed < wake_min_interval_min (30m).
2026-09-03 09:25:01,NY,skipped,min_interval,2026-09-03:NY v3,9.5,42.25,09-03 09:25:01 🗓️ level wake seated Supply·1h invalidated: close 29301.50 above 29209.25 (noise 9.06) on NY 2026-09-03 — SKIPPED: 18m elapsed < wake_min_interval_min (30m).
2026-09-03 09:26:54,NY,skipped,min_interval,2026-09-03:NY v3,11.4,42.25,09-03 09:26:54 🗓️ level wake seated Supply·1h invalidated: close 29301.50 above 29209.25 (noise 9.06) on NY 2026-09-03 — SKIPPED: 20m elapsed < wake_min_interval_min (30m).
2026-09-03 09:28:54,NY,skipped,min_interval,2026-09-03:NY v3,13.4,42.25,09-03 09:28:54 🗓️ level wake seated Supply·1h invalidated: close 29301.50 above 29209.25 (noise 9.07) on NY 2026-09-03 — SKIPPED: 22m elapsed < wake_min_interval_min (30m).
2026-09-03 09:30:54,NY,skipped,min_interval,2026-09-03:NY v3,15.4,-59.0,09-03 09:30:54 🗓️ level wake seated Supply·1h invalidated: close 29343.25 above 29209.25 (noise 8.66) on NY 2026-09-03 — SKIPPED: 24m elapsed < wake_min_interval_min (30m).
2026-09-03 09:32:54,NY,skipped,min_interval,2026-09-03:NY v3,17.4,-59.0,09-03 09:32:54 🗓️ level wake seated Supply·1h invalidated: close 29343.25 above 29209.25 (noise 8.98) on NY 2026-09-03 — SKIPPED: 26m elapsed < wake_min_interval_min (30m).
2026-09-03 09:34:54,NY,skipped,min_interval,2026-09-03:NY v3,19.4,-59.0,09-03 09:34:54 🗓️ level wake seated Supply·1h invalidated: close 29343.25 above 29209.25 (noise 9.18) on NY 2026-09-03 — SKIPPED: 28m elapsed < wake_min_interval_min (30m).
2026-09-03 09:35:01,NY,skipped,min_interval,2026-09-03:NY v3,19.5,-59.0,09-03 09:35:01 🗓️ level wake seated Supply·1h invalidated: close 29343.25 above 29209.25 (noise 9.24) on NY 2026-09-03 — SKIPPED: 28m elapsed < wake_min_interval_min (30m).
2026-09-03 09:36:54,NY,skipped,min_interval,2026-09-03:NY v3,21.4,-59.0,09-03 09:36:54 🗓️ level wake seated Supply·1h invalidated: close 29343.25 above 29209.25 (noise 9.24) on NY 2026-09-03 — SKIPPED: 30m elapsed < wake_min_interval_min (30m).
2026-09-03 09:38:54,NY,proceeded,cooldown_warn_first_NOT_enforced,2026-09-03:NY v3,23.4,-59.0,09-03 09:38:54 ⏱ wake would_skip: cooldown 23 min since the last wake-authored version (cooldown 30m) — seated Supply·1h invalidated: close 29343.25 above 29209.25 (noise 9.25) on NY. WARN-first: the wake PROCEEDS. Recorded n=2 (class 47)
2026-09-03 09:38:54,NY,fired,proceed,2026-09-03:NY v3,23.4,-59.0,"09-03 09:38:54 🗓️ level wake seated Supply·1h invalidated: close 29343.25 above 29209.25 (noise 9.25) on NY 2026-09-03 — waking the planner (W6, 5th wake-up)."
2026-09-03 09:44:54,NY,skipped,min_interval,2026-09-03:NY v4,0.3,-59.0,09-03 09:44:54 🗓️ level wake seated Supply·1h invalidated: close 29343.25 above 29209.25 (noise 9.36) on NY 2026-09-03 — SKIPPED: 6m elapsed < wake_min_interval_min (30m).
2026-09-03 09:45:01,NY,skipped,min_interval,2026-09-03:NY v4,0.5,79.5,09-03 09:45:01 🗓️ level wake seated Supply·1h invalidated: close 29283.75 above 29209.25 (noise 8.72) on NY 2026-09-03 — SKIPPED: 6m elapsed < wake_min_interval_min (30m).
2026-09-03 09:46:54,NY,skipped,min_interval,2026-09-03:NY v4,2.4,79.5,09-03 09:46:54 🗓️ level wake seated Supply·1h invalidated: close 29283.75 above 29209.25 (noise 8.97) on NY 2026-09-03 — SKIPPED: 8m elapsed < wake_min_interval_min (30m).
2026-09-03 09:48:54,NY,skipped,min_interval,2026-09-03:NY v4,4.3,79.5,09-03 09:48:54 🗓️ level wake seated Supply·1h invalidated: close 29283.75 above 29209.25 (noise 9.00) on NY 2026-09-03 — SKIPPED: 10m elapsed < wake_min_interval_min (30m).
2026-09-03 09:50:54,NY,skipped,min_interval,2026-09-03:NY v4,6.3,79.5,09-03 09:50:54 🗓️ level wake seated Supply·1h invalidated: close 29283.75 above 29209.25 (noise 9.12) on NY 2026-09-03 — SKIPPED: 12m elapsed < wake_min_interval_min (30m).
2026-09-03 09:52:54,NY,skipped,min_interval,2026-09-03:NY v4,8.3,79.5,09-03 09:52:54 🗓️ level wake seated Supply·1h invalidated: close 29283.75 above 29209.25 (noise 9.12) on NY 2026-09-03 — SKIPPED: 14m elapsed < wake_min_interval_min (30m).
2026-09-03 09:54:54,NY,skipped,min_interval,2026-09-03:NY v4,10.3,79.5,09-03 09:54:54 🗓️ level wake seated Supply·1h invalidated: close 29283.75 above 29209.25 (noise 9.12) on NY 2026-09-03 — SKIPPED: 16m elapsed < wake_min_interval_min (30m).
2026-09-03 09:55:01,NY,skipped,min_interval,2026-09-03:NY v4,10.5,79.5,09-03 09:55:01 🗓️ level wake seated Supply·1h invalidated: close 29283.75 above 29209.25 (noise 9.12) on NY 2026-09-03 — SKIPPED: 16m elapsed < wake_min_interval_min (30m).
2026-09-03 09:56:54,NY,skipped,min_interval,2026-09-03:NY v4,12.3,79.5,09-03 09:56:54 🗓️ level wake seated Supply·1h invalidated: close 29283.75 above 29209.25 (noise 9.55) on NY 2026-09-03 — SKIPPED: 18m elapsed < wake_min_interval_min (30m).
2026-09-03 09:58:54,NY,skipped,min_interval,2026-09-03:NY v4,14.3,79.5,09-03 09:58:54 🗓️ level wake seated Supply·1h invalidated: close 29283.75 above 29209.25 (noise 9.72) on NY 2026-09-03 — SKIPPED: 20m elapsed < wake_min_interval_min (30m).
2026-09-03 10:00:54,NY,skipped,min_interval,2026-09-03:NY v4,16.4,101.5,09-03 10:00:54 🗓️ level wake seated Supply·1h invalidated: close 29363.50 above 29209.25 (noise 9.59) on NY 2026-09-03 — SKIPPED: 22m elapsed < wake_min_interval_min (30m).
2026-09-03 10:02:54,NY,skipped,min_interval,2026-09-03:NY v4,18.4,101.5,09-03 10:02:54 🗓️ level wake seated Supply·1h invalidated: close 29363.50 above 29209.25 (noise 9.75) on NY 2026-09-03 — SKIPPED: 24m elapsed < wake_min_interval_min (30m).
2026-09-03 10:04:54,NY,skipped,min_interval,2026-09-03:NY v4,20.4,101.5,09-03 10:04:54 🗓️ level wake seated Supply·1h invalidated: close 29363.50 above 29209.25 (noise 10.00) on NY 2026-09-03 — SKIPPED: 26m elapsed < wake_min_interval_min (30m).
2026-09-03 10:05:01,NY,skipped,min_interval,2026-09-03:NY v4,20.5,101.5,09-03 10:05:01 🗓️ level wake seated Supply·1h invalidated: close 29363.50 above 29209.25 (noise 10.16) on NY 2026-09-03 — SKIPPED: 26m elapsed < wake_min_interval_min (30m).
2026-09-03 10:06:54,NY,skipped,min_interval,2026-09-03:NY v4,22.4,101.5,09-03 10:06:54 🗓️ level wake seated Supply·1h invalidated: close 29363.50 above 29209.25 (noise 10.17) on NY 2026-09-03 — SKIPPED: 28m elapsed < wake_min_interval_min (30m).
2026-09-03 10:08:54,NY,skipped,min_interval,2026-09-03:NY v4,24.4,101.5,09-03 10:08:54 🗓️ level wake seated Supply·1h invalidated: close 29363.50 above 29209.25 (noise 10.18) on NY 2026-09-03 — SKIPPED: 30m elapsed < wake_min_interval_min (30m).
2026-09-03 10:10:54,NY,proceeded,cooldown_warn_first_NOT_enforced,2026-09-03:NY v4,26.4,101.5,09-03 10:10:54 ⏱ wake would_skip: cooldown 26 min since the last wake-authored version (cooldown 30m) — seated Supply·1h invalidated: close 29363.50 above 29209.25 (noise 10.22) on NY. WARN-first: the wake PROCEEDS. Recorded n=3 (class 47)
2026-09-03 10:10:54,NY,fired,proceed,2026-09-03:NY v4,26.4,101.5,"09-03 10:10:54 🗓️ level wake seated Supply·1h invalidated: close 29363.50 above 29209.25 (noise 10.22) on NY 2026-09-03 — waking the planner (W6, 5th wake-up)."
2026-09-03 10:15:00,NY,no_wake_line,no_candidate_or_loop_not_running,2026-09-03:NY v5,0.2,70.75,"15m bar 2026-09-03 10:15 o=29464.75 h=29539.75 l=29453.5 c=29535.5; zero wake lines in [10:15,10:30) across nofx_2026-09-02.log+nofx_2026-09-03.log"
2026-09-03 10:30:29,NY,skipped,cooldown_enforced,2026-09-03:NY v5,15.7,-29.75,"09-03 10:30:29 ⏱ wake SKIPPED: cooldown 15 min since the last wake-authored version (cooldown 30m) — 15m FVG [29367.75–29453.50] on NY. Recorded n=4 (class 47, enforcing since 2026-09-03)"
2026-09-03 10:32:29,NY,skipped,cooldown_enforced,2026-09-03:NY v5,17.7,-29.75,"09-03 10:32:29 ⏱ wake SKIPPED: cooldown 17 min since the last wake-authored version (cooldown 30m) — 15m FVG [29367.75–29453.50] on NY. Recorded n=5 (class 47, enforcing since 2026-09-03)"
2026-09-03 10:34:29,NY,skipped,cooldown_enforced,2026-09-03:NY v5,19.7,-29.75,"09-03 10:34:29 ⏱ wake SKIPPED: cooldown 19 min since the last wake-authored version (cooldown 30m) — 15m FVG [29367.75–29453.50] on NY. Recorded n=6 (class 47, enforcing since 2026-09-03)"
2026-09-03 10:35:01,NY,skipped,cooldown_enforced,2026-09-03:NY v5,20.3,-29.75,"09-03 10:35:01 ⏱ wake SKIPPED: cooldown 20 min since the last wake-authored version (cooldown 30m) — 15m FVG [29367.75–29453.50] on NY. Recorded n=7 (class 47, enforcing since 2026-09-03)"
2026-09-03 10:36:29,NY,skipped,cooldown_enforced,2026-09-03:NY v5,21.7,-29.75,"09-03 10:36:29 ⏱ wake SKIPPED: cooldown 21 min since the last wake-authored version (cooldown 30m) — 15m FVG [29367.75–29453.50] on NY. Recorded n=8 (class 47, enforcing since 2026-09-03)"
2026-09-03 10:38:29,NY,skipped,cooldown_enforced,2026-09-03:NY v5,23.7,-29.75,"09-03 10:38:29 ⏱ wake SKIPPED: cooldown 23 min since the last wake-authored version (cooldown 30m) — 15m FVG [29367.75–29453.50] on NY. Recorded n=9 (class 47, enforcing since 2026-09-03)"
2026-09-03 10:40:29,NY,skipped,cooldown_enforced,2026-09-03:NY v5,25.7,-29.75,"09-03 10:40:29 ⏱ wake SKIPPED: cooldown 25 min since the last wake-authored version (cooldown 30m) — 15m FVG [29367.75–29453.50] on NY. Recorded n=10 (class 47, enforcing since 2026-09-03)"
2026-09-03 10:42:29,NY,skipped,cooldown_enforced,2026-09-03:NY v5,27.7,-29.75,"09-03 10:42:29 ⏱ wake SKIPPED: cooldown 27 min since the last wake-authored version (cooldown 30m) — 15m FVG [29367.75–29453.50] on NY. Recorded n=11 (class 47, enforcing since 2026-09-03)"
2026-09-03 10:44:29,NY,skipped,cooldown_enforced,2026-09-03:NY v5,29.7,-29.75,"09-03 10:44:29 ⏱ wake SKIPPED: cooldown 29 min since the last wake-authored version (cooldown 30m) — 15m FVG [29367.75–29453.50] on NY. Recorded n=12 (class 47, enforcing since 2026-09-03)"
2026-09-03 10:45:01,NY,fired,proceed,2026-09-03:NY v5,30.3,31.75,"09-03 10:45:01 🗓️ level wake 15m FVG [29367.75–29453.50] on NY 2026-09-03 — waking the planner (W6, 5th wake-up)."
2026-09-03 11:00:29,NY,skipped,min_interval,2026-09-03:NY v6,10.5,-19.5,09-03 11:00:29 🗓️ level wake seated OB(bear)·1h invalidated: close 29538.25 above 29502.88 (noise 9.33) on NY 2026-09-03 — SKIPPED: 15m elapsed < wake_min_interval_min (30m).
2026-09-03 11:02:29,NY,skipped,min_interval,2026-09-03:NY v6,12.5,-19.5,09-03 11:02:29 🗓️ level wake seated OB(bear)·1h invalidated: close 29538.25 above 29502.88 (noise 9.38) on NY 2026-09-03 — SKIPPED: 17m elapsed < wake_min_interval_min (30m).
2026-09-03 11:04:29,NY,skipped,min_interval,2026-09-03:NY v6,14.5,-19.5,09-03 11:04:29 🗓️ level wake seated OB(bear)·1h invalidated: close 29538.25 above 29502.88 (noise 9.42) on NY 2026-09-03 — SKIPPED: 19m elapsed < wake_min_interval_min (30m).
2026-09-03 11:05:00,NY,skipped,min_interval,2026-09-03:NY v6,15.1,-19.5,09-03 11:05:00 🗓️ level wake seated OB(bear)·1h invalidated: close 29538.25 above 29502.88 (noise 9.50) on NY 2026-09-03 — SKIPPED: 20m elapsed < wake_min_interval_min (30m).
2026-09-03 11:06:29,NY,skipped,min_interval,2026-09-03:NY v6,16.5,-19.5,09-03 11:06:29 🗓️ level wake seated OB(bear)·1h invalidated: close 29538.25 above 29502.88 (noise 9.60) on NY 2026-09-03 — SKIPPED: 21m elapsed < wake_min_interval_min (30m).
2026-09-03 11:08:29,NY,skipped,min_interval,2026-09-03:NY v6,18.5,-19.5,09-03 11:08:29 🗓️ level wake seated OB(bear)·1h invalidated: close 29538.25 above 29502.88 (noise 9.60) on NY 2026-09-03 — SKIPPED: 23m elapsed < wake_min_interval_min (30m).
2026-09-03 11:12:33,NY,skipped,cooldown_enforced,2026-09-03:NY v6,22.6,-19.5,"09-03 11:12:33 ⏱ wake SKIPPED: cooldown 22 min since the last wake-authored version (cooldown 30m) — seated OB(bear)·1h invalidated: close 29538.25 above 29502.88 (noise 9.60) on NY. Recorded n=13 (class 47, enforcing since 2026-09-03)"
2026-09-03 11:14:33,NY,skipped,cooldown_enforced,2026-09-03:NY v6,24.6,-19.5,"09-03 11:14:33 ⏱ wake SKIPPED: cooldown 24 min since the last wake-authored version (cooldown 30m) — seated OB(bear)·1h invalidated: close 29538.25 above 29502.88 (noise 9.60) on NY. Recorded n=14 (class 47, enforcing since 2026-09-03)"
2026-09-03 11:15:01,NY,skipped,cooldown_enforced,2026-09-03:NY v6,25.1,-22.75,"09-03 11:15:01 ⏱ wake SKIPPED: cooldown 25 min since the last wake-authored version (cooldown 30m) — seated OB(bear)·1h invalidated: close 29519.25 above 29502.88 (noise 8.92) on NY. Recorded n=15 (class 47, enforcing since 2026-09-03)"
2026-09-03 11:16:33,NY,skipped,cooldown_enforced,2026-09-03:NY v6,26.6,-22.75,"09-03 11:16:33 ⏱ wake SKIPPED: cooldown 26 min since the last wake-authored version (cooldown 30m) — seated OB(bear)·1h invalidated: close 29519.25 above 29502.88 (noise 9.03) on NY. Recorded n=16 (class 47, enforcing since 2026-09-03)"
2026-09-03 11:18:33,NY,skipped,cooldown_enforced,2026-09-03:NY v6,28.6,-22.75,"09-03 11:18:33 ⏱ wake SKIPPED: cooldown 28 min since the last wake-authored version (cooldown 30m) — seated OB(bear)·1h invalidated: close 29519.25 above 29502.88 (noise 9.04) on NY. Recorded n=17 (class 47, enforcing since 2026-09-03)"
2026-09-03 11:20:33,NY,fired,proceed,2026-09-03:NY v6,30.6,-22.75,"09-03 11:20:33 🗓️ level wake seated OB(bear)·1h invalidated: close 29519.25 above 29502.88 (noise 9.11) on NY 2026-09-03 — waking the planner (W6, 5th wake-up)."
2026-09-03 12:23:33,NY,context_process_down,log_gap_114min_no_shutdown_line,2026-09-03:NY v7 (dormant since 12:15:00),55.7,,last log line 09-03 12:23:33 -> next 14:18:24 in /home/hoang/nofx/data/nofx_2026-09-03.log; decision_records cycle 27247 12:22:44 -> 27248 15:08:51
2026-09-03 14:18:24,NY,context_feed_down,no_NT8_bar_after_restart_until_session_end,2026-09-03:NY v7 (dormant),170.5,-5.0,"grep 'FEED DOWN' nofx_2026-09-03.log -> 14:28:39 (10m0s) .. 14:58:28 (40m0s), 31 consecutive lines; cycles 13/14/15 all 'skipping decision cycle - no balance frame yet'"
2026-09-03 14:45:00,none,context_read_window_blackout,"NY WindowEndCT=14:45, ASIA ReadCT=16:30 -> inSessionReadWindow false for 105 min",none,,,"auto_trader_planner.go:206 'if !inSessionReadWindow(now, s.ReadCT, s.WindowEndCT) { continue }'; registry from system_config.session_registry"
2026-09-03 16:37:36,ASIA,plan_authored,ASIA_scheduled_read (NOT a wake),2026-09-03:ASIA v1,0.0,,"sqlite3 plans: the ONLY plan version with created_at in [12:00,17:00) CT on 2026-09-03"
2026-09-03 18:00:24,ASIA,fired,proceed,2026-09-03:ASIA v1,82.8,-4.75,"09-03 18:00:24 🗓️ level wake seated OB(bear)·1h invalidated: close 29508.50 above 29502.88 (noise 4.24) on ASIA 2026-09-03 — waking the planner (W6, 5th wake-up)."
2026-09-03 18:10:56,ASIA,fired,proceed,2026-09-03:ASIA v1,93.3,-4.75,"09-03 18:10:56 🗓️ level wake seated OB(bear)·1h invalidated: close 29508.50 above 29502.88 (noise 4.36) on ASIA 2026-09-03 — waking the planner (W6, 5th wake-up)."
2026-09-03 18:30:57,ASIA,skipped,min_interval,2026-09-03:ASIA v1,113.3,-1.75,09-03 18:30:57 🗓️ level wake seated OB(bear)·1h invalidated: close 29507.50 above 29502.88 (noise 3.97) on ASIA 2026-09-03 — SKIPPED: 20m elapsed < wake_min_interval_min (30m).
2026-09-03 18:32:57,ASIA,skipped,min_interval,2026-09-03:ASIA v1,115.3,-1.75,09-03 18:32:57 🗓️ level wake seated OB(bear)·1h invalidated: close 29507.50 above 29502.88 (noise 3.97) on ASIA 2026-09-03 — SKIPPED: 22m elapsed < wake_min_interval_min (30m).
2026-09-03 18:34:57,ASIA,skipped,min_interval,2026-09-03:ASIA v1,117.3,-1.75,09-03 18:34:57 🗓️ level wake seated OB(bear)·1h invalidated: close 29507.50 above 29502.88 (noise 3.97) on ASIA 2026-09-03 — SKIPPED: 24m elapsed < wake_min_interval_min (30m).
2026-09-03 18:35:01,ASIA,skipped,min_interval,2026-09-03:ASIA v1,117.4,-1.75,09-03 18:35:01 🗓️ level wake seated OB(bear)·1h invalidated: close 29507.50 above 29502.88 (noise 3.97) on ASIA 2026-09-03 — SKIPPED: 24m elapsed < wake_min_interval_min (30m).
2026-09-03 18:37:09,ASIA,skipped,min_interval,2026-09-03:ASIA v1,119.5,-1.75,09-03 18:37:09 🗓️ level wake seated OB(bear)·1h invalidated: close 29507.50 above 29502.88 (noise 3.97) on ASIA 2026-09-03 — SKIPPED: 26m elapsed < wake_min_interval_min (30m).
2026-09-03 18:39:09,ASIA,skipped,min_interval,2026-09-03:ASIA v1,121.5,-1.75,09-03 18:39:09 🗓️ level wake seated OB(bear)·1h invalidated: close 29507.50 above 29502.88 (noise 3.97) on ASIA 2026-09-03 — SKIPPED: 28m elapsed < wake_min_interval_min (30m).
2026-09-03 18:41:09,ASIA,fired,proceed,2026-09-03:ASIA v1,123.5,-1.75,"09-03 18:41:09 🗓️ level wake seated OB(bear)·1h invalidated: close 29507.50 above 29502.88 (noise 3.97) on ASIA 2026-09-03 — waking the planner (W6, 5th wake-up)."
2026-09-03 18:49:09,ASIA,skipped,min_interval,2026-09-03:ASIA v2,1.3,-1.75,09-03 18:49:09 🗓️ level wake seated OB(bull)·4h (HTF) invalidated: close 29506.00 below 29545.00 (noise 3.84) on ASIA 2026-09-03 — SKIPPED: 8m elapsed < wake_min_interval_min (30m).
2026-09-03 18:51:09,ASIA,skipped,min_interval,2026-09-03:ASIA v2,3.3,-1.75,09-03 18:51:09 🗓️ level wake seated OB(bull)·4h (HTF) invalidated: close 29506.00 below 29545.00 (noise 3.84) on ASIA 2026-09-03 — SKIPPED: 10m elapsed < wake_min_interval_min (30m).
2026-09-03 18:53:09,ASIA,skipped,min_interval,2026-09-03:ASIA v2,5.3,-1.75,09-03 18:53:09 🗓️ level wake seated OB(bull)·4h (HTF) invalidated: close 29506.00 below 29545.00 (noise 3.84) on ASIA 2026-09-03 — SKIPPED: 12m elapsed < wake_min_interval_min (30m).
2026-09-03 18:55:09,ASIA,skipped,min_interval,2026-09-03:ASIA v2,7.3,-1.75,09-03 18:55:09 🗓️ level wake seated OB(bull)·4h (HTF) invalidated: close 29506.00 below 29545.00 (noise 3.86) on ASIA 2026-09-03 — SKIPPED: 14m elapsed < wake_min_interval_min (30m).
2026-09-03 18:57:09,ASIA,skipped,min_interval,2026-09-03:ASIA v2,9.3,-1.75,09-03 18:57:09 🗓️ level wake seated OB(bull)·4h (HTF) invalidated: close 29506.00 below 29545.00 (noise 3.86) on ASIA 2026-09-03 — SKIPPED: 16m elapsed < wake_min_interval_min (30m).
2026-09-03 18:59:09,ASIA,skipped,min_interval,2026-09-03:ASIA v2,11.3,-1.75,09-03 18:59:09 🗓️ level wake seated OB(bull)·4h (HTF) invalidated: close 29506.00 below 29545.00 (noise 3.86) on ASIA 2026-09-03 — SKIPPED: 18m elapsed < wake_min_interval_min (30m).
2026-09-03 19:01:09,ASIA,skipped,min_interval,2026-09-03:ASIA v2,13.3,6.75,09-03 19:01:09 🗓️ level wake seated OB(bull)·4h (HTF) invalidated: close 29504.50 below 29545.00 (noise 3.79) on ASIA 2026-09-03 — SKIPPED: 20m elapsed < wake_min_interval_min (30m).
2026-09-03 19:03:09,ASIA,skipped,min_interval,2026-09-03:ASIA v2,15.3,6.75,09-03 19:03:09 🗓️ level wake seated OB(bull)·4h (HTF) invalidated: close 29504.50 below 29545.00 (noise 3.79) on ASIA 2026-09-03 — SKIPPED: 22m elapsed < wake_min_interval_min (30m).
2026-09-03 19:05:09,ASIA,skipped,min_interval,2026-09-03:ASIA v2,17.3,6.75,09-03 19:05:09 🗓️ level wake seated OB(bull)·4h (HTF) invalidated: close 29504.50 below 29545.00 (noise 3.82) on ASIA 2026-09-03 — SKIPPED: 24m elapsed < wake_min_interval_min (30m).
2026-09-03 19:08:06,ASIA,skipped,cooldown_enforced,2026-09-03:ASIA v2,20.2,6.75,"09-03 19:08:06 ⏱ wake SKIPPED: cooldown 20 min since the last wake-authored version (cooldown 30m) — seated OB(bull)·4h (HTF) invalidated: close 29504.50 below 29545.00 (noise 3.90) on ASIA. Recorded n=1 (class 47, enforcing since 2026-09-03)"
2026-09-03 19:10:06,ASIA,skipped,cooldown_enforced,2026-09-03:ASIA v2,22.2,6.75,"09-03 19:10:06 ⏱ wake SKIPPED: cooldown 22 min since the last wake-authored version (cooldown 30m) — seated OB(bull)·4h (HTF) invalidated: close 29504.50 below 29545.00 (noise 3.90) on ASIA. Recorded n=2 (class 47, enforcing since 2026-09-03)"
2026-09-03 19:12:06,ASIA,skipped,cooldown_enforced,2026-09-03:ASIA v2,24.2,6.75,"09-03 19:12:06 ⏱ wake SKIPPED: cooldown 24 min since the last wake-authored version (cooldown 30m) — seated OB(bull)·4h (HTF) invalidated: close 29504.50 below 29545.00 (noise 3.90) on ASIA. Recorded n=3 (class 47, enforcing since 2026-09-03)"
2026-09-03 19:14:06,ASIA,skipped,cooldown_enforced,2026-09-03:ASIA v2,26.2,6.75,"09-03 19:14:06 ⏱ wake SKIPPED: cooldown 26 min since the last wake-authored version (cooldown 30m) — seated OB(bull)·4h (HTF) invalidated: close 29504.50 below 29545.00 (noise 3.90) on ASIA. Recorded n=4 (class 47, enforcing since 2026-09-03)"
2026-09-03 19:16:09,ASIA,skipped,cooldown_enforced,2026-09-03:ASIA v2,28.3,18.0,"09-03 19:16:09 ⏱ wake SKIPPED: cooldown 28 min since the last wake-authored version (cooldown 30m) — seated OB(bull)·4h (HTF) invalidated: close 29510.50 below 29545.00 (noise 3.69) on ASIA. Recorded n=5 (class 47, enforcing since 2026-09-03)"
2026-09-03 19:18:06,ASIA,fired,proceed,2026-09-03:ASIA v2,30.2,18.0,"09-03 19:18:06 🗓️ level wake seated OB(bull)·4h (HTF) invalidated: close 29510.50 below 29545.00 (noise 3.79) on ASIA 2026-09-03 — waking the planner (W6, 5th wake-up)."
2026-09-03 19:30:06,ASIA,skipped,min_interval,2026-09-03:ASIA v3,1.5,4.5,09-03 19:30:06 🗓️ level wake seated OB(bull)·4h (HTF) invalidated: close 29528.00 below 29545.00 (noise 3.61) on ASIA 2026-09-03 — SKIPPED: 12m elapsed < wake_min_interval_min (30m).
2026-09-03 19:32:05,ASIA,skipped,min_interval,2026-09-03:ASIA v3,3.5,4.5,09-03 19:32:05 🗓️ level wake seated OB(bull)·4h (HTF) invalidated: close 29528.00 below 29545.00 (noise 3.65) on ASIA 2026-09-03 — SKIPPED: 14m elapsed < wake_min_interval_min (30m).
2026-09-03 19:34:05,ASIA,skipped,min_interval,2026-09-03:ASIA v3,5.5,4.5,09-03 19:34:05 🗓️ level wake seated OB(bull)·4h (HTF) invalidated: close 29528.00 below 29545.00 (noise 3.73) on ASIA 2026-09-03 — SKIPPED: 16m elapsed < wake_min_interval_min (30m).
2026-09-03 19:36:05,ASIA,skipped,min_interval,2026-09-03:ASIA v3,7.5,4.5,09-03 19:36:05 🗓️ level wake seated OB(bull)·4h (HTF) invalidated: close 29528.00 below 29545.00 (noise 3.73) on ASIA 2026-09-03 — SKIPPED: 18m elapsed < wake_min_interval_min (30m).
2026-09-03 19:38:05,ASIA,skipped,min_interval,2026-09-03:ASIA v3,9.5,4.5,09-03 19:38:05 🗓️ level wake seated OB(bull)·4h (HTF) invalidated: close 29528.00 below 29545.00 (noise 3.73) on ASIA 2026-09-03 — SKIPPED: 20m elapsed < wake_min_interval_min (30m).
2026-09-03 19:40:05,ASIA,skipped,min_interval,2026-09-03:ASIA v3,11.5,4.5,09-03 19:40:05 🗓️ level wake seated OB(bull)·4h (HTF) invalidated: close 29528.00 below 29545.00 (noise 3.73) on ASIA 2026-09-03 — SKIPPED: 22m elapsed < wake_min_interval_min (30m).
2026-09-03 19:42:05,ASIA,skipped,min_interval,2026-09-03:ASIA v3,13.5,4.5,09-03 19:42:05 🗓️ level wake seated OB(bull)·4h (HTF) invalidated: close 29528.00 below 29545.00 (noise 3.73) on ASIA 2026-09-03 — SKIPPED: 24m elapsed < wake_min_interval_min (30m).
2026-09-03 19:44:05,ASIA,skipped,min_interval,2026-09-03:ASIA v3,15.5,4.5,09-03 19:44:05 🗓️ level wake seated OB(bull)·4h (HTF) invalidated: close 29528.00 below 29545.00 (noise 3.76) on ASIA 2026-09-03 — SKIPPED: 26m elapsed < wake_min_interval_min (30m).
2026-09-03 19:46:05,ASIA,skipped,min_interval,2026-09-03:ASIA v3,17.5,-1.75,09-03 19:46:05 🗓️ level wake seated OB(bull)·4h (HTF) invalidated: close 29532.00 below 29545.00 (noise 3.57) on ASIA 2026-09-03 — SKIPPED: 28m elapsed < wake_min_interval_min (30m).
2026-09-03 19:48:05,ASIA,skipped,min_interval,2026-09-03:ASIA v3,19.5,-1.75,09-03 19:48:05 🗓️ level wake seated OB(bull)·4h (HTF) invalidated: close 29532.00 below 29545.00 (noise 3.57) on ASIA 2026-09-03 — SKIPPED: 30m elapsed < wake_min_interval_min (30m).
2026-09-03 19:50:05,ASIA,proceeded,fastmarket_bypass,2026-09-03:ASIA v3,21.5,-1.75,"09-03 19:50:05 ⏱ wake cooldown bypassed: fast market 2.4×ATR (cooldown 21 min since the last wake-authored version, cooldown 30m) — seated OB(bull)·4h (HTF) invalidated: close 29532.00 below 29545.00 (noise 3.61) on ASIA. Proceeding (class 47, owner ruling 2026-09-03)"
2026-09-03 19:50:05,ASIA,fired,proceed,2026-09-03:ASIA v3,21.5,-1.75,"09-03 19:50:05 🗓️ level wake seated OB(bull)·4h (HTF) invalidated: close 29532.00 below 29545.00 (noise 3.61) on ASIA 2026-09-03 — waking the planner (W6, 5th wake-up)."
2026-09-03 19:54:04,ASIA,skipped,min_interval,2026-09-03:ASIA v4,0.5,-1.75,09-03 19:54:04 🗓️ level wake seated OB(bull)·1h (HTF) invalidated: close 29532.00 below 29574.38 (noise 3.61) on ASIA 2026-09-03 — SKIPPED: 4m elapsed < wake_min_interval_min (30m).
2026-09-03 19:56:04,ASIA,skipped,min_interval,2026-09-03:ASIA v4,2.5,-1.75,09-03 19:56:04 🗓️ level wake seated OB(bull)·1h (HTF) invalidated: close 29532.00 below 29574.38 (noise 3.61) on ASIA 2026-09-03 — SKIPPED: 6m elapsed < wake_min_interval_min (30m).
2026-09-03 19:58:04,ASIA,skipped,min_interval,2026-09-03:ASIA v4,4.5,-1.75,09-03 19:58:04 🗓️ level wake seated OB(bull)·1h (HTF) invalidated: close 29532.00 below 29574.38 (noise 3.61) on ASIA 2026-09-03 — SKIPPED: 8m elapsed < wake_min_interval_min (30m).
2026-09-03 20:00:04,ASIA,skipped,min_interval,2026-09-03:ASIA v4,6.5,-7.0,09-03 20:00:04 🗓️ level wake seated OB(bull)·1h (HTF) invalidated: close 29530.00 below 29574.38 (noise 3.39) on ASIA 2026-09-03 — SKIPPED: 10m elapsed < wake_min_interval_min (30m).
2026-09-03 20:02:04,ASIA,skipped,min_interval,2026-09-03:ASIA v4,8.5,-7.0,09-03 20:02:04 🗓️ level wake seated OB(bull)·1h (HTF) invalidated: close 29530.00 below 29574.38 (noise 3.44) on ASIA 2026-09-03 — SKIPPED: 12m elapsed < wake_min_interval_min (30m).
2026-09-03 20:04:04,ASIA,skipped,min_interval,2026-09-03:ASIA v4,10.5,-7.0,09-03 20:04:04 🗓️ level wake seated OB(bull)·1h (HTF) invalidated: close 29530.00 below 29574.38 (noise 3.53) on ASIA 2026-09-03 — SKIPPED: 14m elapsed < wake_min_interval_min (30m).
2026-09-03 20:06:04,ASIA,skipped,min_interval,2026-09-03:ASIA v4,12.5,-7.0,09-03 20:06:04 🗓️ level wake seated OB(bull)·1h (HTF) invalidated: close 29530.00 below 29574.38 (noise 3.53) on ASIA 2026-09-03 — SKIPPED: 16m elapsed < wake_min_interval_min (30m).
2026-09-03 20:08:04,ASIA,skipped,min_interval,2026-09-03:ASIA v4,14.5,-7.0,09-03 20:08:04 🗓️ level wake seated OB(bull)·1h (HTF) invalidated: close 29530.00 below 29574.38 (noise 3.53) on ASIA 2026-09-03 — SKIPPED: 18m elapsed < wake_min_interval_min (30m).
2026-09-03 20:10:04,ASIA,skipped,min_interval,2026-09-03:ASIA v4,16.5,-7.0,09-03 20:10:04 🗓️ level wake seated OB(bull)·1h (HTF) invalidated: close 29530.00 below 29574.38 (noise 3.53) on ASIA 2026-09-03 — SKIPPED: 20m elapsed < wake_min_interval_min (30m).
2026-09-03 20:12:04,ASIA,skipped,min_interval,2026-09-03:ASIA v4,18.5,-7.0,09-03 20:12:04 🗓️ level wake seated OB(bull)·1h (HTF) invalidated: close 29530.00 below 29574.38 (noise 3.53) on ASIA 2026-09-03 — SKIPPED: 22m elapsed < wake_min_interval_min (30m).
2026-09-03 20:14:04,ASIA,skipped,min_interval,2026-09-03:ASIA v4,20.5,-7.0,09-03 20:14:04 🗓️ level wake seated OB(bull)·1h (HTF) invalidated: close 29530.00 below 29574.38 (noise 3.53) on ASIA 2026-09-03 — SKIPPED: 24m elapsed < wake_min_interval_min (30m).
2026-09-03 20:16:04,ASIA,skipped,min_interval,2026-09-03:ASIA v4,22.5,18.0,09-03 20:16:04 🗓️ level wake seated OB(bull)·1h (HTF) invalidated: close 29523.00 below 29574.38 (noise 3.32) on ASIA 2026-09-03 — SKIPPED: 26m elapsed < wake_min_interval_min (30m).
2026-09-03 20:18:04,ASIA,skipped,min_interval,2026-09-03:ASIA v4,24.5,18.0,09-03 20:18:04 🗓️ level wake seated OB(bull)·1h (HTF) invalidated: close 29523.00 below 29574.38 (noise 3.39) on ASIA 2026-09-03 — SKIPPED: 28m elapsed < wake_min_interval_min (30m).
2026-09-03 20:20:03,ASIA,skipped,min_interval,2026-09-03:ASIA v4,26.5,18.0,09-03 20:20:03 🗓️ level wake seated OB(bull)·1h (HTF) invalidated: close 29523.00 below 29574.38 (noise 3.41) on ASIA 2026-09-03 — SKIPPED: 30m elapsed < wake_min_interval_min (30m).
2026-09-03 20:22:03,ASIA,skipped,cooldown_enforced,2026-09-03:ASIA v4,28.5,18.0,"09-03 20:22:03 ⏱ wake SKIPPED: cooldown 28 min since the last wake-authored version (cooldown 30m) — seated OB(bull)·1h (HTF) invalidated: close 29523.00 below 29574.38 (noise 3.53) on ASIA. Recorded n=6 (class 47, enforcing since 2026-09-03)"
2026-09-03 20:24:03,ASIA,fired,proceed,2026-09-03:ASIA v4,30.5,18.0,"09-03 20:24:03 🗓️ level wake seated OB(bull)·1h (HTF) invalidated: close 29523.00 below 29574.38 (noise 3.57) on ASIA 2026-09-03 — waking the planner (W6, 5th wake-up)."
2026-09-03 20:30:03,ASIA,skipped,min_interval,2026-09-03:ASIA v4,36.5,5.0,09-03 20:30:03 🗓️ level wake seated OB(bull)·1h (HTF) invalidated: close 29540.75 below 29574.38 (noise 3.34) on ASIA 2026-09-03 — SKIPPED: 6m elapsed < wake_min_interval_min (30m).
2026-09-03 20:32:02,ASIA,skipped,min_interval,2026-09-03:ASIA v4,38.5,5.0,09-03 20:32:02 🗓️ level wake seated OB(bull)·1h (HTF) invalidated: close 29540.75 below 29574.38 (noise 3.41) on ASIA 2026-09-03 — SKIPPED: 8m elapsed < wake_min_interval_min (30m).
