open_time_ms,ct,o,h,l,c,v
1788411600000,"2026-09-03 00:00:00",29207.75,29208.75,29205.0,29206.75,622.0
1788411660000,"2026-09-03 00:01:00",29206.75,29207.25,29189.75,29189.75,2330.0
1788411720000,"2026-09-03 00:02:00",29190.25,29193.75,29189.0,29190.25,810.0
1788411780000,"2026-09-03 00:03:00",29190.0,29190.5,29180.5,29182.5,1542.0
1788411840000,"2026-09-03 00:04:00",29182.25,29184.75,29176.5,29177.0,1143.0
1788411900000,"2026-09-03 00:05:00",29176.75,29179.25,29171.25,29177.25,1422.0
1788411960000,"2026-09-03 00:06:00",29177.0,29177.5,29167.75,29169.25,1312.0
1788412020000,"2026-09-03 00:07:00",29169.75,29172.25,29165.75,29169.0,814.0
1788412080000,"2026-09-03 00:08:00",29168.25,29169.0,29161.5,29166.0,1009.0
1788412140000,"2026-09-03 00:09:00",29166.25,29167.5,29156.75,29162.0,1504.0
1788412200000,"2026-09-03 00:10:00",29162.0,29168.0,29156.0,29158.0,1365.0
1788412260000,"2026-09-03 00:11:00",29157.5,29160.25,29153.0,29157.25,1086.0
1788412320000,"2026-09-03 00:12:00",29157.0,29161.25,29152.75,29153.0,926.0
1788412380000,"2026-09-03 00:13:00",29153.0,29158.25,29148.0,29152.5,1356.0
1788412440000,"2026-09-03 00:14:00",29152.5,29153.25,29141.0,29148.5,1836.0
1788412500000,"2026-09-03 00:15:00",29148.0,29149.25,29140.0,29144.75,1273.0
1788412560000,"2026-09-03 00:16:00",29144.5,29147.5,29135.0,29138.0,1616.0
1788412620000,"2026-09-03 00:17:00",29137.25,29140.25,29120.75,29125.75,3714.0
1788412680000,"2026-09-03 00:18:00",29126.25,29134.25,29116.5,29123.5,2897.0
1788412740000,"2026-09-03 00:19:00",29123.5,29124.25,29105.25,29110.25,2841.0
1788412800000,"2026-09-03 00:20:00",29109.75,29115.25,29100.75,29104.75,2230.0
1788412860000,"2026-09-03 00:21:00",29104.25,29107.75,29095.0,29099.5,2940.0
1788412920000,"2026-09-03 00:22:00",29099.5,29107.25,29086.0,29089.75,2417.0
1788412980000,"2026-09-03 00:23:00",29089.5,29092.5,29075.0,29090.75,3013.0
1788413040000,"2026-09-03 00:24:00",29090.5,29096.75,29082.0,29093.5,2251.0
1788413100000,"2026-09-03 00:25:00",29093.5,29107.0,29079.25,29080.5,2851.0
1788413160000,"2026-09-03 00:26:00",29080.5,29088.0,29079.25,29080.25,1156.0
1788413220000,"2026-09-03 00:27:00",29080.25,29090.75,29075.5,29087.75,1856.0
1788413280000,"2026-09-03 00:28:00",29089.0,29108.5,29086.25,29104.0,2242.0
1788413340000,"2026-09-03 00:29:00",29102.75,29110.75,29100.75,29103.0,1392.0
1788413400000,"2026-09-03 00:30:00",29103.0,29120.0,29101.0,29106.5,2908.0
1788413460000,"2026-09-03 00:31:00",29106.0,29112.5,29097.0,29104.5,2081.0
1788413520000,"2026-09-03 00:32:00",29104.75,29115.0,29104.0,29110.5,1109.0
1788413580000,"2026-09-03 00:33:00",29111.0,29124.0,29110.0,29121.5,1611.0
1788413640000,"2026-09-03 00:34:00",29121.25,29140.25,29121.0,29138.5,2373.0
1788413700000,"2026-09-03 00:35:00",29139.0,29142.75,29128.5,29129.75,2170.0
1788413760000,"2026-09-03 00:36:00",29129.5,29133.5,29118.25,29132.25,2184.0
1788413820000,"2026-09-03 00:37:00",29131.75,29141.0,29127.25,29135.0,1799.0
1788413880000,"2026-09-03 00:38:00",29135.25,29138.0,29131.25,29132.5,1015.0
1788413940000,"2026-09-03 00:39:00",29133.25,29148.75,29133.25,29138.0,2222.0
1788414000000,"2026-09-03 00:40:00",29138.0,29138.5,29122.5,29132.5,1662.0
1788414060000,"2026-09-03 00:41:00",29132.5,29140.5,29121.5,29139.0,1848.0
1788414120000,"2026-09-03 00:42:00",29139.25,29144.0,29134.25,29143.25,1343.0
1788414180000,"2026-09-03 00:43:00",29142.75,29145.5,29138.5,29141.75,828.0
1788414240000,"2026-09-03 00:44:00",29142.0,29152.5,29140.75,29142.25,1579.0
1788414300000,"2026-09-03 00:45:00",29142.0,29146.25,29138.75,29140.0,897.0
1788414360000,"2026-09-03 00:46:00",29140.25,29141.75,29134.0,29136.25,1239.0
1788414420000,"2026-09-03 00:47:00",29137.0,29153.0,29127.5,29152.25,1924.0
1788414480000,"2026-09-03 00:48:00",29152.25,29155.25,29147.5,29154.25,1257.0
1788414540000,"2026-09-03 00:49:00",29154.0,29169.75,29153.75,29169.75,1948.0
1788414600000,"2026-09-03 00:50:00",29169.25,29172.75,29163.75,29172.0,1350.0
1788414660000,"2026-09-03 00:51:00",29172.5,29180.5,29171.5,29180.5,1252.0
1788414720000,"2026-09-03 00:52:00",29180.0,29186.75,29179.5,29181.5,1693.0
1788414780000,"2026-09-03 00:53:00",29182.0,29188.5,29180.25,29185.75,1083.0
1788414840000,"2026-09-03 00:54:00",29185.75,29186.25,29168.5,29173.5,1867.0
1788414900000,"2026-09-03 00:55:00",29173.25,29179.75,29171.0,29173.75,786.0
1788414960000,"2026-09-03 00:56:00",29174.25,29186.75,29173.25,29186.25,1327.0
1788415020000,"2026-09-03 00:57:00",29186.0,29187.25,29180.0,29182.0,641.0
1788415080000,"2026-09-03 00:58:00",29182.0,29185.0,29180.5,29185.0,416.0
1788415140000,"2026-09-03 00:59:00",29184.25,29189.25,29183.25,29188.75,761.0
1788415200000,"2026-09-03 01:00:00",29188.5,29197.0,29183.0,29187.75,2044.0
1788415260000,"2026-09-03 01:01:00",29187.75,29188.25,29177.25,29179.0,1650.0
1788415320000,"2026-09-03 01:02:00",29179.25,29181.5,29174.25,29176.75,1045.0
1788415380000,"2026-09-03 01:03:00",29175.75,29182.75,29175.25,29181.5,871.0
1788415440000,"2026-09-03 01:04:00",29181.25,29198.0,29180.0,29192.25,1844.0
1788415500000,"2026-09-03 01:05:00",29191.75,29198.0,29189.0,29196.25,1033.0
1788415560000,"2026-09-03 01:06:00",29197.25,29204.25,29195.75,29196.75,1506.0
1788415620000,"2026-09-03 01:07:00",29196.5,29199.0,29185.5,29187.75,1007.0
1788415680000,"2026-09-03 01:08:00",29187.5,29192.5,29185.5,29188.5,610.0
1788415740000,"2026-09-03 01:09:00",29188.25,29188.75,29176.0,29176.75,877.0
1788415800000,"2026-09-03 01:10:00",29176.75,29177.5,29171.25,29173.75,1231.0
1788415860000,"2026-09-03 01:11:00",29174.5,29174.75,29163.75,29164.75,1215.0
1788415920000,"2026-09-03 01:12:00",29164.25,29176.5,29164.25,29175.25,1005.0
1788415980000,"2026-09-03 01:13:00",29175.5,29175.5,29163.0,29163.0,846.0
1788416040000,"2026-09-03 01:14:00",29163.0,29174.75,29162.5,29169.5,852.0
1788416100000,"2026-09-03 01:15:00",29169.0,29178.0,29167.5,29174.5,786.0
1788416160000,"2026-09-03 01:16:00",29174.5,29175.25,29166.75,29171.0,746.0
1788416220000,"2026-09-03 01:17:00",29170.5,29175.25,29169.25,29172.5,330.0
1788416280000,"2026-09-03 01:18:00",29174.25,29180.5,29171.75,29172.5,817.0
1788416340000,"2026-09-03 01:19:00",29172.25,29173.25,29167.5,29171.25,524.0
1788416400000,"2026-09-03 01:20:00",29171.0,29176.25,29169.0,29175.75,477.0
1788416460000,"2026-09-03 01:21:00",29175.5,29178.75,29168.25,29173.5,742.0
1788416520000,"2026-09-03 01:22:00",29174.25,29179.0,29172.75,29174.25,476.0
1788416580000,"2026-09-03 01:23:00",29174.25,29175.25,29171.0,29174.25,350.0
1788416640000,"2026-09-03 01:24:00",29174.0,29175.0,29164.0,29165.25,677.0
1788416700000,"2026-09-03 01:25:00",29166.0,29170.0,29160.5,29164.5,617.0
1788416760000,"2026-09-03 01:26:00",29164.75,29169.75,29163.25,29168.0,612.0
1788416820000,"2026-09-03 01:27:00",29168.75,29172.75,29168.0,29172.0,560.0
1788416880000,"2026-09-03 01:28:00",29171.5,29176.5,29166.25,29173.75,719.0
1788416940000,"2026-09-03 01:29:00",29174.25,29181.0,29169.25,29177.75,956.0
1788417000000,"2026-09-03 01:30:00",29177.5,29180.25,29166.0,29174.75,1920.0
1788417060000,"2026-09-03 01:31:00",29174.75,29188.25,29172.0,29184.75,970.0
1788417120000,"2026-09-03 01:32:00",29185.25,29186.25,29170.0,29171.0,911.0
1788417180000,"2026-09-03 01:33:00",29171.0,29175.0,29165.75,29172.0,831.0
1788417240000,"2026-09-03 01:34:00",29172.75,29180.75,29170.5,29180.25,486.0
1788417300000,"2026-09-03 01:35:00",29180.0,29184.0,29178.0,29182.75,628.0
1788417360000,"2026-09-03 01:36:00",29182.75,29183.5,29176.5,29178.25,353.0
1788417420000,"2026-09-03 01:37:00",29179.0,29186.5,29168.25,29169.5,961.0
1788417480000,"2026-09-03 01:38:00",29170.0,29172.75,29163.75,29169.75,923.0
1788417540000,"2026-09-03 01:39:00",29169.5,29183.0,29167.25,29176.25,774.0
1788417600000,"2026-09-03 01:40:00",29176.25,29182.25,29174.5,29177.75,519.0
1788417660000,"2026-09-03 01:41:00",29178.0,29185.0,29177.75,29179.25,584.0
1788417720000,"2026-09-03 01:42:00",29179.0,29181.0,29177.5,29178.5,304.0
1788417780000,"2026-09-03 01:43:00",29178.5,29184.0,29178.25,29182.25,347.0
1788417840000,"2026-09-03 01:44:00",29182.25,29183.75,29180.75,29181.5,235.0
1788417900000,"2026-09-03 01:45:00",29181.75,29183.0,29175.75,29179.5,455.0
1788417960000,"2026-09-03 01:46:00",29180.0,29182.25,29172.5,29173.5,408.0
1788418020000,"2026-09-03 01:47:00",29174.0,29174.5,29171.0,29172.0,320.0
1788418080000,"2026-09-03 01:48:00",29172.0,29173.75,29169.0,29171.0,436.0
1788418140000,"2026-09-03 01:49:00",29171.5,29176.25,29171.25,29175.0,350.0
1788418200000,"2026-09-03 01:50:00",29174.5,29175.0,29165.5,29170.0,464.0
1788418260000,"2026-09-03 01:51:00",29169.0,29173.0,29166.25,29170.75,312.0
1788418320000,"2026-09-03 01:52:00",29170.75,29171.5,29168.5,29170.25,205.0
1788418380000,"2026-09-03 01:53:00",29170.25,29171.25,29168.0,29168.5,222.0
1788418440000,"2026-09-03 01:54:00",29168.25,29174.0,29167.0,29167.75,289.0
1788418500000,"2026-09-03 01:55:00",29168.0,29169.25,29165.25,29166.0,379.0
1788418560000,"2026-09-03 01:56:00",29166.25,29169.25,29164.25,29165.75,270.0
1788418620000,"2026-09-03 01:57:00",29165.75,29166.5,29161.25,29163.0,464.0
1788418680000,"2026-09-03 01:58:00",29163.0,29165.5,29158.25,29164.25,579.0
1788418740000,"2026-09-03 01:59:00",29164.25,29176.75,29164.25,29173.5,843.0
1788418800000,"2026-09-03 02:00:00",29173.25,29193.0,29159.25,29191.5,2517.0
1788418860000,"2026-09-03 02:01:00",29191.0,29191.25,29174.25,29176.75,1342.0
1788418920000,"2026-09-03 02:02:00",29178.0,29193.5,29174.5,29193.25,1024.0
1788418980000,"2026-09-03 02:03:00",29193.75,29200.0,29184.75,29190.75,1233.0
1788419040000,"2026-09-03 02:04:00",29190.5,29207.0,29190.25,29206.5,1474.0
1788419100000,"2026-09-03 02:05:00",29206.25,29233.25,29206.0,29224.0,2806.0
1788419160000,"2026-09-03 02:06:00",29223.5,29223.5,29201.0,29212.0,1801.0
1788419220000,"2026-09-03 02:07:00",29211.75,29213.0,29197.75,29199.75,952.0
1788419280000,"2026-09-03 02:08:00",29199.0,29205.0,29194.0,29194.5,881.0
1788419340000,"2026-09-03 02:09:00",29194.0,29203.75,29193.25,29196.0,809.0
1788419400000,"2026-09-03 02:10:00",29195.75,29200.25,29189.0,29195.25,1130.0
1788419460000,"2026-09-03 02:11:00",29196.0,29204.25,29195.5,29199.25,506.0
1788419520000,"2026-09-03 02:12:00",29199.0,29203.75,29191.0,29194.0,389.0
1788419580000,"2026-09-03 02:13:00",29194.25,29205.0,29191.25,29201.75,397.0
1788419640000,"2026-09-03 02:14:00",29201.5,29205.5,29201.0,29205.25,292.0
1788419700000,"2026-09-03 02:15:00",29204.25,29205.75,29193.25,29200.25,434.0
1788419760000,"2026-09-03 02:16:00",29201.5,29207.5,29196.75,29199.5,407.0
1788419820000,"2026-09-03 02:17:00",29199.0,29205.0,29193.5,29197.0,320.0
1788419880000,"2026-09-03 02:18:00",29197.25,29204.25,29194.75,29201.5,246.0
1788419940000,"2026-09-03 02:19:00",29201.0,29206.0,29199.5,29203.75,307.0
1788420000000,"2026-09-03 02:20:00",29201.75,29207.25,29199.75,29205.5,376.0
1788420060000,"2026-09-03 02:21:00",29205.0,29210.0,29202.25,29207.75,429.0
1788420120000,"2026-09-03 02:22:00",29208.0,29210.0,29203.25,29208.0,341.0
1788420180000,"2026-09-03 02:23:00",29208.0,29211.75,29206.25,29210.5,416.0
1788420240000,"2026-09-03 02:24:00",29211.0,29211.0,29205.75,29207.0,220.0
1788420300000,"2026-09-03 02:25:00",29207.5,29207.75,29184.5,29185.0,1280.0
1788420360000,"2026-09-03 02:26:00",29184.0,29188.0,29179.25,29182.5,1155.0
1788420420000,"2026-09-03 02:27:00",29183.25,29201.75,29182.0,29196.5,1089.0
1788420480000,"2026-09-03 02:28:00",29196.75,29211.25,29196.5,29208.75,976.0
1788420540000,"2026-09-03 02:29:00",29208.75,29210.75,29198.75,29202.75,639.0
1788420600000,"2026-09-03 02:30:00",29202.75,29207.0,29192.0,29197.25,1198.0
1788420660000,"2026-09-03 02:31:00",29197.0,29200.5,29194.25,29199.75,473.0
1788420720000,"2026-09-03 02:32:00",29200.25,29209.75,29198.75,29208.75,471.0
1788420780000,"2026-09-03 02:33:00",29209.5,29215.25,29206.75,29210.25,887.0
1788420840000,"2026-09-03 02:34:00",29209.75,29216.5,29208.25,29216.0,554.0
1788420900000,"2026-09-03 02:35:00",29215.75,29221.25,29201.5,29202.25,1144.0
1788420960000,"2026-09-03 02:36:00",29202.75,29212.25,29200.75,29203.5,591.0
1788421020000,"2026-09-03 02:37:00",29204.25,29207.0,29201.5,29204.0,362.0
1788421080000,"2026-09-03 02:38:00",29202.75,29214.25,29202.25,29213.25,341.0
1788421140000,"2026-09-03 02:39:00",29213.5,29228.5,29212.75,29227.75,948.0
1788421200000,"2026-09-03 02:40:00",29227.25,29235.0,29221.5,29234.75,1095.0
1788421260000,"2026-09-03 02:41:00",29234.25,29241.0,29231.25,29240.75,962.0
1788421320000,"2026-09-03 02:42:00",29240.5,29242.5,29237.0,29239.25,537.0
1788421380000,"2026-09-03 02:43:00",29240.0,29245.75,29238.0,29242.5,670.0
1788421440000,"2026-09-03 02:44:00",29242.0,29244.5,29238.75,29240.75,470.0
1788421500000,"2026-09-03 02:45:00",29240.5,29241.5,29223.0,29223.0,1110.0
1788421560000,"2026-09-03 02:46:00",29223.5,29229.75,29219.0,29223.5,857.0
1788421620000,"2026-09-03 02:47:00",29224.5,29225.0,29207.0,29209.5,1164.0
1788421680000,"2026-09-03 02:48:00",29208.75,29210.0,29199.25,29201.75,753.0
1788421740000,"2026-09-03 02:49:00",29201.25,29203.0,29191.5,29194.25,878.0
1788421800000,"2026-09-03 02:50:00",29193.75,29198.0,29187.5,29187.5,878.0
1788421860000,"2026-09-03 02:51:00",29187.5,29192.25,29183.0,29189.0,801.0
1788421920000,"2026-09-03 02:52:00",29189.0,29206.75,29187.75,29206.25,851.0
1788421980000,"2026-09-03 02:53:00",29206.5,29212.0,29204.5,29209.75,802.0
1788422040000,"2026-09-03 02:54:00",29209.5,29223.5,29208.0,29222.25,797.0
1788422100000,"2026-09-03 02:55:00",29222.0,29222.75,29209.5,29213.5,582.0
1788422160000,"2026-09-03 02:56:00",29213.0,29221.25,29211.75,29215.75,482.0
1788422220000,"2026-09-03 02:57:00",29215.25,29223.75,29215.25,29217.75,463.0
1788422280000,"2026-09-03 02:58:00",29216.5,29224.0,29215.75,29221.5,309.0
1788422340000,"2026-09-03 02:59:00",29221.25,29222.25,29216.75,29220.25,259.0
1788422400000,"2026-09-03 03:00:00",29219.75,29247.5,29218.75,29244.5,2507.0
1788422460000,"2026-09-03 03:01:00",29245.5,29251.25,29236.25,29236.5,1434.0
1788422520000,"2026-09-03 03:02:00",29236.25,29238.0,29219.25,29219.75,1172.0
1788422580000,"2026-09-03 03:03:00",29220.5,29272.25,29212.75,29270.75,7000.0
1788422640000,"2026-09-03 03:04:00",29269.75,29279.0,29254.25,29257.0,2459.0
1788422700000,"2026-09-03 03:05:00",29257.75,29281.25,29257.75,29264.0,2910.0
1788422760000,"2026-09-03 03:06:00",29264.5,29283.5,29256.0,29277.5,2690.0
1788422820000,"2026-09-03 03:07:00",29278.25,29293.0,29273.75,29288.75,2027.0
1788422880000,"2026-09-03 03:08:00",29289.5,29291.0,29268.75,29270.25,1223.0
1788422940000,"2026-09-03 03:09:00",29269.5,29272.25,29240.5,29245.5,1921.0
1788423000000,"2026-09-03 03:10:00",29244.75,29255.25,29244.0,29255.25,1009.0
1788423060000,"2026-09-03 03:11:00",29254.5,29266.5,29250.75,29259.5,1428.0
1788423120000,"2026-09-03 03:12:00",29260.25,29261.75,29242.75,29245.5,1531.0
1788423180000,"2026-09-03 03:13:00",29246.25,29256.5,29242.25,29245.0,930.0
1788423240000,"2026-09-03 03:14:00",29244.25,29254.25,29240.5,29247.0,776.0
1788423300000,"2026-09-03 03:15:00",29247.0,29250.0,29241.75,29242.5,757.0
1788423360000,"2026-09-03 03:16:00",29241.5,29250.5,29238.5,29241.75,1341.0
1788423420000,"2026-09-03 03:17:00",29242.25,29250.0,29241.25,29242.0,751.0
1788423480000,"2026-09-03 03:18:00",29242.25,29243.25,29233.25,29237.0,794.0
1788423540000,"2026-09-03 03:19:00",29237.0,29249.0,29236.0,29247.0,669.0
1788423600000,"2026-09-03 03:20:00",29247.25,29253.5,29244.5,29252.5,533.0
1788423660000,"2026-09-03 03:21:00",29252.0,29253.5,29245.75,29247.75,500.0
1788423720000,"2026-09-03 03:22:00",29247.0,29249.5,29240.25,29245.5,665.0
1788423780000,"2026-09-03 03:23:00",29245.0,29248.75,29232.0,29237.75,683.0
1788423840000,"2026-09-03 03:24:00",29237.75,29242.5,29235.5,29241.75,441.0
1788423900000,"2026-09-03 03:25:00",29239.5,29248.25,29239.25,29242.0,547.0
1788423960000,"2026-09-03 03:26:00",29242.0,29249.0,29241.5,29243.75,445.0
1788424020000,"2026-09-03 03:27:00",29243.5,29264.0,29242.75,29261.0,1091.0
1788424080000,"2026-09-03 03:28:00",29261.25,29263.0,29238.25,29243.0,955.0
1788424140000,"2026-09-03 03:29:00",29244.0,29260.75,29242.25,29257.5,947.0
1788424200000,"2026-09-03 03:30:00",29256.25,29256.75,29239.0,29251.25,863.0
1788424260000,"2026-09-03 03:31:00",29252.0,29252.75,29240.5,29242.5,553.0
1788424320000,"2026-09-03 03:32:00",29243.25,29250.75,29239.75,29249.5,639.0
1788424380000,"2026-09-03 03:33:00",29249.25,29253.0,29242.0,29247.75,496.0
1788424440000,"2026-09-03 03:34:00",29248.25,29252.0,29242.5,29242.75,464.0
1788424500000,"2026-09-03 03:35:00",29243.5,29247.5,29242.25,29246.0,372.0
1788424560000,"2026-09-03 03:36:00",29245.75,29250.0,29239.0,29242.75,524.0
1788424620000,"2026-09-03 03:37:00",29243.0,29249.5,29242.25,29249.5,376.0
1788424680000,"2026-09-03 03:38:00",29249.25,29251.75,29237.25,29240.25,492.0
1788424740000,"2026-09-03 03:39:00",29240.25,29240.5,29227.75,29228.5,881.0
1788424800000,"2026-09-03 03:40:00",29228.0,29237.75,29227.25,29233.75,611.0
1788424860000,"2026-09-03 03:41:00",29234.25,29238.5,29230.75,29236.5,310.0
1788424920000,"2026-09-03 03:42:00",29236.5,29238.0,29230.25,29232.25,310.0
1788424980000,"2026-09-03 03:43:00",29231.75,29233.75,29229.0,29230.75,236.0
1788425040000,"2026-09-03 03:44:00",29231.5,29234.25,29226.25,29227.0,373.0
1788425100000,"2026-09-03 03:45:00",29227.75,29233.75,29227.75,29233.5,311.0
1788425160000,"2026-09-03 03:46:00",29233.0,29235.5,29230.75,29233.5,329.0
1788425220000,"2026-09-03 03:47:00",29233.25,29235.5,29231.75,29232.0,186.0
1788425280000,"2026-09-03 03:48:00",29231.75,29232.75,29223.25,29223.25,444.0
1788425340000,"2026-09-03 03:49:00",29224.0,29234.25,29224.0,29233.75,538.0
1788425400000,"2026-09-03 03:50:00",29233.5,29233.75,29227.25,29227.5,290.0
1788425460000,"2026-09-03 03:51:00",29227.5,29227.5,29216.75,29218.0,735.0
1788425520000,"2026-09-03 03:52:00",29218.0,29225.25,29215.25,29223.75,570.0
1788425580000,"2026-09-03 03:53:00",29223.5,29226.75,29220.25,29225.25,220.0
1788425640000,"2026-09-03 03:54:00",29224.75,29229.5,29222.5,29226.25,317.0
1788425700000,"2026-09-03 03:55:00",29225.75,29228.0,29223.0,29223.0,236.0
1788425760000,"2026-09-03 03:56:00",29223.25,29229.25,29220.0,29221.75,385.0
1788425820000,"2026-09-03 03:57:00",29221.5,29227.5,29221.0,29225.5,272.0
1788425880000,"2026-09-03 03:58:00",29225.0,29225.5,29223.0,29225.5,106.0
1788425940000,"2026-09-03 03:59:00",29225.0,29225.0,29214.0,29216.75,492.0
1788426000000,"2026-09-03 04:00:00",29217.5,29224.75,29215.5,29219.5,585.0
1788426060000,"2026-09-03 04:01:00",29219.5,29222.25,29214.0,29216.5,540.0
1788426120000,"2026-09-03 04:02:00",29216.25,29224.25,29215.75,29215.75,402.0
1788426180000,"2026-09-03 04:03:00",29216.75,29219.0,29212.75,29217.25,347.0
1788426240000,"2026-09-03 04:04:00",29218.75,29220.75,29213.75,29218.5,286.0
1788426300000,"2026-09-03 04:05:00",29219.25,29220.0,29213.25,29218.25,217.0
1788426360000,"2026-09-03 04:06:00",29216.75,29219.0,29210.75,29218.0,402.0
1788426420000,"2026-09-03 04:07:00",29217.75,29221.5,29217.75,29220.25,190.0
1788426480000,"2026-09-03 04:08:00",29220.25,29222.75,29217.5,29218.0,372.0
1788426540000,"2026-09-03 04:09:00",29218.5,29221.75,29217.0,29219.5,226.0
1788426600000,"2026-09-03 04:10:00",29219.75,29221.5,29216.25,29220.25,282.0
1788426660000,"2026-09-03 04:11:00",29219.0,29222.25,29216.0,29221.75,253.0
1788426720000,"2026-09-03 04:12:00",29221.25,29221.25,29215.25,29217.5,321.0
1788426780000,"2026-09-03 04:13:00",29216.75,29217.0,29212.0,29216.5,408.0
1788426840000,"2026-09-03 04:14:00",29215.75,29226.0,29214.0,29223.0,513.0
1788426900000,"2026-09-03 04:15:00",29223.5,29224.0,29216.25,29221.0,232.0
1788426960000,"2026-09-03 04:16:00",29220.5,29223.5,29213.5,29221.25,392.0
1788427020000,"2026-09-03 04:17:00",29221.75,29223.5,29218.0,29222.75,177.0
1788427080000,"2026-09-03 04:18:00",29222.5,29223.25,29219.75,29221.75,207.0
1788427140000,"2026-09-03 04:19:00",29221.25,29221.25,29205.0,29212.25,891.0
1788427200000,"2026-09-03 04:20:00",29212.0,29216.75,29206.25,29208.5,521.0
1788427260000,"2026-09-03 04:21:00",29208.75,29210.75,29193.5,29197.5,1265.0
1788427320000,"2026-09-03 04:22:00",29197.75,29200.5,29194.25,29194.75,603.0
1788427380000,"2026-09-03 04:23:00",29194.75,29201.5,29194.75,29200.0,393.0
1788427440000,"2026-09-03 04:24:00",29199.5,29206.0,29196.25,29197.25,492.0
1788427500000,"2026-09-03 04:25:00",29196.5,29198.25,29189.0,29191.75,683.0
1788427560000,"2026-09-03 04:26:00",29191.5,29203.0,29188.75,29201.0,503.0
1788427620000,"2026-09-03 04:27:00",29200.75,29201.5,29194.0,29197.25,308.0
1788427680000,"2026-09-03 04:28:00",29196.5,29198.25,29191.0,29192.25,300.0
1788427740000,"2026-09-03 04:29:00",29192.75,29194.25,29187.75,29187.75,336.0
1788427800000,"2026-09-03 04:30:00",29187.5,29197.5,29187.25,29188.0,525.0
1788427860000,"2026-09-03 04:31:00",29188.75,29195.0,29181.75,29185.0,586.0
1788427920000,"2026-09-03 04:32:00",29185.25,29187.25,29179.5,29186.5,738.0
1788427980000,"2026-09-03 04:33:00",29186.75,29193.25,29184.5,29192.0,509.0
1788428040000,"2026-09-03 04:34:00",29192.0,29198.75,29187.0,29188.5,536.0
1788428100000,"2026-09-03 04:35:00",29188.75,29190.5,29178.75,29187.5,568.0
1788428160000,"2026-09-03 04:36:00",29187.0,29187.0,29177.5,29179.25,427.0
1788428220000,"2026-09-03 04:37:00",29179.25,29180.25,29173.75,29178.0,629.0
1788428280000,"2026-09-03 04:38:00",29177.75,29182.0,29177.0,29180.75,372.0
1788428340000,"2026-09-03 04:39:00",29180.5,29182.5,29174.75,29178.75,469.0
1788428400000,"2026-09-03 04:40:00",29178.25,29179.25,29169.0,29172.25,748.0
1788428460000,"2026-09-03 04:41:00",29171.75,29178.5,29171.75,29176.25,463.0
1788428520000,"2026-09-03 04:42:00",29176.0,29177.25,29171.25,29173.0,430.0
1788428580000,"2026-09-03 04:43:00",29172.25,29177.75,29171.25,29173.25,320.0
1788428640000,"2026-09-03 04:44:00",29173.0,29177.25,29169.75,29177.25,478.0
1788428700000,"2026-09-03 04:45:00",29177.0,29177.0,29166.5,29170.25,606.0
1788428760000,"2026-09-03 04:46:00",29170.0,29173.75,29169.5,29171.75,404.0
1788428820000,"2026-09-03 04:47:00",29171.75,29175.0,29161.25,29162.75,695.0
1788428880000,"2026-09-03 04:48:00",29162.75,29170.25,29162.75,29168.5,415.0
1788428940000,"2026-09-03 04:49:00",29168.75,29169.25,29149.5,29154.25,1752.0
1788429000000,"2026-09-03 04:50:00",29154.25,29166.25,29153.0,29161.75,1002.0
1788429060000,"2026-09-03 04:51:00",29162.0,29164.5,29156.0,29164.25,733.0
1788429120000,"2026-09-03 04:52:00",29164.0,29166.0,29159.0,29161.0,417.0
1788429180000,"2026-09-03 04:53:00",29160.5,29162.0,29148.5,29151.25,1024.0
1788429240000,"2026-09-03 04:54:00",29151.0,29155.75,29147.5,29147.75,632.0
1788429300000,"2026-09-03 04:55:00",29148.5,29150.25,29138.25,29145.0,1290.0
1788429360000,"2026-09-03 04:56:00",29144.75,29145.0,29139.25,29140.75,512.0
1788429420000,"2026-09-03 04:57:00",29142.25,29146.75,29140.75,29146.25,452.0
1788429480000,"2026-09-03 04:58:00",29146.0,29149.0,29127.0,29131.5,2096.0
1788429540000,"2026-09-03 04:59:00",29131.75,29141.25,29131.75,29137.0,765.0
1788429600000,"2026-09-03 05:00:00",29138.0,29147.75,29135.0,29138.25,1023.0
1788429660000,"2026-09-03 05:01:00",29138.0,29154.0,29137.5,29152.0,1032.0
1788429720000,"2026-09-03 05:02:00",29152.75,29154.0,29147.25,29150.25,623.0
1788429780000,"2026-09-03 05:03:00",29150.25,29151.25,29145.0,29149.5,479.0
1788429840000,"2026-09-03 05:04:00",29149.75,29153.25,29142.5,29149.75,738.0
1788429900000,"2026-09-03 05:05:00",29149.5,29159.25,29149.25,29153.25,894.0
1788429960000,"2026-09-03 05:06:00",29153.0,29155.0,29147.75,29148.25,553.0
1788430020000,"2026-09-03 05:07:00",29148.0,29155.5,29144.75,29152.25,481.0
1788430080000,"2026-09-03 05:08:00",29152.75,29154.5,29145.5,29149.75,466.0
1788430140000,"2026-09-03 05:09:00",29149.75,29149.75,29140.75,29142.25,610.0
1788430200000,"2026-09-03 05:10:00",29141.75,29144.0,29138.5,29142.5,643.0
1788430260000,"2026-09-03 05:11:00",29141.75,29144.0,29135.5,29136.75,687.0
1788430320000,"2026-09-03 05:12:00",29137.25,29142.75,29124.75,29128.0,1243.0
1788430380000,"2026-09-03 05:13:00",29128.25,29131.75,29122.75,29124.25,912.0
1788430440000,"2026-09-03 05:14:00",29123.5,29127.0,29120.0,29125.0,1128.0
1788430500000,"2026-09-03 05:15:00",29125.0,29133.25,29124.25,29131.5,776.0
1788430560000,"2026-09-03 05:16:00",29131.0,29131.5,29123.0,29127.25,581.0
1788430620000,"2026-09-03 05:17:00",29127.0,29133.0,29120.75,29127.75,645.0
1788430680000,"2026-09-03 05:18:00",29127.75,29134.75,29126.75,29133.0,423.0
1788430740000,"2026-09-03 05:19:00",29133.0,29133.0,29123.0,29128.0,608.0
1788430800000,"2026-09-03 05:20:00",29129.25,29130.25,29125.75,29128.75,194.0
1788430860000,"2026-09-03 05:21:00",29128.25,29131.75,29123.25,29129.0,462.0
1788430920000,"2026-09-03 05:22:00",29128.75,29130.5,29126.25,29127.25,257.0
1788430980000,"2026-09-03 05:23:00",29126.25,29129.25,29124.75,29126.75,221.0
1788431040000,"2026-09-03 05:24:00",29128.0,29128.75,29121.5,29122.75,424.0
1788431100000,"2026-09-03 05:25:00",29122.25,29129.5,29122.25,29125.75,374.0
1788431160000,"2026-09-03 05:26:00",29127.5,29133.75,29126.0,29133.0,460.0
1788431220000,"2026-09-03 05:27:00",29132.25,29133.25,29125.75,29127.75,410.0
1788431280000,"2026-09-03 05:28:00",29128.75,29130.0,29119.25,29121.5,551.0
1788431340000,"2026-09-03 05:29:00",29121.75,29130.0,29118.75,29127.75,588.0
1788431400000,"2026-09-03 05:30:00",29127.75,29130.25,29122.25,29128.5,387.0
1788431460000,"2026-09-03 05:31:00",29127.25,29128.5,29125.25,29126.75,186.0
1788431520000,"2026-09-03 05:32:00",29126.5,29133.0,29124.75,29126.75,513.0
1788431580000,"2026-09-03 05:33:00",29126.25,29140.75,29126.25,29132.5,627.0
1788431640000,"2026-09-03 05:34:00",29133.25,29134.5,29117.5,29121.0,1092.0
1788431700000,"2026-09-03 05:35:00",29121.5,29126.25,29118.25,29118.75,645.0
1788431760000,"2026-09-03 05:36:00",29119.0,29121.0,29113.25,29113.5,702.0
1788431820000,"2026-09-03 05:37:00",29114.0,29117.75,29105.5,29114.75,1146.0
1788431880000,"2026-09-03 05:38:00",29114.5,29119.5,29112.0,29115.0,714.0
1788431940000,"2026-09-03 05:39:00",29115.75,29125.0,29115.75,29120.25,752.0
1788432000000,"2026-09-03 05:40:00",29120.5,29122.5,29118.0,29120.25,342.0
1788432060000,"2026-09-03 05:41:00",29120.0,29132.0,29117.5,29126.75,842.0
1788432120000,"2026-09-03 05:42:00",29127.5,29130.25,29122.0,29123.5,505.0
1788432180000,"2026-09-03 05:43:00",29124.25,29127.5,29124.0,29126.75,273.0
1788432240000,"2026-09-03 05:44:00",29127.25,29134.5,29126.5,29128.25,543.0
1788432300000,"2026-09-03 05:45:00",29128.75,29129.0,29121.25,29125.5,569.0
1788432360000,"2026-09-03 05:46:00",29125.75,29126.5,29119.25,29121.75,477.0
1788432420000,"2026-09-03 05:47:00",29121.5,29127.0,29121.5,29127.0,367.0
1788432480000,"2026-09-03 05:48:00",29126.25,29128.0,29112.25,29114.75,754.0
1788432540000,"2026-09-03 05:49:00",29114.0,29117.25,29107.5,29110.5,632.0
1788432600000,"2026-09-03 05:50:00",29109.75,29117.0,29108.5,29114.75,556.0
1788432660000,"2026-09-03 05:51:00",29115.0,29118.25,29109.75,29117.75,383.0
1788432720000,"2026-09-03 05:52:00",29118.0,29122.75,29116.75,29122.0,533.0
1788432780000,"2026-09-03 05:53:00",29121.5,29130.75,29121.5,29124.25,836.0
1788432840000,"2026-09-03 05:54:00",29123.5,29124.5,29120.5,29124.5,391.0
1788432900000,"2026-09-03 05:55:00",29124.25,29126.75,29122.0,29125.75,343.0
1788432960000,"2026-09-03 05:56:00",29125.25,29127.25,29118.25,29122.25,616.0
1788433020000,"2026-09-03 05:57:00",29122.25,29130.25,29114.75,29117.0,971.0
1788433080000,"2026-09-03 05:58:00",29116.75,29119.5,29114.75,29117.0,402.0
1788433140000,"2026-09-03 05:59:00",29118.0,29128.75,29116.75,29128.75,511.0
1788433200000,"2026-09-03 06:00:00",29129.0,29140.25,29118.0,29119.25,1990.0
1788433260000,"2026-09-03 06:01:00",29118.5,29120.75,29106.0,29119.5,1424.0
1788433320000,"2026-09-03 06:02:00",29119.5,29122.5,29116.75,29116.75,599.0
1788433380000,"2026-09-03 06:03:00",29116.75,29129.75,29115.5,29127.75,840.0
1788433440000,"2026-09-03 06:04:00",29127.5,29140.25,29124.25,29139.25,1230.0
1788433500000,"2026-09-03 06:05:00",29139.75,29151.5,29137.0,29150.25,1511.0
1788433560000,"2026-09-03 06:06:00",29149.75,29156.0,29147.0,29150.5,1146.0
1788433620000,"2026-09-03 06:07:00",29150.75,29153.75,29146.25,29147.5,717.0
1788433680000,"2026-09-03 06:08:00",29148.0,29171.25,29145.0,29161.0,1947.0
1788433740000,"2026-09-03 06:09:00",29161.0,29166.25,29158.5,29164.5,1183.0
1788433800000,"2026-09-03 06:10:00",29163.5,29167.0,29160.75,29162.5,721.0
1788433860000,"2026-09-03 06:11:00",29162.5,29167.5,29154.25,29154.75,820.0
1788433920000,"2026-09-03 06:12:00",29155.75,29163.25,29154.0,29160.5,583.0
1788433980000,"2026-09-03 06:13:00",29160.25,29165.75,29159.25,29163.25,572.0
1788434040000,"2026-09-03 06:14:00",29162.5,29165.0,29160.75,29164.0,330.0
1788434100000,"2026-09-03 06:15:00",29164.0,29175.0,29162.5,29170.0,1113.0
1788434160000,"2026-09-03 06:16:00",29170.0,29175.0,29167.75,29173.75,682.0
1788434220000,"2026-09-03 06:17:00",29173.75,29174.25,29166.75,29168.75,554.0
1788434280000,"2026-09-03 06:18:00",29167.75,29187.25,29161.5,29172.5,2146.0
1788434340000,"2026-09-03 06:19:00",29171.75,29172.5,29166.0,29167.0,622.0
1788434400000,"2026-09-03 06:20:00",29167.25,29168.25,29158.0,29158.75,655.0
1788434460000,"2026-09-03 06:21:00",29159.5,29163.25,29157.0,29160.25,850.0
1788434520000,"2026-09-03 06:22:00",29161.75,29162.25,29157.75,29159.25,399.0
1788434580000,"2026-09-03 06:23:00",29160.0,29162.25,29156.5,29159.5,418.0
1788434640000,"2026-09-03 06:24:00",29159.0,29174.75,29158.75,29174.25,862.0
1788434700000,"2026-09-03 06:25:00",29174.0,29176.25,29170.0,29174.25,605.0
1788434760000,"2026-09-03 06:26:00",29173.75,29179.25,29170.25,29171.25,537.0
1788434820000,"2026-09-03 06:27:00",29171.25,29173.75,29164.5,29164.5,354.0
1788434880000,"2026-09-03 06:28:00",29164.25,29165.25,29158.5,29163.5,572.0
1788434940000,"2026-09-03 06:29:00",29163.5,29169.25,29161.75,29166.75,324.0
1788435000000,"2026-09-03 06:30:00",29167.25,29174.0,29157.75,29159.25,787.0
1788435060000,"2026-09-03 06:31:00",29160.75,29164.0,29111.0,29146.0,4027.0
1788435120000,"2026-09-03 06:32:00",29145.75,29158.75,29143.75,29156.75,1049.0
1788435180000,"2026-09-03 06:33:00",29157.75,29171.75,29157.0,29170.5,1097.0
1788435240000,"2026-09-03 06:34:00",29170.75,29171.5,29165.0,29167.75,529.0
1788435300000,"2026-09-03 06:35:00",29168.0,29168.5,29161.75,29163.25,354.0
1788435360000,"2026-09-03 06:36:00",29164.0,29166.5,29158.5,29163.25,577.0
1788435420000,"2026-09-03 06:37:00",29163.25,29165.5,29154.0,29158.5,686.0
1788435480000,"2026-09-03 06:38:00",29158.25,29159.5,29148.0,29152.5,995.0
1788435540000,"2026-09-03 06:39:00",29151.75,29154.75,29143.75,29144.5,793.0
1788435600000,"2026-09-03 06:40:00",29143.5,29147.25,29137.25,29144.25,1165.0
1788435660000,"2026-09-03 06:41:00",29145.0,29146.0,29135.5,29139.75,673.0
1788435720000,"2026-09-03 06:42:00",29139.5,29148.25,29139.0,29145.75,679.0
1788435780000,"2026-09-03 06:43:00",29145.5,29150.75,29145.0,29148.25,511.0
1788435840000,"2026-09-03 06:44:00",29148.5,29149.5,29140.5,29141.75,440.0
1788435900000,"2026-09-03 06:45:00",29142.25,29143.75,29132.75,29138.5,943.0
1788435960000,"2026-09-03 06:46:00",29139.25,29142.0,29130.25,29134.5,694.0
1788436020000,"2026-09-03 06:47:00",29134.5,29134.5,29126.0,29126.5,787.0
1788436080000,"2026-09-03 06:48:00",29126.0,29126.75,29108.75,29112.25,2212.0
1788436140000,"2026-09-03 06:49:00",29111.75,29112.75,29103.5,29105.75,1301.0
1788436200000,"2026-09-03 06:50:00",29105.5,29116.0,29105.0,29109.75,1231.0
1788436260000,"2026-09-03 06:51:00",29109.5,29112.0,29103.5,29109.0,722.0
1788436320000,"2026-09-03 06:52:00",29109.25,29115.25,29102.75,29114.5,1147.0
1788436380000,"2026-09-03 06:53:00",29114.0,29114.75,29104.5,29106.0,849.0
1788436440000,"2026-09-03 06:54:00",29106.75,29109.0,29105.25,29106.5,377.0
1788436500000,"2026-09-03 06:55:00",29106.5,29114.25,29104.25,29109.25,903.0
1788436560000,"2026-09-03 06:56:00",29109.0,29112.25,29107.25,29109.5,361.0
1788436620000,"2026-09-03 06:57:00",29109.0,29112.0,29103.5,29109.5,687.0
1788436680000,"2026-09-03 06:58:00",29109.5,29115.0,29109.0,29112.25,548.0
1788436740000,"2026-09-03 06:59:00",29112.5,29113.25,29101.75,29105.25,862.0
1788436800000,"2026-09-03 07:00:00",29105.25,29113.25,29104.5,29112.0,889.0
1788436860000,"2026-09-03 07:01:00",29112.75,29118.5,29104.0,29118.5,1360.0
1788436920000,"2026-09-03 07:02:00",29118.25,29129.5,29117.5,29129.5,1293.0
1788436980000,"2026-09-03 07:03:00",29129.0,29132.25,29124.25,29126.75,1049.0
1788437040000,"2026-09-03 07:04:00",29127.0,29132.0,29112.0,29126.75,2263.0
1788437100000,"2026-09-03 07:05:00",29126.75,29131.0,29126.0,29127.5,526.0
1788437160000,"2026-09-03 07:06:00",29127.75,29130.0,29124.25,29128.0,452.0
1788437220000,"2026-09-03 07:07:00",29127.5,29130.25,29126.25,29127.75,311.0
1788437280000,"2026-09-03 07:08:00",29128.25,29134.5,29126.75,29131.25,871.0
1788437340000,"2026-09-03 07:09:00",29131.25,29134.75,29123.75,29132.25,646.0
1788437400000,"2026-09-03 07:10:00",29131.75,29147.25,29130.75,29144.0,1535.0
1788437460000,"2026-09-03 07:11:00",29144.5,29145.5,29137.0,29138.0,919.0
1788437520000,"2026-09-03 07:12:00",29137.75,29139.5,29129.5,29131.0,923.0
1788437580000,"2026-09-03 07:13:00",29131.75,29135.25,29121.0,29132.0,1271.0
1788437640000,"2026-09-03 07:14:00",29132.0,29132.0,29124.0,29124.25,585.0
1788437700000,"2026-09-03 07:15:00",29124.75,29127.0,29119.5,29123.5,650.0
1788437760000,"2026-09-03 07:16:00",29123.5,29131.0,29116.5,29124.0,1194.0
1788437820000,"2026-09-03 07:17:00",29124.0,29124.25,29120.75,29123.0,373.0
1788437880000,"2026-09-03 07:18:00",29123.5,29124.75,29115.0,29115.0,935.0
1788437940000,"2026-09-03 07:19:00",29114.5,29117.0,29111.5,29112.25,629.0
1788438000000,"2026-09-03 07:20:00",29113.5,29117.5,29106.0,29109.25,1262.0
1788438060000,"2026-09-03 07:21:00",29109.5,29118.25,29105.5,29116.75,1129.0
1788438120000,"2026-09-03 07:22:00",29116.25,29121.25,29112.0,29120.25,781.0
1788438180000,"2026-09-03 07:23:00",29120.75,29132.25,29120.0,29128.5,1304.0
1788438240000,"2026-09-03 07:24:00",29128.75,29140.25,29128.5,29135.0,1054.0
1788438300000,"2026-09-03 07:25:00",29134.5,29135.0,29127.5,29133.5,872.0
1788438360000,"2026-09-03 07:26:00",29133.5,29150.25,29131.25,29150.25,1171.0
1788438420000,"2026-09-03 07:27:00",29149.75,29151.5,29145.5,29145.5,969.0
1788438480000,"2026-09-03 07:28:00",29146.75,29147.75,29142.25,29144.0,564.0
1788438540000,"2026-09-03 07:29:00",29143.5,29148.25,29139.25,29146.25,663.0
1788438600000,"2026-09-03 07:30:00",29145.25,29242.5,29143.0,29199.25,10047.0
1788438660000,"2026-09-03 07:31:00",29199.5,29228.0,29195.75,29224.75,2714.0
1788438720000,"2026-09-03 07:32:00",29224.5,29231.25,29215.25,29225.0,2737.0
1788438780000,"2026-09-03 07:33:00",29225.0,29226.25,29207.25,29208.75,1963.0
1788438840000,"2026-09-03 07:34:00",29208.25,29214.0,29206.0,29207.25,1430.0
1788438900000,"2026-09-03 07:35:00",29207.25,29210.0,29179.25,29179.75,3128.0
1788438960000,"2026-09-03 07:36:00",29179.75,29188.75,29178.75,29187.5,2145.0
1788439020000,"2026-09-03 07:37:00",29187.75,29196.0,29180.0,29189.25,2387.0
1788439080000,"2026-09-03 07:38:00",29189.25,29199.5,29187.5,29198.75,1964.0
1788439140000,"2026-09-03 07:39:00",29198.5,29201.75,29191.5,29199.0,1423.0
1788439200000,"2026-09-03 07:40:00",29198.5,29205.5,29194.0,29195.75,1651.0
1788439260000,"2026-09-03 07:41:00",29196.25,29198.25,29185.25,29188.0,1587.0
1788439320000,"2026-09-03 07:42:00",29188.0,29199.25,29182.75,29199.25,1598.0
1788439380000,"2026-09-03 07:43:00",29199.25,29201.0,29182.0,29190.75,1912.0
1788439440000,"2026-09-03 07:44:00",29191.0,29193.25,29185.0,29189.75,1090.0
1788439500000,"2026-09-03 07:45:00",29189.5,29193.75,29187.5,29190.25,969.0
1788439560000,"2026-09-03 07:46:00",29190.0,29192.5,29185.5,29190.75,823.0
1788439620000,"2026-09-03 07:47:00",29191.0,29198.25,29184.25,29184.25,1290.0
1788439680000,"2026-09-03 07:48:00",29184.75,29199.75,29184.75,29197.25,1354.0
1788439740000,"2026-09-03 07:49:00",29197.5,29202.0,29191.75,29202.0,1175.0
1788439800000,"2026-09-03 07:50:00",29201.5,29214.5,29200.5,29209.5,1380.0
1788439860000,"2026-09-03 07:51:00",29210.0,29213.25,29205.5,29207.75,1509.0
1788439920000,"2026-09-03 07:52:00",29208.0,29215.75,29206.75,29214.5,1370.0
1788439980000,"2026-09-03 07:53:00",29214.25,29238.0,29213.75,29234.25,3555.0
1788440040000,"2026-09-03 07:54:00",29234.0,29245.0,29231.75,29238.5,2725.0
1788440100000,"2026-09-03 07:55:00",29238.25,29260.0,29238.0,29255.0,3666.0
1788440160000,"2026-09-03 07:56:00",29255.25,29257.0,29238.25,29247.5,3088.0
1788440220000,"2026-09-03 07:57:00",29248.5,29254.75,29246.5,29249.75,2133.0
1788440280000,"2026-09-03 07:58:00",29249.5,29255.75,29246.5,29247.5,1513.0
1788440340000,"2026-09-03 07:59:00",29247.75,29250.75,29239.75,29244.5,1731.0
1788440400000,"2026-09-03 08:00:00",29244.75,29245.75,29207.75,29214.0,6353.0
1788440460000,"2026-09-03 08:01:00",29213.75,29218.25,29205.0,29205.5,3036.0
1788440520000,"2026-09-03 08:02:00",29204.75,29211.5,29202.0,29205.75,2163.0
1788440580000,"2026-09-03 08:03:00",29205.5,29221.75,29205.0,29218.25,2167.0
1788440640000,"2026-09-03 08:04:00",29218.25,29224.25,29212.25,29214.0,1861.0
1788440700000,"2026-09-03 08:05:00",29213.75,29224.25,29210.0,29214.25,1746.0
1788440760000,"2026-09-03 08:06:00",29214.75,29215.5,29205.0,29208.0,1729.0
1788440820000,"2026-09-03 08:07:00",29207.75,29218.25,29194.5,29215.5,2923.0
1788440880000,"2026-09-03 08:08:00",29215.0,29220.5,29213.5,29216.5,1155.0
1788440940000,"2026-09-03 08:09:00",29215.5,29215.75,29206.0,29208.5,970.0
1788441000000,"2026-09-03 08:10:00",29208.5,29217.5,29206.5,29208.5,1386.0
1788441060000,"2026-09-03 08:11:00",29209.0,29229.75,29206.75,29229.25,1691.0
1788441120000,"2026-09-03 08:12:00",29229.0,29232.0,29225.0,29228.5,1485.0
1788441180000,"2026-09-03 08:13:00",29229.0,29236.0,29229.0,29234.0,1115.0
1788441240000,"2026-09-03 08:14:00",29234.0,29246.25,29233.5,29239.25,2064.0
1788441300000,"2026-09-03 08:15:00",29239.25,29244.0,29235.75,29238.0,1276.0
1788441360000,"2026-09-03 08:16:00",29238.0,29243.25,29234.5,29236.5,1136.0
1788441420000,"2026-09-03 08:17:00",29236.75,29240.75,29227.75,29228.5,1642.0
1788441480000,"2026-09-03 08:18:00",29228.5,29230.75,29215.0,29217.75,1656.0
1788441540000,"2026-09-03 08:19:00",29217.5,29218.25,29202.75,29206.25,2212.0
1788441600000,"2026-09-03 08:20:00",29206.5,29210.0,29200.25,29209.0,2054.0
1788441660000,"2026-09-03 08:21:00",29209.25,29212.0,29206.75,29211.75,1062.0
1788441720000,"2026-09-03 08:22:00",29211.25,29215.25,29209.0,29212.75,1318.0
1788441780000,"2026-09-03 08:23:00",29212.75,29216.25,29207.5,29210.5,1151.0
1788441840000,"2026-09-03 08:24:00",29210.25,29225.0,29208.75,29224.75,1500.0
1788441900000,"2026-09-03 08:25:00",29224.25,29234.5,29212.5,29232.5,2783.0
1788441960000,"2026-09-03 08:26:00",29233.0,29238.0,29229.25,29230.5,1539.0
1788442020000,"2026-09-03 08:27:00",29230.0,29245.0,29226.0,29245.0,2325.0
1788442080000,"2026-09-03 08:28:00",29245.0,29251.5,29237.75,29247.25,2591.0
1788442140000,"2026-09-03 08:29:00",29247.0,29254.25,29242.25,29248.75,2298.0
1788442200000,"2026-09-03 08:30:00",29249.5,29285.0,29240.0,29282.75,15673.0
1788442260000,"2026-09-03 08:31:00",29282.5,29282.5,29241.25,29245.5,12553.0
1788442320000,"2026-09-03 08:32:00",29245.5,29255.25,29222.75,29239.75,13789.0
1788442380000,"2026-09-03 08:33:00",29239.25,29262.25,29228.0,29260.0,12189.0
1788442440000,"2026-09-03 08:34:00",29260.0,29285.0,29253.0,29253.75,13262.0
1788442500000,"2026-09-03 08:35:00",29254.0,29271.0,29245.75,29250.25,13800.0
1788442560000,"2026-09-03 08:36:00",29250.25,29254.5,29199.25,29220.75,18726.0
1788442620000,"2026-09-03 08:37:00",29221.0,29264.5,29216.5,29260.75,13408.0
1788442680000,"2026-09-03 08:38:00",29260.75,29292.0,29251.75,29281.75,14106.0
1788442740000,"2026-09-03 08:39:00",29281.75,29334.5,29280.75,29329.25,17339.0
1788442800000,"2026-09-03 08:40:00",29329.0,29344.75,29313.75,29330.5,14872.0
1788442860000,"2026-09-03 08:41:00",29331.0,29359.75,29326.25,29353.5,12142.0
1788442920000,"2026-09-03 08:42:00",29353.5,29357.75,29327.25,29335.5,8148.0
1788442980000,"2026-09-03 08:43:00",29335.5,29339.25,29319.25,29324.25,5414.0
1788443040000,"2026-09-03 08:44:00",29324.25,29350.0,29316.75,29345.25,4719.0
1788443100000,"2026-09-03 08:45:00",29345.5,29351.0,29327.75,29332.5,6979.0
1788443160000,"2026-09-03 08:46:00",29332.5,29351.75,29318.75,29343.5,7663.0
1788443220000,"2026-09-03 08:47:00",29342.75,29355.5,29338.75,29343.0,5192.0
1788443280000,"2026-09-03 08:48:00",29343.0,29351.0,29333.5,29341.75,5819.0
1788443340000,"2026-09-03 08:49:00",29341.25,29368.0,29338.5,29359.25,9443.0
1788443400000,"2026-09-03 08:50:00",29359.25,29374.75,29354.25,29361.5,8131.0
1788443460000,"2026-09-03 08:51:00",29361.25,29373.0,29346.5,29372.0,8336.0
1788443520000,"2026-09-03 08:52:00",29372.0,29375.25,29344.0,29345.25,7180.0
1788443580000,"2026-09-03 08:53:00",29344.75,29352.5,29327.25,29333.25,7919.0
1788443640000,"2026-09-03 08:54:00",29333.25,29351.25,29324.5,29348.75,7268.0
1788443700000,"2026-09-03 08:55:00",29349.25,29354.75,29327.5,29329.0,6552.0
1788443760000,"2026-09-03 08:56:00",29329.0,29329.5,29305.0,29306.25,10031.0
1788443820000,"2026-09-03 08:57:00",29306.25,29316.75,29296.75,29298.25,6580.0
1788443880000,"2026-09-03 08:58:00",29298.25,29322.5,29297.0,29320.25,5116.0
1788443940000,"2026-09-03 08:59:00",29320.25,29343.0,29311.5,29332.25,5176.0
1788444000000,"2026-09-03 09:00:00",29332.25,29335.5,29277.0,29285.0,12796.0
1788444060000,"2026-09-03 09:01:00",29286.0,29287.5,29262.0,29265.0,12540.0
1788444120000,"2026-09-03 09:02:00",29265.25,29278.25,29250.0,29278.25,10022.0
1788444180000,"2026-09-03 09:03:00",29278.5,29291.75,29263.75,29291.5,8880.0
1788444240000,"2026-09-03 09:04:00",29291.75,29292.0,29261.25,29267.5,7033.0
1788444300000,"2026-09-03 09:05:00",29267.5,29283.0,29258.25,29282.75,7098.0
1788444360000,"2026-09-03 09:06:00",29283.0,29283.75,29262.25,29279.25,5221.0
1788444420000,"2026-09-03 09:07:00",29279.5,29282.5,29252.25,29253.5,6097.0
1788444480000,"2026-09-03 09:08:00",29252.75,29259.25,29241.5,29256.5,10013.0
1788444540000,"2026-09-03 09:09:00",29256.25,29273.0,29249.25,29267.5,6924.0
1788444600000,"2026-09-03 09:10:00",29267.75,29276.75,29249.5,29261.0,7385.0
1788444660000,"2026-09-03 09:11:00",29260.5,29287.75,29252.75,29287.75,6728.0
1788444720000,"2026-09-03 09:12:00",29287.5,29299.75,29277.25,29286.75,9503.0
1788444780000,"2026-09-03 09:13:00",29286.75,29298.25,29273.25,29285.75,6524.0
1788444840000,"2026-09-03 09:14:00",29286.0,29303.75,29286.0,29301.5,5807.0
1788444900000,"2026-09-03 09:15:00",29301.0,29325.5,29295.5,29315.25,11483.0
1788444960000,"2026-09-03 09:16:00",29315.25,29324.25,29307.5,29315.75,6058.0
1788445020000,"2026-09-03 09:17:00",29315.75,29329.25,29309.25,29326.5,5605.0
1788445080000,"2026-09-03 09:18:00",29327.0,29327.75,29314.75,29319.75,3759.0
1788445140000,"2026-09-03 09:19:00",29320.25,29349.5,29319.5,29342.75,8499.0
1788445200000,"2026-09-03 09:20:00",29343.5,29360.0,29342.25,29348.0,8048.0
1788445260000,"2026-09-03 09:21:00",29348.75,29351.75,29328.0,29333.5,7119.0
1788445320000,"2026-09-03 09:22:00",29332.75,29351.75,29332.25,29347.75,5119.0
1788445380000,"2026-09-03 09:23:00",29348.25,29363.75,29348.0,29354.25,6597.0
1788445440000,"2026-09-03 09:24:00",29354.75,29362.5,29349.0,29350.75,3856.0
1788445500000,"2026-09-03 09:25:00",29350.5,29353.5,29327.5,29344.75,7923.0
1788445560000,"2026-09-03 09:26:00",29345.25,29359.0,29340.0,29348.25,6089.0
1788445620000,"2026-09-03 09:27:00",29348.25,29361.75,29345.5,29361.75,4110.0
1788445680000,"2026-09-03 09:28:00",29361.75,29364.75,29345.5,29350.0,5063.0
1788445740000,"2026-09-03 09:29:00",29349.5,29355.0,29343.0,29343.25,3051.0
1788445800000,"2026-09-03 09:30:00",29342.75,29360.5,29337.75,29355.75,6163.0
1788445860000,"2026-09-03 09:31:00",29356.0,29356.5,29322.25,29327.75,8282.0
1788445920000,"2026-09-03 09:32:00",29327.75,29330.75,29308.25,29319.5,8380.0
1788445980000,"2026-09-03 09:33:00",29319.5,29333.0,29307.0,29308.25,7268.0
1788446040000,"2026-09-03 09:34:00",29307.75,29314.25,29284.0,29287.75,9004.0
1788446100000,"2026-09-03 09:35:00",29288.25,29318.75,29285.5,29313.0,8211.0
1788446160000,"2026-09-03 09:36:00",29313.0,29319.25,29300.5,29302.25,5814.0
1788446220000,"2026-09-03 09:37:00",29302.75,29308.5,29291.75,29296.0,5560.0
1788446280000,"2026-09-03 09:38:00",29296.0,29304.25,29283.25,29291.5,5908.0
1788446340000,"2026-09-03 09:39:00",29291.25,29293.0,29280.25,29284.5,5141.0
1788446400000,"2026-09-03 09:40:00",29284.25,29293.5,29272.5,29274.25,7336.0
1788446460000,"2026-09-03 09:41:00",29274.25,29298.0,29273.75,29297.5,6244.0
1788446520000,"2026-09-03 09:42:00",29297.0,29311.75,29291.5,29296.75,7951.0
1788446580000,"2026-09-03 09:43:00",29296.5,29298.5,29280.25,29290.0,5732.0
1788446640000,"2026-09-03 09:44:00",29290.0,29297.25,29279.0,29283.75,4466.0
1788446700000,"2026-09-03 09:45:00",29283.75,29299.0,29277.25,29298.25,5548.0
1788446760000,"2026-09-03 09:46:00",29297.5,29302.5,29275.5,29280.5,6177.0
1788446820000,"2026-09-03 09:47:00",29280.5,29298.25,29275.5,29292.25,4933.0
1788446880000,"2026-09-03 09:48:00",29292.5,29306.0,29281.75,29302.5,4327.0
1788446940000,"2026-09-03 09:49:00",29303.0,29315.25,29295.5,29309.25,5055.0
1788447000000,"2026-09-03 09:50:00",29309.75,29313.0,29289.5,29302.5,6666.0
1788447060000,"2026-09-03 09:51:00",29302.0,29306.75,29291.75,29305.75,4285.0
1788447120000,"2026-09-03 09:52:00",29305.25,29305.25,29286.0,29288.0,4661.0
1788447180000,"2026-09-03 09:53:00",29288.0,29295.0,29285.0,29293.0,3030.0
1788447240000,"2026-09-03 09:54:00",29293.75,29315.0,29289.5,29313.0,5090.0
1788447300000,"2026-09-03 09:55:00",29313.0,29321.5,29307.5,29315.0,5978.0
1788447360000,"2026-09-03 09:56:00",29315.25,29325.5,29246.0,29296.75,16450.0
1788447420000,"2026-09-03 09:57:00",29296.75,29314.0,29292.75,29312.25,7685.0
1788447480000,"2026-09-03 09:58:00",29312.25,29341.5,29312.25,29339.5,8990.0
1788447540000,"2026-09-03 09:59:00",29339.5,29367.75,29338.0,29363.25,8823.0
1788447600000,"2026-09-03 10:00:00",29363.5,29390.5,29362.0,29380.75,13176.0
1788447660000,"2026-09-03 10:01:00",29380.75,29394.25,29379.25,29382.0,7819.0
1788447720000,"2026-09-03 10:02:00",29382.25,29405.0,29380.0,29403.0,8757.0
1788447780000,"2026-09-03 10:03:00",29403.0,29425.0,29402.75,29416.0,10444.0
1788447840000,"2026-09-03 10:04:00",29416.0,29437.75,29406.75,29436.75,9504.0
1788447900000,"2026-09-03 10:05:00",29436.75,29444.0,29431.25,29439.25,9620.0
1788447960000,"2026-09-03 10:06:00",29439.5,29444.5,29424.75,29430.75,6868.0
1788448020000,"2026-09-03 10:07:00",29431.25,29439.75,29422.0,29432.5,6065.0
1788448080000,"2026-09-03 10:08:00",29432.5,29445.75,29428.25,29438.5,4910.0
1788448140000,"2026-09-03 10:09:00",29438.5,29441.0,29429.5,29429.75,3616.0
1788448200000,"2026-09-03 10:10:00",29430.25,29449.0,29426.25,29443.75,5761.0
1788448260000,"2026-09-03 10:11:00",29444.0,29466.25,29441.5,29461.75,9324.0
1788448320000,"2026-09-03 10:12:00",29461.75,29466.25,29449.75,29451.75,4952.0
1788448380000,"2026-09-03 10:13:00",29451.25,29463.0,29450.25,29461.0,3679.0
1788448440000,"2026-09-03 10:14:00",29461.0,29465.25,29452.5,29465.0,3692.0
1788448500000,"2026-09-03 10:15:00",29464.75,29474.5,29460.75,29471.0,7003.0
1788448560000,"2026-09-03 10:16:00",29471.0,29476.75,29462.0,29472.75,4431.0
1788448620000,"2026-09-03 10:17:00",29472.25,29480.0,29468.25,29477.25,4602.0
1788448680000,"2026-09-03 10:18:00",29477.0,29478.75,29464.25,29475.25,3886.0
1788448740000,"2026-09-03 10:19:00",29475.0,29479.0,29471.0,29472.75,2788.0
1788448800000,"2026-09-03 10:20:00",29472.75,29473.25,29457.75,29458.0,5393.0
1788448860000,"2026-09-03 10:21:00",29457.75,29462.5,29453.5,29457.25,4169.0
1788448920000,"2026-09-03 10:22:00",29457.5,29484.75,29456.0,29477.0,6000.0
1788448980000,"2026-09-03 10:23:00",29477.0,29494.75,29476.75,29491.5,6748.0
1788449040000,"2026-09-03 10:24:00",29492.0,29494.75,29480.5,29481.75,4390.0
1788449100000,"2026-09-03 10:25:00",29481.5,29490.5,29478.75,29490.5,3346.0
1788449160000,"2026-09-03 10:26:00",29490.25,29514.5,29488.25,29511.75,8220.0
1788449220000,"2026-09-03 10:27:00",29511.25,29525.0,29506.75,29522.75,7515.0
1788449280000,"2026-09-03 10:28:00",29523.0,29523.5,29512.5,29521.0,5138.0
1788449340000,"2026-09-03 10:29:00",29520.75,29539.75,29520.25,29535.5,8150.0
1788449400000,"2026-09-03 10:30:00",29535.75,29538.0,29525.25,29535.75,5773.0
1788449460000,"2026-09-03 10:31:00",29535.5,29543.75,29525.25,29539.5,5835.0
1788449520000,"2026-09-03 10:32:00",29540.25,29540.25,29529.5,29532.0,3159.0
1788449580000,"2026-09-03 10:33:00",29532.5,29536.0,29517.75,29524.25,5407.0
1788449640000,"2026-09-03 10:34:00",29524.5,29530.0,29518.75,29528.25,3677.0
1788449700000,"2026-09-03 10:35:00",29528.0,29537.25,29527.25,29533.5,3651.0
1788449760000,"2026-09-03 10:36:00",29533.75,29533.75,29522.25,29528.5,2529.0
1788449820000,"2026-09-03 10:37:00",29528.0,29537.0,29515.25,29516.5,3928.0
1788449880000,"2026-09-03 10:38:00",29516.25,29520.25,29511.75,29517.25,3674.0
1788449940000,"2026-09-03 10:39:00",29517.0,29519.75,29509.5,29514.25,3041.0
1788450000000,"2026-09-03 10:40:00",29514.25,29519.0,29504.25,29507.25,3553.0
1788450060000,"2026-09-03 10:41:00",29506.75,29517.75,29502.25,29510.75,4171.0
1788450120000,"2026-09-03 10:42:00",29510.75,29521.75,29507.25,29517.75,2863.0
1788450180000,"2026-09-03 10:43:00",29517.75,29524.5,29517.5,29522.0,2480.0
1788450240000,"2026-09-03 10:44:00",29521.75,29522.5,29503.75,29506.0,3467.0
1788450300000,"2026-09-03 10:45:00",29506.5,29520.0,29506.5,29514.75,3601.0
1788450360000,"2026-09-03 10:46:00",29514.75,29520.75,29510.75,29513.0,1982.0
1788450420000,"2026-09-03 10:47:00",29512.75,29513.75,29505.75,29509.5,1989.0
1788450480000,"2026-09-03 10:48:00",29509.75,29517.75,29504.0,29513.75,2669.0
1788450540000,"2026-09-03 10:49:00",29513.75,29518.75,29511.0,29513.5,1777.0
1788450600000,"2026-09-03 10:50:00",29513.75,29517.75,29510.75,29515.5,1593.0
1788450660000,"2026-09-03 10:51:00",29515.5,29524.25,29507.75,29523.0,3495.0
1788450720000,"2026-09-03 10:52:00",29523.0,29531.75,29522.5,29526.75,3975.0
1788450780000,"2026-09-03 10:53:00",29527.25,29529.25,29517.75,29520.25,2771.0
1788450840000,"2026-09-03 10:54:00",29520.0,29529.75,29515.25,29528.0,2589.0
1788450900000,"2026-09-03 10:55:00",29528.0,29531.25,29523.75,29527.75,2455.0
1788450960000,"2026-09-03 10:56:00",29528.0,29529.0,29520.75,29525.75,2021.0
1788451020000,"2026-09-03 10:57:00",29525.75,29534.75,29523.75,29529.75,2266.0
1788451080000,"2026-09-03 10:58:00",29530.25,29532.0,29527.0,29531.5,1527.0
1788451140000,"2026-09-03 10:59:00",29531.5,29539.5,29528.0,29538.25,2859.0
1788451200000,"2026-09-03 11:00:00",29538.75,29539.5,29526.0,29529.5,3717.0
1788451260000,"2026-09-03 11:01:00",29530.0,29535.0,29524.75,29527.75,2172.0
1788451320000,"2026-09-03 11:02:00",29528.0,29535.75,29523.5,29529.25,2050.0
1788451380000,"2026-09-03 11:03:00",29529.25,29533.25,29522.5,29529.5,3114.0
1788451440000,"2026-09-03 11:04:00",29529.25,29530.25,29512.5,29512.5,3990.0
1788451500000,"2026-09-03 11:05:00",29513.0,29518.5,29510.5,29513.0,3004.0
1788451560000,"2026-09-03 11:06:00",29513.0,29513.75,29503.25,29506.5,3867.0
1788451620000,"2026-09-03 11:07:00",29507.5,29512.25,29504.5,29506.5,1840.0
1788451680000,"2026-09-03 11:08:00",29506.75,29513.75,29503.25,29509.0,2079.0
1788451740000,"2026-09-03 11:09:00",29509.75,29519.0,29509.5,29510.25,2546.0
1788451800000,"2026-09-03 11:10:00",29510.0,29520.5,29507.25,29519.25,1905.0
1788451860000,"2026-09-03 11:11:00",29519.25,29521.75,29507.0,29507.5,2189.0
1788451920000,"2026-09-03 11:12:00",29507.25,29511.25,29505.0,29508.5,1290.0
1788451980000,"2026-09-03 11:13:00",29508.5,29514.75,29507.0,29510.25,1273.0
1788452040000,"2026-09-03 11:14:00",29510.75,29524.5,29510.75,29519.25,3232.0
1788452100000,"2026-09-03 11:15:00",29519.25,29523.25,29513.75,29519.0,2194.0
1788452160000,"2026-09-03 11:16:00",29519.5,29521.75,29511.0,29515.75,1541.0
1788452220000,"2026-09-03 11:17:00",29515.75,29523.0,29515.5,29519.5,1198.0
1788452280000,"2026-09-03 11:18:00",29519.5,29520.0,29514.75,29516.5,1016.0
1788452340000,"2026-09-03 11:19:00",29517.25,29529.25,29517.25,29524.0,2429.0
1788452400000,"2026-09-03 11:20:00",29524.0,29528.0,29514.75,29519.5,1900.0
1788452460000,"2026-09-03 11:21:00",29519.0,29520.5,29516.0,29516.5,932.0
1788452520000,"2026-09-03 11:22:00",29516.5,29519.75,29507.25,29508.0,2025.0
1788452580000,"2026-09-03 11:23:00",29508.25,29514.0,29507.5,29512.0,1512.0
1788452640000,"2026-09-03 11:24:00",29512.25,29513.0,29500.75,29501.5,2384.0
1788452700000,"2026-09-03 11:25:00",29501.75,29502.25,29494.5,29496.5,4222.0
1788452760000,"2026-09-03 11:26:00",29496.75,29503.5,29489.25,29491.5,3482.0
1788452820000,"2026-09-03 11:27:00",29491.25,29500.25,29490.0,29500.25,2810.0
1788452880000,"2026-09-03 11:28:00",29500.25,29501.75,29494.0,29497.25,1662.0
1788452940000,"2026-09-03 11:29:00",29497.0,29499.5,29493.0,29496.5,1391.0
1788453000000,"2026-09-03 11:30:00",29497.0,29501.5,29493.25,29497.25,1988.0
1788453060000,"2026-09-03 11:31:00",29497.25,29499.5,29486.0,29490.25,2589.0
1788453120000,"2026-09-03 11:32:00",29490.25,29490.5,29484.5,29486.25,2068.0
1788453180000,"2026-09-03 11:33:00",29486.0,29495.5,29485.5,29494.0,2144.0
1788453240000,"2026-09-03 11:34:00",29493.75,29496.5,29485.75,29489.25,1901.0
1788453300000,"2026-09-03 11:35:00",29489.25,29490.0,29482.5,29485.25,1917.0
1788453360000,"2026-09-03 11:36:00",29485.5,29493.5,29484.75,29490.75,1935.0
1788453420000,"2026-09-03 11:37:00",29490.25,29501.0,29485.5,29499.5,3054.0
1788453480000,"2026-09-03 11:38:00",29499.75,29517.25,29499.75,29513.75,5141.0
1788453540000,"2026-09-03 11:39:00",29513.25,29526.0,29512.5,29521.75,4369.0
1788453600000,"2026-09-03 11:40:00",29521.5,29524.75,29519.25,29519.75,2022.0
1788453660000,"2026-09-03 11:41:00",29520.25,29535.0,29519.75,29532.5,3604.0
1788453720000,"2026-09-03 11:42:00",29532.25,29534.25,29524.0,29524.5,2485.0
1788453780000,"2026-09-03 11:43:00",29524.5,29529.0,29523.0,29527.75,1783.0
1788453840000,"2026-09-03 11:44:00",29527.5,29532.75,29525.0,29528.25,1941.0
1788453900000,"2026-09-03 11:45:00",29528.25,29530.0,29521.25,29527.25,2100.0
1788453960000,"2026-09-03 11:46:00",29527.5,29529.5,29521.75,29529.0,1071.0
1788454020000,"2026-09-03 11:47:00",29529.25,29529.75,29522.25,29524.0,1094.0
1788454080000,"2026-09-03 11:48:00",29524.25,29529.0,29522.5,29527.5,975.0
1788454140000,"2026-09-03 11:49:00",29527.75,29533.0,29524.5,29530.75,1997.0
1788454200000,"2026-09-03 11:50:00",29530.5,29532.75,29525.0,29530.25,1239.0
1788454260000,"2026-09-03 11:51:00",29530.0,29532.75,29520.0,29525.5,1845.0
1788454320000,"2026-09-03 11:52:00",29525.5,29525.5,29518.25,29519.75,1569.0
1788454380000,"2026-09-03 11:53:00",29519.25,29521.5,29516.25,29518.25,1391.0
1788454440000,"2026-09-03 11:54:00",29517.75,29523.0,29516.75,29520.5,1160.0
1788454500000,"2026-09-03 11:55:00",29521.25,29526.5,29519.5,29525.75,1508.0
1788454560000,"2026-09-03 11:56:00",29525.5,29528.75,29521.0,29523.75,1517.0
1788454620000,"2026-09-03 11:57:00",29524.25,29540.25,29523.75,29539.25,3727.0
1788454680000,"2026-09-03 11:58:00",29539.25,29548.0,29530.5,29532.0,4972.0
1788454740000,"2026-09-03 11:59:00",29532.0,29533.0,29525.5,29527.75,2053.0
1788454800000,"2026-09-03 12:00:00",29528.5,29534.25,29520.0,29520.5,2879.0
1788454860000,"2026-09-03 12:01:00",29520.25,29530.75,29519.75,29529.5,1782.0
1788454920000,"2026-09-03 12:02:00",29529.25,29530.0,29510.25,29510.25,3111.0
1788454980000,"2026-09-03 12:03:00",29510.5,29515.25,29508.75,29512.0,2147.0
1788455040000,"2026-09-03 12:04:00",29512.0,29519.75,29511.0,29519.25,1577.0
1788455100000,"2026-09-03 12:05:00",29519.5,29520.25,29514.5,29518.0,1456.0
1788455160000,"2026-09-03 12:06:00",29517.75,29519.0,29506.75,29506.75,1883.0
1788455220000,"2026-09-03 12:07:00",29506.75,29508.5,29503.75,29504.75,1927.0
1788455280000,"2026-09-03 12:08:00",29505.0,29508.25,29495.75,29498.0,2674.0
1788455340000,"2026-09-03 12:09:00",29498.25,29499.5,29492.25,29493.0,2262.0
1788455400000,"2026-09-03 12:10:00",29492.75,29499.0,29490.25,29498.25,2714.0
1788455460000,"2026-09-03 12:11:00",29498.25,29501.75,29495.75,29498.25,1725.0
1788455520000,"2026-09-03 12:12:00",29498.75,29499.25,29489.5,29492.75,1764.0
1788455580000,"2026-09-03 12:13:00",29492.5,29495.5,29489.5,29491.0,1568.0
1788455640000,"2026-09-03 12:14:00",29491.25,29494.5,29486.5,29490.5,2094.0
1788455700000,"2026-09-03 12:15:00",29490.5,29497.5,29490.25,29492.75,1905.0
1788455760000,"2026-09-03 12:16:00",29492.75,29495.25,29489.25,29492.0,1077.0
1788455820000,"2026-09-03 12:17:00",29492.25,29499.75,29491.25,29498.25,1449.0
1788455880000,"2026-09-03 12:18:00",29497.75,29500.75,29492.0,29493.0,1753.0
1788455940000,"2026-09-03 12:19:00",29493.5,29498.5,29484.0,29486.5,2311.0
1788456000000,"2026-09-03 12:20:00",29486.25,29486.75,29477.0,29482.0,4179.0
1788456060000,"2026-09-03 12:21:00",29482.25,29486.0,29476.0,29479.5,2976.0
1788456120000,"2026-09-03 12:22:00",29479.25,29483.75,29478.5,29482.25,1561.0
1788456180000,"2026-09-03 12:23:00",29482.25,29487.5,29477.5,29485.0,1722.0
1788456240000,"2026-09-03 12:24:00",29484.5,29485.75,29479.75,29482.5,1069.0
1788456300000,"2026-09-03 12:25:00",29483.0,29492.25,29482.0,29491.5,2244.0
1788456360000,"2026-09-03 12:26:00",29491.75,29496.25,29490.0,29494.0,2673.0
1788456420000,"2026-09-03 12:27:00",29493.75,29501.75,29493.75,29495.25,2730.0
1788456480000,"2026-09-03 12:28:00",29495.0,29507.75,29494.75,29503.0,2595.0
1788456540000,"2026-09-03 12:29:00",29502.75,29504.5,29499.0,29502.5,1595.0
1788456600000,"2026-09-03 12:30:00",29502.5,29511.25,29502.0,29511.0,2887.0
1788456660000,"2026-09-03 12:31:00",29511.0,29513.25,29507.25,29510.5,1867.0
1788456720000,"2026-09-03 12:32:00",29510.0,29514.75,29509.5,29512.75,1462.0
1788456780000,"2026-09-03 12:33:00",29512.5,29516.5,29511.0,29516.25,1499.0
1788456840000,"2026-09-03 12:34:00",29516.0,29518.75,29512.5,29514.25,1571.0
1788456900000,"2026-09-03 12:35:00",29514.5,29520.5,29511.5,29520.25,1909.0
1788456960000,"2026-09-03 12:36:00",29520.25,29529.0,29519.25,29522.75,3651.0
1788457020000,"2026-09-03 12:37:00",29523.0,29523.0,29514.25,29516.5,1994.0
1788457080000,"2026-09-03 12:38:00",29516.25,29522.5,29514.75,29518.75,1237.0
1788457140000,"2026-09-03 12:39:00",29518.5,29522.25,29514.0,29520.25,1299.0
1788457200000,"2026-09-03 12:40:00",29520.5,29528.25,29519.0,29526.75,2182.0
1788457260000,"2026-09-03 12:41:00",29527.0,29530.5,29523.25,29528.0,1834.0
1788457320000,"2026-09-03 12:42:00",29528.25,29532.0,29526.75,29529.25,1284.0
1788457380000,"2026-09-03 12:43:00",29528.75,29530.5,29525.75,29527.5,1147.0
1788457440000,"2026-09-03 12:44:00",29527.5,29529.5,29523.25,29528.5,1290.0
1788457500000,"2026-09-03 12:45:00",29529.0,29533.25,29524.25,29530.25,1982.0
1788457560000,"2026-09-03 12:46:00",29530.25,29535.0,29525.5,29530.25,1763.0
1788457620000,"2026-09-03 12:47:00",29530.25,29532.75,29526.25,29530.25,1114.0
1788457680000,"2026-09-03 12:48:00",29531.0,29531.0,29522.0,29525.0,1873.0
1788457740000,"2026-09-03 12:49:00",29525.0,29530.5,29521.25,29530.5,1466.0
1788457800000,"2026-09-03 12:50:00",29530.75,29533.5,29525.0,29532.0,1376.0
1788457860000,"2026-09-03 12:51:00",29531.75,29545.75,29531.5,29543.75,4129.0
1788457920000,"2026-09-03 12:52:00",29543.75,29550.0,29541.25,29548.25,5168.0
1788457980000,"2026-09-03 12:53:00",29548.0,29553.0,29543.75,29546.25,3162.0
1788458040000,"2026-09-03 12:54:00",29546.5,29549.0,29544.0,29546.0,1969.0
1788458100000,"2026-09-03 12:55:00",29546.0,29551.0,29544.0,29549.75,1674.0
1788458160000,"2026-09-03 12:56:00",29549.75,29552.75,29546.25,29550.25,1765.0
1788458220000,"2026-09-03 12:57:00",29550.75,29551.75,29543.75,29544.0,1909.0
1788458280000,"2026-09-03 12:58:00",29543.75,29546.0,29540.75,29541.0,1792.0
1788458340000,"2026-09-03 12:59:00",29540.75,29544.75,29539.75,29543.5,1223.0
1788458400000,"2026-09-03 13:00:00",29543.5,29565.75,29543.0,29562.75,8139.0
1788458460000,"2026-09-03 13:01:00",29563.0,29578.5,29563.0,29569.75,7533.0
1788458520000,"2026-09-03 13:02:00",29570.25,29576.0,29564.25,29565.75,3632.0
1788458580000,"2026-09-03 13:03:00",29565.5,29577.5,29564.5,29570.5,2618.0
1788458640000,"2026-09-03 13:04:00",29570.5,29575.0,29567.75,29574.25,1622.0
1788458700000,"2026-09-03 13:05:00",29574.5,29577.0,29572.5,29572.75,1775.0
1788458760000,"2026-09-03 13:06:00",29573.25,29579.25,29568.5,29570.25,2404.0
1788458820000,"2026-09-03 13:07:00",29570.0,29573.5,29565.25,29568.25,1965.0
1788458880000,"2026-09-03 13:08:00",29568.0,29574.5,29565.25,29571.25,1725.0
1788458940000,"2026-09-03 13:09:00",29571.5,29577.0,29569.25,29574.25,1917.0
1788459000000,"2026-09-03 13:10:00",29574.5,29577.75,29572.75,29575.5,1263.0
1788459060000,"2026-09-03 13:11:00",29575.0,29578.5,29570.25,29573.75,1536.0
1788459120000,"2026-09-03 13:12:00",29573.25,29575.5,29570.0,29570.0,1002.0
1788459180000,"2026-09-03 13:13:00",29570.25,29576.75,29569.25,29574.25,1550.0
1788459240000,"2026-09-03 13:14:00",29574.75,29577.75,29572.25,29573.0,974.0
1788459300000,"2026-09-03 13:15:00",29573.25,29585.0,29572.75,29583.25,3422.0
1788459360000,"2026-09-03 13:16:00",29583.5,29583.5,29577.5,29580.5,2282.0
1788459420000,"2026-09-03 13:17:00",29580.75,29584.0,29578.5,29582.75,1280.0
1788459480000,"2026-09-03 13:18:00",29582.75,29583.5,29574.5,29575.0,2099.0
1788459540000,"2026-09-03 13:19:00",29574.5,29575.75,29567.5,29571.75,2769.0
1788459600000,"2026-09-03 13:20:00",29571.75,29575.0,29568.5,29572.25,1528.0
1788459660000,"2026-09-03 13:21:00",29572.25,29576.0,29570.5,29572.25,1056.0
1788459720000,"2026-09-03 13:22:00",29572.25,29574.75,29571.0,29571.5,756.0
1788459780000,"2026-09-03 13:23:00",29571.25,29572.5,29564.5,29564.5,1955.0
1788459840000,"2026-09-03 13:24:00",29564.75,29573.0,29564.5,29572.75,2187.0
1788459900000,"2026-09-03 13:25:00",29572.5,29577.25,29569.75,29575.0,2295.0
1788459960000,"2026-09-03 13:26:00",29575.0,29579.5,29569.25,29570.25,1958.0
1788460020000,"2026-09-03 13:27:00",29570.0,29571.0,29566.5,29568.5,1474.0
1788460080000,"2026-09-03 13:28:00",29568.5,29573.0,29567.0,29571.25,846.0
1788460140000,"2026-09-03 13:29:00",29571.25,29573.5,29568.75,29570.25,644.0
1788460200000,"2026-09-03 13:30:00",29570.25,29574.0,29565.5,29572.5,1585.0
1788460260000,"2026-09-03 13:31:00",29572.75,29572.75,29563.25,29566.5,1759.0
1788460320000,"2026-09-03 13:32:00",29566.5,29571.25,29565.75,29566.5,1102.0
1788460380000,"2026-09-03 13:33:00",29566.5,29577.0,29565.75,29577.0,1457.0
1788460440000,"2026-09-03 13:34:00",29576.5,29578.0,29573.25,29576.75,1456.0
1788460500000,"2026-09-03 13:35:00",29576.75,29580.0,29571.5,29574.25,1544.0
1788460560000,"2026-09-03 13:36:00",29574.25,29575.75,29570.0,29571.5,907.0
1788460620000,"2026-09-03 13:37:00",29571.5,29574.5,29570.0,29573.0,695.0
1788460680000,"2026-09-03 13:38:00",29572.5,29577.5,29572.5,29574.0,855.0
1788460740000,"2026-09-03 13:39:00",29574.25,29578.75,29573.75,29576.0,1016.0
1788460800000,"2026-09-03 13:40:00",29575.25,29576.75,29567.25,29568.75,1560.0
1788460860000,"2026-09-03 13:41:00",29568.75,29571.75,29567.0,29567.75,795.0
1788460920000,"2026-09-03 13:42:00",29567.75,29569.5,29561.75,29566.5,2460.0
1788460980000,"2026-09-03 13:43:00",29566.5,29566.75,29560.0,29564.5,1980.0
1788461040000,"2026-09-03 13:44:00",29564.25,29566.0,29559.25,29560.5,1386.0
1788461100000,"2026-09-03 13:45:00",29560.5,29566.0,29559.5,29565.25,1404.0
1788461160000,"2026-09-03 13:46:00",29565.5,29569.5,29565.0,29566.5,1546.0
1788461220000,"2026-09-03 13:47:00",29566.25,29571.5,29565.25,29570.75,1212.0
1788461280000,"2026-09-03 13:48:00",29570.25,29571.75,29566.25,29567.25,1324.0
1788461340000,"2026-09-03 13:49:00",29566.5,29576.25,29564.5,29576.0,1755.0
1788461400000,"2026-09-03 13:50:00",29576.0,29582.5,29572.75,29573.0,2633.0
1788461460000,"2026-09-03 13:51:00",29573.25,29574.0,29566.75,29568.5,1987.0
1788461520000,"2026-09-03 13:52:00",29568.75,29571.0,29564.75,29566.5,1410.0
1788461580000,"2026-09-03 13:53:00",29567.0,29570.5,29566.25,29569.75,749.0
1788461640000,"2026-09-03 13:54:00",29570.0,29571.75,29566.75,29569.75,1081.0
1788461700000,"2026-09-03 13:55:00",29570.0,29570.0,29561.25,29563.75,1890.0
1788461760000,"2026-09-03 13:56:00",29563.25,29565.5,29561.75,29563.5,904.0
1788461820000,"2026-09-03 13:57:00",29564.0,29565.0,29560.25,29561.0,1083.0
1788461880000,"2026-09-03 13:58:00",29561.75,29566.25,29561.0,29565.75,1318.0
1788461940000,"2026-09-03 13:59:00",29565.75,29569.0,29565.25,29568.5,1292.0
1788462000000,"2026-09-03 14:00:00",29568.25,29570.25,29553.25,29556.0,3368.0
1788462060000,"2026-09-03 14:01:00",29556.0,29558.25,29553.0,29557.5,1849.0
1788462120000,"2026-09-03 14:02:00",29557.75,29559.75,29552.0,29555.0,1529.0
1788462180000,"2026-09-03 14:03:00",29555.25,29559.5,29553.25,29554.0,1150.0
1788462240000,"2026-09-03 14:04:00",29554.0,29557.75,29552.0,29557.0,1159.0
1788462300000,"2026-09-03 14:05:00",29557.0,29562.25,29553.25,29556.5,1774.0
1788462360000,"2026-09-03 14:06:00",29556.25,29558.25,29553.0,29556.0,955.0
1788462420000,"2026-09-03 14:07:00",29556.0,29557.75,29553.75,29554.0,806.0
1788462480000,"2026-09-03 14:08:00",29553.75,29555.25,29547.25,29552.5,2708.0
1788462540000,"2026-09-03 14:09:00",29551.75,29552.25,29547.75,29549.5,1187.0
1788462600000,"2026-09-03 14:10:00",29548.25,29552.25,29547.5,29550.5,1329.0
1788462660000,"2026-09-03 14:11:00",29551.0,29551.0,29543.5,29544.0,2430.0
1788462720000,"2026-09-03 14:12:00",29544.5,29546.5,29541.75,29544.75,1811.0
1788462780000,"2026-09-03 14:13:00",29544.75,29544.75,29537.5,29539.5,2083.0
1788462840000,"2026-09-03 14:14:00",29539.25,29539.75,29532.5,29538.75,2893.0
1788462900000,"2026-09-03 14:15:00",29538.5,29542.25,29532.75,29539.0,2411.0
1788462960000,"2026-09-03 14:16:00",29538.75,29540.0,29532.75,29533.75,1850.0
1788463020000,"2026-09-03 14:17:00",29533.0,29538.0,29530.25,29535.75,2047.0
1788463080000,"2026-09-03 14:18:00",29535.75,29537.75,29530.75,29536.5,1562.0
1788463140000,"2026-09-03 14:19:00",29536.75,29543.25,29535.0,29543.25,2188.0
1788463200000,"2026-09-03 14:20:00",29543.25,29543.5,29531.5,29537.75,2541.0
1788463260000,"2026-09-03 14:21:00",29537.75,29543.25,29532.25,29538.5,1789.0
1788463320000,"2026-09-03 14:22:00",29538.5,29539.5,29536.0,29537.0,873.0
1788463380000,"2026-09-03 14:23:00",29536.75,29540.0,29533.25,29535.0,1519.0
1788463440000,"2026-09-03 14:24:00",29535.0,29535.5,29526.75,29531.0,2565.0
1788463500000,"2026-09-03 14:25:00",29530.75,29533.0,29528.0,29532.5,1461.0
1788463560000,"2026-09-03 14:26:00",29532.5,29536.75,29527.75,29534.5,1799.0
1788463620000,"2026-09-03 14:27:00",29534.75,29537.25,29529.0,29531.0,1532.0
1788463680000,"2026-09-03 14:28:00",29531.0,29531.5,29526.25,29530.75,1425.0
1788463740000,"2026-09-03 14:29:00",29530.5,29535.5,29529.75,29533.5,1240.0
1788463800000,"2026-09-03 14:30:00",29533.25,29540.25,29530.25,29532.25,3528.0
1788463860000,"2026-09-03 14:31:00",29532.5,29539.5,29532.5,29536.25,1378.0
1788463920000,"2026-09-03 14:32:00",29536.0,29536.75,29531.5,29532.25,1322.0
1788463980000,"2026-09-03 14:33:00",29532.0,29533.75,29528.5,29530.0,1618.0
1788464040000,"2026-09-03 14:34:00",29529.75,29530.5,29523.25,29526.0,2441.0
1788464100000,"2026-09-03 14:35:00",29526.25,29533.0,29525.5,29528.75,1529.0
1788464160000,"2026-09-03 14:36:00",29529.0,29534.25,29526.75,29531.75,1449.0
1788464220000,"2026-09-03 14:37:00",29532.0,29536.5,29528.75,29535.25,1441.0
1788464280000,"2026-09-03 14:38:00",29535.25,29535.75,29530.0,29531.5,1027.0
1788464340000,"2026-09-03 14:39:00",29531.75,29534.25,29529.5,29532.0,1052.0
1788464400000,"2026-09-03 14:40:00",29531.75,29542.0,29531.0,29534.5,2875.0
1788464460000,"2026-09-03 14:41:00",29534.75,29534.75,29526.25,29526.5,2059.0
1788464520000,"2026-09-03 14:42:00",29526.5,29530.5,29521.5,29527.25,2582.0
1788464580000,"2026-09-03 14:43:00",29527.25,29528.25,29521.75,29525.75,1772.0
1788464640000,"2026-09-03 14:44:00",29526.0,29528.75,29523.75,29524.0,1248.0
1788464700000,"2026-09-03 14:45:00",29524.5,29536.0,29523.75,29535.75,2542.0
1788464760000,"2026-09-03 14:46:00",29535.5,29536.25,29526.0,29526.5,2365.0
1788464820000,"2026-09-03 14:47:00",29526.5,29528.25,29521.25,29523.75,2027.0
1788464880000,"2026-09-03 14:48:00",29523.5,29524.25,29515.75,29523.5,3322.0
1788464940000,"2026-09-03 14:49:00",29523.5,29523.5,29516.25,29520.75,1915.0
1788465000000,"2026-09-03 14:50:00",29520.75,29527.0,29517.0,29519.5,3469.0
1788465060000,"2026-09-03 14:51:00",29519.25,29520.0,29509.75,29517.0,3818.0
1788465120000,"2026-09-03 14:52:00",29516.25,29523.0,29512.0,29512.0,2639.0
1788465180000,"2026-09-03 14:53:00",29512.75,29518.25,29510.75,29511.5,2133.0
1788465240000,"2026-09-03 14:54:00",29511.5,29528.25,29509.75,29526.25,6402.0
1788465300000,"2026-09-03 14:55:00",29526.0,29527.5,29509.0,29515.5,5431.0
1788465360000,"2026-09-03 14:56:00",29515.25,29517.25,29510.0,29515.75,2186.0
1788465420000,"2026-09-03 14:57:00",29516.25,29524.75,29516.25,29523.0,2760.0
1788465480000,"2026-09-03 14:58:00",29523.0,29524.75,29509.75,29516.75,3093.0
1788465540000,"2026-09-03 14:59:00",29516.75,29536.25,29512.0,29531.0,9820.0
1788465600000,"2026-09-03 15:00:00",29530.5,29536.25,29506.5,29509.25,6834.0
1788465660000,"2026-09-03 15:01:00",29508.5,29514.75,29507.5,29511.5,2181.0
1788465720000,"2026-09-03 15:02:00",29512.25,29520.25,29511.5,29515.0,1337.0
1788465780000,"2026-09-03 15:03:00",29515.25,29516.0,29510.75,29515.0,635.0
1788465840000,"2026-09-03 15:04:00",29515.5,29517.5,29512.75,29515.0,542.0
1788465900000,"2026-09-03 15:05:00",29514.75,29517.0,29510.5,29512.25,687.0
1788465960000,"2026-09-03 15:06:00",29512.0,29515.25,29510.5,29514.25,686.0
1788466020000,"2026-09-03 15:07:00",29513.75,29519.25,29513.5,29517.0,771.0
1788466080000,"2026-09-03 15:08:00",29517.25,29522.0,29517.25,29521.75,743.0
1788466140000,"2026-09-03 15:09:00",29521.75,29524.25,29518.0,29518.5,868.0
1788466200000,"2026-09-03 15:10:00",29518.75,29521.0,29517.5,29519.25,396.0
1788466260000,"2026-09-03 15:11:00",29519.5,29520.0,29514.0,29514.25,709.0
1788466320000,"2026-09-03 15:12:00",29514.75,29518.75,29514.0,29515.75,415.0
1788466380000,"2026-09-03 15:13:00",29516.5,29521.0,29516.25,29519.0,594.0
1788466440000,"2026-09-03 15:14:00",29519.25,29522.0,29518.25,29521.5,349.0
1788466500000,"2026-09-03 15:15:00",29521.5,29522.75,29518.5,29519.75,488.0
1788466560000,"2026-09-03 15:16:00",29520.25,29521.0,29515.5,29517.0,567.0
1788466620000,"2026-09-03 15:17:00",29517.0,29519.25,29516.5,29517.0,252.0
1788466680000,"2026-09-03 15:18:00",29517.0,29518.25,29514.0,29517.0,340.0
1788466740000,"2026-09-03 15:19:00",29516.5,29516.5,29511.5,29512.25,609.0
1788466800000,"2026-09-03 15:20:00",29512.25,29513.0,29509.5,29510.0,468.0
1788466860000,"2026-09-03 15:21:00",29510.5,29511.75,29508.25,29511.0,605.0
1788466920000,"2026-09-03 15:22:00",29511.0,29511.75,29510.0,29511.5,113.0
1788466980000,"2026-09-03 15:23:00",29511.25,29512.0,29508.75,29509.0,193.0
1788467040000,"2026-09-03 15:24:00",29509.5,29510.0,29502.75,29506.0,755.0
1788467100000,"2026-09-03 15:25:00",29506.0,29509.75,29506.0,29509.75,477.0
1788467160000,"2026-09-03 15:26:00",29510.0,29512.25,29508.0,29511.25,331.0
1788467220000,"2026-09-03 15:27:00",29511.0,29512.0,29509.25,29509.25,195.0
1788467280000,"2026-09-03 15:28:00",29509.25,29510.25,29508.25,29509.5,156.0
1788467340000,"2026-09-03 15:29:00",29509.25,29510.5,29508.75,29509.5,143.0
1788467400000,"2026-09-03 15:30:00",29510.25,29510.75,29508.75,29510.0,227.0
1788467460000,"2026-09-03 15:31:00",29509.25,29514.5,29509.0,29512.5,580.0
1788467520000,"2026-09-03 15:32:00",29512.25,29513.25,29511.75,29513.25,196.0
1788467580000,"2026-09-03 15:33:00",29512.75,29516.0,29512.25,29515.75,466.0
1788467640000,"2026-09-03 15:34:00",29515.25,29517.0,29514.0,29514.75,194.0
1788467700000,"2026-09-03 15:35:00",29514.25,29516.5,29513.0,29515.5,340.0
1788467760000,"2026-09-03 15:36:00",29515.25,29517.0,29514.0,29515.0,190.0
1788467820000,"2026-09-03 15:37:00",29514.75,29517.5,29514.5,29516.5,227.0
1788467880000,"2026-09-03 15:38:00",29516.0,29516.5,29514.0,29514.75,188.0
1788467940000,"2026-09-03 15:39:00",29514.5,29514.75,29511.0,29511.5,375.0
1788468000000,"2026-09-03 15:40:00",29511.5,29513.25,29510.0,29512.75,272.0
1788468060000,"2026-09-03 15:41:00",29512.25,29512.75,29510.75,29511.5,210.0
1788468120000,"2026-09-03 15:42:00",29511.5,29513.5,29510.75,29512.5,218.0
1788468180000,"2026-09-03 15:43:00",29512.75,29513.5,29510.5,29512.75,301.0
1788468240000,"2026-09-03 15:44:00",29512.5,29513.5,29510.0,29511.25,411.0
1788468300000,"2026-09-03 15:45:00",29510.75,29513.25,29510.25,29511.5,708.0
1788468360000,"2026-09-03 15:46:00",29511.75,29512.5,29507.25,29507.25,413.0
1788468420000,"2026-09-03 15:47:00",29508.5,29510.5,29508.0,29509.25,281.0
1788468480000,"2026-09-03 15:48:00",29509.5,29510.0,29507.25,29509.25,239.0
1788468540000,"2026-09-03 15:49:00",29508.5,29510.25,29507.5,29509.75,206.0
1788468600000,"2026-09-03 15:50:00",29509.75,29510.0,29505.5,29506.5,306.0
1788468660000,"2026-09-03 15:51:00",29506.5,29506.75,29502.25,29506.0,304.0
1788468720000,"2026-09-03 15:52:00",29505.75,29506.0,29499.75,29500.5,364.0
1788468780000,"2026-09-03 15:53:00",29500.5,29503.25,29500.0,29502.25,238.0
1788468840000,"2026-09-03 15:54:00",29502.75,29503.25,29498.75,29501.75,304.0
1788468900000,"2026-09-03 15:55:00",29502.25,29503.75,29501.25,29502.5,433.0
1788468960000,"2026-09-03 15:56:00",29502.25,29505.25,29502.25,29504.25,104.0
1788469020000,"2026-09-03 15:57:00",29504.25,29504.25,29502.25,29503.5,98.0
1788469080000,"2026-09-03 15:58:00",29503.0,29507.0,29502.5,29504.75,276.0
1788469140000,"2026-09-03 15:59:00",29504.75,29506.25,29501.5,29502.75,414.0
1788472800000,"2026-09-03 17:00:00",29500.0,29510.0,29493.0,29495.0,1367.0
1788472860000,"2026-09-03 17:01:00",29496.0,29503.0,29482.75,29492.25,1366.0
1788472920000,"2026-09-03 17:02:00",29492.25,29493.0,29486.25,29486.5,557.0
1788472980000,"2026-09-03 17:03:00",29486.5,29495.5,29486.5,29492.0,603.0
1788473040000,"2026-09-03 17:04:00",29491.0,29494.5,29490.5,29493.0,180.0
1788473100000,"2026-09-03 17:05:00",29493.25,29496.75,29492.5,29494.75,510.0
1788473160000,"2026-09-03 17:06:00",29493.75,29496.0,29490.0,29495.5,384.0
1788473220000,"2026-09-03 17:07:00",29496.0,29496.25,29490.5,29492.5,193.0
1788473280000,"2026-09-03 17:08:00",29492.5,29493.0,29488.5,29488.5,350.0
1788473340000,"2026-09-03 17:09:00",29488.75,29490.0,29485.5,29486.5,482.0
1788473400000,"2026-09-03 17:10:00",29486.5,29487.5,29482.5,29484.5,595.0
1788473460000,"2026-09-03 17:11:00",29485.25,29488.75,29481.5,29486.75,526.0
1788473520000,"2026-09-03 17:12:00",29486.75,29490.25,29486.0,29488.75,470.0
1788473580000,"2026-09-03 17:13:00",29488.0,29489.75,29486.75,29488.0,203.0
1788473640000,"2026-09-03 17:14:00",29487.5,29488.75,29484.5,29485.25,268.0
1788473700000,"2026-09-03 17:15:00",29485.25,29493.5,29485.25,29489.25,628.0
1788473760000,"2026-09-03 17:16:00",29488.75,29492.0,29488.75,29490.75,270.0
1788473820000,"2026-09-03 17:17:00",29490.75,29496.0,29490.25,29494.5,438.0
1788473880000,"2026-09-03 17:18:00",29494.0,29496.0,29491.25,29492.0,257.0
1788473940000,"2026-09-03 17:19:00",29492.25,29492.5,29489.75,29491.25,238.0
1788474000000,"2026-09-03 17:20:00",29491.75,29492.5,29488.0,29490.75,228.0
1788474060000,"2026-09-03 17:21:00",29490.75,29493.25,29490.0,29492.75,172.0
1788474120000,"2026-09-03 17:22:00",29492.25,29494.75,29491.5,29494.25,165.0
1788474180000,"2026-09-03 17:23:00",29493.75,29495.0,29493.25,29493.25,145.0
1788474240000,"2026-09-03 17:24:00",29493.5,29493.5,29489.5,29490.0,175.0
1788474300000,"2026-09-03 17:25:00",29489.75,29492.0,29485.5,29489.0,411.0
1788474360000,"2026-09-03 17:26:00",29489.0,29491.0,29487.5,29490.0,307.0
1788474420000,"2026-09-03 17:27:00",29489.5,29490.5,29488.75,29489.0,106.0
1788474480000,"2026-09-03 17:28:00",29489.5,29490.5,29488.5,29490.0,64.0
1788474540000,"2026-09-03 17:29:00",29489.75,29491.25,29489.5,29490.0,135.0
1788474600000,"2026-09-03 17:30:00",29490.0,29494.5,29489.25,29490.75,335.0
1788474660000,"2026-09-03 17:31:00",29490.75,29495.0,29490.75,29492.75,244.0
1788474720000,"2026-09-03 17:32:00",29492.5,29494.75,29492.0,29494.25,193.0
1788474780000,"2026-09-03 17:33:00",29494.0,29495.5,29493.5,29494.25,180.0
1788474840000,"2026-09-03 17:34:00",29494.25,29498.0,29493.0,29496.5,320.0
1788474900000,"2026-09-03 17:35:00",29496.25,29497.75,29496.0,29497.25,259.0
1788474960000,"2026-09-03 17:36:00",29496.75,29498.5,29495.25,29495.25,206.0
1788475020000,"2026-09-03 17:37:00",29495.25,29496.75,29494.25,29495.0,138.0
1788475080000,"2026-09-03 17:38:00",29495.0,29495.5,29493.25,29495.5,146.0
1788475140000,"2026-09-03 17:39:00",29494.75,29495.0,29492.75,29494.0,242.0
1788475200000,"2026-09-03 17:40:00",29493.75,29496.0,29492.5,29495.5,138.0
1788475260000,"2026-09-03 17:41:00",29495.5,29496.5,29492.0,29492.75,202.0
1788475320000,"2026-09-03 17:42:00",29492.5,29493.0,29490.25,29491.75,334.0
1788475380000,"2026-09-03 17:43:00",29492.0,29495.0,29492.0,29495.0,124.0
1788475440000,"2026-09-03 17:44:00",29494.5,29495.25,29493.5,29495.0,71.0
1788475500000,"2026-09-03 17:45:00",29494.5,29497.75,29494.5,29497.0,291.0
1788475560000,"2026-09-03 17:46:00",29496.5,29499.75,29494.25,29495.25,478.0
1788475620000,"2026-09-03 17:47:00",29495.75,29497.75,29494.75,29497.5,198.0
1788475680000,"2026-09-03 17:48:00",29496.75,29497.5,29495.25,29496.5,126.0
1788475740000,"2026-09-03 17:49:00",29495.75,29497.25,29495.0,29495.75,176.0
1788475800000,"2026-09-03 17:50:00",29495.75,29498.25,29495.75,29498.0,102.0
1788475860000,"2026-09-03 17:51:00",29497.5,29499.5,29496.25,29499.25,206.0
1788475920000,"2026-09-03 17:52:00",29499.0,29502.0,29497.5,29499.5,691.0
1788475980000,"2026-09-03 17:53:00",29499.25,29504.0,29499.0,29500.0,594.0
1788476040000,"2026-09-03 17:54:00",29500.0,29501.5,29498.75,29499.0,192.0
1788476100000,"2026-09-03 17:55:00",29499.0,29501.75,29498.75,29500.5,338.0
1788476160000,"2026-09-03 17:56:00",29500.5,29503.0,29500.5,29501.5,190.0
1788476220000,"2026-09-03 17:57:00",29501.75,29504.25,29501.25,29502.75,381.0
1788476280000,"2026-09-03 17:58:00",29502.75,29504.75,29501.75,29504.25,289.0
1788476340000,"2026-09-03 17:59:00",29504.25,29513.0,29503.75,29508.5,1384.0
1788476400000,"2026-09-03 18:00:00",29508.25,29509.75,29505.0,29506.0,600.0
1788476460000,"2026-09-03 18:01:00",29506.0,29508.25,29502.75,29507.75,341.0
1788476520000,"2026-09-03 18:02:00",29507.75,29512.0,29507.0,29510.25,415.0
1788476580000,"2026-09-03 18:03:00",29509.5,29511.0,29507.25,29510.5,285.0
1788476640000,"2026-09-03 18:04:00",29510.5,29511.75,29507.0,29507.0,424.0
1788476700000,"2026-09-03 18:05:00",29507.0,29510.0,29504.75,29509.0,443.0
1788476760000,"2026-09-03 18:06:00",29508.5,29509.0,29496.0,29504.75,770.0
1788476820000,"2026-09-03 18:07:00",29504.75,29510.5,29503.25,29508.75,351.0
1788476880000,"2026-09-03 18:08:00",29509.5,29509.5,29507.0,29508.75,248.0
1788476940000,"2026-09-03 18:09:00",29508.25,29510.75,29506.75,29510.5,308.0
1788477000000,"2026-09-03 18:10:00",29510.0,29510.75,29508.0,29508.75,156.0
1788477060000,"2026-09-03 18:11:00",29509.25,29509.75,29506.25,29506.25,191.0
1788477120000,"2026-09-03 18:12:00",29506.25,29508.75,29506.25,29506.5,191.0
1788477180000,"2026-09-03 18:13:00",29506.75,29508.25,29501.5,29502.75,581.0
1788477240000,"2026-09-03 18:14:00",29502.75,29505.25,29502.25,29503.5,253.0
1788477300000,"2026-09-03 18:15:00",29503.0,29503.5,29501.75,29502.75,115.0
1788477360000,"2026-09-03 18:16:00",29502.25,29503.5,29500.5,29500.75,152.0
1788477420000,"2026-09-03 18:17:00",29500.75,29503.0,29498.0,29502.25,424.0
1788477480000,"2026-09-03 18:18:00",29502.5,29506.25,29501.75,29504.75,316.0
1788477540000,"2026-09-03 18:19:00",29504.75,29506.75,29502.5,29505.5,232.0
1788477600000,"2026-09-03 18:20:00",29506.0,29506.0,29503.5,29504.75,246.0
1788477660000,"2026-09-03 18:21:00",29504.0,29504.75,29501.5,29501.5,142.0
1788477720000,"2026-09-03 18:22:00",29502.5,29504.5,29502.5,29504.25,54.0
1788477780000,"2026-09-03 18:23:00",29504.0,29507.5,29502.5,29503.75,305.0
1788477840000,"2026-09-03 18:24:00",29503.5,29504.5,29501.5,29504.25,214.0
1788477900000,"2026-09-03 18:25:00",29504.75,29505.75,29504.0,29505.75,64.0
1788477960000,"2026-09-03 18:26:00",29505.0,29506.0,29503.5,29505.5,96.0
1788478020000,"2026-09-03 18:27:00",29505.75,29510.25,29505.25,29508.75,426.0
1788478080000,"2026-09-03 18:28:00",29508.0,29509.75,29506.0,29509.75,230.0
1788478140000,"2026-09-03 18:29:00",29509.75,29510.0,29506.25,29507.5,125.0
1788478200000,"2026-09-03 18:30:00",29507.75,29508.5,29500.75,29506.75,551.0
1788478260000,"2026-09-03 18:31:00",29506.25,29507.0,29504.25,29506.75,121.0
1788478320000,"2026-09-03 18:32:00",29506.5,29506.5,29504.0,29505.25,105.0
1788478380000,"2026-09-03 18:33:00",29505.0,29505.0,29503.5,29504.0,124.0
1788478440000,"2026-09-03 18:34:00",29503.75,29504.75,29503.25,29503.5,76.0
1788478500000,"2026-09-03 18:35:00",29503.5,29504.25,29503.0,29503.25,116.0
1788478560000,"2026-09-03 18:36:00",29503.5,29504.5,29502.5,29504.5,123.0
1788478620000,"2026-09-03 18:37:00",29504.75,29505.5,29503.25,29504.25,84.0
1788478680000,"2026-09-03 18:38:00",29504.25,29506.5,29502.75,29505.5,161.0
1788478740000,"2026-09-03 18:39:00",29505.5,29505.75,29504.0,29505.0,98.0
1788478800000,"2026-09-03 18:40:00",29505.0,29507.75,29504.75,29506.5,137.0
1788478860000,"2026-09-03 18:41:00",29507.5,29508.0,29506.25,29507.25,136.0
1788478920000,"2026-09-03 18:42:00",29508.0,29511.0,29507.0,29507.5,391.0
1788478980000,"2026-09-03 18:43:00",29508.0,29508.0,29506.75,29508.0,87.0
1788479040000,"2026-09-03 18:44:00",29507.75,29507.75,29504.5,29506.0,168.0
1788479100000,"2026-09-03 18:45:00",29506.25,29515.0,29504.75,29510.5,1156.0
1788479160000,"2026-09-03 18:46:00",29510.75,29516.75,29510.25,29515.5,622.0
1788479220000,"2026-09-03 18:47:00",29515.25,29515.5,29507.5,29508.0,481.0
1788479280000,"2026-09-03 18:48:00",29507.25,29511.25,29507.0,29509.5,339.0
1788479340000,"2026-09-03 18:49:00",29509.5,29511.75,29507.5,29510.75,312.0
1788479400000,"2026-09-03 18:50:00",29510.75,29515.0,29510.0,29511.5,471.0
1788479460000,"2026-09-03 18:51:00",29512.0,29513.5,29510.5,29512.0,156.0
1788479520000,"2026-09-03 18:52:00",29511.25,29511.75,29507.25,29509.0,202.0
1788479580000,"2026-09-03 18:53:00",29508.5,29509.75,29503.25,29505.25,537.0
1788479640000,"2026-09-03 18:54:00",29505.25,29507.25,29502.75,29506.25,394.0
1788479700000,"2026-09-03 18:55:00",29506.5,29512.75,29505.75,29508.0,493.0
1788479760000,"2026-09-03 18:56:00",29508.25,29509.5,29506.75,29507.5,179.0
1788479820000,"2026-09-03 18:57:00",29508.0,29508.0,29503.25,29505.75,278.0
1788479880000,"2026-09-03 18:58:00",29505.0,29506.25,29504.75,29505.0,187.0
1788479940000,"2026-09-03 18:59:00",29505.0,29505.75,29502.75,29504.5,222.0
1788480000000,"2026-09-03 19:00:00",29503.75,29507.5,29491.0,29505.5,2332.0
1788480060000,"2026-09-03 19:01:00",29505.5,29510.75,29500.5,29504.5,907.0
1788480120000,"2026-09-03 19:02:00",29505.25,29507.5,29501.75,29502.25,427.0
1788480180000,"2026-09-03 19:03:00",29502.25,29502.75,29497.5,29499.0,626.0
1788480240000,"2026-09-03 19:04:00",29499.25,29511.75,29498.75,29511.25,655.0
1788480300000,"2026-09-03 19:05:00",29511.0,29513.25,29507.0,29510.25,954.0
1788480360000,"2026-09-03 19:06:00",29510.25,29516.25,29508.0,29512.5,740.0
1788480420000,"2026-09-03 19:07:00",29512.75,29520.5,29508.75,29520.0,933.0
1788480480000,"2026-09-03 19:08:00",29519.75,29520.25,29514.75,29517.5,733.0
1788480540000,"2026-09-03 19:09:00",29517.5,29519.25,29512.75,29512.75,645.0
1788480600000,"2026-09-03 19:10:00",29513.5,29517.25,29509.0,29510.75,1129.0
1788480660000,"2026-09-03 19:11:00",29510.75,29518.75,29508.0,29515.0,954.0
1788480720000,"2026-09-03 19:12:00",29515.0,29518.5,29513.75,29514.0,348.0
1788480780000,"2026-09-03 19:13:00",29513.75,29516.0,29510.25,29512.25,550.0
1788480840000,"2026-09-03 19:14:00",29512.25,29512.25,29506.25,29510.5,503.0
1788480900000,"2026-09-03 19:15:00",29510.0,29511.25,29505.0,29508.75,604.0
1788480960000,"2026-09-03 19:16:00",29508.5,29518.75,29508.5,29518.25,677.0
1788481020000,"2026-09-03 19:17:00",29517.75,29521.25,29514.25,29515.5,1186.0
1788481080000,"2026-09-03 19:18:00",29515.5,29516.0,29509.5,29515.0,574.0
1788481140000,"2026-09-03 19:19:00",29515.25,29520.5,29514.5,29519.0,526.0
1788481200000,"2026-09-03 19:20:00",29519.5,29524.25,29518.5,29523.25,1055.0
1788481260000,"2026-09-03 19:21:00",29523.25,29523.75,29518.5,29520.25,446.0
1788481320000,"2026-09-03 19:22:00",29520.75,29527.75,29520.25,29526.75,953.0
1788481380000,"2026-09-03 19:23:00",29526.75,29527.75,29524.25,29526.0,554.0
1788481440000,"2026-09-03 19:24:00",29525.25,29527.5,29524.5,29524.5,302.0
1788481500000,"2026-09-03 19:25:00",29524.75,29526.25,29519.0,29520.25,852.0
1788481560000,"2026-09-03 19:26:00",29520.0,29522.0,29514.75,29519.0,954.0
1788481620000,"2026-09-03 19:27:00",29519.0,29525.25,29519.0,29523.25,516.0
1788481680000,"2026-09-03 19:28:00",29522.75,29526.5,29522.5,29526.0,497.0
1788481740000,"2026-09-03 19:29:00",29526.5,29529.0,29526.0,29528.0,752.0
1788481800000,"2026-09-03 19:30:00",29527.5,29531.25,29526.75,29529.0,796.0
1788481860000,"2026-09-03 19:31:00",29528.75,29531.5,29527.75,29529.75,356.0
1788481920000,"2026-09-03 19:32:00",29530.0,29530.0,29523.0,29524.25,708.0
1788481980000,"2026-09-03 19:33:00",29524.75,29527.0,29519.5,29521.0,714.0
1788482040000,"2026-09-03 19:34:00",29521.5,29527.75,29521.5,29526.0,558.0
1788482100000,"2026-09-03 19:35:00",29526.25,29526.25,29519.0,29520.0,630.0
1788482160000,"2026-09-03 19:36:00",29520.75,29524.0,29520.75,29522.5,236.0
1788482220000,"2026-09-03 19:37:00",29522.25,29524.0,29521.0,29522.25,188.0
1788482280000,"2026-09-03 19:38:00",29522.0,29530.0,29522.0,29529.25,593.0
1788482340000,"2026-09-03 19:39:00",29529.0,29530.5,29527.5,29530.0,358.0
1788482400000,"2026-09-03 19:40:00",29530.0,29530.0,29527.5,29528.25,236.0
1788482460000,"2026-09-03 19:41:00",29528.5,29531.25,29526.75,29529.0,485.0
1788482520000,"2026-09-03 19:42:00",29528.75,29531.25,29528.5,29530.0,244.0
1788482580000,"2026-09-03 19:43:00",29530.5,29534.0,29530.5,29531.5,825.0
1788482640000,"2026-09-03 19:44:00",29531.75,29532.5,29528.25,29532.0,286.0
1788482700000,"2026-09-03 19:45:00",29532.0,29538.25,29530.75,29537.0,1195.0
1788482760000,"2026-09-03 19:46:00",29536.5,29538.5,29534.5,29537.75,539.0
1788482820000,"2026-09-03 19:47:00",29537.0,29537.5,29533.5,29534.75,383.0
1788482880000,"2026-09-03 19:48:00",29534.5,29537.75,29533.0,29537.5,354.0
1788482940000,"2026-09-03 19:49:00",29537.25,29541.75,29537.25,29539.5,761.0
1788483000000,"2026-09-03 19:50:00",29539.25,29541.5,29538.25,29538.5,560.0
1788483060000,"2026-09-03 19:51:00",29538.5,29540.5,29537.0,29538.5,312.0
1788483120000,"2026-09-03 19:52:00",29538.25,29541.75,29537.75,29541.5,416.0
1788483180000,"2026-09-03 19:53:00",29541.25,29542.0,29537.75,29539.0,415.0
1788483240000,"2026-09-03 19:54:00",29538.75,29540.25,29537.0,29538.0,296.0
1788483300000,"2026-09-03 19:55:00",29537.75,29538.5,29533.75,29533.75,609.0
1788483360000,"2026-09-03 19:56:00",29534.25,29535.5,29530.5,29532.0,923.0
1788483420000,"2026-09-03 19:57:00",29532.0,29534.25,29531.75,29533.5,330.0
1788483480000,"2026-09-03 19:58:00",29533.0,29535.5,29532.0,29533.25,356.0
1788483540000,"2026-09-03 19:59:00",29532.75,29534.0,29530.0,29530.25,373.0
1788483600000,"2026-09-03 20:00:00",29530.0,29533.0,29527.25,29529.5,1153.0
1788483660000,"2026-09-03 20:01:00",29529.5,29530.5,29525.25,29526.75,998.0
1788483720000,"2026-09-03 20:02:00",29526.5,29527.75,29517.75,29518.5,1620.0
1788483780000,"2026-09-03 20:03:00",29518.5,29529.0,29517.5,29524.5,1044.0
1788483840000,"2026-09-03 20:04:00",29524.5,29527.75,29523.75,29527.0,461.0
1788483900000,"2026-09-03 20:05:00",29526.75,29532.25,29523.5,29529.0,794.0
1788483960000,"2026-09-03 20:06:00",29528.5,29532.25,29526.0,29530.0,578.0
1788484020000,"2026-09-03 20:07:00",29530.5,29531.5,29528.5,29529.0,326.0
1788484080000,"2026-09-03 20:08:00",29529.5,29531.5,29524.0,29526.25,310.0
1788484140000,"2026-09-03 20:09:00",29527.0,29529.0,29524.5,29525.75,492.0
1788484200000,"2026-09-03 20:10:00",29525.75,29526.25,29521.0,29524.75,734.0
1788484260000,"2026-09-03 20:11:00",29525.0,29529.0,29522.5,29525.75,425.0
1788484320000,"2026-09-03 20:12:00",29525.25,29528.75,29523.25,29528.75,268.0
1788484380000,"2026-09-03 20:13:00",29528.25,29529.5,29520.75,29523.0,575.0
1788484440000,"2026-09-03 20:14:00",29523.25,29524.75,29522.25,29523.0,248.0
1788484500000,"2026-09-03 20:15:00",29522.75,29524.5,29520.25,29522.25,361.0
1788484560000,"2026-09-03 20:16:00",29521.5,29522.5,29516.0,29519.25,926.0
1788484620000,"2026-09-03 20:17:00",29520.5,29526.5,29519.25,29525.5,526.0
1788484680000,"2026-09-03 20:18:00",29525.75,29528.25,29522.5,29526.75,438.0
1788484740000,"2026-09-03 20:19:00",29527.0,29528.5,29525.5,29526.25,281.0
1788484800000,"2026-09-03 20:20:00",29527.25,29538.0,29527.25,29537.25,1705.0
1788484860000,"2026-09-03 20:21:00",29537.25,29539.5,29533.25,29537.25,999.0
1788484920000,"2026-09-03 20:22:00",29536.5,29541.25,29536.0,29539.5,715.0
1788484980000,"2026-09-03 20:23:00",29539.5,29543.0,29538.0,29540.5,819.0
1788485040000,"2026-09-03 20:24:00",29540.75,29541.0,29538.25,29539.75,520.0
1788485100000,"2026-09-03 20:25:00",29540.25,29541.75,29538.75,29541.25,441.0
1788485160000,"2026-09-03 20:26:00",29541.25,29543.5,29535.75,29536.0,978.0
1788485220000,"2026-09-03 20:27:00",29536.75,29538.5,29532.0,29535.75,1099.0
1788485280000,"2026-09-03 20:28:00",29536.75,29543.0,29536.0,29539.75,785.0
1788485340000,"2026-09-03 20:29:00",29540.0,29542.0,29533.25,29540.75,747.0
1788485400000,"2026-09-03 20:30:00",29540.0,29542.25,29538.0,29541.0,397.0
1788485460000,"2026-09-03 20:31:00",29541.5,29546.5,29539.75,29543.25,1141.0
1788485520000,"2026-09-03 20:32:00",29543.5,29543.5,29536.5,29539.75,395.0
1788485580000,"2026-09-03 20:33:00",29540.0,29544.0,29539.75,29542.0,370.0
1788485640000,"2026-09-03 20:34:00",29542.0,29543.0,29538.0,29542.0,341.0
1788485700000,"2026-09-03 20:35:00",29542.0,29542.25,29538.0,29538.25,303.0
1788485760000,"2026-09-03 20:36:00",29538.75,29542.0,29538.0,29542.0,312.0
1788485820000,"2026-09-03 20:37:00",29542.0,29549.25,29540.25,29540.5,1138.0
1788485880000,"2026-09-03 20:38:00",29540.25,29541.25,29535.75,29539.25,713.0
1788485940000,"2026-09-03 20:39:00",29539.75,29540.5,29536.25,29538.5,383.0
1788486000000,"2026-09-03 20:40:00",29537.25,29542.75,29537.25,29539.75,585.0
1788486060000,"2026-09-03 20:41:00",29540.0,29541.75,29537.5,29538.25,293.0
1788486120000,"2026-09-03 20:42:00",29539.0,29542.0,29538.75,29539.0,256.0
1788486180000,"2026-09-03 20:43:00",29538.75,29540.0,29534.25,29539.5,435.0
1788486240000,"2026-09-03 20:44:00",29540.0,29546.5,29538.5,29545.0,731.0
1788486300000,"2026-09-03 20:45:00",29545.0,29545.75,29536.5,29537.75,549.0
1788486360000,"2026-09-03 20:46:00",29537.75,29539.75,29536.5,29537.0,201.0
1788486420000,"2026-09-03 20:47:00",29537.25,29538.5,29536.0,29537.25,198.0
1788486480000,"2026-09-03 20:48:00",29537.25,29537.75,29533.75,29535.0,420.0
1788486540000,"2026-09-03 20:49:00",29535.5,29537.25,29531.0,29532.75,535.0
1788486600000,"2026-09-03 20:50:00",29532.5,29532.75,29526.0,29530.75,1122.0
1788486660000,"2026-09-03 20:51:00",29531.0,29531.5,29527.25,29527.75,425.0
1788486720000,"2026-09-03 20:52:00",29528.5,29533.0,29528.0,29531.0,410.0
1788486780000,"2026-09-03 20:53:00",29531.5,29541.0,29529.25,29535.0,713.0
1788486840000,"2026-09-03 20:54:00",29535.0,29535.0,29527.25,29527.5,444.0
1788486900000,"2026-09-03 20:55:00",29528.0,29531.0,29523.25,29530.75,918.0
1788486960000,"2026-09-03 20:56:00",29531.0,29538.5,29530.5,29538.0,588.0
1788487020000,"2026-09-03 20:57:00",29538.25,29548.0,29536.0,29542.25,947.0
1788487080000,"2026-09-03 20:58:00",29542.75,29549.0,29541.75,29547.0,757.0
1788487140000,"2026-09-03 20:59:00",29547.0,29548.75,29545.75,29547.75,404.0
1788487200000,"2026-09-03 21:00:00",29548.25,29548.5,29544.25,29545.75,472.0
1788487260000,"2026-09-03 21:01:00",29545.0,29546.75,29537.0,29540.0,777.0
1788487320000,"2026-09-03 21:02:00",29541.0,29545.0,29540.75,29544.5,379.0
1788487380000,"2026-09-03 21:03:00",29545.0,29547.75,29542.0,29542.5,401.0
1788487440000,"2026-09-03 21:04:00",29542.5,29542.5,29539.25,29539.5,285.0
1788487500000,"2026-09-03 21:05:00",29539.75,29546.0,29539.0,29544.75,363.0
1788487560000,"2026-09-03 21:06:00",29544.5,29545.25,29541.75,29544.5,233.0
1788487620000,"2026-09-03 21:07:00",29544.5,29545.0,29543.25,29543.75,85.0
1788487680000,"2026-09-03 21:08:00",29543.75,29545.75,29542.0,29542.0,237.0
1788487740000,"2026-09-03 21:09:00",29541.75,29547.0,29541.5,29546.25,198.0
1788487800000,"2026-09-03 21:10:00",29546.0,29548.0,29544.75,29545.25,232.0
1788487860000,"2026-09-03 21:11:00",29545.75,29550.0,29545.0,29549.0,578.0
1788487920000,"2026-09-03 21:12:00",29548.75,29553.5,29548.75,29550.25,977.0
1788487980000,"2026-09-03 21:13:00",29550.0,29550.25,29545.0,29548.5,483.0
1788488040000,"2026-09-03 21:14:00",29548.25,29551.5,29547.5,29550.0,458.0
1788488100000,"2026-09-03 21:15:00",29550.0,29550.5,29548.75,29549.5,124.0
1788488160000,"2026-09-03 21:16:00",29550.0,29550.75,29547.5,29549.5,197.0
1788488220000,"2026-09-03 21:17:00",29549.0,29551.25,29547.75,29550.5,221.0
1788488280000,"2026-09-03 21:18:00",29550.5,29551.25,29547.5,29550.5,262.0
1788488340000,"2026-09-03 21:19:00",29550.5,29551.25,29549.25,29550.75,331.0
1788488400000,"2026-09-03 21:20:00",29550.25,29550.75,29547.0,29549.5,214.0
1788488460000,"2026-09-03 21:21:00",29549.75,29553.5,29547.0,29551.5,698.0
1788488520000,"2026-09-03 21:22:00",29551.25,29552.5,29550.5,29551.5,250.0
1788488580000,"2026-09-03 21:23:00",29550.5,29554.75,29550.5,29553.25,397.0
1788488640000,"2026-09-03 21:24:00",29553.5,29556.5,29553.5,29554.5,538.0
1788488700000,"2026-09-03 21:25:00",29554.75,29555.75,29552.25,29555.25,338.0
1788488760000,"2026-09-03 21:26:00",29554.75,29556.0,29553.0,29556.0,267.0
1788488820000,"2026-09-03 21:27:00",29555.75,29556.25,29553.5,29553.5,259.0
1788488880000,"2026-09-03 21:28:00",29553.25,29554.25,29552.5,29554.0,220.0
1788488940000,"2026-09-03 21:29:00",29554.0,29555.25,29552.75,29555.25,150.0
1788489000000,"2026-09-03 21:30:00",29555.0,29566.0,29555.0,29565.0,1912.0
1788489060000,"2026-09-03 21:31:00",29564.5,29566.75,29558.5,29559.25,809.0
1788489120000,"2026-09-03 21:32:00",29559.5,29562.5,29559.25,29562.25,289.0
1788489180000,"2026-09-03 21:33:00",29562.25,29563.0,29559.0,29559.5,260.0
1788489240000,"2026-09-03 21:34:00",29559.25,29559.75,29549.0,29549.0,609.0
1788489300000,"2026-09-03 21:35:00",29549.5,29551.5,29544.25,29549.25,1366.0
1788489360000,"2026-09-03 21:36:00",29549.25,29552.5,29548.75,29551.5,779.0
1788489420000,"2026-09-03 21:37:00",29551.25,29552.25,29548.75,29549.25,375.0
1788489480000,"2026-09-03 21:38:00",29549.75,29551.75,29548.0,29550.25,278.0
1788489540000,"2026-09-03 21:39:00",29550.5,29552.5,29549.25,29551.5,203.0
1788489600000,"2026-09-03 21:40:00",29552.0,29554.0,29550.75,29553.0,234.0
1788489660000,"2026-09-03 21:41:00",29553.5,29554.5,29552.0,29553.75,242.0
1788489720000,"2026-09-03 21:42:00",29553.75,29555.0,29551.25,29553.5,289.0
1788489780000,"2026-09-03 21:43:00",29553.25,29554.75,29551.75,29552.75,225.0
1788489840000,"2026-09-03 21:44:00",29552.75,29552.75,29545.5,29546.25,602.0
1788489900000,"2026-09-03 21:45:00",29547.0,29547.75,29545.0,29546.25,482.0
1788489960000,"2026-09-03 21:46:00",29546.5,29553.75,29545.5,29553.25,399.0
1788490020000,"2026-09-03 21:47:00",29553.75,29556.0,29550.25,29553.75,476.0
1788490080000,"2026-09-03 21:48:00",29553.5,29559.25,29553.5,29557.25,518.0
1788490140000,"2026-09-03 21:49:00",29557.25,29560.5,29555.5,29559.0,428.0
1788490200000,"2026-09-03 21:50:00",29558.75,29561.75,29555.5,29561.0,597.0
1788490260000,"2026-09-03 21:51:00",29560.5,29564.75,29559.0,29563.0,566.0
1788490320000,"2026-09-03 21:52:00",29563.0,29565.0,29562.5,29563.0,341.0
1788490380000,"2026-09-03 21:53:00",29563.0,29565.25,29563.0,29564.5,242.0
1788490440000,"2026-09-03 21:54:00",29564.5,29568.5,29563.75,29565.5,657.0
1788490500000,"2026-09-03 21:55:00",29565.5,29566.5,29563.25,29564.0,367.0
1788490560000,"2026-09-03 21:56:00",29564.25,29566.0,29563.0,29564.0,302.0
1788490620000,"2026-09-03 21:57:00",29564.0,29564.5,29561.75,29563.5,276.0
1788490680000,"2026-09-03 21:58:00",29563.5,29564.0,29562.5,29562.5,203.0
1788490740000,"2026-09-03 21:59:00",29562.5,29564.75,29562.5,29564.75,251.0
1788490800000,"2026-09-03 22:00:00",29565.0,29566.25,29562.75,29563.75,368.0
1788490860000,"2026-09-03 22:01:00",29564.25,29565.75,29561.25,29564.75,385.0
1788490920000,"2026-09-03 22:02:00",29565.0,29566.75,29564.75,29564.75,308.0
1788490980000,"2026-09-03 22:03:00",29565.0,29566.25,29564.0,29565.25,168.0
1788491040000,"2026-09-03 22:04:00",29565.25,29565.25,29561.5,29563.25,220.0
1788491100000,"2026-09-03 22:05:00",29562.75,29564.25,29562.0,29563.25,168.0
1788491160000,"2026-09-03 22:06:00",29563.5,29565.5,29562.0,29563.0,215.0
1788491220000,"2026-09-03 22:07:00",29562.5,29563.0,29560.75,29561.5,242.0
1788491280000,"2026-09-03 22:08:00",29562.25,29563.25,29561.5,29562.25,109.0
1788491340000,"2026-09-03 22:09:00",29562.5,29563.5,29561.0,29562.5,119.0
1788491400000,"2026-09-03 22:10:00",29563.0,29563.5,29558.75,29560.0,569.0
1788491460000,"2026-09-03 22:11:00",29560.0,29560.5,29557.0,29558.0,366.0
1788491520000,"2026-09-03 22:12:00",29557.5,29559.75,29557.5,29559.0,251.0
1788491580000,"2026-09-03 22:13:00",29560.0,29561.5,29558.75,29560.5,277.0
1788491640000,"2026-09-03 22:14:00",29560.5,29562.25,29559.25,29560.0,261.0
1788491700000,"2026-09-03 22:15:00",29560.5,29565.25,29559.5,29565.25,322.0
1788491760000,"2026-09-03 22:16:00",29565.5,29571.75,29563.25,29567.75,1033.0
1788491820000,"2026-09-03 22:17:00",29567.25,29568.0,29565.75,29567.25,193.0
1788491880000,"2026-09-03 22:18:00",29567.5,29568.25,29566.0,29567.5,287.0
1788491940000,"2026-09-03 22:19:00",29567.75,29577.75,29567.5,29576.5,1260.0
1788492000000,"2026-09-03 22:20:00",29576.25,29577.75,29574.25,29576.25,653.0
1788492060000,"2026-09-03 22:21:00",29576.0,29578.25,29575.0,29575.25,473.0
1788492120000,"2026-09-03 22:22:00",29575.25,29576.0,29571.75,29573.25,517.0
1788492180000,"2026-09-03 22:23:00",29573.5,29573.5,29571.0,29571.75,251.0
1788492240000,"2026-09-03 22:24:00",29571.25,29571.5,29563.0,29566.0,1144.0
1788492300000,"2026-09-03 22:25:00",29566.5,29567.0,29564.0,29564.75,289.0
1788492360000,"2026-09-03 22:26:00",29565.75,29570.25,29565.75,29570.0,369.0
1788492420000,"2026-09-03 22:27:00",29570.5,29571.5,29567.75,29568.5,334.0
1788492480000,"2026-09-03 22:28:00",29568.5,29569.75,29566.25,29568.25,211.0
1788492540000,"2026-09-03 22:29:00",29568.0,29570.5,29567.5,29569.0,120.0
1788492600000,"2026-09-03 22:30:00",29569.5,29572.0,29568.25,29571.25,345.0
1788492660000,"2026-09-03 22:31:00",29571.25,29576.0,29571.0,29575.75,673.0
1788492720000,"2026-09-03 22:32:00",29576.25,29577.0,29572.5,29575.0,262.0
1788492780000,"2026-09-03 22:33:00",29574.25,29576.5,29573.5,29573.5,147.0
1788492840000,"2026-09-03 22:34:00",29574.25,29577.25,29574.0,29576.25,256.0
1788492900000,"2026-09-03 22:35:00",29575.5,29578.25,29574.0,29577.75,186.0
1788492960000,"2026-09-03 22:36:00",29578.0,29578.25,29575.75,29577.25,282.0
1788493020000,"2026-09-03 22:37:00",29577.0,29578.25,29575.75,29577.25,226.0
1788493080000,"2026-09-03 22:38:00",29577.0,29578.0,29576.5,29576.75,183.0
1788493140000,"2026-09-03 22:39:00",29577.25,29579.5,29576.5,29577.0,246.0
1788493200000,"2026-09-03 22:40:00",29577.25,29578.25,29576.0,29576.25,141.0
1788493260000,"2026-09-03 22:41:00",29576.5,29577.0,29573.25,29574.5,301.0
1788493320000,"2026-09-03 22:42:00",29575.25,29575.5,29573.75,29574.0,286.0
1788493380000,"2026-09-03 22:43:00",29573.75,29575.0,29571.25,29571.5,434.0
1788493440000,"2026-09-03 22:44:00",29571.25,29572.0,29566.25,29568.25,644.0
1788493500000,"2026-09-03 22:45:00",29567.75,29570.25,29565.25,29567.0,481.0
1788493560000,"2026-09-03 22:46:00",29566.75,29567.75,29564.0,29564.25,534.0
1788493620000,"2026-09-03 22:47:00",29565.0,29565.5,29563.5,29565.25,182.0
1788493680000,"2026-09-03 22:48:00",29565.0,29566.5,29564.0,29566.0,269.0
1788493740000,"2026-09-03 22:49:00",29566.25,29570.75,29566.25,29570.5,681.0
1788493800000,"2026-09-03 22:50:00",29570.5,29573.5,29569.25,29572.25,482.0
1788493860000,"2026-09-03 22:51:00",29572.75,29572.75,29569.0,29570.25,316.0
1788493920000,"2026-09-03 22:52:00",29570.0,29570.75,29568.5,29569.0,137.0
1788493980000,"2026-09-03 22:53:00",29569.0,29571.5,29568.5,29571.5,152.0
1788494040000,"2026-09-03 22:54:00",29571.75,29572.0,29568.75,29571.0,406.0
1788494100000,"2026-09-03 22:55:00",29570.5,29571.5,29569.0,29569.75,99.0
1788494160000,"2026-09-03 22:56:00",29570.0,29572.75,29569.25,29572.5,168.0
1788494220000,"2026-09-03 22:57:00",29572.25,29573.0,29571.25,29572.25,132.0
1788494280000,"2026-09-03 22:58:00",29572.25,29573.25,29570.75,29571.75,182.0
1788494340000,"2026-09-03 22:59:00",29571.75,29572.0,29569.75,29570.25,127.0
1788494400000,"2026-09-03 23:00:00",29571.0,29572.5,29565.75,29568.5,453.0
1788494460000,"2026-09-03 23:01:00",29568.25,29569.5,29564.75,29566.0,442.0
1788494520000,"2026-09-03 23:02:00",29565.75,29566.25,29560.25,29560.5,993.0
1788494580000,"2026-09-03 23:03:00",29561.0,29562.5,29556.25,29559.5,1046.0
1788494640000,"2026-09-03 23:04:00",29560.0,29562.0,29558.75,29559.75,363.0
1788494700000,"2026-09-03 23:05:00",29560.0,29562.25,29559.75,29561.0,233.0
1788494760000,"2026-09-03 23:06:00",29560.5,29561.75,29557.25,29559.0,331.0
1788494820000,"2026-09-03 23:07:00",29559.5,29559.75,29557.0,29558.25,247.0
1788494880000,"2026-09-03 23:08:00",29559.0,29565.5,29557.5,29565.5,503.0
1788494940000,"2026-09-03 23:09:00",29564.75,29566.25,29563.0,29566.0,182.0
1788495000000,"2026-09-03 23:10:00",29566.5,29568.5,29563.0,29563.0,614.0
1788495060000,"2026-09-03 23:11:00",29563.25,29567.0,29563.0,29566.75,201.0
1788495120000,"2026-09-03 23:12:00",29566.25,29571.0,29565.5,29570.25,447.0
1788495180000,"2026-09-03 23:13:00",29570.75,29575.75,29569.75,29575.25,668.0
1788495240000,"2026-09-03 23:14:00",29575.25,29577.75,29574.75,29575.5,485.0
1788495300000,"2026-09-03 23:15:00",29576.0,29576.25,29571.0,29573.5,535.0
1788495360000,"2026-09-03 23:16:00",29573.5,29575.0,29572.25,29573.5,229.0
1788495420000,"2026-09-03 23:17:00",29573.25,29573.25,29567.75,29569.25,569.0
1788495480000,"2026-09-03 23:18:00",29569.0,29570.5,29567.25,29570.25,231.0
1788495540000,"2026-09-03 23:19:00",29569.75,29570.0,29567.75,29568.75,147.0
1788495600000,"2026-09-03 23:20:00",29568.25,29571.25,29567.5,29570.75,153.0
1788495660000,"2026-09-03 23:21:00",29571.25,29577.0,29571.25,29575.75,369.0
1788495720000,"2026-09-03 23:22:00",29576.5,29577.5,29574.75,29577.0,354.0
1788495780000,"2026-09-03 23:23:00",29577.0,29577.5,29575.5,29576.0,152.0
1788495840000,"2026-09-03 23:24:00",29576.0,29584.75,29575.0,29582.75,1152.0
1788495900000,"2026-09-03 23:25:00",29583.0,29583.0,29578.5,29581.0,552.0
1788495960000,"2026-09-03 23:26:00",29580.75,29583.5,29579.75,29582.75,437.0
1788496020000,"2026-09-03 23:27:00",29583.0,29594.5,29582.5,29590.5,2240.0
1788496080000,"2026-09-03 23:28:00",29590.5,29594.0,29590.0,29592.5,1175.0
1788496140000,"2026-09-03 23:29:00",29592.25,29595.0,29591.75,29593.25,607.0
1788496200000,"2026-09-03 23:30:00",29593.25,29595.25,29591.25,29594.5,645.0
1788496260000,"2026-09-03 23:31:00",29594.75,29599.5,29592.75,29596.25,975.0
1788496320000,"2026-09-03 23:32:00",29595.5,29597.25,29592.25,29594.0,498.0
1788496380000,"2026-09-03 23:33:00",29594.25,29595.25,29593.25,29594.25,185.0
1788496440000,"2026-09-03 23:34:00",29594.0,29601.0,29592.5,29599.75,1030.0
