plan_id,version,trade_date,session,trigger_reason,trigger_class,created_ct,degraded,scenario_id,side,entry,stop,target,condition_text,condition_ever_true,first_true_ct,followed_by_arm,bias_ai,bias_tree,bias_regime,session_direction
2026-09-01:ASIA:8d5c8af5_8ef641a7-815c-4bb5-9798-b070b67d7998_deepseek_1781246265,7,2026-09-01,ASIA,level_event  [seated OB(bear)·4h invalidated: close 29050.50 above 28711.25 (noise 4.30) on ASIA 2026-09-01],wake+change,2026-09-01 23:58:16,0,S1,long,29044,29025,29099.85,[reject] Price touches 29044.00 (SWG-L·15m) and rejects upward | confirm: touch ref=29044 side=below,YES,2026-09-02 00:02:00,arm#29 cancelled @2026-09-01 23:21:03 (no order_update within stale window (reconnect/reconcile)),doc.bias=long/low | planner_read_facts.bias_ai=EMPTY(never written),planner_read_facts.bias_tree=EMPTY(never written),"planner_read_facts: NO ROW for this session/time (table has 17 rows, all 2026-09-03)","DOWN -60.50 (29137.25->29076.75, n=540m)"
2026-09-01:ASIA:8d5c8af5_8ef641a7-815c-4bb5-9798-b070b67d7998_deepseek_1781246265,7,2026-09-01,ASIA,level_event  [seated OB(bear)·4h invalidated: close 29050.50 above 28711.25 (noise 4.30) on ASIA 2026-09-01],wake+change,2026-09-01 23:58:16,0,S2,long,,,,[reclaim] Price reclaims 29062.75 (OR-L) with a 5m close above | confirm: 1x5m_close ref=29062.75 side=above,YES,2026-09-02 00:10:00,none,doc.bias=long/low | planner_read_facts.bias_ai=EMPTY(never written),planner_read_facts.bias_tree=EMPTY(never written),"planner_read_facts: NO ROW for this session/time (table has 17 rows, all 2026-09-03)","DOWN -60.50 (29137.25->29076.75, n=540m)"
2026-09-01:ASIA:8d5c8af5_8ef641a7-815c-4bb5-9798-b070b67d7998_deepseek_1781246265,7,2026-09-01,ASIA,level_event  [seated OB(bear)·4h invalidated: close 29050.50 above 28711.25 (noise 4.30) on ASIA 2026-09-01],wake+change,2026-09-01 23:58:16,0,S3,long,29068.05,29044,29131.66,[reject] Price touches 29068.05 (VWAP−1σ) and rejects upward | confirm: touch ref=29068.05 side=below,YES,2026-09-02 00:14:00,arm#31 cancelled @2026-09-02 00:16:32 (no order_update within stale window (reconnect/reconcile)) ; decision open_long @2026-09-02 00:17:45 EXECUTED,doc.bias=long/low | planner_read_facts.bias_ai=EMPTY(never written),planner_read_facts.bias_tree=EMPTY(never written),"planner_read_facts: NO ROW for this session/time (table has 17 rows, all 2026-09-03)","DOWN -60.50 (29137.25->29076.75, n=540m)"
2026-09-01:ASIA:8d5c8af5_8ef641a7-815c-4bb5-9798-b070b67d7998_deepseek_1781246265,8,2026-09-01,ASIA,level_event  [seated Supply·4h (HTF) invalidated: close 29058.75 above 29029.88 (noise 4.17) on ASIA 2026-09-01],wake+change,2026-09-02 00:19:46,0,S1,long,,,,[sweep_reclaim] Sweep of ONL 29035.25 followed by a 5m close back above 29035.25; entry on that reclaim close. | confirm: touch ref=29035.25 side=below | confirm2: 1x5m_close ref=29035.25 side=above,NO,,none,doc.bias=long/low | planner_read_facts.bias_ai=EMPTY(never written),planner_read_facts.bias_tree=EMPTY(never written),"planner_read_facts: NO ROW for this session/time (table has 17 rows, all 2026-09-03)","DOWN -60.50 (29137.25->29076.75, n=540m)"
2026-09-01:ASIA:8d5c8af5_8ef641a7-815c-4bb5-9798-b070b67d7998_deepseek_1781246265,8,2026-09-01,ASIA,level_event  [seated Supply·4h (HTF) invalidated: close 29058.75 above 29029.88 (noise 4.17) on ASIA 2026-09-01],wake+change,2026-09-02 00:19:46,0,S2,long,,,,"[reclaim] After a dip back under PDC 29058.75, a 5m close back above 29058.75; entry on that close. | confirm: 1x5m_close ref=29058.75 side=above",YES,2026-09-02 00:20:00,none,doc.bias=long/low | planner_read_facts.bias_ai=EMPTY(never written),planner_read_facts.bias_tree=EMPTY(never written),"planner_read_facts: NO ROW for this session/time (table has 17 rows, all 2026-09-03)","DOWN -60.50 (29137.25->29076.75, n=540m)"
2026-09-01:ASIA:8d5c8af5_8ef641a7-815c-4bb5-9798-b070b67d7998_deepseek_1781246265,8,2026-09-01,ASIA,level_event  [seated Supply·4h (HTF) invalidated: close 29058.75 above 29029.88 (noise 4.17) on ASIA 2026-09-01],wake+change,2026-09-02 00:19:46,0,S3,long,,,,[breakout_retest] A 5m close above VWAP 29097.88 followed by a retest of 29097.88 that holds; entry at the retest or stop-entry. | confirm: touch ref=29097.88 side=above,YES,2026-09-02 00:30:00,none,doc.bias=long/low | planner_read_facts.bias_ai=EMPTY(never written),planner_read_facts.bias_tree=EMPTY(never written),"planner_read_facts: NO ROW for this session/time (table has 17 rows, all 2026-09-03)","DOWN -60.50 (29137.25->29076.75, n=540m)"
2026-09-01:ASIA:8d5c8af5_8ef641a7-815c-4bb5-9798-b070b67d7998_deepseek_1781246265,9,2026-09-01,ASIA,"rearmed:2x5m close back above 29035.25 (buffer 0.5×ATR14, 2× 5m closes)",rearm(lifecycle-marker overwrote authoring trigger),2026-09-02 00:47:12,0,S1,long,,,,"[sweep_reclaim] Price sweeps ONL 29035.25 with a wick below, then closes back above it | confirm: touch ref=29035.25 side=below | confirm2: 1x5m_close ref=29035.25 side=above",YES,2026-09-02 01:17:00,none,doc.bias=long/low | planner_read_facts.bias_ai=EMPTY(never written),planner_read_facts.bias_tree=EMPTY(never written),"planner_read_facts: NO ROW for this session/time (table has 17 rows, all 2026-09-03)","DOWN -60.50 (29137.25->29076.75, n=540m)"
2026-09-01:ASIA:8d5c8af5_8ef641a7-815c-4bb5-9798-b070b67d7998_deepseek_1781246265,9,2026-09-01,ASIA,"rearmed:2x5m close back above 29035.25 (buffer 0.5×ATR14, 2× 5m closes)",rearm(lifecycle-marker overwrote authoring trigger),2026-09-02 00:47:12,0,S2,long,,,,[reclaim] Pullback to PDC 29058.75 and 5m close back above it | confirm: 1x5m_close ref=29058.75 side=above,YES,2026-09-02 00:45:00,none,doc.bias=long/low | planner_read_facts.bias_ai=EMPTY(never written),planner_read_facts.bias_tree=EMPTY(never written),"planner_read_facts: NO ROW for this session/time (table has 17 rows, all 2026-09-03)","DOWN -60.50 (29137.25->29076.75, n=540m)"
2026-09-02:LONDON:8d5c8af5_8ef641a7-815c-4bb5-9798-b070b67d7998_deepseek_1781246265,1,2026-09-02,LONDON,planner_fail_closed,fail-closed,2026-09-02 01:37:44,0,S0,long,,,,[hold] none,N/A,,none,doc.bias=neutral/low | planner_read_facts.bias_ai=EMPTY(never written),planner_read_facts.bias_tree=EMPTY(never written),"planner_read_facts: NO ROW for this session/time (table has 17 rows, all 2026-09-03)","UP +21.50 (29076.75->29098.25, n=390m)"
2026-09-01:ASIA:8d5c8af5_8ef641a7-815c-4bb5-9798-b070b67d7998_deepseek_1781246265,10,2026-09-01,ASIA,level_event  [seated OB(bull)·1h invalidated: close 29072.50 below 29085.00 (noise 4.91) on ASIA 2026-09-01],wake+change,2026-09-02 01:51:21,0,S1,long,,,,"[sweep_reclaim] Price sweeps 29016.50 ONL, wicks below, then closes back above on 5m (reclaim close on decision TF). | confirm: touch ref=29016.5 side=below | confirm2: 1m_mss ref=29016.5 side=above",NO,,none,doc.bias=long/low | planner_read_facts.bias_ai=EMPTY(never written),planner_read_facts.bias_tree=EMPTY(never written),"planner_read_facts: NO ROW for this session/time (table has 17 rows, all 2026-09-03)","DOWN -60.50 (29137.25->29076.75, n=540m)"
2026-09-01:ASIA:8d5c8af5_8ef641a7-815c-4bb5-9798-b070b67d7998_deepseek_1781246265,10,2026-09-01,ASIA,level_event  [seated OB(bull)·1h invalidated: close 29072.50 below 29085.00 (noise 4.91) on ASIA 2026-09-01],wake+change,2026-09-02 01:51:21,0,S2,short,29317.25,29342,29212.5,[reject] Price rallies into 29317.25 RTH-H and rejects with a 5m close back below the level. | confirm: touch ref=29317.25 side=above,NO,,decision open_long @2026-09-02 01:51:52 BLOCKED:last_entry_cutoff: past last-entry 01:45 CT (ASIA),doc.bias=long/low | planner_read_facts.bias_ai=EMPTY(never written),planner_read_facts.bias_tree=EMPTY(never written),"planner_read_facts: NO ROW for this session/time (table has 17 rows, all 2026-09-03)","DOWN -60.50 (29137.25->29076.75, n=540m)"
2026-09-02:LONDON:8d5c8af5_8ef641a7-815c-4bb5-9798-b070b67d7998_deepseek_1781246265,2,2026-09-02,LONDON,owner_reset,owner,2026-09-02 07:15:26,0,S1,long,,,,[sweep_reclaim] Price trades below 29001.75 PDL (sweep) and then prints a 5m close back above 29001.75 (reclaim). | confirm: touch ref=29001.75 side=below | confirm2: 1x5m_close ref=29001.75 side=above,NO,,none,doc.bias=long/low | planner_read_facts.bias_ai=EMPTY(never written),planner_read_facts.bias_tree=EMPTY(never written),"planner_read_facts: NO ROW for this session/time (table has 17 rows, all 2026-09-03)","UP +21.50 (29076.75->29098.25, n=390m)"
2026-09-02:LONDON:8d5c8af5_8ef641a7-815c-4bb5-9798-b070b67d7998_deepseek_1781246265,2,2026-09-02,LONDON,owner_reset,owner,2026-09-02 07:15:26,0,S2,long,,,,"[breakout_retest] Price breaks above 29171.25 ONH on the 5m, then pulls back to touch 29171.25 as support. | confirm: touch ref=29171.25 side=above",NO,,none,doc.bias=long/low | planner_read_facts.bias_ai=EMPTY(never written),planner_read_facts.bias_tree=EMPTY(never written),"planner_read_facts: NO ROW for this session/time (table has 17 rows, all 2026-09-03)","UP +21.50 (29076.75->29098.25, n=390m)"
2026-09-02:LONDON:8d5c8af5_8ef641a7-815c-4bb5-9798-b070b67d7998_deepseek_1781246265,2,2026-09-02,LONDON,owner_reset,owner,2026-09-02 07:15:26,0,S3,short,29317.25,29345.25,29246.25,"[reject] Price rallies into 29317.25 RTH-H, wicks above it, and rejects without a 5m close above. | confirm: touch ref=29317.25 side=above",NO,,none,doc.bias=long/low | planner_read_facts.bias_ai=EMPTY(never written),planner_read_facts.bias_tree=EMPTY(never written),"planner_read_facts: NO ROW for this session/time (table has 17 rows, all 2026-09-03)","UP +21.50 (29076.75->29098.25, n=390m)"
2026-09-02:LONDON:8d5c8af5_8ef641a7-815c-4bb5-9798-b070b67d7998_deepseek_1781246265,3,2026-09-02,LONDON,level_event  [seated OB(bull)·4h (HTF) invalidated: close 29123.75 below 29246.25 (noise 6.35) on LONDON 2026-09-02],wake+change,2026-09-02 07:21:59,0,S1,long,,,,[hold] Dips to 29117.48 VWAP+1σ and holds above it; entry on the hold with a 1x5m close above 29117.48 as fallback. | confirm: time_hold ref=29117.48 side=above,NO,,none,doc.bias=long/low | planner_read_facts.bias_ai=EMPTY(never written),planner_read_facts.bias_tree=EMPTY(never written),"planner_read_facts: NO ROW for this session/time (table has 17 rows, all 2026-09-03)","UP +21.50 (29076.75->29098.25, n=390m)"
2026-09-02:LONDON:8d5c8af5_8ef641a7-815c-4bb5-9798-b070b67d7998_deepseek_1781246265,3,2026-09-02,LONDON,level_event  [seated OB(bull)·4h (HTF) invalidated: close 29123.75 below 29246.25 (noise 6.35) on LONDON 2026-09-02],wake+change,2026-09-02 07:21:59,0,S2,long,,,,[reclaim] Undercut of 29058.75 PDC followed by a 1x5m close back above 29058.75. | confirm: 1x5m_close ref=29058.75 side=above,YES,2026-09-02 07:20:00,decision open_long @2026-09-02 07:41:06 EXECUTED,doc.bias=long/low | planner_read_facts.bias_ai=EMPTY(never written),planner_read_facts.bias_tree=EMPTY(never written),"planner_read_facts: NO ROW for this session/time (table has 17 rows, all 2026-09-03)","UP +21.50 (29076.75->29098.25, n=390m)"
2026-09-02:LONDON:8d5c8af5_8ef641a7-815c-4bb5-9798-b070b67d7998_deepseek_1781246265,3,2026-09-02,LONDON,level_event  [seated OB(bull)·4h (HTF) invalidated: close 29123.75 below 29246.25 (noise 6.35) on LONDON 2026-09-02],wake+change,2026-09-02 07:21:59,0,S3,long,,,,[breakout_retest] Thrust through 29171.25 ONH then pullback to 29171.25; a 1x5m close above 29171.25 validates the break-retest. | confirm: 1x5m_close ref=29171.25 side=above,NO,,none,doc.bias=long/low | planner_read_facts.bias_ai=EMPTY(never written),planner_read_facts.bias_tree=EMPTY(never written),"planner_read_facts: NO ROW for this session/time (table has 17 rows, all 2026-09-03)","UP +21.50 (29076.75->29098.25, n=390m)"
2026-09-02:LONDON:8d5c8af5_8ef641a7-815c-4bb5-9798-b070b67d7998_deepseek_1781246265,3,2026-09-02,LONDON,level_event  [seated OB(bull)·4h (HTF) invalidated: close 29123.75 below 29246.25 (noise 6.35) on LONDON 2026-09-02],wake+change,2026-09-02 07:21:59,0,S4,short,29317.25,29350,29246.25,"[reject] First touch of 29317.25 RTH-H from below; short on the touch, structure stop beyond 29324.50. | confirm: touch ref=29317.25 side=below",NO,,none,doc.bias=long/low | planner_read_facts.bias_ai=EMPTY(never written),planner_read_facts.bias_tree=EMPTY(never written),"planner_read_facts: NO ROW for this session/time (table has 17 rows, all 2026-09-03)","UP +21.50 (29076.75->29098.25, n=390m)"
2026-09-02:LONDON:8d5c8af5_8ef641a7-815c-4bb5-9798-b070b67d7998_deepseek_1781246265,3,2026-09-02,LONDON,level_event  [seated OB(bull)·4h (HTF) invalidated: close 29123.75 below 29246.25 (noise 6.35) on LONDON 2026-09-02],wake+change,2026-09-02 07:21:59,0,S5,long,,,,[sweep_reclaim] Re-test of 28927.25 ONL: a sweep below 28927.25 (touch) then a 5m close back above 28927.25; leg-2 is a 1m_mss above 28927.25. | confirm: touch ref=28927.25 side=below | confirm2: 1m_mss ref=28927.25 side=above,NO,,none,doc.bias=long/low | planner_read_facts.bias_ai=EMPTY(never written),planner_read_facts.bias_tree=EMPTY(never written),"planner_read_facts: NO ROW for this session/time (table has 17 rows, all 2026-09-03)","UP +21.50 (29076.75->29098.25, n=390m)"
2026-09-02:LONDON:8d5c8af5_8ef641a7-815c-4bb5-9798-b070b67d7998_deepseek_1781246265,4,2026-09-02,LONDON,level_event  [seated OB(bull)·4h (HTF) invalidated: close 29107.75 below 29246.25 (noise 6.48) on LONDON 2026-09-02],wake+change,2026-09-02 07:44:03,0,S1,long,,,,"[reclaim] Pullback to VWAP 29066.56 holds; wick below 29066.56, then 5m close back above 29066.56 | confirm: 1x5m_close ref=29066.56 side=above",NO,,none,doc.bias=long/low | planner_read_facts.bias_ai=EMPTY(never written),planner_read_facts.bias_tree=EMPTY(never written),"planner_read_facts: NO ROW for this session/time (table has 17 rows, all 2026-09-03)","UP +21.50 (29076.75->29098.25, n=390m)"
2026-09-02:LONDON:8d5c8af5_8ef641a7-815c-4bb5-9798-b070b67d7998_deepseek_1781246265,4,2026-09-02,LONDON,level_event  [seated OB(bull)·4h (HTF) invalidated: close 29107.75 below 29246.25 (noise 6.48) on LONDON 2026-09-02],wake+change,2026-09-02 07:44:03,0,S2,long,,,,"[sweep_reclaim] Sweep below ONL 28927.25, then 5m close back above 28927.25 | confirm: touch ref=28927.25 side=below | confirm2: 1x5m_close ref=28927.25 side=above",NO,,none,doc.bias=long/low | planner_read_facts.bias_ai=EMPTY(never written),planner_read_facts.bias_tree=EMPTY(never written),"planner_read_facts: NO ROW for this session/time (table has 17 rows, all 2026-09-03)","UP +21.50 (29076.75->29098.25, n=390m)"
2026-09-02:LONDON:8d5c8af5_8ef641a7-815c-4bb5-9798-b070b67d7998_deepseek_1781246265,4,2026-09-02,LONDON,level_event  [seated OB(bull)·4h (HTF) invalidated: close 29107.75 below 29246.25 (noise 6.48) on LONDON 2026-09-02],wake+change,2026-09-02 07:44:03,0,S3,long,29001.75,28927.25,29171.25,[reject] First touch of RTH-L 29001.75 rejects back up; no 5m close below 29001.75 | confirm: touch ref=29001.75 side=above,NO,,none,doc.bias=long/low | planner_read_facts.bias_ai=EMPTY(never written),planner_read_facts.bias_tree=EMPTY(never written),"planner_read_facts: NO ROW for this session/time (table has 17 rows, all 2026-09-03)","UP +21.50 (29076.75->29098.25, n=390m)"
2026-09-02:LONDON:8d5c8af5_8ef641a7-815c-4bb5-9798-b070b67d7998_deepseek_1781246265,4,2026-09-02,LONDON,level_event  [seated OB(bull)·4h (HTF) invalidated: close 29107.75 below 29246.25 (noise 6.48) on LONDON 2026-09-02],wake+change,2026-09-02 07:44:03,0,S4,long,,,,[breakout_retest] 5m closes above ONH 29171.25; pullback retests 29171.25 | confirm: 1x5m_close ref=29171.25 side=above | confirm2: touch ref=29171.25 side=above,NO,,none,doc.bias=long/low | planner_read_facts.bias_ai=EMPTY(never written),planner_read_facts.bias_tree=EMPTY(never written),"planner_read_facts: NO ROW for this session/time (table has 17 rows, all 2026-09-03)","UP +21.50 (29076.75->29098.25, n=390m)"
2026-09-02:LONDON:8d5c8af5_8ef641a7-815c-4bb5-9798-b070b67d7998_deepseek_1781246265,4,2026-09-02,LONDON,level_event  [seated OB(bull)·4h (HTF) invalidated: close 29107.75 below 29246.25 (noise 6.48) on LONDON 2026-09-02],wake+change,2026-09-02 07:44:03,0,S5,short,,,,[reject] First touch of RTH-H 29317.25 rejects back down; no 5m close above 29317.25 | confirm: touch ref=29317.25 side=below,NO,,none,doc.bias=long/low | planner_read_facts.bias_ai=EMPTY(never written),planner_read_facts.bias_tree=EMPTY(never written),"planner_read_facts: NO ROW for this session/time (table has 17 rows, all 2026-09-03)","UP +21.50 (29076.75->29098.25, n=390m)"
2026-09-02:LONDON:8d5c8af5_8ef641a7-815c-4bb5-9798-b070b67d7998_deepseek_1781246265,5,2026-09-02,LONDON,level_event  [seated OB(bull)·4h (HTF) invalidated: close 29069.75 below 29246.25 (noise 6.38) on LONDON 2026-09-02],wake+change,2026-09-02 08:01:50,0,S1,long,29014.19,28985.5,29171.25,[reject] Price pulls into VWAP−1σ 29014.19 and leaves a rejection with price holding above it. | confirm: touch ref=29014.19 side=above,NO,,none,doc.bias=long/low | planner_read_facts.bias_ai=EMPTY(never written),planner_read_facts.bias_tree=EMPTY(never written),"planner_read_facts: NO ROW for this session/time (table has 17 rows, all 2026-09-03)","UP +21.50 (29076.75->29098.25, n=390m)"
2026-09-02:LONDON:8d5c8af5_8ef641a7-815c-4bb5-9798-b070b67d7998_deepseek_1781246265,5,2026-09-02,LONDON,level_event  [seated OB(bull)·4h (HTF) invalidated: close 29069.75 below 29246.25 (noise 6.38) on LONDON 2026-09-02],wake+change,2026-09-02 08:01:50,0,S2,long,,,,[sweep_reclaim] Price sweeps ONL 28927.25 and prints a 1m MSS back above it. | confirm: touch ref=28927.25 side=below | confirm2: 1m_mss ref=28927.25 side=above,NO,,none,doc.bias=long/low | planner_read_facts.bias_ai=EMPTY(never written),planner_read_facts.bias_tree=EMPTY(never written),"planner_read_facts: NO ROW for this session/time (table has 17 rows, all 2026-09-03)","UP +21.50 (29076.75->29098.25, n=390m)"
2026-09-02:LONDON:8d5c8af5_8ef641a7-815c-4bb5-9798-b070b67d7998_deepseek_1781246265,5,2026-09-02,LONDON,level_event  [seated OB(bull)·4h (HTF) invalidated: close 29069.75 below 29246.25 (noise 6.38) on LONDON 2026-09-02],wake+change,2026-09-02 08:01:50,0,S3,short,,,,"[reject] Price rallies into RTH-H 29317.25 and rejects, leaving price below it. | confirm: touch ref=29317.25 side=below",NO,,none,doc.bias=long/low | planner_read_facts.bias_ai=EMPTY(never written),planner_read_facts.bias_tree=EMPTY(never written),"planner_read_facts: NO ROW for this session/time (table has 17 rows, all 2026-09-03)","UP +21.50 (29076.75->29098.25, n=390m)"
2026-09-02:NY:8d5c8af5_8ef641a7-815c-4bb5-9798-b070b67d7998_deepseek_1781246265,1,2026-09-02,NY,"dormant:flip:flip-condition: 5m_close close above 29058.75 (buffer 0.5×ATR14, 6× 5m closes) → bias long",flip(lifecycle-marker overwrote authoring trigger),2026-09-02 08:09:44,0,S1,long,,,,"[sweep_reclaim] price returns to ONL 28927.25, sweeps below it, then prints a 1x5m close back above 28927.25 | confirm: touch ref=28927.25 side=below | confirm2: 1x5m_close ref=28927.25 side=above",NO,,none,doc.bias=neutral/low | planner_read_facts.bias_ai=EMPTY(never written),planner_read_facts.bias_tree=EMPTY(never written),"planner_read_facts: NO ROW for this session/time (table has 17 rows, all 2026-09-03)","UP +76.75 (29098.25->29175.00, n=375m)"
2026-09-02:NY:8d5c8af5_8ef641a7-815c-4bb5-9798-b070b67d7998_deepseek_1781246265,1,2026-09-02,NY,"dormant:flip:flip-condition: 5m_close close above 29058.75 (buffer 0.5×ATR14, 6× 5m closes) → bias long",flip(lifecycle-marker overwrote authoring trigger),2026-09-02 08:09:44,0,S2,long,,,,[reclaim] 1x5m close back above PDC 29058.75 after holding above 29014.14 | confirm: 1x5m_close ref=29058.75 side=above,YES,2026-09-02 08:10:00,none,doc.bias=neutral/low | planner_read_facts.bias_ai=EMPTY(never written),planner_read_facts.bias_tree=EMPTY(never written),"planner_read_facts: NO ROW for this session/time (table has 17 rows, all 2026-09-03)","UP +76.75 (29098.25->29175.00, n=375m)"
2026-09-02:NY:8d5c8af5_8ef641a7-815c-4bb5-9798-b070b67d7998_deepseek_1781246265,1,2026-09-02,NY,"dormant:flip:flip-condition: 5m_close close above 29058.75 (buffer 0.5×ATR14, 6× 5m closes) → bias long",flip(lifecycle-marker overwrote authoring trigger),2026-09-02 08:09:44,0,S3,long,,,,[reject] price trades down into VWAP−1σ 29014.14 and stalls/rejects before reaching 29001.75 | confirm: touch ref=29014.14 side=above,NO,,none,doc.bias=neutral/low | planner_read_facts.bias_ai=EMPTY(never written),planner_read_facts.bias_tree=EMPTY(never written),"planner_read_facts: NO ROW for this session/time (table has 17 rows, all 2026-09-03)","UP +76.75 (29098.25->29175.00, n=375m)"
2026-09-02:NY:8d5c8af5_8ef641a7-815c-4bb5-9798-b070b67d7998_deepseek_1781246265,1,2026-09-02,NY,"dormant:flip:flip-condition: 5m_close close above 29058.75 (buffer 0.5×ATR14, 6× 5m closes) → bias long",flip(lifecycle-marker overwrote authoring trigger),2026-09-02 08:09:44,0,S4,short,29317.25,29343,29246.25,[reject] first touch of 29317.25 RTH-H after an up move fails to hold above it | confirm: touch ref=29317.25 side=below,NO,,none,doc.bias=neutral/low | planner_read_facts.bias_ai=EMPTY(never written),planner_read_facts.bias_tree=EMPTY(never written),"planner_read_facts: NO ROW for this session/time (table has 17 rows, all 2026-09-03)","UP +76.75 (29098.25->29175.00, n=375m)"
2026-09-02:LONDON:8d5c8af5_8ef641a7-815c-4bb5-9798-b070b67d7998_deepseek_1781246265,6,2026-09-02,LONDON,level_event  [seated OB(bull)·1h (HTF) invalidated: close 29040.00 below 29324.50 (noise 6.47) on LONDON 2026-09-02],wake+change,2026-09-02 08:20:47,0,S1,long,,,,[reject] Touch of 29014.42 VWAP−1σ with a 5m bullish reject closing back above 29014.42. | confirm: touch ref=29014.42 side=above,NO,,none,doc.bias=long/low | planner_read_facts.bias_ai=EMPTY(never written),planner_read_facts.bias_tree=EMPTY(never written),"planner_read_facts: NO ROW for this session/time (table has 17 rows, all 2026-09-03)","UP +21.50 (29076.75->29098.25, n=390m)"
2026-09-02:LONDON:8d5c8af5_8ef641a7-815c-4bb5-9798-b070b67d7998_deepseek_1781246265,6,2026-09-02,LONDON,level_event  [seated OB(bull)·1h (HTF) invalidated: close 29040.00 below 29324.50 (noise 6.47) on LONDON 2026-09-02],wake+change,2026-09-02 08:20:47,0,S2,long,29001.75,28975.75,29058.75,[reject] Touch of 29001.75 RTH-L with a 5m bullish reject closing back above 29001.75. | confirm: touch ref=29001.75 side=above,NO,,none,doc.bias=long/low | planner_read_facts.bias_ai=EMPTY(never written),planner_read_facts.bias_tree=EMPTY(never written),"planner_read_facts: NO ROW for this session/time (table has 17 rows, all 2026-09-03)","UP +21.50 (29076.75->29098.25, n=390m)"
2026-09-02:LONDON:8d5c8af5_8ef641a7-815c-4bb5-9798-b070b67d7998_deepseek_1781246265,6,2026-09-02,LONDON,level_event  [seated OB(bull)·1h (HTF) invalidated: close 29040.00 below 29324.50 (noise 6.47) on LONDON 2026-09-02],wake+change,2026-09-02 08:20:47,0,S3,long,,,,"[sweep_reclaim] Sweep below 28927.25 ONL, then a 5m close back above 28927.25. | confirm: touch ref=28927.25 side=below | confirm2: 1x5m_close ref=28927.25 side=above",NO,,none,doc.bias=long/low | planner_read_facts.bias_ai=EMPTY(never written),planner_read_facts.bias_tree=EMPTY(never written),"planner_read_facts: NO ROW for this session/time (table has 17 rows, all 2026-09-03)","UP +21.50 (29076.75->29098.25, n=390m)"
2026-09-02:LONDON:8d5c8af5_8ef641a7-815c-4bb5-9798-b070b67d7998_deepseek_1781246265,6,2026-09-02,LONDON,level_event  [seated OB(bull)·1h (HTF) invalidated: close 29040.00 below 29324.50 (noise 6.47) on LONDON 2026-09-02],wake+change,2026-09-02 08:20:47,0,S4,long,,,,"[breakout_retest] Break above 29171.25 ONH, then pullback retest holds above 29171.25. | confirm: touch ref=29171.25 side=above",NO,,none,doc.bias=long/low | planner_read_facts.bias_ai=EMPTY(never written),planner_read_facts.bias_tree=EMPTY(never written),"planner_read_facts: NO ROW for this session/time (table has 17 rows, all 2026-09-03)","UP +21.50 (29076.75->29098.25, n=390m)"
2026-09-02:NY:8d5c8af5_8ef641a7-815c-4bb5-9798-b070b67d7998_deepseek_1781246265,2,2026-09-02,NY,level_event  [seated OB(bull)·4h (HTF) invalidated: close 29098.25 below 29246.25 (noise 6.93) on NY 2026-09-02],wake+change,2026-09-02 08:45:28,0,S1,long,,,,"[sweep_reclaim] Wick below 29042.75 OR-L, then a 5m close back above 29042.75 confirms the sweep-reclaim | confirm: touch ref=29042.75 side=below | confirm2: 1x5m_close ref=29042.75 side=above",YES,2026-09-02 08:49:00,none,doc.bias=long/low | planner_read_facts.bias_ai=EMPTY(never written),planner_read_facts.bias_tree=EMPTY(never written),"planner_read_facts: NO ROW for this session/time (table has 17 rows, all 2026-09-03)","UP +76.75 (29098.25->29175.00, n=375m)"
2026-09-02:NY:8d5c8af5_8ef641a7-815c-4bb5-9798-b070b67d7998_deepseek_1781246265,2,2026-09-02,NY,level_event  [seated OB(bull)·4h (HTF) invalidated: close 29098.25 below 29246.25 (noise 6.93) on NY 2026-09-02],wake+change,2026-09-02 08:45:28,0,S2,long,,,,"[breakout_retest] 5m close above 29115.10 VWAP+1σ, then retest holds above 29115.10 | confirm: 1x5m_close ref=29115.1 side=above",YES,2026-09-02 09:10:00,none,doc.bias=long/low | planner_read_facts.bias_ai=EMPTY(never written),planner_read_facts.bias_tree=EMPTY(never written),"planner_read_facts: NO ROW for this session/time (table has 17 rows, all 2026-09-03)","UP +76.75 (29098.25->29175.00, n=375m)"
2026-09-02:NY:8d5c8af5_8ef641a7-815c-4bb5-9798-b070b67d7998_deepseek_1781246265,2,2026-09-02,NY,level_event  [seated OB(bull)·4h (HTF) invalidated: close 29098.25 below 29246.25 (noise 6.93) on NY 2026-09-02],wake+change,2026-09-02 08:45:28,0,S3,long,,,,"[reclaim] Pullback to 29102.00 OR-H, then 5m close back above 29102.00 | confirm: 1x5m_close ref=29102 side=above",YES,2026-09-02 09:10:00,none,doc.bias=long/low | planner_read_facts.bias_ai=EMPTY(never written),planner_read_facts.bias_tree=EMPTY(never written),"planner_read_facts: NO ROW for this session/time (table has 17 rows, all 2026-09-03)","UP +76.75 (29098.25->29175.00, n=375m)"
2026-09-02:NY:8d5c8af5_8ef641a7-815c-4bb5-9798-b070b67d7998_deepseek_1781246265,3,2026-09-02,NY,level_event  [seated OB(bull)·4h (HTF) invalidated: close 29062.50 below 29246.25 (noise 7.95) on NY 2026-09-02],wake+change,2026-09-02 09:21:18,0,S1,long,,,,[reclaim] Reclaim of VWAP+1σ 29111.58 with a 1x5m close above 29111.58 after the current 09:00 push. | confirm: 1x5m_close ref=29111.58 side=above,YES,2026-09-02 09:20:00,none,doc.bias=long/low | planner_read_facts.bias_ai=EMPTY(never written),planner_read_facts.bias_tree=EMPTY(never written),"planner_read_facts: NO ROW for this session/time (table has 17 rows, all 2026-09-03)","UP +76.75 (29098.25->29175.00, n=375m)"
2026-09-02:NY:8d5c8af5_8ef641a7-815c-4bb5-9798-b070b67d7998_deepseek_1781246265,3,2026-09-02,NY,level_event  [seated OB(bull)·4h (HTF) invalidated: close 29062.50 below 29246.25 (noise 7.95) on NY 2026-09-02],wake+change,2026-09-02 09:21:18,0,S2,long,,,,[sweep_reclaim] Sweep of 28927.25 ONL then a 1m_mss back above 28927.25. | confirm: touch ref=28927.25 side=below | confirm2: 1m_mss ref=28927.25 side=above,NO,,none,doc.bias=long/low | planner_read_facts.bias_ai=EMPTY(never written),planner_read_facts.bias_tree=EMPTY(never written),"planner_read_facts: NO ROW for this session/time (table has 17 rows, all 2026-09-03)","UP +76.75 (29098.25->29175.00, n=375m)"
2026-09-02:NY:8d5c8af5_8ef641a7-815c-4bb5-9798-b070b67d7998_deepseek_1781246265,3,2026-09-02,NY,level_event  [seated OB(bull)·4h (HTF) invalidated: close 29062.50 below 29246.25 (noise 7.95) on NY 2026-09-02],wake+change,2026-09-02 09:21:18,0,S3,long,,,,"[breakout_retest] Break above 29171.25 ONH with a 1x5m close, then a pullback retest holds 29171.25. | confirm: 1x5m_close ref=29171.25 side=above | confirm2: touch ref=29171.25 side=above",YES,2026-09-02 09:20:00,decision open_long @2026-09-02 09:41:05 EXECUTED,doc.bias=long/low | planner_read_facts.bias_ai=EMPTY(never written),planner_read_facts.bias_tree=EMPTY(never written),"planner_read_facts: NO ROW for this session/time (table has 17 rows, all 2026-09-03)","UP +76.75 (29098.25->29175.00, n=375m)"
2026-09-02:NY:8d5c8af5_8ef641a7-815c-4bb5-9798-b070b67d7998_deepseek_1781246265,3,2026-09-02,NY,level_event  [seated OB(bull)·4h (HTF) invalidated: close 29062.50 below 29246.25 (noise 7.95) on NY 2026-09-02],wake+change,2026-09-02 09:21:18,0,S4,short,29317.25,29355,29209.25,[reject] First touch of 29317.25 RTH-H in premium above the 29286.38 mid rejects; fade only on the touch. | confirm: touch ref=29317.25 side=above,NO,,none,doc.bias=long/low | planner_read_facts.bias_ai=EMPTY(never written),planner_read_facts.bias_tree=EMPTY(never written),"planner_read_facts: NO ROW for this session/time (table has 17 rows, all 2026-09-03)","UP +76.75 (29098.25->29175.00, n=375m)"
2026-09-02:NY:8d5c8af5_8ef641a7-815c-4bb5-9798-b070b67d7998_deepseek_1781246265,4,2026-09-02,NY,level_event  [seated OB(bull)·4h (HTF) invalidated: close 29187.50 below 29246.25 (noise 8.12) on NY 2026-09-02],wake+change,2026-09-02 09:45:52,0,S1,long,29135.65,29099,29209.25,[reject] Price pulls back to 29135.65 VWAP+1σ and rejects on touch | confirm: touch ref=29135.65 side=above,YES,2026-09-02 09:53:00,none,doc.bias=long/low | planner_read_facts.bias_ai=EMPTY(never written),planner_read_facts.bias_tree=EMPTY(never written),"planner_read_facts: NO ROW for this session/time (table has 17 rows, all 2026-09-03)","UP +76.75 (29098.25->29175.00, n=375m)"
2026-09-02:NY:8d5c8af5_8ef641a7-815c-4bb5-9798-b070b67d7998_deepseek_1781246265,4,2026-09-02,NY,level_event  [seated OB(bull)·4h (HTF) invalidated: close 29187.50 below 29246.25 (noise 8.12) on NY 2026-09-02],wake+change,2026-09-02 09:45:52,0,S2,short,29317.25,29354,29209.25,[reject] Price rallies to 29317.25 RTH-H and rejects on touch | confirm: touch ref=29317.25 side=below,NO,,none,doc.bias=long/low | planner_read_facts.bias_ai=EMPTY(never written),planner_read_facts.bias_tree=EMPTY(never written),"planner_read_facts: NO ROW for this session/time (table has 17 rows, all 2026-09-03)","UP +76.75 (29098.25->29175.00, n=375m)"
2026-09-02:NY:8d5c8af5_8ef641a7-815c-4bb5-9798-b070b67d7998_deepseek_1781246265,5,2026-09-02,NY,level_event  [seated OB(bull)·4h (HTF) invalidated: close 29120.25 below 29246.25 (noise 8.57) on NY 2026-09-02],wake+change,2026-09-02 10:22:33,0,S1,long,,,,"[reclaim] Price prints a 5m close back above VWAP+1σ 29143.97, reclaiming the session magnet after this morning's 29106.25 sweep-reclaim; the close confirms the 15m higher-low recovery. | confirm: 1x5m_close ref=29143.97 side=above",YES,2026-09-02 10:20:00,none,doc.bias=long/low | planner_read_facts.bias_ai=EMPTY(never written),planner_read_facts.bias_tree=EMPTY(never written),"planner_read_facts: NO ROW for this session/time (table has 17 rows, all 2026-09-03)","UP +76.75 (29098.25->29175.00, n=375m)"
2026-09-02:NY:8d5c8af5_8ef641a7-815c-4bb5-9798-b070b67d7998_deepseek_1781246265,5,2026-09-02,NY,level_event  [seated OB(bull)·4h (HTF) invalidated: close 29120.25 below 29246.25 (noise 8.57) on NY 2026-09-02],wake+change,2026-09-02 10:22:33,0,S2,long,29102,29060,29209.25,[reject] Price retraces into the 29102.00 OR-H / 29106.25 sweep-low cluster and the first touch at 29102.00 rejects upward — a re-test of the consumed 15m sweep zone as a new setup. | confirm: touch ref=29102 side=above,NO,,none,doc.bias=long/low | planner_read_facts.bias_ai=EMPTY(never written),planner_read_facts.bias_tree=EMPTY(never written),"planner_read_facts: NO ROW for this session/time (table has 17 rows, all 2026-09-03)","UP +76.75 (29098.25->29175.00, n=375m)"
2026-09-02:NY:8d5c8af5_8ef641a7-815c-4bb5-9798-b070b67d7998_deepseek_1781246265,5,2026-09-02,NY,level_event  [seated OB(bull)·4h (HTF) invalidated: close 29120.25 below 29246.25 (noise 8.57) on NY 2026-09-02],wake+change,2026-09-02 10:22:33,0,S3,long,29058.75,29020,29143.97,[sweep_reclaim] Price sweeps below PDC 29058.75 (resting stops under the flattened 29017.25–29111.25 shelf) and a 1m MSS back above 29058.75 confirms the reclaim; a 5m close back above 29058.75 is the delayed confirmation alternative. | confirm: touch ref=29058.75 side=below | confirm2: 1m_mss ref=29058.75 side=above,NO,,arm#32 cancelled @2026-09-02 10:30:30 (session ended (EOD flat)),doc.bias=long/low | planner_read_facts.bias_ai=EMPTY(never written),planner_read_facts.bias_tree=EMPTY(never written),"planner_read_facts: NO ROW for this session/time (table has 17 rows, all 2026-09-03)","UP +76.75 (29098.25->29175.00, n=375m)"
2026-09-02:NY:8d5c8af5_8ef641a7-815c-4bb5-9798-b070b67d7998_deepseek_1781246265,5,2026-09-02,NY,level_event  [seated OB(bull)·4h (HTF) invalidated: close 29120.25 below 29246.25 (noise 8.57) on NY 2026-09-02],wake+change,2026-09-02 10:22:33,0,S4,long,,,,[breakout_retest] A 5m close above ONH 29171.25 breaks the day's consolidation high; the retest touch at 29171.25 from above is the continuation long entry (stop-entry fallback if no retest prints). | confirm: 1x5m_close ref=29171.25 side=above | confirm2: touch ref=29171.25 side=above,YES,2026-09-02 10:20:00,decision open_long @2026-09-02 10:37:18 EXECUTED,doc.bias=long/low | planner_read_facts.bias_ai=EMPTY(never written),planner_read_facts.bias_tree=EMPTY(never written),"planner_read_facts: NO ROW for this session/time (table has 17 rows, all 2026-09-03)","UP +76.75 (29098.25->29175.00, n=375m)"
2026-09-02:NY:8d5c8af5_8ef641a7-815c-4bb5-9798-b070b67d7998_deepseek_1781246265,6,2026-09-02,NY,level_event  [seated OB(bull)·4h (HTF) invalidated: close 29205.00 below 29246.25 (noise 8.35) on NY 2026-09-02],wake+change,2026-09-02 10:50:53,0,S1,long,,,,[reclaim] Retest of 29171.25 ONH holds; 1x5m close back above 29171.25 after a dip. | confirm: 1x5m_close ref=29171.25 side=above,YES,2026-09-02 10:55:00,none,doc.bias=long/low | planner_read_facts.bias_ai=EMPTY(never written),planner_read_facts.bias_tree=EMPTY(never written),"planner_read_facts: NO ROW for this session/time (table has 17 rows, all 2026-09-03)","UP +76.75 (29098.25->29175.00, n=375m)"
2026-09-02:NY:8d5c8af5_8ef641a7-815c-4bb5-9798-b070b67d7998_deepseek_1781246265,6,2026-09-02,NY,level_event  [seated OB(bull)·4h (HTF) invalidated: close 29205.00 below 29246.25 (noise 8.35) on NY 2026-09-02],wake+change,2026-09-02 10:50:53,0,S2,long,,,,[hold] Pullback to 29153.35 VWAP+1σ stabilizes; 1x5m close above 29153.35. | confirm: 1x5m_close ref=29153.35 side=above,YES,2026-09-02 10:55:00,none,doc.bias=long/low | planner_read_facts.bias_ai=EMPTY(never written),planner_read_facts.bias_tree=EMPTY(never written),"planner_read_facts: NO ROW for this session/time (table has 17 rows, all 2026-09-03)","UP +76.75 (29098.25->29175.00, n=375m)"
2026-09-02:NY:8d5c8af5_8ef641a7-815c-4bb5-9798-b070b67d7998_deepseek_1781246265,6,2026-09-02,NY,level_event  [seated OB(bull)·4h (HTF) invalidated: close 29205.00 below 29246.25 (noise 8.35) on NY 2026-09-02],wake+change,2026-09-02 10:50:53,0,S3,long,,,,[breakout_retest] Break above 29209.25 Supply·1h while 29171.25 ONH holds as support; retest of 29209.25 holds. | confirm: touch ref=29209.25 side=above,NO,,none,doc.bias=long/low | planner_read_facts.bias_ai=EMPTY(never written),planner_read_facts.bias_tree=EMPTY(never written),"planner_read_facts: NO ROW for this session/time (table has 17 rows, all 2026-09-03)","UP +76.75 (29098.25->29175.00, n=375m)"
2026-09-02:NY:8d5c8af5_8ef641a7-815c-4bb5-9798-b070b67d7998_deepseek_1781246265,6,2026-09-02,NY,level_event  [seated OB(bull)·4h (HTF) invalidated: close 29205.00 below 29246.25 (noise 8.35) on NY 2026-09-02],wake+change,2026-09-02 10:50:53,0,S4,long,,,,[sweep_reclaim] Sweep below 29001.75 RTH-L (wick through 29001.75) then 5m close back above 29001.75. | confirm: touch ref=29001.75 side=below | confirm2: 1x5m_close ref=29001.75 side=above,NO,,none,doc.bias=long/low | planner_read_facts.bias_ai=EMPTY(never written),planner_read_facts.bias_tree=EMPTY(never written),"planner_read_facts: NO ROW for this session/time (table has 17 rows, all 2026-09-03)","UP +76.75 (29098.25->29175.00, n=375m)"
2026-09-02:NY:8d5c8af5_8ef641a7-815c-4bb5-9798-b070b67d7998_deepseek_1781246265,7,2026-09-02,NY,level_event  [seated OB(bull)·4h (HTF) invalidated: close 29186.25 below 29246.25 (noise 7.45) on NY 2026-09-02],wake+change,2026-09-02 11:20:19,0,S1,long,,,,[sweep_reclaim] Price sweeps below ONH 29171.25 and prints a 5m close back above 29171.25 (reclaim close); invalid if 5m close below 29158.47 VWAP+1σ. | confirm: 1x5m_close ref=29171.25 side=above,NO,,none,doc.bias=long/low | planner_read_facts.bias_ai=EMPTY(never written),planner_read_facts.bias_tree=EMPTY(never written),"planner_read_facts: NO ROW for this session/time (table has 17 rows, all 2026-09-03)","UP +76.75 (29098.25->29175.00, n=375m)"
2026-09-02:NY:8d5c8af5_8ef641a7-815c-4bb5-9798-b070b67d7998_deepseek_1781246265,7,2026-09-02,NY,level_event  [seated OB(bull)·4h (HTF) invalidated: close 29186.25 below 29246.25 (noise 7.45) on NY 2026-09-02],wake+change,2026-09-02 11:20:19,0,S2,long,,,,[reclaim] Dip touches 29158.47 VWAP+1σ and price prints a 5m close back above 29158.47; invalid if 5m close below 29102.00 OR-H. | confirm: 1x5m_close ref=29158.47 side=above,YES,2026-09-02 11:20:00,none,doc.bias=long/low | planner_read_facts.bias_ai=EMPTY(never written),planner_read_facts.bias_tree=EMPTY(never written),"planner_read_facts: NO ROW for this session/time (table has 17 rows, all 2026-09-03)","UP +76.75 (29098.25->29175.00, n=375m)"
2026-09-02:NY:8d5c8af5_8ef641a7-815c-4bb5-9798-b070b67d7998_deepseek_1781246265,7,2026-09-02,NY,level_event  [seated OB(bull)·4h (HTF) invalidated: close 29186.25 below 29246.25 (noise 7.45) on NY 2026-09-02],wake+change,2026-09-02 11:20:19,0,S3,long,,,,"[breakout_retest] Break above 29209.25 Supply·1h (15m LH 29208.50) with a 5m close, then retest touch of 29209.25 holds; invalid if 5m close back below 29171.25 ONH. | confirm: touch ref=29209.25 side=above",NO,,none,doc.bias=long/low | planner_read_facts.bias_ai=EMPTY(never written),planner_read_facts.bias_tree=EMPTY(never written),"planner_read_facts: NO ROW for this session/time (table has 17 rows, all 2026-09-03)","UP +76.75 (29098.25->29175.00, n=375m)"
2026-09-02:NY:8d5c8af5_8ef641a7-815c-4bb5-9798-b070b67d7998_deepseek_1781246265,7,2026-09-02,NY,level_event  [seated OB(bull)·4h (HTF) invalidated: close 29186.25 below 29246.25 (noise 7.45) on NY 2026-09-02],wake+change,2026-09-02 11:20:19,0,S4,short,29317.25,29348,29246.25,[reject] First touch of 29317.25 RTH-H fails and 5m close prints back below 29317.25; invalid if 5m close above 29317.25. | confirm: touch ref=29317.25 side=below,NO,,none,doc.bias=long/low | planner_read_facts.bias_ai=EMPTY(never written),planner_read_facts.bias_tree=EMPTY(never written),"planner_read_facts: NO ROW for this session/time (table has 17 rows, all 2026-09-03)","UP +76.75 (29098.25->29175.00, n=375m)"
2026-09-02:NY:8d5c8af5_8ef641a7-815c-4bb5-9798-b070b67d7998_deepseek_1781246265,8,2026-09-02,NY,level_event  [seated OB(bull)·4h (HTF) invalidated: close 29138.50 below 29246.25 (noise 7.23) on NY 2026-09-02],wake+change,2026-09-02 11:47:10,0,S1,long,,,,[reclaim] Price reclaims VWAP+1σ 29161.16 with a 1x5m close above | confirm: 1x5m_close ref=29161.16 side=above,YES,2026-09-02 11:50:00,none,doc.bias=long/low | planner_read_facts.bias_ai=EMPTY(never written),planner_read_facts.bias_tree=EMPTY(never written),"planner_read_facts: NO ROW for this session/time (table has 17 rows, all 2026-09-03)","UP +76.75 (29098.25->29175.00, n=375m)"
2026-09-02:NY:8d5c8af5_8ef641a7-815c-4bb5-9798-b070b67d7998_deepseek_1781246265,8,2026-09-02,NY,level_event  [seated OB(bull)·4h (HTF) invalidated: close 29138.50 below 29246.25 (noise 7.23) on NY 2026-09-02],wake+change,2026-09-02 11:47:10,0,S2,long,29058.75,29032,29161.16,[reject] Price touches PDC 29058.75 and rejects | confirm: touch ref=29058.75 side=above,NO,,none,doc.bias=long/low | planner_read_facts.bias_ai=EMPTY(never written),planner_read_facts.bias_tree=EMPTY(never written),"planner_read_facts: NO ROW for this session/time (table has 17 rows, all 2026-09-03)","UP +76.75 (29098.25->29175.00, n=375m)"
2026-09-02:NY:8d5c8af5_8ef641a7-815c-4bb5-9798-b070b67d7998_deepseek_1781246265,9,2026-09-02,NY,level_event  [seated OB(bull)·4h (HTF) invalidated: close 29144.75 below 29246.25 (noise 7.16) on NY 2026-09-02],wake+change,2026-09-02 12:25:10,0,S1,long,,,,"[sweep_reclaim] After 13:30 CT, a 5m push below 29058.75 sweeps toward 29042.75 and a 1m_mss closes back above 29058.75. | confirm: touch ref=29058.75 side=below | confirm2: 1m_mss ref=29058.75 side=above",NO,,none,doc.bias=long/low | planner_read_facts.bias_ai=EMPTY(never written),planner_read_facts.bias_tree=EMPTY(never written),"planner_read_facts: NO ROW for this session/time (table has 17 rows, all 2026-09-03)","UP +76.75 (29098.25->29175.00, n=375m)"
2026-09-02:NY:8d5c8af5_8ef641a7-815c-4bb5-9798-b070b67d7998_deepseek_1781246265,9,2026-09-02,NY,level_event  [seated OB(bull)·4h (HTF) invalidated: close 29144.75 below 29246.25 (noise 7.16) on NY 2026-09-02],wake+change,2026-09-02 12:25:10,0,S2,long,,,,"[breakout_retest] 1x5m close above 29171.25 ONH, then a pullback retest holds 29171.25. | confirm: touch ref=29171.25 side=above",YES,2026-09-02 12:45:00,none,doc.bias=long/low | planner_read_facts.bias_ai=EMPTY(never written),planner_read_facts.bias_tree=EMPTY(never written),"planner_read_facts: NO ROW for this session/time (table has 17 rows, all 2026-09-03)","UP +76.75 (29098.25->29175.00, n=375m)"
2026-09-02:NY:8d5c8af5_8ef641a7-815c-4bb5-9798-b070b67d7998_deepseek_1781246265,9,2026-09-02,NY,level_event  [seated OB(bull)·4h (HTF) invalidated: close 29144.75 below 29246.25 (noise 7.16) on NY 2026-09-02],wake+change,2026-09-02 12:25:10,0,S3,short,29317.25,29344.75,29246.25,[reject] First touch of 29317.25 RTH-H stalls/rejects; stop above 29344.75; enter short only on touch. | confirm: touch ref=29317.25 side=below,NO,,none,doc.bias=long/low | planner_read_facts.bias_ai=EMPTY(never written),planner_read_facts.bias_tree=EMPTY(never written),"planner_read_facts: NO ROW for this session/time (table has 17 rows, all 2026-09-03)","UP +76.75 (29098.25->29175.00, n=375m)"
2026-09-02:NY:8d5c8af5_8ef641a7-815c-4bb5-9798-b070b67d7998_deepseek_1781246265,10,2026-09-02,NY,level_event  [seated OB(bull)·4h (HTF) invalidated: close 29158.75 below 29246.25 (noise 6.85) on NY 2026-09-02],wake+change,2026-09-02 13:02:15,0,S1,long,29163.99,29138.75,29246.25,[reject] Price pulls back to 29163.99 VWAP+1σ after 13:30 and attempts a 5m reversal from the band. | confirm: touch ref=29163.99 side=below,YES,2026-09-02 13:05:00,none,doc.bias=long/low | planner_read_facts.bias_ai=EMPTY(never written),planner_read_facts.bias_tree=EMPTY(never written),"planner_read_facts: NO ROW for this session/time (table has 17 rows, all 2026-09-03)","UP +76.75 (29098.25->29175.00, n=375m)"
2026-09-02:NY:8d5c8af5_8ef641a7-815c-4bb5-9798-b070b67d7998_deepseek_1781246265,10,2026-09-02,NY,level_event  [seated OB(bull)·4h (HTF) invalidated: close 29158.75 below 29246.25 (noise 6.85) on NY 2026-09-02],wake+change,2026-09-02 13:02:15,0,S2,long,,,,[sweep_reclaim] Price sweeps 29001.75 RTH-L and then prints a 5m close back above it. | confirm: touch ref=29001.75 side=below | confirm2: 1x5m_close ref=29001.75 side=above,NO,,none,doc.bias=long/low | planner_read_facts.bias_ai=EMPTY(never written),planner_read_facts.bias_tree=EMPTY(never written),"planner_read_facts: NO ROW for this session/time (table has 17 rows, all 2026-09-03)","UP +76.75 (29098.25->29175.00, n=375m)"
2026-09-02:NY:8d5c8af5_8ef641a7-815c-4bb5-9798-b070b67d7998_deepseek_1781246265,10,2026-09-02,NY,level_event  [seated OB(bull)·4h (HTF) invalidated: close 29158.75 below 29246.25 (noise 6.85) on NY 2026-09-02],wake+change,2026-09-02 13:02:15,0,S3,short,29317.25,29342.5,29246.25,[reject] A rally into 29317.25 RTH-H after 13:30 pokes above and rejects; this is the allowed premium short. | confirm: touch ref=29317.25 side=above,NO,,none,doc.bias=long/low | planner_read_facts.bias_ai=EMPTY(never written),planner_read_facts.bias_tree=EMPTY(never written),"planner_read_facts: NO ROW for this session/time (table has 17 rows, all 2026-09-03)","UP +76.75 (29098.25->29175.00, n=375m)"
2026-09-02:NY:8d5c8af5_8ef641a7-815c-4bb5-9798-b070b67d7998_deepseek_1781246265,10,2026-09-02,NY,level_event  [seated OB(bull)·4h (HTF) invalidated: close 29158.75 below 29246.25 (noise 6.85) on NY 2026-09-02],wake+change,2026-09-02 13:02:15,0,S4,short,29058.75,29086.75,28927.25,[reject] Price pulls back to 29058.75 PDC and rejects back down; 29058.75 is the entry. | confirm: touch ref=29058.75 side=below,NO,,none,doc.bias=long/low | planner_read_facts.bias_ai=EMPTY(never written),planner_read_facts.bias_tree=EMPTY(never written),"planner_read_facts: NO ROW for this session/time (table has 17 rows, all 2026-09-03)","UP +76.75 (29098.25->29175.00, n=375m)"
2026-09-02:NY:8d5c8af5_8ef641a7-815c-4bb5-9798-b070b67d7998_deepseek_1781246265,11,2026-09-02,NY,level_event  [seated OB(bull)·4h (HTF) invalidated: close 29147.00 below 29246.25 (noise 6.46) on NY 2026-09-02],wake+change,2026-09-02 13:28:36,0,S1,long,,,,"[reclaim] 1x5m close above 29165.06 VWAP+1σ reclaims the magnet; long for 29171.25 ONH first, then 29209.25 Supply·1h and 29246.25 OB(bull)·4h. | confirm: 1x5m_close ref=29165.06 side=above",NO,,none,doc.bias=long/low | planner_read_facts.bias_ai=EMPTY(never written),planner_read_facts.bias_tree=EMPTY(never written),"planner_read_facts: NO ROW for this session/time (table has 17 rows, all 2026-09-03)","UP +76.75 (29098.25->29175.00, n=375m)"
2026-09-02:NY:8d5c8af5_8ef641a7-815c-4bb5-9798-b070b67d7998_deepseek_1781246265,11,2026-09-02,NY,level_event  [seated OB(bull)·4h (HTF) invalidated: close 29147.00 below 29246.25 (noise 6.46) on NY 2026-09-02],wake+change,2026-09-02 13:28:36,0,S2,long,29001.75,28972.75,29102,"[reject] Clean retest of RTH-L 29001.75; limit long with structure stop 28972.75, target 29102.00 OR-H. | confirm: touch ref=29001.75 side=above",NO,,none,doc.bias=long/low | planner_read_facts.bias_ai=EMPTY(never written),planner_read_facts.bias_tree=EMPTY(never written),"planner_read_facts: NO ROW for this session/time (table has 17 rows, all 2026-09-03)","UP +76.75 (29098.25->29175.00, n=375m)"
2026-09-02:NY:8d5c8af5_8ef641a7-815c-4bb5-9798-b070b67d7998_deepseek_1781246265,11,2026-09-02,NY,level_event  [seated OB(bull)·4h (HTF) invalidated: close 29147.00 below 29246.25 (noise 6.46) on NY 2026-09-02],wake+change,2026-09-02 13:28:36,0,S3,long,,,,[sweep_reclaim] Sweep of ONL 28927.25 followed by a 5m close back above 28927.25 (wick alone is not enough); long the reclaim. | confirm: 1x5m_close ref=28927.25 side=above,YES,2026-09-02 13:25:00,none,doc.bias=long/low | planner_read_facts.bias_ai=EMPTY(never written),planner_read_facts.bias_tree=EMPTY(never written),"planner_read_facts: NO ROW for this session/time (table has 17 rows, all 2026-09-03)","UP +76.75 (29098.25->29175.00, n=375m)"
2026-09-02:NY:8d5c8af5_8ef641a7-815c-4bb5-9798-b070b67d7998_deepseek_1781246265,11,2026-09-02,NY,level_event  [seated OB(bull)·4h (HTF) invalidated: close 29147.00 below 29246.25 (noise 6.46) on NY 2026-09-02],wake+change,2026-09-02 13:28:36,0,S4,short,29317.25,29345.25,29246.25,"[reject] Stretched rally to RTH-H 29317.25 above the 50% mark; first-touch rejection short with structure stop 29345.25, target 29246.25. | confirm: touch ref=29317.25 side=below",NO,,none,doc.bias=long/low | planner_read_facts.bias_ai=EMPTY(never written),planner_read_facts.bias_tree=EMPTY(never written),"planner_read_facts: NO ROW for this session/time (table has 17 rows, all 2026-09-03)","UP +76.75 (29098.25->29175.00, n=375m)"
2026-09-02:NY:8d5c8af5_8ef641a7-815c-4bb5-9798-b070b67d7998_deepseek_1781246265,12,2026-09-02,NY,level_event  [seated OB(bull)·4h (HTF) invalidated: close 29136.50 below 29246.25 (noise 6.56) on NY 2026-09-02],wake+change,2026-09-02 13:56:59,0,S1,long,,,,"[sweep_reclaim] Sweep of VWAP−1σ 29050.13 toward OR-L 29042.75, then a 5m close back above 29050.13 | confirm: 1x5m_close ref=29050.13 side=above",YES,2026-09-02 13:55:00,none,doc.bias=long/low | planner_read_facts.bias_ai=EMPTY(never written),planner_read_facts.bias_tree=EMPTY(never written),"planner_read_facts: NO ROW for this session/time (table has 17 rows, all 2026-09-03)","UP +76.75 (29098.25->29175.00, n=375m)"
2026-09-02:NY:8d5c8af5_8ef641a7-815c-4bb5-9798-b070b67d7998_deepseek_1781246265,12,2026-09-02,NY,level_event  [seated OB(bull)·4h (HTF) invalidated: close 29136.50 below 29246.25 (noise 6.56) on NY 2026-09-02],wake+change,2026-09-02 13:56:59,0,S2,long,,,,[reclaim] Price loses VWAP 29108.47 and a 5m close returns above 29108.47 | confirm: 1x5m_close ref=29108.47 side=above,YES,2026-09-02 13:55:00,none,doc.bias=long/low | planner_read_facts.bias_ai=EMPTY(never written),planner_read_facts.bias_tree=EMPTY(never written),"planner_read_facts: NO ROW for this session/time (table has 17 rows, all 2026-09-03)","UP +76.75 (29098.25->29175.00, n=375m)"
2026-09-02:NY:8d5c8af5_8ef641a7-815c-4bb5-9798-b070b67d7998_deepseek_1781246265,12,2026-09-02,NY,level_event  [seated OB(bull)·4h (HTF) invalidated: close 29136.50 below 29246.25 (noise 6.56) on NY 2026-09-02],wake+change,2026-09-02 13:56:59,0,S3,short,29166.8,29199.5,29058.75,[reject] Rally to VWAP+1σ 29166.80 and failure to accept; enter short below 29166.80 | confirm: touch ref=29166.8 side=below,YES,2026-09-02 14:09:00,"arm#33 cancelled @2026-09-02 14:10:29 (level accepted through — marketable, never placed)",doc.bias=long/low | planner_read_facts.bias_ai=EMPTY(never written),planner_read_facts.bias_tree=EMPTY(never written),"planner_read_facts: NO ROW for this session/time (table has 17 rows, all 2026-09-03)","UP +76.75 (29098.25->29175.00, n=375m)"
2026-09-02:ASIA:8d5c8af5_8ef641a7-815c-4bb5-9798-b070b67d7998_deepseek_1781246265,1,2026-09-02,ASIA,ASIA_scheduled_read,scheduled,2026-09-02 16:36:02,0,S1,long,,,,"[reclaim] Price pulls back to 29113.89 VWAP and prints a 5m close back above 29113.89, reclaiming the mean after the 29212.50 sweep-up failed. | confirm: 1x5m_close ref=29113.89 side=above",YES,2026-09-02 17:00:00,none,doc.bias=long/low | planner_read_facts.bias_ai=EMPTY(never written),planner_read_facts.bias_tree=EMPTY(never written),"planner_read_facts: NO ROW for this session/time (table has 17 rows, all 2026-09-03)","DOWN -2.25 (29175.75->29173.50, n=540m)"
2026-09-02:ASIA:8d5c8af5_8ef641a7-815c-4bb5-9798-b070b67d7998_deepseek_1781246265,1,2026-09-02,ASIA,ASIA_scheduled_read,scheduled,2026-09-02 16:36:02,0,S2,long,,,,"[sweep_reclaim] Price sweeps below 29042.75 OR-L to collect stops, then prints a 1m MSS up and a 5m close back above 29042.75. | confirm: touch ref=29042.75 side=below | confirm2: 1x5m_close ref=29042.75 side=above",NO,,none,doc.bias=long/low | planner_read_facts.bias_ai=EMPTY(never written),planner_read_facts.bias_tree=EMPTY(never written),"planner_read_facts: NO ROW for this session/time (table has 17 rows, all 2026-09-03)","DOWN -2.25 (29175.75->29173.50, n=540m)"
2026-09-02:ASIA:8d5c8af5_8ef641a7-815c-4bb5-9798-b070b67d7998_deepseek_1781246265,1,2026-09-02,ASIA,ASIA_scheduled_read,scheduled,2026-09-02 16:36:02,0,S3,long,,,,"[breakout_retest] Price breaks above 29171.25 ONH, pulls back, and holds the 29171.25 retest as support. | confirm: touch ref=29171.25 side=above",YES,2026-09-02 17:00:00,none,doc.bias=long/low | planner_read_facts.bias_ai=EMPTY(never written),planner_read_facts.bias_tree=EMPTY(never written),"planner_read_facts: NO ROW for this session/time (table has 17 rows, all 2026-09-03)","DOWN -2.25 (29175.75->29173.50, n=540m)"
2026-09-02:ASIA:8d5c8af5_8ef641a7-815c-4bb5-9798-b070b67d7998_deepseek_1781246265,1,2026-09-02,ASIA,ASIA_scheduled_read,scheduled,2026-09-02 16:36:02,0,S4,short,,,,"[sweep_reclaim] Price rallies above 29317.25 PDH, sweeps the high, then prints a 5m close back below 29317.25. | confirm: touch ref=29317.25 side=above | confirm2: 1x5m_close ref=29317.25 side=below",NO,,none,doc.bias=long/low | planner_read_facts.bias_ai=EMPTY(never written),planner_read_facts.bias_tree=EMPTY(never written),"planner_read_facts: NO ROW for this session/time (table has 17 rows, all 2026-09-03)","DOWN -2.25 (29175.75->29173.50, n=540m)"
2026-09-02:ASIA:8d5c8af5_8ef641a7-815c-4bb5-9798-b070b67d7998_deepseek_1781246265,2,2026-09-02,ASIA,level_event  [seated iFVG(bear)·4h (HTF) invalidated: close 29185.50 above 29004.50 (noise 5.28) on ASIA 2026-09-02],wake+change,2026-09-02 17:18:29,0,S1,short,,,,[sweep_reclaim] Price sweeps above 29189.25 ONH (the draw) and delivers a 1m_mss close back below 29189.25; premium short allowed by branch 5. | confirm: touch ref=29189.25 side=above | confirm2: 1m_mss ref=29189.25 side=below,YES,2026-09-02 17:20:00,none,doc.bias=long/low | planner_read_facts.bias_ai=EMPTY(never written),planner_read_facts.bias_tree=EMPTY(never written),"planner_read_facts: NO ROW for this session/time (table has 17 rows, all 2026-09-03)","DOWN -2.25 (29175.75->29173.50, n=540m)"
2026-09-02:ASIA:8d5c8af5_8ef641a7-815c-4bb5-9798-b070b67d7998_deepseek_1781246265,2,2026-09-02,ASIA,level_event  [seated iFVG(bear)·4h (HTF) invalidated: close 29185.50 above 29004.50 (noise 5.28) on ASIA 2026-09-02],wake+change,2026-09-02 17:18:29,0,S2,long,,,,[sweep_reclaim] Price sweeps below 29149.00 ONL and reclaims with a 1m_mss close back above 29149.00; discount long only per branch 5. | confirm: touch ref=29149 side=below | confirm2: 1m_mss ref=29149 side=above,NO,,none,doc.bias=long/low | planner_read_facts.bias_ai=EMPTY(never written),planner_read_facts.bias_tree=EMPTY(never written),"planner_read_facts: NO ROW for this session/time (table has 17 rows, all 2026-09-03)","DOWN -2.25 (29175.75->29173.50, n=540m)"
2026-09-02:ASIA:8d5c8af5_8ef641a7-815c-4bb5-9798-b070b67d7998_deepseek_1781246265,3,2026-09-02,ASIA,level_event  [seated OB(bull)·1h (HTF) invalidated: close 29195.50 below 29324.50 (noise 4.95) on ASIA 2026-09-02],wake+change,2026-09-02 17:50:56,0,S1,short,,,,"[sweep_reclaim] Sweep of ONH 29208.75 / Supply 29209.25 (wick above 29208.75), then 5m close back below 29208.75 | confirm: touch ref=29208.75 side=above | confirm2: 1x5m_close ref=29208.75 side=below",NO,,none,doc.bias=neutral/low | planner_read_facts.bias_ai=EMPTY(never written),planner_read_facts.bias_tree=EMPTY(never written),"planner_read_facts: NO ROW for this session/time (table has 17 rows, all 2026-09-03)","DOWN -2.25 (29175.75->29173.50, n=540m)"
2026-09-02:ASIA:8d5c8af5_8ef641a7-815c-4bb5-9798-b070b67d7998_deepseek_1781246265,3,2026-09-02,ASIA,level_event  [seated OB(bull)·1h (HTF) invalidated: close 29195.50 below 29324.50 (noise 4.95) on ASIA 2026-09-02],wake+change,2026-09-02 17:50:56,0,S2,long,,,,"[sweep_reclaim] Sweep below ONL 29149.00, then 5m close back above 29149.00 | confirm: touch ref=29149 side=below | confirm2: 1x5m_close ref=29149 side=above",NO,,none,doc.bias=neutral/low | planner_read_facts.bias_ai=EMPTY(never written),planner_read_facts.bias_tree=EMPTY(never written),"planner_read_facts: NO ROW for this session/time (table has 17 rows, all 2026-09-03)","DOWN -2.25 (29175.75->29173.50, n=540m)"
2026-09-02:ASIA:8d5c8af5_8ef641a7-815c-4bb5-9798-b070b67d7998_deepseek_1781246265,3,2026-09-02,ASIA,level_event  [seated OB(bull)·1h (HTF) invalidated: close 29195.50 below 29324.50 (noise 4.95) on ASIA 2026-09-02],wake+change,2026-09-02 17:50:56,0,S3,short,29199.68,29216.25,29149,[reject] Touch of VWAP+1σ 29199.68 rejects and rotates back below 29199.68 | confirm: touch ref=29199.68 side=below,NO,,none,doc.bias=neutral/low | planner_read_facts.bias_ai=EMPTY(never written),planner_read_facts.bias_tree=EMPTY(never written),"planner_read_facts: NO ROW for this session/time (table has 17 rows, all 2026-09-03)","DOWN -2.25 (29175.75->29173.50, n=540m)"
2026-09-02:ASIA:8d5c8af5_8ef641a7-815c-4bb5-9798-b070b67d7998_deepseek_1781246265,4,2026-09-02,ASIA,level_event  [seated OB(bull)·1h invalidated: close 29195.50 below 29212.50 (noise 5.12) on ASIA 2026-09-02],wake+change,2026-09-02 18:04:42,0,S1,short,29208.75,29228.75,29149,"[reject] After the 16:00 1h sweep-up, a retest of ONH 29208.75 into Supply·1h 29209.25 that wicks and rejects on touch is a short. | confirm: touch ref=29208.75 side=below",NO,,none,doc.bias=neutral/low | planner_read_facts.bias_ai=EMPTY(never written),planner_read_facts.bias_tree=EMPTY(never written),"planner_read_facts: NO ROW for this session/time (table has 17 rows, all 2026-09-03)","DOWN -2.25 (29175.75->29173.50, n=540m)"
2026-09-02:ASIA:8d5c8af5_8ef641a7-815c-4bb5-9798-b070b67d7998_deepseek_1781246265,4,2026-09-02,ASIA,level_event  [seated OB(bull)·1h invalidated: close 29195.50 below 29212.50 (noise 5.12) on ASIA 2026-09-02],wake+change,2026-09-02 18:04:42,0,S2,long,,,,"[sweep_reclaim] A sweep below 29149.00 ONL into/near 29136.25 Demand·4h, then a 5m close back above 29149.00, confirms the reclaim and starts a long. | confirm: touch ref=29149 side=below | confirm2: 1x5m_close ref=29149 side=above",NO,,none,doc.bias=neutral/low | planner_read_facts.bias_ai=EMPTY(never written),planner_read_facts.bias_tree=EMPTY(never written),"planner_read_facts: NO ROW for this session/time (table has 17 rows, all 2026-09-03)","DOWN -2.25 (29175.75->29173.50, n=540m)"
2026-09-02:ASIA:8d5c8af5_8ef641a7-815c-4bb5-9798-b070b67d7998_deepseek_1781246265,4,2026-09-02,ASIA,level_event  [seated OB(bull)·1h invalidated: close 29195.50 below 29212.50 (noise 5.12) on ASIA 2026-09-02],wake+change,2026-09-02 18:04:42,0,S3,short,29149,29170,29058.75,"[reject] A retest of 29149.00 ONL from below that wicks and rejects on touch is a short; the close back above 29149.00 voided the prior break attempt, so this is a fresh reject rather than a continuation. | confirm: touch ref=29149 side=below",NO,,none,doc.bias=neutral/low | planner_read_facts.bias_ai=EMPTY(never written),planner_read_facts.bias_tree=EMPTY(never written),"planner_read_facts: NO ROW for this session/time (table has 17 rows, all 2026-09-03)","DOWN -2.25 (29175.75->29173.50, n=540m)"
2026-09-02:ASIA:8d5c8af5_8ef641a7-815c-4bb5-9798-b070b67d7998_deepseek_1781246265,5,2026-09-02,ASIA,level_event  [seated OB(bull)·1h (HTF) invalidated: close 29181.50 below 29324.50 (noise 4.87) on ASIA 2026-09-02],wake+change,2026-09-02 18:21:05,0,S1,short,29197.57,29212.5,29149,[reject] Touch of 29197.57 VWAP+1σ in the thin Asia tape; first-touch fade from the top of value. | confirm: touch ref=29197.57 side=below,NO,,none,doc.bias=neutral/low | planner_read_facts.bias_ai=EMPTY(never written),planner_read_facts.bias_tree=EMPTY(never written),"planner_read_facts: NO ROW for this session/time (table has 17 rows, all 2026-09-03)","DOWN -2.25 (29175.75->29173.50, n=540m)"
2026-09-02:ASIA:8d5c8af5_8ef641a7-815c-4bb5-9798-b070b67d7998_deepseek_1781246265,5,2026-09-02,ASIA,level_event  [seated OB(bull)·1h (HTF) invalidated: close 29181.50 below 29324.50 (noise 4.87) on ASIA 2026-09-02],wake+change,2026-09-02 18:21:05,0,S2,long,,,,[sweep_reclaim] Sweep below 29149.00 ONL followed by a 5m close back above 29149.00. | confirm: touch ref=29149 side=above | confirm2: 1x5m_close ref=29149 side=above,NO,,none,doc.bias=neutral/low | planner_read_facts.bias_ai=EMPTY(never written),planner_read_facts.bias_tree=EMPTY(never written),"planner_read_facts: NO ROW for this session/time (table has 17 rows, all 2026-09-03)","DOWN -2.25 (29175.75->29173.50, n=540m)"
2026-09-02:ASIA:8d5c8af5_8ef641a7-815c-4bb5-9798-b070b67d7998_deepseek_1781246265,5,2026-09-02,ASIA,level_event  [seated OB(bull)·1h (HTF) invalidated: close 29181.50 below 29324.50 (noise 4.87) on ASIA 2026-09-02],wake+change,2026-09-02 18:21:05,0,S3,long,,,,[breakout_retest] Break and 5m close above 29208.75 ONH; retest of 29208.75 holds as support. | confirm: 1x5m_close ref=29208.75 side=above | confirm2: touch ref=29208.75 side=above,NO,,none,doc.bias=neutral/low | planner_read_facts.bias_ai=EMPTY(never written),planner_read_facts.bias_tree=EMPTY(never written),"planner_read_facts: NO ROW for this session/time (table has 17 rows, all 2026-09-03)","DOWN -2.25 (29175.75->29173.50, n=540m)"
2026-09-02:ASIA:8d5c8af5_8ef641a7-815c-4bb5-9798-b070b67d7998_deepseek_1781246265,5,2026-09-02,ASIA,level_event  [seated OB(bull)·1h (HTF) invalidated: close 29181.50 below 29324.50 (noise 4.87) on ASIA 2026-09-02],wake+change,2026-09-02 18:21:05,0,S4,short,,,,[reject] Touch of 29149.00 ONL from below after the close back across the level; rejection back down triggers the short instead of a breakdown continuation. | confirm: touch ref=29149 side=below,NO,,none,doc.bias=neutral/low | planner_read_facts.bias_ai=EMPTY(never written),planner_read_facts.bias_tree=EMPTY(never written),"planner_read_facts: NO ROW for this session/time (table has 17 rows, all 2026-09-03)","DOWN -2.25 (29175.75->29173.50, n=540m)"
2026-09-02:ASIA:8d5c8af5_8ef641a7-815c-4bb5-9798-b070b67d7998_deepseek_1781246265,6,2026-09-02,ASIA,level_event  [seated OB(bull)·1h (HTF) invalidated: close 29172.50 below 29324.50 (noise 4.76) on ASIA 2026-09-02],wake+change,2026-09-02 18:43:33,0,S1,long,,,,[sweep_reclaim] Sweep of 29149.00 ONL wicks below; a 1m MSS or close back above 29149.00 invites a long on the reclaim. | confirm: 1m_mss ref=29149 side=above,NO,,none,doc.bias=short/low | planner_read_facts.bias_ai=EMPTY(never written),planner_read_facts.bias_tree=EMPTY(never written),"planner_read_facts: NO ROW for this session/time (table has 17 rows, all 2026-09-03)","DOWN -2.25 (29175.75->29173.50, n=540m)"
2026-09-02:ASIA:8d5c8af5_8ef641a7-815c-4bb5-9798-b070b67d7998_deepseek_1781246265,6,2026-09-02,ASIA,level_event  [seated OB(bull)·1h (HTF) invalidated: close 29172.50 below 29324.50 (noise 4.76) on ASIA 2026-09-02],wake+change,2026-09-02 18:43:33,0,S2,short,29209.25,29223,29181.64,"[reject] Rally into the 29208.75 ONH liquidity pool, which coincides with 29209.25 Supply·1h; first-touch sell at 29209.25 with stop beyond 29212.50/29223.00 structure. | confirm: touch ref=29209.25 side=below",YES,2026-09-02 18:46:00,decision open_short @2026-09-02 18:48:49 BLOCKED:entry_gate: entry_gate: stop 29231.00 too close (25.25 < 450 ; decision open_short @2026-09-02 18:50:36 BLOCKED:entry_gate: entry_gate: stop 29226.50 too close (21.00 < 450 ; decision open_short @2026-09-02 18:52:33 BLOCKED:entry_gate: entry_gate: stop 29230.00 too close (22.00 < 450 ; decision open_short @2026-09-02 19:00:23 BLOCKED:entry_gate: entry_gate: R:R 1.42 below floor 2.00 at executi,doc.bias=short/low | planner_read_facts.bias_ai=EMPTY(never written),planner_read_facts.bias_tree=EMPTY(never written),"planner_read_facts: NO ROW for this session/time (table has 17 rows, all 2026-09-03)","DOWN -2.25 (29175.75->29173.50, n=540m)"
2026-09-02:ASIA:8d5c8af5_8ef641a7-815c-4bb5-9798-b070b67d7998_deepseek_1781246265,6,2026-09-02,ASIA,level_event  [seated OB(bull)·1h (HTF) invalidated: close 29172.50 below 29324.50 (noise 4.76) on ASIA 2026-09-02],wake+change,2026-09-02 18:43:33,0,S3,short,,,,[reject] Rally stalls at the 29317.25 PDH react zone; first-touch sell at 29317.25 with stop beyond 29324.50. | confirm: touch ref=29317.25 side=below,NO,,none,doc.bias=short/low | planner_read_facts.bias_ai=EMPTY(never written),planner_read_facts.bias_tree=EMPTY(never written),"planner_read_facts: NO ROW for this session/time (table has 17 rows, all 2026-09-03)","DOWN -2.25 (29175.75->29173.50, n=540m)"
2026-09-02:ASIA:8d5c8af5_8ef641a7-815c-4bb5-9798-b070b67d7998_deepseek_1781246265,7,2026-09-02,ASIA,level_event  [seated OB(bull)·1h invalidated: close 29201.00 below 29212.50 (noise 4.41) on ASIA 2026-09-02],wake+change,2026-09-02 19:02:39,0,S1,short,29218.25,29232,29149,[reject] Price retests 29218.25 ONH after the 18:45 sweep-reclaim and rejects; enter short on touch at 29218.25. | confirm: touch ref=29218.25 side=above,NO,,none,doc.bias=short/medium | planner_read_facts.bias_ai=EMPTY(never written),planner_read_facts.bias_tree=EMPTY(never written),"planner_read_facts: NO ROW for this session/time (table has 17 rows, all 2026-09-03)","DOWN -2.25 (29175.75->29173.50, n=540m)"
2026-09-02:ASIA:8d5c8af5_8ef641a7-815c-4bb5-9798-b070b67d7998_deepseek_1781246265,7,2026-09-02,ASIA,level_event  [seated OB(bull)·1h invalidated: close 29201.00 below 29212.50 (noise 4.41) on ASIA 2026-09-02],wake+change,2026-09-02 19:02:39,0,S2,long,,,,"[sweep_reclaim] Price sweeps 29149.00 ONL, then closes back above it; on the 1m MSS above 29149.00, enter long with stop below the sweep extreme. | confirm: touch ref=29149 side=below | confirm2: 1m_mss ref=29149 side=above",YES,2026-09-02 19:16:00,none,doc.bias=short/medium | planner_read_facts.bias_ai=EMPTY(never written),planner_read_facts.bias_tree=EMPTY(never written),"planner_read_facts: NO ROW for this session/time (table has 17 rows, all 2026-09-03)","DOWN -2.25 (29175.75->29173.50, n=540m)"
2026-08-31:WEEKLY:8d5c8af5_8ef641a7-815c-4bb5-9798-b070b67d7998_deepseek_1781246265,1,2026-08-31,WEEKLY,weekly_boot_backfill,boot-backfill,2026-09-02 19:06:24,0,,,,,,(no scenarios),,,,doc.bias=neutral/ | planner_read_facts.bias_ai=EMPTY(never written),planner_read_facts.bias_tree=EMPTY(never written),"planner_read_facts: NO ROW for this session/time (table has 17 rows, all 2026-09-03)",n/a
2026-09-02:ASIA:8d5c8af5_8ef641a7-815c-4bb5-9798-b070b67d7998_deepseek_1781246265,8,2026-09-02,ASIA,"dormant:flip:flip-condition: 2x5m close above 29175.66 (buffer 0.5×ATR14, 2× 5m closes) → bias long",flip(lifecycle-marker overwrote authoring trigger),2026-09-02 20:05:55,0,S1,short,29157.03,29175.66,29102,[reject] price touches 29157.03 VWAP−1σ and rejects | confirm: touch ref=29157.03 side=below,NO,,none,doc.bias=short/low | planner_read_facts.bias_ai=EMPTY(never written),planner_read_facts.bias_tree=EMPTY(never written),"planner_read_facts: NO ROW for this session/time (table has 17 rows, all 2026-09-03)","DOWN -2.25 (29175.75->29173.50, n=540m)"
2026-09-02:ASIA:8d5c8af5_8ef641a7-815c-4bb5-9798-b070b67d7998_deepseek_1781246265,8,2026-09-02,ASIA,"dormant:flip:flip-condition: 2x5m close above 29175.66 (buffer 0.5×ATR14, 2× 5m closes) → bias long",flip(lifecycle-marker overwrote authoring trigger),2026-09-02 20:05:55,0,S2,short,29141.25,29157.03,29102,[reject] price touches 29141.25 ONL and rejects | confirm: touch ref=29141.25 side=below,NO,,none,doc.bias=short/low | planner_read_facts.bias_ai=EMPTY(never written),planner_read_facts.bias_tree=EMPTY(never written),"planner_read_facts: NO ROW for this session/time (table has 17 rows, all 2026-09-03)","DOWN -2.25 (29175.75->29173.50, n=540m)"
2026-09-02:ASIA:8d5c8af5_8ef641a7-815c-4bb5-9798-b070b67d7998_deepseek_1781246265,8,2026-09-02,ASIA,"dormant:flip:flip-condition: 2x5m close above 29175.66 (buffer 0.5×ATR14, 2× 5m closes) → bias long",flip(lifecycle-marker overwrote authoring trigger),2026-09-02 20:05:55,0,S3,short,29175.66,29194.3,29136.25,[reject] price touches 29175.66 VWAP and rejects | confirm: touch ref=29175.66 side=below,YES,2026-09-02 20:06:00,none,doc.bias=short/low | planner_read_facts.bias_ai=EMPTY(never written),planner_read_facts.bias_tree=EMPTY(never written),"planner_read_facts: NO ROW for this session/time (table has 17 rows, all 2026-09-03)","DOWN -2.25 (29175.75->29173.50, n=540m)"
2026-09-02:ASIA:8d5c8af5_8ef641a7-815c-4bb5-9798-b070b67d7998_deepseek_1781246265,9,2026-09-02,ASIA,level_event  [seated OB(bull)·1h invalidated: close 29176.00 below 29324.50 (noise 4.51) on ASIA 2026-09-02],wake+change,2026-09-02 20:38:20,0,S1,short,,,,[reject] Price touches 29200.50 SWG-H·5m and rejects with an upper shadow or 1m MSS down | confirm: touch ref=29200.5 side=below,NO,,none,doc.bias=short/low | planner_read_facts.bias_ai=EMPTY(never written),planner_read_facts.bias_tree=EMPTY(never written),"planner_read_facts: NO ROW for this session/time (table has 17 rows, all 2026-09-03)","DOWN -2.25 (29175.75->29173.50, n=540m)"
2026-09-02:ASIA:8d5c8af5_8ef641a7-815c-4bb5-9798-b070b67d7998_deepseek_1781246265,9,2026-09-02,ASIA,level_event  [seated OB(bull)·1h invalidated: close 29176.00 below 29324.50 (noise 4.51) on ASIA 2026-09-02],wake+change,2026-09-02 20:38:20,0,S2,short,,,,[reject] Price retests 29176.29 VWAP from below and rejects with an upper shadow or 1m MSS down | confirm: touch ref=29176.29 side=below,YES,2026-09-02 20:39:00,decision open_short @2026-09-02 20:53:52 BLOCKED:entry_gate: entry_gate: R:R 1.73 below floor 2.00 at executi,doc.bias=short/low | planner_read_facts.bias_ai=EMPTY(never written),planner_read_facts.bias_tree=EMPTY(never written),"planner_read_facts: NO ROW for this session/time (table has 17 rows, all 2026-09-03)","DOWN -2.25 (29175.75->29173.50, n=540m)"
2026-09-02:ASIA:8d5c8af5_8ef641a7-815c-4bb5-9798-b070b67d7998_deepseek_1781246265,10,2026-09-02,ASIA,level_event  [seated OB(bull)·1h invalidated: close 29176.00 below 29212.50 (noise 4.55) on ASIA 2026-09-02],wake+change,2026-09-02 21:03:03,0,S1,short,29200.5,29228,29141.25,"[reject] Rally back to 29200.50 SWG-H·5m and stall/reject — the 20:15 retest already stalled at 29200.25, so a re-touch is a fresh upper-shelf fade. | confirm: touch ref=29200.5 side=below",NO,,none,doc.bias=short/low | planner_read_facts.bias_ai=EMPTY(never written),planner_read_facts.bias_tree=EMPTY(never written),"planner_read_facts: NO ROW for this session/time (table has 17 rows, all 2026-09-03)","DOWN -2.25 (29175.75->29173.50, n=540m)"
2026-09-02:ASIA:8d5c8af5_8ef641a7-815c-4bb5-9798-b070b67d7998_deepseek_1781246265,10,2026-09-02,ASIA,level_event  [seated OB(bull)·1h invalidated: close 29176.00 below 29212.50 (noise 4.55) on ASIA 2026-09-02],wake+change,2026-09-02 21:03:03,0,S2,short,,,,"[reject] The close back across 29141.25 ONL voids the breakdown. If 29141.25 is retested from below and rejects, that voided-level retest is the short fade; continue toward pdVWAP and OR-H. | confirm: touch ref=29141.25 side=below",NO,,none,doc.bias=short/low | planner_read_facts.bias_ai=EMPTY(never written),planner_read_facts.bias_tree=EMPTY(never written),"planner_read_facts: NO ROW for this session/time (table has 17 rows, all 2026-09-03)","DOWN -2.25 (29175.75->29173.50, n=540m)"
2026-09-02:ASIA:8d5c8af5_8ef641a7-815c-4bb5-9798-b070b67d7998_deepseek_1781246265,10,2026-09-02,ASIA,level_event  [seated OB(bull)·1h invalidated: close 29176.00 below 29212.50 (noise 4.55) on ASIA 2026-09-02],wake+change,2026-09-02 21:03:03,0,S3,long,,,,"[reclaim] Short continuation exhausts at 29113.90 pdVWAP and price prints a 5m close back above it — the first legal branch-5 long, below the 50% mark. | confirm: 1x5m_close ref=29113.9 side=above",YES,2026-09-02 21:00:00,none,doc.bias=short/low | planner_read_facts.bias_ai=EMPTY(never written),planner_read_facts.bias_tree=EMPTY(never written),"planner_read_facts: NO ROW for this session/time (table has 17 rows, all 2026-09-03)","DOWN -2.25 (29175.75->29173.50, n=540m)"
2026-09-02:ASIA:8d5c8af5_8ef641a7-815c-4bb5-9798-b070b67d7998_deepseek_1781246265,11,2026-09-02,ASIA,level_event  [seated OB(bull)·1h invalidated: close 29182.50 below 29212.50 (noise 4.80) on ASIA 2026-09-02],wake+change,2026-09-02 21:31:58,0,S1,short,29199.5,29227.9,29141.25,[reject] Rally into the premium cluster touches SWG-H·5m 29199.50 and is rejected — no 5m hold above it. | confirm: touch ref=29199.5 side=above,NO,,none,doc.bias=short/low | planner_read_facts.bias_ai=EMPTY(never written),planner_read_facts.bias_tree=EMPTY(never written),"planner_read_facts: NO ROW for this session/time (table has 17 rows, all 2026-09-03)","DOWN -2.25 (29175.75->29173.50, n=540m)"
2026-09-02:ASIA:8d5c8af5_8ef641a7-815c-4bb5-9798-b070b67d7998_deepseek_1781246265,11,2026-09-02,ASIA,level_event  [seated OB(bull)·1h invalidated: close 29182.50 below 29212.50 (noise 4.80) on ASIA 2026-09-02],wake+change,2026-09-02 21:31:58,0,S2,short,,,,"[sweep_reclaim] Price sweeps above ONH 29218.25, then the 5m bar closes back inside below 29199.50 SWG-H·5m — failed high sweep (PDH-mirror branch 2). | confirm: touch ref=29218.25 side=above | confirm2: 1m_mss ref=29199.5 side=below",NO,,none,doc.bias=short/low | planner_read_facts.bias_ai=EMPTY(never written),planner_read_facts.bias_tree=EMPTY(never written),"planner_read_facts: NO ROW for this session/time (table has 17 rows, all 2026-09-03)","DOWN -2.25 (29175.75->29173.50, n=540m)"
2026-09-02:ASIA:8d5c8af5_8ef641a7-815c-4bb5-9798-b070b67d7998_deepseek_1781246265,11,2026-09-02,ASIA,level_event  [seated OB(bull)·1h invalidated: close 29182.50 below 29212.50 (noise 4.80) on ASIA 2026-09-02],wake+change,2026-09-02 21:31:58,0,S3,long,,,,[sweep_reclaim] Price re-sweeps below ONL 29132.50 and the 5m bar closes back above 29141.25 SWG-L·5m — low-side sweep-reclaim (long only below the 29138.50 50% line). | confirm: touch ref=29132.5 side=below | confirm2: 1m_mss ref=29141.25 side=above,NO,,none,doc.bias=short/low | planner_read_facts.bias_ai=EMPTY(never written),planner_read_facts.bias_tree=EMPTY(never written),"planner_read_facts: NO ROW for this session/time (table has 17 rows, all 2026-09-03)","DOWN -2.25 (29175.75->29173.50, n=540m)"
2026-09-02:ASIA:8d5c8af5_8ef641a7-815c-4bb5-9798-b070b67d7998_deepseek_1781246265,11,2026-09-02,ASIA,level_event  [seated OB(bull)·1h invalidated: close 29182.50 below 29212.50 (noise 4.80) on ASIA 2026-09-02],wake+change,2026-09-02 21:31:58,0,S4,short,,,,[reject] Price retests ONL 29132.50 from below and is rejected — the voided breakdown becomes a lower-high rejection and opens the waterfall path. | confirm: touch ref=29132.5 side=above,NO,,none,doc.bias=short/low | planner_read_facts.bias_ai=EMPTY(never written),planner_read_facts.bias_tree=EMPTY(never written),"planner_read_facts: NO ROW for this session/time (table has 17 rows, all 2026-09-03)","DOWN -2.25 (29175.75->29173.50, n=540m)"
2026-09-02:ASIA:8d5c8af5_8ef641a7-815c-4bb5-9798-b070b67d7998_deepseek_1781246265,12,2026-09-02,ASIA,level_event  [seated OB(bull)·1h invalidated: close 29187.50 below 29212.50 (noise 4.67) on ASIA 2026-09-02],wake+change,2026-09-02 21:49:57,0,S1,short,29208.69,29237.75,29141.25,[reject] price prints 29208.69 (VWAP+2σ) and fails to hold above it; fade short from the level with a structure stop beyond the recent swing extreme | confirm: touch ref=29208.69 side=above,NO,,none,doc.bias=short/low | planner_read_facts.bias_ai=EMPTY(never written),planner_read_facts.bias_tree=EMPTY(never written),"planner_read_facts: NO ROW for this session/time (table has 17 rows, all 2026-09-03)","DOWN -2.25 (29175.75->29173.50, n=540m)"
2026-09-02:ASIA:8d5c8af5_8ef641a7-815c-4bb5-9798-b070b67d7998_deepseek_1781246265,12,2026-09-02,ASIA,level_event  [seated OB(bull)·1h invalidated: close 29187.50 below 29212.50 (noise 4.67) on ASIA 2026-09-02],wake+change,2026-09-02 21:49:57,0,S2,short,29132.5,29161.5,29042.75,[reject] price comes back above 29132.50 ONL and fails to hold above it; fade short from the level with a structure stop beyond the recent swing extreme | confirm: touch ref=29132.5 side=above,NO,,none,doc.bias=short/low | planner_read_facts.bias_ai=EMPTY(never written),planner_read_facts.bias_tree=EMPTY(never written),"planner_read_facts: NO ROW for this session/time (table has 17 rows, all 2026-09-03)","DOWN -2.25 (29175.75->29173.50, n=540m)"
2026-09-02:ASIA:8d5c8af5_8ef641a7-815c-4bb5-9798-b070b67d7998_deepseek_1781246265,12,2026-09-02,ASIA,level_event  [seated OB(bull)·1h invalidated: close 29187.50 below 29212.50 (noise 4.67) on ASIA 2026-09-02],wake+change,2026-09-02 21:49:57,0,S3,long,,,,"[sweep_reclaim] price sweeps below 29132.50 ONL and reclaims with a 5m close above 29132.50; long with stop beyond the sweep extreme, targeting the value mean | confirm: touch ref=29132.5 side=below | confirm2: 1x5m_close ref=29132.5 side=above",NO,,none,doc.bias=short/low | planner_read_facts.bias_ai=EMPTY(never written),planner_read_facts.bias_tree=EMPTY(never written),"planner_read_facts: NO ROW for this session/time (table has 17 rows, all 2026-09-03)","DOWN -2.25 (29175.75->29173.50, n=540m)"
2026-09-02:ASIA:8d5c8af5_8ef641a7-815c-4bb5-9798-b070b67d7998_deepseek_1781246265,13,2026-09-02,ASIA,"rearmed:5m_close close back below 29211.00 (buffer 0.5×ATR14, 2× 5m closes)",rearm(lifecycle-marker overwrote authoring trigger),2026-09-02 22:12:42,0,S1,short,29199.5,29226,29132.5,[reject] Price touches 29199.50 SWG-H·5m and rejects lower; no 5m close above the level. | confirm: touch ref=29199.5 side=below,YES,2026-09-02 22:13:00,"arm#34 cancelled @2026-09-02 22:15:01 (level accepted through — marketable, never placed)",doc.bias=short/low | planner_read_facts.bias_ai=EMPTY(never written),planner_read_facts.bias_tree=EMPTY(never written),"planner_read_facts: NO ROW for this session/time (table has 17 rows, all 2026-09-03)","DOWN -2.25 (29175.75->29173.50, n=540m)"
2026-09-02:ASIA:8d5c8af5_8ef641a7-815c-4bb5-9798-b070b67d7998_deepseek_1781246265,13,2026-09-02,ASIA,"rearmed:5m_close close back below 29211.00 (buffer 0.5×ATR14, 2× 5m closes)",rearm(lifecycle-marker overwrote authoring trigger),2026-09-02 22:12:42,0,S2,short,,,,[sweep_reclaim] Wick above 29218.25 ONH sweeps buy stops; a 1x5m close back below 29218.25 confirms the reclaim. | confirm: touch ref=29218.25 side=above | confirm2: 1x5m_close ref=29218.25 side=below,YES,2026-09-02 22:18:00,none,doc.bias=short/low | planner_read_facts.bias_ai=EMPTY(never written),planner_read_facts.bias_tree=EMPTY(never written),"planner_read_facts: NO ROW for this session/time (table has 17 rows, all 2026-09-03)","DOWN -2.25 (29175.75->29173.50, n=540m)"
2026-09-02:ASIA:8d5c8af5_8ef641a7-815c-4bb5-9798-b070b67d7998_deepseek_1781246265,13,2026-09-02,ASIA,"rearmed:5m_close close back below 29211.00 (buffer 0.5×ATR14, 2× 5m closes)",rearm(lifecycle-marker overwrote authoring trigger),2026-09-02 22:12:42,0,S3,long,,,,[sweep_reclaim] Wick below 29132.50 ONL sweeps sell stops; a 1x5m close back above 29132.50 confirms the reclaim. | confirm: touch ref=29132.5 side=below | confirm2: 1x5m_close ref=29132.5 side=above,NO,,none,doc.bias=short/low | planner_read_facts.bias_ai=EMPTY(never written),planner_read_facts.bias_tree=EMPTY(never written),"planner_read_facts: NO ROW for this session/time (table has 17 rows, all 2026-09-03)","DOWN -2.25 (29175.75->29173.50, n=540m)"
2026-09-02:ASIA:8d5c8af5_8ef641a7-815c-4bb5-9798-b070b67d7998_deepseek_1781246265,14,2026-09-02,ASIA,level_event  [seated OB(bull)·1h invalidated: close 29207.50 below 29212.50 (noise 3.94) on ASIA 2026-09-02],wake+change,2026-09-03 00:08:45,0,S1,short,29228.75,29250,29186.14,[reject] price touches 29228.75 SWG-L·5m from below and stalls | confirm: touch ref=29228.75 side=below,NO,,none,doc.bias=neutral/low | planner_read_facts.bias_ai=EMPTY(never written),planner_read_facts.bias_tree=EMPTY(never written),"planner_read_facts.bias_regime=up/NORMAL (read @2026-09-03 00:00:56, nearest-preceding same-session match; row carries plan_id='' version=0 so it cannot be joined)","DOWN -2.25 (29175.75->29173.50, n=540m)"
2026-09-02:ASIA:8d5c8af5_8ef641a7-815c-4bb5-9798-b070b67d7998_deepseek_1781246265,14,2026-09-02,ASIA,level_event  [seated OB(bull)·1h invalidated: close 29207.50 below 29212.50 (noise 3.94) on ASIA 2026-09-02],wake+change,2026-09-03 00:08:45,0,S2,long,,,,"[sweep_reclaim] sweep below 29017.25 RTH-L wicks out liquidity, then 1x5m close back above 29017.25 | confirm: touch ref=29017.25 side=below | confirm2: 1x5m_close ref=29017.25 side=above",NO,,none,doc.bias=neutral/low | planner_read_facts.bias_ai=EMPTY(never written),planner_read_facts.bias_tree=EMPTY(never written),"planner_read_facts.bias_regime=up/NORMAL (read @2026-09-03 00:00:56, nearest-preceding same-session match; row carries plan_id='' version=0 so it cannot be joined)","DOWN -2.25 (29175.75->29173.50, n=540m)"
2026-09-02:ASIA:8d5c8af5_8ef641a7-815c-4bb5-9798-b070b67d7998_deepseek_1781246265,14,2026-09-02,ASIA,level_event  [seated OB(bull)·1h invalidated: close 29207.50 below 29212.50 (noise 3.94) on ASIA 2026-09-02],wake+change,2026-09-03 00:08:45,0,S3,short,,,,[reject] price touches 29132.50 ONL from below and stalls | confirm: touch ref=29132.5 side=below,YES,2026-09-03 00:17:00,none,doc.bias=neutral/low | planner_read_facts.bias_ai=EMPTY(never written),planner_read_facts.bias_tree=EMPTY(never written),"planner_read_facts.bias_regime=up/NORMAL (read @2026-09-03 00:00:56, nearest-preceding same-session match; row carries plan_id='' version=0 so it cannot be joined)","DOWN -2.25 (29175.75->29173.50, n=540m)"
2026-09-02:ASIA:8d5c8af5_8ef641a7-815c-4bb5-9798-b070b67d7998_deepseek_1781246265,14,2026-09-02,ASIA,level_event  [seated OB(bull)·1h invalidated: close 29207.50 below 29212.50 (noise 3.94) on ASIA 2026-09-02],wake+change,2026-09-03 00:08:45,0,S4,short,29255,29275.25,29214.5,[reject] retest of 29255.00 PDH from below stalls | confirm: touch ref=29255 side=below,NO,,none,doc.bias=neutral/low | planner_read_facts.bias_ai=EMPTY(never written),planner_read_facts.bias_tree=EMPTY(never written),"planner_read_facts.bias_regime=up/NORMAL (read @2026-09-03 00:00:56, nearest-preceding same-session match; row carries plan_id='' version=0 so it cannot be joined)","DOWN -2.25 (29175.75->29173.50, n=540m)"
2026-09-02:ASIA:8d5c8af5_8ef641a7-815c-4bb5-9798-b070b67d7998_deepseek_1781246265,15,2026-09-02,ASIA,"dormant:death:death-condition: 5m_close close above 29132.50 (buffer 0.5×ATR14, 2× 5m closes)",death(lifecycle-marker overwrote authoring trigger),2026-09-03 00:34:14,0,S1,short,,,,[reject] Price retraces to 29113.90 pdVWAP after the ONL sweep and rejects; enter short on touch. Structure stop beyond VWAP−1σ at 29142.04. Invalidation on 5m close above 29132.50. | confirm: touch ref=29113.9 side=below,NO,,none,doc.bias=short/low | planner_read_facts.bias_ai=EMPTY(never written),planner_read_facts.bias_tree=EMPTY(never written),"planner_read_facts.bias_regime=up/NORMAL (read @2026-09-03 00:30:56, nearest-preceding same-session match; row carries plan_id='' version=0 so it cannot be joined)","DOWN -2.25 (29175.75->29173.50, n=540m)"
2026-09-02:ASIA:8d5c8af5_8ef641a7-815c-4bb5-9798-b070b67d7998_deepseek_1781246265,15,2026-09-02,ASIA,"dormant:death:death-condition: 5m_close close above 29132.50 (buffer 0.5×ATR14, 2× 5m closes)",death(lifecycle-marker overwrote authoring trigger),2026-09-03 00:34:14,0,S2,short,,,,[reject] Price retests 29075 ONL from below and rejects; enter short on touch. | confirm: touch ref=29075 side=below,NO,,none,doc.bias=short/low | planner_read_facts.bias_ai=EMPTY(never written),planner_read_facts.bias_tree=EMPTY(never written),"planner_read_facts.bias_regime=up/NORMAL (read @2026-09-03 00:30:56, nearest-preceding same-session match; row carries plan_id='' version=0 so it cannot be joined)","DOWN -2.25 (29175.75->29173.50, n=540m)"
2026-09-03:LONDON:8d5c8af5_8ef641a7-815c-4bb5-9798-b070b67d7998_deepseek_1781246265,1,2026-09-03,LONDON,"dormant:flip:flip-condition: 2x5m close above 29221.98 (buffer 0.5×ATR14, 2× 5m closes) → bias long",flip(lifecycle-marker overwrote authoring trigger),2026-09-03 01:34:53,0,S1,short,,,,[reject] Rally into 29204.25 SWG-H·5m; first touch of prior 5m supply after the fast decline. | confirm: touch ref=29204.25 side=below,YES,2026-09-03 02:04:00,decision open_short @2026-09-03 02:12:56 BLOCKED:entry_gate: entry_gate: R:R 1.76 below floor 2.00 at executi,doc.bias=short/low | planner_read_facts.bias_ai=EMPTY(never written),planner_read_facts.bias_tree=EMPTY(never written),"planner_read_facts.bias_regime=up/NORMAL (read @2026-09-03 01:30:56, nearest-preceding same-session match; row carries plan_id='' version=0 so it cannot be joined)","UP +75.50 (29173.25->29248.75, n=390m)"
2026-09-03:LONDON:8d5c8af5_8ef641a7-815c-4bb5-9798-b070b67d7998_deepseek_1781246265,1,2026-09-03,LONDON,"dormant:flip:flip-condition: 2x5m close above 29221.98 (buffer 0.5×ATR14, 2× 5m closes) → bias long",flip(lifecycle-marker overwrote authoring trigger),2026-09-03 01:34:53,0,S2,long,,,,[sweep_reclaim] Sweep of 29075.00 ONL and a 1m MSS back above it; the only legal long below the dealing-range half. | confirm: touch ref=29075 side=below | confirm2: 1m_mss ref=29075 side=above,NO,,none,doc.bias=short/low | planner_read_facts.bias_ai=EMPTY(never written),planner_read_facts.bias_tree=EMPTY(never written),"planner_read_facts.bias_regime=up/NORMAL (read @2026-09-03 01:30:56, nearest-preceding same-session match; row carries plan_id='' version=0 so it cannot be joined)","UP +75.50 (29173.25->29248.75, n=390m)"
2026-09-03:NY:8d5c8af5_8ef641a7-815c-4bb5-9798-b070b67d7998_deepseek_1781246265,1,2026-09-03,NY,"dormant:death:death-condition: 2x5m close above 29293.00 (buffer 0.5×ATR14, 2× 5m closes)",death(lifecycle-marker overwrote authoring trigger),2026-09-03 08:05:19,0,S1,short,29259.67,29289,29178.73,[reject] First touch of 29259.67 VWAP+2σ with a 5m/15m rejection candle after the 66pt fast move; fade the extended premium above value. | confirm: touch ref=29259.67 side=above,YES,2026-09-03 08:30:00,none,doc.bias=short/medium | planner_read_facts.bias_ai=EMPTY(never written),planner_read_facts.bias_tree=EMPTY(never written),"planner_read_facts.bias_regime=up/NORMAL (read @2026-09-03 08:00:54, nearest-preceding same-session match; row carries plan_id='' version=0 so it cannot be joined)","UP +274.50 (29249.50->29524.00, n=375m)"
2026-09-03:NY:8d5c8af5_8ef641a7-815c-4bb5-9798-b070b67d7998_deepseek_1781246265,1,2026-09-03,NY,"dormant:death:death-condition: 2x5m close above 29293.00 (buffer 0.5×ATR14, 2× 5m closes)",death(lifecycle-marker overwrote authoring trigger),2026-09-03 08:05:19,0,S2,long,,,,"[breakout_retest] 5m close above 29259.67 VWAP+2σ, then successful retest of 29259.67 holds as support. | confirm: touch ref=29259.67 side=below",YES,2026-09-03 08:30:00,none,doc.bias=short/medium | planner_read_facts.bias_ai=EMPTY(never written),planner_read_facts.bias_tree=EMPTY(never written),"planner_read_facts.bias_regime=up/NORMAL (read @2026-09-03 08:00:54, nearest-preceding same-session match; row carries plan_id='' version=0 so it cannot be joined)","UP +274.50 (29249.50->29524.00, n=375m)"
2026-09-03:NY:8d5c8af5_8ef641a7-815c-4bb5-9798-b070b67d7998_deepseek_1781246265,1,2026-09-03,NY,"dormant:death:death-condition: 2x5m close above 29293.00 (buffer 0.5×ATR14, 2× 5m closes)",death(lifecycle-marker overwrote authoring trigger),2026-09-03 08:05:19,0,S3,short,,,,"[sweep_reclaim] Sweep of 29293.00 ONH (stops above the 04:00 1h high), then 1m MSS back inside. | confirm: touch ref=29293 side=above | confirm2: 1m_mss ref=29293 side=below",YES,2026-09-03 08:39:00,none,doc.bias=short/medium | planner_read_facts.bias_ai=EMPTY(never written),planner_read_facts.bias_tree=EMPTY(never written),"planner_read_facts.bias_regime=up/NORMAL (read @2026-09-03 08:00:54, nearest-preceding same-session match; row carries plan_id='' version=0 so it cannot be joined)","UP +274.50 (29249.50->29524.00, n=375m)"
2026-09-03:LONDON:8d5c8af5_8ef641a7-815c-4bb5-9798-b070b67d7998_deepseek_1781246265,2,2026-09-03,LONDON,level_event  [1h S/D zone Demand [29101.75–29187.25] on LONDON 2026-09-03],wake+change,2026-09-03 08:15:44,0,S1,short,29219.97,29255,29144.5,[reject] Price touches 29219.97 VWAP+1σ and rejects; re-test of consumed level. | confirm: touch ref=29219.97 side=above,YES,2026-09-03 08:18:00,none,doc.bias=neutral/low | planner_read_facts.bias_ai=EMPTY(never written),planner_read_facts.bias_tree=EMPTY(never written),"planner_read_facts.bias_regime=up/NORMAL (read @2026-09-03 08:06:54, nearest-preceding same-session match; row carries plan_id='' version=0 so it cannot be joined)","UP +75.50 (29173.25->29248.75, n=390m)"
2026-09-03:LONDON:8d5c8af5_8ef641a7-815c-4bb5-9798-b070b67d7998_deepseek_1781246265,2,2026-09-03,LONDON,level_event  [1h S/D zone Demand [29101.75–29187.25] on LONDON 2026-09-03],wake+change,2026-09-03 08:15:44,0,S2,short,,,,[sweep_reclaim] Price sweeps above 29293.00 ONH then 5m closes back below. | confirm: touch ref=29293 side=above | confirm2: 1x5m_close ref=29293 side=below,NO,,none,doc.bias=neutral/low | planner_read_facts.bias_ai=EMPTY(never written),planner_read_facts.bias_tree=EMPTY(never written),"planner_read_facts.bias_regime=up/NORMAL (read @2026-09-03 08:06:54, nearest-preceding same-session match; row carries plan_id='' version=0 so it cannot be joined)","UP +75.50 (29173.25->29248.75, n=390m)"
2026-09-03:LONDON:8d5c8af5_8ef641a7-815c-4bb5-9798-b070b67d7998_deepseek_1781246265,2,2026-09-03,LONDON,level_event  [1h S/D zone Demand [29101.75–29187.25] on LONDON 2026-09-03],wake+change,2026-09-03 08:15:44,0,S3,long,,,,[sweep_reclaim] Price sweeps below 29075.00 ONL then 5m closes back above. | confirm: touch ref=29075 side=below | confirm2: 1x5m_close ref=29075 side=above,NO,,none,doc.bias=neutral/low | planner_read_facts.bias_ai=EMPTY(never written),planner_read_facts.bias_tree=EMPTY(never written),"planner_read_facts.bias_regime=up/NORMAL (read @2026-09-03 08:06:54, nearest-preceding same-session match; row carries plan_id='' version=0 so it cannot be joined)","UP +75.50 (29173.25->29248.75, n=390m)"
2026-09-03:NY:8d5c8af5_8ef641a7-815c-4bb5-9798-b070b67d7998_deepseek_1781246265,2,2026-09-03,NY,level_event  [seated Supply·1h invalidated: close 29249.25 above 29209.25 (noise 7.53) on NY 2026-09-03],wake+change,2026-09-03 08:45:05,0,S1,short,29285,29340,29144.5,[reject] A retest of 29285.00 OR-H stalls after the 08:30 failure; short the touch. | confirm: touch ref=29285 side=below,YES,2026-09-03 09:00:00,arm#35 filled @2026-09-03 09:02:54,doc.bias=short/medium | planner_read_facts.bias_ai=EMPTY(never written),planner_read_facts.bias_tree=EMPTY(never written),"planner_read_facts.bias_regime=up/NORMAL (read @2026-09-03 08:36:54, nearest-preceding same-session match; row carries plan_id='' version=0 so it cannot be joined)","UP +274.50 (29249.50->29524.00, n=375m)"
2026-09-03:NY:8d5c8af5_8ef641a7-815c-4bb5-9798-b070b67d7998_deepseek_1781246265,2,2026-09-03,NY,level_event  [seated Supply·1h invalidated: close 29249.25 above 29209.25 (noise 7.53) on NY 2026-09-03],wake+change,2026-09-03 08:45:05,0,S2,long,,,,[reject] First touch of 29144.50 Demand·1h after a flush toward 29075.00 ONL; long the touch. | confirm: touch ref=29144.5 side=above,NO,,none,doc.bias=short/medium | planner_read_facts.bias_ai=EMPTY(never written),planner_read_facts.bias_tree=EMPTY(never written),"planner_read_facts.bias_regime=up/NORMAL (read @2026-09-03 08:36:54, nearest-preceding same-session match; row carries plan_id='' version=0 so it cannot be joined)","UP +274.50 (29249.50->29524.00, n=375m)"
2026-09-03:NY:8d5c8af5_8ef641a7-815c-4bb5-9798-b070b67d7998_deepseek_1781246265,2,2026-09-03,NY,level_event  [seated Supply·1h invalidated: close 29249.25 above 29209.25 (noise 7.53) on NY 2026-09-03],wake+change,2026-09-03 08:45:05,0,S3,short,,,,[sweep_reclaim] A wick through 29293.00 ONH that closes back below 29285.00 on 5m triggers a short sweep-reclaim. | confirm: touch ref=29293 side=above | confirm2: 1x5m_close ref=29285 side=below,YES,2026-09-03 09:00:00,none,doc.bias=short/medium | planner_read_facts.bias_ai=EMPTY(never written),planner_read_facts.bias_tree=EMPTY(never written),"planner_read_facts.bias_regime=up/NORMAL (read @2026-09-03 08:36:54, nearest-preceding same-session match; row carries plan_id='' version=0 so it cannot be joined)","UP +274.50 (29249.50->29524.00, n=375m)"
2026-09-03:NY:8d5c8af5_8ef641a7-815c-4bb5-9798-b070b67d7998_deepseek_1781246265,3,2026-09-03,NY,level_event  [seated Supply·1h invalidated: close 29332.25 above 29209.25 (noise 8.88) on NY 2026-09-03],wake+change,2026-09-03 09:15:31,0,S1,long,,,,[reclaim] ISM flush low 29250 held above PDH 29255; a 5m close back above 29285.00 OR-H triggers a reclaim of the overnight high | confirm: 1x5m_close ref=29285 side=above,YES,2026-09-03 09:15:00,none,doc.bias=long/medium | planner_read_facts.bias_ai=EMPTY(never written),planner_read_facts.bias_tree=EMPTY(never written),"planner_read_facts.bias_regime=up/NORMAL (read @2026-09-03 09:06:54, nearest-preceding same-session match; row carries plan_id='' version=0 so it cannot be joined)","UP +274.50 (29249.50->29524.00, n=375m)"
2026-09-03:NY:8d5c8af5_8ef641a7-815c-4bb5-9798-b070b67d7998_deepseek_1781246265,3,2026-09-03,NY,level_event  [seated Supply·1h invalidated: close 29332.25 above 29209.25 (noise 8.88) on NY 2026-09-03],wake+change,2026-09-03 09:15:31,0,S2,short,29351.05,29418.75,29209.25,[reject] Rally into 29351.05 VWAP+2σ; first touch is a fade with stop 29418.75 above the 08:45 high 29375.25 | confirm: touch ref=29351.05 side=below,YES,2026-09-03 09:20:00,"arm#36 cancelled @2026-09-03 09:20:47 (level accepted through — marketable, never placed)",doc.bias=long/medium | planner_read_facts.bias_ai=EMPTY(never written),planner_read_facts.bias_tree=EMPTY(never written),"planner_read_facts.bias_regime=up/NORMAL (read @2026-09-03 09:06:54, nearest-preceding same-session match; row carries plan_id='' version=0 so it cannot be joined)","UP +274.50 (29249.50->29524.00, n=375m)"
2026-09-03:NY:8d5c8af5_8ef641a7-815c-4bb5-9798-b070b67d7998_deepseek_1781246265,3,2026-09-03,NY,level_event  [seated Supply·1h invalidated: close 29332.25 above 29209.25 (noise 8.88) on NY 2026-09-03],wake+change,2026-09-03 09:15:31,0,S3,short,,,,[reject] A 5m close below 29255.00 PDH flips the tape; the first pullback that touches 29255.00 is a failed retest and is sold | confirm: touch ref=29255 side=below,NO,,none,doc.bias=long/medium | planner_read_facts.bias_ai=EMPTY(never written),planner_read_facts.bias_tree=EMPTY(never written),"planner_read_facts.bias_regime=up/NORMAL (read @2026-09-03 09:06:54, nearest-preceding same-session match; row carries plan_id='' version=0 so it cannot be joined)","UP +274.50 (29249.50->29524.00, n=375m)"
2026-09-03:NY:8d5c8af5_8ef641a7-815c-4bb5-9798-b070b67d7998_deepseek_1781246265,3,2026-09-03,NY,level_event  [seated Supply·1h invalidated: close 29332.25 above 29209.25 (noise 8.88) on NY 2026-09-03],wake+change,2026-09-03 09:15:31,0,S4,long,,,,"[sweep_reclaim] Deep flush sweeps 29075.00 ONL, then a 5m close back above it signals the reclaim | confirm: touch ref=29075 side=above | confirm2: 1x5m_close ref=29075 side=above",NO,,none,doc.bias=long/medium | planner_read_facts.bias_ai=EMPTY(never written),planner_read_facts.bias_tree=EMPTY(never written),"planner_read_facts.bias_regime=up/NORMAL (read @2026-09-03 09:06:54, nearest-preceding same-session match; row carries plan_id='' version=0 so it cannot be joined)","UP +274.50 (29249.50->29524.00, n=375m)"
2026-09-03:NY:8d5c8af5_8ef641a7-815c-4bb5-9798-b070b67d7998_deepseek_1781246265,4,2026-09-03,NY,level_event  [seated Supply·1h invalidated: close 29343.25 above 29209.25 (noise 9.25) on NY 2026-09-03],wake+change,2026-09-03 09:44:33,0,S1,long,,,,[breakout_retest] Pullback retest at 29260.00 SWG-H·5m; a 5m close back above 29285.00 triggers the long. | confirm: touch ref=29260 side=above,YES,2026-09-03 09:56:00,none,doc.bias=long/medium | planner_read_facts.bias_ai=EMPTY(never written),planner_read_facts.bias_tree=EMPTY(never written),"planner_read_facts.bias_regime=up/NORMAL (read @2026-09-03 09:38:54, nearest-preceding same-session match; row carries plan_id='' version=0 so it cannot be joined)","UP +274.50 (29249.50->29524.00, n=375m)"
2026-09-03:NY:8d5c8af5_8ef641a7-815c-4bb5-9798-b070b67d7998_deepseek_1781246265,4,2026-09-03,NY,level_event  [seated Supply·1h invalidated: close 29343.25 above 29209.25 (noise 9.25) on NY 2026-09-03],wake+change,2026-09-03 09:44:33,0,S2,long,,,,[breakout_retest] Momentum long: 5m close above 29303.68 VWAP+1σ; wait for a small pullback that holds 29293.00 and re-enter long. | confirm: 1x5m_close ref=29303.68 side=above,YES,2026-09-03 09:45:00,none,doc.bias=long/medium | planner_read_facts.bias_ai=EMPTY(never written),planner_read_facts.bias_tree=EMPTY(never written),"planner_read_facts.bias_regime=up/NORMAL (read @2026-09-03 09:38:54, nearest-preceding same-session match; row carries plan_id='' version=0 so it cannot be joined)","UP +274.50 (29249.50->29524.00, n=375m)"
2026-09-03:NY:8d5c8af5_8ef641a7-815c-4bb5-9798-b070b67d7998_deepseek_1781246265,4,2026-09-03,NY,level_event  [seated Supply·1h invalidated: close 29343.25 above 29209.25 (noise 9.25) on NY 2026-09-03],wake+change,2026-09-03 09:44:33,0,S3,long,,,,"[reclaim] Defensive long: only if price liquidates below 29260.00 and sweeps 29222.75 OR-L, then a 5m close back above 29222.75 is the reclaim. | confirm: 1x5m_close ref=29222.75 side=above",YES,2026-09-03 09:45:00,none,doc.bias=long/medium | planner_read_facts.bias_ai=EMPTY(never written),planner_read_facts.bias_tree=EMPTY(never written),"planner_read_facts.bias_regime=up/NORMAL (read @2026-09-03 09:38:54, nearest-preceding same-session match; row carries plan_id='' version=0 so it cannot be joined)","UP +274.50 (29249.50->29524.00, n=375m)"
2026-09-03:NY:8d5c8af5_8ef641a7-815c-4bb5-9798-b070b67d7998_deepseek_1781246265,5,2026-09-03,NY,level_event  [seated Supply·1h invalidated: close 29363.50 above 29209.25 (noise 10.22) on NY 2026-09-03],wake+change,2026-09-03 10:14:45,0,S1,long,,,,[reclaim] Reclaim/hold of EQL·15m 29435.75 after first touch; acceptance above opens EQH·15m 29445.50 then EQL·1h 29455.00. | confirm: 1x5m_close ref=29435.75 side=above,YES,2026-09-03 10:15:00,none,doc.bias=long/medium | planner_read_facts.bias_ai=EMPTY(never written),planner_read_facts.bias_tree=EMPTY(never written),"planner_read_facts.bias_regime=up/NORMAL (read @2026-09-03 10:10:54, nearest-preceding same-session match; row carries plan_id='' version=0 so it cannot be joined)","UP +274.50 (29249.50->29524.00, n=375m)"
2026-09-03:NY:8d5c8af5_8ef641a7-815c-4bb5-9798-b070b67d7998_deepseek_1781246265,5,2026-09-03,NY,level_event  [seated Supply·1h invalidated: close 29363.50 above 29209.25 (noise 10.22) on NY 2026-09-03],wake+change,2026-09-03 10:14:45,0,S2,short,,,,[reject] Touch/reject at EQH·15m 29445.50 (or EQL·1h 29455.00) after liquidity run; fade only with a clear wick reject back below 29445.50. | confirm: touch ref=29445.5 side=below,NO,,none,doc.bias=long/medium | planner_read_facts.bias_ai=EMPTY(never written),planner_read_facts.bias_tree=EMPTY(never written),"planner_read_facts.bias_regime=up/NORMAL (read @2026-09-03 10:10:54, nearest-preceding same-session match; row carries plan_id='' version=0 so it cannot be joined)","UP +274.50 (29249.50->29524.00, n=375m)"
2026-09-03:NY:8d5c8af5_8ef641a7-815c-4bb5-9798-b070b67d7998_deepseek_1781246265,6,2026-09-03,NY,level_event  [15m FVG [29367.75–29453.50] on NY 2026-09-03],wake+change,2026-09-03 10:49:57,0,S1,long,,,,"[reclaim] Price prints a 5m close above 29517.00 EQH·15m, confirming the 10:45 15m BOS-up continuation. | confirm: 1x5m_close ref=29517 side=above",YES,2026-09-03 10:50:00,none,doc.bias=long/medium | planner_read_facts.bias_ai=EMPTY(never written),planner_read_facts.bias_tree=EMPTY(never written),"planner_read_facts.bias_regime=up/NORMAL (read @2026-09-03 10:45:01, nearest-preceding same-session match; row carries plan_id='' version=0 so it cannot be joined)","UP +274.50 (29249.50->29524.00, n=375m)"
2026-09-03:NY:8d5c8af5_8ef641a7-815c-4bb5-9798-b070b67d7998_deepseek_1781246265,6,2026-09-03,NY,level_event  [15m FVG [29367.75–29453.50] on NY 2026-09-03],wake+change,2026-09-03 10:49:57,0,S2,long,29481.05,29414,29619.5,[reject] First touch of 29481.05 VWAP+2σ rejects higher; entry on the reaction above 29481.05. | confirm: touch ref=29481.05 side=above,NO,,none,doc.bias=long/medium | planner_read_facts.bias_ai=EMPTY(never written),planner_read_facts.bias_tree=EMPTY(never written),"planner_read_facts.bias_regime=up/NORMAL (read @2026-09-03 10:45:01, nearest-preceding same-session match; row carries plan_id='' version=0 so it cannot be joined)","UP +274.50 (29249.50->29524.00, n=375m)"
2026-09-03:NY:8d5c8af5_8ef641a7-815c-4bb5-9798-b070b67d7998_deepseek_1781246265,6,2026-09-03,NY,level_event  [15m FVG [29367.75–29453.50] on NY 2026-09-03],wake+change,2026-09-03 10:49:57,0,S3,short,29543.75,29610.25,29364.75,[reject] Price rallies back to 29543.75 SWG-H·5m and stalls at the 29539.38 Supply·1h confluence; the first touch of 29543.75 rejects lower. | confirm: touch ref=29543.75 side=below,NO,,none,doc.bias=long/medium | planner_read_facts.bias_ai=EMPTY(never written),planner_read_facts.bias_tree=EMPTY(never written),"planner_read_facts.bias_regime=up/NORMAL (read @2026-09-03 10:45:01, nearest-preceding same-session match; row carries plan_id='' version=0 so it cannot be joined)","UP +274.50 (29249.50->29524.00, n=375m)"
2026-09-03:NY:8d5c8af5_8ef641a7-815c-4bb5-9798-b070b67d7998_deepseek_1781246265,7,2026-09-03,NY,"dormant:death:death-condition: 2x5m close below 29502.25 (buffer 0.5×ATR14, 2× 5m closes)",death(lifecycle-marker overwrote authoring trigger),2026-09-03 11:27:53,0,S1,long,,,,"[breakout_retest] Break 29543.75 (SWG-H·5m) on a 15m close, then a shallow pullback touches 29543.75 and holds. | confirm: touch ref=29543.75 side=above",YES,2026-09-03 11:58:00,none,doc.bias=long/medium | planner_read_facts.bias_ai=EMPTY(never written),planner_read_facts.bias_tree=EMPTY(never written),"planner_read_facts.bias_regime=up/NORMAL (read @2026-09-03 11:20:33, nearest-preceding same-session match; row carries plan_id='' version=0 so it cannot be joined)","UP +274.50 (29249.50->29524.00, n=375m)"
2026-09-03:NY:8d5c8af5_8ef641a7-815c-4bb5-9798-b070b67d7998_deepseek_1781246265,7,2026-09-03,NY,"dormant:death:death-condition: 2x5m close below 29502.25 (buffer 0.5×ATR14, 2× 5m closes)",death(lifecycle-marker overwrote authoring trigger),2026-09-03 11:27:53,0,S2,long,,,,[reclaim] Pullback into 29512.29 (VWAP+2σ) after the 10:00 displacement; a 5m close back above 29512.29 triggers long. | confirm: 1x5m_close ref=29512.29 side=above,YES,2026-09-03 11:35:00,none,doc.bias=long/medium | planner_read_facts.bias_ai=EMPTY(never written),planner_read_facts.bias_tree=EMPTY(never written),"planner_read_facts.bias_regime=up/NORMAL (read @2026-09-03 11:20:33, nearest-preceding same-session match; row carries plan_id='' version=0 so it cannot be joined)","UP +274.50 (29249.50->29524.00, n=375m)"
2026-09-03:NY:8d5c8af5_8ef641a7-815c-4bb5-9798-b070b67d7998_deepseek_1781246265,7,2026-09-03,NY,"dormant:death:death-condition: 2x5m close below 29502.25 (buffer 0.5×ATR14, 2× 5m closes)",death(lifecycle-marker overwrote authoring trigger),2026-09-03 11:27:53,0,S3,short,29543.75,29592.5,29397.11,[reject] A retest of 29543.75 (SWG-H·5m) stalls inside the 1h supply band 29539.38; sell the rejection. | confirm: touch ref=29543.75 side=below,YES,2026-09-03 11:58:00,arm#37 cancelled @2026-09-03 11:58:33 (cancelled in NT8),doc.bias=long/medium | planner_read_facts.bias_ai=EMPTY(never written),planner_read_facts.bias_tree=EMPTY(never written),"planner_read_facts.bias_regime=up/NORMAL (read @2026-09-03 11:20:33, nearest-preceding same-session match; row carries plan_id='' version=0 so it cannot be joined)","UP +274.50 (29249.50->29524.00, n=375m)"
2026-09-03:ASIA:8d5c8af5_8ef641a7-815c-4bb5-9798-b070b67d7998_deepseek_1781246265,1,2026-09-03,ASIA,ASIA_scheduled_read,scheduled,2026-09-03 16:37:36,0,S1,long,,,,"[breakout_retest] A 5m close above 29525.75 confirms the breakout, then price retests 29525.75 from above and holds. | confirm: 1x5m_close ref=29525.75 side=above | confirm2: touch ref=29525.75 side=above",NO,,none,doc.bias=long/medium | planner_read_facts.bias_ai=EMPTY(never written),planner_read_facts.bias_tree=EMPTY(never written),"planner_read_facts.bias_regime=up/NORMAL (read @2026-09-03 16:30:21, nearest-preceding same-session match; row carries plan_id='' version=0 so it cannot be joined)","UP +87.50 (29500.00->29587.50, n=400m)"
2026-09-03:ASIA:8d5c8af5_8ef641a7-815c-4bb5-9798-b070b67d7998_deepseek_1781246265,1,2026-09-03,ASIA,ASIA_scheduled_read,scheduled,2026-09-03 16:37:36,0,S2,long,,,,[reclaim] Price dips to 29460.16 VWAP+2σ and auctions back; a 5m close above 29460.16 triggers long. | confirm: 1x5m_close ref=29460.16 side=above,YES,2026-09-03 17:00:00,none,doc.bias=long/medium | planner_read_facts.bias_ai=EMPTY(never written),planner_read_facts.bias_tree=EMPTY(never written),"planner_read_facts.bias_regime=up/NORMAL (read @2026-09-03 16:30:21, nearest-preceding same-session match; row carries plan_id='' version=0 so it cannot be joined)","UP +87.50 (29500.00->29587.50, n=400m)"
2026-09-03:ASIA:8d5c8af5_8ef641a7-815c-4bb5-9798-b070b67d7998_deepseek_1781246265,1,2026-09-03,ASIA,ASIA_scheduled_read,scheduled,2026-09-03 16:37:36,0,S3,short,,,,"[sweep_reclaim] Price sweeps above 29525.75, then a 5m close below 29525.75 accepts the failure; entry short on that close. | confirm: touch ref=29525.75 side=above | confirm2: 1x5m_close ref=29525.75 side=below",NO,,none,doc.bias=long/medium | planner_read_facts.bias_ai=EMPTY(never written),planner_read_facts.bias_tree=EMPTY(never written),"planner_read_facts.bias_regime=up/NORMAL (read @2026-09-03 16:30:21, nearest-preceding same-session match; row carries plan_id='' version=0 so it cannot be joined)","UP +87.50 (29500.00->29587.50, n=400m)"
2026-09-03:ASIA:8d5c8af5_8ef641a7-815c-4bb5-9798-b070b67d7998_deepseek_1781246265,1,2026-09-03,ASIA,ASIA_scheduled_read,scheduled,2026-09-03 16:37:36,0,S4,long,,,,[reclaim] Price reclaims 29512.54 eVWAP; a 5m close above 29512.54 triggers long toward the range top. | confirm: 1x5m_close ref=29512.54 side=above,NO,,none,doc.bias=long/medium | planner_read_facts.bias_ai=EMPTY(never written),planner_read_facts.bias_tree=EMPTY(never written),"planner_read_facts.bias_regime=up/NORMAL (read @2026-09-03 16:30:21, nearest-preceding same-session match; row carries plan_id='' version=0 so it cannot be joined)","UP +87.50 (29500.00->29587.50, n=400m)"
2026-09-03:ASIA:8d5c8af5_8ef641a7-815c-4bb5-9798-b070b67d7998_deepseek_1781246265,2,2026-09-03,ASIA,level_event  [seated OB(bear)·1h invalidated: close 29507.50 above 29502.88 (noise 3.97) on ASIA 2026-09-03],wake+change,2026-09-03 18:47:53,0,S1,long,,,,[sweep_reclaim] Price prints below 29481.50 ONL (stop sweep) and then closes a 5m candle back above 29481.50. | confirm: touch ref=29481.5 side=below | confirm2: 1x5m_close ref=29481.5 side=above,NO,,none,doc.bias=neutral/low | planner_read_facts.bias_ai=EMPTY(never written),planner_read_facts.bias_tree=EMPTY(never written),"planner_read_facts.bias_regime=up/NORMAL (read @2026-09-03 18:41:09, nearest-preceding same-session match; row carries plan_id='' version=0 so it cannot be joined)","UP +87.50 (29500.00->29587.50, n=400m)"
2026-09-03:ASIA:8d5c8af5_8ef641a7-815c-4bb5-9798-b070b67d7998_deepseek_1781246265,2,2026-09-03,ASIA,level_event  [seated OB(bear)·1h invalidated: close 29507.50 above 29502.88 (noise 3.97) on ASIA 2026-09-03],wake+change,2026-09-03 18:47:53,0,S2,short,,,,[sweep_reclaim] Price prints above 29513.00 ONH (stop sweep) and then closes a 5m candle back below 29513.00. | confirm: touch ref=29513 side=above | confirm2: 1x5m_close ref=29513 side=below,YES,2026-09-03 18:50:00,none,doc.bias=neutral/low | planner_read_facts.bias_ai=EMPTY(never written),planner_read_facts.bias_tree=EMPTY(never written),"planner_read_facts.bias_regime=up/NORMAL (read @2026-09-03 18:41:09, nearest-preceding same-session match; row carries plan_id='' version=0 so it cannot be joined)","UP +87.50 (29500.00->29587.50, n=400m)"
2026-09-03:ASIA:8d5c8af5_8ef641a7-815c-4bb5-9798-b070b67d7998_deepseek_1781246265,2,2026-09-03,ASIA,level_event  [seated OB(bear)·1h invalidated: close 29507.50 above 29502.88 (noise 3.97) on ASIA 2026-09-03],wake+change,2026-09-03 18:47:53,0,S3,long,,,,[breakout_retest] A 5m close above 29513.00 ONH confirms the break; entry on a retest that touches 29513.00 and holds above it. | confirm: touch ref=29513 side=above,YES,2026-09-03 18:50:00,none,doc.bias=neutral/low | planner_read_facts.bias_ai=EMPTY(never written),planner_read_facts.bias_tree=EMPTY(never written),"planner_read_facts.bias_regime=up/NORMAL (read @2026-09-03 18:41:09, nearest-preceding same-session match; row carries plan_id='' version=0 so it cannot be joined)","UP +87.50 (29500.00->29587.50, n=400m)"
2026-09-03:ASIA:8d5c8af5_8ef641a7-815c-4bb5-9798-b070b67d7998_deepseek_1781246265,3,2026-09-03,ASIA,level_event  [seated OB(bull)·4h (HTF) invalidated: close 29510.50 below 29545.00 (noise 3.79) on ASIA 2026-09-03],wake+change,2026-09-03 19:28:36,0,S1,long,,,,[reclaim] Pullback to 29503.08 VWAP holds; a 5m close back above 29503.08 triggers the long. | confirm: 1x5m_close ref=29503.08 side=above,YES,2026-09-03 19:25:00,none,doc.bias=long/medium | planner_read_facts.bias_ai=EMPTY(never written),planner_read_facts.bias_tree=EMPTY(never written),"planner_read_facts.bias_regime=up/NORMAL (read @2026-09-03 19:18:06, nearest-preceding same-session match; row carries plan_id='' version=0 so it cannot be joined)","UP +87.50 (29500.00->29587.50, n=400m)"
2026-09-03:ASIA:8d5c8af5_8ef641a7-815c-4bb5-9798-b070b67d7998_deepseek_1781246265,3,2026-09-03,ASIA,level_event  [seated OB(bull)·4h (HTF) invalidated: close 29510.50 below 29545.00 (noise 3.79) on ASIA 2026-09-03],wake+change,2026-09-03 19:28:36,0,S2,long,,,,[breakout_retest] A 5m close above 29521.25 ONH confirms the break; a pullback retest of 29521.25 that holds is the long entry. | confirm: 1x5m_close ref=29521.25 side=above,YES,2026-09-03 19:25:00,none,doc.bias=long/medium | planner_read_facts.bias_ai=EMPTY(never written),planner_read_facts.bias_tree=EMPTY(never written),"planner_read_facts.bias_regime=up/NORMAL (read @2026-09-03 19:18:06, nearest-preceding same-session match; row carries plan_id='' version=0 so it cannot be joined)","UP +87.50 (29500.00->29587.50, n=400m)"
2026-09-03:ASIA:8d5c8af5_8ef641a7-815c-4bb5-9798-b070b67d7998_deepseek_1781246265,3,2026-09-03,ASIA,level_event  [seated OB(bull)·4h (HTF) invalidated: close 29510.50 below 29545.00 (noise 3.79) on ASIA 2026-09-03],wake+change,2026-09-03 19:28:36,0,S3,short,,,,[sweep_reclaim] Leg 1: price touches/sweeps 29521.25 ONH; leg 2: a 5m close back below 29521.25 triggers the fade short. | confirm: touch ref=29521.25 side=above | confirm2: 1x5m_close ref=29521.25 side=below,YES,2026-09-03 19:33:00,none,doc.bias=long/medium | planner_read_facts.bias_ai=EMPTY(never written),planner_read_facts.bias_tree=EMPTY(never written),"planner_read_facts.bias_regime=up/NORMAL (read @2026-09-03 19:18:06, nearest-preceding same-session match; row carries plan_id='' version=0 so it cannot be joined)","UP +87.50 (29500.00->29587.50, n=400m)"
2026-09-03:ASIA:8d5c8af5_8ef641a7-815c-4bb5-9798-b070b67d7998_deepseek_1781246265,4,2026-09-03,ASIA,level_event  [seated OB(bull)·4h (HTF) invalidated: close 29532.00 below 29545.00 (noise 3.61) on ASIA 2026-09-03],wake+change,2026-09-03 19:53:35,0,S1,short,29548,29558.5,29522.22,[reject] touch 29548.00 and reject | confirm: touch ref=29548 side=below,NO,,none,doc.bias=short/low | planner_read_facts.bias_ai=EMPTY(never written),planner_read_facts.bias_tree=EMPTY(never written),"planner_read_facts.bias_regime=up/NORMAL (read @2026-09-03 19:50:05, nearest-preceding same-session match; row carries plan_id='' version=0 so it cannot be joined)","UP +87.50 (29500.00->29587.50, n=400m)"
2026-09-03:ASIA:8d5c8af5_8ef641a7-815c-4bb5-9798-b070b67d7998_deepseek_1781246265,4,2026-09-03,ASIA,level_event  [seated OB(bull)·4h (HTF) invalidated: close 29532.00 below 29545.00 (noise 3.61) on ASIA 2026-09-03],wake+change,2026-09-03 19:53:35,0,S2,long,,,,"[breakout_retest] 5m close above 29548.00, then retest 29548.00 holds | confirm: touch ref=29548 side=above",NO,,none,doc.bias=short/low | planner_read_facts.bias_ai=EMPTY(never written),planner_read_facts.bias_tree=EMPTY(never written),"planner_read_facts.bias_regime=up/NORMAL (read @2026-09-03 19:50:05, nearest-preceding same-session match; row carries plan_id='' version=0 so it cannot be joined)","UP +87.50 (29500.00->29587.50, n=400m)"
2026-09-03:ASIA:8d5c8af5_8ef641a7-815c-4bb5-9798-b070b67d7998_deepseek_1781246265,5,2026-09-03,ASIA,level_event  [seated OB(bull)·1h (HTF) invalidated: close 29523.00 below 29574.38 (noise 3.57) on ASIA 2026-09-03],wake+change,2026-09-03 20:32:32,0,S1,short,,,,[sweep_reclaim] Price sweeps above ONH 29543.00 and then prints a 5m close back below 29543.00 (wick alone does not qualify). | confirm: touch ref=29543 side=above | confirm2: 1x5m_close ref=29543 side=below,YES,2026-09-03 20:33:00,decision open_short @2026-09-03 20:35:06 BLOCKED:entry_gate: refused: strict — plan_mode=strict executes plan ; decision open_short @2026-09-03 20:37:51 BLOCKED:entry_gate: refused: strict — plan_mode=strict executes plan ; decision open_short @2026-09-03 20:39:40 BLOCKED:entry_gate: refused: strict — plan_mode=strict executes plan ; decision open_short @2026-09-03 20:42:27 BLOCKED:entry_gate: refused: strict — plan_mode=strict executes plan ; decision open_short @2026-09-03 20:43:53 BLOCKED:entry_gate: refused: strict — plan_mode=strict executes plan ; decision open_short @2026-09-03 20:49:04 BLOCKED:entry_gate: refused: strict — plan_mode=strict executes plan ; decision open_short @2026-09-03 20:52:05 BLOCKED:entry_gate: refused: strict — plan_mode=strict executes plan ; decision open_short @2026-09-03 20:54:28 BLOCKED:entry_gate: refused: strict — plan_mode=strict executes plan ; decision open_short @2026-09-03 20:58:56 BLOCKED:entry_gate: refused: strict — plan_mode=strict executes plan ; decision open_short @2026-09-03 21:03:22 BLOCKED:entry_gate: refused: strict — plan_mode=strict executes plan ; decision open_short @2026-09-03 21:06:44 BLOCKED:entry_gate: refused: strict — plan_mode=strict executes plan ; decision open_short @2026-09-03 21:09:03 BLOCKED:entry_gate: refused: strict — plan_mode=strict executes plan ; decision open_short @2026-09-03 21:12:40 BLOCKED:entry_gate: refused: strict — plan_mode=strict executes plan,doc.bias=short/medium | planner_read_facts.bias_ai=EMPTY(never written),planner_read_facts.bias_tree=EMPTY(never written),"planner_read_facts.bias_regime=up/NORMAL (read @2026-09-03 20:24:03, nearest-preceding same-session match; row carries plan_id='' version=0 so it cannot be joined)","UP +87.50 (29500.00->29587.50, n=400m)"
2026-09-03:ASIA:8d5c8af5_8ef641a7-815c-4bb5-9798-b070b67d7998_deepseek_1781246265,5,2026-09-03,ASIA,level_event  [seated OB(bull)·1h (HTF) invalidated: close 29523.00 below 29574.38 (noise 3.57) on ASIA 2026-09-03],wake+change,2026-09-03 20:32:32,0,S2,long,,,,"[breakout_retest] 5m close above 29548.00, then a pullback touches 29548.00 from above and holds; enter long at the retest. | confirm: 1x5m_close ref=29548 side=above | confirm2: touch ref=29548 side=above",YES,2026-09-03 21:10:00,none,doc.bias=short/medium | planner_read_facts.bias_ai=EMPTY(never written),planner_read_facts.bias_tree=EMPTY(never written),"planner_read_facts.bias_regime=up/NORMAL (read @2026-09-03 20:24:03, nearest-preceding same-session match; row carries plan_id='' version=0 so it cannot be joined)","UP +87.50 (29500.00->29587.50, n=400m)"
2026-09-03:ASIA:8d5c8af5_8ef641a7-815c-4bb5-9798-b070b67d7998_deepseek_1781246265,5,2026-09-03,ASIA,level_event  [seated OB(bull)·1h (HTF) invalidated: close 29523.00 below 29574.38 (noise 3.57) on ASIA 2026-09-03],wake+change,2026-09-03 20:32:32,0,S3,short,29585,29603,29548,[reject] Rally stalls at 29585.00 (fresh SWG-H/prior session high) and rejects from first touch. | confirm: touch ref=29585 side=below,YES,2026-09-03 23:27:00,none,doc.bias=short/medium | planner_read_facts.bias_ai=EMPTY(never written),planner_read_facts.bias_tree=EMPTY(never written),"planner_read_facts.bias_regime=up/NORMAL (read @2026-09-03 20:24:03, nearest-preceding same-session match; row carries plan_id='' version=0 so it cannot be joined)","UP +87.50 (29500.00->29587.50, n=400m)"
