ct,ct_minute,in_blackout_1445_1630,level,msg_head
"2026-08-24 08:45:01",525,0,warning,[trader_id=8d5c8af5_8ef641a7-815c-4bb5-9
"2026-08-25 17:15:01",1035,0,warning,[trader_id=8d5c8af5_8ef641a7-815c-4bb5-9
"2026-08-25 18:08:17",1088,0,warning,[trader_id=8d5c8af5_8ef641a7-815c-4bb5-9
"2026-08-25 18:15:01",1095,0,warning,[trader_id=8d5c8af5_8ef641a7-815c-4bb5-9
"2026-08-25 18:16:18",1096,0,warning,[trader_id=8d5c8af5_8ef641a7-815c-4bb5-9
"2026-08-25 18:18:18",1098,0,warning,[trader_id=8d5c8af5_8ef641a7-815c-4bb5-9
"2026-08-25 18:22:18",1102,0,warning,[trader_id=8d5c8af5_8ef641a7-815c-4bb5-9
"2026-08-25 18:25:01",1105,0,warning,[trader_id=8d5c8af5_8ef641a7-815c-4bb5-9
"2026-08-25 18:26:49",1106,0,warning,[trader_id=8d5c8af5_8ef641a7-815c-4bb5-9
"2026-08-25 18:28:18",1108,0,warning,[trader_id=8d5c8af5_8ef641a7-815c-4bb5-9
"2026-08-25 18:30:18",1110,0,warning,[trader_id=8d5c8af5_8ef641a7-815c-4bb5-9
"2026-08-25 18:32:18",1112,0,warning,[trader_id=8d5c8af5_8ef641a7-815c-4bb5-9
"2026-08-25 18:35:01",1115,0,warning,[trader_id=8d5c8af5_8ef641a7-815c-4bb5-9
"2026-08-25 18:36:19",1116,0,warning,[trader_id=8d5c8af5_8ef641a7-815c-4bb5-9
"2026-08-25 18:38:19",1118,0,warning,[trader_id=8d5c8af5_8ef641a7-815c-4bb5-9
"2026-08-25 18:40:19",1120,0,warning,[trader_id=8d5c8af5_8ef641a7-815c-4bb5-9
"2026-08-25 18:45:01",1125,0,warning,[trader_id=8d5c8af5_8ef641a7-815c-4bb5-9
"2026-08-25 18:46:19",1126,0,warning,[trader_id=8d5c8af5_8ef641a7-815c-4bb5-9
"2026-08-25 18:48:28",1128,0,warning,[trader_id=8d5c8af5_8ef641a7-815c-4bb5-9
"2026-08-25 18:50:20",1130,0,warning,[trader_id=8d5c8af5_8ef641a7-815c-4bb5-9
"2026-08-25 18:55:01",1135,0,warning,[trader_id=8d5c8af5_8ef641a7-815c-4bb5-9
"2026-08-25 18:56:20",1136,0,warning,[trader_id=8d5c8af5_8ef641a7-815c-4bb5-9
"2026-08-25 18:58:20",1138,0,warning,[trader_id=8d5c8af5_8ef641a7-815c-4bb5-9
"2026-08-25 19:00:26",1140,0,warning,[trader_id=8d5c8af5_8ef641a7-815c-4bb5-9
"2026-08-25 19:02:21",1142,0,warning,[trader_id=8d5c8af5_8ef641a7-815c-4bb5-9
"2026-08-25 19:05:35",1145,0,warning,[trader_id=8d5c8af5_8ef641a7-815c-4bb5-9
"2026-08-25 19:06:29",1146,0,warning,[trader_id=8d5c8af5_8ef641a7-815c-4bb5-9
"2026-08-25 19:10:01",1150,0,warning,[trader_id=8d5c8af5_8ef641a7-815c-4bb5-9
"2026-08-25 19:11:45",1151,0,warning,[trader_id=8d5c8af5_8ef641a7-815c-4bb5-9
"2026-08-25 19:12:21",1152,0,warning,[trader_id=8d5c8af5_8ef641a7-815c-4bb5-9
"2026-08-25 19:15:01",1155,0,warning,[trader_id=8d5c8af5_8ef641a7-815c-4bb5-9
"2026-08-25 19:16:27",1156,0,warning,[trader_id=8d5c8af5_8ef641a7-815c-4bb5-9
"2026-08-25 19:18:21",1158,0,warning,[trader_id=8d5c8af5_8ef641a7-815c-4bb5-9
"2026-08-25 19:20:21",1160,0,warning,[trader_id=8d5c8af5_8ef641a7-815c-4bb5-9
"2026-08-25 19:22:21",1162,0,warning,[trader_id=8d5c8af5_8ef641a7-815c-4bb5-9
"2026-08-25 19:25:01",1165,0,warning,[trader_id=8d5c8af5_8ef641a7-815c-4bb5-9
"2026-08-25 19:26:56",1166,0,warning,[trader_id=8d5c8af5_8ef641a7-815c-4bb5-9
"2026-08-25 19:27:56",1167,0,warning,[trader_id=8d5c8af5_8ef641a7-815c-4bb5-9
"2026-08-25 19:30:01",1170,0,warning,[trader_id=8d5c8af5_8ef641a7-815c-4bb5-9
"2026-08-25 19:30:45",1170,0,warning,[trader_id=8d5c8af5_8ef641a7-815c-4bb5-9
"2026-08-25 19:32:22",1172,0,warning,[trader_id=8d5c8af5_8ef641a7-815c-4bb5-9
"2026-08-25 23:55:54",1435,0,warning,[trader_id=8d5c8af5_8ef641a7-815c-4bb5-9
"2026-08-26 00:00:01",0,0,warning,[trader_id=8d5c8af5_8ef641a7-815c-4bb5-9
"2026-08-26 00:01:54",1,0,warning,[trader_id=8d5c8af5_8ef641a7-815c-4bb5-9
"2026-08-26 00:05:01",5,0,warning,[trader_id=8d5c8af5_8ef641a7-815c-4bb5-9
"2026-08-26 00:09:55",9,0,warning,[trader_id=8d5c8af5_8ef641a7-815c-4bb5-9
"2026-08-26 00:10:57",10,0,warning,[trader_id=8d5c8af5_8ef641a7-815c-4bb5-9
"2026-08-26 00:12:09",12,0,warning,[trader_id=8d5c8af5_8ef641a7-815c-4bb5-9
"2026-08-26 00:15:01",15,0,warning,[trader_id=8d5c8af5_8ef641a7-815c-4bb5-9
"2026-08-26 00:15:55",15,0,warning,[trader_id=8d5c8af5_8ef641a7-815c-4bb5-9
"2026-08-26 00:17:55",17,0,warning,[trader_id=8d5c8af5_8ef641a7-815c-4bb5-9
"2026-08-26 00:20:56",20,0,warning,[trader_id=8d5c8af5_8ef641a7-815c-4bb5-9
"2026-08-26 00:30:57",30,0,warning,[trader_id=8d5c8af5_8ef641a7-815c-4bb5-9
"2026-08-26 00:32:57",32,0,warning,[trader_id=8d5c8af5_8ef641a7-815c-4bb5-9
"2026-08-26 00:35:01",35,0,warning,[trader_id=8d5c8af5_8ef641a7-815c-4bb5-9
"2026-08-26 00:36:57",36,0,warning,[trader_id=8d5c8af5_8ef641a7-815c-4bb5-9
"2026-08-26 00:38:57",38,0,warning,[trader_id=8d5c8af5_8ef641a7-815c-4bb5-9
"2026-08-26 00:40:57",40,0,warning,[trader_id=8d5c8af5_8ef641a7-815c-4bb5-9
"2026-08-26 00:42:57",42,0,warning,[trader_id=8d5c8af5_8ef641a7-815c-4bb5-9
"2026-08-26 00:45:01",45,0,warning,[trader_id=8d5c8af5_8ef641a7-815c-4bb5-9
"2026-08-26 00:46:58",46,0,warning,[trader_id=8d5c8af5_8ef641a7-815c-4bb5-9
"2026-08-26 00:48:58",48,0,warning,[trader_id=8d5c8af5_8ef641a7-815c-4bb5-9
"2026-08-26 00:50:58",50,0,warning,[trader_id=8d5c8af5_8ef641a7-815c-4bb5-9
"2026-08-26 00:52:58",52,0,warning,[trader_id=8d5c8af5_8ef641a7-815c-4bb5-9
"2026-08-26 01:00:23",60,0,warning,[trader_id=8d5c8af5_8ef641a7-815c-4bb5-9
"2026-08-26 01:00:59",60,0,warning,[trader_id=8d5c8af5_8ef641a7-815c-4bb5-9
"2026-08-26 01:02:59",62,0,warning,[trader_id=8d5c8af5_8ef641a7-815c-4bb5-9
"2026-08-26 01:05:41",65,0,warning,[trader_id=8d5c8af5_8ef641a7-815c-4bb5-9
"2026-08-26 01:13:41",73,0,warning,[trader_id=8d5c8af5_8ef641a7-815c-4bb5-9
"2026-08-26 01:15:42",75,0,warning,[trader_id=8d5c8af5_8ef641a7-815c-4bb5-9
"2026-08-26 01:18:07",78,0,warning,[trader_id=8d5c8af5_8ef641a7-815c-4bb5-9
"2026-08-26 01:22:14",82,0,warning,[trader_id=8d5c8af5_8ef641a7-815c-4bb5-9
"2026-08-26 02:30:01",150,0,warning,[trader_id=8d5c8af5_8ef641a7-815c-4bb5-9
"2026-08-26 02:35:01",155,0,warning,[trader_id=8d5c8af5_8ef641a7-815c-4bb5-9
"2026-08-26 02:37:30",157,0,warning,[trader_id=8d5c8af5_8ef641a7-815c-4bb5-9
"2026-08-26 02:39:30",159,0,warning,[trader_id=8d5c8af5_8ef641a7-815c-4bb5-9
"2026-08-26 02:40:29",160,0,warning,[trader_id=8d5c8af5_8ef641a7-815c-4bb5-9
"2026-08-26 02:43:31",163,0,warning,[trader_id=8d5c8af5_8ef641a7-815c-4bb5-9
"2026-08-26 02:45:01",165,0,warning,[trader_id=8d5c8af5_8ef641a7-815c-4bb5-9
"2026-08-26 02:47:32",167,0,warning,[trader_id=8d5c8af5_8ef641a7-815c-4bb5-9
"2026-08-26 02:49:32",169,0,warning,[trader_id=8d5c8af5_8ef641a7-815c-4bb5-9
"2026-08-26 02:50:03",170,0,warning,[trader_id=8d5c8af5_8ef641a7-815c-4bb5-9
"2026-08-26 02:53:33",173,0,warning,[trader_id=8d5c8af5_8ef641a7-815c-4bb5-9
"2026-08-26 02:55:01",175,0,warning,[trader_id=8d5c8af5_8ef641a7-815c-4bb5-9
"2026-08-26 02:57:33",177,0,warning,[trader_id=8d5c8af5_8ef641a7-815c-4bb5-9
"2026-08-26 02:59:33",179,0,warning,[trader_id=8d5c8af5_8ef641a7-815c-4bb5-9
"2026-08-26 03:19:36",199,0,warning,[trader_id=8d5c8af5_8ef641a7-815c-4bb5-9
"2026-08-26 03:27:37",207,0,warning,[trader_id=8d5c8af5_8ef641a7-815c-4bb5-9
"2026-08-26 03:29:37",209,0,warning,[trader_id=8d5c8af5_8ef641a7-815c-4bb5-9
"2026-08-26 03:31:30",211,0,warning,[trader_id=8d5c8af5_8ef641a7-815c-4bb5-9
"2026-08-26 03:33:38",213,0,warning,[trader_id=8d5c8af5_8ef641a7-815c-4bb5-9
"2026-08-26 03:35:01",215,0,warning,[trader_id=8d5c8af5_8ef641a7-815c-4bb5-9
"2026-08-26 03:37:38",217,0,warning,[trader_id=8d5c8af5_8ef641a7-815c-4bb5-9
"2026-08-26 03:39:38",219,0,warning,[trader_id=8d5c8af5_8ef641a7-815c-4bb5-9
"2026-08-26 03:40:32",220,0,warning,[trader_id=8d5c8af5_8ef641a7-815c-4bb5-9
"2026-08-26 03:43:39",223,0,warning,[trader_id=8d5c8af5_8ef641a7-815c-4bb5-9
"2026-08-26 03:45:01",225,0,warning,[trader_id=8d5c8af5_8ef641a7-815c-4bb5-9
"2026-08-26 03:47:39",227,0,warning,[trader_id=8d5c8af5_8ef641a7-815c-4bb5-9
"2026-08-26 03:49:39",229,0,warning,[trader_id=8d5c8af5_8ef641a7-815c-4bb5-9
"2026-08-26 03:50:48",230,0,warning,[trader_id=8d5c8af5_8ef641a7-815c-4bb5-9
"2026-08-26 04:01:05",241,0,warning,[trader_id=8d5c8af5_8ef641a7-815c-4bb5-9
"2026-08-26 04:03:41",243,0,warning,[trader_id=8d5c8af5_8ef641a7-815c-4bb5-9
"2026-08-26 04:05:11",245,0,warning,[trader_id=8d5c8af5_8ef641a7-815c-4bb5-9
"2026-08-26 04:07:41",247,0,warning,[trader_id=8d5c8af5_8ef641a7-815c-4bb5-9
"2026-08-26 04:09:42",249,0,warning,[trader_id=8d5c8af5_8ef641a7-815c-4bb5-9
"2026-08-26 04:10:28",250,0,warning,[trader_id=8d5c8af5_8ef641a7-815c-4bb5-9
"2026-08-26 04:13:42",253,0,warning,[trader_id=8d5c8af5_8ef641a7-815c-4bb5-9
"2026-08-26 04:15:01",255,0,warning,[trader_id=8d5c8af5_8ef641a7-815c-4bb5-9
"2026-08-26 04:17:43",257,0,warning,[trader_id=8d5c8af5_8ef641a7-815c-4bb5-9
"2026-08-26 04:19:43",259,0,warning,[trader_id=8d5c8af5_8ef641a7-815c-4bb5-9
"2026-08-26 04:20:10",260,0,warning,[trader_id=8d5c8af5_8ef641a7-815c-4bb5-9
"2026-08-26 04:23:43",263,0,warning,[trader_id=8d5c8af5_8ef641a7-815c-4bb5-9
"2026-08-26 04:30:58",270,0,warning,[trader_id=8d5c8af5_8ef641a7-815c-4bb5-9
"2026-08-26 04:33:44",273,0,warning,[trader_id=8d5c8af5_8ef641a7-815c-4bb5-9
"2026-08-26 04:35:01",275,0,warning,[trader_id=8d5c8af5_8ef641a7-815c-4bb5-9
"2026-08-26 04:37:45",277,0,warning,[trader_id=8d5c8af5_8ef641a7-815c-4bb5-9
"2026-08-26 04:39:45",279,0,warning,[trader_id=8d5c8af5_8ef641a7-815c-4bb5-9
"2026-08-26 04:40:39",280,0,warning,[trader_id=8d5c8af5_8ef641a7-815c-4bb5-9
"2026-08-26 04:43:45",283,0,warning,[trader_id=8d5c8af5_8ef641a7-815c-4bb5-9
"2026-08-26 04:45:01",285,0,warning,[trader_id=8d5c8af5_8ef641a7-815c-4bb5-9
"2026-08-26 04:47:46",287,0,warning,[trader_id=8d5c8af5_8ef641a7-815c-4bb5-9
"2026-08-26 04:49:46",289,0,warning,[trader_id=8d5c8af5_8ef641a7-815c-4bb5-9
"2026-08-26 04:50:45",290,0,warning,[trader_id=8d5c8af5_8ef641a7-815c-4bb5-9
"2026-08-26 04:53:46",293,0,warning,[trader_id=8d5c8af5_8ef641a7-815c-4bb5-9
"2026-08-26 04:55:01",295,0,warning,[trader_id=8d5c8af5_8ef641a7-815c-4bb5-9
"2026-08-26 04:59:47",299,0,warning,[trader_id=8d5c8af5_8ef641a7-815c-4bb5-9
"2026-08-26 05:01:18",301,0,warning,[trader_id=8d5c8af5_8ef641a7-815c-4bb5-9
"2026-08-26 05:03:47",303,0,warning,[trader_id=8d5c8af5_8ef641a7-815c-4bb5-9
"2026-08-26 05:05:01",305,0,warning,[trader_id=8d5c8af5_8ef641a7-815c-4bb5-9
"2026-08-26 05:07:48",307,0,warning,[trader_id=8d5c8af5_8ef641a7-815c-4bb5-9
"2026-08-26 05:09:48",309,0,warning,[trader_id=8d5c8af5_8ef641a7-815c-4bb5-9
"2026-08-26 05:10:10",310,0,warning,[trader_id=8d5c8af5_8ef641a7-815c-4bb5-9
"2026-08-26 05:13:48",313,0,warning,[trader_id=8d5c8af5_8ef641a7-815c-4bb5-9
"2026-08-26 05:15:01",315,0,warning,[trader_id=8d5c8af5_8ef641a7-815c-4bb5-9
"2026-08-26 05:17:49",317,0,warning,[trader_id=8d5c8af5_8ef641a7-815c-4bb5-9
"2026-08-26 05:19:49",319,0,warning,[trader_id=8d5c8af5_8ef641a7-815c-4bb5-9
"2026-08-26 05:20:45",320,0,warning,[trader_id=8d5c8af5_8ef641a7-815c-4bb5-9
"2026-08-26 05:23:49",323,0,warning,[trader_id=8d5c8af5_8ef641a7-815c-4bb5-9
"2026-08-26 05:25:01",325,0,warning,[trader_id=8d5c8af5_8ef641a7-815c-4bb5-9
"2026-08-26 05:27:50",327,0,warning,[trader_id=8d5c8af5_8ef641a7-815c-4bb5-9
"2026-08-26 05:30:14",330,0,warning,[trader_id=8d5c8af5_8ef641a7-815c-4bb5-9
"2026-08-26 05:33:50",333,0,warning,[trader_id=8d5c8af5_8ef641a7-815c-4bb5-9
"2026-08-26 05:35:01",335,0,warning,[trader_id=8d5c8af5_8ef641a7-815c-4bb5-9
"2026-08-26 05:37:51",337,0,warning,[trader_id=8d5c8af5_8ef641a7-815c-4bb5-9
"2026-08-26 05:39:51",339,0,warning,[trader_id=8d5c8af5_8ef641a7-815c-4bb5-9
"2026-08-26 05:40:25",340,0,warning,[trader_id=8d5c8af5_8ef641a7-815c-4bb5-9
"2026-08-26 05:43:51",343,0,warning,[trader_id=8d5c8af5_8ef641a7-815c-4bb5-9
"2026-08-26 05:45:01",345,0,warning,[trader_id=8d5c8af5_8ef641a7-815c-4bb5-9
"2026-08-26 05:47:52",347,0,warning,[trader_id=8d5c8af5_8ef641a7-815c-4bb5-9
"2026-08-26 05:49:52",349,0,warning,[trader_id=8d5c8af5_8ef641a7-815c-4bb5-9
"2026-08-26 05:52:06",352,0,warning,[trader_id=8d5c8af5_8ef641a7-815c-4bb5-9
"2026-08-26 05:53:50",353,0,warning,[trader_id=8d5c8af5_8ef641a7-815c-4bb5-9
"2026-08-26 05:55:10",355,0,warning,[trader_id=8d5c8af5_8ef641a7-815c-4bb5-9
"2026-08-26 05:57:53",357,0,warning,[trader_id=8d5c8af5_8ef641a7-815c-4bb5-9
"2026-08-26 05:59:53",359,0,warning,[trader_id=8d5c8af5_8ef641a7-815c-4bb5-9
"2026-08-26 06:00:26",360,0,warning,[trader_id=8d5c8af5_8ef641a7-815c-4bb5-9
"2026-08-26 06:01:51",361,0,warning,[trader_id=8d5c8af5_8ef641a7-815c-4bb5-9
"2026-08-26 06:06:27",366,0,warning,[trader_id=8d5c8af5_8ef641a7-815c-4bb5-9
"2026-08-26 06:09:54",369,0,warning,[trader_id=8d5c8af5_8ef641a7-815c-4bb5-9
"2026-08-26 06:12:46",372,0,warning,[trader_id=8d5c8af5_8ef641a7-815c-4bb5-9
"2026-08-26 06:13:55",373,0,warning,[trader_id=8d5c8af5_8ef641a7-815c-4bb5-9
"2026-08-26 06:15:01",375,0,warning,[trader_id=8d5c8af5_8ef641a7-815c-4bb5-9
"2026-08-26 06:15:55",375,0,warning,[trader_id=8d5c8af5_8ef641a7-815c-4bb5-9
"2026-08-26 06:19:55",379,0,warning,[trader_id=8d5c8af5_8ef641a7-815c-4bb5-9
"2026-08-26 06:21:06",381,0,warning,[trader_id=8d5c8af5_8ef641a7-815c-4bb5-9
"2026-08-26 06:23:56",383,0,warning,[trader_id=8d5c8af5_8ef641a7-815c-4bb5-9
"2026-08-26 06:26:38",386,0,warning,[trader_id=8d5c8af5_8ef641a7-815c-4bb5-9
"2026-08-26 06:27:56",387,0,warning,[trader_id=8d5c8af5_8ef641a7-815c-4bb5-9
"2026-08-26 06:29:56",389,0,warning,[trader_id=8d5c8af5_8ef641a7-815c-4bb5-9
"2026-08-26 06:30:01",390,0,warning,[trader_id=8d5c8af5_8ef641a7-815c-4bb5-9
"2026-08-26 06:35:01",395,0,warning,[trader_id=8d5c8af5_8ef641a7-815c-4bb5-9
"2026-08-26 06:36:24",396,0,warning,[trader_id=8d5c8af5_8ef641a7-815c-4bb5-9
"2026-08-26 06:38:06",398,0,warning,[trader_id=8d5c8af5_8ef641a7-815c-4bb5-9
"2026-08-26 06:40:01",400,0,warning,[trader_id=8d5c8af5_8ef641a7-815c-4bb5-9
"2026-08-26 06:41:13",401,0,warning,[trader_id=8d5c8af5_8ef641a7-815c-4bb5-9
"2026-08-26 06:42:11",402,0,warning,[trader_id=8d5c8af5_8ef641a7-815c-4bb5-9
"2026-08-26 06:45:01",405,0,warning,[trader_id=8d5c8af5_8ef641a7-815c-4bb5-9
"2026-08-26 06:45:58",405,0,warning,[trader_id=8d5c8af5_8ef641a7-815c-4bb5-9
"2026-08-26 06:49:59",409,0,warning,[trader_id=8d5c8af5_8ef641a7-815c-4bb5-9
"2026-08-26 06:50:32",410,0,warning,[trader_id=8d5c8af5_8ef641a7-815c-4bb5-9
"2026-08-26 06:52:08",412,0,warning,[trader_id=8d5c8af5_8ef641a7-815c-4bb5-9
"2026-08-26 06:55:01",415,0,warning,[trader_id=8d5c8af5_8ef641a7-815c-4bb5-9
"2026-08-26 06:56:00",416,0,warning,[trader_id=8d5c8af5_8ef641a7-815c-4bb5-9
"2026-08-26 06:58:00",418,0,warning,[trader_id=8d5c8af5_8ef641a7-815c-4bb5-9
"2026-08-26 07:00:00",420,0,warning,[trader_id=8d5c8af5_8ef641a7-815c-4bb5-9
"2026-08-26 07:02:01",422,0,warning,[trader_id=8d5c8af5_8ef641a7-815c-4bb5-9
"2026-08-26 07:08:01",428,0,warning,[trader_id=8d5c8af5_8ef641a7-815c-4bb5-9
"2026-08-26 07:10:02",430,0,warning,[trader_id=8d5c8af5_8ef641a7-815c-4bb5-9
"2026-08-26 07:12:02",432,0,warning,[trader_id=8d5c8af5_8ef641a7-815c-4bb5-9
"2026-08-26 07:14:02",434,0,warning,[trader_id=8d5c8af5_8ef641a7-815c-4bb5-9
"2026-08-26 07:16:03",436,0,warning,[trader_id=8d5c8af5_8ef641a7-815c-4bb5-9
"2026-08-26 07:18:03",438,0,warning,[trader_id=8d5c8af5_8ef641a7-815c-4bb5-9
"2026-08-26 07:20:03",440,0,warning,[trader_id=8d5c8af5_8ef641a7-815c-4bb5-9
"2026-08-26 07:22:04",442,0,warning,[trader_id=8d5c8af5_8ef641a7-815c-4bb5-9
"2026-08-26 07:24:04",444,0,warning,[trader_id=8d5c8af5_8ef641a7-815c-4bb5-9
"2026-08-26 07:26:04",446,0,warning,[trader_id=8d5c8af5_8ef641a7-815c-4bb5-9
"2026-08-26 07:28:04",448,0,warning,[trader_id=8d5c8af5_8ef641a7-815c-4bb5-9
"2026-08-26 07:30:06",450,0,warning,[trader_id=8d5c8af5_8ef641a7-815c-4bb5-9
"2026-08-26 07:32:05",452,0,warning,[trader_id=8d5c8af5_8ef641a7-815c-4bb5-9
"2026-08-26 07:34:05",454,0,warning,[trader_id=8d5c8af5_8ef641a7-815c-4bb5-9
"2026-08-26 07:40:06",460,0,warning,[trader_id=8d5c8af5_8ef641a7-815c-4bb5-9
"2026-08-26 07:42:07",462,0,warning,[trader_id=8d5c8af5_8ef641a7-815c-4bb5-9
"2026-08-26 07:45:45",465,0,warning,[trader_id=8d5c8af5_8ef641a7-815c-4bb5-9
"2026-08-26 07:50:01",470,0,warning,[trader_id=8d5c8af5_8ef641a7-815c-4bb5-9
"2026-08-26 07:51:46",471,0,warning,[trader_id=8d5c8af5_8ef641a7-815c-4bb5-9
"2026-08-26 07:53:46",473,0,warning,[trader_id=8d5c8af5_8ef641a7-815c-4bb5-9
"2026-08-26 07:55:46",475,0,warning,[trader_id=8d5c8af5_8ef641a7-815c-4bb5-9
"2026-08-26 07:57:46",477,0,warning,[trader_id=8d5c8af5_8ef641a7-815c-4bb5-9
"2026-08-26 08:00:01",480,0,warning,[trader_id=8d5c8af5_8ef641a7-815c-4bb5-9
"2026-08-26 08:01:47",481,0,warning,[trader_id=8d5c8af5_8ef641a7-815c-4bb5-9
"2026-08-26 08:03:47",483,0,warning,[trader_id=8d5c8af5_8ef641a7-815c-4bb5-9
"2026-08-26 08:06:09",486,0,warning,[trader_id=8d5c8af5_8ef641a7-815c-4bb5-9
"2026-08-26 08:12:04",492,0,warning,[trader_id=8d5c8af5_8ef641a7-815c-4bb5-9
"2026-08-26 08:17:01",497,0,warning,[trader_id=8d5c8af5_8ef641a7-815c-4bb5-9
"2026-08-26 08:25:07",505,0,warning,[trader_id=8d5c8af5_8ef641a7-815c-4bb5-9
"2026-08-26 08:33:01",513,0,warning,[trader_id=8d5c8af5_8ef641a7-815c-4bb5-9
"2026-08-26 08:33:56",513,0,warning,[trader_id=8d5c8af5_8ef641a7-815c-4bb5-9
"2026-08-26 08:36:58",516,0,warning,[trader_id=8d5c8af5_8ef641a7-815c-4bb5-9
"2026-08-26 08:44:53",524,0,warning,[trader_id=8d5c8af5_8ef641a7-815c-4bb5-9
"2026-08-26 09:31:28",571,0,warning,[trader_id=8d5c8af5_8ef641a7-815c-4bb5-9
"2026-08-26 09:46:52",586,0,warning,[trader_id=8d5c8af5_8ef641a7-815c-4bb5-9
"2026-08-26 09:53:37",593,0,warning,[trader_id=8d5c8af5_8ef641a7-815c-4bb5-9
"2026-08-26 10:05:37",605,0,warning,[trader_id=8d5c8af5_8ef641a7-815c-4bb5-9
"2026-08-26 10:12:20",612,0,warning,[trader_id=8d5c8af5_8ef641a7-815c-4bb5-9
"2026-08-26 10:13:03",613,0,warning,[trader_id=8d5c8af5_8ef641a7-815c-4bb5-9
"2026-08-26 10:15:01",615,0,warning,[trader_id=8d5c8af5_8ef641a7-815c-4bb5-9
"2026-08-26 10:16:44",616,0,warning,[trader_id=8d5c8af5_8ef641a7-815c-4bb5-9
"2026-08-26 10:18:44",618,0,warning,[trader_id=8d5c8af5_8ef641a7-815c-4bb5-9
"2026-08-26 10:20:44",620,0,warning,[trader_id=8d5c8af5_8ef641a7-815c-4bb5-9
"2026-08-26 10:22:44",622,0,warning,[trader_id=8d5c8af5_8ef641a7-815c-4bb5-9
"2026-08-26 10:25:01",625,0,warning,[trader_id=8d5c8af5_8ef641a7-815c-4bb5-9
"2026-08-26 10:26:45",626,0,warning,[trader_id=8d5c8af5_8ef641a7-815c-4bb5-9
"2026-08-26 10:28:45",628,0,warning,[trader_id=8d5c8af5_8ef641a7-815c-4bb5-9
"2026-08-26 10:30:45",630,0,warning,[trader_id=8d5c8af5_8ef641a7-815c-4bb5-9
"2026-08-26 10:32:45",632,0,warning,[trader_id=8d5c8af5_8ef641a7-815c-4bb5-9
"2026-08-26 10:35:01",635,0,warning,[trader_id=8d5c8af5_8ef641a7-815c-4bb5-9
"2026-08-26 10:36:46",636,0,warning,[trader_id=8d5c8af5_8ef641a7-815c-4bb5-9
"2026-08-26 10:41:14",641,0,warning,[trader_id=8d5c8af5_8ef641a7-815c-4bb5-9
"2026-08-26 10:45:15",645,0,warning,[trader_id=8d5c8af5_8ef641a7-815c-4bb5-9
"2026-08-26 10:49:15",649,0,warning,[trader_id=8d5c8af5_8ef641a7-815c-4bb5-9
"2026-08-26 10:55:02",655,0,warning,[trader_id=8d5c8af5_8ef641a7-815c-4bb5-9
"2026-08-26 10:56:42",656,0,warning,[trader_id=8d5c8af5_8ef641a7-815c-4bb5-9
"2026-08-26 10:59:16",659,0,warning,[trader_id=8d5c8af5_8ef641a7-815c-4bb5-9
"2026-08-26 11:00:01",660,0,warning,[trader_id=8d5c8af5_8ef641a7-815c-4bb5-9
"2026-08-26 17:15:04",1035,0,warning,[trader_id=8d5c8af5_8ef641a7-815c-4bb5-9
"2026-08-26 17:30:01",1050,0,warning,[trader_id=8d5c8af5_8ef641a7-815c-4bb5-9
"2026-08-26 17:31:06",1051,0,warning,[trader_id=8d5c8af5_8ef641a7-815c-4bb5-9
"2026-08-26 17:33:06",1053,0,warning,[trader_id=8d5c8af5_8ef641a7-815c-4bb5-9
"2026-08-26 17:35:06",1055,0,warning,[trader_id=8d5c8af5_8ef641a7-815c-4bb5-9
"2026-08-26 17:37:07",1057,0,warning,[trader_id=8d5c8af5_8ef641a7-815c-4bb5-9
"2026-08-26 17:40:01",1060,0,warning,[trader_id=8d5c8af5_8ef641a7-815c-4bb5-9
"2026-08-26 17:41:07",1061,0,warning,[trader_id=8d5c8af5_8ef641a7-815c-4bb5-9
"2026-08-26 17:43:07",1063,0,warning,[trader_id=8d5c8af5_8ef641a7-815c-4bb5-9
"2026-08-26 17:45:08",1065,0,warning,[trader_id=8d5c8af5_8ef641a7-815c-4bb5-9
"2026-08-26 17:47:27",1067,0,warning,[trader_id=8d5c8af5_8ef641a7-815c-4bb5-9
"2026-08-26 18:00:01",1080,0,warning,[trader_id=8d5c8af5_8ef641a7-815c-4bb5-9
"2026-08-26 19:15:01",1155,0,warning,[trader_id=8d5c8af5_8ef641a7-815c-4bb5-9
"2026-08-26 19:30:01",1170,0,warning,[trader_id=8d5c8af5_8ef641a7-815c-4bb5-9
"2026-08-26 19:30:54",1170,0,warning,[trader_id=8d5c8af5_8ef641a7-815c-4bb5-9
"2026-08-26 19:32:44",1172,0,warning,[trader_id=8d5c8af5_8ef641a7-815c-4bb5-9
"2026-08-26 19:35:01",1175,0,warning,[trader_id=8d5c8af5_8ef641a7-815c-4bb5-9
"2026-08-26 19:36:44",1176,0,warning,[trader_id=8d5c8af5_8ef641a7-815c-4bb5-9
"2026-08-26 19:40:01",1180,0,warning,[trader_id=8d5c8af5_8ef641a7-815c-4bb5-9
"2026-08-26 19:40:45",1180,0,warning,[trader_id=8d5c8af5_8ef641a7-815c-4bb5-9
"2026-08-26 19:42:45",1182,0,warning,[trader_id=8d5c8af5_8ef641a7-815c-4bb5-9
"2026-08-26 19:45:01",1185,0,warning,[trader_id=8d5c8af5_8ef641a7-815c-4bb5-9
"2026-08-26 19:45:01",1185,0,warning,[trader_id=8d5c8af5_8ef641a7-815c-4bb5-9
"2026-08-26 19:46:46",1186,0,warning,[trader_id=8d5c8af5_8ef641a7-815c-4bb5-9
"2026-08-26 19:46:46",1186,0,warning,[trader_id=8d5c8af5_8ef641a7-815c-4bb5-9
"2026-08-26 19:50:01",1190,0,warning,[trader_id=8d5c8af5_8ef641a7-815c-4bb5-9
"2026-08-26 19:53:18",1193,0,warning,[trader_id=8d5c8af5_8ef641a7-815c-4bb5-9
"2026-08-26 19:55:01",1195,0,warning,[trader_id=8d5c8af5_8ef641a7-815c-4bb5-9
"2026-08-26 19:56:47",1196,0,warning,[trader_id=8d5c8af5_8ef641a7-815c-4bb5-9
"2026-08-26 20:00:01",1200,0,warning,[trader_id=8d5c8af5_8ef641a7-815c-4bb5-9
"2026-08-26 20:01:32",1201,0,warning,[trader_id=8d5c8af5_8ef641a7-815c-4bb5-9
"2026-08-26 20:02:47",1202,0,warning,[trader_id=8d5c8af5_8ef641a7-815c-4bb5-9
"2026-08-26 20:07:10",1207,0,warning,[trader_id=8d5c8af5_8ef641a7-815c-4bb5-9
"2026-08-26 20:55:01",1255,0,warning,[trader_id=8d5c8af5_8ef641a7-815c-4bb5-9
"2026-08-26 22:00:59",1320,0,warning,[trader_id=8d5c8af5_8ef641a7-815c-4bb5-9
"2026-08-26 22:06:37",1326,0,warning,[trader_id=8d5c8af5_8ef641a7-815c-4bb5-9
"2026-08-26 22:09:27",1329,0,warning,[trader_id=8d5c8af5_8ef641a7-815c-4bb5-9
"2026-08-26 22:13:25",1333,0,warning,[trader_id=8d5c8af5_8ef641a7-815c-4bb5-9
"2026-08-26 22:15:42",1335,0,warning,[trader_id=8d5c8af5_8ef641a7-815c-4bb5-9
"2026-08-26 22:19:29",1339,0,warning,[trader_id=8d5c8af5_8ef641a7-815c-4bb5-9
"2026-08-26 22:21:24",1341,0,warning,[trader_id=8d5c8af5_8ef641a7-815c-4bb5-9
"2026-08-26 22:22:13",1342,0,warning,[trader_id=8d5c8af5_8ef641a7-815c-4bb5-9
"2026-08-26 22:25:01",1345,0,warning,[trader_id=8d5c8af5_8ef641a7-815c-4bb5-9
"2026-08-26 22:26:24",1346,0,warning,[trader_id=8d5c8af5_8ef641a7-815c-4bb5-9
"2026-08-26 22:27:29",1347,0,warning,[trader_id=8d5c8af5_8ef641a7-815c-4bb5-9
"2026-08-26 22:30:01",1350,0,warning,[trader_id=8d5c8af5_8ef641a7-815c-4bb5-9
"2026-08-26 22:31:30",1351,0,warning,[trader_id=8d5c8af5_8ef641a7-815c-4bb5-9
"2026-08-26 22:45:31",1365,0,warning,[trader_id=8d5c8af5_8ef641a7-815c-4bb5-9
"2026-08-26 22:47:15",1367,0,warning,[trader_id=8d5c8af5_8ef641a7-815c-4bb5-9
"2026-08-26 22:50:53",1370,0,warning,[trader_id=8d5c8af5_8ef641a7-815c-4bb5-9
"2026-08-26 22:51:32",1371,0,warning,[trader_id=8d5c8af5_8ef641a7-815c-4bb5-9
"2026-08-26 22:55:01",1375,0,warning,[trader_id=8d5c8af5_8ef641a7-815c-4bb5-9
"2026-08-26 22:56:54",1376,0,warning,[trader_id=8d5c8af5_8ef641a7-815c-4bb5-9
"2026-08-26 22:57:54",1377,0,warning,[trader_id=8d5c8af5_8ef641a7-815c-4bb5-9
"2026-08-26 23:00:01",1380,0,warning,[trader_id=8d5c8af5_8ef641a7-815c-4bb5-9
"2026-08-26 23:01:33",1381,0,warning,[trader_id=8d5c8af5_8ef641a7-815c-4bb5-9
"2026-08-26 23:05:01",1385,0,warning,[trader_id=8d5c8af5_8ef641a7-815c-4bb5-9
"2026-08-27 02:15:17",135,0,warning,[trader_id=8d5c8af5_8ef641a7-815c-4bb5-9
"2026-08-27 02:31:19",151,0,warning,[trader_id=8d5c8af5_8ef641a7-815c-4bb5-9
"2026-08-27 02:33:19",153,0,warning,[trader_id=8d5c8af5_8ef641a7-815c-4bb5-9
"2026-08-27 02:35:20",155,0,warning,[trader_id=8d5c8af5_8ef641a7-815c-4bb5-9
"2026-08-27 02:37:20",157,0,warning,[trader_id=8d5c8af5_8ef641a7-815c-4bb5-9
"2026-08-27 02:40:01",160,0,warning,[trader_id=8d5c8af5_8ef641a7-815c-4bb5-9
"2026-08-27 02:41:20",161,0,warning,[trader_id=8d5c8af5_8ef641a7-815c-4bb5-9
"2026-08-27 02:43:21",163,0,warning,[trader_id=8d5c8af5_8ef641a7-815c-4bb5-9
"2026-08-27 02:45:21",165,0,warning,[trader_id=8d5c8af5_8ef641a7-815c-4bb5-9
"2026-08-27 03:15:24",195,0,warning,[trader_id=8d5c8af5_8ef641a7-815c-4bb5-9
"2026-08-27 03:23:25",203,0,warning,[trader_id=8d5c8af5_8ef641a7-815c-4bb5-9
"2026-08-27 03:25:26",205,0,warning,[trader_id=8d5c8af5_8ef641a7-815c-4bb5-9
"2026-08-27 03:27:26",207,0,warning,[trader_id=8d5c8af5_8ef641a7-815c-4bb5-9
"2026-08-27 03:30:01",210,0,warning,[trader_id=8d5c8af5_8ef641a7-815c-4bb5-9
"2026-08-27 03:31:26",211,0,warning,[trader_id=8d5c8af5_8ef641a7-815c-4bb5-9
"2026-08-27 03:33:26",213,0,warning,[trader_id=8d5c8af5_8ef641a7-815c-4bb5-9
"2026-08-27 03:35:27",215,0,warning,[trader_id=8d5c8af5_8ef641a7-815c-4bb5-9
"2026-08-27 03:37:27",217,0,warning,[trader_id=8d5c8af5_8ef641a7-815c-4bb5-9
"2026-08-27 03:40:01",220,0,warning,[trader_id=8d5c8af5_8ef641a7-815c-4bb5-9
"2026-08-27 03:41:27",221,0,warning,[trader_id=8d5c8af5_8ef641a7-815c-4bb5-9
"2026-08-27 03:43:28",223,0,warning,[trader_id=8d5c8af5_8ef641a7-815c-4bb5-9
"2026-08-27 03:45:28",225,0,warning,[trader_id=8d5c8af5_8ef641a7-815c-4bb5-9
"2026-08-27 03:53:29",233,0,warning,[trader_id=8d5c8af5_8ef641a7-815c-4bb5-9
"2026-08-27 03:55:29",235,0,warning,[trader_id=8d5c8af5_8ef641a7-815c-4bb5-9
"2026-08-27 03:57:29",237,0,warning,[trader_id=8d5c8af5_8ef641a7-815c-4bb5-9
"2026-08-27 04:00:01",240,0,warning,[trader_id=8d5c8af5_8ef641a7-815c-4bb5-9
"2026-08-27 04:01:29",241,0,warning,[trader_id=8d5c8af5_8ef641a7-815c-4bb5-9
"2026-08-27 04:03:30",243,0,warning,[trader_id=8d5c8af5_8ef641a7-815c-4bb5-9
"2026-08-27 04:05:30",245,0,warning,[trader_id=8d5c8af5_8ef641a7-815c-4bb5-9
"2026-08-27 04:07:30",247,0,warning,[trader_id=8d5c8af5_8ef641a7-815c-4bb5-9
"2026-08-27 04:10:01",250,0,warning,[trader_id=8d5c8af5_8ef641a7-815c-4bb5-9
"2026-08-27 04:11:31",251,0,warning,[trader_id=8d5c8af5_8ef641a7-815c-4bb5-9
"2026-08-27 04:13:31",253,0,warning,[trader_id=8d5c8af5_8ef641a7-815c-4bb5-9
"2026-08-27 04:15:31",255,0,warning,[trader_id=8d5c8af5_8ef641a7-815c-4bb5-9
"2026-08-27 04:17:31",257,0,warning,[trader_id=8d5c8af5_8ef641a7-815c-4bb5-9
"2026-08-27 08:00:01",480,0,warning,[trader_id=8d5c8af5_8ef641a7-815c-4bb5-9
"2026-08-27 08:07:59",487,0,warning,[trader_id=8d5c8af5_8ef641a7-815c-4bb5-9
"2026-08-27 08:10:01",490,0,warning,[trader_id=8d5c8af5_8ef641a7-815c-4bb5-9
"2026-08-27 08:12:00",492,0,warning,[trader_id=8d5c8af5_8ef641a7-815c-4bb5-9
"2026-08-27 08:14:00",494,0,warning,[trader_id=8d5c8af5_8ef641a7-815c-4bb5-9
"2026-08-27 08:16:00",496,0,warning,[trader_id=8d5c8af5_8ef641a7-815c-4bb5-9
"2026-08-27 08:18:00",498,0,warning,[trader_id=8d5c8af5_8ef641a7-815c-4bb5-9
"2026-08-27 08:20:00",500,0,warning,[trader_id=8d5c8af5_8ef641a7-815c-4bb5-9
"2026-08-27 08:22:01",502,0,warning,[trader_id=8d5c8af5_8ef641a7-815c-4bb5-9
"2026-08-27 08:24:01",504,0,warning,[trader_id=8d5c8af5_8ef641a7-815c-4bb5-9
"2026-08-27 08:26:01",506,0,warning,[trader_id=8d5c8af5_8ef641a7-815c-4bb5-9
"2026-08-27 13:32:37",812,0,warning,[trader_id=8d5c8af5_8ef641a7-815c-4bb5-9
"2026-08-27 13:41:16",821,0,warning,[trader_id=8d5c8af5_8ef641a7-815c-4bb5-9
"2026-08-27 13:44:11",824,0,warning,[trader_id=8d5c8af5_8ef641a7-815c-4bb5-9
"2026-08-27 13:46:11",826,0,warning,[trader_id=8d5c8af5_8ef641a7-815c-4bb5-9
"2026-08-27 13:48:11",828,0,warning,[trader_id=8d5c8af5_8ef641a7-815c-4bb5-9
"2026-08-27 13:50:11",830,0,warning,[trader_id=8d5c8af5_8ef641a7-815c-4bb5-9
"2026-08-27 13:52:56",832,0,warning,[trader_id=8d5c8af5_8ef641a7-815c-4bb5-9
"2026-08-27 13:58:34",838,0,warning,[trader_id=8d5c8af5_8ef641a7-815c-4bb5-9
"2026-08-27 14:00:34",840,0,warning,[trader_id=8d5c8af5_8ef641a7-815c-4bb5-9
"2026-08-27 14:02:35",842,0,warning,[trader_id=8d5c8af5_8ef641a7-815c-4bb5-9
"2026-08-27 17:43:41",1063,0,warning,[trader_id=8d5c8af5_8ef641a7-815c-4bb5-9
"2026-08-27 17:45:41",1065,0,warning,[trader_id=8d5c8af5_8ef641a7-815c-4bb5-9
"2026-08-27 17:47:41",1067,0,warning,[trader_id=8d5c8af5_8ef641a7-815c-4bb5-9
"2026-08-27 17:49:41",1069,0,warning,[trader_id=8d5c8af5_8ef641a7-815c-4bb5-9
"2026-08-27 17:51:42",1071,0,warning,[trader_id=8d5c8af5_8ef641a7-815c-4bb5-9
"2026-08-27 17:53:42",1073,0,warning,[trader_id=8d5c8af5_8ef641a7-815c-4bb5-9
"2026-08-27 17:55:42",1075,0,warning,[trader_id=8d5c8af5_8ef641a7-815c-4bb5-9
"2026-08-27 17:57:42",1077,0,warning,[trader_id=8d5c8af5_8ef641a7-815c-4bb5-9
"2026-08-27 18:00:01",1080,0,warning,[trader_id=8d5c8af5_8ef641a7-815c-4bb5-9
"2026-08-27 18:01:43",1081,0,warning,[trader_id=8d5c8af5_8ef641a7-815c-4bb5-9
"2026-08-27 18:03:43",1083,0,warning,[trader_id=8d5c8af5_8ef641a7-815c-4bb5-9
"2026-08-27 18:16:40",1096,0,warning,[trader_id=8d5c8af5_8ef641a7-815c-4bb5-9
"2026-08-27 19:15:01",1155,0,warning,[trader_id=8d5c8af5_8ef641a7-815c-4bb5-9
"2026-08-27 19:30:50",1170,0,warning,[trader_id=8d5c8af5_8ef641a7-815c-4bb5-9
"2026-08-27 19:32:50",1172,0,warning,[trader_id=8d5c8af5_8ef641a7-815c-4bb5-9
"2026-08-27 19:35:01",1175,0,warning,[trader_id=8d5c8af5_8ef641a7-815c-4bb5-9
"2026-08-27 19:36:50",1176,0,warning,[trader_id=8d5c8af5_8ef641a7-815c-4bb5-9
"2026-08-27 19:38:51",1178,0,warning,[trader_id=8d5c8af5_8ef641a7-815c-4bb5-9
"2026-08-27 19:40:51",1180,0,warning,[trader_id=8d5c8af5_8ef641a7-815c-4bb5-9
"2026-08-27 19:42:51",1182,0,warning,[trader_id=8d5c8af5_8ef641a7-815c-4bb5-9
"2026-08-27 19:45:01",1185,0,warning,[trader_id=8d5c8af5_8ef641a7-815c-4bb5-9
"2026-08-27 19:46:52",1186,0,warning,[trader_id=8d5c8af5_8ef641a7-815c-4bb5-9
"2026-08-27 19:55:01",1195,0,warning,[trader_id=8d5c8af5_8ef641a7-815c-4bb5-9
"2026-08-27 19:56:53",1196,0,warning,[trader_id=8d5c8af5_8ef641a7-815c-4bb5-9
"2026-08-27 19:58:54",1198,0,warning,[trader_id=8d5c8af5_8ef641a7-815c-4bb5-9
"2026-08-27 20:00:54",1200,0,warning,[trader_id=8d5c8af5_8ef641a7-815c-4bb5-9
"2026-08-27 20:02:54",1202,0,warning,[trader_id=8d5c8af5_8ef641a7-815c-4bb5-9
"2026-08-27 20:05:01",1205,0,warning,[trader_id=8d5c8af5_8ef641a7-815c-4bb5-9
"2026-08-27 20:06:55",1206,0,warning,[trader_id=8d5c8af5_8ef641a7-815c-4bb5-9
"2026-08-27 20:08:55",1208,0,warning,[trader_id=8d5c8af5_8ef641a7-815c-4bb5-9
"2026-08-27 20:10:55",1210,0,warning,[trader_id=8d5c8af5_8ef641a7-815c-4bb5-9
"2026-08-27 20:12:56",1212,0,warning,[trader_id=8d5c8af5_8ef641a7-815c-4bb5-9
"2026-08-27 20:15:01",1215,0,warning,[trader_id=8d5c8af5_8ef641a7-815c-4bb5-9
"2026-08-27 20:16:56",1216,0,warning,[trader_id=8d5c8af5_8ef641a7-815c-4bb5-9
"2026-08-27 20:22:57",1222,0,warning,[trader_id=8d5c8af5_8ef641a7-815c-4bb5-9
"2026-08-27 20:25:01",1225,0,warning,[trader_id=8d5c8af5_8ef641a7-815c-4bb5-9
"2026-08-27 20:27:05",1227,0,warning,[trader_id=8d5c8af5_8ef641a7-815c-4bb5-9
"2026-08-27 20:28:58",1228,0,warning,[trader_id=8d5c8af5_8ef641a7-815c-4bb5-9
"2026-08-27 20:30:58",1230,0,warning,[trader_id=8d5c8af5_8ef641a7-815c-4bb5-9
"2026-08-27 20:32:58",1232,0,warning,[trader_id=8d5c8af5_8ef641a7-815c-4bb5-9
"2026-08-27 20:35:01",1235,0,warning,[trader_id=8d5c8af5_8ef641a7-815c-4bb5-9
"2026-08-27 20:36:59",1236,0,warning,[trader_id=8d5c8af5_8ef641a7-815c-4bb5-9
"2026-08-27 20:40:01",1240,0,warning,[trader_id=8d5c8af5_8ef641a7-815c-4bb5-9
"2026-08-27 20:40:59",1240,0,warning,[trader_id=8d5c8af5_8ef641a7-815c-4bb5-9
"2026-08-27 20:43:00",1243,0,warning,[trader_id=8d5c8af5_8ef641a7-815c-4bb5-9
"2026-08-27 20:45:00",1245,0,warning,[trader_id=8d5c8af5_8ef641a7-815c-4bb5-9
"2026-08-27 20:47:00",1247,0,warning,[trader_id=8d5c8af5_8ef641a7-815c-4bb5-9
"2026-08-27 20:50:01",1250,0,warning,[trader_id=8d5c8af5_8ef641a7-815c-4bb5-9
"2026-08-27 20:56:02",1256,0,warning,[trader_id=8d5c8af5_8ef641a7-815c-4bb5-9
"2026-08-27 20:57:01",1257,0,warning,[trader_id=8d5c8af5_8ef641a7-815c-4bb5-9
"2026-08-27 21:00:01",1260,0,warning,[trader_id=8d5c8af5_8ef641a7-815c-4bb5-9
"2026-08-27 21:01:02",1261,0,warning,[trader_id=8d5c8af5_8ef641a7-815c-4bb5-9
"2026-08-27 21:03:02",1263,0,warning,[trader_id=8d5c8af5_8ef641a7-815c-4bb5-9
"2026-08-27 21:05:02",1265,0,warning,[trader_id=8d5c8af5_8ef641a7-815c-4bb5-9
"2026-08-27 21:07:03",1267,0,warning,[trader_id=8d5c8af5_8ef641a7-815c-4bb5-9
"2026-08-27 21:10:01",1270,0,warning,[trader_id=8d5c8af5_8ef641a7-815c-4bb5-9
"2026-08-27 21:11:03",1271,0,warning,[trader_id=8d5c8af5_8ef641a7-815c-4bb5-9
"2026-08-27 21:13:03",1273,0,warning,[trader_id=8d5c8af5_8ef641a7-815c-4bb5-9
"2026-08-27 21:15:04",1275,0,warning,[trader_id=8d5c8af5_8ef641a7-815c-4bb5-9
"2026-08-27 21:17:04",1277,0,warning,[trader_id=8d5c8af5_8ef641a7-815c-4bb5-9
"2026-08-27 21:19:04",1279,0,warning,[trader_id=8d5c8af5_8ef641a7-815c-4bb5-9
"2026-08-27 21:21:04",1281,0,warning,[trader_id=8d5c8af5_8ef641a7-815c-4bb5-9
"2026-08-27 21:29:37",1289,0,warning,[trader_id=8d5c8af5_8ef641a7-815c-4bb5-9
"2026-08-27 21:31:37",1291,0,warning,[trader_id=8d5c8af5_8ef641a7-815c-4bb5-9
"2026-08-27 21:33:37",1293,0,warning,[trader_id=8d5c8af5_8ef641a7-815c-4bb5-9
"2026-08-27 21:35:37",1295,0,warning,[trader_id=8d5c8af5_8ef641a7-815c-4bb5-9
"2026-08-27 21:37:38",1297,0,warning,[trader_id=8d5c8af5_8ef641a7-815c-4bb5-9
"2026-08-27 21:39:38",1299,0,warning,[trader_id=8d5c8af5_8ef641a7-815c-4bb5-9
"2026-08-27 21:43:38",1303,0,warning,[trader_id=8d5c8af5_8ef641a7-815c-4bb5-9
"2026-08-27 21:45:38",1305,0,warning,[trader_id=8d5c8af5_8ef641a7-815c-4bb5-9
"2026-08-27 21:47:39",1307,0,warning,[trader_id=8d5c8af5_8ef641a7-815c-4bb5-9
"2026-08-27 21:50:01",1310,0,warning,[trader_id=8d5c8af5_8ef641a7-815c-4bb5-9
"2026-08-27 21:51:39",1311,0,warning,[trader_id=8d5c8af5_8ef641a7-815c-4bb5-9
"2026-08-27 21:53:39",1313,0,warning,[trader_id=8d5c8af5_8ef641a7-815c-4bb5-9
"2026-08-27 21:55:40",1315,0,warning,[trader_id=8d5c8af5_8ef641a7-815c-4bb5-9
"2026-08-27 21:57:40",1317,0,warning,[trader_id=8d5c8af5_8ef641a7-815c-4bb5-9
"2026-08-27 22:00:01",1320,0,warning,[trader_id=8d5c8af5_8ef641a7-815c-4bb5-9
"2026-08-27 22:15:42",1335,0,warning,[trader_id=8d5c8af5_8ef641a7-815c-4bb5-9
"2026-08-27 22:17:42",1337,0,warning,[trader_id=8d5c8af5_8ef641a7-815c-4bb5-9
"2026-08-27 22:20:01",1340,0,warning,[trader_id=8d5c8af5_8ef641a7-815c-4bb5-9
"2026-08-27 22:22:12",1342,0,warning,[trader_id=8d5c8af5_8ef641a7-815c-4bb5-9
"2026-08-27 22:25:01",1345,0,warning,[trader_id=8d5c8af5_8ef641a7-815c-4bb5-9
"2026-08-27 22:25:50",1345,0,warning,[trader_id=8d5c8af5_8ef641a7-815c-4bb5-9
"2026-08-27 22:27:43",1347,0,warning,[trader_id=8d5c8af5_8ef641a7-815c-4bb5-9
"2026-08-27 22:30:01",1350,0,warning,[trader_id=8d5c8af5_8ef641a7-815c-4bb5-9
"2026-08-27 22:31:44",1351,0,warning,[trader_id=8d5c8af5_8ef641a7-815c-4bb5-9
"2026-08-27 22:45:01",1365,0,warning,[trader_id=8d5c8af5_8ef641a7-815c-4bb5-9
"2026-08-27 22:45:57",1365,0,warning,[trader_id=8d5c8af5_8ef641a7-815c-4bb5-9
"2026-08-27 22:47:45",1367,0,warning,[trader_id=8d5c8af5_8ef641a7-815c-4bb5-9
"2026-08-27 22:50:01",1370,0,warning,[trader_id=8d5c8af5_8ef641a7-815c-4bb5-9
"2026-08-27 22:51:46",1371,0,warning,[trader_id=8d5c8af5_8ef641a7-815c-4bb5-9
"2026-08-27 22:53:46",1373,0,warning,[trader_id=8d5c8af5_8ef641a7-815c-4bb5-9
"2026-08-27 22:55:46",1375,0,warning,[trader_id=8d5c8af5_8ef641a7-815c-4bb5-9
"2026-08-27 22:57:47",1377,0,warning,[trader_id=8d5c8af5_8ef641a7-815c-4bb5-9
"2026-08-27 23:00:01",1380,0,warning,[trader_id=8d5c8af5_8ef641a7-815c-4bb5-9
"2026-08-27 23:01:47",1381,0,warning,[trader_id=8d5c8af5_8ef641a7-815c-4bb5-9
"2026-08-27 23:03:47",1383,0,warning,[trader_id=8d5c8af5_8ef641a7-815c-4bb5-9
"2026-08-27 23:15:49",1395,0,warning,[trader_id=8d5c8af5_8ef641a7-815c-4bb5-9
"2026-08-27 23:17:49",1397,0,warning,[trader_id=8d5c8af5_8ef641a7-815c-4bb5-9
"2026-08-27 23:20:01",1400,0,warning,[trader_id=8d5c8af5_8ef641a7-815c-4bb5-9
"2026-08-27 23:21:49",1401,0,warning,[trader_id=8d5c8af5_8ef641a7-815c-4bb5-9
"2026-08-27 23:23:50",1403,0,warning,[trader_id=8d5c8af5_8ef641a7-815c-4bb5-9
"2026-08-27 23:25:50",1405,0,warning,[trader_id=8d5c8af5_8ef641a7-815c-4bb5-9
"2026-08-27 23:27:50",1407,0,warning,[trader_id=8d5c8af5_8ef641a7-815c-4bb5-9
"2026-08-27 23:30:01",1410,0,warning,[trader_id=8d5c8af5_8ef641a7-815c-4bb5-9
"2026-08-27 23:31:51",1411,0,warning,[trader_id=8d5c8af5_8ef641a7-815c-4bb5-9
"2026-08-27 23:33:51",1413,0,warning,[trader_id=8d5c8af5_8ef641a7-815c-4bb5-9
"2026-08-27 23:35:51",1415,0,warning,[trader_id=8d5c8af5_8ef641a7-815c-4bb5-9
"2026-08-27 23:45:52",1425,0,warning,[trader_id=8d5c8af5_8ef641a7-815c-4bb5-9
"2026-08-27 23:47:53",1427,0,warning,[trader_id=8d5c8af5_8ef641a7-815c-4bb5-9
"2026-08-27 23:50:01",1430,0,warning,[trader_id=8d5c8af5_8ef641a7-815c-4bb5-9
"2026-08-27 23:51:53",1431,0,warning,[trader_id=8d5c8af5_8ef641a7-815c-4bb5-9
"2026-08-27 23:54:53",1434,0,warning,[trader_id=8d5c8af5_8ef641a7-815c-4bb5-9
"2026-08-28 00:00:53",0,0,warning,[trader_id=8d5c8af5_8ef641a7-815c-4bb5-9
"2026-08-28 00:02:54",2,0,warning,[trader_id=8d5c8af5_8ef641a7-815c-4bb5-9
"2026-08-28 00:05:01",5,0,warning,[trader_id=8d5c8af5_8ef641a7-815c-4bb5-9
"2026-08-28 00:06:54",6,0,warning,[trader_id=8d5c8af5_8ef641a7-815c-4bb5-9
"2026-08-28 00:08:54",8,0,warning,[trader_id=8d5c8af5_8ef641a7-815c-4bb5-9
"2026-08-28 00:10:54",10,0,warning,[trader_id=8d5c8af5_8ef641a7-815c-4bb5-9
"2026-08-28 00:12:55",12,0,warning,[trader_id=8d5c8af5_8ef641a7-815c-4bb5-9
"2026-08-28 00:15:01",15,0,warning,[trader_id=8d5c8af5_8ef641a7-815c-4bb5-9
"2026-08-28 00:16:55",16,0,warning,[trader_id=8d5c8af5_8ef641a7-815c-4bb5-9
"2026-08-28 00:18:55",18,0,warning,[trader_id=8d5c8af5_8ef641a7-815c-4bb5-9
"2026-08-28 00:20:56",20,0,warning,[trader_id=8d5c8af5_8ef641a7-815c-4bb5-9
"2026-08-28 00:22:56",22,0,warning,[trader_id=8d5c8af5_8ef641a7-815c-4bb5-9
"2026-08-28 00:25:01",25,0,warning,[trader_id=8d5c8af5_8ef641a7-815c-4bb5-9
"2026-08-28 00:45:01",45,0,warning,[trader_id=8d5c8af5_8ef641a7-815c-4bb5-9
"2026-08-28 00:46:59",46,0,warning,[trader_id=8d5c8af5_8ef641a7-815c-4bb5-9
"2026-08-28 00:48:59",48,0,warning,[trader_id=8d5c8af5_8ef641a7-815c-4bb5-9
"2026-08-28 00:51:00",51,0,warning,[trader_id=8d5c8af5_8ef641a7-815c-4bb5-9
"2026-08-28 00:53:00",53,0,warning,[trader_id=8d5c8af5_8ef641a7-815c-4bb5-9
"2026-08-28 00:55:00",55,0,warning,[trader_id=8d5c8af5_8ef641a7-815c-4bb5-9
"2026-08-28 00:57:00",57,0,warning,[trader_id=8d5c8af5_8ef641a7-815c-4bb5-9
"2026-08-28 01:01:01",61,0,warning,[trader_id=8d5c8af5_8ef641a7-815c-4bb5-9
"2026-08-28 01:03:01",63,0,warning,[trader_id=8d5c8af5_8ef641a7-815c-4bb5-9
"2026-08-28 01:05:01",65,0,warning,[trader_id=8d5c8af5_8ef641a7-815c-4bb5-9
"2026-08-28 01:07:02",67,0,warning,[trader_id=8d5c8af5_8ef641a7-815c-4bb5-9
"2026-08-28 01:09:02",69,0,warning,[trader_id=8d5c8af5_8ef641a7-815c-4bb5-9
"2026-08-28 01:11:02",71,0,warning,[trader_id=8d5c8af5_8ef641a7-815c-4bb5-9
"2026-08-28 01:13:02",73,0,warning,[trader_id=8d5c8af5_8ef641a7-815c-4bb5-9
"2026-08-28 01:15:03",75,0,warning,[trader_id=8d5c8af5_8ef641a7-815c-4bb5-9
"2026-08-28 01:17:03",77,0,warning,[trader_id=8d5c8af5_8ef641a7-815c-4bb5-9
"2026-08-28 01:19:03",79,0,warning,[trader_id=8d5c8af5_8ef641a7-815c-4bb5-9
"2026-08-28 01:21:03",81,0,warning,[trader_id=8d5c8af5_8ef641a7-815c-4bb5-9
"2026-08-28 01:23:04",83,0,warning,[trader_id=8d5c8af5_8ef641a7-815c-4bb5-9
"2026-08-28 01:25:04",85,0,warning,[trader_id=8d5c8af5_8ef641a7-815c-4bb5-9
"2026-08-28 01:27:04",87,0,warning,[trader_id=8d5c8af5_8ef641a7-815c-4bb5-9
"2026-08-28 01:31:05",91,0,warning,[trader_id=8d5c8af5_8ef641a7-815c-4bb5-9
"2026-08-28 01:33:05",93,0,warning,[trader_id=8d5c8af5_8ef641a7-815c-4bb5-9
"2026-08-28 01:35:05",95,0,warning,[trader_id=8d5c8af5_8ef641a7-815c-4bb5-9
"2026-08-28 01:37:05",97,0,warning,[trader_id=8d5c8af5_8ef641a7-815c-4bb5-9
"2026-08-28 01:39:06",99,0,warning,[trader_id=8d5c8af5_8ef641a7-815c-4bb5-9
"2026-08-28 01:41:06",101,0,warning,[trader_id=8d5c8af5_8ef641a7-815c-4bb5-9
"2026-08-28 01:43:06",103,0,warning,[trader_id=8d5c8af5_8ef641a7-815c-4bb5-9
"2026-08-28 01:45:06",105,0,warning,[trader_id=8d5c8af5_8ef641a7-815c-4bb5-9
"2026-08-28 01:47:07",107,0,warning,[trader_id=8d5c8af5_8ef641a7-815c-4bb5-9
"2026-08-28 01:49:07",109,0,warning,[trader_id=8d5c8af5_8ef641a7-815c-4bb5-9
"2026-08-28 01:51:07",111,0,warning,[trader_id=8d5c8af5_8ef641a7-815c-4bb5-9
"2026-08-28 01:53:07",113,0,warning,[trader_id=8d5c8af5_8ef641a7-815c-4bb5-9
"2026-08-28 01:55:08",115,0,warning,[trader_id=8d5c8af5_8ef641a7-815c-4bb5-9
"2026-08-28 02:14:43",134,0,warning,[trader_id=8d5c8af5_8ef641a7-815c-4bb5-9
"2026-08-28 06:30:01",390,0,warning,[trader_id=8d5c8af5_8ef641a7-815c-4bb5-9
"2026-08-28 06:37:42",397,0,warning,[trader_id=8d5c8af5_8ef641a7-815c-4bb5-9
"2026-08-28 06:40:01",400,0,warning,[trader_id=8d5c8af5_8ef641a7-815c-4bb5-9
"2026-08-28 06:41:42",401,0,warning,[trader_id=8d5c8af5_8ef641a7-815c-4bb5-9
"2026-08-28 06:43:42",403,0,warning,[trader_id=8d5c8af5_8ef641a7-815c-4bb5-9
"2026-08-28 07:15:46",435,0,warning,[trader_id=8d5c8af5_8ef641a7-815c-4bb5-9
"2026-08-28 07:27:47",447,0,warning,[trader_id=8d5c8af5_8ef641a7-815c-4bb5-9
"2026-08-28 07:30:15",450,0,warning,[trader_id=8d5c8af5_8ef641a7-815c-4bb5-9
"2026-08-28 07:36:16",456,0,warning,[trader_id=8d5c8af5_8ef641a7-815c-4bb5-9
"2026-08-28 07:38:16",458,0,warning,[trader_id=8d5c8af5_8ef641a7-815c-4bb5-9
"2026-08-28 07:39:22",459,0,warning,[trader_id=8d5c8af5_8ef641a7-815c-4bb5-9
"2026-08-28 07:45:22",465,0,warning,[trader_id=8d5c8af5_8ef641a7-815c-4bb5-9
"2026-08-28 07:47:22",467,0,warning,[trader_id=8d5c8af5_8ef641a7-815c-4bb5-9
"2026-08-28 07:49:22",469,0,warning,[trader_id=8d5c8af5_8ef641a7-815c-4bb5-9
"2026-08-28 07:51:22",471,0,warning,[trader_id=8d5c8af5_8ef641a7-815c-4bb5-9
"2026-08-28 07:53:23",473,0,warning,[trader_id=8d5c8af5_8ef641a7-815c-4bb5-9
"2026-08-28 07:55:23",475,0,warning,[trader_id=8d5c8af5_8ef641a7-815c-4bb5-9
"2026-08-28 07:57:23",477,0,warning,[trader_id=8d5c8af5_8ef641a7-815c-4bb5-9
"2026-08-28 08:00:01",480,0,warning,[trader_id=8d5c8af5_8ef641a7-815c-4bb5-9
"2026-08-28 08:01:23",481,0,warning,[trader_id=8d5c8af5_8ef641a7-815c-4bb5-9
"2026-08-28 08:03:24",483,0,warning,[trader_id=8d5c8af5_8ef641a7-815c-4bb5-9
"2026-08-28 08:05:24",485,0,warning,[trader_id=8d5c8af5_8ef641a7-815c-4bb5-9
"2026-08-28 08:07:24",487,0,warning,[trader_id=8d5c8af5_8ef641a7-815c-4bb5-9
"2026-08-28 08:10:01",490,0,warning,[trader_id=8d5c8af5_8ef641a7-815c-4bb5-9
"2026-08-28 08:15:25",495,0,warning,[trader_id=8d5c8af5_8ef641a7-815c-4bb5-9
"2026-08-28 08:17:25",497,0,warning,[trader_id=8d5c8af5_8ef641a7-815c-4bb5-9
"2026-08-28 08:20:01",500,0,warning,[trader_id=8d5c8af5_8ef641a7-815c-4bb5-9
"2026-08-28 08:21:26",501,0,warning,[trader_id=8d5c8af5_8ef641a7-815c-4bb5-9
"2026-08-28 08:23:26",503,0,warning,[trader_id=8d5c8af5_8ef641a7-815c-4bb5-9
"2026-08-28 08:25:26",505,0,warning,[trader_id=8d5c8af5_8ef641a7-815c-4bb5-9
"2026-08-28 08:27:26",507,0,warning,[trader_id=8d5c8af5_8ef641a7-815c-4bb5-9
"2026-08-28 08:35:27",515,0,warning,[trader_id=8d5c8af5_8ef641a7-815c-4bb5-9
"2026-08-28 08:37:27",517,0,warning,[trader_id=8d5c8af5_8ef641a7-815c-4bb5-9
"2026-08-28 08:40:01",520,0,warning,[trader_id=8d5c8af5_8ef641a7-815c-4bb5-9
"2026-08-28 08:41:28",521,0,warning,[trader_id=8d5c8af5_8ef641a7-815c-4bb5-9
"2026-08-28 08:45:28",525,0,warning,[trader_id=8d5c8af5_8ef641a7-815c-4bb5-9
"2026-08-28 08:45:31",525,0,warning,[trader_id=8d5c8af5_8ef641a7-815c-4bb5-9
"2026-08-28 08:47:29",527,0,warning,[trader_id=8d5c8af5_8ef641a7-815c-4bb5-9
"2026-08-28 08:50:01",530,0,warning,[trader_id=8d5c8af5_8ef641a7-815c-4bb5-9
"2026-08-28 08:51:29",531,0,warning,[trader_id=8d5c8af5_8ef641a7-815c-4bb5-9
"2026-08-28 08:53:29",533,0,warning,[trader_id=8d5c8af5_8ef641a7-815c-4bb5-9
"2026-08-28 08:55:30",535,0,warning,[trader_id=8d5c8af5_8ef641a7-815c-4bb5-9
"2026-08-28 08:57:30",537,0,warning,[trader_id=8d5c8af5_8ef641a7-815c-4bb5-9
"2026-08-28 09:00:01",540,0,warning,[trader_id=8d5c8af5_8ef641a7-815c-4bb5-9
"2026-08-28 09:01:30",541,0,warning,[trader_id=8d5c8af5_8ef641a7-815c-4bb5-9
"2026-08-28 09:03:31",543,0,warning,[trader_id=8d5c8af5_8ef641a7-815c-4bb5-9
"2026-08-28 09:05:31",545,0,warning,[trader_id=8d5c8af5_8ef641a7-815c-4bb5-9
"2026-08-28 09:07:31",547,0,warning,[trader_id=8d5c8af5_8ef641a7-815c-4bb5-9
"2026-08-28 09:09:32",549,0,warning,[trader_id=8d5c8af5_8ef641a7-815c-4bb5-9
"2026-08-28 09:11:32",551,0,warning,[trader_id=8d5c8af5_8ef641a7-815c-4bb5-9
"2026-08-28 09:13:32",553,0,warning,[trader_id=8d5c8af5_8ef641a7-815c-4bb5-9
"2026-08-28 09:17:33",557,0,warning,[trader_id=8d5c8af5_8ef641a7-815c-4bb5-9
"2026-08-28 09:19:33",559,0,warning,[trader_id=8d5c8af5_8ef641a7-815c-4bb5-9
"2026-08-28 09:21:33",561,0,warning,[trader_id=8d5c8af5_8ef641a7-815c-4bb5-9
"2026-08-28 09:23:34",563,0,warning,[trader_id=8d5c8af5_8ef641a7-815c-4bb5-9
"2026-08-28 09:25:34",565,0,warning,[trader_id=8d5c8af5_8ef641a7-815c-4bb5-9
"2026-08-28 09:27:34",567,0,warning,[trader_id=8d5c8af5_8ef641a7-815c-4bb5-9
"2026-08-28 09:29:35",569,0,warning,[trader_id=8d5c8af5_8ef641a7-815c-4bb5-9
"2026-08-28 09:33:35",573,0,warning,[trader_id=8d5c8af5_8ef641a7-815c-4bb5-9
"2026-08-28 09:35:35",575,0,warning,[trader_id=8d5c8af5_8ef641a7-815c-4bb5-9
"2026-08-28 09:37:36",577,0,warning,[trader_id=8d5c8af5_8ef641a7-815c-4bb5-9
"2026-08-28 09:40:01",580,0,warning,[trader_id=8d5c8af5_8ef641a7-815c-4bb5-9
"2026-08-28 09:41:36",581,0,warning,[trader_id=8d5c8af5_8ef641a7-815c-4bb5-9
"2026-08-28 09:43:37",583,0,warning,[trader_id=8d5c8af5_8ef641a7-815c-4bb5-9
"2026-08-28 10:45:44",645,0,warning,[trader_id=8d5c8af5_8ef641a7-815c-4bb5-9
"2026-08-28 10:53:45",653,0,warning,[trader_id=8d5c8af5_8ef641a7-815c-4bb5-9
"2026-08-28 10:55:46",655,0,warning,[trader_id=8d5c8af5_8ef641a7-815c-4bb5-9
"2026-08-28 10:57:46",657,0,warning,[trader_id=8d5c8af5_8ef641a7-815c-4bb5-9
"2026-08-28 11:00:01",660,0,warning,[trader_id=8d5c8af5_8ef641a7-815c-4bb5-9
"2026-08-28 11:01:46",661,0,warning,[trader_id=8d5c8af5_8ef641a7-815c-4bb5-9
"2026-08-28 11:03:46",663,0,warning,[trader_id=8d5c8af5_8ef641a7-815c-4bb5-9
"2026-08-28 11:05:47",665,0,warning,[trader_id=8d5c8af5_8ef641a7-815c-4bb5-9
"2026-08-28 11:07:47",667,0,warning,[trader_id=8d5c8af5_8ef641a7-815c-4bb5-9
"2026-08-28 11:10:01",670,0,warning,[trader_id=8d5c8af5_8ef641a7-815c-4bb5-9
"2026-08-28 11:11:47",671,0,warning,[trader_id=8d5c8af5_8ef641a7-815c-4bb5-9
"2026-08-28 11:13:48",673,0,warning,[trader_id=8d5c8af5_8ef641a7-815c-4bb5-9
"2026-08-28 11:15:48",675,0,warning,[trader_id=8d5c8af5_8ef641a7-815c-4bb5-9
"2026-08-28 11:26:47",686,0,warning,[trader_id=8d5c8af5_8ef641a7-815c-4bb5-9
"2026-08-28 11:30:47",690,0,warning,[trader_id=8d5c8af5_8ef641a7-815c-4bb5-9
"2026-08-28 11:34:38",694,0,warning,[trader_id=8d5c8af5_8ef641a7-815c-4bb5-9
"2026-08-28 11:45:01",705,0,warning,[trader_id=8d5c8af5_8ef641a7-815c-4bb5-9
"2026-08-28 11:46:39",706,0,warning,[trader_id=8d5c8af5_8ef641a7-815c-4bb5-9
"2026-08-28 11:48:39",708,0,warning,[trader_id=8d5c8af5_8ef641a7-815c-4bb5-9
"2026-08-28 11:50:39",710,0,warning,[trader_id=8d5c8af5_8ef641a7-815c-4bb5-9
"2026-08-28 11:52:39",712,0,warning,[trader_id=8d5c8af5_8ef641a7-815c-4bb5-9
"2026-08-28 11:55:01",715,0,warning,[trader_id=8d5c8af5_8ef641a7-815c-4bb5-9
"2026-08-28 11:56:40",716,0,warning,[trader_id=8d5c8af5_8ef641a7-815c-4bb5-9
"2026-08-28 11:58:40",718,0,warning,[trader_id=8d5c8af5_8ef641a7-815c-4bb5-9
"2026-08-28 11:59:00",719,0,warning,[trader_id=8d5c8af5_8ef641a7-815c-4bb5-9
"2026-08-28 12:01:00",721,0,warning,[trader_id=8d5c8af5_8ef641a7-815c-4bb5-9
"2026-08-28 12:03:00",723,0,warning,[trader_id=8d5c8af5_8ef641a7-815c-4bb5-9
"2026-08-28 12:05:01",725,0,warning,[trader_id=8d5c8af5_8ef641a7-815c-4bb5-9
"2026-08-28 12:07:01",727,0,warning,[trader_id=8d5c8af5_8ef641a7-815c-4bb5-9
"2026-08-28 12:09:01",729,0,warning,[trader_id=8d5c8af5_8ef641a7-815c-4bb5-9
"2026-08-28 12:11:01",731,0,warning,[trader_id=8d5c8af5_8ef641a7-815c-4bb5-9
"2026-08-28 12:13:01",733,0,warning,[trader_id=8d5c8af5_8ef641a7-815c-4bb5-9
"2026-08-28 12:15:02",735,0,warning,[trader_id=8d5c8af5_8ef641a7-815c-4bb5-9
"2026-08-28 12:17:02",737,0,warning,[trader_id=8d5c8af5_8ef641a7-815c-4bb5-9
"2026-08-28 12:19:02",739,0,warning,[trader_id=8d5c8af5_8ef641a7-815c-4bb5-9
"2026-08-28 12:21:02",741,0,warning,[trader_id=8d5c8af5_8ef641a7-815c-4bb5-9
"2026-08-28 12:23:03",743,0,warning,[trader_id=8d5c8af5_8ef641a7-815c-4bb5-9
"2026-08-28 12:25:03",745,0,warning,[trader_id=8d5c8af5_8ef641a7-815c-4bb5-9
"2026-08-28 12:27:03",747,0,warning,[trader_id=8d5c8af5_8ef641a7-815c-4bb5-9
"2026-08-28 12:29:03",749,0,warning,[trader_id=8d5c8af5_8ef641a7-815c-4bb5-9
"2026-08-28 12:31:03",751,0,warning,[trader_id=8d5c8af5_8ef641a7-815c-4bb5-9
"2026-08-28 12:45:05",765,0,warning,[trader_id=8d5c8af5_8ef641a7-815c-4bb5-9
"2026-08-28 12:47:05",767,0,warning,[trader_id=8d5c8af5_8ef641a7-815c-4bb5-9
"2026-08-28 12:49:05",769,0,warning,[trader_id=8d5c8af5_8ef641a7-815c-4bb5-9
"2026-08-28 12:51:06",771,0,warning,[trader_id=8d5c8af5_8ef641a7-815c-4bb5-9
"2026-08-28 12:53:06",773,0,warning,[trader_id=8d5c8af5_8ef641a7-815c-4bb5-9
"2026-08-28 12:55:06",775,0,warning,[trader_id=8d5c8af5_8ef641a7-815c-4bb5-9
"2026-08-28 12:57:06",777,0,warning,[trader_id=8d5c8af5_8ef641a7-815c-4bb5-9
"2026-08-28 12:59:07",779,0,warning,[trader_id=8d5c8af5_8ef641a7-815c-4bb5-9
"2026-08-28 13:01:07",781,0,warning,[trader_id=8d5c8af5_8ef641a7-815c-4bb5-9
"2026-08-28 13:09:07",789,0,warning,[trader_id=8d5c8af5_8ef641a7-815c-4bb5-9
"2026-08-28 13:11:08",791,0,warning,[trader_id=8d5c8af5_8ef641a7-815c-4bb5-9
"2026-08-28 13:13:08",793,0,warning,[trader_id=8d5c8af5_8ef641a7-815c-4bb5-9
"2026-08-30 18:35:46",1115,0,warning,[trader_id=8d5c8af5_8ef641a7-815c-4bb5-9
"2026-08-30 18:45:45",1125,0,warning,[trader_id=8d5c8af5_8ef641a7-815c-4bb5-9
"2026-08-30 18:47:45",1127,0,warning,[trader_id=8d5c8af5_8ef641a7-815c-4bb5-9
"2026-08-30 18:50:01",1130,0,warning,[trader_id=8d5c8af5_8ef641a7-815c-4bb5-9
"2026-08-30 18:51:45",1131,0,warning,[trader_id=8d5c8af5_8ef641a7-815c-4bb5-9
"2026-08-30 18:53:45",1133,0,warning,[trader_id=8d5c8af5_8ef641a7-815c-4bb5-9
"2026-08-30 18:55:45",1135,0,warning,[trader_id=8d5c8af5_8ef641a7-815c-4bb5-9
"2026-08-30 18:57:45",1137,0,warning,[trader_id=8d5c8af5_8ef641a7-815c-4bb5-9
"2026-08-30 19:00:01",1140,0,warning,[trader_id=8d5c8af5_8ef641a7-815c-4bb5-9
"2026-08-30 19:01:45",1141,0,warning,[trader_id=8d5c8af5_8ef641a7-815c-4bb5-9
"2026-08-30 19:03:45",1143,0,warning,[trader_id=8d5c8af5_8ef641a7-815c-4bb5-9
"2026-08-30 19:05:45",1145,0,warning,[trader_id=8d5c8af5_8ef641a7-815c-4bb5-9
"2026-08-30 19:07:45",1147,0,warning,[trader_id=8d5c8af5_8ef641a7-815c-4bb5-9
"2026-08-30 19:15:45",1155,0,warning,[trader_id=8d5c8af5_8ef641a7-815c-4bb5-9
"2026-08-30 19:17:45",1157,0,warning,[trader_id=8d5c8af5_8ef641a7-815c-4bb5-9
"2026-08-30 19:20:01",1160,0,warning,[trader_id=8d5c8af5_8ef641a7-815c-4bb5-9
"2026-08-30 19:21:45",1161,0,warning,[trader_id=8d5c8af5_8ef641a7-815c-4bb5-9
"2026-08-30 19:25:01",1165,0,warning,[trader_id=8d5c8af5_8ef641a7-815c-4bb5-9
"2026-08-30 19:26:34",1166,0,warning,[trader_id=8d5c8af5_8ef641a7-815c-4bb5-9
"2026-08-30 19:29:45",1169,0,warning,[trader_id=8d5c8af5_8ef641a7-815c-4bb5-9
"2026-08-30 19:30:23",1170,0,warning,[trader_id=8d5c8af5_8ef641a7-815c-4bb5-9
"2026-08-30 19:31:45",1171,0,warning,[trader_id=8d5c8af5_8ef641a7-815c-4bb5-9
"2026-08-30 19:35:00",1175,0,warning,[trader_id=8d5c8af5_8ef641a7-815c-4bb5-9
"2026-08-30 19:35:53",1175,0,warning,[trader_id=8d5c8af5_8ef641a7-815c-4bb5-9
"2026-08-30 19:37:45",1177,0,warning,[trader_id=8d5c8af5_8ef641a7-815c-4bb5-9
"2026-08-30 19:40:01",1180,0,warning,[trader_id=8d5c8af5_8ef641a7-815c-4bb5-9
"2026-08-30 19:45:00",1185,0,warning,[trader_id=8d5c8af5_8ef641a7-815c-4bb5-9
"2026-08-30 19:45:58",1185,0,warning,[trader_id=8d5c8af5_8ef641a7-815c-4bb5-9
"2026-08-30 19:47:45",1187,0,warning,[trader_id=8d5c8af5_8ef641a7-815c-4bb5-9
"2026-08-30 19:50:01",1190,0,warning,[trader_id=8d5c8af5_8ef641a7-815c-4bb5-9
"2026-08-30 19:51:45",1191,0,warning,[trader_id=8d5c8af5_8ef641a7-815c-4bb5-9
"2026-08-30 19:55:00",1195,0,warning,[trader_id=8d5c8af5_8ef641a7-815c-4bb5-9
"2026-08-30 19:55:56",1195,0,warning,[trader_id=8d5c8af5_8ef641a7-815c-4bb5-9
"2026-08-30 19:57:45",1197,0,warning,[trader_id=8d5c8af5_8ef641a7-815c-4bb5-9
"2026-08-30 20:00:01",1200,0,warning,[trader_id=8d5c8af5_8ef641a7-815c-4bb5-9
"2026-08-30 20:01:45",1201,0,warning,[trader_id=8d5c8af5_8ef641a7-815c-4bb5-9
"2026-08-30 20:05:00",1205,0,warning,[trader_id=8d5c8af5_8ef641a7-815c-4bb5-9
"2026-08-30 20:05:45",1205,0,warning,[trader_id=8d5c8af5_8ef641a7-815c-4bb5-9
"2026-08-30 20:07:45",1207,0,warning,[trader_id=8d5c8af5_8ef641a7-815c-4bb5-9
"2026-08-30 20:10:01",1210,0,warning,[trader_id=8d5c8af5_8ef641a7-815c-4bb5-9
"2026-08-30 20:15:45",1215,0,warning,[trader_id=8d5c8af5_8ef641a7-815c-4bb5-9
"2026-08-30 20:17:45",1217,0,warning,[trader_id=8d5c8af5_8ef641a7-815c-4bb5-9
"2026-08-30 20:20:00",1220,0,warning,[trader_id=8d5c8af5_8ef641a7-815c-4bb5-9
"2026-08-30 20:21:47",1221,0,warning,[trader_id=8d5c8af5_8ef641a7-815c-4bb5-9
"2026-08-30 20:23:45",1223,0,warning,[trader_id=8d5c8af5_8ef641a7-815c-4bb5-9
"2026-08-30 20:25:45",1225,0,warning,[trader_id=8d5c8af5_8ef641a7-815c-4bb5-9
"2026-08-30 20:27:45",1227,0,warning,[trader_id=8d5c8af5_8ef641a7-815c-4bb5-9
"2026-08-30 20:30:01",1230,0,warning,[trader_id=8d5c8af5_8ef641a7-815c-4bb5-9
"2026-08-30 20:31:45",1231,0,warning,[trader_id=8d5c8af5_8ef641a7-815c-4bb5-9
"2026-08-30 20:35:00",1235,0,warning,[trader_id=8d5c8af5_8ef641a7-815c-4bb5-9
"2026-08-30 20:35:46",1235,0,warning,[trader_id=8d5c8af5_8ef641a7-815c-4bb5-9
"2026-08-30 20:37:45",1237,0,warning,[trader_id=8d5c8af5_8ef641a7-815c-4bb5-9
"2026-08-30 20:40:01",1240,0,warning,[trader_id=8d5c8af5_8ef641a7-815c-4bb5-9
"2026-08-30 20:45:00",1245,0,warning,[trader_id=8d5c8af5_8ef641a7-815c-4bb5-9
"2026-08-30 20:45:56",1245,0,warning,[trader_id=8d5c8af5_8ef641a7-815c-4bb5-9
"2026-08-30 20:47:45",1247,0,warning,[trader_id=8d5c8af5_8ef641a7-815c-4bb5-9
"2026-08-30 20:50:01",1250,0,warning,[trader_id=8d5c8af5_8ef641a7-815c-4bb5-9
"2026-08-30 20:51:45",1251,0,warning,[trader_id=8d5c8af5_8ef641a7-815c-4bb5-9
"2026-08-30 20:55:00",1255,0,warning,[trader_id=8d5c8af5_8ef641a7-815c-4bb5-9
"2026-08-30 20:55:58",1255,0,warning,[trader_id=8d5c8af5_8ef641a7-815c-4bb5-9
"2026-08-30 20:57:45",1257,0,warning,[trader_id=8d5c8af5_8ef641a7-815c-4bb5-9
"2026-08-30 21:00:01",1260,0,warning,[trader_id=8d5c8af5_8ef641a7-815c-4bb5-9
"2026-08-30 21:01:45",1261,0,warning,[trader_id=8d5c8af5_8ef641a7-815c-4bb5-9
"2026-08-30 21:03:45",1263,0,warning,[trader_id=8d5c8af5_8ef641a7-815c-4bb5-9
"2026-08-30 21:05:45",1265,0,warning,[trader_id=8d5c8af5_8ef641a7-815c-4bb5-9
"2026-08-30 21:07:45",1267,0,warning,[trader_id=8d5c8af5_8ef641a7-815c-4bb5-9
"2026-08-30 21:10:01",1270,0,warning,[trader_id=8d5c8af5_8ef641a7-815c-4bb5-9
"2026-08-30 21:15:45",1275,0,warning,[trader_id=8d5c8af5_8ef641a7-815c-4bb5-9
"2026-08-30 21:17:45",1277,0,warning,[trader_id=8d5c8af5_8ef641a7-815c-4bb5-9
"2026-08-30 21:20:01",1280,0,warning,[trader_id=8d5c8af5_8ef641a7-815c-4bb5-9
"2026-08-30 21:21:45",1281,0,warning,[trader_id=8d5c8af5_8ef641a7-815c-4bb5-9
"2026-08-30 21:23:45",1283,0,warning,[trader_id=8d5c8af5_8ef641a7-815c-4bb5-9
"2026-08-30 21:25:45",1285,0,warning,[trader_id=8d5c8af5_8ef641a7-815c-4bb5-9
"2026-08-30 21:27:45",1287,0,warning,[trader_id=8d5c8af5_8ef641a7-815c-4bb5-9
"2026-08-30 21:30:01",1290,0,warning,[trader_id=8d5c8af5_8ef641a7-815c-4bb5-9
"2026-08-30 21:31:45",1291,0,warning,[trader_id=8d5c8af5_8ef641a7-815c-4bb5-9
"2026-08-30 21:33:45",1293,0,warning,[trader_id=8d5c8af5_8ef641a7-815c-4bb5-9
"2026-08-30 21:35:45",1295,0,warning,[trader_id=8d5c8af5_8ef641a7-815c-4bb5-9
"2026-08-30 21:37:45",1297,0,warning,[trader_id=8d5c8af5_8ef641a7-815c-4bb5-9
"2026-08-30 21:40:01",1300,0,warning,[trader_id=8d5c8af5_8ef641a7-815c-4bb5-9
"2026-08-30 21:45:45",1305,0,warning,[trader_id=8d5c8af5_8ef641a7-815c-4bb5-9
"2026-08-30 21:47:45",1307,0,warning,[trader_id=8d5c8af5_8ef641a7-815c-4bb5-9
"2026-08-30 21:50:01",1310,0,warning,[trader_id=8d5c8af5_8ef641a7-815c-4bb5-9
"2026-08-30 21:51:45",1311,0,warning,[trader_id=8d5c8af5_8ef641a7-815c-4bb5-9
"2026-08-30 21:53:45",1313,0,warning,[trader_id=8d5c8af5_8ef641a7-815c-4bb5-9
"2026-08-30 21:55:45",1315,0,warning,[trader_id=8d5c8af5_8ef641a7-815c-4bb5-9
"2026-08-30 21:57:45",1317,0,warning,[trader_id=8d5c8af5_8ef641a7-815c-4bb5-9
"2026-08-30 22:00:01",1320,0,warning,[trader_id=8d5c8af5_8ef641a7-815c-4bb5-9
"2026-08-30 22:01:45",1321,0,warning,[trader_id=8d5c8af5_8ef641a7-815c-4bb5-9
"2026-08-30 22:03:45",1323,0,warning,[trader_id=8d5c8af5_8ef641a7-815c-4bb5-9
"2026-08-30 22:05:45",1325,0,warning,[trader_id=8d5c8af5_8ef641a7-815c-4bb5-9
"2026-08-30 22:07:45",1327,0,warning,[trader_id=8d5c8af5_8ef641a7-815c-4bb5-9
"2026-08-30 22:10:00",1330,0,warning,[trader_id=8d5c8af5_8ef641a7-815c-4bb5-9
"2026-08-30 22:15:45",1335,0,warning,[trader_id=8d5c8af5_8ef641a7-815c-4bb5-9
"2026-08-30 22:17:45",1337,0,warning,[trader_id=8d5c8af5_8ef641a7-815c-4bb5-9
"2026-08-30 22:20:01",1340,0,warning,[trader_id=8d5c8af5_8ef641a7-815c-4bb5-9
"2026-08-30 22:21:45",1341,0,warning,[trader_id=8d5c8af5_8ef641a7-815c-4bb5-9
"2026-08-30 22:23:45",1343,0,warning,[trader_id=8d5c8af5_8ef641a7-815c-4bb5-9
"2026-08-30 22:25:45",1345,0,warning,[trader_id=8d5c8af5_8ef641a7-815c-4bb5-9
"2026-08-30 22:27:45",1347,0,warning,[trader_id=8d5c8af5_8ef641a7-815c-4bb5-9
"2026-08-30 22:30:00",1350,0,warning,[trader_id=8d5c8af5_8ef641a7-815c-4bb5-9
"2026-08-30 22:31:45",1351,0,warning,[trader_id=8d5c8af5_8ef641a7-815c-4bb5-9
"2026-08-30 22:34:36",1354,0,warning,[trader_id=8d5c8af5_8ef641a7-815c-4bb5-9
"2026-08-30 22:46:18",1366,0,warning,[trader_id=8d5c8af5_8ef641a7-815c-4bb5-9
"2026-08-30 22:46:46",1366,0,warning,[trader_id=8d5c8af5_8ef641a7-815c-4bb5-9
"2026-08-30 22:48:36",1368,0,warning,[trader_id=8d5c8af5_8ef641a7-815c-4bb5-9
"2026-08-30 22:50:36",1370,0,warning,[trader_id=8d5c8af5_8ef641a7-815c-4bb5-9
"2026-08-30 22:52:36",1372,0,warning,[trader_id=8d5c8af5_8ef641a7-815c-4bb5-9
"2026-08-30 22:55:01",1375,0,warning,[trader_id=8d5c8af5_8ef641a7-815c-4bb5-9
"2026-08-30 22:56:36",1376,0,warning,[trader_id=8d5c8af5_8ef641a7-815c-4bb5-9
"2026-08-30 22:58:36",1378,0,warning,[trader_id=8d5c8af5_8ef641a7-815c-4bb5-9
"2026-08-30 23:01:09",1381,0,warning,[trader_id=8d5c8af5_8ef641a7-815c-4bb5-9
"2026-08-30 23:02:24",1382,0,warning,[trader_id=8d5c8af5_8ef641a7-815c-4bb5-9
"2026-08-30 23:03:14",1383,0,warning,[trader_id=8d5c8af5_8ef641a7-815c-4bb5-9
"2026-08-30 23:04:41",1384,0,warning,[trader_id=8d5c8af5_8ef641a7-815c-4bb5-9
"2026-08-31 07:42:30",462,0,warning,[trader_id=8d5c8af5_8ef641a7-815c-4bb5-9
"2026-08-31 07:46:30",466,0,warning,[trader_id=8d5c8af5_8ef641a7-815c-4bb5-9
"2026-08-31 07:48:30",468,0,warning,[trader_id=8d5c8af5_8ef641a7-815c-4bb5-9
"2026-08-31 07:50:30",470,0,warning,[trader_id=8d5c8af5_8ef641a7-815c-4bb5-9
"2026-08-31 07:52:30",472,0,warning,[trader_id=8d5c8af5_8ef641a7-815c-4bb5-9
"2026-08-31 07:54:30",474,0,warning,[trader_id=8d5c8af5_8ef641a7-815c-4bb5-9
"2026-08-31 07:56:30",476,0,warning,[trader_id=8d5c8af5_8ef641a7-815c-4bb5-9
"2026-08-31 07:58:30",478,0,warning,[trader_id=8d5c8af5_8ef641a7-815c-4bb5-9
"2026-08-31 08:00:30",480,0,warning,[trader_id=8d5c8af5_8ef641a7-815c-4bb5-9
"2026-08-31 08:02:30",482,0,warning,[trader_id=8d5c8af5_8ef641a7-815c-4bb5-9
"2026-08-31 08:05:01",485,0,warning,[trader_id=8d5c8af5_8ef641a7-815c-4bb5-9
"2026-08-31 08:06:29",486,0,warning,[trader_id=8d5c8af5_8ef641a7-815c-4bb5-9
"2026-08-31 08:08:29",488,0,warning,[trader_id=8d5c8af5_8ef641a7-815c-4bb5-9
"2026-08-31 08:10:29",490,0,warning,[trader_id=8d5c8af5_8ef641a7-815c-4bb5-9
"2026-08-31 08:12:29",492,0,warning,[trader_id=8d5c8af5_8ef641a7-815c-4bb5-9
"2026-08-31 08:15:51",495,0,warning,[trader_id=8d5c8af5_8ef641a7-815c-4bb5-9
"2026-08-31 09:53:38",593,0,warning,[trader_id=8d5c8af5_8ef641a7-815c-4bb5-9
"2026-08-31 10:00:01",600,0,warning,[trader_id=8d5c8af5_8ef641a7-815c-4bb5-9
"2026-08-31 10:01:38",601,0,warning,[trader_id=8d5c8af5_8ef641a7-815c-4bb5-9
"2026-08-31 10:03:38",603,0,warning,[trader_id=8d5c8af5_8ef641a7-815c-4bb5-9
"2026-08-31 10:03:47",603,0,warning,[trader_id=8d5c8af5_8ef641a7-815c-4bb5-9
"2026-08-31 10:05:38",605,0,warning,[trader_id=8d5c8af5_8ef641a7-815c-4bb5-9
"2026-08-31 10:07:38",607,0,warning,[trader_id=8d5c8af5_8ef641a7-815c-4bb5-9
"2026-08-31 10:10:01",610,0,warning,[trader_id=8d5c8af5_8ef641a7-815c-4bb5-9
"2026-08-31 10:11:38",611,0,warning,[trader_id=8d5c8af5_8ef641a7-815c-4bb5-9
"2026-08-31 10:13:38",613,0,warning,[trader_id=8d5c8af5_8ef641a7-815c-4bb5-9
"2026-08-31 10:15:30",615,0,warning,[trader_id=8d5c8af5_8ef641a7-815c-4bb5-9
"2026-08-31 10:15:56",615,0,warning,[trader_id=8d5c8af5_8ef641a7-815c-4bb5-9
"2026-08-31 10:17:38",617,0,warning,[trader_id=8d5c8af5_8ef641a7-815c-4bb5-9
"2026-08-31 10:20:01",620,0,warning,[trader_id=8d5c8af5_8ef641a7-815c-4bb5-9
"2026-08-31 10:21:38",621,0,warning,[trader_id=8d5c8af5_8ef641a7-815c-4bb5-9
"2026-08-31 10:23:38",623,0,warning,[trader_id=8d5c8af5_8ef641a7-815c-4bb5-9
"2026-08-31 10:25:38",625,0,warning,[trader_id=8d5c8af5_8ef641a7-815c-4bb5-9
"2026-08-31 10:30:25",630,0,warning,[trader_id=8d5c8af5_8ef641a7-815c-4bb5-9
"2026-08-31 10:31:38",631,0,warning,[trader_id=8d5c8af5_8ef641a7-815c-4bb5-9
"2026-08-31 10:33:38",633,0,warning,[trader_id=8d5c8af5_8ef641a7-815c-4bb5-9
"2026-08-31 10:35:38",635,0,warning,[trader_id=8d5c8af5_8ef641a7-815c-4bb5-9
"2026-08-31 10:37:38",637,0,warning,[trader_id=8d5c8af5_8ef641a7-815c-4bb5-9
"2026-08-31 10:41:29",641,0,warning,[trader_id=8d5c8af5_8ef641a7-815c-4bb5-9
"2026-08-31 10:45:00",645,0,warning,[trader_id=8d5c8af5_8ef641a7-815c-4bb5-9
"2026-08-31 10:45:29",645,0,warning,[trader_id=8d5c8af5_8ef641a7-815c-4bb5-9
"2026-08-31 10:47:29",647,0,warning,[trader_id=8d5c8af5_8ef641a7-815c-4bb5-9
"2026-08-31 10:50:00",650,0,warning,[trader_id=8d5c8af5_8ef641a7-815c-4bb5-9
"2026-08-31 10:51:29",651,0,warning,[trader_id=8d5c8af5_8ef641a7-815c-4bb5-9
"2026-08-31 10:53:29",653,0,warning,[trader_id=8d5c8af5_8ef641a7-815c-4bb5-9
"2026-08-31 10:55:29",655,0,warning,[trader_id=8d5c8af5_8ef641a7-815c-4bb5-9
"2026-08-31 10:57:29",657,0,warning,[trader_id=8d5c8af5_8ef641a7-815c-4bb5-9
"2026-08-31 11:00:01",660,0,warning,[trader_id=8d5c8af5_8ef641a7-815c-4bb5-9
"2026-08-31 11:01:29",661,0,warning,[trader_id=8d5c8af5_8ef641a7-815c-4bb5-9
"2026-08-31 11:03:29",663,0,warning,[trader_id=8d5c8af5_8ef641a7-815c-4bb5-9
"2026-08-31 11:05:29",665,0,warning,[trader_id=8d5c8af5_8ef641a7-815c-4bb5-9
"2026-08-31 11:07:29",667,0,warning,[trader_id=8d5c8af5_8ef641a7-815c-4bb5-9
"2026-08-31 11:10:01",670,0,warning,[trader_id=8d5c8af5_8ef641a7-815c-4bb5-9
"2026-08-31 11:11:29",671,0,warning,[trader_id=8d5c8af5_8ef641a7-815c-4bb5-9
"2026-08-31 11:15:47",675,0,warning,[trader_id=8d5c8af5_8ef641a7-815c-4bb5-9
"2026-08-31 11:17:29",677,0,warning,[trader_id=8d5c8af5_8ef641a7-815c-4bb5-9
"2026-08-31 11:20:01",680,0,warning,[trader_id=8d5c8af5_8ef641a7-815c-4bb5-9
"2026-08-31 11:21:29",681,0,warning,[trader_id=8d5c8af5_8ef641a7-815c-4bb5-9
"2026-08-31 11:23:29",683,0,warning,[trader_id=8d5c8af5_8ef641a7-815c-4bb5-9
"2026-08-31 11:25:29",685,0,warning,[trader_id=8d5c8af5_8ef641a7-815c-4bb5-9
"2026-08-31 11:27:29",687,0,warning,[trader_id=8d5c8af5_8ef641a7-815c-4bb5-9
"2026-08-31 11:30:01",690,0,warning,[trader_id=8d5c8af5_8ef641a7-815c-4bb5-9
"2026-08-31 11:31:29",691,0,warning,[trader_id=8d5c8af5_8ef641a7-815c-4bb5-9
"2026-08-31 11:33:29",693,0,warning,[trader_id=8d5c8af5_8ef641a7-815c-4bb5-9
"2026-08-31 11:35:29",695,0,warning,[trader_id=8d5c8af5_8ef641a7-815c-4bb5-9
"2026-08-31 11:37:29",697,0,warning,[trader_id=8d5c8af5_8ef641a7-815c-4bb5-9
"2026-08-31 11:40:01",700,0,warning,[trader_id=8d5c8af5_8ef641a7-815c-4bb5-9
"2026-08-31 11:41:29",701,0,warning,[trader_id=8d5c8af5_8ef641a7-815c-4bb5-9
"2026-08-31 11:43:29",703,0,warning,[trader_id=8d5c8af5_8ef641a7-815c-4bb5-9
"2026-08-31 11:45:29",705,0,warning,[trader_id=8d5c8af5_8ef641a7-815c-4bb5-9
"2026-08-31 11:47:29",707,0,warning,[trader_id=8d5c8af5_8ef641a7-815c-4bb5-9
"2026-08-31 11:50:01",710,0,warning,[trader_id=8d5c8af5_8ef641a7-815c-4bb5-9
"2026-08-31 11:51:29",711,0,warning,[trader_id=8d5c8af5_8ef641a7-815c-4bb5-9
"2026-08-31 11:53:29",713,0,warning,[trader_id=8d5c8af5_8ef641a7-815c-4bb5-9
"2026-08-31 11:55:29",715,0,warning,[trader_id=8d5c8af5_8ef641a7-815c-4bb5-9
"2026-08-31 11:57:29",717,0,warning,[trader_id=8d5c8af5_8ef641a7-815c-4bb5-9
"2026-08-31 12:00:01",720,0,warning,[trader_id=8d5c8af5_8ef641a7-815c-4bb5-9
"2026-08-31 12:01:29",721,0,warning,[trader_id=8d5c8af5_8ef641a7-815c-4bb5-9
"2026-08-31 12:03:29",723,0,warning,[trader_id=8d5c8af5_8ef641a7-815c-4bb5-9
"2026-08-31 12:05:29",725,0,warning,[trader_id=8d5c8af5_8ef641a7-815c-4bb5-9
"2026-08-31 12:07:29",727,0,warning,[trader_id=8d5c8af5_8ef641a7-815c-4bb5-9
"2026-08-31 12:10:01",730,0,warning,[trader_id=8d5c8af5_8ef641a7-815c-4bb5-9
"2026-08-31 12:11:29",731,0,warning,[trader_id=8d5c8af5_8ef641a7-815c-4bb5-9
"2026-08-31 12:13:29",733,0,warning,[trader_id=8d5c8af5_8ef641a7-815c-4bb5-9
"2026-08-31 12:15:29",735,0,warning,[trader_id=8d5c8af5_8ef641a7-815c-4bb5-9
"2026-08-31 12:17:28",737,0,warning,[trader_id=8d5c8af5_8ef641a7-815c-4bb5-9
"2026-08-31 12:20:01",740,0,warning,[trader_id=8d5c8af5_8ef641a7-815c-4bb5-9
"2026-08-31 12:21:28",741,0,warning,[trader_id=8d5c8af5_8ef641a7-815c-4bb5-9
"2026-08-31 12:23:28",743,0,warning,[trader_id=8d5c8af5_8ef641a7-815c-4bb5-9
"2026-08-31 12:25:28",745,0,warning,[trader_id=8d5c8af5_8ef641a7-815c-4bb5-9
"2026-08-31 12:27:28",747,0,warning,[trader_id=8d5c8af5_8ef641a7-815c-4bb5-9
"2026-08-31 12:29:10",749,0,warning,[trader_id=8d5c8af5_8ef641a7-815c-4bb5-9
"2026-08-31 12:29:28",749,0,warning,[trader_id=8d5c8af5_8ef641a7-815c-4bb5-9
"2026-08-31 12:31:28",751,0,warning,[trader_id=8d5c8af5_8ef641a7-815c-4bb5-9
"2026-08-31 12:33:28",753,0,warning,[trader_id=8d5c8af5_8ef641a7-815c-4bb5-9
"2026-08-31 12:35:28",755,0,warning,[trader_id=8d5c8af5_8ef641a7-815c-4bb5-9
"2026-08-31 12:37:28",757,0,warning,[trader_id=8d5c8af5_8ef641a7-815c-4bb5-9
"2026-08-31 12:39:28",759,0,warning,[trader_id=8d5c8af5_8ef641a7-815c-4bb5-9
"2026-08-31 12:41:29",761,0,warning,[trader_id=8d5c8af5_8ef641a7-815c-4bb5-9
"2026-08-31 12:43:28",763,0,warning,[trader_id=8d5c8af5_8ef641a7-815c-4bb5-9
"2026-08-31 12:45:28",765,0,warning,[trader_id=8d5c8af5_8ef641a7-815c-4bb5-9
"2026-08-31 13:47:28",827,0,warning,[trader_id=8d5c8af5_8ef641a7-815c-4bb5-9
"2026-08-31 14:01:28",841,0,warning,[trader_id=8d5c8af5_8ef641a7-815c-4bb5-9
"2026-08-31 14:03:28",843,0,warning,[trader_id=8d5c8af5_8ef641a7-815c-4bb5-9
"2026-08-31 14:05:28",845,0,warning,[trader_id=8d5c8af5_8ef641a7-815c-4bb5-9
"2026-08-31 14:07:28",847,0,warning,[trader_id=8d5c8af5_8ef641a7-815c-4bb5-9
"2026-08-31 14:09:28",849,0,warning,[trader_id=8d5c8af5_8ef641a7-815c-4bb5-9
"2026-08-31 14:11:28",851,0,warning,[trader_id=8d5c8af5_8ef641a7-815c-4bb5-9
"2026-08-31 14:13:28",853,0,warning,[trader_id=8d5c8af5_8ef641a7-815c-4bb5-9
"2026-08-31 14:15:28",855,0,warning,[trader_id=8d5c8af5_8ef641a7-815c-4bb5-9
"2026-08-31 14:17:28",857,0,warning,[trader_id=8d5c8af5_8ef641a7-815c-4bb5-9
"2026-08-31 14:35:28",875,0,warning,[trader_id=8d5c8af5_8ef641a7-815c-4bb5-9
"2026-08-31 14:37:28",877,0,warning,[trader_id=8d5c8af5_8ef641a7-815c-4bb5-9
"2026-08-31 14:39:28",879,0,warning,[trader_id=8d5c8af5_8ef641a7-815c-4bb5-9
"2026-08-31 14:41:28",881,0,warning,[trader_id=8d5c8af5_8ef641a7-815c-4bb5-9
"2026-08-31 14:43:28",883,0,warning,[trader_id=8d5c8af5_8ef641a7-815c-4bb5-9
"2026-09-01 02:45:29",165,0,warning,[trader_id=8d5c8af5_8ef641a7-815c-4bb5-9
"2026-09-01 03:15:29",195,0,warning,[trader_id=8d5c8af5_8ef641a7-815c-4bb5-9
"2026-09-01 03:15:29",195,0,warning,[trader_id=8d5c8af5_8ef641a7-815c-4bb5-9
"2026-09-01 03:17:29",197,0,warning,[trader_id=8d5c8af5_8ef641a7-815c-4bb5-9
"2026-09-01 03:17:29",197,0,warning,[trader_id=8d5c8af5_8ef641a7-815c-4bb5-9
"2026-09-01 03:19:29",199,0,warning,[trader_id=8d5c8af5_8ef641a7-815c-4bb5-9
"2026-09-01 03:21:29",201,0,warning,[trader_id=8d5c8af5_8ef641a7-815c-4bb5-9
"2026-09-01 03:23:29",203,0,warning,[trader_id=8d5c8af5_8ef641a7-815c-4bb5-9
"2026-09-01 03:25:29",205,0,warning,[trader_id=8d5c8af5_8ef641a7-815c-4bb5-9
"2026-09-01 03:27:29",207,0,warning,[trader_id=8d5c8af5_8ef641a7-815c-4bb5-9
"2026-09-01 03:29:29",209,0,warning,[trader_id=8d5c8af5_8ef641a7-815c-4bb5-9
"2026-09-01 03:30:00",210,0,warning,[trader_id=8d5c8af5_8ef641a7-815c-4bb5-9
"2026-09-01 03:31:29",211,0,warning,[trader_id=8d5c8af5_8ef641a7-815c-4bb5-9
"2026-09-01 03:33:29",213,0,warning,[trader_id=8d5c8af5_8ef641a7-815c-4bb5-9
"2026-09-01 03:35:29",215,0,warning,[trader_id=8d5c8af5_8ef641a7-815c-4bb5-9
"2026-09-01 03:37:29",217,0,warning,[trader_id=8d5c8af5_8ef641a7-815c-4bb5-9
"2026-09-01 03:39:29",219,0,warning,[trader_id=8d5c8af5_8ef641a7-815c-4bb5-9
"2026-09-01 03:40:00",220,0,warning,[trader_id=8d5c8af5_8ef641a7-815c-4bb5-9
"2026-09-01 03:41:29",221,0,warning,[trader_id=8d5c8af5_8ef641a7-815c-4bb5-9
"2026-09-01 03:43:29",223,0,warning,[trader_id=8d5c8af5_8ef641a7-815c-4bb5-9
"2026-09-01 03:45:29",225,0,warning,[trader_id=8d5c8af5_8ef641a7-815c-4bb5-9
"2026-09-01 03:47:29",227,0,warning,[trader_id=8d5c8af5_8ef641a7-815c-4bb5-9
"2026-09-01 04:00:00",240,0,warning,[trader_id=8d5c8af5_8ef641a7-815c-4bb5-9
"2026-09-01 04:01:29",241,0,warning,[trader_id=8d5c8af5_8ef641a7-815c-4bb5-9
"2026-09-01 04:03:29",243,0,warning,[trader_id=8d5c8af5_8ef641a7-815c-4bb5-9
"2026-09-01 04:05:29",245,0,warning,[trader_id=8d5c8af5_8ef641a7-815c-4bb5-9
"2026-09-01 04:07:29",247,0,warning,[trader_id=8d5c8af5_8ef641a7-815c-4bb5-9
"2026-09-01 04:09:29",249,0,warning,[trader_id=8d5c8af5_8ef641a7-815c-4bb5-9
"2026-09-01 04:10:01",250,0,warning,[trader_id=8d5c8af5_8ef641a7-815c-4bb5-9
"2026-09-01 04:11:29",251,0,warning,[trader_id=8d5c8af5_8ef641a7-815c-4bb5-9
"2026-09-01 04:13:29",253,0,warning,[trader_id=8d5c8af5_8ef641a7-815c-4bb5-9
"2026-09-01 04:15:29",255,0,warning,[trader_id=8d5c8af5_8ef641a7-815c-4bb5-9
"2026-09-01 04:17:29",257,0,warning,[trader_id=8d5c8af5_8ef641a7-815c-4bb5-9
"2026-09-01 04:19:29",259,0,warning,[trader_id=8d5c8af5_8ef641a7-815c-4bb5-9
"2026-09-01 04:30:00",270,0,warning,[trader_id=8d5c8af5_8ef641a7-815c-4bb5-9
"2026-09-01 04:31:29",271,0,warning,[trader_id=8d5c8af5_8ef641a7-815c-4bb5-9
"2026-09-01 04:33:29",273,0,warning,[trader_id=8d5c8af5_8ef641a7-815c-4bb5-9
"2026-09-01 04:35:29",275,0,warning,[trader_id=8d5c8af5_8ef641a7-815c-4bb5-9
"2026-09-01 04:37:29",277,0,warning,[trader_id=8d5c8af5_8ef641a7-815c-4bb5-9
"2026-09-01 04:39:29",279,0,warning,[trader_id=8d5c8af5_8ef641a7-815c-4bb5-9
"2026-09-01 04:40:01",280,0,warning,[trader_id=8d5c8af5_8ef641a7-815c-4bb5-9
"2026-09-01 04:41:29",281,0,warning,[trader_id=8d5c8af5_8ef641a7-815c-4bb5-9
"2026-09-01 04:43:29",283,0,warning,[trader_id=8d5c8af5_8ef641a7-815c-4bb5-9
"2026-09-01 04:45:29",285,0,warning,[trader_id=8d5c8af5_8ef641a7-815c-4bb5-9
"2026-09-01 04:47:29",287,0,warning,[trader_id=8d5c8af5_8ef641a7-815c-4bb5-9
"2026-09-01 04:49:29",289,0,warning,[trader_id=8d5c8af5_8ef641a7-815c-4bb5-9
"2026-09-01 04:50:00",290,0,warning,[trader_id=8d5c8af5_8ef641a7-815c-4bb5-9
"2026-09-01 04:53:28",293,0,warning,[trader_id=8d5c8af5_8ef641a7-815c-4bb5-9
"2026-09-01 04:55:28",295,0,warning,[trader_id=8d5c8af5_8ef641a7-815c-4bb5-9
"2026-09-01 04:57:28",297,0,warning,[trader_id=8d5c8af5_8ef641a7-815c-4bb5-9
"2026-09-01 04:59:28",299,0,warning,[trader_id=8d5c8af5_8ef641a7-815c-4bb5-9
"2026-09-01 05:00:01",300,0,warning,[trader_id=8d5c8af5_8ef641a7-815c-4bb5-9
"2026-09-01 05:01:28",301,0,warning,[trader_id=8d5c8af5_8ef641a7-815c-4bb5-9
"2026-09-01 05:03:28",303,0,warning,[trader_id=8d5c8af5_8ef641a7-815c-4bb5-9
"2026-09-01 05:05:28",305,0,warning,[trader_id=8d5c8af5_8ef641a7-815c-4bb5-9
"2026-09-01 05:07:28",307,0,warning,[trader_id=8d5c8af5_8ef641a7-815c-4bb5-9
"2026-09-01 05:09:28",309,0,warning,[trader_id=8d5c8af5_8ef641a7-815c-4bb5-9
"2026-09-01 05:10:00",310,0,warning,[trader_id=8d5c8af5_8ef641a7-815c-4bb5-9
"2026-09-01 05:11:28",311,0,warning,[trader_id=8d5c8af5_8ef641a7-815c-4bb5-9
"2026-09-01 05:13:28",313,0,warning,[trader_id=8d5c8af5_8ef641a7-815c-4bb5-9
"2026-09-01 05:16:10",316,0,warning,[trader_id=8d5c8af5_8ef641a7-815c-4bb5-9
"2026-09-01 05:17:28",317,0,warning,[trader_id=8d5c8af5_8ef641a7-815c-4bb5-9
"2026-09-01 05:19:28",319,0,warning,[trader_id=8d5c8af5_8ef641a7-815c-4bb5-9
"2026-09-01 05:20:00",320,0,warning,[trader_id=8d5c8af5_8ef641a7-815c-4bb5-9
"2026-09-01 05:31:28",331,0,warning,[trader_id=8d5c8af5_8ef641a7-815c-4bb5-9
"2026-09-01 05:33:28",333,0,warning,[trader_id=8d5c8af5_8ef641a7-815c-4bb5-9
"2026-09-01 05:35:28",335,0,warning,[trader_id=8d5c8af5_8ef641a7-815c-4bb5-9
"2026-09-01 05:37:28",337,0,warning,[trader_id=8d5c8af5_8ef641a7-815c-4bb5-9
"2026-09-01 05:39:28",339,0,warning,[trader_id=8d5c8af5_8ef641a7-815c-4bb5-9
"2026-09-01 05:40:01",340,0,warning,[trader_id=8d5c8af5_8ef641a7-815c-4bb5-9
"2026-09-01 05:41:28",341,0,warning,[trader_id=8d5c8af5_8ef641a7-815c-4bb5-9
"2026-09-01 05:43:28",343,0,warning,[trader_id=8d5c8af5_8ef641a7-815c-4bb5-9
"2026-09-01 05:45:28",345,0,warning,[trader_id=8d5c8af5_8ef641a7-815c-4bb5-9
"2026-09-01 05:47:28",347,0,warning,[trader_id=8d5c8af5_8ef641a7-815c-4bb5-9
"2026-09-01 05:49:28",349,0,warning,[trader_id=8d5c8af5_8ef641a7-815c-4bb5-9
"2026-09-01 05:50:01",350,0,warning,[trader_id=8d5c8af5_8ef641a7-815c-4bb5-9
"2026-09-01 06:00:00",360,0,warning,[trader_id=8d5c8af5_8ef641a7-815c-4bb5-9
"2026-09-01 06:01:28",361,0,warning,[trader_id=8d5c8af5_8ef641a7-815c-4bb5-9
"2026-09-01 06:03:28",363,0,warning,[trader_id=8d5c8af5_8ef641a7-815c-4bb5-9
"2026-09-01 06:05:28",365,0,warning,[trader_id=8d5c8af5_8ef641a7-815c-4bb5-9
"2026-09-01 06:05:58",365,0,warning,[trader_id=8d5c8af5_8ef641a7-815c-4bb5-9
"2026-09-01 06:07:28",367,0,warning,[trader_id=8d5c8af5_8ef641a7-815c-4bb5-9
"2026-09-01 06:09:28",369,0,warning,[trader_id=8d5c8af5_8ef641a7-815c-4bb5-9
"2026-09-01 06:10:01",370,0,warning,[trader_id=8d5c8af5_8ef641a7-815c-4bb5-9
"2026-09-01 06:11:28",371,0,warning,[trader_id=8d5c8af5_8ef641a7-815c-4bb5-9
"2026-09-01 06:13:28",373,0,warning,[trader_id=8d5c8af5_8ef641a7-815c-4bb5-9
"2026-09-01 06:15:28",375,0,warning,[trader_id=8d5c8af5_8ef641a7-815c-4bb5-9
"2026-09-01 06:17:28",377,0,warning,[trader_id=8d5c8af5_8ef641a7-815c-4bb5-9
"2026-09-01 06:19:28",379,0,warning,[trader_id=8d5c8af5_8ef641a7-815c-4bb5-9
"2026-09-01 06:20:00",380,0,warning,[trader_id=8d5c8af5_8ef641a7-815c-4bb5-9
"2026-09-01 06:30:01",390,0,warning,[trader_id=8d5c8af5_8ef641a7-815c-4bb5-9
"2026-09-01 06:31:28",391,0,warning,[trader_id=8d5c8af5_8ef641a7-815c-4bb5-9
"2026-09-01 06:33:28",393,0,warning,[trader_id=8d5c8af5_8ef641a7-815c-4bb5-9
"2026-09-01 06:35:28",395,0,warning,[trader_id=8d5c8af5_8ef641a7-815c-4bb5-9
"2026-09-01 06:37:28",397,0,warning,[trader_id=8d5c8af5_8ef641a7-815c-4bb5-9
"2026-09-01 06:39:28",399,0,warning,[trader_id=8d5c8af5_8ef641a7-815c-4bb5-9
"2026-09-01 06:40:00",400,0,warning,[trader_id=8d5c8af5_8ef641a7-815c-4bb5-9
"2026-09-01 06:41:28",401,0,warning,[trader_id=8d5c8af5_8ef641a7-815c-4bb5-9
"2026-09-01 06:43:28",403,0,warning,[trader_id=8d5c8af5_8ef641a7-815c-4bb5-9
"2026-09-01 06:45:28",405,0,warning,[trader_id=8d5c8af5_8ef641a7-815c-4bb5-9
"2026-09-01 06:47:28",407,0,warning,[trader_id=8d5c8af5_8ef641a7-815c-4bb5-9
"2026-09-01 06:49:28",409,0,warning,[trader_id=8d5c8af5_8ef641a7-815c-4bb5-9
"2026-09-01 06:50:01",410,0,warning,[trader_id=8d5c8af5_8ef641a7-815c-4bb5-9
"2026-09-01 07:00:00",420,0,warning,[trader_id=8d5c8af5_8ef641a7-815c-4bb5-9
"2026-09-01 07:01:28",421,0,warning,[trader_id=8d5c8af5_8ef641a7-815c-4bb5-9
"2026-09-01 07:03:28",423,0,warning,[trader_id=8d5c8af5_8ef641a7-815c-4bb5-9
"2026-09-01 07:05:28",425,0,warning,[trader_id=8d5c8af5_8ef641a7-815c-4bb5-9
"2026-09-01 07:07:28",427,0,warning,[trader_id=8d5c8af5_8ef641a7-815c-4bb5-9
"2026-09-01 07:09:28",429,0,warning,[trader_id=8d5c8af5_8ef641a7-815c-4bb5-9
"2026-09-01 07:10:01",430,0,warning,[trader_id=8d5c8af5_8ef641a7-815c-4bb5-9
"2026-09-01 07:11:28",431,0,warning,[trader_id=8d5c8af5_8ef641a7-815c-4bb5-9
"2026-09-01 07:13:28",433,0,warning,[trader_id=8d5c8af5_8ef641a7-815c-4bb5-9
"2026-09-01 07:15:28",435,0,warning,[trader_id=8d5c8af5_8ef641a7-815c-4bb5-9
"2026-09-01 07:17:28",437,0,warning,[trader_id=8d5c8af5_8ef641a7-815c-4bb5-9
"2026-09-01 07:19:28",439,0,warning,[trader_id=8d5c8af5_8ef641a7-815c-4bb5-9
"2026-09-01 07:20:00",440,0,warning,[trader_id=8d5c8af5_8ef641a7-815c-4bb5-9
"2026-09-01 07:30:00",450,0,warning,[trader_id=8d5c8af5_8ef641a7-815c-4bb5-9
"2026-09-01 07:31:28",451,0,warning,[trader_id=8d5c8af5_8ef641a7-815c-4bb5-9
"2026-09-01 07:33:28",453,0,warning,[trader_id=8d5c8af5_8ef641a7-815c-4bb5-9
"2026-09-01 07:35:28",455,0,warning,[trader_id=8d5c8af5_8ef641a7-815c-4bb5-9
"2026-09-01 07:37:28",457,0,warning,[trader_id=8d5c8af5_8ef641a7-815c-4bb5-9
"2026-09-01 07:39:28",459,0,warning,[trader_id=8d5c8af5_8ef641a7-815c-4bb5-9
"2026-09-01 07:40:01",460,0,warning,[trader_id=8d5c8af5_8ef641a7-815c-4bb5-9
"2026-09-01 07:41:28",461,0,warning,[trader_id=8d5c8af5_8ef641a7-815c-4bb5-9
"2026-09-01 07:43:28",463,0,warning,[trader_id=8d5c8af5_8ef641a7-815c-4bb5-9
"2026-09-01 07:45:28",465,0,warning,[trader_id=8d5c8af5_8ef641a7-815c-4bb5-9
"2026-09-01 07:47:28",467,0,warning,[trader_id=8d5c8af5_8ef641a7-815c-4bb5-9
"2026-09-01 07:49:28",469,0,warning,[trader_id=8d5c8af5_8ef641a7-815c-4bb5-9
"2026-09-01 07:50:00",470,0,warning,[trader_id=8d5c8af5_8ef641a7-815c-4bb5-9
"2026-09-01 07:57:28",477,0,warning,[trader_id=8d5c8af5_8ef641a7-815c-4bb5-9
"2026-09-01 07:59:28",479,0,warning,[trader_id=8d5c8af5_8ef641a7-815c-4bb5-9
"2026-09-01 08:00:01",480,0,warning,[trader_id=8d5c8af5_8ef641a7-815c-4bb5-9
"2026-09-01 08:02:58",482,0,warning,[trader_id=8d5c8af5_8ef641a7-815c-4bb5-9
"2026-09-01 08:03:37",483,0,warning,[trader_id=8d5c8af5_8ef641a7-815c-4bb5-9
"2026-09-01 08:05:28",485,0,warning,[trader_id=8d5c8af5_8ef641a7-815c-4bb5-9
"2026-09-01 08:07:28",487,0,warning,[trader_id=8d5c8af5_8ef641a7-815c-4bb5-9
"2026-09-01 08:07:28",487,0,warning,[trader_id=8d5c8af5_8ef641a7-815c-4bb5-9
"2026-09-01 08:09:28",489,0,warning,[trader_id=8d5c8af5_8ef641a7-815c-4bb5-9
"2026-09-01 08:09:28",489,0,warning,[trader_id=8d5c8af5_8ef641a7-815c-4bb5-9
"2026-09-01 08:10:01",490,0,warning,[trader_id=8d5c8af5_8ef641a7-815c-4bb5-9
"2026-09-01 08:10:01",490,0,warning,[trader_id=8d5c8af5_8ef641a7-815c-4bb5-9
"2026-09-01 08:11:28",491,0,warning,[trader_id=8d5c8af5_8ef641a7-815c-4bb5-9
"2026-09-01 08:11:28",491,0,warning,[trader_id=8d5c8af5_8ef641a7-815c-4bb5-9
"2026-09-01 08:13:08",493,0,warning,[trader_id=8d5c8af5_8ef641a7-815c-4bb5-9
"2026-09-01 08:13:08",493,0,warning,[trader_id=8d5c8af5_8ef641a7-815c-4bb5-9
"2026-09-01 08:15:08",495,0,warning,[trader_id=8d5c8af5_8ef641a7-815c-4bb5-9
"2026-09-01 08:15:08",495,0,warning,[trader_id=8d5c8af5_8ef641a7-815c-4bb5-9
"2026-09-01 08:17:08",497,0,warning,[trader_id=8d5c8af5_8ef641a7-815c-4bb5-9
"2026-09-01 08:17:08",497,0,warning,[trader_id=8d5c8af5_8ef641a7-815c-4bb5-9
"2026-09-01 08:19:08",499,0,warning,[trader_id=8d5c8af5_8ef641a7-815c-4bb5-9
"2026-09-01 08:19:08",499,0,warning,[trader_id=8d5c8af5_8ef641a7-815c-4bb5-9
"2026-09-01 08:21:08",501,0,warning,[trader_id=8d5c8af5_8ef641a7-815c-4bb5-9
"2026-09-01 08:21:08",501,0,warning,[trader_id=8d5c8af5_8ef641a7-815c-4bb5-9
"2026-09-01 08:23:08",503,0,warning,[trader_id=8d5c8af5_8ef641a7-815c-4bb5-9
"2026-09-01 08:23:08",503,0,warning,[trader_id=8d5c8af5_8ef641a7-815c-4bb5-9
"2026-09-01 08:25:08",505,0,warning,[trader_id=8d5c8af5_8ef641a7-815c-4bb5-9
"2026-09-01 08:25:08",505,0,warning,[trader_id=8d5c8af5_8ef641a7-815c-4bb5-9
"2026-09-01 08:27:08",507,0,warning,[trader_id=8d5c8af5_8ef641a7-815c-4bb5-9
"2026-09-01 08:27:08",507,0,warning,[trader_id=8d5c8af5_8ef641a7-815c-4bb5-9
"2026-09-01 08:29:08",509,0,warning,[trader_id=8d5c8af5_8ef641a7-815c-4bb5-9
"2026-09-01 08:29:08",509,0,warning,[trader_id=8d5c8af5_8ef641a7-815c-4bb5-9
"2026-09-01 08:31:08",511,0,warning,[trader_id=8d5c8af5_8ef641a7-815c-4bb5-9
"2026-09-01 08:33:08",513,0,warning,[trader_id=8d5c8af5_8ef641a7-815c-4bb5-9
"2026-09-01 08:35:08",515,0,warning,[trader_id=8d5c8af5_8ef641a7-815c-4bb5-9
"2026-09-01 08:37:08",517,0,warning,[trader_id=8d5c8af5_8ef641a7-815c-4bb5-9
"2026-09-01 08:38:21",518,0,warning,[trader_id=8d5c8af5_8ef641a7-815c-4bb5-9
"2026-09-01 08:39:08",519,0,warning,[trader_id=8d5c8af5_8ef641a7-815c-4bb5-9
"2026-09-01 08:41:08",521,0,warning,[trader_id=8d5c8af5_8ef641a7-815c-4bb5-9
"2026-09-01 08:43:08",523,0,warning,[trader_id=8d5c8af5_8ef641a7-815c-4bb5-9
"2026-09-01 08:45:08",525,0,warning,[trader_id=8d5c8af5_8ef641a7-815c-4bb5-9
"2026-09-01 08:47:08",527,0,warning,[trader_id=8d5c8af5_8ef641a7-815c-4bb5-9
"2026-09-01 08:49:08",529,0,warning,[trader_id=8d5c8af5_8ef641a7-815c-4bb5-9
"2026-09-01 08:51:08",531,0,warning,[trader_id=8d5c8af5_8ef641a7-815c-4bb5-9
"2026-09-01 08:53:08",533,0,warning,[trader_id=8d5c8af5_8ef641a7-815c-4bb5-9
"2026-09-01 08:55:08",535,0,warning,[trader_id=8d5c8af5_8ef641a7-815c-4bb5-9
"2026-09-01 08:57:08",537,0,warning,[trader_id=8d5c8af5_8ef641a7-815c-4bb5-9
"2026-09-01 08:59:08",539,0,warning,[trader_id=8d5c8af5_8ef641a7-815c-4bb5-9
"2026-09-01 09:01:08",541,0,warning,[trader_id=8d5c8af5_8ef641a7-815c-4bb5-9
"2026-09-01 09:03:08",543,0,warning,[trader_id=8d5c8af5_8ef641a7-815c-4bb5-9
"2026-09-01 09:05:08",545,0,warning,[trader_id=8d5c8af5_8ef641a7-815c-4bb5-9
"2026-09-01 09:07:08",547,0,warning,[trader_id=8d5c8af5_8ef641a7-815c-4bb5-9
"2026-09-01 09:09:08",549,0,warning,[trader_id=8d5c8af5_8ef641a7-815c-4bb5-9
"2026-09-01 09:11:08",551,0,warning,[trader_id=8d5c8af5_8ef641a7-815c-4bb5-9
"2026-09-01 09:13:08",553,0,warning,[trader_id=8d5c8af5_8ef641a7-815c-4bb5-9
"2026-09-01 09:17:08",557,0,warning,[trader_id=8d5c8af5_8ef641a7-815c-4bb5-9
"2026-09-01 09:21:08",561,0,warning,[trader_id=8d5c8af5_8ef641a7-815c-4bb5-9
"2026-09-01 09:23:08",563,0,warning,[trader_id=8d5c8af5_8ef641a7-815c-4bb5-9
"2026-09-01 09:25:08",565,0,warning,[trader_id=8d5c8af5_8ef641a7-815c-4bb5-9
"2026-09-01 09:27:08",567,0,warning,[trader_id=8d5c8af5_8ef641a7-815c-4bb5-9
"2026-09-01 09:29:08",569,0,warning,[trader_id=8d5c8af5_8ef641a7-815c-4bb5-9
"2026-09-01 09:31:08",571,0,warning,[trader_id=8d5c8af5_8ef641a7-815c-4bb5-9
"2026-09-01 09:33:08",573,0,warning,[trader_id=8d5c8af5_8ef641a7-815c-4bb5-9
"2026-09-01 09:35:08",575,0,warning,[trader_id=8d5c8af5_8ef641a7-815c-4bb5-9
"2026-09-01 09:37:07",577,0,warning,[trader_id=8d5c8af5_8ef641a7-815c-4bb5-9
"2026-09-01 09:39:07",579,0,warning,[trader_id=8d5c8af5_8ef641a7-815c-4bb5-9
"2026-09-01 09:40:42",580,0,warning,[trader_id=8d5c8af5_8ef641a7-815c-4bb5-9
"2026-09-01 09:41:13",581,0,warning,[trader_id=8d5c8af5_8ef641a7-815c-4bb5-9
"2026-09-01 09:43:07",583,0,warning,[trader_id=8d5c8af5_8ef641a7-815c-4bb5-9
"2026-09-01 10:15:07",615,0,warning,[trader_id=8d5c8af5_8ef641a7-815c-4bb5-9
"2026-09-01 10:25:07",625,0,warning,[trader_id=8d5c8af5_8ef641a7-815c-4bb5-9
"2026-09-01 10:27:07",627,0,warning,[trader_id=8d5c8af5_8ef641a7-815c-4bb5-9
"2026-09-01 10:29:07",629,0,warning,[trader_id=8d5c8af5_8ef641a7-815c-4bb5-9
"2026-09-01 10:31:07",631,0,warning,[trader_id=8d5c8af5_8ef641a7-815c-4bb5-9
"2026-09-01 10:33:07",633,0,warning,[trader_id=8d5c8af5_8ef641a7-815c-4bb5-9
"2026-09-01 10:35:07",635,0,warning,[trader_id=8d5c8af5_8ef641a7-815c-4bb5-9
"2026-09-01 10:37:07",637,0,warning,[trader_id=8d5c8af5_8ef641a7-815c-4bb5-9
"2026-09-01 10:39:07",639,0,warning,[trader_id=8d5c8af5_8ef641a7-815c-4bb5-9
"2026-09-01 10:41:07",641,0,warning,[trader_id=8d5c8af5_8ef641a7-815c-4bb5-9
"2026-09-01 10:43:07",643,0,warning,[trader_id=8d5c8af5_8ef641a7-815c-4bb5-9
"2026-09-01 10:45:07",645,0,warning,[trader_id=8d5c8af5_8ef641a7-815c-4bb5-9
"2026-09-01 11:01:07",661,0,warning,[trader_id=8d5c8af5_8ef641a7-815c-4bb5-9
"2026-09-01 11:03:07",663,0,warning,[trader_id=8d5c8af5_8ef641a7-815c-4bb5-9
"2026-09-01 11:05:07",665,0,warning,[trader_id=8d5c8af5_8ef641a7-815c-4bb5-9
"2026-09-01 11:07:07",667,0,warning,[trader_id=8d5c8af5_8ef641a7-815c-4bb5-9
"2026-09-01 11:09:07",669,0,warning,[trader_id=8d5c8af5_8ef641a7-815c-4bb5-9
"2026-09-01 11:11:07",671,0,warning,[trader_id=8d5c8af5_8ef641a7-815c-4bb5-9
"2026-09-01 11:13:07",673,0,warning,[trader_id=8d5c8af5_8ef641a7-815c-4bb5-9
"2026-09-01 11:19:07",679,0,warning,[trader_id=8d5c8af5_8ef641a7-815c-4bb5-9
"2026-09-01 11:31:07",691,0,warning,[trader_id=8d5c8af5_8ef641a7-815c-4bb5-9
"2026-09-01 11:33:07",693,0,warning,[trader_id=8d5c8af5_8ef641a7-815c-4bb5-9
"2026-09-01 11:35:07",695,0,warning,[trader_id=8d5c8af5_8ef641a7-815c-4bb5-9
"2026-09-01 11:37:07",697,0,warning,[trader_id=8d5c8af5_8ef641a7-815c-4bb5-9
"2026-09-01 11:39:07",699,0,warning,[trader_id=8d5c8af5_8ef641a7-815c-4bb5-9
"2026-09-01 11:41:07",701,0,warning,[trader_id=8d5c8af5_8ef641a7-815c-4bb5-9
"2026-09-01 11:43:07",703,0,warning,[trader_id=8d5c8af5_8ef641a7-815c-4bb5-9
"2026-09-01 11:45:07",705,0,warning,[trader_id=8d5c8af5_8ef641a7-815c-4bb5-9
"2026-09-01 11:47:07",707,0,warning,[trader_id=8d5c8af5_8ef641a7-815c-4bb5-9
"2026-09-01 11:49:07",709,0,warning,[trader_id=8d5c8af5_8ef641a7-815c-4bb5-9
"2026-09-01 11:51:07",711,0,warning,[trader_id=8d5c8af5_8ef641a7-815c-4bb5-9
"2026-09-01 12:01:07",721,0,warning,[trader_id=8d5c8af5_8ef641a7-815c-4bb5-9
"2026-09-01 12:03:07",723,0,warning,[trader_id=8d5c8af5_8ef641a7-815c-4bb5-9
"2026-09-01 12:05:07",725,0,warning,[trader_id=8d5c8af5_8ef641a7-815c-4bb5-9
"2026-09-01 12:07:07",727,0,warning,[trader_id=8d5c8af5_8ef641a7-815c-4bb5-9
"2026-09-01 12:09:07",729,0,warning,[trader_id=8d5c8af5_8ef641a7-815c-4bb5-9
"2026-09-01 12:11:07",731,0,warning,[trader_id=8d5c8af5_8ef641a7-815c-4bb5-9
"2026-09-01 12:13:07",733,0,warning,[trader_id=8d5c8af5_8ef641a7-815c-4bb5-9
"2026-09-01 12:15:07",735,0,warning,[trader_id=8d5c8af5_8ef641a7-815c-4bb5-9
"2026-09-01 12:17:07",737,0,warning,[trader_id=8d5c8af5_8ef641a7-815c-4bb5-9
"2026-09-01 12:19:07",739,0,warning,[trader_id=8d5c8af5_8ef641a7-815c-4bb5-9
"2026-09-01 12:21:07",741,0,warning,[trader_id=8d5c8af5_8ef641a7-815c-4bb5-9
"2026-09-01 12:23:07",743,0,warning,[trader_id=8d5c8af5_8ef641a7-815c-4bb5-9
"2026-09-01 12:31:07",751,0,warning,[trader_id=8d5c8af5_8ef641a7-815c-4bb5-9
"2026-09-01 12:33:07",753,0,warning,[trader_id=8d5c8af5_8ef641a7-815c-4bb5-9
"2026-09-01 12:35:07",755,0,warning,[trader_id=8d5c8af5_8ef641a7-815c-4bb5-9
"2026-09-01 12:37:07",757,0,warning,[trader_id=8d5c8af5_8ef641a7-815c-4bb5-9
"2026-09-01 12:39:07",759,0,warning,[trader_id=8d5c8af5_8ef641a7-815c-4bb5-9
"2026-09-01 12:41:07",761,0,warning,[trader_id=8d5c8af5_8ef641a7-815c-4bb5-9
"2026-09-01 12:43:07",763,0,warning,[trader_id=8d5c8af5_8ef641a7-815c-4bb5-9
"2026-09-01 12:45:07",765,0,warning,[trader_id=8d5c8af5_8ef641a7-815c-4bb5-9
"2026-09-01 12:47:07",767,0,warning,[trader_id=8d5c8af5_8ef641a7-815c-4bb5-9
"2026-09-01 12:49:07",769,0,warning,[trader_id=8d5c8af5_8ef641a7-815c-4bb5-9
"2026-09-01 12:51:07",771,0,warning,[trader_id=8d5c8af5_8ef641a7-815c-4bb5-9
"2026-09-01 12:53:07",773,0,warning,[trader_id=8d5c8af5_8ef641a7-815c-4bb5-9
"2026-09-01 12:55:06",775,0,warning,[trader_id=8d5c8af5_8ef641a7-815c-4bb5-9
"2026-09-01 23:13:03",1393,0,warning,[trader_id=8d5c8af5_8ef641a7-815c-4bb5-9
"2026-09-01 23:15:03",1395,0,warning,[trader_id=8d5c8af5_8ef641a7-815c-4bb5-9
"2026-09-01 23:17:03",1397,0,warning,[trader_id=8d5c8af5_8ef641a7-815c-4bb5-9
"2026-09-01 23:19:02",1399,0,warning,[trader_id=8d5c8af5_8ef641a7-815c-4bb5-9
"2026-09-01 23:21:02",1401,0,warning,[trader_id=8d5c8af5_8ef641a7-815c-4bb5-9
"2026-09-01 23:23:02",1403,0,warning,[trader_id=8d5c8af5_8ef641a7-815c-4bb5-9
"2026-09-01 23:25:02",1405,0,warning,[trader_id=8d5c8af5_8ef641a7-815c-4bb5-9
"2026-09-01 23:27:02",1407,0,warning,[trader_id=8d5c8af5_8ef641a7-815c-4bb5-9
"2026-09-01 23:29:02",1409,0,warning,[trader_id=8d5c8af5_8ef641a7-815c-4bb5-9
"2026-09-01 23:31:02",1411,0,warning,[trader_id=8d5c8af5_8ef641a7-815c-4bb5-9
"2026-09-01 23:33:02",1413,0,warning,[trader_id=8d5c8af5_8ef641a7-815c-4bb5-9
"2026-09-01 23:35:02",1415,0,warning,[trader_id=8d5c8af5_8ef641a7-815c-4bb5-9
"2026-09-01 23:37:02",1417,0,warning,[trader_id=8d5c8af5_8ef641a7-815c-4bb5-9
"2026-09-01 23:39:02",1419,0,warning,[trader_id=8d5c8af5_8ef641a7-815c-4bb5-9
"2026-09-01 23:41:02",1421,0,warning,[trader_id=8d5c8af5_8ef641a7-815c-4bb5-9
"2026-09-01 23:43:02",1423,0,warning,[trader_id=8d5c8af5_8ef641a7-815c-4bb5-9
"2026-09-01 23:45:02",1425,0,warning,[trader_id=8d5c8af5_8ef641a7-815c-4bb5-9
"2026-09-01 23:47:02",1427,0,warning,[trader_id=8d5c8af5_8ef641a7-815c-4bb5-9
"2026-09-01 23:49:02",1429,0,warning,[trader_id=8d5c8af5_8ef641a7-815c-4bb5-9
"2026-09-01 23:51:02",1431,0,warning,[trader_id=8d5c8af5_8ef641a7-815c-4bb5-9
"2026-09-01 23:53:02",1433,0,warning,[trader_id=8d5c8af5_8ef641a7-815c-4bb5-9
"2026-09-01 23:55:02",1435,0,warning,[trader_id=8d5c8af5_8ef641a7-815c-4bb5-9
"2026-09-01 23:57:02",1437,0,warning,[trader_id=8d5c8af5_8ef641a7-815c-4bb5-9
"2026-09-01 23:59:02",1439,0,warning,[trader_id=8d5c8af5_8ef641a7-815c-4bb5-9
"2026-09-02 00:03:07",3,0,warning,[trader_id=8d5c8af5_8ef641a7-815c-4bb5-9
"2026-09-02 00:13:48",13,0,warning,[trader_id=8d5c8af5_8ef641a7-815c-4bb5-9
"2026-09-02 00:16:32",16,0,warning,[trader_id=8d5c8af5_8ef641a7-815c-4bb5-9
"2026-09-02 00:17:48",17,0,warning,[trader_id=8d5c8af5_8ef641a7-815c-4bb5-9
"2026-09-02 00:19:48",19,0,warning,[trader_id=8d5c8af5_8ef641a7-815c-4bb5-9
"2026-09-02 00:20:22",20,0,warning,[trader_id=8d5c8af5_8ef641a7-815c-4bb5-9
"2026-09-02 00:21:48",21,0,warning,[trader_id=8d5c8af5_8ef641a7-815c-4bb5-9
"2026-09-02 00:23:48",23,0,warning,[trader_id=8d5c8af5_8ef641a7-815c-4bb5-9
"2026-09-02 00:25:00",25,0,warning,[trader_id=8d5c8af5_8ef641a7-815c-4bb5-9
"2026-09-02 00:26:04",26,0,warning,[trader_id=8d5c8af5_8ef641a7-815c-4bb5-9
"2026-09-02 00:27:48",27,0,warning,[trader_id=8d5c8af5_8ef641a7-815c-4bb5-9
"2026-09-02 00:29:48",29,0,warning,[trader_id=8d5c8af5_8ef641a7-815c-4bb5-9
"2026-09-02 00:30:39",30,0,warning,[trader_id=8d5c8af5_8ef641a7-815c-4bb5-9
"2026-09-02 00:31:48",31,0,warning,[trader_id=8d5c8af5_8ef641a7-815c-4bb5-9
"2026-09-02 00:33:48",33,0,warning,[trader_id=8d5c8af5_8ef641a7-815c-4bb5-9
"2026-09-02 00:35:00",35,0,warning,[trader_id=8d5c8af5_8ef641a7-815c-4bb5-9
"2026-09-02 00:35:48",35,0,warning,[trader_id=8d5c8af5_8ef641a7-815c-4bb5-9
"2026-09-02 00:37:48",37,0,warning,[trader_id=8d5c8af5_8ef641a7-815c-4bb5-9
"2026-09-02 00:39:47",39,0,warning,[trader_id=8d5c8af5_8ef641a7-815c-4bb5-9
"2026-09-02 00:40:32",40,0,warning,[trader_id=8d5c8af5_8ef641a7-815c-4bb5-9
"2026-09-02 00:41:47",41,0,warning,[trader_id=8d5c8af5_8ef641a7-815c-4bb5-9
"2026-09-02 00:43:47",43,0,warning,[trader_id=8d5c8af5_8ef641a7-815c-4bb5-9
"2026-09-02 00:45:00",45,0,warning,[trader_id=8d5c8af5_8ef641a7-815c-4bb5-9
"2026-09-02 00:47:47",47,0,warning,[trader_id=8d5c8af5_8ef641a7-815c-4bb5-9
"2026-09-02 00:49:47",49,0,warning,[trader_id=8d5c8af5_8ef641a7-815c-4bb5-9
"2026-09-02 00:59:47",59,0,warning,[trader_id=8d5c8af5_8ef641a7-815c-4bb5-9
"2026-09-02 01:03:52",63,0,warning,[trader_id=8d5c8af5_8ef641a7-815c-4bb5-9
"2026-09-02 01:03:52",63,0,warning,[trader_id=8d5c8af5_8ef641a7-815c-4bb5-9
"2026-09-02 01:05:00",65,0,warning,[trader_id=8d5c8af5_8ef641a7-815c-4bb5-9
"2026-09-02 01:05:47",65,0,warning,[trader_id=8d5c8af5_8ef641a7-815c-4bb5-9
"2026-09-02 01:07:47",67,0,warning,[trader_id=8d5c8af5_8ef641a7-815c-4bb5-9
"2026-09-02 01:09:47",69,0,warning,[trader_id=8d5c8af5_8ef641a7-815c-4bb5-9
"2026-09-02 01:10:01",70,0,warning,[trader_id=8d5c8af5_8ef641a7-815c-4bb5-9
"2026-09-02 01:11:47",71,0,warning,[trader_id=8d5c8af5_8ef641a7-815c-4bb5-9
"2026-09-02 01:13:47",73,0,warning,[trader_id=8d5c8af5_8ef641a7-815c-4bb5-9
"2026-09-02 01:15:47",75,0,warning,[trader_id=8d5c8af5_8ef641a7-815c-4bb5-9
"2026-09-02 01:30:01",90,0,warning,[trader_id=8d5c8af5_8ef641a7-815c-4bb5-9
"2026-09-02 01:31:47",91,0,warning,[trader_id=8d5c8af5_8ef641a7-815c-4bb5-9
"2026-09-02 01:33:47",93,0,warning,[trader_id=8d5c8af5_8ef641a7-815c-4bb5-9
"2026-09-02 01:35:47",95,0,warning,[trader_id=8d5c8af5_8ef641a7-815c-4bb5-9
"2026-09-02 01:37:47",97,0,warning,[trader_id=8d5c8af5_8ef641a7-815c-4bb5-9
"2026-09-02 01:39:47",99,0,warning,[trader_id=8d5c8af5_8ef641a7-815c-4bb5-9
"2026-09-02 01:40:01",100,0,warning,[trader_id=8d5c8af5_8ef641a7-815c-4bb5-9
"2026-09-02 01:41:47",101,0,warning,[trader_id=8d5c8af5_8ef641a7-815c-4bb5-9
"2026-09-02 01:43:47",103,0,warning,[trader_id=8d5c8af5_8ef641a7-815c-4bb5-9
"2026-09-02 01:47:47",107,0,warning,[trader_id=8d5c8af5_8ef641a7-815c-4bb5-9
"2026-09-02 01:51:52",111,0,warning,[trader_id=8d5c8af5_8ef641a7-815c-4bb5-9
"2026-09-02 01:53:47",113,0,warning,[trader_id=8d5c8af5_8ef641a7-815c-4bb5-9
"2026-09-02 01:55:47",115,0,warning,[trader_id=8d5c8af5_8ef641a7-815c-4bb5-9
"2026-09-02 01:57:47",117,0,warning,[trader_id=8d5c8af5_8ef641a7-815c-4bb5-9
"2026-09-02 01:59:47",119,0,warning,[trader_id=8d5c8af5_8ef641a7-815c-4bb5-9
"2026-09-02 07:15:49",435,0,warning,[trader_id=8d5c8af5_8ef641a7-815c-4bb5-9
"2026-09-02 07:23:49",443,0,warning,[trader_id=8d5c8af5_8ef641a7-815c-4bb5-9
"2026-09-02 07:25:49",445,0,warning,[trader_id=8d5c8af5_8ef641a7-815c-4bb5-9
"2026-09-02 07:28:59",448,0,warning,[trader_id=8d5c8af5_8ef641a7-815c-4bb5-9
"2026-09-02 07:30:33",450,0,warning,[trader_id=8d5c8af5_8ef641a7-815c-4bb5-9
"2026-09-02 07:31:49",451,0,warning,[trader_id=8d5c8af5_8ef641a7-815c-4bb5-9
"2026-09-02 07:34:15",454,0,warning,[trader_id=8d5c8af5_8ef641a7-815c-4bb5-9
"2026-09-02 07:44:15",464,0,warning,[trader_id=8d5c8af5_8ef641a7-815c-4bb5-9
"2026-09-02 07:45:00",465,0,warning,[trader_id=8d5c8af5_8ef641a7-815c-4bb5-9
"2026-09-02 07:46:15",466,0,warning,[trader_id=8d5c8af5_8ef641a7-815c-4bb5-9
"2026-09-02 07:48:15",468,0,warning,[trader_id=8d5c8af5_8ef641a7-815c-4bb5-9
"2026-09-02 07:51:06",471,0,warning,[trader_id=8d5c8af5_8ef641a7-815c-4bb5-9
"2026-09-02 08:01:06",481,0,warning,[trader_id=8d5c8af5_8ef641a7-815c-4bb5-9
"2026-09-02 08:03:06",483,0,warning,[trader_id=8d5c8af5_8ef641a7-815c-4bb5-9
"2026-09-02 08:05:06",485,0,warning,[trader_id=8d5c8af5_8ef641a7-815c-4bb5-9
"2026-09-02 08:07:06",487,0,warning,[trader_id=8d5c8af5_8ef641a7-815c-4bb5-9
"2026-09-02 08:09:06",489,0,warning,[trader_id=8d5c8af5_8ef641a7-815c-4bb5-9
"2026-09-02 08:12:30",492,0,warning,[trader_id=8d5c8af5_8ef641a7-815c-4bb5-9
"2026-09-02 08:12:30",492,0,warning,[trader_id=8d5c8af5_8ef641a7-815c-4bb5-9
"2026-09-02 08:14:30",494,0,warning,[trader_id=8d5c8af5_8ef641a7-815c-4bb5-9
"2026-09-02 08:15:01",495,0,warning,[trader_id=8d5c8af5_8ef641a7-815c-4bb5-9
"2026-09-02 08:15:01",495,0,warning,[trader_id=8d5c8af5_8ef641a7-815c-4bb5-9
"2026-09-02 08:16:30",496,0,warning,[trader_id=8d5c8af5_8ef641a7-815c-4bb5-9
"2026-09-02 08:16:30",496,0,warning,[trader_id=8d5c8af5_8ef641a7-815c-4bb5-9
"2026-09-02 08:18:30",498,0,warning,[trader_id=8d5c8af5_8ef641a7-815c-4bb5-9
"2026-09-02 08:18:30",498,0,warning,[trader_id=8d5c8af5_8ef641a7-815c-4bb5-9
"2026-09-02 08:20:30",500,0,warning,[trader_id=8d5c8af5_8ef641a7-815c-4bb5-9
"2026-09-02 08:20:30",500,0,warning,[trader_id=8d5c8af5_8ef641a7-815c-4bb5-9
"2026-09-02 08:22:30",502,0,warning,[trader_id=8d5c8af5_8ef641a7-815c-4bb5-9
"2026-09-02 08:22:30",502,0,warning,[trader_id=8d5c8af5_8ef641a7-815c-4bb5-9
"2026-09-02 08:24:30",504,0,warning,[trader_id=8d5c8af5_8ef641a7-815c-4bb5-9
"2026-09-02 08:24:30",504,0,warning,[trader_id=8d5c8af5_8ef641a7-815c-4bb5-9
"2026-09-02 08:25:01",505,0,warning,[trader_id=8d5c8af5_8ef641a7-815c-4bb5-9
"2026-09-02 08:25:01",505,0,warning,[trader_id=8d5c8af5_8ef641a7-815c-4bb5-9
"2026-09-02 08:26:30",506,0,warning,[trader_id=8d5c8af5_8ef641a7-815c-4bb5-9
"2026-09-02 08:26:30",506,0,warning,[trader_id=8d5c8af5_8ef641a7-815c-4bb5-9
"2026-09-02 08:28:30",508,0,warning,[trader_id=8d5c8af5_8ef641a7-815c-4bb5-9
"2026-09-02 08:28:30",508,0,warning,[trader_id=8d5c8af5_8ef641a7-815c-4bb5-9
"2026-09-02 08:30:30",510,0,warning,[trader_id=8d5c8af5_8ef641a7-815c-4bb5-9
"2026-09-02 08:32:30",512,0,warning,[trader_id=8d5c8af5_8ef641a7-815c-4bb5-9
"2026-09-02 08:34:30",514,0,warning,[trader_id=8d5c8af5_8ef641a7-815c-4bb5-9
"2026-09-02 08:35:01",515,0,warning,[trader_id=8d5c8af5_8ef641a7-815c-4bb5-9
"2026-09-02 08:36:32",516,0,warning,[trader_id=8d5c8af5_8ef641a7-815c-4bb5-9
"2026-09-02 08:38:30",518,0,warning,[trader_id=8d5c8af5_8ef641a7-815c-4bb5-9
"2026-09-02 08:42:30",522,0,warning,[trader_id=8d5c8af5_8ef641a7-815c-4bb5-9
"2026-09-02 08:45:01",525,0,warning,[trader_id=8d5c8af5_8ef641a7-815c-4bb5-9
"2026-09-02 08:46:30",526,0,warning,[trader_id=8d5c8af5_8ef641a7-815c-4bb5-9
"2026-09-02 08:48:30",528,0,warning,[trader_id=8d5c8af5_8ef641a7-815c-4bb5-9
"2026-09-02 08:50:30",530,0,warning,[trader_id=8d5c8af5_8ef641a7-815c-4bb5-9
"2026-09-02 08:52:30",532,0,warning,[trader_id=8d5c8af5_8ef641a7-815c-4bb5-9
"2026-09-02 08:54:30",534,0,warning,[trader_id=8d5c8af5_8ef641a7-815c-4bb5-9
"2026-09-02 08:55:01",535,0,warning,[trader_id=8d5c8af5_8ef641a7-815c-4bb5-9
"2026-09-02 08:56:30",536,0,warning,[trader_id=8d5c8af5_8ef641a7-815c-4bb5-9
"2026-09-02 08:58:30",538,0,warning,[trader_id=8d5c8af5_8ef641a7-815c-4bb5-9
"2026-09-02 09:00:30",540,0,warning,[trader_id=8d5c8af5_8ef641a7-815c-4bb5-9
"2026-09-02 09:02:30",542,0,warning,[trader_id=8d5c8af5_8ef641a7-815c-4bb5-9
"2026-09-02 09:04:30",544,0,warning,[trader_id=8d5c8af5_8ef641a7-815c-4bb5-9
"2026-09-02 09:05:01",545,0,warning,[trader_id=8d5c8af5_8ef641a7-815c-4bb5-9
"2026-09-02 09:06:30",546,0,warning,[trader_id=8d5c8af5_8ef641a7-815c-4bb5-9
"2026-09-02 09:08:30",548,0,warning,[trader_id=8d5c8af5_8ef641a7-815c-4bb5-9
"2026-09-02 09:10:30",550,0,warning,[trader_id=8d5c8af5_8ef641a7-815c-4bb5-9
"2026-09-02 09:12:30",552,0,warning,[trader_id=8d5c8af5_8ef641a7-815c-4bb5-9
"2026-09-02 09:15:01",555,0,warning,[trader_id=8d5c8af5_8ef641a7-815c-4bb5-9
"2026-09-02 09:16:30",556,0,warning,[trader_id=8d5c8af5_8ef641a7-815c-4bb5-9
"2026-09-02 09:18:30",558,0,warning,[trader_id=8d5c8af5_8ef641a7-815c-4bb5-9
"2026-09-02 09:20:30",560,0,warning,[trader_id=8d5c8af5_8ef641a7-815c-4bb5-9
"2026-09-02 09:22:30",562,0,warning,[trader_id=8d5c8af5_8ef641a7-815c-4bb5-9
"2026-09-02 09:24:30",564,0,warning,[trader_id=8d5c8af5_8ef641a7-815c-4bb5-9
"2026-09-02 09:25:01",565,0,warning,[trader_id=8d5c8af5_8ef641a7-815c-4bb5-9
"2026-09-02 09:28:34",568,0,warning,[trader_id=8d5c8af5_8ef641a7-815c-4bb5-9
"2026-09-02 09:30:30",570,0,warning,[trader_id=8d5c8af5_8ef641a7-815c-4bb5-9
"2026-09-02 09:32:30",572,0,warning,[trader_id=8d5c8af5_8ef641a7-815c-4bb5-9
"2026-09-02 09:34:30",574,0,warning,[trader_id=8d5c8af5_8ef641a7-815c-4bb5-9
"2026-09-02 09:35:01",575,0,warning,[trader_id=8d5c8af5_8ef641a7-815c-4bb5-9
"2026-09-02 09:36:30",576,0,warning,[trader_id=8d5c8af5_8ef641a7-815c-4bb5-9
"2026-09-02 09:38:30",578,0,warning,[trader_id=8d5c8af5_8ef641a7-815c-4bb5-9
"2026-09-02 09:41:05",581,0,warning,[trader_id=8d5c8af5_8ef641a7-815c-4bb5-9
"2026-09-02 09:42:30",582,0,warning,[trader_id=8d5c8af5_8ef641a7-815c-4bb5-9
"2026-09-02 09:45:01",585,0,warning,[trader_id=8d5c8af5_8ef641a7-815c-4bb5-9
"2026-09-02 09:46:30",586,0,warning,[trader_id=8d5c8af5_8ef641a7-815c-4bb5-9
"2026-09-02 09:48:30",588,0,warning,[trader_id=8d5c8af5_8ef641a7-815c-4bb5-9
"2026-09-02 09:50:30",590,0,warning,[trader_id=8d5c8af5_8ef641a7-815c-4bb5-9
"2026-09-02 09:52:30",592,0,warning,[trader_id=8d5c8af5_8ef641a7-815c-4bb5-9
"2026-09-02 09:54:30",594,0,warning,[trader_id=8d5c8af5_8ef641a7-815c-4bb5-9
"2026-09-02 09:55:00",595,0,warning,[trader_id=8d5c8af5_8ef641a7-815c-4bb5-9
"2026-09-02 09:56:30",596,0,warning,[trader_id=8d5c8af5_8ef641a7-815c-4bb5-9
"2026-09-02 09:58:30",598,0,warning,[trader_id=8d5c8af5_8ef641a7-815c-4bb5-9
"2026-09-02 09:59:29",599,0,warning,[trader_id=8d5c8af5_8ef641a7-815c-4bb5-9
"2026-09-02 10:00:30",600,0,warning,[trader_id=8d5c8af5_8ef641a7-815c-4bb5-9
"2026-09-02 10:02:30",602,0,warning,[trader_id=8d5c8af5_8ef641a7-815c-4bb5-9
"2026-09-02 10:04:30",604,0,warning,[trader_id=8d5c8af5_8ef641a7-815c-4bb5-9
"2026-09-02 10:05:01",605,0,warning,[trader_id=8d5c8af5_8ef641a7-815c-4bb5-9
"2026-09-02 10:06:30",606,0,warning,[trader_id=8d5c8af5_8ef641a7-815c-4bb5-9
"2026-09-02 10:08:30",608,0,warning,[trader_id=8d5c8af5_8ef641a7-815c-4bb5-9
"2026-09-02 10:10:30",610,0,warning,[trader_id=8d5c8af5_8ef641a7-815c-4bb5-9
"2026-09-02 10:12:30",612,0,warning,[trader_id=8d5c8af5_8ef641a7-815c-4bb5-9
"2026-09-02 10:14:30",614,0,warning,[trader_id=8d5c8af5_8ef641a7-815c-4bb5-9
"2026-09-02 10:15:01",615,0,warning,[trader_id=8d5c8af5_8ef641a7-815c-4bb5-9
"2026-09-02 10:16:30",616,0,warning,[trader_id=8d5c8af5_8ef641a7-815c-4bb5-9
"2026-09-02 10:18:30",618,0,warning,[trader_id=8d5c8af5_8ef641a7-815c-4bb5-9
"2026-09-02 10:20:30",620,0,warning,[trader_id=8d5c8af5_8ef641a7-815c-4bb5-9
"2026-09-02 10:22:30",622,0,warning,[trader_id=8d5c8af5_8ef641a7-815c-4bb5-9
"2026-09-02 10:24:30",624,0,warning,[trader_id=8d5c8af5_8ef641a7-815c-4bb5-9
"2026-09-02 10:25:00",625,0,warning,[trader_id=8d5c8af5_8ef641a7-815c-4bb5-9
"2026-09-02 10:26:34",626,0,warning,[trader_id=8d5c8af5_8ef641a7-815c-4bb5-9
"2026-09-02 10:28:30",628,0,warning,[trader_id=8d5c8af5_8ef641a7-815c-4bb5-9
"2026-09-02 10:30:30",630,0,warning,[trader_id=8d5c8af5_8ef641a7-815c-4bb5-9
"2026-09-02 10:32:30",632,0,warning,[trader_id=8d5c8af5_8ef641a7-815c-4bb5-9
"2026-09-02 10:37:18",637,0,warning,[trader_id=8d5c8af5_8ef641a7-815c-4bb5-9
"2026-09-02 10:38:30",638,0,warning,[trader_id=8d5c8af5_8ef641a7-815c-4bb5-9
"2026-09-02 10:40:30",640,0,warning,[trader_id=8d5c8af5_8ef641a7-815c-4bb5-9
"2026-09-02 10:42:30",642,0,warning,[trader_id=8d5c8af5_8ef641a7-815c-4bb5-9
"2026-09-02 10:44:30",644,0,warning,[trader_id=8d5c8af5_8ef641a7-815c-4bb5-9
"2026-09-02 10:45:00",645,0,warning,[trader_id=8d5c8af5_8ef641a7-815c-4bb5-9
"2026-09-02 10:46:30",646,0,warning,[trader_id=8d5c8af5_8ef641a7-815c-4bb5-9
"2026-09-02 10:48:30",648,0,warning,[trader_id=8d5c8af5_8ef641a7-815c-4bb5-9
"2026-09-02 10:49:32",649,0,warning,[trader_id=8d5c8af5_8ef641a7-815c-4bb5-9
"2026-09-02 10:51:32",651,0,warning,[trader_id=8d5c8af5_8ef641a7-815c-4bb5-9
"2026-09-02 10:52:30",652,0,warning,[trader_id=8d5c8af5_8ef641a7-815c-4bb5-9
"2026-09-02 10:54:30",654,0,warning,[trader_id=8d5c8af5_8ef641a7-815c-4bb5-9
"2026-09-02 10:55:00",655,0,warning,[trader_id=8d5c8af5_8ef641a7-815c-4bb5-9
"2026-09-02 10:56:30",656,0,warning,[trader_id=8d5c8af5_8ef641a7-815c-4bb5-9
"2026-09-02 10:58:30",658,0,warning,[trader_id=8d5c8af5_8ef641a7-815c-4bb5-9
"2026-09-02 11:00:30",660,0,warning,[trader_id=8d5c8af5_8ef641a7-815c-4bb5-9
"2026-09-02 11:02:30",662,0,warning,[trader_id=8d5c8af5_8ef641a7-815c-4bb5-9
"2026-09-02 11:04:30",664,0,warning,[trader_id=8d5c8af5_8ef641a7-815c-4bb5-9
"2026-09-02 11:05:00",665,0,warning,[trader_id=8d5c8af5_8ef641a7-815c-4bb5-9
"2026-09-02 11:06:30",666,0,warning,[trader_id=8d5c8af5_8ef641a7-815c-4bb5-9
"2026-09-02 11:08:30",668,0,warning,[trader_id=8d5c8af5_8ef641a7-815c-4bb5-9
"2026-09-02 11:10:30",670,0,warning,[trader_id=8d5c8af5_8ef641a7-815c-4bb5-9
"2026-09-02 11:12:30",672,0,warning,[trader_id=8d5c8af5_8ef641a7-815c-4bb5-9
"2026-09-02 11:14:30",674,0,warning,[trader_id=8d5c8af5_8ef641a7-815c-4bb5-9
"2026-09-02 11:15:00",675,0,warning,[trader_id=8d5c8af5_8ef641a7-815c-4bb5-9
"2026-09-02 11:20:30",680,0,warning,[trader_id=8d5c8af5_8ef641a7-815c-4bb5-9
"2026-09-02 11:22:30",682,0,warning,[trader_id=8d5c8af5_8ef641a7-815c-4bb5-9
"2026-09-02 11:24:30",684,0,warning,[trader_id=8d5c8af5_8ef641a7-815c-4bb5-9
"2026-09-02 11:25:00",685,0,warning,[trader_id=8d5c8af5_8ef641a7-815c-4bb5-9
"2026-09-02 11:26:30",686,0,warning,[trader_id=8d5c8af5_8ef641a7-815c-4bb5-9
"2026-09-02 11:28:30",688,0,warning,[trader_id=8d5c8af5_8ef641a7-815c-4bb5-9
"2026-09-02 11:30:30",690,0,warning,[trader_id=8d5c8af5_8ef641a7-815c-4bb5-9
"2026-09-02 11:32:30",692,0,warning,[trader_id=8d5c8af5_8ef641a7-815c-4bb5-9
"2026-09-02 11:34:30",694,0,warning,[trader_id=8d5c8af5_8ef641a7-815c-4bb5-9
"2026-09-02 11:35:00",695,0,warning,[trader_id=8d5c8af5_8ef641a7-815c-4bb5-9
"2026-09-02 11:36:30",696,0,warning,[trader_id=8d5c8af5_8ef641a7-815c-4bb5-9
"2026-09-02 11:38:30",698,0,warning,[trader_id=8d5c8af5_8ef641a7-815c-4bb5-9
"2026-09-02 11:40:30",700,0,warning,[trader_id=8d5c8af5_8ef641a7-815c-4bb5-9
"2026-09-02 11:42:30",702,0,warning,[trader_id=8d5c8af5_8ef641a7-815c-4bb5-9
"2026-09-02 11:44:30",704,0,warning,[trader_id=8d5c8af5_8ef641a7-815c-4bb5-9
"2026-09-02 11:45:00",705,0,warning,[trader_id=8d5c8af5_8ef641a7-815c-4bb5-9
"2026-09-02 11:48:30",708,0,warning,[trader_id=8d5c8af5_8ef641a7-815c-4bb5-9
"2026-09-02 11:50:30",710,0,warning,[trader_id=8d5c8af5_8ef641a7-815c-4bb5-9
"2026-09-02 11:52:30",712,0,warning,[trader_id=8d5c8af5_8ef641a7-815c-4bb5-9
"2026-09-02 11:54:30",714,0,warning,[trader_id=8d5c8af5_8ef641a7-815c-4bb5-9
"2026-09-02 11:55:00",715,0,warning,[trader_id=8d5c8af5_8ef641a7-815c-4bb5-9
"2026-09-02 11:56:30",716,0,warning,[trader_id=8d5c8af5_8ef641a7-815c-4bb5-9
"2026-09-02 11:58:30",718,0,warning,[trader_id=8d5c8af5_8ef641a7-815c-4bb5-9
"2026-09-02 12:00:30",720,0,warning,[trader_id=8d5c8af5_8ef641a7-815c-4bb5-9
"2026-09-02 12:02:30",722,0,warning,[trader_id=8d5c8af5_8ef641a7-815c-4bb5-9
"2026-09-02 12:04:30",724,0,warning,[trader_id=8d5c8af5_8ef641a7-815c-4bb5-9
"2026-09-02 12:05:01",725,0,warning,[trader_id=8d5c8af5_8ef641a7-815c-4bb5-9
"2026-09-02 12:06:30",726,0,warning,[trader_id=8d5c8af5_8ef641a7-815c-4bb5-9
"2026-09-02 12:08:30",728,0,warning,[trader_id=8d5c8af5_8ef641a7-815c-4bb5-9
"2026-09-02 12:10:30",730,0,warning,[trader_id=8d5c8af5_8ef641a7-815c-4bb5-9
"2026-09-02 12:12:30",732,0,warning,[trader_id=8d5c8af5_8ef641a7-815c-4bb5-9
"2026-09-02 12:14:30",734,0,warning,[trader_id=8d5c8af5_8ef641a7-815c-4bb5-9
"2026-09-02 12:16:30",736,0,warning,[trader_id=8d5c8af5_8ef641a7-815c-4bb5-9
"2026-09-02 12:26:30",746,0,warning,[trader_id=8d5c8af5_8ef641a7-815c-4bb5-9
"2026-09-02 12:28:30",748,0,warning,[trader_id=8d5c8af5_8ef641a7-815c-4bb5-9
"2026-09-02 12:30:30",750,0,warning,[trader_id=8d5c8af5_8ef641a7-815c-4bb5-9
"2026-09-02 12:32:30",752,0,warning,[trader_id=8d5c8af5_8ef641a7-815c-4bb5-9
"2026-09-02 12:34:30",754,0,warning,[trader_id=8d5c8af5_8ef641a7-815c-4bb5-9
"2026-09-02 12:36:30",756,0,warning,[trader_id=8d5c8af5_8ef641a7-815c-4bb5-9
"2026-09-02 12:38:30",758,0,warning,[trader_id=8d5c8af5_8ef641a7-815c-4bb5-9
"2026-09-02 12:40:29",760,0,warning,[trader_id=8d5c8af5_8ef641a7-815c-4bb5-9
"2026-09-02 12:42:29",762,0,warning,[trader_id=8d5c8af5_8ef641a7-815c-4bb5-9
"2026-09-02 12:44:29",764,0,warning,[trader_id=8d5c8af5_8ef641a7-815c-4bb5-9
"2026-09-02 12:46:29",766,0,warning,[trader_id=8d5c8af5_8ef641a7-815c-4bb5-9
"2026-09-02 12:48:29",768,0,warning,[trader_id=8d5c8af5_8ef641a7-815c-4bb5-9
"2026-09-02 13:00:29",780,0,warning,[trader_id=8d5c8af5_8ef641a7-815c-4bb5-9
"2026-09-02 13:02:29",782,0,warning,[trader_id=8d5c8af5_8ef641a7-815c-4bb5-9
"2026-09-02 13:04:29",784,0,warning,[trader_id=8d5c8af5_8ef641a7-815c-4bb5-9
"2026-09-02 13:06:29",786,0,warning,[trader_id=8d5c8af5_8ef641a7-815c-4bb5-9
"2026-09-02 13:08:29",788,0,warning,[trader_id=8d5c8af5_8ef641a7-815c-4bb5-9
"2026-09-02 13:10:29",790,0,warning,[trader_id=8d5c8af5_8ef641a7-815c-4bb5-9
"2026-09-02 13:12:29",792,0,warning,[trader_id=8d5c8af5_8ef641a7-815c-4bb5-9
"2026-09-02 13:14:29",794,0,warning,[trader_id=8d5c8af5_8ef641a7-815c-4bb5-9
"2026-09-02 13:16:29",796,0,warning,[trader_id=8d5c8af5_8ef641a7-815c-4bb5-9
"2026-09-02 13:18:29",798,0,warning,[trader_id=8d5c8af5_8ef641a7-815c-4bb5-9
"2026-09-02 13:30:29",810,0,warning,[trader_id=8d5c8af5_8ef641a7-815c-4bb5-9
"2026-09-02 13:32:29",812,0,warning,[trader_id=8d5c8af5_8ef641a7-815c-4bb5-9
"2026-09-02 13:34:29",814,0,warning,[trader_id=8d5c8af5_8ef641a7-815c-4bb5-9
"2026-09-02 13:36:29",816,0,warning,[trader_id=8d5c8af5_8ef641a7-815c-4bb5-9
"2026-09-02 13:38:29",818,0,warning,[trader_id=8d5c8af5_8ef641a7-815c-4bb5-9
"2026-09-02 13:40:29",820,0,warning,[trader_id=8d5c8af5_8ef641a7-815c-4bb5-9
"2026-09-02 13:42:29",822,0,warning,[trader_id=8d5c8af5_8ef641a7-815c-4bb5-9
"2026-09-02 13:44:29",824,0,warning,[trader_id=8d5c8af5_8ef641a7-815c-4bb5-9
"2026-09-02 13:45:01",825,0,warning,[trader_id=8d5c8af5_8ef641a7-815c-4bb5-9
"2026-09-02 13:46:29",826,0,warning,[trader_id=8d5c8af5_8ef641a7-815c-4bb5-9
"2026-09-02 13:48:29",828,0,warning,[trader_id=8d5c8af5_8ef641a7-815c-4bb5-9
"2026-09-02 14:15:01",855,0,warning,[trader_id=8d5c8af5_8ef641a7-815c-4bb5-9
"2026-09-02 14:16:29",856,0,warning,[trader_id=8d5c8af5_8ef641a7-815c-4bb5-9
"2026-09-02 14:18:29",858,0,warning,[trader_id=8d5c8af5_8ef641a7-815c-4bb5-9
"2026-09-02 14:20:29",860,0,warning,[trader_id=8d5c8af5_8ef641a7-815c-4bb5-9
"2026-09-02 14:30:29",870,0,warning,[trader_id=8d5c8af5_8ef641a7-815c-4bb5-9
"2026-09-02 14:32:29",872,0,warning,[trader_id=8d5c8af5_8ef641a7-815c-4bb5-9
"2026-09-02 14:34:29",874,0,warning,[trader_id=8d5c8af5_8ef641a7-815c-4bb5-9
"2026-09-02 14:35:00",875,0,warning,[trader_id=8d5c8af5_8ef641a7-815c-4bb5-9
"2026-09-02 14:36:29",876,0,warning,[trader_id=8d5c8af5_8ef641a7-815c-4bb5-9
"2026-09-02 14:38:29",878,0,warning,[trader_id=8d5c8af5_8ef641a7-815c-4bb5-9
"2026-09-02 14:40:29",880,0,warning,[trader_id=8d5c8af5_8ef641a7-815c-4bb5-9
"2026-09-02 14:42:29",882,0,warning,[trader_id=8d5c8af5_8ef641a7-815c-4bb5-9
"2026-09-02 14:44:29",884,0,warning,[trader_id=8d5c8af5_8ef641a7-815c-4bb5-9
"2026-09-02 16:36:29",996,0,warning,[trader_id=8d5c8af5_8ef641a7-815c-4bb5-9
"2026-09-02 17:15:00",1035,0,warning,[trader_id=8d5c8af5_8ef641a7-815c-4bb5-9
"2026-09-02 17:20:28",1040,0,warning,[trader_id=8d5c8af5_8ef641a7-815c-4bb5-9
"2026-09-02 17:22:28",1042,0,warning,[trader_id=8d5c8af5_8ef641a7-815c-4bb5-9
"2026-09-02 17:24:28",1044,0,warning,[trader_id=8d5c8af5_8ef641a7-815c-4bb5-9
"2026-09-02 17:25:01",1045,0,warning,[trader_id=8d5c8af5_8ef641a7-815c-4bb5-9
"2026-09-02 17:26:28",1046,0,warning,[trader_id=8d5c8af5_8ef641a7-815c-4bb5-9
"2026-09-02 17:28:28",1048,0,warning,[trader_id=8d5c8af5_8ef641a7-815c-4bb5-9
"2026-09-02 17:30:28",1050,0,warning,[trader_id=8d5c8af5_8ef641a7-815c-4bb5-9
"2026-09-02 17:32:28",1052,0,warning,[trader_id=8d5c8af5_8ef641a7-815c-4bb5-9
"2026-09-02 17:34:28",1054,0,warning,[trader_id=8d5c8af5_8ef641a7-815c-4bb5-9
"2026-09-02 17:35:00",1055,0,warning,[trader_id=8d5c8af5_8ef641a7-815c-4bb5-9
"2026-09-02 17:36:28",1056,0,warning,[trader_id=8d5c8af5_8ef641a7-815c-4bb5-9
"2026-09-02 17:38:28",1058,0,warning,[trader_id=8d5c8af5_8ef641a7-815c-4bb5-9
"2026-09-02 17:40:28",1060,0,warning,[trader_id=8d5c8af5_8ef641a7-815c-4bb5-9
"2026-09-02 17:42:28",1062,0,warning,[trader_id=8d5c8af5_8ef641a7-815c-4bb5-9
"2026-09-02 17:44:28",1064,0,warning,[trader_id=8d5c8af5_8ef641a7-815c-4bb5-9
"2026-09-02 17:45:00",1065,0,warning,[trader_id=8d5c8af5_8ef641a7-815c-4bb5-9
"2026-09-02 17:53:14",1073,0,warning,[trader_id=8d5c8af5_8ef641a7-815c-4bb5-9
"2026-09-02 18:01:14",1081,0,warning,[trader_id=8d5c8af5_8ef641a7-815c-4bb5-9
"2026-09-02 18:03:14",1083,0,warning,[trader_id=8d5c8af5_8ef641a7-815c-4bb5-9
"2026-09-02 18:05:14",1085,0,warning,[trader_id=8d5c8af5_8ef641a7-815c-4bb5-9
"2026-09-02 18:07:26",1087,0,warning,[trader_id=8d5c8af5_8ef641a7-815c-4bb5-9
"2026-09-02 18:15:26",1095,0,warning,[trader_id=8d5c8af5_8ef641a7-815c-4bb5-9
"2026-09-02 18:17:26",1097,0,warning,[trader_id=8d5c8af5_8ef641a7-815c-4bb5-9
"2026-09-02 18:19:26",1099,0,warning,[trader_id=8d5c8af5_8ef641a7-815c-4bb5-9
"2026-09-02 18:21:26",1101,0,warning,[trader_id=8d5c8af5_8ef641a7-815c-4bb5-9
"2026-09-02 18:23:26",1103,0,warning,[trader_id=8d5c8af5_8ef641a7-815c-4bb5-9
"2026-09-02 18:25:26",1105,0,warning,[trader_id=8d5c8af5_8ef641a7-815c-4bb5-9
"2026-09-02 18:29:17",1109,0,warning,[trader_id=8d5c8af5_8ef641a7-815c-4bb5-9
"2026-09-02 18:31:17",1111,0,warning,[trader_id=8d5c8af5_8ef641a7-815c-4bb5-9
"2026-09-02 18:33:17",1113,0,warning,[trader_id=8d5c8af5_8ef641a7-815c-4bb5-9
"2026-09-02 18:35:17",1115,0,warning,[trader_id=8d5c8af5_8ef641a7-815c-4bb5-9
"2026-09-02 18:37:17",1117,0,warning,[trader_id=8d5c8af5_8ef641a7-815c-4bb5-9
"2026-09-02 18:39:17",1119,0,warning,[trader_id=8d5c8af5_8ef641a7-815c-4bb5-9
"2026-09-02 18:41:17",1121,0,warning,[trader_id=8d5c8af5_8ef641a7-815c-4bb5-9
"2026-09-02 18:43:17",1123,0,warning,[trader_id=8d5c8af5_8ef641a7-815c-4bb5-9
"2026-09-02 18:45:17",1125,0,warning,[trader_id=8d5c8af5_8ef641a7-815c-4bb5-9
"2026-09-02 18:47:17",1127,0,warning,[trader_id=8d5c8af5_8ef641a7-815c-4bb5-9
"2026-09-02 18:49:17",1129,0,warning,[trader_id=8d5c8af5_8ef641a7-815c-4bb5-9
"2026-09-02 18:51:17",1131,0,warning,[trader_id=8d5c8af5_8ef641a7-815c-4bb5-9
"2026-09-02 18:53:17",1133,0,warning,[trader_id=8d5c8af5_8ef641a7-815c-4bb5-9
"2026-09-02 18:55:44",1135,0,warning,[trader_id=8d5c8af5_8ef641a7-815c-4bb5-9
"2026-09-02 18:58:38",1138,0,warning,[trader_id=8d5c8af5_8ef641a7-815c-4bb5-9
"2026-09-02 19:00:23",1140,0,warning,[trader_id=8d5c8af5_8ef641a7-815c-4bb5-9
"2026-09-02 19:03:17",1143,0,warning,[trader_id=8d5c8af5_8ef641a7-815c-4bb5-9
"2026-09-02 19:05:16",1145,0,warning,[trader_id=8d5c8af5_8ef641a7-815c-4bb5-9
"2026-09-02 19:07:16",1147,0,warning,[trader_id=8d5c8af5_8ef641a7-815c-4bb5-9
"2026-09-02 19:09:16",1149,0,warning,[trader_id=8d5c8af5_8ef641a7-815c-4bb5-9
"2026-09-02 19:10:01",1150,0,warning,[trader_id=8d5c8af5_8ef641a7-815c-4bb5-9
"2026-09-02 19:11:16",1151,0,warning,[trader_id=8d5c8af5_8ef641a7-815c-4bb5-9
"2026-09-02 19:13:16",1153,0,warning,[trader_id=8d5c8af5_8ef641a7-815c-4bb5-9
"2026-09-02 19:15:16",1155,0,warning,[trader_id=8d5c8af5_8ef641a7-815c-4bb5-9
"2026-09-02 19:17:16",1157,0,warning,[trader_id=8d5c8af5_8ef641a7-815c-4bb5-9
"2026-09-02 19:19:16",1159,0,warning,[trader_id=8d5c8af5_8ef641a7-815c-4bb5-9
"2026-09-02 19:20:00",1160,0,warning,[trader_id=8d5c8af5_8ef641a7-815c-4bb5-9
"2026-09-02 19:21:16",1161,0,warning,[trader_id=8d5c8af5_8ef641a7-815c-4bb5-9
"2026-09-02 19:23:16",1163,0,warning,[trader_id=8d5c8af5_8ef641a7-815c-4bb5-9
"2026-09-02 19:25:16",1165,0,warning,[trader_id=8d5c8af5_8ef641a7-815c-4bb5-9
"2026-09-02 19:27:16",1167,0,warning,[trader_id=8d5c8af5_8ef641a7-815c-4bb5-9
"2026-09-02 19:29:16",1169,0,warning,[trader_id=8d5c8af5_8ef641a7-815c-4bb5-9
"2026-09-02 19:30:01",1170,0,warning,[trader_id=8d5c8af5_8ef641a7-815c-4bb5-9
"2026-09-02 19:31:16",1171,0,warning,[trader_id=8d5c8af5_8ef641a7-815c-4bb5-9
"2026-09-02 19:45:16",1185,0,warning,[trader_id=8d5c8af5_8ef641a7-815c-4bb5-9
"2026-09-02 19:47:16",1187,0,warning,[trader_id=8d5c8af5_8ef641a7-815c-4bb5-9
"2026-09-02 19:49:16",1189,0,warning,[trader_id=8d5c8af5_8ef641a7-815c-4bb5-9
"2026-09-02 19:51:16",1191,0,warning,[trader_id=8d5c8af5_8ef641a7-815c-4bb5-9
"2026-09-02 19:53:16",1193,0,warning,[trader_id=8d5c8af5_8ef641a7-815c-4bb5-9
"2026-09-02 19:55:16",1195,0,warning,[trader_id=8d5c8af5_8ef641a7-815c-4bb5-9
"2026-09-02 19:57:16",1197,0,warning,[trader_id=8d5c8af5_8ef641a7-815c-4bb5-9
"2026-09-02 19:59:16",1199,0,warning,[trader_id=8d5c8af5_8ef641a7-815c-4bb5-9
"2026-09-02 20:01:16",1201,0,warning,[trader_id=8d5c8af5_8ef641a7-815c-4bb5-9
"2026-09-02 20:07:16",1207,0,warning,[trader_id=8d5c8af5_8ef641a7-815c-4bb5-9
"2026-09-02 20:09:16",1209,0,warning,[trader_id=8d5c8af5_8ef641a7-815c-4bb5-9
"2026-09-02 20:11:16",1211,0,warning,[trader_id=8d5c8af5_8ef641a7-815c-4bb5-9
"2026-09-02 20:13:16",1213,0,warning,[trader_id=8d5c8af5_8ef641a7-815c-4bb5-9
"2026-09-02 20:15:16",1215,0,warning,[trader_id=8d5c8af5_8ef641a7-815c-4bb5-9
"2026-09-02 20:17:16",1217,0,warning,[trader_id=8d5c8af5_8ef641a7-815c-4bb5-9
"2026-09-02 20:19:16",1219,0,warning,[trader_id=8d5c8af5_8ef641a7-815c-4bb5-9
"2026-09-02 20:21:16",1221,0,warning,[trader_id=8d5c8af5_8ef641a7-815c-4bb5-9
"2026-09-02 20:23:16",1223,0,warning,[trader_id=8d5c8af5_8ef641a7-815c-4bb5-9
"2026-09-02 20:25:16",1225,0,warning,[trader_id=8d5c8af5_8ef641a7-815c-4bb5-9
"2026-09-02 20:27:16",1227,0,warning,[trader_id=8d5c8af5_8ef641a7-815c-4bb5-9
"2026-09-02 20:29:16",1229,0,warning,[trader_id=8d5c8af5_8ef641a7-815c-4bb5-9
"2026-09-02 20:30:01",1230,0,warning,[trader_id=8d5c8af5_8ef641a7-815c-4bb5-9
"2026-09-02 20:31:16",1231,0,warning,[trader_id=8d5c8af5_8ef641a7-815c-4bb5-9
"2026-09-02 20:33:16",1233,0,warning,[trader_id=8d5c8af5_8ef641a7-815c-4bb5-9
"2026-09-02 20:39:16",1239,0,warning,[trader_id=8d5c8af5_8ef641a7-815c-4bb5-9
"2026-09-02 20:40:00",1240,0,warning,[trader_id=8d5c8af5_8ef641a7-815c-4bb5-9
"2026-09-02 20:41:16",1241,0,warning,[trader_id=8d5c8af5_8ef641a7-815c-4bb5-9
"2026-09-02 20:44:28",1244,0,warning,[trader_id=8d5c8af5_8ef641a7-815c-4bb5-9
"2026-09-02 20:45:01",1245,0,warning,[trader_id=8d5c8af5_8ef641a7-815c-4bb5-9
"2026-09-02 20:46:28",1246,0,warning,[trader_id=8d5c8af5_8ef641a7-815c-4bb5-9
"2026-09-02 20:48:28",1248,0,warning,[trader_id=8d5c8af5_8ef641a7-815c-4bb5-9
"2026-09-02 20:50:28",1250,0,warning,[trader_id=8d5c8af5_8ef641a7-815c-4bb5-9
"2026-09-02 20:52:28",1252,0,warning,[trader_id=8d5c8af5_8ef641a7-815c-4bb5-9
"2026-09-02 20:54:28",1254,0,warning,[trader_id=8d5c8af5_8ef641a7-815c-4bb5-9
"2026-09-02 20:55:01",1255,0,warning,[trader_id=8d5c8af5_8ef641a7-815c-4bb5-9
"2026-09-02 20:56:28",1256,0,warning,[trader_id=8d5c8af5_8ef641a7-815c-4bb5-9
"2026-09-02 20:58:28",1258,0,warning,[trader_id=8d5c8af5_8ef641a7-815c-4bb5-9
"2026-09-02 21:00:28",1260,0,warning,[trader_id=8d5c8af5_8ef641a7-815c-4bb5-9
"2026-09-02 21:02:28",1262,0,warning,[trader_id=8d5c8af5_8ef641a7-815c-4bb5-9
"2026-09-02 21:04:28",1264,0,warning,[trader_id=8d5c8af5_8ef641a7-815c-4bb5-9
"2026-09-02 21:05:01",1265,0,warning,[trader_id=8d5c8af5_8ef641a7-815c-4bb5-9
"2026-09-02 21:06:28",1266,0,warning,[trader_id=8d5c8af5_8ef641a7-815c-4bb5-9
"2026-09-02 21:08:28",1268,0,warning,[trader_id=8d5c8af5_8ef641a7-815c-4bb5-9
"2026-09-02 21:10:28",1270,0,warning,[trader_id=8d5c8af5_8ef641a7-815c-4bb5-9
"2026-09-02 21:12:28",1272,0,warning,[trader_id=8d5c8af5_8ef641a7-815c-4bb5-9
"2026-09-02 21:14:28",1274,0,warning,[trader_id=8d5c8af5_8ef641a7-815c-4bb5-9
"2026-09-02 21:15:00",1275,0,warning,[trader_id=8d5c8af5_8ef641a7-815c-4bb5-9
"2026-09-02 21:16:28",1276,0,warning,[trader_id=8d5c8af5_8ef641a7-815c-4bb5-9
"2026-09-02 21:18:28",1278,0,warning,[trader_id=8d5c8af5_8ef641a7-815c-4bb5-9
"2026-09-02 21:21:21",1281,0,warning,[trader_id=8d5c8af5_8ef641a7-815c-4bb5-9
"2026-09-02 21:30:00",1290,0,warning,[trader_id=8d5c8af5_8ef641a7-815c-4bb5-9
"2026-09-02 21:31:21",1291,0,warning,[trader_id=8d5c8af5_8ef641a7-815c-4bb5-9
"2026-09-02 21:34:52",1294,0,warning,[trader_id=8d5c8af5_8ef641a7-815c-4bb5-9
"2026-09-02 21:45:01",1305,0,warning,[trader_id=8d5c8af5_8ef641a7-815c-4bb5-9
"2026-09-02 21:46:51",1306,0,warning,[trader_id=8d5c8af5_8ef641a7-815c-4bb5-9
"2026-09-02 21:48:51",1308,0,warning,[trader_id=8d5c8af5_8ef641a7-815c-4bb5-9
"2026-09-02 21:50:51",1310,0,warning,[trader_id=8d5c8af5_8ef641a7-815c-4bb5-9
"2026-09-02 21:52:51",1312,0,warning,[trader_id=8d5c8af5_8ef641a7-815c-4bb5-9
"2026-09-02 21:54:51",1314,0,warning,[trader_id=8d5c8af5_8ef641a7-815c-4bb5-9
"2026-09-02 21:55:01",1315,0,warning,[trader_id=8d5c8af5_8ef641a7-815c-4bb5-9
"2026-09-02 21:56:51",1316,0,warning,[trader_id=8d5c8af5_8ef641a7-815c-4bb5-9
"2026-09-02 21:58:51",1318,0,warning,[trader_id=8d5c8af5_8ef641a7-815c-4bb5-9
"2026-09-02 22:00:51",1320,0,warning,[trader_id=8d5c8af5_8ef641a7-815c-4bb5-9
"2026-09-02 22:02:51",1322,0,warning,[trader_id=8d5c8af5_8ef641a7-815c-4bb5-9
"2026-09-02 22:04:51",1324,0,warning,[trader_id=8d5c8af5_8ef641a7-815c-4bb5-9
"2026-09-02 22:12:51",1332,0,warning,[trader_id=8d5c8af5_8ef641a7-815c-4bb5-9
"2026-09-02 22:14:51",1334,0,warning,[trader_id=8d5c8af5_8ef641a7-815c-4bb5-9
"2026-09-02 22:15:01",1335,0,warning,[trader_id=8d5c8af5_8ef641a7-815c-4bb5-9
"2026-09-02 22:16:51",1336,0,warning,[trader_id=8d5c8af5_8ef641a7-815c-4bb5-9
"2026-09-02 22:18:51",1338,0,warning,[trader_id=8d5c8af5_8ef641a7-815c-4bb5-9
"2026-09-02 22:20:51",1340,0,warning,[trader_id=8d5c8af5_8ef641a7-815c-4bb5-9
"2026-09-02 22:22:51",1342,0,warning,[trader_id=8d5c8af5_8ef641a7-815c-4bb5-9
"2026-09-02 22:24:51",1344,0,warning,[trader_id=8d5c8af5_8ef641a7-815c-4bb5-9
"2026-09-02 22:25:01",1345,0,warning,[trader_id=8d5c8af5_8ef641a7-815c-4bb5-9
"2026-09-02 22:26:51",1346,0,warning,[trader_id=8d5c8af5_8ef641a7-815c-4bb5-9
"2026-09-02 22:28:51",1348,0,warning,[trader_id=8d5c8af5_8ef641a7-815c-4bb5-9
"2026-09-03 00:00:56",0,0,warning,[trader_id=8d5c8af5_8ef641a7-815c-4bb5-9
"2026-09-03 00:08:56",8,0,warning,[trader_id=8d5c8af5_8ef641a7-815c-4bb5-9
"2026-09-03 00:10:56",10,0,warning,[trader_id=8d5c8af5_8ef641a7-815c-4bb5-9
"2026-09-03 00:12:56",12,0,warning,[trader_id=8d5c8af5_8ef641a7-815c-4bb5-9
"2026-09-03 00:14:56",14,0,warning,[trader_id=8d5c8af5_8ef641a7-815c-4bb5-9
"2026-09-03 00:15:01",15,0,warning,[trader_id=8d5c8af5_8ef641a7-815c-4bb5-9
"2026-09-03 00:16:56",16,0,warning,[trader_id=8d5c8af5_8ef641a7-815c-4bb5-9
"2026-09-03 00:18:56",18,0,warning,[trader_id=8d5c8af5_8ef641a7-815c-4bb5-9
"2026-09-03 00:20:56",20,0,warning,[trader_id=8d5c8af5_8ef641a7-815c-4bb5-9
"2026-09-03 00:22:56",22,0,warning,[trader_id=8d5c8af5_8ef641a7-815c-4bb5-9
"2026-09-03 00:24:56",24,0,warning,[trader_id=8d5c8af5_8ef641a7-815c-4bb5-9
"2026-09-03 00:25:01",25,0,warning,[trader_id=8d5c8af5_8ef641a7-815c-4bb5-9
"2026-09-03 00:26:56",26,0,warning,[trader_id=8d5c8af5_8ef641a7-815c-4bb5-9
"2026-09-03 00:28:56",28,0,warning,[trader_id=8d5c8af5_8ef641a7-815c-4bb5-9
"2026-09-03 00:30:56",30,0,warning,[trader_id=8d5c8af5_8ef641a7-815c-4bb5-9
"2026-09-03 08:06:54",486,0,warning,[trader_id=8d5c8af5_8ef641a7-815c-4bb5-9
"2026-09-03 08:06:54",486,0,warning,[trader_id=8d5c8af5_8ef641a7-815c-4bb5-9
"2026-09-03 08:08:54",488,0,warning,[trader_id=8d5c8af5_8ef641a7-815c-4bb5-9
"2026-09-03 08:10:54",490,0,warning,[trader_id=8d5c8af5_8ef641a7-815c-4bb5-9
"2026-09-03 08:12:54",492,0,warning,[trader_id=8d5c8af5_8ef641a7-815c-4bb5-9
"2026-09-03 08:14:54",494,0,warning,[trader_id=8d5c8af5_8ef641a7-815c-4bb5-9
"2026-09-03 08:15:01",495,0,warning,[trader_id=8d5c8af5_8ef641a7-815c-4bb5-9
"2026-09-03 08:16:54",496,0,warning,[trader_id=8d5c8af5_8ef641a7-815c-4bb5-9
"2026-09-03 08:16:54",496,0,warning,[trader_id=8d5c8af5_8ef641a7-815c-4bb5-9
"2026-09-03 08:18:54",498,0,warning,[trader_id=8d5c8af5_8ef641a7-815c-4bb5-9
"2026-09-03 08:18:54",498,0,warning,[trader_id=8d5c8af5_8ef641a7-815c-4bb5-9
"2026-09-03 08:20:54",500,0,warning,[trader_id=8d5c8af5_8ef641a7-815c-4bb5-9
"2026-09-03 08:20:54",500,0,warning,[trader_id=8d5c8af5_8ef641a7-815c-4bb5-9
"2026-09-03 08:22:54",502,0,warning,[trader_id=8d5c8af5_8ef641a7-815c-4bb5-9
"2026-09-03 08:22:54",502,0,warning,[trader_id=8d5c8af5_8ef641a7-815c-4bb5-9
"2026-09-03 08:24:54",504,0,warning,[trader_id=8d5c8af5_8ef641a7-815c-4bb5-9
"2026-09-03 08:24:54",504,0,warning,[trader_id=8d5c8af5_8ef641a7-815c-4bb5-9
"2026-09-03 08:25:01",505,0,warning,[trader_id=8d5c8af5_8ef641a7-815c-4bb5-9
"2026-09-03 08:25:01",505,0,warning,[trader_id=8d5c8af5_8ef641a7-815c-4bb5-9
"2026-09-03 08:26:54",506,0,warning,[trader_id=8d5c8af5_8ef641a7-815c-4bb5-9
"2026-09-03 08:26:54",506,0,warning,[trader_id=8d5c8af5_8ef641a7-815c-4bb5-9
"2026-09-03 08:28:54",508,0,warning,[trader_id=8d5c8af5_8ef641a7-815c-4bb5-9
"2026-09-03 08:28:54",508,0,warning,[trader_id=8d5c8af5_8ef641a7-815c-4bb5-9
"2026-09-03 08:30:54",510,0,warning,[trader_id=8d5c8af5_8ef641a7-815c-4bb5-9
"2026-09-03 08:32:54",512,0,warning,[trader_id=8d5c8af5_8ef641a7-815c-4bb5-9
"2026-09-03 08:35:19",515,0,warning,[trader_id=8d5c8af5_8ef641a7-815c-4bb5-9
"2026-09-03 08:36:54",516,0,warning,[trader_id=8d5c8af5_8ef641a7-815c-4bb5-9
"2026-09-03 08:46:54",526,0,warning,[trader_id=8d5c8af5_8ef641a7-815c-4bb5-9
"2026-09-03 08:48:54",528,0,warning,[trader_id=8d5c8af5_8ef641a7-815c-4bb5-9
"2026-09-03 08:50:54",530,0,warning,[trader_id=8d5c8af5_8ef641a7-815c-4bb5-9
"2026-09-03 08:52:54",532,0,warning,[trader_id=8d5c8af5_8ef641a7-815c-4bb5-9
"2026-09-03 08:54:54",534,0,warning,[trader_id=8d5c8af5_8ef641a7-815c-4bb5-9
"2026-09-03 08:55:01",535,0,warning,[trader_id=8d5c8af5_8ef641a7-815c-4bb5-9
"2026-09-03 08:56:54",536,0,warning,[trader_id=8d5c8af5_8ef641a7-815c-4bb5-9
"2026-09-03 08:58:54",538,0,warning,[trader_id=8d5c8af5_8ef641a7-815c-4bb5-9
"2026-09-03 09:00:54",540,0,warning,[trader_id=8d5c8af5_8ef641a7-815c-4bb5-9
"2026-09-03 09:02:54",542,0,warning,[trader_id=8d5c8af5_8ef641a7-815c-4bb5-9
"2026-09-03 09:05:35",545,0,warning,[trader_id=8d5c8af5_8ef641a7-815c-4bb5-9
"2026-09-03 09:06:54",546,0,warning,[trader_id=8d5c8af5_8ef641a7-815c-4bb5-9
"2026-09-03 09:15:01",555,0,warning,[trader_id=8d5c8af5_8ef641a7-815c-4bb5-9
"2026-09-03 09:16:54",556,0,warning,[trader_id=8d5c8af5_8ef641a7-815c-4bb5-9
"2026-09-03 09:18:54",558,0,warning,[trader_id=8d5c8af5_8ef641a7-815c-4bb5-9
"2026-09-03 09:20:47",560,0,warning,[trader_id=8d5c8af5_8ef641a7-815c-4bb5-9
"2026-09-03 09:21:28",561,0,warning,[trader_id=8d5c8af5_8ef641a7-815c-4bb5-9
"2026-09-03 09:22:54",562,0,warning,[trader_id=8d5c8af5_8ef641a7-815c-4bb5-9
"2026-09-03 09:24:54",564,0,warning,[trader_id=8d5c8af5_8ef641a7-815c-4bb5-9
"2026-09-03 09:25:01",565,0,warning,[trader_id=8d5c8af5_8ef641a7-815c-4bb5-9
"2026-09-03 09:26:54",566,0,warning,[trader_id=8d5c8af5_8ef641a7-815c-4bb5-9
"2026-09-03 09:28:54",568,0,warning,[trader_id=8d5c8af5_8ef641a7-815c-4bb5-9
"2026-09-03 09:30:54",570,0,warning,[trader_id=8d5c8af5_8ef641a7-815c-4bb5-9
"2026-09-03 09:32:54",572,0,warning,[trader_id=8d5c8af5_8ef641a7-815c-4bb5-9
"2026-09-03 09:34:54",574,0,warning,[trader_id=8d5c8af5_8ef641a7-815c-4bb5-9
"2026-09-03 09:35:01",575,0,warning,[trader_id=8d5c8af5_8ef641a7-815c-4bb5-9
"2026-09-03 09:36:54",576,0,warning,[trader_id=8d5c8af5_8ef641a7-815c-4bb5-9
"2026-09-03 09:38:54",578,0,warning,[trader_id=8d5c8af5_8ef641a7-815c-4bb5-9
"2026-09-03 09:44:54",584,0,warning,[trader_id=8d5c8af5_8ef641a7-815c-4bb5-9
"2026-09-03 09:45:01",585,0,warning,[trader_id=8d5c8af5_8ef641a7-815c-4bb5-9
"2026-09-03 09:46:54",586,0,warning,[trader_id=8d5c8af5_8ef641a7-815c-4bb5-9
"2026-09-03 09:48:54",588,0,warning,[trader_id=8d5c8af5_8ef641a7-815c-4bb5-9
"2026-09-03 09:50:54",590,0,warning,[trader_id=8d5c8af5_8ef641a7-815c-4bb5-9
"2026-09-03 09:52:54",592,0,warning,[trader_id=8d5c8af5_8ef641a7-815c-4bb5-9
"2026-09-03 09:54:54",594,0,warning,[trader_id=8d5c8af5_8ef641a7-815c-4bb5-9
"2026-09-03 09:55:01",595,0,warning,[trader_id=8d5c8af5_8ef641a7-815c-4bb5-9
"2026-09-03 09:56:54",596,0,warning,[trader_id=8d5c8af5_8ef641a7-815c-4bb5-9
"2026-09-03 09:58:54",598,0,warning,[trader_id=8d5c8af5_8ef641a7-815c-4bb5-9
"2026-09-03 10:00:54",600,0,warning,[trader_id=8d5c8af5_8ef641a7-815c-4bb5-9
"2026-09-03 10:02:54",602,0,warning,[trader_id=8d5c8af5_8ef641a7-815c-4bb5-9
"2026-09-03 10:04:54",604,0,warning,[trader_id=8d5c8af5_8ef641a7-815c-4bb5-9
"2026-09-03 10:05:01",605,0,warning,[trader_id=8d5c8af5_8ef641a7-815c-4bb5-9
"2026-09-03 10:06:54",606,0,warning,[trader_id=8d5c8af5_8ef641a7-815c-4bb5-9
"2026-09-03 10:08:54",608,0,warning,[trader_id=8d5c8af5_8ef641a7-815c-4bb5-9
"2026-09-03 10:10:54",610,0,warning,[trader_id=8d5c8af5_8ef641a7-815c-4bb5-9
"2026-09-03 10:45:01",645,0,warning,[trader_id=8d5c8af5_8ef641a7-815c-4bb5-9
"2026-09-03 11:00:29",660,0,warning,[trader_id=8d5c8af5_8ef641a7-815c-4bb5-9
"2026-09-03 11:02:29",662,0,warning,[trader_id=8d5c8af5_8ef641a7-815c-4bb5-9
"2026-09-03 11:04:29",664,0,warning,[trader_id=8d5c8af5_8ef641a7-815c-4bb5-9
"2026-09-03 11:05:00",665,0,warning,[trader_id=8d5c8af5_8ef641a7-815c-4bb5-9
"2026-09-03 11:06:29",666,0,warning,[trader_id=8d5c8af5_8ef641a7-815c-4bb5-9
"2026-09-03 11:08:29",668,0,warning,[trader_id=8d5c8af5_8ef641a7-815c-4bb5-9
"2026-09-03 11:20:33",680,0,warning,[trader_id=8d5c8af5_8ef641a7-815c-4bb5-9
"2026-09-03 18:00:24",1080,0,warning,[trader_id=8d5c8af5_8ef641a7-815c-4bb5-9
"2026-09-03 18:10:56",1090,0,warning,[trader_id=8d5c8af5_8ef641a7-815c-4bb5-9
"2026-09-03 18:30:57",1110,0,warning,[trader_id=8d5c8af5_8ef641a7-815c-4bb5-9
"2026-09-03 18:32:57",1112,0,warning,[trader_id=8d5c8af5_8ef641a7-815c-4bb5-9
"2026-09-03 18:34:57",1114,0,warning,[trader_id=8d5c8af5_8ef641a7-815c-4bb5-9
"2026-09-03 18:35:01",1115,0,warning,[trader_id=8d5c8af5_8ef641a7-815c-4bb5-9
"2026-09-03 18:37:09",1117,0,warning,[trader_id=8d5c8af5_8ef641a7-815c-4bb5-9
"2026-09-03 18:39:09",1119,0,warning,[trader_id=8d5c8af5_8ef641a7-815c-4bb5-9
"2026-09-03 18:41:09",1121,0,warning,[trader_id=8d5c8af5_8ef641a7-815c-4bb5-9
"2026-09-03 18:49:09",1129,0,warning,[trader_id=8d5c8af5_8ef641a7-815c-4bb5-9
"2026-09-03 18:51:09",1131,0,warning,[trader_id=8d5c8af5_8ef641a7-815c-4bb5-9
"2026-09-03 18:53:09",1133,0,warning,[trader_id=8d5c8af5_8ef641a7-815c-4bb5-9
"2026-09-03 18:55:09",1135,0,warning,[trader_id=8d5c8af5_8ef641a7-815c-4bb5-9
"2026-09-03 18:57:09",1137,0,warning,[trader_id=8d5c8af5_8ef641a7-815c-4bb5-9
"2026-09-03 18:59:09",1139,0,warning,[trader_id=8d5c8af5_8ef641a7-815c-4bb5-9
"2026-09-03 19:01:09",1141,0,warning,[trader_id=8d5c8af5_8ef641a7-815c-4bb5-9
"2026-09-03 19:03:09",1143,0,warning,[trader_id=8d5c8af5_8ef641a7-815c-4bb5-9
"2026-09-03 19:05:09",1145,0,warning,[trader_id=8d5c8af5_8ef641a7-815c-4bb5-9
"2026-09-03 19:18:06",1158,0,warning,[trader_id=8d5c8af5_8ef641a7-815c-4bb5-9
"2026-09-03 19:30:06",1170,0,warning,[trader_id=8d5c8af5_8ef641a7-815c-4bb5-9
"2026-09-03 19:32:05",1172,0,warning,[trader_id=8d5c8af5_8ef641a7-815c-4bb5-9
"2026-09-03 19:34:05",1174,0,warning,[trader_id=8d5c8af5_8ef641a7-815c-4bb5-9
"2026-09-03 19:36:05",1176,0,warning,[trader_id=8d5c8af5_8ef641a7-815c-4bb5-9
"2026-09-03 19:38:05",1178,0,warning,[trader_id=8d5c8af5_8ef641a7-815c-4bb5-9
"2026-09-03 19:40:05",1180,0,warning,[trader_id=8d5c8af5_8ef641a7-815c-4bb5-9
"2026-09-03 19:42:05",1182,0,warning,[trader_id=8d5c8af5_8ef641a7-815c-4bb5-9
"2026-09-03 19:44:05",1184,0,warning,[trader_id=8d5c8af5_8ef641a7-815c-4bb5-9
"2026-09-03 19:46:05",1186,0,warning,[trader_id=8d5c8af5_8ef641a7-815c-4bb5-9
"2026-09-03 19:48:05",1188,0,warning,[trader_id=8d5c8af5_8ef641a7-815c-4bb5-9
"2026-09-03 19:50:05",1190,0,warning,[trader_id=8d5c8af5_8ef641a7-815c-4bb5-9
"2026-09-03 19:54:04",1194,0,warning,[trader_id=8d5c8af5_8ef641a7-815c-4bb5-9
"2026-09-03 19:56:04",1196,0,warning,[trader_id=8d5c8af5_8ef641a7-815c-4bb5-9
"2026-09-03 19:58:04",1198,0,warning,[trader_id=8d5c8af5_8ef641a7-815c-4bb5-9
"2026-09-03 20:00:04",1200,0,warning,[trader_id=8d5c8af5_8ef641a7-815c-4bb5-9
"2026-09-03 20:02:04",1202,0,warning,[trader_id=8d5c8af5_8ef641a7-815c-4bb5-9
"2026-09-03 20:04:04",1204,0,warning,[trader_id=8d5c8af5_8ef641a7-815c-4bb5-9
"2026-09-03 20:06:04",1206,0,warning,[trader_id=8d5c8af5_8ef641a7-815c-4bb5-9
"2026-09-03 20:08:04",1208,0,warning,[trader_id=8d5c8af5_8ef641a7-815c-4bb5-9
"2026-09-03 20:10:04",1210,0,warning,[trader_id=8d5c8af5_8ef641a7-815c-4bb5-9
"2026-09-03 20:12:04",1212,0,warning,[trader_id=8d5c8af5_8ef641a7-815c-4bb5-9
"2026-09-03 20:14:04",1214,0,warning,[trader_id=8d5c8af5_8ef641a7-815c-4bb5-9
"2026-09-03 20:16:04",1216,0,warning,[trader_id=8d5c8af5_8ef641a7-815c-4bb5-9
"2026-09-03 20:18:04",1218,0,warning,[trader_id=8d5c8af5_8ef641a7-815c-4bb5-9
"2026-09-03 20:20:03",1220,0,warning,[trader_id=8d5c8af5_8ef641a7-815c-4bb5-9
"2026-09-03 20:24:03",1224,0,warning,[trader_id=8d5c8af5_8ef641a7-815c-4bb5-9
"2026-09-03 20:30:03",1230,0,warning,[trader_id=8d5c8af5_8ef641a7-815c-4bb5-9
"2026-09-03 20:32:02",1232,0,warning,[trader_id=8d5c8af5_8ef641a7-815c-4bb5-9
