t0,session,day,label,fam,grade,mgrade,instr,px,first,n_eps,hold,brk,amb,dist,mfe1,mae1
1787091182000,ASIA,2026-08-18,IB-L,IB*,A,,sell breakdown,29568.25,hold,6,3,1,2,56.75,17.75,-30.0
1787091182000,ASIA,2026-08-18,ONH,ONH,A,,buy reclaim,29582.5,hold,8,5,3,0,42.5,0.0,-27.25
1787091182000,ASIA,2026-08-18,EQL,EQL,A,,sell breakdown,29564.5,hold,8,3,3,2,60.5,14.0,-33.75
1787091182000,ASIA,2026-08-18,ONL,ONL,A,,cover short,29551.5,hold,13,3,5,5,73.5,0.0,-30.0
1787091182000,ASIA,2026-08-18,OR-L,OR-L,A,,sell rejection,29644.5,break,2,0,2,0,19.5,21.75,-16.75
1787091182000,ASIA,2026-08-18,OR-H,OR-H,A,,target,29755.0,untouched,0,0,0,0,130.0,0,0
1787091182000,ASIA,2026-08-18,PDC,PDC,A,,target,29919.0,untouched,0,0,0,0,294.0,0,0
1787091182000,ASIA,2026-08-18,RTH-L,RTH-L,A,,target,30079.0,untouched,0,0,0,0,454.0,0,0
1787102739000,ASIA,2026-08-18,EQH,EQH,A,,break trigger,29586.25,hold,8,5,3,0,38.75,0.0,-23.5
1787102739000,ASIA,2026-08-18,EQH,EQH,A,,breakdown,29582.5,hold,8,5,3,0,42.5,0.0,-27.25
1787102739000,ASIA,2026-08-18,ONH,ONH,A,,fade,29602.0,ambiguous_horizon,6,1,3,2,23.0,22.25,-22.0
1787102739000,ASIA,2026-08-18,ONL,ONL,A,,target,29441.0,untouched,0,0,0,0,184.0,0,0
1787102739000,ASIA,2026-08-18,PDL,PDL,A,,target,29853.0,untouched,0,0,0,0,228.0,0,0
1787121004000,ASIA,2026-08-18,EQH,EQH,A,,monitor,29478.25,untouched,0,0,0,0,146.75,0,0
1787121004000,ASIA,2026-08-18,PDC,PDC,A,,monitor,29496.25,hold,3,3,0,0,128.75,0.0,-29.5
1787121004000,ASIA,2026-08-18,RTH-L,RTH-L,A,,monitor,29514.0,hold,6,2,4,0,111.0,3.75,-29.0
1787121004000,ASIA,2026-08-18,PDL,PDL,A,,monitor,29441.0,untouched,0,0,0,0,184.0,0,0
1787121004000,ASIA,2026-08-18,ONL,ONL,A,,monitor,29430.25,untouched,0,0,0,0,194.75,0,0
1787121004000,ASIA,2026-08-18,ONH,ONH,A,,monitor,29609.75,break,7,3,2,2,15.25,27.25,0.0
1787121004000,ASIA,2026-08-18,RTH-H,RTH-H,A,,monitor,29770.0,untouched,0,0,0,0,145.0,0,0
1787121004000,ASIA,2026-08-18,PDH,PDH,A,,monitor,29920.0,untouched,0,0,0,0,295.0,0,0
1787122700000,LONDON,2026-08-19,EQH,EQH,A,,reject_reclaim,29552.5,hold,13,4,5,4,72.5,0.0,-29.0
1787122700000,LONDON,2026-08-19,PDH,PDH,A,,target,29919.25,untouched,0,0,0,0,294.25,0,0
1787122700000,LONDON,2026-08-19,PDC,PDC,A,,target,29505.75,hold,3,2,0,1,119.25,7.0,-30.5
1787124754000,LONDON,2026-08-19,EQH,EQH,A,,short trigger on 5m close below; support while above,29555.0,hold,11,4,3,4,70.0,4.5,-26.5
1787127620000,LONDON,2026-08-19,ONH,ONH,A,,short trigger / fade first touch,29641.25,ambiguous_horizon,2,0,1,1,16.25,12.5,-13.5
1787127620000,LONDON,2026-08-19,EQL,EQL,A,,first short target / dip-buy zone,29554.5,hold,11,4,3,4,70.5,4.0,-27.0
1787146181000,NY,2026-08-19,ONH,ONH,A,,reclaim trigger,29759.0,untouched,0,0,0,0,134.0,0,0
1787146181000,NY,2026-08-19,EQH,EQH,A,,support/reclaim,29584.5,hold,8,5,3,0,40.5,0.0,-25.25
1787148248000,NY,2026-08-19,EQL,EQL,A,,pivot; watch acceptance above/below,29496.25,hold,3,3,0,0,128.75,0.0,-29.5
1787148248000,NY,2026-08-19,OR-H,OR-H,A,,long target,29742.0,untouched,0,0,0,0,117.0,0,0
1787151067000,NY,2026-08-19,OR-L,OR-L,A,,fade on rejection; flip long on 15m close above,29648.25,ambiguous_horizon,2,0,1,1,23.25,19.0,-20.5
1787176961000,ASIA,2026-08-19,nPOC,nPOC,A,,reclaim for longs / lose for shorts,29553.12,break,3,1,1,1,58.13000000000102,25.11999999999898,-24.88000000000102
1787176961000,ASIA,2026-08-19,RTH-L,RTH-L,A,,take short target / watch break,29514.0,break,9,6,3,0,97.25,32.25,-5.75
1787176961000,ASIA,2026-08-19,PDC,PDC,A,,take short target on sweep,29505.75,break,4,1,3,0,105.5,24.0,-8.75
1787176961000,ASIA,2026-08-19,PDL,PDL,A,,final short target / fail below,29441.0,break,6,5,1,0,170.25,21.0,-17.25
1787176961000,ASIA,2026-08-19,OR-L,OR-L,A,,reject shorts / reclaim longs,29648.25,break,20,7,4,9,37.0,40.25,-16.0
1787176961000,ASIA,2026-08-19,OR-H,OR-H,A,,take long target / plan death above,29742.0,untouched,0,0,0,0,130.75,0,0
1787176961000,ASIA,2026-08-19,RTH-H,RTH-H,A,,long continuation target,29770.0,untouched,0,0,0,0,158.75,0,0
1787176961000,ASIA,2026-08-19,PDH,PDH,A,,final long target,29785.5,untouched,0,0,0,0,174.25,0,0
1787185272000,ASIA,2026-08-19,ONH,ONH,A,,fade,29688.5,untouched,0,0,0,0,39.5,0,0
1787185272000,ASIA,2026-08-19,ONL,ONL,A,,break,29554.75,break,3,1,1,1,94.25,26.75,-23.25
1787185272000,ASIA,2026-08-19,PDH,PDH,A,,target,29770.0,untouched,0,0,0,0,121.0,0,0
1787209174000,LONDON,2026-08-20,RTH-H,RTH-H,A,,upside target,29742.0,untouched,0,0,0,0,89.25,0,0
1787209174000,LONDON,2026-08-20,PDH,PDH,A,,upside target,29759.0,untouched,0,0,0,0,106.25,0,0
1787209174000,LONDON,2026-08-20,PDC,PDC,A,,support / short pivot,29617.0,ambiguous_horizon,3,0,1,2,35.75,21.25,-17.75
1787209174000,LONDON,2026-08-20,EQH,EQH,A,,balance floor target,29545.25,break,8,3,4,1,107.5,25.25,0.0
1787209174000,LONDON,2026-08-20,EQH,EQH,A,,lower balance floor / final target,29541.5,ambiguous_horizon,9,4,3,2,111.25,26.25,-7.5
1787209174000,LONDON,2026-08-20,PDL,PDL,A,,deep support / trend-break line,29375.75,hold,17,7,9,1,277.0,0.0,-21.25
1787214142000,LONDON,2026-08-20,EQH,EQH,A,,initial lower-high rejection trigger,29557.5,ambiguous_horizon,2,1,0,1,39.75,2.75,-17.75
1787214142000,LONDON,2026-08-20,EQL,EQL,A,,"auction pivot: below opens onl, above retests eqh",29534.5,hold,8,3,2,3,16.75,9.25,-23.5
1787214142000,LONDON,2026-08-20,ONL,ONL,A,,breakdown trigger; loss opens pdl target,29515.25,hold,7,5,2,0,2.5,11.0,-49.0
1787232489000,NY,2026-08-20,RTH-L,RTH-L,A,,"fulcrum—shorts below, longs on 15m reclaim",29375.75,break,15,6,8,1,25.25,58.0,-34.0
1787232489000,NY,2026-08-20,RN 29275,RN,A,,breakdown trigger,29275.0,hold,5,2,1,2,75.5,5.75,-29.5
1787232489000,NY,2026-08-20,EQL,EQL,A,,first downside target,29263.5,break,3,1,2,0,87.0,24.5,-5.5
1787232489000,NY,2026-08-20,ONL,ONL,A,,final downside target,29240.25,break,3,0,1,2,110.25,24.75,-8.25
1787233672000,NY,2026-08-20,OR-L,OR-L,A,,target/cover,29338.5,hold,16,11,5,0,30.25,29.25,-30.25
1787233672000,NY,2026-08-20,OR-H,OR-H,A,,breakdown trigger / short below,29433.75,hold,2,2,0,0,65.0,0.0,-53.0
1787263444000,ASIA,2026-08-20,ONL,ONL,A,,pivot: sell acceptance below; cover on reclaim,29323.0,ambiguous_horizon,17,7,5,5,39.25,2.5,-6.75
1787263444000,ASIA,2026-08-20,OR-L,OR-L,A,,fade rejection; flip long on 2x5m close above,29338.5,break,15,5,5,5,54.75,26.5,-22.25
1787263444000,ASIA,2026-08-20,EQL,EQL,A,,short target,29309.25,ambiguous_horizon,12,7,1,4,25.5,17.0,-1.5
1787263444000,ASIA,2026-08-20,EQH,EQH,A,,short target,29306.0,ambiguous_horizon,11,5,3,3,22.25,3.0,-20.75
1787263444000,ASIA,2026-08-20,ONH,ONH,A,,resistance / invalidation,29345.25,ambiguous_horizon,16,6,3,7,61.5,19.75,-23.5
1787263444000,ASIA,2026-08-20,PDL,PDL,A,,resistance / long target,29375.75,ambiguous_horizon,18,5,3,10,92.0,19.25,-9.25
1787263444000,ASIA,2026-08-20,OR-H,OR-H,A,,long target,29433.75,break,13,4,5,4,150.0,22.25,-16.75
1787263444000,ASIA,2026-08-20,PDC,PDC,A,,far target,29617.0,untouched,0,0,0,0,333.25,0,0
1787271585000,ASIA,2026-08-20,ONH,ONH,A,,fade first touch / lower-high pivot,29365.0,hold,15,3,2,10,31.25,8.0,-22.25
1787271585000,ASIA,2026-08-20,RTH-H,RTH-H,A,,far upside target,29742.0,untouched,0,0,0,0,408.25,0,0
1787271585000,ASIA,2026-08-20,PDH,PDH,A,,far upside target,29748.25,untouched,0,0,0,0,414.5,0,0
1787271585000,ASIA,2026-08-20,EQL,EQL,A,,support target,29334.25,break,15,6,6,3,0.5,21.5,0.0
1787271585000,ASIA,2026-08-20,ONL,ONL,A,,liquidation target,29273.5,hold,8,6,2,0,60.25,0.0,-46.75
1787279620000,ASIA,2026-08-20,ONH,ONH,A,,fade,29395.0,ambiguous_horizon,19,5,4,10,3.5,2.75,-19.0
1787279620000,ASIA,2026-08-20,PDL,PDL,A,,fade,29485.0,break,11,5,3,3,93.5,23.25,-6.75
1787279620000,ASIA,2026-08-20,RTH-L,RTH-L,A,,fade,29491.75,break,7,0,4,3,100.25,23.25,-7.5
1787279620000,ASIA,2026-08-20,RTH-H,RTH-H,A,,watch,29667.25,untouched,0,0,0,0,275.75,0,0
1787279620000,ASIA,2026-08-20,EQH,EQH,A,,target,29331.0,ambiguous_horizon,6,3,2,1,60.5,9.75,-7.75
1787295787000,LONDON,2026-08-21,PDH,PDH,A,,upside target,29686.75,untouched,0,0,0,0,282.75,0,0
1787295787000,LONDON,2026-08-21,RTH-H,RTH-H,A,,death line / upside fade,29470.25,ambiguous_horizon,8,5,1,2,66.25,20.75,-5.5
1787295787000,LONDON,2026-08-21,ONH,ONH,A,,rejection / flip line,29402.25,hold,13,2,4,7,1.75,11.75,-21.5
1787295787000,LONDON,2026-08-21,PDC,PDC,A,,breakdown / reclaim line,29358.25,break,7,3,2,2,45.75,39.0,-30.5
1787295787000,LONDON,2026-08-21,EQH,EQH,A,,long reclaim trigger,29346.0,break,4,1,1,2,58.0,33.75,-27.25
1787295787000,LONDON,2026-08-21,EQL,EQL,A,,sweep / short target,29341.75,break,5,3,2,0,62.25,29.5,-19.75
1787295787000,LONDON,2026-08-21,PDL,PDL,A,,downside target,29202.5,untouched,0,0,0,0,201.5,0,0
1787296635000,LONDON,2026-08-21,ONH,ONH,A,,fade reject or follow reclaim,29415.5,ambiguous_horizon,10,3,4,3,14.5,10.5,-14.75
1787296635000,LONDON,2026-08-21,EQL,EQL,A,,pdc confluence support,29353.75,break,5,1,2,2,76.25,41.5,-19.5
1787305747000,LONDON,2026-08-21,ONH,ONH,A,,breakout trigger/rejection,29483.25,break,11,4,3,4,3.75,25.0,-5.0
1787305747000,LONDON,2026-08-21,EQH,EQH,A,,support/invalidation,29342.0,break,5,3,2,0,137.5,29.75,-19.5
1787305747000,LONDON,2026-08-21,EQL,EQL,A,,target/partial,29638.5,untouched,0,0,0,0,159.0,0,0
1787318567000,LONDON,2026-08-21,ONH,ONH,A,,offer / long target,29539.75,untouched,0,0,0,0,91.75,0,0
1787523116000,ASIA,2026-08-23,EQL,EQL,A,,monitor,29319.25,hold,3,1,1,1,6.0,5.75,-18.75
1787523116000,ASIA,2026-08-23,ONL,ONL,A,,monitor,29302.25,hold,5,4,0,1,23.0,1.25,-22.75
1787523116000,ASIA,2026-08-23,EQL,EQL,A,,monitor,29348.5,break,8,4,4,0,23.25,27.5,0.0
1787523116000,ASIA,2026-08-23,PDC,PDC,A,,monitor,29370.0,break,10,5,3,2,44.75,29.75,-2.0
1787523116000,ASIA,2026-08-23,ONH,ONH,A,,monitor,29409.0,break,6,2,4,0,83.75,19.75,-9.0
1787523116000,ASIA,2026-08-23,PDL,PDL,A,,monitor,29220.25,hold,16,8,2,6,105.0,10.0,-29.75
1787523116000,ASIA,2026-08-23,RTH-H,RTH-H,A,,monitor,29488.5,untouched,0,0,0,0,163.25,0,0
1787523116000,ASIA,2026-08-23,PDH,PDH,A,,monitor,29539.75,untouched,0,0,0,0,214.5,0,0
1787527631000,ASIA,2026-08-23,ONH,ONH,A,,monitor,29428.75,ambiguous_horizon,7,2,3,2,2.5,19.0,-5.0
1787527631000,ASIA,2026-08-23,EQL,EQL,A,,monitor,29335.25,hold,5,2,3,0,91.0,0.0,-24.0
1787527631000,ASIA,2026-08-23,EQL,EQL,A,,monitor,29321.25,ambiguous_horizon,2,0,1,1,105.0,20.75,-16.25
1787529190000,ASIA,2026-08-23,ONH,ONH,A,,monitor,29480.5,untouched,0,0,0,0,23.5,0,0
1787529190000,ASIA,2026-08-23,EQL,EQL,A,,monitor,29353.75,hold,6,2,1,3,103.25,0.0,-26.5
1787543819000,ASIA,2026-08-23,ONL,ONL,A,,monitor,29265.5,hold,4,3,1,0,5.25,3.25,-25.75
1787543819000,ASIA,2026-08-23,EQL,EQL,A,,monitor,29242.0,break,12,4,5,3,28.75,34.25,-2.5
1787543819000,ASIA,2026-08-23,EQL,EQL,A,,monitor,29358.75,untouched,0,0,0,0,88.0,0,0
1787555273000,LONDON,2026-08-24,EQH,EQH,A,,monitor,29179.25,hold,18,5,12,1,10.0,6.25,-21.25
1787555273000,LONDON,2026-08-24,RN 29175 (25),RN,B,,monitor,29175.0,hold,17,3,10,4,14.25,0.0,-25.5
1787555273000,LONDON,2026-08-24,ONL,ONL,A,,monitor,29124.75,hold,9,4,3,2,64.5,6.5,-32.25
1787555273000,LONDON,2026-08-24,PDL,PDL,A,,monitor,29263.25,hold,1,1,0,0,74.0,20.25,-24.5
1787555273000,LONDON,2026-08-24,EQH,EQH,A,,monitor,29363.0,untouched,0,0,0,0,173.75,0,0
1787555273000,LONDON,2026-08-24,EQL,EQL,A,,monitor,29367.5,untouched,0,0,0,0,178.25,0,0
1787555273000,LONDON,2026-08-24,EQH,EQH,A,,monitor,29371.25,untouched,0,0,0,0,182.0,0,0
1787578303000,NY,2026-08-24,ONL,ONL,A,A,sweep_reclaim,29116.75,break,6,1,3,2,3.5,28.5,-23.0
1787578303000,NY,2026-08-24,EQH,EQH,A,A,breakdown_trigger,29180.75,ambiguous_horizon,9,2,4,3,67.5,24.25,-15.0
1787578303000,NY,2026-08-24,EQL,EQL,A,A,breakdown_trigger,29192.0,hold,7,3,2,2,78.75,13.0,-28.0
1787578303000,NY,2026-08-24,EQL,EQL,A,A,death_line,29356.0,untouched,0,0,0,0,242.75,0,0
1787578303000,NY,2026-08-24,EQH,EQH,A,A,target,29362.0,untouched,0,0,0,0,248.75,0,0
1787578303000,NY,2026-08-24,EQH,EQH,A,A,target,29369.0,untouched,0,0,0,0,255.75,0,0
1787578303000,NY,2026-08-24,PDH,PDH,A,A,target,29480.5,untouched,0,0,0,0,367.25,0,0
1787579697000,NY,2026-08-24,IB-L,IB*,A,A,break,28976.25,break,3,1,2,0,39.25,21.0,-22.5
1787579697000,NY,2026-08-24,IB-1.5x,IB*,B,B,target,28842.5,untouched,0,0,0,0,173.0,0,0
1787579697000,NY,2026-08-24,IB-2x,IB*,B,B,target,28708.75,untouched,0,0,0,0,306.75,0,0
1787579697000,NY,2026-08-24,OR-L,OR-L,A,A,reject,29082.5,break,5,2,3,0,67.0,27.75,-12.0
1787579697000,NY,2026-08-24,PWL,PWL,A,A,fade,29220.25,hold,2,2,0,0,204.75,0.0,-25.25
1787579697000,NY,2026-08-24,OR-H,OR-H,A,A,fade,29243.75,untouched,0,0,0,0,228.25,0,0
1787583147000,NY,2026-08-24,RN 29050 (50),RN,A,A,fade,29050.0,ambiguous_horizon,2,1,0,1,40.25,7.5,-30.0
1787583147000,NY,2026-08-24,RN 29100 (100),RN,A,A,fade,29100.0,hold,7,3,3,1,9.75,0.0,-33.0
1787585909000,NY,2026-08-24,AS-L,AS-L,A,A,watch_break,29124.75,ambiguous_horizon,5,2,1,2,33.25,7.0,-12.25
1787585909000,NY,2026-08-24,EQH·15m (HTF),EQH,A,A,watch,29381.0,untouched,0,0,0,0,223.0,0,0
1787586992000,NY,2026-08-24,EQL,EQL,A,A,sell,29173.0,ambiguous_horizon,8,2,3,3,15.5,16.75,-16.25
1787587430000,NY,2026-08-24,EQL,EQL,A,A,breakdown trigger / reclaim fail,29146.75,ambiguous_horizon,4,0,2,2,25.5,17.25,-10.75
1787587807000,NY,2026-08-24,EQL,EQL,A,A,breakdown trigger,29150.0,ambiguous_horizon,5,0,2,3,16.0,20.5,-7.5
1787587807000,NY,2026-08-24,EQL,EQL,A,A,stretch reference,29377.5,untouched,0,0,0,0,211.5,0,0
1787587807000,NY,2026-08-24,EQH,EQH,A,A,stretch reference,29400.75,untouched,0,0,0,0,234.75,0,0
1787588370000,NY,2026-08-24,EQL·1h (HTF),EQL,A,A,flip-only target; do not initiate standalone,29430.25,untouched,0,0,0,0,231.75,0,0
1787588370000,NY,2026-08-24,Supply·1h,SUPPLY,B,,"htf confluence cap, never standalone trigger",29516.75,untouched,0,0,0,0,318.25,0,0
1787609094000,ASIA,2026-08-24,RN 29125,RN,A,A,retest trigger,29125.0,ambiguous_horizon,15,4,6,5,4.25,7.5,-8.0
1787609094000,ASIA,2026-08-24,EQL·15m (HTF),EQL,A,A,breakdown trigger,29116.0,ambiguous_horizon,14,6,3,5,13.25,0.0,-14.75
1787609094000,ASIA,2026-08-24,OR-L,OR-L,A,A,target,29082.5,ambiguous_horizon,3,0,1,2,46.75,11.0,-17.75
1787609094000,ASIA,2026-08-24,nPOC·2026-08-23,nPOC,A,A,reject,29186.88,hold,4,3,0,1,57.63000000000102,3.1199999999989814,-20.88000000000102
1787609094000,ASIA,2026-08-24,EQL,EQL,A,A,confluence,29192.0,ambiguous_horizon,6,5,0,1,62.75,8.25,-11.5
1787609094000,ASIA,2026-08-24,EQH,EQH,A,A,confluence,29197.5,ambiguous_horizon,7,4,0,3,68.25,2.75,-17.0
1787609094000,ASIA,2026-08-24,EQL·4h (HTF),EQL,A,A,invalidation,29202.5,ambiguous_horizon,8,4,0,4,73.25,15.0,-9.0
1787609094000,ASIA,2026-08-24,OR-H,OR-H,A,A,death,29243.75,ambiguous_horizon,22,10,6,6,114.5,18.0,-10.75
1787609094000,ASIA,2026-08-24,PDC,PDC,A,A,flip,29266.25,ambiguous_horizon,19,8,8,3,137.0,19.5,-12.5
1787609094000,ASIA,2026-08-24,EQL·4h (HTF),EQL,A,A,target,29371.0,break,10,4,4,2,241.75,19.0,-15.5
1787609094000,ASIA,2026-08-24,OB(bull)·4h,OB,B,,confluence-only,29423.5,untouched,0,0,0,0,294.25,0,0
1787609094000,ASIA,2026-08-24,PDH,PDH,A,A,target,29480.5,untouched,0,0,0,0,351.25,0,0
1787611046000,ASIA,2026-08-24,EQL,EQL,A,,monitor,29120.75,ambiguous_horizon,14,4,5,5,3.75,7.5,-2.25
1787611046000,ASIA,2026-08-24,ONL,ONL,A,,monitor,29112.5,ambiguous_horizon,8,4,1,3,12.0,0.0,-12.25
1787611046000,ASIA,2026-08-24,ONH,ONH,A,,monitor,29152.25,hold,7,5,0,2,27.75,0.0,-28.75
1787611046000,ASIA,2026-08-24,EQL,EQL,A,,monitor,29181.75,ambiguous_horizon,3,1,0,2,57.25,8.25,-18.75
1787611046000,ASIA,2026-08-24,EQH,EQH,A,,monitor,29188.25,hold,5,3,0,2,63.75,1.75,-22.25
1787611046000,ASIA,2026-08-24,EQH,EQH,A,,monitor,29193.0,ambiguous_horizon,5,4,0,1,68.5,7.25,-12.5
1787611046000,ASIA,2026-08-24,EQL,EQL,A,,monitor,29202.25,ambiguous_horizon,9,5,0,4,77.75,15.25,-8.75
1787612545000,ASIA,2026-08-24,ONL,ONL,A,A,breakdown line — retest from below is the short trigger,29110.25,break,7,4,2,1,9.5,19.0,-1.0
1787612545000,ASIA,2026-08-24,EQL,EQL,A,A,breakdown gate — wait for 2x5m closes below before shorting,29117.5,break,11,4,6,1,2.25,19.5,-9.25
1787612545000,ASIA,2026-08-24,OB(bull)·4h,OB,A,A,broken bull ob — retest acts as resistance; structural line,29162.75,hold,6,3,1,2,43.0,6.25,-21.75
1787612545000,ASIA,2026-08-24,EQL·4h,EQL,A,A,deeper confluence; flip-long target only,29202.5,ambiguous_horizon,8,4,0,4,82.75,15.0,-9.0
1787612545000,ASIA,2026-08-24,Supply·4h,SUPPLY,A,,htf confluence reference only — never standalone,29412.0,hold,2,2,0,0,292.25,0.0,-23.75
1787629142000,ASIA,2026-08-24,OB(bear)·4h,OB,A,A,watch_accept,29154.38,ambiguous_horizon,2,1,0,1,15.869999999998981,2.8800000000010186,-16.86999999999898
1787629142000,ASIA,2026-08-24,Supply·4h,SUPPLY,A,A,retest_short,29132.25,untouched,0,0,0,0,38.0,0,0
1787629142000,ASIA,2026-08-24,Demand·4h,DEMAND,A,A,target,29122.25,untouched,0,0,0,0,48.0,0,0
1787629142000,ASIA,2026-08-24,ONL,ONL,A,A,target,29016.75,untouched,0,0,0,0,153.5,0,0
1787629142000,ASIA,2026-08-24,ONH,ONH,A,A,fade_reject,29175.0,hold,3,2,1,0,4.75,1.0,-20.0
1787629142000,ASIA,2026-08-24,OB(bear)·4h,OB,A,A,fade_reject,29182.0,ambiguous_horizon,2,1,0,1,11.75,17.25,-1.5
1787629142000,ASIA,2026-08-24,PDL,PDL,A,A,flip_line,29263.25,break,21,8,10,3,93.0,24.75,-9.25
1787629142000,ASIA,2026-08-24,OB(bull)·4h HTF,OB,A,A,confluence_ref,29423.5,untouched,0,0,0,0,253.25,0,0
1787639895000,ASIA,2026-08-24,ONH,ONH,A,A,reject short / reclaim watch,29288.0,hold,16,8,5,3,40.0,1.5,-22.5
1787639895000,ASIA,2026-08-24,PDH,PDH,A,A,breakout gate,29297.75,break,11,5,4,2,49.75,30.0,-34.25
1787639895000,ASIA,2026-08-24,EQL·15m,EQL,A,A,upside target,29375.0,break,9,2,4,3,127.0,24.0,-5.5
1787639895000,ASIA,2026-08-24,RTH-H,RTH-H,A,A,retest support / breakdown gate,29243.75,hold,19,8,6,5,4.25,7.5,-19.75
1787639895000,ASIA,2026-08-24,EQH,EQH,A,A,support,29204.0,hold,5,4,0,1,44.0,7.25,-25.0
1787639895000,ASIA,2026-08-24,PDC,PDC,A,A,support / magnet,29199.75,hold,3,3,0,0,48.25,3.0,-29.25
1787639895000,ASIA,2026-08-24,EQH,EQH,A,A,support,29190.0,hold,1,1,0,0,58.0,0.0,-39.0
1787641450000,LONDON,2026-08-25,OB(bull)·4h,OB,A,,target,29525.12,untouched,0,0,0,0,242.36999999999898,0,0
1787641450000,LONDON,2026-08-25,EQL,EQL,A,A,fade,29195.0,hold,2,2,0,0,87.75,0.0,-34.0
1787641450000,LONDON,2026-08-25,EQH·15m,EQH,A,A,target,29156.5,hold,1,1,0,0,126.25,0.0,-72.5
1787648967000,LONDON,2026-08-25,OB(bear)·4h (HTF),OB,A,A,target,29412.0,hold,2,2,0,0,93.75,0.0,-23.75
1787648967000,LONDON,2026-08-25,ONH,ONH,A,A,reclaim,29327.75,ambiguous_horizon,12,4,3,5,9.5,7.25,-12.0
1787648967000,LONDON,2026-08-25,EQL·1h (HTF),EQL,A,A,sweep_reclaim,29240.25,break,14,5,7,2,78.0,30.25,-29.5
1787648967000,LONDON,2026-08-25,EQL,EQL,A,A,support,29165.5,hold,1,1,0,0,152.75,0.0,-63.5
1787648967000,LONDON,2026-08-25,EQH·15m (HTF),EQH,A,A,support,29156.5,hold,1,1,0,0,161.75,0.0,-72.5
1787648967000,LONDON,2026-08-25,Supply·4h (HTF),SUPPLY,A,A,support,29132.25,untouched,0,0,0,0,186.0,0,0
1787648967000,LONDON,2026-08-25,PDL,PDL,A,A,target,28947.75,untouched,0,0,0,0,370.5,0,0
1787664900000,NY,2026-08-25,Supply·1h (HTF),SUPPLY,B,B,invalidation_support,29209.25,hold,8,6,1,1,141.75,0.0,-40.75
1787664900000,NY,2026-08-25,EQH·15m (HTF),EQH,A,A,reclaim_trigger,29328.75,hold,4,3,1,0,22.25,0.0,-32.25
1787664900000,NY,2026-08-25,EQH·4h (HTF),EQH,A,A,breakout_trigger,29363.5,hold,3,1,2,0,12.5,0.25,-35.0
1787664900000,NY,2026-08-25,OB(bear)·4h,OB,A,A,target_confluence_only,29412.0,hold,1,1,0,0,61.0,0.0,-48.75
1787664900000,NY,2026-08-25,ONH,ONH,A,A,target,29420.0,untouched,0,0,0,0,69.0,0,0
1787668592000,NY,2026-08-25,EQL·15m (HTF),EQL,A,A,target,29220.25,hold,8,1,1,6,22.25,25.0,-21.0
1787668592000,NY,2026-08-25,OB(bear)·1h (HTF),OB,B,B,target,29214.5,hold,6,1,1,4,28.0,19.25,-26.75
1787668592000,NY,2026-08-25,OR-L,OR-L,A,A,fade,29279.25,hold,7,2,0,5,36.75,30.75,-24.25
1787668592000,NY,2026-08-25,OR-H,OR-H,A,A,fade,29377.0,untouched,0,0,0,0,134.5,0,0
1787695507000,ASIA,2026-08-25,OB(bull)·4h (HTF),OB,A,A,confluence,29863.5,untouched,0,0,0,0,570.25,0,0
1787695507000,ASIA,2026-08-25,OR-H,OR-H,A,A,target,29377.0,hold,2,1,1,0,83.75,8.75,-76.0
1787695507000,ASIA,2026-08-25,ONH,ONH,A,A,reclaim_buy,29310.0,hold,8,3,4,1,16.75,7.5,-33.0
1787695507000,ASIA,2026-08-25,PDH,PDH,A,A,hold_buy,29283.5,ambiguous_horizon,14,3,5,6,9.75,3.5,-10.5
1787695507000,ASIA,2026-08-25,RTH-H,RTH-H,B,B,hold_buy,29243.75,ambiguous_horizon,28,10,12,6,49.5,7.5,-3.5
1787695507000,ASIA,2026-08-25,PDC,PDC,A,A,sweep_buy,29199.75,hold,22,10,8,4,93.5,7.75,-22.75
1787695507000,ASIA,2026-08-25,PDL,PDL,A,A,watch,28947.75,untouched,0,0,0,0,345.5,0,0
1787695507000,ASIA,2026-08-25,OB(bear)·4h (HTF),OB,A,A,confluence,28711.25,untouched,0,0,0,0,582.0,0,0
1787696960000,ASIA,2026-08-25,EQL,EQL,A,,monitor,29288.5,ambiguous_horizon,11,5,3,3,0.25,8.25,-1.25
1787696960000,ASIA,2026-08-25,EQH,EQH,A,,monitor,29294.0,break,9,5,4,0,5.75,23.5,-11.25
1787696960000,ASIA,2026-08-25,ONL,ONL,A,,monitor,29280.0,ambiguous_horizon,13,3,4,6,8.25,7.75,-0.75
1787696960000,ASIA,2026-08-25,EQH,EQH,A,,monitor,29299.75,hold,6,3,2,1,11.5,17.75,-32.25
1787696960000,ASIA,2026-08-25,EQH,EQH,A,,monitor,29273.25,break,16,7,3,6,15.0,26.0,-3.25
1787696960000,ASIA,2026-08-25,EQH,EQH,A,,monitor,29306.75,hold,7,4,3,0,18.5,10.75,-29.75
1787699290000,ASIA,2026-08-25,Demand·4h (HTF),DEMAND,A,A,confluence only — never standalone,29852.38,untouched,0,0,0,0,573.880000000001,0,0
1787699290000,ASIA,2026-08-25,PDH,PDH,A,A,hold_long / acceptance_short_trigger,29261.25,break,22,12,6,4,17.25,30.25,-4.0
1787699703000,ASIA,2026-08-25,ONL,ONL,A,A,reclaim,29273.75,break,17,8,3,6,0.75,18.0,-0.75
1787699703000,ASIA,2026-08-25,PDH,PDH,A,A,hold,29254.75,ambiguous_horizon,25,11,8,6,19.75,23.75,0.0
1787699703000,ASIA,2026-08-25,Demand·4h,DEMAND,A,A,reference,29852.38,untouched,0,0,0,0,577.880000000001,0,0
1787699703000,ASIA,2026-08-25,OB(bear)·4h,OB,A,,reference,29927.12,untouched,0,0,0,0,652.619999999999,0,0
1787700122000,ASIA,2026-08-25,ONL,ONL,A,A,defend,29272.25,ambiguous_horizon,16,9,3,4,10.25,3.25,-13.75
1787700122000,ASIA,2026-08-25,PDH,PDH,A,A,target,29247.5,ambiguous_horizon,25,4,14,7,14.5,16.5,-5.75
1787701502000,ASIA,2026-08-25,OB(bear)·4h,OB,A,A,htf confluence support; not standalone,29154.38,ambiguous_horizon,7,3,2,2,73.86999999999898,17.13000000000102,-8.869999999998981
1787701502000,ASIA,2026-08-25,ONL,ONL,A,A,reclaim long trigger / tripwire,29231.0,hold,34,15,12,7,2.75,7.75,-21.75
1787701502000,ASIA,2026-08-25,PDH,PDH,A,A,reclaim long trigger / reject short trigger,29243.75,break,27,10,12,5,15.5,19.75,-12.25
1787701979000,ASIA,2026-08-25,ONL,ONL,A,A,hold_for_bounce,29218.25,break,33,10,15,8,3.75,34.0,-4.25
1787704501000,ASIA,2026-08-25,ONL,ONL,A,,monitor,29164.25,break,7,3,3,1,10.0,22.75,-3.25
1787704501000,ASIA,2026-08-25,EQL,EQL,A,,monitor,29171.0,break,6,2,2,2,16.75,27.25,-5.25
1787704501000,ASIA,2026-08-25,EQH,EQH,A,,monitor,29156.5,hold,7,4,0,3,2.25,3.5,-28.5
1787704501000,ASIA,2026-08-25,EQH,EQH,A,,monitor,29152.5,ambiguous_horizon,6,3,1,2,1.75,15.25,-10.75
1787704501000,ASIA,2026-08-25,EQL,EQL,A,,monitor,29180.5,break,7,3,3,1,26.25,27.5,-3.0
1787704501000,ASIA,2026-08-25,EQH,EQH,A,,monitor,29149.25,ambiguous_horizon,5,2,1,2,5.0,12.0,-14.0
1787704501000,ASIA,2026-08-25,EQH,EQH,A,,monitor,29145.25,ambiguous_horizon,5,2,1,2,9.0,13.0,-14.75
1787704501000,ASIA,2026-08-25,EQL,EQL,A,,monitor,29189.5,break,12,5,6,1,35.25,25.0,0.0
1787704501000,ASIA,2026-08-25,EQH,EQH,A,,monitor,29142.0,ambiguous_horizon,7,5,1,1,12.25,9.75,-18.0
1787704501000,ASIA,2026-08-25,OR-L,OR-L,C,,monitor,29279.25,ambiguous_horizon,12,3,4,5,125.0,0.75,-19.25
1787711804000,ASIA,2026-08-25,EQH,EQH,A,,monitor,29175.75,break,7,5,2,0,5.0,22.0,-12.25
1787711804000,ASIA,2026-08-25,EQL,EQL,A,,monitor,29172.25,ambiguous_horizon,7,4,1,2,8.5,23.25,-15.75
1787711804000,ASIA,2026-08-25,EQH,EQH,A,,monitor,29187.0,break,11,4,6,1,6.25,21.0,0.0
1787711804000,ASIA,2026-08-25,EQL,EQL,A,,monitor,29190.5,break,14,6,6,2,9.75,24.0,0.0
1787711804000,ASIA,2026-08-25,EQL,EQL,A,,monitor,29166.75,hold,5,2,2,1,14.0,17.75,-21.25
1787711804000,ASIA,2026-08-25,EQH,EQH,A,,monitor,29162.0,hold,5,3,0,2,18.75,13.0,-20.5
1787711804000,ASIA,2026-08-25,EQL,EQL,A,,monitor,29197.0,break,18,9,7,2,16.25,20.0,-2.0
1787711804000,ASIA,2026-08-25,ONL,ONL,A,,monitor,29095.5,untouched,0,0,0,0,85.25,0,0
1787720153000,ASIA,2026-08-25,Supply·1h (HTF),SUPPLY,B,B,fade,29539.38,untouched,0,0,0,0,312.630000000001,0,0
1787720153000,ASIA,2026-08-25,nPOC·wk·2026-08-18,nPOC,A,,fade,29553.12,untouched,0,0,0,0,326.369999999999,0,0
1787720153000,ASIA,2026-08-25,OB(bull)·1h (HTF),OB,B,B,retest,29212.5,hold,29,7,13,9,14.25,0.0,-18.75
1787720153000,ASIA,2026-08-25,Supply·1h,SUPPLY,B,B,hold,29209.25,ambiguous_horizon,26,5,12,9,17.5,6.25,-17.5
1787720680000,ASIA,2026-08-25,Supply·1h,SUPPLY,B,B,htf confluence target; not standalone,29539.38,untouched,0,0,0,0,301.630000000001,0,0
1787720680000,ASIA,2026-08-25,Demand·4h,DEMAND,A,,target/demand reaction,29031.12,untouched,0,0,0,0,206.63000000000102,0,0
1787720680000,ASIA,2026-08-25,OB(bear)·4h,OB,A,A,final downside map,28711.25,untouched,0,0,0,0,526.5,0,0
1787722192000,ASIA,2026-08-25,PDC,PDC,A,A,break,29228.5,ambiguous_horizon,25,9,10,6,29.25,13.25,-20.25
1787722192000,ASIA,2026-08-25,OB(bull)·1h,OB,A,A,buy,29212.5,hold,29,7,13,9,45.25,0.0,-18.75
1787722192000,ASIA,2026-08-25,RTH-L,RTH-L,A,A,target,29145.5,ambiguous_horizon,2,1,0,1,112.25,6.25,-21.0
1787722192000,ASIA,2026-08-25,PDL,PDL,A,A,target,29095.5,untouched,0,0,0,0,162.25,0,0
1787722192000,ASIA,2026-08-25,RTH-H,RTH-H,A,A,target,29416.0,ambiguous_horizon,1,0,0,1,158.25,21.25,0.0
1787722192000,ASIA,2026-08-25,PDH,PDH,A,A,invalidate,29420.0,ambiguous_horizon,1,0,0,1,162.25,17.25,-1.25
1787722192000,ASIA,2026-08-25,OB(bear)·1h (HTF),OB,A,A,resist,29502.88,untouched,0,0,0,0,245.13000000000102,0,0
1787724728000,ASIA,2026-08-25,OB(bull)·1h (HTF),OB,A,A,target,29085.0,untouched,0,0,0,0,137.0,0,0
1787724728000,ASIA,2026-08-25,OB(bull)·1h (HTF),OB,A,A,watch,29532.0,untouched,0,0,0,0,310.0,0,0
1787734786000,LONDON,2026-08-26,OB(bull)·1h (HTF),OB,A,A,confluence target only — not standalone,29432.25,ambiguous_horizon,1,0,0,1,207.5,0.0,0.0
1787742234000,LONDON,2026-08-26,EQH,EQH,A,,monitor,29258.5,ambiguous_horizon,17,9,5,3,0.25,20.25,-14.5
1787742234000,LONDON,2026-08-26,EQL,EQL,A,,monitor,29261.75,ambiguous_horizon,15,8,4,3,3.5,17.0,-17.75
1787742234000,LONDON,2026-08-26,EQH,EQH,A,,monitor,29255.0,ambiguous_horizon,15,7,5,3,3.25,23.75,-10.25
1787742234000,LONDON,2026-08-26,EQL,EQL,A,,monitor,29265.25,hold,15,9,4,2,7.0,13.5,-17.75
1787742234000,LONDON,2026-08-26,EQH,EQH,A,,monitor,29251.5,ambiguous_horizon,12,2,7,3,6.75,15.5,-27.25
1787742234000,LONDON,2026-08-26,EQH,EQH,A,,monitor,29247.5,hold,14,3,10,1,10.75,11.5,-20.25
1787742335000,LONDON,2026-08-26,Demand·1h (HTF),DEMAND,A,,watch,29541.12,untouched,0,0,0,0,292.119999999999,0,0
1787747886000,LONDON,2026-08-26,EQH,EQH,A,,monitor,29167.25,break,4,1,2,1,5.25,34.25,-14.5
1787747886000,LONDON,2026-08-26,EQL,EQL,A,,monitor,29164.0,hold,6,3,2,1,8.5,0.0,-18.5
1787747886000,LONDON,2026-08-26,EQH,EQH,A,,monitor,29160.0,ambiguous_horizon,4,2,0,2,12.5,27.0,-21.75
1787747886000,LONDON,2026-08-26,EQL,EQL,A,,monitor,29183.5,hold,5,1,3,1,11.0,0.75,-19.25
1787747886000,LONDON,2026-08-26,EQL,EQL,A,,monitor,29187.25,hold,6,1,4,1,14.75,0.0,-23.0
1787752108000,NY,2026-08-26,OR-L,OR-L,A,A,sweep_reclaim,29174.25,hold,3,3,0,0,94.25,18.0,-25.0
1787752108000,NY,2026-08-26,OR-H,OR-H,A,A,hold,29281.0,break,9,4,2,3,12.5,20.0,-4.0
1787760953000,NY,2026-08-26,VWAP−1σ,VWAP*,A,,monitor,29182.84,ambiguous_horizon,1,0,0,1,13.909999999999854,12.840000000000146,-16.159999999999854
1787781972000,ASIA,2026-08-26,ONH,ONH,A,A,"liquidity_break / buy breakout_retest only, no blind fade",29546.75,break,29,12,13,4,20.5,29.25,0.0
1787781972000,ASIA,2026-08-26,nPOC·wk·2026-08-18,nPOC,A,,magnet_meanrevert / target,29553.12,hold,28,12,13,3,14.130000000001019,0.0,-17.88000000000102
1787781972000,ASIA,2026-08-26,nPOC·wk·2026-08-17,nPOC,A,A,magnet_meanrevert / target,29596.88,ambiguous_horizon,29,11,10,8,29.63000000000102,2.8699999999989814,-18.63000000000102
1787781972000,ASIA,2026-08-26,OB(bull)·1h (HTF),OB,A,A,target_only,29611.0,ambiguous_horizon,19,5,7,7,43.75,6.75,-14.5
1787781972000,ASIA,2026-08-26,Demand·1h,DEMAND,C,,react_zone / htf confluence / flip line,29541.12,break,29,8,12,9,26.13000000000102,23.61999999999898,0.0
1787781972000,ASIA,2026-08-26,OB(bull)·1h (HTF),OB,A,A,target_only / death line,29532.0,break,25,10,10,5,35.25,24.25,-5.0
1787781972000,ASIA,2026-08-26,OB(bear)·1h (HTF),OB,A,A,target_only,29502.88,break,15,5,9,1,64.36999999999898,26.63000000000102,-5.369999999998981
1787781972000,ASIA,2026-08-26,ONL,ONL,A,A,liquidity_break / target,29497.75,break,12,3,8,1,69.5,33.75,0.0
1787785275000,ASIA,2026-08-26,VWAP+1σ,VWAP*,A,,monitor,29605.95,ambiguous_horizon,21,5,10,6,1.7999999999992724,6.549999999999272,-15.200000000000728
1787785275000,ASIA,2026-08-26,RN 29600 (100),RN,B,,monitor,29600.0,ambiguous_horizon,28,12,12,4,7.75,14.75,-2.75
1787785275000,ASIA,2026-08-26,RN 29625 (25),RN,B,,monitor,29625.0,break,12,3,5,4,17.25,18.75,-16.25
1787785275000,ASIA,2026-08-26,ONH,ONH,A,,monitor,29628.75,break,13,4,5,4,21.0,22.25,0.0
1787785275000,ASIA,2026-08-26,VWAP,VWAP*,A,,monitor,29581.44,break,26,13,9,4,26.31000000000131,17.68999999999869,-9.56000000000131
1787785275000,ASIA,2026-08-26,RN 29650 (50),RN,B,,monitor,29650.0,hold,8,3,3,2,42.25,5.75,-28.0
1787785275000,ASIA,2026-08-26,VWAP−1σ,VWAP*,A,,monitor,29556.93,break,25,9,13,3,50.81999999999971,21.18000000000029,-4.069999999999709
1787785275000,ASIA,2026-08-26,EQL,EQL,A,,monitor,29549.25,break,29,14,12,3,58.5,31.75,0.0
1787788928000,ASIA,2026-08-26,OB(bull)·1h,OB,C,C,confluence_reference,29611.0,break,15,5,6,4,8.5,20.5,-23.75
1787788928000,ASIA,2026-08-26,EQH·1h (HTF),EQH,A,A,liquidity_break,29621.0,hold,15,7,4,4,1.5,3.0,-18.25
1787788928000,ASIA,2026-08-26,Demand·1h (HTF),DEMAND,A,A,react_zone,29638.0,break,11,1,6,4,18.5,21.75,-4.25
1787788928000,ASIA,2026-08-26,Demand·4h (HTF),DEMAND,A,A,target_only,29654.0,hold,7,2,1,4,34.5,4.0,-26.0
1787788928000,ASIA,2026-08-26,VWAP,VWAP*,A,A,magnet_meanrevert,29585.99,break,24,10,10,4,33.5099999999984,22.2400000000016,-7.759999999998399
1787788928000,ASIA,2026-08-26,VWAP−1σ,VWAP*,A,A,magnet_meanrevert,29563.12,hold,27,11,12,4,56.38000000000102,3.6199999999989814,-20.63000000000102
1787791979000,ASIA,2026-08-26,ONL,ONL,A,A,liquidity_break trigger,29464.0,break,9,6,2,1,15.0,18.75,-15.5
1787791979000,ASIA,2026-08-26,iFVG(bull)·1h (HTF),IFVG,A,A,target,29443.38,hold,6,4,1,1,5.619999999998981,11.130000000001019,-20.61999999999898
1787791979000,ASIA,2026-08-26,FVG·1h (HTF),FVG,A,A,target,29433.25,hold,4,2,1,1,15.75,0.0,-30.75
1787791979000,ASIA,2026-08-26,iFVG(bull)·1h (HTF),IFVG,A,A,target,29403.88,hold,1,1,0,0,45.11999999999898,1.6300000000010186,-19.11999999999898
1787791979000,ASIA,2026-08-26,OB(bear)·1h,OB,C,C,confluence_reject,29502.88,break,14,5,8,1,53.88000000000102,18.11999999999898,-7.130000000001019
1787791979000,ASIA,2026-08-26,FVG·1h (HTF),FVG,A,A,target_only_guard,29511.25,break,15,3,10,2,62.25,20.25,-0.75
1787791979000,ASIA,2026-08-26,OB(bull)·4h (HTF),OB,A,,death_guard,29525.12,hold,18,7,9,2,76.11999999999898,9.630000000001019,-18.61999999999898
1787793236000,ASIA,2026-08-26,EQH·15m,EQH,A,A,liquidity_break,29470.25,break,9,3,5,1,18.0,25.0,-3.0
1787793236000,ASIA,2026-08-26,Supply·1h,SUPPLY,A,,react_zone,29465.12,break,8,3,4,1,12.869999999998981,18.88000000000102,-10.869999999998981
1787793236000,ASIA,2026-08-26,ONL,ONL,A,A,liquidity_break,29432.25,break,3,1,1,1,20.0,26.25,-8.75
1787793236000,ASIA,2026-08-26,iFVG(bull)·1h,IFVG,A,A,target_only,29403.88,hold,1,1,0,0,48.36999999999898,1.6300000000010186,-19.11999999999898
1787793236000,ASIA,2026-08-26,EQL·15m,EQL,A,A,liquidity_break,29485.0,break,11,4,5,2,32.75,24.5,-1.5
1787793236000,ASIA,2026-08-26,VWAP−1σ,VWAP*,A,A,magnet_meanrevert,29491.71,break,10,3,6,1,39.45999999999913,23.290000000000873,-8.209999999999127
1787793236000,ASIA,2026-08-26,VWAP,VWAP*,A,A,magnet_meanrevert,29553.8,hold,27,12,12,3,101.54999999999927,0.0,-21.299999999999272
1787795150000,ASIA,2026-08-26,VWAP,VWAP*,A,A,target,29544.6,ambiguous_horizon,27,9,10,8,44.349999999998545,9.650000000001455,-18.849999999998545
1787795150000,ASIA,2026-08-26,EQL·1h (HTF),EQL,A,A,trigger,29530.75,break,23,8,10,5,30.5,23.0,-7.75
1787795150000,ASIA,2026-08-26,EQL·4h (HTF),EQL,A,A,trigger,29518.25,break,18,8,9,1,18.0,21.5,0.0
1787795150000,ASIA,2026-08-26,eVWAP,eVWAP,A,A,target,29491.0,ambiguous_horizon,8,2,4,2,9.25,18.5,-2.0
1787795150000,ASIA,2026-08-26,VWAP−1σ,VWAP*,A,A,target,29481.16,ambiguous_horizon,10,4,4,2,19.090000000000146,8.659999999999854,-11.840000000000146
1787796544000,ASIA,2026-08-26,Supply·1h,SUPPLY,C,C,confluence,29619.5,hold,15,7,5,3,82.5,4.5,-22.5
1787796544000,ASIA,2026-08-26,VWAP+1σ,VWAP*,A,A,fade,29602.44,break,23,10,11,2,65.43999999999869,21.81000000000131,-1.6899999999986903
1787796544000,ASIA,2026-08-26,EQH·15m (HTF),EQH,A,A,break_or_reject,29590.75,break,24,8,12,4,53.75,25.0,-0.75
1787796544000,ASIA,2026-08-26,EQL·15m (HTF),EQL,A,A,break_or_reject,29581.25,break,24,12,8,4,44.25,18.75,-9.5
1787796544000,ASIA,2026-08-26,EQH·4h (HTF),EQH,A,A,sweep_reclaim,29546.75,ambiguous_horizon,27,11,12,4,9.75,10.0,-15.25
1787796544000,ASIA,2026-08-26,OB(bear)·1h,OB,C,C,confluence,29539.38,ambiguous_horizon,27,8,13,6,2.3800000000010186,4.869999999998981,-11.880000000001019
1787796544000,ASIA,2026-08-26,OB(bull)·1h,OB,C,C,confluence,29532.0,ambiguous_horizon,21,9,8,4,5.0,6.5,-11.75
1787796544000,ASIA,2026-08-26,EQL·1h (HTF),EQL,A,A,target,29504.25,ambiguous_horizon,12,4,7,1,32.75,9.5,-16.75
1787799982000,ASIA,2026-08-26,VWAP−1σ,VWAP*,A,A,target,29485.3,ambiguous_horizon,10,4,4,2,52.45000000000073,12.799999999999272,-7.700000000000728
1787799982000,ASIA,2026-08-26,eVWAP,eVWAP,A,A,target,29498.33,hold,9,2,6,1,39.419999999998254,0.0,-17.919999999998254
1787799982000,ASIA,2026-08-26,VWAP,VWAP*,A,A,break_short,29541.66,break,23,7,12,4,3.9099999999998545,19.090000000000146,-0.6599999999998545
1787799982000,ASIA,2026-08-26,EQL·4h (HTF),EQL,A,A,failed_break_fade,29577.25,break,25,12,10,3,39.5,20.0,-5.5
1787799982000,ASIA,2026-08-26,EQL·15m (HTF),EQL,A,A,reclaim_ref,29588.25,break,27,10,12,5,50.5,27.5,0.0
1787799982000,ASIA,2026-08-26,EQH·15m (HTF),EQH,A,A,sweep_reclaim,29591.75,break,24,8,13,3,54.0,24.0,-1.75
1787802613000,ASIA,2026-08-26,VWAP+1σ,VWAP*,A,A,mean-revert magnet — first-touch rejection zone,29597.25,break,25,11,9,5,61.75,18.5,-4.0
1787802613000,ASIA,2026-08-26,EQH·1h (HTF),EQH,A,A,nearest draw/liquidity — breakout-retest trigger,29539.75,ambiguous_horizon,22,6,13,3,4.25,11.25,-11.75
1787802613000,ASIA,2026-08-26,eVWAP,eVWAP,A,A,magnet target,29500.77,hold,9,2,6,1,34.72999999999956,0.27000000000043656,-20.229999999999563
1787803836000,ASIA,2026-08-26,EQL,EQL,A,A,pivot,29533.5,break,16,6,8,2,1.0,21.0,-2.75
1787803836000,ASIA,2026-08-26,Supply·1h,SUPPLY,C,C,reject,29539.38,ambiguous_horizon,21,6,13,2,4.880000000001019,12.369999999998981,-7.880000000001019
1787803836000,ASIA,2026-08-26,VWAP+1σ,VWAP*,A,A,target,29596.05,break,24,10,9,5,61.54999999999927,19.700000000000728,-2.7999999999992724
1787803836000,ASIA,2026-08-26,eVWAP,eVWAP,A,A,target,29502.45,hold,12,4,7,1,32.04999999999927,1.9500000000007276,-18.549999999999272
1787803836000,ASIA,2026-08-26,VWAP−1σ,VWAP*,A,A,target,29488.82,ambiguous_horizon,9,3,4,2,45.68000000000029,16.31999999999971,-4.180000000000291
1787803836000,ASIA,2026-08-26,EQL·1h (HTF),EQL,A,A,target,29475.0,ambiguous_horizon,8,3,3,2,59.5,3.0,-18.0
1787814111000,LONDON,2026-08-27,EQL·1h (HTF),EQL,A,A,liquidity target,29448.75,hold,3,3,0,0,52.25,0.0,-37.25
1787814111000,LONDON,2026-08-27,EQL·15m (HTF),EQL,A,A,liquidity target,29452.75,hold,4,4,0,0,48.25,10.0,-27.0
1787814111000,LONDON,2026-08-27,EQH·15m (HTF),EQH,A,A,sweep/break reference and target,29457.25,hold,3,3,0,0,43.75,14.5,-28.75
1787814111000,LONDON,2026-08-27,VWAP−1σ,VWAP*,A,A,magnet; break/retest trigger,29466.65,hold,4,2,2,0,34.349999999998545,23.900000000001455,-23.849999999998545
1787814111000,LONDON,2026-08-27,eVWAP,eVWAP,A,A,rejection reference,29495.92,hold,6,1,5,0,5.080000000001746,0.0,-23.830000000001746
1787814111000,LONDON,2026-08-27,PDC,PDC,A,A,pivot; flip line,29499.75,hold,6,1,5,0,1.25,0.0,-21.0
1787814111000,LONDON,2026-08-27,VWAP,VWAP*,A,A,death reference / upside target,29525.32,ambiguous_horizon,14,5,7,2,24.31999999999971,17.93000000000029,-7.319999999999709
1787815306000,LONDON,2026-08-27,EQH·15m (HTF),EQH,A,A,liquidity/breakout reference,29543.75,hold,19,8,10,1,6.25,6.0,-31.5
1787815306000,LONDON,2026-08-27,VWAP,VWAP*,A,A,magnet/mean reversion line,29524.77,hold,13,5,7,1,12.729999999999563,1.5200000000004366,-23.979999999999563
1787818057000,LONDON,2026-08-27,EQL·15m (HTF),EQL,A,A,liquidity rung and target for eqh breakout,29526.0,hold,10,4,5,1,71.25,11.5,-22.0
1787818057000,LONDON,2026-08-27,EQH,EQH,A,A,"liquidity_break: long only on 2x5m close above, never a blind fade",29521.5,hold,10,4,6,0,75.75,7.0,-21.5
1787818057000,LONDON,2026-08-27,VWAP−1σ,VWAP*,A,A,magnet_meanrevert: long only on sweep_reclaim above this level,29468.08,hold,4,2,2,0,129.16999999999825,25.330000000001746,-22.419999999998254
1787818972000,LONDON,2026-08-27,VWAP+1σ,VWAP*,A,A,magnet_meanrevert / plan death,29583.53,hold,23,11,7,5,29.470000000001164,0.0,-25.220000000001164
1787818972000,LONDON,2026-08-27,Supply·1h (HTF),SUPPLY,A,A,react_zone / retest watch,29619.5,break,14,6,5,3,6.5,18.5,-4.25
1787818972000,LONDON,2026-08-27,EQL·1h (HTF),EQL,A,A,liquidity_break / long trigger,29625.0,break,10,3,3,4,12.0,28.25,0.0
1787818972000,LONDON,2026-08-27,Demand·1h (HTF),DEMAND,A,A,target_only,29631.0,break,10,3,5,2,18.0,22.25,0.0
1787818972000,LONDON,2026-08-27,PDH,PDH,A,A,react_zone / target / sweep-reclaim short,29655.75,hold,8,3,2,3,42.75,2.25,-17.75
1787818972000,LONDON,2026-08-27,iFVG(bull)·1h (HTF),IFVG,A,,target_only / runner draw,29670.62,ambiguous_horizon,4,1,2,1,57.61999999999898,7.630000000001019,-12.619999999998981
1787820752000,LONDON,2026-08-27,OB(bear)·1h (HTF),OB,A,A,take_profit target for onh fade,29635.0,break,7,1,4,2,5.5,43.0,-0.25
1787820752000,LONDON,2026-08-27,ONH,ONH,A,A,sweep_reclaim_fade trigger only,29659.75,ambiguous_horizon,5,1,2,2,19.25,18.5,-12.0
1787820752000,LONDON,2026-08-27,VWAP+1σ,VWAP*,A,A,mean_reversion magnet and target,29591.45,hold,22,7,12,3,49.04999999999927,9.950000000000728,-21.549999999999272
1787820752000,LONDON,2026-08-27,OB(bear)·4h (HTF),OB,A,A,take_profit target,29586.88,hold,24,11,8,5,53.61999999999898,0.13000000000101863,-21.86999999999898
1787820752000,LONDON,2026-08-27,VWAP,VWAP*,A,A,mean_reversion magnet and target,29531.98,hold,12,6,5,1,108.52000000000044,17.479999999999563,-24.520000000000437
1787822993000,LONDON,2026-08-27,ONH,ONH,A,A,sweep,29661.25,ambiguous_horizon,4,0,2,2,56.0,17.0,-13.5
1787822993000,LONDON,2026-08-27,VWAP,VWAP*,A,A,magnet,29536.17,break,14,4,9,1,69.08000000000175,19.919999999998254,-0.8300000000017462
1787822993000,LONDON,2026-08-27,VWAP−1σ,VWAP*,A,A,magnet,29475.09,hold,5,2,3,0,130.15999999999985,0.0,-45.909999999999854
1787835987000,LONDON,2026-08-27,EQH·15m (HTF),EQH,A,A,target,29468.0,hold,4,2,2,0,88.0,25.25,-22.5
1787835987000,LONDON,2026-08-27,VWAP−1σ,VWAP*,A,A,watch,29486.95,break,6,2,4,0,69.04999999999927,34.45000000000073,-34.04999999999927
1787835987000,LONDON,2026-08-27,OB(bear)·1h (HTF),OB,A,,invalidation,29577.12,hold,16,8,7,1,21.11999999999898,12.380000000001019,-93.61999999999898
1787838424000,NY,2026-08-27,EQH,EQH,A,,monitor,29556.75,hold,11,6,5,0,58.5,10.75,-56.25
1787838424000,NY,2026-08-27,EQH,EQH,A,,monitor,29551.0,hold,10,7,3,0,52.75,16.5,-50.5
1787838424000,NY,2026-08-27,EQH,EQH,A,,monitor,29560.25,hold,11,6,5,0,62.0,7.25,-22.75
1787838424000,NY,2026-08-27,VWAP,VWAP*,A,,monitor,29537.97,break,9,4,5,0,39.720000000001164,23.029999999998836,-8.970000000001164
1787838424000,NY,2026-08-27,eVWAP,eVWAP,A,,monitor,29522.27,break,5,2,3,0,24.020000000000437,32.47999999999956,0.0
1787838424000,NY,2026-08-27,OR-H,OR-H,A,,monitor,29589.5,break,11,2,8,1,91.25,32.75,-18.5
1787838424000,NY,2026-08-27,VWAP−1σ,VWAP*,A,,monitor,29483.52,break,2,0,2,0,14.729999999999563,59.52000000000044,0.0
1787842852000,NY,2026-08-27,EQH,EQH,A,,monitor,29602.25,hold,8,2,5,1,9.5,10.5,-23.75
1787842852000,NY,2026-08-27,EQH,EQH,A,,monitor,29605.75,hold,8,2,4,2,6.0,14.0,-20.25
1787842852000,NY,2026-08-27,EQL,EQL,A,,monitor,29596.5,hold,9,3,4,2,15.25,4.75,-18.25
1787842852000,NY,2026-08-27,VWAP,VWAP*,A,,monitor,29540.51,break,3,1,2,0,71.2400000000016,25.5099999999984,-0.4900000000016007
1787842852000,NY,2026-08-27,eVWAP,eVWAP,A,,monitor,29529.81,hold,2,2,0,0,81.93999999999869,19.06000000000131,-21.18999999999869
1787848266000,NY,2026-08-27,VWAP+1σ,VWAP*,A,A,fade,29597.96,break,3,1,1,1,12.290000000000873,23.959999999999127,0.0
1787848266000,NY,2026-08-27,VWAP,VWAP*,A,A,target,29547.39,hold,3,3,0,0,62.86000000000058,20.889999999999418,-24.860000000000582
1787848266000,NY,2026-08-27,eVWAP,eVWAP,A,A,target,29537.91,hold,1,1,0,0,72.34000000000015,11.409999999999854,-23.590000000000146
1787856622000,NY,2026-08-27,VWAP+1σ,VWAP*,A,A,reject,29611.41,ambiguous_horizon,1,0,0,1,50.159999999999854,9.090000000000146,-16.659999999999854
1787856622000,NY,2026-08-27,VWAP,VWAP*,A,A,fade,29557.15,hold,1,1,0,0,4.099999999998545,12.900000000001455,-20.099999999998545
1787856622000,NY,2026-08-27,VWAP−1σ,VWAP*,A,A,hold,29502.88,untouched,0,0,0,0,58.36999999999898,0,0
1787857468000,NY,2026-08-27,VWAP+1σ,VWAP*,A,A,fade/reject trigger,29611.04,ambiguous_horizon,1,0,0,1,29.540000000000873,9.459999999999127,-16.290000000000873
1787857468000,NY,2026-08-27,Demand·4h (HTF),DEMAND,A,A,reclaim/retest trigger,29575.25,hold,1,1,0,0,6.25,3.5,-22.25
1787857468000,NY,2026-08-27,eVWAP,eVWAP,A,A,magnet; sweep_reclaim long,29548.74,untouched,0,0,0,0,32.7599999999984,0,0
1787857468000,NY,2026-08-27,VWAP−1σ,VWAP*,A,A,death line/target,29503.23,untouched,0,0,0,0,78.27000000000044,0,0
1787869510000,ASIA,2026-08-27,VWAP+2σ,VWAP*,A,A,monitor,29636.93,ambiguous_horizon,19,4,10,5,8.180000000000291,3.819999999999709,-10.430000000000291
1787869510000,ASIA,2026-08-27,VWAP+1σ,VWAP*,A,A,monitor,29629.24,ambiguous_horizon,20,7,8,5,0.4900000000016007,0.0,-8.5099999999984
1787869510000,ASIA,2026-08-27,ONH,ONH,A,A,monitor,29645.25,ambiguous_horizon,23,10,9,4,16.5,11.25,-20.5
1787869510000,ASIA,2026-08-27,VWAP,VWAP*,A,A,monitor,29621.55,ambiguous_horizon,25,8,6,11,7.200000000000728,17.299999999999272,0.0
1787869510000,ASIA,2026-08-27,PDH,PDH,A,A,monitor,29655.75,hold,22,8,4,10,27.0,0.0,-31.0
1787869510000,ASIA,2026-08-27,VWAP−1σ,VWAP*,A,A,monitor,29613.86,ambiguous_horizon,33,6,9,18,14.889999999999418,9.610000000000582,-4.139999999999418
1787869510000,ASIA,2026-08-27,ONL,ONL,A,A,monitor,29599.75,ambiguous_horizon,22,13,6,3,29.0,8.25,-5.25
1787869510000,ASIA,2026-08-27,OR-H,OR-H,C,C,monitor,29589.5,ambiguous_horizon,7,3,3,1,39.25,11.75,-16.75
1787869510000,ASIA,2026-08-27,POC,POC,A,A,monitor,29576.5,hold,6,3,3,0,52.25,14.0,-29.5
1787869510000,ASIA,2026-08-27,PDC,PDC,A,A,monitor,29499.75,ambiguous_horizon,15,4,7,4,129.0,35.25,-24.0
1787869510000,ASIA,2026-08-27,OR-L,OR-L,A,A,monitor,29452.5,hold,4,4,0,0,176.25,6.5,-28.5
1787869510000,ASIA,2026-08-27,RTH-H,RTH-H,A,A,monitor,29368.75,untouched,0,0,0,0,260.0,0,0
1787870569000,ASIA,2026-08-27,Demand·1h,DEMAND,C,C,confluence reference only,29638.0,ambiguous_horizon,17,4,10,3,2.5,1.25,-15.0
1787870569000,ASIA,2026-08-27,VWAP+1σ,VWAP*,A,A,mean-revert magnet; retest/reject line,29633.26,ambiguous_horizon,21,9,8,4,2.2400000000016007,3.2599999999983993,-6.740000000001601
1787870569000,ASIA,2026-08-27,VWAP,VWAP*,A,A,flip line and first target,29624.55,break,23,8,9,6,10.950000000000728,20.299999999999272,-13.950000000000728
1787870569000,ASIA,2026-08-27,Supply·1h,SUPPLY,C,C,confluence target,29619.5,ambiguous_horizon,29,11,8,10,16.0,15.25,0.0
1787870569000,ASIA,2026-08-27,VWAP−1σ,VWAP*,A,A,short target,29615.84,ambiguous_horizon,31,7,10,14,19.659999999999854,11.590000000000146,-2.1599999999998545
1787870569000,ASIA,2026-08-27,Demand·1h (HTF),DEMAND,A,,deep demand confluence,29541.12,break,5,3,2,0,94.38000000000102,35.61999999999898,-16.38000000000102
1787870569000,ASIA,2026-08-27,iFVG(bull)·1h (HTF),IFVG,A,,take-profit target only,29670.62,ambiguous_horizon,16,7,7,2,35.11999999999898,2.8800000000010186,-12.369999999998981
1787870569000,ASIA,2026-08-27,OB(bull)·4h,OB,C,C,runner target confluence,29863.5,untouched,0,0,0,0,228.0,0,0
1787871859000,ASIA,2026-08-27,VWAP+1σ,VWAP*,A,A,fade first touch,29634.04,hold,18,9,8,1,8.540000000000873,0.0,-21.540000000000873
1787871859000,ASIA,2026-08-27,VWAP,VWAP*,A,A,pullback long on reclaim,29625.28,break,22,8,8,6,0.22000000000116415,21.029999999998836,-1.2200000000011642
1787871859000,ASIA,2026-08-27,VWAP−1σ,VWAP*,A,A,deeper pullback long,29616.52,ambiguous_horizon,32,9,9,14,8.979999999999563,12.270000000000437,-1.4799999999995634
1787873169000,ASIA,2026-08-27,VWAP−1σ,VWAP*,A,A,fade_reversion,29616.22,hold,30,8,9,13,5.220000000001164,9.029999999998836,-21.220000000001164
1787873169000,ASIA,2026-08-27,Demand·1h,DEMAND,C,,confluence_react,29541.12,break,5,3,2,0,69.88000000000102,35.61999999999898,-16.38000000000102
1787873169000,ASIA,2026-08-27,iFVG(bull)·1h (HTF),IFVG,A,A,target_only,29403.88,untouched,0,0,0,0,207.11999999999898,0,0
1787878425000,ASIA,2026-08-27,SWG-H·15m,SWG-H,A,A,reject,29678.25,ambiguous_horizon,13,5,7,1,31.75,19.0,-9.5
1787878425000,ASIA,2026-08-27,ONH,ONH,A,A,sweep_break,29660.0,ambiguous_horizon,19,3,8,8,13.5,11.25,-9.25
1787878425000,ASIA,2026-08-27,SWG-H·5m,SWG-H,A,A,watch,29656.5,ambiguous_horizon,19,7,4,8,10.0,14.75,-5.75
1787878425000,ASIA,2026-08-27,VWAP+1σ,VWAP*,A,A,fade,29642.41,hold,15,5,8,2,4.0900000000001455,0.4099999999998545,-20.090000000000146
1787878425000,ASIA,2026-08-27,SWG-L·5m,SWG-L,A,A,target,29627.75,ambiguous_horizon,18,7,9,2,18.75,8.25,-3.5
1787878425000,ASIA,2026-08-27,VWAP−1σ,VWAP*,A,A,target,29608.79,ambiguous_horizon,31,8,7,16,37.70999999999913,5.790000000000873,-5.209999999999127
1787878425000,ASIA,2026-08-27,ONL,ONL,A,A,target,29591.5,ambiguous_horizon,8,4,3,1,55.0,13.75,-22.5
1787880144000,ASIA,2026-08-27,SWG-H·5m,SWG-H,A,A,watch,29667.75,hold,16,4,8,4,12.5,4.75,-26.0
1787880144000,ASIA,2026-08-27,ONH,ONH,A,A,sweep_reclaim,29671.25,hold,15,7,8,0,16.0,1.25,-21.5
1787880144000,ASIA,2026-08-27,VWAP+1σ,VWAP*,A,A,target,29650.25,hold,17,7,5,5,5.0,7.25,-21.5
1787880144000,ASIA,2026-08-27,eVWAP,eVWAP,A,A,target,29640.78,hold,14,3,9,2,14.470000000001164,0.0,-22.470000000001164
1787880144000,ASIA,2026-08-27,VWAP,VWAP*,A,A,retest,29630.84,ambiguous_horizon,16,5,8,3,24.409999999999854,10.090000000000146,-6.4099999999998545
1787882048000,ASIA,2026-08-27,SWG-H·15m,SWG-H,A,A,upper liquidity / death line,29707.5,hold,4,2,2,0,30.0,0.0,-66.25
1787882048000,ASIA,2026-08-27,ONH,ONH,A,A,sweep-reclaim short,29673.5,break,12,5,7,0,4.0,21.75,-2.5
1787882048000,ASIA,2026-08-27,VWAP+1σ,VWAP*,A,A,break-retest short / target,29655.28,ambiguous_horizon,15,6,4,5,22.220000000001164,11.779999999998836,-13.970000000001164
1787882048000,ASIA,2026-08-27,eVWAP,eVWAP,A,A,target,29642.63,hold,13,3,8,2,34.86999999999898,0.0,-20.61999999999898
1787882048000,ASIA,2026-08-27,VWAP,VWAP*,A,A,target,29635.04,ambiguous_horizon,14,4,9,1,42.45999999999913,14.290000000000873,-9.209999999999127
1787885378000,ASIA,2026-08-27,VWAP+2σ,VWAP*,A,A,reject/fade only; no new shorts after 5m close above,29694.69,ambiguous_horizon,7,3,3,1,37.68999999999869,7.81000000000131,-5.18999999999869
1787885378000,ASIA,2026-08-27,ONH,ONH,A,A,sweep_reclaim or breakout anchor; never blind fade,29704.25,hold,5,3,2,0,47.25,0.25,-18.5
1787885378000,ASIA,2026-08-27,SWG-H·5m,SWG-H,A,A,first target; breakdown/retest trigger,29673.5,break,11,5,6,0,16.5,28.0,-0.5
1787885378000,ASIA,2026-08-27,VWAP+1σ,VWAP*,A,A,nearest magnet; target,29668.54,ambiguous_horizon,13,3,6,4,11.540000000000873,14.959999999999127,-13.040000000000873
1787885378000,ASIA,2026-08-27,eVWAP,eVWAP,A,A,magnet; second target,29647.36,hold,12,3,6,3,9.639999999999418,7.860000000000582,-21.139999999999418
1787885378000,ASIA,2026-08-27,SWG-L·5m,SWG-L,A,A,reaction and target,29641.5,hold,13,3,8,2,15.5,0.0,-21.75
1787890469000,ASIA,2026-08-27,eVWAP,eVWAP,A,A,revert,29652.97,ambiguous_horizon,13,6,4,3,11.779999999998836,14.220000000001164,-4.029999999998836
1787890469000,ASIA,2026-08-27,VWAP+1σ,VWAP*,A,A,fade,29677.86,hold,9,5,4,0,13.110000000000582,4.389999999999418,-21.610000000000582
1787890469000,ASIA,2026-08-27,ONH,ONH,A,A,sweep_reclaim,29707.25,hold,4,2,2,0,42.5,0.0,-66.0
1787890469000,ASIA,2026-08-27,SWG-L·5m,SWG-L,A,A,react,29643.5,ambiguous_horizon,13,3,9,1,21.25,4.75,-9.75
1787890469000,ASIA,2026-08-27,SWG-L·5m,SWG-L,A,A,break_retest,29639.5,ambiguous_horizon,14,3,9,2,25.25,0.0,-10.5
1787890469000,ASIA,2026-08-27,VWAP−1σ,VWAP*,A,A,magnet,29623.48,ambiguous_horizon,22,10,7,5,41.27000000000044,8.479999999999563,-6.270000000000437
1787893239000,ASIA,2026-08-27,SWG-H·5m,SWG-H,A,A,short trigger on sweep_reclaim,29669.5,ambiguous_horizon,9,4,4,1,29.0,12.75,-18.25
1787893239000,ASIA,2026-08-27,VWAP+1σ,VWAP*,A,A,reject zone,29676.98,hold,9,5,4,0,36.47999999999956,5.270000000000437,-20.729999999999563
1787893239000,ASIA,2026-08-27,VWAP+2σ,VWAP*,A,A,target only,29703.14,hold,5,3,2,0,62.63999999999942,0.0,-49.38999999999942
1787893239000,ASIA,2026-08-27,VWAP−1σ,VWAP*,A,A,first target / breakdown trigger,29624.65,ambiguous_horizon,20,7,7,6,15.849999999998545,9.650000000001455,-5.099999999998545
1787893239000,ASIA,2026-08-27,nPOC·2026-08-26,nPOC,A,A,discount support,29581.88,hold,6,4,2,0,58.61999999999898,4.130000000001019,-24.36999999999898
1787895883000,ASIA,2026-08-27,VWAP−1σ,VWAP*,A,A,fade,29623.66,hold,20,9,7,4,16.409999999999854,0.0,-22.909999999999854
1787895883000,ASIA,2026-08-27,PDC,PDC,A,A,pivot,29642.0,hold,10,2,8,0,34.75,11.25,-17.75
1787895883000,ASIA,2026-08-27,VWAP,VWAP*,A,A,reject,29649.68,hold,10,2,6,2,42.43000000000029,0.0,-25.43000000000029
1787895883000,ASIA,2026-08-27,RTH-H,RTH-H,A,A,react,29678.25,hold,9,5,4,0,71.0,4.0,-22.0
1787895883000,ASIA,2026-08-27,PDH,PDH,A,A,react,29707.5,hold,4,2,2,0,100.25,0.0,-66.25
1787895883000,ASIA,2026-08-27,OB(bear)·1h,OB,C,C,confluence,29619.5,hold,25,10,7,8,12.25,2.25,-22.75
1787895883000,ASIA,2026-08-27,Supply·1h,SUPPLY,C,C,flip_ref,29539.38,break,4,2,2,0,67.86999999999898,33.88000000000102,-18.11999999999898
1787895883000,ASIA,2026-08-27,OB(bull)·1h (HTF),OB,A,A,target_only,29432.25,untouched,0,0,0,0,175.0,0,0
1787895883000,ASIA,2026-08-27,RTH-L,RTH-L,A,A,reclaim,29424.0,untouched,0,0,0,0,183.25,0,0
1787895883000,ASIA,2026-08-27,PDL,PDL,A,A,react,29402.25,untouched,0,0,0,0,205.0,0,0
1787896964000,ASIA,2026-08-27,Demand·1h (HTF),DEMAND,A,A,target_only,29316.38,untouched,0,0,0,0,289.619999999999,0,0
1787896964000,ASIA,2026-08-27,OB(bull)·1h,OB,C,C,watch_confluence,29611.0,ambiguous_horizon,30,6,8,16,5.0,7.0,-9.75
1787896964000,ASIA,2026-08-27,VWAP−1σ,VWAP*,A,A,fade_shorts,29621.01,hold,21,7,6,8,15.0099999999984,0.7400000000016007,-20.2599999999984
1787896964000,ASIA,2026-08-27,VWAP,VWAP*,A,A,invalidate_here,29647.73,hold,10,2,6,2,41.72999999999956,0.0,-23.479999999999563
1787899390000,ASIA,2026-08-27,VWAP+1σ,VWAP*,A,A,fade,29673.24,hold,9,5,4,0,51.2400000000016,9.0099999999984,-21.9900000000016
1787899390000,ASIA,2026-08-27,VWAP,VWAP*,A,A,fade,29645.86,hold,12,3,9,0,23.860000000000582,7.389999999999418,-18.610000000000582
1787899390000,ASIA,2026-08-27,VWAP−1σ,VWAP*,A,A,fade,29618.47,hold,24,9,6,9,3.529999999998836,1.2200000000011642,-17.529999999998836
1787901224000,LONDON,2026-08-28,VWAP−2σ,VWAP*,A,A,first support/target below onl,29588.43,ambiguous_horizon,6,4,1,1,23.56999999999971,10.680000000000291,-17.81999999999971
1787901224000,LONDON,2026-08-28,VWAP+1σ,VWAP*,A,A,fade target / flip reference,29671.88,hold,9,5,4,0,59.88000000000102,10.369999999998981,-20.63000000000102
1787917001000,LONDON,2026-08-28,ONL,ONL,A,A,liquidity_break,29577.75,hold,6,3,3,0,40.0,15.25,-28.25
1787917001000,LONDON,2026-08-28,VWAP−1σ,VWAP*,A,A,magnet_meanrevert,29606.02,ambiguous_horizon,10,3,6,1,11.729999999999563,8.770000000000437,-8.729999999999563
1787917001000,LONDON,2026-08-28,iFVG(bear)·1h (HTF),IFVG,A,A,target_only,29620.0,ambiguous_horizon,11,4,6,1,2.25,4.0,-17.0
1787917001000,LONDON,2026-08-28,OB(bear)·1h,OB,C,A,confluence,29644.38,break,11,3,8,0,26.63000000000102,20.36999999999898,-7.380000000001019
1787917001000,LONDON,2026-08-28,OB(bear)·4h (HTF),OB,A,A,target_only,29664.25,hold,10,4,5,1,46.5,0.0,-20.5
1787920012000,LONDON,2026-08-28,VWAP+1σ,VWAP*,A,A,magnet_meanrevert,29662.13,hold,11,3,6,2,12.380000000001019,0.0,-18.38000000000102
1787920012000,LONDON,2026-08-28,OB(bull)·1h (HTF),OB,A,A,target_only,29490.88,hold,19,11,3,5,158.86999999999898,26.38000000000102,-35.11999999999898
1787920521000,LONDON,2026-08-28,OB(bull)·1h (HTF),OB,A,A,target_only,29715.75,break,2,0,2,0,91.0,28.25,-11.5
1787920521000,LONDON,2026-08-28,Demand·1h (HTF),DEMAND,A,,react_zone,29722.62,break,2,0,2,0,97.86999999999898,23.38000000000102,0.0
1787920521000,LONDON,2026-08-28,SWG-H·15m,SWG-H,A,A,react_zone,29653.25,ambiguous_horizon,10,4,4,2,28.5,10.75,-4.5
1787921308000,LONDON,2026-08-28,eVWAP,eVWAP,A,A,magnet_meanrevert: fade extension only,29637.04,break,8,2,6,0,22.709999999999127,40.29000000000087,-9.209999999999127
1787921308000,LONDON,2026-08-28,SWG-H·15m,SWG-H,A,A,react_zone: first support / break reference,29633.5,break,8,2,6,0,26.25,36.75,-12.75
1787921308000,LONDON,2026-08-28,OB(bear)·15m,OB,C,C,htf confluence only — never standalone trigger,29629.0,break,8,3,5,0,30.75,32.25,-17.25
1787921308000,LONDON,2026-08-28,SWG-H·5m,SWG-H,A,A,react_zone: retest as new break trigger,29623.0,hold,8,3,5,0,36.75,0.25,-22.0
1787921308000,LONDON,2026-08-28,VWAP−1σ,VWAP*,A,A,magnet_meanrevert: target / support reference,29606.4,break,8,3,5,0,53.349999999998545,34.650000000001455,-6.099999999998545
1787921308000,LONDON,2026-08-28,SWG-L·5m,SWG-L,A,A,react_zone: break target,29597.25,break,6,2,4,0,62.5,25.5,-15.25
1787922982000,LONDON,2026-08-28,VWAP+1σ,VWAP*,A,A,fade,29663.45,break,8,3,5,0,7.950000000000728,35.54999999999927,0.0
1787922982000,LONDON,2026-08-28,OB(bear)·1h (HTF),OB,A,A,target,29644.38,break,8,3,5,0,11.119999999998981,19.38000000000102,-5.869999999998981
1787924039000,NY,2026-08-28,OB(bull)·1h (HTF),OB,A,A,target_only,29514.5,hold,12,6,3,3,90.75,0.0,-27.75
1787924039000,NY,2026-08-28,VWAP,VWAP*,A,A,magnet_meanrevert,29636.13,break,7,2,5,0,30.88000000000102,58.36999999999898,-15.880000000001019
1787924039000,NY,2026-08-28,Supply·1h,SUPPLY,C,C,confluence,29848.75,untouched,0,0,0,0,243.5,0,0
1787924948000,NY,2026-08-28,VWAP+1σ,VWAP*,A,A,magnet_meanrevert,29660.45,break,4,1,3,0,7.950000000000728,47.04999999999927,-57.70000000000073
1787924948000,NY,2026-08-28,OR-H,OR-H,A,A,liquidity_break,29637.5,hold,6,2,4,0,15.0,12.0,-21.0
1787924948000,NY,2026-08-28,OR-L,OR-L,A,A,liquidity_break,29562.5,hold,6,1,5,0,90.0,0.0,-55.0
1787926849000,NY,2026-08-28,VWAP,VWAP*,A,A,magnet_meanrevert,29631.14,break,2,0,2,0,13.860000000000582,26.889999999999418,-23.360000000000582
1787926849000,NY,2026-08-28,OB(bull)·1h,OB,C,C,confluence_reference,29532.0,hold,4,2,2,0,113.0,12.0,-23.75
1787932307000,NY,2026-08-28,Supply·4h (HTF),SUPPLY,A,A,react,29767.5,untouched,0,0,0,0,176.5,0,0
1787932307000,NY,2026-08-28,OB(bull)·4h (HTF),OB,A,A,target,29697.75,untouched,0,0,0,0,106.75,0,0
1787932307000,NY,2026-08-28,VWAP,VWAP*,A,A,revert,29657.39,untouched,0,0,0,0,66.38999999999942,0,0
1787932307000,NY,2026-08-28,Demand·4h (HTF),DEMAND,A,A,target,29654.0,untouched,0,0,0,0,63.0,0,0
1787936744000,NY,2026-08-28,EQL·1h (HTF),EQL,A,A,death_line,29441.0,hold,2,2,0,0,1.25,0.0,-22.25
1787936744000,NY,2026-08-28,SWG-L·5m,SWG-L,A,A,sweep_reclaim_long,29464.5,break,8,5,3,0,22.25,20.25,-24.5
1787936744000,NY,2026-08-28,EQH·15m (HTF),EQH,A,A,sweep_liquidity,29468.0,break,8,5,3,0,25.75,16.75,-3.75
1787936744000,NY,2026-08-28,VWAP−2σ,VWAP*,A,A,long_reject,29479.5,hold,10,6,2,2,37.25,10.5,-28.25
1787936744000,NY,2026-08-28,EQH·15m (HTF),EQH,A,A,watch_liquidity,29488.5,hold,14,7,1,6,46.25,0.75,-19.75
1787936744000,NY,2026-08-28,OB(bear)·1h,OB,C,C,confluence,29502.88,hold,10,6,2,2,60.63000000000102,1.6199999999989814,-21.38000000000102
1787936744000,NY,2026-08-28,VWAP−1σ,VWAP*,A,A,target,29555.56,untouched,0,0,0,0,113.31000000000131,0,0
1787936744000,NY,2026-08-28,pdVWAP,pdVWAP,A,A,target,29572.69,untouched,0,0,0,0,130.4399999999987,0,0
1787936744000,NY,2026-08-28,EQL·1h (HTF),EQL,A,A,short_reject,29588.25,untouched,0,0,0,0,146.0,0,0
1787936744000,NY,2026-08-28,SWG-L·15m,SWG-L,A,A,invalidation,29592.5,untouched,0,0,0,0,150.25,0,0
1787939999000,NY,2026-08-28,EQL,EQL,A,A,liquidity pool/reclaim trigger,29464.25,break,2,0,2,0,44.0,19.0,-1.5
1787939999000,NY,2026-08-28,VWAP−2σ,VWAP*,A,A,support/reclaim reference,29453.77,ambiguous_horizon,1,0,0,1,54.47999999999956,13.270000000000437,-16.479999999999563
1787939999000,NY,2026-08-28,SWG-L·5m,SWG-L,A,A,death/stop reference,29437.0,untouched,0,0,0,0,71.25,0,0
1787939999000,NY,2026-08-28,PDL,PDL,A,A,liquidity break target,29424.0,untouched,0,0,0,0,84.25,0,0
1787939999000,NY,2026-08-28,EQH·1h (HTF),EQH,A,A,lower liquidity break confluence,29420.0,untouched,0,0,0,0,88.25,0,0
1787939999000,NY,2026-08-28,EQH·15m (HTF),EQH,A,A,lower liquidity break target,29416.0,untouched,0,0,0,0,92.25,0,0
1787939999000,NY,2026-08-28,EQL·15m (HTF),EQL,A,A,lower target,29402.25,untouched,0,0,0,0,106.0,0,0
1787939999000,NY,2026-08-28,EQH,EQH,A,A,first opposing liquidity target,29495.0,hold,8,2,2,4,13.25,0.0,-23.5
1787939999000,NY,2026-08-28,VAL,VAL,A,,value reclaim target,29532.67,untouched,0,0,0,0,24.419999999998254,0,0
1787939999000,NY,2026-08-28,SWG-H·5m,SWG-H,A,A,upper target,29549.0,untouched,0,0,0,0,40.75,0,0
1787940531000,NY,2026-08-28,VWAP−2σ,VWAP*,A,A,hold,29445.53,hold,1,1,0,0,60.470000000001164,5.029999999998836,-24.720000000001164
1787940531000,NY,2026-08-28,EQL,EQL,A,A,reclaim,29512.0,hold,5,4,0,1,6.0,6.5,-23.5
1787940531000,NY,2026-08-28,EQL·15m (HTF),EQL,A,A,break,29516.0,hold,3,2,0,1,10.0,2.5,-27.5
1787940531000,NY,2026-08-28,VWAP−1σ,VWAP*,A,A,reclaim,29531.05,untouched,0,0,0,0,25.049999999999272,0,0
1787940531000,NY,2026-08-28,pdVWAP,pdVWAP,A,A,magnet,29573.96,untouched,0,0,0,0,67.95999999999913,0,0
1788127736000,ASIA,2026-08-30,OB(bear)·1h,OB,C,C,confluence_only,29502.88,ambiguous_horizon,12,2,2,8,45.38000000000102,15.369999999998981,-2.6300000000010186
1788127736000,ASIA,2026-08-30,nPOC·2026-08-27,nPOC,A,A,reject,29494.38,hold,10,5,3,2,36.88000000000102,0.0,-18.88000000000102
1788127736000,ASIA,2026-08-30,PDL,PDL,A,A,sweep_reclaim,29437.0,ambiguous_horizon,31,16,8,7,20.5,10.0,-17.0
1788127736000,ASIA,2026-08-30,EQL·1h (HTF),EQL,A,A,target_only,29424.0,break,28,13,9,6,33.5,42.25,-9.75
1788127736000,ASIA,2026-08-30,EQH·15m (HTF),EQH,A,A,target_only,29414.75,break,25,9,11,5,42.75,33.0,-3.75
1788127736000,ASIA,2026-08-30,PDC,PDC,A,A,breakout_retest,29509.5,ambiguous_horizon,15,3,3,9,52.0,8.75,-8.5
1788127736000,ASIA,2026-08-30,EQL·15m (HTF),EQL,A,A,target_only,29514.5,ambiguous_horizon,14,2,2,10,57.0,3.75,-13.5
1788127736000,ASIA,2026-08-30,EQH,EQH,A,A,target_only,29521.5,ambiguous_horizon,8,3,0,5,64.0,3.5,-19.0
1788127736000,ASIA,2026-08-30,Supply·1h,SUPPLY,C,C,confluence_only,29539.38,untouched,0,0,0,0,81.88000000000102,0,0
1788127736000,ASIA,2026-08-30,ONH,ONH,A,A,target_only,29543.5,untouched,0,0,0,0,86.0,0,0
1788132934000,ASIA,2026-08-30,EQH·15m,EQH,A,A,target,29310.0,hold,12,7,4,1,62.0,9.0,-21.0
1788132934000,ASIA,2026-08-30,iFVG(bear)·1h,IFVG,A,A,target,29335.5,hold,12,6,6,0,36.5,0.0,-21.5
1788132934000,ASIA,2026-08-30,OB(bull)·15m,OB,C,B,confluence,29357.25,break,10,3,4,3,14.75,36.25,-9.5
1788132934000,ASIA,2026-08-30,ONL,ONL,A,A,sweep_or_break,29371.5,break,7,4,2,1,0.5,26.5,-18.25
1788132934000,ASIA,2026-08-30,VWAP−2σ,VWAP*,A,A,react,29379.45,break,11,5,5,1,7.450000000000728,18.799999999999272,-5.700000000000728
1788132934000,ASIA,2026-08-30,EQL·4h,EQL,A,A,target,29396.75,ambiguous_horizon,20,9,5,6,24.75,2.25,-18.0
1788132934000,ASIA,2026-08-30,VWAP−1σ,VWAP*,A,A,fade,29414.21,ambiguous_horizon,24,7,10,7,42.20999999999913,23.790000000000873,-7.209999999999127
1788132934000,ASIA,2026-08-30,EQH·1h,EQH,A,A,cap,29420.0,ambiguous_horizon,26,10,9,7,48.0,18.0,-13.0
1788132934000,ASIA,2026-08-30,SWG-L·5m,SWG-L,A,A,react,29427.0,ambiguous_horizon,26,14,6,6,55.0,11.0,-10.25
1788132934000,ASIA,2026-08-30,RTH-L,RTH-L,A,A,react,29437.0,hold,29,16,8,5,65.0,0.0,-19.0
1788132934000,ASIA,2026-08-30,VWAP,VWAP*,A,A,fade,29448.96,break,20,3,6,11,76.95999999999913,26.040000000000873,-6.459999999999127
1788132934000,ASIA,2026-08-30,Supply·1h,SUPPLY,C,,confluence,29465.12,ambiguous_horizon,13,6,5,2,93.11999999999898,12.130000000001019,-9.119999999998981
1788156410000,ASIA,2026-08-30,SWG-H·5m,SWG-H,A,A,monitor,29477.25,hold,7,4,3,0,3.5,0.0,-17.75
1788156410000,ASIA,2026-08-30,VWAP+2σ,VWAP*,A,A,monitor,29482.48,break,8,3,2,3,1.7299999999995634,21.020000000000437,0.0
1788156410000,ASIA,2026-08-30,VWAP+1σ,VWAP*,A,A,monitor,29424.83,hold,27,15,8,4,55.919999999998254,0.0,-32.169999999998254
1788156410000,ASIA,2026-08-30,VWAP,VWAP*,A,A,monitor,29367.17,hold,2,2,0,0,113.58000000000175,13.169999999998254,-36.830000000001746
1788156410000,ASIA,2026-08-30,SWG-H·15m,SWG-H,A,A,monitor,29363.0,hold,1,1,0,0,117.75,7.5,-24.5
1788156410000,ASIA,2026-08-30,SWG-H·5m,SWG-H,A,A,monitor,29356.0,hold,1,1,0,0,124.75,0.5,-31.5
1788156410000,ASIA,2026-08-30,SWG-L·5m,SWG-L,A,A,monitor,29341.0,untouched,0,0,0,0,139.75,0,0
1788156410000,ASIA,2026-08-30,VWAP−1σ,VWAP*,A,A,monitor,29309.51,untouched,0,0,0,0,171.2400000000016,0,0
1788156410000,ASIA,2026-08-30,ONL,ONL,A,A,monitor,29273.5,untouched,0,0,0,0,207.25,0,0
1788177050000,LONDON,2026-08-31,SWG-L·5m,SWG-L,A,A,monitor,29443.0,break,17,7,7,3,4.0,23.75,-13.5
1788177050000,LONDON,2026-08-31,SWG-H·5m,SWG-H,A,A,monitor,29460.0,hold,10,7,3,0,21.0,7.0,-60.0
1788177050000,LONDON,2026-08-31,VWAP,VWAP*,A,A,monitor,29397.01,ambiguous_horizon,18,9,4,5,41.9900000000016,7.509999999998399,-11.2400000000016
1788177050000,LONDON,2026-08-31,VWAP+1σ,VWAP*,A,A,monitor,29469.55,hold,6,3,3,0,30.549999999999272,13.450000000000728,-22.299999999999272
1788177050000,LONDON,2026-08-31,SWG-H·15m,SWG-H,A,A,monitor,29368.25,hold,2,2,0,0,70.75,14.25,-35.75
1788177050000,LONDON,2026-08-31,SWG-L·15m,SWG-L,A,A,monitor,29329.5,untouched,0,0,0,0,109.5,0,0
1788177050000,LONDON,2026-08-31,VWAP−1σ,VWAP*,A,A,monitor,29324.46,untouched,0,0,0,0,114.54000000000087,0,0
1788177050000,LONDON,2026-08-31,SWG-H·15m,SWG-H,A,A,monitor,29538.75,untouched,0,0,0,0,99.75,0,0
1788180035000,LONDON,2026-08-31,OB(bull)·1h,OB,C,C,confluence,29432.25,break,19,10,6,3,36.0,49.0,-15.25
1788180035000,LONDON,2026-08-31,VWAP,VWAP*,A,A,fade-long,29398.52,ambiguous_horizon,19,11,4,4,2.2700000000004366,19.729999999999563,-14.270000000000437
1788180035000,LONDON,2026-08-31,Demand·1h (HTF),DEMAND,A,A,target,29316.38,untouched,0,0,0,0,79.86999999999898,0,0
1788180035000,LONDON,2026-08-31,OB(bear)·1h (HTF),OB,A,A,target,29498.5,hold,3,2,1,0,102.25,16.25,-33.25
1788180035000,LONDON,2026-08-31,OB(bull)·1h (HTF),OB,A,A,target,29574.38,untouched,0,0,0,0,178.13000000000102,0,0
1788180035000,LONDON,2026-08-31,OB(bull)·1h (HTF),OB,A,A,target,29633.25,untouched,0,0,0,0,237.0,0,0
1788180035000,LONDON,2026-08-31,PDH,PDH,A,A,reject-short,29811.75,untouched,0,0,0,0,415.5,0,0
1788183234000,LONDON,2026-08-31,SWG-H·5m,SWG-H,A,A,monitor,29470.0,hold,3,2,1,0,4.75,6.75,-49.75
1788183234000,LONDON,2026-08-31,VWAP+1σ,VWAP*,A,A,monitor,29473.06,hold,3,2,1,0,7.81000000000131,3.6899999999986903,-52.81000000000131
1788183234000,LONDON,2026-08-31,SWG-H·5m,SWG-H,A,A,monitor,29483.0,hold,2,1,1,0,17.75,3.0,-22.0
1788183234000,LONDON,2026-08-31,OR-H,OR-H,A,A,monitor,29517.0,ambiguous_horizon,4,0,0,4,51.75,21.0,-18.75
1788183234000,LONDON,2026-08-31,OR-L,OR-L,A,A,monitor,29417.0,break,21,9,10,2,48.25,25.0,-21.75
1788183234000,LONDON,2026-08-31,VWAP,VWAP*,A,A,monitor,29404.31,hold,19,11,3,5,60.93999999999869,0.0,-32.43999999999869
1788183234000,LONDON,2026-08-31,VWAP−1σ,VWAP*,A,A,monitor,29335.56,untouched,0,0,0,0,129.6899999999987,0,0
1788184039000,NY,2026-08-31,VWAP,VWAP*,A,A,monitor,29407.03,break,21,9,11,1,50.970000000001164,30.279999999998836,-16.470000000001164
1788184039000,NY,2026-08-31,SWG-L·5m,SWG-L,A,A,monitor,29400.0,break,14,6,5,3,58.0,23.25,-23.5
1788184039000,NY,2026-08-31,SWG-H·5m,SWG-H,A,A,monitor,29443.0,hold,10,5,2,3,15.0,30.25,-21.75
1788184039000,NY,2026-08-31,SWG-L·5m,SWG-L,A,A,monitor,29374.25,hold,3,3,0,0,83.75,3.75,-31.0
1788184039000,NY,2026-08-31,VWAP−1σ,VWAP*,A,A,monitor,29343.13,untouched,0,0,0,0,114.86999999999898,0,0
1788186798000,NY,2026-08-31,SWG-L·5m,SWG-L,A,A,monitor,29386.75,hold,6,3,2,1,10.25,1.5,-27.25
1788186798000,NY,2026-08-31,SWG-L·5m,SWG-L,A,A,monitor,29398.5,break,10,5,2,3,22.0,19.75,0.0
1788186798000,NY,2026-08-31,VWAP−1σ,VWAP*,A,A,monitor,29350.96,untouched,0,0,0,0,25.540000000000873,0,0
1788186798000,NY,2026-08-31,VWAP,VWAP*,A,A,monitor,29408.71,break,16,4,10,2,32.20999999999913,28.790000000000873,-7.959999999999127
1788186798000,NY,2026-08-31,VWAP+1σ,VWAP*,A,A,monitor,29466.47,break,1,0,1,0,89.97000000000116,63.029999999998836,-7.970000000001164
1788187946000,NY,2026-08-31,Supply·1h,SUPPLY,C,C,confluence reference only,29209.25,untouched,0,0,0,0,179.75,0,0
1788187946000,NY,2026-08-31,iFVG(bear)·4h (HTF),IFVG,A,A,target only,29280.88,untouched,0,0,0,0,108.11999999999898,0,0
1788187946000,NY,2026-08-31,VWAP−1σ,VWAP*,A,A,magnet / breakdown trigger,29351.47,untouched,0,0,0,0,37.529999999998836,0,0
1788187946000,NY,2026-08-31,VWAP,VWAP*,A,A,reclaim pivot / short trigger on close back below,29408.52,break,14,4,8,2,19.520000000000437,24.979999999999563,-1.2700000000004366
1788195535000,NY,2026-08-31,VWAP−1σ,VWAP*,A,A,magnet_meanrevert,29358.24,untouched,0,0,0,0,81.5099999999984,0,0
1788195535000,NY,2026-08-31,SWG-L·5m,SWG-L,A,A,react_zone,29397.5,hold,2,1,0,1,42.25,9.25,-19.75
1788195535000,NY,2026-08-31,SWG-H·5m,SWG-H,A,A,react_zone,29413.0,break,5,0,3,2,26.75,21.0,-12.25
1788195535000,NY,2026-08-31,VWAP+1σ,VWAP*,A,A,magnet_meanrevert,29459.08,ambiguous_horizon,4,2,1,1,19.330000000001746,2.6699999999982538,-17.080000000001746
1788197409000,NY,2026-08-31,VWAP,VWAP*,A,A,anchor/fade; flip line,29409.25,break,3,0,2,1,12.0,23.5,-5.25
1788197409000,NY,2026-08-31,VWAP−1σ,VWAP*,A,A,death line/downside target,29359.48,untouched,0,0,0,0,37.77000000000044,0,0
1788197409000,NY,2026-08-31,SWG-H·5m,SWG-H,A,A,breakout-retest trigger,29432.75,break,4,1,2,1,35.5,23.75,-10.5
1788197409000,NY,2026-08-31,VWAP+1σ,VWAP*,A,A,magnet target,29459.03,ambiguous_horizon,4,2,1,1,61.779999999998836,2.720000000001164,-17.029999999998836
1788198829000,NY,2026-08-31,SWG-L·5m,SWG-L,A,A,long reversal on sweep_reclaim,29394.75,ambiguous_horizon,1,0,0,1,58.5,12.25,-11.75
1788198829000,NY,2026-08-31,SWG-L·5m,SWG-L,A,A,death line below; long invalidation,29388.25,hold,1,1,0,0,65.0,1.5,-18.25
1788198829000,NY,2026-08-31,VWAP−1σ,VWAP*,A,A,mean-revert target / lower magnet,29360.4,untouched,0,0,0,0,92.84999999999854,0,0
1788198829000,NY,2026-08-31,SWG-H·5m,SWG-H,A,A,breakout-retest long trigger,29443.25,ambiguous_horizon,3,0,0,3,10.0,21.0,-17.0
1788198829000,NY,2026-08-31,VWAP+1σ,VWAP*,A,A,mean-revert magnet / short reject trigger,29458.38,ambiguous_horizon,3,1,1,1,5.130000000001019,3.3699999999989814,-16.38000000000102
1788204846000,NY,2026-08-31,SWG-L·5m,SWG-L,A,A,react_zone; retest long,29422.25,untouched,0,0,0,0,25.75,0,0
1788204846000,NY,2026-08-31,VWAP,VWAP*,A,A,magnet_meanrevert; fade long,29410.98,untouched,0,0,0,0,37.02000000000044,0,0
1788204846000,NY,2026-08-31,VWAP−1σ,VWAP*,A,A,target_only; invalidation,29363.72,untouched,0,0,0,0,84.27999999999884,0,0
1788204846000,NY,2026-08-31,SWG-H·15m,SWG-H,A,A,react_zone; fade/break reference,29445.5,untouched,0,0,0,0,2.5,0,0
1788204846000,NY,2026-08-31,OB(bear)·4h (HTF),OB,A,,target_only,29563.12,untouched,0,0,0,0,115.11999999999898,0,0
1788214712000,ASIA,2026-08-31,VWAP−1σ,VWAP*,A,A,monitor,29504.19,ambiguous_horizon,15,1,4,10,1.4399999999986903,2.8100000000013097,-4.18999999999869
1788214712000,ASIA,2026-08-31,ONL,ONL,A,A,monitor,29499.0,ambiguous_horizon,17,4,5,8,3.75,8.25,-2.25
1788214712000,ASIA,2026-08-31,VWAP,VWAP*,A,A,monitor,29507.96,ambiguous_horizon,13,3,3,7,5.209999999999127,0.0,-15.959999999999127
1788214712000,ASIA,2026-08-31,VWAP+1σ,VWAP*,A,A,monitor,29511.73,hold,10,3,2,5,8.979999999999563,0.0,-22.229999999999563
1788214712000,ASIA,2026-08-31,OR-H,OR-H,A,A,monitor,29517.0,hold,11,9,2,0,14.25,0.0,-18.75
1788214712000,ASIA,2026-08-31,SWG-H·5m,SWG-H,A,A,monitor,29520.25,hold,6,4,1,1,17.5,0.0,-20.75
1788214712000,ASIA,2026-08-31,ONH,ONH,A,A,monitor,29524.0,break,5,2,2,1,21.25,19.75,-2.25
1788214712000,ASIA,2026-08-31,SWG-H·5m,SWG-H,A,A,monitor,29538.0,break,7,2,2,3,35.25,19.75,-4.5
1788214712000,ASIA,2026-08-31,SWG-H·5m,SWG-H,A,A,monitor,29461.75,ambiguous_horizon,6,1,2,3,41.0,16.5,-10.75
1788214712000,ASIA,2026-08-31,SWG-L·5m,SWG-L,A,A,monitor,29422.25,break,1,0,1,0,80.5,66.5,-28.25
1788214712000,ASIA,2026-08-31,OR-L,OR-L,C,C,monitor,29417.0,break,1,0,1,0,85.75,61.25,-33.5
1788214712000,ASIA,2026-08-31,SWG-L·5m,SWG-L,A,A,monitor,29382.5,break,1,0,1,0,120.25,39.5,0.0
1788242469000,ASIA,2026-08-31,ONH,ONH,A,A,monitor,29571.0,untouched,0,0,0,0,7.75,0,0
1788242469000,ASIA,2026-08-31,PDH,PDH,A,A,monitor,29538.75,hold,6,2,1,3,24.5,0.5,-19.25
1788242469000,ASIA,2026-08-31,SWG-H·15m,SWG-H,A,A,monitor,29522.5,ambiguous_horizon,4,2,1,1,40.75,8.5,-15.75
1788242469000,ASIA,2026-08-31,RTH-H,RTH-H,A,A,monitor,29517.0,hold,4,3,1,0,46.25,3.0,-21.25
1788242469000,ASIA,2026-08-31,SWG-H·5m,SWG-H,A,A,monitor,29502.25,break,1,0,1,0,61.0,26.0,-6.75
1788242469000,ASIA,2026-08-31,SWG-H·5m,SWG-H,A,A,monitor,29498.25,break,1,0,1,0,65.0,29.75,-1.25
1788242469000,ASIA,2026-08-31,VWAP,VWAP*,A,A,monitor,29492.75,break,1,0,1,0,70.5,24.25,-2.5
1788242469000,ASIA,2026-08-31,SWG-L·5m,SWG-L,A,A,monitor,29485.5,break,1,0,1,0,77.75,17.0,0.0
1788242469000,ASIA,2026-08-31,SWG-L·15m,SWG-L,A,A,monitor,29477.0,break,2,1,1,0,86.25,28.75,-6.25
1788242469000,ASIA,2026-08-31,PDC,PDC,A,A,monitor,29473.25,break,2,1,1,0,90.0,25.0,-3.25
1788242469000,ASIA,2026-08-31,ONL,ONL,A,A,monitor,29435.75,break,1,0,1,0,127.5,25.75,-14.75
1788242469000,ASIA,2026-08-31,POC,POC,A,A,monitor,29418.62,break,1,0,1,0,144.63000000000102,62.86999999999898,-31.88000000000102
1788245371000,LONDON,2026-09-01,VWAP+1σ,VWAP*,A,A,monitor,29522.61,hold,3,2,1,0,6.389999999999418,10.860000000000582,-27.139999999999418
1788245371000,LONDON,2026-09-01,VWAP+2σ,VWAP*,A,A,monitor,29547.76,hold,3,3,0,0,18.7599999999984,7.240000000001601,-28.0099999999984
1788245371000,LONDON,2026-09-01,VWAP,VWAP*,A,A,monitor,29497.46,break,1,0,1,0,31.540000000000873,28.959999999999127,-2.040000000000873
1788248907000,LONDON,2026-09-01,VWAP,VWAP*,A,A,short_reject,29500.21,untouched,0,0,0,0,25.459999999999127,0,0
1788248907000,LONDON,2026-09-01,SWG-L·5m,SWG-L,A,A,breakdown_trigger,29447.5,break,2,1,1,0,27.25,25.75,-1.5
1788248907000,LONDON,2026-09-01,OB(bull)·1h,OB,C,C,confluence_target,29432.25,break,1,0,1,0,42.5,22.25,-18.25
1788248907000,LONDON,2026-09-01,OB(bull)·1h (HTF),OB,A,,target_only,29422.12,break,1,0,1,0,52.63000000000102,66.36999999999898,-28.38000000000102
1788248907000,LONDON,2026-09-01,PDL,PDL,A,A,react_zone,29354.0,break,1,0,1,0,120.75,33.75,-8.0
1788256363000,LONDON,2026-09-01,ONL,ONL,A,A,target,29182.0,hold,7,4,3,0,38.0,0.0,-21.5
1788256363000,LONDON,2026-09-01,SWG-L·5m,SWG-L,A,A,target,29186.0,hold,6,2,3,1,34.0,0.5,-19.75
1788256363000,LONDON,2026-09-01,OB(bull)·1h (HTF),OB,A,A,target,29201.5,hold,10,3,5,2,18.5,0.0,-20.0
1788256363000,LONDON,2026-09-01,Demand·1h,DEMAND,C,C,confluence only,29212.5,ambiguous_horizon,11,3,6,2,7.5,11.25,-15.75
1788256363000,LONDON,2026-09-01,VWAP−2σ,VWAP*,A,A,watch,29231.63,break,8,2,6,0,11.630000000001019,17.61999999999898,0.0
1788256363000,LONDON,2026-09-01,SWG-L·5m,SWG-L,A,A,watch,29246.75,ambiguous_horizon,5,1,3,1,26.75,10.75,-14.0
1788256363000,LONDON,2026-09-01,SWG-H·5m,SWG-H,A,A,watch,29280.0,break,2,0,2,0,60.0,25.75,-13.25
1788256363000,LONDON,2026-09-01,OB(bull)·1h (HTF),OB,A,A,target,29324.5,untouched,0,0,0,0,104.5,0,0
1788256363000,LONDON,2026-09-01,VWAP−1σ,VWAP*,A,A,magnet,29335.76,untouched,0,0,0,0,115.7599999999984,0,0
1788256363000,LONDON,2026-09-01,RTH-L,RTH-L,A,A,flip,29354.0,untouched,0,0,0,0,134.0,0,0
1788256363000,LONDON,2026-09-01,pdVWAP,pdVWAP,A,A,magnet,29415.82,untouched,0,0,0,0,195.8199999999997,0,0
1788258870000,LONDON,2026-09-01,OB(bear)·4h,OB,C,C,target,29154.38,ambiguous_horizon,15,8,4,3,96.36999999999898,16.38000000000102,-19.36999999999898
1788258870000,LONDON,2026-09-01,SWG-L·5m,SWG-L,A,A,hold,29201.25,ambiguous_horizon,9,2,5,2,49.5,12.25,-13.75
1788258870000,LONDON,2026-09-01,SWG-H·5m,SWG-H,A,A,first-resistance,29227.75,break,6,0,5,1,23.0,24.25,-16.5
1788258870000,LONDON,2026-09-01,VWAP−1σ,VWAP*,A,A,magnet,29323.92,untouched,0,0,0,0,73.16999999999825,0,0
1788258870000,LONDON,2026-09-01,VWAP,VWAP*,A,A,death-line,29433.23,untouched,0,0,0,0,182.47999999999956,0,0
1788258870000,LONDON,2026-09-01,Supply·4h,SUPPLY,A,A,target,29462.5,untouched,0,0,0,0,211.75,0,0
1788264452000,LONDON,2026-09-01,EQL·4h,EQL,A,A,support/decision,29202.5,break,5,1,4,0,34.75,21.75,-8.0
1788264452000,LONDON,2026-09-01,SWG-L·5m,SWG-L,A,A,long reject/touch,29182.0,break,5,3,2,0,14.25,26.25,-1.25
1788264452000,LONDON,2026-09-01,ONL,ONL,A,A,break/trigger,29177.5,hold,5,3,2,0,9.75,0.0,-22.0
1788264452000,LONDON,2026-09-01,VWAP−2σ,VWAP*,A,A,long reject/target,29161.96,ambiguous_horizon,11,6,4,1,5.790000000000873,11.790000000000873,-23.959999999999127
1788264452000,LONDON,2026-09-01,SWG-H·5m,SWG-H,A,A,target/resistance,29258.0,hold,3,1,2,0,90.25,2.75,-23.75
1788264452000,LONDON,2026-09-01,iFVG(bear)·4h,IFVG,A,A,target_only,29280.88,break,2,0,2,0,113.13000000000102,24.86999999999898,-14.130000000001019
1788264452000,LONDON,2026-09-01,VWAP−1σ,VWAP*,A,A,magnet/target,29285.56,break,2,0,2,0,117.81000000000131,20.18999999999869,0.0
1788267393000,LONDON,2026-09-01,ONL,ONL,A,A,break/sweep-reclaim reference,29123.25,break,18,12,5,1,4.75,23.25,-2.75
1788267393000,LONDON,2026-09-01,VWAP−2σ,VWAP*,A,A,target / first-touch reaction,29100.81,ambiguous_horizon,13,6,5,2,27.18999999999869,14.31000000000131,-15.93999999999869
1788267393000,LONDON,2026-09-01,OB(bull)·1h (HTF),OB,A,A,target only,29085.0,hold,7,3,4,0,43.0,2.25,-17.5
1788267393000,LONDON,2026-09-01,Demand·1h (HTF),DEMAND,A,A,target only,29076.5,hold,5,1,4,0,51.5,6.5,-22.25
1788267393000,LONDON,2026-09-01,OB(bull)·4h,OB,C,C,target only,28970.38,untouched,0,0,0,0,157.61999999999898,0,0
1788267393000,LONDON,2026-09-01,SWG-L·5m,SWG-L,A,A,reject reference,29138.0,hold,20,12,4,4,10.0,0.0,-40.5
1788267393000,LONDON,2026-09-01,SWG-L·5m,SWG-L,A,A,reject reference,29177.5,hold,5,3,2,0,49.5,0.0,-22.0
1788267393000,LONDON,2026-09-01,SWG-L·15m,SWG-L,A,A,reject reference,29182.0,break,5,3,2,0,54.0,26.25,-1.25
1788267393000,LONDON,2026-09-01,OB(bull)·1h,OB,C,C,confluence reference,29212.5,break,5,1,4,0,84.5,22.0,-16.0
1788267393000,LONDON,2026-09-01,VWAP−1σ,VWAP*,A,A,mean-revert magnet,29241.4,break,5,1,4,0,113.40000000000146,26.849999999998545,-7.400000000001455
1788268006000,NY,2026-09-01,ONL,ONL,C,C,breakdown trigger/target,29122.75,hold,17,12,4,1,24.25,2.25,-36.0
1788268006000,NY,2026-09-01,Demand·4h (HTF),DEMAND,A,,target,29099.12,ambiguous_horizon,13,7,5,1,0.6199999999989814,5.380000000001019,-16.36999999999898
1788268006000,NY,2026-09-01,VWAP−2σ,VWAP*,A,A,react/target,29094.31,hold,11,6,5,0,4.18999999999869,11.56000000000131,-20.68999999999869
1788268006000,NY,2026-09-01,EQL·15m (HTF),EQL,A,A,liquidity target,29200.5,break,5,1,4,0,102.0,23.75,-6.0
1788268006000,NY,2026-09-01,VWAP−1σ,VWAP*,A,A,magnet,29236.68,break,5,1,4,0,138.1800000000003,31.56999999999971,-2.680000000000291
1788270796000,NY,2026-09-01,EQL·4h (HTF),EQL,A,A,target_only,28947.75,untouched,0,0,0,0,176.75,0,0
1788270796000,NY,2026-09-01,VWAP−2σ,VWAP*,A,A,support_cluster,28963.03,untouched,0,0,0,0,161.47000000000116,0,0
1788270796000,NY,2026-09-01,OB(bull)·4h (HTF),OB,A,A,target_only,28970.38,untouched,0,0,0,0,154.11999999999898,0,0
1788270796000,NY,2026-09-01,OR-L,OR-L,A,A,fulcrum,29062.75,break,2,0,2,0,61.75,20.0,-5.5
1788270796000,NY,2026-09-01,ONL,ONL,A,A,first_target,29082.75,break,2,0,2,0,41.75,22.75,-14.5
1788270796000,NY,2026-09-01,EQL·4h (HTF),EQL,A,A,flip_reclaim,29095.5,hold,7,5,2,0,29.0,6.5,-41.75
1788270796000,NY,2026-09-01,OR-H,OR-H,A,A,breakout_ref,29125.0,hold,12,8,2,2,0.5,0.0,-24.25
1788270796000,NY,2026-09-01,VWAP−1σ,VWAP*,A,A,short_reject_band,29137.29,hold,16,9,3,4,12.790000000000873,1.4599999999991269,-52.29000000000087
1788270796000,NY,2026-09-01,SWG-H·5m,SWG-H,A,A,resistance_ref,29238.25,break,5,1,4,0,113.75,30.0,-4.25
1788272444000,NY,2026-09-01,SWG-H·5m,SWG-H,A,A,first downside support / target,29157.75,hold,9,5,3,1,4.5,2.0,-30.25
1788272444000,NY,2026-09-01,VWAP−1σ,VWAP*,A,A,mean-revert magnet below,29101.38,hold,6,4,1,1,51.86999999999898,0.0,-31.11999999999898
1788272444000,NY,2026-09-01,OB(bull)·1h,OB,C,C,htf confluence / breakdown trigger,29085.0,break,2,0,2,0,68.25,25.0,-12.25
1788272444000,NY,2026-09-01,VWAP,VWAP*,A,A,mean-revert magnet above,29274.42,break,2,0,2,0,121.16999999999825,21.080000000001746,-7.669999999998254
1788276279000,NY,2026-09-01,EQL·15m (HTF),EQL,A,A,probe/liquidity reference,29182.0,hold,3,2,1,0,27.5,11.5,-27.5
1788276279000,NY,2026-09-01,EQL·15m (HTF),EQL,A,A,reject trigger for short,29170.0,break,3,0,3,0,39.5,21.75,-14.0
1788276279000,NY,2026-09-01,VWAP−1σ,VWAP*,A,A,magnet / target,29102.19,hold,6,4,1,1,107.31000000000131,0.0,-30.31000000000131
1788276279000,NY,2026-09-01,SWG-L·5m,SWG-L,A,A,long-invalid / react zone,29040.0,break,2,0,2,0,169.5,25.75,0.0
1788276279000,NY,2026-09-01,Supply·1h,SUPPLY,C,C,htf confluence; rejection ref,29209.25,hold,3,2,1,0,0.25,0.0,-24.0
1788276279000,NY,2026-09-01,VWAP,VWAP*,A,A,mean-reversion magnet,29261.19,break,2,0,2,0,51.68999999999869,29.31000000000131,-4.18999999999869
1788276279000,NY,2026-09-01,eVWAP,eVWAP,A,A,death/invalidation,29266.78,break,2,0,2,0,57.279999999998836,23.720000000001164,-0.5299999999988358
1788285602000,NY,2026-09-01,SWG-L·5m,SWG-L,A,A,react,29130.0,break,4,2,1,1,4.75,18.5,0.0
1788285602000,NY,2026-09-01,SWG-H·5m,SWG-H,A,A,react,29162.0,untouched,0,0,0,0,27.25,0,0
1788285602000,NY,2026-09-01,SWG-H·5m,SWG-H,A,A,react,29197.5,untouched,0,0,0,0,62.75,0,0
1788285602000,NY,2026-09-01,eVWAP,eVWAP,A,A,fade,29248.19,untouched,0,0,0,0,113.43999999999869,0,0
1788285602000,NY,2026-09-01,SWG-L·5m,SWG-L,A,A,react,29100.5,ambiguous_horizon,5,3,1,1,34.25,10.25,-18.0
1788285602000,NY,2026-09-01,SWG-L·15m,SWG-L,A,A,react,29040.0,break,2,0,2,0,94.75,25.75,0.0
1788285602000,NY,2026-09-01,VWAP−2σ,VWAP*,A,A,react,28960.89,untouched,0,0,0,0,173.86000000000058,0,0
1788301394000,ASIA,2026-09-01,VWAP−1σ,VWAP*,A,A,monitor,29110.38,hold,13,6,4,3,1.6199999999989814,2.1300000000010186,-26.86999999999898
1788301394000,ASIA,2026-09-01,ONL,ONL,A,A,monitor,29101.5,hold,16,9,6,1,10.5,0.0,-25.0
1788301394000,ASIA,2026-09-01,SWG-L·5m,SWG-L,A,A,monitor,29092.75,hold,18,8,9,1,19.25,0.0,-19.0
1788301394000,ASIA,2026-09-01,VWAP,VWAP*,A,A,monitor,29119.95,ambiguous_horizon,15,10,3,2,7.950000000000728,4.799999999999272,-9.950000000000728
1788301394000,ASIA,2026-09-01,OR-H,OR-H,C,C,monitor,29125.0,ambiguous_horizon,14,7,4,3,13.0,0.0,-15.0
1788301394000,ASIA,2026-09-01,SWG-L·5m,SWG-L,A,A,monitor,29086.0,hold,24,7,10,7,26.0,0.0,-25.75
1788301394000,ASIA,2026-09-01,VWAP+1σ,VWAP*,A,A,monitor,29129.51,ambiguous_horizon,16,6,6,4,17.5099999999984,9.2400000000016,-3.0099999999983993
1788301394000,ASIA,2026-09-01,VWAP+2σ,VWAP*,A,A,monitor,29139.07,ambiguous_horizon,19,10,5,4,27.06999999999971,4.680000000000291,-9.319999999999709
1788301394000,ASIA,2026-09-01,OR-L,OR-L,C,C,monitor,29062.75,ambiguous_horizon,25,8,7,10,49.25,15.5,-15.25
1788301394000,ASIA,2026-09-01,ONH,ONH,A,A,monitor,29150.5,ambiguous_horizon,22,7,7,8,38.5,20.75,-20.5
1788301394000,ASIA,2026-09-01,RTH-L,RTH-L,A,A,monitor,29354.0,untouched,0,0,0,0,242.0,0,0
1788301394000,ASIA,2026-09-01,PDC,PDC,A,A,monitor,29473.25,untouched,0,0,0,0,361.25,0,0
1788303641000,ASIA,2026-09-01,VWAP+1σ,VWAP*,A,A,monitor,29129.82,ambiguous_horizon,15,6,6,3,4.430000000000291,2.319999999999709,-3.680000000000291
1788303641000,ASIA,2026-09-01,VWAP+2σ,VWAP*,A,A,monitor,29138.8,ambiguous_horizon,18,9,5,4,4.549999999999272,4.950000000000728,-9.049999999999272
1788303641000,ASIA,2026-09-01,VWAP,VWAP*,A,A,monitor,29120.83,hold,13,10,2,1,13.419999999998254,0.0,-18.919999999998254
1788303641000,ASIA,2026-09-01,POC,POC,A,A,monitor,29113.23,hold,11,4,4,3,21.020000000000437,4.979999999999563,-24.020000000000437
1788303641000,ASIA,2026-09-01,SWG-H·5m,SWG-H,A,A,monitor,29160.25,hold,22,6,9,7,26.0,7.25,-20.5
1788315292000,ASIA,2026-09-01,VWAP−2σ,VWAP*,A,A,monitor,29057.49,hold,23,9,7,7,15.0099999999984,0.0,-21.5099999999984
1788315292000,ASIA,2026-09-01,VWAP−1σ,VWAP*,A,A,monitor,29085.16,ambiguous_horizon,22,6,9,7,12.659999999999854,16.090000000000146,-12.909999999999854
1788315292000,ASIA,2026-09-01,SWG-L·5m,SWG-L,A,A,monitor,29047.25,ambiguous_horizon,18,7,5,6,25.25,5.0,-9.75
1788315292000,ASIA,2026-09-01,ONL,ONL,A,A,monitor,29044.0,ambiguous_horizon,15,6,5,4,28.5,8.75,-11.5
1788315292000,ASIA,2026-09-01,SWG-L·15m,SWG-L,A,A,monitor,29101.5,hold,12,7,5,0,29.0,0.0,-19.0
1788315292000,ASIA,2026-09-01,VWAP,VWAP*,A,A,monitor,29112.84,ambiguous_horizon,9,5,3,1,40.340000000000146,8.159999999999854,-14.590000000000146
1788315292000,ASIA,2026-09-01,eVWAP,eVWAP,A,A,monitor,29117.55,hold,7,6,1,0,45.04999999999927,0.4500000000007276,-21.299999999999272
1788315292000,ASIA,2026-09-01,SWG-L·15m,SWG-L,A,A,monitor,29001.75,break,5,1,4,0,70.75,35.25,-1.25
1788315292000,ASIA,2026-09-01,VWAP+1σ,VWAP*,A,A,monitor,29140.51,hold,13,8,3,2,68.0099999999984,0.0,-19.0099999999984
1788315292000,ASIA,2026-09-01,ONH,ONH,A,A,monitor,29171.25,break,17,7,8,2,98.75,18.25,-11.0
1788317626000,ASIA,2026-09-01,VWAP−1σ,VWAP*,A,A,monitor,29080.93,hold,19,6,9,4,0.31999999999970896,8.319999999999709,-24.43000000000029
1788317626000,ASIA,2026-09-01,SWG-H·5m,SWG-H,A,A,monitor,29101.25,hold,12,7,5,0,20.0,0.0,-18.75
1788317626000,ASIA,2026-09-01,VWAP,VWAP*,A,A,monitor,29109.0,ambiguous_horizon,8,4,3,1,27.75,12.0,-10.75
1788317626000,ASIA,2026-09-01,VWAP−2σ,VWAP*,A,A,monitor,29052.85,ambiguous_horizon,23,10,5,8,28.400000000001455,9.599999999998545,-4.150000000001455
1788317626000,ASIA,2026-09-01,SWG-H·5m,SWG-H,A,A,monitor,29131.25,hold,7,3,3,1,50.0,18.0,-20.75
1788317626000,ASIA,2026-09-01,SWG-H·5m,SWG-H,A,A,monitor,29145.5,hold,18,9,5,4,64.25,0.0,-24.0
1788322364000,ASIA,2026-09-01,ONL,ONL,A,A,sweep-reclaim entry / death ref,29042.25,hold,13,7,3,3,1.75,5.0,-20.25
1788322364000,ASIA,2026-09-01,Demand·4h (HTF),DEMAND,A,,target-only / invalidation ref,29031.12,hold,6,3,2,1,12.880000000001019,6.119999999998981,-17.88000000000102
1788322364000,ASIA,2026-09-01,OB(bear)·4h,OB,C,C,htf confluence only,28711.25,untouched,0,0,0,0,332.75,0,0
1788322364000,ASIA,2026-09-01,VWAP−1σ,VWAP*,A,A,first magnet / target,29072.75,break,18,3,13,2,28.75,17.25,-4.0
1788322364000,ASIA,2026-09-01,VWAP,VWAP*,A,A,magnet / target,29103.0,hold,9,4,4,1,59.0,0.0,-17.75
1788322364000,ASIA,2026-09-01,VWAP+1σ,VWAP*,A,A,target,29133.24,hold,8,4,3,1,89.2400000000016,16.0099999999984,-22.7400000000016
1788322364000,ASIA,2026-09-01,OB(bull)·1h,OB,C,C,htf confluence only,29212.5,hold,1,1,0,0,168.5,0.0,-17.25
1788322364000,ASIA,2026-09-01,OB(bull)·1h (HTF),OB,A,A,target-only,29324.5,untouched,0,0,0,0,280.5,0,0
1788322829000,ASIA,2026-09-01,Supply·4h (HTF),SUPPLY,A,A,target,29029.88,hold,6,3,2,1,25.11999999999898,4.880000000001019,-19.11999999999898
1788322829000,ASIA,2026-09-01,ONL,ONL,A,A,trigger,29035.25,hold,9,4,4,1,19.75,10.25,-19.75
1788322829000,ASIA,2026-09-01,VWAP−2σ,VWAP*,A,A,react,29040.61,hold,12,6,5,1,14.389999999999418,3.360000000000582,-19.389999999999418
1788322829000,ASIA,2026-09-01,VWAP−1σ,VWAP*,A,A,revert,29071.41,break,18,3,12,3,16.409999999999854,18.590000000000146,-7.1599999999998545
1788322829000,ASIA,2026-09-01,VWAP+1σ,VWAP*,A,A,target,29133.0,hold,8,4,3,1,78.0,16.25,-22.5
1788325096000,ASIA,2026-09-01,SWG-L·15m,SWG-L,A,A,react_zone,29044.0,hold,14,6,5,3,14.75,6.75,-24.0
1788325096000,ASIA,2026-09-01,VWAP−1σ,VWAP*,A,A,magnet_meanrevert,29068.05,break,17,3,11,3,9.299999999999272,15.700000000000728,-3.7999999999992724
1788325096000,ASIA,2026-09-01,VWAP,VWAP*,A,A,magnet_meanrevert,29099.85,hold,11,6,5,0,41.099999999998545,5.150000000001455,-24.849999999998545
1788326386000,ASIA,2026-09-01,PDL,PDL,A,A,react,29001.75,break,5,1,4,0,78.25,35.25,-1.25
1788326386000,ASIA,2026-09-01,PDC,PDC,A,A,reclaim,29058.75,ambiguous_horizon,17,8,6,3,21.25,17.25,-0.75
1788326386000,ASIA,2026-09-01,VWAP−1σ,VWAP*,A,A,magnet,29065.3,break,16,3,10,3,14.700000000000728,19.049999999999272,-17.450000000000728
1788326386000,ASIA,2026-09-01,OB(bull)·1h,OB,C,C,confluence,29085.0,ambiguous_horizon,17,5,8,4,5.0,20.0,-10.0
1788326386000,ASIA,2026-09-01,VWAP,VWAP*,A,A,magnet,29097.88,hold,13,8,5,0,17.88000000000102,7.119999999998981,-22.88000000000102
1788326386000,ASIA,2026-09-01,VWAP+1σ,VWAP*,A,A,magnet,29130.45,hold,8,5,3,0,50.45000000000073,18.799999999999272,-19.950000000000728
1788326386000,ASIA,2026-09-01,RTH-H,RTH-H,A,A,target,29317.25,untouched,0,0,0,0,237.25,0,0
1788328032000,ASIA,2026-09-01,VWAP,VWAP*,A,A,magnet,29096.67,hold,11,6,5,0,0.33000000000174623,0.0,-24.169999999998254
1788328032000,ASIA,2026-09-01,VWAP−1σ,VWAP*,A,A,watch,29065.05,break,15,2,10,3,31.950000000000728,18.799999999999272,-17.700000000000728
1788328032000,ASIA,2026-09-01,VWAP+1σ,VWAP*,A,A,target,29128.29,hold,7,4,3,0,31.290000000000873,20.959999999999127,-23.290000000000873
1788331064000,LONDON,2026-09-02,SWG-L·5m,SWG-L,A,A,monitor,29035.25,break,6,3,2,1,3.0,38.0,-2.75
1788331064000,LONDON,2026-09-02,VWAP−2σ,VWAP*,A,A,monitor,29023.94,break,7,5,2,0,14.31000000000131,26.68999999999869,-1.5600000000013097
1788331064000,LONDON,2026-09-02,ONL,ONL,A,A,monitor,29016.5,break,4,2,2,0,21.75,29.5,0.0
1788331064000,LONDON,2026-09-02,SWG-H·5m,SWG-H,A,A,monitor,29065.75,break,15,3,9,3,27.5,21.5,0.0
1788331064000,LONDON,2026-09-02,SWG-L·5m,SWG-L,A,A,monitor,29070.0,break,15,2,11,2,31.75,17.25,-0.25
1788331064000,LONDON,2026-09-02,VWAP,VWAP*,A,A,monitor,29091.69,hold,12,3,8,1,53.43999999999869,7.06000000000131,-19.18999999999869
1788331064000,LONDON,2026-09-02,VWAP+1σ,VWAP*,A,A,monitor,29125.56,hold,4,3,1,0,87.31000000000131,23.68999999999869,-20.56000000000131
1788331881000,ASIA,2026-09-01,OB(bull)·4h (HTF),OB,A,A,target,28970.38,hold,9,3,4,2,90.86999999999898,15.630000000001019,-37.61999999999898
1788331881000,ASIA,2026-09-01,VWAP,VWAP*,A,A,magnet,29091.0,break,12,3,8,1,29.75,23.5,0.0
1788331881000,ASIA,2026-09-01,VWAP+1σ,VWAP*,A,A,magnet,29124.64,hold,3,2,1,0,63.38999999999942,24.610000000000582,-19.639999999999418
1788351326000,LONDON,2026-09-02,ONL,ONL,A,A,sweep_reclaim,28927.25,untouched,0,0,0,0,173.75,0,0
1788351326000,LONDON,2026-09-02,OB(bull)·1h (HTF),OB,A,A,target_only,28921.5,untouched,0,0,0,0,179.5,0,0
1788351326000,LONDON,2026-09-02,Supply·1h,SUPPLY,C,C,confluence_reference,29209.25,hold,2,2,0,0,108.25,0.0,-18.25
1788351326000,LONDON,2026-09-02,OB(bull)·4h (HTF),OB,A,A,target_only,29246.25,untouched,0,0,0,0,145.25,0,0
1788351326000,LONDON,2026-09-02,PDH,PDH,A,A,react_zone,29571.0,untouched,0,0,0,0,470.0,0,0
1788351719000,LONDON,2026-09-02,VWAP+1σ,VWAP*,A,A,hold,29117.48,break,5,3,2,0,4.020000000000437,17.229999999999563,-18.270000000000437
1788351719000,LONDON,2026-09-02,RTH-L,RTH-L,A,A,support,29001.75,untouched,0,0,0,0,119.75,0,0
1788353043000,LONDON,2026-09-02,VWAP,VWAP*,A,A,magnet_meanrevert — retest/reclaim zone,29066.56,ambiguous_horizon,7,2,4,1,1.1899999999986903,14.18999999999869,-7.31000000000131
1788354110000,LONDON,2026-09-02,VWAP−1σ,VWAP*,A,A,mean_revert,29014.19,untouched,0,0,0,0,41.81000000000131,0,0
1788354584000,NY,2026-09-02,VWAP−1σ,VWAP*,A,A,mean_revert,29014.14,untouched,0,0,0,0,47.11000000000058,0,0
1788354584000,NY,2026-09-02,OB(bull)·4h (HTF),OB,A,A,target,28917.25,untouched,0,0,0,0,144.0,0,0
1788355247000,LONDON,2026-09-02,VWAP−1σ,VWAP*,A,A,fade,29014.42,untouched,0,0,0,0,64.33000000000175,0,0
1788355247000,LONDON,2026-09-02,OB(bear)·4h (HTF),OB,A,,target,29563.12,untouched,0,0,0,0,484.369999999999,0,0
1788356728000,NY,2026-09-02,VWAP+1σ,VWAP*,A,A,magnet_meanrevert,29115.1,break,2,1,1,0,50.599999999998545,19.900000000001455,-28.349999999998545
1788356728000,NY,2026-09-02,OR-H,OR-H,A,A,liquidity_break,29102.0,break,1,0,1,0,37.5,26.25,-15.25
1788356728000,NY,2026-09-02,OR-L,OR-L,A,A,liquidity_break,29042.75,hold,3,3,0,0,21.75,0.0,-30.75
1788358878000,NY,2026-09-02,VWAP+1σ,VWAP*,A,A,magnet/mean-revert; reclaimed = long trigger,29111.58,hold,1,1,0,0,67.91999999999825,5.330000000001746,-34.169999999998254
1788360352000,NY,2026-09-02,VWAP+1σ,VWAP*,A,A,magnet_meanrevert,29135.65,break,6,2,2,2,40.349999999998545,27.900000000001455,-5.099999999998545
1788362553000,NY,2026-09-02,VWAP+1σ,VWAP*,A,A,reclaim,29143.97,hold,14,8,2,4,27.029999999998836,8.220000000001164,-22.279999999998836
1788364253000,NY,2026-09-02,VWAP+1σ,VWAP*,A,A,buy,29153.35,break,17,5,6,6,0.6500000000014552,30.400000000001455,-12.599999999998545
1788366019000,NY,2026-09-02,VWAP+1σ,VWAP*,A,A,fade/reclaim magnet,29158.47,ambiguous_horizon,14,2,4,8,11.529999999998836,16.220000000001164,-17.279999999998836
1788367630000,NY,2026-09-02,VWAP+1σ,VWAP*,A,A,magnet_meanrevert,29161.16,break,10,1,3,6,20.659999999999854,19.590000000000146,-13.159999999999854
1788369910000,NY,2026-09-02,VWAP+1σ,VWAP*,A,A,fade magnet / first long target,29163.03,ambiguous_horizon,8,1,1,6,15.529999999998836,10.970000000001164,-20.279999999998836
1788372135000,NY,2026-09-02,PDH,PDH,A,A,target,29550.75,untouched,0,0,0,0,397.0,0,0
1788372135000,NY,2026-09-02,VWAP+1σ,VWAP*,A,A,mean_revert,29163.99,hold,8,2,2,4,10.2400000000016,1.5099999999983993,-17.9900000000016
1788373716000,NY,2026-09-02,VWAP+1σ,VWAP*,A,A,magnet_meanrevert,29165.06,hold,5,1,1,3,6.31000000000131,9.68999999999869,-20.81000000000131
1788373716000,NY,2026-09-02,PDH,PDH,A,A,react_zone,29450.5,untouched,0,0,0,0,291.75,0,0
1788373716000,NY,2026-09-02,Supply·4h (HTF),SUPPLY,A,A,react_zone,29462.5,untouched,0,0,0,0,303.75,0,0
1788375419000,NY,2026-09-02,VWAP−1σ,VWAP*,A,A,sweep_reclaim_long,29050.13,untouched,0,0,0,0,92.36999999999898,0,0
1788375419000,NY,2026-09-02,VWAP,VWAP*,A,A,reclaim_long,29108.47,untouched,0,0,0,0,34.029999999998836,0,0
1788375419000,NY,2026-09-02,OB(bear)·4h,OB,C,C,confluence_reference,29154.38,ambiguous_horizon,5,0,0,5,11.880000000001019,17.11999999999898,-8.380000000001019
1788375419000,NY,2026-09-02,VWAP+1σ,VWAP*,A,A,fade_short,29166.8,ambiguous_horizon,5,0,2,3,24.299999999999272,4.700000000000728,-15.799999999999272
1788375419000,NY,2026-09-02,PDH,PDH,A,A,react_zone,29317.25,untouched,0,0,0,0,174.75,0,0
1788375419000,NY,2026-09-02,FVG·1h (HTF),FVG,A,A,target_only,29336.88,untouched,0,0,0,0,194.38000000000102,0,0
1788387509000,ASIA,2026-09-02,ONH,ONH,A,A,liquidity_break / failed-sweep fade trigger,29189.25,ambiguous_horizon,19,6,6,7,2.5,19.5,0.0
1788387509000,ASIA,2026-09-02,Supply·1h,SUPPLY,C,C,"htf confluence only, not standalone",29209.25,ambiguous_horizon,15,4,9,2,22.5,3.75,-8.75
1788387509000,ASIA,2026-09-02,PDH,PDH,A,A,react_zone upside target,29317.25,break,9,4,5,0,130.5,42.5,-3.5
1788387509000,ASIA,2026-09-02,OB(bull)·1h (HTF),OB,A,A,target_only runner,29324.5,break,8,3,5,0,137.75,35.25,-10.75
1788387509000,ASIA,2026-09-02,VWAP+1σ,VWAP*,A,A,magnet_meanrevert target,29175.56,ambiguous_horizon,20,4,9,7,11.18999999999869,8.56000000000131,-2.9399999999986903
1788387509000,ASIA,2026-09-02,ONL,ONL,A,A,liquidity_break / sweep-reclaim long trigger,29149.0,ambiguous_horizon,12,4,6,2,37.75,7.75,-14.5
1788387509000,ASIA,2026-09-02,Demand·4h (HTF),DEMAND,A,A,target_only,29136.25,hold,12,6,4,2,50.5,3.25,-18.5
1788387509000,ASIA,2026-09-02,PDC,PDC,B,B,target_only / bias invalid,29058.75,untouched,0,0,0,0,128.0,0,0
1788387509000,ASIA,2026-09-02,OR-L,OR-L,C,C,target_only,29042.75,untouched,0,0,0,0,144.0,0,0
1788389456000,ASIA,2026-09-02,VWAP+1σ,VWAP*,A,A,fade,29199.68,ambiguous_horizon,16,5,7,4,18.43000000000029,18.56999999999971,0.0
1788389456000,ASIA,2026-09-02,ONH,ONH,A,A,sweep,29208.75,ambiguous_horizon,15,4,9,2,27.5,4.25,-8.25
1788389456000,ASIA,2026-09-02,OB(bull)·1h,OB,C,A,confluence,29212.5,ambiguous_horizon,13,5,6,2,31.25,0.5,-12.0
1788389456000,ASIA,2026-09-02,OR-H,OR-H,C,C,target,29102.0,break,3,1,2,0,79.25,27.0,-5.75
1788389456000,ASIA,2026-09-02,RTH-L,RTH-L,A,A,react,29001.75,untouched,0,0,0,0,179.5,0,0
1788390282000,ASIA,2026-09-02,VWAP,VWAP*,A,A,magnet mean-revert,29183.59,ambiguous_horizon,19,5,4,10,1.3400000000001455,4.9099999999998545,-9.590000000000146
1788390282000,ASIA,2026-09-02,FVG·4h (HTF),FVG,A,A,target,29346.88,hold,4,2,2,0,164.63000000000102,10.869999999998981,-27.63000000000102
1788391265000,ASIA,2026-09-02,VWAP+1σ,VWAP*,A,A,fade,29197.57,ambiguous_horizon,16,7,5,4,26.56999999999971,20.68000000000029,0.0
1788392613000,ASIA,2026-09-02,VWAP,VWAP*,A,A,fade_back,29181.64,break,18,3,8,7,6.860000000000582,32.13999999999942,-7.110000000000582
1788393759000,ASIA,2026-09-02,ONH,ONH,A,A,liquidity_break,29218.25,ambiguous_horizon,15,6,4,5,32.0,16.75,-5.5
1788397555000,ASIA,2026-09-02,ONL,ONL,A,A,liquidity/target,29141.25,hold,10,3,5,2,37.5,8.25,-17.75
1788397555000,ASIA,2026-09-02,Demand·1h (HTF),DEMAND,A,A,target_only,29076.5,hold,2,2,0,0,102.25,0.0,-20.25
1788397555000,ASIA,2026-09-02,VWAP−1σ,VWAP*,A,A,fade/reject,29157.03,hold,11,3,8,0,21.720000000001164,0.0,-19.220000000001164
1788397555000,ASIA,2026-09-02,SWG-L·5m,SWG-L,A,A,stop reference,29167.0,hold,16,7,6,3,11.75,3.5,-19.25
1788397555000,ASIA,2026-09-02,VWAP,VWAP*,A,A,fade/reject,29175.66,hold,17,5,7,5,3.0900000000001455,12.159999999999854,-20.590000000000146
1788397555000,ASIA,2026-09-02,SWG-H·5m,SWG-H,A,A,stop reference,29189.25,hold,15,6,4,5,10.5,11.25,-23.0
1788397555000,ASIA,2026-09-02,VWAP+1σ,VWAP*,A,A,invalidation,29194.3,hold,15,8,3,4,15.549999999999272,6.200000000000728,-28.049999999999272
1788397555000,ASIA,2026-09-02,OB(bull)·1h,OB,C,C,confluence only,29324.5,break,8,3,5,0,145.75,35.25,-10.75
1788399500000,ASIA,2026-09-02,VWAP,VWAP*,A,A,breakdown trigger / target,29176.29,break,13,3,5,5,1.4599999999991269,18.709999999999127,-3.040000000000873
1788399500000,ASIA,2026-09-02,VWAP−1σ,VWAP*,A,A,target,29159.39,hold,10,2,6,2,18.360000000000582,3.139999999999418,-16.860000000000582
1788399500000,ASIA,2026-09-02,VWAP+1σ,VWAP*,A,A,reject reference,29193.19,hold,13,5,3,5,15.43999999999869,1.3100000000013097,-16.68999999999869
1788399500000,ASIA,2026-09-02,SWG-H·5m,SWG-H,A,A,reject trigger,29200.5,break,15,5,8,2,22.75,28.25,-1.0
1788399500000,ASIA,2026-09-02,SWG-H·15m,SWG-H,A,A,reject reference,29208.75,break,14,4,9,1,31.0,20.0,-5.25
1788400983000,ASIA,2026-09-02,VWAP+1σ,VWAP*,A,A,mean-revert resistance / short target,29193.38,hold,13,5,3,5,46.63000000000102,1.1199999999989814,-16.88000000000102
1788400983000,ASIA,2026-09-02,POC,POC,A,A,mean-revert magnet / target,29159.02,break,9,2,5,2,12.270000000000437,24.479999999999563,-1.0200000000004366
1788400983000,ASIA,2026-09-02,pdVWAP,pdVWAP,A,A,mean-revert long reference,29113.9,break,8,4,2,2,32.849999999998545,27.900000000001455,-1.3499999999985448
1788402718000,ASIA,2026-09-02,VWAP+1σ,VWAP*,A,A,watch,29191.25,ambiguous_horizon,10,4,3,3,3.5,20.75,-3.0
1788402718000,ASIA,2026-09-02,SWG-H·5m,SWG-H,A,A,fade,29199.5,break,13,4,6,3,11.75,29.25,-4.0
1788402718000,ASIA,2026-09-02,VWAP+2σ,VWAP*,A,A,watch,29208.63,break,14,4,9,1,20.88000000000102,20.11999999999898,-5.130000000001019
1788402718000,ASIA,2026-09-02,VWAP,VWAP*,A,A,watch,29173.88,ambiguous_horizon,10,1,3,6,13.869999999998981,6.380000000001019,-16.11999999999898
1788402718000,ASIA,2026-09-02,VWAP−1σ,VWAP*,A,A,watch,29156.5,break,8,2,6,0,31.25,21.5,-4.75
1788402718000,ASIA,2026-09-02,SWG-L·5m,SWG-L,A,A,watch,29141.25,break,9,2,5,2,46.5,24.75,-8.0
1788402718000,ASIA,2026-09-02,ONL,ONL,A,A,watch,29132.5,break,12,6,4,2,55.25,27.25,-1.75
1788403797000,ASIA,2026-09-02,VWAP+2σ,VWAP*,A,A,fade,29208.69,break,14,4,9,1,25.93999999999869,20.06000000000131,-5.18999999999869
1788403797000,ASIA,2026-09-02,VWAP+1σ,VWAP*,A,A,target,29191.51,ambiguous_horizon,10,4,3,3,8.7599999999984,20.4900000000016,-3.2599999999983993
1788403797000,ASIA,2026-09-02,VWAP,VWAP*,A,A,target,29174.34,break,8,0,3,5,8.409999999999854,18.340000000000146,-3.1599999999998545
1788403797000,ASIA,2026-09-02,SWG-L·5m,SWG-L,A,A,target,29157.25,break,8,2,6,0,25.5,22.25,-10.75
1788403797000,ASIA,2026-09-02,iFVG(bear)·4h,IFVG,A,A,target,29004.5,untouched,0,0,0,0,178.25,0,0
1788405162000,ASIA,2026-09-02,SWG-H·5m,SWG-H,A,A,watch,29195.0,break,11,5,3,3,8.75,18.5,0.0
1788405162000,ASIA,2026-09-02,VWAP+2σ,VWAP*,A,A,fade,29208.39,break,14,4,9,1,4.639999999999418,20.360000000000582,-4.889999999999418
1788405162000,ASIA,2026-09-02,SWG-L·5m,SWG-L,A,A,target,29167.5,break,11,4,4,3,36.25,26.5,-1.5
1788405162000,ASIA,2026-09-02,VWAP−2σ,VWAP*,A,A,target,29141.44,break,9,2,5,2,62.31000000000131,24.93999999999869,-7.81000000000131
1788405162000,ASIA,2026-09-02,Demand·1h (HTF),DEMAND,A,A,target,29105.75,break,6,3,2,1,98.0,19.75,-9.5
1788412125000,ASIA,2026-09-02,PDC,PDC,A,A,pivot — range anchor,29207.5,ambiguous_horizon,12,4,7,1,45.5,16.0,-18.5
1788412125000,ASIA,2026-09-02,SWG-H·15m,SWG-H,A,A,first resistance target,29218.25,hold,12,6,4,2,56.25,5.25,-20.5
1788412125000,ASIA,2026-09-02,SWG-L·5m,SWG-L,A,A,short reject,29228.75,hold,12,6,4,2,66.75,0.0,-27.75
1788412125000,ASIA,2026-09-02,SWG-H·5m,SWG-H,A,A,target,29235.0,hold,12,7,5,0,73.0,10.75,-28.0
1788412125000,ASIA,2026-09-02,PDH,PDH,A,A,rejection or breakout gate,29255.0,break,9,6,3,0,93.0,28.5,-0.75
1788412125000,ASIA,2026-09-02,SWG-H·15m,SWG-H,A,A,first support,29200.5,hold,13,5,6,2,38.5,0.0,-24.5
1788412125000,ASIA,2026-09-02,VWAP,VWAP*,A,A,magnet — flip line,29186.14,ambiguous_horizon,10,4,3,3,24.139999999999418,11.860000000000582,-17.639999999999418
1788412125000,ASIA,2026-09-02,Demand·1h,DEMAND,C,C,target confluence,29098.88,break,2,0,2,0,63.11999999999898,23.88000000000102,-8.369999999998981
1788412125000,ASIA,2026-09-02,RTH-L,RTH-L,A,A,sweep-reclaim long,29017.25,untouched,0,0,0,0,144.75,0,0
1788413654000,ASIA,2026-09-02,ONL,ONL,A,A,liquidity_break,29075.0,untouched,0,0,0,0,54.75,0,0
1788413654000,ASIA,2026-09-02,PDL,PDL,A,A,target_only,28927.25,untouched,0,0,0,0,202.5,0,0
1788413654000,ASIA,2026-09-02,VWAP−2σ,VWAP*,A,A,react_zone,29107.02,hold,4,3,0,1,22.729999999999563,0.0,-24.979999999999563
1788413654000,ASIA,2026-09-02,SWG-L·15m,SWG-L,A,A,react_zone,29132.5,hold,11,7,3,1,2.75,11.0,-20.5
1788417293000,LONDON,2026-09-03,VWAP,VWAP*,A,A,magnet / short target,29173.56,ambiguous_horizon,6,1,3,2,9.18999999999869,9.81000000000131,-11.43999999999869
1788417293000,LONDON,2026-09-03,SWG-L·5m,SWG-L,A,A,short target,29162.5,hold,6,3,2,1,20.25,4.25,-30.5
1788417293000,LONDON,2026-09-03,VWAP−1σ,VWAP*,A,A,final short target,29139.1,ambiguous_horizon,9,4,3,2,43.650000000001455,12.099999999998545,-20.150000000001455
1788417293000,LONDON,2026-09-03,SWG-H·5m,SWG-H,A,A,short reject trigger,29204.25,break,14,4,9,1,21.5,29.0,0.0
1788440719000,NY,2026-09-03,ONH,ONH,A,A,liquidity_break — sweep or reclaim only,29293.0,break,7,3,4,0,85.0,51.75,0.0
1788440719000,NY,2026-09-03,VWAP+2σ,VWAP*,A,A,react_zone — fade + flip line,29259.67,hold,7,6,1,0,51.669999999998254,22.830000000001746,-36.919999999998254
1788440719000,NY,2026-09-03,VWAP+1σ,VWAP*,A,A,magnet target,29219.2,break,3,2,1,0,11.200000000000728,27.049999999999272,-13.200000000000728
1788440719000,NY,2026-09-03,VWAP,VWAP*,A,A,mean-revert target,29178.73,untouched,0,0,0,0,29.270000000000437,0,0
1788440719000,NY,2026-09-03,Demand·1h (HTF),DEMAND,A,A,deep confluence target,29144.5,untouched,0,0,0,0,63.5,0,0
1788441344000,LONDON,2026-09-03,VWAP+1σ,VWAP*,A,A,magnet_meanrevert - fade/reject short,29219.97,hold,2,2,0,0,16.529999999998836,19.720000000001164,-25.029999999998836
1788441344000,LONDON,2026-09-03,SWG-H·5m,SWG-H,A,A,react_zone,29187.25,untouched,0,0,0,0,49.25,0,0
1788441344000,LONDON,2026-09-03,VWAP,VWAP*,A,A,magnet_meanrevert - target,29179.57,untouched,0,0,0,0,56.93000000000029,0,0
1788441344000,LONDON,2026-09-03,Demand·1h,DEMAND,A,A,htf react_zone/target,29144.5,untouched,0,0,0,0,92.0,0,0
1788443105000,NY,2026-09-03,OB(bear)·1h,OB,C,C,confluence,29498.5,break,4,0,3,1,155.0,26.5,0.0
1788443105000,NY,2026-09-03,OR-H,OR-H,A,A,reject,29285.0,break,7,5,2,0,58.5,23.0,-2.5
1788443105000,NY,2026-09-03,VWAP+1σ,VWAP*,A,A,mean_revert,29233.08,untouched,0,0,0,0,110.41999999999825,0,0
1788443105000,NY,2026-09-03,OR-L,OR-L,A,A,liquidity_break,29222.75,untouched,0,0,0,0,120.75,0,0
1788444931000,NY,2026-09-03,VWAP+2σ,VWAP*,A,A,react,29351.05,hold,2,1,1,0,35.29999999999927,0.7000000000007276,-23.049999999999272
1788444931000,NY,2026-09-03,VWAP,VWAP*,A,A,invalid,29217.09,untouched,0,0,0,0,98.65999999999985,0,0
1788444931000,NY,2026-09-03,VWAP−1σ,VWAP*,A,A,target,29150.11,untouched,0,0,0,0,165.63999999999942,0,0
1788446673000,NY,2026-09-03,SWG-H·5m,SWG-H,A,A,reject,29375.25,break,1,0,1,0,77.0,29.75,0.0
1788446673000,NY,2026-09-03,VWAP+1σ,VWAP*,A,A,breakout,29303.68,break,1,0,1,0,5.430000000000291,37.81999999999971,-57.68000000000029
1788446673000,NY,2026-09-03,SWG-H·5m,SWG-H,A,A,retest,29260.0,hold,1,1,0,0,38.25,0.0,-54.0
1788448485000,NY,2026-09-03,EQL·15m (HTF),EQL,A,A,reclaim/break trigger,29435.75,untouched,0,0,0,0,35.25,0,0
1788448485000,NY,2026-09-03,EQH·15m (HTF),EQH,A,A,fade/target,29445.5,untouched,0,0,0,0,25.5,0,0
1788448485000,NY,2026-09-03,EQL·1h (HTF),EQL,A,A,target,29455.0,hold,1,1,0,0,16.0,0.0,-29.75
1788448485000,NY,2026-09-03,Supply·1h,SUPPLY,C,C,confluence/target,29539.38,hold,6,3,1,2,68.38000000000102,4.369999999998981,-24.13000000000102
1788448485000,NY,2026-09-03,VWAP+2σ,VWAP*,A,A,support/target,29406.28,untouched,0,0,0,0,64.72000000000116,0,0
1788448485000,NY,2026-09-03,SWG-H·5m,SWG-H,A,A,support/target,29364.75,untouched,0,0,0,0,106.25,0,0
1788448485000,NY,2026-09-03,VWAP+1σ,VWAP*,A,A,magnet/target,29326.74,untouched,0,0,0,0,144.2599999999984,0,0
1788450597000,NY,2026-09-03,EQH·15m,EQH,A,A,reclaim trigger — accept only on a 5m close above,29517.0,hold,11,2,2,7,1.5,0.0,-22.5
1788450597000,NY,2026-09-03,EQL·1h,EQL,A,A,target / runner hurdle,29526.5,ambiguous_horizon,7,3,0,4,11.0,13.0,-14.0
1788450597000,NY,2026-09-03,VWAP+2σ,VWAP*,A,A,premium support — arm first-touch long,29481.05,hold,1,1,0,0,34.45000000000073,5.049999999999272,-26.700000000000728
1788450597000,NY,2026-09-03,SWG-H·5m,SWG-H,A,A,supply re-test fade,29543.75,hold,3,1,1,1,28.25,0.0,-18.25
1788450597000,NY,2026-09-03,OB(bear)·1h,OB,C,C,flip trigger — must hold above,29502.88,break,6,0,4,2,12.619999999998981,18.38000000000102,-0.6199999999989814
1788450597000,NY,2026-09-03,Supply·1h,SUPPLY,C,C,stretch runner cap,29619.5,untouched,0,0,0,0,104.0,0,0
1788452873000,NY,2026-09-03,EQH·15m (HTF),EQH,A,A,target,29529.5,ambiguous_horizon,6,2,1,3,32.25,4.75,-13.25
1788452873000,NY,2026-09-03,VWAP+2σ,VWAP*,A,A,reclaim,29512.29,break,7,1,3,3,15.040000000000873,22.709999999999127,0.0
1788452873000,NY,2026-09-03,SWG-L·5m,SWG-L,A,A,invalidate,29502.25,break,4,0,3,1,5.0,23.75,0.0
1788452873000,NY,2026-09-03,EQL·15m (HTF),EQL,A,A,target,29567.0,ambiguous_horizon,4,1,0,3,69.75,12.25,-2.75
1788452873000,NY,2026-09-03,VWAP+1σ,VWAP*,A,A,magnet,29397.11,untouched,0,0,0,0,100.13999999999942,0,0
1788479273000,ASIA,2026-09-03,OB(bull)·4h (HTF),OB,A,A,target,29545.0,ambiguous_horizon,13,4,3,6,35.5,4.25,-10.75
1788479273000,ASIA,2026-09-03,Supply·1h,SUPPLY,C,C,react,29539.38,ambiguous_horizon,12,2,4,6,29.88000000000102,2.6199999999989814,-14.130000000001019
1788479273000,ASIA,2026-09-03,ONH,ONH,A,A,break_reclaim,29513.0,ambiguous_horizon,9,4,1,4,3.5,0.5,-22.0
1788479273000,ASIA,2026-09-03,OB(bear)·1h (HTF),OB,A,A,target,29509.25,ambiguous_horizon,9,5,2,2,0.25,18.25,-3.5
1788479273000,ASIA,2026-09-03,OB(bear)·1h,OB,C,C,confluence,29502.88,ambiguous_horizon,7,3,2,2,6.619999999998981,11.880000000001019,-13.369999999998981
1788479273000,ASIA,2026-09-03,ONL,ONL,A,A,break_reclaim,29481.5,hold,1,1,0,0,28.0,3.75,-17.75
1788479273000,ASIA,2026-09-03,Supply·4h (HTF),SUPPLY,A,A,react,29462.5,untouched,0,0,0,0,47.0,0,0
1788479273000,ASIA,2026-09-03,OB(bull)·1h (HTF),OB,A,A,target,29324.5,untouched,0,0,0,0,185.0,0,0
1788481716000,ASIA,2026-09-03,PDH,PDH,A,A,trend_anchor_reference,29255.0,untouched,0,0,0,0,273.0,0,0
1788481716000,ASIA,2026-09-03,VWAP,VWAP*,A,A,long_reclaim_reference,29503.08,hold,6,3,2,1,24.919999999998254,0.0,-36.669999999998254
1788481716000,ASIA,2026-09-03,ONH,ONH,A,A,breakout_or_sweep_reclaim_reference,29521.25,hold,9,4,4,1,6.75,2.25,-17.0
1788481716000,ASIA,2026-09-03,POC,POC,A,,first_target_magnet,29527.62,ambiguous_horizon,14,6,4,4,0.38000000000101863,8.619999999998981,-6.380000000001019
1788481716000,ASIA,2026-09-03,OB(bear)·1h (HTF),OB,A,,target_only,29577.12,ambiguous_horizon,12,4,5,3,49.11999999999898,1.1300000000010186,-14.119999999998981
1788483215000,ASIA,2026-09-03,SWG-H·15m,SWG-H,A,A,react_zone,29548.0,ambiguous_horizon,15,6,3,6,10.0,0.0,-17.0
1788483215000,ASIA,2026-09-03,ONH,ONH,A,A,liquidity_break,29541.75,ambiguous_horizon,12,3,3,6,3.75,4.75,-9.75
1788483215000,ASIA,2026-09-03,VWAP+1σ,VWAP*,A,A,magnet_meanrevert,29522.22,ambiguous_horizon,9,4,4,1,15.779999999998836,4.720000000001164,-10.029999999998836
1788483215000,ASIA,2026-09-03,SWG-H·5m,SWG-H,A,A,react_zone,29516.75,hold,7,3,3,1,21.25,0.0,-21.25
1788483215000,ASIA,2026-09-03,VWAP,VWAP*,A,A,magnet_meanrevert,29509.18,hold,7,4,2,1,28.81999999999971,7.180000000000291,-30.56999999999971
1788483215000,ASIA,2026-09-03,OB(bull)·1h (HTF),OB,A,A,target_only,29574.38,ambiguous_horizon,13,5,5,3,36.38000000000102,3.8699999999989814,-11.380000000001019
1788485552000,ASIA,2026-09-03,Demand·1h,DEMAND,C,,confluence,29541.12,ambiguous_horizon,11,3,4,4,0.8800000000010186,5.380000000001019,-15.119999999998981
1788485552000,ASIA,2026-09-03,SWG-H·15m,SWG-H,A,A,reject,29585.0,ambiguous_horizon,11,6,2,3,43.0,16.0,0.0
1788485552000,ASIA,2026-09-03,OB(bull)·1h,OB,C,C,confluence,29532.0,hold,9,4,3,2,10.0,8.75,-17.0
1788485552000,ASIA,2026-09-03,VWAP+1σ,VWAP*,A,A,mean_revert,29528.63,hold,11,6,4,1,13.369999999998981,5.380000000001019,-20.36999999999898
1788485552000,ASIA,2026-09-03,SWG-L·5m,SWG-L,A,A,support,29517.5,hold,6,2,3,1,24.5,15.5,-25.25
1788485552000,ASIA,2026-09-03,VWAP−1σ,VWAP*,A,A,magnet,29499.27,hold,5,3,1,1,42.72999999999956,0.020000000000436557,-22.479999999999563
1788500413000,ASIA,2026-09-03,Supply·1h,SUPPLY,C,C,target,29848.75,untouched,0,0,0,0,236.75,0,0
1788500413000,ASIA,2026-09-03,ONH,ONH,A,A,target,29643.5,hold,17,9,3,5,31.5,0.25,-16.25
1788500413000,ASIA,2026-09-03,OB(bull)·1h (HTF),OB,A,A,target,29633.25,ambiguous_horizon,13,5,3,5,21.25,11.0,-14.5
1788500413000,ASIA,2026-09-03,OB(bear)·1h,OB,C,C,confluence,29619.5,ambiguous_horizon,11,3,5,3,7.5,16.0,-2.5
1788500413000,ASIA,2026-09-03,PDH,PDH,A,A,buy,29601.0,hold,8,3,4,1,11.0,9.5,-18.5
1788500413000,ASIA,2026-09-03,RTH-H,RTH-H,A,A,buy,29585.0,ambiguous_horizon,9,6,2,1,27.0,11.25,-3.0
1788500413000,ASIA,2026-09-03,VWAP−1σ,VWAP*,A,A,watch,29509.09,hold,7,4,2,1,102.90999999999985,7.0900000000001455,-30.659999999999854
1788502835000,ASIA,2026-09-03,VWAP+2σ,VWAP*,A,A,fade,29637.52,hold,13,7,4,2,0.47999999999956344,0.47999999999956344,-18.770000000000437
1788502835000,ASIA,2026-09-03,OB(bear)·1h (HTF),OB,A,,target,29652.12,ambiguous_horizon,14,2,7,5,14.119999999998981,6.630000000001019,-9.119999999998981
1788502835000,ASIA,2026-09-03,PDC,PDC,A,A,pivot,29597.25,break,8,3,5,0,40.75,16.0,-15.75
1788502835000,ASIA,2026-09-03,SWG-L·5m,SWG-L,A,A,support,29591.5,break,8,4,4,0,46.5,17.75,0.0
1788502835000,ASIA,2026-09-03,SWG-H·5m,SWG-H,A,A,stop,29579.5,ambiguous_horizon,11,5,5,1,58.5,5.75,-19.0
1788502835000,ASIA,2026-09-03,VWAP,VWAP*,A,A,magnet,29554.2,hold,8,3,4,1,83.79999999999927,21.700000000000728,-36.54999999999927
1788502835000,ASIA,2026-09-03,eVWAP,eVWAP,A,A,magnet,29549.25,hold,11,6,4,1,88.75,0.0,-41.5
1788504075000,LONDON,2026-09-04,OB(bull)·4h,OB,C,C,target,29863.5,untouched,0,0,0,0,256.5,0,0
1788504075000,LONDON,2026-09-04,ONH,ONH,A,A,sweep_fade,29644.25,ambiguous_horizon,15,8,4,3,37.25,8.0,-16.5
1788504075000,LONDON,2026-09-04,EQL·15m (HTF),EQL,A,A,target,29639.5,ambiguous_horizon,12,6,4,2,32.5,12.75,-11.75
1788504075000,LONDON,2026-09-04,SWG-H·15m,SWG-H,A,A,reject_long,29579.5,ambiguous_horizon,11,5,5,1,27.5,5.75,-19.0
1788504075000,LONDON,2026-09-04,VWAP,VWAP*,A,A,stop_ref,29558.34,hold,10,5,4,1,48.659999999999854,25.840000000000146,-32.409999999999854
1788505454000,LONDON,2026-09-04,VWAP,VWAP*,A,A,mean_revert,29561.43,break,10,3,6,1,31.81999999999971,28.93000000000029,-29.31999999999971
1788505454000,LONDON,2026-09-04,VWAP−1σ,VWAP*,A,A,mean_revert,29517.35,hold,6,2,3,1,75.90000000000146,15.349999999998545,-25.400000000001455
1788505454000,LONDON,2026-09-04,OB(bull)·1h (HTF),OB,A,A,target_only,29490.88,hold,3,3,0,0,102.36999999999898,7.630000000001019,-21.61999999999898
1788505454000,LONDON,2026-09-04,VWAP−2σ,VWAP*,A,A,react_zone,29473.28,untouched,0,0,0,0,119.97000000000116,0,0
1788505454000,LONDON,2026-09-04,OB(bull)·1h,OB,C,C,confluence_ref,29611.0,ambiguous_horizon,11,6,4,1,17.75,12.75,-5.0
1788505454000,LONDON,2026-09-04,VWAP+2σ,VWAP*,A,A,react_zone,29649.59,ambiguous_horizon,14,3,5,6,56.340000000000146,9.159999999999854,-6.5900000000001455
1788526577000,LONDON,2026-09-04,VWAP−1σ,VWAP*,A,A,first-touch fade / magnet reference,29538.84,ambiguous_horizon,6,1,3,2,1.8400000000001455,17.909999999999854,-15.840000000000146
1788526577000,LONDON,2026-09-04,OB(bear)·4h,OB,C,C,htf confluence,29503.38,hold,5,2,2,1,33.61999999999898,4.130000000001019,-18.36999999999898
1788526577000,LONDON,2026-09-04,Supply·1h (HTF),SUPPLY,A,A,react / fade touch,29496.25,hold,4,2,1,1,40.75,0.0,-21.75
1788526577000,LONDON,2026-09-04,Demand·1h (HTF),DEMAND,A,A,discount long react,29278.0,untouched,0,0,0,0,259.0,0,0
1788526577000,LONDON,2026-09-04,ONH,ONH,A,A,sweep-reclaim short / liquidity,29720.0,untouched,0,0,0,0,183.0,0,0
1788527505000,NY,2026-09-04,VWAP−1σ,VWAP*,A,A,monitor,29531.28,break,5,2,2,1,10.970000000001164,21.279999999998836,-12.970000000001164
1788527505000,NY,2026-09-04,SWG-L·15m,SWG-L,A,A,monitor,29573.75,break,5,1,3,1,31.5,37.5,-20.0
1788527505000,NY,2026-09-04,VWAP−2σ,VWAP*,A,A,monitor,29476.08,untouched,0,0,0,0,66.16999999999825,0,0
1788527505000,NY,2026-09-04,SWG-L·5m,SWG-L,A,A,monitor,29616.25,break,6,4,2,0,74.0,18.75,-17.75
1788527505000,NY,2026-09-04,SWG-H·15m,SWG-H,A,A,monitor,29644.25,hold,6,4,2,0,102.0,0.0,-32.0
1788527505000,NY,2026-09-04,RTH-L,RTH-L,A,A,monitor,29199.25,untouched,0,0,0,0,343.0,0,0
1788527505000,NY,2026-09-04,PDL,PDL,A,A,monitor,29075.0,untouched,0,0,0,0,467.25,0,0
1788529486000,NY,2026-09-04,OR-H,OR-H,A,A,break,29611.25,hold,4,3,1,0,18.25,0.0,-45.0
1788529486000,NY,2026-09-04,OR-L,OR-L,A,A,sweep_entry,29553.75,break,3,0,2,1,39.25,22.5,0.0
1788529486000,NY,2026-09-04,VWAP−1σ,VWAP*,A,A,magnet,29532.64,break,5,2,2,1,60.36000000000058,22.639999999999418,-11.610000000000582
1788530111000,NY,2026-09-04,Supply·1h (HTF),SUPPLY,A,A,fade,29657.38,hold,2,1,1,0,20.86999999999898,1.6300000000010186,-20.61999999999898
1788530111000,NY,2026-09-04,OR-H,OR-H,A,A,sweep-reclaim,29635.0,break,2,1,1,0,43.25,41.0,-3.0
1788530111000,NY,2026-09-04,VWAP,VWAP*,A,A,reclaim,29591.02,hold,3,2,1,0,87.22999999999956,4.520000000000437,-21.479999999999563
1788537810000,NY,2026-09-04,Demand·1h (HTF),DEMAND,A,A,react,29144.5,untouched,0,0,0,0,369.75,0,0
1788537810000,NY,2026-09-04,VWAP−1σ,VWAP*,A,A,fade,29526.38,break,1,0,1,0,12.130000000001019,20.61999999999898,0.0
1788537810000,NY,2026-09-04,OB(bull)·4h (HTF),OB,A,A,target,29697.75,untouched,0,0,0,0,183.5,0,0
1788537810000,NY,2026-09-04,Demand·4h,DEMAND,C,C,death,29852.38,untouched,0,0,0,0,338.130000000001,0,0
1788539330000,NY,2026-09-04,POC,POC,A,A,magnet/fade reference,29530.63,ambiguous_horizon,1,0,0,1,23.36999999999898,4.130000000001019,-12.869999999998981
1788539330000,NY,2026-09-04,FVG·1h (HTF),FVG,A,,target,29425.12,untouched,0,0,0,0,128.88000000000102,0,0
