09-03 10:28:29 [INFO] store/attribution.go:151 🔗 attribution converge: 522 day-plan-era CLOSED row(s) '' → UNRESOLVABLE (ids [1 2 3 4 5 6 7 8 9 10 11 12 13 14 15 16 17 18 19 20 21 22 23 24 25 26 27 28 29 30 31 32 33 34 35 36 37 38 39 40 41 42 43 44 45 46
09-03 10:28:29 [INFO] manager/trader_manager.go:717 [trader_id=8d5c8af5_8ef641a7-815c-4bb5-9798-b070b67d7998_deepseek_1781246265 trader_name=hoang] 🔄 Auto-starting trader (was running before shutdown)...
09-03 10:28:29 [INFO] manager/trader_manager.go:727 [trader_id=8d5c8af5_8ef641a7-815c-4bb5-9798-b070b67d7998_deepseek_1781246265 trader_name=hoang] ✅ Trader auto-started successfully
09-03 10:28:29 [INFO] trader/auto_trader.go:43 [trader_id=8d5c8af5_8ef641a7-815c-4bb5-9798-b070b67d7998_deepseek_1781246265 trader_name=hoang] 🧾 ledger boot: sessions[ASIA 17:00→02:00 CT (last-entry 01:45, flat 02:00) | LONDON 02:00→08:30 CT (last-entry
09-03 10:28:29 [INFO] trader/auto_trader.go:43 [trader_id=8d5c8af5_8ef641a7-815c-4bb5-9798-b070b67d7998_deepseek_1781246265 trader_name=hoang] 💰 Initial balance: 50000.00 USDT
09-03 10:28:29 [INFO] trader/auto_trader.go:43 [trader_id=8d5c8af5_8ef641a7-815c-4bb5-9798-b070b67d7998_deepseek_1781246265 trader_name=hoang] ⚙️  Scan interval: 2m0s
09-03 10:28:29 [INFO] ninjatrader/close_sync.go:77 🔄 NinjaTrader close-sync started (records SL/TP + manual exits; alarms on rejected flattens; cross-checks NT8 instrument specs)
09-03 10:28:29 [INFO] trader/auto_trader.go:43 [trader_id=8d5c8af5_8ef641a7-815c-4bb5-9798-b070b67d7998_deepseek_1781246265 trader_name=hoang] 🔄 NinjaTrader close-sync enabled (SL/TP exits → position history)
09-03 10:28:29 [INFO] ninjatrader/reconcile.go:552 🧩 reconcile: armed-fill lineage stamped — pos 591 ← 2026-09-03:NY:8d5c8af5_8ef641a7-815c-4bb5-9798-b070b67d7998_deepseek_1781246265 v2 S1 (fill 29285.00, entry_id f2b1eb20-f89e-4a88-bcff-5ce971d17861)
09-03 10:28:29 [INFO] ninjatrader/reconcile.go:552 🧩 reconcile: armed-fill lineage stamped — pos 572 ← TEST-E7:c15c48a6-a036-4991-b4d0-9c9e0b2295b3 v0 TEST-E7 (fill 29346.25, entry_id c15c48a6-a036-4991-b4d0-9c9e0b2295b3)
09-03 10:28:29 [INFO] ninjatrader/reconcile.go:87 🩹 RepairArmedLineage: stamped 2 position(s) with their armed-fill plan linkage (the #567 class)
09-03 10:28:29 [INFO] trader/auto_trader.go:43 [trader_id=8d5c8af5_8ef641a7-815c-4bb5-9798-b070b67d7998_deepseek_1781246265 trader_name=hoang] 🔧 NinjaTrader position-reconcile enabled (entry→NT8 avg, orphan clear)
09-03 10:28:29 [INFO] trader/auto_trader.go:43 [trader_id=8d5c8af5_8ef641a7-815c-4bb5-9798-b070b67d7998_deepseek_1781246265 trader_name=hoang] 📅 WEEKLY READ skip-fresh — week 2026-08-31 doc already stored (v1), idempotent.
09-03 10:28:29 [INFO] trader/auto_trader.go:43 [trader_id=8d5c8af5_8ef641a7-815c-4bb5-9798-b070b67d7998_deepseek_1781246265 trader_name=hoang] 📅 calendar: live slice for 2026-09-03 is 96h51m0s old — re-fetching for same-day corrections
09-03 10:28:29 [INFO] ninjatrader/bar_persist_wire.go:113 📦 bars: persisting 28 symbol×tf retention=90d rows=74752 (backfilled 0)
09-03 10:28:29 [INFO] kernel/levels_volume_boot.go:15 🎯 touch telemetry: band=16t(4.0pt) max_bars=12 vol_lookback=20 approach=5 — advisory, zero gates
09-03 10:28:29 [INFO] kernel/levels_volume_boot.go:19 🔧 S-wave (2026-08-26): stale_confirm=2.0×ATR5m · eod_flat=session-end (NY 14:45 CT, R-A15)
09-03 10:28:29 [INFO] kernel/levels_volume_boot.go:25 🗓 session reads (owner ruling 2026-08-31, open−30): ASIA 16:30 · LONDON 01:30 · NY 08:00 CT — windows/flats unchanged; Sunday weekly 16:30 → ASIA follows
09-03 10:28:29 [INFO] kernel/levels_volume_boot.go:26 🪢 netting-orphan wave (class 27, 2026-08-31): netting-flat cancels brackets (C# sweep + Go desync cancel_order) · exit reconstruction from the netting fill (never exit=entry; unknown → UNRESOLVED+alar
09-03 10:28:29 [INFO] kernel/levels_volume_boot.go:49 🛡 cutover safety (class 33): flat gate legs=5 (db_open_positions · api_positions · nt8_positions_snapshot · working_orders · planner_in_flight) via GET /api/cutover-gate; leg4 reads the armed_orders
09-03 10:28:29 [INFO] cleanclone/main.go:270 🛑 exits: stop=max(anchor+clr, 1.5×ATR5m) · anchor_max=3.0×ATR5m · BE=off · trail=off · size=1 · re-arm-after-sweep=on (0B)
09-03 10:28:29 [INFO] cleanclone/main.go:285 📐 excursions: logging=on rows=0 backfilled=0 unresolved=0 (unresolved = no 1m coverage; those rows keep NULLs, never zeros)
09-03 10:28:29 [INFO] cleanclone/main.go:289 🔗 attribution: stamp-at-materialization=on · armed_under_version=on · unresolvable=525 (sentinel "UNRESOLVABLE") · unstamped-closed=0 (pre-era history)
09-03 10:28:29 [INFO] trader/auto_trader.go:43 [trader_id=8d5c8af5_8ef641a7-815c-4bb5-9798-b070b67d7998_deepseek_1781246265 trader_name=hoang] 📅 calendar: fetched 13 events — 0 day slice(s) stored (src forexfactory)
09-03 10:28:29 [WARN] trader/auto_trader.go:48 [trader_id=8d5c8af5_8ef641a7-815c-4bb5-9798-b070b67d7998_deepseek_1781246265 trader_name=hoang] 🚨 dead-man watchdog: NT8 TCP link DOWN — NEW entries BLOCKED until a clean reconciliation. Open positions & exit
09-03 10:28:29 [INFO] trader/auto_trader.go:43 [trader_id=8d5c8af5_8ef641a7-815c-4bb5-9798-b070b67d7998_deepseek_1781246265 trader_name=hoang] 🗺️ day-plan knobs: seat_1h_zone=true min_scenario_quality=C ob_lookback_bars=8
09-03 10:28:29 [INFO] trader/auto_trader.go:43 [trader_id=8d5c8af5_8ef641a7-815c-4bb5-9798-b070b67d7998_deepseek_1781246265 trader_name=hoang] 🛑 min-sl guard: atr_mult=1.5 level_clearance=2tick(s)
09-03 10:28:29 [INFO] trader/auto_trader.go:43 [trader_id=8d5c8af5_8ef641a7-815c-4bb5-9798-b070b67d7998_deepseek_1781246265 trader_name=hoang] 🧬 plan lifecycle: hysteresis=buffer0.5×ATR14 confirm=2close(s) · flip/death→dormant+auto-rearm (version unchan
09-03 10:28:29 [INFO] trader/auto_trader.go:43 [trader_id=8d5c8af5_8ef641a7-815c-4bb5-9798-b070b67d7998_deepseek_1781246265 trader_name=hoang] ⚔️ armed_orders=on place_band=100t stale_working=15m test_seam=off arm_rr=2.0 (gate-at-arm only; market-entry flo
09-03 10:28:29 [INFO] trader/auto_trader.go:43 [trader_id=8d5c8af5_8ef641a7-815c-4bb5-9798-b070b67d7998_deepseek_1781246265 trader_name=hoang] 🩹 move_stop identity: materialized positions persist armed-ledger signal_id → entry_order_id; move_stop/trailing
09-03 10:28:29 [INFO] trader/auto_trader.go:43 [trader_id=8d5c8af5_8ef641a7-815c-4bb5-9798-b070b67d7998_deepseek_1781246265 trader_name=hoang] 🛡️ htf veto: mode=cross tf=1h (1h|cross|4h via HTF_VETO_MODE; cross = 1h AND 4h agree)
09-03 10:28:29 [INFO] trader/auto_trader.go:43 [trader_id=8d5c8af5_8ef641a7-815c-4bb5-9798-b070b67d7998_deepseek_1781246265 trader_name=hoang] 🛰 executor client: provider_row=8ef641a7-815c-4bb5-9798-b070b67d7998_deepseek retries=2 backoff=2s http_ceiling=60
09-03 10:28:29 [INFO] trader/auto_trader.go:43 [trader_id=8d5c8af5_8ef641a7-815c-4bb5-9798-b070b67d7998_deepseek_1781246265 trader_name=hoang] 🛰 planner client: tries=3 backoff=2s→15s→45s keepalive_set=30s observed=n/a watchdog=pre600s/post90s→eff30s(
09-03 10:28:29 [INFO] trader/auto_trader.go:43 [trader_id=8d5c8af5_8ef641a7-815c-4bb5-9798-b070b67d7998_deepseek_1781246265 trader_name=hoang] 🔬 shadow A/B (root-fix part B): OFF target_n=10 done=0 (SHADOW_AB_ENABLED, SHADOW_AB_N) — fast-mode plans valida
09-03 10:28:29 [INFO] trader/auto_trader.go:43 [trader_id=8d5c8af5_8ef641a7-815c-4bb5-9798-b070b67d7998_deepseek_1781246265 trader_name=hoang] 🚫 no-chase: max_dist=1.00×ATR max_run=1.5×ATR5m(stop floor) mode=warn counters=on [I] PROVISIONAL — the number
09-03 10:28:29 [INFO] trader/auto_trader.go:43 [trader_id=8d5c8af5_8ef641a7-815c-4bb5-9798-b070b67d7998_deepseek_1781246265 trader_name=hoang] 📊 bars: 1w own1m via 1m since 2026-08-13 (3) · 1d own1m via 1m since 2026-08-19 (13) · 4h own1m via 1m since 202
09-03 10:28:29 [INFO] trader/auto_trader.go:43 [trader_id=8d5c8af5_8ef641a7-815c-4bb5-9798-b070b67d7998_deepseek_1781246265 trader_name=hoang] 🛡 cutover safety (class 33): gate legs=5 · leg4=ledger · boot sweep cancelled 0 pre-boot arm(s) (0 authorized-bu
09-03 10:28:29 [INFO] trader/auto_trader.go:43 [trader_id=8d5c8af5_8ef641a7-815c-4bb5-9798-b070b67d7998_deepseek_1781246265 trader_name=hoang] 🔬 conditions: live [acceptance, breakdown_continue, breakup_continue, hold, reclaim, reject, sweep_reclaim] · sha
09-03 10:28:29 [INFO] trader/auto_trader.go:43 [trader_id=8d5c8af5_8ef641a7-815c-4bb5-9798-b070b67d7998_deepseek_1781246265 trader_name=hoang] 📊 Account equity: 51906.50 USDT | Available: 51906.50 USDT | Positions: 0
09-03 10:28:29 [INFO] trader/auto_trader.go:43 [trader_id=8d5c8af5_8ef641a7-815c-4bb5-9798-b070b67d7998_deepseek_1781246265 trader_name=hoang] 🤖 Requesting AI analysis and decision... [Strategy Engine]
09-03 10:28:44 [INFO] ninjatrader/bar_persist_wire.go:113 📦 bars: persisting 28 symbol×tf retention=90d rows=74752 (backfilled 48889)
09-03 10:28:44 [INFO] trader/auto_trader.go:43 [trader_id=8d5c8af5_8ef641a7-815c-4bb5-9798-b070b67d7998_deepseek_1781246265 trader_name=hoang] 📊 bars after backfill: 1w nt8_agg via 1d since 2019-05-02 (383) · 1d nt8 since 2019-05-05 (1896) · 4h nt8 since
09-03 10:29:01 [INFO] trader/auto_trader.go:43 [trader_id=8d5c8af5_8ef641a7-815c-4bb5-9798-b070b67d7998_deepseek_1781246265 trader_name=hoang] ⏱️ AI call (reasoning=fast→low) duration: 27.19 seconds
09-03 10:29:02 [INFO] trader/auto_trader_decision.go:62 📝 Decision record saved: trader=8d5c8af5_8ef641a7-815c-4bb5-9798-b070b67d7998_deepseek_1781246265, cycle=27191
09-03 09:00:54 [WARN] trader/auto_trader.go:48 [trader_id=8d5c8af5_8ef641a7-815c-4bb5-9798-b070b67d7998_deepseek_1781246265 trader_name=hoang] 🗓️ level wake seated Supply·1h invalidated: close 29332.25 above 29209.25 (noise 8.38) on NY 2026-09-03 — SKI
09-03 09:00:54 [INFO] trader/auto_trader.go:43 [trader_id=8d5c8af5_8ef641a7-815c-4bb5-9798-b070b67d7998_deepseek_1781246265 trader_name=hoang] 📅 calendar: live slice for 2026-09-03 is 95h23m0s old — re-fetching for same-day corrections
09-03 09:00:54 [INFO] trader/auto_trader.go:43 [trader_id=8d5c8af5_8ef641a7-815c-4bb5-9798-b070b67d7998_deepseek_1781246265 trader_name=hoang] 🛑 arm stop NY S1 leg 1 short: stop 29349.90 (authored 29340.00 WIDENED) · anchor ONH 29293.00 → beyond 29293.50
09-03 09:00:54 [INFO] trader/auto_trader.go:43 [trader_id=8d5c8af5_8ef641a7-815c-4bb5-9798-b070b67d7998_deepseek_1781246265 trader_name=hoang] 📊 Account equity: 52046.50 USDT | Available: 52046.50 USDT | Positions: 0
09-03 09:00:54 [INFO] trader/auto_trader.go:43 [trader_id=8d5c8af5_8ef641a7-815c-4bb5-9798-b070b67d7998_deepseek_1781246265 trader_name=hoang] 🤖 Requesting AI analysis and decision... [Strategy Engine]
09-03 09:01:29 [INFO] trader/auto_trader.go:43 [trader_id=8d5c8af5_8ef641a7-815c-4bb5-9798-b070b67d7998_deepseek_1781246265 trader_name=hoang] ⏱️ AI call (reasoning=fast→low) duration: 30.17 seconds
09-03 09:01:30 [INFO] trader/auto_trader_decision.go:62 📝 Decision record saved: trader=8d5c8af5_8ef641a7-815c-4bb5-9798-b070b67d7998_deepseek_1781246265, cycle=27146
09-03 09:02:54 [WARN] trader/auto_trader.go:48 [trader_id=8d5c8af5_8ef641a7-815c-4bb5-9798-b070b67d7998_deepseek_1781246265 trader_name=hoang] 🗓️ level wake seated Supply·1h invalidated: close 29332.25 above 29209.25 (noise 8.88) on NY 2026-09-03 — SKI
09-03 09:02:54 [INFO] trader/auto_trader.go:43 [trader_id=8d5c8af5_8ef641a7-815c-4bb5-9798-b070b67d7998_deepseek_1781246265 trader_name=hoang] 📅 calendar: live slice for 2026-09-03 is 95h25m0s old — re-fetching for same-day corrections
09-03 09:02:54 [INFO] trader/auto_trader.go:43 [trader_id=8d5c8af5_8ef641a7-815c-4bb5-9798-b070b67d7998_deepseek_1781246265 trader_name=hoang] 🛑 arm stop NY S1 leg 1 short: stop 29354.91 (authored 29340.00 WIDENED) · anchor ONH 29293.00 → beyond 29293.50
09-03 09:02:54 [INFO] trader/auto_trader.go:43 [trader_id=8d5c8af5_8ef641a7-815c-4bb5-9798-b070b67d7998_deepseek_1781246265 trader_name=hoang] ⚔️ arm S1 leg 1 wait_confirm MET (touch) — arming
09-03 09:02:54 [INFO] trader/auto_trader.go:43 [trader_id=8d5c8af5_8ef641a7-815c-4bb5-9798-b070b67d7998_deepseek_1781246265 trader_name=hoang] 🚫 no-chase: arm S1 has no recorded touch — run stored NULL, judged on dist alone (0.00×ATR)
09-03 09:02:54 [INFO] trader/auto_trader.go:43 [trader_id=8d5c8af5_8ef641a7-815c-4bb5-9798-b070b67d7998_deepseek_1781246265 trader_name=hoang] ⚔️ armed NY S1 leg 1 short limit 29285.00 SL 29354.91 TP 29144.50 (tick-managed placement is Phase 2)
09-03 09:02:54 [INFO] trader/auto_trader.go:43 [trader_id=8d5c8af5_8ef641a7-815c-4bb5-9798-b070b67d7998_deepseek_1781246265 trader_name=hoang] 📌 armed S1 → WORKING limit 29285.00 signal=f2b1eb20-f89e-4a88-bcff-5ce971d17861 (band ±100t)
09-03 09:02:54 [INFO] trader/auto_trader.go:43 [trader_id=8d5c8af5_8ef641a7-815c-4bb5-9798-b070b67d7998_deepseek_1781246265 trader_name=hoang] 📊 Account equity: 52046.50 USDT | Available: 52046.50 USDT | Positions: 0
09-03 09:02:54 [INFO] trader/auto_trader.go:43 [trader_id=8d5c8af5_8ef641a7-815c-4bb5-9798-b070b67d7998_deepseek_1781246265 trader_name=hoang] 🤖 Requesting AI analysis and decision... [Strategy Engine]
09-03 09:03:54 [INFO] ninjatrader/reconcile.go:395 🧩 reconcile: NT8 holds UNTRACKED position MNQ SHORT @ avg 29285.00 (no open row) — materializing after 60s if it persists
09-03 09:05:14 [WARN] ninjatrader/reconcile.go:436 🧩 reconcile: MATERIALIZED untracked NT8 position MNQ SHORT qty=1 @ 29285.00 (acct=Sim101) — manual/NT8-side entry now tracked; its close will record real P&L
09-03 09:05:35 [INFO] trader/auto_trader.go:43 [trader_id=8d5c8af5_8ef641a7-815c-4bb5-9798-b070b67d7998_deepseek_1781246265 trader_name=hoang] ⏱️ AI call (reasoning=fast→low) duration: 157.03 seconds
09-03 09:05:35 [INFO] trader/auto_trader.go:43 [trader_id=8d5c8af5_8ef641a7-815c-4bb5-9798-b070b67d7998_deepseek_1781246265 trader_name=hoang] ℹ️ superseded_wait — the AI call spanned a 5m close but the decision was wait/hold-only; discarded quietly (fre
09-03 09:05:35 [INFO] trader/auto_trader_decision.go:62 📝 Decision record saved: trader=8d5c8af5_8ef641a7-815c-4bb5-9798-b070b67d7998_deepseek_1781246265, cycle=27147
09-03 09:05:35 [WARN] trader/auto_trader.go:48 [trader_id=8d5c8af5_8ef641a7-815c-4bb5-9798-b070b67d7998_deepseek_1781246265 trader_name=hoang] ⏱ cycle overran the scan interval (2m41.166s > 2m0s) — next tick delayed, in-flight work never cancelled; interve
09-03 09:05:35 [WARN] trader/auto_trader.go:48 [trader_id=8d5c8af5_8ef641a7-815c-4bb5-9798-b070b67d7998_deepseek_1781246265 trader_name=hoang] 🗓️ level wake seated Supply·1h invalidated: close 29332.25 above 29209.25 (noise 8.88) on NY 2026-09-03 — SKI
09-03 09:05:35 [INFO] trader/auto_trader.go:43 [trader_id=8d5c8af5_8ef641a7-815c-4bb5-9798-b070b67d7998_deepseek_1781246265 trader_name=hoang] 📅 calendar: live slice for 2026-09-03 is 95h28m0s old — re-fetching for same-day corrections
09-03 09:05:35 [INFO] trader/auto_trader.go:43 [trader_id=8d5c8af5_8ef641a7-815c-4bb5-9798-b070b67d7998_deepseek_1781246265 trader_name=hoang] 🎯 scenario S1 → ≈armed @ 29285.00 (price is inside the activation window — display-only estimate, never exec
09-03 09:05:35 [INFO] trader/auto_trader.go:43 [trader_id=8d5c8af5_8ef641a7-815c-4bb5-9798-b070b67d7998_deepseek_1781246265 trader_name=hoang] 🎯 scenario S2 → ≈armed @ 29144.50 (price is inside the activation window — display-only estimate, never exec
09-03 09:05:35 [INFO] trader/auto_trader.go:43 [trader_id=8d5c8af5_8ef641a7-815c-4bb5-9798-b070b67d7998_deepseek_1781246265 trader_name=hoang] 🎯 scenario S3 → ≈armed @ 29293.00 (price is inside the activation window — display-only estimate, never exec
09-03 09:05:35 [INFO] trader/auto_trader.go:43 [trader_id=8d5c8af5_8ef641a7-815c-4bb5-9798-b070b67d7998_deepseek_1781246265 trader_name=hoang] 🛑 arm stop NY S1 leg 1 short: stop 29351.63 (authored 29340.00 WIDENED) · anchor ONH 29293.00 → beyond 29293.50
09-03 09:05:35 [INFO] trader/auto_trader.go:43 [trader_id=8d5c8af5_8ef641a7-815c-4bb5-9798-b070b67d7998_deepseek_1781246265 trader_name=hoang] ⚔️ arm S1 leg 1 wait_confirm MET (touch) — arming
09-03 09:05:35 [INFO] trader/auto_trader.go:43 [trader_id=8d5c8af5_8ef641a7-815c-4bb5-9798-b070b67d7998_deepseek_1781246265 trader_name=hoang] 🚫 no-chase: arm S1 has no recorded touch — run stored NULL, judged on dist alone (0.00×ATR)
09-03 09:05:35 [INFO] trader/armed_executor.go:1065 📡 armed order_update summary (1-line/min): frames=1 initialized=1
09-03 09:05:35 [INFO] trader/auto_trader.go:43 [trader_id=8d5c8af5_8ef641a7-815c-4bb5-9798-b070b67d7998_deepseek_1781246265 trader_name=hoang] ⚡ armed fill S1 @ 29285.00: position row not materialized yet — stamp pending (reconcile completes it)
09-03 09:05:35 [INFO] trader/auto_trader.go:43 [trader_id=8d5c8af5_8ef641a7-815c-4bb5-9798-b070b67d7998_deepseek_1781246265 trader_name=hoang] ⚡ armed fill S1 @ 29285.00 (entry_class=armed_fill — stale_reeval NOT applied)
09-03 09:05:51 [INFO] trader/auto_trader_decision.go:62 📝 Decision record saved: trader=8d5c8af5_8ef641a7-815c-4bb5-9798-b070b67d7998_deepseek_1781246265, cycle=27148
09-03 09:06:54 [WARN] trader/auto_trader.go:48 [trader_id=8d5c8af5_8ef641a7-815c-4bb5-9798-b070b67d7998_deepseek_1781246265 trader_name=hoang] ⏱ wake would_skip: cooldown 21 min since the last wake-authored version (cooldown 30m) — seated Supply·1h invali
09-03 09:06:54 [WARN] trader/auto_trader.go:48 [trader_id=8d5c8af5_8ef641a7-815c-4bb5-9798-b070b67d7998_deepseek_1781246265 trader_name=hoang] 🗓️ level wake seated Supply·1h invalidated: close 29332.25 above 29209.25 (noise 8.88) on NY 2026-09-03 — wak
09-03 09:06:54 [INFO] trader/auto_trader.go:43 [trader_id=8d5c8af5_8ef641a7-815c-4bb5-9798-b070b67d7998_deepseek_1781246265 trader_name=hoang] 📅 calendar: live slice for 2026-09-03 is 95h29m0s old — re-fetching for same-day corrections
09-03 09:06:54 [INFO] trader/auto_trader.go:43 [trader_id=8d5c8af5_8ef641a7-815c-4bb5-9798-b070b67d7998_deepseek_1781246265 trader_name=hoang] 🧠 planner model: empty binding → using primary, pinned "deepseek-v4-pro"
09-03 09:06:54 [INFO] trader/auto_trader.go:43 [trader_id=8d5c8af5_8ef641a7-815c-4bb5-9798-b070b67d7998_deepseek_1781246265 trader_name=hoang] 🛑 arm stop NY S1 leg 1 short: stop 29352.65 (authored 29340.00 WIDENED) · anchor ONH 29293.00 → beyond 29293.50
09-03 09:06:54 [INFO] trader/auto_trader.go:43 [trader_id=8d5c8af5_8ef641a7-815c-4bb5-9798-b070b67d7998_deepseek_1781246265 trader_name=hoang] ⚔️ arm S1 leg 1 wait_confirm MET (touch) — arming
09-03 09:06:54 [INFO] trader/auto_trader.go:43 [trader_id=8d5c8af5_8ef641a7-815c-4bb5-9798-b070b67d7998_deepseek_1781246265 trader_name=hoang] 🚫 no-chase: arm S1 has no recorded touch — run stored NULL, judged on dist alone (0.00×ATR)
09-03 09:06:54 [INFO] trader/auto_trader.go:43 [trader_id=8d5c8af5_8ef641a7-815c-4bb5-9798-b070b67d7998_deepseek_1781246265 trader_name=hoang] ⚔️ armed NY S1 leg 1 short limit 29285.00 SL 29352.65 TP 29144.50 (tick-managed placement is Phase 2)
09-03 09:06:54 [INFO] trader/auto_trader.go:43 [trader_id=8d5c8af5_8ef641a7-815c-4bb5-9798-b070b67d7998_deepseek_1781246265 trader_name=hoang] 🗺️ G2 HTF detection @NY: 233 level(s) map[Demand·15m:1 Demand·1h:5 Demand·4h:10 EQH·15m:16 EQH·1h:19 EQH·4
09-03 09:06:54 [WARN] trader/auto_trader.go:48 [trader_id=8d5c8af5_8ef641a7-815c-4bb5-9798-b070b67d7998_deepseek_1781246265 trader_name=hoang] 🌑 dark regime at the NY read: 1/7 regime fields unavailable (vix_level) — plan still trustworthy
09-03 09:06:54 [INFO] trader/auto_trader.go:43 [trader_id=8d5c8af5_8ef641a7-815c-4bb5-9798-b070b67d7998_deepseek_1781246265 trader_name=hoang] 📓 read facts: void=20 · floor=67.6 pts (1.5×ATR5m 45.10) · scope=1m×2000 since=1788386400000 (cap 500)
09-03 09:06:54 [INFO] trader/auto_trader.go:43 [trader_id=8d5c8af5_8ef641a7-815c-4bb5-9798-b070b67d7998_deepseek_1781246265 trader_name=hoang] 🗺️ map assembly (T1): 0ms
09-03 09:07:20 [INFO] trader/auto_trader_decision.go:62 📝 Decision record saved: trader=8d5c8af5_8ef641a7-815c-4bb5-9798-b070b67d7998_deepseek_1781246265, cycle=27149
09-03 09:08:54 [INFO] trader/auto_trader.go:43 [trader_id=8d5c8af5_8ef641a7-815c-4bb5-9798-b070b67d7998_deepseek_1781246265 trader_name=hoang] 📅 calendar: live slice for 2026-09-03 is 95h31m0s old — re-fetching for same-day corrections
09-03 09:08:54 [INFO] trader/auto_trader.go:43 [trader_id=8d5c8af5_8ef641a7-815c-4bb5-9798-b070b67d7998_deepseek_1781246265 trader_name=hoang] 🛑 arm stop NY S1 leg 1 short: stop 29354.44 (authored 29340.00 WIDENED) · anchor ONH 29293.00 → beyond 29293.50
09-03 09:08:54 [INFO] trader/auto_trader.go:43 [trader_id=8d5c8af5_8ef641a7-815c-4bb5-9798-b070b67d7998_deepseek_1781246265 trader_name=hoang] ⚔️ arm S1 leg 1 wait_confirm MET (touch) — arming
09-03 09:08:54 [INFO] trader/auto_trader.go:43 [trader_id=8d5c8af5_8ef641a7-815c-4bb5-9798-b070b67d7998_deepseek_1781246265 trader_name=hoang] 🚫 no-chase: arm S1 has no recorded touch — run stored NULL, judged on dist alone (0.00×ATR)
09-03 09:08:54 [INFO] trader/auto_trader.go:43 [trader_id=8d5c8af5_8ef641a7-815c-4bb5-9798-b070b67d7998_deepseek_1781246265 trader_name=hoang] ⚔️ armed NY S1 leg 1 short limit 29285.00 SL 29354.44 TP 29144.50 (tick-managed placement is Phase 2)
09-03 09:10:01 [INFO] trader/auto_trader_decision.go:62 📝 Decision record saved: trader=8d5c8af5_8ef641a7-815c-4bb5-9798-b070b67d7998_deepseek_1781246265, cycle=27150
09-03 09:10:54 [INFO] trader/auto_trader.go:43 [trader_id=8d5c8af5_8ef641a7-815c-4bb5-9798-b070b67d7998_deepseek_1781246265 trader_name=hoang] 📅 calendar: live slice for 2026-09-03 is 95h33m0s old — re-fetching for same-day corrections
09-03 09:10:54 [INFO] trader/auto_trader.go:43 [trader_id=8d5c8af5_8ef641a7-815c-4bb5-9798-b070b67d7998_deepseek_1781246265 trader_name=hoang] 🛑 arm stop NY S1 leg 1 short: stop 29352.40 (authored 29340.00 WIDENED) · anchor ONH 29293.00 → beyond 29293.50
09-03 09:10:54 [INFO] trader/auto_trader.go:43 [trader_id=8d5c8af5_8ef641a7-815c-4bb5-9798-b070b67d7998_deepseek_1781246265 trader_name=hoang] ⚔️ arm S1 leg 1 wait_confirm MET (touch) — arming
09-03 09:10:54 [INFO] trader/auto_trader.go:43 [trader_id=8d5c8af5_8ef641a7-815c-4bb5-9798-b070b67d7998_deepseek_1781246265 trader_name=hoang] 🚫 no-chase: arm S1 has no recorded touch — run stored NULL, judged on dist alone (0.00×ATR)
09-03 09:10:54 [INFO] trader/auto_trader.go:43 [trader_id=8d5c8af5_8ef641a7-815c-4bb5-9798-b070b67d7998_deepseek_1781246265 trader_name=hoang] ⚔️ armed NY S1 leg 1 short limit 29285.00 SL 29352.40 TP 29144.50 (tick-managed placement is Phase 2)
09-03 09:11:31 [INFO] trader/auto_trader_decision.go:62 📝 Decision record saved: trader=8d5c8af5_8ef641a7-815c-4bb5-9798-b070b67d7998_deepseek_1781246265, cycle=27151
09-03 09:12:54 [INFO] trader/auto_trader.go:43 [trader_id=8d5c8af5_8ef641a7-815c-4bb5-9798-b070b67d7998_deepseek_1781246265 trader_name=hoang] 📅 calendar: live slice for 2026-09-03 is 95h35m0s old — re-fetching for same-day corrections
09-03 09:12:54 [INFO] trader/auto_trader.go:43 [trader_id=8d5c8af5_8ef641a7-815c-4bb5-9798-b070b67d7998_deepseek_1781246265 trader_name=hoang] 🎯 scenario S1 → ≈triggered @ 29285.00 (condition reject occurred at 29285 — display-only estimate, never exe
09-03 09:12:54 [INFO] trader/auto_trader.go:43 [trader_id=8d5c8af5_8ef641a7-815c-4bb5-9798-b070b67d7998_deepseek_1781246265 trader_name=hoang] 🎯 scenario S2 → ≈armed @ 29144.50 (price is inside the activation window — display-only estimate, never exec
09-03 09:12:54 [INFO] trader/auto_trader.go:43 [trader_id=8d5c8af5_8ef641a7-815c-4bb5-9798-b070b67d7998_deepseek_1781246265 trader_name=hoang] 🎯 scenario S3 → ≈armed @ 29293.00 (price is inside the activation window — display-only estimate, never exec
09-03 09:12:54 [INFO] trader/auto_trader.go:43 [trader_id=8d5c8af5_8ef641a7-815c-4bb5-9798-b070b67d7998_deepseek_1781246265 trader_name=hoang] 🛑 arm stop NY S1 leg 1 short: stop 29354.86 (authored 29340.00 WIDENED) · anchor ONH 29293.00 → beyond 29293.50
09-03 09:12:54 [INFO] trader/auto_trader.go:43 [trader_id=8d5c8af5_8ef641a7-815c-4bb5-9798-b070b67d7998_deepseek_1781246265 trader_name=hoang] ⚔️ arm S1 leg 1 wait_confirm MET (touch) — arming
09-03 09:12:54 [INFO] trader/auto_trader.go:43 [trader_id=8d5c8af5_8ef641a7-815c-4bb5-9798-b070b67d7998_deepseek_1781246265 trader_name=hoang] 🚫 no-chase: arm S1 has no recorded touch — run stored NULL, judged on dist alone (0.00×ATR)
09-03 09:12:54 [INFO] trader/auto_trader.go:43 [trader_id=8d5c8af5_8ef641a7-815c-4bb5-9798-b070b67d7998_deepseek_1781246265 trader_name=hoang] ⚔️ armed NY S1 leg 1 short limit 29285.00 SL 29354.86 TP 29144.50 (tick-managed placement is Phase 2)
09-03 09:13:44 [INFO] trader/auto_trader_decision.go:62 📝 Decision record saved: trader=8d5c8af5_8ef641a7-815c-4bb5-9798-b070b67d7998_deepseek_1781246265, cycle=27152
09-03 09:14:54 [INFO] trader/auto_trader.go:43 [trader_id=8d5c8af5_8ef641a7-815c-4bb5-9798-b070b67d7998_deepseek_1781246265 trader_name=hoang] ⏳ stale_dodge deferred_ms=6404 — cycle start within avg_call×1.2 of the 5m close; deferring to close+1s (avg_cal
09-03 09:15:01 [WARN] trader/auto_trader.go:48 [trader_id=8d5c8af5_8ef641a7-815c-4bb5-9798-b070b67d7998_deepseek_1781246265 trader_name=hoang] 🗓️ level wake seated Supply·1h invalidated: close 29301.50 above 29209.25 (noise 8.37) on NY 2026-09-03 — SKI
09-03 09:15:01 [INFO] trader/auto_trader.go:43 [trader_id=8d5c8af5_8ef641a7-815c-4bb5-9798-b070b67d7998_deepseek_1781246265 trader_name=hoang] 📅 calendar: live slice for 2026-09-03 is 95h37m0s old — re-fetching for same-day corrections
09-03 09:15:01 [INFO] trader/auto_trader.go:43 [trader_id=8d5c8af5_8ef641a7-815c-4bb5-9798-b070b67d7998_deepseek_1781246265 trader_name=hoang] 🎯 scenario S1 → ≈invalidated @ 29285.00 (price accepted through the level against the trade — it flipped rol
09-03 09:15:01 [INFO] trader/auto_trader.go:43 [trader_id=8d5c8af5_8ef641a7-815c-4bb5-9798-b070b67d7998_deepseek_1781246265 trader_name=hoang] 🎯 scenario S2 → ≈armed @ 29144.50 (price is inside the activation window — display-only estimate, never exec
09-03 09:15:01 [INFO] trader/auto_trader.go:43 [trader_id=8d5c8af5_8ef641a7-815c-4bb5-9798-b070b67d7998_deepseek_1781246265 trader_name=hoang] 🎯 scenario S3 → ≈invalidated @ 29293.00 (price accepted through the level against the trade — it flipped rol
09-03 09:15:01 [INFO] trader/auto_trader.go:43 [trader_id=8d5c8af5_8ef641a7-815c-4bb5-9798-b070b67d7998_deepseek_1781246265 trader_name=hoang] 🛑 arm stop NY S1 leg 1 short: stop 29350.67 (authored 29340.00 WIDENED) · anchor ONH 29293.00 → beyond 29293.50
09-03 09:15:01 [INFO] trader/auto_trader.go:43 [trader_id=8d5c8af5_8ef641a7-815c-4bb5-9798-b070b67d7998_deepseek_1781246265 trader_name=hoang] ⚔️ arm S1 leg 1 wait_confirm MET (touch) — arming
09-03 09:15:01 [INFO] trader/auto_trader.go:43 [trader_id=8d5c8af5_8ef641a7-815c-4bb5-9798-b070b67d7998_deepseek_1781246265 trader_name=hoang] 🚫 no-chase: arm S1 has no recorded touch — run stored NULL, judged on dist alone (0.00×ATR)
09-03 09:15:01 [INFO] trader/auto_trader.go:43 [trader_id=8d5c8af5_8ef641a7-815c-4bb5-9798-b070b67d7998_deepseek_1781246265 trader_name=hoang] ⚔️ armed NY S1 leg 1 short limit 29285.00 SL 29350.67 TP 29144.50 (tick-managed placement is Phase 2)
09-03 09:15:31 [INFO] trader/auto_trader.go:43 [trader_id=8d5c8af5_8ef641a7-815c-4bb5-9798-b070b67d7998_deepseek_1781246265 trader_name=hoang] 🧠 planner call (reasoning=max wire=enabled/max cap=65536 stream idle=30s total=1200s) completed in 516.8s
09-03 09:15:31 [WARN] trader/auto_trader.go:48 [trader_id=8d5c8af5_8ef641a7-815c-4bb5-9798-b070b67d7998_deepseek_1781246265 trader_name=hoang] ⚔️ arm feasibility: S2 arm stop 29418.75 too close (67.70 < 68.35 = 1.5×ATR5m) — min-SL gate will refuse it (W
09-03 09:15:31 [INFO] trader/auto_trader.go:43 [trader_id=8d5c8af5_8ef641a7-815c-4bb5-9798-b070b67d7998_deepseek_1781246265 trader_name=hoang] 📊 planner_candle_citations: 0 scenario line(s) cite "per candles" this read.
09-03 09:15:31 [INFO] trader/auto_trader.go:43 [trader_id=8d5c8af5_8ef641a7-815c-4bb5-9798-b070b67d7998_deepseek_1781246265 trader_name=hoang] 🌗 SHADOW wk-confl ONL@29075.00 (NY) real=A shadow=4.5 — view only, real seating unchanged.
09-03 09:15:38 [INFO] trader/auto_trader_decision.go:62 📝 Decision record saved: trader=8d5c8af5_8ef641a7-815c-4bb5-9798-b070b67d7998_deepseek_1781246265, cycle=27153
09-03 09:16:54 [WARN] trader/auto_trader.go:48 [trader_id=8d5c8af5_8ef641a7-815c-4bb5-9798-b070b67d7998_deepseek_1781246265 trader_name=hoang] 🗓️ level wake seated Supply·1h invalidated: close 29301.50 above 29209.25 (noise 8.65) on NY 2026-09-03 — SKI
09-03 09:16:54 [INFO] trader/auto_trader.go:43 [trader_id=8d5c8af5_8ef641a7-815c-4bb5-9798-b070b67d7998_deepseek_1781246265 trader_name=hoang] 📅 calendar: live slice for 2026-09-03 is 95h39m0s old — re-fetching for same-day corrections
09-03 09:16:54 [INFO] trader/auto_trader.go:43 [trader_id=8d5c8af5_8ef641a7-815c-4bb5-9798-b070b67d7998_deepseek_1781246265 trader_name=hoang] 🎯 scenario S1 → ≈armed @ 29255.00 (price is inside the activation window — display-only estimate, never exec
09-03 09:16:54 [INFO] trader/auto_trader.go:43 [trader_id=8d5c8af5_8ef641a7-815c-4bb5-9798-b070b67d7998_deepseek_1781246265 trader_name=hoang] 🎯 scenario S2 → ≈armed @ 29351.05 (price is inside the activation window — display-only estimate, never exec
09-03 09:16:54 [INFO] trader/auto_trader.go:43 [trader_id=8d5c8af5_8ef641a7-815c-4bb5-9798-b070b67d7998_deepseek_1781246265 trader_name=hoang] 🎯 scenario S3 → ≈armed @ 29255.00 (price is inside the activation window — display-only estimate, never exec
09-03 09:16:54 [INFO] trader/auto_trader.go:43 [trader_id=8d5c8af5_8ef641a7-815c-4bb5-9798-b070b67d7998_deepseek_1781246265 trader_name=hoang] 🎯 scenario S4 → ≈armed @ 29075.00 (price is inside the activation window — display-only estimate, never exec
09-03 09:16:54 [INFO] trader/auto_trader.go:43 [trader_id=8d5c8af5_8ef641a7-815c-4bb5-9798-b070b67d7998_deepseek_1781246265 trader_name=hoang] 🛑 arm stop NY S2 leg 1 short: stop 29419.54 (authored 29418.75 WIDENED) · anchor none (stop_unanchored) · atr_fl
09-03 09:16:54 [WARN] trader/auto_trader.go:48 [trader_id=8d5c8af5_8ef641a7-815c-4bb5-9798-b070b67d7998_deepseek_1781246265 trader_name=hoang] 🛑 stop_unanchored NY S2 leg 1 — no seated level within 3.0×ATR5m on the risk side; ATR floor governs. Recorded
09-03 09:17:52 [INFO] trader/auto_trader_decision.go:62 📝 Decision record saved: trader=8d5c8af5_8ef641a7-815c-4bb5-9798-b070b67d7998_deepseek_1781246265, cycle=27154
09-03 09:18:54 [WARN] trader/auto_trader.go:48 [trader_id=8d5c8af5_8ef641a7-815c-4bb5-9798-b070b67d7998_deepseek_1781246265 trader_name=hoang] 🗓️ level wake seated Supply·1h invalidated: close 29301.50 above 29209.25 (noise 8.69) on NY 2026-09-03 — SKI
09-03 09:18:54 [INFO] trader/auto_trader.go:43 [trader_id=8d5c8af5_8ef641a7-815c-4bb5-9798-b070b67d7998_deepseek_1781246265 trader_name=hoang] 📅 calendar: live slice for 2026-09-03 is 95h41m0s old — re-fetching for same-day corrections
09-03 09:18:54 [INFO] trader/auto_trader.go:43 [trader_id=8d5c8af5_8ef641a7-815c-4bb5-9798-b070b67d7998_deepseek_1781246265 trader_name=hoang] 🛑 arm stop NY S2 leg 1 short: stop 29419.94 (authored 29418.75 WIDENED) · anchor none (stop_unanchored) · atr_fl
09-03 09:18:54 [WARN] trader/auto_trader.go:48 [trader_id=8d5c8af5_8ef641a7-815c-4bb5-9798-b070b67d7998_deepseek_1781246265 trader_name=hoang] 🛑 stop_unanchored NY S2 leg 1 — no seated level within 3.0×ATR5m on the risk side; ATR floor governs. Recorded
09-03 09:19:27 [INFO] trader/auto_trader_decision.go:62 📝 Decision record saved: trader=8d5c8af5_8ef641a7-815c-4bb5-9798-b070b67d7998_deepseek_1781246265, cycle=27155
09-03 09:20:45 [INFO] store/position_builder.go:162   ✅ Full close: MNQ SHORT 1.000000 @ 29355.00 (avg exit: 29355.00, entry: 29285.00, PnL: -140.00)
09-03 09:20:45 [INFO] ninjatrader/close_sync.go:180 📊 exit fill recorded: MNQ SHORT qty=1.00 @ 29355.00 (tick-exact, pnl -140.00)
09-03 09:20:45 [INFO] trader/auto_trader.go:43 [trader_id=8d5c8af5_8ef641a7-815c-4bb5-9798-b070b67d7998_deepseek_1781246265 trader_name=hoang] ↻ post-exit rescan armed for position #591 — one full decision cycle in 2s (all gates apply).
09-03 09:20:45 [WARN] ninjatrader/close_sync.go:196 📕 NT position closed: MNQ SHORT qty=1.00 exit=29355.00 reason=sl pnl=-140.00 (owner=8d5c8af5_8ef641a7-815c-4bb5-9798-b070b67d7998_deepseek_1781246265)
09-03 09:20:45 [INFO] ninjatrader/close_sync.go:206 ⏳ re-entry cooldown armed: MNQ SHORT stop=29355.00 (owner=8d5c8af5_8ef641a7-815c-4bb5-9798-b070b67d7998_deepseek_1781246265)
09-03 09:20:47 [WARN] trader/auto_trader.go:48 [trader_id=8d5c8af5_8ef641a7-815c-4bb5-9798-b070b67d7998_deepseek_1781246265 trader_name=hoang] 🗓️ level wake seated Supply·1h invalidated: close 29301.50 above 29209.25 (noise 9.02) on NY 2026-09-03 — SKI
09-03 09:20:47 [INFO] trader/auto_trader.go:43 [trader_id=8d5c8af5_8ef641a7-815c-4bb5-9798-b070b67d7998_deepseek_1781246265 trader_name=hoang] 📅 calendar: live slice for 2026-09-03 is 95h43m0s old — re-fetching for same-day corrections
09-03 09:20:47 [INFO] trader/auto_trader.go:43 [trader_id=8d5c8af5_8ef641a7-815c-4bb5-9798-b070b67d7998_deepseek_1781246265 trader_name=hoang] 📐🎓 MNQ close: MAE 75.00 / MFE 43.50 pts · adherence D (off-plan) cited="" matched=false
09-03 09:20:47 [INFO] trader/auto_trader.go:43 [trader_id=8d5c8af5_8ef641a7-815c-4bb5-9798-b070b67d7998_deepseek_1781246265 trader_name=hoang] 🎯 scenario S1 → ≈armed @ 29255.00 (price is inside the activation window — display-only estimate, never exec
09-03 09:20:47 [INFO] trader/auto_trader.go:43 [trader_id=8d5c8af5_8ef641a7-815c-4bb5-9798-b070b67d7998_deepseek_1781246265 trader_name=hoang] 🎯 scenario S2 → ≈armed @ 29351.05 (price is inside the activation window — display-only estimate, never exec
09-03 09:20:47 [INFO] trader/auto_trader.go:43 [trader_id=8d5c8af5_8ef641a7-815c-4bb5-9798-b070b67d7998_deepseek_1781246265 trader_name=hoang] 🎯 scenario S3 → ≈invalidated @ 29255.00 (price accepted through the level against the trade — it flipped rol
09-03 09:20:47 [INFO] trader/auto_trader.go:43 [trader_id=8d5c8af5_8ef641a7-815c-4bb5-9798-b070b67d7998_deepseek_1781246265 trader_name=hoang] 🎯 scenario S4 → ≈armed @ 29075.00 (price is inside the activation window — display-only estimate, never exec
09-03 09:20:47 [INFO] trader/auto_trader.go:43 [trader_id=8d5c8af5_8ef641a7-815c-4bb5-9798-b070b67d7998_deepseek_1781246265 trader_name=hoang] 🛑 arm stop NY S2 leg 1 short: stop 29418.93 (authored 29418.75 WIDENED) · anchor none (stop_unanchored) · atr_fl
09-03 09:20:47 [WARN] trader/auto_trader.go:48 [trader_id=8d5c8af5_8ef641a7-815c-4bb5-9798-b070b67d7998_deepseek_1781246265 trader_name=hoang] 🛑 stop_unanchored NY S2 leg 1 — no seated level within 3.0×ATR5m on the risk side; ATR floor governs. Recorded
09-03 09:20:47 [INFO] trader/auto_trader.go:43 [trader_id=8d5c8af5_8ef641a7-815c-4bb5-9798-b070b67d7998_deepseek_1781246265 trader_name=hoang] ⚔️ arm S2 leg 1 wait_confirm MET (touch) — arming
09-03 09:20:47 [INFO] trader/auto_trader.go:43 [trader_id=8d5c8af5_8ef641a7-815c-4bb5-9798-b070b67d7998_deepseek_1781246265 trader_name=hoang] 🚫 no-chase: arm S2 has no recorded touch — run stored NULL, judged on dist alone (0.00×ATR)
09-03 09:20:47 [INFO] trader/auto_trader.go:43 [trader_id=8d5c8af5_8ef641a7-815c-4bb5-9798-b070b67d7998_deepseek_1781246265 trader_name=hoang] ⚔️ armed NY S2 leg 1 short limit 29351.05 SL 29418.93 TP 29209.25 (tick-managed placement is Phase 2)
09-03 09:20:47 [WARN] trader/auto_trader.go:48 [trader_id=8d5c8af5_8ef641a7-815c-4bb5-9798-b070b67d7998_deepseek_1781246265 trader_name=hoang] ✕ armed S2 cancelled — price 29358.75 already above entry 29351.05 (marketable, never placed)
09-03 09:20:47 [INFO] trader/armed_executor.go:1065 📡 armed order_update summary (1-line/min): frames=12 working=3 accepted=3 filled=1 initialized=2 submitted=3
09-03 09:20:47 [INFO] trader/auto_trader.go:43 [trader_id=8d5c8af5_8ef641a7-815c-4bb5-9798-b070b67d7998_deepseek_1781246265 trader_name=hoang] 📊 Account equity: 51906.50 USDT | Available: 51906.50 USDT | Positions: 0
09-03 09:20:47 [INFO] trader/auto_trader.go:43 [trader_id=8d5c8af5_8ef641a7-815c-4bb5-9798-b070b67d7998_deepseek_1781246265 trader_name=hoang] 🤖 Requesting AI analysis and decision... [Strategy Engine]
09-03 09:21:27 [INFO] trader/auto_trader.go:43 [trader_id=8d5c8af5_8ef641a7-815c-4bb5-9798-b070b67d7998_deepseek_1781246265 trader_name=hoang] ⏱️ AI call (reasoning=fast→low) duration: 35.22 seconds
09-03 09:21:28 [INFO] trader/auto_trader_decision.go:62 📝 Decision record saved: trader=8d5c8af5_8ef641a7-815c-4bb5-9798-b070b67d7998_deepseek_1781246265, cycle=27156
09-03 09:21:28 [WARN] trader/auto_trader.go:48 [trader_id=8d5c8af5_8ef641a7-815c-4bb5-9798-b070b67d7998_deepseek_1781246265 trader_name=hoang] 🗓️ level wake seated Supply·1h invalidated: close 29301.50 above 29209.25 (noise 9.02) on NY 2026-09-03 — SKI
09-03 09:21:28 [INFO] trader/auto_trader.go:43 [trader_id=8d5c8af5_8ef641a7-815c-4bb5-9798-b070b67d7998_deepseek_1781246265 trader_name=hoang] 📅 calendar: live slice for 2026-09-03 is 95h44m0s old — re-fetching for same-day corrections
09-03 09:21:28 [INFO] trader/auto_trader.go:43 [trader_id=8d5c8af5_8ef641a7-815c-4bb5-9798-b070b67d7998_deepseek_1781246265 trader_name=hoang] 🛑 arm stop NY S2 leg 1 short: stop 29419.93 (authored 29418.75 WIDENED) · anchor none (stop_unanchored) · atr_fl
09-03 09:21:28 [WARN] trader/auto_trader.go:48 [trader_id=8d5c8af5_8ef641a7-815c-4bb5-9798-b070b67d7998_deepseek_1781246265 trader_name=hoang] 🛑 stop_unanchored NY S2 leg 1 — no seated level within 3.0×ATR5m on the risk side; ATR floor governs. Recorded
09-03 09:21:28 [INFO] trader/auto_trader.go:43 [trader_id=8d5c8af5_8ef641a7-815c-4bb5-9798-b070b67d7998_deepseek_1781246265 trader_name=hoang] ⚔️ arm S2 leg 1 wait_confirm MET (touch) — arming
09-03 09:21:28 [INFO] trader/auto_trader.go:43 [trader_id=8d5c8af5_8ef641a7-815c-4bb5-9798-b070b67d7998_deepseek_1781246265 trader_name=hoang] 🚫 no-chase: arm S2 has no recorded touch — run stored NULL, judged on dist alone (0.00×ATR)
09-03 09:21:28 [INFO] trader/auto_trader.go:43 [trader_id=8d5c8af5_8ef641a7-815c-4bb5-9798-b070b67d7998_deepseek_1781246265 trader_name=hoang] ⚔️ armed NY S2 leg 1 short limit 29351.05 SL 29419.93 TP 29209.25 (tick-managed placement is Phase 2)
09-03 09:21:28 [INFO] trader/auto_trader.go:43 [trader_id=8d5c8af5_8ef641a7-815c-4bb5-9798-b070b67d7998_deepseek_1781246265 trader_name=hoang] 📊 Account equity: 51906.50 USDT | Available: 51906.50 USDT | Positions: 0
09-03 09:21:28 [INFO] trader/auto_trader.go:43 [trader_id=8d5c8af5_8ef641a7-815c-4bb5-9798-b070b67d7998_deepseek_1781246265 trader_name=hoang] 🤖 Requesting AI analysis and decision... [Strategy Engine]
09-03 09:21:50 [INFO] trader/auto_trader.go:43 [trader_id=8d5c8af5_8ef641a7-815c-4bb5-9798-b070b67d7998_deepseek_1781246265 trader_name=hoang] ⏱️ AI call (reasoning=fast→low) duration: 21.79 seconds
09-03 09:21:51 [INFO] trader/auto_trader_decision.go:62 📝 Decision record saved: trader=8d5c8af5_8ef641a7-815c-4bb5-9798-b070b67d7998_deepseek_1781246265, cycle=27157
09-03 09:22:54 [WARN] trader/auto_trader.go:48 [trader_id=8d5c8af5_8ef641a7-815c-4bb5-9798-b070b67d7998_deepseek_1781246265 trader_name=hoang] 🗓️ level wake seated Supply·1h invalidated: close 29301.50 above 29209.25 (noise 9.02) on NY 2026-09-03 — SKI
09-03 09:22:54 [INFO] trader/auto_trader.go:43 [trader_id=8d5c8af5_8ef641a7-815c-4bb5-9798-b070b67d7998_deepseek_1781246265 trader_name=hoang] 📅 calendar: live slice for 2026-09-03 is 95h45m0s old — re-fetching for same-day corrections
09-03 09:22:54 [INFO] trader/auto_trader.go:43 [trader_id=8d5c8af5_8ef641a7-815c-4bb5-9798-b070b67d7998_deepseek_1781246265 trader_name=hoang] 🛑 arm stop NY S2 leg 1 short: stop 29420.46 (authored 29418.75 WIDENED) · anchor none (stop_unanchored) · atr_fl
09-03 09:22:54 [WARN] trader/auto_trader.go:48 [trader_id=8d5c8af5_8ef641a7-815c-4bb5-9798-b070b67d7998_deepseek_1781246265 trader_name=hoang] 🛑 stop_unanchored NY S2 leg 1 — no seated level within 3.0×ATR5m on the risk side; ATR floor governs. Recorded
09-03 09:22:54 [INFO] trader/auto_trader.go:43 [trader_id=8d5c8af5_8ef641a7-815c-4bb5-9798-b070b67d7998_deepseek_1781246265 trader_name=hoang] ⚔️ arm S2 leg 1 wait_confirm MET (touch) — arming
09-03 09:22:54 [INFO] trader/auto_trader.go:43 [trader_id=8d5c8af5_8ef641a7-815c-4bb5-9798-b070b67d7998_deepseek_1781246265 trader_name=hoang] 🚫 no-chase: arm S2 has no recorded touch — run stored NULL, judged on dist alone (0.00×ATR)
09-03 09:22:54 [INFO] trader/auto_trader.go:43 [trader_id=8d5c8af5_8ef641a7-815c-4bb5-9798-b070b67d7998_deepseek_1781246265 trader_name=hoang] ⚔️ armed NY S2 leg 1 short limit 29351.05 SL 29420.46 TP 29209.25 (tick-managed placement is Phase 2)
09-03 09:22:54 [INFO] trader/auto_trader.go:43 [trader_id=8d5c8af5_8ef641a7-815c-4bb5-9798-b070b67d7998_deepseek_1781246265 trader_name=hoang] 📊 Account equity: 51906.50 USDT | Available: 51906.50 USDT | Positions: 0
09-03 09:22:54 [INFO] trader/auto_trader.go:43 [trader_id=8d5c8af5_8ef641a7-815c-4bb5-9798-b070b67d7998_deepseek_1781246265 trader_name=hoang] 🤖 Requesting AI analysis and decision... [Strategy Engine]
09-03 09:23:20 [INFO] trader/auto_trader.go:43 [trader_id=8d5c8af5_8ef641a7-815c-4bb5-9798-b070b67d7998_deepseek_1781246265 trader_name=hoang] ⏱️ AI call (reasoning=fast→low) duration: 21.28 seconds
09-03 09:23:21 [INFO] trader/auto_trader_decision.go:62 📝 Decision record saved: trader=8d5c8af5_8ef641a7-815c-4bb5-9798-b070b67d7998_deepseek_1781246265, cycle=27158
09-03 09:24:54 [WARN] trader/auto_trader.go:48 [trader_id=8d5c8af5_8ef641a7-815c-4bb5-9798-b070b67d7998_deepseek_1781246265 trader_name=hoang] 🗓️ level wake seated Supply·1h invalidated: close 29301.50 above 29209.25 (noise 9.06) on NY 2026-09-03 — SKI
09-03 09:24:54 [INFO] trader/auto_trader.go:43 [trader_id=8d5c8af5_8ef641a7-815c-4bb5-9798-b070b67d7998_deepseek_1781246265 trader_name=hoang] ⏳ stale_dodge deferred_ms=6430 — cycle start within avg_call×1.2 of the 5m close; deferring to close+1s (avg_cal
09-03 09:25:01 [WARN] trader/auto_trader.go:48 [trader_id=8d5c8af5_8ef641a7-815c-4bb5-9798-b070b67d7998_deepseek_1781246265 trader_name=hoang] 🗓️ level wake seated Supply·1h invalidated: close 29301.50 above 29209.25 (noise 9.06) on NY 2026-09-03 — SKI
09-03 09:25:01 [INFO] trader/auto_trader.go:43 [trader_id=8d5c8af5_8ef641a7-815c-4bb5-9798-b070b67d7998_deepseek_1781246265 trader_name=hoang] 📅 calendar: live slice for 2026-09-03 is 95h47m0s old — re-fetching for same-day corrections
09-03 09:25:01 [INFO] trader/auto_trader.go:43 [trader_id=8d5c8af5_8ef641a7-815c-4bb5-9798-b070b67d7998_deepseek_1781246265 trader_name=hoang] 🛑 arm stop NY S2 leg 1 short: stop 29418.75 · anchor none (stop_unanchored) · atr_floor 29416.14 (1.5×ATR5m 43.
09-03 09:25:01 [WARN] trader/auto_trader.go:48 [trader_id=8d5c8af5_8ef641a7-815c-4bb5-9798-b070b67d7998_deepseek_1781246265 trader_name=hoang] 🛑 stop_unanchored NY S2 leg 1 — no seated level within 3.0×ATR5m on the risk side; ATR floor governs. Recorded
09-03 09:25:01 [INFO] trader/auto_trader.go:43 [trader_id=8d5c8af5_8ef641a7-815c-4bb5-9798-b070b67d7998_deepseek_1781246265 trader_name=hoang] ⚔️ arm S2 leg 1 wait_confirm MET (touch) — arming
09-03 09:25:01 [INFO] trader/auto_trader.go:43 [trader_id=8d5c8af5_8ef641a7-815c-4bb5-9798-b070b67d7998_deepseek_1781246265 trader_name=hoang] 🚫 no-chase: arm S2 has no recorded touch — run stored NULL, judged on dist alone (0.00×ATR)
09-03 09:25:01 [INFO] trader/auto_trader.go:43 [trader_id=8d5c8af5_8ef641a7-815c-4bb5-9798-b070b67d7998_deepseek_1781246265 trader_name=hoang] ⚔️ armed NY S2 leg 1 short limit 29351.05 SL 29418.75 TP 29209.25 (tick-managed placement is Phase 2)
09-03 09:25:01 [INFO] trader/auto_trader.go:43 [trader_id=8d5c8af5_8ef641a7-815c-4bb5-9798-b070b67d7998_deepseek_1781246265 trader_name=hoang] 📊 Account equity: 51906.50 USDT | Available: 51906.50 USDT | Positions: 0
09-03 09:25:01 [INFO] trader/auto_trader.go:43 [trader_id=8d5c8af5_8ef641a7-815c-4bb5-9798-b070b67d7998_deepseek_1781246265 trader_name=hoang] 🤖 Requesting AI analysis and decision... [Strategy Engine]
09-03 09:25:28 [INFO] trader/auto_trader.go:43 [trader_id=8d5c8af5_8ef641a7-815c-4bb5-9798-b070b67d7998_deepseek_1781246265 trader_name=hoang] ⏱️ AI call (reasoning=fast→low) duration: 23.16 seconds
09-03 09:25:29 [INFO] trader/auto_trader_decision.go:62 📝 Decision record saved: trader=8d5c8af5_8ef641a7-815c-4bb5-9798-b070b67d7998_deepseek_1781246265, cycle=27159
09-03 09:26:54 [WARN] trader/auto_trader.go:48 [trader_id=8d5c8af5_8ef641a7-815c-4bb5-9798-b070b67d7998_deepseek_1781246265 trader_name=hoang] 🗓️ level wake seated Supply·1h invalidated: close 29301.50 above 29209.25 (noise 9.06) on NY 2026-09-03 — SKI
09-03 09:26:54 [INFO] trader/auto_trader.go:43 [trader_id=8d5c8af5_8ef641a7-815c-4bb5-9798-b070b67d7998_deepseek_1781246265 trader_name=hoang] 📅 calendar: live slice for 2026-09-03 is 95h49m0s old — re-fetching for same-day corrections
09-03 09:26:54 [INFO] trader/auto_trader.go:43 [trader_id=8d5c8af5_8ef641a7-815c-4bb5-9798-b070b67d7998_deepseek_1781246265 trader_name=hoang] 🛑 arm stop NY S2 leg 1 short: stop 29419.25 (authored 29418.75 WIDENED) · anchor none (stop_unanchored) · atr_fl
09-03 09:26:54 [WARN] trader/auto_trader.go:48 [trader_id=8d5c8af5_8ef641a7-815c-4bb5-9798-b070b67d7998_deepseek_1781246265 trader_name=hoang] 🛑 stop_unanchored NY S2 leg 1 — no seated level within 3.0×ATR5m on the risk side; ATR floor governs. Recorded
09-03 09:26:54 [INFO] trader/auto_trader.go:43 [trader_id=8d5c8af5_8ef641a7-815c-4bb5-9798-b070b67d7998_deepseek_1781246265 trader_name=hoang] ⚔️ arm S2 leg 1 wait_confirm MET (touch) — arming
09-03 09:26:54 [INFO] trader/auto_trader.go:43 [trader_id=8d5c8af5_8ef641a7-815c-4bb5-9798-b070b67d7998_deepseek_1781246265 trader_name=hoang] 🚫 no-chase: arm S2 has no recorded touch — run stored NULL, judged on dist alone (0.00×ATR)
09-03 09:26:54 [INFO] trader/auto_trader.go:43 [trader_id=8d5c8af5_8ef641a7-815c-4bb5-9798-b070b67d7998_deepseek_1781246265 trader_name=hoang] ⚔️ armed NY S2 leg 1 short limit 29351.05 SL 29419.25 TP 29209.25 (tick-managed placement is Phase 2)
09-03 09:26:54 [INFO] trader/auto_trader.go:43 [trader_id=8d5c8af5_8ef641a7-815c-4bb5-9798-b070b67d7998_deepseek_1781246265 trader_name=hoang] 📊 Account equity: 51906.50 USDT | Available: 51906.50 USDT | Positions: 0
09-03 09:26:54 [INFO] trader/auto_trader.go:43 [trader_id=8d5c8af5_8ef641a7-815c-4bb5-9798-b070b67d7998_deepseek_1781246265 trader_name=hoang] 🤖 Requesting AI analysis and decision... [Strategy Engine]
09-03 09:27:44 [INFO] trader/auto_trader.go:43 [trader_id=8d5c8af5_8ef641a7-815c-4bb5-9798-b070b67d7998_deepseek_1781246265 trader_name=hoang] ⏱️ AI call (reasoning=fast→low) duration: 45.55 seconds
09-03 09:27:45 [INFO] trader/auto_trader_decision.go:62 📝 Decision record saved: trader=8d5c8af5_8ef641a7-815c-4bb5-9798-b070b67d7998_deepseek_1781246265, cycle=27160
09-03 09:28:54 [WARN] trader/auto_trader.go:48 [trader_id=8d5c8af5_8ef641a7-815c-4bb5-9798-b070b67d7998_deepseek_1781246265 trader_name=hoang] 🗓️ level wake seated Supply·1h invalidated: close 29301.50 above 29209.25 (noise 9.07) on NY 2026-09-03 — SKI
09-03 09:28:54 [INFO] trader/auto_trader.go:43 [trader_id=8d5c8af5_8ef641a7-815c-4bb5-9798-b070b67d7998_deepseek_1781246265 trader_name=hoang] 📅 calendar: live slice for 2026-09-03 is 95h51m0s old — re-fetching for same-day corrections
09-03 09:28:54 [INFO] trader/auto_trader.go:43 [trader_id=8d5c8af5_8ef641a7-815c-4bb5-9798-b070b67d7998_deepseek_1781246265 trader_name=hoang] 🎯 scenario S1 → ≈armed @ 29255.00 (price is inside the activation window — display-only estimate, never exec
09-03 09:28:54 [INFO] trader/auto_trader.go:43 [trader_id=8d5c8af5_8ef641a7-815c-4bb5-9798-b070b67d7998_deepseek_1781246265 trader_name=hoang] 🎯 scenario S2 → ≈triggered @ 29351.05 (condition reject occurred at 29351.05 — display-only estimate, never
09-03 09:28:54 [INFO] trader/auto_trader.go:43 [trader_id=8d5c8af5_8ef641a7-815c-4bb5-9798-b070b67d7998_deepseek_1781246265 trader_name=hoang] 🎯 scenario S3 → ≈invalidated @ 29255.00 (price accepted through the level against the trade — it flipped rol
09-03 09:28:54 [INFO] trader/auto_trader.go:43 [trader_id=8d5c8af5_8ef641a7-815c-4bb5-9798-b070b67d7998_deepseek_1781246265 trader_name=hoang] 🎯 scenario S4 → ≈armed @ 29075.00 (price is inside the activation window — display-only estimate, never exec
09-03 09:28:54 [INFO] trader/auto_trader.go:43 [trader_id=8d5c8af5_8ef641a7-815c-4bb5-9798-b070b67d7998_deepseek_1781246265 trader_name=hoang] 🛑 arm stop NY S2 leg 1 short: stop 29419.87 (authored 29418.75 WIDENED) · anchor none (stop_unanchored) · atr_fl
09-03 09:28:54 [WARN] trader/auto_trader.go:48 [trader_id=8d5c8af5_8ef641a7-815c-4bb5-9798-b070b67d7998_deepseek_1781246265 trader_name=hoang] 🛑 stop_unanchored NY S2 leg 1 — no seated level within 3.0×ATR5m on the risk side; ATR floor governs. Recorded
09-03 09:28:54 [INFO] trader/auto_trader.go:43 [trader_id=8d5c8af5_8ef641a7-815c-4bb5-9798-b070b67d7998_deepseek_1781246265 trader_name=hoang] ⚔️ arm S2 leg 1 wait_confirm MET (touch) — arming
09-03 09:28:54 [INFO] trader/auto_trader.go:43 [trader_id=8d5c8af5_8ef641a7-815c-4bb5-9798-b070b67d7998_deepseek_1781246265 trader_name=hoang] 🚫 no-chase: arm S2 has no recorded touch — run stored NULL, judged on dist alone (0.00×ATR)
09-03 09:28:54 [INFO] trader/auto_trader.go:43 [trader_id=8d5c8af5_8ef641a7-815c-4bb5-9798-b070b67d7998_deepseek_1781246265 trader_name=hoang] ⚔️ armed NY S2 leg 1 short limit 29351.05 SL 29419.87 TP 29209.25 (tick-managed placement is Phase 2)
09-03 09:28:54 [INFO] trader/auto_trader.go:43 [trader_id=8d5c8af5_8ef641a7-815c-4bb5-9798-b070b67d7998_deepseek_1781246265 trader_name=hoang] 📊 Account equity: 51906.50 USDT | Available: 51906.50 USDT | Positions: 0
09-03 09:28:54 [INFO] trader/auto_trader.go:43 [trader_id=8d5c8af5_8ef641a7-815c-4bb5-9798-b070b67d7998_deepseek_1781246265 trader_name=hoang] 🤖 Requesting AI analysis and decision... [Strategy Engine]
09-03 09:29:31 [INFO] trader/auto_trader.go:43 [trader_id=8d5c8af5_8ef641a7-815c-4bb5-9798-b070b67d7998_deepseek_1781246265 trader_name=hoang] ⏱️ AI call (reasoning=fast→low) duration: 32.29 seconds
09-03 09:29:32 [INFO] trader/auto_trader_decision.go:62 📝 Decision record saved: trader=8d5c8af5_8ef641a7-815c-4bb5-9798-b070b67d7998_deepseek_1781246265, cycle=27161
09-03 09:30:54 [WARN] trader/auto_trader.go:48 [trader_id=8d5c8af5_8ef641a7-815c-4bb5-9798-b070b67d7998_deepseek_1781246265 trader_name=hoang] 🗓️ level wake seated Supply·1h invalidated: close 29343.25 above 29209.25 (noise 8.66) on NY 2026-09-03 — SKI
09-03 09:30:54 [INFO] trader/auto_trader.go:43 [trader_id=8d5c8af5_8ef641a7-815c-4bb5-9798-b070b67d7998_deepseek_1781246265 trader_name=hoang] 📅 calendar: live slice for 2026-09-03 is 95h53m0s old — re-fetching for same-day corrections
09-03 09:30:54 [INFO] trader/auto_trader.go:43 [trader_id=8d5c8af5_8ef641a7-815c-4bb5-9798-b070b67d7998_deepseek_1781246265 trader_name=hoang] 🎯 scenario S1 → ≈armed @ 29255.00 (price is inside the activation window — display-only estimate, never exec
09-03 09:30:54 [INFO] trader/auto_trader.go:43 [trader_id=8d5c8af5_8ef641a7-815c-4bb5-9798-b070b67d7998_deepseek_1781246265 trader_name=hoang] 🎯 scenario S2 → ≈armed @ 29351.05 (price is inside the activation window — display-only estimate, never exec
09-03 09:30:54 [INFO] trader/auto_trader.go:43 [trader_id=8d5c8af5_8ef641a7-815c-4bb5-9798-b070b67d7998_deepseek_1781246265 trader_name=hoang] 🎯 scenario S3 → ≈invalidated @ 29255.00 (price accepted through the level against the trade — it flipped rol
09-03 09:30:54 [INFO] trader/auto_trader.go:43 [trader_id=8d5c8af5_8ef641a7-815c-4bb5-9798-b070b67d7998_deepseek_1781246265 trader_name=hoang] 🎯 scenario S4 → ≈armed @ 29075.00 (price is inside the activation window — display-only estimate, never exec
09-03 09:30:54 [INFO] trader/auto_trader.go:43 [trader_id=8d5c8af5_8ef641a7-815c-4bb5-9798-b070b67d7998_deepseek_1781246265 trader_name=hoang] 🛑 arm stop NY S2 leg 1 short: stop 29418.75 · anchor none (stop_unanchored) · atr_floor 29417.39 (1.5×ATR5m 44.
09-03 09:30:54 [WARN] trader/auto_trader.go:48 [trader_id=8d5c8af5_8ef641a7-815c-4bb5-9798-b070b67d7998_deepseek_1781246265 trader_name=hoang] 🛑 stop_unanchored NY S2 leg 1 — no seated level within 3.0×ATR5m on the risk side; ATR floor governs. Recorded
09-03 09:30:54 [INFO] trader/auto_trader.go:43 [trader_id=8d5c8af5_8ef641a7-815c-4bb5-9798-b070b67d7998_deepseek_1781246265 trader_name=hoang] ⚔️ arm S2 leg 1 wait_confirm MET (touch) — arming
09-03 09:30:54 [INFO] trader/auto_trader.go:43 [trader_id=8d5c8af5_8ef641a7-815c-4bb5-9798-b070b67d7998_deepseek_1781246265 trader_name=hoang] 🚫 no-chase: arm S2 has no recorded touch — run stored NULL, judged on dist alone (0.00×ATR)
09-03 09:30:54 [INFO] trader/auto_trader.go:43 [trader_id=8d5c8af5_8ef641a7-815c-4bb5-9798-b070b67d7998_deepseek_1781246265 trader_name=hoang] ⚔️ armed NY S2 leg 1 short limit 29351.05 SL 29418.75 TP 29209.25 (tick-managed placement is Phase 2)
09-03 09:30:54 [INFO] trader/auto_trader.go:43 [trader_id=8d5c8af5_8ef641a7-815c-4bb5-9798-b070b67d7998_deepseek_1781246265 trader_name=hoang] 📊 Account equity: 51906.50 USDT | Available: 51906.50 USDT | Positions: 0
09-03 09:30:54 [INFO] trader/auto_trader.go:43 [trader_id=8d5c8af5_8ef641a7-815c-4bb5-9798-b070b67d7998_deepseek_1781246265 trader_name=hoang] 🤖 Requesting AI analysis and decision... [Strategy Engine]
09-03 09:31:53 [INFO] trader/auto_trader.go:43 [trader_id=8d5c8af5_8ef641a7-815c-4bb5-9798-b070b67d7998_deepseek_1781246265 trader_name=hoang] ⏱️ AI call (reasoning=fast→low) duration: 54.52 seconds
09-03 09:31:54 [INFO] trader/auto_trader_decision.go:62 📝 Decision record saved: trader=8d5c8af5_8ef641a7-815c-4bb5-9798-b070b67d7998_deepseek_1781246265, cycle=27162
09-03 09:32:54 [WARN] trader/auto_trader.go:48 [trader_id=8d5c8af5_8ef641a7-815c-4bb5-9798-b070b67d7998_deepseek_1781246265 trader_name=hoang] 🗓️ level wake seated Supply·1h invalidated: close 29343.25 above 29209.25 (noise 8.98) on NY 2026-09-03 — SKI
09-03 09:32:54 [INFO] trader/auto_trader.go:43 [trader_id=8d5c8af5_8ef641a7-815c-4bb5-9798-b070b67d7998_deepseek_1781246265 trader_name=hoang] 📅 calendar: live slice for 2026-09-03 is 95h55m0s old — re-fetching for same-day corrections
09-03 09:32:54 [INFO] trader/auto_trader.go:43 [trader_id=8d5c8af5_8ef641a7-815c-4bb5-9798-b070b67d7998_deepseek_1781246265 trader_name=hoang] 🛑 arm stop NY S2 leg 1 short: stop 29420.55 (authored 29418.75 WIDENED) · anchor none (stop_unanchored) · atr_fl
09-03 09:32:54 [WARN] trader/auto_trader.go:48 [trader_id=8d5c8af5_8ef641a7-815c-4bb5-9798-b070b67d7998_deepseek_1781246265 trader_name=hoang] 🛑 stop_unanchored NY S2 leg 1 — no seated level within 3.0×ATR5m on the risk side; ATR floor governs. Recorded
09-03 09:32:54 [INFO] trader/auto_trader.go:43 [trader_id=8d5c8af5_8ef641a7-815c-4bb5-9798-b070b67d7998_deepseek_1781246265 trader_name=hoang] ⚔️ arm S2 leg 1 wait_confirm MET (touch) — arming
09-03 09:32:54 [INFO] trader/auto_trader.go:43 [trader_id=8d5c8af5_8ef641a7-815c-4bb5-9798-b070b67d7998_deepseek_1781246265 trader_name=hoang] 🚫 no-chase: arm S2 has no recorded touch — run stored NULL, judged on dist alone (0.00×ATR)
09-03 09:32:54 [INFO] trader/auto_trader.go:43 [trader_id=8d5c8af5_8ef641a7-815c-4bb5-9798-b070b67d7998_deepseek_1781246265 trader_name=hoang] ⚔️ armed NY S2 leg 1 short limit 29351.05 SL 29420.55 TP 29209.25 (tick-managed placement is Phase 2)
09-03 09:32:54 [INFO] trader/auto_trader.go:43 [trader_id=8d5c8af5_8ef641a7-815c-4bb5-9798-b070b67d7998_deepseek_1781246265 trader_name=hoang] 📊 Account equity: 51906.50 USDT | Available: 51906.50 USDT | Positions: 0
09-03 09:32:54 [INFO] trader/auto_trader.go:43 [trader_id=8d5c8af5_8ef641a7-815c-4bb5-9798-b070b67d7998_deepseek_1781246265 trader_name=hoang] 🤖 Requesting AI analysis and decision... [Strategy Engine]
09-03 09:33:14 [INFO] trader/auto_trader.go:43 [trader_id=8d5c8af5_8ef641a7-815c-4bb5-9798-b070b67d7998_deepseek_1781246265 trader_name=hoang] ⏱️ AI call (reasoning=fast→low) duration: 15.32 seconds
09-03 09:33:15 [INFO] trader/auto_trader_decision.go:62 📝 Decision record saved: trader=8d5c8af5_8ef641a7-815c-4bb5-9798-b070b67d7998_deepseek_1781246265, cycle=27163
09-03 09:34:54 [WARN] trader/auto_trader.go:48 [trader_id=8d5c8af5_8ef641a7-815c-4bb5-9798-b070b67d7998_deepseek_1781246265 trader_name=hoang] 🗓️ level wake seated Supply·1h invalidated: close 29343.25 above 29209.25 (noise 9.18) on NY 2026-09-03 — SKI
09-03 09:34:54 [INFO] trader/auto_trader.go:43 [trader_id=8d5c8af5_8ef641a7-815c-4bb5-9798-b070b67d7998_deepseek_1781246265 trader_name=hoang] ⏳ stale_dodge deferred_ms=6465 — cycle start within avg_call×1.2 of the 5m close; deferring to close+1s (avg_cal
09-03 09:35:01 [WARN] trader/auto_trader.go:48 [trader_id=8d5c8af5_8ef641a7-815c-4bb5-9798-b070b67d7998_deepseek_1781246265 trader_name=hoang] 🗓️ level wake seated Supply·1h invalidated: close 29343.25 above 29209.25 (noise 9.24) on NY 2026-09-03 — SKI
09-03 09:35:01 [INFO] trader/auto_trader.go:43 [trader_id=8d5c8af5_8ef641a7-815c-4bb5-9798-b070b67d7998_deepseek_1781246265 trader_name=hoang] 📅 calendar: live slice for 2026-09-03 is 95h57m0s old — re-fetching for same-day corrections
09-03 09:35:01 [INFO] trader/auto_trader.go:43 [trader_id=8d5c8af5_8ef641a7-815c-4bb5-9798-b070b67d7998_deepseek_1781246265 trader_name=hoang] 🛑 arm stop NY S2 leg 1 short: stop 29418.75 · anchor none (stop_unanchored) · atr_floor 29418.16 (1.5×ATR5m 44.
09-03 09:35:01 [WARN] trader/auto_trader.go:48 [trader_id=8d5c8af5_8ef641a7-815c-4bb5-9798-b070b67d7998_deepseek_1781246265 trader_name=hoang] 🛑 stop_unanchored NY S2 leg 1 — no seated level within 3.0×ATR5m on the risk side; ATR floor governs. Recorded
09-03 09:35:01 [INFO] trader/auto_trader.go:43 [trader_id=8d5c8af5_8ef641a7-815c-4bb5-9798-b070b67d7998_deepseek_1781246265 trader_name=hoang] ⚔️ arm S2 leg 1 wait_confirm MET (touch) — arming
09-03 09:35:01 [INFO] trader/auto_trader.go:43 [trader_id=8d5c8af5_8ef641a7-815c-4bb5-9798-b070b67d7998_deepseek_1781246265 trader_name=hoang] 🚫 no-chase: arm S2 has no recorded touch — run stored NULL, judged on dist alone (0.00×ATR)
09-03 09:35:01 [INFO] trader/auto_trader.go:43 [trader_id=8d5c8af5_8ef641a7-815c-4bb5-9798-b070b67d7998_deepseek_1781246265 trader_name=hoang] ⚔️ armed NY S2 leg 1 short limit 29351.05 SL 29418.75 TP 29209.25 (tick-managed placement is Phase 2)
09-03 09:35:01 [INFO] trader/auto_trader.go:43 [trader_id=8d5c8af5_8ef641a7-815c-4bb5-9798-b070b67d7998_deepseek_1781246265 trader_name=hoang] 📊 Account equity: 51906.50 USDT | Available: 51906.50 USDT | Positions: 0
09-03 09:35:01 [INFO] trader/auto_trader.go:43 [trader_id=8d5c8af5_8ef641a7-815c-4bb5-9798-b070b67d7998_deepseek_1781246265 trader_name=hoang] 🤖 Requesting AI analysis and decision... [Strategy Engine]
09-03 09:35:49 [INFO] trader/auto_trader.go:43 [trader_id=8d5c8af5_8ef641a7-815c-4bb5-9798-b070b67d7998_deepseek_1781246265 trader_name=hoang] ⏱️ AI call (reasoning=fast→low) duration: 43.79 seconds
09-03 09:35:50 [INFO] trader/auto_trader_decision.go:62 📝 Decision record saved: trader=8d5c8af5_8ef641a7-815c-4bb5-9798-b070b67d7998_deepseek_1781246265, cycle=27164
09-03 09:36:54 [WARN] trader/auto_trader.go:48 [trader_id=8d5c8af5_8ef641a7-815c-4bb5-9798-b070b67d7998_deepseek_1781246265 trader_name=hoang] 🗓️ level wake seated Supply·1h invalidated: close 29343.25 above 29209.25 (noise 9.24) on NY 2026-09-03 — SKI
09-03 09:36:54 [INFO] trader/auto_trader.go:43 [trader_id=8d5c8af5_8ef641a7-815c-4bb5-9798-b070b67d7998_deepseek_1781246265 trader_name=hoang] 📅 calendar: live slice for 2026-09-03 is 95h59m0s old — re-fetching for same-day corrections
09-03 09:36:54 [INFO] trader/auto_trader.go:43 [trader_id=8d5c8af5_8ef641a7-815c-4bb5-9798-b070b67d7998_deepseek_1781246265 trader_name=hoang] 📅 calendar: fetched 13 events — 0 day slice(s) stored (src forexfactory)
09-03 09:36:54 [INFO] trader/auto_trader.go:43 [trader_id=8d5c8af5_8ef641a7-815c-4bb5-9798-b070b67d7998_deepseek_1781246265 trader_name=hoang] 🛑 arm stop NY S2 leg 1 short: stop 29421.61 (authored 29418.75 WIDENED) · anchor none (stop_unanchored) · atr_fl
09-03 09:36:54 [WARN] trader/auto_trader.go:48 [trader_id=8d5c8af5_8ef641a7-815c-4bb5-9798-b070b67d7998_deepseek_1781246265 trader_name=hoang] 🛑 stop_unanchored NY S2 leg 1 — no seated level within 3.0×ATR5m on the risk side; ATR floor governs. Recorded
09-03 09:36:54 [INFO] trader/auto_trader.go:43 [trader_id=8d5c8af5_8ef641a7-815c-4bb5-9798-b070b67d7998_deepseek_1781246265 trader_name=hoang] ⚔️ arm S2 leg 1 wait_confirm MET (touch) — arming
09-03 09:36:54 [INFO] trader/auto_trader.go:43 [trader_id=8d5c8af5_8ef641a7-815c-4bb5-9798-b070b67d7998_deepseek_1781246265 trader_name=hoang] 🚫 no-chase: arm S2 has no recorded touch — run stored NULL, judged on dist alone (0.00×ATR)
09-03 09:36:54 [INFO] trader/auto_trader.go:43 [trader_id=8d5c8af5_8ef641a7-815c-4bb5-9798-b070b67d7998_deepseek_1781246265 trader_name=hoang] ⚔️ armed NY S2 leg 1 short limit 29351.05 SL 29421.61 TP 29209.25 (tick-managed placement is Phase 2)
09-03 09:36:54 [INFO] trader/auto_trader.go:43 [trader_id=8d5c8af5_8ef641a7-815c-4bb5-9798-b070b67d7998_deepseek_1781246265 trader_name=hoang] 📊 Account equity: 51906.50 USDT | Available: 51906.50 USDT | Positions: 0
09-03 09:36:54 [INFO] trader/auto_trader.go:43 [trader_id=8d5c8af5_8ef641a7-815c-4bb5-9798-b070b67d7998_deepseek_1781246265 trader_name=hoang] 🤖 Requesting AI analysis and decision... [Strategy Engine]
09-03 09:37:36 [INFO] trader/auto_trader.go:43 [trader_id=8d5c8af5_8ef641a7-815c-4bb5-9798-b070b67d7998_deepseek_1781246265 trader_name=hoang] ⏱️ AI call (reasoning=fast→low) duration: 36.93 seconds
09-03 09:37:37 [INFO] trader/auto_trader_decision.go:62 📝 Decision record saved: trader=8d5c8af5_8ef641a7-815c-4bb5-9798-b070b67d7998_deepseek_1781246265, cycle=27165
09-03 09:38:54 [WARN] trader/auto_trader.go:48 [trader_id=8d5c8af5_8ef641a7-815c-4bb5-9798-b070b67d7998_deepseek_1781246265 trader_name=hoang] ⏱ wake would_skip: cooldown 23 min since the last wake-authored version (cooldown 30m) — seated Supply·1h invali
09-03 09:38:54 [WARN] trader/auto_trader.go:48 [trader_id=8d5c8af5_8ef641a7-815c-4bb5-9798-b070b67d7998_deepseek_1781246265 trader_name=hoang] 🗓️ level wake seated Supply·1h invalidated: close 29343.25 above 29209.25 (noise 9.25) on NY 2026-09-03 — wak
09-03 09:38:54 [INFO] trader/auto_trader.go:43 [trader_id=8d5c8af5_8ef641a7-815c-4bb5-9798-b070b67d7998_deepseek_1781246265 trader_name=hoang] 📅 calendar: live slice for 2026-09-03 is 96h1m0s old — re-fetching for same-day corrections
09-03 09:38:54 [INFO] trader/auto_trader.go:43 [trader_id=8d5c8af5_8ef641a7-815c-4bb5-9798-b070b67d7998_deepseek_1781246265 trader_name=hoang] 🧠 planner model: empty binding → using primary, pinned "deepseek-v4-pro"
09-03 09:38:54 [INFO] trader/auto_trader.go:43 [trader_id=8d5c8af5_8ef641a7-815c-4bb5-9798-b070b67d7998_deepseek_1781246265 trader_name=hoang] 🛑 arm stop NY S2 leg 1 short: stop 29421.86 (authored 29418.75 WIDENED) · anchor none (stop_unanchored) · atr_fl
09-03 09:38:54 [WARN] trader/auto_trader.go:48 [trader_id=8d5c8af5_8ef641a7-815c-4bb5-9798-b070b67d7998_deepseek_1781246265 trader_name=hoang] 🛑 stop_unanchored NY S2 leg 1 — no seated level within 3.0×ATR5m on the risk side; ATR floor governs. Recorded
09-03 09:38:54 [INFO] trader/auto_trader.go:43 [trader_id=8d5c8af5_8ef641a7-815c-4bb5-9798-b070b67d7998_deepseek_1781246265 trader_name=hoang] ⚔️ arm S2 leg 1 wait_confirm MET (touch) — arming
09-03 09:38:54 [INFO] trader/auto_trader.go:43 [trader_id=8d5c8af5_8ef641a7-815c-4bb5-9798-b070b67d7998_deepseek_1781246265 trader_name=hoang] 🚫 no-chase: arm S2 has no recorded touch — run stored NULL, judged on dist alone (0.00×ATR)
09-03 09:38:54 [INFO] trader/auto_trader.go:43 [trader_id=8d5c8af5_8ef641a7-815c-4bb5-9798-b070b67d7998_deepseek_1781246265 trader_name=hoang] ⚔️ armed NY S2 leg 1 short limit 29351.05 SL 29421.86 TP 29209.25 (tick-managed placement is Phase 2)
09-03 09:38:54 [INFO] trader/auto_trader.go:43 [trader_id=8d5c8af5_8ef641a7-815c-4bb5-9798-b070b67d7998_deepseek_1781246265 trader_name=hoang] 🗺️ G2 HTF detection @NY: 230 level(s) map[Demand·15m:1 Demand·1h:5 Demand·4h:10 EQH·15m:16 EQH·1h:19 EQH·4
09-03 09:38:54 [INFO] trader/auto_trader.go:43 [trader_id=8d5c8af5_8ef641a7-815c-4bb5-9798-b070b67d7998_deepseek_1781246265 trader_name=hoang] 📊 Account equity: 51906.50 USDT | Available: 51906.50 USDT | Positions: 0
09-03 09:38:54 [INFO] trader/auto_trader.go:43 [trader_id=8d5c8af5_8ef641a7-815c-4bb5-9798-b070b67d7998_deepseek_1781246265 trader_name=hoang] 🤖 Requesting AI analysis and decision... [Strategy Engine]
09-03 09:38:54 [WARN] trader/auto_trader.go:48 [trader_id=8d5c8af5_8ef641a7-815c-4bb5-9798-b070b67d7998_deepseek_1781246265 trader_name=hoang] 🌑 dark regime at the NY read: 1/7 regime fields unavailable (vix_level) — plan still trustworthy
09-03 09:38:54 [INFO] trader/auto_trader.go:43 [trader_id=8d5c8af5_8ef641a7-815c-4bb5-9798-b070b67d7998_deepseek_1781246265 trader_name=hoang] 📓 read facts: void=18 · floor=70.8 pts (1.5×ATR5m 47.20) · scope=1m×2000 since=1788386400000 (cap 500)
09-03 09:38:54 [INFO] trader/auto_trader.go:43 [trader_id=8d5c8af5_8ef641a7-815c-4bb5-9798-b070b67d7998_deepseek_1781246265 trader_name=hoang] 🗺️ map assembly (T1): 0ms
09-03 09:40:07 [INFO] trader/auto_trader.go:43 [trader_id=8d5c8af5_8ef641a7-815c-4bb5-9798-b070b67d7998_deepseek_1781246265 trader_name=hoang] ⏱️ AI call (reasoning=fast→low) duration: 68.94 seconds
09-03 09:40:07 [INFO] trader/auto_trader.go:43 [trader_id=8d5c8af5_8ef641a7-815c-4bb5-9798-b070b67d7998_deepseek_1781246265 trader_name=hoang] ℹ️ superseded_wait — the AI call spanned a 5m close but the decision was wait/hold-only; discarded quietly (fre
09-03 09:40:07 [INFO] trader/auto_trader_decision.go:62 📝 Decision record saved: trader=8d5c8af5_8ef641a7-815c-4bb5-9798-b070b67d7998_deepseek_1781246265, cycle=27166
09-03 09:40:54 [INFO] trader/auto_trader.go:43 [trader_id=8d5c8af5_8ef641a7-815c-4bb5-9798-b070b67d7998_deepseek_1781246265 trader_name=hoang] 📅 calendar: live slice for 2026-09-03 is 96h3m0s old — re-fetching for same-day corrections
09-03 09:40:54 [INFO] trader/auto_trader.go:43 [trader_id=8d5c8af5_8ef641a7-815c-4bb5-9798-b070b67d7998_deepseek_1781246265 trader_name=hoang] 🛑 arm stop NY S2 leg 1 short: stop 29419.03 (authored 29418.75 WIDENED) · anchor none (stop_unanchored) · atr_fl
09-03 09:40:54 [WARN] trader/auto_trader.go:48 [trader_id=8d5c8af5_8ef641a7-815c-4bb5-9798-b070b67d7998_deepseek_1781246265 trader_name=hoang] 🛑 stop_unanchored NY S2 leg 1 — no seated level within 3.0×ATR5m on the risk side; ATR floor governs. Recorded
09-03 09:40:54 [INFO] trader/auto_trader.go:43 [trader_id=8d5c8af5_8ef641a7-815c-4bb5-9798-b070b67d7998_deepseek_1781246265 trader_name=hoang] ⚔️ arm S2 leg 1 wait_confirm MET (touch) — arming
09-03 09:40:54 [INFO] trader/auto_trader.go:43 [trader_id=8d5c8af5_8ef641a7-815c-4bb5-9798-b070b67d7998_deepseek_1781246265 trader_name=hoang] 🚫 no-chase: arm S2 has no recorded touch — run stored NULL, judged on dist alone (0.00×ATR)
09-03 09:40:54 [INFO] trader/auto_trader.go:43 [trader_id=8d5c8af5_8ef641a7-815c-4bb5-9798-b070b67d7998_deepseek_1781246265 trader_name=hoang] ⚔️ armed NY S2 leg 1 short limit 29351.05 SL 29419.03 TP 29209.25 (tick-managed placement is Phase 2)
09-03 09:40:54 [INFO] trader/auto_trader.go:43 [trader_id=8d5c8af5_8ef641a7-815c-4bb5-9798-b070b67d7998_deepseek_1781246265 trader_name=hoang] 📊 Account equity: 51906.50 USDT | Available: 51906.50 USDT | Positions: 0
09-03 09:40:54 [INFO] trader/auto_trader.go:43 [trader_id=8d5c8af5_8ef641a7-815c-4bb5-9798-b070b67d7998_deepseek_1781246265 trader_name=hoang] 🤖 Requesting AI analysis and decision... [Strategy Engine]
09-03 09:41:37 [INFO] trader/auto_trader.go:43 [trader_id=8d5c8af5_8ef641a7-815c-4bb5-9798-b070b67d7998_deepseek_1781246265 trader_name=hoang] ⏱️ AI call (reasoning=fast→low) duration: 38.82 seconds
09-03 09:41:38 [INFO] trader/auto_trader_decision.go:62 📝 Decision record saved: trader=8d5c8af5_8ef641a7-815c-4bb5-9798-b070b67d7998_deepseek_1781246265, cycle=27167
09-03 09:42:54 [INFO] trader/auto_trader.go:43 [trader_id=8d5c8af5_8ef641a7-815c-4bb5-9798-b070b67d7998_deepseek_1781246265 trader_name=hoang] 📅 calendar: live slice for 2026-09-03 is 96h5m0s old — re-fetching for same-day corrections
09-03 09:42:54 [INFO] trader/auto_trader.go:43 [trader_id=8d5c8af5_8ef641a7-815c-4bb5-9798-b070b67d7998_deepseek_1781246265 trader_name=hoang] 🛑 arm stop NY S2 leg 1 short: stop 29421.30 (authored 29418.75 WIDENED) · anchor none (stop_unanchored) · atr_fl
09-03 09:42:54 [WARN] trader/auto_trader.go:48 [trader_id=8d5c8af5_8ef641a7-815c-4bb5-9798-b070b67d7998_deepseek_1781246265 trader_name=hoang] 🛑 stop_unanchored NY S2 leg 1 — no seated level within 3.0×ATR5m on the risk side; ATR floor governs. Recorded
09-03 09:42:54 [INFO] trader/auto_trader.go:43 [trader_id=8d5c8af5_8ef641a7-815c-4bb5-9798-b070b67d7998_deepseek_1781246265 trader_name=hoang] ⚔️ arm S2 leg 1 wait_confirm MET (touch) — arming
09-03 09:42:54 [INFO] trader/auto_trader.go:43 [trader_id=8d5c8af5_8ef641a7-815c-4bb5-9798-b070b67d7998_deepseek_1781246265 trader_name=hoang] 🚫 no-chase: arm S2 has no recorded touch — run stored NULL, judged on dist alone (0.00×ATR)
09-03 09:42:54 [INFO] trader/auto_trader.go:43 [trader_id=8d5c8af5_8ef641a7-815c-4bb5-9798-b070b67d7998_deepseek_1781246265 trader_name=hoang] ⚔️ armed NY S2 leg 1 short limit 29351.05 SL 29421.30 TP 29209.25 (tick-managed placement is Phase 2)
09-03 09:42:54 [INFO] trader/auto_trader.go:43 [trader_id=8d5c8af5_8ef641a7-815c-4bb5-9798-b070b67d7998_deepseek_1781246265 trader_name=hoang] 📊 Account equity: 51906.50 USDT | Available: 51906.50 USDT | Positions: 0
09-03 09:42:54 [INFO] trader/auto_trader.go:43 [trader_id=8d5c8af5_8ef641a7-815c-4bb5-9798-b070b67d7998_deepseek_1781246265 trader_name=hoang] 🤖 Requesting AI analysis and decision... [Strategy Engine]
09-03 09:43:21 [INFO] trader/auto_trader.go:43 [trader_id=8d5c8af5_8ef641a7-815c-4bb5-9798-b070b67d7998_deepseek_1781246265 trader_name=hoang] ⏱️ AI call (reasoning=fast→low) duration: 23.00 seconds
09-03 09:43:22 [INFO] trader/auto_trader_decision.go:62 📝 Decision record saved: trader=8d5c8af5_8ef641a7-815c-4bb5-9798-b070b67d7998_deepseek_1781246265, cycle=27168
09-03 09:44:33 [INFO] trader/auto_trader.go:43 [trader_id=8d5c8af5_8ef641a7-815c-4bb5-9798-b070b67d7998_deepseek_1781246265 trader_name=hoang] 🧠 planner call (reasoning=max wire=enabled/max cap=65536 stream idle=30s total=1200s) completed in 338.6s
09-03 09:44:33 [WARN] trader/auto_trader.go:48 [trader_id=8d5c8af5_8ef641a7-815c-4bb5-9798-b070b67d7998_deepseek_1781246265 trader_name=hoang] 🧭 role mismatch: SS2 cites VWAP+1σ (magnet_meanrevert) but uses condition "breakout_retest" — a magnet is a rev
09-03 09:44:33 [INFO] trader/auto_trader.go:43 [trader_id=8d5c8af5_8ef641a7-815c-4bb5-9798-b070b67d7998_deepseek_1781246265 trader_name=hoang] 📊 planner_candle_citations: 0 scenario line(s) cite "per candles" this read.
09-03 09:44:54 [WARN] trader/auto_trader.go:48 [trader_id=8d5c8af5_8ef641a7-815c-4bb5-9798-b070b67d7998_deepseek_1781246265 trader_name=hoang] 🗓️ level wake seated Supply·1h invalidated: close 29343.25 above 29209.25 (noise 9.36) on NY 2026-09-03 — SKI
09-03 09:44:54 [INFO] trader/auto_trader.go:43 [trader_id=8d5c8af5_8ef641a7-815c-4bb5-9798-b070b67d7998_deepseek_1781246265 trader_name=hoang] ⏳ stale_dodge deferred_ms=6506 — cycle start within avg_call×1.2 of the 5m close; deferring to close+1s (avg_cal
09-03 09:45:01 [WARN] trader/auto_trader.go:48 [trader_id=8d5c8af5_8ef641a7-815c-4bb5-9798-b070b67d7998_deepseek_1781246265 trader_name=hoang] 🗓️ level wake seated Supply·1h invalidated: close 29283.75 above 29209.25 (noise 8.72) on NY 2026-09-03 — SKI
09-03 09:45:01 [INFO] trader/auto_trader.go:43 [trader_id=8d5c8af5_8ef641a7-815c-4bb5-9798-b070b67d7998_deepseek_1781246265 trader_name=hoang] 📅 calendar: live slice for 2026-09-03 is 96h7m0s old — re-fetching for same-day corrections
09-03 09:45:01 [INFO] trader/auto_trader.go:43 [trader_id=8d5c8af5_8ef641a7-815c-4bb5-9798-b070b67d7998_deepseek_1781246265 trader_name=hoang] 🎯 scenario S1 → ≈armed @ 29260.00 (price is inside the activation window — display-only estimate, never exec
09-03 09:45:01 [INFO] trader/auto_trader.go:43 [trader_id=8d5c8af5_8ef641a7-815c-4bb5-9798-b070b67d7998_deepseek_1781246265 trader_name=hoang] 🎯 scenario S2 → ≈armed @ 29303.68 (price is inside the activation window — display-only estimate, never exec
09-03 09:45:01 [INFO] trader/auto_trader.go:43 [trader_id=8d5c8af5_8ef641a7-815c-4bb5-9798-b070b67d7998_deepseek_1781246265 trader_name=hoang] 🎯 scenario S3 → ≈armed @ 29260.00 (price is inside the activation window — display-only estimate, never exec
09-03 09:45:01 [INFO] trader/auto_trader.go:43 [trader_id=8d5c8af5_8ef641a7-815c-4bb5-9798-b070b67d7998_deepseek_1781246265 trader_name=hoang] 📊 Account equity: 51906.50 USDT | Available: 51906.50 USDT | Positions: 0
09-03 09:45:01 [INFO] trader/auto_trader.go:43 [trader_id=8d5c8af5_8ef641a7-815c-4bb5-9798-b070b67d7998_deepseek_1781246265 trader_name=hoang] 🤖 Requesting AI analysis and decision... [Strategy Engine]
09-03 09:45:36 [INFO] trader/auto_trader.go:43 [trader_id=8d5c8af5_8ef641a7-815c-4bb5-9798-b070b67d7998_deepseek_1781246265 trader_name=hoang] ⏱️ AI call (reasoning=fast→low) duration: 31.59 seconds
09-03 09:45:37 [INFO] trader/auto_trader_decision.go:62 📝 Decision record saved: trader=8d5c8af5_8ef641a7-815c-4bb5-9798-b070b67d7998_deepseek_1781246265, cycle=27169
09-03 09:46:54 [WARN] trader/auto_trader.go:48 [trader_id=8d5c8af5_8ef641a7-815c-4bb5-9798-b070b67d7998_deepseek_1781246265 trader_name=hoang] 🗓️ level wake seated Supply·1h invalidated: close 29283.75 above 29209.25 (noise 8.97) on NY 2026-09-03 — SKI
09-03 09:46:54 [INFO] trader/auto_trader.go:43 [trader_id=8d5c8af5_8ef641a7-815c-4bb5-9798-b070b67d7998_deepseek_1781246265 trader_name=hoang] 📅 calendar: live slice for 2026-09-03 is 96h9m0s old — re-fetching for same-day corrections
09-03 09:46:54 [INFO] trader/auto_trader.go:43 [trader_id=8d5c8af5_8ef641a7-815c-4bb5-9798-b070b67d7998_deepseek_1781246265 trader_name=hoang] 📊 Account equity: 51906.50 USDT | Available: 51906.50 USDT | Positions: 0
09-03 09:46:54 [INFO] trader/auto_trader.go:43 [trader_id=8d5c8af5_8ef641a7-815c-4bb5-9798-b070b67d7998_deepseek_1781246265 trader_name=hoang] 🤖 Requesting AI analysis and decision... [Strategy Engine]
09-03 09:47:18 [INFO] trader/auto_trader.go:43 [trader_id=8d5c8af5_8ef641a7-815c-4bb5-9798-b070b67d7998_deepseek_1781246265 trader_name=hoang] ⏱️ AI call (reasoning=fast→low) duration: 19.53 seconds
09-03 09:47:19 [INFO] trader/auto_trader_decision.go:62 📝 Decision record saved: trader=8d5c8af5_8ef641a7-815c-4bb5-9798-b070b67d7998_deepseek_1781246265, cycle=27170
09-03 09:48:54 [WARN] trader/auto_trader.go:48 [trader_id=8d5c8af5_8ef641a7-815c-4bb5-9798-b070b67d7998_deepseek_1781246265 trader_name=hoang] 🗓️ level wake seated Supply·1h invalidated: close 29283.75 above 29209.25 (noise 9.00) on NY 2026-09-03 — SKI
09-03 09:48:54 [INFO] trader/auto_trader.go:43 [trader_id=8d5c8af5_8ef641a7-815c-4bb5-9798-b070b67d7998_deepseek_1781246265 trader_name=hoang] 📅 calendar: live slice for 2026-09-03 is 96h11m0s old — re-fetching for same-day corrections
09-03 09:48:54 [INFO] trader/auto_trader.go:43 [trader_id=8d5c8af5_8ef641a7-815c-4bb5-9798-b070b67d7998_deepseek_1781246265 trader_name=hoang] 📊 Account equity: 51906.50 USDT | Available: 51906.50 USDT | Positions: 0
09-03 09:48:54 [INFO] trader/auto_trader.go:43 [trader_id=8d5c8af5_8ef641a7-815c-4bb5-9798-b070b67d7998_deepseek_1781246265 trader_name=hoang] 🤖 Requesting AI analysis and decision... [Strategy Engine]
09-03 09:49:21 [INFO] trader/auto_trader.go:43 [trader_id=8d5c8af5_8ef641a7-815c-4bb5-9798-b070b67d7998_deepseek_1781246265 trader_name=hoang] ⏱️ AI call (reasoning=fast→low) duration: 22.56 seconds
09-03 09:49:22 [INFO] trader/auto_trader_decision.go:62 📝 Decision record saved: trader=8d5c8af5_8ef641a7-815c-4bb5-9798-b070b67d7998_deepseek_1781246265, cycle=27171
09-03 09:50:54 [WARN] trader/auto_trader.go:48 [trader_id=8d5c8af5_8ef641a7-815c-4bb5-9798-b070b67d7998_deepseek_1781246265 trader_name=hoang] 🗓️ level wake seated Supply·1h invalidated: close 29283.75 above 29209.25 (noise 9.12) on NY 2026-09-03 — SKI
09-03 09:50:54 [INFO] trader/auto_trader.go:43 [trader_id=8d5c8af5_8ef641a7-815c-4bb5-9798-b070b67d7998_deepseek_1781246265 trader_name=hoang] 📅 calendar: live slice for 2026-09-03 is 96h13m0s old — re-fetching for same-day corrections
09-03 09:50:54 [INFO] trader/auto_trader.go:43 [trader_id=8d5c8af5_8ef641a7-815c-4bb5-9798-b070b67d7998_deepseek_1781246265 trader_name=hoang] 📊 Account equity: 51906.50 USDT | Available: 51906.50 USDT | Positions: 0
09-03 09:50:54 [INFO] trader/auto_trader.go:43 [trader_id=8d5c8af5_8ef641a7-815c-4bb5-9798-b070b67d7998_deepseek_1781246265 trader_name=hoang] 🤖 Requesting AI analysis and decision... [Strategy Engine]
09-03 09:51:33 [INFO] trader/auto_trader.go:43 [trader_id=8d5c8af5_8ef641a7-815c-4bb5-9798-b070b67d7998_deepseek_1781246265 trader_name=hoang] ⏱️ AI call (reasoning=fast→low) duration: 34.44 seconds
09-03 09:51:34 [INFO] trader/auto_trader_decision.go:62 📝 Decision record saved: trader=8d5c8af5_8ef641a7-815c-4bb5-9798-b070b67d7998_deepseek_1781246265, cycle=27172
09-03 09:52:54 [WARN] trader/auto_trader.go:48 [trader_id=8d5c8af5_8ef641a7-815c-4bb5-9798-b070b67d7998_deepseek_1781246265 trader_name=hoang] 🗓️ level wake seated Supply·1h invalidated: close 29283.75 above 29209.25 (noise 9.12) on NY 2026-09-03 — SKI
09-03 09:52:54 [INFO] trader/auto_trader.go:43 [trader_id=8d5c8af5_8ef641a7-815c-4bb5-9798-b070b67d7998_deepseek_1781246265 trader_name=hoang] 📅 calendar: live slice for 2026-09-03 is 96h15m0s old — re-fetching for same-day corrections
09-03 09:52:54 [INFO] trader/auto_trader.go:43 [trader_id=8d5c8af5_8ef641a7-815c-4bb5-9798-b070b67d7998_deepseek_1781246265 trader_name=hoang] 📊 Account equity: 51906.50 USDT | Available: 51906.50 USDT | Positions: 0
09-03 09:52:54 [INFO] trader/auto_trader.go:43 [trader_id=8d5c8af5_8ef641a7-815c-4bb5-9798-b070b67d7998_deepseek_1781246265 trader_name=hoang] 🤖 Requesting AI analysis and decision... [Strategy Engine]
09-03 09:53:41 [INFO] trader/auto_trader.go:43 [trader_id=8d5c8af5_8ef641a7-815c-4bb5-9798-b070b67d7998_deepseek_1781246265 trader_name=hoang] ⏱️ AI call (reasoning=fast→low) duration: 43.30 seconds
09-03 09:53:42 [INFO] trader/auto_trader_decision.go:62 📝 Decision record saved: trader=8d5c8af5_8ef641a7-815c-4bb5-9798-b070b67d7998_deepseek_1781246265, cycle=27173
09-03 09:54:54 [WARN] trader/auto_trader.go:48 [trader_id=8d5c8af5_8ef641a7-815c-4bb5-9798-b070b67d7998_deepseek_1781246265 trader_name=hoang] 🗓️ level wake seated Supply·1h invalidated: close 29283.75 above 29209.25 (noise 9.12) on NY 2026-09-03 — SKI
09-03 09:54:54 [INFO] trader/auto_trader.go:43 [trader_id=8d5c8af5_8ef641a7-815c-4bb5-9798-b070b67d7998_deepseek_1781246265 trader_name=hoang] ⏳ stale_dodge deferred_ms=6546 — cycle start within avg_call×1.2 of the 5m close; deferring to close+1s (avg_cal
09-03 09:55:01 [WARN] trader/auto_trader.go:48 [trader_id=8d5c8af5_8ef641a7-815c-4bb5-9798-b070b67d7998_deepseek_1781246265 trader_name=hoang] 🗓️ level wake seated Supply·1h invalidated: close 29283.75 above 29209.25 (noise 9.12) on NY 2026-09-03 — SKI
09-03 09:55:01 [INFO] trader/auto_trader.go:43 [trader_id=8d5c8af5_8ef641a7-815c-4bb5-9798-b070b67d7998_deepseek_1781246265 trader_name=hoang] 📅 calendar: live slice for 2026-09-03 is 96h17m0s old — re-fetching for same-day corrections
09-03 09:55:01 [INFO] trader/auto_trader.go:43 [trader_id=8d5c8af5_8ef641a7-815c-4bb5-9798-b070b67d7998_deepseek_1781246265 trader_name=hoang] 📊 Account equity: 51906.50 USDT | Available: 51906.50 USDT | Positions: 0
09-03 09:55:01 [INFO] trader/auto_trader.go:43 [trader_id=8d5c8af5_8ef641a7-815c-4bb5-9798-b070b67d7998_deepseek_1781246265 trader_name=hoang] 🤖 Requesting AI analysis and decision... [Strategy Engine]
09-03 09:55:39 [INFO] trader/auto_trader.go:43 [trader_id=8d5c8af5_8ef641a7-815c-4bb5-9798-b070b67d7998_deepseek_1781246265 trader_name=hoang] ⏱️ AI call (reasoning=fast→low) duration: 33.45 seconds
09-03 09:55:40 [INFO] trader/auto_trader_decision.go:62 📝 Decision record saved: trader=8d5c8af5_8ef641a7-815c-4bb5-9798-b070b67d7998_deepseek_1781246265, cycle=27174
09-03 09:56:54 [WARN] trader/auto_trader.go:48 [trader_id=8d5c8af5_8ef641a7-815c-4bb5-9798-b070b67d7998_deepseek_1781246265 trader_name=hoang] 🗓️ level wake seated Supply·1h invalidated: close 29283.75 above 29209.25 (noise 9.55) on NY 2026-09-03 — SKI
09-03 09:56:54 [INFO] trader/auto_trader.go:43 [trader_id=8d5c8af5_8ef641a7-815c-4bb5-9798-b070b67d7998_deepseek_1781246265 trader_name=hoang] 📅 calendar: live slice for 2026-09-03 is 96h19m0s old — re-fetching for same-day corrections
09-03 09:56:54 [INFO] trader/auto_trader.go:43 [trader_id=8d5c8af5_8ef641a7-815c-4bb5-9798-b070b67d7998_deepseek_1781246265 trader_name=hoang] 📊 Account equity: 51906.50 USDT | Available: 51906.50 USDT | Positions: 0
09-03 09:56:54 [INFO] trader/auto_trader.go:43 [trader_id=8d5c8af5_8ef641a7-815c-4bb5-9798-b070b67d7998_deepseek_1781246265 trader_name=hoang] 🤖 Requesting AI analysis and decision... [Strategy Engine]
09-03 09:57:15 [INFO] trader/auto_trader.go:43 [trader_id=8d5c8af5_8ef641a7-815c-4bb5-9798-b070b67d7998_deepseek_1781246265 trader_name=hoang] ⏱️ AI call (reasoning=fast→low) duration: 17.07 seconds
09-03 09:57:16 [INFO] trader/auto_trader_decision.go:62 📝 Decision record saved: trader=8d5c8af5_8ef641a7-815c-4bb5-9798-b070b67d7998_deepseek_1781246265, cycle=27175
09-03 09:58:54 [WARN] trader/auto_trader.go:48 [trader_id=8d5c8af5_8ef641a7-815c-4bb5-9798-b070b67d7998_deepseek_1781246265 trader_name=hoang] 🗓️ level wake seated Supply·1h invalidated: close 29283.75 above 29209.25 (noise 9.72) on NY 2026-09-03 — SKI
09-03 09:58:54 [INFO] trader/auto_trader.go:43 [trader_id=8d5c8af5_8ef641a7-815c-4bb5-9798-b070b67d7998_deepseek_1781246265 trader_name=hoang] 📅 calendar: live slice for 2026-09-03 is 96h21m0s old — re-fetching for same-day corrections
09-03 09:58:54 [INFO] trader/auto_trader.go:43 [trader_id=8d5c8af5_8ef641a7-815c-4bb5-9798-b070b67d7998_deepseek_1781246265 trader_name=hoang] 📊 Account equity: 51906.50 USDT | Available: 51906.50 USDT | Positions: 0
09-03 09:58:54 [INFO] trader/auto_trader.go:43 [trader_id=8d5c8af5_8ef641a7-815c-4bb5-9798-b070b67d7998_deepseek_1781246265 trader_name=hoang] 🤖 Requesting AI analysis and decision... [Strategy Engine]
09-03 09:59:34 [INFO] trader/auto_trader.go:43 [trader_id=8d5c8af5_8ef641a7-815c-4bb5-9798-b070b67d7998_deepseek_1781246265 trader_name=hoang] ⏱️ AI call (reasoning=fast→low) duration: 35.47 seconds
09-03 09:59:35 [INFO] trader/auto_trader_decision.go:62 📝 Decision record saved: trader=8d5c8af5_8ef641a7-815c-4bb5-9798-b070b67d7998_deepseek_1781246265, cycle=27176
09-03 10:00:54 [WARN] trader/auto_trader.go:48 [trader_id=8d5c8af5_8ef641a7-815c-4bb5-9798-b070b67d7998_deepseek_1781246265 trader_name=hoang] 🗓️ level wake seated Supply·1h invalidated: close 29363.50 above 29209.25 (noise 9.59) on NY 2026-09-03 — SKI
09-03 10:00:54 [INFO] trader/auto_trader.go:43 [trader_id=8d5c8af5_8ef641a7-815c-4bb5-9798-b070b67d7998_deepseek_1781246265 trader_name=hoang] 📅 calendar: live slice for 2026-09-03 is 96h23m0s old — re-fetching for same-day corrections
09-03 10:00:54 [INFO] trader/auto_trader.go:43 [trader_id=8d5c8af5_8ef641a7-815c-4bb5-9798-b070b67d7998_deepseek_1781246265 trader_name=hoang] 📊 Account equity: 51906.50 USDT | Available: 51906.50 USDT | Positions: 0
09-03 10:00:54 [INFO] trader/auto_trader.go:43 [trader_id=8d5c8af5_8ef641a7-815c-4bb5-9798-b070b67d7998_deepseek_1781246265 trader_name=hoang] 🤖 Requesting AI analysis and decision... [Strategy Engine]
09-03 10:01:06 [INFO] trader/auto_trader.go:43 [trader_id=8d5c8af5_8ef641a7-815c-4bb5-9798-b070b67d7998_deepseek_1781246265 trader_name=hoang] ⏱️ AI call (reasoning=fast→low) duration: 8.17 seconds
09-03 10:01:07 [INFO] trader/auto_trader_decision.go:62 📝 Decision record saved: trader=8d5c8af5_8ef641a7-815c-4bb5-9798-b070b67d7998_deepseek_1781246265, cycle=27177
09-03 10:02:54 [WARN] trader/auto_trader.go:48 [trader_id=8d5c8af5_8ef641a7-815c-4bb5-9798-b070b67d7998_deepseek_1781246265 trader_name=hoang] 🗓️ level wake seated Supply·1h invalidated: close 29363.50 above 29209.25 (noise 9.75) on NY 2026-09-03 — SKI
09-03 10:02:54 [INFO] trader/auto_trader.go:43 [trader_id=8d5c8af5_8ef641a7-815c-4bb5-9798-b070b67d7998_deepseek_1781246265 trader_name=hoang] 📅 calendar: live slice for 2026-09-03 is 96h25m0s old — re-fetching for same-day corrections
09-03 10:02:54 [INFO] trader/auto_trader.go:43 [trader_id=8d5c8af5_8ef641a7-815c-4bb5-9798-b070b67d7998_deepseek_1781246265 trader_name=hoang] 📊 Account equity: 51906.50 USDT | Available: 51906.50 USDT | Positions: 0
09-03 10:02:54 [INFO] trader/auto_trader.go:43 [trader_id=8d5c8af5_8ef641a7-815c-4bb5-9798-b070b67d7998_deepseek_1781246265 trader_name=hoang] 🤖 Requesting AI analysis and decision... [Strategy Engine]
09-03 10:03:30 [INFO] trader/auto_trader.go:43 [trader_id=8d5c8af5_8ef641a7-815c-4bb5-9798-b070b67d7998_deepseek_1781246265 trader_name=hoang] ⏱️ AI call (reasoning=fast→low) duration: 31.60 seconds
09-03 10:03:31 [INFO] trader/auto_trader_decision.go:62 📝 Decision record saved: trader=8d5c8af5_8ef641a7-815c-4bb5-9798-b070b67d7998_deepseek_1781246265, cycle=27178
09-03 10:04:54 [WARN] trader/auto_trader.go:48 [trader_id=8d5c8af5_8ef641a7-815c-4bb5-9798-b070b67d7998_deepseek_1781246265 trader_name=hoang] 🗓️ level wake seated Supply·1h invalidated: close 29363.50 above 29209.25 (noise 10.00) on NY 2026-09-03 — SK
09-03 10:04:54 [INFO] trader/auto_trader.go:43 [trader_id=8d5c8af5_8ef641a7-815c-4bb5-9798-b070b67d7998_deepseek_1781246265 trader_name=hoang] ⏳ stale_dodge deferred_ms=6590 — cycle start within avg_call×1.2 of the 5m close; deferring to close+1s (avg_cal
09-03 10:05:01 [WARN] trader/auto_trader.go:48 [trader_id=8d5c8af5_8ef641a7-815c-4bb5-9798-b070b67d7998_deepseek_1781246265 trader_name=hoang] 🗓️ level wake seated Supply·1h invalidated: close 29363.50 above 29209.25 (noise 10.16) on NY 2026-09-03 — SK
09-03 10:05:01 [INFO] trader/auto_trader.go:43 [trader_id=8d5c8af5_8ef641a7-815c-4bb5-9798-b070b67d7998_deepseek_1781246265 trader_name=hoang] 📅 calendar: live slice for 2026-09-03 is 96h27m0s old — re-fetching for same-day corrections
09-03 10:05:01 [INFO] trader/auto_trader.go:43 [trader_id=8d5c8af5_8ef641a7-815c-4bb5-9798-b070b67d7998_deepseek_1781246265 trader_name=hoang] 📊 Account equity: 51906.50 USDT | Available: 51906.50 USDT | Positions: 0
09-03 10:05:01 [INFO] trader/auto_trader.go:43 [trader_id=8d5c8af5_8ef641a7-815c-4bb5-9798-b070b67d7998_deepseek_1781246265 trader_name=hoang] 🤖 Requesting AI analysis and decision... [Strategy Engine]
09-03 10:05:28 [INFO] trader/auto_trader.go:43 [trader_id=8d5c8af5_8ef641a7-815c-4bb5-9798-b070b67d7998_deepseek_1781246265 trader_name=hoang] ⏱️ AI call (reasoning=fast→low) duration: 23.70 seconds
09-03 10:05:29 [INFO] trader/auto_trader_decision.go:62 📝 Decision record saved: trader=8d5c8af5_8ef641a7-815c-4bb5-9798-b070b67d7998_deepseek_1781246265, cycle=27179
09-03 10:06:54 [WARN] trader/auto_trader.go:48 [trader_id=8d5c8af5_8ef641a7-815c-4bb5-9798-b070b67d7998_deepseek_1781246265 trader_name=hoang] 🗓️ level wake seated Supply·1h invalidated: close 29363.50 above 29209.25 (noise 10.17) on NY 2026-09-03 — SK
09-03 10:06:54 [INFO] trader/auto_trader.go:43 [trader_id=8d5c8af5_8ef641a7-815c-4bb5-9798-b070b67d7998_deepseek_1781246265 trader_name=hoang] 📅 calendar: live slice for 2026-09-03 is 96h29m0s old — re-fetching for same-day corrections
09-03 10:06:54 [INFO] trader/auto_trader.go:43 [trader_id=8d5c8af5_8ef641a7-815c-4bb5-9798-b070b67d7998_deepseek_1781246265 trader_name=hoang] 📊 Account equity: 51906.50 USDT | Available: 51906.50 USDT | Positions: 0
09-03 10:06:54 [INFO] trader/auto_trader.go:43 [trader_id=8d5c8af5_8ef641a7-815c-4bb5-9798-b070b67d7998_deepseek_1781246265 trader_name=hoang] 🤖 Requesting AI analysis and decision... [Strategy Engine]
09-03 10:07:12 [INFO] trader/auto_trader.go:43 [trader_id=8d5c8af5_8ef641a7-815c-4bb5-9798-b070b67d7998_deepseek_1781246265 trader_name=hoang] ⏱️ AI call (reasoning=fast→low) duration: 13.87 seconds
09-03 10:07:13 [INFO] trader/auto_trader_decision.go:62 📝 Decision record saved: trader=8d5c8af5_8ef641a7-815c-4bb5-9798-b070b67d7998_deepseek_1781246265, cycle=27180
09-03 10:08:54 [WARN] trader/auto_trader.go:48 [trader_id=8d5c8af5_8ef641a7-815c-4bb5-9798-b070b67d7998_deepseek_1781246265 trader_name=hoang] 🗓️ level wake seated Supply·1h invalidated: close 29363.50 above 29209.25 (noise 10.18) on NY 2026-09-03 — SK
09-03 10:08:54 [INFO] trader/auto_trader.go:43 [trader_id=8d5c8af5_8ef641a7-815c-4bb5-9798-b070b67d7998_deepseek_1781246265 trader_name=hoang] 📅 calendar: live slice for 2026-09-03 is 96h31m0s old — re-fetching for same-day corrections
09-03 10:08:54 [INFO] trader/auto_trader.go:43 [trader_id=8d5c8af5_8ef641a7-815c-4bb5-9798-b070b67d7998_deepseek_1781246265 trader_name=hoang] 📊 Account equity: 51906.50 USDT | Available: 51906.50 USDT | Positions: 0
09-03 10:08:54 [INFO] trader/auto_trader.go:43 [trader_id=8d5c8af5_8ef641a7-815c-4bb5-9798-b070b67d7998_deepseek_1781246265 trader_name=hoang] 🤖 Requesting AI analysis and decision... [Strategy Engine]
09-03 10:09:27 [INFO] trader/auto_trader.go:43 [trader_id=8d5c8af5_8ef641a7-815c-4bb5-9798-b070b67d7998_deepseek_1781246265 trader_name=hoang] ⏱️ AI call (reasoning=fast→low) duration: 29.05 seconds
09-03 10:09:28 [INFO] trader/auto_trader_decision.go:62 📝 Decision record saved: trader=8d5c8af5_8ef641a7-815c-4bb5-9798-b070b67d7998_deepseek_1781246265, cycle=27181
09-03 10:10:54 [WARN] trader/auto_trader.go:48 [trader_id=8d5c8af5_8ef641a7-815c-4bb5-9798-b070b67d7998_deepseek_1781246265 trader_name=hoang] ⏱ wake would_skip: cooldown 26 min since the last wake-authored version (cooldown 30m) — seated Supply·1h invali
09-03 10:10:54 [WARN] trader/auto_trader.go:48 [trader_id=8d5c8af5_8ef641a7-815c-4bb5-9798-b070b67d7998_deepseek_1781246265 trader_name=hoang] 🗓️ level wake seated Supply·1h invalidated: close 29363.50 above 29209.25 (noise 10.22) on NY 2026-09-03 — wa
09-03 10:10:54 [INFO] trader/auto_trader.go:43 [trader_id=8d5c8af5_8ef641a7-815c-4bb5-9798-b070b67d7998_deepseek_1781246265 trader_name=hoang] 📅 calendar: live slice for 2026-09-03 is 96h33m0s old — re-fetching for same-day corrections
09-03 10:10:54 [INFO] trader/auto_trader.go:43 [trader_id=8d5c8af5_8ef641a7-815c-4bb5-9798-b070b67d7998_deepseek_1781246265 trader_name=hoang] 🧠 planner model: empty binding → using primary, pinned "deepseek-v4-pro"
09-03 10:10:54 [INFO] trader/auto_trader.go:43 [trader_id=8d5c8af5_8ef641a7-815c-4bb5-9798-b070b67d7998_deepseek_1781246265 trader_name=hoang] 📊 Account equity: 51906.50 USDT | Available: 51906.50 USDT | Positions: 0
09-03 10:10:54 [INFO] trader/auto_trader.go:43 [trader_id=8d5c8af5_8ef641a7-815c-4bb5-9798-b070b67d7998_deepseek_1781246265 trader_name=hoang] 🤖 Requesting AI analysis and decision... [Strategy Engine]
09-03 10:10:54 [INFO] trader/auto_trader.go:43 [trader_id=8d5c8af5_8ef641a7-815c-4bb5-9798-b070b67d7998_deepseek_1781246265 trader_name=hoang] 🗺️ G2 HTF detection @NY: 225 level(s) map[Demand·1h:4 Demand·4h:10 EQH·15m:16 EQH·1h:19 EQH·4h:17 EQL·15m:
09-03 10:10:54 [WARN] trader/auto_trader.go:48 [trader_id=8d5c8af5_8ef641a7-815c-4bb5-9798-b070b67d7998_deepseek_1781246265 trader_name=hoang] 🌑 dark regime at the NY read: 1/7 regime fields unavailable (vix_level) — plan still trustworthy
09-03 10:10:54 [INFO] trader/auto_trader.go:43 [trader_id=8d5c8af5_8ef641a7-815c-4bb5-9798-b070b67d7998_deepseek_1781246265 trader_name=hoang] 📓 read facts: void=19 · floor=72.6 pts (1.5×ATR5m 48.41) · scope=1m×2000 since=1788386400000 (cap 500)
09-03 10:10:54 [INFO] trader/auto_trader.go:43 [trader_id=8d5c8af5_8ef641a7-815c-4bb5-9798-b070b67d7998_deepseek_1781246265 trader_name=hoang] 🧠 planner mode: fast-market (drift 133.8 pts = 2.8×ATR5m) — reasoning downgraded to fast→low for this read (F
09-03 10:10:54 [INFO] trader/auto_trader.go:43 [trader_id=8d5c8af5_8ef641a7-815c-4bb5-9798-b070b67d7998_deepseek_1781246265 trader_name=hoang] 🗺️ map assembly (T1): 0ms
09-03 10:11:16 [INFO] trader/auto_trader.go:43 [trader_id=8d5c8af5_8ef641a7-815c-4bb5-9798-b070b67d7998_deepseek_1781246265 trader_name=hoang] ⏱️ AI call (reasoning=fast→low) duration: 16.13 seconds
09-03 10:11:17 [INFO] trader/auto_trader_decision.go:62 📝 Decision record saved: trader=8d5c8af5_8ef641a7-815c-4bb5-9798-b070b67d7998_deepseek_1781246265, cycle=27182
09-03 10:12:54 [INFO] trader/auto_trader.go:43 [trader_id=8d5c8af5_8ef641a7-815c-4bb5-9798-b070b67d7998_deepseek_1781246265 trader_name=hoang] 📅 calendar: live slice for 2026-09-03 is 96h35m0s old — re-fetching for same-day corrections
09-03 10:12:54 [INFO] trader/auto_trader.go:43 [trader_id=8d5c8af5_8ef641a7-815c-4bb5-9798-b070b67d7998_deepseek_1781246265 trader_name=hoang] 📊 Account equity: 51906.50 USDT | Available: 51906.50 USDT | Positions: 0
09-03 10:12:54 [INFO] trader/auto_trader.go:43 [trader_id=8d5c8af5_8ef641a7-815c-4bb5-9798-b070b67d7998_deepseek_1781246265 trader_name=hoang] 🤖 Requesting AI analysis and decision... [Strategy Engine]
09-03 10:13:23 [INFO] trader/auto_trader.go:43 [trader_id=8d5c8af5_8ef641a7-815c-4bb5-9798-b070b67d7998_deepseek_1781246265 trader_name=hoang] ⏱️ AI call (reasoning=fast→low) duration: 25.36 seconds
09-03 10:13:24 [INFO] trader/auto_trader_decision.go:62 📝 Decision record saved: trader=8d5c8af5_8ef641a7-815c-4bb5-9798-b070b67d7998_deepseek_1781246265, cycle=27183
09-03 10:14:45 [INFO] trader/auto_trader.go:43 [trader_id=8d5c8af5_8ef641a7-815c-4bb5-9798-b070b67d7998_deepseek_1781246265 trader_name=hoang] 🧠 planner call (reasoning=fast→low wire=enabled/low cap=65536 stream idle=30s total=1200s) completed in 231.6s
09-03 10:14:45 [WARN] trader/auto_trader.go:48 [trader_id=8d5c8af5_8ef641a7-815c-4bb5-9798-b070b67d7998_deepseek_1781246265 trader_name=hoang] 🧭 role mismatch: SS2 fades EQH·15m (HTF) (liquidity_break) with a plain reject — liquidity fades need sweep_rec
09-03 10:14:45 [INFO] trader/auto_trader.go:43 [trader_id=8d5c8af5_8ef641a7-815c-4bb5-9798-b070b67d7998_deepseek_1781246265 trader_name=hoang] 📊 planner_candle_citations: 0 scenario line(s) cite "per candles" this read.
09-03 10:14:54 [INFO] trader/auto_trader.go:43 [trader_id=8d5c8af5_8ef641a7-815c-4bb5-9798-b070b67d7998_deepseek_1781246265 trader_name=hoang] ⏳ stale_dodge deferred_ms=6646 — cycle start within avg_call×1.2 of the 5m close; deferring to close+1s (avg_cal
09-03 10:15:01 [INFO] trader/auto_trader.go:43 [trader_id=8d5c8af5_8ef641a7-815c-4bb5-9798-b070b67d7998_deepseek_1781246265 trader_name=hoang] 📅 calendar: live slice for 2026-09-03 is 96h37m0s old — re-fetching for same-day corrections
09-03 10:15:01 [INFO] trader/auto_trader.go:43 [trader_id=8d5c8af5_8ef641a7-815c-4bb5-9798-b070b67d7998_deepseek_1781246265 trader_name=hoang] 🎯 scenario S1 → ≈armed @ 29435.75 (price is inside the activation window — display-only estimate, never exec
09-03 10:15:01 [INFO] trader/auto_trader.go:43 [trader_id=8d5c8af5_8ef641a7-815c-4bb5-9798-b070b67d7998_deepseek_1781246265 trader_name=hoang] 🎯 scenario S2 → ≈armed @ 29445.50 (price is inside the activation window — display-only estimate, never exec
09-03 10:15:01 [INFO] trader/auto_trader.go:43 [trader_id=8d5c8af5_8ef641a7-815c-4bb5-9798-b070b67d7998_deepseek_1781246265 trader_name=hoang] 📊 Account equity: 51906.50 USDT | Available: 51906.50 USDT | Positions: 0
09-03 10:15:01 [INFO] trader/auto_trader.go:43 [trader_id=8d5c8af5_8ef641a7-815c-4bb5-9798-b070b67d7998_deepseek_1781246265 trader_name=hoang] 🤖 Requesting AI analysis and decision... [Strategy Engine]
09-03 10:15:29 [INFO] trader/auto_trader.go:43 [trader_id=8d5c8af5_8ef641a7-815c-4bb5-9798-b070b67d7998_deepseek_1781246265 trader_name=hoang] ⏱️ AI call (reasoning=fast→low) duration: 22.70 seconds
09-03 10:15:30 [INFO] trader/auto_trader_decision.go:62 📝 Decision record saved: trader=8d5c8af5_8ef641a7-815c-4bb5-9798-b070b67d7998_deepseek_1781246265, cycle=27184
09-03 10:16:54 [INFO] trader/auto_trader.go:43 [trader_id=8d5c8af5_8ef641a7-815c-4bb5-9798-b070b67d7998_deepseek_1781246265 trader_name=hoang] 📅 calendar: live slice for 2026-09-03 is 96h39m0s old — re-fetching for same-day corrections
09-03 10:16:54 [INFO] trader/auto_trader.go:43 [trader_id=8d5c8af5_8ef641a7-815c-4bb5-9798-b070b67d7998_deepseek_1781246265 trader_name=hoang] 📊 Account equity: 51906.50 USDT | Available: 51906.50 USDT | Positions: 0
09-03 10:16:54 [INFO] trader/auto_trader.go:43 [trader_id=8d5c8af5_8ef641a7-815c-4bb5-9798-b070b67d7998_deepseek_1781246265 trader_name=hoang] 🤖 Requesting AI analysis and decision... [Strategy Engine]
09-03 10:17:13 [INFO] trader/auto_trader.go:43 [trader_id=8d5c8af5_8ef641a7-815c-4bb5-9798-b070b67d7998_deepseek_1781246265 trader_name=hoang] ⏱️ AI call (reasoning=fast→low) duration: 14.72 seconds
09-03 10:17:14 [INFO] trader/auto_trader_decision.go:62 📝 Decision record saved: trader=8d5c8af5_8ef641a7-815c-4bb5-9798-b070b67d7998_deepseek_1781246265, cycle=27185
09-03 10:18:54 [INFO] trader/auto_trader.go:43 [trader_id=8d5c8af5_8ef641a7-815c-4bb5-9798-b070b67d7998_deepseek_1781246265 trader_name=hoang] 📅 calendar: live slice for 2026-09-03 is 96h41m0s old — re-fetching for same-day corrections
09-03 10:18:54 [INFO] trader/auto_trader.go:43 [trader_id=8d5c8af5_8ef641a7-815c-4bb5-9798-b070b67d7998_deepseek_1781246265 trader_name=hoang] 📊 Account equity: 51906.50 USDT | Available: 51906.50 USDT | Positions: 0
09-03 10:18:54 [INFO] trader/auto_trader.go:43 [trader_id=8d5c8af5_8ef641a7-815c-4bb5-9798-b070b67d7998_deepseek_1781246265 trader_name=hoang] 🤖 Requesting AI analysis and decision... [Strategy Engine]
09-03 10:19:22 [INFO] trader/auto_trader.go:43 [trader_id=8d5c8af5_8ef641a7-815c-4bb5-9798-b070b67d7998_deepseek_1781246265 trader_name=hoang] ⏱️ AI call (reasoning=fast→low) duration: 23.39 seconds
09-03 10:19:23 [INFO] trader/auto_trader_decision.go:62 📝 Decision record saved: trader=8d5c8af5_8ef641a7-815c-4bb5-9798-b070b67d7998_deepseek_1781246265, cycle=27186
09-03 10:20:54 [INFO] trader/auto_trader.go:43 [trader_id=8d5c8af5_8ef641a7-815c-4bb5-9798-b070b67d7998_deepseek_1781246265 trader_name=hoang] 📅 calendar: live slice for 2026-09-03 is 96h43m0s old — re-fetching for same-day corrections
09-03 10:20:54 [INFO] trader/auto_trader.go:43 [trader_id=8d5c8af5_8ef641a7-815c-4bb5-9798-b070b67d7998_deepseek_1781246265 trader_name=hoang] 🎯 scenario S1 → ≈armed @ 29435.75 (price is inside the activation window — display-only estimate, never exec
09-03 10:20:54 [INFO] trader/auto_trader.go:43 [trader_id=8d5c8af5_8ef641a7-815c-4bb5-9798-b070b67d7998_deepseek_1781246265 trader_name=hoang] 🎯 scenario S2 → ≈invalidated @ 29445.50 (price accepted through the level against the trade — it flipped rol
09-03 10:20:54 [INFO] trader/auto_trader.go:43 [trader_id=8d5c8af5_8ef641a7-815c-4bb5-9798-b070b67d7998_deepseek_1781246265 trader_name=hoang] 📊 Account equity: 51906.50 USDT | Available: 51906.50 USDT | Positions: 0
09-03 10:20:54 [INFO] trader/auto_trader.go:43 [trader_id=8d5c8af5_8ef641a7-815c-4bb5-9798-b070b67d7998_deepseek_1781246265 trader_name=hoang] 🤖 Requesting AI analysis and decision... [Strategy Engine]
09-03 10:21:33 [INFO] trader/auto_trader.go:43 [trader_id=8d5c8af5_8ef641a7-815c-4bb5-9798-b070b67d7998_deepseek_1781246265 trader_name=hoang] ⏱️ AI call (reasoning=fast→low) duration: 34.63 seconds
09-03 10:21:34 [INFO] trader/auto_trader_decision.go:62 📝 Decision record saved: trader=8d5c8af5_8ef641a7-815c-4bb5-9798-b070b67d7998_deepseek_1781246265, cycle=27187
09-03 10:22:54 [INFO] trader/auto_trader.go:43 [trader_id=8d5c8af5_8ef641a7-815c-4bb5-9798-b070b67d7998_deepseek_1781246265 trader_name=hoang] 📅 calendar: live slice for 2026-09-03 is 96h45m0s old — re-fetching for same-day corrections
09-03 10:22:54 [INFO] trader/auto_trader.go:43 [trader_id=8d5c8af5_8ef641a7-815c-4bb5-9798-b070b67d7998_deepseek_1781246265 trader_name=hoang] 📊 Account equity: 51906.50 USDT | Available: 51906.50 USDT | Positions: 0
09-03 10:22:54 [INFO] trader/auto_trader.go:43 [trader_id=8d5c8af5_8ef641a7-815c-4bb5-9798-b070b67d7998_deepseek_1781246265 trader_name=hoang] 🤖 Requesting AI analysis and decision... [Strategy Engine]
09-03 10:23:30 [INFO] trader/auto_trader.go:43 [trader_id=8d5c8af5_8ef641a7-815c-4bb5-9798-b070b67d7998_deepseek_1781246265 trader_name=hoang] ⏱️ AI call (reasoning=fast→low) duration: 31.34 seconds
09-03 10:23:31 [INFO] trader/auto_trader_decision.go:62 📝 Decision record saved: trader=8d5c8af5_8ef641a7-815c-4bb5-9798-b070b67d7998_deepseek_1781246265, cycle=27188
09-03 10:24:54 [INFO] trader/auto_trader.go:43 [trader_id=8d5c8af5_8ef641a7-815c-4bb5-9798-b070b67d7998_deepseek_1781246265 trader_name=hoang] ⏳ stale_dodge deferred_ms=6692 — cycle start within avg_call×1.2 of the 5m close; deferring to close+1s (avg_cal
09-03 10:25:01 [INFO] trader/auto_trader.go:43 [trader_id=8d5c8af5_8ef641a7-815c-4bb5-9798-b070b67d7998_deepseek_1781246265 trader_name=hoang] 📅 calendar: live slice for 2026-09-03 is 96h47m0s old — re-fetching for same-day corrections
09-03 10:25:01 [INFO] trader/auto_trader.go:43 [trader_id=8d5c8af5_8ef641a7-815c-4bb5-9798-b070b67d7998_deepseek_1781246265 trader_name=hoang] 📊 Account equity: 51906.50 USDT | Available: 51906.50 USDT | Positions: 0
09-03 10:25:01 [INFO] trader/auto_trader.go:43 [trader_id=8d5c8af5_8ef641a7-815c-4bb5-9798-b070b67d7998_deepseek_1781246265 trader_name=hoang] 🤖 Requesting AI analysis and decision... [Strategy Engine]
09-03 10:25:26 [INFO] trader/auto_trader.go:43 [trader_id=8d5c8af5_8ef641a7-815c-4bb5-9798-b070b67d7998_deepseek_1781246265 trader_name=hoang] ⏱️ AI call (reasoning=fast→low) duration: 20.66 seconds
09-03 10:25:27 [INFO] trader/auto_trader_decision.go:62 📝 Decision record saved: trader=8d5c8af5_8ef641a7-815c-4bb5-9798-b070b67d7998_deepseek_1781246265, cycle=27189
09-03 10:26:54 [INFO] trader/auto_trader.go:43 [trader_id=8d5c8af5_8ef641a7-815c-4bb5-9798-b070b67d7998_deepseek_1781246265 trader_name=hoang] 📅 calendar: live slice for 2026-09-03 is 96h49m0s old — re-fetching for same-day corrections
09-03 10:26:54 [INFO] trader/auto_trader.go:43 [trader_id=8d5c8af5_8ef641a7-815c-4bb5-9798-b070b67d7998_deepseek_1781246265 trader_name=hoang] 📊 Account equity: 51906.50 USDT | Available: 51906.50 USDT | Positions: 0
09-03 10:26:54 [INFO] trader/auto_trader.go:43 [trader_id=8d5c8af5_8ef641a7-815c-4bb5-9798-b070b67d7998_deepseek_1781246265 trader_name=hoang] 🤖 Requesting AI analysis and decision... [Strategy Engine]
09-03 10:27:23 [INFO] trader/auto_trader.go:43 [trader_id=8d5c8af5_8ef641a7-815c-4bb5-9798-b070b67d7998_deepseek_1781246265 trader_name=hoang] ⏱️ AI call (reasoning=fast→low) duration: 24.91 seconds
09-03 10:27:24 [INFO] trader/auto_trader_decision.go:62 📝 Decision record saved: trader=8d5c8af5_8ef641a7-815c-4bb5-9798-b070b67d7998_deepseek_1781246265, cycle=27190
