rowid,symbol,tf,open_time_ms,o,h,l,c,v,convention
431608,MNQ,1m,1788127200000,29535.0,29543.5,29501.0,29503.5,2920.0,
431609,MNQ,1m,1788127260000,29503.5,29541.75,29503.5,29531.75,1969.0,
431610,MNQ,1m,1788127320000,29531.75,29537.75,29502.0,29502.5,1890.0,
431611,MNQ,1m,1788127380000,29502.0,29503.0,29455.5,29475.0,5114.0,
431612,MNQ,1m,1788127440000,29474.5,29478.5,29463.25,29466.5,1870.0,
431613,MNQ,1m,1788127500000,29465.5,29472.5,29461.5,29464.0,1211.0,
431614,MNQ,1m,1788127560000,29465.0,29469.5,29454.75,29468.0,1701.0,
431615,MNQ,1m,1788127620000,29467.25,29470.5,29455.0,29460.75,954.0,
431616,MNQ,1m,1788127680000,29461.75,29469.5,29457.75,29464.5,881.0,
431617,MNQ,1m,1788127740000,29465.0,29465.0,29447.0,29457.5,1612.0,
431618,MNQ,1m,1788127800000,29457.75,29460.0,29449.25,29453.25,1075.0,
431619,MNQ,1m,1788127860000,29452.25,29455.25,29447.25,29451.0,836.0,
431620,MNQ,1m,1788127920000,29450.5,29471.0,29447.25,29465.25,1593.0,
431621,MNQ,1m,1788127980000,29466.25,29470.0,29465.25,29468.25,577.0,
431622,MNQ,1m,1788128040000,29469.0,29471.25,29465.75,29470.75,561.0,
431623,MNQ,1m,1788128100000,29470.75,29475.75,29468.25,29474.75,621.0,
431624,MNQ,1m,1788128160000,29475.0,29477.25,29467.0,29472.75,817.0,
431625,MNQ,1m,1788128220000,29474.0,29477.5,29469.25,29474.25,890.0,
431626,MNQ,1m,1788128280000,29474.5,29474.5,29469.0,29472.5,421.0,
431627,MNQ,1m,1788128340000,29472.25,29490.0,29471.75,29484.75,2223.0,
431628,MNQ,1m,1788128400000,29486.0,29495.0,29484.5,29489.5,1482.0,
431629,MNQ,1m,1788128460000,29489.75,29492.0,29488.25,29488.25,592.0,
431630,MNQ,1m,1788128520000,29488.75,29492.0,29483.5,29489.0,879.0,
431631,MNQ,1m,1788128580000,29489.75,29493.5,29486.5,29486.75,613.0,
431632,MNQ,1m,1788128640000,29487.5,29490.0,29478.75,29479.5,683.0,
431633,MNQ,1m,1788128700000,29480.25,29483.25,29475.5,29477.0,907.0,
431634,MNQ,1m,1788128760000,29478.0,29481.5,29470.0,29478.0,915.0,
431635,MNQ,1m,1788128820000,29478.0,29478.75,29470.75,29472.0,459.0,
431636,MNQ,1m,1788128880000,29472.75,29479.75,29472.25,29476.75,575.0,
431637,MNQ,1m,1788128940000,29477.0,29477.25,29472.5,29473.25,349.0,
431638,MNQ,1m,1788129000000,29474.0,29476.75,29468.0,29474.25,955.0,
431639,MNQ,1m,1788129060000,29474.5,29475.0,29468.75,29472.5,774.0,
431640,MNQ,1m,1788129120000,29473.25,29476.25,29472.25,29474.0,379.0,
431641,MNQ,1m,1788129180000,29474.75,29475.5,29469.75,29472.0,301.0,
431642,MNQ,1m,1788129240000,29473.0,29473.5,29452.25,29455.5,1849.0,
431643,MNQ,1m,1788129300000,29456.0,29462.5,29451.0,29452.25,1349.0,
431644,MNQ,1m,1788129360000,29452.75,29454.25,29432.75,29434.75,2713.0,
431645,MNQ,1m,1788129420000,29435.0,29443.5,29433.5,29441.25,1269.0,
431646,MNQ,1m,1788129480000,29442.0,29450.75,29442.0,29448.75,1298.0,
431647,MNQ,1m,1788129540000,29448.75,29451.5,29443.5,29446.0,799.0,
431648,MNQ,1m,1788129600000,29446.0,29451.0,29438.75,29449.5,1286.0,
431649,MNQ,1m,1788129660000,29450.0,29454.0,29442.75,29444.25,892.0,
431650,MNQ,1m,1788129720000,29443.5,29447.25,29427.0,29431.0,2008.0,
431651,MNQ,1m,1788129780000,29431.5,29438.5,29430.25,29437.0,1176.0,
431652,MNQ,1m,1788129840000,29436.5,29438.75,29434.25,29437.0,347.0,
431653,MNQ,1m,1788129900000,29436.5,29441.0,29434.25,29440.5,597.0,
431654,MNQ,1m,1788129960000,29440.0,29453.25,29440.0,29445.75,1622.0,
431655,MNQ,1m,1788130020000,29446.0,29448.5,29442.75,29447.5,439.0,
431656,MNQ,1m,1788130080000,29447.0,29447.5,29441.75,29445.0,400.0,
431657,MNQ,1m,1788130140000,29444.5,29446.75,29439.25,29443.0,497.0,
431658,MNQ,1m,1788130200000,29443.25,29446.5,29440.25,29442.75,444.0,
431659,MNQ,1m,1788130260000,29443.25,29443.25,29437.75,29442.0,502.0,
431660,MNQ,1m,1788130320000,29442.5,29446.0,29440.5,29442.75,321.0,
431661,MNQ,1m,1788130380000,29442.25,29447.25,29441.75,29446.25,276.0,
431662,MNQ,1m,1788130440000,29446.0,29447.25,29444.75,29446.5,245.0,
431663,MNQ,1m,1788130500000,29445.75,29447.5,29435.0,29441.0,844.0,
431664,MNQ,1m,1788130560000,29441.25,29445.75,29441.25,29444.25,219.0,
431665,MNQ,1m,1788130620000,29444.75,29445.75,29439.0,29442.75,373.0,
431666,MNQ,1m,1788130680000,29442.5,29444.25,29441.0,29443.5,174.0,
431667,MNQ,1m,1788130740000,29444.25,29445.0,29441.75,29442.5,324.0,
431668,MNQ,1m,1788130800000,29443.0,29444.5,29439.5,29441.0,730.0,
431669,MNQ,1m,1788130860000,29441.25,29443.75,29431.0,29434.75,899.0,
431670,MNQ,1m,1788130920000,29434.5,29438.25,29428.25,29434.0,1186.0,
431671,MNQ,1m,1788130980000,29433.5,29435.25,29429.75,29433.75,525.0,
431672,MNQ,1m,1788131040000,29434.25,29436.75,29432.5,29432.5,377.0,
431673,MNQ,1m,1788131100000,29432.5,29435.5,29431.0,29434.0,415.0,
431674,MNQ,1m,1788131160000,29434.25,29436.75,29433.25,29434.25,266.0,
431675,MNQ,1m,1788131220000,29434.25,29451.0,29433.0,29437.0,1719.0,
431676,MNQ,1m,1788131280000,29436.75,29443.0,29431.75,29439.5,793.0,
431677,MNQ,1m,1788131340000,29439.75,29441.0,29434.25,29434.75,411.0,
431678,MNQ,1m,1788131400000,29434.5,29436.5,29420.25,29429.0,2199.0,
431679,MNQ,1m,1788131460000,29428.75,29433.25,29426.25,29431.0,884.0,
431680,MNQ,1m,1788131520000,29430.25,29433.75,29415.5,29417.75,2297.0,
431681,MNQ,1m,1788131580000,29418.5,29425.25,29414.5,29417.75,1650.0,
431682,MNQ,1m,1788131640000,29417.75,29418.5,29407.0,29410.25,1815.0,
431683,MNQ,1m,1788131700000,29410.5,29413.25,29408.75,29411.75,862.0,
431684,MNQ,1m,1788131760000,29412.0,29416.5,29410.5,29413.5,637.0,
431685,MNQ,1m,1788131820000,29413.75,29414.5,29409.25,29414.0,468.0,
431686,MNQ,1m,1788131880000,29414.25,29416.5,29408.25,29413.75,587.0,
431687,MNQ,1m,1788131940000,29413.75,29416.5,29410.5,29411.5,374.0,
431688,MNQ,1m,1788132000000,29412.25,29414.0,29409.0,29411.5,493.0,
431689,MNQ,1m,1788132060000,29411.0,29412.0,29405.75,29408.5,800.0,
431690,MNQ,1m,1788132120000,29408.25,29411.25,29381.75,29386.25,4274.0,
431691,MNQ,1m,1788132180000,29386.5,29386.75,29371.5,29372.75,2626.0,
431692,MNQ,1m,1788132240000,29373.0,29389.5,29372.0,29380.25,2631.0,
431693,MNQ,1m,1788132300000,29380.25,29385.0,29380.25,29383.25,707.0,
431694,MNQ,1m,1788132360000,29383.0,29384.5,29374.5,29381.25,963.0,
431695,MNQ,1m,1788132420000,29381.25,29383.75,29374.75,29377.5,743.0,
431696,MNQ,1m,1788132480000,29377.0,29378.5,29370.0,29374.75,1258.0,
431697,MNQ,1m,1788132540000,29374.75,29381.0,29369.0,29372.0,1122.0,
431698,MNQ,1m,1788132600000,29372.25,29372.75,29347.75,29360.25,3973.0,
431699,MNQ,1m,1788132660000,29360.0,29369.25,29348.75,29367.25,2472.0,
431700,MNQ,1m,1788132720000,29367.25,29368.0,29352.75,29356.5,1241.0,
431701,MNQ,1m,1788132780000,29356.75,29360.0,29354.5,29359.5,1011.0,
431702,MNQ,1m,1788132840000,29358.75,29366.5,29354.75,29360.0,995.0,
431703,MNQ,1m,1788132900000,29360.5,29370.0,29356.25,29367.25,1307.0,
431704,MNQ,1m,1788132960000,29367.25,29377.0,29364.0,29372.0,1586.0,
431705,MNQ,1m,1788133020000,29371.75,29375.25,29351.75,29359.5,1740.0,
431706,MNQ,1m,1788133080000,29359.25,29362.0,29355.0,29357.75,1077.0,
431707,MNQ,1m,1788133140000,29357.75,29366.75,29356.0,29358.5,1037.0,
431708,MNQ,1m,1788133200000,29358.25,29366.0,29342.0,29344.0,2063.0,
431709,MNQ,1m,1788133260000,29344.75,29344.75,29321.0,29342.5,5179.0,
431710,MNQ,1m,1788133320000,29343.75,29357.0,29340.5,29349.25,1772.0,
431711,MNQ,1m,1788133380000,29349.5,29354.25,29348.25,29350.5,761.0,
431712,MNQ,1m,1788133440000,29349.5,29356.25,29349.5,29354.25,709.0,
431713,MNQ,1m,1788133500000,29355.0,29355.75,29330.0,29330.75,2726.0,
431714,MNQ,1m,1788133560000,29330.5,29340.25,29322.25,29326.5,2877.0,
431715,MNQ,1m,1788133620000,29326.75,29327.5,29303.0,29318.75,5147.0,
431716,MNQ,1m,1788133680000,29318.25,29323.75,29304.5,29310.25,3070.0,
431717,MNQ,1m,1788133740000,29310.0,29314.75,29301.0,29311.0,1834.0,
431718,MNQ,1m,1788133800000,29310.75,29331.0,29308.75,29327.25,2264.0,
431719,MNQ,1m,1788133860000,29326.75,29326.75,29308.25,29318.25,1642.0,
431720,MNQ,1m,1788133920000,29317.25,29329.75,29316.0,29328.25,1008.0,
431721,MNQ,1m,1788133980000,29327.75,29329.0,29312.75,29319.5,1595.0,
431722,MNQ,1m,1788134040000,29319.25,29324.5,29308.75,29323.75,1615.0,
431723,MNQ,1m,1788134100000,29324.75,29324.75,29295.5,29296.75,2962.0,
431724,MNQ,1m,1788134160000,29297.25,29300.5,29291.25,29299.0,2221.0,
431725,MNQ,1m,1788134220000,29299.0,29310.0,29294.5,29305.25,1602.0,
431726,MNQ,1m,1788134280000,29304.75,29306.0,29291.25,29296.0,1426.0,
431727,MNQ,1m,1788134340000,29295.5,29297.0,29288.75,29289.25,1254.0,
431728,MNQ,1m,1788134400000,29290.0,29303.25,29277.0,29293.0,4793.0,
431729,MNQ,1m,1788134460000,29293.75,29296.5,29273.5,29289.25,3138.0,
431730,MNQ,1m,1788134520000,29289.5,29293.75,29281.0,29288.75,1794.0,
431731,MNQ,1m,1788134580000,29288.25,29290.5,29276.0,29284.75,1981.0,
431732,MNQ,1m,1788134640000,29284.75,29292.0,29278.5,29291.75,1337.0,
431733,MNQ,1m,1788134700000,29291.25,29295.0,29276.75,29285.5,2342.0,
431734,MNQ,1m,1788134760000,29285.5,29293.75,29274.0,29288.75,2322.0,
431735,MNQ,1m,1788134820000,29288.5,29299.75,29285.25,29297.75,1818.0,
431736,MNQ,1m,1788134880000,29297.25,29300.75,29284.25,29295.5,2111.0,
431737,MNQ,1m,1788134940000,29295.5,29308.25,29291.0,29301.25,2045.0,
431738,MNQ,1m,1788135000000,29301.5,29307.25,29297.5,29302.75,1894.0,
431739,MNQ,1m,1788135060000,29302.75,29323.0,29301.75,29323.0,2475.0,
431740,MNQ,1m,1788135120000,29323.0,29333.75,29313.0,29329.25,2998.0,
431741,MNQ,1m,1788135180000,29328.5,29346.75,29327.5,29338.5,3164.0,
431742,MNQ,1m,1788135240000,29338.75,29346.0,29337.5,29340.0,1502.0,
431743,MNQ,1m,1788135300000,29339.75,29351.0,29333.75,29350.0,2023.0,
431744,MNQ,1m,1788135360000,29350.0,29363.5,29344.75,29362.5,2956.0,
431745,MNQ,1m,1788135420000,29362.25,29367.75,29352.25,29359.75,2572.0,
431746,MNQ,1m,1788135480000,29360.0,29363.5,29355.0,29359.25,1177.0,
431747,MNQ,1m,1788135540000,29360.0,29362.75,29340.0,29345.0,1905.0,
431748,MNQ,1m,1788135600000,29344.25,29368.0,29341.25,29368.0,2198.0,
431749,MNQ,1m,1788135660000,29368.25,29372.25,29365.25,29372.0,1452.0,
431750,MNQ,1m,1788135720000,29372.5,29374.75,29367.0,29373.75,1352.0,
431751,MNQ,1m,1788135780000,29373.25,29374.25,29368.75,29372.25,741.0,
431752,MNQ,1m,1788135840000,29372.5,29376.25,29367.25,29375.0,874.0,
431753,MNQ,1m,1788135900000,29375.25,29375.5,29365.0,29372.75,1044.0,
431754,MNQ,1m,1788135960000,29373.25,29373.25,29353.25,29366.25,1886.0,
431755,MNQ,1m,1788136020000,29366.5,29373.75,29365.0,29370.25,1110.0,
431756,MNQ,1m,1788136080000,29370.25,29376.25,29363.25,29375.0,938.0,
431757,MNQ,1m,1788136140000,29375.0,29377.75,29370.5,29370.5,1054.0,
431758,MNQ,1m,1788136200000,29370.75,29380.75,29367.0,29377.75,1608.0,
431759,MNQ,1m,1788136260000,29378.25,29386.25,29373.75,29378.75,2029.0,
431760,MNQ,1m,1788136320000,29379.0,29398.0,29378.25,29390.75,2926.0,
431761,MNQ,1m,1788136380000,29391.0,29398.25,29389.0,29395.0,1536.0,
431762,MNQ,1m,1788136440000,29395.0,29396.0,29388.0,29391.0,880.0,
431763,MNQ,1m,1788136500000,29391.5,29397.75,29390.5,29397.5,1293.0,
431764,MNQ,1m,1788136560000,29397.5,29399.0,29391.0,29393.25,1018.0,
431765,MNQ,1m,1788136620000,29393.25,29398.5,29392.25,29397.0,780.0,
431766,MNQ,1m,1788136680000,29397.0,29398.5,29388.0,29392.75,929.0,
431767,MNQ,1m,1788136740000,29393.0,29396.25,29387.5,29394.5,717.0,
431768,MNQ,1m,1788136800000,29394.5,29394.5,29378.75,29385.25,1602.0,
431769,MNQ,1m,1788136860000,29384.75,29392.0,29382.5,29388.75,888.0,
431770,MNQ,1m,1788136920000,29387.75,29399.0,29384.25,29396.75,1140.0,
431771,MNQ,1m,1788136980000,29397.0,29398.0,29386.75,29389.25,937.0,
431772,MNQ,1m,1788137040000,29389.0,29391.25,29383.5,29389.25,726.0,
431773,MNQ,1m,1788137100000,29389.75,29391.75,29374.25,29379.25,1706.0,
431774,MNQ,1m,1788137160000,29378.25,29384.75,29374.75,29374.75,1193.0,
431775,MNQ,1m,1788137220000,29375.25,29379.0,29368.0,29378.0,1624.0,
431776,MNQ,1m,1788137280000,29378.0,29378.75,29370.75,29371.75,686.0,
431777,MNQ,1m,1788137340000,29371.75,29376.25,29370.25,29372.5,553.0,
431778,MNQ,1m,1788137400000,29372.0,29378.25,29368.5,29375.75,943.0,
431779,MNQ,1m,1788137460000,29375.0,29381.25,29371.0,29379.5,1172.0,
431780,MNQ,1m,1788137520000,29379.25,29389.5,29371.5,29389.25,1605.0,
431781,MNQ,1m,1788137580000,29389.75,29394.0,29380.75,29384.0,1533.0,
431782,MNQ,1m,1788137640000,29384.0,29387.75,29375.75,29385.0,950.0,
431783,MNQ,1m,1788137700000,29384.75,29386.75,29370.25,29371.0,993.0,
431784,MNQ,1m,1788137760000,29370.5,29370.75,29351.0,29353.0,2870.0,
431785,MNQ,1m,1788137820000,29353.25,29359.75,29350.0,29355.75,1374.0,
431786,MNQ,1m,1788137880000,29355.5,29358.5,29350.5,29352.75,998.0,
431787,MNQ,1m,1788137940000,29352.75,29362.25,29351.25,29357.75,1608.0,
431788,MNQ,1m,1788138000000,29357.5,29358.75,29316.0,29321.75,5038.0,
431789,MNQ,1m,1788138060000,29321.5,29324.0,29304.5,29322.25,3396.0,
431790,MNQ,1m,1788138120000,29322.75,29335.0,29311.75,29332.5,2632.0,
431791,MNQ,1m,1788138180000,29332.5,29347.75,29322.75,29340.25,2814.0,
431792,MNQ,1m,1788138240000,29340.5,29347.25,29332.25,29345.0,1599.0,
431793,MNQ,1m,1788138300000,29345.5,29345.5,29322.5,29326.5,1934.0,
431794,MNQ,1m,1788138360000,29326.25,29340.25,29314.75,29339.0,2187.0,
431795,MNQ,1m,1788138420000,29338.75,29339.5,29317.5,29330.25,1512.0,
431796,MNQ,1m,1788138480000,29330.0,29331.0,29322.0,29323.75,1151.0,
431797,MNQ,1m,1788138540000,29323.75,29325.25,29308.25,29315.25,1634.0,
431798,MNQ,1m,1788138600000,29315.25,29318.25,29296.5,29297.75,2243.0,
431799,MNQ,1m,1788138660000,29297.75,29304.5,29292.25,29299.25,2014.0,
431800,MNQ,1m,1788138720000,29298.5,29313.0,29292.5,29305.75,1805.0,
431801,MNQ,1m,1788138780000,29305.25,29315.0,29297.5,29310.75,1578.0,
431802,MNQ,1m,1788138840000,29311.0,29330.25,29307.0,29323.0,1910.0,
431803,MNQ,1m,1788138900000,29323.5,29328.0,29308.0,29309.25,1989.0,
431804,MNQ,1m,1788138960000,29308.75,29324.0,29308.75,29319.5,1614.0,
431805,MNQ,1m,1788139020000,29320.0,29332.5,29312.75,29315.5,2276.0,
431806,MNQ,1m,1788139080000,29315.5,29321.5,29304.5,29319.25,2105.0,
431807,MNQ,1m,1788139140000,29319.5,29335.75,29315.75,29329.5,1772.0,
431808,MNQ,1m,1788139200000,29329.75,29339.75,29320.5,29324.5,2027.0,
431809,MNQ,1m,1788139260000,29325.5,29327.25,29303.0,29316.0,2444.0,
431810,MNQ,1m,1788139320000,29315.5,29324.75,29309.75,29323.75,1163.0,
431811,MNQ,1m,1788139380000,29323.75,29334.75,29305.0,29305.5,1971.0,
431812,MNQ,1m,1788139440000,29304.75,29328.75,29303.75,29326.0,1611.0,
431813,MNQ,1m,1788139500000,29325.25,29326.25,29308.5,29319.75,1185.0,
431814,MNQ,1m,1788139560000,29319.75,29329.75,29316.0,29319.75,1134.0,
431815,MNQ,1m,1788139620000,29319.0,29333.25,29317.0,29333.0,1189.0,
431816,MNQ,1m,1788139680000,29333.5,29336.75,29327.5,29332.25,1053.0,
431817,MNQ,1m,1788139740000,29333.0,29340.0,29326.0,29330.75,1217.0,
431818,MNQ,1m,1788139800000,29330.0,29336.75,29323.75,29330.0,1123.0,
431819,MNQ,1m,1788139860000,29329.75,29337.0,29327.25,29329.75,791.0,
431820,MNQ,1m,1788139920000,29329.5,29336.5,29325.0,29331.0,941.0,
431821,MNQ,1m,1788139980000,29331.25,29334.25,29315.75,29318.5,1471.0,
431822,MNQ,1m,1788140040000,29316.25,29320.0,29309.0,29312.5,1512.0,
431823,MNQ,1m,1788140100000,29312.5,29320.75,29308.75,29311.0,1050.0,
431824,MNQ,1m,1788140160000,29310.75,29317.5,29306.5,29310.75,993.0,
431825,MNQ,1m,1788140220000,29310.5,29325.75,29307.5,29324.5,1196.0,
431826,MNQ,1m,1788140280000,29324.0,29330.25,29308.0,29313.0,1490.0,
431827,MNQ,1m,1788140340000,29314.0,29332.75,29314.0,29328.5,1273.0,
431828,MNQ,1m,1788140400000,29327.0,29333.75,29326.25,29331.75,838.0,
431829,MNQ,1m,1788140460000,29332.25,29333.5,29316.5,29325.5,979.0,
431830,MNQ,1m,1788140520000,29325.75,29334.25,29324.5,29330.75,664.0,
431831,MNQ,1m,1788140580000,29331.5,29338.0,29327.0,29332.5,987.0,
431832,MNQ,1m,1788140640000,29331.75,29332.25,29311.0,29313.25,1217.0,
431833,MNQ,1m,1788140700000,29313.5,29328.75,29305.25,29327.5,1775.0,
431834,MNQ,1m,1788140760000,29328.25,29329.5,29307.5,29309.25,1044.0,
431835,MNQ,1m,1788140820000,29308.25,29315.25,29302.5,29310.25,1371.0,
431836,MNQ,1m,1788140880000,29311.5,29313.75,29304.0,29311.25,902.0,
431837,MNQ,1m,1788140940000,29311.25,29317.75,29306.0,29313.5,880.0,
431838,MNQ,1m,1788141000000,29313.25,29315.75,29306.5,29307.5,810.0,
431839,MNQ,1m,1788141060000,29306.75,29315.25,29303.5,29307.5,1108.0,
431840,MNQ,1m,1788141120000,29307.5,29322.0,29303.5,29314.0,1244.0,
431841,MNQ,1m,1788141180000,29313.5,29318.0,29301.75,29317.5,1186.0,
431842,MNQ,1m,1788141240000,29317.25,29318.0,29303.75,29309.25,911.0,
431843,MNQ,1m,1788141300000,29309.0,29320.25,29306.5,29314.0,722.0,
431844,MNQ,1m,1788141360000,29313.5,29322.25,29312.0,29317.75,891.0,
431845,MNQ,1m,1788141420000,29317.0,29321.25,29308.75,29318.5,875.0,
431846,MNQ,1m,1788141480000,29317.5,29319.0,29312.0,29314.75,463.0,
431847,MNQ,1m,1788141540000,29314.0,29328.75,29305.75,29324.0,1463.0,
431848,MNQ,1m,1788141600000,29324.25,29327.25,29309.25,29317.25,1468.0,
431849,MNQ,1m,1788141660000,29317.75,29331.25,29315.75,29325.0,1280.0,
431850,MNQ,1m,1788141720000,29325.0,29334.25,29320.25,29325.5,1062.0,
431851,MNQ,1m,1788141780000,29325.5,29329.5,29311.25,29326.25,1182.0,
431852,MNQ,1m,1788141840000,29326.75,29336.25,29322.5,29336.25,1105.0,
431853,MNQ,1m,1788141900000,29336.25,29344.25,29332.5,29343.0,1705.0,
431854,MNQ,1m,1788141960000,29343.0,29350.0,29341.75,29348.0,1531.0,
431855,MNQ,1m,1788142020000,29348.25,29349.5,29335.75,29341.0,1005.0,
431856,MNQ,1m,1788142080000,29341.75,29355.0,29336.5,29354.5,1115.0,
431857,MNQ,1m,1788142140000,29354.0,29359.0,29352.25,29353.5,1153.0,
431858,MNQ,1m,1788142200000,29353.5,29363.0,29350.75,29352.25,1231.0,
431859,MNQ,1m,1788142260000,29352.25,29357.25,29347.25,29350.75,867.0,
431860,MNQ,1m,1788142320000,29350.75,29353.0,29338.5,29350.0,1252.0,
431861,MNQ,1m,1788142380000,29350.0,29361.75,29349.25,29361.25,948.0,
431862,MNQ,1m,1788142440000,29361.75,29362.5,29355.75,29356.5,710.0,
431863,MNQ,1m,1788142500000,29356.75,29358.0,29344.0,29348.0,888.0,
431864,MNQ,1m,1788142560000,29348.5,29354.5,29344.25,29353.25,751.0,
431865,MNQ,1m,1788142620000,29353.75,29354.5,29345.5,29347.25,477.0,
431866,MNQ,1m,1788142680000,29346.5,29347.0,29321.0,29325.5,2047.0,
431867,MNQ,1m,1788142740000,29324.75,29341.5,29315.0,29341.0,3363.0,
431868,MNQ,1m,1788142800000,29341.0,29341.25,29324.75,29330.25,1683.0,
431869,MNQ,1m,1788142860000,29330.0,29333.75,29326.0,29327.25,690.0,
431870,MNQ,1m,1788142920000,29327.0,29333.5,29323.25,29326.5,977.0,
431871,MNQ,1m,1788142980000,29326.0,29327.25,29321.0,29323.75,605.0,
431872,MNQ,1m,1788143040000,29323.25,29337.0,29321.0,29323.75,1133.0,
431873,MNQ,1m,1788143100000,29324.0,29325.5,29310.0,29310.5,1458.0,
431874,MNQ,1m,1788143160000,29310.5,29312.5,29304.0,29311.0,1445.0,
431875,MNQ,1m,1788143220000,29310.5,29329.0,29308.75,29327.75,1355.0,
431876,MNQ,1m,1788143280000,29328.25,29336.5,29327.0,29333.5,1429.0,
431877,MNQ,1m,1788143340000,29334.25,29336.5,29326.5,29327.0,770.0,
431878,MNQ,1m,1788143400000,29327.5,29330.75,29320.5,29325.75,1155.0,
431879,MNQ,1m,1788143460000,29326.0,29335.25,29315.5,29319.25,1104.0,
431880,MNQ,1m,1788143520000,29319.25,29322.25,29309.5,29313.5,1256.0,
431881,MNQ,1m,1788143580000,29313.75,29320.0,29309.5,29311.5,767.0,
431882,MNQ,1m,1788143640000,29311.25,29312.75,29297.25,29300.25,1913.0,
431883,MNQ,1m,1788143700000,29299.75,29300.25,29288.5,29292.25,1717.0,
431884,MNQ,1m,1788143760000,29292.25,29302.0,29291.0,29297.5,1313.0,
431885,MNQ,1m,1788143820000,29297.0,29307.75,29297.0,29302.5,1376.0,
431886,MNQ,1m,1788143880000,29302.5,29305.25,29292.25,29298.0,1050.0,
431887,MNQ,1m,1788143940000,29298.5,29300.5,29293.5,29294.75,928.0,
431888,MNQ,1m,1788144000000,29295.0,29296.0,29287.0,29288.0,1254.0,
431889,MNQ,1m,1788144060000,29288.0,29293.5,29286.5,29289.25,604.0,
431890,MNQ,1m,1788144120000,29288.5,29294.0,29287.5,29293.5,484.0,
431891,MNQ,1m,1788144180000,29293.25,29301.5,29291.75,29298.75,847.0,
431892,MNQ,1m,1788144240000,29298.25,29300.0,29290.75,29296.0,912.0,
431893,MNQ,1m,1788144300000,29296.25,29315.0,29296.0,29311.5,1632.0,
431894,MNQ,1m,1788144360000,29311.75,29320.5,29311.0,29320.0,925.0,
431895,MNQ,1m,1788144420000,29319.75,29326.25,29318.5,29324.5,1126.0,
431896,MNQ,1m,1788144480000,29324.25,29325.75,29306.5,29307.5,1211.0,
431897,MNQ,1m,1788144540000,29307.0,29310.75,29290.0,29297.0,2000.0,
431898,MNQ,1m,1788144600000,29297.0,29308.25,29297.0,29301.5,1132.0,
431899,MNQ,1m,1788144660000,29301.75,29302.25,29295.0,29298.5,804.0,
431900,MNQ,1m,1788144720000,29298.5,29300.75,29291.75,29296.0,615.0,
431901,MNQ,1m,1788144780000,29296.75,29309.0,29293.5,29308.0,714.0,
431902,MNQ,1m,1788144840000,29308.5,29321.5,29303.0,29317.5,1069.0,
431903,MNQ,1m,1788144900000,29317.25,29320.0,29315.5,29318.25,488.0,
431904,MNQ,1m,1788144960000,29318.25,29323.5,29316.25,29321.75,544.0,
431905,MNQ,1m,1788145020000,29322.5,29333.75,29322.5,29332.75,1267.0,
431906,MNQ,1m,1788145080000,29333.25,29339.5,29331.75,29335.75,983.0,
431907,MNQ,1m,1788145140000,29336.25,29347.0,29334.75,29344.25,1141.0,
431908,MNQ,1m,1788145200000,29345.0,29350.0,29336.75,29338.5,1475.0,
431909,MNQ,1m,1788145260000,29338.75,29348.25,29338.25,29346.25,618.0,
431910,MNQ,1m,1788145320000,29346.75,29357.0,29345.25,29353.75,1189.0,
431911,MNQ,1m,1788145380000,29354.25,29358.25,29352.25,29357.75,809.0,
431912,MNQ,1m,1788145440000,29357.25,29358.75,29349.75,29350.0,700.0,
431913,MNQ,1m,1788145500000,29350.75,29356.75,29345.75,29348.25,987.0,
431914,MNQ,1m,1788145560000,29348.75,29352.0,29347.0,29351.25,416.0,
431915,MNQ,1m,1788145620000,29351.25,29352.75,29346.5,29351.5,311.0,
431916,MNQ,1m,1788145680000,29351.75,29356.0,29349.25,29355.0,414.0,
431917,MNQ,1m,1788145740000,29355.25,29363.0,29351.5,29361.0,950.0,
431918,MNQ,1m,1788145800000,29361.5,29368.25,29353.0,29361.0,1354.0,
431919,MNQ,1m,1788145860000,29361.0,29367.5,29359.5,29361.0,719.0,
431920,MNQ,1m,1788145920000,29361.5,29362.75,29358.0,29359.25,604.0,
431921,MNQ,1m,1788145980000,29359.25,29363.0,29357.0,29362.25,456.0,
431922,MNQ,1m,1788146040000,29362.0,29363.25,29355.25,29355.75,548.0,
431923,MNQ,1m,1788146100000,29355.75,29356.25,29347.5,29351.0,1032.0,
431924,MNQ,1m,1788146160000,29351.0,29355.5,29350.25,29354.75,605.0,
431925,MNQ,1m,1788146220000,29355.25,29358.0,29350.25,29352.5,484.0,
431926,MNQ,1m,1788146280000,29352.75,29354.0,29350.5,29351.25,359.0,
431927,MNQ,1m,1788146340000,29351.5,29353.25,29346.0,29348.0,519.0,
431928,MNQ,1m,1788146400000,29348.25,29351.25,29345.75,29348.0,471.0,
431929,MNQ,1m,1788146460000,29348.5,29353.5,29347.75,29349.5,301.0,
431930,MNQ,1m,1788146520000,29350.5,29356.25,29348.25,29353.0,713.0,
431931,MNQ,1m,1788146580000,29353.25,29355.75,29349.0,29352.75,419.0,
431932,MNQ,1m,1788146640000,29352.5,29354.75,29349.75,29353.75,286.0,
431933,MNQ,1m,1788146700000,29354.5,29358.75,29352.25,29357.0,833.0,
431934,MNQ,1m,1788146760000,29357.0,29358.25,29352.75,29356.25,337.0,
431935,MNQ,1m,1788146820000,29355.75,29358.0,29346.75,29348.75,594.0,
431936,MNQ,1m,1788146880000,29348.25,29350.0,29344.25,29346.25,711.0,
431937,MNQ,1m,1788146940000,29347.0,29347.0,29342.5,29344.25,387.0,
431938,MNQ,1m,1788147000000,29344.25,29346.5,29341.25,29343.0,566.0,
431939,MNQ,1m,1788147060000,29342.25,29348.0,29339.75,29348.0,654.0,
431940,MNQ,1m,1788147120000,29347.5,29348.25,29342.75,29345.75,544.0,
431941,MNQ,1m,1788147180000,29345.75,29350.75,29343.25,29349.5,482.0,
431942,MNQ,1m,1788147240000,29349.75,29350.25,29343.75,29345.5,377.0,
431943,MNQ,1m,1788147300000,29346.5,29351.5,29346.25,29348.0,399.0,
431944,MNQ,1m,1788147360000,29348.5,29348.75,29337.75,29345.75,810.0,
431945,MNQ,1m,1788147420000,29346.0,29350.5,29345.0,29349.5,376.0,
431946,MNQ,1m,1788147480000,29348.25,29351.25,29346.0,29348.0,197.0,
431947,MNQ,1m,1788147540000,29347.5,29347.75,29341.25,29342.5,320.0,
431948,MNQ,1m,1788147600000,29342.25,29347.0,29339.5,29342.5,546.0,
431949,MNQ,1m,1788147660000,29342.25,29346.25,29339.5,29345.5,252.0,
431950,MNQ,1m,1788147720000,29346.25,29348.25,29341.5,29343.5,297.0,
431951,MNQ,1m,1788147780000,29344.75,29350.0,29343.5,29345.0,339.0,
431952,MNQ,1m,1788147840000,29345.75,29349.25,29344.5,29346.0,238.0,
431953,MNQ,1m,1788147900000,29346.0,29347.0,29340.0,29341.5,333.0,
431954,MNQ,1m,1788147960000,29341.25,29344.0,29338.75,29342.0,356.0,
431955,MNQ,1m,1788148020000,29342.25,29345.5,29339.5,29342.25,204.0,
431956,MNQ,1m,1788148080000,29342.5,29345.75,29340.5,29343.25,173.0,
431957,MNQ,1m,1788148140000,29344.0,29349.0,29343.5,29345.0,373.0,
431958,MNQ,1m,1788148200000,29345.0,29349.0,29344.5,29348.25,287.0,
431959,MNQ,1m,1788148260000,29347.75,29348.25,29345.0,29347.25,187.0,
431960,MNQ,1m,1788148320000,29347.5,29348.0,29343.0,29344.0,272.0,
431961,MNQ,1m,1788148380000,29344.0,29344.0,29339.0,29341.0,234.0,
431962,MNQ,1m,1788148440000,29341.25,29347.5,29340.75,29346.0,213.0,
431963,MNQ,1m,1788148500000,29346.0,29350.75,29345.75,29347.0,399.0,
431964,MNQ,1m,1788148560000,29347.0,29354.5,29346.0,29348.5,504.0,
431965,MNQ,1m,1788148620000,29349.25,29350.5,29346.25,29349.75,251.0,
431966,MNQ,1m,1788148680000,29349.0,29350.75,29348.75,29348.75,164.0,
431967,MNQ,1m,1788148740000,29349.75,29353.0,29348.25,29351.5,167.0,
431968,MNQ,1m,1788148800000,29352.5,29356.0,29348.25,29349.25,557.0,
431969,MNQ,1m,1788148860000,29349.0,29350.75,29343.25,29348.75,498.0,
431970,MNQ,1m,1788148920000,29349.0,29350.5,29345.5,29348.75,198.0,
431971,MNQ,1m,1788148980000,29349.25,29353.5,29348.25,29351.75,270.0,
431972,MNQ,1m,1788149040000,29352.25,29352.75,29344.5,29348.25,334.0,
431973,MNQ,1m,1788149100000,29346.75,29349.25,29341.0,29347.25,461.0,
431974,MNQ,1m,1788149160000,29347.0,29349.0,29346.5,29347.5,126.0,
431975,MNQ,1m,1788149220000,29347.75,29351.0,29347.0,29350.0,167.0,
431976,MNQ,1m,1788149280000,29350.0,29351.5,29347.75,29349.0,152.0,
431977,MNQ,1m,1788149340000,29348.5,29350.5,29348.0,29350.5,115.0,
431978,MNQ,1m,1788149400000,29350.0,29351.25,29347.75,29349.25,161.0,
431979,MNQ,1m,1788149460000,29349.5,29349.5,29344.25,29346.75,137.0,
431980,MNQ,1m,1788149520000,29346.5,29346.5,29342.0,29344.5,335.0,
431981,MNQ,1m,1788149580000,29344.25,29350.75,29343.0,29350.75,295.0,
431982,MNQ,1m,1788149640000,29350.25,29355.0,29348.5,29354.0,468.0,
431983,MNQ,1m,1788149700000,29354.75,29354.75,29342.5,29346.0,604.0,
431984,MNQ,1m,1788149760000,29346.0,29351.25,29345.75,29351.25,319.0,
431985,MNQ,1m,1788149820000,29351.25,29353.5,29349.75,29351.75,334.0,
431986,MNQ,1m,1788149880000,29351.5,29354.25,29350.0,29351.0,258.0,
431987,MNQ,1m,1788149940000,29352.0,29360.0,29350.75,29351.5,622.0,
431988,MNQ,1m,1788150000000,29352.5,29354.5,29351.5,29351.75,360.0,
431989,MNQ,1m,1788150060000,29351.75,29353.25,29349.0,29349.0,296.0,
431990,MNQ,1m,1788150120000,29349.0,29350.25,29347.25,29348.75,231.0,
431991,MNQ,1m,1788150180000,29348.75,29349.75,29346.0,29346.0,143.0,
431992,MNQ,1m,1788150240000,29346.5,29350.5,29343.5,29349.25,384.0,
431993,MNQ,1m,1788150300000,29350.0,29351.0,29346.75,29350.25,240.0,
431994,MNQ,1m,1788150360000,29350.0,29354.0,29345.0,29352.75,224.0,
431995,MNQ,1m,1788150420000,29353.25,29353.75,29347.0,29347.25,176.0,
431996,MNQ,1m,1788150480000,29347.25,29349.75,29346.25,29349.5,116.0,
431997,MNQ,1m,1788150540000,29349.25,29351.0,29346.75,29346.75,96.0,
431998,MNQ,1m,1788150600000,29347.5,29351.25,29346.75,29349.25,221.0,
431999,MNQ,1m,1788150660000,29349.25,29349.75,29340.25,29341.25,497.0,
432000,MNQ,1m,1788150720000,29341.5,29344.5,29329.5,29341.25,1448.0,
432001,MNQ,1m,1788150780000,29341.0,29342.25,29332.5,29337.25,721.0,
432002,MNQ,1m,1788150840000,29336.75,29339.5,29336.0,29338.25,307.0,
432003,MNQ,1m,1788150900000,29338.75,29349.25,29335.25,29349.0,800.0,
432004,MNQ,1m,1788150960000,29349.25,29363.75,29348.75,29362.0,1775.0,
432005,MNQ,1m,1788151020000,29361.75,29382.5,29361.0,29377.5,2264.0,
432006,MNQ,1m,1788151080000,29377.0,29380.25,29367.0,29379.0,1054.0,
432007,MNQ,1m,1788151140000,29379.5,29383.75,29374.25,29381.5,816.0,
432008,MNQ,1m,1788151200000,29381.25,29384.75,29372.0,29373.0,998.0,
432009,MNQ,1m,1788151260000,29372.75,29380.0,29371.0,29379.75,694.0,
432010,MNQ,1m,1788151320000,29380.0,29381.5,29370.75,29373.25,435.0,
432011,MNQ,1m,1788151380000,29372.75,29375.25,29369.5,29374.25,365.0,
432012,MNQ,1m,1788151440000,29374.0,29383.75,29373.25,29382.0,535.0,
432013,MNQ,1m,1788151500000,29382.0,29382.0,29376.75,29377.75,415.0,
432014,MNQ,1m,1788151560000,29377.5,29380.75,29376.0,29379.0,303.0,
432015,MNQ,1m,1788151620000,29379.0,29382.25,29378.0,29378.5,193.0,
432016,MNQ,1m,1788151680000,29378.5,29378.5,29362.0,29369.5,1317.0,
432017,MNQ,1m,1788151740000,29369.0,29371.5,29367.25,29368.75,445.0,
432018,MNQ,1m,1788151800000,29368.75,29376.25,29368.25,29375.25,659.0,
432019,MNQ,1m,1788151860000,29375.25,29382.75,29374.5,29381.25,520.0,
432020,MNQ,1m,1788151920000,29381.5,29385.5,29379.5,29383.0,507.0,
432021,MNQ,1m,1788151980000,29382.75,29395.5,29382.25,29393.75,1491.0,
432022,MNQ,1m,1788152040000,29393.75,29396.75,29392.25,29395.0,534.0,
432023,MNQ,1m,1788152100000,29395.0,29398.25,29393.75,29396.75,554.0,
432024,MNQ,1m,1788152160000,29397.0,29408.25,29395.25,29408.0,1367.0,
432025,MNQ,1m,1788152220000,29408.0,29421.75,29405.75,29418.5,1914.0,
432026,MNQ,1m,1788152280000,29419.25,29423.75,29415.75,29421.5,1151.0,
432027,MNQ,1m,1788152340000,29421.75,29421.75,29414.0,29416.0,794.0,
432028,MNQ,1m,1788152400000,29415.5,29419.25,29407.0,29414.75,1065.0,
432029,MNQ,1m,1788152460000,29414.75,29428.75,29414.75,29423.75,1342.0,
432030,MNQ,1m,1788152520000,29423.25,29427.0,29420.75,29422.0,569.0,
432031,MNQ,1m,1788152580000,29422.75,29427.5,29422.75,29424.0,403.0,
432032,MNQ,1m,1788152640000,29423.5,29430.5,29422.5,29426.25,580.0,
432033,MNQ,1m,1788152700000,29426.5,29438.0,29425.25,29426.75,1123.0,
432034,MNQ,1m,1788152760000,29426.0,29429.25,29419.5,29429.25,1010.0,
432035,MNQ,1m,1788152820000,29429.25,29430.25,29424.25,29424.25,430.0,
432036,MNQ,1m,1788152880000,29424.5,29429.0,29422.25,29426.25,271.0,
432037,MNQ,1m,1788152940000,29426.5,29426.75,29418.0,29419.5,722.0,
432038,MNQ,1m,1788153000000,29420.25,29421.75,29416.75,29421.25,601.0,
432039,MNQ,1m,1788153060000,29421.25,29423.75,29419.0,29423.25,276.0,
432040,MNQ,1m,1788153120000,29423.75,29429.5,29422.5,29429.5,465.0,
432041,MNQ,1m,1788153180000,29429.75,29436.0,29428.0,29435.25,506.0,
432042,MNQ,1m,1788153240000,29435.0,29445.0,29432.75,29443.0,1290.0,
432043,MNQ,1m,1788153300000,29443.5,29449.25,29441.75,29446.0,1045.0,
432044,MNQ,1m,1788153360000,29445.5,29447.25,29442.5,29445.0,512.0,
432045,MNQ,1m,1788153420000,29445.0,29458.0,29444.75,29454.75,1516.0,
432046,MNQ,1m,1788153480000,29455.0,29475.0,29454.75,29472.25,2029.0,
432047,MNQ,1m,1788153540000,29473.0,29477.0,29470.5,29471.75,1177.0,
432048,MNQ,1m,1788153600000,29472.0,29472.5,29458.75,29462.25,1141.0,
432049,MNQ,1m,1788153660000,29462.0,29464.75,29456.0,29462.0,733.0,
432050,MNQ,1m,1788153720000,29462.0,29465.0,29459.5,29461.75,356.0,
432051,MNQ,1m,1788153780000,29461.25,29463.0,29457.25,29463.0,543.0,
432052,MNQ,1m,1788153840000,29463.0,29468.75,29461.0,29467.5,472.0,
432053,MNQ,1m,1788153900000,29466.75,29477.25,29463.75,29476.25,747.0,
432054,MNQ,1m,1788153960000,29476.25,29477.25,29471.0,29471.75,539.0,
432055,MNQ,1m,1788154020000,29472.25,29477.25,29468.75,29473.5,596.0,
432056,MNQ,1m,1788154080000,29473.75,29477.0,29471.25,29472.25,411.0,
432057,MNQ,1m,1788154140000,29471.75,29474.0,29466.75,29470.5,538.0,
432058,MNQ,1m,1788154200000,29470.0,29474.5,29464.5,29472.5,1224.0,
432059,MNQ,1m,1788154260000,29472.25,29472.25,29458.75,29463.75,980.0,
432060,MNQ,1m,1788154320000,29464.0,29466.25,29446.75,29450.25,1207.0,
432061,MNQ,1m,1788154380000,29450.75,29453.25,29444.0,29445.0,1135.0,
432062,MNQ,1m,1788154440000,29445.25,29458.5,29443.5,29451.25,848.0,
432063,MNQ,1m,1788154500000,29451.0,29451.75,29446.25,29448.75,540.0,
432064,MNQ,1m,1788154560000,29448.75,29452.0,29438.25,29440.75,941.0,
432065,MNQ,1m,1788154620000,29441.0,29446.0,29439.5,29443.0,618.0,
432066,MNQ,1m,1788154680000,29443.5,29448.0,29439.0,29443.0,485.0,
432067,MNQ,1m,1788154740000,29442.0,29443.75,29439.0,29442.25,330.0,
432068,MNQ,1m,1788154800000,29441.75,29443.75,29428.25,29430.25,1298.0,
432069,MNQ,1m,1788154860000,29430.5,29432.5,29426.5,29431.0,886.0,
432070,MNQ,1m,1788154920000,29431.25,29451.0,29431.0,29449.75,1439.0,
432071,MNQ,1m,1788154980000,29449.75,29456.25,29441.25,29442.0,1284.0,
432072,MNQ,1m,1788155040000,29441.75,29446.75,29438.5,29442.0,633.0,
432073,MNQ,1m,1788155100000,29442.0,29452.25,29439.75,29445.5,859.0,
432074,MNQ,1m,1788155160000,29445.75,29446.0,29437.0,29439.25,729.0,
432075,MNQ,1m,1788155220000,29438.0,29442.75,29437.25,29441.5,408.0,
432076,MNQ,1m,1788155280000,29441.0,29446.0,29438.75,29440.0,455.0,
432077,MNQ,1m,1788155340000,29439.0,29440.5,29436.25,29439.25,329.0,
432078,MNQ,1m,1788155400000,29439.5,29441.0,29432.0,29437.5,620.0,
432079,MNQ,1m,1788155460000,29437.5,29442.75,29435.25,29436.75,568.0,
432080,MNQ,1m,1788155520000,29436.5,29443.0,29434.5,29441.0,383.0,
432081,MNQ,1m,1788155580000,29441.0,29443.25,29436.75,29440.0,351.0,
432082,MNQ,1m,1788155640000,29440.5,29448.0,29440.25,29447.25,644.0,
432083,MNQ,1m,1788155700000,29447.5,29450.75,29444.5,29447.75,803.0,
432084,MNQ,1m,1788155760000,29447.5,29452.25,29444.25,29451.0,471.0,
432085,MNQ,1m,1788155820000,29450.5,29452.75,29446.25,29452.75,388.0,
432086,MNQ,1m,1788155880000,29453.0,29456.75,29452.25,29456.0,709.0,
432087,MNQ,1m,1788155940000,29455.75,29462.75,29452.5,29461.25,1136.0,
432088,MNQ,1m,1788156000000,29461.25,29465.5,29457.75,29461.75,1280.0,
432089,MNQ,1m,1788156060000,29460.75,29461.75,29449.0,29457.25,895.0,
432090,MNQ,1m,1788156120000,29457.25,29458.75,29451.75,29455.25,568.0,
432091,MNQ,1m,1788156180000,29454.25,29458.25,29449.5,29454.5,479.0,
432092,MNQ,1m,1788156240000,29454.5,29468.75,29452.5,29467.75,825.0,
432093,MNQ,1m,1788156300000,29467.5,29475.75,29466.5,29475.0,1195.0,
432094,MNQ,1m,1788156360000,29475.0,29488.0,29470.25,29471.0,2226.0,
432095,MNQ,1m,1788156420000,29470.25,29480.75,29469.75,29480.75,643.0,
432096,MNQ,1m,1788156480000,29480.0,29481.5,29475.5,29479.25,610.0,
432097,MNQ,1m,1788156540000,29478.75,29489.25,29477.5,29486.0,788.0,
432098,MNQ,1m,1788156600000,29485.75,29489.25,29485.25,29488.25,489.0,
432099,MNQ,1m,1788156660000,29488.0,29492.25,29486.5,29489.0,924.0,
432100,MNQ,1m,1788156720000,29488.75,29492.0,29485.5,29489.0,580.0,
432101,MNQ,1m,1788156780000,29489.25,29495.0,29488.75,29494.0,663.0,
432102,MNQ,1m,1788156840000,29494.5,29503.5,29494.0,29500.5,1785.0,
432103,MNQ,1m,1788156900000,29500.75,29510.5,29500.25,29508.75,1049.0,
432104,MNQ,1m,1788156960000,29509.0,29514.75,29507.0,29512.0,1226.0,
432105,MNQ,1m,1788157020000,29511.75,29514.0,29510.0,29511.25,480.0,
432106,MNQ,1m,1788157080000,29511.5,29513.25,29508.25,29510.5,564.0,
432107,MNQ,1m,1788157140000,29510.5,29514.75,29508.75,29512.0,540.0,
432108,MNQ,1m,1788157200000,29511.25,29516.0,29504.25,29513.0,1337.0,
432109,MNQ,1m,1788157260000,29513.0,29517.75,29511.0,29515.0,635.0,
432110,MNQ,1m,1788157320000,29514.75,29518.25,29511.25,29513.0,464.0,
432111,MNQ,1m,1788157380000,29513.25,29515.0,29508.0,29510.0,347.0,
432112,MNQ,1m,1788157440000,29510.0,29515.0,29508.25,29514.0,463.0,
432113,MNQ,1m,1788157500000,29514.0,29514.0,29505.75,29508.0,628.0,
432114,MNQ,1m,1788157560000,29508.25,29513.25,29508.25,29511.25,358.0,
432115,MNQ,1m,1788157620000,29510.75,29511.75,29501.0,29504.25,880.0,
432116,MNQ,1m,1788157680000,29504.75,29507.75,29502.25,29505.5,511.0,
432117,MNQ,1m,1788157740000,29505.5,29513.5,29505.0,29513.0,490.0,
432118,MNQ,1m,1788157800000,29513.0,29514.75,29498.5,29512.0,1583.0,
432119,MNQ,1m,1788157860000,29512.0,29512.0,29499.25,29500.5,473.0,
432120,MNQ,1m,1788157920000,29500.0,29503.25,29498.5,29500.0,799.0,
432121,MNQ,1m,1788157980000,29500.5,29503.75,29496.75,29500.0,654.0,
432122,MNQ,1m,1788158040000,29500.0,29502.0,29495.5,29500.25,539.0,
432123,MNQ,1m,1788158100000,29500.25,29503.0,29498.75,29502.0,666.0,
432124,MNQ,1m,1788158160000,29502.5,29505.75,29501.0,29503.75,693.0,
432125,MNQ,1m,1788158220000,29503.75,29515.0,29501.75,29513.0,577.0,
432126,MNQ,1m,1788158280000,29512.25,29520.0,29511.5,29514.5,956.0,
432127,MNQ,1m,1788158340000,29514.0,29518.75,29513.0,29518.0,410.0,
432128,MNQ,1m,1788158400000,29517.75,29517.75,29508.25,29511.0,616.0,
432129,MNQ,1m,1788158460000,29511.0,29514.75,29509.25,29511.25,401.0,
432130,MNQ,1m,1788158520000,29511.0,29512.25,29506.75,29508.0,467.0,
432131,MNQ,1m,1788158580000,29507.25,29510.0,29504.75,29509.25,332.0,
432132,MNQ,1m,1788158640000,29509.75,29511.0,29507.25,29507.75,231.0,
432133,MNQ,1m,1788158700000,29507.5,29517.0,29505.5,29516.0,450.0,
432134,MNQ,1m,1788158760000,29515.75,29528.5,29515.75,29522.0,1562.0,
432135,MNQ,1m,1788158820000,29521.25,29525.0,29518.25,29518.5,620.0,
432136,MNQ,1m,1788158880000,29518.75,29519.25,29512.5,29516.5,654.0,
432137,MNQ,1m,1788158940000,29516.5,29516.75,29510.75,29512.0,314.0,
432138,MNQ,1m,1788159000000,29511.75,29512.25,29502.5,29505.75,768.0,
432139,MNQ,1m,1788159060000,29505.5,29514.5,29503.5,29513.25,669.0,
432140,MNQ,1m,1788159120000,29513.75,29517.5,29512.75,29513.75,388.0,
432141,MNQ,1m,1788159180000,29513.5,29516.75,29509.5,29514.25,390.0,
432142,MNQ,1m,1788159240000,29513.25,29517.25,29511.75,29517.25,330.0,
432143,MNQ,1m,1788159300000,29516.25,29521.0,29513.5,29515.75,392.0,
432144,MNQ,1m,1788159360000,29516.0,29518.0,29511.5,29514.0,282.0,
432145,MNQ,1m,1788159420000,29514.5,29516.5,29512.75,29515.75,179.0,
432146,MNQ,1m,1788159480000,29516.0,29519.75,29514.25,29518.5,248.0,
432147,MNQ,1m,1788159540000,29518.25,29520.0,29516.5,29516.75,317.0,
432148,MNQ,1m,1788159600000,29516.5,29518.5,29505.75,29517.75,1083.0,
432149,MNQ,1m,1788159660000,29518.5,29519.75,29510.5,29512.5,501.0,
432150,MNQ,1m,1788159720000,29512.25,29512.5,29504.0,29505.5,507.0,
432151,MNQ,1m,1788159780000,29505.5,29509.0,29503.75,29505.0,464.0,
432152,MNQ,1m,1788159840000,29505.0,29510.75,29505.0,29509.25,378.0,
432153,MNQ,1m,1788159900000,29509.5,29513.0,29504.25,29509.75,479.0,
432154,MNQ,1m,1788159960000,29509.75,29510.25,29504.0,29504.25,246.0,
432155,MNQ,1m,1788160020000,29504.75,29516.0,29500.0,29513.75,629.0,
432156,MNQ,1m,1788160080000,29512.5,29522.25,29509.25,29511.25,868.0,
432157,MNQ,1m,1788160140000,29511.5,29512.25,29505.25,29508.0,327.0,
432158,MNQ,1m,1788160200000,29508.0,29514.5,29507.75,29512.5,457.0,
432159,MNQ,1m,1788160260000,29511.75,29512.0,29506.75,29506.75,279.0,
432160,MNQ,1m,1788160320000,29507.25,29510.25,29503.75,29504.5,431.0,
432161,MNQ,1m,1788160380000,29504.75,29507.25,29501.25,29505.5,395.0,
432162,MNQ,1m,1788160440000,29505.25,29513.75,29504.25,29513.25,313.0,
432163,MNQ,1m,1788160500000,29513.75,29514.25,29505.75,29510.25,299.0,
432164,MNQ,1m,1788160560000,29510.25,29512.0,29502.5,29503.5,273.0,
432165,MNQ,1m,1788160620000,29503.25,29507.5,29502.0,29505.25,281.0,
432166,MNQ,1m,1788160680000,29504.75,29511.5,29504.25,29508.0,186.0,
432167,MNQ,1m,1788160740000,29508.25,29512.0,29500.0,29503.75,402.0,
432168,MNQ,1m,1788160800000,29504.25,29511.75,29503.75,29508.25,376.0,
432169,MNQ,1m,1788160860000,29508.25,29515.0,29506.75,29509.25,304.0,
432170,MNQ,1m,1788160920000,29510.0,29513.75,29504.5,29504.5,298.0,
432171,MNQ,1m,1788160980000,29504.75,29511.25,29503.5,29509.75,220.0,
432172,MNQ,1m,1788161040000,29510.5,29521.5,29510.5,29517.75,899.0,
432173,MNQ,1m,1788161100000,29517.5,29517.75,29504.0,29505.25,471.0,
432174,MNQ,1m,1788161160000,29505.0,29512.5,29504.25,29508.0,431.0,
432175,MNQ,1m,1788161220000,29508.5,29513.25,29508.0,29513.25,192.0,
432176,MNQ,1m,1788161280000,29513.5,29519.25,29510.25,29511.0,362.0,
432177,MNQ,1m,1788161340000,29510.75,29510.75,29506.5,29509.25,283.0,
432178,MNQ,1m,1788161400000,29508.75,29513.75,29506.0,29506.75,494.0,
432179,MNQ,1m,1788161460000,29506.25,29512.75,29503.0,29507.0,440.0,
432180,MNQ,1m,1788161520000,29507.5,29511.25,29505.25,29506.25,239.0,
432181,MNQ,1m,1788161580000,29506.0,29509.75,29503.5,29508.5,261.0,
432182,MNQ,1m,1788161640000,29508.75,29518.0,29507.75,29511.75,545.0,
432183,MNQ,1m,1788161700000,29512.0,29517.5,29511.75,29516.5,261.0,
432184,MNQ,1m,1788161760000,29517.0,29522.0,29516.5,29518.75,469.0,
432185,MNQ,1m,1788161820000,29518.75,29518.75,29502.75,29509.75,815.0,
432186,MNQ,1m,1788161880000,29509.25,29511.25,29504.5,29506.75,345.0,
432187,MNQ,1m,1788161940000,29506.5,29511.0,29504.75,29506.25,331.0,
432188,MNQ,1m,1788162000000,29508.25,29509.5,29500.5,29503.0,439.0,
432189,MNQ,1m,1788162060000,29503.0,29509.0,29502.5,29505.25,340.0,
432190,MNQ,1m,1788162120000,29505.75,29508.25,29503.75,29506.75,135.0,
432191,MNQ,1m,1788162180000,29507.5,29507.75,29504.25,29505.25,125.0,
432192,MNQ,1m,1788162240000,29505.75,29508.75,29504.5,29507.0,198.0,
432193,MNQ,1m,1788162300000,29505.5,29507.5,29502.75,29503.75,237.0,
432194,MNQ,1m,1788162360000,29503.0,29506.5,29502.0,29504.5,182.0,
432195,MNQ,1m,1788162420000,29505.25,29508.75,29504.5,29504.5,172.0,
432196,MNQ,1m,1788162480000,29504.0,29504.5,29501.25,29502.25,128.0,
432197,MNQ,1m,1788162540000,29502.25,29505.75,29498.75,29505.5,386.0,
432198,MNQ,1m,1788162600000,29505.5,29506.0,29502.25,29503.0,149.0,
432199,MNQ,1m,1788162660000,29502.5,29504.5,29500.0,29501.25,231.0,
432200,MNQ,1m,1788162720000,29500.75,29502.25,29492.0,29494.75,941.0,
432201,MNQ,1m,1788162780000,29495.75,29503.25,29495.75,29500.0,468.0,
432202,MNQ,1m,1788162840000,29500.0,29504.5,29498.25,29502.0,393.0,
432203,MNQ,1m,1788162900000,29502.5,29505.25,29500.75,29504.5,304.0,
432204,MNQ,1m,1788162960000,29505.0,29511.5,29500.5,29501.0,643.0,
432205,MNQ,1m,1788163020000,29501.0,29507.5,29500.75,29506.0,236.0,
432206,MNQ,1m,1788163080000,29505.5,29507.25,29502.75,29503.0,169.0,
432207,MNQ,1m,1788163140000,29503.5,29509.0,29502.5,29509.0,123.0,
432208,MNQ,1m,1788163200000,29508.25,29520.75,29494.0,29516.75,2257.0,
432209,MNQ,1m,1788163260000,29517.0,29538.75,29514.25,29517.75,3095.0,
432210,MNQ,1m,1788163320000,29517.5,29522.5,29498.5,29499.25,1356.0,
432211,MNQ,1m,1788163380000,29500.25,29501.75,29487.75,29495.75,1699.0,
432212,MNQ,1m,1788163440000,29496.5,29507.5,29490.5,29491.25,1032.0,
432213,MNQ,1m,1788163500000,29492.0,29507.25,29491.75,29501.0,1035.0,
432214,MNQ,1m,1788163560000,29500.0,29502.0,29491.0,29492.75,653.0,
432215,MNQ,1m,1788163620000,29492.25,29515.5,29486.75,29510.25,1675.0,
432216,MNQ,1m,1788163680000,29510.5,29529.75,29510.25,29527.5,1333.0,
432217,MNQ,1m,1788163740000,29527.5,29533.0,29524.25,29530.5,938.0,
432218,MNQ,1m,1788163800000,29530.75,29534.0,29527.75,29534.0,923.0,
432219,MNQ,1m,1788163860000,29532.75,29535.5,29529.0,29531.0,698.0,
432220,MNQ,1m,1788163920000,29530.5,29535.0,29517.25,29517.75,1148.0,
432221,MNQ,1m,1788163980000,29517.75,29519.25,29505.25,29507.0,784.0,
432222,MNQ,1m,1788164040000,29506.0,29512.25,29503.0,29506.0,532.0,
432223,MNQ,1m,1788164100000,29505.0,29508.5,29502.5,29505.75,549.0,
432224,MNQ,1m,1788164160000,29505.5,29509.0,29501.75,29508.0,528.0,
432225,MNQ,1m,1788164220000,29507.75,29511.0,29501.25,29503.75,472.0,
432226,MNQ,1m,1788164280000,29503.75,29506.0,29501.25,29504.25,369.0,
432227,MNQ,1m,1788164340000,29504.75,29506.0,29498.0,29498.0,489.0,
432228,MNQ,1m,1788164400000,29498.25,29499.0,29485.75,29492.0,1400.0,
432229,MNQ,1m,1788164460000,29493.0,29505.5,29489.25,29497.25,913.0,
432230,MNQ,1m,1788164520000,29497.5,29505.5,29496.75,29502.5,487.0,
432231,MNQ,1m,1788164580000,29503.25,29503.75,29491.75,29500.5,539.0,
432232,MNQ,1m,1788164640000,29500.5,29506.0,29494.75,29496.0,964.0,
432233,MNQ,1m,1788164700000,29495.0,29498.25,29492.0,29496.75,491.0,
432234,MNQ,1m,1788164760000,29497.0,29501.75,29491.5,29501.75,468.0,
432235,MNQ,1m,1788164820000,29501.75,29503.0,29496.0,29500.25,441.0,
432236,MNQ,1m,1788164880000,29500.25,29506.0,29499.5,29504.0,390.0,
432237,MNQ,1m,1788164940000,29503.5,29504.75,29500.25,29500.75,444.0,
432238,MNQ,1m,1788165000000,29500.5,29502.75,29494.5,29498.25,539.0,
432239,MNQ,1m,1788165060000,29498.0,29502.25,29490.75,29494.5,509.0,
432240,MNQ,1m,1788165120000,29494.25,29499.25,29491.75,29494.25,362.0,
432241,MNQ,1m,1788165180000,29494.25,29496.5,29490.25,29492.5,334.0,
432242,MNQ,1m,1788165240000,29492.5,29497.5,29490.5,29495.5,307.0,
432243,MNQ,1m,1788165300000,29495.75,29500.75,29492.25,29494.75,469.0,
432244,MNQ,1m,1788165360000,29494.25,29494.75,29487.5,29493.0,446.0,
432245,MNQ,1m,1788165420000,29492.5,29499.5,29491.25,29493.5,485.0,
432246,MNQ,1m,1788165480000,29493.25,29498.75,29491.25,29496.75,283.0,
432247,MNQ,1m,1788165540000,29497.5,29497.5,29487.25,29490.5,418.0,
432248,MNQ,1m,1788165600000,29490.5,29490.5,29487.75,29488.0,264.0,
432249,MNQ,1m,1788165660000,29487.5,29491.0,29482.25,29483.5,822.0,
432250,MNQ,1m,1788165720000,29483.75,29490.25,29483.75,29485.75,499.0,
432251,MNQ,1m,1788165780000,29485.75,29487.5,29478.5,29480.5,691.0,
432252,MNQ,1m,1788165840000,29481.25,29484.75,29475.0,29484.5,1012.0,
432253,MNQ,1m,1788165900000,29485.0,29490.0,29482.5,29490.0,588.0,
432254,MNQ,1m,1788165960000,29489.5,29490.25,29484.0,29485.0,500.0,
432255,MNQ,1m,1788166020000,29486.0,29490.5,29485.75,29486.0,409.0,
432256,MNQ,1m,1788166080000,29486.25,29491.75,29484.5,29489.25,408.0,
432257,MNQ,1m,1788166140000,29488.5,29494.0,29487.5,29490.25,407.0,
432258,MNQ,1m,1788166200000,29489.75,29494.5,29489.75,29493.0,291.0,
432259,MNQ,1m,1788166260000,29492.0,29494.5,29488.0,29490.0,351.0,
432260,MNQ,1m,1788166320000,29490.75,29495.0,29489.25,29495.0,314.0,
432261,MNQ,1m,1788166380000,29495.0,29497.0,29489.5,29496.0,491.0,
432262,MNQ,1m,1788166440000,29495.0,29498.5,29486.25,29487.0,609.0,
432263,MNQ,1m,1788166500000,29487.0,29492.5,29485.75,29490.5,416.0,
432264,MNQ,1m,1788166560000,29490.5,29492.75,29483.75,29485.5,359.0,
432265,MNQ,1m,1788166620000,29485.0,29487.0,29481.0,29485.5,273.0,
432266,MNQ,1m,1788166680000,29485.75,29487.0,29480.25,29483.5,323.0,
432267,MNQ,1m,1788166740000,29483.25,29486.25,29477.0,29486.0,508.0,
432268,MNQ,1m,1788166800000,29485.25,29488.0,29478.75,29487.25,466.0,
432269,MNQ,1m,1788166860000,29487.25,29489.5,29478.0,29484.25,564.0,
432270,MNQ,1m,1788166920000,29483.25,29484.75,29475.5,29477.0,550.0,
432271,MNQ,1m,1788166980000,29477.0,29477.0,29472.25,29473.75,580.0,
432272,MNQ,1m,1788167040000,29473.75,29474.75,29471.25,29473.25,480.0,
432273,MNQ,1m,1788167100000,29473.25,29477.25,29472.5,29474.5,359.0,
432274,MNQ,1m,1788167160000,29474.5,29475.0,29470.0,29472.5,423.0,
432275,MNQ,1m,1788167220000,29473.5,29490.0,29472.0,29483.0,845.0,
432276,MNQ,1m,1788167280000,29482.25,29486.5,29479.5,29485.5,513.0,
432277,MNQ,1m,1788167340000,29485.5,29493.0,29482.5,29492.25,766.0,
432278,MNQ,1m,1788167400000,29492.5,29495.75,29489.75,29494.75,474.0,
432279,MNQ,1m,1788167460000,29494.75,29497.0,29490.25,29490.5,494.0,
432280,MNQ,1m,1788167520000,29490.25,29494.5,29488.0,29492.5,299.0,
432281,MNQ,1m,1788167580000,29492.5,29500.75,29492.0,29500.25,663.0,
432282,MNQ,1m,1788167640000,29500.0,29501.0,29489.25,29493.0,713.0,
432283,MNQ,1m,1788167700000,29492.5,29500.5,29492.5,29498.75,469.0,
432284,MNQ,1m,1788167760000,29498.75,29509.5,29492.25,29503.75,1227.0,
432285,MNQ,1m,1788167820000,29504.0,29504.0,29497.0,29497.25,479.0,
432286,MNQ,1m,1788167880000,29498.0,29504.25,29497.75,29503.75,288.0,
432287,MNQ,1m,1788167940000,29502.5,29506.75,29502.5,29505.25,302.0,
432288,MNQ,1m,1788168000000,29504.25,29508.0,29502.0,29505.75,505.0,
432289,MNQ,1m,1788168060000,29506.0,29506.0,29498.5,29499.25,252.0,
432290,MNQ,1m,1788168120000,29499.75,29499.75,29491.5,29494.75,651.0,
432291,MNQ,1m,1788168180000,29494.75,29495.75,29489.75,29492.25,279.0,
432292,MNQ,1m,1788168240000,29491.25,29500.0,29491.25,29497.5,320.0,
432293,MNQ,1m,1788168300000,29497.75,29498.75,29496.0,29496.5,125.0,
432294,MNQ,1m,1788168360000,29496.0,29498.0,29494.0,29494.75,150.0,
432295,MNQ,1m,1788168420000,29495.0,29497.25,29493.0,29495.75,171.0,
432296,MNQ,1m,1788168480000,29495.75,29497.25,29493.75,29496.5,118.0,
432297,MNQ,1m,1788168540000,29496.25,29497.25,29490.0,29490.75,214.0,
432298,MNQ,1m,1788168600000,29490.75,29493.25,29489.25,29490.5,336.0,
432299,MNQ,1m,1788168660000,29490.0,29491.0,29482.75,29486.75,502.0,
432300,MNQ,1m,1788168720000,29487.25,29487.75,29483.0,29483.0,187.0,
432301,MNQ,1m,1788168780000,29483.0,29483.75,29481.25,29482.0,264.0,
432302,MNQ,1m,1788168840000,29481.75,29485.75,29481.25,29484.25,162.0,
432303,MNQ,1m,1788168900000,29484.0,29484.5,29480.5,29481.5,130.0,
432304,MNQ,1m,1788168960000,29481.75,29483.75,29479.0,29482.25,258.0,
432305,MNQ,1m,1788169020000,29482.0,29484.5,29477.75,29479.5,211.0,
432306,MNQ,1m,1788169080000,29479.5,29482.75,29476.25,29477.25,256.0,
432307,MNQ,1m,1788169140000,29476.75,29478.25,29473.25,29475.0,337.0,
432308,MNQ,1m,1788169200000,29474.75,29474.75,29467.25,29468.0,638.0,
432309,MNQ,1m,1788169260000,29467.5,29471.75,29467.0,29468.5,321.0,
432310,MNQ,1m,1788169320000,29468.5,29474.0,29468.0,29468.75,525.0,
432311,MNQ,1m,1788169380000,29469.75,29473.75,29467.75,29471.0,234.0,
432312,MNQ,1m,1788169440000,29470.25,29471.75,29467.25,29468.25,217.0,
432313,MNQ,1m,1788169500000,29467.5,29469.25,29466.0,29467.0,305.0,
432314,MNQ,1m,1788169560000,29467.75,29469.0,29462.0,29462.75,679.0,
432315,MNQ,1m,1788169620000,29462.25,29463.25,29458.5,29459.25,693.0,
432316,MNQ,1m,1788169680000,29458.75,29461.5,29456.5,29457.0,607.0,
432317,MNQ,1m,1788169740000,29456.5,29456.5,29447.25,29449.0,1279.0,
432318,MNQ,1m,1788169800000,29448.25,29453.5,29446.75,29452.25,866.0,
432319,MNQ,1m,1788169860000,29451.5,29456.75,29447.75,29456.75,446.0,
432320,MNQ,1m,1788169920000,29456.0,29456.5,29448.75,29450.25,312.0,
432321,MNQ,1m,1788169980000,29450.5,29453.0,29449.5,29450.75,223.0,
432322,MNQ,1m,1788170040000,29450.25,29454.0,29449.75,29452.75,146.0,
432323,MNQ,1m,1788170100000,29452.25,29453.0,29449.25,29450.5,222.0,
432324,MNQ,1m,1788170160000,29449.75,29450.0,29445.5,29448.25,440.0,
432325,MNQ,1m,1788170220000,29448.0,29449.25,29447.25,29449.0,165.0,
432326,MNQ,1m,1788170280000,29448.75,29450.75,29446.25,29449.5,257.0,
432327,MNQ,1m,1788170340000,29449.5,29450.5,29447.75,29450.5,216.0,
432328,MNQ,1m,1788170400000,29451.5,29453.0,29443.25,29443.5,775.0,
432329,MNQ,1m,1788170460000,29444.0,29450.75,29440.0,29444.25,933.0,
432330,MNQ,1m,1788170520000,29443.75,29445.25,29441.5,29442.25,289.0,
432331,MNQ,1m,1788170580000,29442.75,29449.5,29441.0,29445.0,345.0,
432332,MNQ,1m,1788170640000,29444.75,29449.75,29443.0,29449.25,271.0,
432333,MNQ,1m,1788170700000,29449.25,29456.5,29447.25,29451.0,720.0,
432334,MNQ,1m,1788170760000,29451.5,29458.0,29451.0,29455.0,674.0,
432335,MNQ,1m,1788170820000,29455.25,29460.0,29452.5,29457.5,449.0,
432336,MNQ,1m,1788170880000,29457.25,29459.0,29453.5,29455.0,291.0,
432337,MNQ,1m,1788170940000,29455.0,29458.75,29449.0,29449.75,583.0,
432338,MNQ,1m,1788171000000,29449.0,29452.25,29447.5,29452.0,519.0,
432339,MNQ,1m,1788171060000,29451.75,29457.75,29448.75,29449.25,619.0,
432340,MNQ,1m,1788171120000,29450.25,29455.0,29446.5,29451.75,689.0,
432341,MNQ,1m,1788171180000,29452.0,29456.0,29451.0,29455.25,287.0,
432342,MNQ,1m,1788171240000,29454.25,29459.75,29454.25,29459.0,410.0,
432343,MNQ,1m,1788171300000,29458.25,29458.25,29449.25,29453.75,361.0,
432344,MNQ,1m,1788171360000,29454.0,29458.75,29450.5,29454.75,431.0,
432345,MNQ,1m,1788171420000,29454.25,29455.25,29443.0,29452.5,770.0,
432346,MNQ,1m,1788171480000,29452.75,29453.0,29445.75,29446.25,342.0,
432347,MNQ,1m,1788171540000,29446.75,29456.0,29446.25,29452.25,524.0,
432348,MNQ,1m,1788171600000,29452.5,29462.75,29450.75,29462.25,752.0,
432349,MNQ,1m,1788171660000,29462.25,29465.25,29460.25,29464.75,643.0,
432350,MNQ,1m,1788171720000,29464.25,29467.5,29455.0,29459.5,838.0,
432351,MNQ,1m,1788171780000,29460.0,29466.0,29460.0,29464.5,335.0,
432352,MNQ,1m,1788171840000,29464.5,29467.0,29461.75,29463.5,166.0,
432353,MNQ,1m,1788171900000,29463.75,29464.75,29450.0,29457.5,652.0,
432354,MNQ,1m,1788171960000,29457.0,29461.75,29456.75,29460.0,315.0,
432355,MNQ,1m,1788172020000,29460.0,29467.5,29459.0,29462.75,452.0,
432356,MNQ,1m,1788172080000,29464.0,29467.0,29461.25,29462.25,306.0,
432357,MNQ,1m,1788172140000,29461.75,29466.5,29459.75,29460.5,354.0,
432358,MNQ,1m,1788172200000,29460.0,29461.0,29455.5,29456.0,511.0,
432359,MNQ,1m,1788172260000,29456.0,29462.0,29453.0,29460.25,414.0,
432360,MNQ,1m,1788172320000,29460.5,29460.75,29452.0,29456.25,399.0,
432361,MNQ,1m,1788172380000,29457.5,29457.5,29449.5,29450.75,449.0,
432362,MNQ,1m,1788172440000,29450.75,29454.25,29450.25,29453.5,344.0,
432363,MNQ,1m,1788172500000,29453.25,29458.25,29453.0,29455.0,304.0,
432364,MNQ,1m,1788172560000,29455.25,29461.0,29453.75,29455.75,328.0,
432365,MNQ,1m,1788172620000,29457.0,29457.0,29451.75,29452.75,170.0,
432366,MNQ,1m,1788172680000,29452.75,29455.5,29452.0,29455.0,161.0,
432367,MNQ,1m,1788172740000,29455.5,29460.25,29454.25,29457.75,266.0,
432368,MNQ,1m,1788172800000,29457.75,29459.5,29455.0,29456.0,171.0,
432369,MNQ,1m,1788172860000,29456.0,29457.5,29454.75,29457.5,65.0,
432370,MNQ,1m,1788172920000,29457.0,29458.0,29454.5,29454.5,103.0,
432371,MNQ,1m,1788172980000,29454.25,29456.5,29451.5,29452.25,173.0,
432372,MNQ,1m,1788173040000,29452.25,29456.25,29452.0,29455.25,232.0,
432373,MNQ,1m,1788173100000,29454.5,29456.25,29452.75,29454.0,161.0,
432374,MNQ,1m,1788173160000,29453.0,29454.25,29450.0,29453.25,266.0,
432375,MNQ,1m,1788173220000,29453.5,29458.25,29453.25,29457.0,190.0,
432376,MNQ,1m,1788173280000,29456.75,29460.0,29456.5,29457.75,282.0,
432377,MNQ,1m,1788173340000,29457.25,29458.25,29454.5,29455.0,160.0,
432378,MNQ,1m,1788173400000,29454.75,29457.75,29450.25,29451.0,217.0,
432379,MNQ,1m,1788173460000,29450.5,29458.75,29450.25,29457.75,226.0,
432380,MNQ,1m,1788173520000,29457.75,29472.0,29457.0,29470.0,1257.0,
432381,MNQ,1m,1788173580000,29470.5,29470.5,29463.5,29465.0,428.0,
432382,MNQ,1m,1788173640000,29465.0,29466.5,29461.0,29463.25,307.0,
432383,MNQ,1m,1788173700000,29462.0,29465.75,29458.0,29463.5,461.0,
432384,MNQ,1m,1788173760000,29464.0,29465.25,29462.5,29463.75,113.0,
432385,MNQ,1m,1788173820000,29463.5,29465.75,29459.75,29464.0,235.0,
432386,MNQ,1m,1788173880000,29463.5,29463.75,29459.5,29461.75,170.0,
432387,MNQ,1m,1788173940000,29460.75,29463.0,29455.75,29459.0,336.0,
432388,MNQ,1m,1788174000000,29459.0,29464.25,29441.25,29456.75,2232.0,
432389,MNQ,1m,1788174060000,29456.5,29460.0,29445.75,29447.0,1171.0,
432390,MNQ,1m,1788174120000,29446.75,29450.5,29442.25,29447.0,694.0,
432391,MNQ,1m,1788174180000,29448.0,29451.5,29444.5,29445.75,475.0,
432392,MNQ,1m,1788174240000,29445.75,29447.25,29443.25,29446.25,411.0,
432393,MNQ,1m,1788174300000,29447.0,29448.5,29436.5,29439.75,1059.0,
432394,MNQ,1m,1788174360000,29439.25,29459.0,29438.0,29455.5,1054.0,
432395,MNQ,1m,1788174420000,29455.0,29459.5,29451.25,29456.75,630.0,
432396,MNQ,1m,1788174480000,29457.0,29460.25,29454.75,29456.75,392.0,
432397,MNQ,1m,1788174540000,29456.0,29457.75,29454.0,29455.75,298.0,
432398,MNQ,1m,1788174600000,29455.75,29459.75,29453.25,29458.0,409.0,
432399,MNQ,1m,1788174660000,29457.75,29458.5,29452.75,29455.75,296.0,
432400,MNQ,1m,1788174720000,29455.75,29459.0,29453.75,29456.25,325.0,
432401,MNQ,1m,1788174780000,29456.0,29457.5,29453.75,29455.75,214.0,
432402,MNQ,1m,1788174840000,29456.0,29456.0,29438.25,29439.75,893.0,
432403,MNQ,1m,1788174900000,29439.0,29443.25,29434.0,29439.5,924.0,
432404,MNQ,1m,1788174960000,29439.25,29447.75,29437.5,29445.25,860.0,
432405,MNQ,1m,1788175020000,29445.0,29450.75,29440.75,29449.0,512.0,
432406,MNQ,1m,1788175080000,29448.5,29460.75,29447.75,29456.0,957.0,
432407,MNQ,1m,1788175140000,29456.5,29460.75,29453.75,29457.5,490.0,
432408,MNQ,1m,1788175200000,29457.75,29459.25,29454.75,29455.5,434.0,
432409,MNQ,1m,1788175260000,29455.75,29458.0,29447.25,29448.75,507.0,
432410,MNQ,1m,1788175320000,29448.5,29457.25,29448.0,29456.0,453.0,
432411,MNQ,1m,1788175380000,29455.5,29460.5,29449.0,29453.25,482.0,
432412,MNQ,1m,1788175440000,29452.75,29463.0,29451.5,29459.25,444.0,
432413,MNQ,1m,1788175500000,29459.75,29460.5,29455.25,29456.0,333.0,
432414,MNQ,1m,1788175560000,29456.0,29464.25,29455.25,29462.0,538.0,
432415,MNQ,1m,1788175620000,29461.75,29463.75,29460.0,29463.75,228.0,
432416,MNQ,1m,1788175680000,29463.25,29466.5,29460.75,29465.0,320.0,
432417,MNQ,1m,1788175740000,29464.5,29470.0,29464.0,29465.0,606.0,
432418,MNQ,1m,1788175800000,29465.25,29466.0,29457.0,29460.25,789.0,
432419,MNQ,1m,1788175860000,29461.75,29464.5,29458.5,29463.75,483.0,
432420,MNQ,1m,1788175920000,29463.75,29467.25,29447.5,29447.5,807.0,
432421,MNQ,1m,1788175980000,29447.25,29447.75,29443.25,29446.0,734.0,
432422,MNQ,1m,1788176040000,29445.75,29447.0,29438.25,29438.25,780.0,
432423,MNQ,1m,1788176100000,29438.25,29441.25,29437.25,29439.75,589.0,
432424,MNQ,1m,1788176160000,29439.25,29441.0,29436.25,29437.0,502.0,
432425,MNQ,1m,1788176220000,29437.5,29438.25,29434.75,29437.75,361.0,
432426,MNQ,1m,1788176280000,29437.5,29439.75,29434.25,29436.0,411.0,
432427,MNQ,1m,1788176340000,29437.0,29438.0,29434.0,29438.0,404.0,
432428,MNQ,1m,1788176400000,29437.5,29459.75,29437.25,29450.25,1568.0,
432429,MNQ,1m,1788176460000,29450.25,29452.75,29441.25,29442.5,634.0,
432430,MNQ,1m,1788176520000,29442.25,29443.0,29432.25,29436.25,1066.0,
432431,MNQ,1m,1788176580000,29436.0,29438.75,29433.5,29437.25,615.0,
432432,MNQ,1m,1788176640000,29437.5,29438.25,29433.0,29433.5,389.0,
432433,MNQ,1m,1788176700000,29433.0,29440.0,29428.25,29430.25,1096.0,
432434,MNQ,1m,1788176760000,29430.25,29432.25,29426.5,29429.75,810.0,
432435,MNQ,1m,1788176820000,29429.75,29430.25,29425.0,29427.75,579.0,
432436,MNQ,1m,1788176880000,29428.25,29431.25,29426.0,29431.0,656.0,
432437,MNQ,1m,1788176940000,29431.25,29431.75,29427.25,29430.75,318.0,
432438,MNQ,1m,1788177000000,29431.0,29436.0,29428.0,29429.5,641.0,
432439,MNQ,1m,1788177060000,29430.0,29439.25,29427.25,29439.0,546.0,
432440,MNQ,1m,1788177120000,29438.75,29440.0,29425.75,29428.0,563.0,
432441,MNQ,1m,1788177180000,29427.75,29434.0,29427.25,29427.75,318.0,
432442,MNQ,1m,1788177240000,29428.75,29433.5,29428.75,29429.75,256.0,
432443,MNQ,1m,1788177300000,29430.75,29436.0,29430.75,29433.75,352.0,
432444,MNQ,1m,1788177360000,29433.0,29433.75,29427.0,29431.0,340.0,
432445,MNQ,1m,1788177420000,29431.0,29432.75,29430.0,29431.5,166.0,
432446,MNQ,1m,1788177480000,29430.0,29430.75,29427.0,29428.75,191.0,
432447,MNQ,1m,1788177540000,29428.25,29431.0,29427.5,29429.5,207.0,
432448,MNQ,1m,1788177600000,29430.0,29444.25,29427.5,29437.75,1100.0,
432449,MNQ,1m,1788177660000,29439.0,29442.75,29429.5,29441.75,1204.0,
432450,MNQ,1m,1788177720000,29441.5,29443.25,29435.0,29440.0,443.0,
432451,MNQ,1m,1788177780000,29440.25,29449.75,29435.5,29447.0,792.0,
432452,MNQ,1m,1788177840000,29447.5,29448.75,29440.25,29441.75,606.0,
432453,MNQ,1m,1788177900000,29441.0,29451.0,29439.25,29450.0,801.0,
432454,MNQ,1m,1788177960000,29449.25,29454.25,29445.75,29452.25,713.0,
432455,MNQ,1m,1788178020000,29452.0,29457.75,29448.5,29456.5,868.0,
432456,MNQ,1m,1788178080000,29456.5,29466.75,29456.5,29464.75,1157.0,
432457,MNQ,1m,1788178140000,29464.75,29467.0,29400.0,29448.0,6234.0,
432458,MNQ,1m,1788178200000,29447.5,29448.5,29432.0,29440.75,1334.0,
432459,MNQ,1m,1788178260000,29440.75,29444.0,29437.0,29438.5,569.0,
432460,MNQ,1m,1788178320000,29438.75,29457.0,29436.5,29445.25,1204.0,
432461,MNQ,1m,1788178380000,29445.5,29449.5,29444.0,29445.5,423.0,
432462,MNQ,1m,1788178440000,29445.0,29451.25,29444.5,29450.0,491.0,
432463,MNQ,1m,1788178500000,29450.0,29458.0,29449.5,29456.5,1057.0,
432464,MNQ,1m,1788178560000,29456.25,29459.25,29455.75,29458.25,586.0,
432465,MNQ,1m,1788178620000,29458.5,29464.75,29455.5,29464.0,991.0,
432466,MNQ,1m,1788178680000,29464.0,29474.75,29462.25,29471.0,1173.0,
432467,MNQ,1m,1788178740000,29471.25,29473.5,29468.0,29471.25,645.0,
432468,MNQ,1m,1788178800000,29471.5,29483.0,29466.25,29466.5,2065.0,
432469,MNQ,1m,1788178860000,29466.75,29468.25,29454.25,29457.25,1338.0,
432470,MNQ,1m,1788178920000,29456.25,29456.75,29447.25,29451.0,1159.0,
432471,MNQ,1m,1788178980000,29451.0,29453.5,29439.0,29441.25,1091.0,
432472,MNQ,1m,1788179040000,29441.25,29446.0,29438.75,29440.75,883.0,
432473,MNQ,1m,1788179100000,29441.0,29441.5,29398.5,29402.0,5944.0,
432474,MNQ,1m,1788179160000,29402.25,29419.25,29401.25,29418.75,2564.0,
432475,MNQ,1m,1788179220000,29418.75,29427.75,29417.25,29424.25,1994.0,
432476,MNQ,1m,1788179280000,29424.5,29424.75,29416.0,29422.0,1022.0,
432477,MNQ,1m,1788179340000,29422.0,29428.5,29415.25,29415.5,750.0,
432478,MNQ,1m,1788179400000,29415.25,29420.75,29402.5,29419.5,2765.0,
432479,MNQ,1m,1788179460000,29419.25,29420.75,29413.5,29419.25,1017.0,
432480,MNQ,1m,1788179520000,29419.75,29421.5,29413.75,29417.25,725.0,
432481,MNQ,1m,1788179580000,29417.25,29421.5,29415.0,29419.25,561.0,
432482,MNQ,1m,1788179640000,29419.0,29426.25,29419.0,29424.25,922.0,
432483,MNQ,1m,1788179700000,29425.0,29436.0,29423.0,29434.25,1584.0,
432484,MNQ,1m,1788179760000,29435.0,29443.0,29433.25,29434.75,1342.0,
432485,MNQ,1m,1788179820000,29435.5,29436.75,29433.5,29434.25,464.0,
432486,MNQ,1m,1788179880000,29434.0,29434.5,29407.5,29410.25,3820.0,
432487,MNQ,1m,1788179940000,29410.0,29412.0,29403.25,29405.75,1238.0,
432488,MNQ,1m,1788180000000,29406.25,29406.75,29394.0,29402.25,2045.0,
432489,MNQ,1m,1788180060000,29402.5,29403.25,29389.75,29396.25,1481.0,
432490,MNQ,1m,1788180120000,29396.25,29400.5,29394.5,29398.0,767.0,
432491,MNQ,1m,1788180180000,29398.0,29402.5,29389.5,29393.25,1271.0,
432492,MNQ,1m,1788180240000,29392.75,29401.75,29391.5,29399.25,870.0,
432493,MNQ,1m,1788180300000,29398.75,29408.25,29395.5,29404.0,1380.0,
432494,MNQ,1m,1788180360000,29404.25,29404.5,29396.25,29400.25,657.0,
432495,MNQ,1m,1788180420000,29400.25,29400.5,29397.25,29397.75,522.0,
432496,MNQ,1m,1788180480000,29397.75,29399.25,29390.75,29398.5,878.0,
432497,MNQ,1m,1788180540000,29398.5,29399.25,29394.5,29397.25,410.0,
432498,MNQ,1m,1788180600000,29397.0,29401.0,29395.25,29400.75,680.0,
432499,MNQ,1m,1788180660000,29400.5,29404.5,29397.75,29401.75,752.0,
432500,MNQ,1m,1788180720000,29402.25,29402.5,29396.5,29396.5,372.0,
432501,MNQ,1m,1788180780000,29396.5,29398.75,29390.25,29390.5,676.0,
432502,MNQ,1m,1788180840000,29390.75,29392.75,29381.25,29383.25,1782.0,
432503,MNQ,1m,1788180900000,29383.25,29387.25,29379.75,29383.25,1355.0,
432504,MNQ,1m,1788180960000,29383.75,29393.0,29383.5,29387.75,1162.0,
432505,MNQ,1m,1788181020000,29387.5,29393.75,29385.25,29386.0,915.0,
432506,MNQ,1m,1788181080000,29386.0,29393.5,29383.0,29390.0,962.0,
432507,MNQ,1m,1788181140000,29389.5,29390.75,29385.75,29389.75,542.0,
432508,MNQ,1m,1788181200000,29389.75,29392.0,29380.75,29383.5,2312.0,
432509,MNQ,1m,1788181260000,29383.25,29394.75,29374.25,29392.5,2427.0,
432510,MNQ,1m,1788181320000,29392.25,29398.5,29386.75,29395.25,1421.0,
432511,MNQ,1m,1788181380000,29395.0,29398.75,29388.0,29392.0,1109.0,
432512,MNQ,1m,1788181440000,29392.25,29397.5,29386.0,29386.25,1032.0,
432513,MNQ,1m,1788181500000,29386.0,29394.0,29385.5,29391.25,710.0,
432514,MNQ,1m,1788181560000,29391.25,29394.0,29385.5,29388.5,1021.0,
432515,MNQ,1m,1788181620000,29388.0,29393.0,29384.25,29386.25,1031.0,
432516,MNQ,1m,1788181680000,29386.75,29391.5,29384.25,29391.5,724.0,
432517,MNQ,1m,1788181740000,29391.5,29396.25,29390.5,29393.5,727.0,
432518,MNQ,1m,1788181800000,29393.25,29400.75,29392.75,29393.75,1237.0,
432519,MNQ,1m,1788181860000,29394.0,29397.75,29391.0,29392.25,606.0,
432520,MNQ,1m,1788181920000,29392.75,29403.5,29392.75,29399.5,1441.0,
432521,MNQ,1m,1788181980000,29398.75,29406.5,29397.25,29405.5,1268.0,
432522,MNQ,1m,1788182040000,29405.75,29411.75,29403.75,29409.25,1452.0,
432523,MNQ,1m,1788182100000,29408.5,29418.25,29408.25,29414.25,1764.0,
432524,MNQ,1m,1788182160000,29414.5,29421.0,29413.25,29419.5,1205.0,
432525,MNQ,1m,1788182220000,29419.25,29423.0,29418.75,29419.75,953.0,
432526,MNQ,1m,1788182280000,29420.0,29423.0,29415.75,29416.5,1208.0,
432527,MNQ,1m,1788182340000,29416.25,29419.25,29414.0,29418.25,932.0,
432528,MNQ,1m,1788182400000,29418.25,29419.75,29416.0,29417.0,575.0,
432529,MNQ,1m,1788182460000,29416.5,29422.75,29415.25,29419.5,935.0,
432530,MNQ,1m,1788182520000,29420.25,29421.75,29417.25,29421.25,518.0,
432531,MNQ,1m,1788182580000,29421.25,29424.25,29418.5,29419.75,796.0,
432532,MNQ,1m,1788182640000,29419.0,29420.0,29415.0,29415.75,854.0,
432533,MNQ,1m,1788182700000,29415.25,29421.25,29410.25,29414.5,1736.0,
432534,MNQ,1m,1788182760000,29414.5,29422.5,29410.75,29413.25,1393.0,
432535,MNQ,1m,1788182820000,29413.5,29430.5,29413.25,29429.25,3206.0,
432536,MNQ,1m,1788182880000,29429.25,29438.0,29416.75,29436.25,3788.0,
432537,MNQ,1m,1788182940000,29436.5,29443.0,29424.75,29438.5,2971.0,
432538,MNQ,1m,1788183000000,29438.25,29481.25,29417.0,29480.5,16010.0,
432539,MNQ,1m,1788183060000,29480.5,29517.0,29476.75,29507.25,16086.0,
432540,MNQ,1m,1788183120000,29507.25,29514.75,29465.25,29467.5,12293.0,
432541,MNQ,1m,1788183180000,29467.75,29478.75,29431.75,29456.5,16460.0,
432542,MNQ,1m,1788183240000,29456.5,29467.25,29447.75,29465.25,8744.0,
432543,MNQ,1m,1788183300000,29465.5,29465.5,29408.5,29410.0,14519.0,
432544,MNQ,1m,1788183360000,29409.5,29438.75,29395.5,29418.5,17446.0,
432545,MNQ,1m,1788183420000,29418.5,29436.75,29404.5,29423.0,12096.0,
432546,MNQ,1m,1788183480000,29422.5,29437.75,29392.0,29393.0,12344.0,
432547,MNQ,1m,1788183540000,29393.0,29413.25,29390.0,29398.5,10135.0,
432548,MNQ,1m,1788183600000,29398.75,29431.5,29392.75,29399.75,13725.0,
432549,MNQ,1m,1788183660000,29399.75,29417.75,29393.5,29410.75,9260.0,
432550,MNQ,1m,1788183720000,29411.0,29440.75,29400.25,29435.0,10636.0,
432551,MNQ,1m,1788183780000,29435.75,29442.5,29402.0,29413.25,10339.0,
432552,MNQ,1m,1788183840000,29413.0,29424.25,29402.75,29407.75,6891.0,
432553,MNQ,1m,1788183900000,29408.0,29425.5,29398.25,29419.5,9797.0,
432554,MNQ,1m,1788183960000,29419.5,29426.0,29406.75,29416.75,6946.0,
432555,MNQ,1m,1788184020000,29416.0,29474.0,29386.75,29468.75,25026.0,
432556,MNQ,1m,1788184080000,29469.25,29476.75,29446.75,29458.0,11168.0,
432557,MNQ,1m,1788184140000,29456.5,29458.0,29420.25,29439.25,10833.0,
432558,MNQ,1m,1788184200000,29439.75,29448.5,29421.75,29428.25,7880.0,
432559,MNQ,1m,1788184260000,29428.0,29464.75,29412.75,29460.0,13165.0,
432560,MNQ,1m,1788184320000,29460.75,29461.25,29424.75,29427.5,7824.0,
432561,MNQ,1m,1788184380000,29427.75,29464.25,29426.0,29462.25,6725.0,
432562,MNQ,1m,1788184440000,29462.0,29468.5,29450.75,29465.25,6103.0,
432563,MNQ,1m,1788184500000,29465.25,29479.75,29454.25,29465.25,8337.0,
432564,MNQ,1m,1788184560000,29465.5,29468.25,29445.5,29451.5,7488.0,
432565,MNQ,1m,1788184620000,29451.75,29458.75,29437.0,29450.0,7045.0,
432566,MNQ,1m,1788184680000,29449.75,29452.5,29431.5,29446.75,6679.0,
432567,MNQ,1m,1788184740000,29447.0,29449.75,29433.75,29438.75,4778.0,
432568,MNQ,1m,1788184800000,29439.0,29448.25,29430.0,29435.5,6542.0,
432569,MNQ,1m,1788184860000,29435.25,29443.5,29420.5,29424.5,5577.0,
432570,MNQ,1m,1788184920000,29424.0,29427.0,29400.25,29402.0,8647.0,
432571,MNQ,1m,1788184980000,29402.0,29413.75,29397.75,29398.5,5749.0,
432572,MNQ,1m,1788185040000,29399.0,29417.0,29396.5,29402.5,5775.0,
432573,MNQ,1m,1788185100000,29402.25,29423.5,29394.25,29415.0,7359.0,
432574,MNQ,1m,1788185160000,29415.0,29418.5,29376.75,29381.25,9536.0,
432575,MNQ,1m,1788185220000,29381.0,29403.25,29378.0,29388.5,7351.0,
432576,MNQ,1m,1788185280000,29389.25,29407.25,29383.5,29397.25,5721.0,
432577,MNQ,1m,1788185340000,29397.0,29401.75,29377.0,29377.75,4991.0,
432578,MNQ,1m,1788185400000,29377.75,29393.75,29373.0,29393.0,6863.0,
432579,MNQ,1m,1788185460000,29393.0,29405.25,29383.25,29388.0,6895.0,
432580,MNQ,1m,1788185520000,29387.5,29389.25,29370.5,29377.25,6501.0,
432581,MNQ,1m,1788185580000,29377.25,29386.0,29371.0,29384.0,4051.0,
432582,MNQ,1m,1788185640000,29384.0,29399.75,29380.5,29394.0,5157.0,
432583,MNQ,1m,1788185700000,29393.75,29399.5,29381.25,29385.5,5727.0,
432584,MNQ,1m,1788185760000,29385.5,29412.0,29381.75,29409.25,6661.0,
432585,MNQ,1m,1788185820000,29409.75,29420.0,29400.0,29415.25,6344.0,
432586,MNQ,1m,1788185880000,29415.5,29431.0,29402.75,29407.5,9031.0,
432587,MNQ,1m,1788185940000,29407.5,29423.25,29406.25,29417.75,4048.0,
432588,MNQ,1m,1788186000000,29419.0,29423.25,29402.25,29413.5,5061.0,
432589,MNQ,1m,1788186060000,29413.5,29425.75,29406.5,29419.0,4413.0,
432590,MNQ,1m,1788186120000,29418.75,29423.25,29397.25,29397.5,4721.0,
432591,MNQ,1m,1788186180000,29397.75,29398.0,29378.5,29387.25,9009.0,
432592,MNQ,1m,1788186240000,29386.75,29387.25,29365.75,29366.75,5943.0,
432593,MNQ,1m,1788186300000,29366.5,29370.5,29354.0,29360.0,9156.0,
432594,MNQ,1m,1788186360000,29360.0,29370.5,29355.75,29358.0,5726.0,
432595,MNQ,1m,1788186420000,29358.25,29372.75,29355.5,29370.0,5125.0,
432596,MNQ,1m,1788186480000,29370.0,29387.5,29366.25,29378.75,6994.0,
432597,MNQ,1m,1788186540000,29379.75,29382.25,29365.5,29374.75,4982.0,
432598,MNQ,1m,1788186600000,29374.5,29385.0,29368.0,29381.0,4860.0,
432599,MNQ,1m,1788186660000,29381.5,29385.5,29364.0,29376.5,5246.0,
432600,MNQ,1m,1788186720000,29377.25,29382.25,29371.5,29377.25,3306.0,
432601,MNQ,1m,1788186780000,29377.75,29385.75,29372.0,29381.0,3280.0,
432602,MNQ,1m,1788186840000,29380.75,29388.5,29369.0,29376.5,3962.0,
432603,MNQ,1m,1788186900000,29376.5,29404.0,29370.75,29401.75,7300.0,
432604,MNQ,1m,1788186960000,29401.5,29418.25,29401.25,29416.25,7591.0,
432605,MNQ,1m,1788187020000,29416.5,29429.25,29409.0,29411.25,6347.0,
432606,MNQ,1m,1788187080000,29411.25,29417.0,29403.75,29407.5,4732.0,
432607,MNQ,1m,1788187140000,29407.5,29410.75,29400.75,29407.25,3521.0,
432608,MNQ,1m,1788187200000,29407.25,29424.5,29403.25,29416.5,5260.0,
432609,MNQ,1m,1788187260000,29415.5,29421.75,29407.5,29416.0,3252.0,
432610,MNQ,1m,1788187320000,29416.5,29437.5,29416.0,29429.25,5710.0,
432611,MNQ,1m,1788187380000,29429.75,29434.5,29424.75,29426.25,3184.0,
432612,MNQ,1m,1788187440000,29426.5,29431.75,29416.5,29425.75,3946.0,
432613,MNQ,1m,1788187500000,29425.75,29428.0,29413.75,29416.25,4334.0,
432614,MNQ,1m,1788187560000,29416.25,29425.5,29412.75,29419.75,3435.0,
432615,MNQ,1m,1788187620000,29420.25,29421.0,29399.25,29410.75,5758.0,
432616,MNQ,1m,1788187680000,29411.0,29417.25,29397.0,29397.75,4395.0,
432617,MNQ,1m,1788187740000,29396.75,29401.75,29384.25,29389.75,5330.0,
432618,MNQ,1m,1788187800000,29389.75,29402.75,29385.75,29401.0,4995.0,
432619,MNQ,1m,1788187860000,29401.0,29406.25,29392.5,29401.5,4050.0,
432620,MNQ,1m,1788187920000,29401.25,29405.75,29395.25,29401.0,2168.0,
432621,MNQ,1m,1788187980000,29401.0,29401.5,29385.25,29389.0,3621.0,
432622,MNQ,1m,1788188040000,29389.0,29414.0,29388.5,29411.75,4295.0,
432623,MNQ,1m,1788188100000,29411.0,29421.5,29407.25,29413.25,4421.0,
432624,MNQ,1m,1788188160000,29413.0,29433.5,29411.75,29425.75,5770.0,
432625,MNQ,1m,1788188220000,29426.5,29443.5,29425.25,29442.0,6901.0,
432626,MNQ,1m,1788188280000,29442.0,29442.75,29425.0,29426.75,4580.0,
432627,MNQ,1m,1788188340000,29427.0,29429.0,29406.25,29415.75,5815.0,
432628,MNQ,1m,1788188400000,29415.5,29443.0,29414.25,29436.25,9206.0,
432629,MNQ,1m,1788188460000,29436.5,29441.25,29421.25,29426.0,4745.0,
432630,MNQ,1m,1788188520000,29426.0,29431.25,29400.25,29404.0,5853.0,
432631,MNQ,1m,1788188580000,29403.75,29414.75,29395.5,29409.75,5293.0,
432632,MNQ,1m,1788188640000,29410.5,29418.5,29396.5,29409.5,4485.0,
432633,MNQ,1m,1788188700000,29409.5,29422.25,29405.5,29421.5,3689.0,
432634,MNQ,1m,1788188760000,29421.5,29434.5,29416.0,29433.5,5393.0,
432635,MNQ,1m,1788188820000,29433.0,29437.25,29414.75,29415.0,4542.0,
432636,MNQ,1m,1788188880000,29415.0,29415.75,29403.25,29408.75,4732.0,
432637,MNQ,1m,1788188940000,29408.5,29414.25,29405.75,29407.5,2602.0,
432638,MNQ,1m,1788189000000,29408.0,29425.25,29407.0,29417.0,4076.0,
432639,MNQ,1m,1788189060000,29417.5,29418.0,29404.25,29407.5,3206.0,
432640,MNQ,1m,1788189120000,29407.75,29425.75,29407.5,29424.25,2858.0,
432641,MNQ,1m,1788189180000,29424.5,29431.5,29413.75,29414.75,3489.0,
432642,MNQ,1m,1788189240000,29415.0,29418.25,29406.25,29417.5,2868.0,
432643,MNQ,1m,1788189300000,29417.5,29427.5,29413.25,29418.25,3700.0,
432644,MNQ,1m,1788189360000,29418.0,29419.75,29407.5,29409.25,2619.0,
432645,MNQ,1m,1788189420000,29409.0,29410.0,29399.25,29401.75,3881.0,
432646,MNQ,1m,1788189480000,29401.5,29406.75,29397.5,29404.75,2414.0,
432647,MNQ,1m,1788189540000,29404.75,29421.0,29404.75,29420.5,3877.0,
432648,MNQ,1m,1788189600000,29420.5,29422.5,29408.0,29421.5,3484.0,
432649,MNQ,1m,1788189660000,29421.5,29437.0,29417.25,29434.5,5589.0,
432650,MNQ,1m,1788189720000,29434.5,29441.0,29432.25,29433.5,3613.0,
432651,MNQ,1m,1788189780000,29434.0,29438.75,29425.75,29426.25,2924.0,
432652,MNQ,1m,1788189840000,29426.0,29437.5,29422.5,29437.0,3423.0,
432653,MNQ,1m,1788189900000,29437.0,29445.5,29423.75,29425.0,5375.0,
432654,MNQ,1m,1788189960000,29425.0,29430.0,29420.75,29427.75,2871.0,
432655,MNQ,1m,1788190020000,29427.75,29430.75,29418.75,29430.0,2569.0,
432656,MNQ,1m,1788190080000,29429.75,29440.0,29429.0,29431.0,3284.0,
432657,MNQ,1m,1788190140000,29431.5,29434.0,29416.0,29420.75,3661.0,
432658,MNQ,1m,1788190200000,29420.75,29425.25,29400.0,29404.25,7045.0,
432659,MNQ,1m,1788190260000,29404.0,29404.75,29386.0,29402.0,6738.0,
432660,MNQ,1m,1788190320000,29402.25,29408.75,29394.5,29395.5,4481.0,
432661,MNQ,1m,1788190380000,29395.25,29398.75,29390.25,29391.0,2342.0,
432662,MNQ,1m,1788190440000,29391.25,29401.5,29389.0,29397.25,3988.0,
432663,MNQ,1m,1788190500000,29397.5,29402.5,29393.75,29396.0,3481.0,
432664,MNQ,1m,1788190560000,29395.5,29404.25,29391.25,29400.75,2912.0,
432665,MNQ,1m,1788190620000,29401.25,29404.75,29389.0,29395.5,3246.0,
432666,MNQ,1m,1788190680000,29395.75,29401.25,29388.0,29392.25,2699.0,
432667,MNQ,1m,1788190740000,29392.0,29398.25,29383.75,29397.0,3287.0,
432668,MNQ,1m,1788190800000,29397.5,29398.75,29387.25,29389.75,2000.0,
432669,MNQ,1m,1788190860000,29390.5,29394.0,29381.75,29392.75,3205.0,
432670,MNQ,1m,1788190920000,29392.5,29398.0,29386.0,29396.5,2439.0,
432671,MNQ,1m,1788190980000,29396.75,29407.0,29391.5,29395.25,4017.0,
432672,MNQ,1m,1788191040000,29395.25,29409.25,29393.25,29408.5,2649.0,
432673,MNQ,1m,1788191100000,29408.5,29414.5,29395.25,29400.5,4514.0,
432674,MNQ,1m,1788191160000,29400.5,29418.5,29400.0,29413.75,4125.0,
432675,MNQ,1m,1788191220000,29414.0,29418.0,29401.5,29402.25,2706.0,
432676,MNQ,1m,1788191280000,29402.25,29412.5,29401.5,29408.75,2040.0,
432677,MNQ,1m,1788191340000,29408.5,29414.25,29407.5,29410.75,1693.0,
432678,MNQ,1m,1788191400000,29410.5,29427.0,29410.5,29425.75,4228.0,
432679,MNQ,1m,1788191460000,29425.75,29430.5,29419.75,29423.75,3671.0,
432680,MNQ,1m,1788191520000,29423.75,29426.25,29420.0,29425.75,1698.0,
432681,MNQ,1m,1788191580000,29425.75,29432.75,29420.75,29422.25,3170.0,
432682,MNQ,1m,1788191640000,29422.25,29424.75,29417.5,29418.75,2059.0,
432683,MNQ,1m,1788191700000,29418.75,29422.75,29402.5,29409.75,3862.0,
432684,MNQ,1m,1788191760000,29409.75,29414.75,29397.25,29398.75,3652.0,
432685,MNQ,1m,1788191820000,29398.75,29404.0,29394.5,29400.75,2936.0,
432686,MNQ,1m,1788191880000,29400.0,29400.75,29390.0,29395.0,2997.0,
432687,MNQ,1m,1788191940000,29394.5,29398.5,29384.25,29389.0,3341.0,
432688,MNQ,1m,1788192000000,29389.0,29390.5,29377.0,29379.25,4644.0,
432689,MNQ,1m,1788192060000,29379.0,29380.5,29369.0,29379.25,5117.0,
432690,MNQ,1m,1788192120000,29379.5,29382.75,29372.0,29374.75,2697.0,
432691,MNQ,1m,1788192180000,29374.5,29379.0,29371.5,29374.5,2129.0,
432692,MNQ,1m,1788192240000,29374.75,29375.25,29365.25,29369.75,2976.0,
432693,MNQ,1m,1788192300000,29369.75,29374.75,29366.5,29368.25,2359.0,
432694,MNQ,1m,1788192360000,29367.75,29372.0,29363.25,29371.5,2726.0,
432695,MNQ,1m,1788192420000,29371.5,29376.25,29368.5,29370.5,2221.0,
432696,MNQ,1m,1788192480000,29370.5,29372.75,29364.5,29370.0,1901.0,
432697,MNQ,1m,1788192540000,29369.75,29378.5,29368.25,29373.5,2368.0,
432698,MNQ,1m,1788192600000,29373.75,29399.5,29370.25,29396.75,6066.0,
432699,MNQ,1m,1788192660000,29396.75,29408.25,29391.75,29406.5,4072.0,
432700,MNQ,1m,1788192720000,29405.5,29413.0,29399.5,29402.5,4364.0,
432701,MNQ,1m,1788192780000,29402.5,29404.25,29395.25,29396.75,2107.0,
432702,MNQ,1m,1788192840000,29397.0,29411.75,29393.75,29407.75,3017.0,
432703,MNQ,1m,1788192900000,29408.0,29411.0,29403.75,29405.0,1979.0,
432704,MNQ,1m,1788192960000,29404.5,29407.0,29394.0,29396.5,2788.0,
432705,MNQ,1m,1788193020000,29396.75,29397.0,29382.25,29389.75,4223.0,
432706,MNQ,1m,1788193080000,29389.75,29391.75,29384.75,29388.5,1738.0,
432707,MNQ,1m,1788193140000,29388.5,29400.5,29385.25,29399.75,2320.0,
432708,MNQ,1m,1788193200000,29399.75,29406.75,29399.25,29404.0,2838.0,
432709,MNQ,1m,1788193260000,29403.75,29407.25,29397.75,29402.5,1930.0,
432710,MNQ,1m,1788193320000,29402.75,29404.25,29389.75,29400.0,2645.0,
432711,MNQ,1m,1788193380000,29399.25,29401.25,29391.75,29392.0,1804.0,
432712,MNQ,1m,1788193440000,29392.0,29405.0,29391.5,29400.0,1942.0,
432713,MNQ,1m,1788193500000,29400.25,29409.0,29399.5,29405.0,2657.0,
432714,MNQ,1m,1788193560000,29405.25,29414.25,29401.5,29413.5,2222.0,
432715,MNQ,1m,1788193620000,29413.75,29417.75,29411.0,29417.5,3062.0,
432716,MNQ,1m,1788193680000,29417.5,29421.0,29413.25,29419.75,2244.0,
432717,MNQ,1m,1788193740000,29419.5,29426.75,29419.25,29425.25,2502.0,
432718,MNQ,1m,1788193800000,29425.25,29426.75,29410.25,29414.75,6884.0,
432719,MNQ,1m,1788193860000,29414.75,29421.5,29408.0,29414.75,2909.0,
432720,MNQ,1m,1788193920000,29414.0,29415.0,29409.25,29413.5,1627.0,
432721,MNQ,1m,1788193980000,29414.0,29419.0,29412.25,29414.0,1509.0,
432722,MNQ,1m,1788194040000,29413.75,29421.5,29412.5,29416.0,1522.0,
432723,MNQ,1m,1788194100000,29416.25,29426.25,29416.25,29418.75,2113.0,
432724,MNQ,1m,1788194160000,29418.5,29424.0,29416.5,29420.0,1230.0,
432725,MNQ,1m,1788194220000,29420.0,29420.25,29413.25,29415.5,1659.0,
432726,MNQ,1m,1788194280000,29416.25,29419.25,29403.25,29405.0,2665.0,
432727,MNQ,1m,1788194340000,29405.0,29407.5,29395.0,29396.0,3311.0,
432728,MNQ,1m,1788194400000,29395.75,29405.25,29394.75,29405.25,2567.0,
432729,MNQ,1m,1788194460000,29405.0,29424.0,29404.5,29423.75,3522.0,
432730,MNQ,1m,1788194520000,29423.5,29425.0,29416.25,29418.5,2772.0,
432731,MNQ,1m,1788194580000,29418.0,29431.25,29413.5,29428.25,3260.0,
432732,MNQ,1m,1788194640000,29428.5,29428.75,29412.25,29413.5,2908.0,
432733,MNQ,1m,1788194700000,29413.5,29419.0,29412.0,29413.25,1479.0,
432734,MNQ,1m,1788194760000,29413.0,29416.75,29409.5,29412.5,1420.0,
432735,MNQ,1m,1788194820000,29411.75,29415.5,29409.75,29413.5,1002.0,
432736,MNQ,1m,1788194880000,29413.0,29428.5,29411.75,29428.25,1955.0,
432737,MNQ,1m,1788194940000,29428.25,29433.75,29424.75,29426.25,3273.0,
432738,MNQ,1m,1788195000000,29426.25,29432.5,29422.0,29432.0,1956.0,
432739,MNQ,1m,1788195060000,29432.0,29437.5,29430.5,29435.25,2186.0,
432740,MNQ,1m,1788195120000,29435.0,29438.25,29429.5,29430.25,2027.0,
432741,MNQ,1m,1788195180000,29430.25,29439.75,29430.25,29433.0,1935.0,
432742,MNQ,1m,1788195240000,29433.25,29434.25,29428.25,29432.0,1614.0,
432743,MNQ,1m,1788195300000,29431.5,29437.5,29431.0,29434.75,1134.0,
432744,MNQ,1m,1788195360000,29434.75,29439.25,29433.0,29436.75,1338.0,
432745,MNQ,1m,1788195420000,29436.5,29443.25,29435.5,29441.25,2184.0,
432746,MNQ,1m,1788195480000,29441.25,29443.0,29436.75,29436.75,1581.0,
432747,MNQ,1m,1788195540000,29436.5,29443.25,29431.5,29439.75,2436.0,
432748,MNQ,1m,1788195600000,29440.0,29441.25,29429.5,29430.25,2470.0,
432749,MNQ,1m,1788195660000,29430.0,29438.25,29426.75,29437.25,2408.0,
432750,MNQ,1m,1788195720000,29437.5,29438.5,29429.25,29434.75,1433.0,
432751,MNQ,1m,1788195780000,29434.75,29436.5,29426.0,29426.0,1345.0,
432752,MNQ,1m,1788195840000,29426.25,29430.0,29422.75,29429.25,2047.0,
432753,MNQ,1m,1788195900000,29429.25,29438.5,29427.5,29428.0,2469.0,
432754,MNQ,1m,1788195960000,29427.75,29430.25,29421.0,29424.5,2121.0,
432755,MNQ,1m,1788196020000,29424.75,29428.0,29420.5,29427.0,1532.0,
432756,MNQ,1m,1788196080000,29426.75,29431.25,29417.5,29419.5,2257.0,
432757,MNQ,1m,1788196140000,29419.25,29423.75,29418.75,29418.75,1255.0,
432758,MNQ,1m,1788196200000,29419.0,29422.25,29415.5,29417.25,1863.0,
432759,MNQ,1m,1788196260000,29416.75,29422.0,29415.25,29419.5,1348.0,
432760,MNQ,1m,1788196320000,29419.75,29422.5,29417.25,29419.75,1212.0,
432761,MNQ,1m,1788196380000,29420.25,29427.25,29419.25,29421.75,1618.0,
432762,MNQ,1m,1788196440000,29422.25,29426.25,29419.25,29423.5,1381.0,
432763,MNQ,1m,1788196500000,29423.75,29427.75,29416.5,29427.0,2157.0,
432764,MNQ,1m,1788196560000,29427.25,29434.25,29426.0,29433.75,2191.0,
432765,MNQ,1m,1788196620000,29433.75,29434.75,29421.0,29421.75,1965.0,
432766,MNQ,1m,1788196680000,29422.0,29423.5,29415.75,29416.0,2044.0,
432767,MNQ,1m,1788196740000,29416.0,29422.5,29410.75,29419.25,3102.0,
432768,MNQ,1m,1788196800000,29419.75,29421.5,29413.75,29417.5,1537.0,
432769,MNQ,1m,1788196860000,29417.5,29420.5,29414.25,29416.0,1163.0,
432770,MNQ,1m,1788196920000,29415.75,29425.25,29415.0,29421.0,1456.0,
432771,MNQ,1m,1788196980000,29421.25,29425.25,29420.25,29424.5,825.0,
432772,MNQ,1m,1788197040000,29424.0,29424.5,29417.25,29418.5,989.0,
432773,MNQ,1m,1788197100000,29418.5,29420.0,29404.25,29405.5,2914.0,
432774,MNQ,1m,1788197160000,29405.0,29406.0,29401.5,29401.5,1836.0,
432775,MNQ,1m,1788197220000,29401.25,29404.0,29399.0,29403.25,1673.0,
432776,MNQ,1m,1788197280000,29403.0,29404.75,29399.5,29400.25,1347.0,
432777,MNQ,1m,1788197340000,29400.0,29401.5,29393.75,29396.75,2462.0,
432778,MNQ,1m,1788197400000,29397.25,29398.75,29392.0,29394.0,2522.0,
432779,MNQ,1m,1788197460000,29393.5,29398.0,29389.75,29397.25,2280.0,
432780,MNQ,1m,1788197520000,29397.75,29402.75,29393.25,29401.0,2549.0,
432781,MNQ,1m,1788197580000,29401.25,29404.0,29399.25,29403.5,1858.0,
432782,MNQ,1m,1788197640000,29403.5,29405.0,29388.25,29388.25,2626.0,
432783,MNQ,1m,1788197700000,29388.75,29399.5,29388.5,29397.5,2009.0,
432784,MNQ,1m,1788197760000,29397.75,29410.25,29394.0,29409.25,2938.0,
432785,MNQ,1m,1788197820000,29409.0,29412.5,29407.0,29409.5,1957.0,
432786,MNQ,1m,1788197880000,29409.25,29410.5,29404.0,29405.5,1283.0,
432787,MNQ,1m,1788197940000,29406.0,29417.25,29405.25,29416.5,1863.0,
432788,MNQ,1m,1788198000000,29416.25,29423.0,29414.5,29420.5,2914.0,
432789,MNQ,1m,1788198060000,29420.75,29432.75,29420.25,29432.5,3169.0,
432790,MNQ,1m,1788198120000,29432.25,29434.5,29424.25,29424.25,2651.0,
432791,MNQ,1m,1788198180000,29424.25,29439.5,29422.25,29436.75,2896.0,
432792,MNQ,1m,1788198240000,29437.0,29439.75,29434.5,29439.5,1730.0,
432793,MNQ,1m,1788198300000,29439.75,29444.25,29435.0,29436.75,3412.0,
432794,MNQ,1m,1788198360000,29437.25,29438.75,29431.0,29436.25,2064.0,
432795,MNQ,1m,1788198420000,29436.0,29441.25,29435.5,29439.0,1572.0,
432796,MNQ,1m,1788198480000,29438.5,29442.75,29435.75,29439.5,1111.0,
432797,MNQ,1m,1788198540000,29439.5,29445.0,29436.25,29437.5,1912.0,
432798,MNQ,1m,1788198600000,29437.0,29456.5,29436.0,29450.5,5134.0,
432799,MNQ,1m,1788198660000,29450.5,29456.75,29449.75,29454.25,2519.0,
432800,MNQ,1m,1788198720000,29454.0,29457.75,29450.0,29450.75,1858.0,
432801,MNQ,1m,1788198780000,29451.25,29455.25,29448.5,29452.5,1261.0,
432802,MNQ,1m,1788198840000,29452.75,29454.25,29450.0,29453.25,874.0,
432803,MNQ,1m,1788198900000,29452.75,29456.25,29446.0,29449.25,1932.0,
432804,MNQ,1m,1788198960000,29449.25,29450.75,29444.25,29447.0,1645.0,
432805,MNQ,1m,1788199020000,29446.75,29447.75,29436.25,29437.25,2716.0,
432806,MNQ,1m,1788199080000,29436.75,29438.75,29432.25,29435.5,2653.0,
432807,MNQ,1m,1788199140000,29435.25,29442.25,29434.0,29442.0,1840.0,
432808,MNQ,1m,1788199200000,29442.0,29442.0,29422.25,29427.75,6740.0,
432809,MNQ,1m,1788199260000,29427.5,29443.25,29427.25,29441.0,3352.0,
432810,MNQ,1m,1788199320000,29440.75,29447.25,29436.75,29441.75,3491.0,
432811,MNQ,1m,1788199380000,29442.0,29453.25,29440.75,29450.0,2602.0,
432812,MNQ,1m,1788199440000,29450.0,29454.0,29446.75,29451.5,1826.0,
432813,MNQ,1m,1788199500000,29451.0,29451.25,29443.0,29443.5,1876.0,
432814,MNQ,1m,1788199560000,29443.5,29456.0,29443.25,29455.5,2216.0,
432815,MNQ,1m,1788199620000,29455.5,29457.25,29448.5,29450.5,1595.0,
432816,MNQ,1m,1788199680000,29450.5,29455.75,29448.5,29455.0,1239.0,
432817,MNQ,1m,1788199740000,29455.25,29460.25,29452.75,29455.0,2185.0,
432818,MNQ,1m,1788199800000,29455.0,29456.25,29450.75,29452.25,1340.0,
432819,MNQ,1m,1788199860000,29452.5,29453.75,29444.75,29447.75,1886.0,
432820,MNQ,1m,1788199920000,29447.5,29448.5,29443.5,29444.0,1387.0,
432821,MNQ,1m,1788199980000,29444.25,29450.75,29442.0,29443.25,1609.0,
432822,MNQ,1m,1788200040000,29442.75,29449.75,29442.75,29446.5,1007.0,
432823,MNQ,1m,1788200100000,29447.0,29453.5,29446.5,29452.0,1671.0,
432824,MNQ,1m,1788200160000,29452.0,29457.75,29444.5,29455.75,2379.0,
432825,MNQ,1m,1788200220000,29455.5,29455.75,29449.25,29450.0,1181.0,
432826,MNQ,1m,1788200280000,29450.5,29455.5,29447.75,29453.5,1352.0,
432827,MNQ,1m,1788200340000,29453.5,29454.5,29449.75,29454.5,743.0,
432828,MNQ,1m,1788200400000,29454.0,29461.75,29452.25,29456.75,2275.0,
432829,MNQ,1m,1788200460000,29456.0,29456.75,29447.0,29447.75,1834.0,
432830,MNQ,1m,1788200520000,29447.75,29450.75,29444.75,29446.25,1683.0,
432831,MNQ,1m,1788200580000,29446.0,29456.25,29445.75,29455.25,1799.0,
432832,MNQ,1m,1788200640000,29455.5,29460.5,29453.0,29454.25,1861.0,
432833,MNQ,1m,1788200700000,29454.0,29455.25,29444.75,29447.0,1932.0,
432834,MNQ,1m,1788200760000,29446.5,29448.0,29438.0,29441.5,2978.0,
432835,MNQ,1m,1788200820000,29441.75,29446.5,29441.5,29443.5,1550.0,
432836,MNQ,1m,1788200880000,29443.25,29448.5,29442.75,29443.0,1199.0,
432837,MNQ,1m,1788200940000,29442.75,29445.25,29437.0,29438.25,1648.0,
432838,MNQ,1m,1788201000000,29438.0,29443.5,29436.0,29441.5,2107.0,
432839,MNQ,1m,1788201060000,29441.75,29442.25,29434.0,29437.5,2402.0,
432840,MNQ,1m,1788201120000,29437.5,29438.0,29431.0,29436.75,1863.0,
432841,MNQ,1m,1788201180000,29436.5,29436.5,29430.5,29431.0,1321.0,
432842,MNQ,1m,1788201240000,29430.75,29433.75,29422.25,29424.0,2933.0,
432843,MNQ,1m,1788201300000,29423.75,29429.5,29410.5,29411.25,5491.0,
432844,MNQ,1m,1788201360000,29411.5,29416.0,29407.0,29412.0,4427.0,
432845,MNQ,1m,1788201420000,29412.25,29413.75,29405.75,29407.75,2301.0,
432846,MNQ,1m,1788201480000,29407.5,29409.25,29392.0,29394.25,5285.0,
432847,MNQ,1m,1788201540000,29394.0,29401.5,29393.0,29397.5,3257.0,
432848,MNQ,1m,1788201600000,29397.0,29402.5,29392.25,29401.0,2989.0,
432849,MNQ,1m,1788201660000,29400.75,29404.25,29389.5,29390.75,3707.0,
432850,MNQ,1m,1788201720000,29390.75,29402.5,29388.75,29398.25,3087.0,
432851,MNQ,1m,1788201780000,29398.0,29398.75,29382.5,29388.75,4397.0,
432852,MNQ,1m,1788201840000,29388.25,29399.5,29386.75,29399.25,3099.0,
432853,MNQ,1m,1788201900000,29399.75,29401.75,29392.5,29394.0,2440.0,
432854,MNQ,1m,1788201960000,29394.0,29397.75,29391.0,29397.25,2093.0,
432855,MNQ,1m,1788202020000,29397.5,29400.25,29392.25,29394.5,2337.0,
432856,MNQ,1m,1788202080000,29394.75,29404.75,29390.25,29404.0,2511.0,
432857,MNQ,1m,1788202140000,29404.0,29406.5,29401.0,29404.75,2129.0,
432858,MNQ,1m,1788202200000,29404.5,29405.75,29397.0,29401.0,2180.0,
432859,MNQ,1m,1788202260000,29401.0,29405.0,29395.75,29402.5,1372.0,
432860,MNQ,1m,1788202320000,29402.75,29410.25,29401.5,29408.25,2247.0,
432861,MNQ,1m,1788202380000,29408.5,29415.0,29405.25,29410.5,3181.0,
432862,MNQ,1m,1788202440000,29410.75,29414.75,29404.0,29408.75,1986.0,
432863,MNQ,1m,1788202500000,29408.75,29408.75,29400.25,29402.0,1936.0,
432864,MNQ,1m,1788202560000,29402.75,29411.5,29400.5,29409.5,1753.0,
432865,MNQ,1m,1788202620000,29409.75,29414.25,29404.5,29409.5,1805.0,
432866,MNQ,1m,1788202680000,29409.25,29416.0,29408.5,29414.75,1927.0,
432867,MNQ,1m,1788202740000,29414.75,29420.5,29403.25,29404.0,3111.0,
432868,MNQ,1m,1788202800000,29404.5,29425.75,29404.5,29419.0,4290.0,
432869,MNQ,1m,1788202860000,29419.0,29422.5,29410.75,29413.75,2148.0,
432870,MNQ,1m,1788202920000,29414.0,29418.75,29412.25,29415.75,1479.0,
432871,MNQ,1m,1788202980000,29416.0,29419.25,29414.75,29417.5,1087.0,
432872,MNQ,1m,1788203040000,29417.0,29417.5,29411.5,29411.75,1426.0,
432873,MNQ,1m,1788203100000,29412.0,29417.0,29408.5,29411.0,1438.0,
432874,MNQ,1m,1788203160000,29410.75,29411.5,29403.0,29408.25,2308.0,
432875,MNQ,1m,1788203220000,29408.0,29414.5,29407.25,29413.0,1297.0,
432876,MNQ,1m,1788203280000,29412.75,29421.75,29412.5,29421.5,2010.0,
432877,MNQ,1m,1788203340000,29421.25,29424.0,29418.25,29421.75,1515.0,
432878,MNQ,1m,1788203400000,29422.0,29428.5,29421.25,29423.0,3101.0,
432879,MNQ,1m,1788203460000,29423.5,29427.5,29417.5,29421.75,1935.0,
432880,MNQ,1m,1788203520000,29421.5,29426.25,29419.75,29421.0,1416.0,
432881,MNQ,1m,1788203580000,29421.0,29422.5,29414.75,29421.0,1820.0,
432882,MNQ,1m,1788203640000,29421.25,29429.5,29420.75,29425.5,2047.0,
432883,MNQ,1m,1788203700000,29425.25,29428.5,29419.25,29422.25,1768.0,
432884,MNQ,1m,1788203760000,29422.25,29426.25,29419.75,29425.5,1120.0,
432885,MNQ,1m,1788203820000,29425.75,29428.25,29421.25,29423.25,1275.0,
432886,MNQ,1m,1788203880000,29423.0,29424.25,29417.0,29423.0,1398.0,
432887,MNQ,1m,1788203940000,29422.5,29426.25,29421.25,29422.0,1058.0,
432888,MNQ,1m,1788204000000,29421.5,29425.0,29419.75,29423.0,1135.0,
432889,MNQ,1m,1788204060000,29423.0,29426.75,29418.5,29420.5,1163.0,
432890,MNQ,1m,1788204120000,29420.25,29432.25,29418.75,29432.25,2110.0,
432891,MNQ,1m,1788204180000,29432.5,29441.75,29430.0,29432.0,4168.0,
432892,MNQ,1m,1788204240000,29432.5,29436.25,29432.25,29432.5,1129.0,
432893,MNQ,1m,1788204300000,29432.5,29434.75,29429.0,29430.75,1455.0,
432894,MNQ,1m,1788204360000,29431.25,29439.0,29427.75,29436.5,1880.0,
432895,MNQ,1m,1788204420000,29436.25,29448.75,29435.5,29448.25,2499.0,
432896,MNQ,1m,1788204480000,29448.25,29453.75,29445.75,29447.0,3474.0,
432897,MNQ,1m,1788204540000,29446.75,29450.25,29444.0,29447.75,1823.0,
432898,MNQ,1m,1788204600000,29447.75,29449.5,29440.0,29443.5,2738.0,
432899,MNQ,1m,1788204660000,29443.5,29447.25,29431.75,29433.75,3161.0,
432900,MNQ,1m,1788204720000,29434.25,29439.25,29434.25,29435.0,1395.0,
432901,MNQ,1m,1788204780000,29435.25,29437.5,29430.75,29437.0,1669.0,
432902,MNQ,1m,1788204840000,29437.0,29445.0,29434.75,29444.75,1837.0,
432903,MNQ,1m,1788204900000,29444.75,29449.75,29439.5,29448.0,1984.0,
432904,MNQ,1m,1788204960000,29448.5,29453.0,29445.25,29445.25,1967.0,
432905,MNQ,1m,1788205020000,29445.0,29454.25,29444.25,29451.25,1359.0,
432906,MNQ,1m,1788205080000,29451.25,29456.75,29449.25,29450.25,1617.0,
432907,MNQ,1m,1788205140000,29449.5,29454.0,29448.0,29451.5,1238.0,
432908,MNQ,1m,1788205200000,29451.5,29453.25,29447.0,29449.5,1062.0,
432909,MNQ,1m,1788205260000,29449.75,29457.5,29449.25,29456.5,1902.0,
432910,MNQ,1m,1788205320000,29456.5,29475.75,29456.25,29471.25,6572.0,
432911,MNQ,1m,1788205380000,29471.25,29482.0,29469.25,29479.75,3763.0,
432912,MNQ,1m,1788205440000,29480.0,29483.25,29474.5,29476.5,4141.0,
432913,MNQ,1m,1788205500000,29476.75,29481.25,29471.0,29480.0,3651.0,
432914,MNQ,1m,1788205560000,29480.25,29486.0,29468.5,29476.75,4435.0,
432915,MNQ,1m,1788205620000,29477.25,29478.0,29461.0,29463.75,3111.0,
432916,MNQ,1m,1788205680000,29463.75,29470.5,29458.5,29462.75,2896.0,
432917,MNQ,1m,1788205740000,29462.25,29476.5,29458.5,29474.0,2553.0,
432918,MNQ,1m,1788205800000,29474.25,29529.5,29474.0,29514.25,12499.0,
432919,MNQ,1m,1788205860000,29514.75,29529.0,29505.75,29525.75,4399.0,
432920,MNQ,1m,1788205920000,29526.25,29534.5,29521.0,29530.5,4515.0,
432921,MNQ,1m,1788205980000,29530.5,29533.25,29516.0,29519.5,3798.0,
432922,MNQ,1m,1788206040000,29519.5,29526.0,29501.5,29524.25,6603.0,
432923,MNQ,1m,1788206100000,29524.0,29524.0,29501.75,29506.5,5896.0,
432924,MNQ,1m,1788206160000,29506.5,29515.75,29503.5,29514.75,2525.0,
432925,MNQ,1m,1788206220000,29515.5,29518.75,29507.0,29509.0,2262.0,
432926,MNQ,1m,1788206280000,29509.0,29514.5,29504.25,29509.75,3983.0,
432927,MNQ,1m,1788206340000,29509.25,29538.0,29498.25,29507.5,22274.0,
432928,MNQ,1m,1788206400000,29507.5,29525.75,29505.0,29516.75,5917.0,
432929,MNQ,1m,1788206460000,29516.75,29525.5,29512.25,29525.0,2201.0,
432930,MNQ,1m,1788206520000,29525.0,29526.75,29513.75,29521.75,2293.0,
432931,MNQ,1m,1788206580000,29521.75,29527.0,29519.0,29522.75,1288.0,
432932,MNQ,1m,1788206640000,29522.25,29524.0,29516.0,29516.0,1082.0,
432933,MNQ,1m,1788206700000,29516.0,29522.25,29515.75,29519.0,1037.0,
432934,MNQ,1m,1788206760000,29519.0,29520.25,29514.25,29518.25,847.0,
432935,MNQ,1m,1788206820000,29518.0,29523.5,29516.75,29521.25,550.0,
432936,MNQ,1m,1788206880000,29521.25,29527.0,29520.75,29525.75,780.0,
432937,MNQ,1m,1788206940000,29524.75,29525.75,29516.25,29520.5,814.0,
432938,MNQ,1m,1788207000000,29520.75,29524.25,29518.75,29520.25,664.0,
432939,MNQ,1m,1788207060000,29519.75,29522.25,29518.5,29520.5,623.0,
432940,MNQ,1m,1788207120000,29521.25,29521.75,29513.25,29514.25,853.0,
432941,MNQ,1m,1788207180000,29513.75,29516.25,29509.25,29511.0,1079.0,
432942,MNQ,1m,1788207240000,29511.0,29512.0,29507.75,29511.75,783.0,
432943,MNQ,1m,1788207300000,29511.5,29516.0,29510.5,29512.5,814.0,
432944,MNQ,1m,1788207360000,29512.75,29514.0,29509.0,29512.75,356.0,
432945,MNQ,1m,1788207420000,29513.0,29515.5,29511.75,29514.0,340.0,
432946,MNQ,1m,1788207480000,29514.5,29514.75,29512.5,29514.25,217.0,
432947,MNQ,1m,1788207540000,29514.0,29514.0,29511.0,29512.75,250.0,
432948,MNQ,1m,1788207600000,29512.25,29512.25,29507.5,29508.0,375.0,
432949,MNQ,1m,1788207660000,29508.25,29511.75,29507.75,29510.5,364.0,
432950,MNQ,1m,1788207720000,29510.5,29511.25,29508.25,29509.0,298.0,
432951,MNQ,1m,1788207780000,29509.25,29510.0,29508.0,29508.25,147.0,
432952,MNQ,1m,1788207840000,29508.75,29511.0,29508.25,29510.5,199.0,
432953,MNQ,1m,1788207900000,29510.5,29518.0,29509.75,29515.5,625.0,
432954,MNQ,1m,1788207960000,29516.0,29516.5,29513.5,29515.75,307.0,
432955,MNQ,1m,1788208020000,29515.25,29515.25,29514.0,29514.75,184.0,
432956,MNQ,1m,1788208080000,29514.25,29514.75,29512.5,29513.25,282.0,
432957,MNQ,1m,1788208140000,29514.0,29515.75,29513.5,29513.5,206.0,
432958,MNQ,1m,1788208200000,29513.5,29513.5,29511.25,29512.25,379.0,
432959,MNQ,1m,1788208260000,29511.75,29513.0,29509.75,29511.75,257.0,
432960,MNQ,1m,1788208320000,29511.75,29514.75,29510.75,29513.0,282.0,
432961,MNQ,1m,1788208380000,29512.75,29514.25,29511.25,29512.75,196.0,
432962,MNQ,1m,1788208440000,29513.0,29516.0,29512.75,29514.5,327.0,
432963,MNQ,1m,1788208500000,29514.5,29516.75,29513.75,29516.25,252.0,
432964,MNQ,1m,1788208560000,29516.5,29517.5,29513.25,29513.25,296.0,
432965,MNQ,1m,1788208620000,29513.0,29514.75,29513.0,29514.75,204.0,
432966,MNQ,1m,1788208680000,29514.25,29517.75,29514.25,29517.25,183.0,
432967,MNQ,1m,1788208740000,29517.0,29517.25,29515.5,29516.0,173.0,
432968,MNQ,1m,1788208800000,29516.5,29518.0,29515.75,29516.75,306.0,
432969,MNQ,1m,1788208860000,29517.5,29519.75,29516.25,29518.75,234.0,
432970,MNQ,1m,1788208920000,29518.75,29520.25,29517.25,29519.0,322.0,
432971,MNQ,1m,1788208980000,29518.75,29520.25,29515.5,29517.75,427.0,
432972,MNQ,1m,1788209040000,29517.75,29518.0,29515.5,29517.0,273.0,
432973,MNQ,1m,1788209100000,29516.25,29517.75,29514.5,29514.5,715.0,
432974,MNQ,1m,1788209160000,29515.25,29515.75,29512.75,29513.0,371.0,
432975,MNQ,1m,1788209220000,29513.0,29514.5,29512.25,29513.0,178.0,
432976,MNQ,1m,1788209280000,29512.25,29514.25,29512.25,29512.25,149.0,
432977,MNQ,1m,1788209340000,29512.25,29512.75,29507.0,29507.25,528.0,
432978,MNQ,1m,1788209400000,29507.75,29512.0,29507.0,29510.5,445.0,
432979,MNQ,1m,1788209460000,29511.25,29512.5,29509.25,29511.5,182.0,
432980,MNQ,1m,1788209520000,29512.0,29515.0,29511.25,29515.0,160.0,
432981,MNQ,1m,1788209580000,29514.75,29517.25,29514.75,29516.75,109.0,
432982,MNQ,1m,1788209640000,29516.5,29517.5,29515.75,29516.5,138.0,
432983,MNQ,1m,1788209700000,29516.5,29519.25,29514.25,29514.5,535.0,
432984,MNQ,1m,1788209760000,29514.75,29517.25,29514.25,29516.0,182.0,
432985,MNQ,1m,1788209820000,29516.0,29517.0,29514.5,29516.25,82.0,
432986,MNQ,1m,1788209880000,29516.0,29518.25,29514.5,29517.25,140.0,
432987,MNQ,1m,1788209940000,29517.0,29524.0,29517.0,29521.5,320.0,
432988,MNQ,1m,1788213600000,29518.5,29524.0,29507.25,29510.0,1793.0,
432989,MNQ,1m,1788213660000,29510.25,29515.0,29503.5,29512.75,808.0,
432990,MNQ,1m,1788213720000,29513.5,29515.25,29504.0,29506.5,696.0,
432991,MNQ,1m,1788213780000,29506.0,29507.25,29501.25,29503.25,523.0,
432992,MNQ,1m,1788213840000,29503.25,29509.25,29501.75,29506.25,387.0,
432993,MNQ,1m,1788213900000,29507.0,29512.5,29506.25,29508.25,590.0,
432994,MNQ,1m,1788213960000,29509.0,29510.75,29502.0,29506.25,467.0,
432995,MNQ,1m,1788214020000,29506.25,29508.25,29503.25,29503.75,181.0,
432996,MNQ,1m,1788214080000,29504.5,29507.0,29500.75,29506.0,438.0,
432997,MNQ,1m,1788214140000,29505.5,29509.75,29505.0,29508.25,311.0,
432998,MNQ,1m,1788214200000,29509.0,29510.25,29505.0,29505.5,354.0,
432999,MNQ,1m,1788214260000,29505.25,29508.75,29503.25,29506.75,431.0,
433000,MNQ,1m,1788214320000,29507.25,29509.75,29505.75,29506.75,193.0,
433001,MNQ,1m,1788214380000,29506.75,29506.75,29504.25,29505.5,120.0,
433002,MNQ,1m,1788214440000,29505.0,29507.75,29502.75,29507.5,271.0,
433003,MNQ,1m,1788214500000,29507.0,29508.5,29505.25,29505.25,152.0,
433004,MNQ,1m,1788214560000,29505.0,29505.0,29499.0,29500.75,587.0,
433005,MNQ,1m,1788214620000,29501.25,29503.0,29500.5,29501.75,251.0,
433006,MNQ,1m,1788214680000,29501.5,29501.5,29497.75,29500.5,240.0,
433007,MNQ,1m,1788214740000,29500.0,29503.5,29499.5,29502.75,199.0,
433008,MNQ,1m,1788214800000,29502.25,29502.5,29499.75,29501.5,153.0,
433009,MNQ,1m,1788214860000,29501.5,29503.0,29501.25,29502.0,94.0,
433010,MNQ,1m,1788214920000,29502.5,29503.5,29501.0,29501.25,226.0,
433011,MNQ,1m,1788214980000,29502.25,29502.25,29499.75,29500.25,115.0,
433012,MNQ,1m,1788215040000,29500.25,29504.5,29500.0,29504.25,209.0,
433013,MNQ,1m,1788215100000,29504.25,29506.25,29501.75,29502.75,300.0,
433014,MNQ,1m,1788215160000,29503.0,29503.5,29501.75,29501.75,130.0,
433015,MNQ,1m,1788215220000,29502.25,29504.0,29500.0,29503.5,236.0,
433016,MNQ,1m,1788215280000,29503.25,29504.5,29502.5,29503.75,138.0,
433017,MNQ,1m,1788215340000,29503.75,29504.0,29501.0,29501.75,154.0,
433018,MNQ,1m,1788215400000,29502.5,29505.5,29502.0,29505.0,243.0,
433019,MNQ,1m,1788215460000,29504.25,29504.75,29502.75,29503.75,116.0,
433020,MNQ,1m,1788215520000,29504.25,29504.5,29502.0,29504.0,89.0,
433021,MNQ,1m,1788215580000,29504.0,29506.0,29502.75,29503.0,189.0,
433022,MNQ,1m,1788215640000,29503.5,29505.5,29502.75,29504.5,222.0,
433023,MNQ,1m,1788215700000,29505.0,29505.0,29502.75,29503.25,114.0,
433024,MNQ,1m,1788215760000,29504.25,29507.0,29503.0,29506.75,147.0,
433025,MNQ,1m,1788215820000,29506.75,29508.5,29503.5,29503.5,404.0,
433026,MNQ,1m,1788215880000,29504.75,29505.5,29502.5,29503.5,142.0,
433027,MNQ,1m,1788215940000,29503.0,29505.75,29502.75,29504.75,90.0,
433028,MNQ,1m,1788216000000,29505.0,29506.5,29504.25,29504.75,104.0,
433029,MNQ,1m,1788216060000,29505.0,29506.0,29503.5,29504.5,75.0,
433030,MNQ,1m,1788216120000,29504.0,29505.25,29503.0,29505.0,60.0,
433031,MNQ,1m,1788216180000,29505.0,29505.5,29503.0,29504.0,91.0,
433032,MNQ,1m,1788216240000,29504.0,29505.75,29503.5,29505.0,105.0,
433033,MNQ,1m,1788216300000,29504.5,29507.25,29504.5,29505.0,157.0,
433034,MNQ,1m,1788216360000,29505.25,29505.25,29500.25,29502.25,289.0,
433035,MNQ,1m,1788216420000,29502.25,29504.0,29498.75,29500.5,322.0,
433036,MNQ,1m,1788216480000,29500.5,29501.25,29496.0,29497.25,826.0,
433037,MNQ,1m,1788216540000,29497.25,29498.5,29492.0,29493.75,669.0,
433038,MNQ,1m,1788216600000,29494.5,29496.5,29493.25,29495.25,390.0,
433039,MNQ,1m,1788216660000,29494.75,29495.75,29492.75,29494.5,379.0,
433040,MNQ,1m,1788216720000,29494.5,29495.0,29493.0,29493.5,150.0,
433041,MNQ,1m,1788216780000,29493.5,29494.0,29490.75,29492.75,444.0,
433042,MNQ,1m,1788216840000,29492.0,29493.25,29491.25,29491.75,199.0,
433043,MNQ,1m,1788216900000,29491.5,29496.0,29491.5,29495.25,281.0,
433044,MNQ,1m,1788216960000,29495.0,29496.5,29493.5,29495.75,268.0,
433045,MNQ,1m,1788217020000,29495.75,29496.25,29494.25,29494.75,248.0,
433046,MNQ,1m,1788217080000,29494.5,29495.75,29494.25,29494.75,83.0,
433047,MNQ,1m,1788217140000,29494.5,29499.25,29492.75,29493.25,501.0,
433048,MNQ,1m,1788217200000,29493.75,29496.25,29487.0,29495.0,828.0,
433049,MNQ,1m,1788217260000,29494.75,29515.75,29490.25,29494.75,1776.0,
433050,MNQ,1m,1788217320000,29495.25,29495.75,29489.5,29491.5,458.0,
433051,MNQ,1m,1788217380000,29491.0,29496.25,29490.0,29493.0,316.0,
433052,MNQ,1m,1788217440000,29493.25,29494.0,29490.25,29491.0,286.0,
433053,MNQ,1m,1788217500000,29492.0,29496.0,29491.5,29494.0,307.0,
433054,MNQ,1m,1788217560000,29493.5,29493.5,29491.75,29493.25,132.0,
433055,MNQ,1m,1788217620000,29493.75,29500.75,29488.0,29494.25,1084.0,
433056,MNQ,1m,1788217680000,29494.25,29495.75,29490.5,29492.75,301.0,
433057,MNQ,1m,1788217740000,29493.0,29506.5,29492.75,29495.5,1069.0,
433058,MNQ,1m,1788217800000,29495.75,29497.0,29483.25,29495.5,1074.0,
433059,MNQ,1m,1788217860000,29496.0,29501.25,29494.75,29494.75,344.0,
433060,MNQ,1m,1788217920000,29495.0,29499.0,29490.0,29497.0,553.0,
433061,MNQ,1m,1788217980000,29497.25,29497.75,29495.25,29496.25,164.0,
433062,MNQ,1m,1788218040000,29497.0,29497.5,29493.25,29495.25,139.0,
433063,MNQ,1m,1788218100000,29496.25,29496.25,29491.0,29491.75,228.0,
433064,MNQ,1m,1788218160000,29491.75,29494.75,29484.0,29492.0,624.0,
433065,MNQ,1m,1788218220000,29492.0,29497.25,29491.5,29494.75,243.0,
433066,MNQ,1m,1788218280000,29494.25,29495.75,29493.0,29494.75,143.0,
433067,MNQ,1m,1788218340000,29495.5,29495.5,29494.25,29494.5,47.0,
433068,MNQ,1m,1788218400000,29494.5,29495.5,29488.0,29488.5,384.0,
433069,MNQ,1m,1788218460000,29488.75,29490.0,29487.0,29488.0,457.0,
433070,MNQ,1m,1788218520000,29487.5,29491.75,29487.5,29490.0,214.0,
433071,MNQ,1m,1788218580000,29489.75,29490.25,29486.75,29488.75,199.0,
433072,MNQ,1m,1788218640000,29489.0,29489.0,29486.5,29489.0,150.0,
433073,MNQ,1m,1788218700000,29489.75,29491.75,29488.75,29491.75,201.0,
433074,MNQ,1m,1788218760000,29491.75,29496.75,29491.5,29496.0,479.0,
433075,MNQ,1m,1788218820000,29495.75,29498.0,29492.75,29497.0,481.0,
433076,MNQ,1m,1788218880000,29497.75,29499.75,29495.5,29497.5,164.0,
433077,MNQ,1m,1788218940000,29497.25,29498.0,29494.75,29497.0,187.0,
433078,MNQ,1m,1788219000000,29497.0,29503.75,29494.5,29503.5,549.0,
433079,MNQ,1m,1788219060000,29504.0,29517.5,29501.0,29504.0,1442.0,
433080,MNQ,1m,1788219120000,29504.25,29506.25,29503.5,29505.25,238.0,
433081,MNQ,1m,1788219180000,29505.25,29506.0,29503.0,29506.0,268.0,
433082,MNQ,1m,1788219240000,29505.75,29513.0,29504.5,29508.25,718.0,
433083,MNQ,1m,1788219300000,29508.25,29514.0,29506.5,29512.5,548.0,
433084,MNQ,1m,1788219360000,29512.75,29514.75,29509.5,29510.5,435.0,
433085,MNQ,1m,1788219420000,29510.25,29511.0,29508.75,29510.25,206.0,
433086,MNQ,1m,1788219480000,29510.5,29510.75,29498.25,29498.5,878.0,
433087,MNQ,1m,1788219540000,29498.5,29506.0,29493.25,29500.75,1142.0,
433088,MNQ,1m,1788219600000,29501.5,29502.5,29500.25,29501.5,268.0,
433089,MNQ,1m,1788219660000,29501.0,29507.75,29501.0,29505.75,402.0,
433090,MNQ,1m,1788219720000,29505.25,29508.5,29505.25,29507.75,419.0,
433091,MNQ,1m,1788219780000,29507.5,29508.0,29501.0,29502.5,353.0,
433092,MNQ,1m,1788219840000,29502.25,29512.5,29501.75,29510.5,686.0,
433093,MNQ,1m,1788219900000,29510.25,29517.25,29504.0,29515.5,1118.0,
433094,MNQ,1m,1788219960000,29515.25,29519.5,29513.0,29516.25,987.0,
433095,MNQ,1m,1788220020000,29516.5,29516.75,29502.0,29505.0,1022.0,
433096,MNQ,1m,1788220080000,29504.5,29511.0,29503.25,29509.75,392.0,
433097,MNQ,1m,1788220140000,29509.75,29510.5,29504.5,29506.25,507.0,
433098,MNQ,1m,1788220200000,29506.25,29508.25,29502.75,29508.0,434.0,
433099,MNQ,1m,1788220260000,29508.0,29511.0,29504.75,29509.5,358.0,
433100,MNQ,1m,1788220320000,29509.5,29512.0,29508.25,29510.0,434.0,
433101,MNQ,1m,1788220380000,29509.75,29509.75,29505.75,29508.5,239.0,
433102,MNQ,1m,1788220440000,29508.5,29509.0,29503.0,29503.5,356.0,
433103,MNQ,1m,1788220500000,29503.25,29506.25,29501.25,29503.0,445.0,
433104,MNQ,1m,1788220560000,29503.0,29503.75,29499.25,29500.75,606.0,
433105,MNQ,1m,1788220620000,29501.0,29503.0,29496.75,29503.0,875.0,
433106,MNQ,1m,1788220680000,29502.75,29503.0,29499.75,29501.25,308.0,
433107,MNQ,1m,1788220740000,29501.0,29502.75,29499.25,29500.75,309.0,
433108,MNQ,1m,1788220800000,29501.25,29516.0,29480.75,29484.25,4611.0,
433109,MNQ,1m,1788220860000,29484.75,29490.75,29480.25,29484.25,1928.0,
433110,MNQ,1m,1788220920000,29484.25,29496.0,29481.0,29492.5,1406.0,
433111,MNQ,1m,1788220980000,29492.5,29504.25,29488.5,29489.5,1682.0,
433112,MNQ,1m,1788221040000,29488.5,29501.75,29487.5,29501.0,1044.0,
433113,MNQ,1m,1788221100000,29500.75,29518.0,29498.5,29509.5,3165.0,
433114,MNQ,1m,1788221160000,29509.25,29510.75,29496.75,29498.0,1571.0,
433115,MNQ,1m,1788221220000,29498.25,29509.0,29498.25,29507.5,990.0,
433116,MNQ,1m,1788221280000,29507.25,29516.75,29507.0,29515.0,1574.0,
433117,MNQ,1m,1788221340000,29515.25,29522.5,29513.75,29517.75,1694.0,
433118,MNQ,1m,1788221400000,29517.5,29517.5,29507.5,29513.25,1414.0,
433119,MNQ,1m,1788221460000,29512.75,29515.25,29502.75,29508.0,969.0,
433120,MNQ,1m,1788221520000,29507.75,29510.25,29499.5,29501.75,1194.0,
433121,MNQ,1m,1788221580000,29501.5,29503.25,29487.0,29492.0,1961.0,
433122,MNQ,1m,1788221640000,29492.25,29492.5,29487.75,29489.5,597.0,
433123,MNQ,1m,1788221700000,29489.5,29492.75,29477.0,29482.0,2173.0,
433124,MNQ,1m,1788221760000,29482.75,29502.25,29478.25,29502.0,2371.0,
433125,MNQ,1m,1788221820000,29501.25,29508.5,29495.5,29496.25,1896.0,
433126,MNQ,1m,1788221880000,29496.5,29501.75,29495.25,29500.0,782.0,
433127,MNQ,1m,1788221940000,29500.25,29513.0,29499.25,29512.25,1303.0,
433128,MNQ,1m,1788222000000,29512.75,29516.0,29510.5,29515.5,916.0,
433129,MNQ,1m,1788222060000,29515.25,29516.75,29510.5,29512.0,693.0,
433130,MNQ,1m,1788222120000,29512.25,29518.75,29504.75,29506.75,1121.0,
433131,MNQ,1m,1788222180000,29507.5,29512.25,29506.25,29509.25,613.0,
433132,MNQ,1m,1788222240000,29508.75,29510.75,29502.25,29503.75,847.0,
433133,MNQ,1m,1788222300000,29503.25,29506.75,29501.25,29503.75,770.0,
433134,MNQ,1m,1788222360000,29503.75,29512.0,29502.75,29511.0,728.0,
433135,MNQ,1m,1788222420000,29511.0,29515.0,29499.0,29499.5,1093.0,
433136,MNQ,1m,1788222480000,29499.5,29508.75,29497.0,29503.5,891.0,
433137,MNQ,1m,1788222540000,29503.5,29503.5,29496.25,29501.5,703.0,
433138,MNQ,1m,1788222600000,29500.75,29517.5,29500.25,29516.5,1172.0,
433139,MNQ,1m,1788222660000,29516.5,29519.5,29511.75,29513.25,958.0,
433140,MNQ,1m,1788222720000,29513.25,29513.75,29488.0,29489.25,1955.0,
433141,MNQ,1m,1788222780000,29489.5,29491.25,29484.25,29489.5,1471.0,
433142,MNQ,1m,1788222840000,29489.25,29494.5,29485.25,29492.25,1032.0,
433143,MNQ,1m,1788222900000,29492.0,29492.25,29485.5,29488.25,538.0,
433144,MNQ,1m,1788222960000,29488.75,29493.0,29486.0,29487.5,688.0,
433145,MNQ,1m,1788223020000,29487.25,29492.0,29486.75,29489.5,395.0,
433146,MNQ,1m,1788223080000,29489.0,29491.75,29486.25,29487.75,518.0,
433147,MNQ,1m,1788223140000,29487.75,29491.0,29486.25,29487.75,423.0,
433148,MNQ,1m,1788223200000,29488.0,29501.0,29485.5,29501.0,1004.0,
433149,MNQ,1m,1788223260000,29500.5,29504.5,29496.25,29499.5,1114.0,
433150,MNQ,1m,1788223320000,29499.5,29508.25,29497.75,29506.0,1013.0,
433151,MNQ,1m,1788223380000,29506.0,29506.5,29496.75,29501.0,825.0,
433152,MNQ,1m,1788223440000,29500.5,29503.5,29499.0,29501.5,270.0,
433153,MNQ,1m,1788223500000,29502.25,29505.5,29501.5,29503.25,531.0,
433154,MNQ,1m,1788223560000,29504.0,29505.0,29492.5,29497.75,1173.0,
433155,MNQ,1m,1788223620000,29498.5,29503.5,29496.75,29501.5,323.0,
433156,MNQ,1m,1788223680000,29502.0,29508.5,29501.25,29505.5,612.0,
433157,MNQ,1m,1788223740000,29506.0,29506.0,29498.0,29504.5,517.0,
433158,MNQ,1m,1788223800000,29505.0,29506.0,29494.5,29497.75,661.0,
433159,MNQ,1m,1788223860000,29498.0,29499.75,29494.25,29496.5,510.0,
433160,MNQ,1m,1788223920000,29496.0,29501.0,29495.5,29497.0,508.0,
433161,MNQ,1m,1788223980000,29496.75,29502.75,29496.75,29501.5,457.0,
433162,MNQ,1m,1788224040000,29501.25,29502.0,29497.0,29499.0,331.0,
433163,MNQ,1m,1788224100000,29499.25,29499.25,29492.0,29495.5,650.0,
433164,MNQ,1m,1788224160000,29496.5,29498.75,29495.0,29496.25,213.0,
433165,MNQ,1m,1788224220000,29496.5,29501.75,29493.75,29499.5,447.0,
433166,MNQ,1m,1788224280000,29499.25,29500.0,29496.5,29497.5,191.0,
433167,MNQ,1m,1788224340000,29497.25,29508.0,29495.75,29506.75,607.0,
433168,MNQ,1m,1788224400000,29506.25,29513.25,29503.0,29512.5,1292.0,
433169,MNQ,1m,1788224460000,29512.25,29514.75,29503.25,29504.5,1077.0,
433170,MNQ,1m,1788224520000,29504.75,29508.75,29501.5,29507.25,741.0,
433171,MNQ,1m,1788224580000,29507.0,29512.75,29507.0,29508.75,480.0,
433172,MNQ,1m,1788224640000,29509.75,29511.75,29505.75,29510.0,404.0,
433173,MNQ,1m,1788224700000,29510.0,29512.75,29508.25,29509.0,289.0,
433174,MNQ,1m,1788224760000,29510.0,29512.5,29498.75,29501.25,1214.0,
433175,MNQ,1m,1788224820000,29500.75,29501.5,29492.0,29493.75,1172.0,
433176,MNQ,1m,1788224880000,29494.25,29508.0,29491.75,29506.25,904.0,
433177,MNQ,1m,1788224940000,29506.75,29511.0,29502.5,29505.5,598.0,
433178,MNQ,1m,1788225000000,29504.75,29512.75,29502.25,29512.75,472.0,
433179,MNQ,1m,1788225060000,29512.75,29513.0,29500.5,29500.5,761.0,
433180,MNQ,1m,1788225120000,29502.0,29506.25,29498.5,29505.0,1020.0,
433181,MNQ,1m,1788225180000,29505.25,29507.75,29500.0,29507.0,374.0,
433182,MNQ,1m,1788225240000,29507.25,29514.0,29506.0,29512.0,625.0,
433183,MNQ,1m,1788225300000,29513.0,29513.5,29507.25,29510.75,610.0,
433184,MNQ,1m,1788225360000,29511.25,29515.75,29510.5,29512.5,687.0,
433185,MNQ,1m,1788225420000,29512.25,29515.25,29510.0,29511.75,380.0,
433186,MNQ,1m,1788225480000,29512.0,29516.5,29511.0,29516.0,432.0,
433187,MNQ,1m,1788225540000,29516.0,29516.0,29511.5,29513.5,286.0,
433188,MNQ,1m,1788225600000,29513.5,29516.5,29508.25,29510.0,523.0,
433189,MNQ,1m,1788225660000,29510.5,29511.0,29504.0,29505.25,825.0,
433190,MNQ,1m,1788225720000,29505.5,29510.25,29504.25,29508.25,439.0,
433191,MNQ,1m,1788225780000,29508.25,29512.75,29507.75,29510.25,366.0,
433192,MNQ,1m,1788225840000,29510.25,29512.75,29505.0,29507.5,484.0,
433193,MNQ,1m,1788225900000,29507.25,29507.25,29481.5,29483.0,2677.0,
433194,MNQ,1m,1788225960000,29483.0,29486.75,29477.5,29484.25,2026.0,
433195,MNQ,1m,1788226020000,29484.0,29488.0,29480.0,29487.5,1065.0,
433196,MNQ,1m,1788226080000,29487.0,29489.25,29481.0,29483.75,955.0,
433197,MNQ,1m,1788226140000,29483.5,29485.75,29479.5,29484.0,723.0,
433198,MNQ,1m,1788226200000,29483.5,29487.0,29475.0,29482.25,1841.0,
433199,MNQ,1m,1788226260000,29482.25,29486.5,29480.25,29486.0,800.0,
433200,MNQ,1m,1788226320000,29486.0,29490.5,29483.5,29486.5,840.0,
433201,MNQ,1m,1788226380000,29487.5,29488.5,29481.25,29488.25,840.0,
433202,MNQ,1m,1788226440000,29488.25,29506.5,29486.25,29505.75,2112.0,
433203,MNQ,1m,1788226500000,29505.75,29508.5,29502.0,29507.75,1125.0,
433204,MNQ,1m,1788226560000,29507.75,29509.75,29503.25,29508.0,673.0,
433205,MNQ,1m,1788226620000,29508.25,29515.5,29501.0,29503.5,1927.0,
433206,MNQ,1m,1788226680000,29503.75,29503.75,29491.25,29497.75,1210.0,
433207,MNQ,1m,1788226740000,29497.75,29505.25,29495.25,29500.25,680.0,
433208,MNQ,1m,1788226800000,29499.25,29503.25,29498.0,29500.75,435.0,
433209,MNQ,1m,1788226860000,29500.5,29500.5,29494.75,29496.25,319.0,
433210,MNQ,1m,1788226920000,29496.0,29500.0,29495.25,29499.5,312.0,
433211,MNQ,1m,1788226980000,29499.5,29506.25,29498.5,29504.5,563.0,
433212,MNQ,1m,1788227040000,29504.5,29508.25,29504.5,29507.5,383.0,
433213,MNQ,1m,1788227100000,29507.5,29511.0,29505.0,29506.75,514.0,
433214,MNQ,1m,1788227160000,29507.0,29507.25,29502.5,29503.75,366.0,
433215,MNQ,1m,1788227220000,29504.5,29511.0,29504.25,29506.0,469.0,
433216,MNQ,1m,1788227280000,29506.0,29507.5,29504.0,29504.25,209.0,
433217,MNQ,1m,1788227340000,29504.25,29505.75,29502.5,29505.0,292.0,
433218,MNQ,1m,1788227400000,29505.0,29507.0,29503.25,29505.5,229.0,
433219,MNQ,1m,1788227460000,29505.75,29506.25,29503.25,29506.25,218.0,
433220,MNQ,1m,1788227520000,29505.5,29507.0,29501.0,29504.25,440.0,
433221,MNQ,1m,1788227580000,29504.5,29504.75,29500.5,29501.5,192.0,
433222,MNQ,1m,1788227640000,29501.75,29503.5,29491.0,29491.75,831.0,
433223,MNQ,1m,1788227700000,29491.75,29497.0,29490.0,29495.5,768.0,
433224,MNQ,1m,1788227760000,29495.0,29499.75,29492.25,29498.75,370.0,
433225,MNQ,1m,1788227820000,29499.0,29503.75,29495.75,29499.0,564.0,
433226,MNQ,1m,1788227880000,29498.5,29505.25,29495.5,29503.75,510.0,
433227,MNQ,1m,1788227940000,29503.75,29504.5,29499.0,29499.5,300.0,
433228,MNQ,1m,1788228000000,29499.0,29503.25,29496.5,29502.5,398.0,
433229,MNQ,1m,1788228060000,29503.25,29503.5,29492.75,29493.5,682.0,
433230,MNQ,1m,1788228120000,29493.0,29499.75,29492.5,29493.5,419.0,
433231,MNQ,1m,1788228180000,29492.75,29498.0,29491.75,29497.5,373.0,
433232,MNQ,1m,1788228240000,29497.75,29500.75,29495.5,29496.5,487.0,
433233,MNQ,1m,1788228300000,29496.25,29497.25,29487.75,29488.0,615.0,
433234,MNQ,1m,1788228360000,29487.75,29491.0,29485.25,29485.75,784.0,
433235,MNQ,1m,1788228420000,29485.5,29492.0,29483.5,29490.0,808.0,
433236,MNQ,1m,1788228480000,29490.5,29491.75,29484.75,29487.25,393.0,
433237,MNQ,1m,1788228540000,29487.25,29488.25,29482.25,29484.25,597.0,
433238,MNQ,1m,1788228600000,29484.25,29484.25,29477.5,29479.75,1265.0,
433239,MNQ,1m,1788228660000,29479.75,29482.25,29477.0,29478.5,629.0,
433240,MNQ,1m,1788228720000,29478.0,29482.0,29477.75,29482.0,368.0,
433241,MNQ,1m,1788228780000,29481.5,29482.75,29475.25,29477.75,568.0,
433242,MNQ,1m,1788228840000,29477.5,29481.0,29475.75,29480.75,556.0,
433243,MNQ,1m,1788228900000,29480.75,29484.5,29479.0,29481.25,643.0,
433244,MNQ,1m,1788228960000,29481.25,29482.25,29476.0,29478.75,422.0,
433245,MNQ,1m,1788229020000,29478.5,29482.25,29478.25,29481.0,248.0,
433246,MNQ,1m,1788229080000,29481.25,29483.5,29478.75,29481.5,363.0,
433247,MNQ,1m,1788229140000,29481.25,29483.25,29480.0,29483.25,192.0,
433248,MNQ,1m,1788229200000,29483.5,29486.25,29482.0,29483.0,674.0,
433249,MNQ,1m,1788229260000,29482.0,29482.25,29475.25,29478.5,679.0,
433250,MNQ,1m,1788229320000,29478.25,29480.0,29477.75,29478.75,252.0,
433251,MNQ,1m,1788229380000,29478.5,29479.5,29465.5,29474.0,1157.0,
433252,MNQ,1m,1788229440000,29474.5,29479.25,29472.75,29476.5,783.0,
433253,MNQ,1m,1788229500000,29476.5,29476.5,29465.0,29465.5,1126.0,
433254,MNQ,1m,1788229560000,29465.75,29468.25,29461.0,29462.25,1409.0,
433255,MNQ,1m,1788229620000,29462.0,29463.75,29459.25,29461.5,823.0,
433256,MNQ,1m,1788229680000,29461.75,29462.5,29453.0,29454.25,1467.0,
433257,MNQ,1m,1788229740000,29453.75,29460.5,29452.25,29460.0,1055.0,
433258,MNQ,1m,1788229800000,29460.0,29470.5,29458.5,29469.25,1671.0,
433259,MNQ,1m,1788229860000,29469.0,29469.25,29459.75,29464.75,791.0,
433260,MNQ,1m,1788229920000,29464.5,29472.5,29463.75,29467.25,1015.0,
433261,MNQ,1m,1788229980000,29467.75,29470.0,29465.0,29468.0,441.0,
433262,MNQ,1m,1788230040000,29467.5,29468.25,29459.75,29462.75,785.0,
433263,MNQ,1m,1788230100000,29462.0,29462.5,29448.0,29451.25,1658.0,
433264,MNQ,1m,1788230160000,29451.0,29454.75,29446.5,29448.0,1193.0,
433265,MNQ,1m,1788230220000,29448.5,29449.75,29446.5,29447.0,718.0,
433266,MNQ,1m,1788230280000,29447.0,29450.75,29445.25,29447.75,633.0,
433267,MNQ,1m,1788230340000,29448.25,29448.75,29440.0,29442.75,1068.0,
433268,MNQ,1m,1788230400000,29443.0,29445.0,29437.5,29443.0,1138.0,
433269,MNQ,1m,1788230460000,29442.5,29443.75,29438.25,29442.0,653.0,
433270,MNQ,1m,1788230520000,29441.75,29442.75,29437.0,29437.0,791.0,
433271,MNQ,1m,1788230580000,29437.25,29440.25,29435.75,29438.25,658.0,
433272,MNQ,1m,1788230640000,29438.5,29442.5,29435.75,29438.25,652.0,
433273,MNQ,1m,1788230700000,29438.75,29440.5,29436.25,29436.75,613.0,
433274,MNQ,1m,1788230760000,29437.75,29446.75,29437.5,29445.25,938.0,
433275,MNQ,1m,1788230820000,29445.75,29452.75,29445.5,29448.5,1155.0,
433276,MNQ,1m,1788230880000,29448.75,29454.75,29447.75,29454.0,768.0,
433277,MNQ,1m,1788230940000,29453.75,29454.0,29448.75,29450.0,675.0,
433278,MNQ,1m,1788231000000,29450.5,29453.5,29450.0,29451.5,371.0,
433279,MNQ,1m,1788231060000,29451.5,29453.0,29450.25,29452.0,162.0,
433280,MNQ,1m,1788231120000,29451.0,29454.25,29450.5,29452.25,361.0,
433281,MNQ,1m,1788231180000,29452.25,29458.5,29450.25,29455.5,745.0,
433282,MNQ,1m,1788231240000,29455.5,29458.0,29454.0,29456.75,369.0,
433283,MNQ,1m,1788231300000,29456.75,29461.75,29454.25,29461.5,551.0,
433284,MNQ,1m,1788231360000,29461.75,29471.75,29461.0,29469.75,1410.0,
433285,MNQ,1m,1788231420000,29469.5,29485.75,29468.5,29483.0,2165.0,
433286,MNQ,1m,1788231480000,29482.75,29484.75,29479.0,29483.5,1010.0,
433287,MNQ,1m,1788231540000,29484.0,29492.75,29483.5,29491.75,2123.0,
433288,MNQ,1m,1788231600000,29491.75,29494.0,29479.5,29480.75,2173.0,
433289,MNQ,1m,1788231660000,29480.25,29487.25,29476.5,29478.75,1436.0,
433290,MNQ,1m,1788231720000,29479.25,29482.25,29476.75,29481.75,562.0,
433291,MNQ,1m,1788231780000,29481.75,29481.75,29471.75,29473.0,1159.0,
433292,MNQ,1m,1788231840000,29473.5,29477.5,29470.75,29472.5,658.0,
433293,MNQ,1m,1788231900000,29472.25,29480.75,29471.75,29475.5,749.0,
433294,MNQ,1m,1788231960000,29476.0,29478.25,29472.75,29475.75,370.0,
433295,MNQ,1m,1788232020000,29476.25,29477.5,29474.25,29475.25,247.0,
433296,MNQ,1m,1788232080000,29475.25,29475.5,29467.5,29469.0,780.0,
433297,MNQ,1m,1788232140000,29469.5,29474.5,29468.75,29472.5,488.0,
433298,MNQ,1m,1788232200000,29472.5,29478.0,29470.25,29477.25,554.0,
433299,MNQ,1m,1788232260000,29477.25,29478.5,29470.75,29471.75,413.0,
433300,MNQ,1m,1788232320000,29472.0,29475.5,29470.5,29470.75,400.0,
433301,MNQ,1m,1788232380000,29470.75,29473.5,29468.25,29468.75,390.0,
433302,MNQ,1m,1788232440000,29468.75,29473.5,29468.5,29471.5,285.0,
433303,MNQ,1m,1788232500000,29471.25,29475.0,29467.25,29472.75,496.0,
433304,MNQ,1m,1788232560000,29472.5,29477.25,29470.75,29472.75,372.0,
433305,MNQ,1m,1788232620000,29472.5,29472.75,29467.25,29469.5,378.0,
433306,MNQ,1m,1788232680000,29470.5,29476.0,29467.75,29470.75,423.0,
433307,MNQ,1m,1788232740000,29470.5,29472.25,29469.0,29471.0,163.0,
433308,MNQ,1m,1788232800000,29471.0,29472.0,29467.5,29469.25,262.0,
433309,MNQ,1m,1788232860000,29469.25,29471.5,29465.0,29471.25,594.0,
433310,MNQ,1m,1788232920000,29470.75,29471.5,29466.0,29468.25,347.0,
433311,MNQ,1m,1788232980000,29468.5,29472.0,29467.5,29468.0,516.0,
433312,MNQ,1m,1788233040000,29467.75,29470.5,29463.25,29467.0,531.0,
433313,MNQ,1m,1788233100000,29467.5,29470.25,29465.25,29468.5,502.0,
433314,MNQ,1m,1788233160000,29468.5,29468.75,29459.5,29463.75,1104.0,
433315,MNQ,1m,1788233220000,29464.0,29474.75,29464.0,29472.5,919.0,
433316,MNQ,1m,1788233280000,29472.5,29473.75,29468.5,29469.0,474.0,
433317,MNQ,1m,1788233340000,29469.25,29471.75,29463.25,29465.0,682.0,
433318,MNQ,1m,1788233400000,29465.75,29469.0,29460.5,29467.0,790.0,
433319,MNQ,1m,1788233460000,29467.75,29471.25,29466.75,29468.5,400.0,
433320,MNQ,1m,1788233520000,29468.5,29475.25,29468.0,29471.25,831.0,
433321,MNQ,1m,1788233580000,29471.0,29473.5,29468.0,29469.0,220.0,
433322,MNQ,1m,1788233640000,29468.75,29472.0,29467.75,29470.0,245.0,
433323,MNQ,1m,1788233700000,29469.5,29473.25,29466.0,29471.25,426.0,
433324,MNQ,1m,1788233760000,29471.75,29474.5,29470.0,29473.5,385.0,
433325,MNQ,1m,1788233820000,29472.75,29484.75,29472.25,29477.25,1168.0,
433326,MNQ,1m,1788233880000,29477.5,29477.75,29475.25,29476.5,248.0,
433327,MNQ,1m,1788233940000,29476.25,29477.25,29474.25,29476.5,246.0,
433328,MNQ,1m,1788234000000,29476.5,29480.75,29473.5,29478.25,816.0,
433329,MNQ,1m,1788234060000,29478.5,29483.5,29475.5,29481.0,414.0,
433330,MNQ,1m,1788234120000,29480.75,29483.75,29478.0,29479.75,458.0,
433331,MNQ,1m,1788234180000,29479.25,29479.75,29476.5,29477.75,231.0,
433332,MNQ,1m,1788234240000,29478.75,29479.5,29477.25,29477.5,99.0,
433333,MNQ,1m,1788234300000,29477.25,29481.25,29475.0,29479.25,372.0,
433334,MNQ,1m,1788234360000,29479.0,29484.0,29476.25,29483.0,445.0,
433335,MNQ,1m,1788234420000,29483.0,29483.0,29479.0,29481.5,283.0,
433336,MNQ,1m,1788234480000,29481.0,29483.5,29480.0,29483.25,198.0,
433337,MNQ,1m,1788234540000,29483.25,29487.25,29481.5,29485.25,537.0,
433338,MNQ,1m,1788234600000,29485.25,29488.5,29483.0,29483.25,614.0,
433339,MNQ,1m,1788234660000,29483.5,29487.25,29482.5,29487.0,300.0,
433340,MNQ,1m,1788234720000,29487.5,29487.5,29479.5,29483.5,366.0,
433341,MNQ,1m,1788234780000,29484.0,29485.75,29482.75,29483.0,144.0,
433342,MNQ,1m,1788234840000,29482.75,29483.75,29480.0,29481.5,270.0,
433343,MNQ,1m,1788234900000,29481.0,29483.0,29480.25,29480.75,147.0,
433344,MNQ,1m,1788234960000,29480.5,29483.75,29480.25,29482.0,124.0,
433345,MNQ,1m,1788235020000,29481.5,29482.0,29479.75,29479.75,117.0,
433346,MNQ,1m,1788235080000,29480.0,29483.0,29478.75,29483.0,229.0,
433347,MNQ,1m,1788235140000,29483.0,29487.25,29482.5,29486.5,338.0,
433348,MNQ,1m,1788235200000,29486.25,29496.25,29482.75,29493.25,1262.0,
433349,MNQ,1m,1788235260000,29493.0,29498.25,29492.75,29497.75,823.0,
433350,MNQ,1m,1788235320000,29497.75,29497.75,29492.5,29493.5,515.0,
433351,MNQ,1m,1788235380000,29493.25,29494.75,29485.0,29486.5,975.0,
433352,MNQ,1m,1788235440000,29486.0,29492.0,29484.5,29486.5,931.0,
433353,MNQ,1m,1788235500000,29486.5,29490.75,29485.5,29487.25,360.0,
433354,MNQ,1m,1788235560000,29487.75,29491.0,29484.75,29486.75,365.0,
433355,MNQ,1m,1788235620000,29485.0,29487.75,29483.5,29484.75,268.0,
433356,MNQ,1m,1788235680000,29484.5,29488.5,29483.5,29487.5,299.0,
433357,MNQ,1m,1788235740000,29486.5,29486.5,29481.5,29485.25,299.0,
433358,MNQ,1m,1788235800000,29485.5,29489.75,29483.5,29489.0,337.0,
433359,MNQ,1m,1788235860000,29489.0,29491.0,29487.75,29489.5,280.0,
433360,MNQ,1m,1788235920000,29489.25,29490.25,29485.0,29490.0,278.0,
433361,MNQ,1m,1788235980000,29489.75,29490.25,29488.0,29488.5,124.0,
433362,MNQ,1m,1788236040000,29489.0,29492.75,29487.5,29488.5,350.0,
433363,MNQ,1m,1788236100000,29489.0,29490.0,29486.5,29489.25,156.0,
433364,MNQ,1m,1788236160000,29489.25,29496.75,29488.5,29494.25,559.0,
433365,MNQ,1m,1788236220000,29494.75,29499.75,29494.0,29496.75,828.0,
433366,MNQ,1m,1788236280000,29496.25,29498.25,29493.0,29495.25,421.0,
433367,MNQ,1m,1788236340000,29495.0,29497.5,29494.0,29495.75,291.0,
433368,MNQ,1m,1788236400000,29495.5,29497.0,29494.25,29495.25,232.0,
433369,MNQ,1m,1788236460000,29495.5,29501.0,29495.5,29497.25,569.0,
433370,MNQ,1m,1788236520000,29497.5,29499.5,29493.75,29495.5,314.0,
433371,MNQ,1m,1788236580000,29494.75,29494.75,29493.0,29494.25,215.0,
433372,MNQ,1m,1788236640000,29495.0,29498.0,29495.0,29496.25,164.0,
433373,MNQ,1m,1788236700000,29496.25,29501.25,29496.25,29500.75,405.0,
433374,MNQ,1m,1788236760000,29500.75,29501.75,29498.75,29500.5,665.0,
433375,MNQ,1m,1788236820000,29500.75,29500.75,29490.5,29491.25,974.0,
433376,MNQ,1m,1788236880000,29491.25,29492.25,29487.75,29487.75,596.0,
433377,MNQ,1m,1788236940000,29487.75,29496.5,29485.5,29493.0,862.0,
433378,MNQ,1m,1788237000000,29493.25,29498.0,29489.75,29497.5,613.0,
433379,MNQ,1m,1788237060000,29497.75,29502.25,29491.75,29496.0,846.0,
433380,MNQ,1m,1788237120000,29496.25,29496.25,29493.75,29494.75,194.0,
433381,MNQ,1m,1788237180000,29494.25,29496.5,29492.75,29496.5,176.0,
433382,MNQ,1m,1788237240000,29496.25,29496.25,29493.5,29494.75,147.0,
433383,MNQ,1m,1788237300000,29495.0,29496.0,29493.25,29494.25,155.0,
433384,MNQ,1m,1788237360000,29493.75,29495.75,29492.0,29495.0,226.0,
433385,MNQ,1m,1788237420000,29495.5,29500.0,29495.0,29499.0,349.0,
433386,MNQ,1m,1788237480000,29499.0,29499.5,29492.5,29493.25,376.0,
433387,MNQ,1m,1788237540000,29494.0,29496.25,29487.0,29489.5,520.0,
433388,MNQ,1m,1788237600000,29489.5,29491.5,29487.5,29488.0,259.0,
433389,MNQ,1m,1788237660000,29488.0,29489.0,29480.0,29482.5,886.0,
433390,MNQ,1m,1788237720000,29482.75,29484.0,29480.5,29482.0,421.0,
433391,MNQ,1m,1788237780000,29481.75,29483.75,29477.0,29477.0,626.0,
433392,MNQ,1m,1788237840000,29477.25,29477.75,29470.25,29470.5,1151.0,
433393,MNQ,1m,1788237900000,29470.5,29476.0,29468.75,29475.0,1052.0,
433394,MNQ,1m,1788237960000,29475.75,29488.25,29474.0,29486.5,1045.0,
433395,MNQ,1m,1788238020000,29486.75,29494.25,29485.75,29490.25,1211.0,
433396,MNQ,1m,1788238080000,29490.5,29491.5,29488.75,29490.5,382.0,
433397,MNQ,1m,1788238140000,29490.25,29491.75,29488.0,29491.5,451.0,
433398,MNQ,1m,1788238200000,29491.25,29493.75,29479.0,29479.25,967.0,
433399,MNQ,1m,1788238260000,29479.25,29482.0,29473.75,29476.75,762.0,
433400,MNQ,1m,1788238320000,29476.75,29479.75,29473.75,29476.25,546.0,
433401,MNQ,1m,1788238380000,29476.25,29479.0,29475.25,29477.25,342.0,
433402,MNQ,1m,1788238440000,29477.0,29478.25,29475.0,29476.0,191.0,
433403,MNQ,1m,1788238500000,29476.25,29478.75,29470.0,29471.75,608.0,
433404,MNQ,1m,1788238560000,29471.0,29474.75,29469.25,29473.25,582.0,
433405,MNQ,1m,1788238620000,29473.5,29474.0,29467.0,29468.0,680.0,
433406,MNQ,1m,1788238680000,29468.5,29472.25,29466.25,29469.25,918.0,
433407,MNQ,1m,1788238740000,29469.25,29474.0,29467.25,29473.25,689.0,
433408,MNQ,1m,1788238800000,29472.75,29475.0,29465.5,29466.5,723.0,
433409,MNQ,1m,1788238860000,29466.25,29472.0,29460.0,29471.75,1037.0,
433410,MNQ,1m,1788238920000,29471.5,29473.5,29469.75,29471.0,333.0,
433411,MNQ,1m,1788238980000,29471.0,29472.25,29467.0,29468.5,218.0,
433412,MNQ,1m,1788239040000,29469.25,29474.25,29468.5,29470.75,399.0,
433413,MNQ,1m,1788239100000,29471.75,29474.0,29470.25,29472.0,257.0,
433414,MNQ,1m,1788239160000,29472.0,29476.0,29471.25,29474.5,369.0,
433415,MNQ,1m,1788239220000,29474.25,29475.5,29471.0,29471.5,249.0,
433416,MNQ,1m,1788239280000,29472.0,29475.25,29471.5,29472.25,244.0,
433417,MNQ,1m,1788239340000,29473.0,29474.0,29471.0,29474.0,133.0,
433418,MNQ,1m,1788239400000,29473.75,29475.75,29471.25,29471.75,244.0,
433419,MNQ,1m,1788239460000,29472.0,29473.75,29467.75,29469.75,416.0,
433420,MNQ,1m,1788239520000,29469.25,29470.5,29467.0,29469.25,262.0,
433421,MNQ,1m,1788239580000,29468.75,29470.5,29467.75,29470.25,219.0,
433422,MNQ,1m,1788239640000,29469.75,29470.5,29463.25,29464.5,356.0,
433423,MNQ,1m,1788239700000,29464.5,29468.25,29463.5,29465.5,464.0,
433424,MNQ,1m,1788239760000,29465.75,29468.25,29464.25,29467.5,239.0,
433425,MNQ,1m,1788239820000,29466.75,29467.25,29462.5,29463.0,372.0,
433426,MNQ,1m,1788239880000,29464.0,29464.0,29458.0,29458.5,591.0,
433427,MNQ,1m,1788239940000,29458.5,29459.0,29451.75,29454.75,1016.0,
433428,MNQ,1m,1788240000000,29454.5,29454.5,29451.5,29453.5,460.0,
433429,MNQ,1m,1788240060000,29452.75,29453.0,29447.5,29450.75,774.0,
433430,MNQ,1m,1788240120000,29450.25,29451.75,29447.75,29450.75,314.0,
433431,MNQ,1m,1788240180000,29451.0,29455.0,29449.5,29450.0,511.0,
433432,MNQ,1m,1788240240000,29450.0,29464.5,29447.75,29463.25,794.0,
433433,MNQ,1m,1788240300000,29463.75,29471.0,29460.25,29468.25,1258.0,
433434,MNQ,1m,1788240360000,29468.0,29472.25,29464.0,29464.25,671.0,
433435,MNQ,1m,1788240420000,29464.5,29474.0,29464.0,29470.75,694.0,
433436,MNQ,1m,1788240480000,29471.25,29481.0,29471.0,29480.0,1205.0,
433437,MNQ,1m,1788240540000,29479.75,29488.25,29479.0,29485.5,1235.0,
433438,MNQ,1m,1788240600000,29485.75,29492.5,29481.75,29491.25,1721.0,
433439,MNQ,1m,1788240660000,29491.5,29503.5,29490.5,29499.5,2342.0,
433440,MNQ,1m,1788240720000,29498.75,29500.5,29491.5,29500.5,908.0,
433441,MNQ,1m,1788240780000,29498.75,29499.0,29490.25,29492.25,766.0,
433442,MNQ,1m,1788240840000,29492.25,29496.5,29490.25,29495.75,605.0,
433443,MNQ,1m,1788240900000,29495.75,29497.5,29492.0,29495.5,354.0,
433444,MNQ,1m,1788240960000,29496.25,29505.5,29496.25,29504.75,929.0,
433445,MNQ,1m,1788241020000,29504.0,29510.0,29503.0,29508.25,976.0,
433446,MNQ,1m,1788241080000,29508.0,29518.0,29507.75,29513.75,1618.0,
433447,MNQ,1m,1788241140000,29513.75,29521.5,29511.75,29515.5,1600.0,
433448,MNQ,1m,1788241200000,29515.25,29519.75,29515.0,29519.25,702.0,
433449,MNQ,1m,1788241260000,29519.25,29523.5,29517.5,29519.75,796.0,
433450,MNQ,1m,1788241320000,29519.75,29524.0,29517.0,29523.25,723.0,
433451,MNQ,1m,1788241380000,29523.25,29528.5,29521.75,29526.25,1302.0,
433452,MNQ,1m,1788241440000,29526.25,29536.0,29524.5,29533.5,1723.0,
433453,MNQ,1m,1788241500000,29534.0,29536.0,29531.5,29532.5,806.0,
433454,MNQ,1m,1788241560000,29533.0,29537.25,29532.25,29534.5,927.0,
433455,MNQ,1m,1788241620000,29534.25,29534.25,29529.75,29531.25,546.0,
433456,MNQ,1m,1788241680000,29532.0,29532.75,29527.25,29528.5,679.0,
433457,MNQ,1m,1788241740000,29528.5,29528.5,29525.25,29526.5,476.0,
433458,MNQ,1m,1788241800000,29526.25,29532.5,29521.75,29530.75,934.0,
433459,MNQ,1m,1788241860000,29531.0,29534.25,29528.0,29532.75,435.0,
433460,MNQ,1m,1788241920000,29533.25,29539.5,29531.25,29536.5,1103.0,
433461,MNQ,1m,1788241980000,29536.25,29538.25,29533.5,29536.25,559.0,
433462,MNQ,1m,1788242040000,29537.0,29543.75,29535.5,29542.0,1211.0,
433463,MNQ,1m,1788242100000,29542.0,29557.75,29542.0,29554.75,2540.0,
433464,MNQ,1m,1788242160000,29555.25,29565.0,29555.0,29560.0,1837.0,
433465,MNQ,1m,1788242220000,29560.0,29571.0,29554.25,29569.75,1800.0,
433466,MNQ,1m,1788242280000,29569.5,29569.75,29561.0,29562.75,922.0,
433467,MNQ,1m,1788242340000,29562.5,29562.75,29558.75,29561.5,523.0,
433468,MNQ,1m,1788242400000,29561.25,29567.75,29559.5,29566.0,1054.0,
433469,MNQ,1m,1788242460000,29565.5,29567.5,29563.75,29567.0,484.0,
433470,MNQ,1m,1788242520000,29566.75,29567.0,29562.25,29563.25,541.0,
433471,MNQ,1m,1788242580000,29563.5,29567.25,29545.0,29546.0,1782.0,
433472,MNQ,1m,1788242640000,29546.25,29549.0,29540.25,29542.0,975.0,
433473,MNQ,1m,1788242700000,29542.0,29549.25,29530.75,29546.0,2458.0,
433474,MNQ,1m,1788242760000,29545.5,29551.75,29538.25,29547.25,1198.0,
433475,MNQ,1m,1788242820000,29548.0,29558.0,29544.0,29555.25,1091.0,
433476,MNQ,1m,1788242880000,29555.25,29558.25,29547.5,29552.0,891.0,
433477,MNQ,1m,1788242940000,29552.5,29553.25,29542.0,29546.0,717.0,
433478,MNQ,1m,1788243000000,29545.0,29550.75,29540.75,29544.75,799.0,
433479,MNQ,1m,1788243060000,29544.5,29553.0,29543.25,29552.0,619.0,
433480,MNQ,1m,1788243120000,29552.25,29552.75,29543.75,29544.25,598.0,
433481,MNQ,1m,1788243180000,29543.25,29548.25,29542.0,29547.5,579.0,
433482,MNQ,1m,1788243240000,29546.75,29548.25,29543.25,29545.0,293.0,
433483,MNQ,1m,1788243300000,29544.75,29544.75,29531.5,29540.0,1282.0,
433484,MNQ,1m,1788243360000,29540.5,29543.75,29529.5,29540.5,895.0,
433485,MNQ,1m,1788243420000,29540.5,29546.5,29540.0,29542.25,786.0,
433486,MNQ,1m,1788243480000,29542.5,29545.25,29540.5,29543.5,445.0,
433487,MNQ,1m,1788243540000,29543.0,29543.75,29537.5,29537.75,395.0,
433488,MNQ,1m,1788243600000,29538.75,29545.75,29538.0,29545.5,547.0,
433489,MNQ,1m,1788243660000,29544.75,29545.0,29536.75,29541.5,721.0,
433490,MNQ,1m,1788243720000,29541.5,29542.25,29526.5,29527.75,984.0,
433491,MNQ,1m,1788243780000,29528.25,29531.0,29525.5,29529.0,867.0,
433492,MNQ,1m,1788243840000,29529.0,29530.75,29525.75,29528.5,504.0,
433493,MNQ,1m,1788243900000,29528.75,29532.25,29526.75,29529.5,460.0,
433494,MNQ,1m,1788243960000,29529.0,29537.5,29528.5,29533.25,493.0,
433495,MNQ,1m,1788244020000,29533.0,29533.0,29526.0,29529.5,466.0,
433496,MNQ,1m,1788244080000,29529.0,29530.25,29522.75,29525.25,520.0,
433497,MNQ,1m,1788244140000,29525.5,29525.5,29514.25,29517.0,1737.0,
433498,MNQ,1m,1788244200000,29516.75,29525.5,29514.0,29523.0,1375.0,
433499,MNQ,1m,1788244260000,29522.75,29530.0,29522.25,29529.5,784.0,
433500,MNQ,1m,1788244320000,29529.25,29534.75,29525.75,29530.0,1242.0,
433501,MNQ,1m,1788244380000,29529.75,29531.5,29525.25,29530.5,572.0,
433502,MNQ,1m,1788244440000,29530.25,29532.75,29521.0,29521.5,730.0,
433503,MNQ,1m,1788244500000,29522.25,29527.0,29522.25,29526.0,276.0,
433504,MNQ,1m,1788244560000,29525.5,29525.75,29518.75,29519.0,541.0,
433505,MNQ,1m,1788244620000,29518.5,29521.25,29514.75,29516.0,539.0,
433506,MNQ,1m,1788244680000,29515.5,29533.5,29514.25,29531.0,1219.0,
433507,MNQ,1m,1788244740000,29530.5,29538.25,29530.5,29536.75,873.0,
433508,MNQ,1m,1788244800000,29536.25,29538.25,29533.5,29537.25,486.0,
433509,MNQ,1m,1788244860000,29537.5,29537.75,29532.5,29534.25,417.0,
433510,MNQ,1m,1788244920000,29534.75,29540.75,29532.5,29539.5,585.0,
433511,MNQ,1m,1788244980000,29539.75,29545.5,29538.75,29541.25,902.0,
433512,MNQ,1m,1788245040000,29541.25,29541.75,29533.5,29539.0,573.0,
433513,MNQ,1m,1788245100000,29539.25,29541.0,29537.25,29539.0,295.0,
433514,MNQ,1m,1788245160000,29539.25,29540.0,29536.5,29537.5,241.0,
433515,MNQ,1m,1788245220000,29537.25,29537.5,29524.5,29526.5,1003.0,
433516,MNQ,1m,1788245280000,29526.5,29529.25,29525.75,29529.0,404.0,
433517,MNQ,1m,1788245340000,29528.5,29531.75,29526.5,29528.25,351.0,
433518,MNQ,1m,1788245400000,29528.5,29530.5,29526.5,29529.0,250.0,
433519,MNQ,1m,1788245460000,29528.75,29531.75,29527.25,29529.75,231.0,
433520,MNQ,1m,1788245520000,29529.25,29531.25,29523.75,29527.5,505.0,
433521,MNQ,1m,1788245580000,29527.0,29531.0,29525.25,29528.75,359.0,
433522,MNQ,1m,1788245640000,29529.0,29530.75,29523.75,29530.5,299.0,
433523,MNQ,1m,1788245700000,29530.75,29532.5,29527.0,29528.25,270.0,
433524,MNQ,1m,1788245760000,29527.75,29528.25,29518.0,29520.25,564.0,
433525,MNQ,1m,1788245820000,29520.25,29523.0,29518.5,29521.25,352.0,
433526,MNQ,1m,1788245880000,29521.25,29522.0,29514.5,29516.5,553.0,
433527,MNQ,1m,1788245940000,29516.5,29520.5,29514.5,29515.0,801.0,
433528,MNQ,1m,1788246000000,29515.5,29523.25,29511.75,29522.75,1821.0,
433529,MNQ,1m,1788246060000,29522.25,29536.0,29521.25,29535.5,1640.0,
433530,MNQ,1m,1788246120000,29535.5,29549.75,29535.5,29545.25,1467.0,
433531,MNQ,1m,1788246180000,29544.75,29545.25,29529.25,29535.25,1074.0,
433532,MNQ,1m,1788246240000,29534.5,29549.25,29534.5,29547.25,877.0,
433533,MNQ,1m,1788246300000,29547.0,29555.0,29546.25,29548.0,1031.0,
433534,MNQ,1m,1788246360000,29548.0,29552.5,29545.25,29546.5,577.0,
433535,MNQ,1m,1788246420000,29546.5,29551.75,29542.5,29545.25,747.0,
433536,MNQ,1m,1788246480000,29544.75,29553.5,29543.75,29549.75,675.0,
433537,MNQ,1m,1788246540000,29550.0,29551.25,29531.5,29532.5,1043.0,
433538,MNQ,1m,1788246600000,29532.75,29540.75,29519.75,29521.0,1600.0,
433539,MNQ,1m,1788246660000,29521.75,29524.0,29514.75,29523.25,1510.0,
433540,MNQ,1m,1788246720000,29523.5,29528.5,29523.0,29525.75,469.0,
433541,MNQ,1m,1788246780000,29524.25,29537.75,29520.5,29537.75,625.0,
433542,MNQ,1m,1788246840000,29537.75,29556.5,29537.25,29553.25,1404.0,
433543,MNQ,1m,1788246900000,29553.25,29556.25,29544.0,29547.25,899.0,
433544,MNQ,1m,1788246960000,29547.75,29552.0,29546.0,29548.25,452.0,
433545,MNQ,1m,1788247020000,29548.0,29549.75,29535.5,29541.0,768.0,
433546,MNQ,1m,1788247080000,29540.25,29541.0,29529.0,29531.0,714.0,
433547,MNQ,1m,1788247140000,29530.75,29542.25,29530.5,29540.75,634.0,
433548,MNQ,1m,1788247200000,29540.75,29541.25,29533.0,29535.75,465.0,
433549,MNQ,1m,1788247260000,29536.0,29546.5,29527.25,29545.25,834.0,
433550,MNQ,1m,1788247320000,29545.75,29549.25,29543.0,29547.5,627.0,
433551,MNQ,1m,1788247380000,29546.75,29546.75,29541.25,29542.75,290.0,
433552,MNQ,1m,1788247440000,29542.75,29543.75,29538.5,29541.0,333.0,
433553,MNQ,1m,1788247500000,29540.25,29546.0,29540.25,29545.0,378.0,
433554,MNQ,1m,1788247560000,29545.25,29549.75,29543.5,29545.5,454.0,
433555,MNQ,1m,1788247620000,29545.25,29551.0,29543.75,29547.75,510.0,
433556,MNQ,1m,1788247680000,29548.25,29554.75,29546.25,29548.0,653.0,
433557,MNQ,1m,1788247740000,29547.5,29550.75,29544.0,29546.0,249.0,
433558,MNQ,1m,1788247800000,29546.25,29546.75,29532.5,29536.0,1018.0,
433559,MNQ,1m,1788247860000,29536.0,29544.25,29535.75,29542.0,884.0,
433560,MNQ,1m,1788247920000,29542.0,29542.25,29532.75,29536.0,705.0,
433561,MNQ,1m,1788247980000,29536.75,29537.5,29525.5,29529.0,912.0,
433562,MNQ,1m,1788248040000,29528.75,29530.25,29515.75,29516.0,1122.0,
433563,MNQ,1m,1788248100000,29515.75,29515.75,29502.0,29507.25,2490.0,
433564,MNQ,1m,1788248160000,29507.0,29509.0,29496.25,29498.0,1770.0,
433565,MNQ,1m,1788248220000,29498.5,29499.5,29489.0,29494.0,1548.0,
433566,MNQ,1m,1788248280000,29493.75,29495.25,29476.25,29483.5,2059.0,
433567,MNQ,1m,1788248340000,29483.0,29483.25,29468.5,29468.75,1798.0,
433568,MNQ,1m,1788248400000,29469.75,29476.5,29464.0,29475.0,1935.0,
433569,MNQ,1m,1788248460000,29475.0,29475.0,29466.5,29469.75,974.0,
433570,MNQ,1m,1788248520000,29470.0,29472.75,29463.5,29466.75,803.0,
433571,MNQ,1m,1788248580000,29467.0,29470.25,29462.0,29465.5,775.0,
433572,MNQ,1m,1788248640000,29465.75,29469.5,29462.0,29463.0,749.0,
433573,MNQ,1m,1788248700000,29463.25,29464.75,29448.25,29449.0,2202.0,
433574,MNQ,1m,1788248760000,29449.0,29453.5,29439.0,29452.0,1936.0,
433575,MNQ,1m,1788248820000,29451.5,29465.5,29451.25,29464.5,1238.0,
433576,MNQ,1m,1788248880000,29465.0,29477.5,29460.75,29476.0,1384.0,
433577,MNQ,1m,1788248940000,29475.25,29478.75,29472.75,29474.75,761.0,
433578,MNQ,1m,1788249000000,29474.5,29475.25,29467.25,29471.75,675.0,
433579,MNQ,1m,1788249060000,29471.75,29475.25,29462.75,29465.0,961.0,
433580,MNQ,1m,1788249120000,29464.5,29470.0,29461.25,29464.0,614.0,
433581,MNQ,1m,1788249180000,29463.5,29467.5,29456.75,29456.75,492.0,
433582,MNQ,1m,1788249240000,29457.5,29468.5,29453.75,29453.75,941.0,
433583,MNQ,1m,1788249300000,29454.75,29459.25,29450.75,29459.0,1041.0,
433584,MNQ,1m,1788249360000,29458.75,29458.75,29444.0,29447.25,1064.0,
433585,MNQ,1m,1788249420000,29446.75,29449.0,29441.5,29442.5,850.0,
433586,MNQ,1m,1788249480000,29443.75,29446.5,29440.25,29442.25,647.0,
433587,MNQ,1m,1788249540000,29442.0,29442.5,29430.0,29435.75,2191.0,
433588,MNQ,1m,1788249600000,29435.5,29439.75,29421.75,29425.5,3326.0,
433589,MNQ,1m,1788249660000,29426.25,29431.5,29422.5,29428.75,1381.0,
433590,MNQ,1m,1788249720000,29429.75,29445.75,29425.0,29430.5,1951.0,
433591,MNQ,1m,1788249780000,29430.0,29431.75,29416.75,29422.5,1882.0,
433592,MNQ,1m,1788249840000,29421.75,29433.5,29420.25,29429.75,1098.0,
433593,MNQ,1m,1788249900000,29429.75,29450.5,29410.0,29413.0,3574.0,
433594,MNQ,1m,1788249960000,29412.75,29419.25,29355.75,29360.5,7610.0,
433595,MNQ,1m,1788250020000,29361.5,29375.25,29343.0,29357.5,6117.0,
433596,MNQ,1m,1788250080000,29356.75,29362.0,29347.25,29352.25,2276.0,
433597,MNQ,1m,1788250140000,29351.75,29360.75,29328.0,29338.5,3254.0,
433598,MNQ,1m,1788250200000,29336.5,29348.25,29329.5,29344.75,2063.0,
433599,MNQ,1m,1788250260000,29344.25,29349.5,29333.75,29348.75,2255.0,
433600,MNQ,1m,1788250320000,29349.25,29361.0,29345.75,29356.75,1973.0,
433601,MNQ,1m,1788250380000,29357.0,29361.0,29345.5,29347.75,1334.0,
433602,MNQ,1m,1788250440000,29348.75,29357.5,29347.5,29349.0,1070.0,
433603,MNQ,1m,1788250500000,29349.0,29359.25,29346.0,29356.5,967.0,
433604,MNQ,1m,1788250560000,29356.25,29356.5,29343.0,29345.75,1198.0,
433605,MNQ,1m,1788250620000,29345.25,29346.75,29320.25,29326.0,2400.0,
433606,MNQ,1m,1788250680000,29326.75,29335.75,29321.75,29326.25,1718.0,
433607,MNQ,1m,1788250740000,29326.25,29335.25,29318.0,29330.5,1635.0,
433608,MNQ,1m,1788250800000,29329.75,29334.0,29324.0,29331.5,1051.0,
433609,MNQ,1m,1788250860000,29331.25,29335.25,29310.75,29320.75,2349.0,
433610,MNQ,1m,1788250920000,29321.25,29331.25,29318.75,29319.75,1120.0,
433611,MNQ,1m,1788250980000,29320.0,29331.25,29308.75,29312.0,1542.0,
433612,MNQ,1m,1788251040000,29311.5,29312.5,29301.0,29306.0,1919.0,
433613,MNQ,1m,1788251100000,29305.75,29312.0,29303.0,29307.0,1209.0,
433614,MNQ,1m,1788251160000,29307.5,29319.25,29303.0,29311.75,1385.0,
433615,MNQ,1m,1788251220000,29311.75,29313.75,29283.25,29297.25,4160.0,
433616,MNQ,1m,1788251280000,29297.75,29297.75,29282.5,29283.25,2395.0,
433617,MNQ,1m,1788251340000,29283.0,29287.75,29279.0,29285.75,1899.0,
433618,MNQ,1m,1788251400000,29286.0,29294.75,29281.0,29290.25,1873.0,
433619,MNQ,1m,1788251460000,29290.5,29296.5,29281.5,29290.75,1405.0,
433620,MNQ,1m,1788251520000,29290.5,29297.5,29288.5,29294.25,1250.0,
433621,MNQ,1m,1788251580000,29294.5,29312.75,29291.75,29310.5,1702.0,
433622,MNQ,1m,1788251640000,29310.75,29310.75,29302.25,29308.0,857.0,
433623,MNQ,1m,1788251700000,29307.5,29310.0,29293.5,29294.5,1060.0,
433624,MNQ,1m,1788251760000,29294.75,29305.25,29293.0,29296.25,974.0,
433625,MNQ,1m,1788251820000,29297.0,29298.75,29266.25,29269.25,3430.0,
433626,MNQ,1m,1788251880000,29268.0,29275.0,29260.25,29272.25,2737.0,
433627,MNQ,1m,1788251940000,29272.0,29279.75,29263.75,29267.75,1492.0,
433628,MNQ,1m,1788252000000,29267.25,29279.25,29257.0,29271.25,1810.0,
433629,MNQ,1m,1788252060000,29271.25,29274.25,29258.5,29261.75,1286.0,
433630,MNQ,1m,1788252120000,29261.5,29266.75,29255.0,29256.5,912.0,
433631,MNQ,1m,1788252180000,29256.75,29259.75,29246.75,29254.5,2097.0,
433632,MNQ,1m,1788252240000,29254.0,29265.5,29252.75,29258.25,1321.0,
433633,MNQ,1m,1788252300000,29257.25,29273.0,29252.75,29268.75,1204.0,
433634,MNQ,1m,1788252360000,29269.25,29271.5,29262.75,29269.5,1070.0,
433635,MNQ,1m,1788252420000,29269.5,29269.75,29259.0,29266.75,927.0,
433636,MNQ,1m,1788252480000,29267.75,29268.0,29249.75,29261.25,1491.0,
433637,MNQ,1m,1788252540000,29261.5,29265.25,29248.5,29258.25,1446.0,
433638,MNQ,1m,1788252600000,29257.25,29258.25,29248.5,29252.25,898.0,
433639,MNQ,1m,1788252660000,29251.5,29257.0,29249.75,29254.0,855.0,
433640,MNQ,1m,1788252720000,29253.75,29267.25,29253.5,29266.25,1041.0,
433641,MNQ,1m,1788252780000,29266.25,29275.0,29262.5,29263.0,1167.0,
433642,MNQ,1m,1788252840000,29263.75,29276.75,29262.25,29268.5,1018.0,
433643,MNQ,1m,1788252900000,29268.0,29280.0,29264.5,29266.75,1155.0,
433644,MNQ,1m,1788252960000,29267.0,29268.0,29254.0,29254.75,1254.0,
433645,MNQ,1m,1788253020000,29254.75,29263.75,29254.5,29261.5,530.0,
433646,MNQ,1m,1788253080000,29262.0,29264.0,29244.5,29249.25,1303.0,
433647,MNQ,1m,1788253140000,29249.0,29254.75,29234.5,29235.25,2262.0,
433648,MNQ,1m,1788253200000,29236.0,29243.75,29228.75,29228.75,1839.0,
433649,MNQ,1m,1788253260000,29229.75,29232.75,29223.5,29226.0,1448.0,
433650,MNQ,1m,1788253320000,29225.25,29227.0,29222.25,29225.75,980.0,
433651,MNQ,1m,1788253380000,29226.25,29227.0,29216.75,29216.75,1536.0,
433652,MNQ,1m,1788253440000,29217.25,29226.25,29211.5,29223.25,1609.0,
433653,MNQ,1m,1788253500000,29223.25,29229.5,29216.0,29226.25,1433.0,
433654,MNQ,1m,1788253560000,29226.25,29226.25,29201.0,29210.0,2406.0,
433655,MNQ,1m,1788253620000,29210.5,29215.0,29205.0,29211.75,1089.0,
433656,MNQ,1m,1788253680000,29212.5,29214.5,29206.75,29207.75,746.0,
433657,MNQ,1m,1788253740000,29207.75,29218.5,29204.75,29210.75,999.0,
433658,MNQ,1m,1788253800000,29212.25,29222.25,29211.25,29211.75,968.0,
433659,MNQ,1m,1788253860000,29211.75,29217.5,29207.0,29211.75,993.0,
433660,MNQ,1m,1788253920000,29212.5,29219.5,29207.0,29214.25,1109.0,
433661,MNQ,1m,1788253980000,29214.0,29218.25,29208.25,29209.25,489.0,
433662,MNQ,1m,1788254040000,29209.0,29216.5,29204.5,29208.25,871.0,
433663,MNQ,1m,1788254100000,29207.5,29209.0,29197.25,29202.5,1803.0,
433664,MNQ,1m,1788254160000,29202.75,29216.0,29202.5,29213.25,965.0,
433665,MNQ,1m,1788254220000,29213.25,29218.25,29208.25,29211.25,873.0,
433666,MNQ,1m,1788254280000,29211.5,29216.5,29201.5,29202.5,913.0,
433667,MNQ,1m,1788254340000,29202.25,29210.5,29198.0,29199.0,960.0,
433668,MNQ,1m,1788254400000,29201.0,29201.0,29186.0,29195.25,1983.0,
433669,MNQ,1m,1788254460000,29195.25,29207.5,29194.0,29203.25,1114.0,
433670,MNQ,1m,1788254520000,29203.5,29205.5,29201.0,29203.5,549.0,
433671,MNQ,1m,1788254580000,29203.5,29204.25,29189.5,29201.5,1192.0,
433672,MNQ,1m,1788254640000,29202.0,29202.5,29193.5,29195.75,736.0,
433673,MNQ,1m,1788254700000,29195.5,29202.0,29192.5,29198.5,512.0,
433674,MNQ,1m,1788254760000,29199.0,29200.75,29193.0,29194.0,587.0,
433675,MNQ,1m,1788254820000,29194.0,29202.0,29190.5,29190.75,778.0,
433676,MNQ,1m,1788254880000,29191.0,29197.5,29188.75,29195.5,874.0,
433677,MNQ,1m,1788254940000,29195.25,29198.5,29191.75,29197.75,462.0,
433678,MNQ,1m,1788255000000,29197.75,29205.5,29192.0,29197.5,1211.0,
433679,MNQ,1m,1788255060000,29197.0,29205.0,29195.75,29202.75,658.0,
433680,MNQ,1m,1788255120000,29203.75,29207.25,29200.25,29200.5,844.0,
433681,MNQ,1m,1788255180000,29200.75,29207.25,29194.0,29197.0,901.0,
433682,MNQ,1m,1788255240000,29196.25,29207.25,29195.5,29201.75,1101.0,
433683,MNQ,1m,1788255300000,29202.0,29207.25,29195.75,29198.0,799.0,
433684,MNQ,1m,1788255360000,29196.25,29204.5,29195.75,29200.25,483.0,
433685,MNQ,1m,1788255420000,29199.5,29200.75,29190.25,29192.5,672.0,
433686,MNQ,1m,1788255480000,29193.25,29195.5,29183.75,29187.75,1299.0,
433687,MNQ,1m,1788255540000,29187.5,29192.75,29184.25,29187.0,715.0,
433688,MNQ,1m,1788255600000,29187.75,29194.75,29182.0,29193.75,841.0,
433689,MNQ,1m,1788255660000,29193.0,29206.0,29193.0,29203.75,1276.0,
433690,MNQ,1m,1788255720000,29203.0,29208.5,29200.25,29203.25,737.0,
433691,MNQ,1m,1788255780000,29204.25,29216.5,29204.25,29211.75,1196.0,
433692,MNQ,1m,1788255840000,29211.5,29216.0,29210.0,29212.75,605.0,
433693,MNQ,1m,1788255900000,29212.5,29221.0,29211.25,29219.75,944.0,
433694,MNQ,1m,1788255960000,29220.5,29227.75,29220.0,29222.0,1333.0,
433695,MNQ,1m,1788256020000,29222.0,29227.0,29222.0,29225.25,608.0,
433696,MNQ,1m,1788256080000,29226.25,29226.5,29220.75,29221.75,375.0,
433697,MNQ,1m,1788256140000,29222.0,29224.75,29219.0,29219.5,441.0,
433698,MNQ,1m,1788256200000,29219.5,29222.0,29215.75,29218.25,698.0,
433699,MNQ,1m,1788256260000,29218.0,29222.5,29217.0,29221.75,499.0,
433700,MNQ,1m,1788256320000,29221.75,29221.75,29216.25,29219.5,491.0,
433701,MNQ,1m,1788256380000,29219.5,29222.75,29213.5,29220.0,604.0,
433702,MNQ,1m,1788256440000,29220.0,29223.75,29219.0,29223.0,449.0,
433703,MNQ,1m,1788256500000,29223.5,29224.75,29215.25,29216.5,550.0,
433704,MNQ,1m,1788256560000,29216.25,29224.0,29216.25,29222.0,439.0,
433705,MNQ,1m,1788256620000,29220.75,29223.0,29217.25,29221.5,403.0,
433706,MNQ,1m,1788256680000,29222.0,29223.75,29216.25,29217.75,436.0,
433707,MNQ,1m,1788256740000,29218.0,29218.0,29210.5,29212.5,698.0,
433708,MNQ,1m,1788256800000,29213.0,29223.25,29209.25,29220.5,1007.0,
433709,MNQ,1m,1788256860000,29220.25,29228.25,29218.0,29222.25,767.0,
433710,MNQ,1m,1788256920000,29223.25,29227.75,29221.0,29225.0,544.0,
433711,MNQ,1m,1788256980000,29225.25,29225.5,29209.25,29211.0,715.0,
433712,MNQ,1m,1788257040000,29211.5,29214.0,29201.25,29209.75,1367.0,
433713,MNQ,1m,1788257100000,29210.0,29221.5,29209.0,29215.5,872.0,
433714,MNQ,1m,1788257160000,29215.0,29221.25,29208.5,29211.5,605.0,
433715,MNQ,1m,1788257220000,29211.75,29217.25,29209.5,29211.0,517.0,
433716,MNQ,1m,1788257280000,29211.25,29215.0,29208.25,29210.75,541.0,
433717,MNQ,1m,1788257340000,29211.0,29213.0,29206.75,29208.25,361.0,
433718,MNQ,1m,1788257400000,29208.5,29219.0,29204.0,29217.75,671.0,
433719,MNQ,1m,1788257460000,29218.0,29220.5,29214.75,29218.0,524.0,
433720,MNQ,1m,1788257520000,29218.25,29224.75,29218.25,29222.75,697.0,
433721,MNQ,1m,1788257580000,29222.25,29227.25,29221.25,29226.0,512.0,
433722,MNQ,1m,1788257640000,29226.0,29226.5,29220.25,29221.75,367.0,
433723,MNQ,1m,1788257700000,29221.5,29226.5,29218.75,29225.25,400.0,
433724,MNQ,1m,1788257760000,29225.0,29229.0,29222.5,29227.0,554.0,
433725,MNQ,1m,1788257820000,29227.0,29227.5,29218.75,29224.5,582.0,
433726,MNQ,1m,1788257880000,29225.25,29226.0,29211.5,29216.0,628.0,
433727,MNQ,1m,1788257940000,29215.0,29219.75,29212.25,29219.75,330.0,
433728,MNQ,1m,1788258000000,29219.5,29224.5,29217.5,29223.25,412.0,
433729,MNQ,1m,1788258060000,29222.25,29245.5,29222.0,29243.25,1705.0,
433730,MNQ,1m,1788258120000,29244.0,29246.25,29240.25,29243.25,845.0,
433731,MNQ,1m,1788258180000,29244.0,29248.25,29243.25,29244.75,866.0,
433732,MNQ,1m,1788258240000,29245.0,29247.5,29244.75,29245.0,388.0,
433733,MNQ,1m,1788258300000,29245.0,29249.25,29244.0,29244.75,580.0,
433734,MNQ,1m,1788258360000,29244.75,29246.0,29242.75,29243.75,253.0,
433735,MNQ,1m,1788258420000,29244.0,29245.5,29239.5,29239.5,634.0,
433736,MNQ,1m,1788258480000,29239.5,29240.5,29235.25,29239.25,524.0,
433737,MNQ,1m,1788258540000,29238.75,29239.5,29232.75,29237.25,525.0,
433738,MNQ,1m,1788258600000,29237.5,29243.75,29236.5,29241.0,475.0,
433739,MNQ,1m,1788258660000,29241.25,29242.75,29235.5,29239.0,494.0,
433740,MNQ,1m,1788258720000,29238.75,29244.75,29238.75,29243.5,418.0,
433741,MNQ,1m,1788258780000,29243.75,29248.5,29243.75,29247.75,572.0,
433742,MNQ,1m,1788258840000,29247.5,29256.25,29247.0,29255.25,810.0,
433743,MNQ,1m,1788258900000,29255.75,29257.5,29248.5,29250.75,1014.0,
433744,MNQ,1m,1788258960000,29251.0,29256.0,29250.25,29253.0,500.0,
433745,MNQ,1m,1788259020000,29252.5,29254.25,29250.75,29253.5,258.0,
433746,MNQ,1m,1788259080000,29253.5,29258.0,29252.0,29255.0,411.0,
433747,MNQ,1m,1788259140000,29255.25,29255.5,29249.5,29250.5,235.0,
433748,MNQ,1m,1788259200000,29249.25,29250.0,29237.25,29239.5,1016.0,
433749,MNQ,1m,1788259260000,29239.25,29241.0,29237.0,29241.0,323.0,
433750,MNQ,1m,1788259320000,29241.0,29244.75,29236.0,29236.0,725.0,
433751,MNQ,1m,1788259380000,29236.0,29237.75,29231.0,29235.5,878.0,
433752,MNQ,1m,1788259440000,29235.0,29237.75,29226.75,29227.75,857.0,
433753,MNQ,1m,1788259500000,29227.25,29229.5,29221.5,29224.75,1176.0,
433754,MNQ,1m,1788259560000,29225.5,29229.25,29224.25,29228.0,635.0,
433755,MNQ,1m,1788259620000,29228.75,29244.25,29220.75,29234.75,2031.0,
433756,MNQ,1m,1788259680000,29234.25,29237.0,29221.75,29224.25,1347.0,
433757,MNQ,1m,1788259740000,29224.25,29226.25,29219.25,29223.25,902.0,
433758,MNQ,1m,1788259800000,29222.75,29224.75,29213.25,29216.25,929.0,
433759,MNQ,1m,1788259860000,29216.5,29217.25,29203.5,29204.0,1586.0,
433760,MNQ,1m,1788259920000,29203.5,29206.5,29198.0,29203.5,1110.0,
433761,MNQ,1m,1788259980000,29203.0,29207.25,29202.5,29205.75,585.0,
433762,MNQ,1m,1788260040000,29205.5,29214.75,29205.25,29212.75,786.0,
433763,MNQ,1m,1788260100000,29212.5,29214.25,29207.75,29211.75,634.0,
433764,MNQ,1m,1788260160000,29210.75,29213.5,29208.25,29210.75,422.0,
433765,MNQ,1m,1788260220000,29210.5,29214.75,29208.0,29210.25,474.0,
433766,MNQ,1m,1788260280000,29210.75,29213.0,29209.0,29209.0,278.0,
433767,MNQ,1m,1788260340000,29209.5,29215.0,29208.0,29210.0,756.0,
433768,MNQ,1m,1788260400000,29209.5,29213.25,29198.25,29200.0,2436.0,
433769,MNQ,1m,1788260460000,29200.5,29201.0,29189.0,29192.75,1564.0,
433770,MNQ,1m,1788260520000,29192.75,29204.5,29192.25,29203.25,950.0,
433771,MNQ,1m,1788260580000,29203.5,29207.75,29198.0,29201.0,893.0,
433772,MNQ,1m,1788260640000,29201.0,29205.5,29191.0,29204.75,945.0,
433773,MNQ,1m,1788260700000,29204.0,29204.0,29177.5,29185.75,2524.0,
433774,MNQ,1m,1788260760000,29187.0,29195.75,29185.5,29190.75,1249.0,
433775,MNQ,1m,1788260820000,29191.0,29198.25,29185.75,29197.5,730.0,
433776,MNQ,1m,1788260880000,29197.0,29203.5,29191.25,29193.0,1397.0,
433777,MNQ,1m,1788260940000,29193.5,29199.25,29186.25,29198.25,851.0,
433778,MNQ,1m,1788261000000,29198.5,29203.0,29193.5,29195.25,872.0,
433779,MNQ,1m,1788261060000,29195.25,29201.5,29193.5,29199.0,630.0,
433780,MNQ,1m,1788261120000,29199.0,29205.0,29198.5,29200.5,817.0,
433781,MNQ,1m,1788261180000,29200.0,29201.25,29195.0,29198.75,660.0,
433782,MNQ,1m,1788261240000,29198.25,29202.0,29193.75,29201.25,648.0,
433783,MNQ,1m,1788261300000,29200.25,29205.75,29199.0,29204.75,785.0,
433784,MNQ,1m,1788261360000,29204.25,29209.25,29204.25,29206.75,802.0,
433785,MNQ,1m,1788261420000,29206.5,29211.5,29205.0,29207.75,779.0,
433786,MNQ,1m,1788261480000,29207.5,29210.5,29205.0,29209.75,511.0,
433787,MNQ,1m,1788261540000,29210.5,29212.25,29203.25,29207.5,614.0,
433788,MNQ,1m,1788261600000,29207.75,29216.75,29206.0,29208.5,1541.0,
433789,MNQ,1m,1788261660000,29209.0,29210.5,29201.25,29202.5,819.0,
433790,MNQ,1m,1788261720000,29202.5,29207.25,29197.0,29203.25,1050.0,
433791,MNQ,1m,1788261780000,29202.5,29207.0,29202.0,29205.75,490.0,
433792,MNQ,1m,1788261840000,29205.75,29206.0,29196.25,29200.5,630.0,
433793,MNQ,1m,1788261900000,29200.25,29205.5,29196.5,29199.75,720.0,
433794,MNQ,1m,1788261960000,29199.25,29209.0,29196.0,29207.5,876.0,
433795,MNQ,1m,1788262020000,29207.25,29210.75,29202.25,29208.0,827.0,
433796,MNQ,1m,1788262080000,29207.5,29212.5,29205.5,29208.75,651.0,
433797,MNQ,1m,1788262140000,29208.25,29211.25,29204.5,29208.25,378.0,
433798,MNQ,1m,1788262200000,29208.5,29225.5,29206.0,29219.75,1433.0,
433799,MNQ,1m,1788262260000,29220.25,29224.0,29213.25,29217.75,1168.0,
433800,MNQ,1m,1788262320000,29217.0,29220.0,29214.0,29216.75,537.0,
433801,MNQ,1m,1788262380000,29216.75,29219.25,29214.5,29218.25,477.0,
433802,MNQ,1m,1788262440000,29218.25,29218.75,29210.25,29212.5,736.0,
433803,MNQ,1m,1788262500000,29212.25,29218.75,29210.0,29214.0,710.0,
433804,MNQ,1m,1788262560000,29212.75,29227.75,29212.5,29226.0,824.0,
433805,MNQ,1m,1788262620000,29226.0,29226.5,29223.25,29225.0,542.0,
433806,MNQ,1m,1788262680000,29225.0,29228.0,29224.5,29226.25,1017.0,
433807,MNQ,1m,1788262740000,29226.25,29236.0,29226.0,29235.5,855.0,
433808,MNQ,1m,1788262800000,29234.75,29235.75,29232.25,29233.25,647.0,
433809,MNQ,1m,1788262860000,29233.5,29238.25,29233.5,29238.25,575.0,
433810,MNQ,1m,1788262920000,29237.25,29237.5,29230.5,29232.75,736.0,
433811,MNQ,1m,1788262980000,29232.5,29233.75,29229.5,29231.0,497.0,
433812,MNQ,1m,1788263040000,29230.5,29231.75,29226.0,29226.25,407.0,
433813,MNQ,1m,1788263100000,29227.25,29229.75,29220.75,29223.75,757.0,
433814,MNQ,1m,1788263160000,29224.0,29227.0,29218.75,29219.5,677.0,
433815,MNQ,1m,1788263220000,29219.25,29220.75,29209.25,29212.0,1446.0,
433816,MNQ,1m,1788263280000,29212.25,29218.5,29205.5,29217.25,1702.0,
433817,MNQ,1m,1788263340000,29217.25,29218.0,29206.0,29208.5,889.0,
433818,MNQ,1m,1788263400000,29209.0,29211.0,29204.75,29209.25,762.0,
433819,MNQ,1m,1788263460000,29209.25,29212.75,29205.0,29212.0,606.0,
433820,MNQ,1m,1788263520000,29212.0,29217.5,29208.75,29211.5,925.0,
433821,MNQ,1m,1788263580000,29211.25,29216.5,29211.25,29216.0,492.0,
433822,MNQ,1m,1788263640000,29216.25,29217.0,29198.0,29198.5,1531.0,
433823,MNQ,1m,1788263700000,29199.0,29200.25,29188.0,29193.0,1855.0,
433824,MNQ,1m,1788263760000,29193.25,29194.25,29170.0,29177.0,3239.0,
433825,MNQ,1m,1788263820000,29176.75,29178.0,29167.25,29172.5,2093.0,
433826,MNQ,1m,1788263880000,29173.0,29174.75,29167.5,29174.25,1322.0,
433827,MNQ,1m,1788263940000,29174.25,29177.0,29170.5,29172.25,1253.0,
433828,MNQ,1m,1788264000000,29172.0,29173.25,29157.5,29159.75,2851.0,
433829,MNQ,1m,1788264060000,29161.5,29167.0,29157.5,29159.5,1345.0,
433830,MNQ,1m,1788264120000,29160.0,29174.5,29157.0,29173.75,1758.0,
433831,MNQ,1m,1788264180000,29173.5,29179.75,29169.5,29174.25,1390.0,
433832,MNQ,1m,1788264240000,29173.75,29178.0,29170.0,29174.75,728.0,
433833,MNQ,1m,1788264300000,29174.0,29177.0,29160.75,29161.5,1083.0,
433834,MNQ,1m,1788264360000,29162.0,29167.5,29155.5,29157.75,1725.0,
433835,MNQ,1m,1788264420000,29157.75,29164.75,29155.25,29162.75,1260.0,
433836,MNQ,1m,1788264480000,29162.5,29171.75,29160.5,29167.75,846.0,
433837,MNQ,1m,1788264540000,29167.75,29173.0,29155.75,29157.25,1555.0,
433838,MNQ,1m,1788264600000,29158.75,29162.0,29153.25,29155.0,1098.0,
433839,MNQ,1m,1788264660000,29155.75,29160.25,29153.25,29157.0,794.0,
433840,MNQ,1m,1788264720000,29157.5,29162.0,29156.0,29160.75,603.0,
433841,MNQ,1m,1788264780000,29161.0,29166.75,29157.75,29162.75,1236.0,
433842,MNQ,1m,1788264840000,29163.25,29166.75,29160.0,29165.0,794.0,
433843,MNQ,1m,1788264900000,29165.25,29169.5,29159.75,29165.0,1116.0,
433844,MNQ,1m,1788264960000,29164.75,29168.0,29162.75,29167.0,777.0,
433845,MNQ,1m,1788265020000,29167.5,29173.75,29165.75,29169.5,1004.0,
433846,MNQ,1m,1788265080000,29169.25,29169.75,29153.75,29158.25,1490.0,
433847,MNQ,1m,1788265140000,29158.0,29158.75,29144.75,29147.5,2016.0,
433848,MNQ,1m,1788265200000,29148.0,29150.75,29138.0,29146.25,2476.0,
433849,MNQ,1m,1788265260000,29146.5,29149.25,29141.5,29147.25,1077.0,
433850,MNQ,1m,1788265320000,29147.0,29161.25,29145.5,29155.0,1393.0,
433851,MNQ,1m,1788265380000,29155.0,29160.75,29146.5,29158.75,1301.0,
433852,MNQ,1m,1788265440000,29158.5,29162.5,29154.0,29156.0,822.0,
433853,MNQ,1m,1788265500000,29156.0,29158.0,29150.5,29154.5,715.0,
433854,MNQ,1m,1788265560000,29155.0,29169.25,29154.5,29168.75,1275.0,
433855,MNQ,1m,1788265620000,29169.0,29170.5,29166.75,29169.25,872.0,
433856,MNQ,1m,1788265680000,29168.5,29172.0,29166.0,29168.25,797.0,
433857,MNQ,1m,1788265740000,29168.75,29170.5,29165.75,29170.0,547.0,
433858,MNQ,1m,1788265800000,29169.5,29170.5,29161.25,29161.25,1115.0,
433859,MNQ,1m,1788265860000,29161.5,29164.0,29147.25,29150.0,2399.0,
433860,MNQ,1m,1788265920000,29150.25,29151.75,29141.5,29148.25,1798.0,
433861,MNQ,1m,1788265980000,29148.5,29152.75,29147.0,29150.75,708.0,
433862,MNQ,1m,1788266040000,29150.25,29154.75,29148.75,29148.75,963.0,
433863,MNQ,1m,1788266100000,29148.75,29148.75,29137.5,29140.25,1885.0,
433864,MNQ,1m,1788266160000,29140.25,29140.5,29130.0,29131.75,2199.0,
433865,MNQ,1m,1788266220000,29131.75,29136.0,29128.0,29129.0,1469.0,
433866,MNQ,1m,1788266280000,29129.5,29136.75,29125.5,29135.75,2077.0,
433867,MNQ,1m,1788266340000,29136.0,29154.5,29133.25,29139.0,2587.0,
433868,MNQ,1m,1788266400000,29138.0,29140.5,29132.0,29138.25,1206.0,
433869,MNQ,1m,1788266460000,29138.75,29141.25,29133.0,29139.0,815.0,
433870,MNQ,1m,1788266520000,29138.75,29139.25,29128.0,29129.5,1399.0,
433871,MNQ,1m,1788266580000,29129.0,29132.0,29123.25,29125.5,1722.0,
433872,MNQ,1m,1788266640000,29125.75,29132.75,29125.5,29130.0,770.0,
433873,MNQ,1m,1788266700000,29129.5,29135.5,29127.0,29130.25,959.0,
433874,MNQ,1m,1788266760000,29130.5,29142.25,29130.5,29138.0,1084.0,
433875,MNQ,1m,1788266820000,29137.5,29153.0,29137.5,29149.5,1833.0,
433876,MNQ,1m,1788266880000,29149.5,29150.0,29126.5,29129.0,2017.0,
433877,MNQ,1m,1788266940000,29129.5,29132.5,29123.25,29127.25,1346.0,
433878,MNQ,1m,1788267000000,29126.75,29131.75,29124.75,29131.5,1012.0,
433879,MNQ,1m,1788267060000,29131.5,29138.25,29129.75,29138.25,1083.0,
433880,MNQ,1m,1788267120000,29137.75,29138.0,29124.25,29132.75,1500.0,
433881,MNQ,1m,1788267180000,29132.25,29135.25,29129.5,29129.5,620.0,
433882,MNQ,1m,1788267240000,29129.75,29132.75,29128.0,29131.25,513.0,
433883,MNQ,1m,1788267300000,29131.5,29135.0,29125.5,29131.5,999.0,
433884,MNQ,1m,1788267360000,29132.0,29133.0,29125.0,29131.0,927.0,
433885,MNQ,1m,1788267420000,29131.25,29134.75,29127.25,29128.0,669.0,
433886,MNQ,1m,1788267480000,29128.0,29129.5,29124.5,29128.25,824.0,
433887,MNQ,1m,1788267540000,29128.25,29130.0,29122.75,29125.75,784.0,
433888,MNQ,1m,1788267600000,29125.5,29126.0,29111.5,29114.25,3841.0,
433889,MNQ,1m,1788267660000,29114.5,29116.0,29100.0,29107.75,3515.0,
433890,MNQ,1m,1788267720000,29107.25,29116.75,29106.25,29107.25,2170.0,
433891,MNQ,1m,1788267780000,29107.25,29107.25,29098.0,29102.25,2877.0,
433892,MNQ,1m,1788267840000,29102.25,29103.25,29094.75,29098.75,2396.0,
433893,MNQ,1m,1788267900000,29098.75,29103.25,29095.75,29102.25,2145.0,
433894,MNQ,1m,1788267960000,29102.25,29104.75,29087.75,29093.25,2381.0,
433895,MNQ,1m,1788268020000,29092.75,29099.0,29086.5,29098.5,2590.0,
433896,MNQ,1m,1788268080000,29098.75,29102.25,29093.25,29099.0,1588.0,
433897,MNQ,1m,1788268140000,29099.0,29101.25,29091.75,29098.75,1205.0,
433898,MNQ,1m,1788268200000,29098.75,29104.5,29098.25,29101.25,1221.0,
433899,MNQ,1m,1788268260000,29100.75,29100.75,29093.25,29094.25,940.0,
433900,MNQ,1m,1788268320000,29093.75,29097.5,29089.0,29094.0,1465.0,
433901,MNQ,1m,1788268380000,29094.25,29102.5,29092.0,29100.5,1422.0,
433902,MNQ,1m,1788268440000,29101.0,29102.5,29092.25,29093.25,926.0,
433903,MNQ,1m,1788268500000,29092.75,29100.0,29090.25,29093.75,1295.0,
433904,MNQ,1m,1788268560000,29093.25,29096.25,29084.75,29089.5,1924.0,
433905,MNQ,1m,1788268620000,29090.0,29094.0,29087.75,29092.0,722.0,
433906,MNQ,1m,1788268680000,29092.25,29092.75,29082.75,29087.0,1536.0,
433907,MNQ,1m,1788268740000,29086.75,29097.75,29086.0,29097.5,1154.0,
433908,MNQ,1m,1788268800000,29097.0,29102.5,29095.0,29098.0,1552.0,
433909,MNQ,1m,1788268860000,29097.75,29102.25,29096.25,29101.25,936.0,
433910,MNQ,1m,1788268920000,29101.75,29106.0,29101.0,29103.75,1663.0,
433911,MNQ,1m,1788268980000,29103.75,29115.0,29103.25,29112.0,2056.0,
433912,MNQ,1m,1788269040000,29111.75,29113.75,29109.25,29112.75,1322.0,
433913,MNQ,1m,1788269100000,29112.75,29114.5,29101.0,29108.75,2370.0,
433914,MNQ,1m,1788269160000,29108.5,29108.75,29097.5,29107.25,1567.0,
433915,MNQ,1m,1788269220000,29107.25,29112.0,29101.5,29106.75,1933.0,
433916,MNQ,1m,1788269280000,29106.5,29119.25,29106.0,29116.75,3210.0,
433917,MNQ,1m,1788269340000,29116.75,29123.0,29110.25,29111.5,3017.0,
433918,MNQ,1m,1788269400000,29111.75,29125.0,29086.75,29097.75,16357.0,
433919,MNQ,1m,1788269460000,29097.25,29106.0,29062.75,29076.0,19896.0,
433920,MNQ,1m,1788269520000,29075.75,29098.75,29070.0,29095.0,13661.0,
433921,MNQ,1m,1788269580000,29094.5,29115.0,29085.25,29088.75,13725.0,
433922,MNQ,1m,1788269640000,29089.25,29115.75,29085.0,29099.5,10602.0,
433923,MNQ,1m,1788269700000,29099.5,29140.5,29093.75,29117.25,18052.0,
433924,MNQ,1m,1788269760000,29117.75,29127.25,29097.5,29103.75,11050.0,
433925,MNQ,1m,1788269820000,29104.0,29125.75,29094.75,29111.5,11255.0,
433926,MNQ,1m,1788269880000,29111.5,29114.25,29065.0,29071.0,14946.0,
433927,MNQ,1m,1788269940000,29070.75,29087.5,29059.75,29072.0,12905.0,
433928,MNQ,1m,1788270000000,29071.25,29084.5,29055.0,29062.25,12421.0,
433929,MNQ,1m,1788270060000,29062.0,29067.25,29040.0,29051.5,13587.0,
433930,MNQ,1m,1788270120000,29051.25,29075.25,29044.0,29068.5,8852.0,
433931,MNQ,1m,1788270180000,29068.0,29086.5,29059.5,29083.75,5214.0,
433932,MNQ,1m,1788270240000,29082.75,29096.75,29071.5,29083.5,6170.0,
433933,MNQ,1m,1788270300000,29084.0,29123.0,29074.5,29114.0,11781.0,
433934,MNQ,1m,1788270360000,29114.25,29127.0,29103.0,29112.75,8804.0,
433935,MNQ,1m,1788270420000,29113.25,29147.25,29112.75,29125.25,10844.0,
433936,MNQ,1m,1788270480000,29125.0,29137.25,29108.5,29114.0,7723.0,
433937,MNQ,1m,1788270540000,29114.25,29144.5,29110.5,29143.0,7644.0,
433938,MNQ,1m,1788270600000,29143.5,29157.75,29136.75,29146.25,11695.0,
433939,MNQ,1m,1788270660000,29146.0,29147.75,29129.25,29132.0,6513.0,
433940,MNQ,1m,1788270720000,29132.5,29136.5,29112.25,29120.0,9071.0,
433941,MNQ,1m,1788270780000,29119.75,29126.25,29109.25,29120.75,6056.0,
433942,MNQ,1m,1788270840000,29120.5,29124.75,29105.5,29124.5,5646.0,
433943,MNQ,1m,1788270900000,29123.5,29130.0,29110.5,29117.5,6015.0,
433944,MNQ,1m,1788270960000,29117.5,29120.75,29100.75,29101.25,5812.0,
433945,MNQ,1m,1788271020000,29102.0,29108.75,29095.0,29097.25,5594.0,
433946,MNQ,1m,1788271080000,29097.75,29105.0,29091.75,29093.5,3486.0,
433947,MNQ,1m,1788271140000,29094.25,29110.25,29092.75,29105.5,4186.0,
433948,MNQ,1m,1788271200000,29107.25,29137.25,29089.0,29111.75,10384.0,
433949,MNQ,1m,1788271260000,29111.75,29137.5,29110.75,29136.0,10382.0,
433950,MNQ,1m,1788271320000,29136.0,29138.75,29085.0,29098.5,10500.0,
433951,MNQ,1m,1788271380000,29099.25,29117.0,29095.0,29116.25,6129.0,
433952,MNQ,1m,1788271440000,29116.0,29122.0,29102.75,29103.75,5128.0,
433953,MNQ,1m,1788271500000,29104.0,29124.5,29104.0,29122.25,5019.0,
433954,MNQ,1m,1788271560000,29122.0,29147.75,29119.75,29147.0,7039.0,
433955,MNQ,1m,1788271620000,29147.5,29156.5,29140.5,29155.0,7399.0,
433956,MNQ,1m,1788271680000,29155.5,29155.75,29135.0,29148.75,6140.0,
433957,MNQ,1m,1788271740000,29149.0,29163.25,29144.0,29153.25,6933.0,
433958,MNQ,1m,1788271800000,29153.75,29160.0,29145.75,29150.75,5358.0,
433959,MNQ,1m,1788271860000,29150.75,29155.5,29128.25,29130.25,6925.0,
433960,MNQ,1m,1788271920000,29131.25,29137.75,29119.5,29125.25,6789.0,
433961,MNQ,1m,1788271980000,29125.25,29132.25,29116.0,29129.25,6012.0,
433962,MNQ,1m,1788272040000,29129.0,29145.25,29123.5,29134.25,6391.0,
433963,MNQ,1m,1788272100000,29134.25,29171.75,29131.75,29159.0,11401.0,
433964,MNQ,1m,1788272160000,29158.75,29173.0,29153.25,29164.0,7133.0,
433965,MNQ,1m,1788272220000,29163.75,29166.75,29148.25,29151.25,4965.0,
433966,MNQ,1m,1788272280000,29151.25,29157.0,29136.25,29139.25,5099.0,
433967,MNQ,1m,1788272340000,29138.75,29147.0,29135.75,29145.75,3976.0,
433968,MNQ,1m,1788272400000,29145.25,29159.25,29145.25,29154.0,5415.0,
433969,MNQ,1m,1788272460000,29154.25,29163.0,29152.0,29153.25,3925.0,
433970,MNQ,1m,1788272520000,29152.75,29179.0,29152.25,29171.75,8336.0,
433971,MNQ,1m,1788272580000,29171.5,29171.5,29155.5,29159.75,4524.0,
433972,MNQ,1m,1788272640000,29158.75,29165.5,29152.5,29160.75,3782.0,
433973,MNQ,1m,1788272700000,29160.75,29176.0,29158.5,29172.25,4995.0,
433974,MNQ,1m,1788272760000,29172.75,29178.25,29171.25,29174.0,3581.0,
433975,MNQ,1m,1788272820000,29174.75,29175.5,29155.0,29163.5,5723.0,
433976,MNQ,1m,1788272880000,29163.25,29165.5,29158.0,29163.25,3049.0,
433977,MNQ,1m,1788272940000,29163.25,29166.25,29155.75,29165.75,3064.0,
433978,MNQ,1m,1788273000000,29165.25,29188.0,29162.5,29186.5,8281.0,
433979,MNQ,1m,1788273060000,29186.5,29208.25,29180.75,29199.25,10529.0,
433980,MNQ,1m,1788273120000,29199.5,29204.75,29194.5,29202.0,4288.0,
433981,MNQ,1m,1788273180000,29202.25,29211.75,29200.75,29210.0,5404.0,
433982,MNQ,1m,1788273240000,29209.5,29213.0,29208.0,29209.75,3271.0,
433983,MNQ,1m,1788273300000,29209.75,29215.25,29205.5,29207.0,4806.0,
433984,MNQ,1m,1788273360000,29207.0,29212.5,29200.5,29205.25,4356.0,
433985,MNQ,1m,1788273420000,29205.75,29217.25,29202.0,29211.0,4114.0,
433986,MNQ,1m,1788273480000,29211.25,29213.75,29202.0,29203.75,3261.0,
433987,MNQ,1m,1788273540000,29204.0,29212.25,29196.5,29208.5,5013.0,
433988,MNQ,1m,1788273600000,29209.0,29220.75,29204.5,29215.75,4831.0,
433989,MNQ,1m,1788273660000,29215.5,29223.5,29212.5,29213.0,4538.0,
433990,MNQ,1m,1788273720000,29213.0,29224.25,29208.75,29219.0,4064.0,
433991,MNQ,1m,1788273780000,29219.5,29229.5,29215.0,29222.5,4203.0,
433992,MNQ,1m,1788273840000,29222.75,29234.5,29213.25,29234.0,5225.0,
433993,MNQ,1m,1788273900000,29233.75,29235.75,29224.5,29230.0,5847.0,
433994,MNQ,1m,1788273960000,29229.75,29241.5,29227.0,29238.25,4656.0,
433995,MNQ,1m,1788274020000,29238.25,29252.75,29234.0,29251.75,6126.0,
433996,MNQ,1m,1788274080000,29252.25,29268.25,29250.0,29258.75,8608.0,
433997,MNQ,1m,1788274140000,29259.0,29260.75,29244.0,29245.75,5241.0,
433998,MNQ,1m,1788274200000,29246.75,29247.25,29234.25,29240.25,6427.0,
433999,MNQ,1m,1788274260000,29240.75,29244.25,29224.75,29227.5,5723.0,
434000,MNQ,1m,1788274320000,29227.25,29233.75,29220.0,29226.75,5915.0,
434001,MNQ,1m,1788274380000,29227.0,29239.75,29224.5,29229.5,5196.0,
434002,MNQ,1m,1788274440000,29230.25,29235.25,29218.25,29222.25,3826.0,
434003,MNQ,1m,1788274500000,29222.25,29227.75,29215.75,29218.75,4145.0,
434004,MNQ,1m,1788274560000,29219.0,29223.25,29213.75,29221.25,3749.0,
434005,MNQ,1m,1788274620000,29221.25,29227.25,29207.75,29212.25,5545.0,
434006,MNQ,1m,1788274680000,29212.5,29220.0,29208.25,29213.75,4069.0,
434007,MNQ,1m,1788274740000,29213.75,29232.5,29213.25,29228.5,4965.0,
434008,MNQ,1m,1788274800000,29228.0,29242.0,29225.0,29239.25,7203.0,
434009,MNQ,1m,1788274860000,29238.75,29239.5,29225.0,29226.0,4379.0,
434010,MNQ,1m,1788274920000,29226.0,29232.5,29220.75,29225.5,3635.0,
434011,MNQ,1m,1788274980000,29225.5,29225.75,29207.25,29208.5,4288.0,
434012,MNQ,1m,1788275040000,29208.25,29212.75,29201.25,29212.0,6547.0,
434013,MNQ,1m,1788275100000,29211.75,29216.25,29203.25,29211.5,4237.0,
434014,MNQ,1m,1788275160000,29211.5,29213.25,29196.25,29198.75,4785.0,
434015,MNQ,1m,1788275220000,29198.75,29203.75,29186.75,29187.5,5512.0,
434016,MNQ,1m,1788275280000,29187.5,29193.0,29180.0,29184.5,6597.0,
434017,MNQ,1m,1788275340000,29184.25,29193.75,29181.0,29181.5,3906.0,
434018,MNQ,1m,1788275400000,29181.5,29192.5,29181.25,29184.75,3384.0,
434019,MNQ,1m,1788275460000,29184.75,29190.75,29180.75,29182.75,2690.0,
434020,MNQ,1m,1788275520000,29183.0,29192.0,29180.0,29189.0,3161.0,
434021,MNQ,1m,1788275580000,29189.0,29199.75,29186.0,29189.75,4135.0,
434022,MNQ,1m,1788275640000,29188.75,29200.0,29183.0,29183.0,3405.0,
434023,MNQ,1m,1788275700000,29183.25,29192.75,29179.0,29187.5,3010.0,
434024,MNQ,1m,1788275760000,29187.75,29196.25,29186.0,29186.75,2673.0,
434025,MNQ,1m,1788275820000,29187.0,29194.75,29182.75,29187.0,2632.0,
434026,MNQ,1m,1788275880000,29187.5,29197.25,29185.25,29193.25,2173.0,
434027,MNQ,1m,1788275940000,29193.5,29204.75,29191.0,29198.5,4752.0,
434028,MNQ,1m,1788276000000,29198.5,29207.0,29193.75,29194.0,3453.0,
434029,MNQ,1m,1788276060000,29193.75,29201.25,29186.25,29196.75,4148.0,
434030,MNQ,1m,1788276120000,29196.25,29209.75,29193.75,29205.5,4125.0,
434031,MNQ,1m,1788276180000,29204.5,29215.0,29201.5,29210.75,3713.0,
434032,MNQ,1m,1788276240000,29210.5,29218.75,29209.0,29215.5,3812.0,
434033,MNQ,1m,1788276300000,29215.5,29217.75,29207.5,29209.5,3310.0,
434034,MNQ,1m,1788276360000,29209.75,29221.75,29208.5,29217.5,2601.0,
434035,MNQ,1m,1788276420000,29217.0,29220.0,29213.25,29215.5,1906.0,
434036,MNQ,1m,1788276480000,29215.5,29218.5,29206.75,29217.75,3291.0,
434037,MNQ,1m,1788276540000,29217.5,29233.25,29215.0,29232.0,5117.0,
434038,MNQ,1m,1788276600000,29232.0,29244.75,29224.5,29242.25,6883.0,
434039,MNQ,1m,1788276660000,29242.0,29242.25,29226.25,29227.75,4533.0,
434040,MNQ,1m,1788276720000,29228.0,29236.0,29225.5,29231.25,2992.0,
434041,MNQ,1m,1788276780000,29231.75,29237.0,29226.0,29237.0,2423.0,
434042,MNQ,1m,1788276840000,29236.75,29237.5,29226.5,29232.75,2356.0,
434043,MNQ,1m,1788276900000,29232.75,29238.5,29229.0,29236.5,2470.0,
434044,MNQ,1m,1788276960000,29236.25,29248.75,29234.25,29246.5,4016.0,
434045,MNQ,1m,1788277020000,29246.5,29254.25,29242.5,29254.0,3420.0,
434046,MNQ,1m,1788277080000,29254.0,29264.0,29253.5,29261.25,5171.0,
434047,MNQ,1m,1788277140000,29261.25,29269.75,29257.0,29266.75,4601.0,
434048,MNQ,1m,1788277200000,29266.5,29272.75,29266.25,29272.0,4044.0,
434049,MNQ,1m,1788277260000,29272.0,29283.25,29270.0,29276.0,5855.0,
434050,MNQ,1m,1788277320000,29276.0,29278.25,29266.75,29271.5,3124.0,
434051,MNQ,1m,1788277380000,29271.25,29276.5,29267.5,29274.75,2662.0,
434052,MNQ,1m,1788277440000,29274.5,29290.5,29272.0,29287.75,5351.0,
434053,MNQ,1m,1788277500000,29287.5,29295.5,29286.0,29293.5,4692.0,
434054,MNQ,1m,1788277560000,29293.25,29305.75,29292.5,29303.0,5964.0,
434055,MNQ,1m,1788277620000,29303.0,29313.75,29302.75,29308.5,6517.0,
434056,MNQ,1m,1788277680000,29308.5,29310.75,29301.0,29310.25,4286.0,
434057,MNQ,1m,1788277740000,29309.75,29317.25,29304.75,29312.25,4363.0,
434058,MNQ,1m,1788277800000,29312.5,29313.5,29298.75,29304.75,5042.0,
434059,MNQ,1m,1788277860000,29304.75,29312.75,29304.75,29307.5,2840.0,
434060,MNQ,1m,1788277920000,29307.5,29309.0,29294.5,29305.25,4004.0,
434061,MNQ,1m,1788277980000,29305.0,29316.5,29300.75,29310.5,2888.0,
434062,MNQ,1m,1788278040000,29311.25,29312.25,29306.25,29309.5,2083.0,
434063,MNQ,1m,1788278100000,29309.5,29311.25,29300.5,29303.25,2718.0,
434064,MNQ,1m,1788278160000,29303.0,29307.75,29297.0,29298.75,2736.0,
434065,MNQ,1m,1788278220000,29298.25,29302.25,29292.0,29293.25,3103.0,
434066,MNQ,1m,1788278280000,29293.5,29300.0,29288.5,29298.0,3685.0,
434067,MNQ,1m,1788278340000,29297.75,29304.0,29294.0,29296.0,3074.0,
434068,MNQ,1m,1788278400000,29295.75,29300.5,29287.25,29293.0,3392.0,
434069,MNQ,1m,1788278460000,29292.75,29293.5,29283.0,29284.0,3348.0,
434070,MNQ,1m,1788278520000,29284.25,29287.0,29276.5,29280.0,4768.0,
434071,MNQ,1m,1788278580000,29280.25,29285.0,29278.0,29280.25,2143.0,
434072,MNQ,1m,1788278640000,29280.5,29283.25,29277.5,29279.75,1697.0,
434073,MNQ,1m,1788278700000,29279.5,29283.0,29273.5,29279.25,2562.0,
434074,MNQ,1m,1788278760000,29278.5,29280.75,29259.25,29261.5,5517.0,
434075,MNQ,1m,1788278820000,29261.25,29273.25,29260.75,29266.75,4012.0,
434076,MNQ,1m,1788278880000,29266.75,29270.75,29256.25,29261.0,3657.0,
434077,MNQ,1m,1788278940000,29260.0,29267.0,29257.75,29260.25,2201.0,
434078,MNQ,1m,1788279000000,29260.0,29261.25,29244.75,29259.25,5981.0,
434079,MNQ,1m,1788279060000,29259.0,29259.5,29251.5,29255.5,1993.0,
434080,MNQ,1m,1788279120000,29255.0,29265.25,29250.5,29253.5,3461.0,
434081,MNQ,1m,1788279180000,29253.25,29257.5,29246.25,29246.75,2486.0,
434082,MNQ,1m,1788279240000,29247.0,29250.25,29231.75,29233.0,5518.0,
434083,MNQ,1m,1788279300000,29232.75,29236.75,29224.75,29234.25,5473.0,
434084,MNQ,1m,1788279360000,29233.75,29234.75,29223.0,29231.25,3477.0,
434085,MNQ,1m,1788279420000,29231.0,29233.25,29215.0,29217.0,4519.0,
434086,MNQ,1m,1788279480000,29217.0,29222.25,29213.5,29216.0,3249.0,
434087,MNQ,1m,1788279540000,29216.25,29219.25,29202.0,29204.0,5271.0,
434088,MNQ,1m,1788279600000,29204.0,29206.25,29180.0,29181.25,8651.0,
434089,MNQ,1m,1788279660000,29181.25,29190.25,29170.5,29178.25,10254.0,
434090,MNQ,1m,1788279720000,29177.75,29195.0,29177.5,29191.0,6076.0,
434091,MNQ,1m,1788279780000,29190.75,29209.5,29186.0,29200.0,7951.0,
434092,MNQ,1m,1788279840000,29200.25,29201.25,29188.5,29195.0,4551.0,
434093,MNQ,1m,1788279900000,29195.25,29202.75,29188.75,29197.25,3657.0,
434094,MNQ,1m,1788279960000,29196.75,29197.75,29165.0,29169.5,7169.0,
434095,MNQ,1m,1788280020000,29169.5,29182.5,29162.25,29169.5,8616.0,
434096,MNQ,1m,1788280080000,29169.25,29181.25,29169.0,29179.0,4930.0,
434097,MNQ,1m,1788280140000,29178.5,29184.0,29174.25,29177.0,2939.0,
434098,MNQ,1m,1788280200000,29177.0,29184.0,29148.25,29149.25,8412.0,
434099,MNQ,1m,1788280260000,29149.5,29153.5,29141.25,29151.25,6907.0,
434100,MNQ,1m,1788280320000,29151.5,29154.25,29142.75,29150.5,3761.0,
434101,MNQ,1m,1788280380000,29151.0,29158.5,29147.5,29157.0,4209.0,
434102,MNQ,1m,1788280440000,29157.0,29157.0,29130.0,29134.5,5789.0,
434103,MNQ,1m,1788280500000,29135.25,29145.0,29133.5,29142.25,4062.0,
434104,MNQ,1m,1788280560000,29143.5,29152.75,29135.0,29143.75,5373.0,
434105,MNQ,1m,1788280620000,29143.75,29148.5,29136.25,29144.0,3269.0,
434106,MNQ,1m,1788280680000,29144.75,29156.5,29144.75,29148.75,4170.0,
434107,MNQ,1m,1788280740000,29148.75,29164.0,29147.75,29163.5,4427.0,
434108,MNQ,1m,1788280800000,29163.75,29166.5,29150.25,29154.75,4696.0,
434109,MNQ,1m,1788280860000,29154.5,29168.75,29153.75,29166.25,3302.0,
434110,MNQ,1m,1788280920000,29166.5,29167.0,29141.5,29141.5,4862.0,
434111,MNQ,1m,1788280980000,29142.0,29156.75,29140.0,29148.25,3787.0,
434112,MNQ,1m,1788281040000,29148.25,29150.75,29136.0,29137.5,3183.0,
434113,MNQ,1m,1788281100000,29137.75,29147.0,29133.0,29145.75,3776.0,
434114,MNQ,1m,1788281160000,29145.75,29150.0,29139.25,29142.75,2436.0,
434115,MNQ,1m,1788281220000,29143.25,29151.5,29142.5,29146.0,1721.0,
434116,MNQ,1m,1788281280000,29146.0,29156.75,29144.0,29155.75,2592.0,
434117,MNQ,1m,1788281340000,29155.5,29162.0,29153.5,29161.5,3116.0,
434118,MNQ,1m,1788281400000,29161.75,29167.5,29155.75,29167.0,2585.0,
434119,MNQ,1m,1788281460000,29166.75,29167.0,29158.5,29161.5,2655.0,
434120,MNQ,1m,1788281520000,29161.5,29166.0,29152.0,29160.75,3428.0,
434121,MNQ,1m,1788281580000,29161.75,29166.0,29156.0,29156.5,1810.0,
434122,MNQ,1m,1788281640000,29156.5,29165.75,29155.0,29163.5,1671.0,
434123,MNQ,1m,1788281700000,29163.75,29183.25,29163.75,29180.75,5279.0,
434124,MNQ,1m,1788281760000,29181.0,29186.25,29176.75,29185.25,3563.0,
434125,MNQ,1m,1788281820000,29185.5,29188.75,29182.0,29185.5,2844.0,
434126,MNQ,1m,1788281880000,29185.25,29197.5,29185.25,29191.25,4012.0,
434127,MNQ,1m,1788281940000,29190.75,29196.25,29189.0,29191.0,2212.0,
434128,MNQ,1m,1788282000000,29191.0,29191.75,29171.5,29173.25,5575.0,
434129,MNQ,1m,1788282060000,29173.5,29176.25,29157.75,29159.75,4331.0,
434130,MNQ,1m,1788282120000,29159.75,29164.25,29152.75,29158.0,4345.0,
434131,MNQ,1m,1788282180000,29157.5,29164.25,29154.75,29155.0,2169.0,
434132,MNQ,1m,1788282240000,29155.25,29163.0,29149.25,29150.5,2870.0,
434133,MNQ,1m,1788282300000,29150.5,29159.75,29148.75,29152.0,2448.0,epoch_floor
434134,MNQ,1m,1788282360000,29151.5,29157.25,29146.5,29153.0,2918.0,epoch_floor
434135,MNQ,1m,1788282420000,29153.0,29153.0,29141.0,29144.25,3243.0,epoch_floor
434136,MNQ,1m,1788282480000,29144.25,29148.5,29139.0,29139.75,2863.0,epoch_floor
434137,MNQ,1m,1788282540000,29139.5,29150.5,29138.75,29147.0,2189.0,epoch_floor
434138,MNQ,1m,1788282600000,29147.25,29152.25,29140.0,29142.0,2756.0,epoch_floor
434139,MNQ,1m,1788282660000,29142.0,29156.25,29141.75,29154.5,2879.0,epoch_floor
434140,MNQ,1m,1788282720000,29154.5,29160.0,29150.0,29159.75,2467.0,epoch_floor
434141,MNQ,1m,1788282780000,29160.25,29165.5,29152.25,29154.5,3628.0,epoch_floor
434142,MNQ,1m,1788282840000,29154.75,29162.75,29153.25,29155.5,1651.0,epoch_floor
434143,MNQ,1m,1788282900000,29155.75,29164.25,29151.5,29158.0,2664.0,epoch_floor
434144,MNQ,1m,1788282960000,29157.5,29161.5,29133.75,29136.0,4681.0,epoch_floor
434145,MNQ,1m,1788283020000,29135.75,29142.75,29133.75,29136.5,2668.0,epoch_floor
434146,MNQ,1m,1788283080000,29136.5,29147.25,29135.0,29140.75,2248.0,epoch_floor
434147,MNQ,1m,1788283140000,29141.0,29144.25,29136.5,29141.5,2042.0,epoch_floor
434148,MNQ,1m,1788283200000,29141.75,29150.5,29137.25,29142.5,3060.0,epoch_floor
434149,MNQ,1m,1788283260000,29143.25,29148.5,29135.5,29143.5,2493.0,epoch_floor
434150,MNQ,1m,1788283320000,29144.0,29148.25,29141.0,29145.0,1539.0,epoch_floor
434151,MNQ,1m,1788283380000,29145.25,29146.25,29132.0,29134.5,2098.0,epoch_floor
434152,MNQ,1m,1788283440000,29134.0,29141.75,29133.5,29139.5,1892.0,epoch_floor
434153,MNQ,1m,1788283500000,29139.5,29146.5,29100.5,29128.5,9323.0,epoch_floor
434154,MNQ,1m,1788283560000,29129.0,29132.5,29117.75,29118.5,5666.0,epoch_floor
434155,MNQ,1m,1788283620000,29119.25,29138.25,29117.25,29134.0,4320.0,epoch_floor
434156,MNQ,1m,1788283680000,29133.75,29137.25,29124.75,29135.25,2897.0,epoch_floor
434157,MNQ,1m,1788283740000,29135.25,29145.75,29134.5,29142.75,3662.0,epoch_floor
434158,MNQ,1m,1788283800000,29143.0,29161.5,29139.5,29151.5,5093.0,epoch_floor
434159,MNQ,1m,1788283860000,29151.75,29158.75,29149.5,29157.75,2162.0,epoch_floor
434160,MNQ,1m,1788283920000,29158.0,29158.25,29148.0,29149.5,2149.0,epoch_floor
434161,MNQ,1m,1788283980000,29148.5,29150.75,29137.25,29149.0,3432.0,epoch_floor
434162,MNQ,1m,1788284040000,29149.25,29155.25,29146.25,29152.0,2003.0,epoch_floor
434163,MNQ,1m,1788284100000,29152.25,29162.0,29151.75,29158.0,2877.0,epoch_floor
434164,MNQ,1m,1788284160000,29157.5,29160.0,29144.5,29149.75,3230.0,epoch_floor
434165,MNQ,1m,1788284220000,29149.25,29154.5,29144.5,29149.5,1738.0,epoch_floor
434166,MNQ,1m,1788284280000,29149.25,29149.75,29140.25,29147.5,1848.0,epoch_floor
434167,MNQ,1m,1788284340000,29147.75,29151.5,29142.0,29143.25,1247.0,epoch_floor
434168,MNQ,1m,1788284400000,29143.25,29152.0,29141.75,29144.5,1638.0,epoch_floor
434169,MNQ,1m,1788284460000,29144.75,29158.75,29142.5,29151.0,2326.0,epoch_floor
434170,MNQ,1m,1788284520000,29150.75,29157.25,29147.0,29153.75,1721.0,epoch_floor
434171,MNQ,1m,1788284580000,29154.0,29156.0,29147.5,29149.25,1275.0,epoch_floor
434172,MNQ,1m,1788284640000,29149.25,29154.0,29148.75,29151.5,845.0,epoch_floor
434173,MNQ,1m,1788284700000,29151.25,29153.25,29144.25,29145.25,1421.0,epoch_floor
434174,MNQ,1m,1788284760000,29145.5,29146.75,29125.25,29129.0,4093.0,epoch_floor
434175,MNQ,1m,1788284820000,29129.25,29139.0,29129.0,29137.0,2220.0,epoch_floor
434176,MNQ,1m,1788284880000,29137.25,29138.5,29126.0,29128.0,2907.0,epoch_floor
434177,MNQ,1m,1788284940000,29128.0,29132.25,29122.25,29123.0,1889.0,epoch_floor
434178,MNQ,1m,1788285000000,29122.75,29128.0,29120.75,29126.75,2782.0,epoch_floor
434179,MNQ,1m,1788285060000,29127.25,29136.0,29122.5,29135.25,2861.0,epoch_floor
434180,MNQ,1m,1788285120000,29135.75,29138.5,29128.75,29132.25,1859.0,epoch_floor
434181,MNQ,1m,1788285180000,29132.0,29134.75,29121.75,29122.25,1957.0,epoch_floor
434182,MNQ,1m,1788285240000,29122.75,29125.5,29117.5,29124.5,2752.0,epoch_floor
434183,MNQ,1m,1788285300000,29124.5,29127.25,29122.5,29124.0,1379.0,epoch_floor
434184,MNQ,1m,1788285360000,29123.25,29125.0,29118.75,29121.75,1077.0,epoch_floor
434185,MNQ,1m,1788285420000,29122.5,29128.25,29120.25,29123.5,1287.0,epoch_floor
434186,MNQ,1m,1788285480000,29124.5,29137.5,29122.5,29136.75,2107.0,epoch_floor
434187,MNQ,1m,1788285540000,29136.75,29142.75,29136.75,29140.25,3128.0,epoch_floor
434188,MNQ,1m,1788285600000,29140.5,29151.25,29132.75,29137.5,4786.0,epoch_floor
434189,MNQ,1m,1788285660000,29137.5,29142.5,29133.75,29134.75,1680.0,epoch_floor
434190,MNQ,1m,1788285720000,29134.5,29142.5,29133.75,29139.25,1616.0,epoch_floor
434191,MNQ,1m,1788285780000,29139.25,29143.25,29133.75,29134.25,1451.0,epoch_floor
434192,MNQ,1m,1788285840000,29134.75,29135.5,29120.0,29125.0,3389.0,epoch_floor
434193,MNQ,1m,1788285900000,29124.0,29124.5,29115.0,29118.0,2667.0,epoch_floor
434194,MNQ,1m,1788285960000,29118.0,29121.0,29111.5,29112.5,2501.0,epoch_floor
434195,MNQ,1m,1788286020000,29112.75,29123.75,29112.5,29123.0,2169.0,epoch_floor
434196,MNQ,1m,1788286080000,29122.5,29124.25,29117.5,29119.75,1409.0,epoch_floor
434197,MNQ,1m,1788286140000,29119.75,29123.5,29114.5,29120.5,1407.0,epoch_floor
434198,MNQ,1m,1788286200000,29120.25,29126.25,29112.5,29115.5,2301.0,epoch_floor
434199,MNQ,1m,1788286260000,29115.5,29120.75,29113.75,29115.5,1141.0,epoch_floor
434200,MNQ,1m,1788286320000,29115.5,29122.0,29114.25,29114.5,1012.0,epoch_floor
434201,MNQ,1m,1788286380000,29114.5,29114.5,29105.0,29106.0,3572.0,epoch_floor
434202,MNQ,1m,1788286440000,29105.5,29109.0,29101.25,29102.25,2886.0,epoch_floor
434203,MNQ,1m,1788286500000,29102.75,29104.5,29092.75,29096.75,4687.0,epoch_floor
434204,MNQ,1m,1788286560000,29096.25,29096.5,29090.25,29094.25,2483.0,epoch_floor
434205,MNQ,1m,1788286620000,29094.25,29111.75,29092.75,29111.5,4201.0,epoch_floor
434206,MNQ,1m,1788286680000,29111.25,29113.75,29108.0,29111.0,2113.0,epoch_floor
434207,MNQ,1m,1788286740000,29111.0,29117.25,29109.25,29111.0,1942.0,epoch_floor
434208,MNQ,1m,1788286800000,29111.5,29114.75,29106.5,29112.0,1974.0,epoch_floor
434209,MNQ,1m,1788286860000,29112.0,29114.5,29107.5,29109.75,1165.0,epoch_floor
434210,MNQ,1m,1788286920000,29110.25,29116.5,29109.75,29114.25,1543.0,epoch_floor
434211,MNQ,1m,1788286980000,29114.75,29116.0,29105.0,29111.25,1942.0,epoch_floor
434212,MNQ,1m,1788287040000,29111.0,29118.5,29109.75,29115.5,1615.0,epoch_floor
434213,MNQ,1m,1788287100000,29115.25,29115.25,29099.5,29114.0,4564.0,epoch_floor
434214,MNQ,1m,1788287160000,29114.0,29115.5,29105.75,29108.0,1611.0,epoch_floor
434215,MNQ,1m,1788287220000,29108.0,29108.25,29092.75,29092.75,2455.0,epoch_floor
434216,MNQ,1m,1788287280000,29093.25,29093.25,29085.25,29089.5,3997.0,epoch_floor
434217,MNQ,1m,1788287340000,29089.25,29094.5,29087.5,29093.75,1874.0,epoch_floor
434218,MNQ,1m,1788287400000,29094.5,29097.5,29082.75,29086.0,3018.0,epoch_floor
434219,MNQ,1m,1788287460000,29086.0,29090.75,29082.5,29085.5,3169.0,epoch_floor
434220,MNQ,1m,1788287520000,29085.5,29097.25,29084.5,29092.5,2879.0,epoch_floor
434221,MNQ,1m,1788287580000,29092.75,29093.25,29077.5,29078.0,3290.0,epoch_floor
434222,MNQ,1m,1788287640000,29078.0,29079.5,29067.25,29072.25,5378.0,epoch_floor
434223,MNQ,1m,1788287700000,29072.25,29078.75,29070.75,29076.75,2225.0,epoch_floor
434224,MNQ,1m,1788287760000,29077.25,29079.75,29070.5,29071.0,1869.0,epoch_floor
434225,MNQ,1m,1788287820000,29071.25,29071.25,29060.0,29063.5,3828.0,epoch_floor
434226,MNQ,1m,1788287880000,29063.75,29068.25,29060.5,29062.5,2123.0,epoch_floor
434227,MNQ,1m,1788287940000,29062.75,29064.5,29058.0,29060.0,2509.0,epoch_floor
434228,MNQ,1m,1788288000000,29061.0,29064.75,29058.0,29058.75,1920.0,epoch_floor
434229,MNQ,1m,1788288060000,29059.0,29061.0,29042.75,29043.0,4090.0,epoch_floor
434230,MNQ,1m,1788288120000,29043.0,29046.75,29029.25,29030.0,7012.0,epoch_floor
434231,MNQ,1m,1788288180000,29030.0,29033.5,29022.25,29025.5,5260.0,epoch_floor
434232,MNQ,1m,1788288240000,29025.5,29027.0,29014.25,29015.0,4899.0,epoch_floor
434233,MNQ,1m,1788288300000,29015.0,29020.5,29003.0,29003.5,5615.0,epoch_floor
434234,MNQ,1m,1788288360000,29004.0,29018.25,29001.75,29015.75,5535.0,epoch_floor
434235,MNQ,1m,1788288420000,29015.5,29029.0,29014.25,29028.5,5824.0,epoch_floor
434236,MNQ,1m,1788288480000,29028.25,29031.75,29013.0,29019.5,4793.0,epoch_floor
434237,MNQ,1m,1788288540000,29019.25,29042.5,29019.25,29042.25,5180.0,epoch_floor
434238,MNQ,1m,1788288600000,29042.5,29046.25,29033.75,29039.75,3523.0,epoch_floor
434239,MNQ,1m,1788288660000,29039.5,29044.25,29032.75,29037.25,2471.0,epoch_floor
434240,MNQ,1m,1788288720000,29037.0,29051.75,29033.75,29045.25,3818.0,epoch_floor
434241,MNQ,1m,1788288780000,29045.75,29048.75,29039.75,29046.5,2163.0,epoch_floor
434242,MNQ,1m,1788288840000,29046.25,29051.0,29042.5,29048.5,1831.0,epoch_floor
434243,MNQ,1m,1788288900000,29048.0,29061.5,29045.0,29057.5,3882.0,epoch_floor
434244,MNQ,1m,1788288960000,29057.75,29077.0,29055.25,29075.25,4749.0,epoch_floor
434245,MNQ,1m,1788289020000,29075.0,29078.75,29062.25,29063.75,4325.0,epoch_floor
434246,MNQ,1m,1788289080000,29063.5,29081.0,29063.25,29075.0,3632.0,epoch_floor
434247,MNQ,1m,1788289140000,29074.75,29081.0,29072.5,29075.75,2118.0,epoch_floor
434248,MNQ,1m,1788289200000,29075.5,29091.5,29070.75,29084.0,5738.0,epoch_floor
434249,MNQ,1m,1788289260000,29084.0,29085.0,29070.25,29078.25,3029.0,epoch_floor
434250,MNQ,1m,1788289320000,29078.5,29082.75,29073.0,29078.75,2080.0,epoch_floor
434251,MNQ,1m,1788289380000,29079.25,29095.5,29075.75,29093.0,2739.0,epoch_floor
434252,MNQ,1m,1788289440000,29093.0,29105.0,29088.5,29099.25,5300.0,epoch_floor
434253,MNQ,1m,1788289500000,29099.75,29102.5,29088.5,29095.75,3741.0,epoch_floor
434254,MNQ,1m,1788289560000,29095.75,29108.25,29092.75,29101.5,2630.0,epoch_floor
434255,MNQ,1m,1788289620000,29102.25,29104.75,29093.75,29097.5,2598.0,epoch_floor
434256,MNQ,1m,1788289680000,29097.75,29102.5,29088.5,29100.75,2837.0,epoch_floor
434257,MNQ,1m,1788289740000,29101.25,29105.25,29098.25,29102.5,2367.0,epoch_floor
434258,MNQ,1m,1788289800000,29103.25,29110.5,29099.25,29107.75,3108.0,epoch_floor
434259,MNQ,1m,1788289860000,29108.0,29119.25,29107.25,29109.0,4057.0,epoch_floor
434260,MNQ,1m,1788289920000,29108.75,29114.0,29100.5,29112.0,3014.0,epoch_floor
434261,MNQ,1m,1788289980000,29112.0,29115.5,29107.5,29112.5,1966.0,epoch_floor
434262,MNQ,1m,1788290040000,29112.25,29121.5,29111.0,29120.0,2341.0,epoch_floor
434263,MNQ,1m,1788290100000,29119.75,29125.75,29115.75,29123.75,4105.0,epoch_floor
434264,MNQ,1m,1788290160000,29123.75,29125.5,29110.75,29115.75,2745.0,epoch_floor
434265,MNQ,1m,1788290220000,29115.5,29121.25,29108.75,29112.75,2620.0,epoch_floor
434266,MNQ,1m,1788290280000,29112.75,29119.75,29107.75,29114.5,2084.0,epoch_floor
434267,MNQ,1m,1788290340000,29114.25,29120.0,29110.25,29115.75,1654.0,epoch_floor
434268,MNQ,1m,1788290400000,29116.0,29118.5,29103.5,29104.5,2972.0,epoch_floor
434269,MNQ,1m,1788290460000,29104.0,29111.0,29103.75,29108.0,1866.0,epoch_floor
434270,MNQ,1m,1788290520000,29108.25,29121.75,29105.25,29116.25,2742.0,epoch_floor
434271,MNQ,1m,1788290580000,29117.0,29124.5,29114.75,29119.25,2413.0,epoch_floor
434272,MNQ,1m,1788290640000,29119.0,29121.0,29114.5,29116.75,1586.0,epoch_floor
434273,MNQ,1m,1788290700000,29117.25,29123.5,29112.75,29115.5,1907.0,epoch_floor
434274,MNQ,1m,1788290760000,29115.75,29118.25,29112.5,29115.75,1028.0,epoch_floor
434275,MNQ,1m,1788290820000,29115.25,29117.75,29110.75,29113.75,1215.0,epoch_floor
434276,MNQ,1m,1788290880000,29113.75,29122.25,29112.5,29121.75,1884.0,epoch_floor
434277,MNQ,1m,1788290940000,29122.0,29130.5,29120.75,29126.75,4000.0,epoch_floor
434278,MNQ,1m,1788291000000,29126.5,29128.25,29110.75,29111.25,4226.0,epoch_floor
434279,MNQ,1m,1788291060000,29111.25,29114.0,29098.5,29100.25,4373.0,epoch_floor
434280,MNQ,1m,1788291120000,29100.25,29102.0,29092.75,29098.25,3893.0,epoch_floor
434281,MNQ,1m,1788291180000,29098.5,29106.5,29097.75,29104.75,2495.0,epoch_floor
434282,MNQ,1m,1788291240000,29104.5,29120.75,29104.0,29119.0,3376.0,epoch_floor
434283,MNQ,1m,1788291300000,29118.5,29124.5,29110.25,29122.25,3312.0,epoch_floor
434284,MNQ,1m,1788291360000,29122.25,29123.0,29103.5,29110.25,3083.0,epoch_floor
434285,MNQ,1m,1788291420000,29110.25,29111.0,29104.25,29108.5,1484.0,epoch_floor
434286,MNQ,1m,1788291480000,29108.25,29110.25,29103.0,29108.0,1347.0,epoch_floor
434287,MNQ,1m,1788291540000,29108.25,29114.0,29103.0,29103.75,1747.0,epoch_floor
434288,MNQ,1m,1788291600000,29103.75,29116.25,29097.5,29114.75,3147.0,epoch_floor
434289,MNQ,1m,1788291660000,29115.25,29123.25,29114.25,29119.75,2848.0,epoch_floor
434290,MNQ,1m,1788291720000,29119.75,29121.0,29106.5,29106.5,1933.0,epoch_floor
434291,MNQ,1m,1788291780000,29106.25,29115.25,29103.25,29113.5,2146.0,epoch_floor
434292,MNQ,1m,1788291840000,29113.5,29118.5,29110.75,29117.75,1301.0,epoch_floor
434293,MNQ,1m,1788291900000,29118.0,29132.75,29113.0,29113.75,5044.0,epoch_floor
434294,MNQ,1m,1788291960000,29114.0,29124.0,29112.5,29121.25,2392.0,epoch_floor
434295,MNQ,1m,1788292020000,29121.5,29133.25,29121.25,29131.75,2531.0,epoch_floor
434296,MNQ,1m,1788292080000,29132.25,29141.25,29130.0,29137.0,4068.0,epoch_floor
434297,MNQ,1m,1788292140000,29137.5,29140.75,29124.25,29132.5,4099.0,epoch_floor
434298,MNQ,1m,1788292200000,29132.25,29132.5,29115.75,29130.25,5360.0,epoch_floor
434299,MNQ,1m,1788292260000,29130.25,29132.25,29116.0,29118.75,2629.0,epoch_floor
434300,MNQ,1m,1788292320000,29119.0,29121.5,29106.5,29108.75,3532.0,epoch_floor
434301,MNQ,1m,1788292380000,29108.75,29108.75,29086.0,29090.25,7229.0,epoch_floor
434302,MNQ,1m,1788292440000,29090.5,29106.5,29087.75,29103.75,5984.0,epoch_floor
434303,MNQ,1m,1788292500000,29103.75,29124.5,29103.75,29115.0,6927.0,epoch_floor
434304,MNQ,1m,1788292560000,29115.5,29115.5,29096.25,29102.0,3840.0,epoch_floor
434305,MNQ,1m,1788292620000,29102.5,29106.5,29096.5,29106.0,2183.0,epoch_floor
434306,MNQ,1m,1788292680000,29105.75,29121.75,29101.0,29119.0,4610.0,epoch_floor
434307,MNQ,1m,1788292740000,29119.25,29131.25,29111.0,29125.25,14938.0,epoch_floor
434308,MNQ,1m,1788292800000,29125.25,29158.0,29122.25,29124.5,11623.0,epoch_floor
434309,MNQ,1m,1788292860000,29124.75,29128.0,29117.0,29119.75,2700.0,epoch_floor
434310,MNQ,1m,1788292920000,29119.25,29129.75,29118.75,29121.0,1610.0,epoch_floor
434311,MNQ,1m,1788292980000,29121.0,29125.5,29119.5,29123.5,1121.0,epoch_floor
434312,MNQ,1m,1788293040000,29123.25,29136.25,29122.25,29131.0,2134.0,epoch_floor
434313,MNQ,1m,1788293100000,29131.0,29140.75,29116.5,29122.5,2709.0,epoch_floor
434314,MNQ,1m,1788293160000,29122.25,29129.0,29111.75,29128.0,2053.0,epoch_floor
434315,MNQ,1m,1788293220000,29128.75,29145.75,29127.5,29134.25,2216.0,epoch_floor
434316,MNQ,1m,1788293280000,29134.25,29140.0,29132.5,29134.5,878.0,epoch_floor
434317,MNQ,1m,1788293340000,29134.25,29135.5,29125.0,29129.5,849.0,epoch_floor
434318,MNQ,1m,1788293400000,29128.75,29134.0,29126.0,29128.25,1009.0,epoch_floor
434319,MNQ,1m,1788293460000,29128.25,29132.25,29123.75,29131.0,757.0,epoch_floor
434320,MNQ,1m,1788293520000,29131.75,29132.75,29127.5,29131.25,447.0,epoch_floor
434321,MNQ,1m,1788293580000,29130.5,29131.25,29125.0,29129.75,386.0,epoch_floor
434322,MNQ,1m,1788293640000,29130.25,29137.25,29129.0,29134.5,587.0,epoch_floor
434323,MNQ,1m,1788293700000,29135.0,29141.75,29133.0,29140.25,1045.0,epoch_floor
434324,MNQ,1m,1788293760000,29140.5,29153.25,29137.5,29148.75,1439.0,epoch_floor
434325,MNQ,1m,1788293820000,29148.75,29155.5,29146.25,29149.5,1204.0,epoch_floor
434326,MNQ,1m,1788293880000,29150.25,29154.75,29143.75,29152.0,881.0,epoch_floor
434327,MNQ,1m,1788293940000,29152.25,29157.75,29151.0,29156.25,737.0,epoch_floor
434328,MNQ,1m,1788294000000,29156.0,29160.25,29149.75,29157.0,944.0,epoch_floor
434329,MNQ,1m,1788294060000,29156.5,29157.75,29152.0,29156.25,635.0,epoch_floor
434330,MNQ,1m,1788294120000,29155.75,29156.25,29150.25,29151.25,368.0,epoch_floor
434331,MNQ,1m,1788294180000,29151.5,29152.75,29149.0,29150.0,409.0,epoch_floor
434332,MNQ,1m,1788294240000,29149.75,29154.75,29147.25,29150.5,533.0,epoch_floor
434333,MNQ,1m,1788294300000,29150.5,29153.75,29148.0,29150.75,370.0,epoch_floor
434334,MNQ,1m,1788294360000,29150.75,29151.0,29143.5,29144.5,478.0,epoch_floor
434335,MNQ,1m,1788294420000,29144.75,29148.0,29140.25,29146.75,755.0,epoch_floor
434336,MNQ,1m,1788294480000,29146.5,29147.0,29138.0,29138.75,612.0,epoch_floor
434337,MNQ,1m,1788294540000,29138.75,29140.25,29135.5,29135.75,439.0,epoch_floor
434338,MNQ,1m,1788294600000,29136.25,29143.5,29134.75,29141.25,690.0,epoch_floor
434339,MNQ,1m,1788294660000,29140.75,29143.0,29139.25,29140.25,356.0,epoch_floor
434340,MNQ,1m,1788294720000,29139.75,29139.75,29133.75,29135.75,382.0,epoch_floor
434341,MNQ,1m,1788294780000,29136.0,29136.75,29133.5,29134.5,275.0,epoch_floor
434342,MNQ,1m,1788294840000,29135.0,29137.5,29134.5,29135.25,343.0,epoch_floor
434343,MNQ,1m,1788294900000,29135.0,29139.5,29135.0,29139.5,250.0,epoch_floor
434344,MNQ,1m,1788294960000,29139.25,29139.75,29137.0,29137.75,280.0,epoch_floor
434345,MNQ,1m,1788295020000,29137.75,29145.0,29137.5,29138.0,536.0,epoch_floor
434346,MNQ,1m,1788295080000,29138.75,29139.5,29136.75,29138.5,179.0,epoch_floor
434347,MNQ,1m,1788295140000,29138.25,29138.25,29136.0,29137.5,206.0,epoch_floor
434348,MNQ,1m,1788295200000,29137.5,29138.0,29134.0,29136.0,287.0,epoch_floor
434349,MNQ,1m,1788295260000,29135.75,29136.0,29131.5,29133.5,405.0,epoch_floor
434350,MNQ,1m,1788295320000,29134.0,29155.5,29133.5,29145.0,1721.0,epoch_floor
434351,MNQ,1m,1788295380000,29145.5,29147.75,29142.25,29146.25,386.0,epoch_floor
434352,MNQ,1m,1788295440000,29145.75,29147.25,29143.0,29146.5,376.0,epoch_floor
434353,MNQ,1m,1788295500000,29146.75,29147.5,29140.0,29141.0,708.0,epoch_floor
434354,MNQ,1m,1788295560000,29141.25,29142.0,29137.0,29138.25,334.0,epoch_floor
434355,MNQ,1m,1788295620000,29138.25,29142.5,29138.25,29139.0,271.0,epoch_floor
434356,MNQ,1m,1788295680000,29139.5,29142.25,29138.75,29141.5,342.0,epoch_floor
434357,MNQ,1m,1788295740000,29141.0,29144.0,29139.75,29141.75,319.0,epoch_floor
434358,MNQ,1m,1788295800000,29141.25,29146.25,29140.5,29143.0,537.0,epoch_floor
434359,MNQ,1m,1788295860000,29142.75,29144.75,29141.25,29143.25,201.0,epoch_floor
434360,MNQ,1m,1788295920000,29143.25,29145.0,29142.75,29143.25,170.0,epoch_floor
434361,MNQ,1m,1788295980000,29143.25,29144.0,29135.0,29138.5,393.0,epoch_floor
434362,MNQ,1m,1788296040000,29137.75,29138.5,29136.25,29137.0,191.0,epoch_floor
434363,MNQ,1m,1788296100000,29136.25,29138.5,29135.0,29135.75,504.0,epoch_floor
434364,MNQ,1m,1788296160000,29136.0,29140.25,29134.75,29135.25,234.0,epoch_floor
434365,MNQ,1m,1788296220000,29134.5,29135.5,29130.25,29131.5,242.0,epoch_floor
434366,MNQ,1m,1788296280000,29131.5,29138.0,29131.5,29136.5,279.0,epoch_floor
434367,MNQ,1m,1788296340000,29136.75,29142.0,29134.25,29139.0,415.0,epoch_floor
434368,MNQ,1m,1788300000000,29137.25,29150.5,29130.5,29133.25,1544.0,epoch_floor
434369,MNQ,1m,1788300060000,29132.25,29138.75,29120.0,29124.0,1383.0,epoch_floor
434370,MNQ,1m,1788300120000,29125.0,29126.75,29119.5,29125.0,807.0,epoch_floor
434371,MNQ,1m,1788300180000,29124.25,29142.0,29116.5,29130.0,1548.0,epoch_floor
434372,MNQ,1m,1788300240000,29130.0,29134.25,29121.0,29121.75,844.0,epoch_floor
434373,MNQ,1m,1788300300000,29121.75,29122.0,29110.0,29117.25,993.0,epoch_floor
434374,MNQ,1m,1788300360000,29117.25,29120.0,29112.75,29114.75,574.0,epoch_floor
434375,MNQ,1m,1788300420000,29115.0,29119.75,29110.5,29115.5,735.0,epoch_floor
434376,MNQ,1m,1788300480000,29116.5,29122.5,29116.25,29120.5,657.0,epoch_floor
434377,MNQ,1m,1788300540000,29120.25,29121.0,29111.0,29114.25,755.0,epoch_floor
434378,MNQ,1m,1788300600000,29114.5,29115.0,29107.75,29109.5,586.0,epoch_floor
434379,MNQ,1m,1788300660000,29109.5,29113.25,29108.5,29111.5,465.0,epoch_floor
434380,MNQ,1m,1788300720000,29111.5,29112.0,29107.0,29108.75,303.0,epoch_floor
434381,MNQ,1m,1788300780000,29109.75,29111.75,29109.0,29111.0,336.0,epoch_floor
434382,MNQ,1m,1788300840000,29111.0,29111.25,29107.5,29110.25,246.0,epoch_floor
434383,MNQ,1m,1788300900000,29110.5,29114.0,29107.25,29113.0,624.0,epoch_floor
434384,MNQ,1m,1788300960000,29113.25,29114.75,29108.5,29112.0,463.0,epoch_floor
434385,MNQ,1m,1788301020000,29111.5,29112.5,29109.25,29110.25,191.0,epoch_floor
434386,MNQ,1m,1788301080000,29110.25,29112.0,29109.0,29110.75,174.0,epoch_floor
434387,MNQ,1m,1788301140000,29111.25,29111.25,29106.0,29109.5,385.0,epoch_floor
434388,MNQ,1m,1788301200000,29109.0,29109.25,29107.0,29108.75,189.0,epoch_floor
434389,MNQ,1m,1788301260000,29109.0,29109.75,29107.25,29108.25,171.0,epoch_floor
434390,MNQ,1m,1788301320000,29107.75,29108.25,29101.5,29106.25,617.0,epoch_floor
434391,MNQ,1m,1788301380000,29106.75,29108.75,29106.0,29107.25,258.0,epoch_floor
434392,MNQ,1m,1788301440000,29107.75,29113.75,29105.25,29112.0,694.0,epoch_floor
434393,MNQ,1m,1788301500000,29112.25,29112.25,29105.75,29108.0,435.0,epoch_floor
434394,MNQ,1m,1788301560000,29108.0,29125.75,29106.75,29124.5,1387.0,epoch_floor
434395,MNQ,1m,1788301620000,29124.25,29124.75,29110.25,29112.0,1003.0,epoch_floor
434396,MNQ,1m,1788301680000,29112.5,29119.25,29110.0,29112.75,660.0,epoch_floor
434397,MNQ,1m,1788301740000,29113.75,29117.0,29113.25,29114.75,294.0,epoch_floor
434398,MNQ,1m,1788301800000,29114.75,29119.25,29112.5,29117.25,448.0,epoch_floor
434399,MNQ,1m,1788301860000,29117.0,29119.5,29115.0,29116.5,384.0,epoch_floor
434400,MNQ,1m,1788301920000,29117.0,29117.5,29113.0,29116.5,265.0,epoch_floor
434401,MNQ,1m,1788301980000,29116.5,29120.75,29116.0,29119.25,337.0,epoch_floor
434402,MNQ,1m,1788302040000,29119.25,29120.75,29116.5,29116.75,290.0,epoch_floor
434403,MNQ,1m,1788302100000,29117.0,29118.5,29111.0,29116.75,669.0,epoch_floor
434404,MNQ,1m,1788302160000,29116.5,29119.5,29115.75,29118.25,371.0,epoch_floor
434405,MNQ,1m,1788302220000,29118.25,29120.25,29116.0,29120.0,412.0,epoch_floor
434406,MNQ,1m,1788302280000,29120.0,29120.5,29115.25,29117.25,157.0,epoch_floor
434407,MNQ,1m,1788302340000,29117.5,29118.25,29115.25,29115.25,126.0,epoch_floor
434408,MNQ,1m,1788302400000,29116.0,29119.0,29112.25,29113.5,442.0,epoch_floor
434409,MNQ,1m,1788302460000,29114.0,29115.25,29112.25,29115.0,229.0,epoch_floor
434410,MNQ,1m,1788302520000,29115.75,29116.0,29113.5,29114.25,80.0,epoch_floor
434411,MNQ,1m,1788302580000,29113.5,29119.75,29112.25,29118.0,303.0,epoch_floor
434412,MNQ,1m,1788302640000,29118.5,29119.0,29115.25,29117.25,141.0,epoch_floor
434413,MNQ,1m,1788302700000,29117.25,29118.0,29115.75,29116.5,76.0,epoch_floor
434414,MNQ,1m,1788302760000,29116.75,29123.5,29115.75,29115.75,440.0,epoch_floor
434415,MNQ,1m,1788302820000,29116.5,29125.0,29114.75,29123.75,475.0,epoch_floor
434416,MNQ,1m,1788302880000,29123.25,29127.75,29122.25,29126.75,688.0,epoch_floor
434417,MNQ,1m,1788302940000,29127.75,29138.75,29127.5,29134.0,1118.0,epoch_floor
434418,MNQ,1m,1788303000000,29133.75,29135.5,29130.0,29130.25,705.0,epoch_floor
434419,MNQ,1m,1788303060000,29130.75,29138.75,29130.5,29135.75,846.0,epoch_floor
434420,MNQ,1m,1788303120000,29135.5,29136.5,29133.5,29133.75,261.0,epoch_floor
434421,MNQ,1m,1788303180000,29134.0,29134.5,29131.5,29133.25,326.0,epoch_floor
434422,MNQ,1m,1788303240000,29133.0,29134.5,29131.0,29132.25,273.0,epoch_floor
434423,MNQ,1m,1788303300000,29132.75,29138.25,29131.5,29134.75,373.0,epoch_floor
434424,MNQ,1m,1788303360000,29134.75,29135.0,29130.75,29131.25,214.0,epoch_floor
434425,MNQ,1m,1788303420000,29131.25,29132.25,29130.5,29131.5,128.0,epoch_floor
434426,MNQ,1m,1788303480000,29132.0,29134.0,29126.5,29131.25,541.0,epoch_floor
434427,MNQ,1m,1788303540000,29131.5,29132.25,29129.75,29131.25,154.0,epoch_floor
434428,MNQ,1m,1788303600000,29130.5,29133.25,29128.5,29129.75,296.0,epoch_floor
434429,MNQ,1m,1788303660000,29130.5,29136.75,29130.5,29134.25,427.0,epoch_floor
434430,MNQ,1m,1788303720000,29134.0,29134.25,29131.0,29132.0,232.0,epoch_floor
434431,MNQ,1m,1788303780000,29132.5,29133.25,29130.5,29132.5,140.0,epoch_floor
434432,MNQ,1m,1788303840000,29133.0,29133.25,29129.0,29130.0,167.0,epoch_floor
434433,MNQ,1m,1788303900000,29130.75,29132.0,29129.75,29131.5,70.0,epoch_floor
434434,MNQ,1m,1788303960000,29131.5,29133.5,29131.0,29131.25,120.0,epoch_floor
434435,MNQ,1m,1788304020000,29132.25,29132.5,29129.0,29129.5,177.0,epoch_floor
434436,MNQ,1m,1788304080000,29129.75,29133.5,29129.75,29131.25,207.0,epoch_floor
434437,MNQ,1m,1788304140000,29132.0,29132.0,29128.75,29129.5,189.0,epoch_floor
434438,MNQ,1m,1788304200000,29129.5,29131.5,29128.5,29131.5,155.0,epoch_floor
434439,MNQ,1m,1788304260000,29131.5,29133.0,29129.5,29132.75,138.0,epoch_floor
434440,MNQ,1m,1788304320000,29133.0,29133.25,29131.0,29132.25,72.0,epoch_floor
434441,MNQ,1m,1788304380000,29131.5,29132.5,29130.25,29130.25,74.0,epoch_floor
434442,MNQ,1m,1788304440000,29130.25,29131.0,29128.0,29129.25,142.0,epoch_floor
434443,MNQ,1m,1788304500000,29129.0,29132.25,29127.5,29132.25,198.0,epoch_floor
434444,MNQ,1m,1788304560000,29131.25,29133.0,29127.75,29129.0,234.0,epoch_floor
434445,MNQ,1m,1788304620000,29130.0,29131.5,29128.75,29130.25,112.0,epoch_floor
434446,MNQ,1m,1788304680000,29129.75,29132.0,29129.5,29131.5,90.0,epoch_floor
434447,MNQ,1m,1788304740000,29131.25,29131.75,29128.25,29130.0,122.0,epoch_floor
434448,MNQ,1m,1788304800000,29129.75,29130.5,29128.0,29128.75,169.0,epoch_floor
434449,MNQ,1m,1788304860000,29128.75,29129.5,29118.5,29125.25,1216.0,epoch_floor
434450,MNQ,1m,1788304920000,29124.75,29125.75,29121.75,29123.75,462.0,epoch_floor
434451,MNQ,1m,1788304980000,29123.75,29124.25,29122.0,29122.0,190.0,epoch_floor
434452,MNQ,1m,1788305040000,29122.5,29139.75,29122.5,29132.75,1258.0,epoch_floor
434453,MNQ,1m,1788305100000,29132.25,29135.75,29130.5,29132.25,610.0,epoch_floor
434454,MNQ,1m,1788305160000,29132.5,29136.5,29131.0,29131.25,456.0,epoch_floor
434455,MNQ,1m,1788305220000,29131.25,29132.25,29129.75,29131.5,170.0,epoch_floor
434456,MNQ,1m,1788305280000,29132.25,29136.0,29131.0,29134.5,316.0,epoch_floor
434457,MNQ,1m,1788305340000,29134.0,29137.75,29134.0,29137.25,300.0,epoch_floor
434458,MNQ,1m,1788305400000,29137.5,29139.25,29133.5,29135.0,549.0,epoch_floor
434459,MNQ,1m,1788305460000,29134.75,29143.75,29133.75,29137.0,860.0,epoch_floor
434460,MNQ,1m,1788305520000,29137.5,29137.75,29134.0,29135.75,335.0,epoch_floor
434461,MNQ,1m,1788305580000,29136.5,29139.5,29135.25,29137.75,263.0,epoch_floor
434462,MNQ,1m,1788305640000,29137.75,29138.75,29135.5,29136.0,174.0,epoch_floor
434463,MNQ,1m,1788305700000,29135.75,29136.5,29134.75,29136.0,180.0,epoch_floor
434464,MNQ,1m,1788305760000,29135.5,29139.5,29135.0,29138.5,161.0,epoch_floor
434465,MNQ,1m,1788305820000,29138.75,29140.0,29137.5,29138.5,261.0,epoch_floor
434466,MNQ,1m,1788305880000,29138.5,29142.25,29137.75,29139.5,315.0,epoch_floor
434467,MNQ,1m,1788305940000,29139.5,29140.5,29134.25,29134.5,315.0,epoch_floor
434468,MNQ,1m,1788306000000,29134.25,29137.0,29133.25,29136.75,422.0,epoch_floor
434469,MNQ,1m,1788306060000,29136.25,29137.25,29134.75,29135.75,168.0,epoch_floor
434470,MNQ,1m,1788306120000,29135.75,29137.5,29135.5,29136.25,166.0,epoch_floor
434471,MNQ,1m,1788306180000,29135.75,29136.0,29133.5,29133.5,151.0,epoch_floor
434472,MNQ,1m,1788306240000,29134.25,29143.75,29134.0,29140.75,679.0,epoch_floor
434473,MNQ,1m,1788306300000,29140.75,29148.25,29134.0,29140.5,1432.0,epoch_floor
434474,MNQ,1m,1788306360000,29140.25,29145.0,29139.25,29142.0,471.0,epoch_floor
434475,MNQ,1m,1788306420000,29142.0,29144.0,29137.25,29142.75,378.0,epoch_floor
434476,MNQ,1m,1788306480000,29142.25,29142.25,29138.0,29141.0,297.0,epoch_floor
434477,MNQ,1m,1788306540000,29141.25,29141.5,29137.5,29140.5,180.0,epoch_floor
434478,MNQ,1m,1788306600000,29140.5,29143.75,29140.5,29141.75,297.0,epoch_floor
434479,MNQ,1m,1788306660000,29141.5,29143.0,29136.75,29137.75,332.0,epoch_floor
434480,MNQ,1m,1788306720000,29138.25,29139.5,29135.75,29138.0,275.0,epoch_floor
434481,MNQ,1m,1788306780000,29138.75,29142.25,29137.5,29141.0,241.0,epoch_floor
434482,MNQ,1m,1788306840000,29140.75,29141.25,29138.5,29140.0,166.0,epoch_floor
434483,MNQ,1m,1788306900000,29139.5,29139.5,29135.25,29138.5,235.0,epoch_floor
434484,MNQ,1m,1788306960000,29137.75,29138.5,29135.75,29138.5,165.0,epoch_floor
434485,MNQ,1m,1788307020000,29138.25,29139.0,29135.75,29137.0,218.0,epoch_floor
434486,MNQ,1m,1788307080000,29137.0,29139.0,29135.0,29138.0,213.0,epoch_floor
434487,MNQ,1m,1788307140000,29138.0,29139.75,29129.75,29134.25,766.0,epoch_floor
434488,MNQ,1m,1788307200000,29134.75,29141.5,29126.0,29135.25,2056.0,epoch_floor
434489,MNQ,1m,1788307260000,29135.0,29144.25,29132.25,29138.0,1260.0,epoch_floor
434490,MNQ,1m,1788307320000,29137.75,29138.5,29125.0,29131.0,1539.0,epoch_floor
434491,MNQ,1m,1788307380000,29131.5,29133.5,29125.75,29130.25,1054.0,epoch_floor
434492,MNQ,1m,1788307440000,29130.0,29133.25,29126.75,29127.5,536.0,epoch_floor
434493,MNQ,1m,1788307500000,29127.25,29131.5,29113.5,29122.0,2620.0,epoch_floor
434494,MNQ,1m,1788307560000,29122.25,29123.5,29105.5,29109.25,2071.0,epoch_floor
434495,MNQ,1m,1788307620000,29109.75,29121.25,29108.25,29115.0,1407.0,epoch_floor
434496,MNQ,1m,1788307680000,29115.5,29121.25,29113.5,29120.75,635.0,epoch_floor
434497,MNQ,1m,1788307740000,29121.0,29136.0,29119.0,29124.5,1945.0,epoch_floor
434498,MNQ,1m,1788307800000,29124.75,29137.25,29122.25,29133.75,1295.0,epoch_floor
434499,MNQ,1m,1788307860000,29133.75,29133.75,29120.0,29121.0,1257.0,epoch_floor
434500,MNQ,1m,1788307920000,29120.75,29134.0,29118.5,29126.0,1456.0,epoch_floor
434501,MNQ,1m,1788307980000,29126.5,29135.0,29125.25,29134.75,1071.0,epoch_floor
434502,MNQ,1m,1788308040000,29134.5,29140.0,29124.75,29128.75,1722.0,epoch_floor
434503,MNQ,1m,1788308100000,29128.75,29146.0,29127.75,29139.75,1796.0,epoch_floor
434504,MNQ,1m,1788308160000,29139.0,29153.0,29137.5,29149.75,1922.0,epoch_floor
434505,MNQ,1m,1788308220000,29149.75,29153.0,29145.75,29146.75,1198.0,epoch_floor
434506,MNQ,1m,1788308280000,29146.25,29151.25,29145.0,29146.25,743.0,epoch_floor
434507,MNQ,1m,1788308340000,29146.25,29146.25,29130.0,29135.5,1874.0,epoch_floor
434508,MNQ,1m,1788308400000,29135.75,29142.0,29132.5,29136.75,953.0,epoch_floor
434509,MNQ,1m,1788308460000,29137.25,29142.75,29134.0,29142.0,646.0,epoch_floor
434510,MNQ,1m,1788308520000,29141.75,29171.25,29137.5,29160.75,4223.0,epoch_floor
434511,MNQ,1m,1788308580000,29161.0,29167.5,29150.0,29151.0,2948.0,epoch_floor
434512,MNQ,1m,1788308640000,29151.0,29154.25,29142.75,29146.5,1401.0,epoch_floor
434513,MNQ,1m,1788308700000,29146.5,29148.75,29139.75,29142.0,1130.0,epoch_floor
434514,MNQ,1m,1788308760000,29142.0,29148.5,29139.75,29145.0,1052.0,epoch_floor
434515,MNQ,1m,1788308820000,29144.25,29144.5,29133.75,29138.0,1378.0,epoch_floor
434516,MNQ,1m,1788308880000,29138.0,29143.75,29135.0,29139.0,825.0,epoch_floor
434517,MNQ,1m,1788308940000,29138.5,29138.75,29123.0,29127.25,2003.0,epoch_floor
434518,MNQ,1m,1788309000000,29128.0,29128.75,29121.0,29123.75,1225.0,epoch_floor
434519,MNQ,1m,1788309060000,29125.0,29128.0,29119.0,29127.0,1086.0,epoch_floor
434520,MNQ,1m,1788309120000,29126.75,29148.25,29124.75,29146.75,2648.0,epoch_floor
434521,MNQ,1m,1788309180000,29147.25,29147.25,29133.5,29134.0,1239.0,epoch_floor
434522,MNQ,1m,1788309240000,29134.0,29136.0,29122.5,29123.0,982.0,epoch_floor
434523,MNQ,1m,1788309300000,29122.75,29135.5,29122.5,29135.5,1120.0,epoch_floor
434524,MNQ,1m,1788309360000,29135.5,29140.75,29128.25,29129.5,1197.0,epoch_floor
434525,MNQ,1m,1788309420000,29129.25,29138.5,29128.25,29135.5,737.0,epoch_floor
434526,MNQ,1m,1788309480000,29135.75,29135.75,29128.5,29131.75,424.0,epoch_floor
434527,MNQ,1m,1788309540000,29131.5,29132.5,29128.5,29129.0,309.0,epoch_floor
434528,MNQ,1m,1788309600000,29129.0,29129.5,29114.0,29115.25,1375.0,epoch_floor
434529,MNQ,1m,1788309660000,29115.25,29133.25,29114.25,29126.5,1984.0,epoch_floor
434530,MNQ,1m,1788309720000,29126.5,29130.75,29125.5,29127.5,494.0,epoch_floor
434531,MNQ,1m,1788309780000,29127.75,29132.5,29127.5,29129.75,460.0,epoch_floor
434532,MNQ,1m,1788309840000,29131.5,29143.25,29131.25,29139.75,1307.0,epoch_floor
434533,MNQ,1m,1788309900000,29140.0,29145.5,29137.5,29143.25,1076.0,epoch_floor
434534,MNQ,1m,1788309960000,29143.75,29145.5,29137.5,29138.0,619.0,epoch_floor
434535,MNQ,1m,1788310020000,29138.25,29141.0,29136.75,29138.25,633.0,epoch_floor
434536,MNQ,1m,1788310080000,29138.0,29139.75,29133.75,29135.25,729.0,epoch_floor
434537,MNQ,1m,1788310140000,29135.5,29137.75,29131.5,29133.25,544.0,epoch_floor
434538,MNQ,1m,1788310200000,29133.25,29133.75,29122.5,29125.75,1330.0,epoch_floor
434539,MNQ,1m,1788310260000,29125.5,29128.25,29121.0,29125.75,724.0,epoch_floor
434540,MNQ,1m,1788310320000,29125.5,29126.5,29121.25,29123.5,476.0,epoch_floor
434541,MNQ,1m,1788310380000,29123.75,29124.25,29120.5,29122.0,347.0,epoch_floor
434542,MNQ,1m,1788310440000,29122.5,29124.0,29117.5,29119.0,755.0,epoch_floor
434543,MNQ,1m,1788310500000,29119.25,29125.25,29118.75,29122.25,690.0,epoch_floor
434544,MNQ,1m,1788310560000,29122.0,29125.0,29119.25,29120.75,616.0,epoch_floor
434545,MNQ,1m,1788310620000,29120.75,29124.75,29120.0,29124.75,256.0,epoch_floor
434546,MNQ,1m,1788310680000,29125.0,29127.0,29123.5,29124.25,501.0,epoch_floor
434547,MNQ,1m,1788310740000,29123.25,29123.25,29103.25,29103.75,2754.0,epoch_floor
434548,MNQ,1m,1788310800000,29104.0,29119.5,29097.0,29113.75,3662.0,epoch_floor
434549,MNQ,1m,1788310860000,29113.0,29113.25,29104.5,29107.75,1355.0,epoch_floor
434550,MNQ,1m,1788310920000,29108.25,29111.5,29105.25,29109.5,921.0,epoch_floor
434551,MNQ,1m,1788310980000,29109.25,29126.5,29108.0,29124.0,1696.0,epoch_floor
434552,MNQ,1m,1788311040000,29124.0,29124.25,29114.0,29122.0,1317.0,epoch_floor
434553,MNQ,1m,1788311100000,29121.25,29121.5,29108.5,29109.25,859.0,epoch_floor
434554,MNQ,1m,1788311160000,29109.0,29111.75,29104.5,29105.75,1525.0,epoch_floor
434555,MNQ,1m,1788311220000,29105.25,29108.75,29099.25,29108.0,1549.0,epoch_floor
434556,MNQ,1m,1788311280000,29108.25,29108.25,29100.75,29102.0,831.0,epoch_floor
434557,MNQ,1m,1788311340000,29102.5,29108.0,29101.75,29103.25,544.0,epoch_floor
434558,MNQ,1m,1788311400000,29103.5,29107.25,29100.25,29105.5,709.0,epoch_floor
434559,MNQ,1m,1788311460000,29105.25,29105.75,29099.5,29100.25,775.0,epoch_floor
434560,MNQ,1m,1788311520000,29101.25,29104.75,29100.25,29103.0,460.0,epoch_floor
434561,MNQ,1m,1788311580000,29103.0,29105.75,29086.0,29100.75,2364.0,epoch_floor
434562,MNQ,1m,1788311640000,29100.0,29103.0,29095.75,29098.75,651.0,epoch_floor
434563,MNQ,1m,1788311700000,29098.5,29111.75,29094.75,29108.75,1594.0,epoch_floor
434564,MNQ,1m,1788311760000,29109.0,29117.75,29106.75,29109.5,1540.0,epoch_floor
434565,MNQ,1m,1788311820000,29109.5,29115.25,29104.25,29112.5,882.0,epoch_floor
434566,MNQ,1m,1788311880000,29112.0,29118.25,29111.25,29112.0,1051.0,epoch_floor
434567,MNQ,1m,1788311940000,29111.5,29113.5,29103.25,29106.75,950.0,epoch_floor
434568,MNQ,1m,1788312000000,29106.75,29109.5,29104.5,29107.25,605.0,epoch_floor
434569,MNQ,1m,1788312060000,29107.5,29111.75,29105.5,29110.5,421.0,epoch_floor
434570,MNQ,1m,1788312120000,29110.5,29116.75,29100.5,29100.5,1082.0,epoch_floor
434571,MNQ,1m,1788312180000,29100.75,29121.0,29098.5,29119.75,1579.0,epoch_floor
434572,MNQ,1m,1788312240000,29119.75,29125.0,29112.0,29124.0,1407.0,epoch_floor
434573,MNQ,1m,1788312300000,29124.5,29126.75,29117.5,29119.25,1176.0,epoch_floor
434574,MNQ,1m,1788312360000,29119.25,29131.25,29117.75,29122.0,1208.0,epoch_floor
434575,MNQ,1m,1788312420000,29121.5,29123.25,29117.5,29117.5,503.0,epoch_floor
434576,MNQ,1m,1788312480000,29117.5,29118.5,29108.75,29115.0,1137.0,epoch_floor
434577,MNQ,1m,1788312540000,29115.0,29119.75,29114.0,29115.0,527.0,epoch_floor
434578,MNQ,1m,1788312600000,29115.5,29118.0,29104.75,29110.25,1242.0,epoch_floor
434579,MNQ,1m,1788312660000,29110.0,29115.0,29107.0,29112.5,637.0,epoch_floor
434580,MNQ,1m,1788312720000,29112.25,29116.25,29108.0,29113.0,597.0,epoch_floor
434581,MNQ,1m,1788312780000,29113.5,29116.25,29111.0,29115.0,562.0,epoch_floor
434582,MNQ,1m,1788312840000,29114.75,29123.5,29114.0,29122.25,916.0,epoch_floor
434583,MNQ,1m,1788312900000,29122.75,29122.75,29108.0,29111.5,1113.0,epoch_floor
434584,MNQ,1m,1788312960000,29111.5,29111.5,29104.25,29105.25,639.0,epoch_floor
434585,MNQ,1m,1788313020000,29105.75,29106.75,29096.75,29098.25,1045.0,epoch_floor
434586,MNQ,1m,1788313080000,29098.25,29098.75,29088.0,29091.0,1375.0,epoch_floor
434587,MNQ,1m,1788313140000,29090.5,29094.75,29086.5,29087.0,1324.0,epoch_floor
434588,MNQ,1m,1788313200000,29087.0,29089.0,29080.0,29084.75,1688.0,epoch_floor
434589,MNQ,1m,1788313260000,29084.0,29084.75,29071.25,29083.5,2591.0,epoch_floor
434590,MNQ,1m,1788313320000,29083.25,29090.0,29077.75,29087.5,1453.0,epoch_floor
434591,MNQ,1m,1788313380000,29087.5,29091.75,29075.0,29075.0,1373.0,epoch_floor
434592,MNQ,1m,1788313440000,29075.0,29077.0,29070.0,29074.25,1625.0,epoch_floor
434593,MNQ,1m,1788313500000,29074.75,29079.0,29073.5,29076.75,905.0,epoch_floor
434594,MNQ,1m,1788313560000,29076.25,29076.25,29068.75,29069.0,882.0,epoch_floor
434595,MNQ,1m,1788313620000,29069.75,29072.0,29065.5,29070.75,1264.0,epoch_floor
434596,MNQ,1m,1788313680000,29070.5,29071.0,29064.25,29067.25,797.0,epoch_floor
434597,MNQ,1m,1788313740000,29067.0,29070.0,29059.0,29063.25,1630.0,epoch_floor
434598,MNQ,1m,1788313800000,29063.25,29063.25,29047.75,29052.5,2144.0,epoch_floor
434599,MNQ,1m,1788313860000,29052.75,29058.25,29050.0,29052.75,1383.0,epoch_floor
434600,MNQ,1m,1788313920000,29053.5,29058.25,29047.25,29055.75,1513.0,epoch_floor
434601,MNQ,1m,1788313980000,29056.0,29065.5,29051.5,29054.25,1790.0,epoch_floor
434602,MNQ,1m,1788314040000,29054.25,29064.0,29053.75,29060.0,1350.0,epoch_floor
434603,MNQ,1m,1788314100000,29059.5,29073.25,29055.0,29072.25,1997.0,epoch_floor
434604,MNQ,1m,1788314160000,29072.5,29073.5,29062.0,29062.75,1297.0,epoch_floor
434605,MNQ,1m,1788314220000,29062.25,29068.25,29059.75,29061.5,1007.0,epoch_floor
434606,MNQ,1m,1788314280000,29062.0,29072.5,29061.5,29072.5,1032.0,epoch_floor
434607,MNQ,1m,1788314340000,29072.5,29078.0,29068.0,29074.75,1082.0,epoch_floor
434608,MNQ,1m,1788314400000,29075.25,29077.0,29067.25,29071.0,1307.0,epoch_floor
434609,MNQ,1m,1788314460000,29071.0,29074.0,29069.0,29069.25,536.0,epoch_floor
434610,MNQ,1m,1788314520000,29069.5,29070.5,29063.25,29064.25,891.0,epoch_floor
434611,MNQ,1m,1788314580000,29064.25,29065.75,29052.75,29054.0,1422.0,epoch_floor
434612,MNQ,1m,1788314640000,29054.75,29060.75,29051.25,29054.5,1213.0,epoch_floor
434613,MNQ,1m,1788314700000,29054.75,29056.25,29048.0,29052.75,1165.0,epoch_floor
434614,MNQ,1m,1788314760000,29053.0,29056.0,29049.75,29051.25,794.0,epoch_floor
434615,MNQ,1m,1788314820000,29051.25,29059.25,29050.75,29055.0,1087.0,epoch_floor
434616,MNQ,1m,1788314880000,29055.25,29056.25,29050.25,29051.75,629.0,epoch_floor
434617,MNQ,1m,1788314940000,29051.5,29052.5,29044.0,29049.0,1466.0,epoch_floor
434618,MNQ,1m,1788315000000,29048.75,29058.5,29047.75,29055.0,937.0,epoch_floor
434619,MNQ,1m,1788315060000,29054.25,29060.75,29049.75,29052.75,845.0,epoch_floor
434620,MNQ,1m,1788315120000,29053.75,29065.0,29052.75,29060.25,770.0,epoch_floor
434621,MNQ,1m,1788315180000,29061.0,29067.75,29060.5,29066.5,657.0,epoch_floor
434622,MNQ,1m,1788315240000,29067.0,29068.25,29063.0,29065.5,621.0,epoch_floor
434623,MNQ,1m,1788315300000,29065.5,29075.0,29065.25,29072.5,1013.0,epoch_floor
434624,MNQ,1m,1788315360000,29072.75,29077.0,29068.0,29075.5,944.0,epoch_floor
434625,MNQ,1m,1788315420000,29075.75,29077.0,29073.0,29075.75,471.0,epoch_floor
434626,MNQ,1m,1788315480000,29075.5,29091.25,29074.0,29086.25,1606.0,epoch_floor
434627,MNQ,1m,1788315540000,29085.75,29090.5,29085.5,29088.75,935.0,epoch_floor
434628,MNQ,1m,1788315600000,29088.75,29099.0,29087.5,29097.25,1513.0,epoch_floor
434629,MNQ,1m,1788315660000,29097.5,29101.25,29095.25,29096.25,920.0,epoch_floor
434630,MNQ,1m,1788315720000,29096.25,29098.5,29078.25,29078.5,1619.0,epoch_floor
434631,MNQ,1m,1788315780000,29079.75,29086.5,29079.0,29085.0,811.0,epoch_floor
434632,MNQ,1m,1788315840000,29085.5,29095.5,29085.0,29091.0,1003.0,epoch_floor
434633,MNQ,1m,1788315900000,29090.75,29098.25,29089.5,29089.5,730.0,epoch_floor
434634,MNQ,1m,1788315960000,29089.25,29092.0,29085.0,29090.0,823.0,epoch_floor
434635,MNQ,1m,1788316020000,29090.25,29094.25,29089.25,29092.75,498.0,epoch_floor
434636,MNQ,1m,1788316080000,29093.5,29095.0,29090.75,29094.0,249.0,epoch_floor
434637,MNQ,1m,1788316140000,29094.0,29094.0,29084.25,29085.5,427.0,epoch_floor
434638,MNQ,1m,1788316200000,29086.0,29087.25,29072.25,29074.5,1713.0,epoch_floor
434639,MNQ,1m,1788316260000,29075.0,29075.75,29070.25,29070.5,892.0,epoch_floor
434640,MNQ,1m,1788316320000,29070.5,29076.5,29070.0,29073.0,600.0,epoch_floor
434641,MNQ,1m,1788316380000,29073.25,29073.75,29069.5,29071.0,446.0,epoch_floor
434642,MNQ,1m,1788316440000,29071.0,29074.5,29070.25,29071.75,365.0,epoch_floor
434643,MNQ,1m,1788316500000,29072.0,29076.75,29069.25,29076.75,599.0,epoch_floor
434644,MNQ,1m,1788316560000,29076.5,29076.5,29068.5,29070.0,548.0,epoch_floor
434645,MNQ,1m,1788316620000,29070.0,29071.5,29066.25,29066.75,506.0,epoch_floor
434646,MNQ,1m,1788316680000,29067.0,29069.75,29066.0,29067.75,527.0,epoch_floor
434647,MNQ,1m,1788316740000,29067.25,29069.5,29061.25,29069.25,1048.0,epoch_floor
434648,MNQ,1m,1788316800000,29069.25,29078.5,29067.75,29074.75,1237.0,epoch_floor
434649,MNQ,1m,1788316860000,29074.75,29077.75,29070.0,29075.75,641.0,epoch_floor
434650,MNQ,1m,1788316920000,29075.0,29078.25,29074.0,29075.75,357.0,epoch_floor
434651,MNQ,1m,1788316980000,29076.0,29081.25,29074.25,29080.75,516.0,epoch_floor
434652,MNQ,1m,1788317040000,29080.75,29083.75,29078.0,29083.0,670.0,epoch_floor
434653,MNQ,1m,1788317100000,29082.75,29090.0,29081.5,29088.75,1009.0,epoch_floor
434654,MNQ,1m,1788317160000,29088.75,29091.25,29083.5,29083.5,735.0,epoch_floor
434655,MNQ,1m,1788317220000,29083.25,29088.0,29082.5,29085.0,406.0,epoch_floor
434656,MNQ,1m,1788317280000,29085.25,29088.5,29084.0,29085.0,278.0,epoch_floor
434657,MNQ,1m,1788317340000,29085.0,29091.25,29084.5,29089.75,438.0,epoch_floor
434658,MNQ,1m,1788317400000,29090.5,29092.5,29088.5,29090.0,404.0,epoch_floor
434659,MNQ,1m,1788317460000,29089.75,29092.75,29087.75,29092.25,388.0,epoch_floor
434660,MNQ,1m,1788317520000,29091.75,29092.25,29083.5,29084.75,709.0,epoch_floor
434661,MNQ,1m,1788317580000,29084.5,29085.25,29077.0,29078.5,864.0,epoch_floor
434662,MNQ,1m,1788317640000,29078.5,29085.25,29076.5,29081.25,661.0,epoch_floor
434663,MNQ,1m,1788317700000,29081.25,29083.5,29076.75,29078.0,366.0,epoch_floor
434664,MNQ,1m,1788317760000,29078.75,29080.5,29077.0,29077.5,294.0,epoch_floor
434665,MNQ,1m,1788317820000,29077.25,29082.0,29075.0,29080.0,475.0,epoch_floor
434666,MNQ,1m,1788317880000,29080.0,29081.5,29075.25,29078.0,361.0,epoch_floor
434667,MNQ,1m,1788317940000,29078.0,29086.5,29077.5,29085.75,762.0,epoch_floor
434668,MNQ,1m,1788318000000,29085.75,29087.5,29079.0,29085.75,718.0,epoch_floor
434669,MNQ,1m,1788318060000,29086.25,29089.25,29080.5,29080.75,560.0,epoch_floor
434670,MNQ,1m,1788318120000,29080.75,29084.0,29073.0,29076.0,888.0,epoch_floor
434671,MNQ,1m,1788318180000,29075.25,29079.0,29072.5,29073.5,456.0,epoch_floor
434672,MNQ,1m,1788318240000,29073.75,29077.5,29071.0,29073.0,548.0,epoch_floor
434673,MNQ,1m,1788318300000,29072.25,29073.0,29065.0,29068.0,915.0,epoch_floor
434674,MNQ,1m,1788318360000,29067.5,29067.5,29056.5,29061.25,1454.0,epoch_floor
434675,MNQ,1m,1788318420000,29062.25,29067.0,29060.25,29064.5,572.0,epoch_floor
434676,MNQ,1m,1788318480000,29064.5,29070.5,29064.25,29069.25,528.0,epoch_floor
434677,MNQ,1m,1788318540000,29069.5,29079.0,29067.0,29078.5,1016.0,epoch_floor
434678,MNQ,1m,1788318600000,29079.0,29087.0,29075.75,29085.0,1150.0,epoch_floor
434679,MNQ,1m,1788318660000,29084.75,29090.0,29083.0,29084.25,990.0,epoch_floor
434680,MNQ,1m,1788318720000,29084.25,29088.0,29081.5,29087.5,395.0,epoch_floor
434681,MNQ,1m,1788318780000,29087.0,29088.75,29085.25,29086.25,319.0,epoch_floor
434682,MNQ,1m,1788318840000,29086.0,29087.5,29081.0,29084.25,371.0,epoch_floor
434683,MNQ,1m,1788318900000,29083.25,29084.5,29071.5,29074.75,674.0,epoch_floor
434684,MNQ,1m,1788318960000,29074.75,29075.75,29069.25,29073.0,762.0,epoch_floor
434685,MNQ,1m,1788319020000,29072.75,29075.5,29071.0,29072.0,342.0,epoch_floor
434686,MNQ,1m,1788319080000,29072.0,29076.0,29070.25,29071.75,397.0,epoch_floor
434687,MNQ,1m,1788319140000,29072.25,29076.25,29072.0,29075.0,381.0,epoch_floor
434688,MNQ,1m,1788319200000,29074.5,29079.5,29072.5,29074.75,563.0,epoch_floor
434689,MNQ,1m,1788319260000,29075.5,29076.25,29072.5,29074.0,236.0,epoch_floor
434690,MNQ,1m,1788319320000,29073.75,29074.25,29068.25,29072.5,529.0,epoch_floor
434691,MNQ,1m,1788319380000,29072.5,29073.75,29069.5,29070.75,259.0,epoch_floor
434692,MNQ,1m,1788319440000,29071.0,29074.5,29068.75,29073.25,215.0,epoch_floor
434693,MNQ,1m,1788319500000,29073.75,29077.75,29073.75,29077.75,362.0,epoch_floor
434694,MNQ,1m,1788319560000,29077.5,29078.5,29072.0,29072.25,337.0,epoch_floor
434695,MNQ,1m,1788319620000,29072.75,29080.25,29071.0,29077.25,461.0,epoch_floor
434696,MNQ,1m,1788319680000,29077.5,29078.75,29072.25,29072.75,280.0,epoch_floor
434697,MNQ,1m,1788319740000,29073.0,29073.25,29068.75,29069.25,264.0,epoch_floor
434698,MNQ,1m,1788319800000,29069.75,29071.25,29057.75,29059.25,1076.0,epoch_floor
434699,MNQ,1m,1788319860000,29059.5,29059.5,29053.5,29055.0,1168.0,epoch_floor
434700,MNQ,1m,1788319920000,29055.5,29061.75,29054.5,29061.0,550.0,epoch_floor
434701,MNQ,1m,1788319980000,29061.25,29062.25,29057.25,29060.25,411.0,epoch_floor
434702,MNQ,1m,1788320040000,29060.25,29061.5,29057.75,29060.0,346.0,epoch_floor
434703,MNQ,1m,1788320100000,29059.5,29064.75,29055.25,29063.25,552.0,epoch_floor
434704,MNQ,1m,1788320160000,29063.25,29071.0,29061.75,29063.75,1033.0,epoch_floor
434705,MNQ,1m,1788320220000,29063.75,29066.25,29058.5,29063.5,435.0,epoch_floor
434706,MNQ,1m,1788320280000,29063.5,29068.5,29063.0,29067.5,290.0,epoch_floor
434707,MNQ,1m,1788320340000,29068.0,29072.75,29067.75,29071.0,570.0,epoch_floor
434708,MNQ,1m,1788320400000,29070.25,29071.0,29063.5,29064.25,856.0,epoch_floor
434709,MNQ,1m,1788320460000,29064.5,29066.75,29061.25,29062.5,360.0,epoch_floor
434710,MNQ,1m,1788320520000,29062.25,29062.75,29055.25,29056.5,948.0,epoch_floor
434711,MNQ,1m,1788320580000,29056.5,29059.0,29055.25,29056.0,370.0,epoch_floor
434712,MNQ,1m,1788320640000,29056.5,29057.75,29055.0,29056.25,256.0,epoch_floor
434713,MNQ,1m,1788320700000,29055.5,29065.75,29055.5,29063.0,719.0,epoch_floor
434714,MNQ,1m,1788320760000,29063.5,29064.25,29056.0,29056.0,428.0,epoch_floor
434715,MNQ,1m,1788320820000,29056.75,29060.75,29055.0,29058.25,329.0,epoch_floor
434716,MNQ,1m,1788320880000,29058.25,29059.25,29056.25,29057.5,235.0,epoch_floor
434717,MNQ,1m,1788320940000,29057.75,29058.25,29054.25,29054.25,229.0,epoch_floor
434718,MNQ,1m,1788321000000,29054.0,29054.0,29048.0,29049.0,1081.0,epoch_floor
434719,MNQ,1m,1788321060000,29048.75,29052.75,29047.5,29049.25,390.0,epoch_floor
434720,MNQ,1m,1788321120000,29048.75,29052.75,29046.25,29050.75,538.0,epoch_floor
434721,MNQ,1m,1788321180000,29050.25,29053.25,29049.25,29050.0,224.0,epoch_floor
434722,MNQ,1m,1788321240000,29050.0,29057.0,29050.0,29057.0,333.0,epoch_floor
434723,MNQ,1m,1788321300000,29056.5,29056.75,29052.0,29053.0,336.0,epoch_floor
434724,MNQ,1m,1788321360000,29053.25,29056.75,29049.75,29051.25,490.0,epoch_floor
434725,MNQ,1m,1788321420000,29051.0,29051.75,29047.0,29051.0,469.0,epoch_floor
434726,MNQ,1m,1788321480000,29051.25,29055.25,29049.75,29053.5,304.0,epoch_floor
434727,MNQ,1m,1788321540000,29053.0,29055.75,29045.5,29047.25,774.0,epoch_floor
434728,MNQ,1m,1788321600000,29047.5,29050.75,29046.0,29048.75,539.0,epoch_floor
434729,MNQ,1m,1788321660000,29049.25,29049.25,29043.25,29045.5,815.0,epoch_floor
434730,MNQ,1m,1788321720000,29045.5,29048.0,29044.75,29047.25,241.0,epoch_floor
434731,MNQ,1m,1788321780000,29047.5,29047.75,29044.0,29047.25,353.0,epoch_floor
434732,MNQ,1m,1788321840000,29047.5,29047.75,29042.25,29043.75,320.0,epoch_floor
434733,MNQ,1m,1788321900000,29043.5,29052.25,29043.0,29051.5,682.0,epoch_floor
434734,MNQ,1m,1788321960000,29051.25,29054.25,29047.0,29047.25,435.0,epoch_floor
434735,MNQ,1m,1788322020000,29047.75,29051.25,29046.0,29046.5,314.0,epoch_floor
434736,MNQ,1m,1788322080000,29047.0,29054.25,29047.0,29054.0,285.0,epoch_floor
434737,MNQ,1m,1788322140000,29054.25,29055.5,29040.25,29044.75,942.0,epoch_floor
434738,MNQ,1m,1788322200000,29044.25,29046.25,29043.25,29045.0,274.0,epoch_floor
434739,MNQ,1m,1788322260000,29044.75,29044.75,29035.25,29038.5,1178.0,epoch_floor
434740,MNQ,1m,1788322320000,29038.75,29044.75,29038.25,29041.75,440.0,epoch_floor
434741,MNQ,1m,1788322380000,29041.5,29044.0,29037.75,29044.0,500.0,epoch_floor
434742,MNQ,1m,1788322440000,29044.25,29048.75,29043.0,29047.75,572.0,epoch_floor
434743,MNQ,1m,1788322500000,29048.25,29063.25,29043.75,29062.25,1640.0,epoch_floor
434744,MNQ,1m,1788322560000,29061.75,29062.75,29055.75,29057.75,796.0,epoch_floor
434745,MNQ,1m,1788322620000,29057.5,29060.0,29054.0,29058.0,430.0,epoch_floor
434746,MNQ,1m,1788322680000,29058.0,29062.0,29056.75,29057.0,586.0,epoch_floor
434747,MNQ,1m,1788322740000,29057.5,29062.25,29057.0,29060.5,411.0,epoch_floor
434748,MNQ,1m,1788322800000,29060.0,29060.75,29053.25,29059.75,530.0,epoch_floor
434749,MNQ,1m,1788322860000,29059.25,29061.25,29054.5,29055.0,376.0,epoch_floor
434750,MNQ,1m,1788322920000,29054.75,29055.5,29048.0,29048.0,673.0,epoch_floor
434751,MNQ,1m,1788322980000,29047.75,29051.25,29045.75,29048.25,605.0,epoch_floor
434752,MNQ,1m,1788323040000,29048.75,29054.5,29048.75,29052.75,414.0,epoch_floor
434753,MNQ,1m,1788323100000,29053.5,29053.5,29049.75,29050.5,229.0,epoch_floor
434754,MNQ,1m,1788323160000,29050.0,29056.25,29048.0,29054.5,428.0,epoch_floor
434755,MNQ,1m,1788323220000,29055.5,29059.25,29052.5,29052.75,482.0,epoch_floor
434756,MNQ,1m,1788323280000,29052.5,29054.75,29049.25,29051.25,258.0,epoch_floor
434757,MNQ,1m,1788323340000,29051.5,29053.25,29047.75,29050.5,362.0,epoch_floor
434758,MNQ,1m,1788323400000,29051.0,29052.0,29047.25,29049.0,263.0,epoch_floor
434759,MNQ,1m,1788323460000,29048.25,29058.25,29048.25,29058.25,393.0,epoch_floor
434760,MNQ,1m,1788323520000,29057.5,29061.0,29056.75,29059.25,554.0,epoch_floor
434761,MNQ,1m,1788323580000,29059.75,29062.75,29047.5,29051.5,806.0,epoch_floor
434762,MNQ,1m,1788323640000,29051.75,29061.5,29051.25,29057.0,546.0,epoch_floor
434763,MNQ,1m,1788323700000,29057.25,29059.25,29048.5,29053.5,512.0,epoch_floor
434764,MNQ,1m,1788323760000,29053.0,29055.25,29048.25,29048.25,310.0,epoch_floor
434765,MNQ,1m,1788323820000,29048.0,29057.0,29048.0,29053.5,458.0,epoch_floor
434766,MNQ,1m,1788323880000,29054.0,29054.5,29049.25,29049.5,223.0,epoch_floor
434767,MNQ,1m,1788323940000,29050.0,29051.5,29049.0,29049.5,224.0,epoch_floor
434768,MNQ,1m,1788324000000,29050.25,29052.75,29048.0,29050.5,423.0,epoch_floor
434769,MNQ,1m,1788324060000,29052.0,29052.0,29048.5,29050.75,167.0,epoch_floor
434770,MNQ,1m,1788324120000,29050.25,29056.5,29048.75,29053.5,283.0,epoch_floor
434771,MNQ,1m,1788324180000,29054.5,29058.5,29052.5,29057.0,307.0,epoch_floor
434772,MNQ,1m,1788324240000,29056.75,29057.0,29050.0,29053.5,287.0,epoch_floor
434773,MNQ,1m,1788324300000,29053.75,29061.25,29053.75,29056.5,434.0,epoch_floor
434774,MNQ,1m,1788324360000,29056.25,29062.0,29055.5,29055.5,414.0,epoch_floor
434775,MNQ,1m,1788324420000,29055.75,29057.25,29051.75,29055.75,409.0,epoch_floor
434776,MNQ,1m,1788324480000,29055.5,29065.25,29050.5,29063.25,657.0,epoch_floor
434777,MNQ,1m,1788324540000,29062.75,29065.75,29055.75,29056.25,565.0,epoch_floor
434778,MNQ,1m,1788324600000,29056.75,29058.75,29056.0,29057.5,165.0,epoch_floor
434779,MNQ,1m,1788324660000,29058.25,29062.0,29057.0,29061.75,238.0,epoch_floor
434780,MNQ,1m,1788324720000,29061.0,29061.5,29056.25,29060.75,275.0,epoch_floor
434781,MNQ,1m,1788324780000,29060.75,29061.25,29056.25,29060.0,189.0,epoch_floor
434782,MNQ,1m,1788324840000,29059.75,29061.25,29058.25,29060.0,146.0,epoch_floor
434783,MNQ,1m,1788324900000,29059.75,29061.25,29058.0,29059.75,164.0,epoch_floor
434784,MNQ,1m,1788324960000,29059.25,29063.0,29056.75,29057.5,273.0,epoch_floor
434785,MNQ,1m,1788325020000,29057.5,29059.75,29054.25,29056.75,331.0,epoch_floor
434786,MNQ,1m,1788325080000,29057.0,29059.5,29054.75,29055.5,154.0,epoch_floor
434787,MNQ,1m,1788325140000,29055.25,29061.25,29053.75,29058.75,252.0,epoch_floor
434788,MNQ,1m,1788325200000,29059.0,29061.0,29051.25,29058.75,485.0,epoch_floor
434789,MNQ,1m,1788325260000,29058.75,29061.0,29046.75,29048.25,914.0,epoch_floor
434790,MNQ,1m,1788325320000,29047.75,29051.25,29040.5,29042.5,1055.0,epoch_floor
434791,MNQ,1m,1788325380000,29042.75,29046.5,29041.75,29044.0,498.0,epoch_floor
434792,MNQ,1m,1788325440000,29044.25,29046.25,29042.75,29042.75,216.0,epoch_floor
434793,MNQ,1m,1788325500000,29043.25,29049.75,29042.25,29047.5,518.0,epoch_floor
434794,MNQ,1m,1788325560000,29047.25,29047.75,29037.25,29038.0,623.0,epoch_floor
434795,MNQ,1m,1788325620000,29037.75,29042.75,29037.75,29040.0,394.0,epoch_floor
434796,MNQ,1m,1788325680000,29040.5,29043.75,29039.75,29043.0,242.0,epoch_floor
434797,MNQ,1m,1788325740000,29042.75,29044.0,29037.75,29038.75,294.0,epoch_floor
434798,MNQ,1m,1788325800000,29039.75,29057.75,29039.5,29056.0,1350.0,epoch_floor
434799,MNQ,1m,1788325860000,29055.75,29060.0,29055.0,29057.0,626.0,epoch_floor
434800,MNQ,1m,1788325920000,29057.25,29062.5,29056.25,29059.25,520.0,epoch_floor
434801,MNQ,1m,1788325980000,29059.25,29068.0,29058.0,29067.0,1015.0,epoch_floor
434802,MNQ,1m,1788326040000,29067.0,29071.5,29064.5,29067.25,1039.0,epoch_floor
434803,MNQ,1m,1788326100000,29067.25,29071.25,29064.25,29070.25,791.0,epoch_floor
434804,MNQ,1m,1788326160000,29070.5,29075.25,29068.5,29073.5,1173.0,epoch_floor
434805,MNQ,1m,1788326220000,29073.0,29083.75,29069.0,29083.75,1199.0,epoch_floor
434806,MNQ,1m,1788326280000,29083.0,29087.25,29081.5,29083.25,1155.0,epoch_floor
434807,MNQ,1m,1788326340000,29083.0,29088.75,29079.0,29079.75,881.0,epoch_floor
434808,MNQ,1m,1788326400000,29081.0,29083.75,29075.25,29080.0,1223.0,epoch_floor
434809,MNQ,1m,1788326460000,29079.75,29082.0,29073.75,29074.75,462.0,epoch_floor
434810,MNQ,1m,1788326520000,29074.5,29078.75,29068.75,29074.25,917.0,epoch_floor
434811,MNQ,1m,1788326580000,29074.25,29080.0,29068.75,29078.75,834.0,epoch_floor
434812,MNQ,1m,1788326640000,29078.0,29085.5,29076.0,29083.75,653.0,epoch_floor
434813,MNQ,1m,1788326700000,29084.0,29090.0,29081.5,29085.75,652.0,epoch_floor
434814,MNQ,1m,1788326760000,29085.75,29089.75,29085.75,29088.5,433.0,epoch_floor
434815,MNQ,1m,1788326820000,29089.0,29091.25,29082.5,29085.75,812.0,epoch_floor
434816,MNQ,1m,1788326880000,29085.25,29092.0,29083.75,29090.25,485.0,epoch_floor
434817,MNQ,1m,1788326940000,29090.0,29092.0,29088.0,29091.0,354.0,epoch_floor
434818,MNQ,1m,1788327000000,29091.25,29101.0,29091.0,29099.25,1683.0,epoch_floor
434819,MNQ,1m,1788327060000,29099.25,29105.0,29089.0,29090.75,1572.0,epoch_floor
434820,MNQ,1m,1788327120000,29090.75,29095.25,29089.5,29094.25,484.0,epoch_floor
434821,MNQ,1m,1788327180000,29094.75,29098.5,29088.0,29098.5,535.0,epoch_floor
434822,MNQ,1m,1788327240000,29098.25,29098.25,29085.25,29086.5,1201.0,epoch_floor
434823,MNQ,1m,1788327300000,29086.5,29089.75,29082.5,29085.25,827.0,epoch_floor
434824,MNQ,1m,1788327360000,29085.5,29085.5,29075.0,29080.0,1086.0,epoch_floor
434825,MNQ,1m,1788327420000,29080.25,29085.25,29077.0,29077.0,702.0,epoch_floor
434826,MNQ,1m,1788327480000,29077.0,29078.0,29071.25,29072.0,841.0,epoch_floor
434827,MNQ,1m,1788327540000,29072.25,29074.75,29070.0,29071.5,418.0,epoch_floor
434828,MNQ,1m,1788327600000,29071.5,29085.75,29071.0,29083.0,728.0,epoch_floor
434829,MNQ,1m,1788327660000,29082.75,29084.0,29077.75,29083.5,707.0,epoch_floor
434830,MNQ,1m,1788327720000,29084.75,29094.25,29084.75,29091.5,945.0,epoch_floor
434831,MNQ,1m,1788327780000,29091.25,29098.5,29089.25,29096.75,516.0,epoch_floor
434832,MNQ,1m,1788327840000,29096.25,29102.25,29093.75,29099.25,724.0,epoch_floor
434833,MNQ,1m,1788327900000,29099.25,29102.5,29098.25,29099.75,600.0,epoch_floor
434834,MNQ,1m,1788327960000,29100.0,29100.5,29095.25,29096.0,471.0,epoch_floor
434835,MNQ,1m,1788328020000,29096.0,29099.5,29093.5,29098.25,538.0,epoch_floor
434836,MNQ,1m,1788328080000,29098.0,29101.25,29095.5,29097.0,363.0,epoch_floor
434837,MNQ,1m,1788328140000,29097.0,29099.25,29093.25,29093.25,426.0,epoch_floor
434838,MNQ,1m,1788328200000,29095.0,29097.25,29085.5,29086.5,724.0,epoch_floor
434839,MNQ,1m,1788328260000,29086.5,29090.25,29084.25,29090.0,466.0,epoch_floor
434840,MNQ,1m,1788328320000,29089.75,29090.25,29076.0,29081.25,871.0,epoch_floor
434841,MNQ,1m,1788328380000,29081.25,29081.25,29074.25,29075.0,686.0,epoch_floor
434842,MNQ,1m,1788328440000,29074.75,29075.0,29062.0,29063.75,1338.0,epoch_floor
434843,MNQ,1m,1788328500000,29063.75,29071.0,29062.0,29067.5,769.0,epoch_floor
434844,MNQ,1m,1788328560000,29067.75,29078.0,29066.5,29070.75,997.0,epoch_floor
434845,MNQ,1m,1788328620000,29070.5,29073.5,29067.75,29068.5,352.0,epoch_floor
434846,MNQ,1m,1788328680000,29069.25,29073.75,29069.25,29073.5,243.0,epoch_floor
434847,MNQ,1m,1788328740000,29072.75,29074.25,29070.0,29071.5,303.0,epoch_floor
434848,MNQ,1m,1788328800000,29072.5,29082.75,29062.5,29068.0,1493.0,epoch_floor
434849,MNQ,1m,1788328860000,29068.5,29072.0,29053.5,29058.25,1527.0,epoch_floor
434850,MNQ,1m,1788328920000,29058.0,29059.5,29052.0,29055.5,766.0,epoch_floor
434851,MNQ,1m,1788328980000,29055.5,29055.75,29046.25,29047.75,844.0,epoch_floor
434852,MNQ,1m,1788329040000,29047.25,29049.25,29043.25,29046.25,755.0,epoch_floor
434853,MNQ,1m,1788329100000,29046.25,29048.5,29042.5,29045.25,852.0,epoch_floor
434854,MNQ,1m,1788329160000,29045.5,29047.5,29041.5,29043.75,487.0,epoch_floor
434855,MNQ,1m,1788329220000,29044.5,29046.5,29042.0,29043.5,454.0,epoch_floor
434856,MNQ,1m,1788329280000,29044.0,29049.75,29043.0,29047.5,539.0,epoch_floor
434857,MNQ,1m,1788329340000,29047.75,29054.0,29045.0,29051.25,722.0,epoch_floor
434858,MNQ,1m,1788329400000,29051.0,29053.5,29043.75,29047.75,785.0,epoch_floor
434859,MNQ,1m,1788329460000,29047.5,29048.25,29043.0,29044.5,485.0,epoch_floor
434860,MNQ,1m,1788329520000,29044.75,29048.5,29044.0,29045.75,348.0,epoch_floor
434861,MNQ,1m,1788329580000,29047.0,29058.25,29046.25,29053.0,1105.0,epoch_floor
434862,MNQ,1m,1788329640000,29053.0,29055.25,29044.5,29049.0,592.0,epoch_floor
434863,MNQ,1m,1788329700000,29049.25,29053.0,29046.0,29047.25,481.0,epoch_floor
434864,MNQ,1m,1788329760000,29047.5,29048.25,29035.75,29038.75,1105.0,epoch_floor
434865,MNQ,1m,1788329820000,29038.0,29038.5,29027.25,29030.75,1434.0,epoch_floor
434866,MNQ,1m,1788329880000,29030.75,29030.75,29025.0,29028.5,965.0,epoch_floor
434867,MNQ,1m,1788329940000,29028.25,29029.75,29026.0,29028.0,327.0,epoch_floor
434868,MNQ,1m,1788330000000,29027.5,29028.75,29025.25,29027.5,600.0,epoch_floor
434869,MNQ,1m,1788330060000,29027.5,29029.75,29025.5,29028.5,407.0,epoch_floor
434870,MNQ,1m,1788330120000,29028.75,29031.5,29025.0,29026.0,665.0,epoch_floor
434871,MNQ,1m,1788330180000,29026.0,29030.25,29025.75,29029.5,318.0,epoch_floor
434872,MNQ,1m,1788330240000,29029.0,29035.75,29028.5,29035.0,890.0,epoch_floor
434873,MNQ,1m,1788330300000,29035.5,29049.0,29033.5,29048.75,1179.0,epoch_floor
434874,MNQ,1m,1788330360000,29048.0,29055.0,29044.25,29053.75,1134.0,epoch_floor
434875,MNQ,1m,1788330420000,29054.25,29055.0,29039.25,29042.5,1096.0,epoch_floor
434876,MNQ,1m,1788330480000,29042.25,29044.75,29036.5,29036.5,651.0,epoch_floor
434877,MNQ,1m,1788330540000,29037.0,29043.25,29021.25,29022.5,1625.0,epoch_floor
434878,MNQ,1m,1788330600000,29023.25,29027.75,29021.5,29024.75,1266.0,epoch_floor
434879,MNQ,1m,1788330660000,29025.0,29027.5,29018.25,29020.25,1020.0,epoch_floor
434880,MNQ,1m,1788330720000,29020.25,29032.25,29019.75,29030.5,749.0,epoch_floor
434881,MNQ,1m,1788330780000,29030.25,29031.25,29016.5,29017.0,749.0,epoch_floor
434882,MNQ,1m,1788330840000,29017.25,29032.5,29016.5,29032.25,846.0,epoch_floor
434883,MNQ,1m,1788330900000,29032.0,29044.5,29028.75,29041.5,1270.0,epoch_floor
434884,MNQ,1m,1788330960000,29041.0,29046.5,29034.75,29035.75,882.0,epoch_floor
434885,MNQ,1m,1788331020000,29036.0,29039.0,29028.25,29033.5,866.0,epoch_floor
434886,MNQ,1m,1788331080000,29033.75,29039.5,29032.75,29038.25,628.0,epoch_floor
434887,MNQ,1m,1788331140000,29038.0,29074.75,29036.5,29074.25,2657.0,epoch_floor
434888,MNQ,1m,1788331200000,29074.0,29079.25,29069.75,29074.5,1506.0,epoch_floor
434889,MNQ,1m,1788331260000,29075.0,29087.25,29074.5,29086.0,1474.0,epoch_floor
434890,MNQ,1m,1788331320000,29085.25,29093.75,29082.75,29090.5,1273.0,epoch_floor
434891,MNQ,1m,1788331380000,29090.5,29098.75,29084.0,29088.5,1383.0,epoch_floor
434892,MNQ,1m,1788331440000,29088.5,29091.25,29072.5,29072.5,1191.0,epoch_floor
434893,MNQ,1m,1788331500000,29072.25,29074.0,29064.5,29068.5,1241.0,epoch_floor
434894,MNQ,1m,1788331560000,29068.25,29071.0,29061.5,29065.0,720.0,epoch_floor
434895,MNQ,1m,1788331620000,29065.0,29073.5,29063.5,29070.0,780.0,epoch_floor
434896,MNQ,1m,1788331680000,29069.75,29072.5,29064.25,29068.0,627.0,epoch_floor
434897,MNQ,1m,1788331740000,29068.0,29071.25,29064.0,29066.25,614.0,epoch_floor
434898,MNQ,1m,1788331800000,29065.5,29066.0,29059.75,29061.0,591.0,epoch_floor
434899,MNQ,1m,1788331860000,29060.75,29068.5,29056.0,29059.5,955.0,epoch_floor
434900,MNQ,1m,1788331920000,29059.75,29065.0,29059.25,29061.25,497.0,epoch_floor
434901,MNQ,1m,1788331980000,29061.5,29062.75,29054.75,29055.25,515.0,epoch_floor
434902,MNQ,1m,1788332040000,29055.25,29056.75,29052.0,29054.0,466.0,epoch_floor
434903,MNQ,1m,1788332100000,29054.25,29058.5,29051.0,29054.5,544.0,epoch_floor
434904,MNQ,1m,1788332160000,29053.75,29065.25,29052.25,29064.25,706.0,epoch_floor
434905,MNQ,1m,1788332220000,29064.0,29067.25,29061.25,29062.5,466.0,epoch_floor
434906,MNQ,1m,1788332280000,29063.25,29069.0,29061.5,29069.0,582.0,epoch_floor
434907,MNQ,1m,1788332340000,29068.5,29080.75,29066.75,29076.75,1003.0,epoch_floor
434908,MNQ,1m,1788332400000,29076.75,29090.0,29065.25,29087.0,1917.0,epoch_floor
434909,MNQ,1m,1788332460000,29087.25,29090.5,29082.0,29083.5,993.0,epoch_floor
434910,MNQ,1m,1788332520000,29083.75,29104.25,29083.5,29095.5,1591.0,epoch_floor
434911,MNQ,1m,1788332580000,29095.0,29104.5,29091.0,29103.25,984.0,epoch_floor
434912,MNQ,1m,1788332640000,29102.75,29105.75,29098.25,29101.0,944.0,epoch_floor
434913,MNQ,1m,1788332700000,29100.5,29104.25,29095.75,29097.25,731.0,epoch_floor
434914,MNQ,1m,1788332760000,29097.5,29108.5,29097.5,29101.25,961.0,epoch_floor
434915,MNQ,1m,1788332820000,29101.5,29102.25,29095.75,29098.75,498.0,epoch_floor
434916,MNQ,1m,1788332880000,29098.75,29104.0,29098.0,29101.5,465.0,epoch_floor
434917,MNQ,1m,1788332940000,29101.75,29114.5,29101.0,29110.0,907.0,epoch_floor
434918,MNQ,1m,1788333000000,29109.75,29121.0,29109.25,29118.0,1313.0,epoch_floor
434919,MNQ,1m,1788333060000,29118.0,29118.0,29107.75,29108.0,648.0,epoch_floor
434920,MNQ,1m,1788333120000,29108.0,29112.5,29103.0,29109.25,893.0,epoch_floor
434921,MNQ,1m,1788333180000,29109.5,29113.0,29100.5,29109.5,710.0,epoch_floor
434922,MNQ,1m,1788333240000,29111.0,29114.5,29098.25,29103.0,609.0,epoch_floor
434923,MNQ,1m,1788333300000,29103.25,29108.75,29099.0,29106.25,643.0,epoch_floor
434924,MNQ,1m,1788333360000,29106.0,29115.5,29101.75,29113.0,702.0,epoch_floor
434925,MNQ,1m,1788333420000,29114.0,29115.75,29109.75,29111.75,412.0,epoch_floor
434926,MNQ,1m,1788333480000,29112.0,29116.25,29110.0,29112.5,309.0,epoch_floor
434927,MNQ,1m,1788333540000,29112.5,29117.75,29112.5,29114.25,375.0,epoch_floor
434928,MNQ,1m,1788333600000,29113.25,29114.25,29103.25,29109.5,604.0,epoch_floor
434929,MNQ,1m,1788333660000,29109.5,29113.75,29108.0,29108.5,327.0,epoch_floor
434930,MNQ,1m,1788333720000,29108.0,29109.5,29096.25,29100.5,838.0,epoch_floor
434931,MNQ,1m,1788333780000,29100.0,29113.0,29098.25,29104.5,757.0,epoch_floor
434932,MNQ,1m,1788333840000,29105.0,29105.5,29097.75,29100.25,541.0,epoch_floor
434933,MNQ,1m,1788333900000,29099.5,29101.0,29075.25,29079.25,1949.0,epoch_floor
434934,MNQ,1m,1788333960000,29079.0,29091.5,29075.0,29090.25,1377.0,epoch_floor
434935,MNQ,1m,1788334020000,29090.0,29102.0,29085.5,29085.5,1274.0,epoch_floor
434936,MNQ,1m,1788334080000,29086.0,29094.75,29084.5,29092.5,600.0,epoch_floor
434937,MNQ,1m,1788334140000,29093.75,29098.0,29090.25,29094.25,450.0,epoch_floor
434938,MNQ,1m,1788334200000,29093.75,29098.0,29093.0,29096.5,365.0,epoch_floor
434939,MNQ,1m,1788334260000,29097.0,29101.5,29086.75,29093.5,881.0,epoch_floor
434940,MNQ,1m,1788334320000,29093.75,29095.5,29086.5,29088.75,355.0,epoch_floor
434941,MNQ,1m,1788334380000,29089.25,29091.75,29080.25,29086.0,660.0,epoch_floor
434942,MNQ,1m,1788334440000,29085.75,29089.5,29079.0,29087.25,481.0,epoch_floor
434943,MNQ,1m,1788334500000,29088.0,29090.5,29077.25,29081.75,686.0,epoch_floor
434944,MNQ,1m,1788334560000,29082.5,29084.0,29078.75,29081.25,289.0,epoch_floor
434945,MNQ,1m,1788334620000,29080.75,29086.75,29080.75,29086.75,174.0,epoch_floor
434946,MNQ,1m,1788334680000,29086.25,29087.75,29075.75,29077.0,382.0,epoch_floor
434947,MNQ,1m,1788334740000,29076.75,29078.5,29070.75,29073.5,883.0,epoch_floor
434948,MNQ,1m,1788334800000,29073.0,29077.0,29064.0,29076.0,845.0,epoch_floor
434949,MNQ,1m,1788334860000,29076.5,29079.5,29069.5,29078.0,595.0,epoch_floor
434950,MNQ,1m,1788334920000,29078.0,29079.25,29072.5,29076.25,543.0,epoch_floor
434951,MNQ,1m,1788334980000,29076.75,29085.75,29074.75,29075.0,660.0,epoch_floor
434952,MNQ,1m,1788335040000,29075.0,29078.75,29070.0,29070.0,478.0,epoch_floor
434953,MNQ,1m,1788335100000,29070.0,29071.0,29060.0,29060.75,790.0,epoch_floor
434954,MNQ,1m,1788335160000,29061.75,29067.0,29061.0,29064.75,444.0,epoch_floor
434955,MNQ,1m,1788335220000,29065.0,29070.5,29062.25,29068.75,324.0,epoch_floor
434956,MNQ,1m,1788335280000,29069.5,29074.5,29067.0,29069.25,581.0,epoch_floor
434957,MNQ,1m,1788335340000,29068.25,29071.0,29062.5,29063.75,600.0,epoch_floor
434958,MNQ,1m,1788335400000,29063.5,29068.75,29059.0,29063.25,581.0,epoch_floor
434959,MNQ,1m,1788335460000,29064.25,29064.75,29059.25,29060.5,319.0,epoch_floor
434960,MNQ,1m,1788335520000,29060.25,29061.25,29049.75,29053.0,824.0,epoch_floor
434961,MNQ,1m,1788335580000,29052.5,29055.75,29051.75,29054.0,407.0,epoch_floor
434962,MNQ,1m,1788335640000,29054.0,29075.5,29054.0,29069.5,892.0,epoch_floor
434963,MNQ,1m,1788335700000,29068.25,29077.75,29067.25,29077.0,644.0,epoch_floor
434964,MNQ,1m,1788335760000,29077.0,29078.75,29067.25,29068.75,704.0,epoch_floor
434965,MNQ,1m,1788335820000,29069.25,29074.0,29068.0,29069.0,397.0,epoch_floor
434966,MNQ,1m,1788335880000,29070.0,29074.25,29069.25,29071.0,351.0,epoch_floor
434967,MNQ,1m,1788335940000,29070.25,29071.0,29061.5,29062.0,447.0,epoch_floor
434968,MNQ,1m,1788336000000,29062.25,29070.25,29052.0,29055.0,1779.0,epoch_floor
434969,MNQ,1m,1788336060000,29054.25,29068.25,29051.25,29056.75,919.0,epoch_floor
434970,MNQ,1m,1788336120000,29056.5,29069.75,29056.5,29062.75,1265.0,epoch_floor
434971,MNQ,1m,1788336180000,29063.0,29081.5,29058.25,29076.0,1273.0,epoch_floor
434972,MNQ,1m,1788336240000,29076.0,29098.0,29072.5,29094.75,1438.0,epoch_floor
434973,MNQ,1m,1788336300000,29094.75,29097.5,29080.0,29085.75,1122.0,epoch_floor
434974,MNQ,1m,1788336360000,29085.75,29086.75,29066.5,29076.0,1026.0,epoch_floor
434975,MNQ,1m,1788336420000,29076.5,29081.0,29071.25,29081.0,562.0,epoch_floor
434976,MNQ,1m,1788336480000,29081.25,29086.0,29073.0,29079.25,721.0,epoch_floor
434977,MNQ,1m,1788336540000,29078.5,29078.5,29068.5,29074.75,576.0,epoch_floor
434978,MNQ,1m,1788336600000,29075.0,29087.5,29071.0,29086.0,590.0,epoch_floor
434979,MNQ,1m,1788336660000,29086.5,29088.5,29071.5,29074.5,596.0,epoch_floor
434980,MNQ,1m,1788336720000,29074.25,29079.5,29070.0,29079.0,408.0,epoch_floor
434981,MNQ,1m,1788336780000,29078.25,29079.25,29075.0,29078.5,266.0,epoch_floor
434982,MNQ,1m,1788336840000,29078.0,29080.5,29068.25,29074.5,570.0,epoch_floor
434983,MNQ,1m,1788336900000,29074.0,29088.5,29072.5,29073.25,700.0,epoch_floor
434984,MNQ,1m,1788336960000,29073.0,29081.5,29072.75,29078.0,504.0,epoch_floor
434985,MNQ,1m,1788337020000,29077.5,29078.25,29070.25,29075.0,237.0,epoch_floor
434986,MNQ,1m,1788337080000,29075.25,29076.5,29067.25,29069.25,334.0,epoch_floor
434987,MNQ,1m,1788337140000,29068.25,29071.75,29056.0,29057.0,688.0,epoch_floor
434988,MNQ,1m,1788337200000,29057.5,29062.0,29049.75,29051.5,1093.0,epoch_floor
434989,MNQ,1m,1788337260000,29051.0,29051.75,29038.75,29044.5,1056.0,epoch_floor
434990,MNQ,1m,1788337320000,29045.5,29054.5,29045.5,29052.5,595.0,epoch_floor
434991,MNQ,1m,1788337380000,29052.5,29055.75,29048.75,29050.0,322.0,epoch_floor
434992,MNQ,1m,1788337440000,29050.5,29051.5,29043.0,29046.0,539.0,epoch_floor
434993,MNQ,1m,1788337500000,29046.0,29050.0,29040.5,29040.5,379.0,epoch_floor
434994,MNQ,1m,1788337560000,29041.25,29051.5,29041.0,29049.5,333.0,epoch_floor
434995,MNQ,1m,1788337620000,29049.75,29060.5,29049.25,29058.75,631.0,epoch_floor
434996,MNQ,1m,1788337680000,29058.75,29062.0,29049.5,29051.25,680.0,epoch_floor
434997,MNQ,1m,1788337740000,29051.0,29057.0,29045.5,29052.0,351.0,epoch_floor
434998,MNQ,1m,1788337800000,29052.5,29062.25,29046.0,29060.25,423.0,epoch_floor
434999,MNQ,1m,1788337860000,29060.0,29068.0,29053.5,29056.5,851.0,epoch_floor
435000,MNQ,1m,1788337920000,29057.0,29068.75,29055.0,29055.0,904.0,epoch_floor
435001,MNQ,1m,1788337980000,29055.25,29063.0,29050.75,29052.5,560.0,epoch_floor
435002,MNQ,1m,1788338040000,29053.25,29056.5,29047.75,29049.5,430.0,epoch_floor
435003,MNQ,1m,1788338100000,29049.5,29050.5,29036.0,29046.5,1045.0,epoch_floor
435004,MNQ,1m,1788338160000,29046.5,29057.25,29044.0,29048.5,692.0,epoch_floor
435005,MNQ,1m,1788338220000,29048.5,29056.5,29047.0,29055.0,406.0,epoch_floor
435006,MNQ,1m,1788338280000,29054.5,29055.0,29042.5,29045.5,514.0,epoch_floor
435007,MNQ,1m,1788338340000,29046.5,29055.5,29045.5,29048.0,365.0,epoch_floor
435008,MNQ,1m,1788338400000,29048.25,29054.75,29045.5,29049.5,441.0,epoch_floor
435009,MNQ,1m,1788338460000,29050.0,29055.5,29045.25,29046.75,548.0,epoch_floor
435010,MNQ,1m,1788338520000,29046.25,29046.75,29038.0,29041.75,476.0,epoch_floor
435011,MNQ,1m,1788338580000,29042.0,29044.0,29032.75,29035.75,929.0,epoch_floor
435012,MNQ,1m,1788338640000,29036.75,29038.0,29032.0,29035.5,471.0,epoch_floor
435013,MNQ,1m,1788338700000,29036.25,29037.25,29031.5,29033.0,331.0,epoch_floor
435014,MNQ,1m,1788338760000,29033.0,29034.25,29030.5,29031.0,244.0,epoch_floor
435015,MNQ,1m,1788338820000,29030.75,29031.5,29024.0,29024.75,673.0,epoch_floor
435016,MNQ,1m,1788338880000,29025.0,29025.75,29021.25,29021.5,601.0,epoch_floor
435017,MNQ,1m,1788338940000,29022.25,29025.5,29020.75,29022.5,450.0,epoch_floor
435018,MNQ,1m,1788339000000,29023.0,29025.25,29017.25,29021.25,847.0,epoch_floor
435019,MNQ,1m,1788339060000,29020.0,29020.75,28997.25,29002.0,3232.0,epoch_floor
435020,MNQ,1m,1788339120000,29002.5,29003.0,28987.0,28988.5,1808.0,epoch_floor
435021,MNQ,1m,1788339180000,28988.5,28989.75,28966.5,28967.25,2072.0,epoch_floor
435022,MNQ,1m,1788339240000,28967.25,28968.75,28955.75,28964.0,1980.0,epoch_floor
435023,MNQ,1m,1788339300000,28963.75,28970.75,28954.75,28966.5,1778.0,epoch_floor
435024,MNQ,1m,1788339360000,28967.5,28984.25,28965.5,28972.0,1803.0,epoch_floor
435025,MNQ,1m,1788339420000,28971.75,28975.5,28965.25,28972.0,1140.0,epoch_floor
435026,MNQ,1m,1788339480000,28974.25,28974.75,28967.25,28973.25,650.0,epoch_floor
435027,MNQ,1m,1788339540000,28974.0,28978.75,28968.0,28978.0,813.0,epoch_floor
435028,MNQ,1m,1788339600000,28977.25,28993.0,28974.0,28984.75,2056.0,epoch_floor
435029,MNQ,1m,1788339660000,28985.0,28989.75,28978.75,28981.75,851.0,epoch_floor
435030,MNQ,1m,1788339720000,28982.0,29008.0,28981.75,29002.0,1713.0,epoch_floor
435031,MNQ,1m,1788339780000,29001.75,29016.75,28996.25,29010.25,1622.0,epoch_floor
435032,MNQ,1m,1788339840000,29009.5,29011.25,29002.0,29009.75,1037.0,epoch_floor
435033,MNQ,1m,1788339900000,29009.5,29025.0,29008.25,29024.75,1262.0,epoch_floor
435034,MNQ,1m,1788339960000,29024.5,29027.0,29009.5,29010.75,1166.0,epoch_floor
435035,MNQ,1m,1788340020000,29011.25,29012.0,28997.5,29001.0,1285.0,epoch_floor
435036,MNQ,1m,1788340080000,29001.5,29008.5,28997.25,29002.25,801.0,epoch_floor
435037,MNQ,1m,1788340140000,29002.0,29006.75,28999.5,29000.75,613.0,epoch_floor
435038,MNQ,1m,1788340200000,29000.75,29005.75,28997.0,29001.75,870.0,epoch_floor
435039,MNQ,1m,1788340260000,29001.0,29008.0,28994.75,28999.5,794.0,epoch_floor
435040,MNQ,1m,1788340320000,28999.5,29002.5,28992.25,28994.0,682.0,epoch_floor
435041,MNQ,1m,1788340380000,28994.0,28995.75,28986.0,28987.0,908.0,epoch_floor
435042,MNQ,1m,1788340440000,28986.5,28986.5,28968.5,28970.75,1337.0,epoch_floor
435043,MNQ,1m,1788340500000,28971.25,28978.5,28968.75,28976.75,1000.0,epoch_floor
435044,MNQ,1m,1788340560000,28976.75,28978.75,28973.5,28976.5,660.0,epoch_floor
435045,MNQ,1m,1788340620000,28976.75,28982.5,28970.5,28981.0,854.0,epoch_floor
435046,MNQ,1m,1788340680000,28980.5,28993.0,28978.5,28989.5,956.0,epoch_floor
435047,MNQ,1m,1788340740000,28989.0,28996.0,28986.5,28990.5,824.0,epoch_floor
435048,MNQ,1m,1788340800000,28990.25,28990.25,28976.0,28978.5,980.0,epoch_floor
435049,MNQ,1m,1788340860000,28978.5,28982.75,28971.0,28971.25,927.0,epoch_floor
435050,MNQ,1m,1788340920000,28972.0,28972.0,28963.25,28965.5,970.0,epoch_floor
435051,MNQ,1m,1788340980000,28964.5,28966.5,28956.75,28958.75,916.0,epoch_floor
435052,MNQ,1m,1788341040000,28958.5,28969.75,28957.0,28968.25,794.0,epoch_floor
435053,MNQ,1m,1788341100000,28968.0,28970.5,28964.75,28964.75,500.0,epoch_floor
435054,MNQ,1m,1788341160000,28965.0,28974.5,28960.5,28971.75,924.0,epoch_floor
435055,MNQ,1m,1788341220000,28971.25,28982.25,28971.0,28975.25,911.0,epoch_floor
435056,MNQ,1m,1788341280000,28975.25,28978.25,28974.0,28975.5,348.0,epoch_floor
435057,MNQ,1m,1788341340000,28975.0,28979.75,28974.5,28978.25,287.0,epoch_floor
435058,MNQ,1m,1788341400000,28978.25,28981.25,28974.75,28976.5,567.0,epoch_floor
435059,MNQ,1m,1788341460000,28976.25,28980.25,28957.75,28961.25,1126.0,epoch_floor
435060,MNQ,1m,1788341520000,28962.0,28963.0,28958.75,28958.75,499.0,epoch_floor
435061,MNQ,1m,1788341580000,28959.0,28959.0,28949.0,28953.5,2062.0,epoch_floor
435062,MNQ,1m,1788341640000,28953.0,28957.0,28950.0,28954.75,662.0,epoch_floor
435063,MNQ,1m,1788341700000,28953.75,28954.75,28947.75,28949.75,689.0,epoch_floor
435064,MNQ,1m,1788341760000,28949.5,28950.25,28940.75,28947.0,1519.0,epoch_floor
435065,MNQ,1m,1788341820000,28946.25,28953.25,28945.0,28949.75,746.0,epoch_floor
435066,MNQ,1m,1788341880000,28949.75,28958.5,28945.75,28949.75,868.0,epoch_floor
435067,MNQ,1m,1788341940000,28950.0,28955.25,28947.5,28949.0,437.0,epoch_floor
435068,MNQ,1m,1788342000000,28949.75,28955.0,28946.75,28951.5,438.0,epoch_floor
435069,MNQ,1m,1788342060000,28952.0,28957.75,28952.0,28957.75,358.0,epoch_floor
435070,MNQ,1m,1788342120000,28957.25,28958.75,28949.0,28949.0,635.0,epoch_floor
435071,MNQ,1m,1788342180000,28948.75,28954.5,28948.5,28952.75,318.0,epoch_floor
435072,MNQ,1m,1788342240000,28952.5,28954.0,28946.25,28949.0,463.0,epoch_floor
435073,MNQ,1m,1788342300000,28949.0,28960.0,28949.0,28953.5,699.0,epoch_floor
435074,MNQ,1m,1788342360000,28953.5,28953.5,28947.25,28950.0,443.0,epoch_floor
435075,MNQ,1m,1788342420000,28950.0,28961.5,28949.5,28954.0,640.0,epoch_floor
435076,MNQ,1m,1788342480000,28954.5,28961.0,28954.0,28957.75,558.0,epoch_floor
435077,MNQ,1m,1788342540000,28958.25,28960.75,28954.0,28956.75,394.0,epoch_floor
435078,MNQ,1m,1788342600000,28955.75,28963.0,28955.25,28962.0,407.0,epoch_floor
435079,MNQ,1m,1788342660000,28962.25,28963.0,28952.75,28956.0,554.0,epoch_floor
435080,MNQ,1m,1788342720000,28956.0,28962.25,28955.5,28959.0,403.0,epoch_floor
435081,MNQ,1m,1788342780000,28958.75,28967.0,28958.25,28964.5,386.0,epoch_floor
435082,MNQ,1m,1788342840000,28964.0,28964.0,28955.5,28958.25,448.0,epoch_floor
435083,MNQ,1m,1788342900000,28958.75,28962.5,28957.75,28960.0,341.0,epoch_floor
435084,MNQ,1m,1788342960000,28960.5,28973.0,28960.5,28967.75,1083.0,epoch_floor
435085,MNQ,1m,1788343020000,28968.0,28973.0,28966.5,28970.25,462.0,epoch_floor
435086,MNQ,1m,1788343080000,28970.5,28973.25,28966.0,28968.75,450.0,epoch_floor
435087,MNQ,1m,1788343140000,28969.0,28975.0,28969.0,28973.25,399.0,epoch_floor
435088,MNQ,1m,1788343200000,28973.25,28977.0,28970.75,28971.25,546.0,epoch_floor
435089,MNQ,1m,1788343260000,28970.75,28979.75,28962.75,28967.25,1130.0,epoch_floor
435090,MNQ,1m,1788343320000,28967.0,28967.75,28952.25,28955.25,982.0,epoch_floor
435091,MNQ,1m,1788343380000,28954.75,28956.5,28951.0,28954.25,592.0,epoch_floor
435092,MNQ,1m,1788343440000,28954.0,28955.0,28949.75,28949.75,467.0,epoch_floor
435093,MNQ,1m,1788343500000,28949.75,28954.75,28947.25,28950.75,604.0,epoch_floor
435094,MNQ,1m,1788343560000,28951.0,28954.75,28948.25,28953.5,413.0,epoch_floor
435095,MNQ,1m,1788343620000,28953.5,28958.75,28953.5,28955.5,571.0,epoch_floor
435096,MNQ,1m,1788343680000,28954.75,28958.25,28952.25,28954.0,391.0,epoch_floor
435097,MNQ,1m,1788343740000,28954.0,28960.5,28952.5,28952.75,370.0,epoch_floor
435098,MNQ,1m,1788343800000,28953.25,28957.75,28951.5,28954.0,309.0,epoch_floor
435099,MNQ,1m,1788343860000,28954.0,28964.0,28953.5,28959.5,514.0,epoch_floor
435100,MNQ,1m,1788343920000,28959.75,28960.0,28952.75,28959.25,363.0,epoch_floor
435101,MNQ,1m,1788343980000,28959.25,28975.25,28955.25,28973.75,992.0,epoch_floor
435102,MNQ,1m,1788344040000,28973.5,28978.75,28972.25,28978.75,588.0,epoch_floor
435103,MNQ,1m,1788344100000,28978.75,28983.0,28975.25,28981.25,968.0,epoch_floor
435104,MNQ,1m,1788344160000,28981.5,28981.75,28971.0,28979.25,582.0,epoch_floor
435105,MNQ,1m,1788344220000,28979.5,28981.5,28977.0,28981.0,371.0,epoch_floor
435106,MNQ,1m,1788344280000,28982.0,28982.0,28975.25,28975.5,215.0,epoch_floor
435107,MNQ,1m,1788344340000,28975.5,28979.25,28973.75,28976.75,326.0,epoch_floor
435108,MNQ,1m,1788344400000,28977.0,28980.5,28975.75,28978.5,256.0,epoch_floor
435109,MNQ,1m,1788344460000,28979.0,28983.0,28976.5,28980.75,480.0,epoch_floor
435110,MNQ,1m,1788344520000,28980.75,28984.5,28977.0,28979.75,437.0,epoch_floor
435111,MNQ,1m,1788344580000,28980.0,28981.25,28972.75,28973.5,313.0,epoch_floor
435112,MNQ,1m,1788344640000,28974.0,28978.0,28970.75,28976.25,446.0,epoch_floor
435113,MNQ,1m,1788344700000,28976.25,28988.75,28976.25,28986.75,671.0,epoch_floor
435114,MNQ,1m,1788344760000,28986.0,28995.5,28979.0,28988.25,1541.0,epoch_floor
435115,MNQ,1m,1788344820000,28988.75,28991.25,28986.5,28990.0,367.0,epoch_floor
435116,MNQ,1m,1788344880000,28990.5,28992.25,28986.75,28987.5,396.0,epoch_floor
435117,MNQ,1m,1788344940000,28987.0,28987.5,28979.75,28986.25,436.0,epoch_floor
435118,MNQ,1m,1788345000000,28985.5,28989.25,28980.0,28983.5,564.0,epoch_floor
435119,MNQ,1m,1788345060000,28984.75,28985.5,28967.75,28968.5,972.0,epoch_floor
435120,MNQ,1m,1788345120000,28967.75,28976.5,28964.0,28968.5,758.0,epoch_floor
435121,MNQ,1m,1788345180000,28969.5,28978.75,28967.75,28977.0,397.0,epoch_floor
435122,MNQ,1m,1788345240000,28977.5,28978.0,28974.5,28974.75,212.0,epoch_floor
435123,MNQ,1m,1788345300000,28975.25,28982.5,28975.0,28977.25,400.0,epoch_floor
435124,MNQ,1m,1788345360000,28977.25,28981.0,28974.5,28977.5,334.0,epoch_floor
435125,MNQ,1m,1788345420000,28978.0,28979.25,28972.75,28975.5,430.0,epoch_floor
435126,MNQ,1m,1788345480000,28974.5,28975.0,28964.25,28966.75,421.0,epoch_floor
435127,MNQ,1m,1788345540000,28966.75,28968.25,28962.5,28965.0,433.0,epoch_floor
435128,MNQ,1m,1788345600000,28965.75,28968.25,28964.5,28966.75,276.0,epoch_floor
435129,MNQ,1m,1788345660000,28966.25,28966.5,28961.0,28962.25,325.0,epoch_floor
435130,MNQ,1m,1788345720000,28963.5,28970.0,28963.25,28965.75,381.0,epoch_floor
435131,MNQ,1m,1788345780000,28965.75,28966.5,28962.5,28963.5,199.0,epoch_floor
435132,MNQ,1m,1788345840000,28964.5,28968.25,28964.0,28966.5,221.0,epoch_floor
435133,MNQ,1m,1788345900000,28966.25,28971.75,28963.75,28967.5,490.0,epoch_floor
435134,MNQ,1m,1788345960000,28967.25,28968.25,28961.75,28962.75,285.0,epoch_floor
435135,MNQ,1m,1788346020000,28962.75,28969.5,28962.5,28969.0,238.0,epoch_floor
435136,MNQ,1m,1788346080000,28968.5,28974.25,28965.75,28973.0,430.0,epoch_floor
435137,MNQ,1m,1788346140000,28972.75,28978.75,28972.5,28978.0,383.0,epoch_floor
435138,MNQ,1m,1788346200000,28977.5,28978.0,28972.5,28973.75,250.0,epoch_floor
435139,MNQ,1m,1788346260000,28973.75,28974.5,28964.25,28970.0,395.0,epoch_floor
435140,MNQ,1m,1788346320000,28969.5,28969.5,28957.75,28961.0,706.0,epoch_floor
435141,MNQ,1m,1788346380000,28960.5,28969.75,28959.75,28968.75,332.0,epoch_floor
435142,MNQ,1m,1788346440000,28968.5,28975.0,28968.0,28972.75,437.0,epoch_floor
435143,MNQ,1m,1788346500000,28973.25,28976.75,28968.5,28972.25,279.0,epoch_floor
435144,MNQ,1m,1788346560000,28972.0,28976.75,28969.25,28970.0,290.0,epoch_floor
435145,MNQ,1m,1788346620000,28971.0,28978.0,28970.5,28977.25,356.0,epoch_floor
435146,MNQ,1m,1788346680000,28976.75,28978.25,28974.5,28975.25,210.0,epoch_floor
435147,MNQ,1m,1788346740000,28974.5,28988.25,28973.75,28987.0,1036.0,epoch_floor
435148,MNQ,1m,1788346800000,28987.25,28989.5,28952.5,28952.5,2202.0,epoch_floor
435149,MNQ,1m,1788346860000,28953.0,28954.5,28941.25,28943.0,1553.0,epoch_floor
435150,MNQ,1m,1788346920000,28942.75,28947.75,28935.25,28937.5,1914.0,epoch_floor
435151,MNQ,1m,1788346980000,28937.0,28939.75,28927.25,28933.75,1897.0,epoch_floor
435152,MNQ,1m,1788347040000,28933.0,28937.5,28932.75,28936.75,653.0,epoch_floor
435153,MNQ,1m,1788347100000,28935.75,28939.5,28932.5,28937.25,743.0,epoch_floor
435154,MNQ,1m,1788347160000,28937.0,28937.0,28927.25,28933.75,1172.0,epoch_floor
435155,MNQ,1m,1788347220000,28933.75,28954.0,28929.0,28953.0,1670.0,epoch_floor
435156,MNQ,1m,1788347280000,28952.75,28969.0,28948.5,28966.0,1806.0,epoch_floor
435157,MNQ,1m,1788347340000,28966.5,28993.0,28964.5,28980.25,2241.0,epoch_floor
435158,MNQ,1m,1788347400000,28979.75,28988.75,28969.0,28985.25,1543.0,epoch_floor
435159,MNQ,1m,1788347460000,28985.25,28990.0,28976.5,28982.0,1020.0,epoch_floor
435160,MNQ,1m,1788347520000,28982.25,28993.25,28980.25,28989.25,750.0,epoch_floor
435161,MNQ,1m,1788347580000,28988.5,28988.5,28982.5,28985.25,513.0,epoch_floor
435162,MNQ,1m,1788347640000,28986.5,29021.25,28983.75,29014.75,4372.0,epoch_floor
435163,MNQ,1m,1788347700000,29014.25,29027.25,29007.75,29013.5,2848.0,epoch_floor
435164,MNQ,1m,1788347760000,29013.75,29023.5,29011.75,29017.75,1362.0,epoch_floor
435165,MNQ,1m,1788347820000,29015.75,29017.0,29005.5,29006.75,1170.0,epoch_floor
435166,MNQ,1m,1788347880000,29006.5,29008.0,28995.0,28998.0,1201.0,epoch_floor
435167,MNQ,1m,1788347940000,28998.75,29011.25,28995.75,29008.25,1363.0,epoch_floor
435168,MNQ,1m,1788348000000,29008.25,29012.75,29001.5,29005.25,796.0,epoch_floor
435169,MNQ,1m,1788348060000,29004.5,29006.75,29002.5,29006.25,358.0,epoch_floor
435170,MNQ,1m,1788348120000,29005.5,29009.25,29004.0,29008.5,411.0,epoch_floor
435171,MNQ,1m,1788348180000,29008.75,29017.5,29001.0,29016.0,997.0,epoch_floor
435172,MNQ,1m,1788348240000,29015.75,29016.25,29010.25,29015.25,476.0,epoch_floor
435173,MNQ,1m,1788348300000,29015.25,29018.5,29011.5,29014.5,633.0,epoch_floor
435174,MNQ,1m,1788348360000,29013.75,29021.5,29012.5,29018.5,646.0,epoch_floor
435175,MNQ,1m,1788348420000,29018.75,29034.0,29018.75,29033.25,1268.0,epoch_floor
435176,MNQ,1m,1788348480000,29033.25,29036.0,29031.25,29031.75,896.0,epoch_floor
435177,MNQ,1m,1788348540000,29031.75,29032.75,29020.5,29022.5,834.0,epoch_floor
435178,MNQ,1m,1788348600000,29023.5,29031.0,29022.5,29029.25,453.0,epoch_floor
435179,MNQ,1m,1788348660000,29029.0,29029.5,29018.25,29022.0,660.0,epoch_floor
435180,MNQ,1m,1788348720000,29022.5,29038.25,29020.5,29036.25,851.0,epoch_floor
435181,MNQ,1m,1788348780000,29035.5,29045.5,29032.25,29045.5,1132.0,epoch_floor
435182,MNQ,1m,1788348840000,29045.0,29053.25,29040.5,29051.75,1371.0,epoch_floor
435183,MNQ,1m,1788348900000,29052.0,29058.75,29048.75,29056.75,1262.0,epoch_floor
435184,MNQ,1m,1788348960000,29056.75,29057.25,29046.5,29049.0,942.0,epoch_floor
435185,MNQ,1m,1788349020000,29048.75,29050.0,29045.0,29047.0,632.0,epoch_floor
435186,MNQ,1m,1788349080000,29047.5,29059.75,29045.75,29052.75,955.0,epoch_floor
435187,MNQ,1m,1788349140000,29052.5,29054.75,29049.75,29050.5,479.0,epoch_floor
435188,MNQ,1m,1788349200000,29050.25,29052.0,29041.0,29047.25,909.0,epoch_floor
435189,MNQ,1m,1788349260000,29047.25,29047.75,29034.0,29034.75,900.0,epoch_floor
435190,MNQ,1m,1788349320000,29035.25,29041.0,29032.75,29035.0,918.0,epoch_floor
435191,MNQ,1m,1788349380000,29034.75,29038.75,29027.0,29030.75,1395.0,epoch_floor
435192,MNQ,1m,1788349440000,29030.75,29030.75,29027.5,29029.5,533.0,epoch_floor
435193,MNQ,1m,1788349500000,29029.75,29036.0,29026.0,29033.25,816.0,epoch_floor
435194,MNQ,1m,1788349560000,29034.0,29035.25,29023.0,29034.25,888.0,epoch_floor
435195,MNQ,1m,1788349620000,29033.75,29034.25,29028.25,29030.25,482.0,epoch_floor
435196,MNQ,1m,1788349680000,29031.0,29033.25,29026.25,29026.75,406.0,epoch_floor
435197,MNQ,1m,1788349740000,29027.75,29029.0,29024.5,29025.25,511.0,epoch_floor
435198,MNQ,1m,1788349800000,29025.5,29030.0,29024.5,29027.25,412.0,epoch_floor
435199,MNQ,1m,1788349860000,29027.5,29029.75,29022.25,29024.0,504.0,epoch_floor
435200,MNQ,1m,1788349920000,29024.5,29034.0,29022.5,29031.25,802.0,epoch_floor
435201,MNQ,1m,1788349980000,29031.0,29036.5,29030.75,29032.5,555.0,epoch_floor
435202,MNQ,1m,1788350040000,29031.75,29048.0,29029.0,29039.75,1477.0,epoch_floor
435203,MNQ,1m,1788350100000,29039.75,29046.5,29036.75,29045.5,799.0,epoch_floor
435204,MNQ,1m,1788350160000,29045.0,29048.5,29040.5,29045.0,951.0,epoch_floor
435205,MNQ,1m,1788350220000,29045.0,29058.5,29044.0,29056.75,1257.0,epoch_floor
435206,MNQ,1m,1788350280000,29056.75,29068.0,29055.25,29067.75,1594.0,epoch_floor
435207,MNQ,1m,1788350340000,29067.5,29085.25,29066.0,29083.75,2033.0,epoch_floor
435208,MNQ,1m,1788350400000,29083.25,29084.5,29073.75,29080.25,2199.0,epoch_floor
435209,MNQ,1m,1788350460000,29079.75,29085.25,29077.75,29079.25,1049.0,epoch_floor
435210,MNQ,1m,1788350520000,29079.25,29080.5,29074.5,29076.25,1093.0,epoch_floor
435211,MNQ,1m,1788350580000,29078.0,29083.25,29076.25,29082.0,778.0,epoch_floor
435212,MNQ,1m,1788350640000,29081.75,29089.25,29079.75,29086.75,1135.0,epoch_floor
435213,MNQ,1m,1788350700000,29086.25,29106.25,29086.0,29104.0,2477.0,epoch_floor
435214,MNQ,1m,1788350760000,29104.25,29108.25,29097.5,29105.5,1475.0,epoch_floor
435215,MNQ,1m,1788350820000,29104.75,29106.25,29101.0,29104.25,981.0,epoch_floor
435216,MNQ,1m,1788350880000,29104.5,29107.0,29102.5,29104.0,743.0,epoch_floor
435217,MNQ,1m,1788350940000,29104.25,29105.75,29089.5,29091.25,1413.0,epoch_floor
435218,MNQ,1m,1788351000000,29091.25,29092.75,29080.75,29090.25,1779.0,epoch_floor
435219,MNQ,1m,1788351060000,29090.75,29096.5,29085.75,29091.5,1050.0,epoch_floor
435220,MNQ,1m,1788351120000,29091.75,29100.25,29086.5,29091.25,833.0,epoch_floor
435221,MNQ,1m,1788351180000,29091.75,29108.0,29091.75,29103.0,916.0,epoch_floor
435222,MNQ,1m,1788351240000,29102.5,29124.0,29102.25,29123.75,1649.0,epoch_floor
435223,MNQ,1m,1788351300000,29120.75,29124.0,29098.75,29102.0,1623.0,epoch_floor
435224,MNQ,1m,1788351360000,29102.0,29103.75,29095.0,29101.0,1092.0,epoch_floor
435225,MNQ,1m,1788351420000,29101.25,29108.25,29100.25,29102.0,581.0,epoch_floor
435226,MNQ,1m,1788351480000,29101.75,29111.5,29098.0,29107.0,994.0,epoch_floor
435227,MNQ,1m,1788351540000,29107.0,29108.0,29097.0,29099.25,945.0,epoch_floor
435228,MNQ,1m,1788351600000,29098.75,29140.25,29094.5,29137.75,4271.0,epoch_floor
435229,MNQ,1m,1788351660000,29137.75,29149.25,29127.75,29131.5,4613.0,epoch_floor
435230,MNQ,1m,1788351720000,29131.75,29132.75,29121.5,29121.5,1868.0,epoch_floor
435231,MNQ,1m,1788351780000,29121.5,29136.25,29110.5,29116.75,1903.0,epoch_floor
435232,MNQ,1m,1788351840000,29116.25,29128.5,29116.25,29128.25,1122.0,epoch_floor
435233,MNQ,1m,1788351900000,29126.75,29135.75,29117.25,29117.5,2245.0,epoch_floor
435234,MNQ,1m,1788351960000,29118.75,29120.0,29112.25,29113.5,992.0,epoch_floor
435235,MNQ,1m,1788352020000,29113.75,29115.75,29105.0,29108.0,1032.0,epoch_floor
435236,MNQ,1m,1788352080000,29107.75,29112.75,29105.25,29110.5,808.0,epoch_floor
435237,MNQ,1m,1788352140000,29110.5,29113.75,29103.25,29107.75,999.0,epoch_floor
435238,MNQ,1m,1788352200000,29107.5,29110.75,29100.25,29101.0,1007.0,epoch_floor
435239,MNQ,1m,1788352260000,29101.0,29103.25,29095.25,29095.25,1533.0,epoch_floor
435240,MNQ,1m,1788352320000,29095.0,29097.0,29085.25,29088.25,1608.0,epoch_floor
435241,MNQ,1m,1788352380000,29088.75,29092.75,29085.25,29086.0,983.0,epoch_floor
435242,MNQ,1m,1788352440000,29085.75,29091.0,29079.25,29087.25,1524.0,epoch_floor
435243,MNQ,1m,1788352500000,29087.0,29090.75,29086.25,29086.75,675.0,epoch_floor
435244,MNQ,1m,1788352560000,29087.25,29091.5,29085.0,29087.25,651.0,epoch_floor
435245,MNQ,1m,1788352620000,29087.0,29087.75,29079.25,29081.0,947.0,epoch_floor
435246,MNQ,1m,1788352680000,29080.75,29083.0,29068.5,29070.0,2014.0,epoch_floor
435247,MNQ,1m,1788352740000,29069.75,29079.25,29067.0,29078.25,1223.0,epoch_floor
435248,MNQ,1m,1788352800000,29077.75,29086.0,29073.5,29080.25,1212.0,epoch_floor
435249,MNQ,1m,1788352860000,29080.75,29083.25,29076.75,29081.5,632.0,epoch_floor
435250,MNQ,1m,1788352920000,29080.75,29081.25,29071.5,29072.25,708.0,epoch_floor
435251,MNQ,1m,1788352980000,29072.0,29074.75,29068.75,29071.25,791.0,epoch_floor
435252,MNQ,1m,1788353040000,29071.5,29073.25,29067.5,29069.75,537.0,epoch_floor
435253,MNQ,1m,1788353100000,29069.25,29071.75,29063.5,29067.75,1017.0,epoch_floor
435254,MNQ,1m,1788353160000,29067.25,29069.25,29059.5,29061.0,1241.0,epoch_floor
435255,MNQ,1m,1788353220000,29061.5,29067.5,29056.75,29067.25,1390.0,epoch_floor
435256,MNQ,1m,1788353280000,29067.5,29067.5,29060.0,29061.25,701.0,epoch_floor
435257,MNQ,1m,1788353340000,29061.25,29062.5,29054.75,29056.5,1052.0,epoch_floor
435258,MNQ,1m,1788353400000,29056.25,29058.75,29053.5,29058.25,805.0,epoch_floor
435259,MNQ,1m,1788353460000,29058.5,29058.5,29048.0,29050.25,1209.0,epoch_floor
435260,MNQ,1m,1788353520000,29050.25,29052.25,29041.5,29044.5,1347.0,epoch_floor
435261,MNQ,1m,1788353580000,29044.25,29046.0,29039.0,29043.25,1512.0,epoch_floor
435262,MNQ,1m,1788353640000,29043.5,29047.0,29041.5,29042.25,920.0,epoch_floor
435263,MNQ,1m,1788353700000,29042.75,29044.25,29037.0,29039.25,1499.0,epoch_floor
435264,MNQ,1m,1788353760000,29040.0,29042.75,29034.5,29039.75,1479.0,epoch_floor
435265,MNQ,1m,1788353820000,29039.25,29040.25,29036.25,29039.5,778.0,epoch_floor
435266,MNQ,1m,1788353880000,29039.75,29041.25,29034.75,29035.0,876.0,epoch_floor
435267,MNQ,1m,1788353940000,29034.75,29041.5,29033.0,29040.0,826.0,epoch_floor
435268,MNQ,1m,1788354000000,29040.25,29055.0,29037.75,29047.0,3164.0,epoch_floor
435269,MNQ,1m,1788354060000,29047.25,29050.0,29044.25,29048.25,1156.0,epoch_floor
435270,MNQ,1m,1788354120000,29047.75,29060.25,29047.75,29056.0,1798.0,epoch_floor
435271,MNQ,1m,1788354180000,29055.75,29058.5,29052.0,29052.5,1130.0,epoch_floor
435272,MNQ,1m,1788354240000,29052.75,29058.0,29052.0,29054.0,858.0,epoch_floor
435273,MNQ,1m,1788354300000,29054.0,29061.0,29050.0,29058.0,1692.0,epoch_floor
435274,MNQ,1m,1788354360000,29058.5,29066.5,29055.0,29063.75,1521.0,epoch_floor
435275,MNQ,1m,1788354420000,29064.0,29066.0,29061.0,29061.75,640.0,epoch_floor
435276,MNQ,1m,1788354480000,29061.75,29067.0,29061.25,29066.75,753.0,epoch_floor
435277,MNQ,1m,1788354540000,29066.5,29070.0,29061.75,29062.75,950.0,epoch_floor
435278,MNQ,1m,1788354600000,29062.0,29066.25,29059.5,29061.25,796.0,epoch_floor
435279,MNQ,1m,1788354660000,29061.25,29066.75,29060.75,29062.75,750.0,epoch_floor
435280,MNQ,1m,1788354720000,29063.0,29064.0,29059.25,29063.5,440.0,epoch_floor
435281,MNQ,1m,1788354780000,29064.0,29070.25,29061.25,29068.0,1106.0,epoch_floor
435282,MNQ,1m,1788354840000,29067.75,29070.75,29066.25,29067.75,758.0,epoch_floor
435283,MNQ,1m,1788354900000,29067.75,29072.5,29062.75,29068.75,766.0,epoch_floor
435284,MNQ,1m,1788354960000,29068.25,29074.5,29066.25,29071.75,947.0,epoch_floor
435285,MNQ,1m,1788355020000,29071.5,29073.5,29068.0,29072.25,622.0,epoch_floor
435286,MNQ,1m,1788355080000,29072.0,29079.75,29071.25,29078.25,1175.0,epoch_floor
435287,MNQ,1m,1788355140000,29078.5,29080.75,29074.0,29075.25,922.0,epoch_floor
435288,MNQ,1m,1788355200000,29075.5,29080.5,29072.0,29073.25,1210.0,epoch_floor
435289,MNQ,1m,1788355260000,29073.5,29080.5,29071.75,29078.75,1056.0,epoch_floor
435290,MNQ,1m,1788355320000,29077.5,29086.25,29077.5,29084.0,1555.0,epoch_floor
435291,MNQ,1m,1788355380000,29084.75,29092.0,29083.5,29090.25,1400.0,epoch_floor
435292,MNQ,1m,1788355440000,29090.0,29091.5,29086.0,29089.25,1086.0,epoch_floor
435293,MNQ,1m,1788355500000,29089.25,29090.25,29077.75,29082.0,2436.0,epoch_floor
435294,MNQ,1m,1788355560000,29082.5,29101.5,29081.75,29100.0,2398.0,epoch_floor
435295,MNQ,1m,1788355620000,29100.0,29110.0,29097.5,29110.0,3521.0,epoch_floor
435296,MNQ,1m,1788355680000,29110.0,29115.5,29103.75,29108.25,2686.0,epoch_floor
435297,MNQ,1m,1788355740000,29107.75,29110.5,29095.0,29098.25,2891.0,epoch_floor
435298,MNQ,1m,1788355800000,29098.25,29102.0,29042.75,29065.25,17784.0,epoch_floor
435299,MNQ,1m,1788355860000,29065.5,29083.75,29044.5,29055.5,14892.0,epoch_floor
435300,MNQ,1m,1788355920000,29055.75,29084.75,29052.5,29078.75,10228.0,epoch_floor
435301,MNQ,1m,1788355980000,29079.0,29087.25,29061.25,29072.5,9383.0,epoch_floor
435302,MNQ,1m,1788356040000,29072.75,29087.75,29066.75,29083.5,8815.0,epoch_floor
435303,MNQ,1m,1788356100000,29083.75,29091.0,29057.25,29066.0,10506.0,epoch_floor
435304,MNQ,1m,1788356160000,29065.25,29070.75,29049.5,29051.25,9594.0,epoch_floor
435305,MNQ,1m,1788356220000,29052.0,29061.0,29036.75,29048.5,10900.0,epoch_floor
435306,MNQ,1m,1788356280000,29047.75,29062.0,29039.5,29057.0,6977.0,epoch_floor
435307,MNQ,1m,1788356340000,29056.75,29088.0,29052.75,29087.0,8298.0,epoch_floor
435308,MNQ,1m,1788356400000,29087.0,29109.0,29075.5,29100.0,11827.0,epoch_floor
435309,MNQ,1m,1788356460000,29099.75,29112.5,29091.5,29107.75,8257.0,epoch_floor
435310,MNQ,1m,1788356520000,29107.75,29119.0,29100.75,29110.0,7317.0,epoch_floor
435311,MNQ,1m,1788356580000,29110.0,29110.5,29081.0,29083.0,8697.0,epoch_floor
435312,MNQ,1m,1788356640000,29083.25,29100.0,29082.0,29090.25,4671.0,epoch_floor
435313,MNQ,1m,1788356700000,29090.5,29113.0,29068.75,29079.25,12647.0,epoch_floor
435314,MNQ,1m,1788356760000,29079.5,29083.5,29049.0,29064.5,10964.0,epoch_floor
435315,MNQ,1m,1788356820000,29064.5,29086.75,29061.25,29079.0,7235.0,epoch_floor
435316,MNQ,1m,1788356880000,29078.75,29082.5,29061.75,29064.25,5158.0,epoch_floor
435317,MNQ,1m,1788356940000,29064.25,29065.75,29041.75,29047.75,6946.0,epoch_floor
435318,MNQ,1m,1788357000000,29048.25,29073.5,29048.25,29068.25,7343.0,epoch_floor
435319,MNQ,1m,1788357060000,29068.25,29068.75,29033.75,29037.5,7831.0,epoch_floor
435320,MNQ,1m,1788357120000,29037.25,29057.25,29035.0,29044.5,7435.0,epoch_floor
435321,MNQ,1m,1788357180000,29044.5,29063.75,29040.25,29040.25,6790.0,epoch_floor
435322,MNQ,1m,1788357240000,29041.5,29044.25,29025.0,29029.5,9566.0,epoch_floor
435323,MNQ,1m,1788357300000,29030.0,29034.5,29017.25,29030.75,8945.0,epoch_floor
435324,MNQ,1m,1788357360000,29030.5,29052.0,29025.75,29051.0,8759.0,epoch_floor
435325,MNQ,1m,1788357420000,29051.0,29054.0,29027.25,29027.25,7382.0,epoch_floor
435326,MNQ,1m,1788357480000,29027.75,29043.75,29023.5,29029.5,4051.0,epoch_floor
435327,MNQ,1m,1788357540000,29029.25,29065.75,29028.5,29062.5,6265.0,epoch_floor
435328,MNQ,1m,1788357600000,29062.0,29062.0,29043.75,29057.75,7036.0,epoch_floor
435329,MNQ,1m,1788357660000,29057.25,29068.0,29049.5,29053.0,8137.0,epoch_floor
435330,MNQ,1m,1788357720000,29053.25,29060.0,29032.25,29058.75,10605.0,epoch_floor
435331,MNQ,1m,1788357780000,29058.75,29061.0,29051.5,29054.25,3944.0,epoch_floor
435332,MNQ,1m,1788357840000,29055.75,29084.0,29055.75,29083.25,9771.0,epoch_floor
435333,MNQ,1m,1788357900000,29083.25,29100.5,29080.5,29089.0,8824.0,epoch_floor
435334,MNQ,1m,1788357960000,29089.5,29098.75,29079.5,29097.0,5682.0,epoch_floor
435335,MNQ,1m,1788358020000,29097.25,29109.75,29095.75,29102.75,6358.0,epoch_floor
435336,MNQ,1m,1788358080000,29103.25,29107.0,29088.75,29097.0,5515.0,epoch_floor
435337,MNQ,1m,1788358140000,29097.0,29114.5,29089.75,29096.0,7439.0,epoch_floor
435338,MNQ,1m,1788358200000,29095.5,29122.75,29094.5,29108.0,8920.0,epoch_floor
435339,MNQ,1m,1788358260000,29108.0,29114.0,29102.75,29111.25,4708.0,epoch_floor
435340,MNQ,1m,1788358320000,29111.75,29113.25,29086.75,29099.75,8177.0,epoch_floor
435341,MNQ,1m,1788358380000,29100.25,29117.75,29100.0,29117.25,7048.0,epoch_floor
435342,MNQ,1m,1788358440000,29115.25,29128.25,29114.5,29127.5,7353.0,epoch_floor
435343,MNQ,1m,1788358500000,29127.5,29135.0,29119.25,29131.75,7804.0,epoch_floor
435344,MNQ,1m,1788358560000,29131.75,29143.5,29131.5,29141.5,7307.0,epoch_floor
435345,MNQ,1m,1788358620000,29141.25,29148.75,29136.5,29147.5,5777.0,epoch_floor
435346,MNQ,1m,1788358680000,29147.25,29157.75,29140.25,29151.0,7200.0,epoch_floor
435347,MNQ,1m,1788358740000,29151.25,29162.5,29151.25,29160.5,5938.0,epoch_floor
435348,MNQ,1m,1788358800000,29160.5,29168.0,29148.5,29149.75,6913.0,epoch_floor
435349,MNQ,1m,1788358860000,29149.75,29177.25,29149.5,29175.75,8175.0,epoch_floor
435350,MNQ,1m,1788358920000,29175.5,29183.75,29172.5,29179.5,6756.0,epoch_floor
435351,MNQ,1m,1788358980000,29180.0,29188.5,29172.75,29186.25,6231.0,epoch_floor
435352,MNQ,1m,1788359040000,29186.0,29186.25,29169.25,29173.0,4704.0,epoch_floor
435353,MNQ,1m,1788359100000,29173.25,29178.5,29160.25,29169.0,6350.0,epoch_floor
435354,MNQ,1m,1788359160000,29169.0,29189.5,29167.75,29187.75,5927.0,epoch_floor
435355,MNQ,1m,1788359220000,29188.0,29188.25,29171.75,29177.75,4605.0,epoch_floor
435356,MNQ,1m,1788359280000,29178.5,29187.5,29175.0,29186.0,2978.0,epoch_floor
435357,MNQ,1m,1788359340000,29186.75,29194.0,29181.5,29187.5,4943.0,epoch_floor
435358,MNQ,1m,1788359400000,29187.0,29193.0,29172.25,29175.25,5434.0,epoch_floor
435359,MNQ,1m,1788359460000,29175.0,29191.5,29174.0,29188.25,4767.0,epoch_floor
435360,MNQ,1m,1788359520000,29188.25,29189.5,29176.25,29177.25,3543.0,epoch_floor
435361,MNQ,1m,1788359580000,29177.25,29189.5,29171.5,29188.5,4213.0,epoch_floor
435362,MNQ,1m,1788359640000,29188.0,29206.25,29185.75,29204.75,9121.0,epoch_floor
435363,MNQ,1m,1788359700000,29205.0,29211.75,29197.25,29199.25,7613.0,epoch_floor
435364,MNQ,1m,1788359760000,29199.5,29205.0,29191.0,29199.5,5159.0,epoch_floor
435365,MNQ,1m,1788359820000,29200.0,29203.5,29192.5,29193.0,2828.0,epoch_floor
435366,MNQ,1m,1788359880000,29192.5,29195.0,29173.25,29177.25,7073.0,epoch_floor
435367,MNQ,1m,1788359940000,29177.25,29187.0,29168.25,29186.0,6351.0,epoch_floor
435368,MNQ,1m,1788360000000,29186.0,29197.75,29181.75,29193.75,5769.0,epoch_floor
435369,MNQ,1m,1788360060000,29193.75,29197.5,29178.75,29182.0,3932.0,epoch_floor
435370,MNQ,1m,1788360120000,29181.75,29200.75,29181.5,29186.0,4734.0,epoch_floor
435371,MNQ,1m,1788360180000,29186.0,29196.75,29182.0,29194.5,3199.0,epoch_floor
435372,MNQ,1m,1788360240000,29195.0,29202.75,29192.0,29201.5,3343.0,epoch_floor
435373,MNQ,1m,1788360300000,29201.75,29202.5,29182.5,29183.25,4174.0,epoch_floor
435374,MNQ,1m,1788360360000,29183.0,29185.0,29175.0,29176.0,4211.0,epoch_floor
435375,MNQ,1m,1788360420000,29176.75,29179.5,29171.25,29173.25,3077.0,epoch_floor
435376,MNQ,1m,1788360480000,29173.25,29175.5,29159.0,29160.25,5865.0,epoch_floor
435377,MNQ,1m,1788360540000,29159.75,29162.25,29149.0,29160.5,7309.0,epoch_floor
435378,MNQ,1m,1788360600000,29160.5,29160.5,29140.0,29140.25,7039.0,epoch_floor
435379,MNQ,1m,1788360660000,29140.0,29154.5,29139.5,29151.5,5351.0,epoch_floor
435380,MNQ,1m,1788360720000,29151.25,29153.0,29140.75,29142.5,3621.0,epoch_floor
435381,MNQ,1m,1788360780000,29142.75,29143.75,29128.25,29132.75,6553.0,epoch_floor
435382,MNQ,1m,1788360840000,29132.75,29136.25,29120.25,29129.0,5618.0,epoch_floor
435383,MNQ,1m,1788360900000,29130.25,29140.75,29128.0,29133.0,5062.0,epoch_floor
435384,MNQ,1m,1788360960000,29132.5,29136.25,29122.75,29126.75,4773.0,epoch_floor
435385,MNQ,1m,1788361020000,29126.75,29136.0,29123.0,29135.0,3307.0,epoch_floor
435386,MNQ,1m,1788361080000,29135.25,29137.25,29116.0,29120.75,5394.0,epoch_floor
435387,MNQ,1m,1788361140000,29120.75,29121.75,29111.25,29120.25,4848.0,epoch_floor
435388,MNQ,1m,1788361200000,29120.5,29121.75,29107.75,29110.5,5573.0,epoch_floor
435389,MNQ,1m,1788361260000,29111.0,29118.5,29106.25,29111.25,4656.0,epoch_floor
435390,MNQ,1m,1788361320000,29111.0,29125.0,29110.25,29122.5,5143.0,epoch_floor
435391,MNQ,1m,1788361380000,29122.5,29145.75,29119.75,29144.5,8228.0,epoch_floor
435392,MNQ,1m,1788361440000,29144.75,29148.0,29123.25,29139.5,7526.0,epoch_floor
435393,MNQ,1m,1788361500000,29139.25,29142.5,29127.5,29138.0,4233.0,epoch_floor
435394,MNQ,1m,1788361560000,29138.0,29153.0,29138.0,29151.25,6095.0,epoch_floor
435395,MNQ,1m,1788361620000,29151.0,29153.25,29136.25,29140.25,4062.0,epoch_floor
435396,MNQ,1m,1788361680000,29140.25,29147.25,29138.5,29146.25,2983.0,epoch_floor
435397,MNQ,1m,1788361740000,29146.0,29154.75,29142.25,29153.5,3325.0,epoch_floor
435398,MNQ,1m,1788361800000,29153.75,29154.0,29141.75,29144.75,3632.0,epoch_floor
435399,MNQ,1m,1788361860000,29144.5,29165.75,29140.5,29164.25,5679.0,epoch_floor
435400,MNQ,1m,1788361920000,29164.0,29168.25,29144.0,29145.5,6242.0,epoch_floor
435401,MNQ,1m,1788361980000,29145.75,29154.5,29141.0,29142.25,4806.0,epoch_floor
435402,MNQ,1m,1788362040000,29142.75,29161.75,29142.75,29158.25,3592.0,epoch_floor
435403,MNQ,1m,1788362100000,29158.0,29170.75,29151.25,29170.0,4677.0,epoch_floor
435404,MNQ,1m,1788362160000,29170.0,29173.0,29163.75,29170.5,3617.0,epoch_floor
435405,MNQ,1m,1788362220000,29170.5,29176.5,29167.75,29174.25,2961.0,epoch_floor
435406,MNQ,1m,1788362280000,29174.25,29182.5,29170.5,29181.0,3738.0,epoch_floor
435407,MNQ,1m,1788362340000,29181.25,29189.5,29181.0,29183.75,4396.0,epoch_floor
435408,MNQ,1m,1788362400000,29184.0,29188.0,29181.0,29185.0,2829.0,epoch_floor
435409,MNQ,1m,1788362460000,29185.25,29187.5,29172.5,29175.25,3816.0,epoch_floor
435410,MNQ,1m,1788362520000,29175.25,29184.25,29173.5,29181.75,2498.0,epoch_floor
435411,MNQ,1m,1788362580000,29181.5,29181.75,29168.25,29171.0,3849.0,epoch_floor
435412,MNQ,1m,1788362640000,29170.25,29182.25,29168.25,29178.25,2445.0,epoch_floor
435413,MNQ,1m,1788362700000,29178.5,29196.5,29177.5,29194.0,4467.0,epoch_floor
435414,MNQ,1m,1788362760000,29194.25,29195.0,29187.75,29190.25,2283.0,epoch_floor
435415,MNQ,1m,1788362820000,29190.0,29192.75,29184.75,29191.75,2199.0,epoch_floor
435416,MNQ,1m,1788362880000,29192.25,29208.0,29191.75,29200.25,6422.0,epoch_floor
435417,MNQ,1m,1788362940000,29200.75,29207.0,29198.5,29204.75,3058.0,epoch_floor
435418,MNQ,1m,1788363000000,29205.0,29208.5,29192.75,29193.25,4199.0,epoch_floor
435419,MNQ,1m,1788363060000,29193.25,29203.0,29191.5,29202.75,2850.0,epoch_floor
435420,MNQ,1m,1788363120000,29202.25,29202.75,29195.0,29199.75,2146.0,epoch_floor
435421,MNQ,1m,1788363180000,29199.75,29200.5,29189.0,29197.0,2544.0,epoch_floor
435422,MNQ,1m,1788363240000,29196.5,29197.5,29190.0,29192.0,2165.0,epoch_floor
435423,MNQ,1m,1788363300000,29192.0,29193.75,29176.75,29187.5,5354.0,epoch_floor
435424,MNQ,1m,1788363360000,29187.0,29202.5,29186.0,29200.0,4032.0,epoch_floor
435425,MNQ,1m,1788363420000,29200.0,29200.0,29191.25,29193.5,2371.0,epoch_floor
435426,MNQ,1m,1788363480000,29193.25,29194.25,29185.25,29185.5,2386.0,epoch_floor
435427,MNQ,1m,1788363540000,29185.5,29188.5,29171.5,29178.75,4341.0,epoch_floor
435428,MNQ,1m,1788363600000,29178.5,29188.5,29175.75,29178.5,3598.0,epoch_floor
435429,MNQ,1m,1788363660000,29179.0,29186.0,29176.25,29182.25,2376.0,epoch_floor
435430,MNQ,1m,1788363720000,29182.0,29183.5,29174.5,29176.75,2121.0,epoch_floor
435431,MNQ,1m,1788363780000,29176.75,29186.25,29173.75,29178.75,2347.0,epoch_floor
435432,MNQ,1m,1788363840000,29178.75,29187.75,29178.75,29182.25,1887.0,epoch_floor
435433,MNQ,1m,1788363900000,29182.25,29184.75,29155.75,29158.25,6701.0,epoch_floor
435434,MNQ,1m,1788363960000,29157.75,29167.75,29155.5,29166.5,3758.0,epoch_floor
435435,MNQ,1m,1788364020000,29166.5,29168.25,29157.0,29159.5,2371.0,epoch_floor
435436,MNQ,1m,1788364080000,29160.0,29161.0,29148.75,29151.25,4013.0,epoch_floor
435437,MNQ,1m,1788364140000,29151.0,29154.75,29141.0,29143.0,3333.0,epoch_floor
435438,MNQ,1m,1788364200000,29142.75,29149.5,29135.75,29139.75,4516.0,epoch_floor
435439,MNQ,1m,1788364260000,29139.5,29154.25,29136.0,29154.0,3937.0,epoch_floor
435440,MNQ,1m,1788364320000,29153.25,29166.25,29148.75,29163.0,4084.0,epoch_floor
435441,MNQ,1m,1788364380000,29163.0,29165.75,29146.0,29149.0,3423.0,epoch_floor
435442,MNQ,1m,1788364440000,29149.5,29152.5,29145.5,29151.0,2078.0,epoch_floor
435443,MNQ,1m,1788364500000,29151.0,29156.5,29146.25,29149.25,2686.0,epoch_floor
435444,MNQ,1m,1788364560000,29149.5,29152.0,29140.75,29144.0,2140.0,epoch_floor
435445,MNQ,1m,1788364620000,29144.25,29156.25,29143.0,29152.75,2466.0,epoch_floor
435446,MNQ,1m,1788364680000,29152.5,29183.75,29152.5,29183.25,6202.0,epoch_floor
435447,MNQ,1m,1788364740000,29182.75,29191.0,29180.0,29184.5,3731.0,epoch_floor
435448,MNQ,1m,1788364800000,29184.75,29188.0,29177.75,29186.0,3653.0,epoch_floor
435449,MNQ,1m,1788364860000,29185.5,29188.75,29178.5,29180.75,2074.0,epoch_floor
435450,MNQ,1m,1788364920000,29181.25,29185.75,29176.25,29177.75,2384.0,epoch_floor
435451,MNQ,1m,1788364980000,29178.0,29185.75,29173.5,29183.75,2675.0,epoch_floor
435452,MNQ,1m,1788365040000,29184.25,29197.25,29182.0,29195.5,3425.0,epoch_floor
435453,MNQ,1m,1788365100000,29195.5,29198.0,29185.0,29189.0,3159.0,epoch_floor
435454,MNQ,1m,1788365160000,29188.5,29194.25,29183.75,29193.75,2034.0,epoch_floor
435455,MNQ,1m,1788365220000,29193.75,29198.0,29191.0,29193.75,1596.0,epoch_floor
435456,MNQ,1m,1788365280000,29194.0,29196.5,29188.5,29193.75,1585.0,epoch_floor
435457,MNQ,1m,1788365340000,29194.5,29195.5,29184.25,29188.25,1484.0,epoch_floor
435458,MNQ,1m,1788365400000,29188.25,29195.25,29184.75,29193.0,1587.0,epoch_floor
435459,MNQ,1m,1788365460000,29193.0,29195.0,29184.75,29186.5,1465.0,epoch_floor
435460,MNQ,1m,1788365520000,29186.5,29190.75,29184.0,29188.25,1699.0,epoch_floor
435461,MNQ,1m,1788365580000,29188.75,29194.5,29184.0,29186.75,2213.0,epoch_floor
435462,MNQ,1m,1788365640000,29186.25,29194.0,29182.0,29186.25,1870.0,epoch_floor
435463,MNQ,1m,1788365700000,29186.5,29186.75,29172.0,29173.25,3400.0,epoch_floor
435464,MNQ,1m,1788365760000,29173.75,29178.25,29165.0,29166.0,2763.0,epoch_floor
435465,MNQ,1m,1788365820000,29166.25,29170.75,29161.5,29162.25,2915.0,epoch_floor
435466,MNQ,1m,1788365880000,29162.0,29166.5,29159.5,29164.0,2314.0,epoch_floor
435467,MNQ,1m,1788365940000,29164.25,29173.25,29164.25,29170.25,2208.0,epoch_floor
435468,MNQ,1m,1788366000000,29170.25,29176.25,29168.25,29172.0,2196.0,epoch_floor
435469,MNQ,1m,1788366060000,29172.25,29172.25,29165.0,29170.0,1540.0,epoch_floor
435470,MNQ,1m,1788366120000,29169.25,29171.25,29163.5,29166.75,1280.0,epoch_floor
435471,MNQ,1m,1788366180000,29167.25,29170.0,29159.75,29161.0,1727.0,epoch_floor
435472,MNQ,1m,1788366240000,29161.0,29167.25,29157.25,29160.0,2503.0,epoch_floor
435473,MNQ,1m,1788366300000,29160.75,29167.75,29159.25,29159.5,1687.0,epoch_floor
435474,MNQ,1m,1788366360000,29159.75,29165.0,29151.0,29151.5,2555.0,epoch_floor
435475,MNQ,1m,1788366420000,29151.75,29155.75,29145.5,29147.25,2999.0,epoch_floor
435476,MNQ,1m,1788366480000,29147.5,29153.5,29147.25,29151.75,1461.0,epoch_floor
435477,MNQ,1m,1788366540000,29152.5,29155.0,29142.25,29152.25,2313.0,epoch_floor
435478,MNQ,1m,1788366600000,29151.75,29156.5,29149.25,29151.25,2913.0,epoch_floor
435479,MNQ,1m,1788366660000,29151.0,29169.5,29150.25,29169.0,4341.0,epoch_floor
435480,MNQ,1m,1788366720000,29168.5,29175.75,29161.75,29166.75,4276.0,epoch_floor
435481,MNQ,1m,1788366780000,29166.5,29169.0,29155.5,29156.0,2920.0,epoch_floor
435482,MNQ,1m,1788366840000,29156.0,29168.5,29155.75,29161.0,2590.0,epoch_floor
435483,MNQ,1m,1788366900000,29161.5,29169.75,29161.0,29165.0,1795.0,epoch_floor
435484,MNQ,1m,1788366960000,29165.75,29172.25,29160.5,29163.5,2040.0,epoch_floor
435485,MNQ,1m,1788367020000,29163.0,29173.25,29157.0,29170.5,2488.0,epoch_floor
435486,MNQ,1m,1788367080000,29170.5,29171.75,29159.75,29160.75,2097.0,epoch_floor
435487,MNQ,1m,1788367140000,29160.5,29164.75,29156.0,29156.75,1698.0,epoch_floor
435488,MNQ,1m,1788367200000,29157.5,29160.5,29151.5,29159.0,2678.0,epoch_floor
435489,MNQ,1m,1788367260000,29159.5,29159.75,29149.0,29152.5,1790.0,epoch_floor
435490,MNQ,1m,1788367320000,29152.5,29154.25,29143.25,29144.0,2494.0,epoch_floor
435491,MNQ,1m,1788367380000,29143.75,29147.5,29140.75,29144.0,2223.0,epoch_floor
435492,MNQ,1m,1788367440000,29144.75,29146.0,29138.0,29138.5,1832.0,epoch_floor
435493,MNQ,1m,1788367500000,29138.75,29147.75,29138.0,29146.0,2364.0,epoch_floor
435494,MNQ,1m,1788367560000,29146.0,29151.0,29144.0,29147.25,2351.0,epoch_floor
435495,MNQ,1m,1788367620000,29147.25,29148.5,29138.5,29140.5,1970.0,epoch_floor
435496,MNQ,1m,1788367680000,29140.75,29143.5,29139.0,29140.5,1379.0,epoch_floor
435497,MNQ,1m,1788367740000,29140.5,29149.25,29138.75,29147.75,1890.0,epoch_floor
435498,MNQ,1m,1788367800000,29147.75,29151.0,29139.25,29139.25,2251.0,epoch_floor
435499,MNQ,1m,1788367860000,29140.25,29145.0,29137.5,29144.0,1685.0,epoch_floor
435500,MNQ,1m,1788367920000,29143.75,29146.75,29136.75,29143.5,1740.0,epoch_floor
435501,MNQ,1m,1788367980000,29143.5,29161.25,29140.75,29160.25,3308.0,epoch_floor
435502,MNQ,1m,1788368040000,29160.25,29167.5,29158.5,29165.25,3670.0,epoch_floor
435503,MNQ,1m,1788368100000,29164.75,29168.0,29158.0,29159.5,2231.0,epoch_floor
435504,MNQ,1m,1788368160000,29159.75,29166.5,29154.25,29163.25,2471.0,epoch_floor
435505,MNQ,1m,1788368220000,29163.5,29165.5,29153.5,29153.75,1684.0,epoch_floor
435506,MNQ,1m,1788368280000,29153.75,29157.75,29149.5,29149.75,2054.0,epoch_floor
435507,MNQ,1m,1788368340000,29150.5,29156.25,29148.0,29154.5,1756.0,epoch_floor
435508,MNQ,1m,1788368400000,29155.0,29173.0,29154.75,29167.25,3843.0,epoch_floor
435509,MNQ,1m,1788368460000,29167.0,29175.25,29167.0,29174.25,2389.0,epoch_floor
435510,MNQ,1m,1788368520000,29174.5,29180.75,29171.5,29179.5,2300.0,epoch_floor
435511,MNQ,1m,1788368580000,29180.0,29182.5,29173.5,29174.0,2430.0,epoch_floor
435512,MNQ,1m,1788368640000,29174.0,29176.0,29170.0,29174.25,1916.0,epoch_floor
435513,MNQ,1m,1788368700000,29173.5,29178.25,29171.0,29171.75,1699.0,epoch_floor
435514,MNQ,1m,1788368760000,29171.75,29173.25,29166.75,29169.25,1971.0,epoch_floor
435515,MNQ,1m,1788368820000,29169.25,29170.75,29145.0,29145.25,5391.0,epoch_floor
435516,MNQ,1m,1788368880000,29145.5,29148.25,29129.0,29131.5,4892.0,epoch_floor
435517,MNQ,1m,1788368940000,29131.5,29137.0,29126.75,29130.75,3867.0,epoch_floor
435518,MNQ,1m,1788369000000,29131.0,29140.0,29129.0,29137.0,3123.0,epoch_floor
435519,MNQ,1m,1788369060000,29136.75,29138.5,29130.5,29135.5,1920.0,epoch_floor
435520,MNQ,1m,1788369120000,29135.0,29142.0,29130.25,29141.75,2138.0,epoch_floor
435521,MNQ,1m,1788369180000,29141.75,29148.75,29137.5,29146.25,2688.0,epoch_floor
435522,MNQ,1m,1788369240000,29146.5,29153.25,29143.75,29144.75,2944.0,epoch_floor
435523,MNQ,1m,1788369300000,29145.0,29147.75,29137.75,29146.5,2718.0,epoch_floor
435524,MNQ,1m,1788369360000,29146.25,29146.75,29137.25,29142.25,1579.0,epoch_floor
435525,MNQ,1m,1788369420000,29142.25,29142.5,29131.25,29132.0,1912.0,epoch_floor
435526,MNQ,1m,1788369480000,29132.5,29134.0,29125.5,29125.75,2489.0,epoch_floor
435527,MNQ,1m,1788369540000,29125.5,29132.25,29125.0,29131.0,1813.0,epoch_floor
435528,MNQ,1m,1788369600000,29131.5,29135.75,29129.25,29133.5,1579.0,epoch_floor
435529,MNQ,1m,1788369660000,29133.5,29144.25,29126.5,29143.5,2577.0,epoch_floor
435530,MNQ,1m,1788369720000,29144.0,29150.0,29137.0,29142.5,3233.0,epoch_floor
435531,MNQ,1m,1788369780000,29143.0,29151.75,29139.0,29150.25,2077.0,epoch_floor
435532,MNQ,1m,1788369840000,29150.0,29152.25,29145.25,29146.0,1355.0,epoch_floor
435533,MNQ,1m,1788369900000,29146.0,29148.5,29141.25,29147.75,1546.0,epoch_floor
435534,MNQ,1m,1788369960000,29148.0,29154.75,29144.25,29147.5,2371.0,epoch_floor
435535,MNQ,1m,1788370020000,29147.5,29147.75,29141.0,29142.5,1528.0,epoch_floor
435536,MNQ,1m,1788370080000,29142.25,29152.75,29142.0,29151.5,1482.0,epoch_floor
435537,MNQ,1m,1788370140000,29151.5,29152.5,29144.5,29150.25,1503.0,epoch_floor
435538,MNQ,1m,1788370200000,29150.5,29155.75,29147.5,29152.5,1815.0,epoch_floor
435539,MNQ,1m,1788370260000,29152.5,29154.0,29142.0,29150.75,1968.0,epoch_floor
435540,MNQ,1m,1788370320000,29151.0,29151.25,29140.25,29143.0,1440.0,epoch_floor
435541,MNQ,1m,1788370380000,29143.0,29143.0,29137.25,29138.75,1901.0,epoch_floor
435542,MNQ,1m,1788370440000,29138.0,29141.25,29132.5,29132.75,1781.0,epoch_floor
435543,MNQ,1m,1788370500000,29133.0,29141.0,29132.75,29135.0,1628.0,epoch_floor
435544,MNQ,1m,1788370560000,29134.75,29139.25,29130.25,29132.5,1641.0,epoch_floor
435545,MNQ,1m,1788370620000,29132.5,29139.0,29132.5,29136.0,936.0,epoch_floor
435546,MNQ,1m,1788370680000,29135.75,29137.25,29131.75,29133.75,978.0,epoch_floor
435547,MNQ,1m,1788370740000,29134.25,29140.0,29132.25,29134.75,1851.0,epoch_floor
435548,MNQ,1m,1788370800000,29134.75,29140.5,29133.25,29134.0,999.0,epoch_floor
435549,MNQ,1m,1788370860000,29134.25,29135.5,29127.5,29130.5,1954.0,epoch_floor
435550,MNQ,1m,1788370920000,29129.75,29144.5,29129.25,29139.75,3825.0,epoch_floor
435551,MNQ,1m,1788370980000,29140.5,29150.0,29138.25,29146.0,3017.0,epoch_floor
435552,MNQ,1m,1788371040000,29146.5,29159.0,29146.5,29158.75,4050.0,epoch_floor
435553,MNQ,1m,1788371100000,29158.5,29173.5,29157.25,29167.75,4812.0,epoch_floor
435554,MNQ,1m,1788371160000,29167.5,29174.0,29165.0,29171.0,2300.0,epoch_floor
435555,MNQ,1m,1788371220000,29171.0,29171.25,29160.75,29169.75,2458.0,epoch_floor
435556,MNQ,1m,1788371280000,29169.75,29172.5,29162.5,29163.75,1371.0,epoch_floor
435557,MNQ,1m,1788371340000,29163.25,29165.75,29158.5,29159.5,1697.0,epoch_floor
435558,MNQ,1m,1788371400000,29159.25,29165.0,29150.5,29159.25,2776.0,epoch_floor
435559,MNQ,1m,1788371460000,29159.75,29162.75,29153.75,29157.5,1644.0,epoch_floor
435560,MNQ,1m,1788371520000,29158.25,29164.25,29157.25,29158.25,1337.0,epoch_floor
435561,MNQ,1m,1788371580000,29158.5,29159.75,29154.25,29155.25,1089.0,epoch_floor
435562,MNQ,1m,1788371640000,29155.0,29162.0,29154.5,29157.25,1162.0,epoch_floor
435563,MNQ,1m,1788371700000,29157.0,29158.0,29142.75,29156.0,3552.0,epoch_floor
435564,MNQ,1m,1788371760000,29155.75,29159.25,29152.75,29156.5,1294.0,epoch_floor
435565,MNQ,1m,1788371820000,29156.75,29168.75,29155.25,29165.75,2163.0,epoch_floor
435566,MNQ,1m,1788371880000,29165.5,29165.5,29157.0,29158.75,1780.0,epoch_floor
435567,MNQ,1m,1788371940000,29159.5,29166.75,29157.5,29159.5,1190.0,epoch_floor
435568,MNQ,1m,1788372000000,29159.25,29161.75,29135.75,29136.5,4196.0,epoch_floor
435569,MNQ,1m,1788372060000,29136.75,29143.75,29135.5,29137.0,3057.0,epoch_floor
435570,MNQ,1m,1788372120000,29137.5,29146.75,29137.5,29144.75,1903.0,epoch_floor
435571,MNQ,1m,1788372180000,29144.25,29158.5,29144.25,29153.75,3023.0,epoch_floor
435572,MNQ,1m,1788372240000,29154.25,29160.0,29152.5,29159.0,1711.0,epoch_floor
435573,MNQ,1m,1788372300000,29158.25,29166.25,29155.25,29161.75,2330.0,epoch_floor
435574,MNQ,1m,1788372360000,29162.0,29165.5,29160.0,29162.0,1298.0,epoch_floor
435575,MNQ,1m,1788372420000,29161.5,29163.25,29148.75,29149.75,2594.0,epoch_floor
435576,MNQ,1m,1788372480000,29149.75,29151.75,29146.0,29147.5,1410.0,epoch_floor
435577,MNQ,1m,1788372540000,29147.25,29153.25,29146.75,29150.25,1013.0,epoch_floor
435578,MNQ,1m,1788372600000,29150.0,29154.0,29148.0,29149.5,1256.0,epoch_floor
435579,MNQ,1m,1788372660000,29149.25,29152.5,29141.25,29144.0,1532.0,epoch_floor
435580,MNQ,1m,1788372720000,29143.75,29146.25,29137.75,29138.5,2171.0,epoch_floor
435581,MNQ,1m,1788372780000,29138.25,29152.5,29137.75,29147.25,1987.0,epoch_floor
435582,MNQ,1m,1788372840000,29147.5,29148.75,29143.0,29147.0,1258.0,epoch_floor
435583,MNQ,1m,1788372900000,29146.75,29153.25,29143.0,29147.0,1650.0,epoch_floor
435584,MNQ,1m,1788372960000,29147.0,29151.0,29145.5,29148.0,1093.0,epoch_floor
435585,MNQ,1m,1788373020000,29147.75,29153.0,29146.5,29151.75,1056.0,epoch_floor
435586,MNQ,1m,1788373080000,29151.25,29199.5,29149.75,29176.25,13179.0,epoch_floor
435587,MNQ,1m,1788373140000,29176.0,29179.0,29171.0,29172.75,4239.0,epoch_floor
435588,MNQ,1m,1788373200000,29172.5,29176.25,29165.25,29170.25,3369.0,epoch_floor
435589,MNQ,1m,1788373260000,29170.25,29176.5,29163.5,29167.0,3314.0,epoch_floor
435590,MNQ,1m,1788373320000,29166.75,29169.5,29160.5,29168.25,2274.0,epoch_floor
435591,MNQ,1m,1788373380000,29168.5,29170.75,29164.5,29164.5,1027.0,epoch_floor
435592,MNQ,1m,1788373440000,29164.75,29170.5,29164.75,29170.5,1059.0,epoch_floor
435593,MNQ,1m,1788373500000,29170.0,29174.0,29169.0,29170.75,1759.0,epoch_floor
435594,MNQ,1m,1788373560000,29170.75,29171.75,29161.5,29164.75,1910.0,epoch_floor
435595,MNQ,1m,1788373620000,29164.5,29165.25,29155.0,29157.0,2495.0,epoch_floor
435596,MNQ,1m,1788373680000,29157.25,29163.5,29156.25,29158.0,1647.0,epoch_floor
435597,MNQ,1m,1788373740000,29158.0,29160.25,29154.5,29158.75,1311.0,epoch_floor
435598,MNQ,1m,1788373800000,29159.25,29170.75,29156.25,29169.75,2377.0,epoch_floor
435599,MNQ,1m,1788373860000,29169.5,29170.25,29163.75,29166.5,1226.0,epoch_floor
435600,MNQ,1m,1788373920000,29166.25,29170.0,29164.75,29168.5,856.0,epoch_floor
435601,MNQ,1m,1788373980000,29168.5,29173.25,29166.5,29172.5,1152.0,epoch_floor
435602,MNQ,1m,1788374040000,29172.5,29174.75,29157.5,29158.5,2685.0,epoch_floor
435603,MNQ,1m,1788374100000,29158.25,29165.0,29155.75,29156.5,1589.0,epoch_floor
435604,MNQ,1m,1788374160000,29157.25,29160.0,29150.0,29153.75,2430.0,epoch_floor
435605,MNQ,1m,1788374220000,29153.5,29154.0,29144.25,29146.0,2525.0,epoch_floor
435606,MNQ,1m,1788374280000,29146.5,29147.75,29142.75,29144.75,1510.0,epoch_floor
435607,MNQ,1m,1788374340000,29144.5,29148.25,29138.0,29141.25,1969.0,epoch_floor
435608,MNQ,1m,1788374400000,29140.75,29143.5,29138.0,29138.75,1706.0,epoch_floor
435609,MNQ,1m,1788374460000,29139.0,29139.0,29131.75,29135.0,2751.0,epoch_floor
435610,MNQ,1m,1788374520000,29134.5,29138.0,29132.25,29132.75,1487.0,epoch_floor
435611,MNQ,1m,1788374580000,29133.5,29139.0,29132.5,29137.0,1744.0,epoch_floor
435612,MNQ,1m,1788374640000,29137.25,29139.25,29134.25,29136.5,1226.0,epoch_floor
435613,MNQ,1m,1788374700000,29136.25,29143.0,29136.0,29138.75,1978.0,epoch_floor
435614,MNQ,1m,1788374760000,29138.75,29140.25,29130.25,29131.25,2123.0,epoch_floor
435615,MNQ,1m,1788374820000,29131.0,29136.75,29130.75,29133.75,1561.0,epoch_floor
435616,MNQ,1m,1788374880000,29134.0,29147.75,29133.25,29147.0,2509.0,epoch_floor
435617,MNQ,1m,1788374940000,29147.25,29152.75,29146.25,29149.5,2792.0,epoch_floor
435618,MNQ,1m,1788375000000,29149.25,29154.5,29144.5,29147.5,2231.0,epoch_floor
435619,MNQ,1m,1788375060000,29147.25,29147.25,29141.25,29142.25,1453.0,epoch_floor
435620,MNQ,1m,1788375120000,29141.5,29141.75,29134.0,29135.0,1837.0,epoch_floor
435621,MNQ,1m,1788375180000,29135.25,29146.0,29134.75,29144.5,1772.0,epoch_floor
435622,MNQ,1m,1788375240000,29144.5,29145.25,29139.0,29139.75,1064.0,epoch_floor
435623,MNQ,1m,1788375300000,29139.75,29148.25,29138.25,29143.75,1140.0,epoch_floor
435624,MNQ,1m,1788375360000,29144.0,29150.0,29142.75,29149.25,1120.0,epoch_floor
435625,MNQ,1m,1788375420000,29149.75,29153.5,29142.5,29142.5,1830.0,epoch_floor
435626,MNQ,1m,1788375480000,29142.75,29145.75,29138.25,29145.5,1649.0,epoch_floor
435627,MNQ,1m,1788375540000,29145.5,29149.0,29144.25,29145.75,1051.0,epoch_floor
435628,MNQ,1m,1788375600000,29145.25,29150.25,29138.75,29140.5,2522.0,epoch_floor
435629,MNQ,1m,1788375660000,29140.5,29147.5,29140.5,29143.0,1458.0,epoch_floor
435630,MNQ,1m,1788375720000,29143.0,29147.0,29141.5,29146.0,1360.0,epoch_floor
435631,MNQ,1m,1788375780000,29146.0,29156.75,29146.0,29149.25,2836.0,epoch_floor
435632,MNQ,1m,1788375840000,29148.75,29150.5,29146.0,29150.0,821.0,epoch_floor
435633,MNQ,1m,1788375900000,29150.0,29159.25,29148.0,29155.25,2452.0,epoch_floor
435634,MNQ,1m,1788375960000,29155.25,29160.75,29154.25,29157.5,1936.0,epoch_floor
435635,MNQ,1m,1788376020000,29157.75,29158.0,29150.25,29152.5,1555.0,epoch_floor
435636,MNQ,1m,1788376080000,29152.25,29155.0,29151.5,29152.25,817.0,epoch_floor
435637,MNQ,1m,1788376140000,29152.75,29167.0,29151.75,29165.75,2160.0,epoch_floor
435638,MNQ,1m,1788376200000,29166.25,29168.5,29163.25,29167.5,1999.0,epoch_floor
435639,MNQ,1m,1788376260000,29168.0,29168.0,29160.5,29163.0,1369.0,epoch_floor
435640,MNQ,1m,1788376320000,29162.5,29171.5,29160.25,29169.0,1958.0,epoch_floor
435641,MNQ,1m,1788376380000,29169.5,29170.25,29165.0,29167.0,1381.0,epoch_floor
435642,MNQ,1m,1788376440000,29166.25,29170.5,29165.5,29165.75,1119.0,epoch_floor
435643,MNQ,1m,1788376500000,29166.0,29168.0,29159.0,29159.5,2043.0,epoch_floor
435644,MNQ,1m,1788376560000,29159.75,29162.5,29157.0,29162.0,1908.0,epoch_floor
435645,MNQ,1m,1788376620000,29162.5,29167.5,29159.5,29160.25,1633.0,epoch_floor
435646,MNQ,1m,1788376680000,29160.75,29163.5,29157.5,29162.0,1286.0,epoch_floor
435647,MNQ,1m,1788376740000,29161.25,29170.25,29160.75,29170.25,1485.0,epoch_floor
435648,MNQ,1m,1788376800000,29170.25,29170.5,29151.0,29154.5,3300.0,epoch_floor
435649,MNQ,1m,1788376860000,29154.75,29167.5,29154.75,29164.0,2266.0,epoch_floor
435650,MNQ,1m,1788376920000,29163.75,29169.25,29162.75,29166.25,1363.0,epoch_floor
435651,MNQ,1m,1788376980000,29166.0,29167.5,29159.5,29160.75,1267.0,epoch_floor
435652,MNQ,1m,1788377040000,29160.5,29162.0,29155.25,29156.75,1412.0,epoch_floor
435653,MNQ,1m,1788377100000,29156.25,29159.25,29150.25,29151.0,1485.0,epoch_floor
435654,MNQ,1m,1788377160000,29151.25,29160.75,29150.0,29159.25,1444.0,epoch_floor
435655,MNQ,1m,1788377220000,29159.75,29160.75,29156.25,29160.0,1165.0,epoch_floor
435656,MNQ,1m,1788377280000,29160.0,29168.25,29158.75,29165.25,1765.0,epoch_floor
435657,MNQ,1m,1788377340000,29165.75,29171.25,29163.0,29167.75,1371.0,epoch_floor
435658,MNQ,1m,1788377400000,29167.25,29168.75,29162.5,29164.75,1284.0,epoch_floor
435659,MNQ,1m,1788377460000,29165.0,29169.25,29161.25,29169.25,1208.0,epoch_floor
435660,MNQ,1m,1788377520000,29169.0,29169.75,29163.0,29166.0,980.0,epoch_floor
435661,MNQ,1m,1788377580000,29166.0,29173.5,29162.25,29163.75,1805.0,epoch_floor
435662,MNQ,1m,1788377640000,29163.75,29172.25,29160.5,29171.25,1762.0,epoch_floor
435663,MNQ,1m,1788377700000,29171.5,29172.25,29163.25,29165.0,1489.0,epoch_floor
435664,MNQ,1m,1788377760000,29165.25,29170.25,29160.25,29164.0,1280.0,epoch_floor
435665,MNQ,1m,1788377820000,29164.0,29167.75,29157.25,29157.75,1789.0,epoch_floor
435666,MNQ,1m,1788377880000,29157.25,29162.0,29155.0,29160.75,1512.0,epoch_floor
435667,MNQ,1m,1788377940000,29160.75,29164.0,29159.0,29160.25,859.0,epoch_floor
435668,MNQ,1m,1788378000000,29160.25,29165.75,29158.75,29160.75,1102.0,epoch_floor
435669,MNQ,1m,1788378060000,29160.75,29163.75,29158.5,29163.75,618.0,epoch_floor
435670,MNQ,1m,1788378120000,29163.75,29165.5,29160.0,29162.75,582.0,epoch_floor
435671,MNQ,1m,1788378180000,29162.25,29178.5,29162.25,29175.25,2893.0,epoch_floor
435672,MNQ,1m,1788378240000,29175.25,29175.75,29171.75,29175.0,1562.0,epoch_floor
435673,MNQ,1m,1788378300000,29175.5,29184.0,29174.25,29177.0,3230.0,epoch_floor
435674,MNQ,1m,1788378360000,29177.25,29179.25,29172.75,29179.25,1636.0,epoch_floor
435675,MNQ,1m,1788378420000,29179.5,29183.0,29177.0,29178.5,1513.0,epoch_floor
435676,MNQ,1m,1788378480000,29178.25,29186.0,29178.25,29184.5,1606.0,epoch_floor
435677,MNQ,1m,1788378540000,29185.0,29187.75,29181.25,29184.5,2143.0,epoch_floor
435678,MNQ,1m,1788378600000,29184.0,29191.0,29174.75,29184.0,5384.0,epoch_floor
435679,MNQ,1m,1788378660000,29184.0,29186.25,29172.75,29178.0,2269.0,epoch_floor
435680,MNQ,1m,1788378720000,29177.5,29181.75,29170.5,29173.25,2171.0,epoch_floor
435681,MNQ,1m,1788378780000,29172.5,29179.75,29171.5,29177.25,1545.0,epoch_floor
435682,MNQ,1m,1788378840000,29177.0,29197.25,29176.0,29191.75,4694.0,epoch_floor
435683,MNQ,1m,1788378900000,29192.0,29195.5,29172.0,29178.5,5455.0,epoch_floor
435684,MNQ,1m,1788378960000,29178.25,29179.5,29171.25,29179.25,2222.0,epoch_floor
435685,MNQ,1m,1788379020000,29179.5,29186.0,29178.75,29181.75,2777.0,epoch_floor
435686,MNQ,1m,1788379080000,29181.75,29185.75,29180.75,29182.0,1783.0,epoch_floor
435687,MNQ,1m,1788379140000,29182.0,29193.75,29178.5,29189.75,9846.0,epoch_floor
435688,MNQ,1m,1788379200000,29190.25,29202.0,29187.75,29191.5,6394.0,epoch_floor
435689,MNQ,1m,1788379260000,29191.75,29193.75,29188.0,29190.75,1231.0,epoch_floor
435690,MNQ,1m,1788379320000,29191.0,29193.75,29189.0,29190.5,1045.0,epoch_floor
435691,MNQ,1m,1788379380000,29190.25,29195.0,29189.5,29194.0,698.0,epoch_floor
435692,MNQ,1m,1788379440000,29193.5,29198.5,29191.75,29198.25,783.0,epoch_floor
435693,MNQ,1m,1788379500000,29197.75,29202.75,29194.75,29200.5,1671.0,epoch_floor
435694,MNQ,1m,1788379560000,29200.75,29209.75,29200.0,29209.75,2099.0,epoch_floor
435695,MNQ,1m,1788379620000,29209.5,29212.5,29204.25,29205.75,1643.0,epoch_floor
435696,MNQ,1m,1788379680000,29205.75,29206.25,29199.5,29201.75,1151.0,epoch_floor
435697,MNQ,1m,1788379740000,29201.75,29202.75,29195.25,29199.25,1167.0,epoch_floor
435698,MNQ,1m,1788379800000,29199.5,29201.25,29195.75,29196.75,876.0,epoch_floor
435699,MNQ,1m,1788379860000,29196.5,29197.5,29192.0,29193.75,1064.0,epoch_floor
435700,MNQ,1m,1788379920000,29194.0,29200.25,29193.75,29198.75,671.0,epoch_floor
435701,MNQ,1m,1788379980000,29198.0,29205.0,29197.0,29198.0,1185.0,epoch_floor
435702,MNQ,1m,1788380040000,29197.75,29199.5,29188.0,29192.25,1191.0,epoch_floor
435703,MNQ,1m,1788380100000,29193.5,29193.75,29150.25,29159.5,7453.0,epoch_floor
435704,MNQ,1m,1788380160000,29159.0,29164.5,29150.0,29157.25,2182.0,epoch_floor
435705,MNQ,1m,1788380220000,29157.0,29164.25,29150.75,29156.0,1259.0,epoch_floor
435706,MNQ,1m,1788380280000,29156.0,29156.5,29140.75,29151.0,2087.0,epoch_floor
435707,MNQ,1m,1788380340000,29150.75,29150.75,29139.5,29150.5,1569.0,epoch_floor
435708,MNQ,1m,1788380400000,29150.5,29159.5,29145.5,29152.75,1678.0,epoch_floor
435709,MNQ,1m,1788380460000,29152.75,29155.25,29146.5,29155.25,986.0,epoch_floor
435710,MNQ,1m,1788380520000,29154.75,29159.0,29149.0,29155.75,1068.0,epoch_floor
435711,MNQ,1m,1788380580000,29155.75,29160.0,29152.75,29159.75,775.0,epoch_floor
435712,MNQ,1m,1788380640000,29159.5,29163.75,29156.5,29157.5,784.0,epoch_floor
435713,MNQ,1m,1788380700000,29157.25,29162.75,29155.5,29162.5,623.0,epoch_floor
435714,MNQ,1m,1788380760000,29162.0,29167.0,29160.5,29163.75,779.0,epoch_floor
435715,MNQ,1m,1788380820000,29163.25,29166.5,29154.0,29157.25,860.0,epoch_floor
435716,MNQ,1m,1788380880000,29157.25,29159.75,29153.5,29159.0,510.0,epoch_floor
435717,MNQ,1m,1788380940000,29158.75,29159.75,29154.5,29156.0,312.0,epoch_floor
435718,MNQ,1m,1788381000000,29156.0,29157.0,29150.25,29155.25,649.0,epoch_floor
435719,MNQ,1m,1788381060000,29155.0,29155.75,29151.5,29152.75,436.0,epoch_floor
435720,MNQ,1m,1788381120000,29152.75,29158.0,29152.5,29156.75,478.0,epoch_floor
435721,MNQ,1m,1788381180000,29156.75,29158.5,29154.25,29154.5,313.0,epoch_floor
435722,MNQ,1m,1788381240000,29154.75,29161.0,29154.75,29160.25,418.0,epoch_floor
435723,MNQ,1m,1788381300000,29160.0,29160.5,29155.0,29155.5,364.0,epoch_floor
435724,MNQ,1m,1788381360000,29154.75,29159.5,29153.75,29157.25,460.0,epoch_floor
435725,MNQ,1m,1788381420000,29157.5,29158.75,29155.5,29158.5,226.0,epoch_floor
435726,MNQ,1m,1788381480000,29158.0,29158.0,29153.0,29153.5,270.0,epoch_floor
435727,MNQ,1m,1788381540000,29153.5,29155.25,29152.25,29153.5,198.0,epoch_floor
435728,MNQ,1m,1788381600000,29154.0,29158.75,29153.5,29157.25,408.0,epoch_floor
435729,MNQ,1m,1788381660000,29157.0,29161.75,29155.0,29159.25,655.0,epoch_floor
435730,MNQ,1m,1788381720000,29159.25,29163.5,29157.5,29160.5,613.0,epoch_floor
435731,MNQ,1m,1788381780000,29159.75,29162.0,29153.0,29155.5,575.0,epoch_floor
435732,MNQ,1m,1788381840000,29155.5,29157.0,29147.0,29148.5,1047.0,epoch_floor
435733,MNQ,1m,1788381900000,29148.25,29154.0,29147.0,29154.0,712.0,epoch_floor
435734,MNQ,1m,1788381960000,29154.0,29160.25,29152.25,29159.0,476.0,epoch_floor
435735,MNQ,1m,1788382020000,29159.25,29162.25,29155.0,29160.0,610.0,epoch_floor
435736,MNQ,1m,1788382080000,29159.75,29160.75,29158.0,29160.0,293.0,epoch_floor
435737,MNQ,1m,1788382140000,29160.5,29162.75,29158.5,29161.0,223.0,epoch_floor
435738,MNQ,1m,1788382200000,29160.25,29162.75,29158.5,29160.5,232.0,epoch_floor
435739,MNQ,1m,1788382260000,29160.5,29161.5,29155.25,29158.25,192.0,epoch_floor
435740,MNQ,1m,1788382320000,29158.0,29162.5,29157.5,29160.5,130.0,epoch_floor
435741,MNQ,1m,1788382380000,29160.25,29162.75,29160.0,29161.0,152.0,epoch_floor
435742,MNQ,1m,1788382440000,29161.25,29163.75,29159.75,29163.0,245.0,epoch_floor
435743,MNQ,1m,1788382500000,29162.5,29164.0,29154.0,29155.0,490.0,epoch_floor
435744,MNQ,1m,1788382560000,29154.75,29155.75,29150.25,29151.0,185.0,epoch_floor
435745,MNQ,1m,1788382620000,29150.75,29151.5,29142.75,29144.75,315.0,epoch_floor
435746,MNQ,1m,1788382680000,29144.25,29145.0,29141.25,29144.75,130.0,epoch_floor
435747,MNQ,1m,1788382740000,29144.0,29151.25,29140.75,29143.0,359.0,epoch_floor
435748,MNQ,1m,1788386400000,29175.75,29179.75,29155.25,29156.5,1754.0,epoch_floor
435749,MNQ,1m,1788386460000,29155.75,29167.0,29151.5,29153.0,943.0,epoch_floor
435750,MNQ,1m,1788386520000,29153.25,29159.25,29149.0,29155.5,696.0,epoch_floor
435751,MNQ,1m,1788386580000,29155.5,29161.25,29154.75,29156.75,388.0,epoch_floor
435752,MNQ,1m,1788386640000,29157.0,29164.0,29156.75,29163.25,250.0,epoch_floor
435753,MNQ,1m,1788386700000,29163.25,29163.5,29150.0,29158.0,581.0,epoch_floor
435754,MNQ,1m,1788386760000,29157.25,29159.5,29152.5,29153.0,332.0,epoch_floor
435755,MNQ,1m,1788386820000,29153.25,29158.0,29153.25,29157.25,193.0,epoch_floor
435756,MNQ,1m,1788386880000,29157.25,29157.25,29152.0,29156.5,230.0,epoch_floor
435757,MNQ,1m,1788386940000,29156.5,29159.25,29156.25,29159.25,133.0,epoch_floor
435758,MNQ,1m,1788387000000,29159.0,29169.5,29157.25,29166.75,668.0,epoch_floor
435759,MNQ,1m,1788387060000,29166.75,29172.75,29164.5,29172.0,548.0,epoch_floor
435760,MNQ,1m,1788387120000,29172.75,29176.5,29170.5,29176.5,530.0,epoch_floor
435761,MNQ,1m,1788387180000,29175.75,29184.5,29174.0,29183.75,858.0,epoch_floor
435762,MNQ,1m,1788387240000,29184.5,29189.25,29183.0,29185.5,813.0,epoch_floor
435763,MNQ,1m,1788387300000,29185.25,29188.75,29177.5,29180.0,798.0,epoch_floor
435764,MNQ,1m,1788387360000,29180.0,29185.25,29178.5,29184.0,391.0,epoch_floor
435765,MNQ,1m,1788387420000,29184.25,29189.0,29184.0,29187.75,397.0,epoch_floor
435766,MNQ,1m,1788387480000,29187.75,29189.0,29184.5,29185.0,333.0,epoch_floor
435767,MNQ,1m,1788387540000,29184.75,29188.25,29182.0,29186.75,419.0,epoch_floor
435768,MNQ,1m,1788387600000,29187.25,29192.0,29186.5,29190.5,560.0,epoch_floor
435769,MNQ,1m,1788387660000,29190.0,29199.5,29190.0,29195.0,1205.0,epoch_floor
435770,MNQ,1m,1788387720000,29195.0,29199.5,29193.5,29197.0,476.0,epoch_floor
435771,MNQ,1m,1788387780000,29197.0,29208.75,29196.75,29203.75,901.0,epoch_floor
435772,MNQ,1m,1788387840000,29203.5,29206.25,29202.25,29203.5,527.0,epoch_floor
435773,MNQ,1m,1788387900000,29203.0,29204.0,29196.0,29197.75,645.0,epoch_floor
435774,MNQ,1m,1788387960000,29197.25,29204.25,29196.0,29200.75,671.0,epoch_floor
435775,MNQ,1m,1788388020000,29200.75,29202.5,29195.25,29196.25,455.0,epoch_floor
435776,MNQ,1m,1788388080000,29195.75,29199.75,29195.0,29197.25,350.0,epoch_floor
435777,MNQ,1m,1788388140000,29197.25,29198.25,29192.5,29196.0,460.0,epoch_floor
435778,MNQ,1m,1788388200000,29195.75,29196.75,29193.25,29195.0,297.0,epoch_floor
435779,MNQ,1m,1788388260000,29195.5,29197.25,29193.0,29195.75,350.0,epoch_floor
435780,MNQ,1m,1788388320000,29195.0,29199.0,29194.25,29194.5,364.0,epoch_floor
435781,MNQ,1m,1788388380000,29195.0,29196.5,29193.5,29193.5,132.0,epoch_floor
435782,MNQ,1m,1788388440000,29194.25,29196.25,29193.75,29194.75,246.0,epoch_floor
435783,MNQ,1m,1788388500000,29195.0,29196.0,29189.75,29194.5,579.0,epoch_floor
435784,MNQ,1m,1788388560000,29193.75,29197.75,29193.5,29196.5,217.0,epoch_floor
435785,MNQ,1m,1788388620000,29195.75,29198.25,29195.25,29196.75,188.0,epoch_floor
435786,MNQ,1m,1788388680000,29196.5,29198.25,29193.5,29198.25,306.0,epoch_floor
435787,MNQ,1m,1788388740000,29197.5,29200.0,29196.5,29196.75,240.0,epoch_floor
435788,MNQ,1m,1788388800000,29196.75,29203.0,29196.5,29202.25,443.0,epoch_floor
435789,MNQ,1m,1788388860000,29202.25,29202.5,29200.0,29202.0,253.0,epoch_floor
435790,MNQ,1m,1788388920000,29202.0,29202.0,29192.25,29197.5,584.0,epoch_floor
435791,MNQ,1m,1788388980000,29197.5,29200.5,29197.5,29200.25,224.0,epoch_floor
435792,MNQ,1m,1788389040000,29200.25,29200.25,29194.5,29195.5,210.0,epoch_floor
435793,MNQ,1m,1788389100000,29195.5,29195.75,29191.0,29191.75,375.0,epoch_floor
435794,MNQ,1m,1788389160000,29192.5,29193.75,29191.75,29191.75,286.0,epoch_floor
435795,MNQ,1m,1788389220000,29192.25,29192.25,29183.75,29188.0,962.0,epoch_floor
435796,MNQ,1m,1788389280000,29187.5,29187.75,29185.25,29187.0,320.0,epoch_floor
435797,MNQ,1m,1788389340000,29187.0,29188.0,29181.5,29182.25,503.0,epoch_floor
435798,MNQ,1m,1788389400000,29182.25,29183.5,29179.75,29181.0,549.0,epoch_floor
435799,MNQ,1m,1788389460000,29181.0,29183.0,29179.75,29181.25,246.0,epoch_floor
435800,MNQ,1m,1788389520000,29181.5,29186.5,29180.0,29182.0,489.0,epoch_floor
435801,MNQ,1m,1788389580000,29182.0,29184.5,29179.5,29180.0,356.0,epoch_floor
435802,MNQ,1m,1788389640000,29180.5,29181.75,29180.0,29180.25,143.0,epoch_floor
435803,MNQ,1m,1788389700000,29180.25,29184.25,29179.75,29182.25,241.0,epoch_floor
435804,MNQ,1m,1788389760000,29182.5,29185.5,29180.0,29181.0,423.0,epoch_floor
435805,MNQ,1m,1788389820000,29181.5,29181.5,29180.0,29180.75,135.0,epoch_floor
435806,MNQ,1m,1788389880000,29180.0,29181.75,29177.75,29180.75,311.0,epoch_floor
435807,MNQ,1m,1788389940000,29180.25,29182.0,29179.25,29181.5,270.0,epoch_floor
435808,MNQ,1m,1788390000000,29181.25,29189.25,29180.25,29182.5,732.0,epoch_floor
435809,MNQ,1m,1788390060000,29182.5,29186.5,29180.25,29181.5,441.0,epoch_floor
435810,MNQ,1m,1788390120000,29181.25,29185.25,29181.25,29183.25,313.0,epoch_floor
435811,MNQ,1m,1788390180000,29183.0,29185.75,29181.5,29183.0,373.0,epoch_floor
435812,MNQ,1m,1788390240000,29183.0,29186.5,29182.5,29185.25,278.0,epoch_floor
435813,MNQ,1m,1788390300000,29184.75,29187.0,29181.5,29182.25,526.0,epoch_floor
435814,MNQ,1m,1788390360000,29181.5,29186.75,29181.0,29184.75,333.0,epoch_floor
435815,MNQ,1m,1788390420000,29185.0,29185.75,29183.25,29183.75,108.0,epoch_floor
435816,MNQ,1m,1788390480000,29183.5,29184.0,29181.5,29182.25,133.0,epoch_floor
435817,MNQ,1m,1788390540000,29182.5,29184.0,29179.0,29179.75,286.0,epoch_floor
435818,MNQ,1m,1788390600000,29179.5,29187.0,29178.25,29182.25,676.0,epoch_floor
435819,MNQ,1m,1788390660000,29182.75,29183.25,29178.75,29180.5,272.0,epoch_floor
435820,MNQ,1m,1788390720000,29180.5,29182.0,29172.75,29176.75,614.0,epoch_floor
435821,MNQ,1m,1788390780000,29177.25,29178.5,29170.75,29171.0,842.0,epoch_floor
435822,MNQ,1m,1788390840000,29171.0,29174.0,29170.75,29172.5,464.0,epoch_floor
435823,MNQ,1m,1788390900000,29171.75,29173.75,29171.0,29172.5,295.0,epoch_floor
435824,MNQ,1m,1788390960000,29173.5,29173.5,29167.5,29169.25,575.0,epoch_floor
435825,MNQ,1m,1788391020000,29169.5,29170.75,29169.0,29170.25,176.0,epoch_floor
435826,MNQ,1m,1788391080000,29169.75,29170.75,29168.5,29170.0,188.0,epoch_floor
435827,MNQ,1m,1788391140000,29170.0,29173.0,29167.75,29170.5,426.0,epoch_floor
435828,MNQ,1m,1788391200000,29170.0,29172.5,29169.75,29172.25,218.0,epoch_floor
435829,MNQ,1m,1788391260000,29172.25,29172.25,29167.0,29171.25,533.0,epoch_floor
435830,MNQ,1m,1788391320000,29171.0,29173.25,29170.0,29171.0,355.0,epoch_floor
435831,MNQ,1m,1788391380000,29171.25,29172.75,29169.75,29171.0,132.0,epoch_floor
435832,MNQ,1m,1788391440000,29170.75,29175.0,29170.5,29173.25,294.0,epoch_floor
435833,MNQ,1m,1788391500000,29173.25,29174.75,29172.5,29174.25,194.0,epoch_floor
435834,MNQ,1m,1788391560000,29174.25,29176.5,29173.25,29174.75,407.0,epoch_floor
435835,MNQ,1m,1788391620000,29175.75,29180.25,29175.0,29178.75,748.0,epoch_floor
435836,MNQ,1m,1788391680000,29179.0,29180.0,29176.25,29179.0,340.0,epoch_floor
435837,MNQ,1m,1788391740000,29178.5,29180.25,29176.25,29180.0,374.0,epoch_floor
435838,MNQ,1m,1788391800000,29180.0,29186.0,29179.0,29184.5,944.0,epoch_floor
435839,MNQ,1m,1788391860000,29184.25,29185.5,29182.0,29182.0,392.0,epoch_floor
435840,MNQ,1m,1788391920000,29181.5,29182.5,29179.0,29180.0,328.0,epoch_floor
435841,MNQ,1m,1788391980000,29180.5,29181.25,29178.0,29179.25,235.0,epoch_floor
435842,MNQ,1m,1788392040000,29178.5,29180.25,29175.0,29179.0,499.0,epoch_floor
435843,MNQ,1m,1788392100000,29179.0,29179.0,29177.5,29178.75,143.0,epoch_floor
435844,MNQ,1m,1788392160000,29177.75,29178.0,29175.75,29177.25,194.0,epoch_floor
435845,MNQ,1m,1788392220000,29176.5,29177.0,29174.0,29175.75,494.0,epoch_floor
435846,MNQ,1m,1788392280000,29176.25,29177.5,29174.5,29176.75,168.0,epoch_floor
435847,MNQ,1m,1788392340000,29176.0,29188.5,29175.5,29185.0,772.0,epoch_floor
435848,MNQ,1m,1788392400000,29184.5,29186.75,29182.75,29186.0,371.0,epoch_floor
435849,MNQ,1m,1788392460000,29186.5,29186.5,29182.5,29185.25,318.0,epoch_floor
435850,MNQ,1m,1788392520000,29185.25,29186.25,29184.25,29185.25,168.0,epoch_floor
435851,MNQ,1m,1788392580000,29185.25,29186.75,29184.75,29185.5,151.0,epoch_floor
435852,MNQ,1m,1788392640000,29186.0,29188.5,29185.0,29188.5,239.0,epoch_floor
435853,MNQ,1m,1788392700000,29188.75,29208.5,29186.75,29203.75,2424.0,epoch_floor
435854,MNQ,1m,1788392760000,29203.0,29218.25,29199.75,29205.25,2292.0,epoch_floor
435855,MNQ,1m,1788392820000,29205.0,29213.0,29204.75,29210.5,1053.0,epoch_floor
435856,MNQ,1m,1788392880000,29210.0,29211.5,29202.25,29205.75,1023.0,epoch_floor
435857,MNQ,1m,1788392940000,29205.5,29207.5,29203.0,29204.75,466.0,epoch_floor
435858,MNQ,1m,1788393000000,29205.25,29209.0,29204.0,29207.0,412.0,epoch_floor
435859,MNQ,1m,1788393060000,29207.25,29212.25,29205.75,29210.0,636.0,epoch_floor
435860,MNQ,1m,1788393120000,29210.0,29210.75,29207.5,29208.0,342.0,epoch_floor
435861,MNQ,1m,1788393180000,29208.5,29209.0,29203.0,29206.0,502.0,epoch_floor
435862,MNQ,1m,1788393240000,29206.0,29209.25,29203.75,29205.0,273.0,epoch_floor
435863,MNQ,1m,1788393300000,29204.75,29206.75,29202.25,29204.75,310.0,epoch_floor
435864,MNQ,1m,1788393360000,29205.25,29208.25,29203.0,29203.25,241.0,epoch_floor
435865,MNQ,1m,1788393420000,29204.0,29207.0,29200.5,29203.0,370.0,epoch_floor
435866,MNQ,1m,1788393480000,29203.0,29208.0,29202.25,29207.25,389.0,epoch_floor
435867,MNQ,1m,1788393540000,29206.75,29207.0,29200.5,29200.5,513.0,epoch_floor
435868,MNQ,1m,1788393600000,29201.0,29201.75,29187.25,29190.25,2646.0,epoch_floor
435869,MNQ,1m,1788393660000,29190.25,29194.25,29181.75,29192.5,1702.0,epoch_floor
435870,MNQ,1m,1788393720000,29191.75,29195.25,29187.5,29190.0,836.0,epoch_floor
435871,MNQ,1m,1788393780000,29189.5,29190.0,29182.0,29186.25,783.0,epoch_floor
435872,MNQ,1m,1788393840000,29186.75,29194.0,29185.75,29190.25,776.0,epoch_floor
435873,MNQ,1m,1788393900000,29190.5,29192.5,29183.0,29190.25,751.0,epoch_floor
435874,MNQ,1m,1788393960000,29189.75,29195.0,29186.5,29193.25,709.0,epoch_floor
435875,MNQ,1m,1788394020000,29192.5,29193.75,29178.25,29179.5,1256.0,epoch_floor
435876,MNQ,1m,1788394080000,29179.0,29179.75,29172.0,29178.0,1227.0,epoch_floor
435877,MNQ,1m,1788394140000,29177.5,29179.0,29172.0,29177.25,868.0,epoch_floor
435878,MNQ,1m,1788394200000,29177.75,29185.5,29177.0,29182.25,1143.0,epoch_floor
435879,MNQ,1m,1788394260000,29183.0,29188.75,29182.25,29187.25,797.0,epoch_floor
435880,MNQ,1m,1788394320000,29188.25,29188.25,29168.75,29169.0,1479.0,epoch_floor
435881,MNQ,1m,1788394380000,29168.75,29174.5,29165.0,29174.0,1558.0,epoch_floor
435882,MNQ,1m,1788394440000,29174.25,29175.75,29166.0,29169.0,795.0,epoch_floor
435883,MNQ,1m,1788394500000,29168.5,29169.0,29149.5,29150.75,2988.0,epoch_floor
435884,MNQ,1m,1788394560000,29150.5,29154.25,29148.5,29154.0,1358.0,epoch_floor
435885,MNQ,1m,1788394620000,29154.5,29158.25,29147.5,29150.25,1403.0,epoch_floor
435886,MNQ,1m,1788394680000,29150.25,29155.75,29149.25,29149.25,954.0,epoch_floor
435887,MNQ,1m,1788394740000,29149.5,29152.25,29148.0,29151.25,663.0,epoch_floor
435888,MNQ,1m,1788394800000,29151.25,29151.25,29144.5,29144.75,1066.0,epoch_floor
435889,MNQ,1m,1788394860000,29145.25,29148.0,29144.5,29147.25,581.0,epoch_floor
435890,MNQ,1m,1788394920000,29147.25,29148.5,29141.25,29143.75,1103.0,epoch_floor
435891,MNQ,1m,1788394980000,29144.25,29157.0,29144.25,29154.75,1416.0,epoch_floor
435892,MNQ,1m,1788395040000,29154.75,29156.0,29152.25,29154.5,682.0,epoch_floor
435893,MNQ,1m,1788395100000,29154.25,29156.0,29151.0,29152.5,541.0,epoch_floor
435894,MNQ,1m,1788395160000,29152.75,29159.75,29152.5,29156.0,1318.0,epoch_floor
435895,MNQ,1m,1788395220000,29156.0,29158.25,29151.25,29155.5,779.0,epoch_floor
435896,MNQ,1m,1788395280000,29155.5,29163.5,29151.25,29161.0,1345.0,epoch_floor
435897,MNQ,1m,1788395340000,29160.5,29160.75,29155.25,29156.25,587.0,epoch_floor
435898,MNQ,1m,1788395400000,29156.75,29161.5,29148.25,29155.5,1679.0,epoch_floor
435899,MNQ,1m,1788395460000,29155.0,29157.5,29152.75,29153.25,470.0,epoch_floor
435900,MNQ,1m,1788395520000,29154.0,29154.25,29145.5,29150.0,1238.0,epoch_floor
435901,MNQ,1m,1788395580000,29150.25,29153.75,29148.0,29151.75,445.0,epoch_floor
435902,MNQ,1m,1788395640000,29152.5,29155.5,29148.25,29150.25,441.0,epoch_floor
435903,MNQ,1m,1788395700000,29150.25,29154.5,29150.0,29153.0,416.0,epoch_floor
435904,MNQ,1m,1788395760000,29152.75,29153.25,29150.75,29150.75,156.0,epoch_floor
435905,MNQ,1m,1788395820000,29151.25,29154.5,29149.0,29154.5,329.0,epoch_floor
435906,MNQ,1m,1788395880000,29154.5,29160.75,29154.25,29160.75,677.0,epoch_floor
435907,MNQ,1m,1788395940000,29160.75,29162.0,29157.5,29158.75,729.0,epoch_floor
435908,MNQ,1m,1788396000000,29158.75,29161.25,29155.0,29156.0,538.0,epoch_floor
435909,MNQ,1m,1788396060000,29155.25,29159.0,29150.0,29156.0,775.0,epoch_floor
435910,MNQ,1m,1788396120000,29156.5,29156.75,29150.5,29151.5,464.0,epoch_floor
435911,MNQ,1m,1788396180000,29151.5,29158.5,29149.5,29157.5,676.0,epoch_floor
435912,MNQ,1m,1788396240000,29157.25,29159.75,29153.75,29156.25,417.0,epoch_floor
435913,MNQ,1m,1788396300000,29156.25,29159.0,29152.5,29155.5,510.0,epoch_floor
435914,MNQ,1m,1788396360000,29155.0,29159.25,29152.25,29154.75,496.0,epoch_floor
435915,MNQ,1m,1788396420000,29155.0,29155.75,29150.25,29154.5,558.0,epoch_floor
435916,MNQ,1m,1788396480000,29154.25,29158.25,29149.25,29156.25,521.0,epoch_floor
435917,MNQ,1m,1788396540000,29156.25,29158.5,29154.75,29156.0,309.0,epoch_floor
435918,MNQ,1m,1788396600000,29156.75,29161.25,29156.75,29158.5,605.0,epoch_floor
435919,MNQ,1m,1788396660000,29158.75,29159.25,29152.25,29156.0,336.0,epoch_floor
435920,MNQ,1m,1788396720000,29156.0,29158.5,29155.5,29156.75,282.0,epoch_floor
435921,MNQ,1m,1788396780000,29157.0,29158.75,29154.75,29157.25,232.0,epoch_floor
435922,MNQ,1m,1788396840000,29157.75,29159.75,29156.0,29156.75,236.0,epoch_floor
435923,MNQ,1m,1788396900000,29157.25,29158.5,29155.0,29157.25,232.0,epoch_floor
435924,MNQ,1m,1788396960000,29156.75,29158.25,29152.25,29153.0,244.0,epoch_floor
435925,MNQ,1m,1788397020000,29153.0,29153.0,29146.75,29151.5,1241.0,epoch_floor
435926,MNQ,1m,1788397080000,29151.75,29154.0,29151.0,29153.0,240.0,epoch_floor
435927,MNQ,1m,1788397140000,29152.75,29153.5,29149.25,29151.25,472.0,epoch_floor
435928,MNQ,1m,1788397200000,29151.25,29158.5,29147.75,29156.25,885.0,epoch_floor
435929,MNQ,1m,1788397260000,29156.5,29161.75,29154.5,29158.5,939.0,epoch_floor
435930,MNQ,1m,1788397320000,29158.75,29161.5,29156.5,29161.5,351.0,epoch_floor
435931,MNQ,1m,1788397380000,29161.0,29165.5,29157.75,29164.75,735.0,epoch_floor
435932,MNQ,1m,1788397440000,29164.5,29172.75,29164.0,29172.5,1761.0,epoch_floor
435933,MNQ,1m,1788397500000,29172.25,29186.0,29169.75,29181.25,2501.0,epoch_floor
435934,MNQ,1m,1788397560000,29181.75,29186.75,29174.75,29178.75,1444.0,epoch_floor
435935,MNQ,1m,1788397620000,29178.75,29186.75,29177.5,29181.5,1074.0,epoch_floor
435936,MNQ,1m,1788397680000,29181.0,29184.75,29180.5,29181.75,564.0,epoch_floor
435937,MNQ,1m,1788397740000,29181.25,29183.75,29173.75,29175.5,834.0,epoch_floor
435938,MNQ,1m,1788397800000,29175.25,29176.25,29165.25,29166.25,2010.0,epoch_floor
435939,MNQ,1m,1788397860000,29166.25,29179.0,29163.5,29178.25,1233.0,epoch_floor
435940,MNQ,1m,1788397920000,29178.0,29178.5,29174.75,29177.5,654.0,epoch_floor
435941,MNQ,1m,1788397980000,29176.75,29181.0,29172.0,29180.25,736.0,epoch_floor
435942,MNQ,1m,1788398040000,29180.0,29186.25,29178.0,29183.5,1231.0,epoch_floor
435943,MNQ,1m,1788398100000,29183.25,29191.0,29181.5,29190.0,1068.0,epoch_floor
435944,MNQ,1m,1788398160000,29190.25,29196.25,29188.75,29193.0,1694.0,epoch_floor
435945,MNQ,1m,1788398220000,29193.25,29197.25,29192.25,29194.0,779.0,epoch_floor
435946,MNQ,1m,1788398280000,29193.75,29195.5,29191.5,29192.5,655.0,epoch_floor
435947,MNQ,1m,1788398340000,29192.5,29200.5,29191.25,29194.5,1298.0,epoch_floor
435948,MNQ,1m,1788398400000,29194.75,29198.5,29192.0,29195.5,662.0,epoch_floor
435949,MNQ,1m,1788398460000,29196.25,29199.75,29192.0,29193.25,627.0,epoch_floor
435950,MNQ,1m,1788398520000,29193.5,29195.5,29192.25,29193.25,525.0,epoch_floor
435951,MNQ,1m,1788398580000,29193.5,29194.0,29181.0,29183.75,1582.0,epoch_floor
435952,MNQ,1m,1788398640000,29184.5,29184.75,29166.25,29167.25,2518.0,epoch_floor
435953,MNQ,1m,1788398700000,29167.25,29167.5,29157.25,29158.25,1922.0,epoch_floor
435954,MNQ,1m,1788398760000,29157.5,29166.75,29157.25,29163.0,1548.0,epoch_floor
435955,MNQ,1m,1788398820000,29162.75,29166.5,29158.75,29159.5,837.0,epoch_floor
435956,MNQ,1m,1788398880000,29159.75,29174.0,29159.75,29173.0,974.0,epoch_floor
435957,MNQ,1m,1788398940000,29173.25,29177.75,29168.75,29176.0,1414.0,epoch_floor
435958,MNQ,1m,1788399000000,29176.0,29180.5,29170.0,29180.25,1650.0,epoch_floor
435959,MNQ,1m,1788399060000,29180.75,29195.5,29174.0,29189.25,2394.0,epoch_floor
435960,MNQ,1m,1788399120000,29189.25,29195.0,29185.5,29187.0,1133.0,epoch_floor
435961,MNQ,1m,1788399180000,29187.5,29194.0,29185.0,29193.25,1000.0,epoch_floor
435962,MNQ,1m,1788399240000,29193.0,29198.75,29190.75,29198.75,938.0,epoch_floor
435963,MNQ,1m,1788399300000,29198.5,29199.5,29183.5,29187.5,1834.0,epoch_floor
435964,MNQ,1m,1788399360000,29188.25,29192.25,29185.75,29187.0,691.0,epoch_floor
435965,MNQ,1m,1788399420000,29187.0,29190.25,29174.25,29179.75,1521.0,epoch_floor
435966,MNQ,1m,1788399480000,29180.25,29183.75,29177.75,29178.25,530.0,epoch_floor
435967,MNQ,1m,1788399540000,29177.75,29181.5,29176.0,29177.75,613.0,epoch_floor
435968,MNQ,1m,1788399600000,29177.75,29180.25,29176.25,29177.75,494.0,epoch_floor
435969,MNQ,1m,1788399660000,29177.75,29181.25,29175.75,29175.75,496.0,epoch_floor
435970,MNQ,1m,1788399720000,29175.5,29180.0,29171.75,29177.25,679.0,epoch_floor
435971,MNQ,1m,1788399780000,29177.5,29179.25,29172.5,29178.0,604.0,epoch_floor
435972,MNQ,1m,1788399840000,29177.25,29177.5,29167.75,29168.75,919.0,epoch_floor
435973,MNQ,1m,1788399900000,29168.75,29171.25,29163.5,29169.0,1021.0,epoch_floor
435974,MNQ,1m,1788399960000,29170.0,29170.75,29158.0,29158.75,1143.0,epoch_floor
435975,MNQ,1m,1788400020000,29158.5,29162.5,29156.25,29159.75,900.0,epoch_floor
435976,MNQ,1m,1788400080000,29159.25,29171.25,29158.75,29169.5,1040.0,epoch_floor
435977,MNQ,1m,1788400140000,29169.5,29176.25,29169.0,29176.0,1268.0,epoch_floor
435978,MNQ,1m,1788400200000,29176.0,29176.25,29162.5,29162.5,1122.0,epoch_floor
435979,MNQ,1m,1788400260000,29163.75,29165.5,29158.0,29162.25,1028.0,epoch_floor
435980,MNQ,1m,1788400320000,29162.0,29164.75,29156.25,29159.5,557.0,epoch_floor
435981,MNQ,1m,1788400380000,29160.25,29163.5,29158.25,29160.0,370.0,epoch_floor
435982,MNQ,1m,1788400440000,29160.5,29160.5,29151.5,29157.25,1194.0,epoch_floor
435983,MNQ,1m,1788400500000,29157.75,29158.25,29153.0,29154.5,513.0,epoch_floor
435984,MNQ,1m,1788400560000,29154.75,29157.0,29152.5,29153.0,445.0,epoch_floor
435985,MNQ,1m,1788400620000,29153.0,29153.5,29144.0,29150.75,1748.0,epoch_floor
435986,MNQ,1m,1788400680000,29150.75,29152.5,29132.5,29139.5,2476.0,epoch_floor
435987,MNQ,1m,1788400740000,29139.25,29142.0,29136.0,29137.25,1380.0,epoch_floor
435988,MNQ,1m,1788400800000,29137.25,29141.75,29133.0,29140.0,1346.0,epoch_floor
435989,MNQ,1m,1788400860000,29141.0,29148.75,29139.0,29143.5,1381.0,epoch_floor
435990,MNQ,1m,1788400920000,29142.5,29146.5,29138.5,29145.75,763.0,epoch_floor
435991,MNQ,1m,1788400980000,29145.75,29154.75,29145.75,29149.25,1418.0,epoch_floor
435992,MNQ,1m,1788401040000,29149.25,29150.25,29142.75,29146.75,768.0,epoch_floor
435993,MNQ,1m,1788401100000,29147.75,29153.5,29145.5,29153.25,762.0,epoch_floor
435994,MNQ,1m,1788401160000,29153.5,29159.0,29151.5,29152.5,1296.0,epoch_floor
435995,MNQ,1m,1788401220000,29152.5,29157.75,29150.75,29157.5,717.0,epoch_floor
435996,MNQ,1m,1788401280000,29156.5,29166.5,29156.0,29163.25,1214.0,epoch_floor
435997,MNQ,1m,1788401340000,29163.5,29166.0,29158.0,29165.0,831.0,epoch_floor
435998,MNQ,1m,1788401400000,29165.0,29183.5,29164.25,29181.5,2466.0,epoch_floor
435999,MNQ,1m,1788401460000,29181.75,29186.0,29181.25,29185.5,1177.0,epoch_floor
436000,MNQ,1m,1788401520000,29185.75,29187.0,29182.75,29185.5,786.0,epoch_floor
436001,MNQ,1m,1788401580000,29185.75,29186.75,29173.25,29181.0,1794.0,epoch_floor
436002,MNQ,1m,1788401640000,29181.75,29183.5,29179.75,29182.5,498.0,epoch_floor
436003,MNQ,1m,1788401700000,29182.5,29183.75,29176.75,29178.75,723.0,epoch_floor
436004,MNQ,1m,1788401760000,29178.25,29185.0,29178.0,29183.5,581.0,epoch_floor
436005,MNQ,1m,1788401820000,29183.75,29185.25,29178.75,29182.5,436.0,epoch_floor
436006,MNQ,1m,1788401880000,29182.75,29191.5,29182.75,29190.75,1251.0,epoch_floor
436007,MNQ,1m,1788401940000,29190.25,29195.0,29189.0,29192.25,895.0,epoch_floor
436008,MNQ,1m,1788402000000,29192.0,29194.5,29188.75,29190.5,639.0,epoch_floor
436009,MNQ,1m,1788402060000,29190.25,29190.75,29184.75,29187.0,677.0,epoch_floor
436010,MNQ,1m,1788402120000,29187.0,29191.25,29186.25,29188.75,333.0,epoch_floor
436011,MNQ,1m,1788402180000,29188.0,29188.25,29176.5,29177.0,976.0,epoch_floor
436012,MNQ,1m,1788402240000,29176.5,29185.25,29176.25,29180.0,1049.0,epoch_floor
436013,MNQ,1m,1788402300000,29180.5,29181.0,29173.0,29179.25,992.0,epoch_floor
436014,MNQ,1m,1788402360000,29179.25,29180.25,29174.0,29175.0,513.0,epoch_floor
436015,MNQ,1m,1788402420000,29175.25,29190.25,29175.0,29189.25,904.0,epoch_floor
436016,MNQ,1m,1788402480000,29189.25,29189.5,29184.25,29186.75,494.0,epoch_floor
436017,MNQ,1m,1788402540000,29187.25,29189.25,29185.5,29187.5,307.0,epoch_floor
436018,MNQ,1m,1788402600000,29188.25,29193.75,29183.0,29191.5,799.0,epoch_floor
436019,MNQ,1m,1788402660000,29192.25,29193.0,29187.25,29190.5,467.0,epoch_floor
436020,MNQ,1m,1788402720000,29190.25,29192.0,29187.25,29187.75,351.0,epoch_floor
436021,MNQ,1m,1788402780000,29188.25,29197.0,29187.75,29195.5,783.0,epoch_floor
436022,MNQ,1m,1788402840000,29195.5,29199.0,29191.0,29192.0,836.0,epoch_floor
436023,MNQ,1m,1788402900000,29192.5,29192.75,29183.25,29184.25,835.0,epoch_floor
436024,MNQ,1m,1788402960000,29184.75,29185.75,29179.5,29181.75,766.0,epoch_floor
436025,MNQ,1m,1788403020000,29181.75,29184.75,29181.0,29182.25,296.0,epoch_floor
436026,MNQ,1m,1788403080000,29182.25,29187.75,29180.75,29186.75,443.0,epoch_floor
436027,MNQ,1m,1788403140000,29186.25,29186.5,29181.75,29184.75,200.0,epoch_floor
436028,MNQ,1m,1788403200000,29184.0,29184.5,29181.25,29183.0,291.0,epoch_floor
436029,MNQ,1m,1788403260000,29183.5,29184.0,29180.5,29182.25,200.0,epoch_floor
436030,MNQ,1m,1788403320000,29181.75,29183.0,29178.25,29181.0,409.0,epoch_floor
436031,MNQ,1m,1788403380000,29180.25,29182.25,29179.5,29181.25,217.0,epoch_floor
436032,MNQ,1m,1788403440000,29181.75,29181.75,29170.0,29173.25,1014.0,epoch_floor
436033,MNQ,1m,1788403500000,29172.75,29174.5,29167.5,29169.0,856.0,epoch_floor
436034,MNQ,1m,1788403560000,29169.0,29174.0,29168.5,29172.5,624.0,epoch_floor
436035,MNQ,1m,1788403620000,29173.0,29180.5,29170.5,29176.0,736.0,epoch_floor
436036,MNQ,1m,1788403680000,29176.5,29180.25,29175.25,29176.75,620.0,epoch_floor
436037,MNQ,1m,1788403740000,29176.0,29186.25,29173.75,29185.0,999.0,epoch_floor
436038,MNQ,1m,1788403800000,29185.25,29190.0,29177.25,29182.75,1142.0,epoch_floor
436039,MNQ,1m,1788403860000,29182.75,29186.25,29181.5,29186.0,333.0,epoch_floor
436040,MNQ,1m,1788403920000,29186.25,29188.0,29184.5,29187.25,277.0,epoch_floor
436041,MNQ,1m,1788403980000,29187.0,29187.75,29179.75,29181.25,486.0,epoch_floor
436042,MNQ,1m,1788404040000,29181.25,29185.25,29179.0,29180.5,398.0,epoch_floor
436043,MNQ,1m,1788404100000,29180.75,29184.0,29179.0,29182.25,259.0,epoch_floor
436044,MNQ,1m,1788404160000,29182.0,29186.0,29180.0,29182.25,299.0,epoch_floor
436045,MNQ,1m,1788404220000,29182.0,29185.5,29181.75,29182.75,188.0,epoch_floor
436046,MNQ,1m,1788404280000,29182.75,29185.25,29181.25,29182.75,217.0,epoch_floor
436047,MNQ,1m,1788404340000,29182.5,29183.25,29180.0,29182.0,234.0,epoch_floor
436048,MNQ,1m,1788404400000,29181.5,29186.5,29180.0,29180.75,412.0,epoch_floor
436049,MNQ,1m,1788404460000,29181.75,29186.75,29181.5,29183.0,298.0,epoch_floor
436050,MNQ,1m,1788404520000,29183.25,29186.5,29179.75,29182.75,339.0,epoch_floor
436051,MNQ,1m,1788404580000,29182.75,29193.75,29180.0,29191.75,811.0,epoch_floor
436052,MNQ,1m,1788404640000,29191.25,29196.75,29191.25,29194.25,621.0,epoch_floor
436053,MNQ,1m,1788404700000,29194.0,29194.75,29190.0,29191.75,602.0,epoch_floor
436054,MNQ,1m,1788404760000,29191.5,29192.0,29188.75,29190.25,297.0,epoch_floor
436055,MNQ,1m,1788404820000,29190.25,29195.75,29188.25,29195.5,461.0,epoch_floor
436056,MNQ,1m,1788404880000,29196.0,29198.5,29193.0,29193.75,585.0,epoch_floor
436057,MNQ,1m,1788404940000,29194.0,29196.25,29191.5,29194.75,335.0,epoch_floor
436058,MNQ,1m,1788405000000,29194.5,29200.0,29194.0,29198.25,749.0,epoch_floor
436059,MNQ,1m,1788405060000,29198.5,29200.0,29196.25,29197.75,319.0,epoch_floor
436060,MNQ,1m,1788405120000,29198.0,29200.25,29195.5,29196.25,427.0,epoch_floor
436061,MNQ,1m,1788405180000,29196.0,29204.75,29195.75,29203.75,727.0,epoch_floor
436062,MNQ,1m,1788405240000,29203.5,29204.5,29199.5,29204.5,608.0,epoch_floor
436063,MNQ,1m,1788405300000,29204.25,29212.0,29202.5,29205.5,1624.0,epoch_floor
436064,MNQ,1m,1788405360000,29205.5,29209.0,29203.5,29208.5,758.0,epoch_floor
436065,MNQ,1m,1788405420000,29208.25,29211.75,29207.5,29211.75,411.0,epoch_floor
436066,MNQ,1m,1788405480000,29211.5,29228.75,29210.5,29226.5,3047.0,epoch_floor
436067,MNQ,1m,1788405540000,29227.25,29235.0,29222.75,29227.75,1979.0,epoch_floor
436068,MNQ,1m,1788405600000,29228.0,29230.75,29224.25,29229.75,1105.0,epoch_floor
436069,MNQ,1m,1788405660000,29229.75,29231.5,29227.25,29228.0,594.0,epoch_floor
436070,MNQ,1m,1788405720000,29227.5,29230.0,29215.75,29217.0,1244.0,epoch_floor
436071,MNQ,1m,1788405780000,29216.75,29219.25,29213.75,29216.25,867.0,epoch_floor
436072,MNQ,1m,1788405840000,29215.75,29216.5,29212.75,29216.0,530.0,epoch_floor
436073,MNQ,1m,1788405900000,29216.5,29217.25,29213.0,29215.75,570.0,epoch_floor
436074,MNQ,1m,1788405960000,29215.5,29229.75,29214.75,29222.75,1230.0,epoch_floor
436075,MNQ,1m,1788406020000,29223.0,29227.0,29221.5,29222.25,446.0,epoch_floor
436076,MNQ,1m,1788406080000,29222.25,29223.5,29219.75,29219.75,329.0,epoch_floor
436077,MNQ,1m,1788406140000,29219.5,29220.25,29217.0,29219.5,514.0,epoch_floor
436078,MNQ,1m,1788406200000,29219.75,29232.0,29217.75,29226.0,1137.0,epoch_floor
436079,MNQ,1m,1788406260000,29226.0,29227.25,29222.75,29223.0,392.0,epoch_floor
436080,MNQ,1m,1788406320000,29223.25,29229.0,29223.25,29226.0,304.0,epoch_floor
436081,MNQ,1m,1788406380000,29226.5,29227.75,29222.5,29225.5,301.0,epoch_floor
436082,MNQ,1m,1788406440000,29225.25,29226.0,29222.0,29222.75,272.0,epoch_floor
436083,MNQ,1m,1788406500000,29221.75,29225.25,29218.0,29222.5,633.0,epoch_floor
436084,MNQ,1m,1788406560000,29223.0,29225.0,29221.5,29225.0,235.0,epoch_floor
436085,MNQ,1m,1788406620000,29224.75,29228.0,29222.5,29227.25,301.0,epoch_floor
436086,MNQ,1m,1788406680000,29227.75,29228.75,29224.5,29225.25,271.0,epoch_floor
436087,MNQ,1m,1788406740000,29225.5,29228.25,29224.75,29227.5,247.0,epoch_floor
436088,MNQ,1m,1788406800000,29227.75,29228.25,29225.5,29225.75,215.0,epoch_floor
436089,MNQ,1m,1788406860000,29226.25,29233.5,29226.25,29228.5,640.0,epoch_floor
436090,MNQ,1m,1788406920000,29228.5,29231.75,29228.5,29231.25,290.0,epoch_floor
436091,MNQ,1m,1788406980000,29230.5,29230.5,29222.25,29228.25,526.0,epoch_floor
436092,MNQ,1m,1788407040000,29227.75,29231.75,29227.5,29227.5,289.0,epoch_floor
397102,MNQ,1m,1788407100000,29227.25,29227.5,29220.25,29225.5,854.0,epoch_floor
397104,MNQ,1m,1788407160000,29225.75,29226.5,29221.0,29222.25,361.0,epoch_floor
397109,MNQ,1m,1788407220000,29221.5,29223.25,29220.0,29222.75,403.0,epoch_floor
438151,MNQ,1m,1788407280000,29222.75,29229.0,29221.5,29227.0,404.0,epoch_floor
438154,MNQ,1m,1788407340000,29227.75,29234.75,29226.75,29230.5,973.0,epoch_floor
438158,MNQ,1m,1788407400000,29230.75,29237.75,29230.5,29235.0,944.0,epoch_floor
438162,MNQ,1m,1788407460000,29234.5,29235.5,29232.0,29233.25,290.0,epoch_floor
438163,MNQ,1m,1788407520000,29233.5,29236.25,29232.0,29235.25,288.0,epoch_floor
438167,MNQ,1m,1788407580000,29235.25,29235.75,29232.0,29232.75,182.0,epoch_floor
438172,MNQ,1m,1788407640000,29232.5,29240.0,29230.75,29237.0,666.0,epoch_floor
438173,MNQ,1m,1788407700000,29237.25,29238.0,29231.75,29236.5,562.0,epoch_floor
438176,MNQ,1m,1788407760000,29236.5,29242.75,29234.5,29235.25,828.0,epoch_floor
438179,MNQ,1m,1788407820000,29235.0,29237.0,29231.75,29232.5,377.0,epoch_floor
438181,MNQ,1m,1788407880000,29232.75,29234.25,29231.0,29231.5,301.0,epoch_floor
438190,MNQ,1m,1788407940000,29231.5,29237.75,29231.25,29236.25,303.0,epoch_floor
438199,MNQ,1m,1788408000000,29236.25,29239.0,29231.25,29238.5,565.0,epoch_floor
438201,MNQ,1m,1788408060000,29237.75,29239.0,29233.0,29235.25,404.0,epoch_floor
438204,MNQ,1m,1788408120000,29234.5,29236.5,29232.5,29234.0,304.0,epoch_floor
438208,MNQ,1m,1788408180000,29233.75,29234.25,29232.0,29232.5,261.0,epoch_floor
438210,MNQ,1m,1788408240000,29232.5,29234.0,29228.75,29230.0,541.0,epoch_floor
438214,MNQ,1m,1788408300000,29229.75,29234.5,29229.5,29234.0,343.0,epoch_floor
438218,MNQ,1m,1788408360000,29234.0,29238.0,29233.25,29236.75,345.0,epoch_floor
438219,MNQ,1m,1788408420000,29236.75,29239.5,29232.25,29235.75,458.0,epoch_floor
438222,MNQ,1m,1788408480000,29236.0,29252.5,29235.75,29245.25,2320.0,epoch_floor
438226,MNQ,1m,1788408540000,29245.0,29251.0,29245.0,29249.75,665.0,epoch_floor
438229,MNQ,1m,1788408600000,29250.5,29255.0,29249.5,29249.75,1071.0,epoch_floor
438232,MNQ,1m,1788408660000,29250.25,29251.25,29248.0,29249.0,354.0,epoch_floor
438235,MNQ,1m,1788408720000,29249.0,29249.25,29237.75,29240.25,1351.0,epoch_floor
438238,MNQ,1m,1788408780000,29240.75,29247.25,29240.5,29247.0,351.0,epoch_floor
438242,MNQ,1m,1788408840000,29247.5,29247.5,29244.0,29246.25,209.0,epoch_floor
438247,MNQ,1m,1788408900000,29246.0,29247.25,29242.5,29245.5,274.0,epoch_floor
438249,MNQ,1m,1788408960000,29245.25,29248.5,29243.0,29245.75,280.0,epoch_floor
438254,MNQ,1m,1788409020000,29245.0,29248.75,29244.0,29245.25,194.0,epoch_floor
438255,MNQ,1m,1788409080000,29245.0,29249.75,29243.0,29244.25,262.0,epoch_floor
438258,MNQ,1m,1788409140000,29244.25,29246.5,29244.0,29244.5,159.0,epoch_floor
438262,MNQ,1m,1788409200000,29244.0,29246.5,29241.25,29242.5,264.0,epoch_floor
438266,MNQ,1m,1788409260000,29241.75,29244.0,29239.0,29240.0,296.0,epoch_floor
438267,MNQ,1m,1788409320000,29239.5,29240.0,29233.75,29237.75,811.0,epoch_floor
438270,MNQ,1m,1788409380000,29237.5,29244.75,29237.0,29242.5,551.0,epoch_floor
438273,MNQ,1m,1788409440000,29242.5,29244.25,29240.25,29242.5,220.0,epoch_floor
438278,MNQ,1m,1788409500000,29242.0,29244.0,29241.25,29243.75,153.0,epoch_floor
438281,MNQ,1m,1788409560000,29244.0,29246.75,29241.75,29243.25,287.0,epoch_floor
438283,MNQ,1m,1788409620000,29242.5,29242.75,29237.5,29239.5,331.0,epoch_floor
438285,MNQ,1m,1788409680000,29239.5,29239.5,29230.0,29230.75,843.0,epoch_floor
438287,MNQ,1m,1788409740000,29230.5,29231.5,29226.75,29227.0,754.0,epoch_floor
438297,MNQ,1m,1788409800000,29227.5,29230.0,29226.75,29228.0,547.0,epoch_floor
438299,MNQ,1m,1788409860000,29228.5,29233.0,29228.25,29231.75,458.0,epoch_floor
438301,MNQ,1m,1788409920000,29232.25,29235.0,29230.5,29233.25,472.0,epoch_floor
438305,MNQ,1m,1788409980000,29233.25,29236.75,29229.75,29236.0,546.0,epoch_floor
438309,MNQ,1m,1788410040000,29235.5,29236.5,29229.75,29231.5,488.0,epoch_floor
438311,MNQ,1m,1788410100000,29231.5,29235.5,29230.0,29230.25,267.0,epoch_floor
438315,MNQ,1m,1788410160000,29230.0,29232.25,29220.25,29222.5,1027.0,epoch_floor
438317,MNQ,1m,1788410220000,29222.75,29228.0,29221.25,29225.25,502.0,epoch_floor
438319,MNQ,1m,1788410280000,29225.0,29226.5,29220.5,29221.25,463.0,epoch_floor
438323,MNQ,1m,1788410340000,29222.0,29225.0,29220.5,29223.5,290.0,epoch_floor
438328,MNQ,1m,1788410400000,29223.5,29226.5,29221.5,29224.75,350.0,epoch_floor
438329,MNQ,1m,1788410460000,29225.0,29225.0,29216.75,29217.5,738.0,epoch_floor
438334,MNQ,1m,1788410520000,29217.75,29218.25,29214.5,29216.25,516.0,epoch_floor
438335,MNQ,1m,1788410580000,29216.5,29219.0,29216.25,29219.0,360.0,epoch_floor
438337,MNQ,1m,1788410640000,29219.25,29222.0,29217.25,29218.5,461.0,epoch_floor
438346,MNQ,1m,1788410700000,29219.0,29223.0,29218.5,29220.25,277.0,epoch_floor
438347,MNQ,1m,1788410760000,29219.75,29229.25,29219.5,29225.0,769.0,epoch_floor
438351,MNQ,1m,1788410820000,29225.0,29227.0,29224.25,29224.75,253.0,epoch_floor
438353,MNQ,1m,1788410880000,29224.5,29225.0,29216.75,29222.75,621.0,epoch_floor
438355,MNQ,1m,1788410940000,29222.75,29225.25,29220.0,29222.0,277.0,epoch_floor
438359,MNQ,1m,1788411000000,29221.25,29222.5,29218.0,29220.0,176.0,epoch_floor
438363,MNQ,1m,1788411060000,29220.0,29223.0,29218.5,29221.25,176.0,epoch_floor
438365,MNQ,1m,1788411120000,29221.25,29224.0,29219.25,29219.75,257.0,epoch_floor
438369,MNQ,1m,1788411180000,29219.75,29221.25,29217.25,29218.25,190.0,epoch_floor
438373,MNQ,1m,1788411240000,29218.5,29221.0,29215.5,29217.0,377.0,epoch_floor
438375,MNQ,1m,1788411300000,29216.5,29218.25,29210.5,29213.25,609.0,epoch_floor
438377,MNQ,1m,1788411360000,29213.0,29214.0,29208.0,29210.5,554.0,epoch_floor
438381,MNQ,1m,1788411420000,29210.5,29213.25,29205.75,29206.25,536.0,epoch_floor
438384,MNQ,1m,1788411480000,29205.5,29209.25,29205.25,29207.0,516.0,epoch_floor
438385,MNQ,1m,1788411540000,29207.5,29208.5,29204.5,29207.5,404.0,epoch_floor
438401,MNQ,1m,1788411600000,29207.75,29208.75,29205.0,29206.75,622.0,epoch_floor
438403,MNQ,1m,1788411660000,29206.75,29207.25,29189.75,29189.75,2330.0,epoch_floor
438405,MNQ,1m,1788411720000,29190.25,29193.75,29189.0,29190.25,810.0,epoch_floor
438409,MNQ,1m,1788411780000,29190.0,29190.5,29180.5,29182.5,1542.0,epoch_floor
438413,MNQ,1m,1788411840000,29182.25,29184.75,29176.5,29177.0,1143.0,epoch_floor
438415,MNQ,1m,1788411900000,29176.75,29179.25,29171.25,29177.25,1422.0,epoch_floor
438419,MNQ,1m,1788411960000,29177.0,29177.5,29167.75,29169.25,1312.0,epoch_floor
438421,MNQ,1m,1788412020000,29169.75,29172.25,29165.75,29169.0,814.0,epoch_floor
438423,MNQ,1m,1788412080000,29168.25,29169.0,29161.5,29166.0,1009.0,epoch_floor
438427,MNQ,1m,1788412140000,29166.25,29167.5,29156.75,29162.0,1504.0,epoch_floor
438431,MNQ,1m,1788412200000,29162.0,29168.0,29156.0,29158.0,1365.0,epoch_floor
438433,MNQ,1m,1788412260000,29157.5,29160.25,29153.0,29157.25,1086.0,epoch_floor
438437,MNQ,1m,1788412320000,29157.0,29161.25,29152.75,29153.0,926.0,epoch_floor
438439,MNQ,1m,1788412380000,29153.0,29158.25,29148.0,29152.5,1356.0,epoch_floor
438441,MNQ,1m,1788412440000,29152.5,29153.25,29141.0,29148.5,1836.0,epoch_floor
438449,MNQ,1m,1788412500000,29148.0,29149.25,29140.0,29144.75,1273.0,epoch_floor
438451,MNQ,1m,1788412560000,29144.5,29147.5,29135.0,29138.0,1616.0,epoch_floor
438455,MNQ,1m,1788412620000,29137.25,29140.25,29120.75,29125.75,3714.0,epoch_floor
438457,MNQ,1m,1788412680000,29126.25,29134.25,29116.5,29123.5,2897.0,epoch_floor
438461,MNQ,1m,1788412740000,29123.5,29124.25,29105.25,29110.25,2841.0,epoch_floor
438463,MNQ,1m,1788412800000,29109.75,29115.25,29100.75,29104.75,2230.0,epoch_floor
438467,MNQ,1m,1788412860000,29104.25,29107.75,29095.0,29099.5,2940.0,epoch_floor
438469,MNQ,1m,1788412920000,29099.5,29107.25,29086.0,29089.75,2417.0,epoch_floor
438473,MNQ,1m,1788412980000,29089.5,29092.5,29075.0,29090.75,3013.0,epoch_floor
438475,MNQ,1m,1788413040000,29090.5,29096.75,29082.0,29093.5,2251.0,epoch_floor
438479,MNQ,1m,1788413100000,29093.5,29107.0,29079.25,29080.5,2851.0,epoch_floor
438481,MNQ,1m,1788413160000,29080.5,29088.0,29079.25,29080.25,1156.0,epoch_floor
438485,MNQ,1m,1788413220000,29080.25,29090.75,29075.5,29087.75,1856.0,epoch_floor
438487,MNQ,1m,1788413280000,29089.0,29108.5,29086.25,29104.0,2242.0,epoch_floor
438489,MNQ,1m,1788413340000,29102.75,29110.75,29100.75,29103.0,1392.0,epoch_floor
438499,MNQ,1m,1788413400000,29103.0,29120.0,29101.0,29106.5,2908.0,epoch_floor
438501,MNQ,1m,1788413460000,29106.0,29112.5,29097.0,29104.5,2081.0,epoch_floor
438503,MNQ,1m,1788413520000,29104.75,29115.0,29104.0,29110.5,1109.0,epoch_floor
438508,MNQ,1m,1788413580000,29111.0,29124.0,29110.0,29121.5,1611.0,epoch_floor
438509,MNQ,1m,1788413640000,29121.25,29140.25,29121.0,29138.5,2373.0,epoch_floor
438513,MNQ,1m,1788413700000,29139.0,29142.75,29128.5,29129.75,2170.0,epoch_floor
438518,MNQ,1m,1788413760000,29129.5,29133.5,29118.25,29132.25,2184.0,epoch_floor
438520,MNQ,1m,1788413820000,29131.75,29141.0,29127.25,29135.0,1799.0,epoch_floor
438521,MNQ,1m,1788413880000,29135.25,29138.0,29131.25,29132.5,1015.0,epoch_floor
438525,MNQ,1m,1788413940000,29133.25,29148.75,29133.25,29138.0,2222.0,epoch_floor
438529,MNQ,1m,1788414000000,29138.0,29138.5,29122.5,29132.5,1662.0,epoch_floor
438531,MNQ,1m,1788414060000,29132.5,29140.5,29121.5,29139.0,1848.0,epoch_floor
438535,MNQ,1m,1788414120000,29139.25,29144.0,29134.25,29143.25,1343.0,epoch_floor
438537,MNQ,1m,1788414180000,29142.75,29145.5,29138.5,29141.75,828.0,epoch_floor
438539,MNQ,1m,1788414240000,29142.0,29152.5,29140.75,29142.25,1579.0,epoch_floor
438547,MNQ,1m,1788414300000,29142.0,29146.25,29138.75,29140.0,897.0,epoch_floor
438549,MNQ,1m,1788414360000,29140.25,29141.75,29134.0,29136.25,1239.0,epoch_floor
438551,MNQ,1m,1788414420000,29137.0,29153.0,29127.5,29152.25,1924.0,epoch_floor
438555,MNQ,1m,1788414480000,29152.25,29155.25,29147.5,29154.25,1257.0,epoch_floor
438559,MNQ,1m,1788414540000,29154.0,29169.75,29153.75,29169.75,1948.0,epoch_floor
438561,MNQ,1m,1788414600000,29169.25,29172.75,29163.75,29172.0,1350.0,epoch_floor
438566,MNQ,1m,1788414660000,29172.5,29180.5,29171.5,29180.5,1252.0,epoch_floor
438567,MNQ,1m,1788414720000,29180.0,29186.75,29179.5,29181.5,1693.0,epoch_floor
438571,MNQ,1m,1788414780000,29182.0,29188.5,29180.25,29185.75,1083.0,epoch_floor
438575,MNQ,1m,1788414840000,29185.75,29186.25,29168.5,29173.5,1867.0,epoch_floor
438577,MNQ,1m,1788414900000,29173.25,29179.75,29171.0,29173.75,786.0,epoch_floor
438579,MNQ,1m,1788414960000,29174.25,29186.75,29173.25,29186.25,1327.0,epoch_floor
438583,MNQ,1m,1788415020000,29186.0,29187.25,29180.0,29182.0,641.0,epoch_floor
438586,MNQ,1m,1788415080000,29182.0,29185.0,29180.5,29185.0,416.0,epoch_floor
438597,MNQ,1m,1788415140000,29184.25,29189.25,29183.25,29188.75,761.0,epoch_floor
438605,MNQ,1m,1788415200000,29188.5,29197.0,29183.0,29187.75,2044.0,epoch_floor
438607,MNQ,1m,1788415260000,29187.75,29188.25,29177.25,29179.0,1650.0,epoch_floor
438609,MNQ,1m,1788415320000,29179.25,29181.5,29174.25,29176.75,1045.0,epoch_floor
438613,MNQ,1m,1788415380000,29175.75,29182.75,29175.25,29181.5,871.0,epoch_floor
438615,MNQ,1m,1788415440000,29181.25,29198.0,29180.0,29192.25,1844.0,epoch_floor
438619,MNQ,1m,1788415500000,29191.75,29198.0,29189.0,29196.25,1033.0,epoch_floor
438624,MNQ,1m,1788415560000,29197.25,29204.25,29195.75,29196.75,1506.0,epoch_floor
438625,MNQ,1m,1788415620000,29196.5,29199.0,29185.5,29187.75,1007.0,epoch_floor
438629,MNQ,1m,1788415680000,29187.5,29192.5,29185.5,29188.5,610.0,epoch_floor
438631,MNQ,1m,1788415740000,29188.25,29188.75,29176.0,29176.75,877.0,epoch_floor
438636,MNQ,1m,1788415800000,29176.75,29177.5,29171.25,29173.75,1231.0,epoch_floor
438637,MNQ,1m,1788415860000,29174.5,29174.75,29163.75,29164.75,1215.0,epoch_floor
438641,MNQ,1m,1788415920000,29164.25,29176.5,29164.25,29175.25,1005.0,epoch_floor
438643,MNQ,1m,1788415980000,29175.5,29175.5,29163.0,29163.0,846.0,epoch_floor
438645,MNQ,1m,1788416040000,29163.0,29174.75,29162.5,29169.5,852.0,epoch_floor
438653,MNQ,1m,1788416100000,29169.0,29178.0,29167.5,29174.5,786.0,epoch_floor
438656,MNQ,1m,1788416160000,29174.5,29175.25,29166.75,29171.0,746.0,epoch_floor
438657,MNQ,1m,1788416220000,29170.5,29175.25,29169.25,29172.5,330.0,epoch_floor
438662,MNQ,1m,1788416280000,29174.25,29180.5,29171.75,29172.5,817.0,epoch_floor
438663,MNQ,1m,1788416340000,29172.25,29173.25,29167.5,29171.25,524.0,epoch_floor
438667,MNQ,1m,1788416400000,29171.0,29176.25,29169.0,29175.75,477.0,epoch_floor
438672,MNQ,1m,1788416460000,29175.5,29178.75,29168.25,29173.5,742.0,epoch_floor
438673,MNQ,1m,1788416520000,29174.25,29179.0,29172.75,29174.25,476.0,epoch_floor
438675,MNQ,1m,1788416580000,29174.25,29175.25,29171.0,29174.25,350.0,epoch_floor
438681,MNQ,1m,1788416640000,29174.0,29175.0,29164.0,29165.25,677.0,epoch_floor
438683,MNQ,1m,1788416700000,29166.0,29170.0,29160.5,29164.5,617.0,epoch_floor
438685,MNQ,1m,1788416760000,29164.75,29169.75,29163.25,29168.0,612.0,epoch_floor
438689,MNQ,1m,1788416820000,29168.75,29172.75,29168.0,29172.0,560.0,epoch_floor
438691,MNQ,1m,1788416880000,29171.5,29176.5,29166.25,29173.75,719.0,epoch_floor
438693,MNQ,1m,1788416940000,29174.25,29181.0,29169.25,29177.75,956.0,epoch_floor
438703,MNQ,1m,1788417000000,29177.5,29180.25,29166.0,29174.75,1920.0,epoch_floor
438705,MNQ,1m,1788417060000,29174.75,29188.25,29172.0,29184.75,970.0,epoch_floor
438707,MNQ,1m,1788417120000,29185.25,29186.25,29170.0,29171.0,911.0,epoch_floor
438711,MNQ,1m,1788417180000,29171.0,29175.0,29165.75,29172.0,831.0,epoch_floor
438713,MNQ,1m,1788417240000,29172.75,29180.75,29170.5,29180.25,486.0,epoch_floor
438717,MNQ,1m,1788417300000,29180.0,29184.0,29178.0,29182.75,628.0,epoch_floor
438721,MNQ,1m,1788417360000,29182.75,29183.5,29176.5,29178.25,353.0,epoch_floor
438723,MNQ,1m,1788417420000,29179.0,29186.5,29168.25,29169.5,961.0,epoch_floor
438725,MNQ,1m,1788417480000,29170.0,29172.75,29163.75,29169.75,923.0,epoch_floor
438731,MNQ,1m,1788417540000,29169.5,29183.0,29167.25,29176.25,774.0,epoch_floor
438733,MNQ,1m,1788417600000,29176.25,29182.25,29174.5,29177.75,519.0,epoch_floor
438737,MNQ,1m,1788417660000,29178.0,29185.0,29177.75,29179.25,584.0,epoch_floor
438739,MNQ,1m,1788417720000,29179.0,29181.0,29177.5,29178.5,304.0,epoch_floor
438741,MNQ,1m,1788417780000,29178.5,29184.0,29178.25,29182.25,347.0,epoch_floor
438747,MNQ,1m,1788417840000,29182.25,29183.75,29180.75,29181.5,235.0,epoch_floor
438751,MNQ,1m,1788417900000,29181.75,29183.0,29175.75,29179.5,455.0,epoch_floor
438753,MNQ,1m,1788417960000,29180.0,29182.25,29172.5,29173.5,408.0,epoch_floor
438755,MNQ,1m,1788418020000,29174.0,29174.5,29171.0,29172.0,320.0,epoch_floor
438759,MNQ,1m,1788418080000,29172.0,29173.75,29169.0,29171.0,436.0,epoch_floor
438763,MNQ,1m,1788418140000,29171.5,29176.25,29171.25,29175.0,350.0,epoch_floor
438767,MNQ,1m,1788418200000,29174.5,29175.0,29165.5,29170.0,464.0,epoch_floor
438769,MNQ,1m,1788418260000,29169.0,29173.0,29166.25,29170.75,312.0,epoch_floor
438771,MNQ,1m,1788418320000,29170.75,29171.5,29168.5,29170.25,205.0,epoch_floor
438773,MNQ,1m,1788418380000,29170.25,29171.25,29168.0,29168.5,222.0,epoch_floor
438777,MNQ,1m,1788418440000,29168.25,29174.0,29167.0,29167.75,289.0,epoch_floor
438781,MNQ,1m,1788418500000,29168.0,29169.25,29165.25,29166.0,379.0,epoch_floor
438783,MNQ,1m,1788418560000,29166.25,29169.25,29164.25,29165.75,270.0,epoch_floor
438787,MNQ,1m,1788418620000,29165.75,29166.5,29161.25,29163.0,464.0,epoch_floor
438789,MNQ,1m,1788418680000,29163.0,29165.5,29158.25,29164.25,579.0,epoch_floor
438791,MNQ,1m,1788418740000,29164.25,29176.75,29164.25,29173.5,843.0,epoch_floor
438803,MNQ,1m,1788418800000,29173.25,29193.0,29159.25,29191.5,2517.0,epoch_floor
438806,MNQ,1m,1788418860000,29191.0,29191.25,29174.25,29176.75,1342.0,epoch_floor
438807,MNQ,1m,1788418920000,29178.0,29193.5,29174.5,29193.25,1024.0,epoch_floor
438811,MNQ,1m,1788418980000,29193.75,29200.0,29184.75,29190.75,1233.0,epoch_floor
438813,MNQ,1m,1788419040000,29190.5,29207.0,29190.25,29206.5,1474.0,epoch_floor
438817,MNQ,1m,1788419100000,29206.25,29233.25,29206.0,29224.0,2806.0,epoch_floor
438822,MNQ,1m,1788419160000,29223.5,29223.5,29201.0,29212.0,1801.0,epoch_floor
438823,MNQ,1m,1788419220000,29211.75,29213.0,29197.75,29199.75,952.0,epoch_floor
438825,MNQ,1m,1788419280000,29199.0,29205.0,29194.0,29194.5,881.0,epoch_floor
438831,MNQ,1m,1788419340000,29194.0,29203.75,29193.25,29196.0,809.0,epoch_floor
438833,MNQ,1m,1788419400000,29195.75,29200.25,29189.0,29195.25,1130.0,epoch_floor
438835,MNQ,1m,1788419460000,29196.0,29204.25,29195.5,29199.25,506.0,epoch_floor
438840,MNQ,1m,1788419520000,29199.0,29203.75,29191.0,29194.0,389.0,epoch_floor
438842,MNQ,1m,1788419580000,29194.25,29205.0,29191.25,29201.75,397.0,epoch_floor
438843,MNQ,1m,1788419640000,29201.5,29205.5,29201.0,29205.25,292.0,epoch_floor
438851,MNQ,1m,1788419700000,29204.25,29205.75,29193.25,29200.25,434.0,epoch_floor
438853,MNQ,1m,1788419760000,29201.5,29207.5,29196.75,29199.5,407.0,epoch_floor
438855,MNQ,1m,1788419820000,29199.0,29205.0,29193.5,29197.0,320.0,epoch_floor
438859,MNQ,1m,1788419880000,29197.25,29204.25,29194.75,29201.5,246.0,epoch_floor
438861,MNQ,1m,1788419940000,29201.0,29206.0,29199.5,29203.75,307.0,epoch_floor
438865,MNQ,1m,1788420000000,29201.75,29207.25,29199.75,29205.5,376.0,epoch_floor
438869,MNQ,1m,1788420060000,29205.0,29210.0,29202.25,29207.75,429.0,epoch_floor
438871,MNQ,1m,1788420120000,29208.0,29210.0,29203.25,29208.0,341.0,epoch_floor
438875,MNQ,1m,1788420180000,29208.0,29211.75,29206.25,29210.5,416.0,epoch_floor
438877,MNQ,1m,1788420240000,29211.0,29211.0,29205.75,29207.0,220.0,epoch_floor
438882,MNQ,1m,1788420300000,29207.5,29207.75,29184.5,29185.0,1280.0,epoch_floor
438883,MNQ,1m,1788420360000,29184.0,29188.0,29179.25,29182.5,1155.0,epoch_floor
438888,MNQ,1m,1788420420000,29183.25,29201.75,29182.0,29196.5,1089.0,epoch_floor
438889,MNQ,1m,1788420480000,29196.75,29211.25,29196.5,29208.75,976.0,epoch_floor
438896,MNQ,1m,1788420540000,29208.75,29210.75,29198.75,29202.75,639.0,epoch_floor
438901,MNQ,1m,1788420600000,29202.75,29207.0,29192.0,29197.25,1198.0,epoch_floor
438903,MNQ,1m,1788420660000,29197.0,29200.5,29194.25,29199.75,473.0,epoch_floor
438907,MNQ,1m,1788420720000,29200.25,29209.75,29198.75,29208.75,471.0,epoch_floor
438909,MNQ,1m,1788420780000,29209.5,29215.25,29206.75,29210.25,887.0,epoch_floor
438911,MNQ,1m,1788420840000,29209.75,29216.5,29208.25,29216.0,554.0,epoch_floor
438915,MNQ,1m,1788420900000,29215.75,29221.25,29201.5,29202.25,1144.0,epoch_floor
438919,MNQ,1m,1788420960000,29202.75,29212.25,29200.75,29203.5,591.0,epoch_floor
438922,MNQ,1m,1788421020000,29204.25,29207.0,29201.5,29204.0,362.0,epoch_floor
438923,MNQ,1m,1788421080000,29202.75,29214.25,29202.25,29213.25,341.0,epoch_floor
438929,MNQ,1m,1788421140000,29213.5,29228.5,29212.75,29227.75,948.0,epoch_floor
438931,MNQ,1m,1788421200000,29227.25,29235.0,29221.5,29234.75,1095.0,epoch_floor
438933,MNQ,1m,1788421260000,29234.25,29241.0,29231.25,29240.75,962.0,epoch_floor
438937,MNQ,1m,1788421320000,29240.5,29242.5,29237.0,29239.25,537.0,epoch_floor
438939,MNQ,1m,1788421380000,29240.0,29245.75,29238.0,29242.5,670.0,epoch_floor
438941,MNQ,1m,1788421440000,29242.0,29244.5,29238.75,29240.75,470.0,epoch_floor
438949,MNQ,1m,1788421500000,29240.5,29241.5,29223.0,29223.0,1110.0,epoch_floor
438952,MNQ,1m,1788421560000,29223.5,29229.75,29219.0,29223.5,857.0,epoch_floor
438953,MNQ,1m,1788421620000,29224.5,29225.0,29207.0,29209.5,1164.0,epoch_floor
438958,MNQ,1m,1788421680000,29208.75,29210.0,29199.25,29201.75,753.0,epoch_floor
438959,MNQ,1m,1788421740000,29201.25,29203.0,29191.5,29194.25,878.0,epoch_floor
438963,MNQ,1m,1788421800000,29193.75,29198.0,29187.5,29187.5,878.0,epoch_floor
438967,MNQ,1m,1788421860000,29187.5,29192.25,29183.0,29189.0,801.0,epoch_floor
438969,MNQ,1m,1788421920000,29189.0,29206.75,29187.75,29206.25,851.0,epoch_floor
438971,MNQ,1m,1788421980000,29206.5,29212.0,29204.5,29209.75,802.0,epoch_floor
438977,MNQ,1m,1788422040000,29209.5,29223.5,29208.0,29222.25,797.0,epoch_floor
438979,MNQ,1m,1788422100000,29222.0,29222.75,29209.5,29213.5,582.0,epoch_floor
438983,MNQ,1m,1788422160000,29213.0,29221.25,29211.75,29215.75,482.0,epoch_floor
438986,MNQ,1m,1788422220000,29215.25,29223.75,29215.25,29217.75,463.0,epoch_floor
438987,MNQ,1m,1788422280000,29216.5,29224.0,29215.75,29221.5,309.0,epoch_floor
438996,MNQ,1m,1788422340000,29221.25,29222.25,29216.75,29220.25,259.0,epoch_floor
439004,MNQ,1m,1788422400000,29219.75,29247.5,29218.75,29244.5,2507.0,epoch_floor
439005,MNQ,1m,1788422460000,29245.5,29251.25,29236.25,29236.5,1434.0,epoch_floor
439007,MNQ,1m,1788422520000,29236.25,29238.0,29219.25,29219.75,1172.0,epoch_floor
439012,MNQ,1m,1788422580000,29220.5,29272.25,29212.75,29270.75,7000.0,epoch_floor
439015,MNQ,1m,1788422640000,29269.75,29279.0,29254.25,29257.0,2459.0,epoch_floor
439017,MNQ,1m,1788422700000,29257.75,29281.25,29257.75,29264.0,2910.0,epoch_floor
439021,MNQ,1m,1788422760000,29264.5,29283.5,29256.0,29277.5,2690.0,epoch_floor
439024,MNQ,1m,1788422820000,29278.25,29293.0,29273.75,29288.75,2027.0,epoch_floor
439025,MNQ,1m,1788422880000,29289.5,29291.0,29268.75,29270.25,1223.0,epoch_floor
439029,MNQ,1m,1788422940000,29269.5,29272.25,29240.5,29245.5,1921.0,epoch_floor
439033,MNQ,1m,1788423000000,29244.75,29255.25,29244.0,29255.25,1009.0,epoch_floor
439035,MNQ,1m,1788423060000,29254.5,29266.5,29250.75,29259.5,1428.0,epoch_floor
439040,MNQ,1m,1788423120000,29260.25,29261.75,29242.75,29245.5,1531.0,epoch_floor
439042,MNQ,1m,1788423180000,29246.25,29256.5,29242.25,29245.0,930.0,epoch_floor
439043,MNQ,1m,1788423240000,29244.25,29254.25,29240.5,29247.0,776.0,epoch_floor
439052,MNQ,1m,1788423300000,29247.0,29250.0,29241.75,29242.5,757.0,epoch_floor
439053,MNQ,1m,1788423360000,29241.5,29250.5,29238.5,29241.75,1341.0,epoch_floor
439055,MNQ,1m,1788423420000,29242.25,29250.0,29241.25,29242.0,751.0,epoch_floor
439059,MNQ,1m,1788423480000,29242.25,29243.25,29233.25,29237.0,794.0,epoch_floor
439061,MNQ,1m,1788423540000,29237.0,29249.0,29236.0,29247.0,669.0,epoch_floor
439065,MNQ,1m,1788423600000,29247.25,29253.5,29244.5,29252.5,533.0,epoch_floor
439070,MNQ,1m,1788423660000,29252.0,29253.5,29245.75,29247.75,500.0,epoch_floor
439071,MNQ,1m,1788423720000,29247.0,29249.5,29240.25,29245.5,665.0,epoch_floor
439073,MNQ,1m,1788423780000,29245.0,29248.75,29232.0,29237.75,683.0,epoch_floor
439079,MNQ,1m,1788423840000,29237.75,29242.5,29235.5,29241.75,441.0,epoch_floor
439082,MNQ,1m,1788423900000,29239.5,29248.25,29239.25,29242.0,547.0,epoch_floor
439083,MNQ,1m,1788423960000,29242.0,29249.0,29241.5,29243.75,445.0,epoch_floor
439087,MNQ,1m,1788424020000,29243.5,29264.0,29242.75,29261.0,1091.0,epoch_floor
439090,MNQ,1m,1788424080000,29261.25,29263.0,29238.25,29243.0,955.0,epoch_floor
439095,MNQ,1m,1788424140000,29244.0,29260.75,29242.25,29257.5,947.0,epoch_floor
439101,MNQ,1m,1788424200000,29256.25,29256.75,29239.0,29251.25,863.0,epoch_floor
439103,MNQ,1m,1788424260000,29252.0,29252.75,29240.5,29242.5,553.0,epoch_floor
439105,MNQ,1m,1788424320000,29243.25,29250.75,29239.75,29249.5,639.0,epoch_floor
439109,MNQ,1m,1788424380000,29249.25,29253.0,29242.0,29247.75,496.0,epoch_floor
439111,MNQ,1m,1788424440000,29248.25,29252.0,29242.5,29242.75,464.0,epoch_floor
439117,MNQ,1m,1788424500000,29243.5,29247.5,29242.25,29246.0,372.0,epoch_floor
439119,MNQ,1m,1788424560000,29245.75,29250.0,29239.0,29242.75,524.0,epoch_floor
439121,MNQ,1m,1788424620000,29243.0,29249.5,29242.25,29249.5,376.0,epoch_floor
439123,MNQ,1m,1788424680000,29249.25,29251.75,29237.25,29240.25,492.0,epoch_floor
439127,MNQ,1m,1788424740000,29240.25,29240.5,29227.75,29228.5,881.0,epoch_floor
439131,MNQ,1m,1788424800000,29228.0,29237.75,29227.25,29233.75,611.0,epoch_floor
439133,MNQ,1m,1788424860000,29234.25,29238.5,29230.75,29236.5,310.0,epoch_floor
439137,MNQ,1m,1788424920000,29236.5,29238.0,29230.25,29232.25,310.0,epoch_floor
439140,MNQ,1m,1788424980000,29231.75,29233.75,29229.0,29230.75,236.0,epoch_floor
439141,MNQ,1m,1788425040000,29231.5,29234.25,29226.25,29227.0,373.0,epoch_floor
439149,MNQ,1m,1788425100000,29227.75,29233.75,29227.75,29233.5,311.0,epoch_floor
439151,MNQ,1m,1788425160000,29233.0,29235.5,29230.75,29233.5,329.0,epoch_floor
439155,MNQ,1m,1788425220000,29233.25,29235.5,29231.75,29232.0,186.0,epoch_floor
439157,MNQ,1m,1788425280000,29231.75,29232.75,29223.25,29223.25,444.0,epoch_floor
439159,MNQ,1m,1788425340000,29224.0,29234.25,29224.0,29233.75,538.0,epoch_floor
439163,MNQ,1m,1788425400000,29233.5,29233.75,29227.25,29227.5,290.0,epoch_floor
439168,MNQ,1m,1788425460000,29227.5,29227.5,29216.75,29218.0,735.0,epoch_floor
439169,MNQ,1m,1788425520000,29218.0,29225.25,29215.25,29223.75,570.0,epoch_floor
439171,MNQ,1m,1788425580000,29223.5,29226.75,29220.25,29225.25,220.0,epoch_floor
439176,MNQ,1m,1788425640000,29224.75,29229.5,29222.5,29226.25,317.0,epoch_floor
439179,MNQ,1m,1788425700000,29225.75,29228.0,29223.0,29223.0,236.0,epoch_floor
439183,MNQ,1m,1788425760000,29223.25,29229.25,29220.0,29221.75,385.0,epoch_floor
439185,MNQ,1m,1788425820000,29221.5,29227.5,29221.0,29225.5,272.0,epoch_floor
439187,MNQ,1m,1788425880000,29225.0,29225.5,29223.0,29225.5,106.0,epoch_floor
439195,MNQ,1m,1788425940000,29225.0,29225.0,29214.0,29216.75,492.0,epoch_floor
439201,MNQ,1m,1788426000000,29217.5,29224.75,29215.5,29219.5,585.0,epoch_floor
439203,MNQ,1m,1788426060000,29219.5,29222.25,29214.0,29216.5,540.0,epoch_floor
439205,MNQ,1m,1788426120000,29216.25,29224.25,29215.75,29215.75,402.0,epoch_floor
439209,MNQ,1m,1788426180000,29216.75,29219.0,29212.75,29217.25,347.0,epoch_floor
439211,MNQ,1m,1788426240000,29218.75,29220.75,29213.75,29218.5,286.0,epoch_floor
439217,MNQ,1m,1788426300000,29219.25,29220.0,29213.25,29218.25,217.0,epoch_floor
439220,MNQ,1m,1788426360000,29216.75,29219.0,29210.75,29218.0,402.0,epoch_floor
439221,MNQ,1m,1788426420000,29217.75,29221.5,29217.75,29220.25,190.0,epoch_floor
439225,MNQ,1m,1788426480000,29220.25,29222.75,29217.5,29218.0,372.0,epoch_floor
439227,MNQ,1m,1788426540000,29218.5,29221.75,29217.0,29219.5,226.0,epoch_floor
439232,MNQ,1m,1788426600000,29219.75,29221.5,29216.25,29220.25,282.0,epoch_floor
439233,MNQ,1m,1788426660000,29219.0,29222.25,29216.0,29221.75,253.0,epoch_floor
439237,MNQ,1m,1788426720000,29221.25,29221.25,29215.25,29217.5,321.0,epoch_floor
439240,MNQ,1m,1788426780000,29216.75,29217.0,29212.0,29216.5,408.0,epoch_floor
439245,MNQ,1m,1788426840000,29215.75,29226.0,29214.0,29223.0,513.0,epoch_floor
439249,MNQ,1m,1788426900000,29223.5,29224.0,29216.25,29221.0,232.0,epoch_floor
439251,MNQ,1m,1788426960000,29220.5,29223.5,29213.5,29221.25,392.0,epoch_floor
439253,MNQ,1m,1788427020000,29221.75,29223.5,29218.0,29222.75,177.0,epoch_floor
439257,MNQ,1m,1788427080000,29222.5,29223.25,29219.75,29221.75,207.0,epoch_floor
439259,MNQ,1m,1788427140000,29221.25,29221.25,29205.0,29212.25,891.0,epoch_floor
439263,MNQ,1m,1788427200000,29212.0,29216.75,29206.25,29208.5,521.0,epoch_floor
439267,MNQ,1m,1788427260000,29208.75,29210.75,29193.5,29197.5,1265.0,epoch_floor
439269,MNQ,1m,1788427320000,29197.75,29200.5,29194.25,29194.75,603.0,epoch_floor
439271,MNQ,1m,1788427380000,29194.75,29201.5,29194.75,29200.0,393.0,epoch_floor
439277,MNQ,1m,1788427440000,29199.5,29206.0,29196.25,29197.25,492.0,epoch_floor
439279,MNQ,1m,1788427500000,29196.5,29198.25,29189.0,29191.75,683.0,epoch_floor
439281,MNQ,1m,1788427560000,29191.5,29203.0,29188.75,29201.0,503.0,epoch_floor
439285,MNQ,1m,1788427620000,29200.75,29201.5,29194.0,29197.25,308.0,epoch_floor
439287,MNQ,1m,1788427680000,29196.5,29198.25,29191.0,29192.25,300.0,epoch_floor
439294,MNQ,1m,1788427740000,29192.75,29194.25,29187.75,29187.75,336.0,epoch_floor
439299,MNQ,1m,1788427800000,29187.5,29197.5,29187.25,29188.0,525.0,epoch_floor
439301,MNQ,1m,1788427860000,29188.75,29195.0,29181.75,29185.0,586.0,epoch_floor
439305,MNQ,1m,1788427920000,29185.25,29187.25,29179.5,29186.5,738.0,epoch_floor
439307,MNQ,1m,1788427980000,29186.75,29193.25,29184.5,29192.0,509.0,epoch_floor
439309,MNQ,1m,1788428040000,29192.0,29198.75,29187.0,29188.5,536.0,epoch_floor
439313,MNQ,1m,1788428100000,29188.75,29190.5,29178.75,29187.5,568.0,epoch_floor
439318,MNQ,1m,1788428160000,29187.0,29187.0,29177.5,29179.25,427.0,epoch_floor
439319,MNQ,1m,1788428220000,29179.25,29180.25,29173.75,29178.0,629.0,epoch_floor
439321,MNQ,1m,1788428280000,29177.75,29182.0,29177.0,29180.75,372.0,epoch_floor
439325,MNQ,1m,1788428340000,29180.5,29182.5,29174.75,29178.75,469.0,epoch_floor
439329,MNQ,1m,1788428400000,29178.25,29179.25,29169.0,29172.25,748.0,epoch_floor
439331,MNQ,1m,1788428460000,29171.75,29178.5,29171.75,29176.25,463.0,epoch_floor
439335,MNQ,1m,1788428520000,29176.0,29177.25,29171.25,29173.0,430.0,epoch_floor
439337,MNQ,1m,1788428580000,29172.25,29177.75,29171.25,29173.25,320.0,epoch_floor
439339,MNQ,1m,1788428640000,29173.0,29177.25,29169.75,29177.25,478.0,epoch_floor
439347,MNQ,1m,1788428700000,29177.0,29177.0,29166.5,29170.25,606.0,epoch_floor
439350,MNQ,1m,1788428760000,29170.0,29173.75,29169.5,29171.75,404.0,epoch_floor
439351,MNQ,1m,1788428820000,29171.75,29175.0,29161.25,29162.75,695.0,epoch_floor
439356,MNQ,1m,1788428880000,29162.75,29170.25,29162.75,29168.5,415.0,epoch_floor
439357,MNQ,1m,1788428940000,29168.75,29169.25,29149.5,29154.25,1752.0,epoch_floor
439361,MNQ,1m,1788429000000,29154.25,29166.25,29153.0,29161.75,1002.0,epoch_floor
439365,MNQ,1m,1788429060000,29162.0,29164.5,29156.0,29164.25,733.0,epoch_floor
439367,MNQ,1m,1788429120000,29164.0,29166.0,29159.0,29161.0,417.0,epoch_floor
439369,MNQ,1m,1788429180000,29160.5,29162.0,29148.5,29151.25,1024.0,epoch_floor
439375,MNQ,1m,1788429240000,29151.0,29155.75,29147.5,29147.75,632.0,epoch_floor
439378,MNQ,1m,1788429300000,29148.5,29150.25,29138.25,29145.0,1290.0,epoch_floor
439379,MNQ,1m,1788429360000,29144.75,29145.0,29139.25,29140.75,512.0,epoch_floor
439383,MNQ,1m,1788429420000,29142.25,29146.75,29140.75,29146.25,452.0,epoch_floor
439385,MNQ,1m,1788429480000,29146.0,29149.0,29127.0,29131.5,2096.0,epoch_floor
439398,MNQ,1m,1788429540000,29131.75,29141.25,29131.75,29137.0,765.0,epoch_floor
439407,MNQ,1m,1788429600000,29138.0,29147.75,29135.0,29138.25,1023.0,epoch_floor
439409,MNQ,1m,1788429660000,29138.0,29154.0,29137.5,29152.0,1032.0,epoch_floor
439411,MNQ,1m,1788429720000,29152.75,29154.0,29147.25,29150.25,623.0,epoch_floor
439416,MNQ,1m,1788429780000,29150.25,29151.25,29145.0,29149.5,479.0,epoch_floor
439419,MNQ,1m,1788429840000,29149.75,29153.25,29142.5,29149.75,738.0,epoch_floor
439421,MNQ,1m,1788429900000,29149.5,29159.25,29149.25,29153.25,894.0,epoch_floor
439425,MNQ,1m,1788429960000,29153.0,29155.0,29147.75,29148.25,553.0,epoch_floor
439427,MNQ,1m,1788430020000,29148.0,29155.5,29144.75,29152.25,481.0,epoch_floor
439429,MNQ,1m,1788430080000,29152.75,29154.5,29145.5,29149.75,466.0,epoch_floor
439433,MNQ,1m,1788430140000,29149.75,29149.75,29140.75,29142.25,610.0,epoch_floor
439437,MNQ,1m,1788430200000,29141.75,29144.0,29138.5,29142.5,643.0,epoch_floor
439439,MNQ,1m,1788430260000,29141.75,29144.0,29135.5,29136.75,687.0,epoch_floor
439443,MNQ,1m,1788430320000,29137.25,29142.75,29124.75,29128.0,1243.0,epoch_floor
439445,MNQ,1m,1788430380000,29128.25,29131.75,29122.75,29124.25,912.0,epoch_floor
439451,MNQ,1m,1788430440000,29123.5,29127.0,29120.0,29125.0,1128.0,epoch_floor
439455,MNQ,1m,1788430500000,29125.0,29133.25,29124.25,29131.5,776.0,epoch_floor
439458,MNQ,1m,1788430560000,29131.0,29131.5,29123.0,29127.25,581.0,epoch_floor
439459,MNQ,1m,1788430620000,29127.0,29133.0,29120.75,29127.75,645.0,epoch_floor
439463,MNQ,1m,1788430680000,29127.75,29134.75,29126.75,29133.0,423.0,epoch_floor
439465,MNQ,1m,1788430740000,29133.0,29133.0,29123.0,29128.0,608.0,epoch_floor
439469,MNQ,1m,1788430800000,29129.25,29130.25,29125.75,29128.75,194.0,epoch_floor
439474,MNQ,1m,1788430860000,29128.25,29131.75,29123.25,29129.0,462.0,epoch_floor
439476,MNQ,1m,1788430920000,29128.75,29130.5,29126.25,29127.25,257.0,epoch_floor
439479,MNQ,1m,1788430980000,29126.25,29129.25,29124.75,29126.75,221.0,epoch_floor
439481,MNQ,1m,1788431040000,29128.0,29128.75,29121.5,29122.75,424.0,epoch_floor
439485,MNQ,1m,1788431100000,29122.25,29129.5,29122.25,29125.75,374.0,epoch_floor
439487,MNQ,1m,1788431160000,29127.5,29133.75,29126.0,29133.0,460.0,epoch_floor
439491,MNQ,1m,1788431220000,29132.25,29133.25,29125.75,29127.75,410.0,epoch_floor
439493,MNQ,1m,1788431280000,29128.75,29130.0,29119.25,29121.5,551.0,epoch_floor
439495,MNQ,1m,1788431340000,29121.75,29130.0,29118.75,29127.75,588.0,epoch_floor
439506,MNQ,1m,1788431400000,29127.75,29130.25,29122.25,29128.5,387.0,epoch_floor
439507,MNQ,1m,1788431460000,29127.25,29128.5,29125.25,29126.75,186.0,epoch_floor
439509,MNQ,1m,1788431520000,29126.5,29133.0,29124.75,29126.75,513.0,epoch_floor
439513,MNQ,1m,1788431580000,29126.25,29140.75,29126.25,29132.5,627.0,epoch_floor
439517,MNQ,1m,1788431640000,29133.25,29134.5,29117.5,29121.0,1092.0,epoch_floor
439519,MNQ,1m,1788431700000,29121.5,29126.25,29118.25,29118.75,645.0,epoch_floor
439523,MNQ,1m,1788431760000,29119.0,29121.0,29113.25,29113.5,702.0,epoch_floor
439525,MNQ,1m,1788431820000,29114.0,29117.75,29105.5,29114.75,1146.0,epoch_floor
439527,MNQ,1m,1788431880000,29114.5,29119.5,29112.0,29115.0,714.0,epoch_floor
439531,MNQ,1m,1788431940000,29115.75,29125.0,29115.75,29120.25,752.0,epoch_floor
439535,MNQ,1m,1788432000000,29120.5,29122.5,29118.0,29120.25,342.0,epoch_floor
439537,MNQ,1m,1788432060000,29120.0,29132.0,29117.5,29126.75,842.0,epoch_floor
439541,MNQ,1m,1788432120000,29127.5,29130.25,29122.0,29123.5,505.0,epoch_floor
439543,MNQ,1m,1788432180000,29124.25,29127.5,29124.0,29126.75,273.0,epoch_floor
439545,MNQ,1m,1788432240000,29127.25,29134.5,29126.5,29128.25,543.0,epoch_floor
439553,MNQ,1m,1788432300000,29128.75,29129.0,29121.25,29125.5,569.0,epoch_floor
439556,MNQ,1m,1788432360000,29125.75,29126.5,29119.25,29121.75,477.0,epoch_floor
439557,MNQ,1m,1788432420000,29121.5,29127.0,29121.5,29127.0,367.0,epoch_floor
439561,MNQ,1m,1788432480000,29126.25,29128.0,29112.25,29114.75,754.0,epoch_floor
439565,MNQ,1m,1788432540000,29114.0,29117.25,29107.5,29110.5,632.0,epoch_floor
439567,MNQ,1m,1788432600000,29109.75,29117.0,29108.5,29114.75,556.0,epoch_floor
439571,MNQ,1m,1788432660000,29115.0,29118.25,29109.75,29117.75,383.0,epoch_floor
439574,MNQ,1m,1788432720000,29118.0,29122.75,29116.75,29122.0,533.0,epoch_floor
439577,MNQ,1m,1788432780000,29121.5,29130.75,29121.5,29124.25,836.0,epoch_floor
439579,MNQ,1m,1788432840000,29123.5,29124.5,29120.5,29124.5,391.0,epoch_floor
439583,MNQ,1m,1788432900000,29124.25,29126.75,29122.0,29125.75,343.0,epoch_floor
439585,MNQ,1m,1788432960000,29125.25,29127.25,29118.25,29122.25,616.0,epoch_floor
439589,MNQ,1m,1788433020000,29122.25,29130.25,29114.75,29117.0,971.0,epoch_floor
439591,MNQ,1m,1788433080000,29116.75,29119.5,29114.75,29117.0,402.0,epoch_floor
439599,MNQ,1m,1788433140000,29118.0,29128.75,29116.75,29128.75,511.0,epoch_floor
439605,MNQ,1m,1788433200000,29129.0,29140.25,29118.0,29119.25,1990.0,epoch_floor
439608,MNQ,1m,1788433260000,29118.5,29120.75,29106.0,29119.5,1424.0,epoch_floor
439609,MNQ,1m,1788433320000,29119.5,29122.5,29116.75,29116.75,599.0,epoch_floor
439613,MNQ,1m,1788433380000,29116.75,29129.75,29115.5,29127.75,840.0,epoch_floor
439615,MNQ,1m,1788433440000,29127.5,29140.25,29124.25,29139.25,1230.0,epoch_floor
439621,MNQ,1m,1788433500000,29139.75,29151.5,29137.0,29150.25,1511.0,epoch_floor
439623,MNQ,1m,1788433560000,29149.75,29156.0,29147.0,29150.5,1146.0,epoch_floor
439625,MNQ,1m,1788433620000,29150.75,29153.75,29146.25,29147.5,717.0,epoch_floor
439627,MNQ,1m,1788433680000,29148.0,29171.25,29145.0,29161.0,1947.0,epoch_floor
439631,MNQ,1m,1788433740000,29161.0,29166.25,29158.5,29164.5,1183.0,epoch_floor
439636,MNQ,1m,1788433800000,29163.5,29167.0,29160.75,29162.5,721.0,epoch_floor
439637,MNQ,1m,1788433860000,29162.5,29167.5,29154.25,29154.75,820.0,epoch_floor
439641,MNQ,1m,1788433920000,29155.75,29163.25,29154.0,29160.5,583.0,epoch_floor
439643,MNQ,1m,1788433980000,29160.25,29165.75,29159.25,29163.25,572.0,epoch_floor
439645,MNQ,1m,1788434040000,29162.5,29165.0,29160.75,29164.0,330.0,epoch_floor
439654,MNQ,1m,1788434100000,29164.0,29175.0,29162.5,29170.0,1113.0,epoch_floor
439655,MNQ,1m,1788434160000,29170.0,29175.0,29167.75,29173.75,682.0,epoch_floor
439657,MNQ,1m,1788434220000,29173.75,29174.25,29166.75,29168.75,554.0,epoch_floor
439661,MNQ,1m,1788434280000,29167.75,29187.25,29161.5,29172.5,2146.0,epoch_floor
439663,MNQ,1m,1788434340000,29171.75,29172.5,29166.0,29167.0,622.0,epoch_floor
439667,MNQ,1m,1788434400000,29167.25,29168.25,29158.0,29158.75,655.0,epoch_floor
439672,MNQ,1m,1788434460000,29159.5,29163.25,29157.0,29160.25,850.0,epoch_floor
439673,MNQ,1m,1788434520000,29161.75,29162.25,29157.75,29159.25,399.0,epoch_floor
439675,MNQ,1m,1788434580000,29160.0,29162.25,29156.5,29159.5,418.0,epoch_floor
439680,MNQ,1m,1788434640000,29159.0,29174.75,29158.75,29174.25,862.0,epoch_floor
439683,MNQ,1m,1788434700000,29174.0,29176.25,29170.0,29174.25,605.0,epoch_floor
439685,MNQ,1m,1788434760000,29173.75,29179.25,29170.25,29171.25,537.0,epoch_floor
439689,MNQ,1m,1788434820000,29171.25,29173.75,29164.5,29164.5,354.0,epoch_floor
439692,MNQ,1m,1788434880000,29164.25,29165.25,29158.5,29163.5,572.0,epoch_floor
439698,MNQ,1m,1788434940000,29163.5,29169.25,29161.75,29166.75,324.0,epoch_floor
439703,MNQ,1m,1788435000000,29167.25,29174.0,29157.75,29159.25,787.0,epoch_floor
439706,MNQ,1m,1788435060000,29160.75,29164.0,29111.0,29146.0,4027.0,epoch_floor
439709,MNQ,1m,1788435120000,29145.75,29158.75,29143.75,29156.75,1049.0,epoch_floor
439712,MNQ,1m,1788435180000,29157.75,29171.75,29157.0,29170.5,1097.0,epoch_floor
439713,MNQ,1m,1788435240000,29170.75,29171.5,29165.0,29167.75,529.0,epoch_floor
439719,MNQ,1m,1788435300000,29168.0,29168.5,29161.75,29163.25,354.0,epoch_floor
439721,MNQ,1m,1788435360000,29164.0,29166.5,29158.5,29163.25,577.0,epoch_floor
439724,MNQ,1m,1788435420000,29163.25,29165.5,29154.0,29158.5,686.0,epoch_floor
439725,MNQ,1m,1788435480000,29158.25,29159.5,29148.0,29152.5,995.0,epoch_floor
439731,MNQ,1m,1788435540000,29151.75,29154.75,29143.75,29144.5,793.0,epoch_floor
439733,MNQ,1m,1788435600000,29143.5,29147.25,29137.25,29144.25,1165.0,epoch_floor
439735,MNQ,1m,1788435660000,29145.0,29146.0,29135.5,29139.75,673.0,epoch_floor
439739,MNQ,1m,1788435720000,29139.5,29148.25,29139.0,29145.75,679.0,epoch_floor
439741,MNQ,1m,1788435780000,29145.5,29150.75,29145.0,29148.25,511.0,epoch_floor
439743,MNQ,1m,1788435840000,29148.5,29149.5,29140.5,29141.75,440.0,epoch_floor
439751,MNQ,1m,1788435900000,29142.25,29143.75,29132.75,29138.5,943.0,epoch_floor
439754,MNQ,1m,1788435960000,29139.25,29142.0,29130.25,29134.5,694.0,epoch_floor
439755,MNQ,1m,1788436020000,29134.5,29134.5,29126.0,29126.5,787.0,epoch_floor
439759,MNQ,1m,1788436080000,29126.0,29126.75,29108.75,29112.25,2212.0,epoch_floor
439763,MNQ,1m,1788436140000,29111.75,29112.75,29103.5,29105.75,1301.0,epoch_floor
439767,MNQ,1m,1788436200000,29105.5,29116.0,29105.0,29109.75,1231.0,epoch_floor
439769,MNQ,1m,1788436260000,29109.5,29112.0,29103.5,29109.0,722.0,epoch_floor
439771,MNQ,1m,1788436320000,29109.25,29115.25,29102.75,29114.5,1147.0,epoch_floor
439775,MNQ,1m,1788436380000,29114.0,29114.75,29104.5,29106.0,849.0,epoch_floor
439777,MNQ,1m,1788436440000,29106.75,29109.0,29105.25,29106.5,377.0,epoch_floor
439781,MNQ,1m,1788436500000,29106.5,29114.25,29104.25,29109.25,903.0,epoch_floor
439783,MNQ,1m,1788436560000,29109.0,29112.25,29107.25,29109.5,361.0,epoch_floor
439787,MNQ,1m,1788436620000,29109.0,29112.0,29103.5,29109.5,687.0,epoch_floor
439789,MNQ,1m,1788436680000,29109.5,29115.0,29109.0,29112.25,548.0,epoch_floor
439797,MNQ,1m,1788436740000,29112.5,29113.25,29101.75,29105.25,862.0,epoch_floor
439805,MNQ,1m,1788436800000,29105.25,29113.25,29104.5,29112.0,889.0,epoch_floor
439807,MNQ,1m,1788436860000,29112.75,29118.5,29104.0,29118.5,1360.0,epoch_floor
439811,MNQ,1m,1788436920000,29118.25,29129.5,29117.5,29129.5,1293.0,epoch_floor
439813,MNQ,1m,1788436980000,29129.0,29132.25,29124.25,29126.75,1049.0,epoch_floor
439815,MNQ,1m,1788437040000,29127.0,29132.0,29112.0,29126.75,2263.0,epoch_floor
439819,MNQ,1m,1788437100000,29126.75,29131.0,29126.0,29127.5,526.0,epoch_floor
439823,MNQ,1m,1788437160000,29127.75,29130.0,29124.25,29128.0,452.0,epoch_floor
439826,MNQ,1m,1788437220000,29127.5,29130.25,29126.25,29127.75,311.0,epoch_floor
439827,MNQ,1m,1788437280000,29128.25,29134.5,29126.75,29131.25,871.0,epoch_floor
439833,MNQ,1m,1788437340000,29131.25,29134.75,29123.75,29132.25,646.0,epoch_floor
439835,MNQ,1m,1788437400000,29131.75,29147.25,29130.75,29144.0,1535.0,epoch_floor
439837,MNQ,1m,1788437460000,29144.5,29145.5,29137.0,29138.0,919.0,epoch_floor
439841,MNQ,1m,1788437520000,29137.75,29139.5,29129.5,29131.0,923.0,epoch_floor
439843,MNQ,1m,1788437580000,29131.75,29135.25,29121.0,29132.0,1271.0,epoch_floor
439845,MNQ,1m,1788437640000,29132.0,29132.0,29124.0,29124.25,585.0,epoch_floor
439853,MNQ,1m,1788437700000,29124.75,29127.0,29119.5,29123.5,650.0,epoch_floor
439855,MNQ,1m,1788437760000,29123.5,29131.0,29116.5,29124.0,1194.0,epoch_floor
439859,MNQ,1m,1788437820000,29124.0,29124.25,29120.75,29123.0,373.0,epoch_floor
439861,MNQ,1m,1788437880000,29123.5,29124.75,29115.0,29115.0,935.0,epoch_floor
439865,MNQ,1m,1788437940000,29114.5,29117.0,29111.5,29112.25,629.0,epoch_floor
439867,MNQ,1m,1788438000000,29113.5,29117.5,29106.0,29109.25,1262.0,epoch_floor
439872,MNQ,1m,1788438060000,29109.5,29118.25,29105.5,29116.75,1129.0,epoch_floor
439873,MNQ,1m,1788438120000,29116.25,29121.25,29112.0,29120.25,781.0,epoch_floor
439877,MNQ,1m,1788438180000,29120.75,29132.25,29120.0,29128.5,1304.0,epoch_floor
439881,MNQ,1m,1788438240000,29128.75,29140.25,29128.5,29135.0,1054.0,epoch_floor
439884,MNQ,1m,1788438300000,29134.5,29135.0,29127.5,29133.5,872.0,epoch_floor
439885,MNQ,1m,1788438360000,29133.5,29150.25,29131.25,29150.25,1171.0,epoch_floor
439889,MNQ,1m,1788438420000,29149.75,29151.5,29145.5,29145.5,969.0,epoch_floor
439891,MNQ,1m,1788438480000,29146.75,29147.75,29142.25,29144.0,564.0,epoch_floor
439893,MNQ,1m,1788438540000,29143.5,29148.25,29139.25,29146.25,663.0,epoch_floor
439904,MNQ,1m,1788438600000,29145.25,29242.5,29143.0,29199.25,10047.0,epoch_floor
439906,MNQ,1m,1788438660000,29199.5,29228.0,29195.75,29224.75,2714.0,epoch_floor
439907,MNQ,1m,1788438720000,29224.5,29231.25,29215.25,29225.0,2737.0,epoch_floor
439912,MNQ,1m,1788438780000,29225.0,29226.25,29207.25,29208.75,1963.0,epoch_floor
439913,MNQ,1m,1788438840000,29208.25,29214.0,29206.0,29207.25,1430.0,epoch_floor
439917,MNQ,1m,1788438900000,29207.25,29210.0,29179.25,29179.75,3128.0,epoch_floor
439921,MNQ,1m,1788438960000,29179.75,29188.75,29178.75,29187.5,2145.0,epoch_floor
439923,MNQ,1m,1788439020000,29187.75,29196.0,29180.0,29189.25,2387.0,epoch_floor
439927,MNQ,1m,1788439080000,29189.25,29199.5,29187.5,29198.75,1964.0,epoch_floor
439929,MNQ,1m,1788439140000,29198.5,29201.75,29191.5,29199.0,1423.0,epoch_floor
439934,MNQ,1m,1788439200000,29198.5,29205.5,29194.0,29195.75,1651.0,epoch_floor
439937,MNQ,1m,1788439260000,29196.25,29198.25,29185.25,29188.0,1587.0,epoch_floor
439939,MNQ,1m,1788439320000,29188.0,29199.25,29182.75,29199.25,1598.0,epoch_floor
439941,MNQ,1m,1788439380000,29199.25,29201.0,29182.0,29190.75,1912.0,epoch_floor
439947,MNQ,1m,1788439440000,29191.0,29193.25,29185.0,29189.75,1090.0,epoch_floor
439951,MNQ,1m,1788439500000,29189.5,29193.75,29187.5,29190.25,969.0,epoch_floor
439953,MNQ,1m,1788439560000,29190.0,29192.5,29185.5,29190.75,823.0,epoch_floor
439957,MNQ,1m,1788439620000,29191.0,29198.25,29184.25,29184.25,1290.0,epoch_floor
439959,MNQ,1m,1788439680000,29184.75,29199.75,29184.75,29197.25,1354.0,epoch_floor
439961,MNQ,1m,1788439740000,29197.5,29202.0,29191.75,29202.0,1175.0,epoch_floor
439965,MNQ,1m,1788439800000,29201.5,29214.5,29200.5,29209.5,1380.0,epoch_floor
439969,MNQ,1m,1788439860000,29210.0,29213.25,29205.5,29207.75,1509.0,epoch_floor
439971,MNQ,1m,1788439920000,29208.0,29215.75,29206.75,29214.5,1370.0,epoch_floor
439973,MNQ,1m,1788439980000,29214.25,29238.0,29213.75,29234.25,3555.0,epoch_floor
439977,MNQ,1m,1788440040000,29234.0,29245.0,29231.75,29238.5,2725.0,epoch_floor
439981,MNQ,1m,1788440100000,29238.25,29260.0,29238.0,29255.0,3666.0,epoch_floor
439983,MNQ,1m,1788440160000,29255.25,29257.0,29238.25,29247.5,3088.0,epoch_floor
439987,MNQ,1m,1788440220000,29248.5,29254.75,29246.5,29249.75,2133.0,epoch_floor
439989,MNQ,1m,1788440280000,29249.5,29255.75,29246.5,29247.5,1513.0,epoch_floor
439997,MNQ,1m,1788440340000,29247.75,29250.75,29239.75,29244.5,1731.0,epoch_floor
440004,MNQ,1m,1788440400000,29244.75,29245.75,29207.75,29214.0,6353.0,epoch_floor
440006,MNQ,1m,1788440460000,29213.75,29218.25,29205.0,29205.5,3036.0,epoch_floor
440007,MNQ,1m,1788440520000,29204.75,29211.5,29202.0,29205.75,2163.0,epoch_floor
440012,MNQ,1m,1788440580000,29205.5,29221.75,29205.0,29218.25,2167.0,epoch_floor
440015,MNQ,1m,1788440640000,29218.25,29224.25,29212.25,29214.0,1861.0,epoch_floor
440017,MNQ,1m,1788440700000,29213.75,29224.25,29210.0,29214.25,1746.0,epoch_floor
440021,MNQ,1m,1788440760000,29214.75,29215.5,29205.0,29208.0,1729.0,epoch_floor
440023,MNQ,1m,1788440820000,29207.75,29218.25,29194.5,29215.5,2923.0,epoch_floor
440025,MNQ,1m,1788440880000,29215.0,29220.5,29213.5,29216.5,1155.0,epoch_floor
440029,MNQ,1m,1788440940000,29215.5,29215.75,29206.0,29208.5,970.0,epoch_floor
440033,MNQ,1m,1788441000000,29208.5,29217.5,29206.5,29208.5,1386.0,epoch_floor
440037,MNQ,1m,1788441060000,29209.0,29229.75,29206.75,29229.25,1691.0,epoch_floor
440039,MNQ,1m,1788441120000,29229.0,29232.0,29225.0,29228.5,1485.0,epoch_floor
440041,MNQ,1m,1788441180000,29229.0,29236.0,29229.0,29234.0,1115.0,epoch_floor
440047,MNQ,1m,1788441240000,29234.0,29246.25,29233.5,29239.25,2064.0,epoch_floor
440051,MNQ,1m,1788441300000,29239.25,29244.0,29235.75,29238.0,1276.0,epoch_floor
440053,MNQ,1m,1788441360000,29238.0,29243.25,29234.5,29236.5,1136.0,epoch_floor
440057,MNQ,1m,1788441420000,29236.75,29240.75,29227.75,29228.5,1642.0,epoch_floor
440059,MNQ,1m,1788441480000,29228.5,29230.75,29215.0,29217.75,1656.0,epoch_floor
440063,MNQ,1m,1788441540000,29217.5,29218.25,29202.75,29206.25,2212.0,epoch_floor
440065,MNQ,1m,1788441600000,29206.5,29210.0,29200.25,29209.0,2054.0,epoch_floor
440069,MNQ,1m,1788441660000,29209.25,29212.0,29206.75,29211.75,1062.0,epoch_floor
440072,MNQ,1m,1788441720000,29211.25,29215.25,29209.0,29212.75,1318.0,epoch_floor
440073,MNQ,1m,1788441780000,29212.75,29216.25,29207.5,29210.5,1151.0,epoch_floor
440079,MNQ,1m,1788441840000,29210.25,29225.0,29208.75,29224.75,1500.0,epoch_floor
440081,MNQ,1m,1788441900000,29224.25,29234.5,29212.5,29232.5,2783.0,epoch_floor
440083,MNQ,1m,1788441960000,29233.0,29238.0,29229.25,29230.5,1539.0,epoch_floor
440087,MNQ,1m,1788442020000,29230.0,29245.0,29226.0,29245.0,2325.0,epoch_floor
440090,MNQ,1m,1788442080000,29245.0,29251.5,29237.75,29247.25,2591.0,epoch_floor
440096,MNQ,1m,1788442140000,29247.0,29254.25,29242.25,29248.75,2298.0,epoch_floor
440102,MNQ,1m,1788442200000,29249.5,29285.0,29240.0,29282.75,15673.0,epoch_floor
440104,MNQ,1m,1788442260000,29282.5,29282.5,29241.25,29245.5,12553.0,epoch_floor
440107,MNQ,1m,1788442320000,29245.5,29255.25,29222.75,29239.75,13789.0,epoch_floor
440110,MNQ,1m,1788442380000,29239.25,29262.25,29228.0,29260.0,12189.0,epoch_floor
440113,MNQ,1m,1788442440000,29260.0,29285.0,29253.0,29253.75,13262.0,epoch_floor
440115,MNQ,1m,1788442500000,29254.0,29271.0,29245.75,29250.25,13800.0,epoch_floor
440119,MNQ,1m,1788442560000,29250.25,29254.5,29199.25,29220.75,18726.0,epoch_floor
440122,MNQ,1m,1788442620000,29221.0,29264.5,29216.5,29260.75,13408.0,epoch_floor
440125,MNQ,1m,1788442680000,29260.75,29292.0,29251.75,29281.75,14106.0,epoch_floor
440128,MNQ,1m,1788442740000,29281.75,29334.5,29280.75,29329.25,17339.0,epoch_floor
440131,MNQ,1m,1788442800000,29329.0,29344.75,29313.75,29330.5,14872.0,epoch_floor
440135,MNQ,1m,1788442860000,29331.0,29359.75,29326.25,29353.5,12142.0,epoch_floor
440138,MNQ,1m,1788442920000,29353.5,29357.75,29327.25,29335.5,8148.0,epoch_floor
440139,MNQ,1m,1788442980000,29335.5,29339.25,29319.25,29324.25,5414.0,epoch_floor
440141,MNQ,1m,1788443040000,29324.25,29350.0,29316.75,29345.25,4719.0,epoch_floor
440149,MNQ,1m,1788443100000,29345.5,29351.0,29327.75,29332.5,6979.0,epoch_floor
440151,MNQ,1m,1788443160000,29332.5,29351.75,29318.75,29343.5,7663.0,epoch_floor
440155,MNQ,1m,1788443220000,29342.75,29355.5,29338.75,29343.0,5192.0,epoch_floor
440157,MNQ,1m,1788443280000,29343.0,29351.0,29333.5,29341.75,5819.0,epoch_floor
440159,MNQ,1m,1788443340000,29341.25,29368.0,29338.5,29359.25,9443.0,epoch_floor
440165,MNQ,1m,1788443400000,29359.25,29374.75,29354.25,29361.5,8131.0,epoch_floor
440167,MNQ,1m,1788443460000,29361.25,29373.0,29346.5,29372.0,8336.0,epoch_floor
440170,MNQ,1m,1788443520000,29372.0,29375.25,29344.0,29345.25,7180.0,epoch_floor
440171,MNQ,1m,1788443580000,29344.75,29352.5,29327.25,29333.25,7919.0,epoch_floor
440177,MNQ,1m,1788443640000,29333.25,29351.25,29324.5,29348.75,7268.0,epoch_floor
440180,MNQ,1m,1788443700000,29349.25,29354.75,29327.5,29329.0,6552.0,epoch_floor
440181,MNQ,1m,1788443760000,29329.0,29329.5,29305.0,29306.25,10031.0,epoch_floor
440186,MNQ,1m,1788443820000,29306.25,29316.75,29296.75,29298.25,6580.0,epoch_floor
440187,MNQ,1m,1788443880000,29298.25,29322.5,29297.0,29320.25,5116.0,epoch_floor
440199,MNQ,1m,1788443940000,29320.25,29343.0,29311.5,29332.25,5176.0,epoch_floor
440208,MNQ,1m,1788444000000,29332.25,29335.5,29277.0,29285.0,12796.0,epoch_floor
440210,MNQ,1m,1788444060000,29286.0,29287.5,29262.0,29265.0,12540.0,epoch_floor
440213,MNQ,1m,1788444120000,29265.25,29278.25,29250.0,29278.25,10022.0,epoch_floor
440215,MNQ,1m,1788444180000,29278.5,29291.75,29263.75,29291.5,8880.0,epoch_floor
440217,MNQ,1m,1788444240000,29291.75,29292.0,29261.25,29267.5,7033.0,epoch_floor
440223,MNQ,1m,1788444300000,29267.5,29283.0,29258.25,29282.75,7098.0,epoch_floor
440226,MNQ,1m,1788444360000,29283.0,29283.75,29262.25,29279.25,5221.0,epoch_floor
440228,MNQ,1m,1788444420000,29279.5,29282.5,29252.25,29253.5,6097.0,epoch_floor
440229,MNQ,1m,1788444480000,29252.75,29259.25,29241.5,29256.5,10013.0,epoch_floor
440235,MNQ,1m,1788444540000,29256.25,29273.0,29249.25,29267.5,6924.0,epoch_floor
440237,MNQ,1m,1788444600000,29267.75,29276.75,29249.5,29261.0,7385.0,epoch_floor
440241,MNQ,1m,1788444660000,29260.5,29287.75,29252.75,29287.75,6728.0,epoch_floor
440244,MNQ,1m,1788444720000,29287.5,29299.75,29277.25,29286.75,9503.0,epoch_floor
440245,MNQ,1m,1788444780000,29286.75,29298.25,29273.25,29285.75,6524.0,epoch_floor
440247,MNQ,1m,1788444840000,29286.0,29303.75,29286.0,29301.5,5807.0,epoch_floor
440256,MNQ,1m,1788444900000,29301.0,29325.5,29295.5,29315.25,11483.0,epoch_floor
440258,MNQ,1m,1788444960000,29315.25,29324.25,29307.5,29315.75,6058.0,epoch_floor
440259,MNQ,1m,1788445020000,29315.75,29329.25,29309.25,29326.5,5605.0,epoch_floor
440263,MNQ,1m,1788445080000,29327.0,29327.75,29314.75,29319.75,3759.0,epoch_floor
440266,MNQ,1m,1788445140000,29320.25,29349.5,29319.5,29342.75,8499.0,epoch_floor
440271,MNQ,1m,1788445200000,29343.5,29360.0,29342.25,29348.0,8048.0,epoch_floor
440273,MNQ,1m,1788445260000,29348.75,29351.75,29328.0,29333.5,7119.0,epoch_floor
440276,MNQ,1m,1788445320000,29332.75,29351.75,29332.25,29347.75,5119.0,epoch_floor
440277,MNQ,1m,1788445380000,29348.25,29363.75,29348.0,29354.25,6597.0,epoch_floor
440281,MNQ,1m,1788445440000,29354.75,29362.5,29349.0,29350.75,3856.0,epoch_floor
440285,MNQ,1m,1788445500000,29350.5,29353.5,29327.5,29344.75,7923.0,epoch_floor
440287,MNQ,1m,1788445560000,29345.25,29359.0,29340.0,29348.25,6089.0,epoch_floor
440291,MNQ,1m,1788445620000,29348.25,29361.75,29345.5,29361.75,4110.0,epoch_floor
440294,MNQ,1m,1788445680000,29361.75,29364.75,29345.5,29350.0,5063.0,epoch_floor
440300,MNQ,1m,1788445740000,29349.5,29355.0,29343.0,29343.25,3051.0,epoch_floor
440305,MNQ,1m,1788445800000,29342.75,29360.5,29337.75,29355.75,6163.0,epoch_floor
440307,MNQ,1m,1788445860000,29356.0,29356.5,29322.25,29327.75,8282.0,epoch_floor
440310,MNQ,1m,1788445920000,29327.75,29330.75,29308.25,29319.5,8380.0,epoch_floor
440313,MNQ,1m,1788445980000,29319.5,29333.0,29307.0,29308.25,7268.0,epoch_floor
440315,MNQ,1m,1788446040000,29307.75,29314.25,29284.0,29287.75,9004.0,epoch_floor
440320,MNQ,1m,1788446100000,29288.25,29318.75,29285.5,29313.0,8211.0,epoch_floor
440324,MNQ,1m,1788446160000,29313.0,29319.25,29300.5,29302.25,5814.0,epoch_floor
440325,MNQ,1m,1788446220000,29302.75,29308.5,29291.75,29296.0,5560.0,epoch_floor
440330,MNQ,1m,1788446280000,29296.0,29304.25,29283.25,29291.5,5908.0,epoch_floor
440331,MNQ,1m,1788446340000,29291.25,29293.0,29280.25,29284.5,5141.0,epoch_floor
440335,MNQ,1m,1788446400000,29284.25,29293.5,29272.5,29274.25,7336.0,epoch_floor
440340,MNQ,1m,1788446460000,29274.25,29298.0,29273.75,29297.5,6244.0,epoch_floor
440342,MNQ,1m,1788446520000,29297.0,29311.75,29291.5,29296.75,7951.0,epoch_floor
440343,MNQ,1m,1788446580000,29296.5,29298.5,29280.25,29290.0,5732.0,epoch_floor
440351,MNQ,1m,1788446640000,29290.0,29297.25,29279.0,29283.75,4466.0,epoch_floor
440353,MNQ,1m,1788446700000,29283.75,29299.0,29277.25,29298.25,5548.0,epoch_floor
440356,MNQ,1m,1788446760000,29297.5,29302.5,29275.5,29280.5,6177.0,epoch_floor
440358,MNQ,1m,1788446820000,29280.5,29298.25,29275.5,29292.25,4933.0,epoch_floor
440362,MNQ,1m,1788446880000,29292.5,29306.0,29281.75,29302.5,4327.0,epoch_floor
440363,MNQ,1m,1788446940000,29303.0,29315.25,29295.5,29309.25,5055.0,epoch_floor
440369,MNQ,1m,1788447000000,29309.75,29313.0,29289.5,29302.5,6666.0,epoch_floor
440372,MNQ,1m,1788447060000,29302.0,29306.75,29291.75,29305.75,4285.0,epoch_floor
440374,MNQ,1m,1788447120000,29305.25,29305.25,29286.0,29288.0,4661.0,epoch_floor
440376,MNQ,1m,1788447180000,29288.0,29295.0,29285.0,29293.0,3030.0,epoch_floor
440379,MNQ,1m,1788447240000,29293.75,29315.0,29289.5,29313.0,5090.0,epoch_floor
440383,MNQ,1m,1788447300000,29313.0,29321.5,29307.5,29315.0,5978.0,epoch_floor
440388,MNQ,1m,1788447360000,29315.25,29325.5,29246.0,29296.75,16450.0,epoch_floor
440389,MNQ,1m,1788447420000,29296.75,29314.0,29292.75,29312.25,7685.0,epoch_floor
440391,MNQ,1m,1788447480000,29312.25,29341.5,29312.25,29339.5,8990.0,epoch_floor
440395,MNQ,1m,1788447540000,29339.5,29367.75,29338.0,29363.25,8823.0,epoch_floor
440406,MNQ,1m,1788447600000,29363.5,29390.5,29362.0,29380.75,13176.0,epoch_floor
440408,MNQ,1m,1788447660000,29380.75,29394.25,29379.25,29382.0,7819.0,epoch_floor
440412,MNQ,1m,1788447720000,29382.25,29405.0,29380.0,29403.0,8757.0,epoch_floor
440413,MNQ,1m,1788447780000,29403.0,29425.0,29402.75,29416.0,10444.0,epoch_floor
440417,MNQ,1m,1788447840000,29416.0,29437.75,29406.75,29436.75,9504.0,epoch_floor
440422,MNQ,1m,1788447900000,29436.75,29444.0,29431.25,29439.25,9620.0,epoch_floor
440424,MNQ,1m,1788447960000,29439.5,29444.5,29424.75,29430.75,6868.0,epoch_floor
440426,MNQ,1m,1788448020000,29431.25,29439.75,29422.0,29432.5,6065.0,epoch_floor
440430,MNQ,1m,1788448080000,29432.5,29445.75,29428.25,29438.5,4910.0,epoch_floor
440431,MNQ,1m,1788448140000,29438.5,29441.0,29429.5,29429.75,3616.0,epoch_floor
440436,MNQ,1m,1788448200000,29430.25,29449.0,29426.25,29443.75,5761.0,epoch_floor
440440,MNQ,1m,1788448260000,29444.0,29466.25,29441.5,29461.75,9324.0,epoch_floor
440442,MNQ,1m,1788448320000,29461.75,29466.25,29449.75,29451.75,4952.0,epoch_floor
440444,MNQ,1m,1788448380000,29451.25,29463.0,29450.25,29461.0,3679.0,epoch_floor
440451,MNQ,1m,1788448440000,29461.0,29465.25,29452.5,29465.0,3692.0,epoch_floor
440454,MNQ,1m,1788448500000,29464.75,29474.5,29460.75,29471.0,7003.0,epoch_floor
440456,MNQ,1m,1788448560000,29471.0,29476.75,29462.0,29472.75,4431.0,epoch_floor
440458,MNQ,1m,1788448620000,29472.25,29480.0,29468.25,29477.25,4602.0,epoch_floor
440461,MNQ,1m,1788448680000,29477.0,29478.75,29464.25,29475.25,3886.0,epoch_floor
440465,MNQ,1m,1788448740000,29475.0,29479.0,29471.0,29472.75,2788.0,epoch_floor
440470,MNQ,1m,1788448800000,29472.75,29473.25,29457.75,29458.0,5393.0,epoch_floor
440472,MNQ,1m,1788448860000,29457.75,29462.5,29453.5,29457.25,4169.0,epoch_floor
440474,MNQ,1m,1788448920000,29457.5,29484.75,29456.0,29477.0,6000.0,epoch_floor
440478,MNQ,1m,1788448980000,29477.0,29494.75,29476.75,29491.5,6748.0,epoch_floor
440479,MNQ,1m,1788449040000,29492.0,29494.75,29480.5,29481.75,4390.0,epoch_floor
440484,MNQ,1m,1788449100000,29481.5,29490.5,29478.75,29490.5,3346.0,epoch_floor
440488,MNQ,1m,1788449160000,29490.25,29514.5,29488.25,29511.75,8220.0,epoch_floor
440489,MNQ,1m,1788449220000,29511.25,29525.0,29506.75,29522.75,7515.0,epoch_floor
440492,MNQ,1m,1788449280000,29523.0,29523.5,29512.5,29521.0,5138.0,epoch_floor
440499,MNQ,1m,1788449340000,29520.75,29539.75,29520.25,29535.5,8150.0,epoch_floor
440504,MNQ,1m,1788449400000,29535.75,29538.0,29525.25,29535.75,5773.0,epoch_floor
440506,MNQ,1m,1788449460000,29535.5,29543.75,29525.25,29539.5,5835.0,epoch_floor
440510,MNQ,1m,1788449520000,29540.25,29540.25,29529.5,29532.0,3159.0,epoch_floor
440511,MNQ,1m,1788449580000,29532.5,29536.0,29517.75,29524.25,5407.0,epoch_floor
440516,MNQ,1m,1788449640000,29524.5,29530.0,29518.75,29528.25,3677.0,epoch_floor
440520,MNQ,1m,1788449700000,29528.0,29537.25,29527.25,29533.5,3651.0,epoch_floor
440521,MNQ,1m,1788449760000,29533.75,29533.75,29522.25,29528.5,2529.0,epoch_floor
440523,MNQ,1m,1788449820000,29528.0,29537.0,29515.25,29516.5,3928.0,epoch_floor
440528,MNQ,1m,1788449880000,29516.25,29520.25,29511.75,29517.25,3674.0,epoch_floor
440530,MNQ,1m,1788449940000,29517.0,29519.75,29509.5,29514.25,3041.0,epoch_floor
440534,MNQ,1m,1788450000000,29514.25,29519.0,29504.25,29507.25,3553.0,epoch_floor
440536,MNQ,1m,1788450060000,29506.75,29517.75,29502.25,29510.75,4171.0,epoch_floor
440539,MNQ,1m,1788450120000,29510.75,29521.75,29507.25,29517.75,2863.0,epoch_floor
440542,MNQ,1m,1788450180000,29517.75,29524.5,29517.5,29522.0,2480.0,epoch_floor
440546,MNQ,1m,1788450240000,29521.75,29522.5,29503.75,29506.0,3467.0,epoch_floor
440552,MNQ,1m,1788450300000,29506.5,29520.0,29506.5,29514.75,3601.0,epoch_floor
440554,MNQ,1m,1788450360000,29514.75,29520.75,29510.75,29513.0,1982.0,epoch_floor
440556,MNQ,1m,1788450420000,29512.75,29513.75,29505.75,29509.5,1989.0,epoch_floor
440559,MNQ,1m,1788450480000,29509.75,29517.75,29504.0,29513.75,2669.0,epoch_floor
440564,MNQ,1m,1788450540000,29513.75,29518.75,29511.0,29513.5,1777.0,epoch_floor
440566,MNQ,1m,1788450600000,29513.75,29517.75,29510.75,29515.5,1593.0,epoch_floor
440570,MNQ,1m,1788450660000,29515.5,29524.25,29507.75,29523.0,3495.0,epoch_floor
440571,MNQ,1m,1788450720000,29523.0,29531.75,29522.5,29526.75,3975.0,epoch_floor
440574,MNQ,1m,1788450780000,29527.25,29529.25,29517.75,29520.25,2771.0,epoch_floor
440578,MNQ,1m,1788450840000,29520.0,29529.75,29515.25,29528.0,2589.0,epoch_floor
440582,MNQ,1m,1788450900000,29528.0,29531.25,29523.75,29527.75,2455.0,epoch_floor
440584,MNQ,1m,1788450960000,29528.0,29529.0,29520.75,29525.75,2021.0,epoch_floor
440587,MNQ,1m,1788451020000,29525.75,29534.75,29523.75,29529.75,2266.0,epoch_floor
440589,MNQ,1m,1788451080000,29530.25,29532.0,29527.0,29531.5,1527.0,epoch_floor
440595,MNQ,1m,1788451140000,29531.5,29539.5,29528.0,29538.25,2859.0,epoch_floor
440607,MNQ,1m,1788451200000,29538.75,29539.5,29526.0,29529.5,3717.0,epoch_floor
440609,MNQ,1m,1788451260000,29530.0,29535.0,29524.75,29527.75,2172.0,epoch_floor
440614,MNQ,1m,1788451320000,29528.0,29535.75,29523.5,29529.25,2050.0,epoch_floor
440616,MNQ,1m,1788451380000,29529.25,29533.25,29522.5,29529.5,3114.0,epoch_floor
440620,MNQ,1m,1788451440000,29529.25,29530.25,29512.5,29512.5,3990.0,epoch_floor
440624,MNQ,1m,1788451500000,29513.0,29518.5,29510.5,29513.0,3004.0,epoch_floor
440626,MNQ,1m,1788451560000,29513.0,29513.75,29503.25,29506.5,3867.0,epoch_floor
440627,MNQ,1m,1788451620000,29507.5,29512.25,29504.5,29506.5,1840.0,epoch_floor
440632,MNQ,1m,1788451680000,29506.75,29513.75,29503.25,29509.0,2079.0,epoch_floor
440633,MNQ,1m,1788451740000,29509.75,29519.0,29509.5,29510.25,2546.0,epoch_floor
440637,MNQ,1m,1788451800000,29510.0,29520.5,29507.25,29519.25,1905.0,epoch_floor
440640,MNQ,1m,1788451860000,29519.25,29521.75,29507.0,29507.5,2189.0,epoch_floor
440643,MNQ,1m,1788451920000,29507.25,29511.25,29505.0,29508.5,1290.0,epoch_floor
440645,MNQ,1m,1788451980000,29508.5,29514.75,29507.0,29510.25,1273.0,epoch_floor
440651,MNQ,1m,1788452040000,29510.75,29524.5,29510.75,29519.25,3232.0,epoch_floor
440656,MNQ,1m,1788452100000,29519.25,29523.25,29513.75,29519.0,2194.0,epoch_floor
440658,MNQ,1m,1788452160000,29519.5,29521.75,29511.0,29515.75,1541.0,epoch_floor
440659,MNQ,1m,1788452220000,29515.75,29523.0,29515.5,29519.5,1198.0,epoch_floor
440663,MNQ,1m,1788452280000,29519.5,29520.0,29514.75,29516.5,1016.0,epoch_floor
440667,MNQ,1m,1788452340000,29517.25,29529.25,29517.25,29524.0,2429.0,epoch_floor
440671,MNQ,1m,1788452400000,29524.0,29528.0,29514.75,29519.5,1900.0,epoch_floor
440673,MNQ,1m,1788452460000,29519.0,29520.5,29516.0,29516.5,932.0,epoch_floor
440676,MNQ,1m,1788452520000,29516.5,29519.75,29507.25,29508.0,2025.0,epoch_floor
440677,MNQ,1m,1788452580000,29508.25,29514.0,29507.5,29512.0,1512.0,epoch_floor
440681,MNQ,1m,1788452640000,29512.25,29513.0,29500.75,29501.5,2384.0,epoch_floor
440685,MNQ,1m,1788452700000,29501.75,29502.25,29494.5,29496.5,4222.0,epoch_floor
440687,MNQ,1m,1788452760000,29496.75,29503.5,29489.25,29491.5,3482.0,epoch_floor
440691,MNQ,1m,1788452820000,29491.25,29500.25,29490.0,29500.25,2810.0,epoch_floor
440693,MNQ,1m,1788452880000,29500.25,29501.75,29494.0,29497.25,1662.0,epoch_floor
440700,MNQ,1m,1788452940000,29497.0,29499.5,29493.0,29496.5,1391.0,epoch_floor
440705,MNQ,1m,1788453000000,29497.0,29501.5,29493.25,29497.25,1988.0,epoch_floor
440707,MNQ,1m,1788453060000,29497.25,29499.5,29486.0,29490.25,2589.0,epoch_floor
440709,MNQ,1m,1788453120000,29490.25,29490.5,29484.5,29486.25,2068.0,epoch_floor
440714,MNQ,1m,1788453180000,29486.0,29495.5,29485.5,29494.0,2144.0,epoch_floor
440715,MNQ,1m,1788453240000,29493.75,29496.5,29485.75,29489.25,1901.0,epoch_floor
440719,MNQ,1m,1788453300000,29489.25,29490.0,29482.5,29485.25,1917.0,epoch_floor
440723,MNQ,1m,1788453360000,29485.5,29493.5,29484.75,29490.75,1935.0,epoch_floor
440725,MNQ,1m,1788453420000,29490.25,29501.0,29485.5,29499.5,3054.0,epoch_floor
440729,MNQ,1m,1788453480000,29499.75,29517.25,29499.75,29513.75,5141.0,epoch_floor
440731,MNQ,1m,1788453540000,29513.25,29526.0,29512.5,29521.75,4369.0,epoch_floor
440735,MNQ,1m,1788453600000,29521.5,29524.75,29519.25,29519.75,2022.0,epoch_floor
440737,MNQ,1m,1788453660000,29520.25,29535.0,29519.75,29532.5,3604.0,epoch_floor
440742,MNQ,1m,1788453720000,29532.25,29534.25,29524.0,29524.5,2485.0,epoch_floor
440744,MNQ,1m,1788453780000,29524.5,29529.0,29523.0,29527.75,1783.0,epoch_floor
440745,MNQ,1m,1788453840000,29527.5,29532.75,29525.0,29528.25,1941.0,epoch_floor
440754,MNQ,1m,1788453900000,29528.25,29530.0,29521.25,29527.25,2100.0,epoch_floor
440755,MNQ,1m,1788453960000,29527.5,29529.5,29521.75,29529.0,1071.0,epoch_floor
440757,MNQ,1m,1788454020000,29529.25,29529.75,29522.25,29524.0,1094.0,epoch_floor
440761,MNQ,1m,1788454080000,29524.25,29529.0,29522.5,29527.5,975.0,epoch_floor
440763,MNQ,1m,1788454140000,29527.75,29533.0,29524.5,29530.75,1997.0,epoch_floor
440767,MNQ,1m,1788454200000,29530.5,29532.75,29525.0,29530.25,1239.0,epoch_floor
440771,MNQ,1m,1788454260000,29530.0,29532.75,29520.0,29525.5,1845.0,epoch_floor
440774,MNQ,1m,1788454320000,29525.5,29525.5,29518.25,29519.75,1569.0,epoch_floor
440775,MNQ,1m,1788454380000,29519.25,29521.5,29516.25,29518.25,1391.0,epoch_floor
440781,MNQ,1m,1788454440000,29517.75,29523.0,29516.75,29520.5,1160.0,epoch_floor
440784,MNQ,1m,1788454500000,29521.25,29526.5,29519.5,29525.75,1508.0,epoch_floor
440785,MNQ,1m,1788454560000,29525.5,29528.75,29521.0,29523.75,1517.0,epoch_floor
440790,MNQ,1m,1788454620000,29524.25,29540.25,29523.75,29539.25,3727.0,epoch_floor
440791,MNQ,1m,1788454680000,29539.25,29548.0,29530.5,29532.0,4972.0,epoch_floor
440799,MNQ,1m,1788454740000,29532.0,29533.0,29525.5,29527.75,2053.0,epoch_floor
440805,MNQ,1m,1788454800000,29528.5,29534.25,29520.0,29520.5,2879.0,epoch_floor
440807,MNQ,1m,1788454860000,29520.25,29530.75,29519.75,29529.5,1782.0,epoch_floor
440811,MNQ,1m,1788454920000,29529.25,29530.0,29510.25,29510.25,3111.0,epoch_floor
440813,MNQ,1m,1788454980000,29510.5,29515.25,29508.75,29512.0,2147.0,epoch_floor
440817,MNQ,1m,1788455040000,29512.0,29519.75,29511.0,29519.25,1577.0,epoch_floor
440821,MNQ,1m,1788455100000,29519.5,29520.25,29514.5,29518.0,1456.0,epoch_floor
440823,MNQ,1m,1788455160000,29517.75,29519.0,29506.75,29506.75,1883.0,epoch_floor
440825,MNQ,1m,1788455220000,29506.75,29508.5,29503.75,29504.75,1927.0,epoch_floor
440827,MNQ,1m,1788455280000,29505.0,29508.25,29495.75,29498.0,2674.0,epoch_floor
440831,MNQ,1m,1788455340000,29498.25,29499.5,29492.25,29493.0,2262.0,epoch_floor
440835,MNQ,1m,1788455400000,29492.75,29499.0,29490.25,29498.25,2714.0,epoch_floor
440837,MNQ,1m,1788455460000,29498.25,29501.75,29495.75,29498.25,1725.0,epoch_floor
440841,MNQ,1m,1788455520000,29498.75,29499.25,29489.5,29492.75,1764.0,epoch_floor
440843,MNQ,1m,1788455580000,29492.5,29495.5,29489.5,29491.0,1568.0,epoch_floor
440849,MNQ,1m,1788455640000,29491.25,29494.5,29486.5,29490.5,2094.0,epoch_floor
440853,MNQ,1m,1788455700000,29490.5,29497.5,29490.25,29492.75,1905.0,epoch_floor
440855,MNQ,1m,1788455760000,29492.75,29495.25,29489.25,29492.0,1077.0,epoch_floor
440859,MNQ,1m,1788455820000,29492.25,29499.75,29491.25,29498.25,1449.0,epoch_floor
440862,MNQ,1m,1788455880000,29497.75,29500.75,29492.0,29493.0,1753.0,epoch_floor
440863,MNQ,1m,1788455940000,29493.5,29498.5,29484.0,29486.5,2311.0,epoch_floor
440867,MNQ,1m,1788456000000,29486.25,29486.75,29477.0,29482.0,4179.0,epoch_floor
440871,MNQ,1m,1788456060000,29482.25,29486.0,29476.0,29479.5,2976.0,epoch_floor
440873,MNQ,1m,1788456120000,29479.25,29483.75,29478.5,29482.25,1561.0,epoch_floor
440875,MNQ,1m,1788456180000,29482.25,29487.5,29477.5,29485.0,1722.0,epoch_floor
441685,MNQ,1m,1788456240000,29484.5,29485.75,29479.75,29482.5,1069.0,epoch_floor
441686,MNQ,1m,1788456300000,29483.0,29492.25,29482.0,29491.5,2244.0,epoch_floor
441687,MNQ,1m,1788456360000,29491.75,29496.25,29490.0,29494.0,2673.0,epoch_floor
441688,MNQ,1m,1788456420000,29493.75,29501.75,29493.75,29495.25,2730.0,epoch_floor
441689,MNQ,1m,1788456480000,29495.0,29507.75,29494.75,29503.0,2595.0,epoch_floor
441690,MNQ,1m,1788456540000,29502.75,29504.5,29499.0,29502.5,1595.0,epoch_floor
441691,MNQ,1m,1788456600000,29502.5,29511.25,29502.0,29511.0,2887.0,epoch_floor
441692,MNQ,1m,1788456660000,29511.0,29513.25,29507.25,29510.5,1867.0,epoch_floor
441693,MNQ,1m,1788456720000,29510.0,29514.75,29509.5,29512.75,1462.0,epoch_floor
441694,MNQ,1m,1788456780000,29512.5,29516.5,29511.0,29516.25,1499.0,epoch_floor
441695,MNQ,1m,1788456840000,29516.0,29518.75,29512.5,29514.25,1571.0,epoch_floor
441696,MNQ,1m,1788456900000,29514.5,29520.5,29511.5,29520.25,1909.0,epoch_floor
441697,MNQ,1m,1788456960000,29520.25,29529.0,29519.25,29522.75,3651.0,epoch_floor
441698,MNQ,1m,1788457020000,29523.0,29523.0,29514.25,29516.5,1994.0,epoch_floor
441699,MNQ,1m,1788457080000,29516.25,29522.5,29514.75,29518.75,1237.0,epoch_floor
441700,MNQ,1m,1788457140000,29518.5,29522.25,29514.0,29520.25,1299.0,epoch_floor
441701,MNQ,1m,1788457200000,29520.5,29528.25,29519.0,29526.75,2182.0,epoch_floor
441702,MNQ,1m,1788457260000,29527.0,29530.5,29523.25,29528.0,1834.0,epoch_floor
441703,MNQ,1m,1788457320000,29528.25,29532.0,29526.75,29529.25,1284.0,epoch_floor
441704,MNQ,1m,1788457380000,29528.75,29530.5,29525.75,29527.5,1147.0,epoch_floor
441705,MNQ,1m,1788457440000,29527.5,29529.5,29523.25,29528.5,1290.0,epoch_floor
441706,MNQ,1m,1788457500000,29529.0,29533.25,29524.25,29530.25,1982.0,epoch_floor
441707,MNQ,1m,1788457560000,29530.25,29535.0,29525.5,29530.25,1763.0,epoch_floor
441708,MNQ,1m,1788457620000,29530.25,29532.75,29526.25,29530.25,1114.0,epoch_floor
441709,MNQ,1m,1788457680000,29531.0,29531.0,29522.0,29525.0,1873.0,epoch_floor
441710,MNQ,1m,1788457740000,29525.0,29530.5,29521.25,29530.5,1466.0,epoch_floor
441711,MNQ,1m,1788457800000,29530.75,29533.5,29525.0,29532.0,1376.0,epoch_floor
441712,MNQ,1m,1788457860000,29531.75,29545.75,29531.5,29543.75,4129.0,epoch_floor
441713,MNQ,1m,1788457920000,29543.75,29550.0,29541.25,29548.25,5168.0,epoch_floor
441714,MNQ,1m,1788457980000,29548.0,29553.0,29543.75,29546.25,3162.0,epoch_floor
441715,MNQ,1m,1788458040000,29546.5,29549.0,29544.0,29546.0,1969.0,epoch_floor
441716,MNQ,1m,1788458100000,29546.0,29551.0,29544.0,29549.75,1674.0,epoch_floor
441717,MNQ,1m,1788458160000,29549.75,29552.75,29546.25,29550.25,1765.0,epoch_floor
441718,MNQ,1m,1788458220000,29550.75,29551.75,29543.75,29544.0,1909.0,epoch_floor
441719,MNQ,1m,1788458280000,29543.75,29546.0,29540.75,29541.0,1792.0,epoch_floor
441720,MNQ,1m,1788458340000,29540.75,29544.75,29539.75,29543.5,1223.0,epoch_floor
441721,MNQ,1m,1788458400000,29543.5,29565.75,29543.0,29562.75,8139.0,epoch_floor
441722,MNQ,1m,1788458460000,29563.0,29578.5,29563.0,29569.75,7533.0,epoch_floor
441723,MNQ,1m,1788458520000,29570.25,29576.0,29564.25,29565.75,3632.0,epoch_floor
441724,MNQ,1m,1788458580000,29565.5,29577.5,29564.5,29570.5,2618.0,epoch_floor
441725,MNQ,1m,1788458640000,29570.5,29575.0,29567.75,29574.25,1622.0,epoch_floor
441726,MNQ,1m,1788458700000,29574.5,29577.0,29572.5,29572.75,1775.0,epoch_floor
441727,MNQ,1m,1788458760000,29573.25,29579.25,29568.5,29570.25,2404.0,epoch_floor
441728,MNQ,1m,1788458820000,29570.0,29573.5,29565.25,29568.25,1965.0,epoch_floor
441729,MNQ,1m,1788458880000,29568.0,29574.5,29565.25,29571.25,1725.0,epoch_floor
441730,MNQ,1m,1788458940000,29571.5,29577.0,29569.25,29574.25,1917.0,epoch_floor
441731,MNQ,1m,1788459000000,29574.5,29577.75,29572.75,29575.5,1263.0,epoch_floor
441732,MNQ,1m,1788459060000,29575.0,29578.5,29570.25,29573.75,1536.0,epoch_floor
441733,MNQ,1m,1788459120000,29573.25,29575.5,29570.0,29570.0,1002.0,epoch_floor
441734,MNQ,1m,1788459180000,29570.25,29576.75,29569.25,29574.25,1550.0,epoch_floor
441735,MNQ,1m,1788459240000,29574.75,29577.75,29572.25,29573.0,974.0,epoch_floor
441736,MNQ,1m,1788459300000,29573.25,29585.0,29572.75,29583.25,3422.0,epoch_floor
441737,MNQ,1m,1788459360000,29583.5,29583.5,29577.5,29580.5,2282.0,epoch_floor
441738,MNQ,1m,1788459420000,29580.75,29584.0,29578.5,29582.75,1280.0,epoch_floor
441739,MNQ,1m,1788459480000,29582.75,29583.5,29574.5,29575.0,2099.0,epoch_floor
441740,MNQ,1m,1788459540000,29574.5,29575.75,29567.5,29571.75,2769.0,epoch_floor
441741,MNQ,1m,1788459600000,29571.75,29575.0,29568.5,29572.25,1528.0,epoch_floor
441742,MNQ,1m,1788459660000,29572.25,29576.0,29570.5,29572.25,1056.0,epoch_floor
441743,MNQ,1m,1788459720000,29572.25,29574.75,29571.0,29571.5,756.0,epoch_floor
441744,MNQ,1m,1788459780000,29571.25,29572.5,29564.5,29564.5,1955.0,epoch_floor
441745,MNQ,1m,1788459840000,29564.75,29573.0,29564.5,29572.75,2187.0,epoch_floor
441746,MNQ,1m,1788459900000,29572.5,29577.25,29569.75,29575.0,2295.0,epoch_floor
441747,MNQ,1m,1788459960000,29575.0,29579.5,29569.25,29570.25,1958.0,epoch_floor
441748,MNQ,1m,1788460020000,29570.0,29571.0,29566.5,29568.5,1474.0,epoch_floor
441749,MNQ,1m,1788460080000,29568.5,29573.0,29567.0,29571.25,846.0,epoch_floor
441750,MNQ,1m,1788460140000,29571.25,29573.5,29568.75,29570.25,644.0,epoch_floor
441751,MNQ,1m,1788460200000,29570.25,29574.0,29565.5,29572.5,1585.0,epoch_floor
441752,MNQ,1m,1788460260000,29572.75,29572.75,29563.25,29566.5,1759.0,epoch_floor
441753,MNQ,1m,1788460320000,29566.5,29571.25,29565.75,29566.5,1102.0,epoch_floor
441754,MNQ,1m,1788460380000,29566.5,29577.0,29565.75,29577.0,1457.0,epoch_floor
441755,MNQ,1m,1788460440000,29576.5,29578.0,29573.25,29576.75,1456.0,epoch_floor
441756,MNQ,1m,1788460500000,29576.75,29580.0,29571.5,29574.25,1544.0,epoch_floor
441757,MNQ,1m,1788460560000,29574.25,29575.75,29570.0,29571.5,907.0,epoch_floor
441758,MNQ,1m,1788460620000,29571.5,29574.5,29570.0,29573.0,695.0,epoch_floor
441759,MNQ,1m,1788460680000,29572.5,29577.5,29572.5,29574.0,855.0,epoch_floor
441760,MNQ,1m,1788460740000,29574.25,29578.75,29573.75,29576.0,1016.0,epoch_floor
441761,MNQ,1m,1788460800000,29575.25,29576.75,29567.25,29568.75,1560.0,epoch_floor
441762,MNQ,1m,1788460860000,29568.75,29571.75,29567.0,29567.75,795.0,epoch_floor
441763,MNQ,1m,1788460920000,29567.75,29569.5,29561.75,29566.5,2460.0,epoch_floor
441764,MNQ,1m,1788460980000,29566.5,29566.75,29560.0,29564.5,1980.0,epoch_floor
441765,MNQ,1m,1788461040000,29564.25,29566.0,29559.25,29560.5,1386.0,epoch_floor
441766,MNQ,1m,1788461100000,29560.5,29566.0,29559.5,29565.25,1404.0,epoch_floor
441767,MNQ,1m,1788461160000,29565.5,29569.5,29565.0,29566.5,1546.0,epoch_floor
441768,MNQ,1m,1788461220000,29566.25,29571.5,29565.25,29570.75,1212.0,epoch_floor
441769,MNQ,1m,1788461280000,29570.25,29571.75,29566.25,29567.25,1324.0,epoch_floor
441770,MNQ,1m,1788461340000,29566.5,29576.25,29564.5,29576.0,1755.0,epoch_floor
441771,MNQ,1m,1788461400000,29576.0,29582.5,29572.75,29573.0,2633.0,epoch_floor
441772,MNQ,1m,1788461460000,29573.25,29574.0,29566.75,29568.5,1987.0,epoch_floor
441773,MNQ,1m,1788461520000,29568.75,29571.0,29564.75,29566.5,1410.0,epoch_floor
441774,MNQ,1m,1788461580000,29567.0,29570.5,29566.25,29569.75,749.0,epoch_floor
441775,MNQ,1m,1788461640000,29570.0,29571.75,29566.75,29569.75,1081.0,epoch_floor
441776,MNQ,1m,1788461700000,29570.0,29570.0,29561.25,29563.75,1890.0,epoch_floor
441777,MNQ,1m,1788461760000,29563.25,29565.5,29561.75,29563.5,904.0,epoch_floor
441778,MNQ,1m,1788461820000,29564.0,29565.0,29560.25,29561.0,1083.0,epoch_floor
441779,MNQ,1m,1788461880000,29561.75,29566.25,29561.0,29565.75,1318.0,epoch_floor
441780,MNQ,1m,1788461940000,29565.75,29569.0,29565.25,29568.5,1292.0,epoch_floor
441781,MNQ,1m,1788462000000,29568.25,29570.25,29553.25,29556.0,3368.0,epoch_floor
441782,MNQ,1m,1788462060000,29556.0,29558.25,29553.0,29557.5,1849.0,epoch_floor
441783,MNQ,1m,1788462120000,29557.75,29559.75,29552.0,29555.0,1529.0,epoch_floor
441784,MNQ,1m,1788462180000,29555.25,29559.5,29553.25,29554.0,1150.0,epoch_floor
441785,MNQ,1m,1788462240000,29554.0,29557.75,29552.0,29557.0,1159.0,epoch_floor
441786,MNQ,1m,1788462300000,29557.0,29562.25,29553.25,29556.5,1774.0,epoch_floor
441787,MNQ,1m,1788462360000,29556.25,29558.25,29553.0,29556.0,955.0,epoch_floor
441788,MNQ,1m,1788462420000,29556.0,29557.75,29553.75,29554.0,806.0,epoch_floor
441789,MNQ,1m,1788462480000,29553.75,29555.25,29547.25,29552.5,2708.0,epoch_floor
441790,MNQ,1m,1788462540000,29551.75,29552.25,29547.75,29549.5,1187.0,epoch_floor
441791,MNQ,1m,1788462600000,29548.25,29552.25,29547.5,29550.5,1329.0,epoch_floor
441792,MNQ,1m,1788462660000,29551.0,29551.0,29543.5,29544.0,2430.0,epoch_floor
441793,MNQ,1m,1788462720000,29544.5,29546.5,29541.75,29544.75,1811.0,epoch_floor
441794,MNQ,1m,1788462780000,29544.75,29544.75,29537.5,29539.5,2083.0,epoch_floor
441795,MNQ,1m,1788462840000,29539.25,29539.75,29532.5,29538.75,2893.0,epoch_floor
441796,MNQ,1m,1788462900000,29538.5,29542.25,29532.75,29539.0,2411.0,epoch_floor
441797,MNQ,1m,1788462960000,29538.75,29540.0,29532.75,29533.75,1850.0,epoch_floor
441798,MNQ,1m,1788463020000,29533.0,29538.0,29530.25,29535.75,2047.0,epoch_floor
441799,MNQ,1m,1788463080000,29535.75,29537.75,29530.75,29536.5,1562.0,epoch_floor
441800,MNQ,1m,1788463140000,29536.75,29543.25,29535.0,29543.25,2188.0,epoch_floor
441801,MNQ,1m,1788463200000,29543.25,29543.5,29531.5,29537.75,2541.0,epoch_floor
441802,MNQ,1m,1788463260000,29537.75,29543.25,29532.25,29538.5,1789.0,epoch_floor
441803,MNQ,1m,1788463320000,29538.5,29539.5,29536.0,29537.0,873.0,epoch_floor
441804,MNQ,1m,1788463380000,29536.75,29540.0,29533.25,29535.0,1519.0,epoch_floor
441805,MNQ,1m,1788463440000,29535.0,29535.5,29526.75,29531.0,2565.0,epoch_floor
441806,MNQ,1m,1788463500000,29530.75,29533.0,29528.0,29532.5,1461.0,epoch_floor
441807,MNQ,1m,1788463560000,29532.5,29536.75,29527.75,29534.5,1799.0,epoch_floor
441808,MNQ,1m,1788463620000,29534.75,29537.25,29529.0,29531.0,1532.0,epoch_floor
441809,MNQ,1m,1788463680000,29531.0,29531.5,29526.25,29530.75,1425.0,epoch_floor
441810,MNQ,1m,1788463740000,29530.5,29535.5,29529.75,29533.5,1240.0,epoch_floor
441811,MNQ,1m,1788463800000,29533.25,29540.25,29530.25,29532.25,3528.0,epoch_floor
441812,MNQ,1m,1788463860000,29532.5,29539.5,29532.5,29536.25,1378.0,epoch_floor
441813,MNQ,1m,1788463920000,29536.0,29536.75,29531.5,29532.25,1322.0,epoch_floor
441814,MNQ,1m,1788463980000,29532.0,29533.75,29528.5,29530.0,1618.0,epoch_floor
441815,MNQ,1m,1788464040000,29529.75,29530.5,29523.25,29526.0,2441.0,epoch_floor
441816,MNQ,1m,1788464100000,29526.25,29533.0,29525.5,29528.75,1529.0,epoch_floor
441817,MNQ,1m,1788464160000,29529.0,29534.25,29526.75,29531.75,1449.0,epoch_floor
441818,MNQ,1m,1788464220000,29532.0,29536.5,29528.75,29535.25,1441.0,epoch_floor
441819,MNQ,1m,1788464280000,29535.25,29535.75,29530.0,29531.5,1027.0,epoch_floor
441820,MNQ,1m,1788464340000,29531.75,29534.25,29529.5,29532.0,1052.0,epoch_floor
441821,MNQ,1m,1788464400000,29531.75,29542.0,29531.0,29534.5,2875.0,epoch_floor
441822,MNQ,1m,1788464460000,29534.75,29534.75,29526.25,29526.5,2059.0,epoch_floor
441823,MNQ,1m,1788464520000,29526.5,29530.5,29521.5,29527.25,2582.0,epoch_floor
441824,MNQ,1m,1788464580000,29527.25,29528.25,29521.75,29525.75,1772.0,epoch_floor
441825,MNQ,1m,1788464640000,29526.0,29528.75,29523.75,29524.0,1248.0,epoch_floor
441826,MNQ,1m,1788464700000,29524.5,29536.0,29523.75,29535.75,2542.0,epoch_floor
441827,MNQ,1m,1788464760000,29535.5,29536.25,29526.0,29526.5,2365.0,epoch_floor
441828,MNQ,1m,1788464820000,29526.5,29528.25,29521.25,29523.75,2027.0,epoch_floor
441829,MNQ,1m,1788464880000,29523.5,29524.25,29515.75,29523.5,3322.0,epoch_floor
441830,MNQ,1m,1788464940000,29523.5,29523.5,29516.25,29520.75,1915.0,epoch_floor
441831,MNQ,1m,1788465000000,29520.75,29527.0,29517.0,29519.5,3469.0,epoch_floor
441832,MNQ,1m,1788465060000,29519.25,29520.0,29509.75,29517.0,3818.0,epoch_floor
441833,MNQ,1m,1788465120000,29516.25,29523.0,29512.0,29512.0,2639.0,epoch_floor
441834,MNQ,1m,1788465180000,29512.75,29518.25,29510.75,29511.5,2133.0,epoch_floor
441835,MNQ,1m,1788465240000,29511.5,29528.25,29509.75,29526.25,6402.0,epoch_floor
441836,MNQ,1m,1788465300000,29526.0,29527.5,29509.0,29515.5,5431.0,epoch_floor
441837,MNQ,1m,1788465360000,29515.25,29517.25,29510.0,29515.75,2186.0,epoch_floor
441838,MNQ,1m,1788465420000,29516.25,29524.75,29516.25,29523.0,2760.0,epoch_floor
441839,MNQ,1m,1788465480000,29523.0,29524.75,29509.75,29516.75,3093.0,epoch_floor
441840,MNQ,1m,1788465540000,29516.75,29536.25,29512.0,29531.0,9820.0,epoch_floor
441841,MNQ,1m,1788465600000,29530.5,29536.25,29506.5,29509.25,6834.0,epoch_floor
441842,MNQ,1m,1788465660000,29508.5,29514.75,29507.5,29511.5,2181.0,epoch_floor
441843,MNQ,1m,1788465720000,29512.25,29520.25,29511.5,29515.0,1337.0,epoch_floor
441844,MNQ,1m,1788465780000,29515.25,29516.0,29510.75,29515.0,635.0,epoch_floor
441845,MNQ,1m,1788465840000,29515.5,29517.5,29512.75,29515.0,542.0,epoch_floor
440879,MNQ,1m,1788465900000,29514.75,29517.0,29510.5,29512.25,687.0,epoch_floor
441276,MNQ,1m,1788465960000,29512.0,29515.25,29510.5,29514.25,686.0,epoch_floor
441277,MNQ,1m,1788466020000,29513.75,29519.25,29513.5,29517.0,771.0,epoch_floor
441279,MNQ,1m,1788466080000,29517.25,29522.0,29517.25,29521.75,743.0,epoch_floor
441283,MNQ,1m,1788466140000,29521.75,29524.25,29518.0,29518.5,868.0,epoch_floor
441287,MNQ,1m,1788466200000,29518.75,29521.0,29517.5,29519.25,396.0,epoch_floor
441289,MNQ,1m,1788466260000,29519.5,29520.0,29514.0,29514.25,709.0,epoch_floor
441293,MNQ,1m,1788466320000,29514.75,29518.75,29514.0,29515.75,415.0,epoch_floor
441296,MNQ,1m,1788466380000,29516.5,29521.0,29516.25,29519.0,594.0,epoch_floor
441297,MNQ,1m,1788466440000,29519.25,29522.0,29518.25,29521.5,349.0,epoch_floor
441306,MNQ,1m,1788466500000,29521.5,29522.75,29518.5,29519.75,488.0,epoch_floor
441307,MNQ,1m,1788466560000,29520.25,29521.0,29515.5,29517.0,567.0,epoch_floor
441309,MNQ,1m,1788466620000,29517.0,29519.25,29516.5,29517.0,252.0,epoch_floor
441314,MNQ,1m,1788466680000,29517.0,29518.25,29514.0,29517.0,340.0,epoch_floor
441315,MNQ,1m,1788466740000,29516.5,29516.5,29511.5,29512.25,609.0,epoch_floor
441319,MNQ,1m,1788466800000,29512.25,29513.0,29509.5,29510.0,468.0,epoch_floor
441323,MNQ,1m,1788466860000,29510.5,29511.75,29508.25,29511.0,605.0,epoch_floor
441325,MNQ,1m,1788466920000,29511.0,29511.75,29510.0,29511.5,113.0,epoch_floor
441327,MNQ,1m,1788466980000,29511.25,29512.0,29508.75,29509.0,193.0,epoch_floor
441331,MNQ,1m,1788467040000,29509.5,29510.0,29502.75,29506.0,755.0,epoch_floor
441335,MNQ,1m,1788467100000,29506.0,29509.75,29506.0,29509.75,477.0,epoch_floor
441337,MNQ,1m,1788467160000,29510.0,29512.25,29508.0,29511.25,331.0,epoch_floor
441341,MNQ,1m,1788467220000,29511.0,29512.0,29509.25,29509.25,195.0,epoch_floor
441343,MNQ,1m,1788467280000,29509.25,29510.25,29508.25,29509.5,156.0,epoch_floor
441345,MNQ,1m,1788467340000,29509.25,29510.5,29508.75,29509.5,143.0,epoch_floor
441355,MNQ,1m,1788467400000,29510.25,29510.75,29508.75,29510.0,227.0,epoch_floor
441357,MNQ,1m,1788467460000,29509.25,29514.5,29509.0,29512.5,580.0,epoch_floor
441359,MNQ,1m,1788467520000,29512.25,29513.25,29511.75,29513.25,196.0,epoch_floor
441363,MNQ,1m,1788467580000,29512.75,29516.0,29512.25,29515.75,466.0,epoch_floor
441365,MNQ,1m,1788467640000,29515.25,29517.0,29514.0,29514.75,194.0,epoch_floor
441369,MNQ,1m,1788467700000,29514.25,29516.5,29513.0,29515.5,340.0,epoch_floor
441373,MNQ,1m,1788467760000,29515.25,29517.0,29514.0,29515.0,190.0,epoch_floor
441376,MNQ,1m,1788467820000,29514.75,29517.5,29514.5,29516.5,227.0,epoch_floor
441377,MNQ,1m,1788467880000,29516.0,29516.5,29514.0,29514.75,188.0,epoch_floor
441381,MNQ,1m,1788467940000,29514.5,29514.75,29511.0,29511.5,375.0,epoch_floor
441385,MNQ,1m,1788468000000,29511.5,29513.25,29510.0,29512.75,272.0,epoch_floor
441387,MNQ,1m,1788468060000,29512.25,29512.75,29510.75,29511.5,210.0,epoch_floor
441391,MNQ,1m,1788468120000,29511.5,29513.5,29510.75,29512.5,218.0,epoch_floor
441393,MNQ,1m,1788468180000,29512.75,29513.5,29510.5,29512.75,301.0,epoch_floor
441395,MNQ,1m,1788468240000,29512.5,29513.5,29510.0,29511.25,411.0,epoch_floor
441403,MNQ,1m,1788468300000,29510.75,29513.25,29510.25,29511.5,708.0,epoch_floor
441406,MNQ,1m,1788468360000,29511.75,29512.5,29507.25,29507.25,413.0,epoch_floor
441407,MNQ,1m,1788468420000,29508.5,29510.5,29508.0,29509.25,281.0,epoch_floor
441411,MNQ,1m,1788468480000,29509.5,29510.0,29507.25,29509.25,239.0,epoch_floor
441415,MNQ,1m,1788468540000,29508.5,29510.25,29507.5,29509.75,206.0,epoch_floor
441417,MNQ,1m,1788468600000,29509.75,29510.0,29505.5,29506.5,306.0,epoch_floor
441421,MNQ,1m,1788468660000,29506.5,29506.75,29502.25,29506.0,304.0,epoch_floor
441423,MNQ,1m,1788468720000,29505.75,29506.0,29499.75,29500.5,364.0,epoch_floor
441427,MNQ,1m,1788468780000,29500.5,29503.25,29500.0,29502.25,238.0,epoch_floor
441429,MNQ,1m,1788468840000,29502.75,29503.25,29498.75,29501.75,304.0,epoch_floor
441433,MNQ,1m,1788468900000,29502.25,29503.75,29501.25,29502.5,433.0,epoch_floor
441435,MNQ,1m,1788468960000,29502.25,29505.25,29502.25,29504.25,104.0,epoch_floor
441439,MNQ,1m,1788469020000,29504.25,29504.25,29502.25,29503.5,98.0,epoch_floor
441442,MNQ,1m,1788469080000,29503.0,29507.0,29502.5,29504.75,276.0,epoch_floor
441449,MNQ,1m,1788469140000,29504.75,29506.25,29501.5,29502.75,414.0,epoch_floor
441465,MNQ,1m,1788472800000,29500.0,29510.0,29493.0,29495.0,1367.0,epoch_floor
441467,MNQ,1m,1788472860000,29496.0,29503.0,29482.75,29492.25,1366.0,epoch_floor
441469,MNQ,1m,1788472920000,29492.25,29493.0,29486.25,29486.5,557.0,epoch_floor
441473,MNQ,1m,1788472980000,29486.5,29495.5,29486.5,29492.0,603.0,epoch_floor
441475,MNQ,1m,1788473040000,29491.0,29494.5,29490.5,29493.0,180.0,epoch_floor
441479,MNQ,1m,1788473100000,29493.25,29496.75,29492.5,29494.75,510.0,epoch_floor
441483,MNQ,1m,1788473160000,29493.75,29496.0,29490.0,29495.5,384.0,epoch_floor
441485,MNQ,1m,1788473220000,29496.0,29496.25,29490.5,29492.5,193.0,epoch_floor
441487,MNQ,1m,1788473280000,29492.5,29493.0,29488.5,29488.5,350.0,epoch_floor
441491,MNQ,1m,1788473340000,29488.75,29490.0,29485.5,29486.5,482.0,epoch_floor
441495,MNQ,1m,1788473400000,29486.5,29487.5,29482.5,29484.5,595.0,epoch_floor
441497,MNQ,1m,1788473460000,29485.25,29488.75,29481.5,29486.75,526.0,epoch_floor
441501,MNQ,1m,1788473520000,29486.75,29490.25,29486.0,29488.75,470.0,epoch_floor
441504,MNQ,1m,1788473580000,29488.0,29489.75,29486.75,29488.0,203.0,epoch_floor
441509,MNQ,1m,1788473640000,29487.5,29488.75,29484.5,29485.25,268.0,epoch_floor
441513,MNQ,1m,1788473700000,29485.25,29493.5,29485.25,29489.25,628.0,epoch_floor
441515,MNQ,1m,1788473760000,29488.75,29492.0,29488.75,29490.75,270.0,epoch_floor
441517,MNQ,1m,1788473820000,29490.75,29496.0,29490.25,29494.5,438.0,epoch_floor
441521,MNQ,1m,1788473880000,29494.0,29496.0,29491.25,29492.0,257.0,epoch_floor
441523,MNQ,1m,1788473940000,29492.25,29492.5,29489.75,29491.25,238.0,epoch_floor
441527,MNQ,1m,1788474000000,29491.75,29492.5,29488.0,29490.75,228.0,epoch_floor
441531,MNQ,1m,1788474060000,29490.75,29493.25,29490.0,29492.75,172.0,epoch_floor
441533,MNQ,1m,1788474120000,29492.25,29494.75,29491.5,29494.25,165.0,epoch_floor
441535,MNQ,1m,1788474180000,29493.75,29495.0,29493.25,29493.25,145.0,epoch_floor
441539,MNQ,1m,1788474240000,29493.5,29493.5,29489.5,29490.0,175.0,epoch_floor
441543,MNQ,1m,1788474300000,29489.75,29492.0,29485.5,29489.0,411.0,epoch_floor
441545,MNQ,1m,1788474360000,29489.0,29491.0,29487.5,29490.0,307.0,epoch_floor
441549,MNQ,1m,1788474420000,29489.5,29490.5,29488.75,29489.0,106.0,epoch_floor
441551,MNQ,1m,1788474480000,29489.5,29490.5,29488.5,29490.0,64.0,epoch_floor
441553,MNQ,1m,1788474540000,29489.75,29491.25,29489.5,29490.0,135.0,epoch_floor
441563,MNQ,1m,1788474600000,29490.0,29494.5,29489.25,29490.75,335.0,epoch_floor
441566,MNQ,1m,1788474660000,29490.75,29495.0,29490.75,29492.75,244.0,epoch_floor
441567,MNQ,1m,1788474720000,29492.5,29494.75,29492.0,29494.25,193.0,epoch_floor
441571,MNQ,1m,1788474780000,29494.0,29495.5,29493.5,29494.25,180.0,epoch_floor
441573,MNQ,1m,1788474840000,29494.25,29498.0,29493.0,29496.5,320.0,epoch_floor
441579,MNQ,1m,1788474900000,29496.25,29497.75,29496.0,29497.25,259.0,epoch_floor
441581,MNQ,1m,1788474960000,29496.75,29498.5,29495.25,29495.25,206.0,epoch_floor
441583,MNQ,1m,1788475020000,29495.25,29496.75,29494.25,29495.0,138.0,epoch_floor
441585,MNQ,1m,1788475080000,29495.0,29495.5,29493.25,29495.5,146.0,epoch_floor
441589,MNQ,1m,1788475140000,29494.75,29495.0,29492.75,29494.0,242.0,epoch_floor
441594,MNQ,1m,1788475200000,29493.75,29496.0,29492.5,29495.5,138.0,epoch_floor
441595,MNQ,1m,1788475260000,29495.5,29496.5,29492.0,29492.75,202.0,epoch_floor
441599,MNQ,1m,1788475320000,29492.5,29493.0,29490.25,29491.75,334.0,epoch_floor
441601,MNQ,1m,1788475380000,29492.0,29495.0,29492.0,29495.0,124.0,epoch_floor
441603,MNQ,1m,1788475440000,29494.5,29495.25,29493.5,29495.0,71.0,epoch_floor
441612,MNQ,1m,1788475500000,29494.5,29497.75,29494.5,29497.0,291.0,epoch_floor
441613,MNQ,1m,1788475560000,29496.5,29499.75,29494.25,29495.25,478.0,epoch_floor
441615,MNQ,1m,1788475620000,29495.75,29497.75,29494.75,29497.5,198.0,epoch_floor
441619,MNQ,1m,1788475680000,29496.75,29497.5,29495.25,29496.5,126.0,epoch_floor
441621,MNQ,1m,1788475740000,29495.75,29497.25,29495.0,29495.75,176.0,epoch_floor
441625,MNQ,1m,1788475800000,29495.75,29498.25,29495.75,29498.0,102.0,epoch_floor
441629,MNQ,1m,1788475860000,29497.5,29499.5,29496.25,29499.25,206.0,epoch_floor
441631,MNQ,1m,1788475920000,29499.0,29502.0,29497.5,29499.5,691.0,epoch_floor
441633,MNQ,1m,1788475980000,29499.25,29504.0,29499.0,29500.0,594.0,epoch_floor
441637,MNQ,1m,1788476040000,29500.0,29501.5,29498.75,29499.0,192.0,epoch_floor
441641,MNQ,1m,1788476100000,29499.0,29501.75,29498.75,29500.5,338.0,epoch_floor
441643,MNQ,1m,1788476160000,29500.5,29503.0,29500.5,29501.5,190.0,epoch_floor
441647,MNQ,1m,1788476220000,29501.75,29504.25,29501.25,29502.75,381.0,epoch_floor
441650,MNQ,1m,1788476280000,29502.75,29504.75,29501.75,29504.25,289.0,epoch_floor
441651,MNQ,1m,1788476340000,29504.25,29513.0,29503.75,29508.5,1384.0,epoch_floor
441663,MNQ,1m,1788476400000,29508.25,29509.75,29505.0,29506.0,600.0,epoch_floor
441665,MNQ,1m,1788476460000,29506.0,29508.25,29502.75,29507.75,341.0,epoch_floor
441667,MNQ,1m,1788476520000,29507.75,29512.0,29507.0,29510.25,415.0,epoch_floor
441671,MNQ,1m,1788476580000,29509.5,29511.0,29507.25,29510.5,285.0,epoch_floor
441673,MNQ,1m,1788476640000,29510.5,29511.75,29507.0,29507.0,424.0,epoch_floor
441677,MNQ,1m,1788476700000,29507.0,29510.0,29504.75,29509.0,443.0,epoch_floor
441682,MNQ,1m,1788476760000,29508.5,29509.0,29496.0,29504.75,770.0,epoch_floor
441683,MNQ,1m,1788476820000,29504.75,29510.5,29503.25,29508.75,351.0,epoch_floor
441851,MNQ,1m,1788476880000,29509.5,29509.5,29507.0,29508.75,248.0,epoch_floor
441855,MNQ,1m,1788476940000,29508.25,29510.75,29506.75,29510.5,308.0,epoch_floor
441858,MNQ,1m,1788477000000,29510.0,29510.75,29508.0,29508.75,156.0,epoch_floor
441861,MNQ,1m,1788477060000,29509.25,29509.75,29506.25,29506.25,191.0,epoch_floor
441864,MNQ,1m,1788477120000,29506.25,29508.75,29506.25,29506.5,191.0,epoch_floor
441866,MNQ,1m,1788477180000,29506.75,29508.25,29501.5,29502.75,581.0,epoch_floor
441871,MNQ,1m,1788477240000,29502.75,29505.25,29502.25,29503.5,253.0,epoch_floor
441876,MNQ,1m,1788477300000,29503.0,29503.5,29501.75,29502.75,115.0,epoch_floor
441878,MNQ,1m,1788477360000,29502.25,29503.5,29500.5,29500.75,152.0,epoch_floor
441881,MNQ,1m,1788477420000,29500.75,29503.0,29498.0,29502.25,424.0,epoch_floor
441885,MNQ,1m,1788477480000,29502.5,29506.25,29501.75,29504.75,316.0,epoch_floor
441887,MNQ,1m,1788477540000,29504.75,29506.75,29502.5,29505.5,232.0,epoch_floor
441891,MNQ,1m,1788477600000,29506.0,29506.0,29503.5,29504.75,246.0,epoch_floor
441894,MNQ,1m,1788477660000,29504.0,29504.75,29501.5,29501.5,142.0,epoch_floor
441897,MNQ,1m,1788477720000,29502.5,29504.5,29502.5,29504.25,54.0,epoch_floor
441899,MNQ,1m,1788477780000,29504.0,29507.5,29502.5,29503.75,305.0,epoch_floor
441903,MNQ,1m,1788477840000,29503.5,29504.5,29501.5,29504.25,214.0,epoch_floor
441906,MNQ,1m,1788477900000,29504.75,29505.75,29504.0,29505.75,64.0,epoch_floor
441910,MNQ,1m,1788477960000,29505.0,29506.0,29503.5,29505.5,96.0,epoch_floor
441912,MNQ,1m,1788478020000,29505.75,29510.25,29505.25,29508.75,426.0,epoch_floor
441914,MNQ,1m,1788478080000,29508.0,29509.75,29506.0,29509.75,230.0,epoch_floor
441919,MNQ,1m,1788478140000,29509.75,29510.0,29506.25,29507.5,125.0,epoch_floor
441926,MNQ,1m,1788478200000,29507.75,29508.5,29500.75,29506.75,551.0,epoch_floor
441928,MNQ,1m,1788478260000,29506.25,29507.0,29504.25,29506.75,121.0,epoch_floor
441931,MNQ,1m,1788478320000,29506.5,29506.5,29504.0,29505.25,105.0,epoch_floor
441934,MNQ,1m,1788478380000,29505.0,29505.0,29503.5,29504.0,124.0,epoch_floor
441937,MNQ,1m,1788478440000,29503.75,29504.75,29503.25,29503.5,76.0,epoch_floor
441941,MNQ,1m,1788478500000,29503.5,29504.25,29503.0,29503.25,116.0,epoch_floor
441945,MNQ,1m,1788478560000,29503.5,29504.5,29502.5,29504.5,123.0,epoch_floor
441946,MNQ,1m,1788478620000,29504.75,29505.5,29503.25,29504.25,84.0,epoch_floor
441949,MNQ,1m,1788478680000,29504.25,29506.5,29502.75,29505.5,161.0,epoch_floor
441951,MNQ,1m,1788478740000,29505.5,29505.75,29504.0,29505.0,98.0,epoch_floor
441955,MNQ,1m,1788478800000,29505.0,29507.75,29504.75,29506.5,137.0,epoch_floor
441958,MNQ,1m,1788478860000,29507.5,29508.0,29506.25,29507.25,136.0,epoch_floor
441961,MNQ,1m,1788478920000,29508.0,29511.0,29507.0,29507.5,391.0,epoch_floor
441963,MNQ,1m,1788478980000,29508.0,29508.0,29506.75,29508.0,87.0,epoch_floor
441968,MNQ,1m,1788479040000,29507.75,29507.75,29504.5,29506.0,168.0,epoch_floor
441974,MNQ,1m,1788479100000,29506.25,29515.0,29504.75,29510.5,1156.0,epoch_floor
441975,MNQ,1m,1788479160000,29510.75,29516.75,29510.25,29515.5,622.0,epoch_floor
441978,MNQ,1m,1788479220000,29515.25,29515.5,29507.5,29508.0,481.0,epoch_floor
441981,MNQ,1m,1788479280000,29507.25,29511.25,29507.0,29509.5,339.0,epoch_floor
441984,MNQ,1m,1788479340000,29509.5,29511.75,29507.5,29510.75,312.0,epoch_floor
441988,MNQ,1m,1788479400000,29510.75,29515.0,29510.0,29511.5,471.0,epoch_floor
441991,MNQ,1m,1788479460000,29512.0,29513.5,29510.5,29512.0,156.0,epoch_floor
441993,MNQ,1m,1788479520000,29511.25,29511.75,29507.25,29509.0,202.0,epoch_floor
441996,MNQ,1m,1788479580000,29508.5,29509.75,29503.25,29505.25,537.0,epoch_floor
442000,MNQ,1m,1788479640000,29505.25,29507.25,29502.75,29506.25,394.0,epoch_floor
442004,MNQ,1m,1788479700000,29506.5,29512.75,29505.75,29508.0,493.0,epoch_floor
442008,MNQ,1m,1788479760000,29508.25,29509.5,29506.75,29507.5,179.0,epoch_floor
442009,MNQ,1m,1788479820000,29508.0,29508.0,29503.25,29505.75,278.0,epoch_floor
442011,MNQ,1m,1788479880000,29505.0,29506.25,29504.75,29505.0,187.0,epoch_floor
442022,MNQ,1m,1788479940000,29505.0,29505.75,29502.75,29504.5,222.0,epoch_floor
442027,MNQ,1m,1788480000000,29503.75,29507.5,29491.0,29505.5,2332.0,epoch_floor
442029,MNQ,1m,1788480060000,29505.5,29510.75,29500.5,29504.5,907.0,epoch_floor
442032,MNQ,1m,1788480120000,29505.25,29507.5,29501.75,29502.25,427.0,epoch_floor
442035,MNQ,1m,1788480180000,29502.25,29502.75,29497.5,29499.0,626.0,epoch_floor
442038,MNQ,1m,1788480240000,29499.25,29511.75,29498.75,29511.25,655.0,epoch_floor
442042,MNQ,1m,1788480300000,29511.0,29513.25,29507.0,29510.25,954.0,epoch_floor
442046,MNQ,1m,1788480360000,29510.25,29516.25,29508.0,29512.5,740.0,epoch_floor
442047,MNQ,1m,1788480420000,29512.75,29520.5,29508.75,29520.0,933.0,epoch_floor
442050,MNQ,1m,1788480480000,29519.75,29520.25,29514.75,29517.5,733.0,epoch_floor
442054,MNQ,1m,1788480540000,29517.5,29519.25,29512.75,29512.75,645.0,epoch_floor
442057,MNQ,1m,1788480600000,29513.5,29517.25,29509.0,29510.75,1129.0,epoch_floor
442060,MNQ,1m,1788480660000,29510.75,29518.75,29508.0,29515.0,954.0,epoch_floor
442063,MNQ,1m,1788480720000,29515.0,29518.5,29513.75,29514.0,348.0,epoch_floor
442065,MNQ,1m,1788480780000,29513.75,29516.0,29510.25,29512.25,550.0,epoch_floor
442070,MNQ,1m,1788480840000,29512.25,29512.25,29506.25,29510.5,503.0,epoch_floor
442075,MNQ,1m,1788480900000,29510.0,29511.25,29505.0,29508.75,604.0,epoch_floor
442077,MNQ,1m,1788480960000,29508.5,29518.75,29508.5,29518.25,677.0,epoch_floor
442082,MNQ,1m,1788481020000,29517.75,29521.25,29514.25,29515.5,1186.0,epoch_floor
442083,MNQ,1m,1788481080000,29515.5,29516.0,29509.5,29515.0,574.0,epoch_floor
442088,MNQ,1m,1788481140000,29515.25,29520.5,29514.5,29519.0,526.0,epoch_floor
442090,MNQ,1m,1788481200000,29519.5,29524.25,29518.5,29523.25,1055.0,epoch_floor
442093,MNQ,1m,1788481260000,29523.25,29523.75,29518.5,29520.25,446.0,epoch_floor
442095,MNQ,1m,1788481320000,29520.75,29527.75,29520.25,29526.75,953.0,epoch_floor
442100,MNQ,1m,1788481380000,29526.75,29527.75,29524.25,29526.0,554.0,epoch_floor
442102,MNQ,1m,1788481440000,29525.25,29527.5,29524.5,29524.5,302.0,epoch_floor
442106,MNQ,1m,1788481500000,29524.75,29526.25,29519.0,29520.25,852.0,epoch_floor
442108,MNQ,1m,1788481560000,29520.0,29522.0,29514.75,29519.0,954.0,epoch_floor
442112,MNQ,1m,1788481620000,29519.0,29525.25,29519.0,29523.25,516.0,epoch_floor
442113,MNQ,1m,1788481680000,29522.75,29526.5,29522.5,29526.0,497.0,epoch_floor
442119,MNQ,1m,1788481740000,29526.5,29529.0,29526.0,29528.0,752.0,epoch_floor
442126,MNQ,1m,1788481800000,29527.5,29531.25,29526.75,29529.0,796.0,epoch_floor
442128,MNQ,1m,1788481860000,29528.75,29531.5,29527.75,29529.75,356.0,epoch_floor
442130,MNQ,1m,1788481920000,29530.0,29530.0,29523.0,29524.25,708.0,epoch_floor
442133,MNQ,1m,1788481980000,29524.75,29527.0,29519.5,29521.0,714.0,epoch_floor
442136,MNQ,1m,1788482040000,29521.5,29527.75,29521.5,29526.0,558.0,epoch_floor
442140,MNQ,1m,1788482100000,29526.25,29526.25,29519.0,29520.0,630.0,epoch_floor
442144,MNQ,1m,1788482160000,29520.75,29524.0,29520.75,29522.5,236.0,epoch_floor
442145,MNQ,1m,1788482220000,29522.25,29524.0,29521.0,29522.25,188.0,epoch_floor
442150,MNQ,1m,1788482280000,29522.0,29530.0,29522.0,29529.25,593.0,epoch_floor
442152,MNQ,1m,1788482340000,29529.0,29530.5,29527.5,29530.0,358.0,epoch_floor
442156,MNQ,1m,1788482400000,29530.0,29530.0,29527.5,29528.25,236.0,epoch_floor
442160,MNQ,1m,1788482460000,29528.5,29531.25,29526.75,29529.0,485.0,epoch_floor
442161,MNQ,1m,1788482520000,29528.75,29531.25,29528.5,29530.0,244.0,epoch_floor
442163,MNQ,1m,1788482580000,29530.5,29534.0,29530.5,29531.5,825.0,epoch_floor
442172,MNQ,1m,1788482640000,29531.75,29532.5,29528.25,29532.0,286.0,epoch_floor
442173,MNQ,1m,1788482700000,29532.0,29538.25,29530.75,29537.0,1195.0,epoch_floor
442175,MNQ,1m,1788482760000,29536.5,29538.5,29534.5,29537.75,539.0,epoch_floor
442180,MNQ,1m,1788482820000,29537.0,29537.5,29533.5,29534.75,383.0,epoch_floor
442181,MNQ,1m,1788482880000,29534.5,29537.75,29533.0,29537.5,354.0,epoch_floor
442186,MNQ,1m,1788482940000,29537.25,29541.75,29537.25,29539.5,761.0,epoch_floor
442188,MNQ,1m,1788483000000,29539.25,29541.5,29538.25,29538.5,560.0,epoch_floor
442191,MNQ,1m,1788483060000,29538.5,29540.5,29537.0,29538.5,312.0,epoch_floor
442193,MNQ,1m,1788483120000,29538.25,29541.75,29537.75,29541.5,416.0,epoch_floor
442196,MNQ,1m,1788483180000,29541.25,29542.0,29537.75,29539.0,415.0,epoch_floor
442200,MNQ,1m,1788483240000,29538.75,29540.25,29537.0,29538.0,296.0,epoch_floor
442203,MNQ,1m,1788483300000,29537.75,29538.5,29533.75,29533.75,609.0,epoch_floor
442206,MNQ,1m,1788483360000,29534.25,29535.5,29530.5,29532.0,923.0,epoch_floor
442209,MNQ,1m,1788483420000,29532.0,29534.25,29531.75,29533.5,330.0,epoch_floor
442211,MNQ,1m,1788483480000,29533.0,29535.5,29532.0,29533.25,356.0,epoch_floor
442217,MNQ,1m,1788483540000,29532.75,29534.0,29530.0,29530.25,373.0,epoch_floor
442225,MNQ,1m,1788483600000,29530.0,29533.0,29527.25,29529.5,1153.0,epoch_floor
442227,MNQ,1m,1788483660000,29529.5,29530.5,29525.25,29526.75,998.0,epoch_floor
442230,MNQ,1m,1788483720000,29526.5,29527.75,29517.75,29518.5,1620.0,epoch_floor
442233,MNQ,1m,1788483780000,29518.5,29529.0,29517.5,29524.5,1044.0,epoch_floor
442238,MNQ,1m,1788483840000,29524.5,29527.75,29523.75,29527.0,461.0,epoch_floor
442240,MNQ,1m,1788483900000,29526.75,29532.25,29523.5,29529.0,794.0,epoch_floor
442243,MNQ,1m,1788483960000,29528.5,29532.25,29526.0,29530.0,578.0,epoch_floor
442245,MNQ,1m,1788484020000,29530.5,29531.5,29528.5,29529.0,326.0,epoch_floor
442248,MNQ,1m,1788484080000,29529.5,29531.5,29524.0,29526.25,310.0,epoch_floor
442252,MNQ,1m,1788484140000,29527.0,29529.0,29524.5,29525.75,492.0,epoch_floor
442255,MNQ,1m,1788484200000,29525.75,29526.25,29521.0,29524.75,734.0,epoch_floor
442258,MNQ,1m,1788484260000,29525.0,29529.0,29522.5,29525.75,425.0,epoch_floor
442261,MNQ,1m,1788484320000,29525.25,29528.75,29523.25,29528.75,268.0,epoch_floor
442263,MNQ,1m,1788484380000,29528.25,29529.5,29520.75,29523.0,575.0,epoch_floor
442268,MNQ,1m,1788484440000,29523.25,29524.75,29522.25,29523.0,248.0,epoch_floor
442273,MNQ,1m,1788484500000,29522.75,29524.5,29520.25,29522.25,361.0,epoch_floor
442275,MNQ,1m,1788484560000,29521.5,29522.5,29516.0,29519.25,926.0,epoch_floor
442278,MNQ,1m,1788484620000,29520.5,29526.5,29519.25,29525.5,526.0,epoch_floor
442281,MNQ,1m,1788484680000,29525.75,29528.25,29522.5,29526.75,438.0,epoch_floor
442286,MNQ,1m,1788484740000,29527.0,29528.5,29525.5,29526.25,281.0,epoch_floor
442288,MNQ,1m,1788484800000,29527.25,29538.0,29527.25,29537.25,1705.0,epoch_floor
442291,MNQ,1m,1788484860000,29537.25,29539.5,29533.25,29537.25,999.0,epoch_floor
442293,MNQ,1m,1788484920000,29536.5,29541.25,29536.0,29539.5,715.0,epoch_floor
442296,MNQ,1m,1788484980000,29539.5,29543.0,29538.0,29540.5,819.0,epoch_floor
442300,MNQ,1m,1788485040000,29540.75,29541.0,29538.25,29539.75,520.0,epoch_floor
442303,MNQ,1m,1788485100000,29540.25,29541.75,29538.75,29541.25,441.0,epoch_floor
442306,MNQ,1m,1788485160000,29541.25,29543.5,29535.75,29536.0,978.0,epoch_floor
442310,MNQ,1m,1788485220000,29536.75,29538.5,29532.0,29535.75,1099.0,epoch_floor
442311,MNQ,1m,1788485280000,29536.75,29543.0,29536.0,29539.75,785.0,epoch_floor
442317,MNQ,1m,1788485340000,29540.0,29542.0,29533.25,29540.75,747.0,epoch_floor
442323,MNQ,1m,1788485400000,29540.0,29542.25,29538.0,29541.0,397.0,epoch_floor
442325,MNQ,1m,1788485460000,29541.5,29546.5,29539.75,29543.25,1141.0,epoch_floor
442328,MNQ,1m,1788485520000,29543.5,29543.5,29536.5,29539.75,395.0,epoch_floor
442332,MNQ,1m,1788485580000,29540.0,29544.0,29539.75,29542.0,370.0,epoch_floor
442334,MNQ,1m,1788485640000,29542.0,29543.0,29538.0,29542.0,341.0,epoch_floor
442340,MNQ,1m,1788485700000,29542.0,29542.25,29538.0,29538.25,303.0,epoch_floor
442341,MNQ,1m,1788485760000,29538.75,29542.0,29538.0,29542.0,312.0,epoch_floor
442343,MNQ,1m,1788485820000,29542.0,29549.25,29540.25,29540.5,1138.0,epoch_floor
442346,MNQ,1m,1788485880000,29540.25,29541.25,29535.75,29539.25,713.0,epoch_floor
442350,MNQ,1m,1788485940000,29539.75,29540.5,29536.25,29538.5,383.0,epoch_floor
442353,MNQ,1m,1788486000000,29537.25,29542.75,29537.25,29539.75,585.0,epoch_floor
442356,MNQ,1m,1788486060000,29540.0,29541.75,29537.5,29538.25,293.0,epoch_floor
442359,MNQ,1m,1788486120000,29539.0,29542.0,29538.75,29539.0,256.0,epoch_floor
442362,MNQ,1m,1788486180000,29538.75,29540.0,29534.25,29539.5,435.0,epoch_floor
442366,MNQ,1m,1788486240000,29540.0,29546.5,29538.5,29545.0,731.0,epoch_floor
442371,MNQ,1m,1788486300000,29545.0,29545.75,29536.5,29537.75,549.0,epoch_floor
442373,MNQ,1m,1788486360000,29537.75,29539.75,29536.5,29537.0,201.0,epoch_floor
442376,MNQ,1m,1788486420000,29537.25,29538.5,29536.0,29537.25,198.0,epoch_floor
442379,MNQ,1m,1788486480000,29537.25,29537.75,29533.75,29535.0,420.0,epoch_floor
442382,MNQ,1m,1788486540000,29535.5,29537.25,29531.0,29532.75,535.0,epoch_floor
442388,MNQ,1m,1788486600000,29532.5,29532.75,29526.0,29530.75,1122.0,epoch_floor
442390,MNQ,1m,1788486660000,29531.0,29531.5,29527.25,29527.75,425.0,epoch_floor
442392,MNQ,1m,1788486720000,29528.5,29533.0,29528.0,29531.0,410.0,epoch_floor
442394,MNQ,1m,1788486780000,29531.5,29541.0,29529.25,29535.0,713.0,epoch_floor
442398,MNQ,1m,1788486840000,29535.0,29535.0,29527.25,29527.5,444.0,epoch_floor
442401,MNQ,1m,1788486900000,29528.0,29531.0,29523.25,29530.75,918.0,epoch_floor
442404,MNQ,1m,1788486960000,29531.0,29538.5,29530.5,29538.0,588.0,epoch_floor
442407,MNQ,1m,1788487020000,29538.25,29548.0,29536.0,29542.25,947.0,epoch_floor
442409,MNQ,1m,1788487080000,29542.75,29549.0,29541.75,29547.0,757.0,epoch_floor
442415,MNQ,1m,1788487140000,29547.0,29548.75,29545.75,29547.75,404.0,epoch_floor
442427,MNQ,1m,1788487200000,29548.25,29548.5,29544.25,29545.75,472.0,epoch_floor
442430,MNQ,1m,1788487260000,29545.0,29546.75,29537.0,29540.0,777.0,epoch_floor
442432,MNQ,1m,1788487320000,29541.0,29545.0,29540.75,29544.5,379.0,epoch_floor
442435,MNQ,1m,1788487380000,29545.0,29547.75,29542.0,29542.5,401.0,epoch_floor
442438,MNQ,1m,1788487440000,29542.5,29542.5,29539.25,29539.5,285.0,epoch_floor
442442,MNQ,1m,1788487500000,29539.75,29546.0,29539.0,29544.75,363.0,epoch_floor
442445,MNQ,1m,1788487560000,29544.5,29545.25,29541.75,29544.5,233.0,epoch_floor
442448,MNQ,1m,1788487620000,29544.5,29545.0,29543.25,29543.75,85.0,epoch_floor
442450,MNQ,1m,1788487680000,29543.75,29545.75,29542.0,29542.0,237.0,epoch_floor
442454,MNQ,1m,1788487740000,29541.75,29547.0,29541.5,29546.25,198.0,epoch_floor
442458,MNQ,1m,1788487800000,29546.0,29548.0,29544.75,29545.25,232.0,epoch_floor
442460,MNQ,1m,1788487860000,29545.75,29550.0,29545.0,29549.0,578.0,epoch_floor
442463,MNQ,1m,1788487920000,29548.75,29553.5,29548.75,29550.25,977.0,epoch_floor
442465,MNQ,1m,1788487980000,29550.0,29550.25,29545.0,29548.5,483.0,epoch_floor
442470,MNQ,1m,1788488040000,29548.25,29551.5,29547.5,29550.0,458.0,epoch_floor
442475,MNQ,1m,1788488100000,29550.0,29550.5,29548.75,29549.5,124.0,epoch_floor
442477,MNQ,1m,1788488160000,29550.0,29550.75,29547.5,29549.5,197.0,epoch_floor
442480,MNQ,1m,1788488220000,29549.0,29551.25,29547.75,29550.5,221.0,epoch_floor
442483,MNQ,1m,1788488280000,29550.5,29551.25,29547.5,29550.5,262.0,epoch_floor
442485,MNQ,1m,1788488340000,29550.5,29551.25,29549.25,29550.75,331.0,epoch_floor
442489,MNQ,1m,1788488400000,29550.25,29550.75,29547.0,29549.5,214.0,epoch_floor
442494,MNQ,1m,1788488460000,29549.75,29553.5,29547.0,29551.5,698.0,epoch_floor
442495,MNQ,1m,1788488520000,29551.25,29552.5,29550.5,29551.5,250.0,epoch_floor
442496,MNQ,1m,1788488580000,29550.5,29554.75,29550.5,29553.25,397.0,epoch_floor
442497,MNQ,1m,1788488640000,29553.5,29556.5,29553.5,29554.5,538.0,epoch_floor
442498,MNQ,1m,1788488700000,29554.75,29555.75,29552.25,29555.25,338.0,epoch_floor
442499,MNQ,1m,1788488760000,29554.75,29556.0,29553.0,29556.0,267.0,epoch_floor
442500,MNQ,1m,1788488820000,29555.75,29556.25,29553.5,29553.5,259.0,epoch_floor
442501,MNQ,1m,1788488880000,29553.25,29554.25,29552.5,29554.0,220.0,epoch_floor
442502,MNQ,1m,1788488940000,29554.0,29555.25,29552.75,29555.25,150.0,epoch_floor
442503,MNQ,1m,1788489000000,29555.0,29566.0,29555.0,29565.0,1912.0,epoch_floor
442504,MNQ,1m,1788489060000,29564.5,29566.75,29558.5,29559.25,809.0,epoch_floor
442505,MNQ,1m,1788489120000,29559.5,29562.5,29559.25,29562.25,289.0,epoch_floor
442506,MNQ,1m,1788489180000,29562.25,29563.0,29559.0,29559.5,260.0,epoch_floor
442507,MNQ,1m,1788489240000,29559.25,29559.75,29549.0,29549.0,609.0,epoch_floor
442508,MNQ,1m,1788489300000,29549.5,29551.5,29544.25,29549.25,1366.0,epoch_floor
442509,MNQ,1m,1788489360000,29549.25,29552.5,29548.75,29551.5,779.0,epoch_floor
442510,MNQ,1m,1788489420000,29551.25,29552.25,29548.75,29549.25,375.0,epoch_floor
442511,MNQ,1m,1788489480000,29549.75,29551.75,29548.0,29550.25,278.0,epoch_floor
442512,MNQ,1m,1788489540000,29550.5,29552.5,29549.25,29551.5,203.0,epoch_floor
442513,MNQ,1m,1788489600000,29552.0,29554.0,29550.75,29553.0,234.0,epoch_floor
442514,MNQ,1m,1788489660000,29553.5,29554.5,29552.0,29553.75,242.0,epoch_floor
442515,MNQ,1m,1788489720000,29553.75,29555.0,29551.25,29553.5,289.0,epoch_floor
442516,MNQ,1m,1788489780000,29553.25,29554.75,29551.75,29552.75,225.0,epoch_floor
442517,MNQ,1m,1788489840000,29552.75,29552.75,29545.5,29546.25,602.0,epoch_floor
442518,MNQ,1m,1788489900000,29547.0,29547.75,29545.0,29546.25,482.0,epoch_floor
442519,MNQ,1m,1788489960000,29546.5,29553.75,29545.5,29553.25,399.0,epoch_floor
442528,MNQ,1m,1788490020000,29553.75,29556.0,29550.25,29553.75,476.0,epoch_floor
442581,MNQ,1m,1788490080000,29553.5,29559.25,29553.5,29557.25,518.0,epoch_floor
442583,MNQ,1m,1788490140000,29557.25,29560.5,29555.5,29559.0,428.0,epoch_floor
442587,MNQ,1m,1788490200000,29558.75,29561.75,29555.5,29561.0,597.0,epoch_floor
442591,MNQ,1m,1788490260000,29560.5,29564.75,29559.0,29563.0,566.0,epoch_floor
442593,MNQ,1m,1788490320000,29563.0,29565.0,29562.5,29563.0,341.0,epoch_floor
442595,MNQ,1m,1788490380000,29563.0,29565.25,29563.0,29564.5,242.0,epoch_floor
442599,MNQ,1m,1788490440000,29564.5,29568.5,29563.75,29565.5,657.0,epoch_floor
442603,MNQ,1m,1788490500000,29565.5,29566.5,29563.25,29564.0,367.0,epoch_floor
442605,MNQ,1m,1788490560000,29564.25,29566.0,29563.0,29564.0,302.0,epoch_floor
442609,MNQ,1m,1788490620000,29564.0,29564.5,29561.75,29563.5,276.0,epoch_floor
442612,MNQ,1m,1788490680000,29563.5,29564.0,29562.5,29562.5,203.0,epoch_floor
442613,MNQ,1m,1788490740000,29562.5,29564.75,29562.5,29564.75,251.0,epoch_floor
442626,MNQ,1m,1788490800000,29565.0,29566.25,29562.75,29563.75,368.0,epoch_floor
442627,MNQ,1m,1788490860000,29564.25,29565.75,29561.25,29564.75,385.0,epoch_floor
442629,MNQ,1m,1788490920000,29565.0,29566.75,29564.75,29564.75,308.0,epoch_floor
442633,MNQ,1m,1788490980000,29565.0,29566.25,29564.0,29565.25,168.0,epoch_floor
442635,MNQ,1m,1788491040000,29565.25,29565.25,29561.5,29563.25,220.0,epoch_floor
442639,MNQ,1m,1788491100000,29562.75,29564.25,29562.0,29563.25,168.0,epoch_floor
442643,MNQ,1m,1788491160000,29563.5,29565.5,29562.0,29563.0,215.0,epoch_floor
442645,MNQ,1m,1788491220000,29562.5,29563.0,29560.75,29561.5,242.0,epoch_floor
442647,MNQ,1m,1788491280000,29562.25,29563.25,29561.5,29562.25,109.0,epoch_floor
442651,MNQ,1m,1788491340000,29562.5,29563.5,29561.0,29562.5,119.0,epoch_floor
442655,MNQ,1m,1788491400000,29563.0,29563.5,29558.75,29560.0,569.0,epoch_floor
442657,MNQ,1m,1788491460000,29560.0,29560.5,29557.0,29558.0,366.0,epoch_floor
442661,MNQ,1m,1788491520000,29557.5,29559.75,29557.5,29559.0,251.0,epoch_floor
442663,MNQ,1m,1788491580000,29560.0,29561.5,29558.75,29560.5,277.0,epoch_floor
442665,MNQ,1m,1788491640000,29560.5,29562.25,29559.25,29560.0,261.0,epoch_floor
442673,MNQ,1m,1788491700000,29560.5,29565.25,29559.5,29565.25,322.0,epoch_floor
442675,MNQ,1m,1788491760000,29565.5,29571.75,29563.25,29567.75,1033.0,epoch_floor
442677,MNQ,1m,1788491820000,29567.25,29568.0,29565.75,29567.25,193.0,epoch_floor
442681,MNQ,1m,1788491880000,29567.5,29568.25,29566.0,29567.5,287.0,epoch_floor
442683,MNQ,1m,1788491940000,29567.75,29577.75,29567.5,29576.5,1260.0,epoch_floor
442687,MNQ,1m,1788492000000,29576.25,29577.75,29574.25,29576.25,653.0,epoch_floor
442691,MNQ,1m,1788492060000,29576.0,29578.25,29575.0,29575.25,473.0,epoch_floor
442693,MNQ,1m,1788492120000,29575.25,29576.0,29571.75,29573.25,517.0,epoch_floor
442695,MNQ,1m,1788492180000,29573.5,29573.5,29571.0,29571.75,251.0,epoch_floor
442699,MNQ,1m,1788492240000,29571.25,29571.5,29563.0,29566.0,1144.0,epoch_floor
442703,MNQ,1m,1788492300000,29566.5,29567.0,29564.0,29564.75,289.0,epoch_floor
442705,MNQ,1m,1788492360000,29565.75,29570.25,29565.75,29570.0,369.0,epoch_floor
442709,MNQ,1m,1788492420000,29570.5,29571.5,29567.75,29568.5,334.0,epoch_floor
442712,MNQ,1m,1788492480000,29568.5,29569.75,29566.25,29568.25,211.0,epoch_floor
442713,MNQ,1m,1788492540000,29568.0,29570.5,29567.5,29569.0,120.0,epoch_floor
442723,MNQ,1m,1788492600000,29569.5,29572.0,29568.25,29571.25,345.0,epoch_floor
442725,MNQ,1m,1788492660000,29571.25,29576.0,29571.0,29575.75,673.0,epoch_floor
442729,MNQ,1m,1788492720000,29576.25,29577.0,29572.5,29575.0,262.0,epoch_floor
442731,MNQ,1m,1788492780000,29574.25,29576.5,29573.5,29573.5,147.0,epoch_floor
442733,MNQ,1m,1788492840000,29574.25,29577.25,29574.0,29576.25,256.0,epoch_floor
442737,MNQ,1m,1788492900000,29575.5,29578.25,29574.0,29577.75,186.0,epoch_floor
442741,MNQ,1m,1788492960000,29578.0,29578.25,29575.75,29577.25,282.0,epoch_floor
442743,MNQ,1m,1788493020000,29577.0,29578.25,29575.75,29577.25,226.0,epoch_floor
442747,MNQ,1m,1788493080000,29577.0,29578.0,29576.5,29576.75,183.0,epoch_floor
442749,MNQ,1m,1788493140000,29577.25,29579.5,29576.5,29577.0,246.0,epoch_floor
442753,MNQ,1m,1788493200000,29577.25,29578.25,29576.0,29576.25,141.0,epoch_floor
442755,MNQ,1m,1788493260000,29576.5,29577.0,29573.25,29574.5,301.0,epoch_floor
442760,MNQ,1m,1788493320000,29575.25,29575.5,29573.75,29574.0,286.0,epoch_floor
442761,MNQ,1m,1788493380000,29573.75,29575.0,29571.25,29571.5,434.0,epoch_floor
442767,MNQ,1m,1788493440000,29571.25,29572.0,29566.25,29568.25,644.0,epoch_floor
442772,MNQ,1m,1788493500000,29567.75,29570.25,29565.25,29567.0,481.0,epoch_floor
442773,MNQ,1m,1788493560000,29566.75,29567.75,29564.0,29564.25,534.0,epoch_floor
442775,MNQ,1m,1788493620000,29565.0,29565.5,29563.5,29565.25,182.0,epoch_floor
442779,MNQ,1m,1788493680000,29565.0,29566.5,29564.0,29566.0,269.0,epoch_floor
442781,MNQ,1m,1788493740000,29566.25,29570.75,29566.25,29570.5,681.0,epoch_floor
442785,MNQ,1m,1788493800000,29570.5,29573.5,29569.25,29572.25,482.0,epoch_floor
442789,MNQ,1m,1788493860000,29572.75,29572.75,29569.0,29570.25,316.0,epoch_floor
442791,MNQ,1m,1788493920000,29570.0,29570.75,29568.5,29569.0,137.0,epoch_floor
442793,MNQ,1m,1788493980000,29569.0,29571.5,29568.5,29571.5,152.0,epoch_floor
442797,MNQ,1m,1788494040000,29571.75,29572.0,29568.75,29571.0,406.0,epoch_floor
442801,MNQ,1m,1788494100000,29570.5,29571.5,29569.0,29569.75,99.0,epoch_floor
442803,MNQ,1m,1788494160000,29570.0,29572.75,29569.25,29572.5,168.0,epoch_floor
442807,MNQ,1m,1788494220000,29572.25,29573.0,29571.25,29572.25,132.0,epoch_floor
442809,MNQ,1m,1788494280000,29572.25,29573.25,29570.75,29571.75,182.0,epoch_floor
442812,MNQ,1m,1788494340000,29571.75,29572.0,29569.75,29570.25,127.0,epoch_floor
442827,MNQ,1m,1788494400000,29571.0,29572.5,29565.75,29568.5,453.0,epoch_floor
442829,MNQ,1m,1788494460000,29568.25,29569.5,29564.75,29566.0,442.0,epoch_floor
442831,MNQ,1m,1788494520000,29565.75,29566.25,29560.25,29560.5,993.0,epoch_floor
442835,MNQ,1m,1788494580000,29561.0,29562.5,29556.25,29559.5,1046.0,epoch_floor
442837,MNQ,1m,1788494640000,29560.0,29562.0,29558.75,29559.75,363.0,epoch_floor
442841,MNQ,1m,1788494700000,29560.0,29562.25,29559.75,29561.0,233.0,epoch_floor
442845,MNQ,1m,1788494760000,29560.5,29561.75,29557.25,29559.0,331.0,epoch_floor
442847,MNQ,1m,1788494820000,29559.5,29559.75,29557.0,29558.25,247.0,epoch_floor
442849,MNQ,1m,1788494880000,29559.0,29565.5,29557.5,29565.5,503.0,epoch_floor
442853,MNQ,1m,1788494940000,29564.75,29566.25,29563.0,29566.0,182.0,epoch_floor
442857,MNQ,1m,1788495000000,29566.5,29568.5,29563.0,29563.0,614.0,epoch_floor
442861,MNQ,1m,1788495060000,29563.25,29567.0,29563.0,29566.75,201.0,epoch_floor
442863,MNQ,1m,1788495120000,29566.25,29571.0,29565.5,29570.25,447.0,epoch_floor
442865,MNQ,1m,1788495180000,29570.75,29575.75,29569.75,29575.25,668.0,epoch_floor
442871,MNQ,1m,1788495240000,29575.25,29577.75,29574.75,29575.5,485.0,epoch_floor
442875,MNQ,1m,1788495300000,29576.0,29576.25,29571.0,29573.5,535.0,epoch_floor
442877,MNQ,1m,1788495360000,29573.5,29575.0,29572.25,29573.5,229.0,epoch_floor
442879,MNQ,1m,1788495420000,29573.25,29573.25,29567.75,29569.25,569.0,epoch_floor
442883,MNQ,1m,1788495480000,29569.0,29570.5,29567.25,29570.25,231.0,epoch_floor
442885,MNQ,1m,1788495540000,29569.75,29570.0,29567.75,29568.75,147.0,epoch_floor
442889,MNQ,1m,1788495600000,29568.25,29571.25,29567.5,29570.75,153.0,epoch_floor
442893,MNQ,1m,1788495660000,29571.25,29577.0,29571.25,29575.75,369.0,epoch_floor
442896,MNQ,1m,1788495720000,29576.5,29577.5,29574.75,29577.0,354.0,epoch_floor
442897,MNQ,1m,1788495780000,29577.0,29577.5,29575.5,29576.0,152.0,epoch_floor
442901,MNQ,1m,1788495840000,29576.0,29584.75,29575.0,29582.75,1152.0,epoch_floor
442905,MNQ,1m,1788495900000,29583.0,29583.0,29578.5,29581.0,552.0,epoch_floor
442907,MNQ,1m,1788495960000,29580.75,29583.5,29579.75,29582.75,437.0,epoch_floor
442911,MNQ,1m,1788496020000,29583.0,29594.5,29582.5,29590.5,2240.0,epoch_floor
442913,MNQ,1m,1788496080000,29590.5,29594.0,29590.0,29592.5,1175.0,epoch_floor
442915,MNQ,1m,1788496140000,29592.25,29595.0,29591.75,29593.25,607.0,epoch_floor
442925,MNQ,1m,1788496200000,29593.25,29595.25,29591.25,29594.5,645.0,epoch_floor
442927,MNQ,1m,1788496260000,29594.75,29599.5,29592.75,29596.25,975.0,epoch_floor
442931,MNQ,1m,1788496320000,29595.5,29597.25,29592.25,29594.0,498.0,epoch_floor
442933,MNQ,1m,1788496380000,29594.25,29595.25,29593.25,29594.25,185.0,epoch_floor
442937,MNQ,1m,1788496440000,29594.0,29601.0,29592.5,29599.75,1030.0,epoch_floor
442939,MNQ,1m,1788496500000,29599.5,29599.5,29595.75,29596.0,391.0,epoch_floor
442943,MNQ,1m,1788496560000,29596.0,29599.75,29595.75,29598.25,298.0,epoch_floor
442946,MNQ,1m,1788496620000,29598.75,29598.75,29596.75,29597.25,102.0,epoch_floor
442947,MNQ,1m,1788496680000,29597.25,29597.5,29589.0,29589.25,779.0,epoch_floor
442951,MNQ,1m,1788496740000,29589.5,29589.5,29587.0,29587.5,369.0,epoch_floor
442955,MNQ,1m,1788496800000,29587.75,29589.25,29586.0,29586.25,301.0,epoch_floor
442957,MNQ,1m,1788496860000,29586.25,29589.0,29585.75,29588.5,283.0,epoch_floor
442961,MNQ,1m,1788496920000,29588.75,29588.75,29585.25,29586.5,213.0,epoch_floor
442963,MNQ,1m,1788496980000,29586.0,29588.25,29585.25,29586.75,213.0,epoch_floor
442965,MNQ,1m,1788497040000,29586.75,29588.75,29586.0,29587.75,151.0,epoch_floor
442973,MNQ,1m,1788497100000,29588.0,29590.25,29586.75,29588.5,408.0,epoch_floor
442975,MNQ,1m,1788497160000,29588.5,29590.5,29586.0,29587.0,341.0,epoch_floor
442977,MNQ,1m,1788497220000,29586.25,29587.25,29584.75,29585.75,268.0,epoch_floor
442981,MNQ,1m,1788497280000,29586.0,29587.25,29583.5,29585.75,302.0,epoch_floor
442983,MNQ,1m,1788497340000,29585.5,29585.5,29582.5,29583.5,454.0,epoch_floor
442987,MNQ,1m,1788497400000,29584.0,29588.25,29582.75,29587.5,521.0,epoch_floor
442991,MNQ,1m,1788497460000,29587.25,29587.5,29585.0,29586.0,186.0,epoch_floor
442993,MNQ,1m,1788497520000,29586.25,29588.0,29585.75,29586.75,131.0,epoch_floor
442995,MNQ,1m,1788497580000,29586.75,29588.0,29586.5,29588.0,148.0,epoch_floor
443001,MNQ,1m,1788497640000,29588.0,29589.0,29586.5,29587.0,162.0,epoch_floor
443003,MNQ,1m,1788497700000,29587.5,29591.75,29586.0,29590.5,492.0,epoch_floor
443005,MNQ,1m,1788497760000,29590.5,29595.75,29589.75,29592.25,604.0,epoch_floor
443009,MNQ,1m,1788497820000,29592.5,29594.25,29591.75,29593.5,221.0,epoch_floor
443011,MNQ,1m,1788497880000,29593.75,29597.5,29593.25,29596.75,869.0,epoch_floor
443013,MNQ,1m,1788497940000,29597.0,29599.5,29596.75,29597.25,651.0,epoch_floor
443031,MNQ,1m,1788498000000,29597.75,29599.25,29593.25,29596.25,595.0,epoch_floor
443033,MNQ,1m,1788498060000,29597.0,29599.25,29595.0,29595.5,369.0,epoch_floor
443035,MNQ,1m,1788498120000,29595.75,29599.0,29595.5,29597.75,193.0,epoch_floor
443039,MNQ,1m,1788498180000,29598.5,29599.5,29596.5,29599.0,268.0,epoch_floor
443041,MNQ,1m,1788498240000,29599.5,29606.0,29598.75,29599.5,1322.0,epoch_floor
443045,MNQ,1m,1788498300000,29599.75,29602.5,29599.25,29602.5,476.0,epoch_floor
443049,MNQ,1m,1788498360000,29601.75,29607.75,29600.5,29606.5,1033.0,epoch_floor
443051,MNQ,1m,1788498420000,29606.25,29611.0,29605.75,29609.75,1301.0,epoch_floor
443053,MNQ,1m,1788498480000,29609.25,29615.75,29608.0,29613.0,956.0,epoch_floor
443057,MNQ,1m,1788498540000,29613.0,29615.0,29610.0,29612.0,471.0,epoch_floor
443061,MNQ,1m,1788498600000,29611.5,29613.25,29608.5,29610.0,366.0,epoch_floor
443063,MNQ,1m,1788498660000,29610.0,29613.75,29609.5,29613.75,407.0,epoch_floor
443067,MNQ,1m,1788498720000,29614.0,29618.25,29613.75,29617.5,822.0,epoch_floor
443069,MNQ,1m,1788498780000,29617.5,29621.0,29616.0,29618.75,710.0,epoch_floor
443071,MNQ,1m,1788498840000,29618.75,29623.5,29618.75,29620.75,707.0,epoch_floor
443079,MNQ,1m,1788498900000,29621.25,29625.0,29620.5,29622.0,685.0,epoch_floor
443081,MNQ,1m,1788498960000,29622.5,29626.0,29621.75,29624.5,697.0,epoch_floor
443083,MNQ,1m,1788499020000,29624.25,29632.5,29624.25,29631.75,1371.0,epoch_floor
443087,MNQ,1m,1788499080000,29631.75,29638.75,29631.75,29637.0,1006.0,epoch_floor
443089,MNQ,1m,1788499140000,29637.0,29643.0,29636.75,29640.75,1064.0,epoch_floor
443093,MNQ,1m,1788499200000,29641.5,29643.5,29636.25,29636.75,1123.0,epoch_floor
443097,MNQ,1m,1788499260000,29636.75,29640.25,29632.5,29636.25,1033.0,epoch_floor
443099,MNQ,1m,1788499320000,29636.75,29639.5,29635.5,29637.75,490.0,epoch_floor
443101,MNQ,1m,1788499380000,29637.75,29638.75,29630.0,29633.5,875.0,epoch_floor
443105,MNQ,1m,1788499440000,29633.5,29636.75,29631.75,29635.5,406.0,epoch_floor
443109,MNQ,1m,1788499500000,29635.5,29639.0,29632.25,29632.75,359.0,epoch_floor
443111,MNQ,1m,1788499560000,29633.5,29635.0,29632.5,29632.5,254.0,epoch_floor
443115,MNQ,1m,1788499620000,29632.5,29633.0,29624.75,29625.25,829.0,epoch_floor
443117,MNQ,1m,1788499680000,29625.5,29626.5,29621.75,29622.5,696.0,epoch_floor
443119,MNQ,1m,1788499740000,29622.75,29626.0,29620.75,29622.25,552.0,epoch_floor
443129,MNQ,1m,1788499800000,29622.25,29624.0,29617.0,29618.5,798.0,epoch_floor
443131,MNQ,1m,1788499860000,29618.5,29623.75,29617.75,29620.25,386.0,epoch_floor
443133,MNQ,1m,1788499920000,29621.25,29623.25,29619.0,29622.0,307.0,epoch_floor
443137,MNQ,1m,1788499980000,29622.5,29625.5,29621.75,29623.75,488.0,epoch_floor
443139,MNQ,1m,1788500040000,29623.5,29624.75,29621.0,29623.0,352.0,epoch_floor
443143,MNQ,1m,1788500100000,29623.25,29623.5,29618.0,29619.25,341.0,epoch_floor
443147,MNQ,1m,1788500160000,29619.75,29620.75,29613.25,29615.75,731.0,epoch_floor
443149,MNQ,1m,1788500220000,29615.0,29618.0,29615.0,29616.75,383.0,epoch_floor
443151,MNQ,1m,1788500280000,29617.0,29621.25,29616.25,29619.25,389.0,epoch_floor
443155,MNQ,1m,1788500340000,29619.25,29620.0,29616.0,29618.0,262.0,epoch_floor
443159,MNQ,1m,1788500400000,29618.25,29620.25,29612.75,29613.5,658.0,epoch_floor
443161,MNQ,1m,1788500460000,29614.0,29616.0,29612.0,29612.0,542.0,epoch_floor
443165,MNQ,1m,1788500520000,29612.0,29612.5,29609.0,29609.5,427.0,epoch_floor
443167,MNQ,1m,1788500580000,29609.75,29611.5,29606.0,29607.75,725.0,epoch_floor
443169,MNQ,1m,1788500640000,29607.75,29609.75,29606.75,29609.75,224.0,epoch_floor
443177,MNQ,1m,1788500700000,29609.25,29612.25,29608.75,29610.25,399.0,epoch_floor
443179,MNQ,1m,1788500760000,29610.0,29613.0,29607.5,29608.5,273.0,epoch_floor
443181,MNQ,1m,1788500820000,29608.75,29611.0,29606.25,29606.5,250.0,epoch_floor
443185,MNQ,1m,1788500880000,29606.25,29607.0,29602.25,29603.25,581.0,epoch_floor
443189,MNQ,1m,1788500940000,29603.0,29606.0,29600.25,29601.25,493.0,epoch_floor
443191,MNQ,1m,1788501000000,29600.75,29601.25,29591.5,29595.0,1312.0,epoch_floor
443195,MNQ,1m,1788501060000,29595.25,29598.0,29594.25,29597.75,617.0,epoch_floor
443197,MNQ,1m,1788501120000,29597.75,29599.25,29595.75,29597.75,444.0,epoch_floor
443199,MNQ,1m,1788501180000,29597.75,29598.5,29595.0,29595.5,239.0,epoch_floor
443203,MNQ,1m,1788501240000,29595.5,29601.25,29595.5,29600.0,541.0,epoch_floor
443207,MNQ,1m,1788501300000,29600.0,29607.25,29596.75,29605.5,993.0,epoch_floor
443209,MNQ,1m,1788501360000,29605.5,29616.25,29605.25,29615.5,1620.0,epoch_floor
443213,MNQ,1m,1788501420000,29615.5,29619.5,29613.0,29619.25,924.0,epoch_floor
443215,MNQ,1m,1788501480000,29618.75,29620.5,29617.5,29619.5,453.0,epoch_floor
443219,MNQ,1m,1788501540000,29619.25,29621.75,29617.5,29619.5,784.0,epoch_floor
443235,MNQ,1m,1788501600000,29620.0,29629.5,29617.0,29622.5,1877.0,epoch_floor
443237,MNQ,1m,1788501660000,29622.25,29629.0,29622.25,29625.0,654.0,epoch_floor
443239,MNQ,1m,1788501720000,29624.75,29635.5,29623.75,29634.25,955.0,epoch_floor
443243,MNQ,1m,1788501780000,29633.75,29634.0,29626.0,29626.25,882.0,epoch_floor
443245,MNQ,1m,1788501840000,29626.25,29626.5,29618.75,29625.25,1238.0,epoch_floor
443249,MNQ,1m,1788501900000,29624.75,29625.5,29621.5,29623.25,444.0,epoch_floor
443253,MNQ,1m,1788501960000,29623.25,29628.0,29623.25,29625.25,587.0,epoch_floor
443255,MNQ,1m,1788502020000,29625.25,29629.25,29623.5,29629.25,541.0,epoch_floor
443257,MNQ,1m,1788502080000,29629.0,29631.0,29626.5,29629.25,561.0,epoch_floor
443261,MNQ,1m,1788502140000,29630.25,29631.75,29625.75,29628.75,462.0,epoch_floor
443265,MNQ,1m,1788502200000,29628.75,29637.0,29627.75,29631.75,1033.0,epoch_floor
443267,MNQ,1m,1788502260000,29631.75,29640.25,29631.75,29639.75,783.0,epoch_floor
443271,MNQ,1m,1788502320000,29640.0,29644.25,29639.25,29643.75,963.0,epoch_floor
443273,MNQ,1m,1788502380000,29643.75,29643.75,29636.5,29638.0,804.0,epoch_floor
443275,MNQ,1m,1788502440000,29637.75,29643.0,29637.0,29641.5,340.0,epoch_floor
443283,MNQ,1m,1788502500000,29641.25,29642.25,29635.0,29638.5,755.0,epoch_floor
443285,MNQ,1m,1788502560000,29638.75,29638.75,29627.25,29627.5,940.0,epoch_floor
443287,MNQ,1m,1788502620000,29627.75,29629.25,29622.25,29624.5,667.0,epoch_floor
443291,MNQ,1m,1788502680000,29624.5,29631.0,29623.25,29629.75,650.0,epoch_floor
443293,MNQ,1m,1788502740000,29629.75,29632.75,29627.75,29630.25,503.0,epoch_floor
443297,MNQ,1m,1788502800000,29630.75,29639.75,29629.25,29639.25,653.0,epoch_floor
443301,MNQ,1m,1788502860000,29639.5,29639.75,29632.75,29638.0,682.0,epoch_floor
443303,MNQ,1m,1788502920000,29638.5,29642.25,29633.5,29636.25,1063.0,epoch_floor
443305,MNQ,1m,1788502980000,29636.75,29638.5,29633.5,29633.5,409.0,epoch_floor
443309,MNQ,1m,1788503040000,29633.75,29634.5,29630.25,29633.5,434.0,epoch_floor
443314,MNQ,1m,1788503100000,29633.0,29635.0,29632.0,29633.25,285.0,epoch_floor
443315,MNQ,1m,1788503160000,29633.5,29635.5,29631.75,29631.75,221.0,epoch_floor
443319,MNQ,1m,1788503220000,29631.75,29640.75,29630.75,29637.75,565.0,epoch_floor
443321,MNQ,1m,1788503280000,29637.75,29638.0,29631.75,29632.0,354.0,epoch_floor
443323,MNQ,1m,1788503340000,29631.5,29633.75,29628.5,29631.0,558.0,epoch_floor
443334,MNQ,1m,1788503400000,29631.25,29632.0,29623.25,29629.0,812.0,epoch_floor
443336,MNQ,1m,1788503460000,29629.75,29633.0,29622.75,29625.25,620.0,epoch_floor
443337,MNQ,1m,1788503520000,29625.25,29625.25,29618.75,29619.0,661.0,epoch_floor
443341,MNQ,1m,1788503580000,29619.25,29621.25,29615.0,29616.5,705.0,epoch_floor
443343,MNQ,1m,1788503640000,29616.5,29617.0,29607.25,29608.25,952.0,epoch_floor
443347,MNQ,1m,1788503700000,29608.5,29610.0,29600.0,29600.75,959.0,epoch_floor
443351,MNQ,1m,1788503760000,29600.0,29602.25,29598.0,29600.75,739.0,epoch_floor
443353,MNQ,1m,1788503820000,29601.0,29603.0,29598.25,29599.5,541.0,epoch_floor
443355,MNQ,1m,1788503880000,29599.5,29605.5,29599.25,29601.0,807.0,epoch_floor
443359,MNQ,1m,1788503940000,29601.25,29607.5,29600.25,29601.0,619.0,epoch_floor
443363,MNQ,1m,1788504000000,29601.25,29604.0,29595.0,29602.75,914.0,epoch_floor
443365,MNQ,1m,1788504060000,29602.25,29606.75,29601.25,29605.0,624.0,epoch_floor
443369,MNQ,1m,1788504120000,29605.0,29612.5,29605.0,29607.0,945.0,epoch_floor
443371,MNQ,1m,1788504180000,29607.5,29613.0,29607.5,29611.0,418.0,epoch_floor
443373,MNQ,1m,1788504240000,29611.25,29612.0,29601.75,29603.5,633.0,epoch_floor
443381,MNQ,1m,1788504300000,29604.0,29604.75,29598.25,29598.75,486.0,epoch_floor
443383,MNQ,1m,1788504360000,29599.0,29599.75,29592.25,29594.75,756.0,epoch_floor
443385,MNQ,1m,1788504420000,29594.75,29597.75,29593.0,29595.5,515.0,epoch_floor
443389,MNQ,1m,1788504480000,29596.0,29597.25,29592.25,29594.0,436.0,epoch_floor
443391,MNQ,1m,1788504540000,29593.5,29594.75,29587.5,29591.0,871.0,epoch_floor
443395,MNQ,1m,1788504600000,29591.0,29591.0,29585.5,29585.75,964.0,epoch_floor
443399,MNQ,1m,1788504660000,29586.0,29588.75,29583.5,29584.0,947.0,epoch_floor
443401,MNQ,1m,1788504720000,29584.5,29587.25,29581.25,29581.75,692.0,epoch_floor
443403,MNQ,1m,1788504780000,29581.75,29583.0,29579.25,29580.75,722.0,epoch_floor
443407,MNQ,1m,1788504840000,29580.75,29585.75,29578.5,29584.0,770.0,epoch_floor
443411,MNQ,1m,1788504900000,29584.5,29585.5,29578.0,29578.5,546.0,epoch_floor
443413,MNQ,1m,1788504960000,29578.5,29580.75,29575.75,29579.0,521.0,epoch_floor
443417,MNQ,1m,1788505020000,29579.25,29581.5,29574.25,29577.0,524.0,epoch_floor
443419,MNQ,1m,1788505080000,29577.25,29582.25,29577.0,29581.0,480.0,epoch_floor
443421,MNQ,1m,1788505140000,29580.25,29580.25,29573.75,29576.0,456.0,epoch_floor
443433,MNQ,1m,1788505200000,29577.25,29584.75,29575.0,29582.25,1390.0,epoch_floor
443435,MNQ,1m,1788505260000,29582.5,29587.25,29577.25,29587.0,999.0,epoch_floor
443437,MNQ,1m,1788505320000,29587.25,29588.0,29582.0,29584.5,614.0,epoch_floor
443441,MNQ,1m,1788505380000,29584.5,29586.5,29581.5,29583.0,328.0,epoch_floor
443443,MNQ,1m,1788505440000,29583.5,29598.5,29583.25,29594.5,1323.0,epoch_floor
443447,MNQ,1m,1788505500000,29593.75,29595.25,29584.0,29593.25,882.0,epoch_floor
443452,MNQ,1m,1788505560000,29592.25,29595.75,29590.0,29592.75,374.0,epoch_floor
443454,MNQ,1m,1788505620000,29592.75,29597.0,29591.5,29596.75,548.0,epoch_floor
443455,MNQ,1m,1788505680000,29596.25,29603.75,29595.75,29602.75,1019.0,epoch_floor
443459,MNQ,1m,1788505740000,29602.75,29605.0,29599.25,29604.75,705.0,epoch_floor
443463,MNQ,1m,1788505800000,29605.0,29610.75,29603.25,29605.25,998.0,epoch_floor
443465,MNQ,1m,1788505860000,29604.75,29618.25,29604.25,29616.0,944.0,epoch_floor
443469,MNQ,1m,1788505920000,29615.75,29617.75,29607.75,29613.75,926.0,epoch_floor
443471,MNQ,1m,1788505980000,29613.75,29617.25,29611.5,29617.0,458.0,epoch_floor
443473,MNQ,1m,1788506040000,29617.5,29623.75,29616.75,29619.75,918.0,epoch_floor
443481,MNQ,1m,1788506100000,29619.5,29622.25,29617.25,29619.25,406.0,epoch_floor
443483,MNQ,1m,1788506160000,29619.25,29620.75,29606.0,29619.0,1317.0,epoch_floor
443485,MNQ,1m,1788506220000,29619.0,29619.25,29614.0,29615.75,305.0,epoch_floor
443489,MNQ,1m,1788506280000,29616.25,29619.5,29612.75,29615.75,388.0,epoch_floor
443491,MNQ,1m,1788506340000,29616.25,29620.0,29614.5,29617.25,332.0,epoch_floor
443495,MNQ,1m,1788506400000,29618.75,29622.75,29615.75,29620.5,446.0,epoch_floor
443499,MNQ,1m,1788506460000,29620.5,29622.5,29615.25,29617.25,397.0,epoch_floor
443501,MNQ,1m,1788506520000,29617.0,29620.25,29614.25,29617.75,226.0,epoch_floor
443503,MNQ,1m,1788506580000,29617.75,29618.75,29613.5,29615.25,201.0,epoch_floor
443507,MNQ,1m,1788506640000,29615.25,29619.0,29615.0,29617.25,235.0,epoch_floor
443511,MNQ,1m,1788506700000,29617.25,29618.0,29611.75,29612.25,418.0,epoch_floor
443513,MNQ,1m,1788506760000,29612.25,29613.5,29608.75,29613.0,456.0,epoch_floor
443517,MNQ,1m,1788506820000,29613.0,29633.75,29611.5,29632.0,1216.0,epoch_floor
443519,MNQ,1m,1788506880000,29631.75,29634.5,29631.0,29632.0,617.0,epoch_floor
443521,MNQ,1m,1788506940000,29632.0,29637.25,29631.25,29636.25,408.0,epoch_floor
443531,MNQ,1m,1788507000000,29635.5,29641.5,29634.0,29637.5,793.0,epoch_floor
443533,MNQ,1m,1788507060000,29637.0,29643.5,29635.75,29641.75,466.0,epoch_floor
443535,MNQ,1m,1788507120000,29642.0,29642.0,29635.25,29637.0,714.0,epoch_floor
443539,MNQ,1m,1788507180000,29637.25,29647.25,29636.25,29643.5,974.0,epoch_floor
443541,MNQ,1m,1788507240000,29644.0,29645.0,29641.5,29643.5,333.0,epoch_floor
443545,MNQ,1m,1788507300000,29643.25,29647.0,29638.75,29639.5,673.0,epoch_floor
443549,MNQ,1m,1788507360000,29639.75,29640.5,29629.75,29630.5,906.0,epoch_floor
443551,MNQ,1m,1788507420000,29630.75,29632.5,29627.75,29632.25,611.0,epoch_floor
443553,MNQ,1m,1788507480000,29632.0,29642.5,29629.0,29637.25,735.0,epoch_floor
443557,MNQ,1m,1788507540000,29637.0,29639.75,29635.25,29639.75,272.0,epoch_floor
443561,MNQ,1m,1788507600000,29639.25,29642.25,29637.0,29639.5,271.0,epoch_floor
443565,MNQ,1m,1788507660000,29639.25,29644.5,29638.25,29642.75,382.0,epoch_floor
443567,MNQ,1m,1788507720000,29643.25,29652.25,29643.0,29650.75,1273.0,epoch_floor
443569,MNQ,1m,1788507780000,29650.25,29651.0,29643.25,29644.5,474.0,epoch_floor
443571,MNQ,1m,1788507840000,29644.25,29648.75,29644.0,29648.0,228.0,epoch_floor
443579,MNQ,1m,1788507900000,29647.0,29651.25,29643.0,29649.0,402.0,epoch_floor
443581,MNQ,1m,1788507960000,29649.25,29653.75,29648.5,29651.0,479.0,epoch_floor
443583,MNQ,1m,1788508020000,29650.75,29658.0,29649.0,29655.5,679.0,epoch_floor
443587,MNQ,1m,1788508080000,29655.75,29657.25,29652.75,29656.5,414.0,epoch_floor
443591,MNQ,1m,1788508140000,29656.25,29658.75,29655.5,29657.0,323.0,epoch_floor
443593,MNQ,1m,1788508200000,29656.75,29657.0,29652.75,29653.5,394.0,epoch_floor
443597,MNQ,1m,1788508260000,29654.25,29658.25,29652.25,29653.75,313.0,epoch_floor
443599,MNQ,1m,1788508320000,29653.75,29656.0,29652.5,29654.25,365.0,epoch_floor
443601,MNQ,1m,1788508380000,29654.5,29655.75,29650.5,29655.0,407.0,epoch_floor
443605,MNQ,1m,1788508440000,29655.25,29655.75,29646.25,29647.5,396.0,epoch_floor
443609,MNQ,1m,1788508500000,29648.0,29651.5,29645.5,29646.25,306.0,epoch_floor
443611,MNQ,1m,1788508560000,29645.5,29651.0,29641.0,29647.75,791.0,epoch_floor
443615,MNQ,1m,1788508620000,29647.5,29648.25,29642.75,29644.5,317.0,epoch_floor
443617,MNQ,1m,1788508680000,29644.25,29651.0,29644.25,29648.25,347.0,epoch_floor
443619,MNQ,1m,1788508740000,29648.0,29654.75,29646.5,29653.0,502.0,epoch_floor
443633,MNQ,1m,1788508800000,29653.75,29656.5,29643.75,29649.75,1387.0,epoch_floor
443635,MNQ,1m,1788508860000,29650.0,29655.5,29643.25,29647.75,769.0,epoch_floor
443637,MNQ,1m,1788508920000,29647.75,29661.5,29634.75,29657.75,1981.0,epoch_floor
443641,MNQ,1m,1788508980000,29657.75,29663.0,29642.75,29643.5,1433.0,epoch_floor
443643,MNQ,1m,1788509040000,29643.0,29650.75,29638.25,29649.5,1195.0,epoch_floor
443647,MNQ,1m,1788509100000,29649.25,29657.5,29642.5,29657.5,1070.0,epoch_floor
443652,MNQ,1m,1788509160000,29656.75,29664.25,29654.75,29660.5,1106.0,epoch_floor
443653,MNQ,1m,1788509220000,29660.0,29669.25,29659.75,29668.0,1251.0,epoch_floor
443655,MNQ,1m,1788509280000,29668.0,29668.5,29662.5,29663.5,661.0,epoch_floor
443659,MNQ,1m,1788509340000,29663.75,29667.75,29657.5,29657.5,554.0,epoch_floor
443663,MNQ,1m,1788509400000,29658.0,29665.75,29657.25,29661.5,558.0,epoch_floor
443665,MNQ,1m,1788509460000,29661.0,29667.25,29659.75,29663.75,672.0,epoch_floor
443669,MNQ,1m,1788509520000,29664.0,29667.25,29651.75,29655.5,1037.0,epoch_floor
443671,MNQ,1m,1788509580000,29655.0,29656.5,29648.25,29652.0,600.0,epoch_floor
443673,MNQ,1m,1788509640000,29651.75,29653.5,29648.25,29650.5,347.0,epoch_floor
443681,MNQ,1m,1788509700000,29651.0,29656.0,29647.25,29648.5,460.0,epoch_floor
443683,MNQ,1m,1788509760000,29649.5,29653.0,29648.25,29653.0,322.0,epoch_floor
443685,MNQ,1m,1788509820000,29653.25,29656.25,29647.75,29649.0,407.0,epoch_floor
443689,MNQ,1m,1788509880000,29649.75,29653.25,29646.25,29649.5,382.0,epoch_floor
443691,MNQ,1m,1788509940000,29649.25,29654.0,29649.25,29653.0,302.0,epoch_floor
443695,MNQ,1m,1788510000000,29653.25,29662.25,29652.0,29660.5,646.0,epoch_floor
443699,MNQ,1m,1788510060000,29660.0,29664.75,29658.5,29659.0,664.0,epoch_floor
443701,MNQ,1m,1788510120000,29659.0,29660.0,29650.0,29651.25,644.0,epoch_floor
443703,MNQ,1m,1788510180000,29651.75,29659.25,29650.75,29652.0,428.0,epoch_floor
443707,MNQ,1m,1788510240000,29651.75,29655.25,29643.5,29645.0,642.0,epoch_floor
443711,MNQ,1m,1788510300000,29646.0,29656.75,29644.75,29655.0,657.0,epoch_floor
443713,MNQ,1m,1788510360000,29655.25,29665.75,29652.75,29662.25,863.0,epoch_floor
443717,MNQ,1m,1788510420000,29661.75,29672.25,29658.5,29669.25,1187.0,epoch_floor
443719,MNQ,1m,1788510480000,29669.25,29671.75,29666.25,29671.75,573.0,epoch_floor
443721,MNQ,1m,1788510540000,29671.5,29672.25,29668.25,29670.0,392.0,epoch_floor
443731,MNQ,1m,1788510600000,29670.25,29671.25,29667.25,29671.25,370.0,epoch_floor
443734,MNQ,1m,1788510660000,29671.5,29673.0,29668.0,29668.25,363.0,epoch_floor
443735,MNQ,1m,1788510720000,29669.0,29670.0,29658.0,29659.0,632.0,epoch_floor
443739,MNQ,1m,1788510780000,29658.5,29665.0,29657.5,29658.5,513.0,epoch_floor
443741,MNQ,1m,1788510840000,29659.0,29659.25,29654.25,29657.0,511.0,epoch_floor
443745,MNQ,1m,1788510900000,29657.5,29660.25,29652.25,29652.75,376.0,epoch_floor
443750,MNQ,1m,1788510960000,29653.0,29653.5,29645.75,29647.25,632.0,epoch_floor
443751,MNQ,1m,1788511020000,29648.75,29649.5,29643.25,29644.75,303.0,epoch_floor
443753,MNQ,1m,1788511080000,29644.5,29651.75,29644.5,29648.0,538.0,epoch_floor
443759,MNQ,1m,1788511140000,29648.0,29653.25,29647.75,29649.75,287.0,epoch_floor
443761,MNQ,1m,1788511200000,29649.75,29654.25,29645.25,29654.0,474.0,epoch_floor
443763,MNQ,1m,1788511260000,29654.25,29658.25,29651.5,29652.25,673.0,epoch_floor
443767,MNQ,1m,1788511320000,29652.0,29658.0,29651.0,29655.25,358.0,epoch_floor
443769,MNQ,1m,1788511380000,29654.75,29657.75,29649.25,29653.25,384.0,epoch_floor
443775,MNQ,1m,1788511440000,29653.25,29660.5,29652.25,29658.5,319.0,epoch_floor
443780,MNQ,1m,1788511500000,29658.25,29658.25,29651.25,29657.75,332.0,epoch_floor
443781,MNQ,1m,1788511560000,29657.75,29662.5,29656.0,29657.75,464.0,epoch_floor
443783,MNQ,1m,1788511620000,29657.5,29661.25,29649.25,29651.75,512.0,epoch_floor
443787,MNQ,1m,1788511680000,29651.75,29657.5,29651.25,29656.0,305.0,epoch_floor
443789,MNQ,1m,1788511740000,29656.5,29657.75,29649.25,29650.25,314.0,epoch_floor
443793,MNQ,1m,1788511800000,29650.25,29654.5,29647.0,29650.5,565.0,epoch_floor
443797,MNQ,1m,1788511860000,29650.25,29655.25,29650.0,29653.5,264.0,epoch_floor
443800,MNQ,1m,1788511920000,29655.25,29656.75,29650.5,29653.0,261.0,epoch_floor
443801,MNQ,1m,1788511980000,29653.25,29655.0,29647.75,29654.25,339.0,epoch_floor
443807,MNQ,1m,1788512040000,29654.25,29663.5,29654.0,29658.5,589.0,epoch_floor
443809,MNQ,1m,1788512100000,29659.25,29660.75,29654.25,29656.25,343.0,epoch_floor
443811,MNQ,1m,1788512160000,29656.25,29664.25,29656.25,29662.75,444.0,epoch_floor
443815,MNQ,1m,1788512220000,29663.25,29665.75,29660.75,29663.75,311.0,epoch_floor
443818,MNQ,1m,1788512280000,29663.75,29664.25,29654.0,29656.0,477.0,epoch_floor
443825,MNQ,1m,1788512340000,29655.5,29659.25,29654.25,29658.5,173.0,epoch_floor
443831,MNQ,1m,1788512400000,29657.5,29658.25,29650.0,29654.5,449.0,epoch_floor
443833,MNQ,1m,1788512460000,29654.25,29654.5,29647.0,29651.25,510.0,epoch_floor
443835,MNQ,1m,1788512520000,29651.0,29654.75,29650.0,29650.75,319.0,epoch_floor
443839,MNQ,1m,1788512580000,29652.0,29653.75,29650.0,29650.5,153.0,epoch_floor
443841,MNQ,1m,1788512640000,29650.75,29650.75,29645.25,29646.5,427.0,epoch_floor
443845,MNQ,1m,1788512700000,29646.0,29648.5,29645.0,29647.5,288.0,epoch_floor
443849,MNQ,1m,1788512760000,29646.75,29647.25,29640.75,29641.0,619.0,epoch_floor
443851,MNQ,1m,1788512820000,29640.5,29654.0,29640.5,29646.0,642.0,epoch_floor
443853,MNQ,1m,1788512880000,29646.0,29649.0,29641.5,29644.5,381.0,epoch_floor
443857,MNQ,1m,1788512940000,29644.75,29644.75,29638.75,29643.0,372.0,epoch_floor
443861,MNQ,1m,1788513000000,29643.25,29643.5,29640.0,29640.25,262.0,epoch_floor
443863,MNQ,1m,1788513060000,29641.0,29643.75,29636.0,29636.75,445.0,epoch_floor
443867,MNQ,1m,1788513120000,29636.25,29640.75,29633.5,29636.0,596.0,epoch_floor
443869,MNQ,1m,1788513180000,29636.25,29637.0,29628.0,29630.0,699.0,epoch_floor
443871,MNQ,1m,1788513240000,29630.25,29631.0,29626.25,29628.5,499.0,epoch_floor
443879,MNQ,1m,1788513300000,29629.0,29631.0,29625.5,29628.5,332.0,epoch_floor
443881,MNQ,1m,1788513360000,29629.0,29632.5,29627.25,29632.25,300.0,epoch_floor
443883,MNQ,1m,1788513420000,29632.0,29634.75,29629.25,29634.75,362.0,epoch_floor
443887,MNQ,1m,1788513480000,29634.25,29641.5,29630.25,29641.25,622.0,epoch_floor
443889,MNQ,1m,1788513540000,29641.5,29643.25,29637.25,29640.75,403.0,epoch_floor
443893,MNQ,1m,1788513600000,29641.25,29641.75,29629.0,29629.0,567.0,epoch_floor
443897,MNQ,1m,1788513660000,29629.75,29632.5,29617.0,29621.5,1163.0,epoch_floor
443900,MNQ,1m,1788513720000,29621.5,29623.0,29616.25,29620.75,536.0,epoch_floor
443901,MNQ,1m,1788513780000,29621.5,29624.5,29618.75,29623.75,233.0,epoch_floor
443905,MNQ,1m,1788513840000,29623.75,29624.25,29619.5,29620.0,260.0,epoch_floor
443909,MNQ,1m,1788513900000,29621.0,29623.0,29618.25,29619.5,300.0,epoch_floor
443911,MNQ,1m,1788513960000,29619.25,29623.75,29618.75,29622.5,262.0,epoch_floor
443915,MNQ,1m,1788514020000,29622.5,29628.5,29619.75,29626.75,407.0,epoch_floor
443917,MNQ,1m,1788514080000,29627.25,29627.5,29616.5,29618.5,577.0,epoch_floor
443919,MNQ,1m,1788514140000,29618.25,29625.0,29617.75,29625.0,226.0,epoch_floor
443929,MNQ,1m,1788514200000,29625.0,29628.75,29624.75,29627.25,283.0,epoch_floor
443931,MNQ,1m,1788514260000,29627.25,29627.5,29618.25,29624.5,384.0,epoch_floor
443933,MNQ,1m,1788514320000,29624.5,29630.5,29622.25,29630.0,357.0,epoch_floor
443937,MNQ,1m,1788514380000,29630.0,29635.25,29626.75,29629.75,799.0,epoch_floor
443939,MNQ,1m,1788514440000,29629.25,29634.5,29628.75,29630.5,173.0,epoch_floor
443943,MNQ,1m,1788514500000,29630.0,29633.5,29629.5,29631.75,207.0,epoch_floor
443947,MNQ,1m,1788514560000,29631.25,29634.25,29630.5,29633.75,168.0,epoch_floor
443949,MNQ,1m,1788514620000,29634.25,29636.0,29632.0,29635.5,272.0,epoch_floor
443953,MNQ,1m,1788514680000,29635.0,29637.75,29632.75,29634.25,412.0,epoch_floor
443955,MNQ,1m,1788514740000,29635.0,29638.25,29635.0,29637.25,259.0,epoch_floor
443959,MNQ,1m,1788514800000,29637.75,29645.75,29637.25,29641.25,755.0,epoch_floor
443961,MNQ,1m,1788514860000,29641.0,29641.25,29636.0,29639.25,347.0,epoch_floor
443965,MNQ,1m,1788514920000,29639.75,29642.0,29638.25,29641.5,242.0,epoch_floor
443968,MNQ,1m,1788514980000,29641.25,29646.5,29640.5,29644.0,302.0,epoch_floor
443969,MNQ,1m,1788515040000,29644.5,29646.5,29642.5,29643.0,438.0,epoch_floor
443977,MNQ,1m,1788515100000,29644.0,29648.25,29643.5,29643.5,325.0,epoch_floor
443979,MNQ,1m,1788515160000,29644.5,29649.5,29642.75,29648.0,382.0,epoch_floor
443981,MNQ,1m,1788515220000,29648.0,29650.75,29645.75,29647.5,382.0,epoch_floor
443986,MNQ,1m,1788515280000,29647.5,29651.5,29645.0,29651.0,477.0,epoch_floor
443987,MNQ,1m,1788515340000,29651.25,29653.5,29650.5,29651.0,384.0,epoch_floor
443991,MNQ,1m,1788515400000,29651.0,29651.25,29646.5,29647.5,374.0,epoch_floor
443995,MNQ,1m,1788515460000,29647.25,29651.0,29643.0,29650.25,524.0,epoch_floor
443997,MNQ,1m,1788515520000,29650.5,29652.0,29647.25,29651.5,206.0,epoch_floor
443999,MNQ,1m,1788515580000,29652.25,29657.5,29651.0,29657.0,432.0,epoch_floor
444003,MNQ,1m,1788515640000,29656.5,29661.0,29654.5,29656.25,523.0,epoch_floor
444007,MNQ,1m,1788515700000,29655.5,29657.0,29649.5,29654.75,746.0,epoch_floor
444009,MNQ,1m,1788515760000,29655.25,29659.75,29655.0,29656.25,257.0,epoch_floor
444013,MNQ,1m,1788515820000,29657.0,29661.75,29656.5,29656.75,306.0,epoch_floor
444016,MNQ,1m,1788515880000,29657.25,29659.25,29656.25,29659.25,227.0,epoch_floor
444029,MNQ,1m,1788515940000,29659.0,29660.25,29656.25,29657.25,192.0,epoch_floor
444037,MNQ,1m,1788516000000,29656.75,29666.25,29654.25,29663.75,883.0,epoch_floor
444039,MNQ,1m,1788516060000,29664.0,29668.75,29659.5,29660.5,572.0,epoch_floor
444041,MNQ,1m,1788516120000,29661.5,29664.5,29658.5,29660.25,293.0,epoch_floor
444045,MNQ,1m,1788516180000,29660.75,29662.5,29656.5,29657.75,363.0,epoch_floor
444047,MNQ,1m,1788516240000,29657.25,29665.5,29655.0,29662.5,395.0,epoch_floor
444051,MNQ,1m,1788516300000,29662.25,29664.0,29660.5,29663.5,230.0,epoch_floor
444056,MNQ,1m,1788516360000,29663.0,29663.25,29656.5,29659.25,298.0,epoch_floor
444057,MNQ,1m,1788516420000,29660.0,29660.0,29654.75,29657.75,293.0,epoch_floor
444061,MNQ,1m,1788516480000,29658.5,29660.0,29656.0,29658.5,172.0,epoch_floor
444063,MNQ,1m,1788516540000,29657.5,29661.5,29654.75,29661.0,307.0,epoch_floor
444067,MNQ,1m,1788516600000,29659.75,29663.25,29658.0,29662.0,292.0,epoch_floor
444069,MNQ,1m,1788516660000,29662.0,29666.0,29661.0,29664.5,309.0,epoch_floor
444074,MNQ,1m,1788516720000,29664.5,29665.0,29661.25,29661.75,275.0,epoch_floor
444076,MNQ,1m,1788516780000,29661.5,29662.25,29655.0,29658.5,333.0,epoch_floor
444077,MNQ,1m,1788516840000,29658.5,29664.0,29658.5,29661.25,245.0,epoch_floor
444085,MNQ,1m,1788516900000,29662.0,29663.5,29659.0,29659.0,170.0,epoch_floor
444088,MNQ,1m,1788516960000,29659.75,29664.75,29659.25,29661.25,227.0,epoch_floor
444089,MNQ,1m,1788517020000,29661.25,29665.5,29660.5,29662.5,182.0,epoch_floor
444093,MNQ,1m,1788517080000,29662.5,29662.5,29659.0,29662.25,161.0,epoch_floor
444095,MNQ,1m,1788517140000,29662.0,29667.25,29661.5,29666.0,256.0,epoch_floor
444099,MNQ,1m,1788517200000,29666.25,29667.5,29662.75,29663.25,223.0,epoch_floor
444103,MNQ,1m,1788517260000,29663.0,29665.0,29661.25,29662.25,155.0,epoch_floor
444105,MNQ,1m,1788517320000,29662.25,29665.5,29661.5,29663.75,110.0,epoch_floor
444107,MNQ,1m,1788517380000,29663.25,29665.0,29662.75,29662.75,77.0,epoch_floor
444111,MNQ,1m,1788517440000,29662.75,29670.5,29660.75,29669.25,465.0,epoch_floor
444115,MNQ,1m,1788517500000,29669.25,29686.0,29666.0,29676.0,2017.0,epoch_floor
444117,MNQ,1m,1788517560000,29676.0,29680.0,29664.25,29666.25,1238.0,epoch_floor
444121,MNQ,1m,1788517620000,29666.5,29673.25,29665.75,29673.25,296.0,epoch_floor
444123,MNQ,1m,1788517680000,29672.5,29681.5,29671.75,29680.25,612.0,epoch_floor
444125,MNQ,1m,1788517740000,29679.75,29681.75,29677.5,29677.75,367.0,epoch_floor
444135,MNQ,1m,1788517800000,29677.5,29677.75,29672.0,29676.5,468.0,epoch_floor
444137,MNQ,1m,1788517860000,29677.25,29681.0,29673.25,29679.75,517.0,epoch_floor
444139,MNQ,1m,1788517920000,29680.0,29680.25,29673.0,29673.0,281.0,epoch_floor
444143,MNQ,1m,1788517980000,29672.5,29677.5,29669.75,29673.25,283.0,epoch_floor
444145,MNQ,1m,1788518040000,29674.0,29676.0,29671.0,29671.5,267.0,epoch_floor
444149,MNQ,1m,1788518100000,29672.0,29674.25,29668.5,29671.25,368.0,epoch_floor
444153,MNQ,1m,1788518160000,29671.25,29677.25,29671.25,29674.25,411.0,epoch_floor
444155,MNQ,1m,1788518220000,29674.75,29679.0,29674.5,29676.25,227.0,epoch_floor
444157,MNQ,1m,1788518280000,29675.75,29679.75,29674.75,29679.75,179.0,epoch_floor
444161,MNQ,1m,1788518340000,29679.75,29682.25,29678.0,29681.5,276.0,epoch_floor
444165,MNQ,1m,1788518400000,29681.75,29681.75,29674.25,29674.25,357.0,epoch_floor
444167,MNQ,1m,1788518460000,29674.5,29676.75,29673.0,29675.75,218.0,epoch_floor
444172,MNQ,1m,1788518520000,29676.0,29680.0,29675.75,29679.25,261.0,epoch_floor
444173,MNQ,1m,1788518580000,29679.5,29684.25,29677.75,29681.25,382.0,epoch_floor
444175,MNQ,1m,1788518640000,29682.0,29682.0,29678.5,29679.75,162.0,epoch_floor
444183,MNQ,1m,1788518700000,29680.5,29683.5,29679.0,29682.5,162.0,epoch_floor
444185,MNQ,1m,1788518760000,29682.25,29696.75,29681.75,29695.0,1390.0,epoch_floor
444187,MNQ,1m,1788518820000,29694.5,29698.5,29692.25,29693.75,762.0,epoch_floor
444191,MNQ,1m,1788518880000,29693.75,29694.25,29687.25,29687.75,374.0,epoch_floor
444193,MNQ,1m,1788518940000,29687.5,29689.0,29682.5,29683.75,433.0,epoch_floor
444197,MNQ,1m,1788519000000,29684.0,29685.75,29679.5,29679.5,470.0,epoch_floor
444201,MNQ,1m,1788519060000,29679.25,29682.0,29679.0,29680.0,348.0,epoch_floor
444203,MNQ,1m,1788519120000,29680.0,29682.5,29677.5,29679.0,338.0,epoch_floor
444205,MNQ,1m,1788519180000,29678.25,29680.75,29676.0,29678.5,243.0,epoch_floor
444209,MNQ,1m,1788519240000,29679.75,29683.25,29679.25,29682.5,227.0,epoch_floor
444213,MNQ,1m,1788519300000,29683.25,29685.0,29681.0,29682.25,210.0,epoch_floor
444215,MNQ,1m,1788519360000,29682.25,29682.75,29678.5,29679.25,222.0,epoch_floor
444219,MNQ,1m,1788519420000,29679.0,29680.25,29677.5,29678.25,257.0,epoch_floor
444221,MNQ,1m,1788519480000,29677.75,29682.25,29677.5,29682.25,281.0,epoch_floor
444223,MNQ,1m,1788519540000,29681.75,29682.0,29678.5,29681.0,184.0,epoch_floor
444235,MNQ,1m,1788519600000,29681.25,29686.25,29664.0,29665.5,1967.0,epoch_floor
444237,MNQ,1m,1788519660000,29665.5,29666.75,29660.5,29661.75,700.0,epoch_floor
444239,MNQ,1m,1788519720000,29661.75,29666.25,29661.0,29663.0,581.0,epoch_floor
444243,MNQ,1m,1788519780000,29663.25,29664.75,29654.75,29655.0,804.0,epoch_floor
444245,MNQ,1m,1788519840000,29655.0,29661.25,29650.75,29656.5,891.0,epoch_floor
444251,MNQ,1m,1788519900000,29656.5,29664.0,29654.25,29660.25,658.0,epoch_floor
444253,MNQ,1m,1788519960000,29660.0,29662.0,29653.25,29657.75,446.0,epoch_floor
444255,MNQ,1m,1788520020000,29658.25,29662.0,29656.0,29659.0,260.0,epoch_floor
444257,MNQ,1m,1788520080000,29659.25,29660.5,29654.75,29656.5,191.0,epoch_floor
444261,MNQ,1m,1788520140000,29657.25,29657.5,29651.5,29651.75,297.0,epoch_floor
444265,MNQ,1m,1788520200000,29651.5,29654.75,29650.5,29654.5,350.0,epoch_floor
444267,MNQ,1m,1788520260000,29654.75,29658.75,29651.25,29653.5,519.0,epoch_floor
444271,MNQ,1m,1788520320000,29653.75,29659.25,29653.75,29659.0,367.0,epoch_floor
444273,MNQ,1m,1788520380000,29659.25,29664.25,29657.5,29660.75,549.0,epoch_floor
444275,MNQ,1m,1788520440000,29660.75,29663.5,29658.75,29659.75,245.0,epoch_floor
444283,MNQ,1m,1788520500000,29660.5,29663.25,29658.5,29661.25,239.0,epoch_floor
444285,MNQ,1m,1788520560000,29661.75,29664.0,29660.75,29662.5,222.0,epoch_floor
444287,MNQ,1m,1788520620000,29663.0,29663.5,29657.75,29661.0,320.0,epoch_floor
444291,MNQ,1m,1788520680000,29661.0,29666.75,29660.25,29663.5,615.0,epoch_floor
444293,MNQ,1m,1788520740000,29664.0,29664.25,29656.75,29658.75,341.0,epoch_floor
444297,MNQ,1m,1788520800000,29658.5,29662.25,29658.25,29659.75,182.0,epoch_floor
444301,MNQ,1m,1788520860000,29659.25,29660.75,29655.75,29658.0,285.0,epoch_floor
444303,MNQ,1m,1788520920000,29658.25,29669.5,29656.5,29666.75,525.0,epoch_floor
444305,MNQ,1m,1788520980000,29666.25,29666.25,29660.75,29662.25,443.0,epoch_floor
444311,MNQ,1m,1788521040000,29662.0,29664.5,29659.25,29663.25,309.0,epoch_floor
444313,MNQ,1m,1788521100000,29662.5,29669.5,29660.75,29667.25,455.0,epoch_floor
444315,MNQ,1m,1788521160000,29668.25,29676.75,29666.5,29674.75,923.0,epoch_floor
444320,MNQ,1m,1788521220000,29675.0,29676.0,29670.75,29671.75,381.0,epoch_floor
444321,MNQ,1m,1788521280000,29671.25,29672.25,29669.5,29670.0,241.0,epoch_floor
444323,MNQ,1m,1788521340000,29669.5,29671.0,29660.5,29663.25,751.0,epoch_floor
444334,MNQ,1m,1788521400000,29663.75,29667.0,29661.25,29663.25,412.0,epoch_floor
444336,MNQ,1m,1788521460000,29663.25,29671.5,29661.5,29669.0,503.0,epoch_floor
444337,MNQ,1m,1788521520000,29669.0,29675.75,29668.25,29675.0,552.0,epoch_floor
444341,MNQ,1m,1788521580000,29675.5,29675.5,29668.5,29669.75,310.0,epoch_floor
444343,MNQ,1m,1788521640000,29669.75,29673.25,29667.75,29668.5,320.0,epoch_floor
444347,MNQ,1m,1788521700000,29669.25,29673.0,29668.25,29672.25,282.0,epoch_floor
444351,MNQ,1m,1788521760000,29672.0,29676.5,29671.0,29672.25,392.0,epoch_floor
444353,MNQ,1m,1788521820000,29672.25,29673.25,29668.5,29668.5,241.0,epoch_floor
444355,MNQ,1m,1788521880000,29669.0,29676.5,29668.5,29673.25,394.0,epoch_floor
444361,MNQ,1m,1788521940000,29672.75,29673.25,29667.0,29669.75,419.0,epoch_floor
444363,MNQ,1m,1788522000000,29669.75,29674.75,29669.0,29670.75,305.0,epoch_floor
444367,MNQ,1m,1788522060000,29671.0,29675.5,29670.0,29671.5,339.0,epoch_floor
444369,MNQ,1m,1788522120000,29671.75,29672.5,29666.5,29670.25,286.0,epoch_floor
444372,MNQ,1m,1788522180000,29669.75,29671.0,29667.25,29670.0,146.0,epoch_floor
444373,MNQ,1m,1788522240000,29669.5,29672.75,29667.5,29671.5,344.0,epoch_floor
444381,MNQ,1m,1788522300000,29671.25,29673.75,29666.75,29669.0,226.0,epoch_floor
444383,MNQ,1m,1788522360000,29669.25,29675.75,29668.5,29674.25,268.0,epoch_floor
444385,MNQ,1m,1788522420000,29675.75,29677.75,29673.5,29677.75,424.0,epoch_floor
444389,MNQ,1m,1788522480000,29677.75,29679.0,29674.0,29674.75,450.0,epoch_floor
444391,MNQ,1m,1788522540000,29675.25,29678.5,29674.25,29677.0,284.0,epoch_floor
444395,MNQ,1m,1788522600000,29676.75,29679.25,29676.0,29678.75,201.0,epoch_floor
444399,MNQ,1m,1788522660000,29679.0,29680.25,29676.25,29679.75,357.0,epoch_floor
444401,MNQ,1m,1788522720000,29679.25,29680.25,29676.25,29676.75,219.0,epoch_floor
444403,MNQ,1m,1788522780000,29677.25,29684.75,29676.25,29683.5,587.0,epoch_floor
444407,MNQ,1m,1788522840000,29683.0,29683.5,29679.0,29682.0,349.0,epoch_floor
444411,MNQ,1m,1788522900000,29682.0,29684.25,29680.75,29683.25,262.0,epoch_floor
444413,MNQ,1m,1788522960000,29683.25,29689.5,29683.25,29685.0,828.0,epoch_floor
444417,MNQ,1m,1788523020000,29685.25,29685.5,29683.5,29685.5,232.0,epoch_floor
444419,MNQ,1m,1788523080000,29685.5,29686.0,29682.25,29682.75,405.0,epoch_floor
444421,MNQ,1m,1788523140000,29682.75,29683.75,29678.5,29681.75,644.0,epoch_floor
444435,MNQ,1m,1788523200000,29682.25,29686.75,29676.25,29676.25,941.0,epoch_floor
444437,MNQ,1m,1788523260000,29676.75,29678.25,29658.0,29660.25,1707.0,epoch_floor
444439,MNQ,1m,1788523320000,29660.5,29662.75,29654.5,29661.5,1007.0,epoch_floor
444443,MNQ,1m,1788523380000,29662.0,29666.0,29659.25,29663.25,871.0,epoch_floor
444445,MNQ,1m,1788523440000,29662.75,29663.75,29655.0,29657.0,717.0,epoch_floor
444449,MNQ,1m,1788523500000,29655.75,29657.0,29639.75,29640.75,2179.0,epoch_floor
444453,MNQ,1m,1788523560000,29641.5,29645.75,29635.0,29635.25,1641.0,epoch_floor
444455,MNQ,1m,1788523620000,29635.0,29645.5,29627.25,29644.75,2509.0,epoch_floor
444457,MNQ,1m,1788523680000,29645.0,29662.75,29644.25,29660.75,1897.0,epoch_floor
444461,MNQ,1m,1788523740000,29660.0,29666.0,29657.5,29660.5,1162.0,epoch_floor
444465,MNQ,1m,1788523800000,29661.0,29663.25,29642.25,29645.5,1221.0,epoch_floor
444467,MNQ,1m,1788523860000,29645.5,29646.5,29636.75,29643.25,1371.0,epoch_floor
444471,MNQ,1m,1788523920000,29643.0,29647.25,29636.75,29641.0,826.0,epoch_floor
444474,MNQ,1m,1788523980000,29640.75,29644.5,29639.75,29642.0,706.0,epoch_floor
444475,MNQ,1m,1788524040000,29641.0,29645.0,29637.5,29642.5,639.0,epoch_floor
444483,MNQ,1m,1788524100000,29643.0,29645.25,29637.5,29639.5,615.0,epoch_floor
444485,MNQ,1m,1788524160000,29640.0,29642.75,29635.5,29637.0,696.0,epoch_floor
444487,MNQ,1m,1788524220000,29637.0,29640.75,29631.75,29636.5,857.0,epoch_floor
444492,MNQ,1m,1788524280000,29636.75,29643.75,29633.5,29640.75,788.0,epoch_floor
444493,MNQ,1m,1788524340000,29640.5,29657.5,29638.0,29655.5,1240.0,epoch_floor
444497,MNQ,1m,1788524400000,29656.25,29662.0,29655.25,29658.75,1009.0,epoch_floor
444501,MNQ,1m,1788524460000,29659.25,29666.25,29655.75,29661.75,767.0,epoch_floor
444504,MNQ,1m,1788524520000,29663.0,29663.75,29654.75,29658.0,633.0,epoch_floor
444507,MNQ,1m,1788524580000,29658.5,29660.5,29656.0,29658.0,343.0,epoch_floor
444509,MNQ,1m,1788524640000,29657.75,29669.0,29657.25,29667.5,772.0,epoch_floor
444513,MNQ,1m,1788524700000,29667.0,29675.75,29662.75,29671.25,1036.0,epoch_floor
444515,MNQ,1m,1788524760000,29671.25,29675.5,29666.0,29667.0,721.0,epoch_floor
444520,MNQ,1m,1788524820000,29667.0,29671.5,29664.25,29670.75,564.0,epoch_floor
444521,MNQ,1m,1788524880000,29670.75,29673.75,29665.75,29673.5,519.0,epoch_floor
444523,MNQ,1m,1788524940000,29672.5,29700.0,29634.25,29678.0,3370.0,epoch_floor
444534,MNQ,1m,1788525000000,29676.25,29720.0,29546.25,29565.25,12228.0,epoch_floor
444535,MNQ,1m,1788525060000,29564.5,29590.75,29561.0,29564.75,5718.0,epoch_floor
444537,MNQ,1m,1788525120000,29565.25,29572.5,29538.0,29546.5,5714.0,epoch_floor
444541,MNQ,1m,1788525180000,29547.5,29556.75,29532.5,29546.0,5229.0,epoch_floor
444543,MNQ,1m,1788525240000,29545.25,29564.75,29541.75,29553.75,4024.0,epoch_floor
444547,MNQ,1m,1788525300000,29553.5,29573.0,29551.75,29568.25,4043.0,epoch_floor
444551,MNQ,1m,1788525360000,29568.75,29574.75,29557.75,29560.25,3333.0,epoch_floor
444553,MNQ,1m,1788525420000,29560.5,29563.75,29544.75,29555.25,3585.0,epoch_floor
444557,MNQ,1m,1788525480000,29554.75,29568.5,29541.25,29547.25,4554.0,epoch_floor
444561,MNQ,1m,1788525540000,29547.0,29564.25,29540.0,29556.25,3600.0,epoch_floor
444563,MNQ,1m,1788525600000,29555.5,29584.25,29555.0,29578.25,3241.0,epoch_floor
444565,MNQ,1m,1788525660000,29577.75,29584.75,29569.5,29575.75,3256.0,epoch_floor
444569,MNQ,1m,1788525720000,29575.75,29589.0,29574.75,29578.75,2542.0,epoch_floor
444571,MNQ,1m,1788525780000,29578.5,29583.0,29544.75,29567.0,3569.0,epoch_floor
444573,MNQ,1m,1788525840000,29567.25,29574.0,29555.5,29556.75,2538.0,epoch_floor
444581,MNQ,1m,1788525900000,29557.25,29557.75,29538.0,29540.0,3184.0,epoch_floor
444583,MNQ,1m,1788525960000,29540.25,29541.5,29512.25,29515.5,4895.0,epoch_floor
444585,MNQ,1m,1788526020000,29516.0,29518.0,29503.25,29507.75,4380.0,epoch_floor
444589,MNQ,1m,1788526080000,29508.25,29519.25,29502.0,29514.5,3184.0,epoch_floor
444591,MNQ,1m,1788526140000,29514.25,29525.75,29506.25,29518.25,4008.0,epoch_floor
444595,MNQ,1m,1788526200000,29517.75,29539.75,29515.25,29531.75,3655.0,epoch_floor
444599,MNQ,1m,1788526260000,29531.75,29542.75,29524.5,29537.0,2754.0,epoch_floor
444601,MNQ,1m,1788526320000,29536.75,29541.0,29532.0,29534.25,1719.0,epoch_floor
444605,MNQ,1m,1788526380000,29534.25,29546.75,29526.0,29546.25,3005.0,epoch_floor
444607,MNQ,1m,1788526440000,29545.0,29548.25,29527.5,29529.75,2448.0,epoch_floor
444611,MNQ,1m,1788526500000,29529.5,29537.5,29527.5,29534.75,1660.0,epoch_floor
444613,MNQ,1m,1788526560000,29535.0,29535.25,29518.0,29531.75,2709.0,epoch_floor
444617,MNQ,1m,1788526620000,29531.5,29537.5,29525.75,29537.0,1638.0,epoch_floor
444619,MNQ,1m,1788526680000,29537.25,29550.5,29536.5,29546.25,2637.0,epoch_floor
444621,MNQ,1m,1788526740000,29546.25,29548.0,29537.25,29546.5,1525.0,epoch_floor
444633,MNQ,1m,1788526800000,29546.5,29547.75,29523.0,29528.75,3420.0,epoch_floor
444635,MNQ,1m,1788526860000,29528.5,29537.0,29523.5,29527.75,2025.0,epoch_floor
444637,MNQ,1m,1788526920000,29528.0,29540.0,29523.25,29535.0,3390.0,epoch_floor
444641,MNQ,1m,1788526980000,29534.75,29549.25,29531.0,29547.0,2214.0,epoch_floor
444643,MNQ,1m,1788527040000,29547.5,29551.75,29536.5,29537.0,2119.0,epoch_floor
444647,MNQ,1m,1788527100000,29537.0,29556.75,29536.0,29552.5,2011.0,epoch_floor
444651,MNQ,1m,1788527160000,29552.5,29555.5,29531.75,29544.0,2402.0,epoch_floor
444653,MNQ,1m,1788527220000,29543.5,29547.0,29534.0,29537.25,1408.0,epoch_floor
444657,MNQ,1m,1788527280000,29537.5,29545.0,29536.0,29541.0,899.0,epoch_floor
444661,MNQ,1m,1788527340000,29540.25,29546.0,29532.5,29533.5,1041.0,epoch_floor
444663,MNQ,1m,1788527400000,29534.0,29538.75,29527.5,29529.25,1461.0,epoch_floor
444665,MNQ,1m,1788527460000,29529.5,29535.5,29528.25,29534.75,813.0,epoch_floor
444669,MNQ,1m,1788527520000,29534.5,29542.25,29532.0,29542.25,1074.0,epoch_floor
444671,MNQ,1m,1788527580000,29541.25,29550.75,29541.0,29543.5,1355.0,epoch_floor
444673,MNQ,1m,1788527640000,29543.25,29549.5,29538.25,29548.75,1022.0,epoch_floor
444681,MNQ,1m,1788527700000,29548.5,29555.25,29547.0,29551.5,1563.0,epoch_floor
444683,MNQ,1m,1788527760000,29551.0,29564.5,29549.5,29560.75,2685.0,epoch_floor
444685,MNQ,1m,1788527820000,29561.0,29561.75,29554.25,29555.75,1076.0,epoch_floor
444689,MNQ,1m,1788527880000,29555.25,29562.75,29552.75,29561.0,1090.0,epoch_floor
444691,MNQ,1m,1788527940000,29560.75,29564.25,29556.75,29563.0,829.0,epoch_floor
444697,MNQ,1m,1788528000000,29563.25,29572.25,29561.5,29571.0,1513.0,epoch_floor
444699,MNQ,1m,1788528060000,29571.0,29577.0,29568.75,29576.5,1807.0,epoch_floor
444701,MNQ,1m,1788528120000,29576.75,29579.5,29570.0,29571.25,2017.0,epoch_floor
444703,MNQ,1m,1788528180000,29571.5,29579.75,29569.25,29578.75,1142.0,epoch_floor
444709,MNQ,1m,1788528240000,29578.75,29587.0,29576.0,29584.25,2063.0,epoch_floor
444711,MNQ,1m,1788528300000,29583.5,29587.5,29578.0,29583.25,2047.0,epoch_floor
444713,MNQ,1m,1788528360000,29583.25,29584.0,29576.25,29579.25,1307.0,epoch_floor
444717,MNQ,1m,1788528420000,29579.5,29590.5,29575.5,29580.75,2801.0,epoch_floor
444719,MNQ,1m,1788528480000,29580.25,29585.25,29571.75,29575.25,2557.0,epoch_floor
444723,MNQ,1m,1788528540000,29575.25,29591.75,29573.25,29588.25,2422.0,epoch_floor
444732,MNQ,1m,1788528600000,29588.5,29596.25,29557.0,29566.0,14316.0,epoch_floor
444733,MNQ,1m,1788528660000,29565.5,29611.25,29553.75,29607.75,15682.0,epoch_floor
444735,MNQ,1m,1788528720000,29608.0,29626.5,29590.0,29623.0,12636.0,epoch_floor
444739,MNQ,1m,1788528780000,29622.25,29625.0,29598.5,29614.5,9884.0,epoch_floor
444741,MNQ,1m,1788528840000,29614.75,29635.0,29612.75,29634.0,8240.0,epoch_floor
444745,MNQ,1m,1788528900000,29634.0,29637.0,29618.0,29633.25,8657.0,epoch_floor
444749,MNQ,1m,1788528960000,29633.75,29645.25,29611.0,29617.25,10814.0,epoch_floor
444751,MNQ,1m,1788529020000,29617.0,29642.75,29615.5,29638.25,8803.0,epoch_floor
444753,MNQ,1m,1788529080000,29638.0,29640.0,29623.0,29634.5,5013.0,epoch_floor
444757,MNQ,1m,1788529140000,29635.0,29635.0,29612.25,29628.25,6687.0,epoch_floor
444761,MNQ,1m,1788529200000,29628.5,29641.5,29613.0,29620.0,7788.0,epoch_floor
444763,MNQ,1m,1788529260000,29619.75,29629.25,29602.25,29614.0,9560.0,epoch_floor
444767,MNQ,1m,1788529320000,29614.5,29629.5,29607.0,29614.25,6463.0,epoch_floor
444770,MNQ,1m,1788529380000,29614.25,29643.0,29612.25,29643.0,5804.0,epoch_floor
444771,MNQ,1m,1788529440000,29643.0,29645.0,29596.75,29616.5,12076.0,epoch_floor
444780,MNQ,1m,1788529500000,29615.75,29619.25,29577.5,29593.0,11034.0,epoch_floor
444781,MNQ,1m,1788529560000,29593.25,29623.0,29589.0,29622.0,7682.0,epoch_floor
444783,MNQ,1m,1788529620000,29622.0,29633.0,29615.25,29628.0,6537.0,epoch_floor
444787,MNQ,1m,1788529680000,29628.25,29650.0,29626.5,29633.25,9202.0,epoch_floor
444789,MNQ,1m,1788529740000,29633.0,29639.0,29624.25,29634.0,5476.0,epoch_floor
444793,MNQ,1m,1788529800000,29634.5,29644.0,29623.25,29643.0,4679.0,epoch_floor
444797,MNQ,1m,1788529860000,29642.75,29644.0,29616.5,29625.75,5648.0,epoch_floor
444800,MNQ,1m,1788529920000,29625.75,29634.5,29609.25,29634.0,6352.0,epoch_floor
444801,MNQ,1m,1788529980000,29634.25,29656.25,29627.5,29650.5,6936.0,epoch_floor
444805,MNQ,1m,1788530040000,29651.0,29665.0,29649.5,29659.75,8696.0,epoch_floor
444809,MNQ,1m,1788530100000,29660.25,29676.25,29651.75,29675.75,6969.0,epoch_floor
444811,MNQ,1m,1788530160000,29675.75,29685.75,29673.5,29678.25,8301.0,epoch_floor
444816,MNQ,1m,1788530220000,29678.0,29687.25,29677.5,29685.5,4844.0,epoch_floor
444817,MNQ,1m,1788530280000,29685.5,29692.0,29680.75,29688.5,4751.0,epoch_floor
444819,MNQ,1m,1788530340000,29688.0,29691.25,29675.0,29691.25,5207.0,epoch_floor
444837,MNQ,1m,1788530400000,29691.0,29691.25,29674.25,29682.0,6461.0,epoch_floor
444840,MNQ,1m,1788530460000,29681.75,29682.75,29654.0,29658.25,8651.0,epoch_floor
444841,MNQ,1m,1788530520000,29658.5,29669.75,29655.75,29669.0,5126.0,epoch_floor
444845,MNQ,1m,1788530580000,29669.25,29678.0,29657.25,29673.5,4848.0,epoch_floor
444847,MNQ,1m,1788530640000,29672.75,29674.0,29661.5,29668.5,3355.0,epoch_floor
444851,MNQ,1m,1788530700000,29668.25,29675.75,29661.0,29662.25,3603.0,epoch_floor
444855,MNQ,1m,1788530760000,29662.5,29674.5,29655.25,29674.0,3887.0,epoch_floor
444857,MNQ,1m,1788530820000,29673.75,29674.5,29647.5,29651.75,5371.0,epoch_floor
444859,MNQ,1m,1788530880000,29651.0,29657.75,29645.25,29653.75,5036.0,epoch_floor
444863,MNQ,1m,1788530940000,29653.25,29658.75,29641.0,29644.25,6026.0,epoch_floor
444867,MNQ,1m,1788531000000,29644.75,29654.5,29629.0,29630.5,8326.0,epoch_floor
444869,MNQ,1m,1788531060000,29630.5,29638.0,29623.75,29626.5,6503.0,epoch_floor
444873,MNQ,1m,1788531120000,29626.5,29626.5,29594.0,29606.25,13514.0,epoch_floor
444875,MNQ,1m,1788531180000,29606.25,29623.5,29600.0,29622.5,8235.0,epoch_floor
444877,MNQ,1m,1788531240000,29621.75,29652.5,29621.0,29648.25,9619.0,epoch_floor
444885,MNQ,1m,1788531300000,29648.25,29649.75,29627.0,29634.5,8591.0,epoch_floor
444887,MNQ,1m,1788531360000,29634.25,29642.5,29619.25,29620.75,6127.0,epoch_floor
444889,MNQ,1m,1788531420000,29620.5,29631.5,29614.25,29618.0,6639.0,epoch_floor
444893,MNQ,1m,1788531480000,29618.25,29631.0,29612.75,29621.75,4719.0,epoch_floor
444895,MNQ,1m,1788531540000,29621.5,29624.0,29600.0,29601.25,5819.0,epoch_floor
444899,MNQ,1m,1788531600000,29601.5,29606.25,29579.25,29588.5,11490.0,epoch_floor
444903,MNQ,1m,1788531660000,29588.75,29608.5,29586.5,29606.25,6919.0,epoch_floor
444906,MNQ,1m,1788531720000,29607.0,29612.5,29591.0,29609.5,5357.0,epoch_floor
444907,MNQ,1m,1788531780000,29610.0,29610.5,29600.5,29609.25,3906.0,epoch_floor
444911,MNQ,1m,1788531840000,29609.0,29609.5,29587.25,29596.0,5102.0,epoch_floor
444915,MNQ,1m,1788531900000,29595.5,29602.75,29583.5,29585.5,4633.0,epoch_floor
444917,MNQ,1m,1788531960000,29585.5,29588.25,29564.0,29578.5,9213.0,epoch_floor
444922,MNQ,1m,1788532020000,29578.5,29586.0,29576.0,29577.0,4471.0,epoch_floor
444923,MNQ,1m,1788532080000,29577.0,29592.0,29567.0,29589.5,6008.0,epoch_floor
444925,MNQ,1m,1788532140000,29589.25,29598.75,29585.25,29595.75,5215.0,epoch_floor
444935,MNQ,1m,1788532200000,29596.0,29598.25,29567.75,29567.75,7148.0,epoch_floor
444938,MNQ,1m,1788532260000,29568.25,29571.5,29554.75,29564.25,7772.0,epoch_floor
444939,MNQ,1m,1788532320000,29564.25,29579.0,29562.0,29576.5,5352.0,epoch_floor
444943,MNQ,1m,1788532380000,29576.0,29584.75,29563.0,29567.5,4656.0,epoch_floor
444945,MNQ,1m,1788532440000,29568.0,29569.75,29554.75,29559.0,3295.0,epoch_floor
444949,MNQ,1m,1788532500000,29559.25,29574.25,29558.0,29571.5,4192.0,epoch_floor
444953,MNQ,1m,1788532560000,29571.5,29587.25,29567.0,29582.75,5034.0,epoch_floor
444955,MNQ,1m,1788532620000,29582.5,29590.0,29566.75,29582.5,5797.0,epoch_floor
444957,MNQ,1m,1788532680000,29583.5,29589.25,29575.25,29578.5,3587.0,epoch_floor
444961,MNQ,1m,1788532740000,29578.5,29588.0,29571.75,29588.0,3483.0,epoch_floor
444965,MNQ,1m,1788532800000,29587.75,29587.75,29568.25,29570.75,4286.0,epoch_floor
444967,MNQ,1m,1788532860000,29571.0,29577.25,29562.0,29572.75,3987.0,epoch_floor
444971,MNQ,1m,1788532920000,29572.75,29574.5,29541.75,29545.5,9677.0,epoch_floor
444973,MNQ,1m,1788532980000,29545.25,29547.5,29531.25,29533.75,7435.0,epoch_floor
444975,MNQ,1m,1788533040000,29533.75,29541.25,29530.0,29533.5,4649.0,epoch_floor
444983,MNQ,1m,1788533100000,29533.0,29544.25,29527.75,29532.25,5653.0,epoch_floor
444986,MNQ,1m,1788533160000,29532.75,29540.75,29529.75,29540.5,3793.0,epoch_floor
444987,MNQ,1m,1788533220000,29539.75,29540.25,29525.25,29533.75,4676.0,epoch_floor
444991,MNQ,1m,1788533280000,29533.5,29539.75,29519.0,29525.5,5631.0,epoch_floor
444993,MNQ,1m,1788533340000,29524.75,29527.75,29510.0,29511.0,5626.0,epoch_floor
444997,MNQ,1m,1788533400000,29510.5,29526.5,29509.5,29523.5,5942.0,epoch_floor
445001,MNQ,1m,1788533460000,29523.75,29535.5,29522.0,29524.5,4994.0,epoch_floor
445003,MNQ,1m,1788533520000,29524.25,29528.25,29514.75,29525.5,4481.0,epoch_floor
445007,MNQ,1m,1788533580000,29525.5,29532.0,29519.0,29520.5,3247.0,epoch_floor
445009,MNQ,1m,1788533640000,29520.75,29525.0,29509.0,29516.75,3609.0,epoch_floor
445013,MNQ,1m,1788533700000,29516.25,29526.5,29510.0,29521.25,4145.0,epoch_floor
445015,MNQ,1m,1788533760000,29520.75,29524.0,29498.5,29500.5,7127.0,epoch_floor
445019,MNQ,1m,1788533820000,29500.5,29521.75,29499.25,29520.25,5529.0,epoch_floor
445021,MNQ,1m,1788533880000,29520.5,29530.25,29518.25,29529.25,4242.0,epoch_floor
445023,MNQ,1m,1788533940000,29528.75,29530.0,29511.25,29520.75,4204.0,epoch_floor
445035,MNQ,1m,1788534000000,29520.5,29529.25,29514.75,29524.25,4339.0,epoch_floor
445038,MNQ,1m,1788534060000,29524.25,29529.5,29518.0,29521.25,2548.0,epoch_floor
445039,MNQ,1m,1788534120000,29521.0,29523.0,29491.0,29510.75,8339.0,epoch_floor
445043,MNQ,1m,1788534180000,29510.75,29512.25,29501.5,29504.25,3597.0,epoch_floor
445047,MNQ,1m,1788534240000,29503.75,29518.0,29497.0,29516.25,4697.0,epoch_floor
445049,MNQ,1m,1788534300000,29515.5,29517.0,29503.25,29511.25,3321.0,epoch_floor
445054,MNQ,1m,1788534360000,29511.5,29517.5,29507.75,29513.0,3038.0,epoch_floor
445055,MNQ,1m,1788534420000,29513.0,29524.75,29511.0,29524.25,4964.0,epoch_floor
445057,MNQ,1m,1788534480000,29524.25,29531.75,29520.25,29526.0,4360.0,epoch_floor
445063,MNQ,1m,1788534540000,29526.0,29527.5,29515.75,29526.0,3644.0,epoch_floor
445065,MNQ,1m,1788534600000,29525.5,29526.5,29510.5,29520.0,3607.0,epoch_floor
445069,MNQ,1m,1788534660000,29519.75,29531.0,29517.75,29524.75,4067.0,epoch_floor
445071,MNQ,1m,1788534720000,29524.5,29539.75,29522.0,29539.5,4578.0,epoch_floor
445074,MNQ,1m,1788534780000,29539.25,29540.0,29530.25,29534.5,3679.0,epoch_floor
445075,MNQ,1m,1788534840000,29534.5,29541.0,29528.5,29540.25,3598.0,epoch_floor
445083,MNQ,1m,1788534900000,29541.0,29543.5,29533.0,29535.75,3693.0,epoch_floor
445086,MNQ,1m,1788534960000,29536.0,29542.0,29529.25,29529.25,2863.0,epoch_floor
445087,MNQ,1m,1788535020000,29529.0,29531.5,29515.25,29519.25,6219.0,epoch_floor
445091,MNQ,1m,1788535080000,29519.5,29520.0,29493.75,29500.5,8144.0,epoch_floor
445095,MNQ,1m,1788535140000,29500.5,29505.5,29497.5,29501.25,4203.0,epoch_floor
445097,MNQ,1m,1788535200000,29501.0,29506.0,29487.0,29495.5,6417.0,epoch_floor
445101,MNQ,1m,1788535260000,29495.5,29501.0,29483.25,29489.5,5091.0,epoch_floor
445103,MNQ,1m,1788535320000,29489.75,29506.5,29489.75,29504.25,4421.0,epoch_floor
445105,MNQ,1m,1788535380000,29504.25,29510.0,29500.25,29501.5,3263.0,epoch_floor
445109,MNQ,1m,1788535440000,29501.0,29510.5,29499.5,29502.75,3119.0,epoch_floor
445113,MNQ,1m,1788535500000,29502.75,29512.5,29495.25,29505.25,4073.0,epoch_floor
445115,MNQ,1m,1788535560000,29505.25,29506.75,29498.75,29500.5,2392.0,epoch_floor
445119,MNQ,1m,1788535620000,29500.5,29506.0,29495.5,29503.75,3110.0,epoch_floor
445121,MNQ,1m,1788535680000,29504.5,29509.0,29498.0,29506.75,1994.0,epoch_floor
445123,MNQ,1m,1788535740000,29507.0,29509.5,29497.5,29507.25,2730.0,epoch_floor
445133,MNQ,1m,1788535800000,29507.0,29510.75,29479.75,29485.0,6866.0,epoch_floor
445135,MNQ,1m,1788535860000,29485.0,29494.0,29477.75,29487.75,5313.0,epoch_floor
445137,MNQ,1m,1788535920000,29487.25,29492.25,29482.75,29487.75,2614.0,epoch_floor
445141,MNQ,1m,1788535980000,29487.75,29499.25,29483.25,29498.25,3586.0,epoch_floor
445143,MNQ,1m,1788536040000,29498.25,29502.5,29486.25,29491.75,3765.0,epoch_floor
445149,MNQ,1m,1788536100000,29491.25,29507.25,29490.25,29499.0,3935.0,epoch_floor
445151,MNQ,1m,1788536160000,29499.0,29503.0,29493.0,29495.25,2812.0,epoch_floor
445153,MNQ,1m,1788536220000,29495.5,29499.0,29492.0,29493.75,1847.0,epoch_floor
445155,MNQ,1m,1788536280000,29493.75,29504.0,29493.5,29501.5,1734.0,epoch_floor
445159,MNQ,1m,1788536340000,29501.25,29503.0,29497.0,29501.5,1479.0,epoch_floor
445163,MNQ,1m,1788536400000,29501.75,29505.5,29497.75,29501.25,1633.0,epoch_floor
445165,MNQ,1m,1788536460000,29501.5,29512.25,29498.0,29511.25,3378.0,epoch_floor
445169,MNQ,1m,1788536520000,29511.25,29524.25,29511.0,29521.5,5212.0,epoch_floor
445172,MNQ,1m,1788536580000,29521.0,29524.5,29517.5,29520.75,2757.0,epoch_floor
445173,MNQ,1m,1788536640000,29521.0,29523.25,29516.75,29520.5,1735.0,epoch_floor
445182,MNQ,1m,1788536700000,29519.75,29520.0,29510.25,29520.0,3222.0,epoch_floor
445183,MNQ,1m,1788536760000,29519.25,29522.5,29507.0,29507.75,3445.0,epoch_floor
445185,MNQ,1m,1788536820000,29507.0,29509.0,29491.25,29494.75,5746.0,epoch_floor
445189,MNQ,1m,1788536880000,29494.75,29497.75,29487.0,29496.25,3373.0,epoch_floor
445191,MNQ,1m,1788536940000,29496.25,29503.25,29493.0,29501.75,2654.0,epoch_floor
445195,MNQ,1m,1788537000000,29501.5,29516.25,29497.75,29499.25,5192.0,epoch_floor
445199,MNQ,1m,1788537060000,29500.25,29506.25,29496.75,29502.0,2526.0,epoch_floor
445201,MNQ,1m,1788537120000,29501.5,29508.0,29496.75,29501.75,1941.0,epoch_floor
445204,MNQ,1m,1788537180000,29502.0,29507.0,29494.75,29502.25,2131.0,epoch_floor
445207,MNQ,1m,1788537240000,29502.25,29507.25,29498.75,29504.0,1534.0,epoch_floor
445211,MNQ,1m,1788537300000,29504.0,29513.0,29503.5,29508.75,2005.0,epoch_floor
445214,MNQ,1m,1788537360000,29509.0,29511.75,29505.5,29506.5,1421.0,epoch_floor
445217,MNQ,1m,1788537420000,29506.0,29514.75,29497.25,29512.5,2981.0,epoch_floor
445220,MNQ,1m,1788537480000,29512.25,29514.75,29506.25,29509.75,1360.0,epoch_floor
445225,MNQ,1m,1788537540000,29509.75,29519.0,29509.75,29515.25,2452.0,epoch_floor
445238,MNQ,1m,1788537600000,29514.75,29519.0,29508.0,29519.0,2280.0,epoch_floor
445239,MNQ,1m,1788537660000,29518.5,29520.25,29510.0,29513.5,1662.0,epoch_floor
445242,MNQ,1m,1788537720000,29512.75,29516.25,29509.75,29513.25,1065.0,epoch_floor
445245,MNQ,1m,1788537780000,29513.5,29515.0,29504.0,29508.0,2226.0,epoch_floor
445248,MNQ,1m,1788537840000,29508.25,29516.25,29507.0,29514.25,1792.0,epoch_floor
445252,MNQ,1m,1788537900000,29513.75,29524.0,29513.75,29521.0,3028.0,epoch_floor
445255,MNQ,1m,1788537960000,29520.75,29522.75,29507.75,29519.5,3609.0,epoch_floor
445257,MNQ,1m,1788538020000,29519.5,29529.75,29518.75,29528.75,3220.0,epoch_floor
445262,MNQ,1m,1788538080000,29528.5,29536.5,29527.25,29535.0,3433.0,epoch_floor
445266,MNQ,1m,1788538140000,29535.0,29536.25,29529.0,29532.0,2126.0,epoch_floor
445267,MNQ,1m,1788538200000,29532.25,29539.75,29527.5,29537.0,2778.0,epoch_floor
445272,MNQ,1m,1788538260000,29537.5,29541.75,29534.0,29540.75,1699.0,epoch_floor
445273,MNQ,1m,1788538320000,29541.0,29547.0,29538.0,29544.0,2651.0,epoch_floor
445275,MNQ,1m,1788538380000,29544.25,29552.5,29542.25,29543.0,4740.0,epoch_floor
445284,MNQ,1m,1788538440000,29543.25,29550.25,29541.25,29547.75,2011.0,epoch_floor
445285,MNQ,1m,1788538500000,29547.75,29548.25,29539.25,29542.25,2156.0,epoch_floor
445287,MNQ,1m,1788538560000,29542.5,29547.5,29538.75,29539.5,1558.0,epoch_floor
445290,MNQ,1m,1788538620000,29539.5,29542.5,29535.5,29541.5,2651.0,epoch_floor
445293,MNQ,1m,1788538680000,29541.5,29546.0,29537.25,29543.75,1928.0,epoch_floor
445296,MNQ,1m,1788538740000,29543.5,29547.25,29542.0,29544.0,1336.0,epoch_floor
445302,MNQ,1m,1788538800000,29544.0,29557.75,29544.0,29554.5,4079.0,epoch_floor
445303,MNQ,1m,1788538860000,29554.75,29565.25,29553.75,29557.0,4016.0,epoch_floor
445305,MNQ,1m,1788538920000,29557.0,29557.25,29549.75,29552.5,2055.0,epoch_floor
445308,MNQ,1m,1788538980000,29552.25,29554.25,29546.0,29552.5,2194.0,epoch_floor
445312,MNQ,1m,1788539040000,29552.25,29556.25,29546.0,29554.25,2017.0,epoch_floor
445315,MNQ,1m,1788539100000,29554.25,29554.75,29547.75,29551.5,1663.0,epoch_floor
445318,MNQ,1m,1788539160000,29551.25,29554.25,29546.25,29548.25,1308.0,epoch_floor
445321,MNQ,1m,1788539220000,29548.5,29559.75,29548.25,29559.75,1731.0,epoch_floor
445323,MNQ,1m,1788539280000,29559.25,29560.75,29554.5,29558.0,1861.0,epoch_floor
445333,MNQ,1m,1788539340000,29558.0,29559.25,29549.5,29554.0,1927.0,epoch_floor
445335,MNQ,1m,1788539400000,29553.75,29557.25,29548.5,29556.75,1939.0,epoch_floor
445337,MNQ,1m,1788539460000,29556.5,29563.5,29555.25,29562.25,2140.0,epoch_floor
445342,MNQ,1m,1788539520000,29562.25,29567.75,29560.25,29566.75,2282.0,epoch_floor
445344,MNQ,1m,1788539580000,29566.5,29567.0,29562.5,29565.0,1369.0,epoch_floor
445346,MNQ,1m,1788539640000,29564.5,29571.5,29563.75,29570.75,2296.0,epoch_floor
445350,MNQ,1m,1788539700000,29570.75,29574.0,29566.75,29570.5,2324.0,epoch_floor
445354,MNQ,1m,1788539760000,29570.5,29570.5,29561.5,29563.0,2398.0,epoch_floor
445355,MNQ,1m,1788539820000,29562.75,29566.5,29558.0,29563.0,1829.0,epoch_floor
445358,MNQ,1m,1788539880000,29562.5,29564.0,29559.25,29559.25,1467.0,epoch_floor
445364,MNQ,1m,1788539940000,29559.5,29563.25,29557.25,29562.0,1302.0,epoch_floor
445365,MNQ,1m,1788540000000,29562.25,29567.5,29561.25,29564.75,1554.0,epoch_floor
445370,MNQ,1m,1788540060000,29564.75,29565.5,29558.75,29562.75,1257.0,epoch_floor
445371,MNQ,1m,1788540120000,29563.0,29563.25,29557.25,29562.75,1446.0,epoch_floor
445373,MNQ,1m,1788540180000,29562.5,29565.75,29558.25,29563.0,1444.0,epoch_floor
445381,MNQ,1m,1788540240000,29563.25,29569.0,29563.25,29568.0,2016.0,epoch_floor
445383,MNQ,1m,1788540300000,29568.25,29570.5,29564.5,29567.25,1418.0,epoch_floor
445386,MNQ,1m,1788540360000,29566.75,29570.5,29566.0,29569.25,970.0,epoch_floor
445388,MNQ,1m,1788540420000,29569.25,29580.75,29568.5,29579.5,4320.0,epoch_floor
445391,MNQ,1m,1788540480000,29579.25,29580.5,29573.5,29578.75,1878.0,epoch_floor
445394,MNQ,1m,1788540540000,29579.0,29589.75,29578.5,29587.5,4834.0,epoch_floor
445398,MNQ,1m,1788540600000,29587.25,29596.0,29587.25,29595.0,3202.0,epoch_floor
445402,MNQ,1m,1788540660000,29595.0,29595.25,29588.25,29591.25,2089.0,epoch_floor
445403,MNQ,1m,1788540720000,29591.5,29592.25,29587.75,29591.5,1582.0,epoch_floor
445406,MNQ,1m,1788540780000,29591.75,29593.5,29585.5,29585.75,1508.0,epoch_floor
445410,MNQ,1m,1788540840000,29585.75,29589.5,29584.5,29585.25,1774.0,epoch_floor
445413,MNQ,1m,1788540900000,29585.0,29588.5,29581.25,29586.5,2146.0,epoch_floor
445416,MNQ,1m,1788540960000,29586.25,29588.25,29577.25,29580.0,2359.0,epoch_floor
445419,MNQ,1m,1788541020000,29580.0,29585.75,29579.75,29583.5,2240.0,epoch_floor
445422,MNQ,1m,1788541080000,29583.5,29587.0,29582.0,29585.75,1305.0,epoch_floor
445433,MNQ,1m,1788541140000,29585.5,29586.0,29575.0,29575.75,1995.0,epoch_floor
445435,MNQ,1m,1788541200000,29576.0,29580.5,29564.25,29569.75,5084.0,epoch_floor
445437,MNQ,1m,1788541260000,29570.25,29571.0,29563.25,29568.25,2405.0,epoch_floor
445440,MNQ,1m,1788541320000,29568.25,29568.5,29552.25,29556.75,4197.0,epoch_floor
445443,MNQ,1m,1788541380000,29557.0,29557.25,29550.0,29550.75,2663.0,epoch_floor
445446,MNQ,1m,1788541440000,29550.75,29554.25,29544.75,29550.75,3934.0,epoch_floor
445450,MNQ,1m,1788541500000,29550.75,29560.5,29550.0,29557.0,4424.0,epoch_floor
445453,MNQ,1m,1788541560000,29557.25,29558.0,29549.75,29551.5,1532.0,epoch_floor
445455,MNQ,1m,1788541620000,29551.5,29556.5,29549.5,29552.0,1234.0,epoch_floor
445458,MNQ,1m,1788541680000,29552.0,29556.0,29541.0,29542.0,2684.0,epoch_floor
445464,MNQ,1m,1788541740000,29541.75,29545.5,29538.5,29539.5,2352.0,epoch_floor
445465,MNQ,1m,1788541800000,29539.75,29547.0,29538.75,29539.75,1943.0,epoch_floor
445470,MNQ,1m,1788541860000,29540.0,29544.0,29532.75,29532.75,2367.0,epoch_floor
445471,MNQ,1m,1788541920000,29533.0,29540.5,29531.25,29539.5,2405.0,epoch_floor
445473,MNQ,1m,1788541980000,29539.0,29542.25,29535.5,29537.75,1404.0,epoch_floor
445478,MNQ,1m,1788542040000,29538.0,29541.25,29532.5,29535.25,1708.0,epoch_floor
445483,MNQ,1m,1788542100000,29535.0,29539.25,29531.75,29534.25,1658.0,epoch_floor
445485,MNQ,1m,1788542160000,29534.0,29537.75,29529.75,29536.0,2215.0,epoch_floor
445488,MNQ,1m,1788542220000,29536.25,29543.5,29536.0,29540.75,2236.0,epoch_floor
445491,MNQ,1m,1788542280000,29541.0,29541.5,29535.75,29537.5,1145.0,epoch_floor
445497,MNQ,1m,1788542340000,29537.25,29539.75,29526.5,29531.5,3149.0,epoch_floor
