opportunity,plan_id,version,date,session,born,start,end,scenario,direction,condition,quality,arm_enabled,bias,doc
2026-09-01:ASIA:8d5c8af5_8ef641a7-815c-4bb5-9798-b070b67d7998_deepseek_1781246265/v7/S1,2026-09-01:ASIA:8d5c8af5_8ef641a7-815c-4bb5-9798-b070b67d7998_deepseek_1781246265,7,2026-09-01,ASIA,1788325096814,1788325200000,1788326386268,S1,long,reject,A,True,long,"{""id"": ""S1"", ""trigger"": ""Price touches 29044.00 (SWG-L\u00b715m) and rejects upward"", ""condition"": ""reject"", ""direction"": ""long"", ""target_chain"": [29068.05, 29099.85], ""invalid"": ""5m close below 29029.88 invalidates the bounce"", ""confirm"": {""rule"": ""touch"", ""ref_price"": 29044, ""side"": ""below""}, ""quality"": ""A"", ""arm"": {""enabled"": true, ""entry"": 29044, ""stop"": 29025, ""target"": 29099.85, ""wait_confirm"": true}}"
2026-09-01:ASIA:8d5c8af5_8ef641a7-815c-4bb5-9798-b070b67d7998_deepseek_1781246265/v7/S2,2026-09-01:ASIA:8d5c8af5_8ef641a7-815c-4bb5-9798-b070b67d7998_deepseek_1781246265,7,2026-09-01,ASIA,1788325096814,1788325200000,1788326386268,S2,long,reclaim,C,False,long,"{""id"": ""S2"", ""trigger"": ""Price reclaims 29062.75 (OR-L) with a 5m close above"", ""condition"": ""reclaim"", ""direction"": ""long"", ""target_chain"": [29068.05, 29099.85], ""invalid"": ""5m close below 29044.00 invalidates the reclaim"", ""confirm"": {""rule"": ""1x5m_close"", ""ref_price"": 29062.75, ""side"": ""above""}, ""quality"": ""C""}"
2026-09-01:ASIA:8d5c8af5_8ef641a7-815c-4bb5-9798-b070b67d7998_deepseek_1781246265/v7/S3,2026-09-01:ASIA:8d5c8af5_8ef641a7-815c-4bb5-9798-b070b67d7998_deepseek_1781246265,7,2026-09-01,ASIA,1788325096814,1788325200000,1788326386268,S3,long,reject,B,True,long,"{""id"": ""S3"", ""trigger"": ""Price touches 29068.05 (VWAP\u22121\u03c3) and rejects upward"", ""condition"": ""reject"", ""direction"": ""long"", ""target_chain"": [29099.85, 29113.23], ""invalid"": ""5m close below 29062.75 invalidates the rejection"", ""confirm"": {""rule"": ""touch"", ""ref_price"": 29068.05, ""side"": ""below""}, ""quality"": ""B"", ""arm"": {""enabled"": true, ""entry"": 29068.05, ""stop"": 29044, ""target"": 29131.66, ""wait_confirm"": true}}"
2026-09-01:ASIA:8d5c8af5_8ef641a7-815c-4bb5-9798-b070b67d7998_deepseek_1781246265/v8/S1,2026-09-01:ASIA:8d5c8af5_8ef641a7-815c-4bb5-9798-b070b67d7998_deepseek_1781246265,8,2026-09-01,ASIA,1788326386268,1788326386268,1788328032316,S1,long,sweep_reclaim,B,False,long,"{""id"": ""S1"", ""trigger"": ""Sweep of ONL 29035.25 followed by a 5m close back above 29035.25; entry on that reclaim close."", ""condition"": ""sweep_reclaim"", ""direction"": ""long"", ""target_chain"": [29058.75, 29065.3, 29085, 29097.88], ""invalid"": ""A 5m close below 29035.25 before the reclaim close is a breakdown, not a sweep; S1 void."", ""confirm"": {""rule"": ""touch"", ""ref_price"": 29035.25, ""side"": ""below""}, ""quality"": ""B"", ""confirm2"": {""rule"": ""1x5m_close"", ""ref_price"": 29035.25, ""side"": ""above""}}"
2026-09-01:ASIA:8d5c8af5_8ef641a7-815c-4bb5-9798-b070b67d7998_deepseek_1781246265/v8/S2,2026-09-01:ASIA:8d5c8af5_8ef641a7-815c-4bb5-9798-b070b67d7998_deepseek_1781246265,8,2026-09-01,ASIA,1788326386268,1788326386268,1788328032316,S2,long,reclaim,B,False,long,"{""id"": ""S2"", ""trigger"": ""After a dip back under PDC 29058.75, a 5m close back above 29058.75; entry on that close."", ""condition"": ""reclaim"", ""direction"": ""long"", ""target_chain"": [29065.3, 29085, 29097.88, 29113.23], ""invalid"": ""A 5m close back below 29035.25 before reaching VWAP\u22121\u03c3 29065.30 voids S2."", ""confirm"": {""rule"": ""1x5m_close"", ""ref_price"": 29058.75, ""side"": ""above""}, ""quality"": ""B""}"
2026-09-01:ASIA:8d5c8af5_8ef641a7-815c-4bb5-9798-b070b67d7998_deepseek_1781246265/v8/S3,2026-09-01:ASIA:8d5c8af5_8ef641a7-815c-4bb5-9798-b070b67d7998_deepseek_1781246265,8,2026-09-01,ASIA,1788326386268,1788326386268,1788328032316,S3,long,breakout_retest,B,False,long,"{""id"": ""S3"", ""trigger"": ""A 5m close above VWAP 29097.88 followed by a retest of 29097.88 that holds; entry at the retest or stop-entry."", ""condition"": ""breakout_retest"", ""direction"": ""long"", ""target_chain"": [29113.23, 29130.45, 29171.25], ""invalid"": ""A 5m close back below the 1h bull OB 29085.00 voids S3."", ""confirm"": {""rule"": ""touch"", ""ref_price"": 29097.88, ""side"": ""above""}, ""quality"": ""B""}"
2026-09-01:ASIA:8d5c8af5_8ef641a7-815c-4bb5-9798-b070b67d7998_deepseek_1781246265/v9/S1,2026-09-01:ASIA:8d5c8af5_8ef641a7-815c-4bb5-9798-b070b67d7998_deepseek_1781246265,9,2026-09-01,ASIA,1788328032316,1788328032316,1788331881943,S1,long,sweep_reclaim,B,False,long,"{""id"": ""S1"", ""trigger"": ""Price sweeps ONL 29035.25 with a wick below, then closes back above it"", ""condition"": ""sweep_reclaim"", ""direction"": ""long"", ""target_chain"": [29058.75, 29065.05, 29085, 29096.67], ""invalid"": ""5m close below 29001.75 PDL"", ""confirm"": {""rule"": ""touch"", ""ref_price"": 29035.25, ""side"": ""below""}, ""quality"": ""B"", ""confirm2"": {""rule"": ""1x5m_close"", ""ref_price"": 29035.25, ""side"": ""above""}}"
2026-09-01:ASIA:8d5c8af5_8ef641a7-815c-4bb5-9798-b070b67d7998_deepseek_1781246265/v9/S2,2026-09-01:ASIA:8d5c8af5_8ef641a7-815c-4bb5-9798-b070b67d7998_deepseek_1781246265,9,2026-09-01,ASIA,1788328032316,1788328032316,1788331881943,S2,long,reclaim,B,False,long,"{""id"": ""S2"", ""trigger"": ""Pullback to PDC 29058.75 and 5m close back above it"", ""condition"": ""reclaim"", ""direction"": ""long"", ""target_chain"": [29096.67, 29113.23, 29128.29, 29171.25], ""invalid"": ""5m close below 29035.25 ONL"", ""confirm"": {""rule"": ""1x5m_close"", ""ref_price"": 29058.75, ""side"": ""above""}, ""quality"": ""B""}"
2026-09-02:LONDON:8d5c8af5_8ef641a7-815c-4bb5-9798-b070b67d7998_deepseek_1781246265/v1/S0,2026-09-02:LONDON:8d5c8af5_8ef641a7-815c-4bb5-9798-b070b67d7998_deepseek_1781246265,1,2026-09-02,LONDON,1788331064942,1788332400000,1788351326915,S0,long,hold,B,False,neutral,"{""id"": ""S0"", ""trigger"": ""none"", ""condition"": ""hold"", ""direction"": ""long"", ""target_chain"": null, ""invalid"": ""n/a"", ""quality"": ""B""}"
2026-09-01:ASIA:8d5c8af5_8ef641a7-815c-4bb5-9798-b070b67d7998_deepseek_1781246265/v10/S1,2026-09-01:ASIA:8d5c8af5_8ef641a7-815c-4bb5-9798-b070b67d7998_deepseek_1781246265,10,2026-09-01,ASIA,1788331881943,1788331881943,1788332400000,S1,long,sweep_reclaim,B,False,long,"{""id"": ""S1"", ""trigger"": ""Price sweeps 29016.50 ONL, wicks below, then closes back above on 5m (reclaim close on decision TF)."", ""condition"": ""sweep_reclaim"", ""direction"": ""long"", ""target_chain"": [29058.75, 29091, 29113.23], ""invalid"": ""5m close below 28970.38 OB(bull)\u00b74h invalidates the long."", ""confirm"": {""rule"": ""touch"", ""ref_price"": 29016.5, ""side"": ""below""}, ""quality"": ""B"", ""confirm2"": {""rule"": ""1m_mss"", ""ref_price"": 29016.5, ""side"": ""above""}}"
2026-09-01:ASIA:8d5c8af5_8ef641a7-815c-4bb5-9798-b070b67d7998_deepseek_1781246265/v10/S2,2026-09-01:ASIA:8d5c8af5_8ef641a7-815c-4bb5-9798-b070b67d7998_deepseek_1781246265,10,2026-09-01,ASIA,1788331881943,1788331881943,1788332400000,S2,short,reject,B,True,long,"{""id"": ""S2"", ""trigger"": ""Price rallies into 29317.25 RTH-H and rejects with a 5m close back below the level."", ""condition"": ""reject"", ""direction"": ""short"", ""target_chain"": [29212.5, 29171.25, 29124.64], ""invalid"": ""2x5m close above 29324.50 OB(bull)\u00b71h invalidates the short."", ""confirm"": {""rule"": ""touch"", ""ref_price"": 29317.25, ""side"": ""above""}, ""quality"": ""B"", ""arm"": {""enabled"": true, ""entry"": 29317.25, ""stop"": 29342, ""target"": 29212.5, ""wait_confirm"": true}}"
2026-09-02:LONDON:8d5c8af5_8ef641a7-815c-4bb5-9798-b070b67d7998_deepseek_1781246265/v2/S1,2026-09-02:LONDON:8d5c8af5_8ef641a7-815c-4bb5-9798-b070b67d7998_deepseek_1781246265,2,2026-09-02,LONDON,1788351326915,1788351326915,1788351719485,S1,long,sweep_reclaim,A,False,long,"{""id"": ""S1"", ""trigger"": ""Price trades below 29001.75 PDL (sweep) and then prints a 5m close back above 29001.75 (reclaim)."", ""condition"": ""sweep_reclaim"", ""direction"": ""long"", ""target_chain"": [29058.75, 29113.23, 29171.25], ""invalid"": ""A 5m close below 28970.38 or failure to print a 5m close above 29001.75 after the sweep voids it."", ""confirm"": {""rule"": ""touch"", ""ref_price"": 29001.75, ""side"": ""below""}, ""quality"": ""A"", ""confirm2"": {""rule"": ""1x5m_close"", ""ref_price"": 29001.75, ""side"": ""above""}}"
2026-09-02:LONDON:8d5c8af5_8ef641a7-815c-4bb5-9798-b070b67d7998_deepseek_1781246265/v2/S2,2026-09-02:LONDON:8d5c8af5_8ef641a7-815c-4bb5-9798-b070b67d7998_deepseek_1781246265,2,2026-09-02,LONDON,1788351326915,1788351326915,1788351719485,S2,long,breakout_retest,B,False,long,"{""id"": ""S2"", ""trigger"": ""Price breaks above 29171.25 ONH on the 5m, then pulls back to touch 29171.25 as support."", ""condition"": ""breakout_retest"", ""direction"": ""long"", ""target_chain"": [29209.25, 29246.25, 29317.25], ""invalid"": ""A 5m close below 29171.25 after the retest voids the breakout."", ""confirm"": {""rule"": ""touch"", ""ref_price"": 29171.25, ""side"": ""above""}, ""quality"": ""B""}"
2026-09-02:LONDON:8d5c8af5_8ef641a7-815c-4bb5-9798-b070b67d7998_deepseek_1781246265/v2/S3,2026-09-02:LONDON:8d5c8af5_8ef641a7-815c-4bb5-9798-b070b67d7998_deepseek_1781246265,2,2026-09-02,LONDON,1788351326915,1788351326915,1788351719485,S3,short,reject,B,True,long,"{""id"": ""S3"", ""trigger"": ""Price rallies into 29317.25 RTH-H, wicks above it, and rejects without a 5m close above."", ""condition"": ""reject"", ""direction"": ""short"", ""target_chain"": [29246.25, 29209.25, 29171.25], ""invalid"": ""A 5m close above 29317.25 voids the reject; a close above 29324.50 cancels it."", ""confirm"": {""rule"": ""touch"", ""ref_price"": 29317.25, ""side"": ""above""}, ""quality"": ""B"", ""arm"": {""enabled"": true, ""entry"": 29317.25, ""stop"": 29345.25, ""target"": 29246.25, ""wait_confirm"": true}}"
2026-09-02:LONDON:8d5c8af5_8ef641a7-815c-4bb5-9798-b070b67d7998_deepseek_1781246265/v3/S1,2026-09-02:LONDON:8d5c8af5_8ef641a7-815c-4bb5-9798-b070b67d7998_deepseek_1781246265,3,2026-09-02,LONDON,1788351719485,1788351719485,1788353043782,S1,long,hold,B,False,long,"{""id"": ""S1"", ""trigger"": ""Dips to 29117.48 VWAP+1\u03c3 and holds above it; entry on the hold with a 1x5m close above 29117.48 as fallback."", ""condition"": ""hold"", ""direction"": ""long"", ""target_chain"": [29171.25, 29209.25, 29246.25], ""invalid"": ""A 5m close below 29117.48 fails the hold and shelves the buy."", ""confirm"": {""rule"": ""time_hold"", ""ref_price"": 29117.48, ""side"": ""above""}, ""quality"": ""B""}"
2026-09-02:LONDON:8d5c8af5_8ef641a7-815c-4bb5-9798-b070b67d7998_deepseek_1781246265/v3/S2,2026-09-02:LONDON:8d5c8af5_8ef641a7-815c-4bb5-9798-b070b67d7998_deepseek_1781246265,3,2026-09-02,LONDON,1788351719485,1788351719485,1788353043782,S2,long,reclaim,B,False,long,"{""id"": ""S2"", ""trigger"": ""Undercut of 29058.75 PDC followed by a 1x5m close back above 29058.75."", ""condition"": ""reclaim"", ""direction"": ""long"", ""target_chain"": [29117.48, 29171.25, 29209.25], ""invalid"": ""A 5m close below 29001.75 instead of reclaiming cancels this dip-buy and opens the path toward ONL."", ""confirm"": {""rule"": ""1x5m_close"", ""ref_price"": 29058.75, ""side"": ""above""}, ""quality"": ""B""}"
2026-09-02:LONDON:8d5c8af5_8ef641a7-815c-4bb5-9798-b070b67d7998_deepseek_1781246265/v3/S3,2026-09-02:LONDON:8d5c8af5_8ef641a7-815c-4bb5-9798-b070b67d7998_deepseek_1781246265,3,2026-09-02,LONDON,1788351719485,1788351719485,1788353043782,S3,long,breakout_retest,B,False,long,"{""id"": ""S3"", ""trigger"": ""Thrust through 29171.25 ONH then pullback to 29171.25; a 1x5m close above 29171.25 validates the break-retest."", ""condition"": ""breakout_retest"", ""direction"": ""long"", ""target_chain"": [29209.25, 29246.25, 29317.25], ""invalid"": ""A 5m close back below 29117.48 after the retest negates the breakout."", ""confirm"": {""rule"": ""1x5m_close"", ""ref_price"": 29171.25, ""side"": ""above""}, ""quality"": ""B""}"
2026-09-02:LONDON:8d5c8af5_8ef641a7-815c-4bb5-9798-b070b67d7998_deepseek_1781246265/v3/S4,2026-09-02:LONDON:8d5c8af5_8ef641a7-815c-4bb5-9798-b070b67d7998_deepseek_1781246265,3,2026-09-02,LONDON,1788351719485,1788351719485,1788353043782,S4,short,reject,B,True,long,"{""id"": ""S4"", ""trigger"": ""First touch of 29317.25 RTH-H from below; short on the touch, structure stop beyond 29324.50."", ""condition"": ""reject"", ""direction"": ""short"", ""target_chain"": [29246.25, 29171.25], ""invalid"": ""A 5m close above 29324.50 negates the rejection."", ""confirm"": {""rule"": ""touch"", ""ref_price"": 29317.25, ""side"": ""below""}, ""quality"": ""B"", ""arm"": {""enabled"": true, ""entry"": 29317.25, ""stop"": 29350, ""target"": 29246.25, ""wait_confirm"": true}}"
2026-09-02:LONDON:8d5c8af5_8ef641a7-815c-4bb5-9798-b070b67d7998_deepseek_1781246265/v3/S5,2026-09-02:LONDON:8d5c8af5_8ef641a7-815c-4bb5-9798-b070b67d7998_deepseek_1781246265,3,2026-09-02,LONDON,1788351719485,1788351719485,1788353043782,S5,long,sweep_reclaim,A,False,long,"{""id"": ""S5"", ""trigger"": ""Re-test of 28927.25 ONL: a sweep below 28927.25 (touch) then a 5m close back above 28927.25; leg-2 is a 1m_mss above 28927.25."", ""condition"": ""sweep_reclaim"", ""direction"": ""long"", ""target_chain"": [29058.75, 29117.48, 29171.25], ""invalid"": ""A 5m close below 28921.50 fails the reclaim and opens continuation toward 28711.25."", ""confirm"": {""rule"": ""touch"", ""ref_price"": 28927.25, ""side"": ""below""}, ""quality"": ""A"", ""confirm2"": {""rule"": ""1m_mss"", ""ref_price"": 28927.25, ""side"": ""above""}}"
2026-09-02:LONDON:8d5c8af5_8ef641a7-815c-4bb5-9798-b070b67d7998_deepseek_1781246265/v4/S1,2026-09-02:LONDON:8d5c8af5_8ef641a7-815c-4bb5-9798-b070b67d7998_deepseek_1781246265,4,2026-09-02,LONDON,1788353043782,1788353043782,1788354110097,S1,long,reclaim,B,False,long,"{""id"": ""S1"", ""trigger"": ""Pullback to VWAP 29066.56 holds; wick below 29066.56, then 5m close back above 29066.56"", ""condition"": ""reclaim"", ""direction"": ""long"", ""target_chain"": [29171.25, 29246.25], ""invalid"": ""5m close below 29001.75"", ""confirm"": {""rule"": ""1x5m_close"", ""ref_price"": 29066.56, ""side"": ""above""}, ""quality"": ""B""}"
2026-09-02:LONDON:8d5c8af5_8ef641a7-815c-4bb5-9798-b070b67d7998_deepseek_1781246265/v4/S2,2026-09-02:LONDON:8d5c8af5_8ef641a7-815c-4bb5-9798-b070b67d7998_deepseek_1781246265,4,2026-09-02,LONDON,1788353043782,1788353043782,1788354110097,S2,long,sweep_reclaim,B,False,long,"{""id"": ""S2"", ""trigger"": ""Sweep below ONL 28927.25, then 5m close back above 28927.25"", ""condition"": ""sweep_reclaim"", ""direction"": ""long"", ""target_chain"": [29066.56, 29171.25], ""invalid"": ""5m close below 28921.50"", ""confirm"": {""rule"": ""touch"", ""ref_price"": 28927.25, ""side"": ""below""}, ""quality"": ""B"", ""confirm2"": {""rule"": ""1x5m_close"", ""ref_price"": 28927.25, ""side"": ""above""}}"
2026-09-02:LONDON:8d5c8af5_8ef641a7-815c-4bb5-9798-b070b67d7998_deepseek_1781246265/v4/S3,2026-09-02:LONDON:8d5c8af5_8ef641a7-815c-4bb5-9798-b070b67d7998_deepseek_1781246265,4,2026-09-02,LONDON,1788353043782,1788353043782,1788354110097,S3,long,reject,B,True,long,"{""id"": ""S3"", ""trigger"": ""First touch of RTH-L 29001.75 rejects back up; no 5m close below 29001.75"", ""condition"": ""reject"", ""direction"": ""long"", ""target_chain"": [29066.56, 29171.25], ""invalid"": ""5m close below 28927.25"", ""confirm"": {""rule"": ""touch"", ""ref_price"": 29001.75, ""side"": ""above""}, ""quality"": ""B"", ""arm"": {""enabled"": true, ""entry"": 29001.75, ""stop"": 28927.25, ""target"": 29171.25, ""wait_confirm"": true}}"
2026-09-02:LONDON:8d5c8af5_8ef641a7-815c-4bb5-9798-b070b67d7998_deepseek_1781246265/v4/S4,2026-09-02:LONDON:8d5c8af5_8ef641a7-815c-4bb5-9798-b070b67d7998_deepseek_1781246265,4,2026-09-02,LONDON,1788353043782,1788353043782,1788354110097,S4,long,breakout_retest,B,False,long,"{""id"": ""S4"", ""trigger"": ""5m closes above ONH 29171.25; pullback retests 29171.25"", ""condition"": ""breakout_retest"", ""direction"": ""long"", ""target_chain"": [29209.25, 29246.25, 29317.25], ""invalid"": ""5m close below 29066.56"", ""confirm"": {""rule"": ""1x5m_close"", ""ref_price"": 29171.25, ""side"": ""above""}, ""quality"": ""B"", ""confirm2"": {""rule"": ""touch"", ""ref_price"": 29171.25, ""side"": ""above""}}"
2026-09-02:LONDON:8d5c8af5_8ef641a7-815c-4bb5-9798-b070b67d7998_deepseek_1781246265/v4/S5,2026-09-02:LONDON:8d5c8af5_8ef641a7-815c-4bb5-9798-b070b67d7998_deepseek_1781246265,4,2026-09-02,LONDON,1788353043782,1788353043782,1788354110097,S5,short,reject,C,False,long,"{""id"": ""S5"", ""trigger"": ""First touch of RTH-H 29317.25 rejects back down; no 5m close above 29317.25"", ""condition"": ""reject"", ""direction"": ""short"", ""target_chain"": [29246.25, 29171.25], ""invalid"": ""5m close above 29317.25"", ""confirm"": {""rule"": ""touch"", ""ref_price"": 29317.25, ""side"": ""below""}, ""quality"": ""C""}"
2026-09-02:LONDON:8d5c8af5_8ef641a7-815c-4bb5-9798-b070b67d7998_deepseek_1781246265/v5/S1,2026-09-02:LONDON:8d5c8af5_8ef641a7-815c-4bb5-9798-b070b67d7998_deepseek_1781246265,5,2026-09-02,LONDON,1788354110097,1788354110097,1788355247995,S1,long,reject,A,True,long,"{""id"": ""S1"", ""trigger"": ""Price pulls into VWAP\u22121\u03c3 29014.19 and leaves a rejection with price holding above it."", ""condition"": ""reject"", ""direction"": ""long"", ""target_chain"": [29058.75, 29171.25], ""invalid"": ""A 5m close below 29001.75 invalidates this reversion long."", ""confirm"": {""rule"": ""touch"", ""ref_price"": 29014.19, ""side"": ""above""}, ""quality"": ""A"", ""arm"": {""enabled"": true, ""entry"": 29014.19, ""stop"": 28985.5, ""target"": 29171.25, ""wait_confirm"": true}}"
2026-09-02:LONDON:8d5c8af5_8ef641a7-815c-4bb5-9798-b070b67d7998_deepseek_1781246265/v5/S2,2026-09-02:LONDON:8d5c8af5_8ef641a7-815c-4bb5-9798-b070b67d7998_deepseek_1781246265,5,2026-09-02,LONDON,1788354110097,1788354110097,1788355247995,S2,long,sweep_reclaim,B,False,long,"{""id"": ""S2"", ""trigger"": ""Price sweeps ONL 28927.25 and prints a 1m MSS back above it."", ""condition"": ""sweep_reclaim"", ""direction"": ""long"", ""target_chain"": [29001.75, 29058.75, 29171.25], ""invalid"": ""A 5m close below 28917.25 voids the sweep-reclaim."", ""confirm"": {""rule"": ""touch"", ""ref_price"": 28927.25, ""side"": ""below""}, ""quality"": ""B"", ""confirm2"": {""rule"": ""1m_mss"", ""ref_price"": 28927.25, ""side"": ""above""}}"
2026-09-02:LONDON:8d5c8af5_8ef641a7-815c-4bb5-9798-b070b67d7998_deepseek_1781246265/v5/S3,2026-09-02:LONDON:8d5c8af5_8ef641a7-815c-4bb5-9798-b070b67d7998_deepseek_1781246265,5,2026-09-02,LONDON,1788354110097,1788354110097,1788355247995,S3,short,reject,B,False,long,"{""id"": ""S3"", ""trigger"": ""Price rallies into RTH-H 29317.25 and rejects, leaving price below it."", ""condition"": ""reject"", ""direction"": ""short"", ""target_chain"": [29171.25, 29058.75, 29014.19], ""invalid"": ""A 5m close above 29324.50 invalidates the rejection short."", ""confirm"": {""rule"": ""touch"", ""ref_price"": 29317.25, ""side"": ""below""}, ""quality"": ""B""}"
2026-09-02:NY:8d5c8af5_8ef641a7-815c-4bb5-9798-b070b67d7998_deepseek_1781246265/v1/S1,2026-09-02:NY:8d5c8af5_8ef641a7-815c-4bb5-9798-b070b67d7998_deepseek_1781246265,1,2026-09-02,NY,1788354584227,1788355800000,1788356728139,S1,long,sweep_reclaim,B,False,neutral,"{""id"": ""S1"", ""trigger"": ""price returns to ONL 28927.25, sweeps below it, then prints a 1x5m close back above 28927.25"", ""condition"": ""sweep_reclaim"", ""direction"": ""long"", ""target_chain"": [29058.75, 29171.25, 29209.25], ""invalid"": ""5m close below 28917.25 after entry"", ""confirm"": {""rule"": ""touch"", ""ref_price"": 28927.25, ""side"": ""below""}, ""quality"": ""B"", ""confirm2"": {""rule"": ""1x5m_close"", ""ref_price"": 28927.25, ""side"": ""above""}}"
2026-09-02:NY:8d5c8af5_8ef641a7-815c-4bb5-9798-b070b67d7998_deepseek_1781246265/v1/S2,2026-09-02:NY:8d5c8af5_8ef641a7-815c-4bb5-9798-b070b67d7998_deepseek_1781246265,1,2026-09-02,NY,1788354584227,1788355800000,1788356728139,S2,long,reclaim,B,False,neutral,"{""id"": ""S2"", ""trigger"": ""1x5m close back above PDC 29058.75 after holding above 29014.14"", ""condition"": ""reclaim"", ""direction"": ""long"", ""target_chain"": [29171.25, 29209.25], ""invalid"": ""5m close back below 29014.14"", ""confirm"": {""rule"": ""1x5m_close"", ""ref_price"": 29058.75, ""side"": ""above""}, ""quality"": ""B""}"
2026-09-02:NY:8d5c8af5_8ef641a7-815c-4bb5-9798-b070b67d7998_deepseek_1781246265/v1/S3,2026-09-02:NY:8d5c8af5_8ef641a7-815c-4bb5-9798-b070b67d7998_deepseek_1781246265,1,2026-09-02,NY,1788354584227,1788355800000,1788356728139,S3,long,reject,C,False,neutral,"{""id"": ""S3"", ""trigger"": ""price trades down into VWAP\u22121\u03c3 29014.14 and stalls/rejects before reaching 29001.75"", ""condition"": ""reject"", ""direction"": ""long"", ""target_chain"": [29058.75, 29171.25], ""invalid"": ""5m close below 29001.75"", ""confirm"": {""rule"": ""touch"", ""ref_price"": 29014.14, ""side"": ""above""}, ""quality"": ""C""}"
2026-09-02:NY:8d5c8af5_8ef641a7-815c-4bb5-9798-b070b67d7998_deepseek_1781246265/v1/S4,2026-09-02:NY:8d5c8af5_8ef641a7-815c-4bb5-9798-b070b67d7998_deepseek_1781246265,1,2026-09-02,NY,1788354584227,1788355800000,1788356728139,S4,short,reject,B,True,neutral,"{""id"": ""S4"", ""trigger"": ""first touch of 29317.25 RTH-H after an up move fails to hold above it"", ""condition"": ""reject"", ""direction"": ""short"", ""target_chain"": [29246.25, 29209.25, 29171.25], ""invalid"": ""5m close above 29324.50"", ""confirm"": {""rule"": ""touch"", ""ref_price"": 29317.25, ""side"": ""below""}, ""quality"": ""B"", ""arm"": {""enabled"": true, ""entry"": 29317.25, ""stop"": 29343, ""target"": 29246.25, ""wait_confirm"": true}}"
2026-09-02:LONDON:8d5c8af5_8ef641a7-815c-4bb5-9798-b070b67d7998_deepseek_1781246265/v6/S1,2026-09-02:LONDON:8d5c8af5_8ef641a7-815c-4bb5-9798-b070b67d7998_deepseek_1781246265,6,2026-09-02,LONDON,1788355247995,1788355247995,1788355800000,S1,long,reject,B,False,long,"{""id"": ""S1"", ""trigger"": ""Touch of 29014.42 VWAP\u22121\u03c3 with a 5m bullish reject closing back above 29014.42."", ""condition"": ""reject"", ""direction"": ""long"", ""target_chain"": [29058.75, 29171.25], ""invalid"": ""5m close below 29001.75 RTH-L invalidates the fade."", ""confirm"": {""rule"": ""touch"", ""ref_price"": 29014.42, ""side"": ""above""}, ""quality"": ""B""}"
2026-09-02:LONDON:8d5c8af5_8ef641a7-815c-4bb5-9798-b070b67d7998_deepseek_1781246265/v6/S2,2026-09-02:LONDON:8d5c8af5_8ef641a7-815c-4bb5-9798-b070b67d7998_deepseek_1781246265,6,2026-09-02,LONDON,1788355247995,1788355247995,1788355800000,S2,long,reject,B,True,long,"{""id"": ""S2"", ""trigger"": ""Touch of 29001.75 RTH-L with a 5m bullish reject closing back above 29001.75."", ""condition"": ""reject"", ""direction"": ""long"", ""target_chain"": [29058.75, 29171.25], ""invalid"": ""5m close below 29001.75 RTH-L invalidates the long."", ""confirm"": {""rule"": ""touch"", ""ref_price"": 29001.75, ""side"": ""above""}, ""quality"": ""B"", ""arm"": {""enabled"": true, ""entry"": 29001.75, ""stop"": 28975.75, ""target"": 29058.75, ""wait_confirm"": true}}"
2026-09-02:LONDON:8d5c8af5_8ef641a7-815c-4bb5-9798-b070b67d7998_deepseek_1781246265/v6/S3,2026-09-02:LONDON:8d5c8af5_8ef641a7-815c-4bb5-9798-b070b67d7998_deepseek_1781246265,6,2026-09-02,LONDON,1788355247995,1788355247995,1788355800000,S3,long,sweep_reclaim,B,False,long,"{""id"": ""S3"", ""trigger"": ""Sweep below 28927.25 ONL, then a 5m close back above 28927.25."", ""condition"": ""sweep_reclaim"", ""direction"": ""long"", ""target_chain"": [29001.75, 29058.75], ""invalid"": ""No 5m close back above 28927.25 after the sweep invalidates the setup."", ""confirm"": {""rule"": ""touch"", ""ref_price"": 28927.25, ""side"": ""below""}, ""quality"": ""B"", ""confirm2"": {""rule"": ""1x5m_close"", ""ref_price"": 28927.25, ""side"": ""above""}}"
2026-09-02:LONDON:8d5c8af5_8ef641a7-815c-4bb5-9798-b070b67d7998_deepseek_1781246265/v6/S4,2026-09-02:LONDON:8d5c8af5_8ef641a7-815c-4bb5-9798-b070b67d7998_deepseek_1781246265,6,2026-09-02,LONDON,1788355247995,1788355247995,1788355800000,S4,long,breakout_retest,B,False,long,"{""id"": ""S4"", ""trigger"": ""Break above 29171.25 ONH, then pullback retest holds above 29171.25."", ""condition"": ""breakout_retest"", ""direction"": ""long"", ""target_chain"": [29209.25, 29246.25], ""invalid"": ""5m close back below 29171.25 ONH invalidates the breakout."", ""confirm"": {""rule"": ""touch"", ""ref_price"": 29171.25, ""side"": ""above""}, ""quality"": ""B""}"
2026-09-02:NY:8d5c8af5_8ef641a7-815c-4bb5-9798-b070b67d7998_deepseek_1781246265/v2/S1,2026-09-02:NY:8d5c8af5_8ef641a7-815c-4bb5-9798-b070b67d7998_deepseek_1781246265,2,2026-09-02,NY,1788356728139,1788356728139,1788358878759,S1,long,sweep_reclaim,B,False,long,"{""id"": ""S1"", ""trigger"": ""Wick below 29042.75 OR-L, then a 5m close back above 29042.75 confirms the sweep-reclaim"", ""condition"": ""sweep_reclaim"", ""direction"": ""long"", ""target_chain"": [29102, 29115.1, 29171.25], ""invalid"": ""5m close below 29001.75 RTH-L"", ""confirm"": {""rule"": ""touch"", ""ref_price"": 29042.75, ""side"": ""below""}, ""quality"": ""B"", ""confirm2"": {""rule"": ""1x5m_close"", ""ref_price"": 29042.75, ""side"": ""above""}}"
2026-09-02:NY:8d5c8af5_8ef641a7-815c-4bb5-9798-b070b67d7998_deepseek_1781246265/v2/S2,2026-09-02:NY:8d5c8af5_8ef641a7-815c-4bb5-9798-b070b67d7998_deepseek_1781246265,2,2026-09-02,NY,1788356728139,1788356728139,1788358878759,S2,long,breakout_retest,B,False,long,"{""id"": ""S2"", ""trigger"": ""5m close above 29115.10 VWAP+1\u03c3, then retest holds above 29115.10"", ""condition"": ""breakout_retest"", ""direction"": ""long"", ""target_chain"": [29171.25, 29209.25], ""invalid"": ""5m close below 29058.75 PDC"", ""confirm"": {""rule"": ""1x5m_close"", ""ref_price"": 29115.1, ""side"": ""above""}, ""quality"": ""B""}"
2026-09-02:NY:8d5c8af5_8ef641a7-815c-4bb5-9798-b070b67d7998_deepseek_1781246265/v2/S3,2026-09-02:NY:8d5c8af5_8ef641a7-815c-4bb5-9798-b070b67d7998_deepseek_1781246265,2,2026-09-02,NY,1788356728139,1788356728139,1788358878759,S3,long,reclaim,C,False,long,"{""id"": ""S3"", ""trigger"": ""Pullback to 29102.00 OR-H, then 5m close back above 29102.00"", ""condition"": ""reclaim"", ""direction"": ""long"", ""target_chain"": [29115.1, 29171.25], ""invalid"": ""5m close below 29058.75 PDC"", ""confirm"": {""rule"": ""1x5m_close"", ""ref_price"": 29102, ""side"": ""above""}, ""quality"": ""C""}"
2026-09-02:NY:8d5c8af5_8ef641a7-815c-4bb5-9798-b070b67d7998_deepseek_1781246265/v3/S1,2026-09-02:NY:8d5c8af5_8ef641a7-815c-4bb5-9798-b070b67d7998_deepseek_1781246265,3,2026-09-02,NY,1788358878759,1788358878759,1788360352139,S1,long,reclaim,B,False,long,"{""id"": ""S1"", ""trigger"": ""Reclaim of VWAP+1\u03c3 29111.58 with a 1x5m close above 29111.58 after the current 09:00 push."", ""condition"": ""reclaim"", ""direction"": ""long"", ""target_chain"": [29171.25, 29209.25, 29246.25], ""invalid"": ""1x5m close back below 29102.00 OR-H voids the reclaim."", ""confirm"": {""rule"": ""1x5m_close"", ""ref_price"": 29111.58, ""side"": ""above""}, ""quality"": ""B""}"
2026-09-02:NY:8d5c8af5_8ef641a7-815c-4bb5-9798-b070b67d7998_deepseek_1781246265/v3/S2,2026-09-02:NY:8d5c8af5_8ef641a7-815c-4bb5-9798-b070b67d7998_deepseek_1781246265,3,2026-09-02,NY,1788358878759,1788358878759,1788360352139,S2,long,sweep_reclaim,B,False,long,"{""id"": ""S2"", ""trigger"": ""Sweep of 28927.25 ONL then a 1m_mss back above 28927.25."", ""condition"": ""sweep_reclaim"", ""direction"": ""long"", ""target_chain"": [29058.75, 29171.25, 29209.25], ""invalid"": ""1x5m close below 28927.25 ONL aborts the sweep-reclaim."", ""confirm"": {""rule"": ""touch"", ""ref_price"": 28927.25, ""side"": ""below""}, ""quality"": ""B"", ""confirm2"": {""rule"": ""1m_mss"", ""ref_price"": 28927.25, ""side"": ""above""}}"
2026-09-02:NY:8d5c8af5_8ef641a7-815c-4bb5-9798-b070b67d7998_deepseek_1781246265/v3/S3,2026-09-02:NY:8d5c8af5_8ef641a7-815c-4bb5-9798-b070b67d7998_deepseek_1781246265,3,2026-09-02,NY,1788358878759,1788358878759,1788360352139,S3,long,breakout_retest,B,False,long,"{""id"": ""S3"", ""trigger"": ""Break above 29171.25 ONH with a 1x5m close, then a pullback retest holds 29171.25."", ""condition"": ""breakout_retest"", ""direction"": ""long"", ""target_chain"": [29209.25, 29246.25, 29317.25], ""invalid"": ""1x5m close back below 29058.75 PDC voids the breakout."", ""confirm"": {""rule"": ""1x5m_close"", ""ref_price"": 29171.25, ""side"": ""above""}, ""quality"": ""B"", ""confirm2"": {""rule"": ""touch"", ""ref_price"": 29171.25, ""side"": ""above""}}"
2026-09-02:NY:8d5c8af5_8ef641a7-815c-4bb5-9798-b070b67d7998_deepseek_1781246265/v3/S4,2026-09-02:NY:8d5c8af5_8ef641a7-815c-4bb5-9798-b070b67d7998_deepseek_1781246265,3,2026-09-02,NY,1788358878759,1788358878759,1788360352139,S4,short,reject,B,True,long,"{""id"": ""S4"", ""trigger"": ""First touch of 29317.25 RTH-H in premium above the 29286.38 mid rejects; fade only on the touch."", ""condition"": ""reject"", ""direction"": ""short"", ""target_chain"": [29246.25, 29209.25, 29171.25], ""invalid"": ""1x5m_close above 29355.00 kills the fade, clearing the 29324.50 OB."", ""confirm"": {""rule"": ""touch"", ""ref_price"": 29317.25, ""side"": ""above""}, ""quality"": ""B"", ""arm"": {""enabled"": true, ""entry"": 29317.25, ""stop"": 29355, ""target"": 29209.25, ""wait_confirm"": true}}"
2026-09-02:NY:8d5c8af5_8ef641a7-815c-4bb5-9798-b070b67d7998_deepseek_1781246265/v4/S1,2026-09-02:NY:8d5c8af5_8ef641a7-815c-4bb5-9798-b070b67d7998_deepseek_1781246265,4,2026-09-02,NY,1788360352139,1788360352139,1788362553001,S1,long,reject,B,True,long,"{""id"": ""S1"", ""trigger"": ""Price pulls back to 29135.65 VWAP+1\u03c3 and rejects on touch"", ""condition"": ""reject"", ""direction"": ""long"", ""target_chain"": [29171.25, 29209.25], ""invalid"": ""5m close below 29058.75 PDC invalidates the long bounce"", ""confirm"": {""rule"": ""touch"", ""ref_price"": 29135.65, ""side"": ""above""}, ""quality"": ""B"", ""arm"": {""enabled"": true, ""entry"": 29135.65, ""stop"": 29099, ""target"": 29209.25, ""wait_confirm"": true}}"
2026-09-02:NY:8d5c8af5_8ef641a7-815c-4bb5-9798-b070b67d7998_deepseek_1781246265/v4/S2,2026-09-02:NY:8d5c8af5_8ef641a7-815c-4bb5-9798-b070b67d7998_deepseek_1781246265,4,2026-09-02,NY,1788360352139,1788360352139,1788362553001,S2,short,reject,B,True,long,"{""id"": ""S2"", ""trigger"": ""Price rallies to 29317.25 RTH-H and rejects on touch"", ""condition"": ""reject"", ""direction"": ""short"", ""target_chain"": [29209.25, 29171.25], ""invalid"": ""5m close above 29324.50 OB(bull)\u00b71h (HTF) invalidates the short rejection"", ""confirm"": {""rule"": ""touch"", ""ref_price"": 29317.25, ""side"": ""below""}, ""quality"": ""B"", ""arm"": {""enabled"": true, ""entry"": 29317.25, ""stop"": 29354, ""target"": 29209.25, ""wait_confirm"": true}}"
2026-09-02:NY:8d5c8af5_8ef641a7-815c-4bb5-9798-b070b67d7998_deepseek_1781246265/v5/S1,2026-09-02:NY:8d5c8af5_8ef641a7-815c-4bb5-9798-b070b67d7998_deepseek_1781246265,5,2026-09-02,NY,1788362553001,1788362553001,1788364253844,S1,long,reclaim,B,False,long,"{""id"": ""S1"", ""trigger"": ""Price prints a 5m close back above VWAP+1\u03c3 29143.97, reclaiming the session magnet after this morning's 29106.25 sweep-reclaim; the close confirms the 15m higher-low recovery."", ""condition"": ""reclaim"", ""direction"": ""long"", ""target_chain"": [29171.25, 29209.25, 29246.25], ""invalid"": ""A 5m close below 29106.25 (the 10:00 sweep low) voids the reclaim and re-opens the 29102.00 retest."", ""confirm"": {""rule"": ""1x5m_close"", ""ref_price"": 29143.97, ""side"": ""above""}, ""quality"": ""B""}"
2026-09-02:NY:8d5c8af5_8ef641a7-815c-4bb5-9798-b070b67d7998_deepseek_1781246265/v5/S2,2026-09-02:NY:8d5c8af5_8ef641a7-815c-4bb5-9798-b070b67d7998_deepseek_1781246265,5,2026-09-02,NY,1788362553001,1788362553001,1788364253844,S2,long,reject,C,True,long,"{""id"": ""S2"", ""trigger"": ""Price retraces into the 29102.00 OR-H / 29106.25 sweep-low cluster and the first touch at 29102.00 rejects upward \u2014 a re-test of the consumed 15m sweep zone as a new setup."", ""condition"": ""reject"", ""direction"": ""long"", ""target_chain"": [29143.97, 29171.25, 29209.25], ""invalid"": ""Acceptance below 29102.00 \u2014 a 5m close under 29102.00 \u2014 voids the fade; the next edge is the PDC sweep-reclaim (S3)."", ""confirm"": {""rule"": ""touch"", ""ref_price"": 29102, ""side"": ""above""}, ""quality"": ""C"", ""arm"": {""enabled"": true, ""entry"": 29102, ""stop"": 29060, ""target"": 29209.25, ""wait_confirm"": true}}"
2026-09-02:NY:8d5c8af5_8ef641a7-815c-4bb5-9798-b070b67d7998_deepseek_1781246265/v5/S3,2026-09-02:NY:8d5c8af5_8ef641a7-815c-4bb5-9798-b070b67d7998_deepseek_1781246265,5,2026-09-02,NY,1788362553001,1788362553001,1788364253844,S3,long,sweep_reclaim,B,True,long,"{""id"": ""S3"", ""trigger"": ""Price sweeps below PDC 29058.75 (resting stops under the flattened 29017.25\u201329111.25 shelf) and a 1m MSS back above 29058.75 confirms the reclaim; a 5m close back above 29058.75 is the delayed confirmation alternative."", ""condition"": ""sweep_reclaim"", ""direction"": ""long"", ""target_chain"": [29143.97, 29171.25, 29209.25], ""invalid"": ""A 5m close below 29020.00 invalidates the sweep-reclaim and opens the 29001.75 RTH-L test."", ""confirm"": {""rule"": ""touch"", ""ref_price"": 29058.75, ""side"": ""below""}, ""quality"": ""B"", ""confirm2"": {""rule"": ""1m_mss"", ""ref_price"": 29058.75, ""side"": ""above""}, ""arm"": {""enabled"": true, ""entry"": 29058.75, ""stop"": 29020, ""target"": 29143.97, ""wait_confirm"": true, ""legs"": [{""entry"": 29058.75, ""stop"": 29020, ""target"": 29143.97, ""size"": 1, ""rule"": ""touch""}, {""entry"": 29070, ""stop"": 29033, ""target"": 29171.25, ""size"": 1, ""wait_confirm"": true, ""rule"": ""1m_mss""}]}}"
2026-09-02:NY:8d5c8af5_8ef641a7-815c-4bb5-9798-b070b67d7998_deepseek_1781246265/v5/S4,2026-09-02:NY:8d5c8af5_8ef641a7-815c-4bb5-9798-b070b67d7998_deepseek_1781246265,5,2026-09-02,NY,1788362553001,1788362553001,1788364253844,S4,long,breakout_retest,C,False,long,"{""id"": ""S4"", ""trigger"": ""A 5m close above ONH 29171.25 breaks the day's consolidation high; the retest touch at 29171.25 from above is the continuation long entry (stop-entry fallback if no retest prints)."", ""condition"": ""breakout_retest"", ""direction"": ""long"", ""target_chain"": [29209.25, 29246.25, 29317.25], ""invalid"": ""A 5m close back below 29143.97 voids the breakout as a round-trip failure."", ""confirm"": {""rule"": ""1x5m_close"", ""ref_price"": 29171.25, ""side"": ""above""}, ""quality"": ""C"", ""confirm2"": {""rule"": ""touch"", ""ref_price"": 29171.25, ""side"": ""above""}}"
2026-09-02:NY:8d5c8af5_8ef641a7-815c-4bb5-9798-b070b67d7998_deepseek_1781246265/v6/S1,2026-09-02:NY:8d5c8af5_8ef641a7-815c-4bb5-9798-b070b67d7998_deepseek_1781246265,6,2026-09-02,NY,1788364253844,1788364253844,1788366019936,S1,long,reclaim,C,False,long,"{""id"": ""S1"", ""trigger"": ""Retest of 29171.25 ONH holds; 1x5m close back above 29171.25 after a dip."", ""condition"": ""reclaim"", ""direction"": ""long"", ""target_chain"": [29209.25, 29246.25], ""invalid"": ""5m close below 29153.35 VWAP+1\u03c3 voids the reclaimed ONH support."", ""confirm"": {""rule"": ""1x5m_close"", ""ref_price"": 29171.25, ""side"": ""above""}, ""quality"": ""C""}"
2026-09-02:NY:8d5c8af5_8ef641a7-815c-4bb5-9798-b070b67d7998_deepseek_1781246265/v6/S2,2026-09-02:NY:8d5c8af5_8ef641a7-815c-4bb5-9798-b070b67d7998_deepseek_1781246265,6,2026-09-02,NY,1788364253844,1788364253844,1788366019936,S2,long,hold,A,False,long,"{""id"": ""S2"", ""trigger"": ""Pullback to 29153.35 VWAP+1\u03c3 stabilizes; 1x5m close above 29153.35."", ""condition"": ""hold"", ""direction"": ""long"", ""target_chain"": [29171.25, 29209.25], ""invalid"": ""5m close below 29102.00 OR-H voids the dip-buy."", ""confirm"": {""rule"": ""1x5m_close"", ""ref_price"": 29153.35, ""side"": ""above""}, ""quality"": ""A""}"
2026-09-02:NY:8d5c8af5_8ef641a7-815c-4bb5-9798-b070b67d7998_deepseek_1781246265/v6/S3,2026-09-02:NY:8d5c8af5_8ef641a7-815c-4bb5-9798-b070b67d7998_deepseek_1781246265,6,2026-09-02,NY,1788364253844,1788364253844,1788366019936,S3,long,breakout_retest,C,False,long,"{""id"": ""S3"", ""trigger"": ""Break above 29209.25 Supply\u00b71h while 29171.25 ONH holds as support; retest of 29209.25 holds."", ""condition"": ""breakout_retest"", ""direction"": ""long"", ""target_chain"": [29246.25, 29317.25], ""invalid"": ""5m close back below 29171.25 ONH voids the break."", ""confirm"": {""rule"": ""touch"", ""ref_price"": 29209.25, ""side"": ""above""}, ""quality"": ""C""}"
2026-09-02:NY:8d5c8af5_8ef641a7-815c-4bb5-9798-b070b67d7998_deepseek_1781246265/v6/S4,2026-09-02:NY:8d5c8af5_8ef641a7-815c-4bb5-9798-b070b67d7998_deepseek_1781246265,6,2026-09-02,NY,1788364253844,1788364253844,1788366019936,S4,long,sweep_reclaim,B,False,long,"{""id"": ""S4"", ""trigger"": ""Sweep below 29001.75 RTH-L (wick through 29001.75) then 5m close back above 29001.75."", ""condition"": ""sweep_reclaim"", ""direction"": ""long"", ""target_chain"": [29058.75, 29153.35, 29171.25], ""invalid"": ""5m close below 28927.25 ONL voids the reclaim and opens the bear leg."", ""confirm"": {""rule"": ""touch"", ""ref_price"": 29001.75, ""side"": ""below""}, ""quality"": ""B"", ""confirm2"": {""rule"": ""1x5m_close"", ""ref_price"": 29001.75, ""side"": ""above""}}"
2026-09-02:NY:8d5c8af5_8ef641a7-815c-4bb5-9798-b070b67d7998_deepseek_1781246265/v7/S1,2026-09-02:NY:8d5c8af5_8ef641a7-815c-4bb5-9798-b070b67d7998_deepseek_1781246265,7,2026-09-02,NY,1788366019936,1788366019936,1788367630850,S1,long,sweep_reclaim,B,False,long,"{""id"": ""S1"", ""trigger"": ""Price sweeps below ONH 29171.25 and prints a 5m close back above 29171.25 (reclaim close); invalid if 5m close below 29158.47 VWAP+1\u03c3."", ""condition"": ""sweep_reclaim"", ""direction"": ""long"", ""target_chain"": [29209.25, 29246.25, 29317.25], ""invalid"": ""5m close below 29158.47 VWAP+1\u03c3"", ""confirm"": {""rule"": ""1x5m_close"", ""ref_price"": 29171.25, ""side"": ""above""}, ""quality"": ""B""}"
2026-09-02:NY:8d5c8af5_8ef641a7-815c-4bb5-9798-b070b67d7998_deepseek_1781246265/v7/S2,2026-09-02:NY:8d5c8af5_8ef641a7-815c-4bb5-9798-b070b67d7998_deepseek_1781246265,7,2026-09-02,NY,1788366019936,1788366019936,1788367630850,S2,long,reclaim,B,False,long,"{""id"": ""S2"", ""trigger"": ""Dip touches 29158.47 VWAP+1\u03c3 and price prints a 5m close back above 29158.47; invalid if 5m close below 29102.00 OR-H."", ""condition"": ""reclaim"", ""direction"": ""long"", ""target_chain"": [29209.25, 29246.25], ""invalid"": ""5m close below 29102.00 OR-H"", ""confirm"": {""rule"": ""1x5m_close"", ""ref_price"": 29158.47, ""side"": ""above""}, ""quality"": ""B""}"
2026-09-02:NY:8d5c8af5_8ef641a7-815c-4bb5-9798-b070b67d7998_deepseek_1781246265/v7/S3,2026-09-02:NY:8d5c8af5_8ef641a7-815c-4bb5-9798-b070b67d7998_deepseek_1781246265,7,2026-09-02,NY,1788366019936,1788366019936,1788367630850,S3,long,breakout_retest,B,False,long,"{""id"": ""S3"", ""trigger"": ""Break above 29209.25 Supply\u00b71h (15m LH 29208.50) with a 5m close, then retest touch of 29209.25 holds; invalid if 5m close back below 29171.25 ONH."", ""condition"": ""breakout_retest"", ""direction"": ""long"", ""target_chain"": [29246.25, 29317.25], ""invalid"": ""5m close back below 29171.25 ONH"", ""confirm"": {""rule"": ""touch"", ""ref_price"": 29209.25, ""side"": ""above""}, ""quality"": ""B""}"
2026-09-02:NY:8d5c8af5_8ef641a7-815c-4bb5-9798-b070b67d7998_deepseek_1781246265/v7/S4,2026-09-02:NY:8d5c8af5_8ef641a7-815c-4bb5-9798-b070b67d7998_deepseek_1781246265,7,2026-09-02,NY,1788366019936,1788366019936,1788367630850,S4,short,reject,B,True,long,"{""id"": ""S4"", ""trigger"": ""First touch of 29317.25 RTH-H fails and 5m close prints back below 29317.25; invalid if 5m close above 29317.25."", ""condition"": ""reject"", ""direction"": ""short"", ""target_chain"": [29246.25, 29209.25], ""invalid"": ""5m close above 29317.25"", ""confirm"": {""rule"": ""touch"", ""ref_price"": 29317.25, ""side"": ""below""}, ""quality"": ""B"", ""arm"": {""enabled"": true, ""entry"": 29317.25, ""stop"": 29348, ""target"": 29246.25, ""wait_confirm"": true}}"
2026-09-02:NY:8d5c8af5_8ef641a7-815c-4bb5-9798-b070b67d7998_deepseek_1781246265/v8/S1,2026-09-02:NY:8d5c8af5_8ef641a7-815c-4bb5-9798-b070b67d7998_deepseek_1781246265,8,2026-09-02,NY,1788367630850,1788367630850,1788369910337,S1,long,reclaim,B,False,long,"{""id"": ""S1"", ""trigger"": ""Price reclaims VWAP+1\u03c3 29161.16 with a 1x5m close above"", ""condition"": ""reclaim"", ""direction"": ""long"", ""target_chain"": [29209.25, 29246.25], ""invalid"": ""1x5m close below 29138.00 invalidates the reclaim"", ""confirm"": {""rule"": ""1x5m_close"", ""ref_price"": 29161.16, ""side"": ""above""}, ""quality"": ""B""}"
2026-09-02:NY:8d5c8af5_8ef641a7-815c-4bb5-9798-b070b67d7998_deepseek_1781246265/v8/S2,2026-09-02:NY:8d5c8af5_8ef641a7-815c-4bb5-9798-b070b67d7998_deepseek_1781246265,8,2026-09-02,NY,1788367630850,1788367630850,1788369910337,S2,long,reject,B,True,long,"{""id"": ""S2"", ""trigger"": ""Price touches PDC 29058.75 and rejects"", ""condition"": ""reject"", ""direction"": ""long"", ""target_chain"": [29161.16, 29171.25], ""invalid"": ""1x5m close below 29042.75 (OR-L) invalidates the long reject"", ""confirm"": {""rule"": ""touch"", ""ref_price"": 29058.75, ""side"": ""above""}, ""quality"": ""B"", ""arm"": {""enabled"": true, ""entry"": 29058.75, ""stop"": 29032, ""target"": 29161.16, ""wait_confirm"": true}}"
2026-09-02:NY:8d5c8af5_8ef641a7-815c-4bb5-9798-b070b67d7998_deepseek_1781246265/v9/S1,2026-09-02:NY:8d5c8af5_8ef641a7-815c-4bb5-9798-b070b67d7998_deepseek_1781246265,9,2026-09-02,NY,1788369910337,1788369910337,1788372135540,S1,long,sweep_reclaim,C,False,long,"{""id"": ""S1"", ""trigger"": ""After 13:30 CT, a 5m push below 29058.75 sweeps toward 29042.75 and a 1m_mss closes back above 29058.75."", ""condition"": ""sweep_reclaim"", ""direction"": ""long"", ""target_chain"": [29163.03, 29171.25, 29209.25], ""invalid"": ""2x5m close below 29042.75 kills S1."", ""confirm"": {""rule"": ""touch"", ""ref_price"": 29058.75, ""side"": ""below""}, ""quality"": ""C"", ""confirm2"": {""rule"": ""1m_mss"", ""ref_price"": 29058.75, ""side"": ""above""}}"
2026-09-02:NY:8d5c8af5_8ef641a7-815c-4bb5-9798-b070b67d7998_deepseek_1781246265/v9/S2,2026-09-02:NY:8d5c8af5_8ef641a7-815c-4bb5-9798-b070b67d7998_deepseek_1781246265,9,2026-09-02,NY,1788369910337,1788369910337,1788372135540,S2,long,breakout_retest,C,False,long,"{""id"": ""S2"", ""trigger"": ""1x5m close above 29171.25 ONH, then a pullback retest holds 29171.25."", ""condition"": ""breakout_retest"", ""direction"": ""long"", ""target_chain"": [29209.25, 29246.25, 29317.25], ""invalid"": ""1x5m close back below 29163.03 invalidates the breakout."", ""confirm"": {""rule"": ""touch"", ""ref_price"": 29171.25, ""side"": ""above""}, ""quality"": ""C""}"
2026-09-02:NY:8d5c8af5_8ef641a7-815c-4bb5-9798-b070b67d7998_deepseek_1781246265/v9/S3,2026-09-02:NY:8d5c8af5_8ef641a7-815c-4bb5-9798-b070b67d7998_deepseek_1781246265,9,2026-09-02,NY,1788369910337,1788369910337,1788372135540,S3,short,reject,B,True,long,"{""id"": ""S3"", ""trigger"": ""First touch of 29317.25 RTH-H stalls/rejects; stop above 29344.75; enter short only on touch."", ""condition"": ""reject"", ""direction"": ""short"", ""target_chain"": [29246.25, 29209.25, 29171.25], ""invalid"": ""1x5m close above 29344.75 invalidates the short."", ""confirm"": {""rule"": ""touch"", ""ref_price"": 29317.25, ""side"": ""below""}, ""quality"": ""B"", ""arm"": {""enabled"": true, ""entry"": 29317.25, ""stop"": 29344.75, ""target"": 29246.25, ""wait_confirm"": true}}"
2026-09-02:NY:8d5c8af5_8ef641a7-815c-4bb5-9798-b070b67d7998_deepseek_1781246265/v10/S1,2026-09-02:NY:8d5c8af5_8ef641a7-815c-4bb5-9798-b070b67d7998_deepseek_1781246265,10,2026-09-02,NY,1788372135540,1788372135540,1788373716708,S1,long,reject,B,True,long,"{""id"": ""S1"", ""trigger"": ""Price pulls back to 29163.99 VWAP+1\u03c3 after 13:30 and attempts a 5m reversal from the band."", ""condition"": ""reject"", ""direction"": ""long"", ""target_chain"": [29171.25, 29209.25, 29246.25], ""invalid"": ""A 5m close below 29138.75 voids the long (structure stop)."", ""confirm"": {""rule"": ""touch"", ""ref_price"": 29163.99, ""side"": ""below""}, ""quality"": ""B"", ""arm"": {""enabled"": true, ""entry"": 29163.99, ""stop"": 29138.75, ""target"": 29246.25, ""wait_confirm"": true}}"
2026-09-02:NY:8d5c8af5_8ef641a7-815c-4bb5-9798-b070b67d7998_deepseek_1781246265/v10/S2,2026-09-02:NY:8d5c8af5_8ef641a7-815c-4bb5-9798-b070b67d7998_deepseek_1781246265,10,2026-09-02,NY,1788372135540,1788372135540,1788373716708,S2,long,sweep_reclaim,B,False,long,"{""id"": ""S2"", ""trigger"": ""Price sweeps 29001.75 RTH-L and then prints a 5m close back above it."", ""condition"": ""sweep_reclaim"", ""direction"": ""long"", ""target_chain"": [29042.75, 29058.75, 29102], ""invalid"": ""A 5m close below 29001.75 before the reclaim close voids the long."", ""confirm"": {""rule"": ""touch"", ""ref_price"": 29001.75, ""side"": ""below""}, ""quality"": ""B"", ""confirm2"": {""rule"": ""1x5m_close"", ""ref_price"": 29001.75, ""side"": ""above""}}"
2026-09-02:NY:8d5c8af5_8ef641a7-815c-4bb5-9798-b070b67d7998_deepseek_1781246265/v10/S3,2026-09-02:NY:8d5c8af5_8ef641a7-815c-4bb5-9798-b070b67d7998_deepseek_1781246265,10,2026-09-02,NY,1788372135540,1788372135540,1788373716708,S3,short,reject,B,True,long,"{""id"": ""S3"", ""trigger"": ""A rally into 29317.25 RTH-H after 13:30 pokes above and rejects; this is the allowed premium short."", ""condition"": ""reject"", ""direction"": ""short"", ""target_chain"": [29246.25, 29209.25, 29171.25], ""invalid"": ""A 5m close above 29342.50 voids the short."", ""confirm"": {""rule"": ""touch"", ""ref_price"": 29317.25, ""side"": ""above""}, ""quality"": ""B"", ""arm"": {""enabled"": true, ""entry"": 29317.25, ""stop"": 29342.5, ""target"": 29246.25, ""wait_confirm"": true}}"
2026-09-02:NY:8d5c8af5_8ef641a7-815c-4bb5-9798-b070b67d7998_deepseek_1781246265/v10/S4,2026-09-02:NY:8d5c8af5_8ef641a7-815c-4bb5-9798-b070b67d7998_deepseek_1781246265,10,2026-09-02,NY,1788372135540,1788372135540,1788373716708,S4,short,reject,B,True,long,"{""id"": ""S4"", ""trigger"": ""Price pulls back to 29058.75 PDC and rejects back down; 29058.75 is the entry."", ""condition"": ""reject"", ""direction"": ""short"", ""target_chain"": [28927.25], ""invalid"": ""A 5m close above 29086.75 voids the short."", ""confirm"": {""rule"": ""touch"", ""ref_price"": 29058.75, ""side"": ""below""}, ""quality"": ""B"", ""arm"": {""enabled"": true, ""entry"": 29058.75, ""stop"": 29086.75, ""target"": 28927.25, ""wait_confirm"": true}}"
2026-09-02:NY:8d5c8af5_8ef641a7-815c-4bb5-9798-b070b67d7998_deepseek_1781246265/v11/S1,2026-09-02:NY:8d5c8af5_8ef641a7-815c-4bb5-9798-b070b67d7998_deepseek_1781246265,11,2026-09-02,NY,1788373716708,1788373716708,1788375419111,S1,long,reclaim,B,False,long,"{""id"": ""S1"", ""trigger"": ""1x5m close above 29165.06 VWAP+1\u03c3 reclaims the magnet; long for 29171.25 ONH first, then 29209.25 Supply\u00b71h and 29246.25 OB(bull)\u00b74h."", ""condition"": ""reclaim"", ""direction"": ""long"", ""target_chain"": [29171.25, 29209.25, 29246.25], ""invalid"": ""5m close below 29135.50 (recent 5m HL) voids the reclaim and re-opens the 15m downtrend."", ""confirm"": {""rule"": ""1x5m_close"", ""ref_price"": 29165.06, ""side"": ""above""}, ""quality"": ""B""}"
2026-09-02:NY:8d5c8af5_8ef641a7-815c-4bb5-9798-b070b67d7998_deepseek_1781246265/v11/S2,2026-09-02:NY:8d5c8af5_8ef641a7-815c-4bb5-9798-b070b67d7998_deepseek_1781246265,11,2026-09-02,NY,1788373716708,1788373716708,1788375419111,S2,long,reject,B,True,long,"{""id"": ""S2"", ""trigger"": ""Clean retest of RTH-L 29001.75; limit long with structure stop 28972.75, target 29102.00 OR-H."", ""condition"": ""reject"", ""direction"": ""long"", ""target_chain"": [29102, 29165.06, 29171.25], ""invalid"": ""5m close below 28972.75 voids the fade; next downside liquid pool is ONL 28927.25."", ""confirm"": {""rule"": ""touch"", ""ref_price"": 29001.75, ""side"": ""above""}, ""quality"": ""B"", ""arm"": {""enabled"": true, ""entry"": 29001.75, ""stop"": 28972.75, ""target"": 29102, ""wait_confirm"": true}}"
2026-09-02:NY:8d5c8af5_8ef641a7-815c-4bb5-9798-b070b67d7998_deepseek_1781246265/v11/S3,2026-09-02:NY:8d5c8af5_8ef641a7-815c-4bb5-9798-b070b67d7998_deepseek_1781246265,11,2026-09-02,NY,1788373716708,1788373716708,1788375419111,S3,long,sweep_reclaim,B,False,long,"{""id"": ""S3"", ""trigger"": ""Sweep of ONL 28927.25 followed by a 5m close back above 28927.25 (wick alone is not enough); long the reclaim."", ""condition"": ""sweep_reclaim"", ""direction"": ""long"", ""target_chain"": [29001.75, 29058.75, 29102], ""invalid"": ""A subsequent 5m close below 28927.25 voids the reclaim and is plan death; liquidation targets 28711.25 OB(bear)\u00b74h."", ""confirm"": {""rule"": ""1x5m_close"", ""ref_price"": 28927.25, ""side"": ""above""}, ""quality"": ""B""}"
2026-09-02:NY:8d5c8af5_8ef641a7-815c-4bb5-9798-b070b67d7998_deepseek_1781246265/v11/S4,2026-09-02:NY:8d5c8af5_8ef641a7-815c-4bb5-9798-b070b67d7998_deepseek_1781246265,11,2026-09-02,NY,1788373716708,1788373716708,1788375419111,S4,short,reject,B,True,long,"{""id"": ""S4"", ""trigger"": ""Stretched rally to RTH-H 29317.25 above the 50% mark; first-touch rejection short with structure stop 29345.25, target 29246.25."", ""condition"": ""reject"", ""direction"": ""short"", ""target_chain"": [29246.25, 29209.25, 29165.06], ""invalid"": ""5m close above 29345.25 voids the rejection; extension targets 29450.50 PDH."", ""confirm"": {""rule"": ""touch"", ""ref_price"": 29317.25, ""side"": ""below""}, ""quality"": ""B"", ""arm"": {""enabled"": true, ""entry"": 29317.25, ""stop"": 29345.25, ""target"": 29246.25, ""wait_confirm"": true}}"
2026-09-02:NY:8d5c8af5_8ef641a7-815c-4bb5-9798-b070b67d7998_deepseek_1781246265/v12/S1,2026-09-02:NY:8d5c8af5_8ef641a7-815c-4bb5-9798-b070b67d7998_deepseek_1781246265,12,2026-09-02,NY,1788375419111,1788375419111,1788378300000,S1,long,sweep_reclaim,B,False,long,"{""id"": ""S1"", ""trigger"": ""Sweep of VWAP\u22121\u03c3 29050.13 toward OR-L 29042.75, then a 5m close back above 29050.13"", ""condition"": ""sweep_reclaim"", ""direction"": ""long"", ""target_chain"": [29058.75, 29108.47, 29154.38], ""invalid"": ""5m close below 29042.75 before reclaim"", ""confirm"": {""rule"": ""1x5m_close"", ""ref_price"": 29050.13, ""side"": ""above""}, ""quality"": ""B""}"
2026-09-02:NY:8d5c8af5_8ef641a7-815c-4bb5-9798-b070b67d7998_deepseek_1781246265/v12/S2,2026-09-02:NY:8d5c8af5_8ef641a7-815c-4bb5-9798-b070b67d7998_deepseek_1781246265,12,2026-09-02,NY,1788375419111,1788375419111,1788378300000,S2,long,reclaim,B,False,long,"{""id"": ""S2"", ""trigger"": ""Price loses VWAP 29108.47 and a 5m close returns above 29108.47"", ""condition"": ""reclaim"", ""direction"": ""long"", ""target_chain"": [29154.38, 29166.8, 29171.25], ""invalid"": ""5m close below 29102.00 before reclaim"", ""confirm"": {""rule"": ""1x5m_close"", ""ref_price"": 29108.47, ""side"": ""above""}, ""quality"": ""B""}"
2026-09-02:NY:8d5c8af5_8ef641a7-815c-4bb5-9798-b070b67d7998_deepseek_1781246265/v12/S3,2026-09-02:NY:8d5c8af5_8ef641a7-815c-4bb5-9798-b070b67d7998_deepseek_1781246265,12,2026-09-02,NY,1788375419111,1788375419111,1788378300000,S3,short,reject,B,True,long,"{""id"": ""S3"", ""trigger"": ""Rally to VWAP+1\u03c3 29166.80 and failure to accept; enter short below 29166.80"", ""condition"": ""reject"", ""direction"": ""short"", ""target_chain"": [29108.47, 29058.75], ""invalid"": ""5m close above 29199.50 invalidates the fade"", ""confirm"": {""rule"": ""touch"", ""ref_price"": 29166.8, ""side"": ""below""}, ""quality"": ""B"", ""arm"": {""enabled"": true, ""entry"": 29166.8, ""stop"": 29199.5, ""target"": 29058.75, ""wait_confirm"": true}}"
2026-09-02:ASIA:8d5c8af5_8ef641a7-815c-4bb5-9798-b070b67d7998_deepseek_1781246265/v1/S1,2026-09-02:ASIA:8d5c8af5_8ef641a7-815c-4bb5-9798-b070b67d7998_deepseek_1781246265,1,2026-09-02,ASIA,1788384962903,1788386400000,1788387509638,S1,long,reclaim,A,False,long,"{""id"": ""S1"", ""trigger"": ""Price pulls back to 29113.89 VWAP and prints a 5m close back above 29113.89, reclaiming the mean after the 29212.50 sweep-up failed."", ""condition"": ""reclaim"", ""direction"": ""long"", ""target_chain"": [29171.25, 29209.25, 29317.25], ""invalid"": ""5m close below 29102.00 OR-H"", ""confirm"": {""rule"": ""1x5m_close"", ""ref_price"": 29113.89, ""side"": ""above""}, ""quality"": ""A""}"
2026-09-02:ASIA:8d5c8af5_8ef641a7-815c-4bb5-9798-b070b67d7998_deepseek_1781246265/v1/S2,2026-09-02:ASIA:8d5c8af5_8ef641a7-815c-4bb5-9798-b070b67d7998_deepseek_1781246265,1,2026-09-02,ASIA,1788384962903,1788386400000,1788387509638,S2,long,sweep_reclaim,B,False,long,"{""id"": ""S2"", ""trigger"": ""Price sweeps below 29042.75 OR-L to collect stops, then prints a 1m MSS up and a 5m close back above 29042.75."", ""condition"": ""sweep_reclaim"", ""direction"": ""long"", ""target_chain"": [29113.89, 29171.25, 29209.25], ""invalid"": ""5m close below 29004.50 iFVG(bear)\u00b74h (HTF)"", ""confirm"": {""rule"": ""touch"", ""ref_price"": 29042.75, ""side"": ""below""}, ""quality"": ""B"", ""confirm2"": {""rule"": ""1x5m_close"", ""ref_price"": 29042.75, ""side"": ""above""}}"
2026-09-02:ASIA:8d5c8af5_8ef641a7-815c-4bb5-9798-b070b67d7998_deepseek_1781246265/v1/S3,2026-09-02:ASIA:8d5c8af5_8ef641a7-815c-4bb5-9798-b070b67d7998_deepseek_1781246265,1,2026-09-02,ASIA,1788384962903,1788386400000,1788387509638,S3,long,breakout_retest,C,False,long,"{""id"": ""S3"", ""trigger"": ""Price breaks above 29171.25 ONH, pulls back, and holds the 29171.25 retest as support."", ""condition"": ""breakout_retest"", ""direction"": ""long"", ""target_chain"": [29209.25, 29317.25, 29346.88], ""invalid"": ""5m close below 29139.50"", ""confirm"": {""rule"": ""touch"", ""ref_price"": 29171.25, ""side"": ""above""}, ""quality"": ""C""}"
2026-09-02:ASIA:8d5c8af5_8ef641a7-815c-4bb5-9798-b070b67d7998_deepseek_1781246265/v1/S4,2026-09-02:ASIA:8d5c8af5_8ef641a7-815c-4bb5-9798-b070b67d7998_deepseek_1781246265,1,2026-09-02,ASIA,1788384962903,1788386400000,1788387509638,S4,short,sweep_reclaim,A,False,long,"{""id"": ""S4"", ""trigger"": ""Price rallies above 29317.25 PDH, sweeps the high, then prints a 5m close back below 29317.25."", ""condition"": ""sweep_reclaim"", ""direction"": ""short"", ""target_chain"": [29209.25, 29171.25, 29113.89], ""invalid"": ""2x5m close above 29346.88 FVG\u00b74h (HTF)"", ""confirm"": {""rule"": ""touch"", ""ref_price"": 29317.25, ""side"": ""above""}, ""quality"": ""A"", ""confirm2"": {""rule"": ""1x5m_close"", ""ref_price"": 29317.25, ""side"": ""below""}}"
2026-09-02:ASIA:8d5c8af5_8ef641a7-815c-4bb5-9798-b070b67d7998_deepseek_1781246265/v2/S1,2026-09-02:ASIA:8d5c8af5_8ef641a7-815c-4bb5-9798-b070b67d7998_deepseek_1781246265,2,2026-09-02,ASIA,1788387509638,1788387509638,1788389456643,S1,short,sweep_reclaim,B,False,long,"{""id"": ""S1"", ""trigger"": ""Price sweeps above 29189.25 ONH (the draw) and delivers a 1m_mss close back below 29189.25; premium short allowed by branch 5."", ""condition"": ""sweep_reclaim"", ""direction"": ""short"", ""target_chain"": [29175.56, 29149], ""invalid"": ""A 1m or 5m close above 29189.25 after the reclaim negates the setup; stop beyond the sweep extreme."", ""confirm"": {""rule"": ""touch"", ""ref_price"": 29189.25, ""side"": ""above""}, ""quality"": ""B"", ""confirm2"": {""rule"": ""1m_mss"", ""ref_price"": 29189.25, ""side"": ""below""}}"
2026-09-02:ASIA:8d5c8af5_8ef641a7-815c-4bb5-9798-b070b67d7998_deepseek_1781246265/v2/S2,2026-09-02:ASIA:8d5c8af5_8ef641a7-815c-4bb5-9798-b070b67d7998_deepseek_1781246265,2,2026-09-02,ASIA,1788387509638,1788387509638,1788389456643,S2,long,sweep_reclaim,B,False,long,"{""id"": ""S2"", ""trigger"": ""Price sweeps below 29149.00 ONL and reclaims with a 1m_mss close back above 29149.00; discount long only per branch 5."", ""condition"": ""sweep_reclaim"", ""direction"": ""long"", ""target_chain"": [29175.56, 29189.25], ""invalid"": ""A 1m or 5m close below 29149.00 after the reclaim invalidates the setup; stop beyond the sweep low."", ""confirm"": {""rule"": ""touch"", ""ref_price"": 29149, ""side"": ""below""}, ""quality"": ""B"", ""confirm2"": {""rule"": ""1m_mss"", ""ref_price"": 29149, ""side"": ""above""}}"
2026-09-02:ASIA:8d5c8af5_8ef641a7-815c-4bb5-9798-b070b67d7998_deepseek_1781246265/v3/S1,2026-09-02:ASIA:8d5c8af5_8ef641a7-815c-4bb5-9798-b070b67d7998_deepseek_1781246265,3,2026-09-02,ASIA,1788389456643,1788389456643,1788390282447,S1,short,sweep_reclaim,B,False,neutral,"{""id"": ""S1"", ""trigger"": ""Sweep of ONH 29208.75 / Supply 29209.25 (wick above 29208.75), then 5m close back below 29208.75"", ""condition"": ""sweep_reclaim"", ""direction"": ""short"", ""target_chain"": [29199.68, 29149, 29136.25], ""invalid"": ""5m close back above 29212.50"", ""confirm"": {""rule"": ""touch"", ""ref_price"": 29208.75, ""side"": ""above""}, ""quality"": ""B"", ""confirm2"": {""rule"": ""1x5m_close"", ""ref_price"": 29208.75, ""side"": ""below""}}"
2026-09-02:ASIA:8d5c8af5_8ef641a7-815c-4bb5-9798-b070b67d7998_deepseek_1781246265/v3/S2,2026-09-02:ASIA:8d5c8af5_8ef641a7-815c-4bb5-9798-b070b67d7998_deepseek_1781246265,3,2026-09-02,ASIA,1788389456643,1788389456643,1788390282447,S2,long,sweep_reclaim,B,False,neutral,"{""id"": ""S2"", ""trigger"": ""Sweep below ONL 29149.00, then 5m close back above 29149.00"", ""condition"": ""sweep_reclaim"", ""direction"": ""long"", ""target_chain"": [29199.68, 29208.75, 29317.25], ""invalid"": ""5m close back below 29136.25"", ""confirm"": {""rule"": ""touch"", ""ref_price"": 29149, ""side"": ""below""}, ""quality"": ""B"", ""confirm2"": {""rule"": ""1x5m_close"", ""ref_price"": 29149, ""side"": ""above""}}"
2026-09-02:ASIA:8d5c8af5_8ef641a7-815c-4bb5-9798-b070b67d7998_deepseek_1781246265/v3/S3,2026-09-02:ASIA:8d5c8af5_8ef641a7-815c-4bb5-9798-b070b67d7998_deepseek_1781246265,3,2026-09-02,ASIA,1788389456643,1788389456643,1788390282447,S3,short,reject,B,True,neutral,"{""id"": ""S3"", ""trigger"": ""Touch of VWAP+1\u03c3 29199.68 rejects and rotates back below 29199.68"", ""condition"": ""reject"", ""direction"": ""short"", ""target_chain"": [29149, 29136.25], ""invalid"": ""5m close above 29208.75"", ""confirm"": {""rule"": ""touch"", ""ref_price"": 29199.68, ""side"": ""below""}, ""quality"": ""B"", ""arm"": {""enabled"": true, ""entry"": 29199.68, ""stop"": 29216.25, ""target"": 29149, ""wait_confirm"": true}}"
2026-09-02:ASIA:8d5c8af5_8ef641a7-815c-4bb5-9798-b070b67d7998_deepseek_1781246265/v4/S1,2026-09-02:ASIA:8d5c8af5_8ef641a7-815c-4bb5-9798-b070b67d7998_deepseek_1781246265,4,2026-09-02,ASIA,1788390282447,1788390282447,1788391265610,S1,short,reject,B,True,neutral,"{""id"": ""S1"", ""trigger"": ""After the 16:00 1h sweep-up, a retest of ONH 29208.75 into Supply\u00b71h 29209.25 that wicks and rejects on touch is a short."", ""condition"": ""reject"", ""direction"": ""short"", ""target_chain"": [29149, 29136.25, 29102], ""invalid"": ""5m close above 29208.75 voids the rejection"", ""confirm"": {""rule"": ""touch"", ""ref_price"": 29208.75, ""side"": ""below""}, ""quality"": ""B"", ""arm"": {""enabled"": true, ""entry"": 29208.75, ""stop"": 29228.75, ""target"": 29149, ""wait_confirm"": true}}"
2026-09-02:ASIA:8d5c8af5_8ef641a7-815c-4bb5-9798-b070b67d7998_deepseek_1781246265/v4/S2,2026-09-02:ASIA:8d5c8af5_8ef641a7-815c-4bb5-9798-b070b67d7998_deepseek_1781246265,4,2026-09-02,ASIA,1788390282447,1788390282447,1788391265610,S2,long,sweep_reclaim,B,False,neutral,"{""id"": ""S2"", ""trigger"": ""A sweep below 29149.00 ONL into/near 29136.25 Demand\u00b74h, then a 5m close back above 29149.00, confirms the reclaim and starts a long."", ""condition"": ""sweep_reclaim"", ""direction"": ""long"", ""target_chain"": [29183.59, 29208.75, 29317.25], ""invalid"": ""5m close below 29136.25 through Demand\u00b74h invalidates the reclaim"", ""confirm"": {""rule"": ""touch"", ""ref_price"": 29149, ""side"": ""below""}, ""quality"": ""B"", ""confirm2"": {""rule"": ""1x5m_close"", ""ref_price"": 29149, ""side"": ""above""}}"
2026-09-02:ASIA:8d5c8af5_8ef641a7-815c-4bb5-9798-b070b67d7998_deepseek_1781246265/v4/S3,2026-09-02:ASIA:8d5c8af5_8ef641a7-815c-4bb5-9798-b070b67d7998_deepseek_1781246265,4,2026-09-02,ASIA,1788390282447,1788390282447,1788391265610,S3,short,reject,B,True,neutral,"{""id"": ""S3"", ""trigger"": ""A retest of 29149.00 ONL from below that wicks and rejects on touch is a short; the close back above 29149.00 voided the prior break attempt, so this is a fresh reject rather than a continuation."", ""condition"": ""reject"", ""direction"": ""short"", ""target_chain"": [29058.75, 29042.75, 29001.75], ""invalid"": ""5m close above 29149.00 voids the rejection"", ""confirm"": {""rule"": ""touch"", ""ref_price"": 29149, ""side"": ""below""}, ""quality"": ""B"", ""arm"": {""enabled"": true, ""entry"": 29149, ""stop"": 29170, ""target"": 29058.75, ""wait_confirm"": true}}"
2026-09-02:ASIA:8d5c8af5_8ef641a7-815c-4bb5-9798-b070b67d7998_deepseek_1781246265/v5/S1,2026-09-02:ASIA:8d5c8af5_8ef641a7-815c-4bb5-9798-b070b67d7998_deepseek_1781246265,5,2026-09-02,ASIA,1788391265610,1788391265610,1788392613086,S1,short,reject,B,True,neutral,"{""id"": ""S1"", ""trigger"": ""Touch of 29197.57 VWAP+1\u03c3 in the thin Asia tape; first-touch fade from the top of value."", ""condition"": ""reject"", ""direction"": ""short"", ""target_chain"": [29149, 29136.25], ""invalid"": ""5m close above 29209.25 Supply\u00b71h cancels the fade"", ""confirm"": {""rule"": ""touch"", ""ref_price"": 29197.57, ""side"": ""below""}, ""quality"": ""B"", ""arm"": {""enabled"": true, ""entry"": 29197.57, ""stop"": 29212.5, ""target"": 29149, ""wait_confirm"": true}}"
2026-09-02:ASIA:8d5c8af5_8ef641a7-815c-4bb5-9798-b070b67d7998_deepseek_1781246265/v5/S2,2026-09-02:ASIA:8d5c8af5_8ef641a7-815c-4bb5-9798-b070b67d7998_deepseek_1781246265,5,2026-09-02,ASIA,1788391265610,1788391265610,1788392613086,S2,long,sweep_reclaim,B,False,neutral,"{""id"": ""S2"", ""trigger"": ""Sweep below 29149.00 ONL followed by a 5m close back above 29149.00."", ""condition"": ""sweep_reclaim"", ""direction"": ""long"", ""target_chain"": [29197.57, 29208.75], ""invalid"": ""5m close below 29136.25 Demand\u00b74h kills the reclaim"", ""confirm"": {""rule"": ""touch"", ""ref_price"": 29149, ""side"": ""above""}, ""quality"": ""B"", ""confirm2"": {""rule"": ""1x5m_close"", ""ref_price"": 29149, ""side"": ""above""}}"
2026-09-02:ASIA:8d5c8af5_8ef641a7-815c-4bb5-9798-b070b67d7998_deepseek_1781246265/v5/S3,2026-09-02:ASIA:8d5c8af5_8ef641a7-815c-4bb5-9798-b070b67d7998_deepseek_1781246265,5,2026-09-02,ASIA,1788391265610,1788391265610,1788392613086,S3,long,breakout_retest,C,False,neutral,"{""id"": ""S3"", ""trigger"": ""Break and 5m close above 29208.75 ONH; retest of 29208.75 holds as support."", ""condition"": ""breakout_retest"", ""direction"": ""long"", ""target_chain"": [29317.25, 29324.5], ""invalid"": ""5m close back below 29209.25 Supply\u00b71h negates the break"", ""confirm"": {""rule"": ""1x5m_close"", ""ref_price"": 29208.75, ""side"": ""above""}, ""quality"": ""C"", ""confirm2"": {""rule"": ""touch"", ""ref_price"": 29208.75, ""side"": ""above""}}"
2026-09-02:ASIA:8d5c8af5_8ef641a7-815c-4bb5-9798-b070b67d7998_deepseek_1781246265/v5/S4,2026-09-02:ASIA:8d5c8af5_8ef641a7-815c-4bb5-9798-b070b67d7998_deepseek_1781246265,5,2026-09-02,ASIA,1788391265610,1788391265610,1788392613086,S4,short,reject,C,False,neutral,"{""id"": ""S4"", ""trigger"": ""Touch of 29149.00 ONL from below after the close back across the level; rejection back down triggers the short instead of a breakdown continuation."", ""condition"": ""reject"", ""direction"": ""short"", ""target_chain"": [29136.25, 29102], ""invalid"": ""5m close back above 29149.00 ONL aborts the reject"", ""confirm"": {""rule"": ""touch"", ""ref_price"": 29149, ""side"": ""below""}, ""quality"": ""C""}"
2026-09-02:ASIA:8d5c8af5_8ef641a7-815c-4bb5-9798-b070b67d7998_deepseek_1781246265/v6/S1,2026-09-02:ASIA:8d5c8af5_8ef641a7-815c-4bb5-9798-b070b67d7998_deepseek_1781246265,6,2026-09-02,ASIA,1788392613086,1788392613086,1788393759227,S1,long,sweep_reclaim,B,False,short,"{""id"": ""S1"", ""trigger"": ""Sweep of 29149.00 ONL wicks below; a 1m MSS or close back above 29149.00 invites a long on the reclaim."", ""condition"": ""sweep_reclaim"", ""direction"": ""long"", ""target_chain"": [29181.64, 29209.25], ""invalid"": ""A 2x5m close below 29136.25 nullifies the long."", ""confirm"": {""rule"": ""1m_mss"", ""ref_price"": 29149, ""side"": ""above""}, ""quality"": ""B""}"
2026-09-02:ASIA:8d5c8af5_8ef641a7-815c-4bb5-9798-b070b67d7998_deepseek_1781246265/v6/S2,2026-09-02:ASIA:8d5c8af5_8ef641a7-815c-4bb5-9798-b070b67d7998_deepseek_1781246265,6,2026-09-02,ASIA,1788392613086,1788392613086,1788393759227,S2,short,reject,B,True,short,"{""id"": ""S2"", ""trigger"": ""Rally into the 29208.75 ONH liquidity pool, which coincides with 29209.25 Supply\u00b71h; first-touch sell at 29209.25 with stop beyond 29212.50/29223.00 structure."", ""condition"": ""reject"", ""direction"": ""short"", ""target_chain"": [29181.64, 29149], ""invalid"": ""Any 5m close above 29212.50 voids the fade."", ""confirm"": {""rule"": ""touch"", ""ref_price"": 29209.25, ""side"": ""below""}, ""quality"": ""B"", ""arm"": {""enabled"": true, ""entry"": 29209.25, ""stop"": 29223, ""target"": 29181.64, ""wait_confirm"": true}}"
2026-09-02:ASIA:8d5c8af5_8ef641a7-815c-4bb5-9798-b070b67d7998_deepseek_1781246265/v6/S3,2026-09-02:ASIA:8d5c8af5_8ef641a7-815c-4bb5-9798-b070b67d7998_deepseek_1781246265,6,2026-09-02,ASIA,1788392613086,1788392613086,1788393759227,S3,short,reject,C,False,short,"{""id"": ""S3"", ""trigger"": ""Rally stalls at the 29317.25 PDH react zone; first-touch sell at 29317.25 with stop beyond 29324.50."", ""condition"": ""reject"", ""direction"": ""short"", ""target_chain"": [29209.25, 29181.64], ""invalid"": ""A 5m close above 29324.50 cancels the fade."", ""confirm"": {""rule"": ""touch"", ""ref_price"": 29317.25, ""side"": ""below""}, ""quality"": ""C""}"
2026-09-02:ASIA:8d5c8af5_8ef641a7-815c-4bb5-9798-b070b67d7998_deepseek_1781246265/v7/S1,2026-09-02:ASIA:8d5c8af5_8ef641a7-815c-4bb5-9798-b070b67d7998_deepseek_1781246265,7,2026-09-02,ASIA,1788393759227,1788393759227,1788397555400,S1,short,reject,B,True,short,"{""id"": ""S1"", ""trigger"": ""Price retests 29218.25 ONH after the 18:45 sweep-reclaim and rejects; enter short on touch at 29218.25."", ""condition"": ""reject"", ""direction"": ""short"", ""target_chain"": [29149, 29136.25, 29058.75], ""invalid"": ""5m close above 29218.25 cancels the short."", ""confirm"": {""rule"": ""touch"", ""ref_price"": 29218.25, ""side"": ""above""}, ""quality"": ""B"", ""arm"": {""enabled"": true, ""entry"": 29218.25, ""stop"": 29232, ""target"": 29149, ""wait_confirm"": true}}"
2026-09-02:ASIA:8d5c8af5_8ef641a7-815c-4bb5-9798-b070b67d7998_deepseek_1781246265/v7/S2,2026-09-02:ASIA:8d5c8af5_8ef641a7-815c-4bb5-9798-b070b67d7998_deepseek_1781246265,7,2026-09-02,ASIA,1788393759227,1788393759227,1788397555400,S2,long,sweep_reclaim,C,False,short,"{""id"": ""S2"", ""trigger"": ""Price sweeps 29149.00 ONL, then closes back above it; on the 1m MSS above 29149.00, enter long with stop below the sweep extreme."", ""condition"": ""sweep_reclaim"", ""direction"": ""long"", ""target_chain"": [29218.25, 29317.25], ""invalid"": ""5m close below 29136.25 or failure to produce 1m MSS above 29149.00."", ""confirm"": {""rule"": ""touch"", ""ref_price"": 29149, ""side"": ""below""}, ""quality"": ""C"", ""confirm2"": {""rule"": ""1m_mss"", ""ref_price"": 29149, ""side"": ""above""}}"
2026-09-02:ASIA:8d5c8af5_8ef641a7-815c-4bb5-9798-b070b67d7998_deepseek_1781246265/v8/S1,2026-09-02:ASIA:8d5c8af5_8ef641a7-815c-4bb5-9798-b070b67d7998_deepseek_1781246265,8,2026-09-02,ASIA,1788397555400,1788397555400,1788399500096,S1,short,reject,B,True,short,"{""id"": ""S1"", ""trigger"": ""price touches 29157.03 VWAP\u22121\u03c3 and rejects"", ""condition"": ""reject"", ""direction"": ""short"", ""target_chain"": [29141.25, 29136.25, 29102], ""invalid"": ""5m close above 29167.00"", ""confirm"": {""rule"": ""touch"", ""ref_price"": 29157.03, ""side"": ""below""}, ""quality"": ""B"", ""arm"": {""enabled"": true, ""entry"": 29157.03, ""stop"": 29175.66, ""target"": 29102, ""wait_confirm"": true}}"
2026-09-02:ASIA:8d5c8af5_8ef641a7-815c-4bb5-9798-b070b67d7998_deepseek_1781246265/v8/S2,2026-09-02:ASIA:8d5c8af5_8ef641a7-815c-4bb5-9798-b070b67d7998_deepseek_1781246265,8,2026-09-02,ASIA,1788397555400,1788397555400,1788399500096,S2,short,reject,B,True,short,"{""id"": ""S2"", ""trigger"": ""price touches 29141.25 ONL and rejects"", ""condition"": ""reject"", ""direction"": ""short"", ""target_chain"": [29136.25, 29102, 29076.5], ""invalid"": ""5m close above 29157.03"", ""confirm"": {""rule"": ""touch"", ""ref_price"": 29141.25, ""side"": ""below""}, ""quality"": ""B"", ""arm"": {""enabled"": true, ""entry"": 29141.25, ""stop"": 29157.03, ""target"": 29102, ""wait_confirm"": true}}"
2026-09-02:ASIA:8d5c8af5_8ef641a7-815c-4bb5-9798-b070b67d7998_deepseek_1781246265/v8/S3,2026-09-02:ASIA:8d5c8af5_8ef641a7-815c-4bb5-9798-b070b67d7998_deepseek_1781246265,8,2026-09-02,ASIA,1788397555400,1788397555400,1788399500096,S3,short,reject,B,True,short,"{""id"": ""S3"", ""trigger"": ""price touches 29175.66 VWAP and rejects"", ""condition"": ""reject"", ""direction"": ""short"", ""target_chain"": [29141.25, 29136.25, 29102], ""invalid"": ""5m close above 29189.25"", ""confirm"": {""rule"": ""touch"", ""ref_price"": 29175.66, ""side"": ""below""}, ""quality"": ""B"", ""arm"": {""enabled"": true, ""entry"": 29175.66, ""stop"": 29194.3, ""target"": 29136.25, ""wait_confirm"": true}}"
2026-09-02:ASIA:8d5c8af5_8ef641a7-815c-4bb5-9798-b070b67d7998_deepseek_1781246265/v9/S1,2026-09-02:ASIA:8d5c8af5_8ef641a7-815c-4bb5-9798-b070b67d7998_deepseek_1781246265,9,2026-09-02,ASIA,1788399500096,1788399500096,1788400983446,S1,short,reject,B,False,short,"{""id"": ""S1"", ""trigger"": ""Price touches 29200.50 SWG-H\u00b75m and rejects with an upper shadow or 1m MSS down"", ""condition"": ""reject"", ""direction"": ""short"", ""target_chain"": [29176.29, 29159.39, 29141.25], ""invalid"": ""5m close above 29208.75 cancels the fade"", ""confirm"": {""rule"": ""touch"", ""ref_price"": 29200.5, ""side"": ""below""}, ""quality"": ""B""}"
2026-09-02:ASIA:8d5c8af5_8ef641a7-815c-4bb5-9798-b070b67d7998_deepseek_1781246265/v9/S2,2026-09-02:ASIA:8d5c8af5_8ef641a7-815c-4bb5-9798-b070b67d7998_deepseek_1781246265,9,2026-09-02,ASIA,1788399500096,1788399500096,1788400983446,S2,short,reject,B,False,short,"{""id"": ""S2"", ""trigger"": ""Price retests 29176.29 VWAP from below and rejects with an upper shadow or 1m MSS down"", ""condition"": ""reject"", ""direction"": ""short"", ""target_chain"": [29159.39, 29141.25, 29102], ""invalid"": ""5m close back above 29193.19 cancels the fade"", ""confirm"": {""rule"": ""touch"", ""ref_price"": 29176.29, ""side"": ""below""}, ""quality"": ""B""}"
2026-09-02:ASIA:8d5c8af5_8ef641a7-815c-4bb5-9798-b070b67d7998_deepseek_1781246265/v10/S1,2026-09-02:ASIA:8d5c8af5_8ef641a7-815c-4bb5-9798-b070b67d7998_deepseek_1781246265,10,2026-09-02,ASIA,1788400983446,1788400983446,1788402718603,S1,short,reject,B,True,short,"{""id"": ""S1"", ""trigger"": ""Rally back to 29200.50 SWG-H\u00b75m and stall/reject \u2014 the 20:15 retest already stalled at 29200.25, so a re-touch is a fresh upper-shelf fade."", ""condition"": ""reject"", ""direction"": ""short"", ""target_chain"": [29193.38, 29159.02, 29141.25], ""invalid"": ""5m close above 29208.75 kills the fade"", ""confirm"": {""rule"": ""touch"", ""ref_price"": 29200.5, ""side"": ""below""}, ""quality"": ""B"", ""arm"": {""enabled"": true, ""entry"": 29200.5, ""stop"": 29228, ""target"": 29141.25, ""wait_confirm"": true}}"
2026-09-02:ASIA:8d5c8af5_8ef641a7-815c-4bb5-9798-b070b67d7998_deepseek_1781246265/v10/S2,2026-09-02:ASIA:8d5c8af5_8ef641a7-815c-4bb5-9798-b070b67d7998_deepseek_1781246265,10,2026-09-02,ASIA,1788400983446,1788400983446,1788402718603,S2,short,reject,C,False,short,"{""id"": ""S2"", ""trigger"": ""The close back across 29141.25 ONL voids the breakdown. If 29141.25 is retested from below and rejects, that voided-level retest is the short fade; continue toward pdVWAP and OR-H."", ""condition"": ""reject"", ""direction"": ""short"", ""target_chain"": [29136.25, 29113.9, 29102], ""invalid"": ""5m close above 29159.02 POC kills the reject"", ""confirm"": {""rule"": ""touch"", ""ref_price"": 29141.25, ""side"": ""below""}, ""quality"": ""C""}"
2026-09-02:ASIA:8d5c8af5_8ef641a7-815c-4bb5-9798-b070b67d7998_deepseek_1781246265/v10/S3,2026-09-02:ASIA:8d5c8af5_8ef641a7-815c-4bb5-9798-b070b67d7998_deepseek_1781246265,10,2026-09-02,ASIA,1788400983446,1788400983446,1788402718603,S3,long,reclaim,C,False,short,"{""id"": ""S3"", ""trigger"": ""Short continuation exhausts at 29113.90 pdVWAP and price prints a 5m close back above it \u2014 the first legal branch-5 long, below the 50% mark."", ""condition"": ""reclaim"", ""direction"": ""long"", ""target_chain"": [29136.25, 29159.02, 29193.38], ""invalid"": ""5m close below 29102.00 OR-H cancels the reclaim"", ""confirm"": {""rule"": ""1x5m_close"", ""ref_price"": 29113.9, ""side"": ""above""}, ""quality"": ""C""}"
2026-09-02:ASIA:8d5c8af5_8ef641a7-815c-4bb5-9798-b070b67d7998_deepseek_1781246265/v11/S1,2026-09-02:ASIA:8d5c8af5_8ef641a7-815c-4bb5-9798-b070b67d7998_deepseek_1781246265,11,2026-09-02,ASIA,1788402718603,1788402718603,1788403797931,S1,short,reject,C,True,short,"{""id"": ""S1"", ""trigger"": ""Rally into the premium cluster touches SWG-H\u00b75m 29199.50 and is rejected \u2014 no 5m hold above it."", ""condition"": ""reject"", ""direction"": ""short"", ""target_chain"": [29173.88, 29156.5, 29141.25], ""invalid"": ""5m close above 29208.63 VWAP+2\u03c3 \u2014 rejection void."", ""confirm"": {""rule"": ""touch"", ""ref_price"": 29199.5, ""side"": ""above""}, ""quality"": ""C"", ""arm"": {""enabled"": true, ""entry"": 29199.5, ""stop"": 29227.9, ""target"": 29141.25, ""wait_confirm"": true}}"
2026-09-02:ASIA:8d5c8af5_8ef641a7-815c-4bb5-9798-b070b67d7998_deepseek_1781246265/v11/S2,2026-09-02:ASIA:8d5c8af5_8ef641a7-815c-4bb5-9798-b070b67d7998_deepseek_1781246265,11,2026-09-02,ASIA,1788402718603,1788402718603,1788403797931,S2,short,sweep_reclaim,C,False,short,"{""id"": ""S2"", ""trigger"": ""Price sweeps above ONH 29218.25, then the 5m bar closes back inside below 29199.50 SWG-H\u00b75m \u2014 failed high sweep (PDH-mirror branch 2)."", ""condition"": ""sweep_reclaim"", ""direction"": ""short"", ""target_chain"": [29199.5, 29173.88, 29156.5], ""invalid"": ""Second consecutive 5m close above 29218.25 \u2014 no reclaim, no fade."", ""confirm"": {""rule"": ""touch"", ""ref_price"": 29218.25, ""side"": ""above""}, ""quality"": ""C"", ""confirm2"": {""rule"": ""1m_mss"", ""ref_price"": 29199.5, ""side"": ""below""}}"
2026-09-02:ASIA:8d5c8af5_8ef641a7-815c-4bb5-9798-b070b67d7998_deepseek_1781246265/v11/S3,2026-09-02:ASIA:8d5c8af5_8ef641a7-815c-4bb5-9798-b070b67d7998_deepseek_1781246265,11,2026-09-02,ASIA,1788402718603,1788402718603,1788403797931,S3,long,sweep_reclaim,C,False,short,"{""id"": ""S3"", ""trigger"": ""Price re-sweeps below ONL 29132.50 and the 5m bar closes back above 29141.25 SWG-L\u00b75m \u2014 low-side sweep-reclaim (long only below the 29138.50 50% line)."", ""condition"": ""sweep_reclaim"", ""direction"": ""long"", ""target_chain"": [29173.88, 29191.25, 29199.5], ""invalid"": ""5m close below 29132.50 \u2014 sweep becomes acceptance, long void."", ""confirm"": {""rule"": ""touch"", ""ref_price"": 29132.5, ""side"": ""below""}, ""quality"": ""C"", ""confirm2"": {""rule"": ""1m_mss"", ""ref_price"": 29141.25, ""side"": ""above""}}"
2026-09-02:ASIA:8d5c8af5_8ef641a7-815c-4bb5-9798-b070b67d7998_deepseek_1781246265/v11/S4,2026-09-02:ASIA:8d5c8af5_8ef641a7-815c-4bb5-9798-b070b67d7998_deepseek_1781246265,11,2026-09-02,ASIA,1788402718603,1788402718603,1788403797931,S4,short,reject,C,False,short,"{""id"": ""S4"", ""trigger"": ""Price retests ONL 29132.50 from below and is rejected \u2014 the voided breakdown becomes a lower-high rejection and opens the waterfall path."", ""condition"": ""reject"", ""direction"": ""short"", ""target_chain"": [29113.9, 29102, 29042.75], ""invalid"": ""5m close above 29132.50 \u2014 rejection void, short void."", ""confirm"": {""rule"": ""touch"", ""ref_price"": 29132.5, ""side"": ""above""}, ""quality"": ""C""}"
2026-09-02:ASIA:8d5c8af5_8ef641a7-815c-4bb5-9798-b070b67d7998_deepseek_1781246265/v12/S1,2026-09-02:ASIA:8d5c8af5_8ef641a7-815c-4bb5-9798-b070b67d7998_deepseek_1781246265,12,2026-09-02,ASIA,1788403797931,1788403797931,1788405162599,S1,short,reject,B,True,short,"{""id"": ""S1"", ""trigger"": ""price prints 29208.69 (VWAP+2\u03c3) and fails to hold above it; fade short from the level with a structure stop beyond the recent swing extreme"", ""condition"": ""reject"", ""direction"": ""short"", ""target_chain"": [29191.51, 29174.34, 29157.25, 29141.25], ""invalid"": ""a 5m close above 29218.25 ONH voids the fade"", ""confirm"": {""rule"": ""touch"", ""ref_price"": 29208.69, ""side"": ""above""}, ""quality"": ""B"", ""arm"": {""enabled"": true, ""entry"": 29208.69, ""stop"": 29237.75, ""target"": 29141.25, ""wait_confirm"": true}}"
2026-09-02:ASIA:8d5c8af5_8ef641a7-815c-4bb5-9798-b070b67d7998_deepseek_1781246265/v12/S2,2026-09-02:ASIA:8d5c8af5_8ef641a7-815c-4bb5-9798-b070b67d7998_deepseek_1781246265,12,2026-09-02,ASIA,1788403797931,1788403797931,1788405162599,S2,short,reject,B,True,short,"{""id"": ""S2"", ""trigger"": ""price comes back above 29132.50 ONL and fails to hold above it; fade short from the level with a structure stop beyond the recent swing extreme"", ""condition"": ""reject"", ""direction"": ""short"", ""target_chain"": [29102, 29042.75, 29004.5], ""invalid"": ""two 5m closes above 29141.25 reclaim the zone and void the reject"", ""confirm"": {""rule"": ""touch"", ""ref_price"": 29132.5, ""side"": ""above""}, ""quality"": ""B"", ""arm"": {""enabled"": true, ""entry"": 29132.5, ""stop"": 29161.5, ""target"": 29042.75, ""wait_confirm"": true}}"
2026-09-02:ASIA:8d5c8af5_8ef641a7-815c-4bb5-9798-b070b67d7998_deepseek_1781246265/v12/S3,2026-09-02:ASIA:8d5c8af5_8ef641a7-815c-4bb5-9798-b070b67d7998_deepseek_1781246265,12,2026-09-02,ASIA,1788403797931,1788403797931,1788405162599,S3,long,sweep_reclaim,C,False,short,"{""id"": ""S3"", ""trigger"": ""price sweeps below 29132.50 ONL and reclaims with a 5m close above 29132.50; long with stop beyond the sweep extreme, targeting the value mean"", ""condition"": ""sweep_reclaim"", ""direction"": ""long"", ""target_chain"": [29157.25, 29174.34, 29191.51], ""invalid"": ""a 5m close below 29102.00 OR-H voids the reclaim structure"", ""confirm"": {""rule"": ""touch"", ""ref_price"": 29132.5, ""side"": ""below""}, ""quality"": ""C"", ""confirm2"": {""rule"": ""1x5m_close"", ""ref_price"": 29132.5, ""side"": ""above""}}"
2026-09-02:ASIA:8d5c8af5_8ef641a7-815c-4bb5-9798-b070b67d7998_deepseek_1781246265/v13/S1,2026-09-02:ASIA:8d5c8af5_8ef641a7-815c-4bb5-9798-b070b67d7998_deepseek_1781246265,13,2026-09-02,ASIA,1788405162599,1788405162599,1788412125841,S1,short,reject,B,True,short,"{""id"": ""S1"", ""trigger"": ""Price touches 29199.50 SWG-H\u00b75m and rejects lower; no 5m close above the level."", ""condition"": ""reject"", ""direction"": ""short"", ""target_chain"": [29167.5, 29157.25, 29141.44, 29132.5], ""invalid"": ""5m close above 29208.39 VWAP+2\u03c3 invalidates the fade"", ""confirm"": {""rule"": ""touch"", ""ref_price"": 29199.5, ""side"": ""below""}, ""quality"": ""B"", ""arm"": {""enabled"": true, ""entry"": 29199.5, ""stop"": 29226, ""target"": 29132.5, ""wait_confirm"": true}}"
2026-09-02:ASIA:8d5c8af5_8ef641a7-815c-4bb5-9798-b070b67d7998_deepseek_1781246265/v13/S2,2026-09-02:ASIA:8d5c8af5_8ef641a7-815c-4bb5-9798-b070b67d7998_deepseek_1781246265,13,2026-09-02,ASIA,1788405162599,1788405162599,1788412125841,S2,short,sweep_reclaim,C,False,short,"{""id"": ""S2"", ""trigger"": ""Wick above 29218.25 ONH sweeps buy stops; a 1x5m close back below 29218.25 confirms the reclaim."", ""condition"": ""sweep_reclaim"", ""direction"": ""short"", ""target_chain"": [29167.5, 29157.25, 29141.44, 29132.5], ""invalid"": ""5m close above 29218.25 with no lower close invalidates the sweep"", ""confirm"": {""rule"": ""touch"", ""ref_price"": 29218.25, ""side"": ""above""}, ""quality"": ""C"", ""confirm2"": {""rule"": ""1x5m_close"", ""ref_price"": 29218.25, ""side"": ""below""}}"
2026-09-02:ASIA:8d5c8af5_8ef641a7-815c-4bb5-9798-b070b67d7998_deepseek_1781246265/v13/S3,2026-09-02:ASIA:8d5c8af5_8ef641a7-815c-4bb5-9798-b070b67d7998_deepseek_1781246265,13,2026-09-02,ASIA,1788405162599,1788405162599,1788412125841,S3,long,sweep_reclaim,C,False,short,"{""id"": ""S3"", ""trigger"": ""Wick below 29132.50 ONL sweeps sell stops; a 1x5m close back above 29132.50 confirms the reclaim."", ""condition"": ""sweep_reclaim"", ""direction"": ""long"", ""target_chain"": [29167.5, 29195, 29218.25], ""invalid"": ""5m close below 29132.50 with no higher close invalidates"", ""confirm"": {""rule"": ""touch"", ""ref_price"": 29132.5, ""side"": ""below""}, ""quality"": ""C"", ""confirm2"": {""rule"": ""1x5m_close"", ""ref_price"": 29132.5, ""side"": ""above""}}"
2026-09-02:ASIA:8d5c8af5_8ef641a7-815c-4bb5-9798-b070b67d7998_deepseek_1781246265/v14/S1,2026-09-02:ASIA:8d5c8af5_8ef641a7-815c-4bb5-9798-b070b67d7998_deepseek_1781246265,14,2026-09-02,ASIA,1788412125841,1788412125841,1788413654308,S1,short,reject,B,True,neutral,"{""id"": ""S1"", ""trigger"": ""price touches 29228.75 SWG-L\u00b75m from below and stalls"", ""condition"": ""reject"", ""direction"": ""short"", ""target_chain"": [29218.25, 29212.5, 29207.5, 29195, 29186.14], ""invalid"": ""2x5m close above 29238.95 negates the rejection"", ""confirm"": {""rule"": ""touch"", ""ref_price"": 29228.75, ""side"": ""below""}, ""quality"": ""B"", ""arm"": {""enabled"": true, ""entry"": 29228.75, ""stop"": 29250, ""target"": 29186.14, ""wait_confirm"": true}}"
2026-09-02:ASIA:8d5c8af5_8ef641a7-815c-4bb5-9798-b070b67d7998_deepseek_1781246265/v14/S2,2026-09-02:ASIA:8d5c8af5_8ef641a7-815c-4bb5-9798-b070b67d7998_deepseek_1781246265,14,2026-09-02,ASIA,1788412125841,1788412125841,1788413654308,S2,long,sweep_reclaim,B,False,neutral,"{""id"": ""S2"", ""trigger"": ""sweep below 29017.25 RTH-L wicks out liquidity, then 1x5m close back above 29017.25"", ""condition"": ""sweep_reclaim"", ""direction"": ""long"", ""target_chain"": [29132.5, 29186.14, 29207.5, 29218.25], ""invalid"": ""2x5m close below 28927.25 kills the reclaim"", ""confirm"": {""rule"": ""touch"", ""ref_price"": 29017.25, ""side"": ""below""}, ""quality"": ""B"", ""confirm2"": {""rule"": ""1x5m_close"", ""ref_price"": 29017.25, ""side"": ""above""}}"
2026-09-02:ASIA:8d5c8af5_8ef641a7-815c-4bb5-9798-b070b67d7998_deepseek_1781246265/v14/S3,2026-09-02:ASIA:8d5c8af5_8ef641a7-815c-4bb5-9798-b070b67d7998_deepseek_1781246265,14,2026-09-02,ASIA,1788412125841,1788412125841,1788413654308,S3,short,reject,C,False,neutral,"{""id"": ""S3"", ""trigger"": ""price touches 29132.50 ONL from below and stalls"", ""condition"": ""reject"", ""direction"": ""short"", ""target_chain"": [29098.88, 29017.25], ""invalid"": ""2x5m close back above 29132.50 reclaims the break"", ""confirm"": {""rule"": ""touch"", ""ref_price"": 29132.5, ""side"": ""below""}, ""quality"": ""C""}"
2026-09-02:ASIA:8d5c8af5_8ef641a7-815c-4bb5-9798-b070b67d7998_deepseek_1781246265/v14/S4,2026-09-02:ASIA:8d5c8af5_8ef641a7-815c-4bb5-9798-b070b67d7998_deepseek_1781246265,14,2026-09-02,ASIA,1788412125841,1788412125841,1788413654308,S4,short,reject,B,True,neutral,"{""id"": ""S4"", ""trigger"": ""retest of 29255.00 PDH from below stalls"", ""condition"": ""reject"", ""direction"": ""short"", ""target_chain"": [29235, 29228.75, 29218.25, 29212.5, 29207.5], ""invalid"": ""2x5m close above 29275.25 breaks the high"", ""confirm"": {""rule"": ""touch"", ""ref_price"": 29255, ""side"": ""below""}, ""quality"": ""B"", ""arm"": {""enabled"": true, ""entry"": 29255, ""stop"": 29275.25, ""target"": 29214.5, ""wait_confirm"": true}}"
2026-09-02:ASIA:8d5c8af5_8ef641a7-815c-4bb5-9798-b070b67d7998_deepseek_1781246265/v15/S1,2026-09-02:ASIA:8d5c8af5_8ef641a7-815c-4bb5-9798-b070b67d7998_deepseek_1781246265,15,2026-09-02,ASIA,1788413654308,1788413654308,1788418800000,S1,short,reject,C,False,short,"{""id"": ""S1"", ""trigger"": ""Price retraces to 29113.90 pdVWAP after the ONL sweep and rejects; enter short on touch. Structure stop beyond VWAP\u22121\u03c3 at 29142.04. Invalidation on 5m close above 29132.50."", ""condition"": ""reject"", ""direction"": ""short"", ""target_chain"": [29075, 29017.25, 28927.25], ""invalid"": ""5m close above 29132.50 invalidates the fade."", ""confirm"": {""rule"": ""touch"", ""ref_price"": 29113.9, ""side"": ""below""}, ""quality"": ""C""}"
2026-09-02:ASIA:8d5c8af5_8ef641a7-815c-4bb5-9798-b070b67d7998_deepseek_1781246265/v15/S2,2026-09-02:ASIA:8d5c8af5_8ef641a7-815c-4bb5-9798-b070b67d7998_deepseek_1781246265,15,2026-09-02,ASIA,1788413654308,1788413654308,1788418800000,S2,short,reject,C,False,short,"{""id"": ""S2"", ""trigger"": ""Price retests 29075 ONL from below and rejects; enter short on touch."", ""condition"": ""reject"", ""direction"": ""short"", ""target_chain"": [29017.25, 28927.25], ""invalid"": ""Recovery above 29107.02 VWAP\u22122\u03c3 voids the rejection."", ""confirm"": {""rule"": ""touch"", ""ref_price"": 29075, ""side"": ""below""}, ""quality"": ""C""}"
2026-09-03:LONDON:8d5c8af5_8ef641a7-815c-4bb5-9798-b070b67d7998_deepseek_1781246265/v1/S1,2026-09-03:LONDON:8d5c8af5_8ef641a7-815c-4bb5-9798-b070b67d7998_deepseek_1781246265,1,2026-09-03,LONDON,1788417293723,1788418800000,1788441344050,S1,short,reject,C,False,short,"{""id"": ""S1"", ""trigger"": ""Rally into 29204.25 SWG-H\u00b75m; first touch of prior 5m supply after the fast decline."", ""condition"": ""reject"", ""direction"": ""short"", ""target_chain"": [29173.56, 29162.5, 29139.1], ""invalid"": ""5m close above 29228.75 voids the rejection"", ""confirm"": {""rule"": ""touch"", ""ref_price"": 29204.25, ""side"": ""below""}, ""quality"": ""C""}"
2026-09-03:LONDON:8d5c8af5_8ef641a7-815c-4bb5-9798-b070b67d7998_deepseek_1781246265/v1/S2,2026-09-03:LONDON:8d5c8af5_8ef641a7-815c-4bb5-9798-b070b67d7998_deepseek_1781246265,1,2026-09-03,LONDON,1788417293723,1788418800000,1788441344050,S2,long,sweep_reclaim,C,False,short,"{""id"": ""S2"", ""trigger"": ""Sweep of 29075.00 ONL and a 1m MSS back above it; the only legal long below the dealing-range half."", ""condition"": ""sweep_reclaim"", ""direction"": ""long"", ""target_chain"": [29139.1, 29162.5, 29173.56], ""invalid"": ""1m close below 29017.25 after the sweep"", ""confirm"": {""rule"": ""touch"", ""ref_price"": 29075, ""side"": ""below""}, ""quality"": ""C"", ""confirm2"": {""rule"": ""1m_mss"", ""ref_price"": 29075, ""side"": ""above""}}"
2026-09-03:NY:8d5c8af5_8ef641a7-815c-4bb5-9798-b070b67d7998_deepseek_1781246265/v1/S1,2026-09-03:NY:8d5c8af5_8ef641a7-815c-4bb5-9798-b070b67d7998_deepseek_1781246265,1,2026-09-03,NY,1788440719635,1788442200000,1788443105993,S1,short,reject,B,True,short,"{""id"": ""S1"", ""trigger"": ""First touch of 29259.67 VWAP+2\u03c3 with a 5m/15m rejection candle after the 66pt fast move; fade the extended premium above value."", ""condition"": ""reject"", ""direction"": ""short"", ""target_chain"": [29219.2, 29209.25, 29178.73], ""invalid"": ""5m close above 29259.67 voids the fade"", ""confirm"": {""rule"": ""touch"", ""ref_price"": 29259.67, ""side"": ""above""}, ""quality"": ""B"", ""arm"": {""enabled"": true, ""entry"": 29259.67, ""stop"": 29289, ""target"": 29178.73, ""wait_confirm"": true}}"
2026-09-03:NY:8d5c8af5_8ef641a7-815c-4bb5-9798-b070b67d7998_deepseek_1781246265/v1/S2,2026-09-03:NY:8d5c8af5_8ef641a7-815c-4bb5-9798-b070b67d7998_deepseek_1781246265,1,2026-09-03,NY,1788440719635,1788442200000,1788443105993,S2,long,breakout_retest,C,False,short,"{""id"": ""S2"", ""trigger"": ""5m close above 29259.67 VWAP+2\u03c3, then successful retest of 29259.67 holds as support."", ""condition"": ""breakout_retest"", ""direction"": ""long"", ""target_chain"": [29293], ""invalid"": ""5m close back below 29259.67 voids the retest"", ""confirm"": {""rule"": ""touch"", ""ref_price"": 29259.67, ""side"": ""below""}, ""quality"": ""C""}"
2026-09-03:NY:8d5c8af5_8ef641a7-815c-4bb5-9798-b070b67d7998_deepseek_1781246265/v1/S3,2026-09-03:NY:8d5c8af5_8ef641a7-815c-4bb5-9798-b070b67d7998_deepseek_1781246265,1,2026-09-03,NY,1788440719635,1788442200000,1788443105993,S3,short,sweep_reclaim,A,False,short,"{""id"": ""S3"", ""trigger"": ""Sweep of 29293.00 ONH (stops above the 04:00 1h high), then 1m MSS back inside."", ""condition"": ""sweep_reclaim"", ""direction"": ""short"", ""target_chain"": [29259.67, 29219.2, 29178.73], ""invalid"": ""5m close above 29293.00 keeps the breakout alive"", ""confirm"": {""rule"": ""touch"", ""ref_price"": 29293, ""side"": ""above""}, ""quality"": ""A"", ""confirm2"": {""rule"": ""1m_mss"", ""ref_price"": 29293, ""side"": ""below""}}"
2026-09-03:LONDON:8d5c8af5_8ef641a7-815c-4bb5-9798-b070b67d7998_deepseek_1781246265/v2/S1,2026-09-03:LONDON:8d5c8af5_8ef641a7-815c-4bb5-9798-b070b67d7998_deepseek_1781246265,2,2026-09-03,LONDON,1788441344050,1788441344050,1788442200000,S1,short,reject,B,True,neutral,"{""id"": ""S1"", ""trigger"": ""Price touches 29219.97 VWAP+1\u03c3 and rejects; re-test of consumed level."", ""condition"": ""reject"", ""direction"": ""short"", ""target_chain"": [29179.57, 29144.5], ""invalid"": ""5m close above 29255.00 invalidates this short"", ""confirm"": {""rule"": ""touch"", ""ref_price"": 29219.97, ""side"": ""above""}, ""quality"": ""B"", ""arm"": {""enabled"": true, ""entry"": 29219.97, ""stop"": 29255, ""target"": 29144.5, ""wait_confirm"": true}}"
2026-09-03:LONDON:8d5c8af5_8ef641a7-815c-4bb5-9798-b070b67d7998_deepseek_1781246265/v2/S2,2026-09-03:LONDON:8d5c8af5_8ef641a7-815c-4bb5-9798-b070b67d7998_deepseek_1781246265,2,2026-09-03,LONDON,1788441344050,1788441344050,1788442200000,S2,short,sweep_reclaim,C,False,neutral,"{""id"": ""S2"", ""trigger"": ""Price sweeps above 29293.00 ONH then 5m closes back below."", ""condition"": ""sweep_reclaim"", ""direction"": ""short"", ""target_chain"": [29255, 29219.97], ""invalid"": ""5m close above 29293.00 invalidates this sweep_reclaim"", ""confirm"": {""rule"": ""touch"", ""ref_price"": 29293, ""side"": ""above""}, ""quality"": ""C"", ""confirm2"": {""rule"": ""1x5m_close"", ""ref_price"": 29293, ""side"": ""below""}}"
2026-09-03:LONDON:8d5c8af5_8ef641a7-815c-4bb5-9798-b070b67d7998_deepseek_1781246265/v2/S3,2026-09-03:LONDON:8d5c8af5_8ef641a7-815c-4bb5-9798-b070b67d7998_deepseek_1781246265,2,2026-09-03,LONDON,1788441344050,1788441344050,1788442200000,S3,long,sweep_reclaim,C,False,neutral,"{""id"": ""S3"", ""trigger"": ""Price sweeps below 29075.00 ONL then 5m closes back above."", ""condition"": ""sweep_reclaim"", ""direction"": ""long"", ""target_chain"": [29144.5, 29179.57], ""invalid"": ""5m close below 29075.00 invalidates this sweep_reclaim"", ""confirm"": {""rule"": ""touch"", ""ref_price"": 29075, ""side"": ""below""}, ""quality"": ""C"", ""confirm2"": {""rule"": ""1x5m_close"", ""ref_price"": 29075, ""side"": ""above""}}"
2026-09-03:NY:8d5c8af5_8ef641a7-815c-4bb5-9798-b070b67d7998_deepseek_1781246265/v2/S1,2026-09-03:NY:8d5c8af5_8ef641a7-815c-4bb5-9798-b070b67d7998_deepseek_1781246265,2,2026-09-03,NY,1788443105993,1788443105993,1788444931491,S1,short,reject,B,True,short,"{""id"": ""S1"", ""trigger"": ""A retest of 29285.00 OR-H stalls after the 08:30 failure; short the touch."", ""condition"": ""reject"", ""direction"": ""short"", ""target_chain"": [29233.08, 29222.75, 29144.5], ""invalid"": ""A 5m close above 29293.00 ONH voids the fade."", ""confirm"": {""rule"": ""touch"", ""ref_price"": 29285, ""side"": ""below""}, ""quality"": ""B"", ""arm"": {""enabled"": true, ""entry"": 29285, ""stop"": 29340, ""target"": 29144.5, ""wait_confirm"": true}}"
2026-09-03:NY:8d5c8af5_8ef641a7-815c-4bb5-9798-b070b67d7998_deepseek_1781246265/v2/S2,2026-09-03:NY:8d5c8af5_8ef641a7-815c-4bb5-9798-b070b67d7998_deepseek_1781246265,2,2026-09-03,NY,1788443105993,1788443105993,1788444931491,S2,long,reject,B,False,short,"{""id"": ""S2"", ""trigger"": ""First touch of 29144.50 Demand\u00b71h after a flush toward 29075.00 ONL; long the touch."", ""condition"": ""reject"", ""direction"": ""long"", ""target_chain"": [29209.25, 29233.08, 29255], ""invalid"": ""A 5m close below 29075.00 ONL invalidates the demand fade."", ""confirm"": {""rule"": ""touch"", ""ref_price"": 29144.5, ""side"": ""above""}, ""quality"": ""B""}"
2026-09-03:NY:8d5c8af5_8ef641a7-815c-4bb5-9798-b070b67d7998_deepseek_1781246265/v2/S3,2026-09-03:NY:8d5c8af5_8ef641a7-815c-4bb5-9798-b070b67d7998_deepseek_1781246265,2,2026-09-03,NY,1788443105993,1788443105993,1788444931491,S3,short,sweep_reclaim,A,False,short,"{""id"": ""S3"", ""trigger"": ""A wick through 29293.00 ONH that closes back below 29285.00 on 5m triggers a short sweep-reclaim."", ""condition"": ""sweep_reclaim"", ""direction"": ""short"", ""target_chain"": [29255, 29233.08, 29144.5], ""invalid"": ""A 5m close above 29498.50 OB(bear)\u00b71h voids the play."", ""confirm"": {""rule"": ""touch"", ""ref_price"": 29293, ""side"": ""above""}, ""quality"": ""A"", ""confirm2"": {""rule"": ""1x5m_close"", ""ref_price"": 29285, ""side"": ""below""}}"
2026-09-03:NY:8d5c8af5_8ef641a7-815c-4bb5-9798-b070b67d7998_deepseek_1781246265/v3/S1,2026-09-03:NY:8d5c8af5_8ef641a7-815c-4bb5-9798-b070b67d7998_deepseek_1781246265,3,2026-09-03,NY,1788444931491,1788444931491,1788446673127,S1,long,reclaim,C,False,long,"{""id"": ""S1"", ""trigger"": ""ISM flush low 29250 held above PDH 29255; a 5m close back above 29285.00 OR-H triggers a reclaim of the overnight high"", ""condition"": ""reclaim"", ""direction"": ""long"", ""target_chain"": [29293, 29351.05], ""invalid"": ""A 5m close below 29255.00 after the trigger negates the reclaim and opens S3"", ""confirm"": {""rule"": ""1x5m_close"", ""ref_price"": 29285, ""side"": ""above""}, ""quality"": ""C""}"
2026-09-03:NY:8d5c8af5_8ef641a7-815c-4bb5-9798-b070b67d7998_deepseek_1781246265/v3/S2,2026-09-03:NY:8d5c8af5_8ef641a7-815c-4bb5-9798-b070b67d7998_deepseek_1781246265,3,2026-09-03,NY,1788444931491,1788444931491,1788446673127,S2,short,reject,A,True,long,"{""id"": ""S2"", ""trigger"": ""Rally into 29351.05 VWAP+2\u03c3; first touch is a fade with stop 29418.75 above the 08:45 high 29375.25"", ""condition"": ""reject"", ""direction"": ""short"", ""target_chain"": [29285, 29255, 29222.75, 29209.25], ""invalid"": ""A 1x5m close above 29418.75 invalidates the fade; a 5m close above 29351.05 before fill cancels it"", ""confirm"": {""rule"": ""touch"", ""ref_price"": 29351.05, ""side"": ""below""}, ""quality"": ""A"", ""arm"": {""enabled"": true, ""entry"": 29351.05, ""stop"": 29418.75, ""target"": 29209.25, ""wait_confirm"": true}}"
2026-09-03:NY:8d5c8af5_8ef641a7-815c-4bb5-9798-b070b67d7998_deepseek_1781246265/v3/S3,2026-09-03:NY:8d5c8af5_8ef641a7-815c-4bb5-9798-b070b67d7998_deepseek_1781246265,3,2026-09-03,NY,1788444931491,1788444931491,1788446673127,S3,short,reject,C,False,long,"{""id"": ""S3"", ""trigger"": ""A 5m close below 29255.00 PDH flips the tape; the first pullback that touches 29255.00 is a failed retest and is sold"", ""condition"": ""reject"", ""direction"": ""short"", ""target_chain"": [29222.75, 29217.09, 29209.25], ""invalid"": ""A 1x5m close back above 29255.00 negates the failed retest"", ""confirm"": {""rule"": ""touch"", ""ref_price"": 29255, ""side"": ""below""}, ""quality"": ""C""}"
2026-09-03:NY:8d5c8af5_8ef641a7-815c-4bb5-9798-b070b67d7998_deepseek_1781246265/v3/S4,2026-09-03:NY:8d5c8af5_8ef641a7-815c-4bb5-9798-b070b67d7998_deepseek_1781246265,3,2026-09-03,NY,1788444931491,1788444931491,1788446673127,S4,long,sweep_reclaim,B,False,long,"{""id"": ""S4"", ""trigger"": ""Deep flush sweeps 29075.00 ONL, then a 5m close back above it signals the reclaim"", ""condition"": ""sweep_reclaim"", ""direction"": ""long"", ""target_chain"": [29150.11, 29217.09, 29255], ""invalid"": ""A 5m close below 29017.25 extends the sweep and cancels the reclaim"", ""confirm"": {""rule"": ""touch"", ""ref_price"": 29075, ""side"": ""above""}, ""quality"": ""B"", ""confirm2"": {""rule"": ""1x5m_close"", ""ref_price"": 29075, ""side"": ""above""}}"
2026-09-03:NY:8d5c8af5_8ef641a7-815c-4bb5-9798-b070b67d7998_deepseek_1781246265/v4/S1,2026-09-03:NY:8d5c8af5_8ef641a7-815c-4bb5-9798-b070b67d7998_deepseek_1781246265,4,2026-09-03,NY,1788446673127,1788446673127,1788448485993,S1,long,breakout_retest,A,False,long,"{""id"": ""S1"", ""trigger"": ""Pullback retest at 29260.00 SWG-H\u00b75m; a 5m close back above 29285.00 triggers the long."", ""condition"": ""breakout_retest"", ""direction"": ""long"", ""target_chain"": [29303.68, 29346.88, 29375.25], ""invalid"": ""A 5m close below 29260.00 cancels S1; then the 29222.75 OR-L bid is the next long reference."", ""confirm"": {""rule"": ""touch"", ""ref_price"": 29260, ""side"": ""above""}, ""quality"": ""A""}"
2026-09-03:NY:8d5c8af5_8ef641a7-815c-4bb5-9798-b070b67d7998_deepseek_1781246265/v4/S2,2026-09-03:NY:8d5c8af5_8ef641a7-815c-4bb5-9798-b070b67d7998_deepseek_1781246265,4,2026-09-03,NY,1788446673127,1788446673127,1788448485993,S2,long,breakout_retest,A,False,long,"{""id"": ""S2"", ""trigger"": ""Momentum long: 5m close above 29303.68 VWAP+1\u03c3; wait for a small pullback that holds 29293.00 and re-enter long."", ""condition"": ""breakout_retest"", ""direction"": ""long"", ""target_chain"": [29346.88, 29375.25], ""invalid"": ""A 5m close below 29293.00 invalidates the breakout retest."", ""confirm"": {""rule"": ""1x5m_close"", ""ref_price"": 29303.68, ""side"": ""above""}, ""quality"": ""A""}"
2026-09-03:NY:8d5c8af5_8ef641a7-815c-4bb5-9798-b070b67d7998_deepseek_1781246265/v4/S3,2026-09-03:NY:8d5c8af5_8ef641a7-815c-4bb5-9798-b070b67d7998_deepseek_1781246265,4,2026-09-03,NY,1788446673127,1788446673127,1788448485993,S3,long,reclaim,B,False,long,"{""id"": ""S3"", ""trigger"": ""Defensive long: only if price liquidates below 29260.00 and sweeps 29222.75 OR-L, then a 5m close back above 29222.75 is the reclaim."", ""condition"": ""reclaim"", ""direction"": ""long"", ""target_chain"": [29260, 29303.68, 29346.88], ""invalid"": ""A 5m close below 29209.25 Supply\u00b71h kills the reclaim; next lower reference is 29144.50 Demand\u00b71h."", ""confirm"": {""rule"": ""1x5m_close"", ""ref_price"": 29222.75, ""side"": ""above""}, ""quality"": ""B""}"
2026-09-03:NY:8d5c8af5_8ef641a7-815c-4bb5-9798-b070b67d7998_deepseek_1781246265/v5/S1,2026-09-03:NY:8d5c8af5_8ef641a7-815c-4bb5-9798-b070b67d7998_deepseek_1781246265,5,2026-09-03,NY,1788448485993,1788448485993,1788450597593,S1,long,reclaim,B,False,long,"{""id"": ""S1"", ""trigger"": ""Reclaim/hold of EQL\u00b715m 29435.75 after first touch; acceptance above opens EQH\u00b715m 29445.50 then EQL\u00b71h 29455.00."", ""condition"": ""reclaim"", ""direction"": ""long"", ""target_chain"": [29445.5, 29455], ""invalid"": ""5m close below 29406.28"", ""confirm"": {""rule"": ""1x5m_close"", ""ref_price"": 29435.75, ""side"": ""above""}, ""quality"": ""B""}"
2026-09-03:NY:8d5c8af5_8ef641a7-815c-4bb5-9798-b070b67d7998_deepseek_1781246265/v5/S2,2026-09-03:NY:8d5c8af5_8ef641a7-815c-4bb5-9798-b070b67d7998_deepseek_1781246265,5,2026-09-03,NY,1788448485993,1788448485993,1788450597593,S2,short,reject,B,False,long,"{""id"": ""S2"", ""trigger"": ""Touch/reject at EQH\u00b715m 29445.50 (or EQL\u00b71h 29455.00) after liquidity run; fade only with a clear wick reject back below 29445.50."", ""condition"": ""reject"", ""direction"": ""short"", ""target_chain"": [29406.28, 29364.75, 29326.74], ""invalid"": ""5m close above 29539.38"", ""confirm"": {""rule"": ""touch"", ""ref_price"": 29445.5, ""side"": ""below""}, ""quality"": ""B""}"
2026-09-03:NY:8d5c8af5_8ef641a7-815c-4bb5-9798-b070b67d7998_deepseek_1781246265/v6/S1,2026-09-03:NY:8d5c8af5_8ef641a7-815c-4bb5-9798-b070b67d7998_deepseek_1781246265,6,2026-09-03,NY,1788450597593,1788450597593,1788452873707,S1,long,reclaim,B,False,long,"{""id"": ""S1"", ""trigger"": ""Price prints a 5m close above 29517.00 EQH\u00b715m, confirming the 10:45 15m BOS-up continuation."", ""condition"": ""reclaim"", ""direction"": ""long"", ""target_chain"": [29526.5, 29543.75, 29619.5], ""invalid"": ""A 5m close back below 29502.88 or a 1m_mss lower before entry voids the reclaim."", ""confirm"": {""rule"": ""1x5m_close"", ""ref_price"": 29517, ""side"": ""above""}, ""quality"": ""B""}"
2026-09-03:NY:8d5c8af5_8ef641a7-815c-4bb5-9798-b070b67d7998_deepseek_1781246265/v6/S2,2026-09-03:NY:8d5c8af5_8ef641a7-815c-4bb5-9798-b070b67d7998_deepseek_1781246265,6,2026-09-03,NY,1788450597593,1788450597593,1788452873707,S2,long,reject,A,True,long,"{""id"": ""S2"", ""trigger"": ""First touch of 29481.05 VWAP+2\u03c3 rejects higher; entry on the reaction above 29481.05."", ""condition"": ""reject"", ""direction"": ""long"", ""target_chain"": [29543.75, 29619.5], ""invalid"": ""A 5m close below 29481.05 or a 1m_mss lower pre-entry voids the support defense."", ""confirm"": {""rule"": ""touch"", ""ref_price"": 29481.05, ""side"": ""above""}, ""quality"": ""A"", ""arm"": {""enabled"": true, ""entry"": 29481.05, ""stop"": 29414, ""target"": 29619.5, ""wait_confirm"": true}}"
2026-09-03:NY:8d5c8af5_8ef641a7-815c-4bb5-9798-b070b67d7998_deepseek_1781246265/v6/S3,2026-09-03:NY:8d5c8af5_8ef641a7-815c-4bb5-9798-b070b67d7998_deepseek_1781246265,6,2026-09-03,NY,1788450597593,1788450597593,1788452873707,S3,short,reject,B,True,long,"{""id"": ""S3"", ""trigger"": ""Price rallies back to 29543.75 SWG-H\u00b75m and stalls at the 29539.38 Supply\u00b71h confluence; the first touch of 29543.75 rejects lower."", ""condition"": ""reject"", ""direction"": ""short"", ""target_chain"": [29502.88, 29481.05, 29364.75], ""invalid"": ""A 5m close above 29543.75 or a 1m_mss above 29539.38 before entry nullifies the fade."", ""confirm"": {""rule"": ""touch"", ""ref_price"": 29543.75, ""side"": ""below""}, ""quality"": ""B"", ""arm"": {""enabled"": true, ""entry"": 29543.75, ""stop"": 29610.25, ""target"": 29364.75, ""wait_confirm"": true}}"
2026-09-03:NY:8d5c8af5_8ef641a7-815c-4bb5-9798-b070b67d7998_deepseek_1781246265/v7/S1,2026-09-03:NY:8d5c8af5_8ef641a7-815c-4bb5-9798-b070b67d7998_deepseek_1781246265,7,2026-09-03,NY,1788452873707,1788452873707,1788464700000,S1,long,breakout_retest,A,False,long,"{""id"": ""S1"", ""trigger"": ""Break 29543.75 (SWG-H\u00b75m) on a 15m close, then a shallow pullback touches 29543.75 and holds."", ""condition"": ""breakout_retest"", ""direction"": ""long"", ""target_chain"": [29567, 29619.5], ""invalid"": ""2x5m close below 29529.50 cancels the retest."", ""confirm"": {""rule"": ""touch"", ""ref_price"": 29543.75, ""side"": ""above""}, ""quality"": ""A""}"
2026-09-03:NY:8d5c8af5_8ef641a7-815c-4bb5-9798-b070b67d7998_deepseek_1781246265/v7/S2,2026-09-03:NY:8d5c8af5_8ef641a7-815c-4bb5-9798-b070b67d7998_deepseek_1781246265,7,2026-09-03,NY,1788452873707,1788452873707,1788464700000,S2,long,reclaim,B,False,long,"{""id"": ""S2"", ""trigger"": ""Pullback into 29512.29 (VWAP+2\u03c3) after the 10:00 displacement; a 5m close back above 29512.29 triggers long."", ""condition"": ""reclaim"", ""direction"": ""long"", ""target_chain"": [29529.5, 29543.75, 29567], ""invalid"": ""2x5m close below 29502.25 invalidates the reclaim."", ""confirm"": {""rule"": ""1x5m_close"", ""ref_price"": 29512.29, ""side"": ""above""}, ""quality"": ""B""}"
2026-09-03:NY:8d5c8af5_8ef641a7-815c-4bb5-9798-b070b67d7998_deepseek_1781246265/v7/S3,2026-09-03:NY:8d5c8af5_8ef641a7-815c-4bb5-9798-b070b67d7998_deepseek_1781246265,7,2026-09-03,NY,1788452873707,1788452873707,1788464700000,S3,short,reject,B,True,long,"{""id"": ""S3"", ""trigger"": ""A retest of 29543.75 (SWG-H\u00b75m) stalls inside the 1h supply band 29539.38; sell the rejection."", ""condition"": ""reject"", ""direction"": ""short"", ""target_chain"": [29512.29, 29502.25, 29397.11], ""invalid"": ""15m close above 29543.75 cancels the short."", ""confirm"": {""rule"": ""touch"", ""ref_price"": 29543.75, ""side"": ""below""}, ""quality"": ""B"", ""arm"": {""enabled"": true, ""entry"": 29543.75, ""stop"": 29592.5, ""target"": 29397.11, ""wait_confirm"": true}}"
2026-09-03:ASIA:8d5c8af5_8ef641a7-815c-4bb5-9798-b070b67d7998_deepseek_1781246265/v1/S1,2026-09-03:ASIA:8d5c8af5_8ef641a7-815c-4bb5-9798-b070b67d7998_deepseek_1781246265,1,2026-09-03,ASIA,1788471456171,1788472800000,1788479273178,S1,long,breakout_retest,B,False,long,"{""id"": ""S1"", ""trigger"": ""A 5m close above 29525.75 confirms the breakout, then price retests 29525.75 from above and holds."", ""condition"": ""breakout_retest"", ""direction"": ""long"", ""target_chain"": [29539.38, 29619.5], ""invalid"": ""A 5m close below 29517.50 negates the breakout retest."", ""confirm"": {""rule"": ""1x5m_close"", ""ref_price"": 29525.75, ""side"": ""above""}, ""quality"": ""B"", ""confirm2"": {""rule"": ""touch"", ""ref_price"": 29525.75, ""side"": ""above""}}"
2026-09-03:ASIA:8d5c8af5_8ef641a7-815c-4bb5-9798-b070b67d7998_deepseek_1781246265/v1/S2,2026-09-03:ASIA:8d5c8af5_8ef641a7-815c-4bb5-9798-b070b67d7998_deepseek_1781246265,1,2026-09-03,ASIA,1788471456171,1788472800000,1788479273178,S2,long,reclaim,A,False,long,"{""id"": ""S2"", ""trigger"": ""Price dips to 29460.16 VWAP+2\u03c3 and auctions back; a 5m close above 29460.16 triggers long."", ""condition"": ""reclaim"", ""direction"": ""long"", ""target_chain"": [29502.88, 29517.5, 29525.75], ""invalid"": ""A 5m close below 29362.15 cancels the reclaim setup."", ""confirm"": {""rule"": ""1x5m_close"", ""ref_price"": 29460.16, ""side"": ""above""}, ""quality"": ""A""}"
2026-09-03:ASIA:8d5c8af5_8ef641a7-815c-4bb5-9798-b070b67d7998_deepseek_1781246265/v1/S3,2026-09-03:ASIA:8d5c8af5_8ef641a7-815c-4bb5-9798-b070b67d7998_deepseek_1781246265,1,2026-09-03,ASIA,1788471456171,1788472800000,1788479273178,S3,short,sweep_reclaim,B,False,long,"{""id"": ""S3"", ""trigger"": ""Price sweeps above 29525.75, then a 5m close below 29525.75 accepts the failure; entry short on that close."", ""condition"": ""sweep_reclaim"", ""direction"": ""short"", ""target_chain"": [29502.88, 29460.16, 29362.15], ""invalid"": ""A 5m close above 29525.75 after the sweep negates the failure."", ""confirm"": {""rule"": ""touch"", ""ref_price"": 29525.75, ""side"": ""above""}, ""quality"": ""B"", ""confirm2"": {""rule"": ""1x5m_close"", ""ref_price"": 29525.75, ""side"": ""below""}}"
2026-09-03:ASIA:8d5c8af5_8ef641a7-815c-4bb5-9798-b070b67d7998_deepseek_1781246265/v1/S4,2026-09-03:ASIA:8d5c8af5_8ef641a7-815c-4bb5-9798-b070b67d7998_deepseek_1781246265,1,2026-09-03,ASIA,1788471456171,1788472800000,1788479273178,S4,long,reclaim,B,False,long,"{""id"": ""S4"", ""trigger"": ""Price reclaims 29512.54 eVWAP; a 5m close above 29512.54 triggers long toward the range top."", ""condition"": ""reclaim"", ""direction"": ""long"", ""target_chain"": [29517.5, 29525.75], ""invalid"": ""A 5m close below 29502.88 cancels the eVWAP reclaim."", ""confirm"": {""rule"": ""1x5m_close"", ""ref_price"": 29512.54, ""side"": ""above""}, ""quality"": ""B""}"
2026-09-03:ASIA:8d5c8af5_8ef641a7-815c-4bb5-9798-b070b67d7998_deepseek_1781246265/v2/S1,2026-09-03:ASIA:8d5c8af5_8ef641a7-815c-4bb5-9798-b070b67d7998_deepseek_1781246265,2,2026-09-03,ASIA,1788479273178,1788479273178,1788481716380,S1,long,sweep_reclaim,B,False,neutral,"{""id"": ""S1"", ""trigger"": ""Price prints below 29481.50 ONL (stop sweep) and then closes a 5m candle back above 29481.50."", ""condition"": ""sweep_reclaim"", ""direction"": ""long"", ""target_chain"": [29502.88, 29513, 29545], ""invalid"": ""Reclaim close does not print; 5m close below 29462.50 before any reclaim cancels the long."", ""confirm"": {""rule"": ""touch"", ""ref_price"": 29481.5, ""side"": ""below""}, ""quality"": ""B"", ""confirm2"": {""rule"": ""1x5m_close"", ""ref_price"": 29481.5, ""side"": ""above""}}"
2026-09-03:ASIA:8d5c8af5_8ef641a7-815c-4bb5-9798-b070b67d7998_deepseek_1781246265/v2/S2,2026-09-03:ASIA:8d5c8af5_8ef641a7-815c-4bb5-9798-b070b67d7998_deepseek_1781246265,2,2026-09-03,ASIA,1788479273178,1788479273178,1788481716380,S2,short,sweep_reclaim,B,False,neutral,"{""id"": ""S2"", ""trigger"": ""Price prints above 29513.00 ONH (stop sweep) and then closes a 5m candle back below 29513.00."", ""condition"": ""sweep_reclaim"", ""direction"": ""short"", ""target_chain"": [29502.88, 29481.5, 29462.5], ""invalid"": ""A second 5m close above 29513.00 confirms acceptance and cancels the short."", ""confirm"": {""rule"": ""touch"", ""ref_price"": 29513, ""side"": ""above""}, ""quality"": ""B"", ""confirm2"": {""rule"": ""1x5m_close"", ""ref_price"": 29513, ""side"": ""below""}}"
2026-09-03:ASIA:8d5c8af5_8ef641a7-815c-4bb5-9798-b070b67d7998_deepseek_1781246265/v2/S3,2026-09-03:ASIA:8d5c8af5_8ef641a7-815c-4bb5-9798-b070b67d7998_deepseek_1781246265,2,2026-09-03,ASIA,1788479273178,1788479273178,1788481716380,S3,long,breakout_retest,B,False,neutral,"{""id"": ""S3"", ""trigger"": ""A 5m close above 29513.00 ONH confirms the break; entry on a retest that touches 29513.00 and holds above it."", ""condition"": ""breakout_retest"", ""direction"": ""long"", ""target_chain"": [29539.38, 29545], ""invalid"": ""The retest of 29513.00 fails with a 5m close back below 29502.88."", ""confirm"": {""rule"": ""touch"", ""ref_price"": 29513, ""side"": ""above""}, ""quality"": ""B""}"
2026-09-03:ASIA:8d5c8af5_8ef641a7-815c-4bb5-9798-b070b67d7998_deepseek_1781246265/v3/S1,2026-09-03:ASIA:8d5c8af5_8ef641a7-815c-4bb5-9798-b070b67d7998_deepseek_1781246265,3,2026-09-03,ASIA,1788481716380,1788481716380,1788483215711,S1,long,reclaim,B,False,long,"{""id"": ""S1"", ""trigger"": ""Pullback to 29503.08 VWAP holds; a 5m close back above 29503.08 triggers the long."", ""condition"": ""reclaim"", ""direction"": ""long"", ""target_chain"": [29521.25, 29527.62, 29545], ""invalid"": ""5m close below 29481.50 ONL invalidates S1."", ""confirm"": {""rule"": ""1x5m_close"", ""ref_price"": 29503.08, ""side"": ""above""}, ""quality"": ""B""}"
2026-09-03:ASIA:8d5c8af5_8ef641a7-815c-4bb5-9798-b070b67d7998_deepseek_1781246265/v3/S2,2026-09-03:ASIA:8d5c8af5_8ef641a7-815c-4bb5-9798-b070b67d7998_deepseek_1781246265,3,2026-09-03,ASIA,1788481716380,1788481716380,1788483215711,S2,long,breakout_retest,B,False,long,"{""id"": ""S2"", ""trigger"": ""A 5m close above 29521.25 ONH confirms the break; a pullback retest of 29521.25 that holds is the long entry."", ""condition"": ""breakout_retest"", ""direction"": ""long"", ""target_chain"": [29527.62, 29539.38, 29545], ""invalid"": ""5m close back below 29521.25 ONH invalidates S2."", ""confirm"": {""rule"": ""1x5m_close"", ""ref_price"": 29521.25, ""side"": ""above""}, ""quality"": ""B""}"
2026-09-03:ASIA:8d5c8af5_8ef641a7-815c-4bb5-9798-b070b67d7998_deepseek_1781246265/v3/S3,2026-09-03:ASIA:8d5c8af5_8ef641a7-815c-4bb5-9798-b070b67d7998_deepseek_1781246265,3,2026-09-03,ASIA,1788481716380,1788481716380,1788483215711,S3,short,sweep_reclaim,C,False,long,"{""id"": ""S3"", ""trigger"": ""Leg 1: price touches/sweeps 29521.25 ONH; leg 2: a 5m close back below 29521.25 triggers the fade short."", ""condition"": ""sweep_reclaim"", ""direction"": ""short"", ""target_chain"": [29503.08, 29481.5], ""invalid"": ""5m close above 29527.62 POC negates S3."", ""confirm"": {""rule"": ""touch"", ""ref_price"": 29521.25, ""side"": ""above""}, ""quality"": ""C"", ""confirm2"": {""rule"": ""1x5m_close"", ""ref_price"": 29521.25, ""side"": ""below""}}"
2026-09-03:ASIA:8d5c8af5_8ef641a7-815c-4bb5-9798-b070b67d7998_deepseek_1781246265/v4/S1,2026-09-03:ASIA:8d5c8af5_8ef641a7-815c-4bb5-9798-b070b67d7998_deepseek_1781246265,4,2026-09-03,ASIA,1788483215711,1788483215711,1788485552918,S1,short,reject,B,True,short,"{""id"": ""S1"", ""trigger"": ""touch 29548.00 and reject"", ""condition"": ""reject"", ""direction"": ""short"", ""target_chain"": [29522.22, 29516.75, 29509.18], ""invalid"": ""5m close above 29548.00"", ""confirm"": {""rule"": ""touch"", ""ref_price"": 29548, ""side"": ""below""}, ""quality"": ""B"", ""arm"": {""enabled"": true, ""entry"": 29548, ""stop"": 29558.5, ""target"": 29522.22, ""wait_confirm"": true}}"
2026-09-03:ASIA:8d5c8af5_8ef641a7-815c-4bb5-9798-b070b67d7998_deepseek_1781246265/v4/S2,2026-09-03:ASIA:8d5c8af5_8ef641a7-815c-4bb5-9798-b070b67d7998_deepseek_1781246265,4,2026-09-03,ASIA,1788483215711,1788483215711,1788485552918,S2,long,breakout_retest,B,False,short,"{""id"": ""S2"", ""trigger"": ""5m close above 29548.00, then retest 29548.00 holds"", ""condition"": ""breakout_retest"", ""direction"": ""long"", ""target_chain"": [29574.38, 29585], ""invalid"": ""5m close below 29541.75"", ""confirm"": {""rule"": ""touch"", ""ref_price"": 29548, ""side"": ""above""}, ""quality"": ""B""}"
2026-09-03:ASIA:8d5c8af5_8ef641a7-815c-4bb5-9798-b070b67d7998_deepseek_1781246265/v5/S1,2026-09-03:ASIA:8d5c8af5_8ef641a7-815c-4bb5-9798-b070b67d7998_deepseek_1781246265,5,2026-09-03,ASIA,1788485552918,1788485552918,1788500413822,S1,short,sweep_reclaim,A,False,short,"{""id"": ""S1"", ""trigger"": ""Price sweeps above ONH 29543.00 and then prints a 5m close back below 29543.00 (wick alone does not qualify)."", ""condition"": ""sweep_reclaim"", ""direction"": ""short"", ""target_chain"": [29528.63, 29517.5, 29499.27], ""invalid"": ""5m close above 29548.00 before the reclaim close; 5m close above 29585.00 kills the whole short plan."", ""confirm"": {""rule"": ""touch"", ""ref_price"": 29543, ""side"": ""above""}, ""quality"": ""A"", ""confirm2"": {""rule"": ""1x5m_close"", ""ref_price"": 29543, ""side"": ""below""}}"
2026-09-03:ASIA:8d5c8af5_8ef641a7-815c-4bb5-9798-b070b67d7998_deepseek_1781246265/v5/S2,2026-09-03:ASIA:8d5c8af5_8ef641a7-815c-4bb5-9798-b070b67d7998_deepseek_1781246265,5,2026-09-03,ASIA,1788485552918,1788485552918,1788500413822,S2,long,breakout_retest,B,False,short,"{""id"": ""S2"", ""trigger"": ""5m close above 29548.00, then a pullback touches 29548.00 from above and holds; enter long at the retest."", ""condition"": ""breakout_retest"", ""direction"": ""long"", ""target_chain"": [29585], ""invalid"": ""5m close back below 29541.12 after the breakout close."", ""confirm"": {""rule"": ""1x5m_close"", ""ref_price"": 29548, ""side"": ""above""}, ""quality"": ""B"", ""confirm2"": {""rule"": ""touch"", ""ref_price"": 29548, ""side"": ""above""}}"
2026-09-03:ASIA:8d5c8af5_8ef641a7-815c-4bb5-9798-b070b67d7998_deepseek_1781246265/v5/S3,2026-09-03:ASIA:8d5c8af5_8ef641a7-815c-4bb5-9798-b070b67d7998_deepseek_1781246265,5,2026-09-03,ASIA,1788485552918,1788485552918,1788500413822,S3,short,reject,B,True,short,"{""id"": ""S3"", ""trigger"": ""Rally stalls at 29585.00 (fresh SWG-H/prior session high) and rejects from first touch."", ""condition"": ""reject"", ""direction"": ""short"", ""target_chain"": [29548, 29528.63], ""invalid"": ""5m close above 29585.00 (acceptance above the swing high)."", ""confirm"": {""rule"": ""touch"", ""ref_price"": 29585, ""side"": ""below""}, ""quality"": ""B"", ""arm"": {""enabled"": true, ""entry"": 29585, ""stop"": 29603, ""target"": 29548, ""wait_confirm"": true}}"
2026-09-03:ASIA:8d5c8af5_8ef641a7-815c-4bb5-9798-b070b67d7998_deepseek_1781246265/v6/S1,2026-09-03:ASIA:8d5c8af5_8ef641a7-815c-4bb5-9798-b070b67d7998_deepseek_1781246265,6,2026-09-03,ASIA,1788500413822,1788500413822,1788502835660,S1,long,breakout_retest,A,False,long,"{""id"": ""S1"", ""trigger"": ""Retest of 29622.25 current price that holds is the trade, confirmed by a 5m close back above 29622.25."", ""condition"": ""breakout_retest"", ""direction"": ""long"", ""target_chain"": [29622.17, 29633.25, 29643.5], ""invalid"": ""5m close below 29585.00 RTH-H after the touch cancels the retest."", ""confirm"": {""rule"": ""1x5m_close"", ""ref_price"": 29622.25, ""side"": ""above""}, ""quality"": ""A""}"
2026-09-03:ASIA:8d5c8af5_8ef641a7-815c-4bb5-9798-b070b67d7998_deepseek_1781246265/v6/S2,2026-09-03:ASIA:8d5c8af5_8ef641a7-815c-4bb5-9798-b070b67d7998_deepseek_1781246265,6,2026-09-03,ASIA,1788500413822,1788500413822,1788502835660,S2,long,sweep_reclaim,B,False,long,"{""id"": ""S2"", ""trigger"": ""Sweep of 29481.50 ONL; the long requires a 5m close back above 29481.50, never the wick alone."", ""condition"": ""sweep_reclaim"", ""direction"": ""long"", ""target_chain"": [29509.09, 29541.12, 29585], ""invalid"": ""A second 5m close below 29481.50 with no 5m close above cancels the setup."", ""confirm"": {""rule"": ""touch"", ""ref_price"": 29481.5, ""side"": ""below""}, ""quality"": ""B"", ""confirm2"": {""rule"": ""1x5m_close"", ""ref_price"": 29481.5, ""side"": ""above""}}"
2026-09-03:ASIA:8d5c8af5_8ef641a7-815c-4bb5-9798-b070b67d7998_deepseek_1781246265/v6/S3,2026-09-03:ASIA:8d5c8af5_8ef641a7-815c-4bb5-9798-b070b67d7998_deepseek_1781246265,6,2026-09-03,ASIA,1788500413822,1788500413822,1788502835660,S3,long,reject,B,True,long,"{""id"": ""S3"", ""trigger"": ""First touch of 29585.00 RTH-H; enter long only on a stall/rejection there, with resting limit 29585.00."", ""condition"": ""reject"", ""direction"": ""long"", ""target_chain"": [29622.17, 29633.25, 29643.5], ""invalid"": ""5m close below 29585.00 after entry invalidates the reject."", ""confirm"": {""rule"": ""touch"", ""ref_price"": 29585, ""side"": ""above""}, ""quality"": ""B"", ""arm"": {""enabled"": true, ""entry"": 29585, ""stop"": 29568, ""target"": 29622.17, ""wait_confirm"": true}}"
2026-09-03:ASIA:8d5c8af5_8ef641a7-815c-4bb5-9798-b070b67d7998_deepseek_1781246265/v6/S4,2026-09-03:ASIA:8d5c8af5_8ef641a7-815c-4bb5-9798-b070b67d7998_deepseek_1781246265,6,2026-09-03,ASIA,1788500413822,1788500413822,1788502835660,S4,short,sweep_reclaim,C,False,long,"{""id"": ""S4"", ""trigger"": ""Sweep above 29643.50 ONH; short only after a 5m close back below 29643.50 (sweep-reclaim, not a blind fade)."", ""condition"": ""sweep_reclaim"", ""direction"": ""short"", ""target_chain"": [29601, 29585, 29541.12, 29509.09], ""invalid"": ""5m close back above 29643.50 after the sweep cancels the short; stand aside."", ""confirm"": {""rule"": ""touch"", ""ref_price"": 29643.5, ""side"": ""above""}, ""quality"": ""C"", ""confirm2"": {""rule"": ""1x5m_close"", ""ref_price"": 29643.5, ""side"": ""below""}}"
2026-09-03:ASIA:8d5c8af5_8ef641a7-815c-4bb5-9798-b070b67d7998_deepseek_1781246265/v7/S1,2026-09-03:ASIA:8d5c8af5_8ef641a7-815c-4bb5-9798-b070b67d7998_deepseek_1781246265,7,2026-09-03,ASIA,1788502835660,1788502835660,1788505200000,S1,long,breakout_retest,A,False,long,"{""id"": ""S1"", ""trigger"": ""5m close above 29643.50 ONH, then a retest of 29643.50 holds; enter long on touch"", ""condition"": ""breakout_retest"", ""direction"": ""long"", ""target_chain"": [29652.12, 29848.75], ""invalid"": ""5m close below 29619.50 voids the breakout; stop below retest low"", ""confirm"": {""rule"": ""touch"", ""ref_price"": 29643.5, ""side"": ""above""}, ""quality"": ""A"", ""confirm2"": {""rule"": ""1x5m_close"", ""ref_price"": 29643.5, ""side"": ""above""}}"
2026-09-03:ASIA:8d5c8af5_8ef641a7-815c-4bb5-9798-b070b67d7998_deepseek_1781246265/v7/S2,2026-09-03:ASIA:8d5c8af5_8ef641a7-815c-4bb5-9798-b070b67d7998_deepseek_1781246265,7,2026-09-03,ASIA,1788502835660,1788502835660,1788505200000,S2,long,reclaim,B,False,long,"{""id"": ""S2"", ""trigger"": ""Dip below 29597.25 PDC and a 5m close back above 29597.25 reclaims the pivot; enter long on that close"", ""condition"": ""reclaim"", ""direction"": ""long"", ""target_chain"": [29619.5, 29637.52, 29643.5], ""invalid"": ""5m close below 29591.50 voids the reclaim"", ""confirm"": {""rule"": ""1x5m_close"", ""ref_price"": 29597.25, ""side"": ""above""}, ""quality"": ""B""}"
2026-09-03:ASIA:8d5c8af5_8ef641a7-815c-4bb5-9798-b070b67d7998_deepseek_1781246265/v7/S3,2026-09-03:ASIA:8d5c8af5_8ef641a7-815c-4bb5-9798-b070b67d7998_deepseek_1781246265,7,2026-09-03,ASIA,1788502835660,1788502835660,1788505200000,S3,short,sweep_reclaim,B,False,long,"{""id"": ""S3"", ""trigger"": ""Sweep above 29643.50 ONH and a 5m close back below 29643.50; short only on that close"", ""condition"": ""sweep_reclaim"", ""direction"": ""short"", ""target_chain"": [29619.5, 29601, 29591.5], ""invalid"": ""5m close above 29643.50 or continued closes above 29652.12 voids; stop above sweep high"", ""confirm"": {""rule"": ""touch"", ""ref_price"": 29643.5, ""side"": ""above""}, ""quality"": ""B"", ""confirm2"": {""rule"": ""1x5m_close"", ""ref_price"": 29643.5, ""side"": ""below""}}"
2026-09-04:LONDON:8d5c8af5_8ef641a7-815c-4bb5-9798-b070b67d7998_deepseek_1781246265/v1/S1,2026-09-04:LONDON:8d5c8af5_8ef641a7-815c-4bb5-9798-b070b67d7998_deepseek_1781246265,1,2026-09-04,LONDON,1788504075950,1788505200000,1788505454613,S1,long,reclaim,A,False,long,"{""id"": ""S1"", ""trigger"": ""A dip below 29597.25 PDC followed by a 5m close back above 29597.25 while 29591.50 SWG-L\u00b75m holds; targets 29619.50 then 29639.50/29644.25."", ""condition"": ""reclaim"", ""direction"": ""long"", ""target_chain"": [29619.5, 29639.5, 29644.25], ""invalid"": ""A 5m close below 29591.50 cancels this reclaim."", ""confirm"": {""rule"": ""1x5m_close"", ""ref_price"": 29597.25, ""side"": ""above""}, ""quality"": ""A""}"
2026-09-04:LONDON:8d5c8af5_8ef641a7-815c-4bb5-9798-b070b67d7998_deepseek_1781246265/v1/S2,2026-09-04:LONDON:8d5c8af5_8ef641a7-815c-4bb5-9798-b070b67d7998_deepseek_1781246265,1,2026-09-04,LONDON,1788504075950,1788505200000,1788505454613,S2,long,reject,B,True,long,"{""id"": ""S2"", ""trigger"": ""A touch of 29579.50 SWG-H\u00b715m; fade long from the touch with a structure stop below 29558.34 VWAP; targets 29597.25 then 29619.50/29639.50."", ""condition"": ""reject"", ""direction"": ""long"", ""target_chain"": [29597.25, 29619.5, 29639.5], ""invalid"": ""A 5m close below 29558.34 cancels this reject."", ""confirm"": {""rule"": ""touch"", ""ref_price"": 29579.5, ""side"": ""above""}, ""quality"": ""B"", ""arm"": {""enabled"": true, ""entry"": 29579.5, ""stop"": 29558.34, ""target"": 29639.5, ""wait_confirm"": true}}"
2026-09-04:LONDON:8d5c8af5_8ef641a7-815c-4bb5-9798-b070b67d7998_deepseek_1781246265/v1/S3,2026-09-04:LONDON:8d5c8af5_8ef641a7-815c-4bb5-9798-b070b67d7998_deepseek_1781246265,1,2026-09-04,LONDON,1788504075950,1788505200000,1788505454613,S3,short,sweep_reclaim,B,False,long,"{""id"": ""S3"", ""trigger"": ""A retest of 29644.25 ONH that wicks through 29644.25 and then prints a 5m close back below 29644.25; targets 29619.50 then 29601.00."", ""condition"": ""sweep_reclaim"", ""direction"": ""short"", ""target_chain"": [29619.5, 29601, 29579.5], ""invalid"": ""A 5m close back above 29644.25 after the reclaim close cancels."", ""confirm"": {""rule"": ""touch"", ""ref_price"": 29644.25, ""side"": ""above""}, ""quality"": ""B"", ""confirm2"": {""rule"": ""1x5m_close"", ""ref_price"": 29644.25, ""side"": ""below""}}"
2026-09-04:LONDON:8d5c8af5_8ef641a7-815c-4bb5-9798-b070b67d7998_deepseek_1781246265/v1/S4,2026-09-04:LONDON:8d5c8af5_8ef641a7-815c-4bb5-9798-b070b67d7998_deepseek_1781246265,1,2026-09-04,LONDON,1788504075950,1788505200000,1788505454613,S4,long,reclaim,B,False,long,"{""id"": ""S4"", ""trigger"": ""A dip below 29619.50 OB(bear)\u00b71h followed by a 5m close back above 29619.50 while 29601.00 PDH holds; targets 29639.50 then 29644.25."", ""condition"": ""reclaim"", ""direction"": ""long"", ""target_chain"": [29639.5, 29644.25], ""invalid"": ""A 5m close below 29601.00 cancels this reclaim."", ""confirm"": {""rule"": ""1x5m_close"", ""ref_price"": 29619.5, ""side"": ""above""}, ""quality"": ""B""}"
2026-09-04:LONDON:8d5c8af5_8ef641a7-815c-4bb5-9798-b070b67d7998_deepseek_1781246265/v2/S1,2026-09-04:LONDON:8d5c8af5_8ef641a7-815c-4bb5-9798-b070b67d7998_deepseek_1781246265,2,2026-09-04,LONDON,1788505454613,1788505454613,1788526577729,S1,short,reject,B,True,short,"{""id"": ""S1"", ""trigger"": ""price touches 29649.59 VWAP+2\u03c3 and fails to hold above it"", ""condition"": ""reject"", ""direction"": ""short"", ""target_chain"": [29597.25, 29561.43], ""invalid"": ""5m close above 29649.59"", ""confirm"": {""rule"": ""touch"", ""ref_price"": 29649.59, ""side"": ""below""}, ""quality"": ""B"", ""arm"": {""enabled"": true, ""entry"": 29649.59, ""stop"": 29670.69, ""target"": 29597.25, ""wait_confirm"": true}}"
2026-09-04:LONDON:8d5c8af5_8ef641a7-815c-4bb5-9798-b070b67d7998_deepseek_1781246265/v2/S2,2026-09-04:LONDON:8d5c8af5_8ef641a7-815c-4bb5-9798-b070b67d7998_deepseek_1781246265,2,2026-09-04,LONDON,1788505454613,1788505454613,1788526577729,S2,short,acceptance,C,False,short,"{""id"": ""S2"", ""trigger"": ""price breaks 29561.43 VWAP and holds below it for 3 minutes"", ""condition"": ""acceptance"", ""direction"": ""short"", ""target_chain"": [29517.35, 29490.88], ""invalid"": ""5m close back above 29561.43"", ""confirm"": {""rule"": ""time_hold"", ""ref_price"": 29561.43, ""side"": ""below""}, ""quality"": ""C""}"
2026-09-04:LONDON:8d5c8af5_8ef641a7-815c-4bb5-9798-b070b67d7998_deepseek_1781246265/v3/S1,2026-09-04:LONDON:8d5c8af5_8ef641a7-815c-4bb5-9798-b070b67d7998_deepseek_1781246265,3,2026-09-04,LONDON,1788526577729,1788526577729,1788528600000,S1,short,sweep_reclaim,B,False,short,"{""id"": ""S1"", ""trigger"": ""Rally touches 29720 (ONH) and sweeps above it; then a 5m candle closes back below 29720"", ""condition"": ""sweep_reclaim"", ""direction"": ""short"", ""target_chain"": [29585, 29538.84, 29481.5], ""invalid"": ""5m close above 29720 cancels the short"", ""confirm"": {""rule"": ""touch"", ""ref_price"": 29720, ""side"": ""above""}, ""quality"": ""B"", ""confirm2"": {""rule"": ""1x5m_close"", ""ref_price"": 29720, ""side"": ""below""}}"
2026-09-04:LONDON:8d5c8af5_8ef641a7-815c-4bb5-9798-b070b67d7998_deepseek_1781246265/v3/S2,2026-09-04:LONDON:8d5c8af5_8ef641a7-815c-4bb5-9798-b070b67d7998_deepseek_1781246265,3,2026-09-04,LONDON,1788526577729,1788526577729,1788528600000,S2,short,reject,B,False,short,"{""id"": ""S2"", ""trigger"": ""Rally into 29503.38 (OB(bear)\u00b74h) prints a wick above the level and rejects; touch confirms the short fade"", ""condition"": ""reject"", ""direction"": ""short"", ""target_chain"": [29278], ""invalid"": ""5m close above 29503.38 cancels the short"", ""confirm"": {""rule"": ""touch"", ""ref_price"": 29503.38, ""side"": ""above""}, ""quality"": ""B""}"
2026-09-04:LONDON:8d5c8af5_8ef641a7-815c-4bb5-9798-b070b67d7998_deepseek_1781246265/v3/S3,2026-09-04:LONDON:8d5c8af5_8ef641a7-815c-4bb5-9798-b070b67d7998_deepseek_1781246265,3,2026-09-04,LONDON,1788526577729,1788526577729,1788528600000,S3,long,sweep_reclaim,C,False,short,"{""id"": ""S3"", ""trigger"": ""Flush touches 29278.00 (Demand\u00b71h HTF, discount) and sweeps below it; then a 5m candle closes back above 29278.00"", ""condition"": ""sweep_reclaim"", ""direction"": ""long"", ""target_chain"": [29481.5, 29538.84], ""invalid"": ""5m close below 29278.00 after the reclaim fails cancels the long"", ""confirm"": {""rule"": ""touch"", ""ref_price"": 29278, ""side"": ""below""}, ""quality"": ""C"", ""confirm2"": {""rule"": ""1x5m_close"", ""ref_price"": 29278, ""side"": ""above""}}"
2026-09-04:NY:8d5c8af5_8ef641a7-815c-4bb5-9798-b070b67d7998_deepseek_1781246265/v1/S0,2026-09-04:NY:8d5c8af5_8ef641a7-815c-4bb5-9798-b070b67d7998_deepseek_1781246265,1,2026-09-04,NY,1788527505620,1788528600000,1788529486688,S0,long,hold,B,False,neutral,"{""id"": ""S0"", ""trigger"": ""none"", ""condition"": ""hold"", ""direction"": ""long"", ""target_chain"": null, ""invalid"": ""n/a"", ""quality"": ""B""}"
2026-09-04:NY:8d5c8af5_8ef641a7-815c-4bb5-9798-b070b67d7998_deepseek_1781246265/v2/S1,2026-09-04:NY:8d5c8af5_8ef641a7-815c-4bb5-9798-b070b67d7998_deepseek_1781246265,2,2026-09-04,NY,1788529486688,1788529486688,1788530111782,S1,long,sweep_reclaim,A,True,long,"{""id"": ""S1"", ""trigger"": ""breakout above 29611.25 OR-H, then retest of 29611.25 as support confirmed by a 1m MSS back above 29611.25"", ""condition"": ""sweep_reclaim"", ""direction"": ""long"", ""target_chain"": [29720], ""invalid"": ""5m close below 29481.50 ONL"", ""confirm"": {""rule"": ""touch"", ""ref_price"": 29611.25, ""side"": ""above""}, ""quality"": ""A"", ""confirm2"": {""rule"": ""1m_mss"", ""ref_price"": 29611.25, ""side"": ""above""}, ""arm"": {""enabled"": true, ""entry"": 29611.25, ""stop"": 29481.5, ""target"": 29720, ""wait_confirm"": true, ""legs"": [{""entry"": 29611.25, ""stop"": 29481.5, ""target"": 29720, ""size"": 1, ""rule"": ""touch""}, {""entry"": 29611.25, ""stop"": 29481.5, ""target"": 29720, ""size"": 1, ""wait_confirm"": true, ""rule"": ""1m_mss""}]}}"
2026-09-04:NY:8d5c8af5_8ef641a7-815c-4bb5-9798-b070b67d7998_deepseek_1781246265/v2/S2,2026-09-04:NY:8d5c8af5_8ef641a7-815c-4bb5-9798-b070b67d7998_deepseek_1781246265,2,2026-09-04,NY,1788529486688,1788529486688,1788530111782,S2,short,sweep_reclaim,B,True,long,"{""id"": ""S2"", ""trigger"": ""sweep of 29720.00 ONH that fails with a 1m close back below 29720.00"", ""condition"": ""sweep_reclaim"", ""direction"": ""short"", ""target_chain"": [29611.25, 29601], ""invalid"": ""5m close back above 29720.00 ONH"", ""confirm"": {""rule"": ""touch"", ""ref_price"": 29720, ""side"": ""above""}, ""quality"": ""B"", ""confirm2"": {""rule"": ""1m_mss"", ""ref_price"": 29720, ""side"": ""below""}, ""arm"": {""enabled"": true, ""entry"": 29720, ""stop"": 29770, ""target"": 29601, ""wait_confirm"": true, ""legs"": [{""entry"": 29720, ""stop"": 29770, ""target"": 29601, ""size"": 1, ""rule"": ""touch""}, {""entry"": 29720, ""stop"": 29770, ""target"": 29601, ""size"": 1, ""wait_confirm"": true, ""rule"": ""1m_mss""}]}}"
2026-09-04:NY:8d5c8af5_8ef641a7-815c-4bb5-9798-b070b67d7998_deepseek_1781246265/v3/S1,2026-09-04:NY:8d5c8af5_8ef641a7-815c-4bb5-9798-b070b67d7998_deepseek_1781246265,3,2026-09-04,NY,1788530111782,1788530111782,1788537810521,S1,short,reject,B,True,short,"{""id"": ""S1"", ""trigger"": ""Price retests 29657.38 Supply\u00b71h and rejects; the limit sell rests at 29657.38."", ""condition"": ""reject"", ""direction"": ""short"", ""target_chain"": [29591.02, 29553.75, 29503.38, 29481.5], ""invalid"": ""5m close above 29720.00 ONH cancels the fade."", ""confirm"": {""rule"": ""touch"", ""ref_price"": 29657.38, ""side"": ""below""}, ""quality"": ""B"", ""arm"": {""enabled"": true, ""entry"": 29657.38, ""stop"": 29720, ""target"": 29503.38, ""wait_confirm"": true}}"
2026-09-04:NY:8d5c8af5_8ef641a7-815c-4bb5-9798-b070b67d7998_deepseek_1781246265/v3/S2,2026-09-04:NY:8d5c8af5_8ef641a7-815c-4bb5-9798-b070b67d7998_deepseek_1781246265,3,2026-09-04,NY,1788530111782,1788530111782,1788537810521,S2,short,reclaim,C,True,short,"{""id"": ""S2"", ""trigger"": ""A 5m close below 29591.02 VWAP triggers a reclaim short; the sell stop is at 29591.02."", ""condition"": ""reclaim"", ""direction"": ""short"", ""target_chain"": [29553.75, 29503.38, 29481.5], ""invalid"": ""5m close back above 29645.25 cancels the VWAP reclaim."", ""confirm"": {""rule"": ""1x5m_close"", ""ref_price"": 29591.02, ""side"": ""below""}, ""quality"": ""C"", ""arm"": {""enabled"": true, ""entry"": 29591.02, ""stop"": 29645.25, ""target"": 29481.5, ""wait_confirm"": true}}"
2026-09-04:NY:8d5c8af5_8ef641a7-815c-4bb5-9798-b070b67d7998_deepseek_1781246265/v4/S1,2026-09-04:NY:8d5c8af5_8ef641a7-815c-4bb5-9798-b070b67d7998_deepseek_1781246265,4,2026-09-04,NY,1788537810521,1788537810521,1788539330086,S1,short,reject,B,True,short,"{""id"": ""S1"", ""trigger"": ""Pullback rally to 29585.00 RTH-H after the 15m lower-high sequence; touch 29585.00 fades short."", ""condition"": ""reject"", ""direction"": ""short"", ""target_chain"": [29481.5, 29199.25], ""invalid"": ""5m close above 29601.00 PDH"", ""confirm"": {""rule"": ""touch"", ""ref_price"": 29585, ""side"": ""below""}, ""quality"": ""B"", ""arm"": {""enabled"": true, ""entry"": 29585, ""stop"": 29636, ""target"": 29481.5, ""wait_confirm"": true}}"
2026-09-04:NY:8d5c8af5_8ef641a7-815c-4bb5-9798-b070b67d7998_deepseek_1781246265/v4/S2,2026-09-04:NY:8d5c8af5_8ef641a7-815c-4bb5-9798-b070b67d7998_deepseek_1781246265,4,2026-09-04,NY,1788537810521,1788537810521,1788539330086,S2,short,sweep_reclaim,B,True,short,"{""id"": ""S2"", ""trigger"": ""Rally sweeps 29720.00 ONH and then prints a 1m MSS back below 29720.00."", ""condition"": ""sweep_reclaim"", ""direction"": ""short"", ""target_chain"": [29585, 29481.5], ""invalid"": ""5m close above 29770.00 cancels the sweep-reclaim short"", ""confirm"": {""rule"": ""touch"", ""ref_price"": 29720, ""side"": ""above""}, ""quality"": ""B"", ""confirm2"": {""rule"": ""1m_mss"", ""ref_price"": 29720, ""side"": ""below""}, ""arm"": {""enabled"": true, ""entry"": 29720, ""stop"": 29770, ""target"": 29585, ""wait_confirm"": true, ""legs"": [{""entry"": 29720, ""stop"": 29770, ""target"": 29585, ""size"": 1, ""rule"": ""touch""}, {""entry"": 29720, ""stop"": 29770, ""target"": 29585, ""size"": 1, ""wait_confirm"": true, ""rule"": ""1m_mss""}]}}"
2026-09-04:NY:8d5c8af5_8ef641a7-815c-4bb5-9798-b070b67d7998_deepseek_1781246265/v4/S3,2026-09-04:NY:8d5c8af5_8ef641a7-815c-4bb5-9798-b070b67d7998_deepseek_1781246265,4,2026-09-04,NY,1788537810521,1788537810521,1788539330086,S3,long,reject,B,False,short,"{""id"": ""S3"", ""trigger"": ""First touch of 29144.50 Demand\u00b71h (HTF) after a wash lower; touch 29144.50 buys the reaction zone."", ""condition"": ""reject"", ""direction"": ""long"", ""target_chain"": [29199.25, 29481.5], ""invalid"": ""5m close below 29095.00"", ""confirm"": {""rule"": ""touch"", ""ref_price"": 29144.5, ""side"": ""above""}, ""quality"": ""B""}"
2026-09-04:NY:8d5c8af5_8ef641a7-815c-4bb5-9798-b070b67d7998_deepseek_1781246265/v5/S1,2026-09-04:NY:8d5c8af5_8ef641a7-815c-4bb5-9798-b070b67d7998_deepseek_1781246265,5,2026-09-04,NY,1788539330086,1788539330086,1788541835724,S1,short,sweep_reclaim,B,True,short,"{""id"": ""S1"", ""trigger"": ""Price rallies to 29720.00 ONH, sweeps it with a wick, then 5m closes back below 29720.00"", ""condition"": ""sweep_reclaim"", ""direction"": ""short"", ""target_chain"": [29601, 29553.75, 29481.5], ""invalid"": ""5m close above 29765.00 cancels the sweep-reclaim"", ""confirm"": {""rule"": ""touch"", ""ref_price"": 29720, ""side"": ""above""}, ""quality"": ""B"", ""confirm2"": {""rule"": ""1x5m_close"", ""ref_price"": 29720, ""side"": ""below""}, ""arm"": {""enabled"": true, ""entry"": 29720, ""stop"": 29765, ""target"": 29553.75, ""wait_confirm"": true, ""legs"": [{""entry"": 29720, ""stop"": 29765, ""target"": 29553.75, ""size"": 1, ""rule"": ""touch""}, {""entry"": 29720, ""stop"": 29765, ""target"": 29553.75, ""size"": 1, ""wait_confirm"": true, ""rule"": ""1x5m_close""}]}}"
2026-09-04:NY:8d5c8af5_8ef641a7-815c-4bb5-9798-b070b67d7998_deepseek_1781246265/v5/S2,2026-09-04:NY:8d5c8af5_8ef641a7-815c-4bb5-9798-b070b67d7998_deepseek_1781246265,5,2026-09-04,NY,1788539330086,1788539330086,1788541835724,S2,short,breakout_retest,C,False,short,"{""id"": ""S2"", ""trigger"": ""5m breaks below 29530.63 POC, then pulls back to retest 29530.63 from below and stalls"", ""condition"": ""breakout_retest"", ""direction"": ""short"", ""target_chain"": [29481.5, 29425.12], ""invalid"": ""5m close back above 29553.75 OR-L voids the retest"", ""confirm"": {""rule"": ""touch"", ""ref_price"": 29530.63, ""side"": ""below""}, ""quality"": ""C""}"
2026-09-04:NY:8d5c8af5_8ef641a7-815c-4bb5-9798-b070b67d7998_deepseek_1781246265/v6/S1,2026-09-04:NY:8d5c8af5_8ef641a7-815c-4bb5-9798-b070b67d7998_deepseek_1781246265,6,2026-09-04,NY,1788541835724,1788541835724,1788551100000,S1,short,reject,B,True,short,"{""id"": ""S1"", ""trigger"": ""After 13:30 CT, price rallies into 29579.56 VWAP and stalls; sell the touch, not a chase."", ""condition"": ""reject"", ""direction"": ""short"", ""target_chain"": [29553.75, 29503.38, 29481.5], ""invalid"": ""A 5m close above 29601.00 PDH invalidates this fade."", ""confirm"": {""rule"": ""touch"", ""ref_price"": 29579.56, ""side"": ""below""}, ""quality"": ""B"", ""arm"": {""enabled"": true, ""entry"": 29579.56, ""stop"": 29614.5, ""target"": 29503.38, ""wait_confirm"": true}}"
2026-09-04:NY:8d5c8af5_8ef641a7-815c-4bb5-9798-b070b67d7998_deepseek_1781246265/v6/S2,2026-09-04:NY:8d5c8af5_8ef641a7-815c-4bb5-9798-b070b67d7998_deepseek_1781246265,6,2026-09-04,NY,1788541835724,1788541835724,1788551100000,S2,short,sweep_reclaim,B,True,short,"{""id"": ""S2"", ""trigger"": ""Price rallies to 29720.00 ONH and sweeps it; a 5m close back below 29720.00 confirms the reclaim and the short."", ""condition"": ""sweep_reclaim"", ""direction"": ""short"", ""target_chain"": [29635, 29579.56, 29553.75], ""invalid"": ""A 5m close above 29755.00 invalidates the fade."", ""confirm"": {""rule"": ""touch"", ""ref_price"": 29720, ""side"": ""above""}, ""quality"": ""B"", ""confirm2"": {""rule"": ""1x5m_close"", ""ref_price"": 29720, ""side"": ""below""}, ""arm"": {""enabled"": true, ""entry"": 29720, ""stop"": 29755, ""target"": 29635, ""wait_confirm"": true, ""legs"": [{""entry"": 29720, ""stop"": 29755, ""target"": 29635, ""size"": 1, ""rule"": ""touch""}, {""entry"": 29720, ""stop"": 29755, ""target"": 29635, ""size"": 1, ""wait_confirm"": true, ""rule"": ""1x5m_close""}]}}"
2026-09-04:NY:8d5c8af5_8ef641a7-815c-4bb5-9798-b070b67d7998_deepseek_1781246265/v6/S3,2026-09-04:NY:8d5c8af5_8ef641a7-815c-4bb5-9798-b070b67d7998_deepseek_1781246265,6,2026-09-04,NY,1788541835724,1788541835724,1788551100000,S3,long,sweep_reclaim,C,False,short,"{""id"": ""S3"", ""trigger"": ""A flush to 29144.50 Demand\u00b71h that sweeps the level and then posts a 5m close back above it."", ""condition"": ""sweep_reclaim"", ""direction"": ""long"", ""target_chain"": [29425.12, 29503.38], ""invalid"": ""A 5m close below 29101.75 PDL invalidates."", ""confirm"": {""rule"": ""touch"", ""ref_price"": 29144.5, ""side"": ""below""}, ""quality"": ""C"", ""confirm2"": {""rule"": ""1x5m_close"", ""ref_price"": 29144.5, ""side"": ""above""}}"
