opportunity,leg,time_ms,price,atr5m,confirm,invalidated,stop_composed,rr,kind,actual_guard,corrected_guard,status,bar_open_ms
2026-09-01:ASIA:8d5c8af5_8ef641a7-815c-4bb5-9798-b070b67d7998_deepseek_1781246265/v7/S1,0,1788325200000,29058.75,13.828140342280264,false,false,29023.25778948658,2.6925770502551516,limit,send_limit,send_limit,waiting_confirm,1788325140000
2026-09-01:ASIA:8d5c8af5_8ef641a7-815c-4bb5-9798-b070b67d7998_deepseek_1781246265/v7/S1,0,1788325260000,29058.75,13.53684460354596,false,false,29023.694733094682,2.7505178956978957,limit,send_limit,send_limit,waiting_confirm,1788325200000
2026-09-01:ASIA:8d5c8af5_8ef641a7-815c-4bb5-9798-b070b67d7998_deepseek_1781246265/v7/S1,0,1788325320000,29048.25,13.858273174974531,false,false,29023.212590237537,2.6867224266128162,limit,send_limit,send_limit,waiting_confirm,1788325260000
2026-09-01:ASIA:8d5c8af5_8ef641a7-815c-4bb5-9798-b070b67d7998_deepseek_1781246265/v7/S1,0,1788325380000,29042.5,14.304701746403103,true,false,29022.542947380396,2.602873795861972,limit,cancel_marketable,cancel_marketable,passes_known_local_checks,1788325320000
2026-09-01:ASIA:8d5c8af5_8ef641a7-815c-4bb5-9798-b070b67d7998_deepseek_1781246265/v7/S1,0,1788325440000,29044,14.304701746403103,true,false,29022.542947380396,2.602873795861972,limit,send_limit,send_limit,passes_known_local_checks,1788325380000
2026-09-01:ASIA:8d5c8af5_8ef641a7-815c-4bb5-9798-b070b67d7998_deepseek_1781246265/v7/S1,0,1788325500000,29042.75,14.304701746403286,true,true,29022.542947380396,2.602873795861972,limit,cancel_marketable,cancel_marketable,invalidation_refused,1788325440000
2026-09-01:ASIA:8d5c8af5_8ef641a7-815c-4bb5-9798-b070b67d7998_deepseek_1781246265/v7/S1,0,1788325560000,29047.5,13.818651621660194,true,true,29023.27202256751,2.694425936244979,limit,send_limit,send_limit,invalidation_refused,1788325500000
2026-09-01:ASIA:8d5c8af5_8ef641a7-815c-4bb5-9798-b070b67d7998_deepseek_1781246265/v7/S1,0,1788325620000,29038,14.175794478803052,true,true,29022.736308281794,2.6265429700609824,limit,cancel_marketable,cancel_marketable,invalidation_refused,1788325560000
2026-09-01:ASIA:8d5c8af5_8ef641a7-815c-4bb5-9798-b070b67d7998_deepseek_1781246265/v7/S1,0,1788325680000,29040,14.175794478803052,true,true,29022.736308281794,2.6265429700609824,limit,cancel_marketable,cancel_marketable,invalidation_refused,1788325620000
2026-09-01:ASIA:8d5c8af5_8ef641a7-815c-4bb5-9798-b070b67d7998_deepseek_1781246265/v7/S1,0,1788325740000,29043,14.175794478803052,true,true,29022.736308281794,2.6265429700609824,limit,cancel_marketable,cancel_marketable,invalidation_refused,1788325680000
2026-09-01:ASIA:8d5c8af5_8ef641a7-815c-4bb5-9798-b070b67d7998_deepseek_1781246265/v7/S1,0,1788325800000,29038.75,14.175794478803036,true,true,29022.736308281794,2.6265429700609824,limit,cancel_marketable,cancel_marketable,invalidation_refused,1788325740000
2026-09-01:ASIA:8d5c8af5_8ef641a7-815c-4bb5-9798-b070b67d7998_deepseek_1781246265/v7/S1,0,1788325860000,29056,14.520380587459963,true,true,29022.21942911881,2.5642119439684117,limit,send_limit,send_limit,invalidation_refused,1788325800000
2026-09-01:ASIA:8d5c8af5_8ef641a7-815c-4bb5-9798-b070b67d7998_deepseek_1781246265/v7/S1,0,1788325920000,29057,14.681094873174247,true,true,29021.978357690237,2.5361414564089526,limit,send_limit,send_limit,invalidation_refused,1788325860000
2026-09-01:ASIA:8d5c8af5_8ef641a7-815c-4bb5-9798-b070b67d7998_deepseek_1781246265/v7/S1,0,1788325980000,29059.25,14.859666301745676,true,true,29021.710500547382,2.5056641634650685,limit,send_limit,send_limit,invalidation_refused,1788325920000
2026-09-01:ASIA:8d5c8af5_8ef641a7-815c-4bb5-9798-b070b67d7998_deepseek_1781246265/v7/S1,0,1788326040000,29067,15.252523444602819,true,true,29021.121214833096,2.441126117167711,limit,send_limit,send_limit,invalidation_refused,1788325980000
2026-09-01:ASIA:8d5c8af5_8ef641a7-815c-4bb5-9798-b070b67d7998_deepseek_1781246265/v7/S1,0,1788326100000,29067.25,15.502523444602721,true,false,29020.746214833096,2.401759524272514,limit,send_limit,send_limit,passes_known_local_checks,1788326040000
2026-09-01:ASIA:8d5c8af5_8ef641a7-815c-4bb5-9798-b070b67d7998_deepseek_1781246265/v7/S1,0,1788326160000,29070.25,14.895200341416812,true,false,29021.657199487876,2.499686642670069,limit,outside_band,outside_band,passes_known_local_checks,1788326100000
2026-09-01:ASIA:8d5c8af5_8ef641a7-815c-4bb5-9798-b070b67d7998_deepseek_1781246265/v7/S1,0,1788326220000,29073.5,15.180914627131099,true,false,29021.228628059303,2.4526409803260254,limit,outside_band,outside_band,passes_known_local_checks,1788326160000
2026-09-01:ASIA:8d5c8af5_8ef641a7-815c-4bb5-9798-b070b67d7998_deepseek_1781246265/v7/S1,0,1788326280000,29083.75,15.788057484273955,true,false,29020.31791377359,2.358322635347662,limit,outside_band,outside_band,passes_known_local_checks,1788326220000
2026-09-01:ASIA:8d5c8af5_8ef641a7-815c-4bb5-9798-b070b67d7998_deepseek_1781246265/v7/S1,0,1788326340000,29083.25,16.038057484273956,true,false,29019.94291377359,2.3215612844536997,limit,outside_band,outside_band,passes_known_local_checks,1788326280000
2026-09-01:ASIA:8d5c8af5_8ef641a7-815c-4bb5-9798-b070b67d7998_deepseek_1781246265/v7/S3,0,1788325200000,29058.75,13.828140342280264,false,true,29044,2.644906444906549,limit,cancel_marketable,cancel_marketable,waiting_confirm,1788325140000
2026-09-01:ASIA:8d5c8af5_8ef641a7-815c-4bb5-9798-b070b67d7998_deepseek_1781246265/v7/S3,0,1788325260000,29058.75,13.53684460354596,false,true,29044,2.644906444906549,limit,cancel_marketable,cancel_marketable,waiting_confirm,1788325200000
2026-09-01:ASIA:8d5c8af5_8ef641a7-815c-4bb5-9798-b070b67d7998_deepseek_1781246265/v7/S3,0,1788325320000,29048.25,13.858273174974531,false,true,29044,2.644906444906549,limit,cancel_marketable,cancel_marketable,waiting_confirm,1788325260000
2026-09-01:ASIA:8d5c8af5_8ef641a7-815c-4bb5-9798-b070b67d7998_deepseek_1781246265/v7/S3,0,1788325380000,29042.5,14.304701746403103,false,true,29044,2.644906444906549,limit,cancel_marketable,cancel_marketable,waiting_confirm,1788325320000
2026-09-01:ASIA:8d5c8af5_8ef641a7-815c-4bb5-9798-b070b67d7998_deepseek_1781246265/v7/S3,0,1788325440000,29044,14.304701746403103,false,true,29044,2.644906444906549,limit,cancel_marketable,cancel_marketable,waiting_confirm,1788325380000
2026-09-01:ASIA:8d5c8af5_8ef641a7-815c-4bb5-9798-b070b67d7998_deepseek_1781246265/v7/S3,0,1788325500000,29042.75,14.304701746403286,false,true,29044,2.644906444906549,limit,cancel_marketable,cancel_marketable,waiting_confirm,1788325440000
2026-09-01:ASIA:8d5c8af5_8ef641a7-815c-4bb5-9798-b070b67d7998_deepseek_1781246265/v7/S3,0,1788325560000,29047.5,13.818651621660194,false,true,29044,2.644906444906549,limit,cancel_marketable,cancel_marketable,waiting_confirm,1788325500000
2026-09-01:ASIA:8d5c8af5_8ef641a7-815c-4bb5-9798-b070b67d7998_deepseek_1781246265/v7/S3,0,1788325620000,29038,14.175794478803052,false,true,29044,2.644906444906549,limit,cancel_marketable,cancel_marketable,waiting_confirm,1788325560000
2026-09-01:ASIA:8d5c8af5_8ef641a7-815c-4bb5-9798-b070b67d7998_deepseek_1781246265/v7/S3,0,1788325680000,29040,14.175794478803052,false,true,29044,2.644906444906549,limit,cancel_marketable,cancel_marketable,waiting_confirm,1788325620000
2026-09-01:ASIA:8d5c8af5_8ef641a7-815c-4bb5-9798-b070b67d7998_deepseek_1781246265/v7/S3,0,1788325740000,29043,14.175794478803052,false,true,29044,2.644906444906549,limit,cancel_marketable,cancel_marketable,waiting_confirm,1788325680000
2026-09-01:ASIA:8d5c8af5_8ef641a7-815c-4bb5-9798-b070b67d7998_deepseek_1781246265/v7/S3,0,1788325800000,29038.75,14.175794478803036,false,true,29044,2.644906444906549,limit,cancel_marketable,cancel_marketable,waiting_confirm,1788325740000
2026-09-01:ASIA:8d5c8af5_8ef641a7-815c-4bb5-9798-b070b67d7998_deepseek_1781246265/v7/S3,0,1788325860000,29056,14.520380587459963,false,true,29044,2.644906444906549,limit,cancel_marketable,cancel_marketable,waiting_confirm,1788325800000
2026-09-01:ASIA:8d5c8af5_8ef641a7-815c-4bb5-9798-b070b67d7998_deepseek_1781246265/v7/S3,0,1788325920000,29057,14.681094873174247,false,true,29044,2.644906444906549,limit,cancel_marketable,cancel_marketable,waiting_confirm,1788325860000
2026-09-01:ASIA:8d5c8af5_8ef641a7-815c-4bb5-9798-b070b67d7998_deepseek_1781246265/v7/S3,0,1788325980000,29059.25,14.859666301745676,false,true,29044,2.644906444906549,limit,cancel_marketable,cancel_marketable,waiting_confirm,1788325920000
2026-09-01:ASIA:8d5c8af5_8ef641a7-815c-4bb5-9798-b070b67d7998_deepseek_1781246265/v7/S3,0,1788326040000,29067,15.252523444602819,false,true,29044,2.644906444906549,limit,cancel_marketable,cancel_marketable,waiting_confirm,1788325980000
2026-09-01:ASIA:8d5c8af5_8ef641a7-815c-4bb5-9798-b070b67d7998_deepseek_1781246265/v7/S3,0,1788326100000,29067.25,15.502523444602721,true,true,29044,2.644906444906549,limit,cancel_marketable,cancel_marketable,invalidation_refused,1788326040000
2026-09-01:ASIA:8d5c8af5_8ef641a7-815c-4bb5-9798-b070b67d7998_deepseek_1781246265/v7/S3,0,1788326160000,29070.25,14.895200341416812,true,true,29044,2.644906444906549,limit,send_limit,send_limit,invalidation_refused,1788326100000
2026-09-01:ASIA:8d5c8af5_8ef641a7-815c-4bb5-9798-b070b67d7998_deepseek_1781246265/v7/S3,0,1788326220000,29073.5,15.180914627131099,true,true,29044,2.644906444906549,limit,send_limit,send_limit,invalidation_refused,1788326160000
2026-09-01:ASIA:8d5c8af5_8ef641a7-815c-4bb5-9798-b070b67d7998_deepseek_1781246265/v7/S3,0,1788326280000,29083.75,15.788057484273955,true,true,29044,2.644906444906549,limit,send_limit,send_limit,invalidation_refused,1788326220000
2026-09-01:ASIA:8d5c8af5_8ef641a7-815c-4bb5-9798-b070b67d7998_deepseek_1781246265/v7/S3,0,1788326340000,29083.25,16.038057484273956,true,true,29043.99291377359,2.644127364442346,limit,send_limit,send_limit,invalidation_refused,1788326280000
2026-09-01:ASIA:8d5c8af5_8ef641a7-815c-4bb5-9798-b070b67d7998_deepseek_1781246265/v10/S2,0,1788331920000,29059.5,20.725174451825048,false,false,29348.337761677736,3.3694931492934717,limit,outside_band,outside_band,waiting_confirm,1788331860000
2026-09-01:ASIA:8d5c8af5_8ef641a7-815c-4bb5-9798-b070b67d7998_deepseek_1781246265/v10/S2,0,1788331980000,29061.25,20.725174451825048,false,false,29348.337761677736,3.3694931492934717,limit,outside_band,outside_band,waiting_confirm,1788331920000
2026-09-01:ASIA:8d5c8af5_8ef641a7-815c-4bb5-9798-b070b67d7998_deepseek_1781246265/v10/S2,0,1788332040000,29055.25,20.814460166110763,false,false,29348.471690249167,3.3550393705156227,limit,outside_band,outside_band,waiting_confirm,1788331980000
2026-09-01:ASIA:8d5c8af5_8ef641a7-815c-4bb5-9798-b070b67d7998_deepseek_1781246265/v10/S2,0,1788332100000,29054,21.010888737539393,false,false,29348.76633310631,3.3236734631108558,limit,outside_band,outside_band,waiting_confirm,1788332040000
2026-09-01:ASIA:8d5c8af5_8ef641a7-815c-4bb5-9798-b070b67d7998_deepseek_1781246265/v10/S2,0,1788332160000,29054.5,20.04582525628658,false,false,29347.31873788443,3.4836846296179065,limit,outside_band,outside_band,waiting_confirm,1788332100000
2026-09-01:ASIA:8d5c8af5_8ef641a7-815c-4bb5-9798-b070b67d7998_deepseek_1781246265/v10/S2,0,1788332220000,29064.25,20.527968113429438,false,false,29348.041952170144,3.401862909541841,limit,outside_band,outside_band,waiting_confirm,1788332160000
2026-09-01:ASIA:8d5c8af5_8ef641a7-815c-4bb5-9798-b070b67d7998_deepseek_1781246265/v10/S2,0,1788332280000,29062.5,20.67082525628658,false,false,29348.25623788443,3.378352458961151,limit,outside_band,outside_band,waiting_confirm,1788332220000
2026-09-01:ASIA:8d5c8af5_8ef641a7-815c-4bb5-9798-b070b67d7998_deepseek_1781246265/v10/S2,0,1788332340000,29069,20.79582525628658,false,false,29348.44373788443,3.3580457843201685,limit,outside_band,outside_band,waiting_confirm,1788332280000
2026-09-02:LONDON:8d5c8af5_8ef641a7-815c-4bb5-9798-b070b67d7998_deepseek_1781246265/v2/S3,0,1788351360000,29102,27.590590464371466,false,false,29358.635885696556,1.7155607233001182,limit,outside_band,outside_band,waiting_confirm,1788351300000
2026-09-02:LONDON:8d5c8af5_8ef641a7-815c-4bb5-9798-b070b67d7998_deepseek_1781246265/v2/S3,0,1788351420000,29101,27.85844760722861,false,false,29359.037671410842,1.699065719694014,limit,outside_band,outside_band,waiting_confirm,1788351360000
2026-09-02:LONDON:8d5c8af5_8ef641a7-815c-4bb5-9798-b070b67d7998_deepseek_1781246265/v2/S3,0,1788351480000,29102,27.85844760722861,false,false,29359.037671410842,1.699065719694014,limit,outside_band,outside_band,waiting_confirm,1788351420000
2026-09-02:LONDON:8d5c8af5_8ef641a7-815c-4bb5-9798-b070b67d7998_deepseek_1781246265/v2/S3,0,1788351540000,29107,27.85844760722861,false,false,29359.037671410842,1.699065719694014,limit,outside_band,outside_band,waiting_confirm,1788351480000
2026-09-02:LONDON:8d5c8af5_8ef641a7-815c-4bb5-9798-b070b67d7998_deepseek_1781246265/v2/S3,0,1788351600000,29099.25,27.858447607228754,false,false,29359.037671410842,1.699065719694014,limit,outside_band,outside_band,waiting_confirm,1788351540000
2026-09-02:LONDON:8d5c8af5_8ef641a7-815c-4bb5-9798-b070b67d7998_deepseek_1781246265/v2/S3,0,1788351660000,29137.75,29.136415635283843,false,false,29360.954623452926,1.6245420825207066,limit,outside_band,outside_band,waiting_confirm,1788351600000
2026-09-02:LONDON:8d5c8af5_8ef641a7-815c-4bb5-9798-b070b67d7998_deepseek_1781246265/v3/S4,0,1788351720000,29131.5,29.779272778140985,false,false,29361.918909167212,1.5894724389668995,limit,outside_band,outside_band,waiting_confirm,1788351660000
2026-09-02:LONDON:8d5c8af5_8ef641a7-815c-4bb5-9798-b070b67d7998_deepseek_1781246265/v3/S4,0,1788351780000,29121.5,29.779272778140985,false,false,29361.918909167212,1.5894724389668995,limit,outside_band,outside_band,waiting_confirm,1788351720000
2026-09-02:LONDON:8d5c8af5_8ef641a7-815c-4bb5-9798-b070b67d7998_deepseek_1781246265/v3/S4,0,1788351840000,29116.75,29.779272778140985,false,false,29361.918909167212,1.5894724389668995,limit,outside_band,outside_band,waiting_confirm,1788351780000
2026-09-02:LONDON:8d5c8af5_8ef641a7-815c-4bb5-9798-b070b67d7998_deepseek_1781246265/v3/S4,0,1788351900000,29128.25,29.77927277814104,false,false,29361.918909167212,1.5894724389668995,limit,outside_band,outside_band,waiting_confirm,1788351840000
2026-09-02:LONDON:8d5c8af5_8ef641a7-815c-4bb5-9798-b070b67d7998_deepseek_1781246265/v3/S4,0,1788351960000,29117.5,28.973610436845252,false,false,29360.710415655267,1.633670523613497,limit,outside_band,outside_band,waiting_confirm,1788351900000
2026-09-02:LONDON:8d5c8af5_8ef641a7-815c-4bb5-9798-b070b67d7998_deepseek_1781246265/v3/S4,0,1788352020000,29113.5,29.330753293988106,false,false,29361.24612994098,1.6137783049382801,limit,outside_band,outside_band,waiting_confirm,1788351960000
2026-09-02:LONDON:8d5c8af5_8ef641a7-815c-4bb5-9798-b070b67d7998_deepseek_1781246265/v3/S4,0,1788352080000,29108,29.848610436845252,false,false,29362.022915655267,1.5857801298148861,limit,outside_band,outside_band,waiting_confirm,1788352020000
2026-09-02:LONDON:8d5c8af5_8ef641a7-815c-4bb5-9798-b070b67d7998_deepseek_1781246265/v3/S4,0,1788352140000,29110.5,29.848610436845252,false,false,29362.022915655267,1.5857801298148861,limit,outside_band,outside_band,waiting_confirm,1788352080000
2026-09-02:LONDON:8d5c8af5_8ef641a7-815c-4bb5-9798-b070b67d7998_deepseek_1781246265/v3/S4,0,1788352200000,29107.75,29.973610436845465,false,false,29362.210415655267,1.5791668952616273,limit,outside_band,outside_band,waiting_confirm,1788352140000
2026-09-02:LONDON:8d5c8af5_8ef641a7-815c-4bb5-9798-b070b67d7998_deepseek_1781246265/v3/S4,0,1788352260000,29101,28.582638262785075,false,false,29360.12395739418,1.6560169463069117,limit,outside_band,outside_band,waiting_confirm,1788352200000
2026-09-02:LONDON:8d5c8af5_8ef641a7-815c-4bb5-9798-b070b67d7998_deepseek_1781246265/v3/S4,0,1788352320000,29095.25,28.939781119927932,false,false,29360.659671679892,1.635580211791556,limit,outside_band,outside_band,waiting_confirm,1788352260000
2026-09-02:LONDON:8d5c8af5_8ef641a7-815c-4bb5-9798-b070b67d7998_deepseek_1781246265/v3/S4,0,1788352380000,29088.25,29.654066834213644,false,false,29361.73110025132,1.5961835386006098,limit,outside_band,outside_band,waiting_confirm,1788352320000
2026-09-02:LONDON:8d5c8af5_8ef641a7-815c-4bb5-9798-b070b67d7998_deepseek_1781246265/v3/S4,0,1788352440000,29086,29.654066834213644,false,false,29361.73110025132,1.5961835386006098,limit,outside_band,outside_band,waiting_confirm,1788352380000
2026-09-02:LONDON:8d5c8af5_8ef641a7-815c-4bb5-9798-b070b67d7998_deepseek_1781246265/v3/S4,0,1788352500000,29087.25,30.082638262785316,false,false,29362.37395739418,1.5734435563747764,limit,outside_band,outside_band,waiting_confirm,1788352440000
2026-09-02:LONDON:8d5c8af5_8ef641a7-815c-4bb5-9798-b070b67d7998_deepseek_1781246265/v3/S4,0,1788352560000,29086.75,28.25530695830065,false,false,29359.63296043745,1.6752015259713042,limit,outside_band,outside_band,waiting_confirm,1788352500000
2026-09-02:LONDON:8d5c8af5_8ef641a7-815c-4bb5-9798-b070b67d7998_deepseek_1781246265/v3/S4,0,1788352620000,29087.25,28.398164101157793,false,false,29359.847246151738,1.6667744141742775,limit,outside_band,outside_band,waiting_confirm,1788352560000
2026-09-02:LONDON:8d5c8af5_8ef641a7-815c-4bb5-9798-b070b67d7998_deepseek_1781246265/v3/S4,0,1788352680000,29081,28.808878386872077,false,false,29360.463317580306,1.6430120151746164,limit,outside_band,outside_band,waiting_confirm,1788352620000
2026-09-02:LONDON:8d5c8af5_8ef641a7-815c-4bb5-9798-b070b67d7998_deepseek_1781246265/v3/S4,0,1788352740000,29070,29.576735529729223,false,false,29361.615103294593,1.600356918557059,limit,outside_band,outside_band,waiting_confirm,1788352680000
2026-09-02:LONDON:8d5c8af5_8ef641a7-815c-4bb5-9798-b070b67d7998_deepseek_1781246265/v3/S4,0,1788352800000,29078.25,29.68387838687196,false,false,29361.775817580306,1.5945804896663576,limit,outside_band,outside_band,waiting_confirm,1788352740000
2026-09-02:LONDON:8d5c8af5_8ef641a7-815c-4bb5-9798-b070b67d7998_deepseek_1781246265/v3/S4,0,1788352860000,29080.25,28.45645850209539,false,false,29359.934687753142,1.6633599479657173,limit,outside_band,outside_band,waiting_confirm,1788352800000
2026-09-02:LONDON:8d5c8af5_8ef641a7-815c-4bb5-9798-b070b67d7998_deepseek_1781246265/v3/S4,0,1788352920000,29081.5,28.45645850209539,false,false,29359.934687753142,1.6633599479657173,limit,outside_band,outside_band,waiting_confirm,1788352860000
2026-09-02:LONDON:8d5c8af5_8ef641a7-815c-4bb5-9798-b070b67d7998_deepseek_1781246265/v3/S4,0,1788352980000,29072.25,28.599315644952533,false,false,29360.14897346743,1.6550512579026424,limit,outside_band,outside_band,waiting_confirm,1788352920000
2026-09-02:LONDON:8d5c8af5_8ef641a7-815c-4bb5-9798-b070b67d7998_deepseek_1781246265/v3/S4,0,1788353040000,29071.25,28.795744216381106,false,false,29360.44361632457,1.6437614175781048,limit,outside_band,outside_band,waiting_confirm,1788352980000
2026-09-02:LONDON:8d5c8af5_8ef641a7-815c-4bb5-9798-b070b67d7998_deepseek_1781246265/v4/S3,0,1788353100000,29069.75,28.885029930666605,false,false,28926.75,2.26,limit,outside_band,outside_band,waiting_confirm,1788353040000
2026-09-02:LONDON:8d5c8af5_8ef641a7-815c-4bb5-9798-b070b67d7998_deepseek_1781246265/v4/S3,0,1788353160000,29067.75,27.411099221333277,false,false,28926.75,2.26,limit,outside_band,outside_band,waiting_confirm,1788353100000
2026-09-02:LONDON:8d5c8af5_8ef641a7-815c-4bb5-9798-b070b67d7998_deepseek_1781246265/v4/S3,0,1788353220000,29061,27.696813507047562,false,false,28926.75,2.26,limit,outside_band,outside_band,waiting_confirm,1788353160000
2026-09-02:LONDON:8d5c8af5_8ef641a7-815c-4bb5-9798-b070b67d7998_deepseek_1781246265/v4/S3,0,1788353280000,29067.25,27.893242078476135,false,false,28926.75,2.26,limit,outside_band,outside_band,waiting_confirm,1788353220000
2026-09-02:LONDON:8d5c8af5_8ef641a7-815c-4bb5-9798-b070b67d7998_deepseek_1781246265/v4/S3,0,1788353340000,29061.25,27.893242078476135,false,false,28926.75,2.26,limit,outside_band,outside_band,waiting_confirm,1788353280000
2026-09-02:LONDON:8d5c8af5_8ef641a7-815c-4bb5-9798-b070b67d7998_deepseek_1781246265/v4/S3,0,1788353400000,29056.5,28.036099221333338,false,false,28926.75,2.26,limit,outside_band,outside_band,waiting_confirm,1788353340000
2026-09-02:LONDON:8d5c8af5_8ef641a7-815c-4bb5-9798-b070b67d7998_deepseek_1781246265/v4/S3,0,1788353460000,29058.25,26.408520705523813,false,false,28926.75,2.26,limit,outside_band,outside_band,waiting_confirm,1788353400000
2026-09-02:LONDON:8d5c8af5_8ef641a7-815c-4bb5-9798-b070b67d7998_deepseek_1781246265/v4/S3,0,1788353520000,29050.25,26.801377848380955,false,false,28926.75,2.26,limit,outside_band,outside_band,waiting_confirm,1788353460000
2026-09-02:LONDON:8d5c8af5_8ef641a7-815c-4bb5-9798-b070b67d7998_deepseek_1781246265/v4/S3,0,1788353580000,29044.5,27.26566356266667,false,false,28926.75,2.26,limit,outside_band,outside_band,waiting_confirm,1788353520000
2026-09-02:LONDON:8d5c8af5_8ef641a7-815c-4bb5-9798-b070b67d7998_deepseek_1781246265/v4/S3,0,1788353640000,29043.25,27.444234991238098,false,false,28926.75,2.26,limit,outside_band,outside_band,waiting_confirm,1788353580000
2026-09-02:LONDON:8d5c8af5_8ef641a7-815c-4bb5-9798-b070b67d7998_deepseek_1781246265/v4/S3,0,1788353700000,29042.25,27.444234991237888,false,false,28926.75,2.26,limit,outside_band,outside_band,waiting_confirm,1788353640000
2026-09-02:LONDON:8d5c8af5_8ef641a7-815c-4bb5-9798-b070b67d7998_deepseek_1781246265/v4/S3,0,1788353760000,29039.25,26.001789634720897,false,false,28926.75,2.26,limit,outside_band,outside_band,waiting_confirm,1788353700000
2026-09-02:LONDON:8d5c8af5_8ef641a7-815c-4bb5-9798-b070b67d7998_deepseek_1781246265/v4/S3,0,1788353820000,29039.75,26.180361063292327,false,false,28926.75,2.26,limit,outside_band,outside_band,waiting_confirm,1788353760000
2026-09-02:LONDON:8d5c8af5_8ef641a7-815c-4bb5-9798-b070b67d7998_deepseek_1781246265/v4/S3,0,1788353880000,29039.5,26.180361063292327,false,false,28926.75,2.26,limit,outside_band,outside_band,waiting_confirm,1788353820000
2026-09-02:LONDON:8d5c8af5_8ef641a7-815c-4bb5-9798-b070b67d7998_deepseek_1781246265/v4/S3,0,1788353940000,29035,26.180361063292327,false,false,28926.75,2.26,limit,outside_band,outside_band,waiting_confirm,1788353880000
2026-09-02:LONDON:8d5c8af5_8ef641a7-815c-4bb5-9798-b070b67d7998_deepseek_1781246265/v4/S3,0,1788354000000,29040,26.287503920435363,false,false,28926.75,2.26,limit,outside_band,outside_band,waiting_confirm,1788353940000
2026-09-02:LONDON:8d5c8af5_8ef641a7-815c-4bb5-9798-b070b67d7998_deepseek_1781246265/v4/S3,0,1788354060000,29047,25.64196792611855,false,false,28926.75,2.26,limit,outside_band,outside_band,waiting_confirm,1788354000000
2026-09-02:LONDON:8d5c8af5_8ef641a7-815c-4bb5-9798-b070b67d7998_deepseek_1781246265/v5/S1,0,1788354120000,29048.25,25.64196792611855,false,false,28975.72704811082,4.083409938283813,limit,outside_band,outside_band,waiting_confirm,1788354060000
2026-09-02:LONDON:8d5c8af5_8ef641a7-815c-4bb5-9798-b070b67d7998_deepseek_1781246265/v5/S1,0,1788354180000,29056,26.01696792611855,false,false,28975.16454811082,4.02455301340291,limit,outside_band,outside_band,waiting_confirm,1788354120000
2026-09-02:LONDON:8d5c8af5_8ef641a7-815c-4bb5-9798-b070b67d7998_deepseek_1781246265/v5/S1,0,1788354240000,29052.5,26.01696792611855,false,false,28975.16454811082,4.02455301340291,limit,outside_band,outside_band,waiting_confirm,1788354180000
2026-09-02:LONDON:8d5c8af5_8ef641a7-815c-4bb5-9798-b070b67d7998_deepseek_1781246265/v5/S1,0,1788354300000,29054,26.01696792611845,false,false,28975.16454811082,4.02455301340291,limit,outside_band,outside_band,waiting_confirm,1788354240000
2026-09-02:LONDON:8d5c8af5_8ef641a7-815c-4bb5-9798-b070b67d7998_deepseek_1781246265/v5/S1,0,1788354360000,29058,24.944327359967133,false,false,28976.773508960046,4.197614357591609,limit,outside_band,outside_band,waiting_confirm,1788354300000
2026-09-02:LONDON:8d5c8af5_8ef641a7-815c-4bb5-9798-b070b67d7998_deepseek_1781246265/v5/S1,0,1788354420000,29063.75,25.337184502824275,false,false,28976.184223245764,4.132529668203683,limit,outside_band,outside_band,waiting_confirm,1788354360000
2026-09-02:LONDON:8d5c8af5_8ef641a7-815c-4bb5-9798-b070b67d7998_deepseek_1781246265/v5/S1,0,1788354480000,29061.75,25.337184502824275,false,false,28976.184223245764,4.132529668203683,limit,outside_band,outside_band,waiting_confirm,1788354420000
2026-09-02:LONDON:8d5c8af5_8ef641a7-815c-4bb5-9798-b070b67d7998_deepseek_1781246265/v5/S1,0,1788354540000,29066.75,25.37289878853856,false,false,28976.13065181719,4.1267128182439725,limit,outside_band,outside_band,waiting_confirm,1788354480000
2026-09-02:LONDON:8d5c8af5_8ef641a7-815c-4bb5-9798-b070b67d7998_deepseek_1781246265/v5/S1,0,1788354600000,29062.75,25.587184502824446,false,false,28975.80922324576,4.092152720245737,limit,outside_band,outside_band,waiting_confirm,1788354540000
2026-09-02:LONDON:8d5c8af5_8ef641a7-815c-4bb5-9798-b070b67d7998_deepseek_1781246265/v5/S1,0,1788354660000,29061.25,24.24167132405127,false,false,28977.827493013923,4.319284147821418,limit,outside_band,outside_band,waiting_confirm,1788354600000
2026-09-02:LONDON:8d5c8af5_8ef641a7-815c-4bb5-9798-b070b67d7998_deepseek_1781246265/v5/S1,0,1788354720000,29062.75,24.277385609765556,false,false,28977.77392158535,4.312930080269869,limit,outside_band,outside_band,waiting_confirm,1788354660000
2026-09-02:LONDON:8d5c8af5_8ef641a7-815c-4bb5-9798-b070b67d7998_deepseek_1781246265/v5/S1,0,1788354780000,29063.5,24.2952427526227,false,false,28977.747135871065,4.3097600519082695,limit,outside_band,outside_band,waiting_confirm,1788354720000
2026-09-02:LONDON:8d5c8af5_8ef641a7-815c-4bb5-9798-b070b67d7998_deepseek_1781246265/v5/S1,0,1788354840000,29068,24.5452427526227,false,false,28977.372135871065,4.2658639689142674,limit,outside_band,outside_band,waiting_confirm,1788354780000
2026-09-02:LONDON:8d5c8af5_8ef641a7-815c-4bb5-9798-b070b67d7998_deepseek_1781246265/v5/S1,0,1788354900000,29067.75,24.5809570383363,false,false,28977.318564442496,4.2596659887315145,limit,outside_band,outside_band,waiting_confirm,1788354840000
2026-09-02:LONDON:8d5c8af5_8ef641a7-815c-4bb5-9798-b070b67d7998_deepseek_1781246265/v5/S1,0,1788354960000,29068.75,23.521602964169425,false,false,28978.907595553745,4.451510674088323,limit,outside_band,outside_band,waiting_confirm,1788354900000
2026-09-02:LONDON:8d5c8af5_8ef641a7-815c-4bb5-9798-b070b67d7998_deepseek_1781246265/v5/S1,0,1788355020000,29071.75,23.664460107026567,false,false,28978.69330983946,4.424637882846783,limit,outside_band,outside_band,waiting_confirm,1788354960000
2026-09-02:LONDON:8d5c8af5_8ef641a7-815c-4bb5-9798-b070b67d7998_deepseek_1781246265/v5/S1,0,1788355080000,29072.25,23.664460107026567,false,false,28978.69330983946,4.424637882846783,limit,outside_band,outside_band,waiting_confirm,1788355020000
2026-09-02:LONDON:8d5c8af5_8ef641a7-815c-4bb5-9798-b070b67d7998_deepseek_1781246265/v5/S1,0,1788355140000,29078.25,24.039460107026567,false,false,28978.13080983946,4.35561639905803,limit,outside_band,outside_band,waiting_confirm,1788355080000
2026-09-02:LONDON:8d5c8af5_8ef641a7-815c-4bb5-9798-b070b67d7998_deepseek_1781246265/v5/S1,0,1788355200000,29075.25,24.11088867845483,false,false,28978.023666982317,4.342712873965275,limit,outside_band,outside_band,waiting_confirm,1788355140000
2026-09-02:NY:8d5c8af5_8ef641a7-815c-4bb5-9798-b070b67d7998_deepseek_1781246265/v1/S4,0,1788355800000,29098.25,24.829031564586057,false,false,29354.49354734688,1.906370500605626,limit,outside_band,outside_band,waiting_confirm,1788355740000
2026-09-02:NY:8d5c8af5_8ef641a7-815c-4bb5-9798-b070b67d7998_deepseek_1781246265/v1/S4,0,1788355860000,29065.25,27.287672167115623,false,false,29358.181508250673,1.7346050276276588,limit,outside_band,outside_band,waiting_confirm,1788355800000
2026-09-02:NY:8d5c8af5_8ef641a7-815c-4bb5-9798-b070b67d7998_deepseek_1781246265/v1/S4,0,1788355920000,29055.5,27.287672167115623,false,false,29358.181508250673,1.7346050276276588,limit,outside_band,outside_band,waiting_confirm,1788355860000
2026-09-02:NY:8d5c8af5_8ef641a7-815c-4bb5-9798-b070b67d7998_deepseek_1781246265/v1/S4,0,1788355980000,29078.75,27.287672167115623,false,false,29358.181508250673,1.7346050276276588,limit,outside_band,outside_band,waiting_confirm,1788355920000
2026-09-02:NY:8d5c8af5_8ef641a7-815c-4bb5-9798-b070b67d7998_deepseek_1781246265/v1/S4,0,1788356040000,29072.5,27.287672167115623,false,false,29358.181508250673,1.7346050276276588,limit,outside_band,outside_band,waiting_confirm,1788355980000
2026-09-02:NY:8d5c8af5_8ef641a7-815c-4bb5-9798-b070b67d7998_deepseek_1781246265/v1/S4,0,1788356100000,29083.5,27.287672167115666,false,false,29358.181508250673,1.7346050276276588,limit,outside_band,outside_band,waiting_confirm,1788356040000
2026-09-02:NY:8d5c8af5_8ef641a7-815c-4bb5-9798-b070b67d7998_deepseek_1781246265/v1/S4,0,1788356160000,29066,27.749267012321692,false,false,29358.873900518483,1.7057507613557716,limit,outside_band,outside_band,waiting_confirm,1788356100000
2026-09-02:NY:8d5c8af5_8ef641a7-815c-4bb5-9798-b070b67d7998_deepseek_1781246265/v1/S4,0,1788356220000,29051.25,28.30283844089312,false,false,29359.70425766134,1.6723882105388232,limit,outside_band,outside_band,waiting_confirm,1788356160000
2026-09-02:NY:8d5c8af5_8ef641a7-815c-4bb5-9798-b070b67d7998_deepseek_1781246265/v1/S4,0,1788356280000,29048.5,29.213552726607407,false,false,29361.07032908991,1.6202525511463308,limit,outside_band,outside_band,waiting_confirm,1788356220000
2026-09-02:NY:8d5c8af5_8ef641a7-815c-4bb5-9798-b070b67d7998_deepseek_1781246265/v1/S4,0,1788356340000,29057,29.213552726607407,false,false,29361.07032908991,1.6202525511463308,limit,outside_band,outside_band,waiting_confirm,1788356280000
2026-09-02:NY:8d5c8af5_8ef641a7-815c-4bb5-9798-b070b67d7998_deepseek_1781246265/v1/S4,0,1788356400000,29087,29.21355272660751,false,false,29361.07032908991,1.6202525511463308,limit,outside_band,outside_band,waiting_confirm,1788356340000
2026-09-02:NY:8d5c8af5_8ef641a7-815c-4bb5-9798-b070b67d7998_deepseek_1781246265/v1/S4,0,1788356460000,29100,29.51972753184983,false,false,29361.529591297774,1.603447500735368,limit,outside_band,outside_band,recorded_dormant_requires_fresh_authorization,1788356400000
2026-09-02:NY:8d5c8af5_8ef641a7-815c-4bb5-9798-b070b67d7998_deepseek_1781246265/v1/S4,0,1788356520000,29107.75,29.76972753184983,false,false,29361.904591297774,1.589982081048373,limit,outside_band,outside_band,recorded_dormant_requires_fresh_authorization,1788356460000
2026-09-02:NY:8d5c8af5_8ef641a7-815c-4bb5-9798-b070b67d7998_deepseek_1781246265/v1/S4,0,1788356580000,29110,30.234013246135543,false,false,29362.601019869202,1.5655656742620756,limit,outside_band,outside_band,recorded_dormant_requires_fresh_authorization,1788356520000
2026-09-02:NY:8d5c8af5_8ef641a7-815c-4bb5-9798-b070b67d7998_deepseek_1781246265/v1/S4,0,1788356640000,29083,30.234013246135543,false,false,29362.601019869202,1.5655656742620756,limit,outside_band,outside_band,recorded_dormant_requires_fresh_authorization,1788356580000
2026-09-02:NY:8d5c8af5_8ef641a7-815c-4bb5-9798-b070b67d7998_deepseek_1781246265/v1/S4,0,1788356700000,29090.25,30.234013246135454,false,false,29362.601019869202,1.5655656742620756,limit,outside_band,outside_band,recorded_dormant_requires_fresh_authorization,1788356640000
2026-09-02:LONDON:8d5c8af5_8ef641a7-815c-4bb5-9798-b070b67d7998_deepseek_1781246265/v6/S2,0,1788355260000,29073.25,22.995825201422345,false,false,28967.256262197865,1.6524738585005412,limit,outside_band,outside_band,waiting_confirm,1788355200000
2026-09-02:LONDON:8d5c8af5_8ef641a7-815c-4bb5-9798-b070b67d7998_deepseek_1781246265/v6/S2,0,1788355320000,29078.75,23.013682344279488,false,false,28967.229476483582,1.6511916446716517,limit,outside_band,outside_band,waiting_confirm,1788355260000
2026-09-02:LONDON:8d5c8af5_8ef641a7-815c-4bb5-9798-b070b67d7998_deepseek_1781246265/v6/S2,0,1788355380000,29084,23.424396629993772,false,false,28966.61340505501,1.6222402907634998,limit,outside_band,outside_band,waiting_confirm,1788355320000
2026-09-02:LONDON:8d5c8af5_8ef641a7-815c-4bb5-9798-b070b67d7998_deepseek_1781246265/v6/S2,0,1788355440000,29090.25,23.83511091570806,false,false,28965.997333626437,1.5942866863252723,limit,outside_band,outside_band,waiting_confirm,1788355380000
2026-09-02:LONDON:8d5c8af5_8ef641a7-815c-4bb5-9798-b070b67d7998_deepseek_1781246265/v6/S2,0,1788355500000,29089.25,23.835110915708018,false,false,28965.997333626437,1.5942866863252723,limit,outside_band,outside_band,waiting_confirm,1788355440000
2026-09-02:LONDON:8d5c8af5_8ef641a7-815c-4bb5-9798-b070b67d7998_deepseek_1781246265/v6/S2,0,1788355560000,29082,23.02546013601459,false,false,28967.21180979598,1.6503470408638927,limit,outside_band,outside_band,waiting_confirm,1788355500000
2026-09-02:LONDON:8d5c8af5_8ef641a7-815c-4bb5-9798-b070b67d7998_deepseek_1781246265/v6/S2,0,1788355620000,29100,23.829031564586018,false,false,28966.00645265312,1.5946934266717723,limit,outside_band,outside_band,waiting_confirm,1788355560000
2026-09-02:LONDON:8d5c8af5_8ef641a7-815c-4bb5-9798-b070b67d7998_deepseek_1781246265/v6/S2,0,1788355680000,29110,24.436174421728875,false,false,28965.095738367407,1.5550715649750027,limit,outside_band,outside_band,waiting_confirm,1788355620000
2026-09-02:LONDON:8d5c8af5_8ef641a7-815c-4bb5-9798-b070b67d7998_deepseek_1781246265/v6/S2,0,1788355740000,29108.25,24.829031564586018,false,false,28964.50645265312,1.5304664582326857,limit,outside_band,outside_band,waiting_confirm,1788355680000
2026-09-02:NY:8d5c8af5_8ef641a7-815c-4bb5-9798-b070b67d7998_deepseek_1781246265/v3/S4,0,1788358920000,29175.75,36.581397274736155,false,false,29372.122095912106,1.968213500956752,limit,outside_band,outside_band,waiting_confirm,1788358860000
2026-09-02:NY:8d5c8af5_8ef641a7-815c-4bb5-9798-b070b67d7998_deepseek_1781246265/v3/S4,0,1788358980000,29179.5,37.04568298902187,false,false,29372.818524483533,1.9435462971849138,limit,outside_band,outside_band,waiting_confirm,1788358920000
2026-09-02:NY:8d5c8af5_8ef641a7-815c-4bb5-9798-b070b67d7998_deepseek_1781246265/v3/S4,0,1788359040000,29186.25,37.384968703307585,false,false,29373.32745305496,1.9259077243424532,limit,outside_band,outside_band,waiting_confirm,1788358980000
2026-09-02:NY:8d5c8af5_8ef641a7-815c-4bb5-9798-b070b67d7998_deepseek_1781246265/v3/S4,0,1788359100000,29173,37.38496870330771,false,false,29373.32745305496,1.9259077243424532,limit,outside_band,outside_band,waiting_confirm,1788359040000
2026-09-02:NY:8d5c8af5_8ef641a7-815c-4bb5-9798-b070b67d7998_deepseek_1781246265/v3/S4,0,1788359160000,29169,36.018185224500016,false,false,29371.27727783675,1.9989902198355005,limit,outside_band,outside_band,waiting_confirm,1788359100000
2026-09-02:NY:8d5c8af5_8ef641a7-815c-4bb5-9798-b070b67d7998_deepseek_1781246265/v3/S4,0,1788359220000,29187.75,36.8038995102143,false,false,29372.455849265323,1.9563144383658406,limit,outside_band,outside_band,waiting_confirm,1788359160000
2026-09-02:NY:8d5c8af5_8ef641a7-815c-4bb5-9798-b070b67d7998_deepseek_1781246265/v3/S4,0,1788359280000,29177.75,36.8038995102143,false,false,29372.455849265323,1.9563144383658406,limit,outside_band,outside_band,waiting_confirm,1788359220000
2026-09-02:NY:8d5c8af5_8ef641a7-815c-4bb5-9798-b070b67d7998_deepseek_1781246265/v3/S4,0,1788359340000,29186,36.8038995102143,false,false,29372.455849265323,1.9563144383658406,limit,outside_band,outside_band,waiting_confirm,1788359280000
2026-09-02:NY:8d5c8af5_8ef641a7-815c-4bb5-9798-b070b67d7998_deepseek_1781246265/v3/S4,0,1788359400000,29187.5,37.12532808164304,false,false,29372.937992122464,1.9393768007022987,limit,outside_band,outside_band,waiting_confirm,1788359340000
2026-09-02:NY:8d5c8af5_8ef641a7-815c-4bb5-9798-b070b67d7998_deepseek_1781246265/v3/S4,0,1788359460000,29175.25,35.95566179009711,false,false,29371.183492685144,2.0024662713851655,limit,outside_band,outside_band,waiting_confirm,1788359400000
2026-09-02:NY:8d5c8af5_8ef641a7-815c-4bb5-9798-b070b67d7998_deepseek_1781246265/v3/S4,0,1788359520000,29188.25,35.95566179009711,false,false,29371.183492685144,2.0024662713851655,limit,outside_band,outside_band,waiting_confirm,1788359460000
2026-09-02:NY:8d5c8af5_8ef641a7-815c-4bb5-9798-b070b67d7998_deepseek_1781246265/v3/S4,0,1788359580000,29177.25,35.95566179009711,false,false,29371.183492685144,2.0024662713851655,limit,outside_band,outside_band,waiting_confirm,1788359520000
2026-09-02:NY:8d5c8af5_8ef641a7-815c-4bb5-9798-b070b67d7998_deepseek_1781246265/v3/S4,0,1788359640000,29188.5,36.00923321866854,false,false,29371.263849828003,1.999487174935795,limit,outside_band,outside_band,waiting_confirm,1788359580000
2026-09-02:NY:8d5c8af5_8ef641a7-815c-4bb5-9798-b070b67d7998_deepseek_1781246265/v3/S4,0,1788359700000,29204.75,36.955661790097146,false,false,29372.683492685144,1.9482806290671104,limit,outside_band,outside_band,waiting_confirm,1788359640000
2026-09-02:NY:8d5c8af5_8ef641a7-815c-4bb5-9798-b070b67d7998_deepseek_1781246265/v3/S4,0,1788359760000,29199.25,35.35168594794735,false,false,29370.27752892192,2.0366779707766938,limit,outside_band,outside_band,waiting_confirm,1788359700000
2026-09-02:NY:8d5c8af5_8ef641a7-815c-4bb5-9798-b070b67d7998_deepseek_1781246265/v3/S4,0,1788359820000,29199.5,35.79811451937592,false,false,29370.947171779066,2.0112791125082077,limit,outside_band,outside_band,waiting_confirm,1788359760000
2026-09-02:NY:8d5c8af5_8ef641a7-815c-4bb5-9798-b070b67d7998_deepseek_1781246265/v3/S4,0,1788359880000,29193,35.79811451937592,false,false,29370.947171779066,2.0112791125082077,limit,outside_band,outside_band,waiting_confirm,1788359820000
2026-09-02:NY:8d5c8af5_8ef641a7-815c-4bb5-9798-b070b67d7998_deepseek_1781246265/v3/S4,0,1788359940000,29177.25,37.06597166223306,false,false,29372.84895749335,1.9424824649440746,limit,outside_band,outside_band,waiting_confirm,1788359880000
2026-09-02:NY:8d5c8af5_8ef641a7-815c-4bb5-9798-b070b67d7998_deepseek_1781246265/v3/S4,0,1788360000000,29186,37.42311451937616,false,false,29373.384671779066,1.9239446241899372,limit,outside_band,outside_band,waiting_confirm,1788359940000
2026-09-02:NY:8d5c8af5_8ef641a7-815c-4bb5-9798-b070b67d7998_deepseek_1781246265/v3/S4,0,1788360060000,29193.75,35.89289205370644,false,false,29371.08933808056,2.005968198167615,limit,outside_band,outside_band,waiting_confirm,1788360000000
2026-09-02:NY:8d5c8af5_8ef641a7-815c-4bb5-9798-b070b67d7998_deepseek_1781246265/v3/S4,0,1788360120000,29182,36.107177767992155,false,false,29371.41076665199,1.994063353902594,limit,outside_band,outside_band,waiting_confirm,1788360060000
2026-09-02:NY:8d5c8af5_8ef641a7-815c-4bb5-9798-b070b67d7998_deepseek_1781246265/v3/S4,0,1788360180000,29186,36.32146348227787,false,false,29371.732195223416,1.982298979641378,limit,outside_band,outside_band,waiting_confirm,1788360120000
2026-09-02:NY:8d5c8af5_8ef641a7-815c-4bb5-9798-b070b67d7998_deepseek_1781246265/v3/S4,0,1788360240000,29194.5,36.32146348227787,false,false,29371.732195223416,1.982298979641378,limit,outside_band,outside_band,waiting_confirm,1788360180000
2026-09-02:NY:8d5c8af5_8ef641a7-815c-4bb5-9798-b070b67d7998_deepseek_1781246265/v3/S4,0,1788360300000,29201.5,36.46432062513502,false,false,29371.946480937702,1.9745328794188584,limit,outside_band,outside_band,waiting_confirm,1788360240000
2026-09-02:NY:8d5c8af5_8ef641a7-815c-4bb5-9798-b070b67d7998_deepseek_1781246265/v4/S1,0,1788360360000,29183.25,35.28829772333966,false,false,29058.25,0.9509043927648212,limit,outside_band,outside_band,waiting_confirm,1788360300000
2026-09-02:NY:8d5c8af5_8ef641a7-815c-4bb5-9798-b070b67d7998_deepseek_1781246265/v4/S1,0,1788360420000,29176,35.824012009053945,false,false,29058.25,0.9509043927648212,limit,outside_band,outside_band,waiting_confirm,1788360360000
2026-09-02:NY:8d5c8af5_8ef641a7-815c-4bb5-9798-b070b67d7998_deepseek_1781246265/v4/S1,0,1788360480000,29173.25,36.09186915191109,false,false,29058.25,0.9509043927648212,limit,outside_band,outside_band,waiting_confirm,1788360420000
2026-09-02:NY:8d5c8af5_8ef641a7-815c-4bb5-9798-b070b67d7998_deepseek_1781246265/v4/S1,0,1788360540000,29160.25,36.96686915191109,false,false,29058.25,0.9509043927648212,limit,send_limit,send_limit,waiting_confirm,1788360480000
2026-09-02:NY:8d5c8af5_8ef641a7-815c-4bb5-9798-b070b67d7998_deepseek_1781246265/v4/S1,0,1788360600000,29160.5,37.68115486619696,false,false,29058.25,0.9509043927648212,limit,send_limit,send_limit,waiting_confirm,1788360540000
2026-09-02:NY:8d5c8af5_8ef641a7-815c-4bb5-9798-b070b67d7998_deepseek_1781246265/v4/S1,0,1788360660000,29140.25,36.45392951861147,false,false,29058.25,0.9509043927648212,limit,send_limit,send_limit,waiting_confirm,1788360600000
2026-09-02:NY:8d5c8af5_8ef641a7-815c-4bb5-9798-b070b67d7998_deepseek_1781246265/v4/S1,0,1788360720000,29151.5,36.48964380432575,false,false,29058.25,0.9509043927648212,limit,send_limit,send_limit,waiting_confirm,1788360660000
2026-09-02:NY:8d5c8af5_8ef641a7-815c-4bb5-9798-b070b67d7998_deepseek_1781246265/v4/S1,0,1788360780000,29142.5,36.48964380432575,false,false,29058.25,0.9509043927648212,limit,send_limit,send_limit,waiting_confirm,1788360720000
2026-09-02:NY:8d5c8af5_8ef641a7-815c-4bb5-9798-b070b67d7998_deepseek_1781246265/v4/S1,0,1788360840000,29132.75,37.29321523289718,true,false,29058.25,0.9509043927648212,limit,cancel_marketable,cancel_marketable,rr_refused,1788360780000
2026-09-02:NY:8d5c8af5_8ef641a7-815c-4bb5-9798-b070b67d7998_deepseek_1781246265/v4/S1,0,1788360900000,29129,37.864643804325915,true,true,29058.25,0.9509043927648212,limit,cancel_marketable,cancel_marketable,rr_refused,1788360840000
2026-09-02:NY:8d5c8af5_8ef641a7-815c-4bb5-9798-b070b67d7998_deepseek_1781246265/v4/S1,0,1788360960000,29133,36.07074067544549,true,true,29058.25,0.9509043927648212,limit,cancel_marketable,cancel_marketable,rr_refused,1788360900000
2026-09-02:NY:8d5c8af5_8ef641a7-815c-4bb5-9798-b070b67d7998_deepseek_1781246265/v4/S1,0,1788361020000,29126.75,36.44574067544549,true,true,29058.25,0.9509043927648212,limit,cancel_marketable,cancel_marketable,rr_refused,1788360960000
2026-09-02:NY:8d5c8af5_8ef641a7-815c-4bb5-9798-b070b67d7998_deepseek_1781246265/v4/S1,0,1788361080000,29135,36.44574067544549,true,true,29058.25,0.9509043927648212,limit,cancel_marketable,cancel_marketable,rr_refused,1788361020000
2026-09-02:NY:8d5c8af5_8ef641a7-815c-4bb5-9798-b070b67d7998_deepseek_1781246265/v4/S1,0,1788361140000,29120.75,36.92788353258835,true,true,29058.25,0.9509043927648212,limit,cancel_marketable,cancel_marketable,rr_refused,1788361080000
2026-09-02:NY:8d5c8af5_8ef641a7-815c-4bb5-9798-b070b67d7998_deepseek_1781246265/v4/S1,0,1788361200000,29120.25,37.26716924687396,true,true,29058.25,0.9509043927648212,limit,cancel_marketable,cancel_marketable,rr_refused,1788361140000
2026-09-02:NY:8d5c8af5_8ef641a7-815c-4bb5-9798-b070b67d7998_deepseek_1781246265/v4/S1,0,1788361260000,29110.5,35.605228586382964,true,true,29058.25,0.9509043927648212,limit,cancel_marketable,cancel_marketable,rr_refused,1788361200000
2026-09-02:NY:8d5c8af5_8ef641a7-815c-4bb5-9798-b070b67d7998_deepseek_1781246265/v4/S1,0,1788361320000,29111.25,35.71237144352582,true,true,29058.25,0.9509043927648212,limit,cancel_marketable,cancel_marketable,rr_refused,1788361260000
2026-09-02:NY:8d5c8af5_8ef641a7-815c-4bb5-9798-b070b67d7998_deepseek_1781246265/v4/S1,0,1788361380000,29122.5,35.94451430066868,true,true,29058.25,0.9509043927648212,limit,cancel_marketable,cancel_marketable,rr_refused,1788361320000
2026-09-02:NY:8d5c8af5_8ef641a7-815c-4bb5-9798-b070b67d7998_deepseek_1781246265/v4/S1,0,1788361440000,29144.5,37.42665715781153,true,true,29058.25,0.9509043927648212,limit,send_limit,send_limit,rr_refused,1788361380000
2026-09-02:NY:8d5c8af5_8ef641a7-815c-4bb5-9798-b070b67d7998_deepseek_1781246265/v4/S1,0,1788361500000,29139.5,37.58737144352564,true,false,29058.25,0.9509043927648212,limit,send_limit,send_limit,rr_refused,1788361440000
2026-09-02:NY:8d5c8af5_8ef641a7-815c-4bb5-9798-b070b67d7998_deepseek_1781246265/v4/S1,0,1788361560000,29138,35.973987768988096,true,false,29058.25,0.9509043927648212,limit,send_limit,send_limit,rr_refused,1788361500000
2026-09-02:NY:8d5c8af5_8ef641a7-815c-4bb5-9798-b070b67d7998_deepseek_1781246265/v4/S1,0,1788361620000,29151.25,36.723987768988096,true,false,29058.25,0.9509043927648212,limit,send_limit,send_limit,rr_refused,1788361560000
2026-09-02:NY:8d5c8af5_8ef641a7-815c-4bb5-9798-b070b67d7998_deepseek_1781246265/v4/S1,0,1788361680000,29140.25,36.74184491184524,true,false,29058.25,0.9509043927648212,limit,send_limit,send_limit,rr_refused,1788361620000
2026-09-02:NY:8d5c8af5_8ef641a7-815c-4bb5-9798-b070b67d7998_deepseek_1781246265/v4/S1,0,1788361740000,29146.25,36.74184491184524,true,false,29058.25,0.9509043927648212,limit,send_limit,send_limit,rr_refused,1788361680000
2026-09-02:NY:8d5c8af5_8ef641a7-815c-4bb5-9798-b070b67d7998_deepseek_1781246265/v4/S1,0,1788361800000,29153.5,36.84898776898807,true,false,29058.25,0.9509043927648212,limit,send_limit,send_limit,rr_refused,1788361740000
2026-09-02:NY:8d5c8af5_8ef641a7-815c-4bb5-9798-b070b67d7998_deepseek_1781246265/v4/S1,0,1788361860000,29144.75,35.09191721406035,true,false,29058.25,0.9509043927648212,limit,send_limit,send_limit,rr_refused,1788361800000
2026-09-02:NY:8d5c8af5_8ef641a7-815c-4bb5-9798-b070b67d7998_deepseek_1781246265/v4/S1,0,1788361920000,29164.25,36.020488642631776,true,false,29058.25,0.9509043927648212,limit,outside_band,outside_band,rr_refused,1788361860000
2026-09-02:NY:8d5c8af5_8ef641a7-815c-4bb5-9798-b070b67d7998_deepseek_1781246265/v4/S1,0,1788361980000,29145.5,36.199060071203206,true,false,29058.25,0.9509043927648212,limit,send_limit,send_limit,rr_refused,1788361920000
2026-09-02:NY:8d5c8af5_8ef641a7-815c-4bb5-9798-b070b67d7998_deepseek_1781246265/v4/S1,0,1788362040000,29142.25,36.199060071203206,true,false,29058.25,0.9509043927648212,limit,send_limit,send_limit,rr_refused,1788361980000
2026-09-02:NY:8d5c8af5_8ef641a7-815c-4bb5-9798-b070b67d7998_deepseek_1781246265/v4/S1,0,1788362100000,29158.25,36.199060071203384,true,false,29058.25,0.9509043927648212,limit,send_limit,send_limit,rr_refused,1788362040000
2026-09-02:NY:8d5c8af5_8ef641a7-815c-4bb5-9798-b070b67d7998_deepseek_1781246265/v4/S1,0,1788362160000,29170,35.00627006611743,true,false,29058.25,0.9509043927648212,limit,outside_band,outside_band,rr_refused,1788362100000
2026-09-02:NY:8d5c8af5_8ef641a7-815c-4bb5-9798-b070b67d7998_deepseek_1781246265/v4/S1,0,1788362220000,29170.5,35.166984351831715,true,false,29058.25,0.9509043927648212,limit,outside_band,outside_band,rr_refused,1788362160000
2026-09-02:NY:8d5c8af5_8ef641a7-815c-4bb5-9798-b070b67d7998_deepseek_1781246265/v4/S1,0,1788362280000,29174.25,35.416984351831715,true,false,29058.25,0.9509043927648212,limit,outside_band,outside_band,rr_refused,1788362220000
2026-09-02:NY:8d5c8af5_8ef641a7-815c-4bb5-9798-b070b67d7998_deepseek_1781246265/v4/S1,0,1788362340000,29181,35.84555578040314,true,false,29058.25,0.9509043927648212,limit,outside_band,outside_band,rr_refused,1788362280000
2026-09-02:NY:8d5c8af5_8ef641a7-815c-4bb5-9798-b070b67d7998_deepseek_1781246265/v4/S1,0,1788362400000,29183.75,36.34555578040331,true,false,29058.25,0.9509043927648212,limit,outside_band,outside_band,rr_refused,1788362340000
2026-09-02:NY:8d5c8af5_8ef641a7-815c-4bb5-9798-b070b67d7998_deepseek_1781246265/v4/S1,0,1788362460000,29185,34.24944465323164,true,false,29058.25,0.9509043927648212,limit,outside_band,outside_band,rr_refused,1788362400000
2026-09-02:NY:8d5c8af5_8ef641a7-815c-4bb5-9798-b070b67d7998_deepseek_1781246265/v4/S1,0,1788362520000,29175.25,34.8565875103745,true,false,29058.25,0.9509043927648212,limit,outside_band,outside_band,rr_refused,1788362460000
2026-09-02:NY:8d5c8af5_8ef641a7-815c-4bb5-9798-b070b67d7998_deepseek_1781246265/v4/S2,0,1788360360000,29183.25,35.28829772333966,false,false,29370.182446585008,2.040336447070431,limit,outside_band,outside_band,waiting_confirm,1788360300000
2026-09-02:NY:8d5c8af5_8ef641a7-815c-4bb5-9798-b070b67d7998_deepseek_1781246265/v4/S2,0,1788360420000,29176,35.824012009053945,false,false,29370.98601801358,2.009825141355026,limit,outside_band,outside_band,waiting_confirm,1788360360000
2026-09-02:NY:8d5c8af5_8ef641a7-815c-4bb5-9798-b070b67d7998_deepseek_1781246265/v4/S2,0,1788360480000,29173.25,36.09186915191109,false,false,29371.387803727866,1.9949091496744453,limit,outside_band,outside_band,waiting_confirm,1788360420000
2026-09-02:NY:8d5c8af5_8ef641a7-815c-4bb5-9798-b070b67d7998_deepseek_1781246265/v4/S2,0,1788360540000,29160.25,36.96686915191109,false,false,29372.700303727866,1.9476899627102469,limit,outside_band,outside_band,waiting_confirm,1788360480000
2026-09-02:NY:8d5c8af5_8ef641a7-815c-4bb5-9798-b070b67d7998_deepseek_1781246265/v4/S2,0,1788360600000,29160.5,37.68115486619696,false,false,29373.771732299294,1.91076946170224,limit,outside_band,outside_band,waiting_confirm,1788360540000
2026-09-02:NY:8d5c8af5_8ef641a7-815c-4bb5-9798-b070b67d7998_deepseek_1781246265/v4/S2,0,1788360660000,29140.25,36.45392951861147,false,false,29371.930894277917,1.9750957153532844,limit,outside_band,outside_band,waiting_confirm,1788360600000
2026-09-02:NY:8d5c8af5_8ef641a7-815c-4bb5-9798-b070b67d7998_deepseek_1781246265/v4/S2,0,1788360720000,29151.5,36.48964380432575,false,false,29371.98446570649,1.9731625878864663,limit,outside_band,outside_band,waiting_confirm,1788360660000
2026-09-02:NY:8d5c8af5_8ef641a7-815c-4bb5-9798-b070b67d7998_deepseek_1781246265/v4/S2,0,1788360780000,29142.5,36.48964380432575,false,false,29371.98446570649,1.9731625878864663,limit,outside_band,outside_band,waiting_confirm,1788360720000
2026-09-02:NY:8d5c8af5_8ef641a7-815c-4bb5-9798-b070b67d7998_deepseek_1781246265/v4/S2,0,1788360840000,29132.75,37.29321523289718,false,false,29373.189822849345,1.9306460853632337,limit,outside_band,outside_band,waiting_confirm,1788360780000
2026-09-02:NY:8d5c8af5_8ef641a7-815c-4bb5-9798-b070b67d7998_deepseek_1781246265/v4/S2,0,1788360900000,29129,37.864643804325915,false,false,29374.04696570649,1.9015100306258088,limit,outside_band,outside_band,waiting_confirm,1788360840000
2026-09-02:NY:8d5c8af5_8ef641a7-815c-4bb5-9798-b070b67d7998_deepseek_1781246265/v4/S2,0,1788360960000,29133,36.07074067544549,false,false,29371.356111013167,1.996077669927488,limit,outside_band,outside_band,waiting_confirm,1788360900000
2026-09-02:NY:8d5c8af5_8ef641a7-815c-4bb5-9798-b070b67d7998_deepseek_1781246265/v4/S2,0,1788361020000,29126.75,36.44574067544549,false,false,29371.918611013167,1.9755394914640954,limit,outside_band,outside_band,waiting_confirm,1788360960000
2026-09-02:NY:8d5c8af5_8ef641a7-815c-4bb5-9798-b070b67d7998_deepseek_1781246265/v4/S2,0,1788361080000,29135,36.44574067544549,false,false,29371.918611013167,1.9755394914640954,limit,outside_band,outside_band,waiting_confirm,1788361020000
2026-09-02:NY:8d5c8af5_8ef641a7-815c-4bb5-9798-b070b67d7998_deepseek_1781246265/v4/S2,0,1788361140000,29120.75,36.92788353258835,false,false,29372.641825298884,1.9497461839766363,limit,outside_band,outside_band,waiting_confirm,1788361080000
2026-09-02:NY:8d5c8af5_8ef641a7-815c-4bb5-9798-b070b67d7998_deepseek_1781246265/v4/S2,0,1788361200000,29120.25,37.26716924687396,false,false,29373.15075387031,1.931995411914428,limit,outside_band,outside_band,waiting_confirm,1788361140000
2026-09-02:NY:8d5c8af5_8ef641a7-815c-4bb5-9798-b070b67d7998_deepseek_1781246265/v4/S2,0,1788361260000,29110.5,35.605228586382964,false,false,29370.657842879573,2.0221749124660353,limit,outside_band,outside_band,waiting_confirm,1788361200000
2026-09-02:NY:8d5c8af5_8ef641a7-815c-4bb5-9798-b070b67d7998_deepseek_1781246265/v4/S2,0,1788361320000,29111.25,35.71237144352582,false,false,29370.81855716529,2.016108062547904,limit,outside_band,outside_band,waiting_confirm,1788361260000
2026-09-02:NY:8d5c8af5_8ef641a7-815c-4bb5-9798-b070b67d7998_deepseek_1781246265/v4/S2,0,1788361380000,29122.5,35.94451430066868,false,false,29371.166771451004,2.003087297208499,limit,outside_band,outside_band,waiting_confirm,1788361320000
2026-09-02:NY:8d5c8af5_8ef641a7-815c-4bb5-9798-b070b67d7998_deepseek_1781246265/v4/S2,0,1788361440000,29144.5,37.42665715781153,false,false,29373.389985736718,1.9237625122758748,limit,outside_band,outside_band,waiting_confirm,1788361380000
2026-09-02:NY:8d5c8af5_8ef641a7-815c-4bb5-9798-b070b67d7998_deepseek_1781246265/v4/S2,0,1788361500000,29139.5,37.58737144352564,false,false,29373.63105716529,1.915536980503583,limit,outside_band,outside_band,waiting_confirm,1788361440000
2026-09-02:NY:8d5c8af5_8ef641a7-815c-4bb5-9798-b070b67d7998_deepseek_1781246265/v4/S2,0,1788361560000,29138,35.973987768988096,false,false,29371.210981653483,2.00144616889172,limit,outside_band,outside_band,waiting_confirm,1788361500000
2026-09-02:NY:8d5c8af5_8ef641a7-815c-4bb5-9798-b070b67d7998_deepseek_1781246265/v4/S2,0,1788361620000,29151.25,36.723987768988096,false,false,29372.335981653483,1.9605713969004175,limit,outside_band,outside_band,waiting_confirm,1788361560000
2026-09-02:NY:8d5c8af5_8ef641a7-815c-4bb5-9798-b070b67d7998_deepseek_1781246265/v4/S2,0,1788361680000,29140.25,36.74184491184524,false,false,29372.36276736777,1.9596185268526354,limit,outside_band,outside_band,waiting_confirm,1788361620000
2026-09-02:NY:8d5c8af5_8ef641a7-815c-4bb5-9798-b070b67d7998_deepseek_1781246265/v4/S2,0,1788361740000,29146.25,36.74184491184524,false,false,29372.36276736777,1.9596185268526354,limit,outside_band,outside_band,waiting_confirm,1788361680000
2026-09-02:NY:8d5c8af5_8ef641a7-815c-4bb5-9798-b070b67d7998_deepseek_1781246265/v4/S2,0,1788361800000,29153.5,36.84898776898807,false,false,29372.523481653483,1.9539207006547312,limit,outside_band,outside_band,waiting_confirm,1788361740000
2026-09-02:NY:8d5c8af5_8ef641a7-815c-4bb5-9798-b070b67d7998_deepseek_1781246265/v4/S2,0,1788361860000,29144.75,35.09191721406035,false,false,29369.887875821092,2.051754526855813,limit,outside_band,outside_band,waiting_confirm,1788361800000
2026-09-02:NY:8d5c8af5_8ef641a7-815c-4bb5-9798-b070b67d7998_deepseek_1781246265/v4/S2,0,1788361920000,29164.25,36.020488642631776,false,false,29371.280732963947,1.9988623895230984,limit,outside_band,outside_band,waiting_confirm,1788361860000
2026-09-02:NY:8d5c8af5_8ef641a7-815c-4bb5-9798-b070b67d7998_deepseek_1781246265/v4/S2,0,1788361980000,29145.5,36.199060071203206,false,false,29371.548590106806,1.9890019204469729,limit,outside_band,outside_band,waiting_confirm,1788361920000
2026-09-02:NY:8d5c8af5_8ef641a7-815c-4bb5-9798-b070b67d7998_deepseek_1781246265/v4/S2,0,1788362040000,29142.25,36.199060071203206,false,false,29371.548590106806,1.9890019204469729,limit,outside_band,outside_band,waiting_confirm,1788361980000
2026-09-02:NY:8d5c8af5_8ef641a7-815c-4bb5-9798-b070b67d7998_deepseek_1781246265/v4/S2,0,1788362100000,29158.25,36.199060071203384,false,false,29371.548590106806,1.9890019204469729,limit,outside_band,outside_band,waiting_confirm,1788362040000
2026-09-02:NY:8d5c8af5_8ef641a7-815c-4bb5-9798-b070b67d7998_deepseek_1781246265/v4/S2,0,1788362160000,29170,35.00627006611743,false,false,29369.759405099176,2.0567743968155434,limit,outside_band,outside_band,waiting_confirm,1788362100000
2026-09-02:NY:8d5c8af5_8ef641a7-815c-4bb5-9798-b070b67d7998_deepseek_1781246265/v4/S2,0,1788362220000,29170.5,35.166984351831715,false,false,29370.000476527748,2.0473748695557132,limit,outside_band,outside_band,waiting_confirm,1788362160000
2026-09-02:NY:8d5c8af5_8ef641a7-815c-4bb5-9798-b070b67d7998_deepseek_1781246265/v4/S2,0,1788362280000,29174.25,35.416984351831715,false,false,29370.375476527748,2.032922941285811,limit,outside_band,outside_band,waiting_confirm,1788362220000
2026-09-02:NY:8d5c8af5_8ef641a7-815c-4bb5-9798-b070b67d7998_deepseek_1781246265/v4/S2,0,1788362340000,29181,35.84555578040314,false,false,29371.018333670603,2.00861720323401,limit,outside_band,outside_band,waiting_confirm,1788362280000
2026-09-02:NY:8d5c8af5_8ef641a7-815c-4bb5-9798-b070b67d7998_deepseek_1781246265/v4/S2,0,1788362400000,29183.75,36.34555578040331,false,false,29371.768333670603,1.9809849775037178,limit,outside_band,outside_band,waiting_confirm,1788362340000
2026-09-02:NY:8d5c8af5_8ef641a7-815c-4bb5-9798-b070b67d7998_deepseek_1781246265/v4/S2,0,1788362460000,29185,34.24944465323164,false,false,29368.624166979847,2.1022238675396014,limit,outside_band,outside_band,waiting_confirm,1788362400000
2026-09-02:NY:8d5c8af5_8ef641a7-815c-4bb5-9798-b070b67d7998_deepseek_1781246265/v4/S2,0,1788362520000,29175.25,34.8565875103745,false,false,29369.53488126556,2.065606679901503,limit,outside_band,outside_band,waiting_confirm,1788362460000
2026-09-02:NY:8d5c8af5_8ef641a7-815c-4bb5-9798-b070b67d7998_deepseek_1781246265/v5/S2,0,1788362580000,29181.75,34.8565875103745,false,false,29049.71511873444,2.0512621890688534,limit,outside_band,outside_band,waiting_confirm,1788362520000
2026-09-02:NY:8d5c8af5_8ef641a7-815c-4bb5-9798-b070b67d7998_deepseek_1781246265/v5/S2,0,1788362640000,29171,35.16015893894593,false,false,29049.25976159158,2.033551672054593,limit,outside_band,outside_band,waiting_confirm,1788362580000
2026-09-02:NY:8d5c8af5_8ef641a7-815c-4bb5-9798-b070b67d7998_deepseek_1781246265/v5/S2,0,1788362700000,29178.25,35.16015893894635,false,false,29049.25976159158,2.033551672054593,limit,outside_band,outside_band,waiting_confirm,1788362640000
2026-09-02:NY:8d5c8af5_8ef641a7-815c-4bb5-9798-b070b67d7998_deepseek_1781246265/v5/S2,0,1788362760000,29194,34.00586187187876,false,false,29050.991207192183,2.102578675093902,limit,outside_band,outside_band,waiting_confirm,1788362700000
2026-09-02:NY:8d5c8af5_8ef641a7-815c-4bb5-9798-b070b67d7998_deepseek_1781246265/v5/S2,0,1788362820000,29190.25,34.00586187187876,false,false,29050.991207192183,2.102578675093902,limit,outside_band,outside_band,waiting_confirm,1788362760000
2026-09-02:NY:8d5c8af5_8ef641a7-815c-4bb5-9798-b070b67d7998_deepseek_1781246265/v5/S2,0,1788362880000,29191.75,34.00586187187876,false,false,29050.991207192183,2.102578675093902,limit,outside_band,outside_band,waiting_confirm,1788362820000
2026-09-02:NY:8d5c8af5_8ef641a7-815c-4bb5-9798-b070b67d7998_deepseek_1781246265/v5/S2,0,1788362940000,29200.25,34.82729044330733,false,false,29049.759064335038,2.0529877314569607,limit,outside_band,outside_band,waiting_confirm,1788362880000
2026-09-02:NY:8d5c8af5_8ef641a7-815c-4bb5-9798-b070b67d7998_deepseek_1781246265/v5/S2,0,1788363000000,29204.75,34.82729044330757,false,false,29049.759064335038,2.0529877314569607,limit,outside_band,outside_band,waiting_confirm,1788362940000
2026-09-02:NY:8d5c8af5_8ef641a7-815c-4bb5-9798-b070b67d7998_deepseek_1781246265/v5/S2,0,1788363060000,29193.25,33.46462684021417,false,false,29051.80305973968,2.1365844102011504,limit,outside_band,outside_band,waiting_confirm,1788363000000
2026-09-02:NY:8d5c8af5_8ef641a7-815c-4bb5-9798-b070b67d7998_deepseek_1781246265/v5/S2,0,1788363120000,29202.75,33.55391255449989,false,false,29051.66913116825,2.1308990384912136,limit,outside_band,outside_band,waiting_confirm,1788363060000
2026-09-02:NY:8d5c8af5_8ef641a7-815c-4bb5-9798-b070b67d7998_deepseek_1781246265/v5/S2,0,1788363180000,29199.75,33.55391255449989,false,false,29051.66913116825,2.1308990384912136,limit,outside_band,outside_band,waiting_confirm,1788363120000
2026-09-02:NY:8d5c8af5_8ef641a7-815c-4bb5-9798-b070b67d7998_deepseek_1781246265/v5/S2,0,1788363240000,29197,33.73248398307131,false,false,29051.401274025393,2.1196185859269128,limit,outside_band,outside_band,waiting_confirm,1788363180000
2026-09-02:NY:8d5c8af5_8ef641a7-815c-4bb5-9798-b070b67d7998_deepseek_1781246265/v5/S2,0,1788363300000,29192,33.732483983071454,false,false,29051.401274025393,2.1196185859269128,limit,outside_band,outside_band,waiting_confirm,1788363240000
2026-09-02:NY:8d5c8af5_8ef641a7-815c-4bb5-9798-b070b67d7998_deepseek_1781246265/v5/S2,0,1788363360000,29187.5,32.53730655570921,false,false,29053.194040166436,2.1974775286817314,limit,outside_band,outside_band,waiting_confirm,1788363300000
2026-09-02:NY:8d5c8af5_8ef641a7-815c-4bb5-9798-b070b67d7998_deepseek_1781246265/v5/S2,0,1788363420000,29200,33.16230655570921,false,false,29052.256540166436,2.1560623317888714,limit,outside_band,outside_band,waiting_confirm,1788363360000
2026-09-02:NY:8d5c8af5_8ef641a7-815c-4bb5-9798-b070b67d7998_deepseek_1781246265/v5/S2,0,1788363480000,29193.5,33.16230655570921,false,false,29052.256540166436,2.1560623317888714,limit,outside_band,outside_band,waiting_confirm,1788363420000
2026-09-02:NY:8d5c8af5_8ef641a7-815c-4bb5-9798-b070b67d7998_deepseek_1781246265/v5/S2,0,1788363540000,29185.5,33.16230655570921,false,false,29052.256540166436,2.1560623317888714,limit,outside_band,outside_band,waiting_confirm,1788363480000
2026-09-02:NY:8d5c8af5_8ef641a7-815c-4bb5-9798-b070b67d7998_deepseek_1781246265/v5/S2,0,1788363600000,29178.75,33.53730655570935,false,false,29051.694040166436,2.13195415324216,limit,outside_band,outside_band,waiting_confirm,1788363540000
2026-09-02:NY:8d5c8af5_8ef641a7-815c-4bb5-9798-b070b67d7998_deepseek_1781246265/v5/S2,0,1788363660000,29178.5,32.05249894458725,false,false,29053.92125158312,2.2307153062733756,limit,outside_band,outside_band,waiting_confirm,1788363600000
2026-09-02:NY:8d5c8af5_8ef641a7-815c-4bb5-9798-b070b67d7998_deepseek_1781246265/v5/S2,0,1788363720000,29182.25,32.05249894458725,false,false,29053.92125158312,2.2307153062733756,limit,outside_band,outside_band,waiting_confirm,1788363660000
2026-09-02:NY:8d5c8af5_8ef641a7-815c-4bb5-9798-b070b67d7998_deepseek_1781246265/v5/S2,0,1788363780000,29176.75,32.141784658872965,false,false,29053.78732301169,2.224518668108868,limit,outside_band,outside_band,waiting_confirm,1788363720000
2026-09-02:NY:8d5c8af5_8ef641a7-815c-4bb5-9798-b070b67d7998_deepseek_1781246265/v5/S2,0,1788363840000,29178.75,32.195356087444395,false,false,29053.706965868834,2.22081718263352,limit,outside_band,outside_band,waiting_confirm,1788363780000
2026-09-02:NY:8d5c8af5_8ef641a7-815c-4bb5-9798-b070b67d7998_deepseek_1781246265/v5/S2,0,1788363900000,29182.25,32.19535608744422,false,false,29053.706965868834,2.22081718263352,limit,outside_band,outside_band,waiting_confirm,1788363840000
2026-09-02:NY:8d5c8af5_8ef641a7-815c-4bb5-9798-b070b67d7998_deepseek_1781246265/v5/S2,0,1788363960000,29158.25,31.967116366912485,false,false,29054.049325449632,2.236673435893877,limit,outside_band,outside_band,waiting_confirm,1788363900000
2026-09-02:NY:8d5c8af5_8ef641a7-815c-4bb5-9798-b070b67d7998_deepseek_1781246265/v5/S2,0,1788364020000,29166.5,31.984973509769627,false,false,29054.022539735346,2.235424705859503,limit,outside_band,outside_band,waiting_confirm,1788363960000
2026-09-02:NY:8d5c8af5_8ef641a7-815c-4bb5-9798-b070b67d7998_deepseek_1781246265/v5/S2,0,1788364080000,29159.5,31.984973509769627,false,false,29054.022539735346,2.235424705859503,limit,outside_band,outside_band,waiting_confirm,1788364020000
2026-09-02:NY:8d5c8af5_8ef641a7-815c-4bb5-9798-b070b67d7998_deepseek_1781246265/v5/S2,0,1788364140000,29151.25,32.467116366912485,false,false,29053.299325449632,2.202228223534745,limit,outside_band,outside_band,waiting_confirm,1788364080000
2026-09-02:NY:8d5c8af5_8ef641a7-815c-4bb5-9798-b070b67d7998_deepseek_1781246265/v5/S2,0,1788364200000,29143,33.020687795483944,false,false,29052.468968306774,2.1653092280463633,limit,outside_band,outside_band,waiting_confirm,1788364140000
2026-09-02:NY:8d5c8af5_8ef641a7-815c-4bb5-9798-b070b67d7998_deepseek_1781246265/v5/S3,0,1788362580000,29181.75,34.8565875103745,true,false,29006.46511873444,1.629916678344523,limit,outside_band,outside_band,rr_refused,1788362520000
2026-09-02:NY:8d5c8af5_8ef641a7-815c-4bb5-9798-b070b67d7998_deepseek_1781246265/v5/S3,0,1788362640000,29171,35.16015893894593,true,false,29006.00976159158,1.615844041888063,limit,outside_band,outside_band,rr_refused,1788362580000
2026-09-02:NY:8d5c8af5_8ef641a7-815c-4bb5-9798-b070b67d7998_deepseek_1781246265/v5/S3,0,1788362700000,29178.25,35.16015893894635,true,false,29006.00976159158,1.615844041888063,limit,outside_band,outside_band,rr_refused,1788362640000
2026-09-02:NY:8d5c8af5_8ef641a7-815c-4bb5-9798-b070b67d7998_deepseek_1781246265/v5/S3,0,1788362760000,29194,34.00586187187876,true,false,29007.741207192183,1.670692351435942,limit,outside_band,outside_band,rr_refused,1788362700000
2026-09-02:NY:8d5c8af5_8ef641a7-815c-4bb5-9798-b070b67d7998_deepseek_1781246265/v5/S3,0,1788362820000,29190.25,34.00586187187876,true,false,29007.741207192183,1.670692351435942,limit,outside_band,outside_band,rr_refused,1788362760000
2026-09-02:NY:8d5c8af5_8ef641a7-815c-4bb5-9798-b070b67d7998_deepseek_1781246265/v5/S3,0,1788362880000,29191.75,34.00586187187876,true,false,29007.741207192183,1.670692351435942,limit,outside_band,outside_band,rr_refused,1788362820000
2026-09-02:NY:8d5c8af5_8ef641a7-815c-4bb5-9798-b070b67d7998_deepseek_1781246265/v5/S3,0,1788362940000,29200.25,34.82729044330733,true,false,29006.509064335038,1.6312877806504855,limit,outside_band,outside_band,rr_refused,1788362880000
2026-09-02:NY:8d5c8af5_8ef641a7-815c-4bb5-9798-b070b67d7998_deepseek_1781246265/v5/S3,0,1788363000000,29204.75,34.82729044330757,true,false,29006.509064335038,1.6312877806504855,limit,outside_band,outside_band,rr_refused,1788362940000
2026-09-02:NY:8d5c8af5_8ef641a7-815c-4bb5-9798-b070b67d7998_deepseek_1781246265/v5/S3,0,1788363060000,29193.25,33.46462684021417,true,false,29008.55305973968,1.6977130390428394,limit,outside_band,outside_band,rr_refused,1788363000000
2026-09-02:NY:8d5c8af5_8ef641a7-815c-4bb5-9798-b070b67d7998_deepseek_1781246265/v5/S3,0,1788363120000,29202.75,33.55391255449989,true,false,29008.41913116825,1.6931954877410136,limit,outside_band,outside_band,rr_refused,1788363060000
2026-09-02:NY:8d5c8af5_8ef641a7-815c-4bb5-9798-b070b67d7998_deepseek_1781246265/v5/S3,0,1788363180000,29199.75,33.55391255449989,true,false,29008.41913116825,1.6931954877410136,limit,outside_band,outside_band,rr_refused,1788363120000
2026-09-02:NY:8d5c8af5_8ef641a7-815c-4bb5-9798-b070b67d7998_deepseek_1781246265/v5/S3,0,1788363240000,29197,33.73248398307131,true,false,29008.151274025393,1.684232129535608,limit,outside_band,outside_band,rr_refused,1788363180000
2026-09-02:NY:8d5c8af5_8ef641a7-815c-4bb5-9798-b070b67d7998_deepseek_1781246265/v5/S3,0,1788363300000,29192,33.732483983071454,true,false,29008.151274025393,1.684232129535608,limit,outside_band,outside_band,rr_refused,1788363240000
2026-09-02:NY:8d5c8af5_8ef641a7-815c-4bb5-9798-b070b67d7998_deepseek_1781246265/v5/S3,0,1788363360000,29187.5,32.53730655570921,true,false,29009.944040166436,1.7460982283847057,limit,outside_band,outside_band,rr_refused,1788363300000
2026-09-02:NY:8d5c8af5_8ef641a7-815c-4bb5-9798-b070b67d7998_deepseek_1781246265/v5/S3,0,1788363420000,29200,33.16230655570921,true,false,29009.006540166436,1.7131900411659684,limit,outside_band,outside_band,rr_refused,1788363360000
2026-09-02:NY:8d5c8af5_8ef641a7-815c-4bb5-9798-b070b67d7998_deepseek_1781246265/v5/S3,0,1788363480000,29193.5,33.16230655570921,true,false,29009.006540166436,1.7131900411659684,limit,outside_band,outside_band,rr_refused,1788363420000
2026-09-02:NY:8d5c8af5_8ef641a7-815c-4bb5-9798-b070b67d7998_deepseek_1781246265/v5/S3,0,1788363540000,29185.5,33.16230655570921,true,false,29009.006540166436,1.7131900411659684,limit,outside_band,outside_band,rr_refused,1788363480000
2026-09-02:NY:8d5c8af5_8ef641a7-815c-4bb5-9798-b070b67d7998_deepseek_1781246265/v5/S3,0,1788363600000,29178.75,33.53730655570935,true,false,29008.444040166436,1.6940338735599008,limit,outside_band,outside_band,rr_refused,1788363540000
2026-09-02:NY:8d5c8af5_8ef641a7-815c-4bb5-9798-b070b67d7998_deepseek_1781246265/v5/S3,0,1788363660000,29178.5,32.05249894458725,true,false,29010.67125158312,1.7725087030360807,limit,outside_band,outside_band,rr_refused,1788363600000
2026-09-02:NY:8d5c8af5_8ef641a7-815c-4bb5-9798-b070b67d7998_deepseek_1781246265/v5/S3,0,1788363720000,29182.25,32.05249894458725,true,false,29010.67125158312,1.7725087030360807,limit,outside_band,outside_band,rr_refused,1788363660000
2026-09-02:NY:8d5c8af5_8ef641a7-815c-4bb5-9798-b070b67d7998_deepseek_1781246265/v5/S3,0,1788363780000,29176.75,32.141784658872965,true,false,29010.53732301169,1.7675849034614481,limit,outside_band,outside_band,rr_refused,1788363720000
2026-09-02:NY:8d5c8af5_8ef641a7-815c-4bb5-9798-b070b67d7998_deepseek_1781246265/v5/S3,0,1788363840000,29178.75,32.195356087444395,true,false,29010.456965868834,1.7646437324385194,limit,outside_band,outside_band,rr_refused,1788363780000
2026-09-02:NY:8d5c8af5_8ef641a7-815c-4bb5-9798-b070b67d7998_deepseek_1781246265/v5/S3,0,1788363900000,29182.25,32.19535608744422,true,false,29010.456965868834,1.7646437324385194,limit,outside_band,outside_band,rr_refused,1788363840000
2026-09-02:NY:8d5c8af5_8ef641a7-815c-4bb5-9798-b070b67d7998_deepseek_1781246265/v5/S3,0,1788363960000,29158.25,31.967116366912485,true,false,29010.799325449632,1.7772429856119236,limit,outside_band,outside_band,rr_refused,1788363900000
2026-09-02:NY:8d5c8af5_8ef641a7-815c-4bb5-9798-b070b67d7998_deepseek_1781246265/v5/S3,0,1788364020000,29166.5,31.984973509769627,true,false,29010.772539735346,1.7762507546233048,limit,outside_band,outside_band,rr_refused,1788363960000
2026-09-02:NY:8d5c8af5_8ef641a7-815c-4bb5-9798-b070b67d7998_deepseek_1781246265/v5/S3,0,1788364080000,29159.5,31.984973509769627,true,false,29010.772539735346,1.7762507546233048,limit,outside_band,outside_band,rr_refused,1788364020000
2026-09-02:NY:8d5c8af5_8ef641a7-815c-4bb5-9798-b070b67d7998_deepseek_1781246265/v5/S3,0,1788364140000,29151.25,32.467116366912485,true,false,29010.049325449632,1.7498730928637156,limit,outside_band,outside_band,rr_refused,1788364080000
2026-09-02:NY:8d5c8af5_8ef641a7-815c-4bb5-9798-b070b67d7998_deepseek_1781246265/v5/S3,0,1788364200000,29143,33.020687795483944,true,false,29009.218968306774,1.720537551646747,limit,outside_band,outside_band,rr_refused,1788364140000
2026-09-02:NY:8d5c8af5_8ef641a7-815c-4bb5-9798-b070b67d7998_deepseek_1781246265/v5/S3,1,1788362580000,29181.75,34.8565875103745,false,false,29017.71511873444,1.9365062624076588,limit,outside_band,outside_band,waiting_confirm,1788362520000
2026-09-02:NY:8d5c8af5_8ef641a7-815c-4bb5-9798-b070b67d7998_deepseek_1781246265/v5/S3,1,1788362640000,29171,35.16015893894593,false,false,29017.25976159158,1.9197865435480421,limit,outside_band,outside_band,waiting_confirm,1788362580000
2026-09-02:NY:8d5c8af5_8ef641a7-815c-4bb5-9798-b070b67d7998_deepseek_1781246265/v5/S3,1,1788362700000,29178.25,35.16015893894635,false,false,29017.25976159158,1.9197865435480421,limit,outside_band,outside_band,waiting_confirm,1788362640000
2026-09-02:NY:8d5c8af5_8ef641a7-815c-4bb5-9798-b070b67d7998_deepseek_1781246265/v5/S3,1,1788362760000,29194,34.00586187187876,false,false,29018.991207192183,1.9849518960676695,limit,outside_band,outside_band,waiting_confirm,1788362700000
2026-09-02:NY:8d5c8af5_8ef641a7-815c-4bb5-9798-b070b67d7998_deepseek_1781246265/v5/S3,1,1788362820000,29190.25,34.00586187187876,false,false,29018.991207192183,1.9849518960676695,limit,outside_band,outside_band,waiting_confirm,1788362760000
2026-09-02:NY:8d5c8af5_8ef641a7-815c-4bb5-9798-b070b67d7998_deepseek_1781246265/v5/S3,1,1788362880000,29191.75,34.00586187187876,false,false,29018.991207192183,1.9849518960676695,limit,outside_band,outside_band,waiting_confirm,1788362820000
2026-09-02:NY:8d5c8af5_8ef641a7-815c-4bb5-9798-b070b67d7998_deepseek_1781246265/v5/S3,1,1788362940000,29200.25,34.82729044330733,true,false,29017.759064335038,1.938135270955872,limit,outside_band,outside_band,rr_refused,1788362880000
2026-09-02:NY:8d5c8af5_8ef641a7-815c-4bb5-9798-b070b67d7998_deepseek_1781246265/v5/S3,1,1788363000000,29204.75,34.82729044330757,true,false,29017.759064335038,1.938135270955872,limit,outside_band,outside_band,rr_refused,1788362940000
2026-09-02:NY:8d5c8af5_8ef641a7-815c-4bb5-9798-b070b67d7998_deepseek_1781246265/v5/S3,1,1788363060000,29193.25,33.46462684021417,true,false,29019.80305973968,2.0170552124276595,limit,outside_band,outside_band,passes_known_local_checks,1788363000000
2026-09-02:NY:8d5c8af5_8ef641a7-815c-4bb5-9798-b070b67d7998_deepseek_1781246265/v5/S3,1,1788363120000,29202.75,33.55391255449989,true,false,29019.66913116825,2.011687903470726,limit,outside_band,outside_band,passes_known_local_checks,1788363060000
2026-09-02:NY:8d5c8af5_8ef641a7-815c-4bb5-9798-b070b67d7998_deepseek_1781246265/v5/S3,1,1788363180000,29199.75,33.55391255449989,false,false,29019.66913116825,2.011687903470726,limit,outside_band,outside_band,waiting_confirm,1788363120000
2026-09-02:NY:8d5c8af5_8ef641a7-815c-4bb5-9798-b070b67d7998_deepseek_1781246265/v5/S3,1,1788363240000,29197,33.73248398307131,false,false,29019.401274025393,2.0010385251757565,limit,outside_band,outside_band,waiting_confirm,1788363180000
2026-09-02:NY:8d5c8af5_8ef641a7-815c-4bb5-9798-b070b67d7998_deepseek_1781246265/v5/S3,1,1788363300000,29192,33.732483983071454,false,false,29019.401274025393,2.0010385251757565,limit,outside_band,outside_band,waiting_confirm,1788363240000
2026-09-02:NY:8d5c8af5_8ef641a7-815c-4bb5-9798-b070b67d7998_deepseek_1781246265/v5/S3,1,1788363360000,29187.5,32.53730655570921,false,false,29021.194040166436,2.0745417228813547,limit,outside_band,outside_band,waiting_confirm,1788363300000
2026-09-02:NY:8d5c8af5_8ef641a7-815c-4bb5-9798-b070b67d7998_deepseek_1781246265/v5/S3,1,1788363420000,29200,33.16230655570921,false,false,29020.256540166436,2.035443460080403,limit,outside_band,outside_band,waiting_confirm,1788363360000
2026-09-02:NY:8d5c8af5_8ef641a7-815c-4bb5-9798-b070b67d7998_deepseek_1781246265/v5/S3,1,1788363480000,29193.5,33.16230655570921,false,false,29020.256540166436,2.035443460080403,limit,outside_band,outside_band,waiting_confirm,1788363420000
2026-09-02:NY:8d5c8af5_8ef641a7-815c-4bb5-9798-b070b67d7998_deepseek_1781246265/v5/S3,1,1788363540000,29185.5,33.16230655570921,false,false,29020.256540166436,2.035443460080403,limit,outside_band,outside_band,waiting_confirm,1788363480000
2026-09-02:NY:8d5c8af5_8ef641a7-815c-4bb5-9798-b070b67d7998_deepseek_1781246265/v5/S3,1,1788363600000,29178.75,33.53730655570935,false,false,29019.694040166436,2.0126839908230183,limit,outside_band,outside_band,waiting_confirm,1788363540000
2026-09-02:NY:8d5c8af5_8ef641a7-815c-4bb5-9798-b070b67d7998_deepseek_1781246265/v5/S3,1,1788363660000,29178.5,32.05249894458725,false,false,29021.92125158312,2.105920044383956,limit,outside_band,outside_band,waiting_confirm,1788363600000
2026-09-02:NY:8d5c8af5_8ef641a7-815c-4bb5-9798-b070b67d7998_deepseek_1781246265/v5/S3,1,1788363720000,29182.25,32.05249894458725,false,false,29021.92125158312,2.105920044383956,limit,outside_band,outside_band,waiting_confirm,1788363660000
2026-09-02:NY:8d5c8af5_8ef641a7-815c-4bb5-9798-b070b67d7998_deepseek_1781246265/v5/S3,1,1788363780000,29176.75,32.141784658872965,false,false,29021.78732301169,2.1000700712915887,limit,outside_band,outside_band,waiting_confirm,1788363720000
2026-09-02:NY:8d5c8af5_8ef641a7-815c-4bb5-9798-b070b67d7998_deepseek_1781246265/v5/S3,1,1788363840000,29178.75,32.195356087444395,false,false,29021.706965868834,2.09657566192675,limit,outside_band,outside_band,waiting_confirm,1788363780000
2026-09-02:NY:8d5c8af5_8ef641a7-815c-4bb5-9798-b070b67d7998_deepseek_1781246265/v5/S3,1,1788363900000,29182.25,32.19535608744422,false,false,29021.706965868834,2.09657566192675,limit,outside_band,outside_band,waiting_confirm,1788363840000
2026-09-02:NY:8d5c8af5_8ef641a7-815c-4bb5-9798-b070b67d7998_deepseek_1781246265/v5/S3,1,1788363960000,29158.25,31.967116366912485,false,false,29022.049325449632,2.111544852067646,limit,outside_band,outside_band,waiting_confirm,1788363900000
2026-09-02:NY:8d5c8af5_8ef641a7-815c-4bb5-9798-b070b67d7998_deepseek_1781246265/v5/S3,1,1788364020000,29166.5,31.984973509769627,false,false,29022.022539735346,2.1103659810561743,limit,outside_band,outside_band,waiting_confirm,1788363960000
2026-09-02:NY:8d5c8af5_8ef641a7-815c-4bb5-9798-b070b67d7998_deepseek_1781246265/v5/S3,1,1788364080000,29159.5,31.984973509769627,false,false,29022.022539735346,2.1103659810561743,limit,outside_band,outside_band,waiting_confirm,1788364020000
2026-09-02:NY:8d5c8af5_8ef641a7-815c-4bb5-9798-b070b67d7998_deepseek_1781246265/v5/S3,1,1788364140000,29151.25,32.467116366912485,false,false,29021.299325449632,2.079026644595738,limit,outside_band,outside_band,waiting_confirm,1788364080000
2026-09-02:NY:8d5c8af5_8ef641a7-815c-4bb5-9798-b070b67d7998_deepseek_1781246265/v5/S3,1,1788364200000,29143,33.020687795483944,false,false,29020.468968306774,2.044173047456357,limit,outside_band,outside_band,waiting_confirm,1788364140000
2026-09-02:NY:8d5c8af5_8ef641a7-815c-4bb5-9798-b070b67d7998_deepseek_1781246265/v7/S4,0,1788366060000,29172,28.801466522605782,false,false,29360.452199783907,1.6434348332986302,limit,outside_band,outside_band,waiting_confirm,1788366000000
2026-09-02:NY:8d5c8af5_8ef641a7-815c-4bb5-9798-b070b67d7998_deepseek_1781246265/v7/S4,0,1788366120000,29170,29.03360937974864,false,false,29360.80041406962,1.6302944878204135,limit,outside_band,outside_band,waiting_confirm,1788366060000
2026-09-02:NY:8d5c8af5_8ef641a7-815c-4bb5-9798-b070b67d7998_deepseek_1781246265/v7/S4,0,1788366180000,29166.75,29.140752236891498,false,false,29360.96112835534,1.624300325144284,limit,outside_band,outside_band,waiting_confirm,1788366120000
2026-09-02:NY:8d5c8af5_8ef641a7-815c-4bb5-9798-b070b67d7998_deepseek_1781246265/v7/S4,0,1788366240000,29161,29.40860937974864,false,false,29361.36291406962,1.60950600288941,limit,outside_band,outside_band,waiting_confirm,1788366180000
2026-09-02:NY:8d5c8af5_8ef641a7-815c-4bb5-9798-b070b67d7998_deepseek_1781246265/v7/S4,0,1788366300000,29160,29.587180808319896,false,false,29361.63077121248,1.5997919382715635,limit,outside_band,outside_band,waiting_confirm,1788366240000
2026-09-02:NY:8d5c8af5_8ef641a7-815c-4bb5-9798-b070b67d7998_deepseek_1781246265/v7/S4,0,1788366360000,29159.5,28.080953607725615,false,false,29359.37143041159,1.685602775267222,limit,outside_band,outside_band,waiting_confirm,1788366300000
2026-09-02:NY:8d5c8af5_8ef641a7-815c-4bb5-9798-b070b67d7998_deepseek_1781246265/v7/S4,0,1788366420000,29151.5,28.67023932201133,false,false,29360.255358983017,1.6509570360298254,limit,outside_band,outside_band,waiting_confirm,1788366360000
2026-09-02:NY:8d5c8af5_8ef641a7-815c-4bb5-9798-b070b67d7998_deepseek_1781246265/v7/S4,0,1788366480000,29147.25,29.063096464868472,false,false,29360.844644697303,1.6286404096875786,limit,outside_band,outside_band,waiting_confirm,1788366420000
2026-09-02:NY:8d5c8af5_8ef641a7-815c-4bb5-9798-b070b67d7998_deepseek_1781246265/v7/S4,0,1788366540000,29151.75,29.063096464868472,false,false,29360.844644697303,1.6286404096875786,limit,outside_band,outside_band,waiting_confirm,1788366480000
2026-09-02:NY:8d5c8af5_8ef641a7-815c-4bb5-9798-b070b67d7998_deepseek_1781246265/v7/S4,0,1788366600000,29152.25,29.29523932201161,false,false,29361.192858983017,1.6157346527553063,limit,outside_band,outside_band,waiting_confirm,1788366540000
2026-09-02:NY:8d5c8af5_8ef641a7-815c-4bb5-9798-b070b67d7998_deepseek_1781246265/v7/S4,0,1788366660000,29151.25,27.720579370439356,false,false,29358.83086905566,1.7075160190846874,limit,outside_band,outside_band,waiting_confirm,1788366600000
2026-09-02:NY:8d5c8af5_8ef641a7-815c-4bb5-9798-b070b67d7998_deepseek_1781246265/v7/S4,0,1788366720000,29169,28.649150799010783,false,false,29360.223726198517,1.652172298767276,limit,outside_band,outside_band,waiting_confirm,1788366660000
2026-09-02:NY:8d5c8af5_8ef641a7-815c-4bb5-9798-b070b67d7998_deepseek_1781246265/v7/S4,0,1788366780000,29166.75,29.095579370439356,false,false,29360.89336905566,1.6268221619062726,limit,outside_band,outside_band,waiting_confirm,1788366720000
2026-09-02:NY:8d5c8af5_8ef641a7-815c-4bb5-9798-b070b67d7998_deepseek_1781246265/v7/S4,0,1788366840000,29156,29.095579370439356,false,false,29360.89336905566,1.6268221619062726,limit,outside_band,outside_band,waiting_confirm,1788366780000
2026-09-02:NY:8d5c8af5_8ef641a7-815c-4bb5-9798-b070b67d7998_deepseek_1781246265/v7/S4,0,1788366900000,29161,29.09557937043951,false,false,29360.89336905566,1.6268221619062726,limit,outside_band,outside_band,waiting_confirm,1788366840000
2026-09-02:NY:8d5c8af5_8ef641a7-815c-4bb5-9798-b070b67d7998_deepseek_1781246265/v7/S4,0,1788366960000,29165,27.6423237011224,false,false,29358.713485551685,1.7123500124343605,limit,outside_band,outside_band,waiting_confirm,1788366900000
2026-09-02:NY:8d5c8af5_8ef641a7-815c-4bb5-9798-b070b67d7998_deepseek_1781246265/v7/S4,0,1788367020000,29163.5,27.856609415408116,false,false,29359.034914123113,1.6991778370253354,limit,outside_band,outside_band,waiting_confirm,1788366960000
2026-09-02:NY:8d5c8af5_8ef641a7-815c-4bb5-9798-b070b67d7998_deepseek_1781246265/v7/S4,0,1788367080000,29170.5,28.17803798683669,false,false,29359.517056980254,1.6797952134015213,limit,outside_band,outside_band,waiting_confirm,1788367020000
2026-09-02:NY:8d5c8af5_8ef641a7-815c-4bb5-9798-b070b67d7998_deepseek_1781246265/v7/S4,0,1788367140000,29160.75,28.17803798683669,false,false,29359.517056980254,1.6797952134015213,limit,outside_band,outside_band,waiting_confirm,1788367080000
2026-09-02:NY:8d5c8af5_8ef641a7-815c-4bb5-9798-b070b67d7998_deepseek_1781246265/v7/S4,0,1788367200000,29156.75,28.24946655826531,false,false,29359.6241998374,1.6755478633802148,limit,outside_band,outside_band,waiting_confirm,1788367140000
2026-09-02:NY:8d5c8af5_8ef641a7-815c-4bb5-9798-b070b67d7998_deepseek_1781246265/v7/S4,0,1788367260000,29159,26.874504661246363,false,false,29357.56175699187,1.7612727724649064,limit,outside_band,outside_band,waiting_confirm,1788367200000
2026-09-02:NY:8d5c8af5_8ef641a7-815c-4bb5-9798-b070b67d7998_deepseek_1781246265/v7/S4,0,1788367320000,29152.5,27.05307608981779,false,false,29357.829614134727,1.7496469967475485,limit,outside_band,outside_band,waiting_confirm,1788367260000
2026-09-02:NY:8d5c8af5_8ef641a7-815c-4bb5-9798-b070b67d7998_deepseek_1781246265/v7/S4,0,1788367380000,29144,27.463790375532078,false,false,29358.4456855633,1.723481452709508,limit,outside_band,outside_band,waiting_confirm,1788367320000
2026-09-02:NY:8d5c8af5_8ef641a7-815c-4bb5-9798-b070b67d7998_deepseek_1781246265/v7/S4,0,1788367440000,29144,27.642361804103505,false,false,29358.713542706155,1.71234765208475,limit,outside_band,outside_band,waiting_confirm,1788367380000
2026-09-02:NY:8d5c8af5_8ef641a7-815c-4bb5-9798-b070b67d7998_deepseek_1781246265/v7/S4,0,1788367500000,29138.5,27.838790375532074,false,false,29359.0081855633,1.7002654459776174,limit,outside_band,outside_band,waiting_confirm,1788367440000
2026-09-02:NY:8d5c8af5_8ef641a7-815c-4bb5-9798-b070b67d7998_deepseek_1781246265/v7/S4,0,1788367560000,29146,26.546733920136926,false,false,29357.070100880206,1.7830190891176974,limit,outside_band,outside_band,waiting_confirm,1788367500000
2026-09-02:NY:8d5c8af5_8ef641a7-815c-4bb5-9798-b070b67d7998_deepseek_1781246265/v7/S4,0,1788367620000,29147.25,26.778876777279784,false,false,29357.41831516592,1.7675623114070431,limit,outside_band,outside_band,waiting_confirm,1788367560000
2026-09-02:NY:8d5c8af5_8ef641a7-815c-4bb5-9798-b070b67d7998_deepseek_1781246265/v8/S2,0,1788367680000,29140.5,26.778876777279784,false,false,29018.58168483408,2.5495219198759864,limit,outside_band,outside_band,waiting_confirm,1788367620000
2026-09-02:NY:8d5c8af5_8ef641a7-815c-4bb5-9798-b070b67d7998_deepseek_1781246265/v8/S2,0,1788367740000,29140.5,26.778876777279784,false,false,29018.58168483408,2.5495219198759864,limit,outside_band,outside_band,waiting_confirm,1788367680000
2026-09-02:NY:8d5c8af5_8ef641a7-815c-4bb5-9798-b070b67d7998_deepseek_1781246265/v8/S2,0,1788367800000,29147.75,26.778876777279898,false,false,29018.58168483408,2.5495219198759864,limit,outside_band,outside_band,waiting_confirm,1788367740000
2026-09-02:NY:8d5c8af5_8ef641a7-815c-4bb5-9798-b070b67d7998_deepseek_1781246265/v8/S2,0,1788367860000,29139.25,25.705385578902764,false,false,29020.191921631646,2.655993356869417,limit,outside_band,outside_band,waiting_confirm,1788367800000
2026-09-02:NY:8d5c8af5_8ef641a7-815c-4bb5-9798-b070b67d7998_deepseek_1781246265/v8/S2,0,1788367920000,29144,25.830385578902764,false,false,29020.004421631646,2.6431403094925385,limit,outside_band,outside_band,waiting_confirm,1788367860000
2026-09-02:NY:8d5c8af5_8ef641a7-815c-4bb5-9798-b070b67d7998_deepseek_1781246265/v8/S2,0,1788367980000,29143.5,25.88395700747419,false,false,29019.92406448879,2.6376698629819955,limit,outside_band,outside_band,waiting_confirm,1788367920000
2026-09-02:NY:8d5c8af5_8ef641a7-815c-4bb5-9798-b070b67d7998_deepseek_1781246265/v8/S2,0,1788368040000,29160.25,26.61609986461705,false,false,29018.825850203073,2.565114110654965,limit,outside_band,outside_band,waiting_confirm,1788367980000
2026-09-02:NY:8d5c8af5_8ef641a7-815c-4bb5-9798-b070b67d7998_deepseek_1781246265/v8/S2,0,1788368100000,29165.25,27.06252843604562,false,false,29018.15620734593,2.522799504661127,limit,outside_band,outside_band,waiting_confirm,1788368040000
2026-09-02:NY:8d5c8af5_8ef641a7-815c-4bb5-9798-b070b67d7998_deepseek_1781246265/v8/S2,0,1788368160000,29159.5,25.843776404899504,false,false,29019.98433539265,2.6417707793042022,limit,outside_band,outside_band,waiting_confirm,1788368100000
2026-09-02:NY:8d5c8af5_8ef641a7-815c-4bb5-9798-b070b67d7998_deepseek_1781246265/v8/S2,0,1788368220000,29163.25,26.111633547756647,false,false,29019.582549678365,2.6146710893619916,limit,outside_band,outside_band,waiting_confirm,1788368160000
2026-09-02:NY:8d5c8af5_8ef641a7-815c-4bb5-9798-b070b67d7998_deepseek_1781246265/v8/S2,0,1788368280000,29153.75,26.165204976328077,false,false,29019.502192535507,2.6093177330389294,limit,outside_band,outside_band,waiting_confirm,1788368220000
2026-09-02:NY:8d5c8af5_8ef641a7-815c-4bb5-9798-b070b67d7998_deepseek_1781246265/v8/S2,0,1788368340000,29149.75,26.450919262042362,false,false,29019.073621106938,2.5811327257464916,limit,outside_band,outside_band,waiting_confirm,1788368280000
2026-09-02:NY:8d5c8af5_8ef641a7-815c-4bb5-9798-b070b67d7998_deepseek_1781246265/v8/S2,0,1788368400000,29154.5,26.558062119185575,false,false,29018.91290682122,2.5707196943413506,limit,outside_band,outside_band,waiting_confirm,1788368340000
2026-09-02:NY:8d5c8af5_8ef641a7-815c-4bb5-9798-b070b67d7998_deepseek_1781246265/v8/S2,0,1788368460000,29167.25,25.982486253529462,false,false,29019.776270619706,2.627667447493017,limit,outside_band,outside_band,waiting_confirm,1788368400000
2026-09-02:NY:8d5c8af5_8ef641a7-815c-4bb5-9798-b070b67d7998_deepseek_1781246265/v8/S2,0,1788368520000,29174.25,26.143200539243747,false,false,29019.535199191134,2.6115139663503233,limit,outside_band,outside_band,waiting_confirm,1788368460000
2026-09-02:NY:8d5c8af5_8ef641a7-815c-4bb5-9798-b070b67d7998_deepseek_1781246265/v8/S2,0,1788368580000,29179.5,26.536057682100893,false,false,29018.945913476848,2.5728514066120387,limit,outside_band,outside_band,waiting_confirm,1788368520000
2026-09-02:NY:8d5c8af5_8ef641a7-815c-4bb5-9798-b070b67d7998_deepseek_1781246265/v8/S2,0,1788368640000,29174,26.661057682100893,false,false,29018.758413476848,2.560788628395914,limit,outside_band,outside_band,waiting_confirm,1788368580000
2026-09-02:NY:8d5c8af5_8ef641a7-815c-4bb5-9798-b070b67d7998_deepseek_1781246265/v8/S2,0,1788368700000,29174.25,26.66105768210117,false,false,29018.758413476848,2.560788628395914,limit,outside_band,outside_band,waiting_confirm,1788368640000
2026-09-02:NY:8d5c8af5_8ef641a7-815c-4bb5-9798-b070b67d7998_deepseek_1781246265/v8/S2,0,1788368760000,29171.75,25.274553561951084,false,false,29020.838169657072,2.701267627378059,limit,outside_band,outside_band,waiting_confirm,1788368700000
2026-09-02:NY:8d5c8af5_8ef641a7-815c-4bb5-9798-b070b67d7998_deepseek_1781246265/v8/S2,0,1788368820000,29169.25,25.578124990522515,false,false,29020.382812514217,2.669207901620325,limit,outside_band,outside_band,waiting_confirm,1788368760000
2026-09-02:NY:8d5c8af5_8ef641a7-815c-4bb5-9798-b070b67d7998_deepseek_1781246265/v8/S2,0,1788368880000,29145.25,27.13169641909394,false,false,29018.05245537136,2.5163680250116944,limit,outside_band,outside_band,waiting_confirm,1788368820000
2026-09-02:NY:8d5c8af5_8ef641a7-815c-4bb5-9798-b070b67d7998_deepseek_1781246265/v8/S2,0,1788368940000,29131.5,28.274553561951084,false,false,29016.338169657072,2.414656457218357,limit,outside_band,outside_band,waiting_confirm,1788368880000
2026-09-02:NY:8d5c8af5_8ef641a7-815c-4bb5-9798-b070b67d7998_deepseek_1781246265/v8/S2,0,1788369000000,29130.75,28.43526784766592,false,false,29016.0970982285,2.4010089758635877,limit,outside_band,outside_band,waiting_confirm,1788368940000
2026-09-02:NY:8d5c8af5_8ef641a7-815c-4bb5-9798-b070b67d7998_deepseek_1781246265/v8/S2,0,1788369060000,29137,27.18989157283264,false,false,29017.96516264075,2.5109821843331233,limit,outside_band,outside_band,waiting_confirm,1788369000000
2026-09-02:NY:8d5c8af5_8ef641a7-815c-4bb5-9798-b070b67d7998_deepseek_1781246265/v8/S2,0,1788369120000,29135.5,27.18989157283264,false,false,29017.96516264075,2.5109821843331233,limit,outside_band,outside_band,waiting_confirm,1788369060000
2026-09-02:NY:8d5c8af5_8ef641a7-815c-4bb5-9798-b070b67d7998_deepseek_1781246265/v8/S2,0,1788369180000,29141.75,27.33274871568978,false,false,29017.750876926464,2.4978583033670656,limit,outside_band,outside_band,waiting_confirm,1788369120000
2026-09-02:NY:8d5c8af5_8ef641a7-815c-4bb5-9798-b070b67d7998_deepseek_1781246265/v8/S2,0,1788369240000,29146.25,27.81489157283264,false,false,29017.02766264075,2.454560470047492,limit,outside_band,outside_band,waiting_confirm,1788369180000
2026-09-02:NY:8d5c8af5_8ef641a7-815c-4bb5-9798-b070b67d7998_deepseek_1781246265/v8/S2,0,1788369300000,29144.75,28.136320144261514,false,false,29016.54551978361,2.4265196366576007,limit,outside_band,outside_band,waiting_confirm,1788369240000
2026-09-02:NY:8d5c8af5_8ef641a7-815c-4bb5-9798-b070b67d7998_deepseek_1781246265/v8/S2,0,1788369360000,29146.5,26.84086870538569,false,false,29018.48869694192,2.5436335195675737,limit,outside_band,outside_band,waiting_confirm,1788369300000
2026-09-02:NY:8d5c8af5_8ef641a7-815c-4bb5-9798-b070b67d7998_deepseek_1781246265/v8/S2,0,1788369420000,29142.25,26.876582991099976,false,false,29018.43512551335,2.5402534747792926,limit,outside_band,outside_band,waiting_confirm,1788369360000
2026-09-02:NY:8d5c8af5_8ef641a7-815c-4bb5-9798-b070b67d7998_deepseek_1781246265/v8/S2,0,1788369480000,29132,27.305154419671403,false,false,29017.792268370493,2.5003826121615735,limit,outside_band,outside_band,waiting_confirm,1788369420000
2026-09-02:NY:8d5c8af5_8ef641a7-815c-4bb5-9798-b070b67d7998_deepseek_1781246265/v8/S2,0,1788369540000,29125.75,27.71586870538569,false,false,29017.17619694192,2.4633300893096193,limit,outside_band,outside_band,waiting_confirm,1788369480000
2026-09-02:NY:8d5c8af5_8ef641a7-815c-4bb5-9798-b070b67d7998_deepseek_1781246265/v8/S2,0,1788369600000,29131,27.75158299109992,false,false,29017.12262551335,2.460159961153609,limit,outside_band,outside_band,waiting_confirm,1788369540000
2026-09-02:NY:8d5c8af5_8ef641a7-815c-4bb5-9798-b070b67d7998_deepseek_1781246265/v8/S2,0,1788369660000,29133.5,26.233612777449927,false,false,29019.399580833826,2.60251357342674,limit,outside_band,outside_band,waiting_confirm,1788369600000
2026-09-02:NY:8d5c8af5_8ef641a7-815c-4bb5-9798-b070b67d7998_deepseek_1781246265/v8/S2,0,1788369720000,29143.5,27.037184206021355,false,false,29018.194223690967,2.525164337125277,limit,outside_band,outside_band,waiting_confirm,1788369660000
2026-09-02:NY:8d5c8af5_8ef641a7-815c-4bb5-9798-b070b67d7998_deepseek_1781246265/v8/S2,0,1788369780000,29142.5,27.44789849173564,false,false,29017.578152262395,2.4873792561527734,limit,outside_band,outside_band,waiting_confirm,1788369720000
2026-09-02:NY:8d5c8af5_8ef641a7-815c-4bb5-9798-b070b67d7998_deepseek_1781246265/v8/S2,0,1788369840000,29150.25,27.57289849173564,false,false,29017.390652262395,2.476102878839294,limit,outside_band,outside_band,waiting_confirm,1788369780000
2026-09-02:NY:8d5c8af5_8ef641a7-815c-4bb5-9798-b070b67d7998_deepseek_1781246265/v8/S2,0,1788369900000,29146,27.60861277745027,false,false,29017.337080833826,2.472899811507321,limit,outside_band,outside_band,waiting_confirm,1788369840000
2026-09-02:NY:8d5c8af5_8ef641a7-815c-4bb5-9798-b070b67d7998_deepseek_1781246265/v9/S3,0,1788369960000,29147.75,26.154426150489535,false,false,29356.481639225734,1.8097637876274826,limit,outside_band,outside_band,waiting_confirm,1788369900000
2026-09-02:NY:8d5c8af5_8ef641a7-815c-4bb5-9798-b070b67d7998_deepseek_1781246265/v9/S3,0,1788370020000,29147.5,26.600854721918104,false,false,29357.151282082876,1.779391445431044,limit,outside_band,outside_band,waiting_confirm,1788369960000
2026-09-02:NY:8d5c8af5_8ef641a7-815c-4bb5-9798-b070b67d7998_deepseek_1781246265/v9/S3,0,1788370080000,29142.5,26.618711864775246,false,false,29357.178067797162,1.7781977420166235,limit,outside_band,outside_band,waiting_confirm,1788370020000
2026-09-02:NY:8d5c8af5_8ef641a7-815c-4bb5-9798-b070b67d7998_deepseek_1781246265/v9/S3,0,1788370140000,29151.5,26.618711864775246,false,false,29357.178067797162,1.7781977420166235,limit,outside_band,outside_band,waiting_confirm,1788370080000
2026-09-02:NY:8d5c8af5_8ef641a7-815c-4bb5-9798-b070b67d7998_deepseek_1781246265/v9/S3,0,1788370200000,29150.25,26.6187118647751,false,false,29357.178067797162,1.7781977420166235,limit,outside_band,outside_band,waiting_confirm,1788370140000
2026-09-02:NY:8d5c8af5_8ef641a7-815c-4bb5-9798-b070b67d7998_deepseek_1781246265/v9/S3,0,1788370260000,29152.5,25.306661017291166,false,false,29355.209991525935,1.8703903016282646,limit,outside_band,outside_band,waiting_confirm,1788370200000
2026-09-02:NY:8d5c8af5_8ef641a7-815c-4bb5-9798-b070b67d7998_deepseek_1781246265/v9/S3,0,1788370320000,29150.75,25.69951816014831,false,false,29355.79927724022,1.8417984741337905,limit,outside_band,outside_band,waiting_confirm,1788370260000
2026-09-02:NY:8d5c8af5_8ef641a7-815c-4bb5-9798-b070b67d7998_deepseek_1781246265/v9/S3,0,1788370380000,29143,25.82451816014831,false,false,29355.98677724022,1.832883503955489,limit,outside_band,outside_band,waiting_confirm,1788370320000
2026-09-02:NY:8d5c8af5_8ef641a7-815c-4bb5-9798-b070b67d7998_deepseek_1781246265/v9/S3,0,1788370440000,29138.75,26.038803874434024,false,false,29356.308205811652,1.8177998329564384,limit,outside_band,outside_band,waiting_confirm,1788370380000
2026-09-02:NY:8d5c8af5_8ef641a7-815c-4bb5-9798-b070b67d7998_deepseek_1781246265/v9/S3,0,1788370500000,29132.75,26.378089588719998,false,false,29356.81713438308,1.7944185523418044,limit,outside_band,outside_band,waiting_confirm,1788370440000
2026-09-02:NY:8d5c8af5_8ef641a7-815c-4bb5-9798-b070b67d7998_deepseek_1781246265/v9/S3,0,1788370560000,29135,25.083226046668567,false,false,29354.874839070002,1.887051260681874,limit,outside_band,outside_band,waiting_confirm,1788370500000
2026-09-02:NY:8d5c8af5_8ef641a7-815c-4bb5-9798-b070b67d7998_deepseek_1781246265/v9/S3,0,1788370620000,29132.5,25.261797475239998,false,false,29355.14269621286,1.8737120103874436,limit,outside_band,outside_band,waiting_confirm,1788370560000
2026-09-02:NY:8d5c8af5_8ef641a7-815c-4bb5-9798-b070b67d7998_deepseek_1781246265/v9/S3,0,1788370680000,29136,25.261797475239998,false,false,29355.14269621286,1.8737120103874436,limit,outside_band,outside_band,waiting_confirm,1788370620000
2026-09-02:NY:8d5c8af5_8ef641a7-815c-4bb5-9798-b070b67d7998_deepseek_1781246265/v9/S3,0,1788370740000,29133.75,25.261797475239998,false,false,29355.14269621286,1.8737120103874436,limit,outside_band,outside_band,waiting_confirm,1788370680000
2026-09-02:NY:8d5c8af5_8ef641a7-815c-4bb5-9798-b070b67d7998_deepseek_1781246265/v9/S3,0,1788370800000,29134.75,25.26179747524043,false,false,29355.14269621286,1.8737120103874436,limit,outside_band,outside_band,waiting_confirm,1788370740000
2026-09-02:NY:8d5c8af5_8ef641a7-815c-4bb5-9798-b070b67d7998_deepseek_1781246265/v9/S3,0,1788370860000,29134,23.975240512723257,false,false,29353.212860769087,1.974258957202625,limit,outside_band,outside_band,waiting_confirm,1788370800000
2026-09-02:NY:8d5c8af5_8ef641a7-815c-4bb5-9798-b070b67d7998_deepseek_1781246265/v9/S3,0,1788370920000,29130.5,24.385954798437545,false,false,29353.828932197655,1.9410079992589542,limit,outside_band,outside_band,waiting_confirm,1788370860000
2026-09-02:NY:8d5c8af5_8ef641a7-815c-4bb5-9798-b070b67d7998_deepseek_1781246265/v9/S3,0,1788370980000,29139.75,24.67166908415183,false,false,29354.257503626228,1.918529839707456,limit,outside_band,outside_band,waiting_confirm,1788370920000
2026-09-02:NY:8d5c8af5_8ef641a7-815c-4bb5-9798-b070b67d7998_deepseek_1781246265/v9/S3,0,1788371040000,29146,25.064526227008972,false,false,29354.846789340514,1.8884591276386151,limit,outside_band,outside_band,waiting_confirm,1788370980000
2026-09-02:NY:8d5c8af5_8ef641a7-815c-4bb5-9798-b070b67d7998_deepseek_1781246265/v9/S3,0,1788371100000,29158.75,25.70738336986679,false,false,29355.8110750548,1.841234973327371,limit,outside_band,outside_band,waiting_confirm,1788371040000
2026-09-02:NY:8d5c8af5_8ef641a7-815c-4bb5-9798-b070b67d7998_deepseek_1781246265/v9/S3,0,1788371160000,29167.75,25.031855986304873,false,false,29354.79778397946,1.8909238435707008,limit,outside_band,outside_band,waiting_confirm,1788371100000
2026-09-02:NY:8d5c8af5_8ef641a7-815c-4bb5-9798-b070b67d7998_deepseek_1781246265/v9/S3,0,1788371220000,29171,25.06757027201916,false,false,29354.851355408027,1.8882298052703337,limit,outside_band,outside_band,waiting_confirm,1788371160000
2026-09-02:NY:8d5c8af5_8ef641a7-815c-4bb5-9798-b070b67d7998_deepseek_1781246265/v9/S3,0,1788371280000,29169.75,25.06757027201916,false,false,29354.851355408027,1.8882298052703337,limit,outside_band,outside_band,waiting_confirm,1788371220000
2026-09-02:NY:8d5c8af5_8ef641a7-815c-4bb5-9798-b070b67d7998_deepseek_1781246265/v9/S3,0,1788371340000,29163.75,25.06757027201916,false,false,29354.851355408027,1.8882298052703337,limit,outside_band,outside_band,waiting_confirm,1788371280000
2026-09-02:NY:8d5c8af5_8ef641a7-815c-4bb5-9798-b070b67d7998_deepseek_1781246265/v9/S3,0,1788371400000,29159.5,25.06757027201943,false,false,29354.85135540803,1.888229805270151,limit,outside_band,outside_band,waiting_confirm,1788371340000
2026-09-02:NY:8d5c8af5_8ef641a7-815c-4bb5-9798-b070b67d7998_deepseek_1781246265/v9/S3,0,1788371460000,29159.25,24.312743824018042,false,false,29353.71911573603,1.9468527976908931,limit,outside_band,outside_band,waiting_confirm,1788371400000
2026-09-02:NY:8d5c8af5_8ef641a7-815c-4bb5-9798-b070b67d7998_deepseek_1781246265/v9/S3,0,1788371520000,29157.5,24.312743824018042,false,false,29353.71911573603,1.9468527976908931,limit,outside_band,outside_band,waiting_confirm,1788371460000
2026-09-02:NY:8d5c8af5_8ef641a7-815c-4bb5-9798-b070b67d7998_deepseek_1781246265/v9/S3,0,1788371580000,29158.25,24.312743824018042,false,false,29353.71911573603,1.9468527976908931,limit,outside_band,outside_band,waiting_confirm,1788371520000
2026-09-02:NY:8d5c8af5_8ef641a7-815c-4bb5-9798-b070b67d7998_deepseek_1781246265/v9/S3,0,1788371640000,29155.25,24.312743824018042,false,false,29353.71911573603,1.9468527976908931,limit,outside_band,outside_band,waiting_confirm,1788371580000
2026-09-02:NY:8d5c8af5_8ef641a7-815c-4bb5-9798-b070b67d7998_deepseek_1781246265/v9/S3,0,1788371700000,29157.25,24.312743824017844,false,false,29353.71911573603,1.9468527976908931,limit,outside_band,outside_band,waiting_confirm,1788371640000
2026-09-02:NY:8d5c8af5_8ef641a7-815c-4bb5-9798-b070b67d7998_deepseek_1781246265/v9/S3,0,1788371760000,29156,23.66540497944514,false,false,29352.748107469168,2.000106627139709,limit,outside_band,outside_band,waiting_confirm,1788371700000
2026-09-02:NY:8d5c8af5_8ef641a7-815c-4bb5-9798-b070b67d7998_deepseek_1781246265/v9/S3,0,1788371820000,29156.5,23.754690693730854,false,false,29352.882036040595,1.9925889140634658,limit,outside_band,outside_band,waiting_confirm,1788371760000
2026-09-02:NY:8d5c8af5_8ef641a7-815c-4bb5-9798-b070b67d7998_deepseek_1781246265/v9/S3,0,1788371880000,29165.75,24.433262122302285,false,false,29353.899893183454,1.9372498480310387,limit,outside_band,outside_band,waiting_confirm,1788371820000
2026-09-02:NY:8d5c8af5_8ef641a7-815c-4bb5-9798-b070b67d7998_deepseek_1781246265/v9/S3,0,1788371940000,29158.75,24.433262122302285,false,false,29353.899893183454,1.9372498480310387,limit,outside_band,outside_band,waiting_confirm,1788371880000
2026-09-02:NY:8d5c8af5_8ef641a7-815c-4bb5-9798-b070b67d7998_deepseek_1781246265/v9/S3,0,1788372000000,29159.5,24.433262122302978,false,false,29353.899893183454,1.9372498480310387,limit,outside_band,outside_band,waiting_confirm,1788371940000
2026-09-02:NY:8d5c8af5_8ef641a7-815c-4bb5-9798-b070b67d7998_deepseek_1781246265/v9/S3,0,1788372060000,29136.5,24.545171970709905,false,false,29354.067757956065,1.9284172622549332,limit,outside_band,outside_band,waiting_confirm,1788372000000
2026-09-02:NY:8d5c8af5_8ef641a7-815c-4bb5-9798-b070b67d7998_deepseek_1781246265/v9/S3,0,1788372120000,29137,24.563029113567048,false,false,29354.09454367035,1.92701531698256,limit,outside_band,outside_band,waiting_confirm,1788372060000
2026-09-02:NY:8d5c8af5_8ef641a7-815c-4bb5-9798-b070b67d7998_deepseek_1781246265/v10/S1,0,1788372180000,29144.75,24.563029113567048,false,false,29101.5,1.3163706192990285,limit,cancel_marketable,cancel_marketable,waiting_confirm,1788372120000
2026-09-02:NY:8d5c8af5_8ef641a7-815c-4bb5-9798-b070b67d7998_deepseek_1781246265/v10/S1,0,1788372240000,29153.75,24.563029113567048,false,false,29101.5,1.3163706192990285,limit,cancel_marketable,cancel_marketable,waiting_confirm,1788372180000
2026-09-02:NY:8d5c8af5_8ef641a7-815c-4bb5-9798-b070b67d7998_deepseek_1781246265/v10/S1,0,1788372300000,29159,24.563029113567048,false,true,29101.5,1.3163706192990285,limit,cancel_marketable,cancel_marketable,waiting_confirm,1788372240000
2026-09-02:NY:8d5c8af5_8ef641a7-815c-4bb5-9798-b070b67d7998_deepseek_1781246265/v10/S1,0,1788372360000,29161.75,23.59424131974083,true,true,29101.5,1.3163706192990285,limit,cancel_marketable,cancel_marketable,rr_refused,1788372300000
2026-09-02:NY:8d5c8af5_8ef641a7-815c-4bb5-9798-b070b67d7998_deepseek_1781246265/v10/S1,0,1788372420000,29162,23.59424131974083,true,true,29101.5,1.3163706192990285,limit,cancel_marketable,cancel_marketable,rr_refused,1788372360000
2026-09-02:NY:8d5c8af5_8ef641a7-815c-4bb5-9798-b070b67d7998_deepseek_1781246265/v10/S1,0,1788372480000,29149.75,24.058527034026547,true,true,29101.5,1.3163706192990285,limit,cancel_marketable,cancel_marketable,rr_refused,1788372420000
2026-09-02:NY:8d5c8af5_8ef641a7-815c-4bb5-9798-b070b67d7998_deepseek_1781246265/v10/S1,0,1788372540000,29147.5,24.254955605455116,true,true,29101.5,1.3163706192990285,limit,cancel_marketable,cancel_marketable,rr_refused,1788372480000
2026-09-02:NY:8d5c8af5_8ef641a7-815c-4bb5-9798-b070b67d7998_deepseek_1781246265/v10/S1,0,1788372600000,29150.25,24.25495560545566,true,true,29101.5,1.3163706192990285,limit,cancel_marketable,cancel_marketable,rr_refused,1788372540000
2026-09-02:NY:8d5c8af5_8ef641a7-815c-4bb5-9798-b070b67d7998_deepseek_1781246265/v10/S1,0,1788372660000,29149.5,22.95103020506597,true,true,29101.5,1.3163706192990285,limit,cancel_marketable,cancel_marketable,rr_refused,1788372600000
2026-09-02:NY:8d5c8af5_8ef641a7-815c-4bb5-9798-b070b67d7998_deepseek_1781246265/v10/S1,0,1788372720000,29144,23.433173062208827,true,true,29101.5,1.3163706192990285,limit,cancel_marketable,cancel_marketable,rr_refused,1788372660000
2026-09-02:NY:8d5c8af5_8ef641a7-815c-4bb5-9798-b070b67d7998_deepseek_1781246265/v10/S1,0,1788372780000,29138.5,23.683173062208827,true,true,29101.5,1.3163706192990285,limit,cancel_marketable,cancel_marketable,rr_refused,1788372720000
2026-09-02:NY:8d5c8af5_8ef641a7-815c-4bb5-9798-b070b67d7998_deepseek_1781246265/v10/S1,0,1788372840000,29147.25,23.683173062208827,true,true,29101.5,1.3163706192990285,limit,cancel_marketable,cancel_marketable,rr_refused,1788372780000
2026-09-02:NY:8d5c8af5_8ef641a7-815c-4bb5-9798-b070b67d7998_deepseek_1781246265/v10/S1,0,1788372900000,29147,23.683173062209157,true,true,29101.5,1.3163706192990285,limit,cancel_marketable,cancel_marketable,rr_refused,1788372840000
2026-09-02:NY:8d5c8af5_8ef641a7-815c-4bb5-9798-b070b67d7998_deepseek_1781246265/v10/S1,0,1788372960000,29147,22.723660700622787,true,true,29101.5,1.3163706192990285,limit,cancel_marketable,cancel_marketable,rr_refused,1788372900000
2026-09-02:NY:8d5c8af5_8ef641a7-815c-4bb5-9798-b070b67d7998_deepseek_1781246265/v10/S1,0,1788373020000,29148,22.723660700622787,true,true,29101.5,1.3163706192990285,limit,cancel_marketable,cancel_marketable,rr_refused,1788372960000
2026-09-02:NY:8d5c8af5_8ef641a7-815c-4bb5-9798-b070b67d7998_deepseek_1781246265/v10/S1,0,1788373080000,29151.75,22.723660700622787,true,true,29101.5,1.3163706192990285,limit,cancel_marketable,cancel_marketable,rr_refused,1788373020000
2026-09-02:NY:8d5c8af5_8ef641a7-815c-4bb5-9798-b070b67d7998_deepseek_1781246265/v10/S1,0,1788373140000,29176.25,26.027232129194214,true,true,29101.5,1.3163706192990285,limit,send_limit,send_limit,rr_refused,1788373080000
2026-09-02:NY:8d5c8af5_8ef641a7-815c-4bb5-9798-b070b67d7998_deepseek_1781246265/v10/S1,0,1788373200000,29172.75,26.02723212919457,true,false,29101.5,1.3163706192990285,limit,send_limit,send_limit,rr_refused,1788373140000
2026-09-02:NY:8d5c8af5_8ef641a7-815c-4bb5-9798-b070b67d7998_deepseek_1781246265/v10/S1,0,1788373260000,29170.25,24.953858405680673,true,false,29101.5,1.3163706192990285,limit,send_limit,send_limit,rr_refused,1788373200000
2026-09-02:NY:8d5c8af5_8ef641a7-815c-4bb5-9798-b070b67d7998_deepseek_1781246265/v10/S1,0,1788373320000,29167,25.096715548537816,true,false,29101.5,1.3163706192990285,limit,send_limit,send_limit,rr_refused,1788373260000
2026-09-02:NY:8d5c8af5_8ef641a7-815c-4bb5-9798-b070b67d7998_deepseek_1781246265/v10/S1,0,1788373380000,29168.25,25.31100126282353,true,false,29101.5,1.3163706192990285,limit,send_limit,send_limit,rr_refused,1788373320000
2026-09-02:NY:8d5c8af5_8ef641a7-815c-4bb5-9798-b070b67d7998_deepseek_1781246265/v10/S1,0,1788373440000,29164.5,25.31100126282353,true,false,29101.5,1.3163706192990285,limit,send_limit,send_limit,rr_refused,1788373380000
2026-09-02:NY:8d5c8af5_8ef641a7-815c-4bb5-9798-b070b67d7998_deepseek_1781246265/v10/S1,0,1788373500000,29170.5,25.311001262821133,true,false,29101.5,1.3163706192990285,limit,send_limit,send_limit,rr_refused,1788373440000
2026-09-02:NY:8d5c8af5_8ef641a7-815c-4bb5-9798-b070b67d7998_deepseek_1781246265/v10/S1,0,1788373560000,29170.75,23.860215458333908,true,false,29101.5,1.3163706192990285,limit,send_limit,send_limit,rr_refused,1788373500000
2026-09-02:NY:8d5c8af5_8ef641a7-815c-4bb5-9798-b070b67d7998_deepseek_1781246265/v10/S1,0,1788373620000,29164.75,24.395929744048196,true,false,29101.5,1.3163706192990285,limit,send_limit,send_limit,rr_refused,1788373560000
2026-09-02:NY:8d5c8af5_8ef641a7-815c-4bb5-9798-b070b67d7998_deepseek_1781246265/v10/S1,0,1788373680000,29157,24.860215458333908,true,false,29101.5,1.3163706192990285,limit,cancel_marketable,cancel_marketable,rr_refused,1788373620000
2026-09-02:NY:8d5c8af5_8ef641a7-815c-4bb5-9798-b070b67d7998_deepseek_1781246265/v10/S3,0,1788372180000,29144.75,24.563029113567048,false,false,29354.09454367035,1.92701531698256,limit,outside_band,outside_band,waiting_confirm,1788372120000
2026-09-02:NY:8d5c8af5_8ef641a7-815c-4bb5-9798-b070b67d7998_deepseek_1781246265/v10/S3,0,1788372240000,29153.75,24.563029113567048,false,false,29354.09454367035,1.92701531698256,limit,outside_band,outside_band,waiting_confirm,1788372180000
2026-09-02:NY:8d5c8af5_8ef641a7-815c-4bb5-9798-b070b67d7998_deepseek_1781246265/v10/S3,0,1788372300000,29159,24.563029113567048,false,false,29354.09454367035,1.92701531698256,limit,outside_band,outside_band,waiting_confirm,1788372240000
2026-09-02:NY:8d5c8af5_8ef641a7-815c-4bb5-9798-b070b67d7998_deepseek_1781246265/v10/S3,0,1788372360000,29161.75,23.59424131974083,false,false,29352.64136197961,2.0061392393121995,limit,outside_band,outside_band,waiting_confirm,1788372300000
2026-09-02:NY:8d5c8af5_8ef641a7-815c-4bb5-9798-b070b67d7998_deepseek_1781246265/v10/S3,0,1788372420000,29162,23.59424131974083,false,false,29352.64136197961,2.0061392393121995,limit,outside_band,outside_band,waiting_confirm,1788372360000
2026-09-02:NY:8d5c8af5_8ef641a7-815c-4bb5-9798-b070b67d7998_deepseek_1781246265/v10/S3,0,1788372480000,29149.75,24.058527034026547,false,false,29353.33779055104,1.9674244090833175,limit,outside_band,outside_band,waiting_confirm,1788372420000
2026-09-02:NY:8d5c8af5_8ef641a7-815c-4bb5-9798-b070b67d7998_deepseek_1781246265/v10/S3,0,1788372540000,29147.5,24.254955605455116,false,false,29353.632433408184,1.95149123763749,limit,outside_band,outside_band,waiting_confirm,1788372480000
2026-09-02:NY:8d5c8af5_8ef641a7-815c-4bb5-9798-b070b67d7998_deepseek_1781246265/v10/S3,0,1788372600000,29150.25,24.25495560545566,false,false,29353.632433408184,1.95149123763749,limit,outside_band,outside_band,waiting_confirm,1788372540000
2026-09-02:NY:8d5c8af5_8ef641a7-815c-4bb5-9798-b070b67d7998_deepseek_1781246265/v10/S3,0,1788372660000,29149.5,22.95103020506597,false,false,29351.6765453076,2.062362033878697,limit,outside_band,outside_band,waiting_confirm,1788372600000
2026-09-02:NY:8d5c8af5_8ef641a7-815c-4bb5-9798-b070b67d7998_deepseek_1781246265/v10/S3,0,1788372720000,29144,23.433173062208827,false,false,29352.399759593314,2.0199284666944,limit,outside_band,outside_band,waiting_confirm,1788372660000
2026-09-02:NY:8d5c8af5_8ef641a7-815c-4bb5-9798-b070b67d7998_deepseek_1781246265/v10/S3,0,1788372780000,29138.5,23.683173062208827,false,false,29352.774759593314,1.9986060655386453,limit,outside_band,outside_band,waiting_confirm,1788372720000
2026-09-02:NY:8d5c8af5_8ef641a7-815c-4bb5-9798-b070b67d7998_deepseek_1781246265/v10/S3,0,1788372840000,29147.25,23.683173062208827,false,false,29352.774759593314,1.9986060655386453,limit,outside_band,outside_band,waiting_confirm,1788372780000
2026-09-02:NY:8d5c8af5_8ef641a7-815c-4bb5-9798-b070b67d7998_deepseek_1781246265/v10/S3,0,1788372900000,29147,23.683173062209157,false,false,29352.774759593314,1.9986060655386453,limit,outside_band,outside_band,waiting_confirm,1788372840000
2026-09-02:NY:8d5c8af5_8ef641a7-815c-4bb5-9798-b070b67d7998_deepseek_1781246265/v10/S3,0,1788372960000,29147,22.723660700622787,false,false,29351.335491050933,2.0829977157702073,limit,outside_band,outside_band,waiting_confirm,1788372900000
2026-09-02:NY:8d5c8af5_8ef641a7-815c-4bb5-9798-b070b67d7998_deepseek_1781246265/v10/S3,0,1788373020000,29148,22.723660700622787,false,false,29351.335491050933,2.0829977157702073,limit,outside_band,outside_band,waiting_confirm,1788372960000
2026-09-02:NY:8d5c8af5_8ef641a7-815c-4bb5-9798-b070b67d7998_deepseek_1781246265/v10/S3,0,1788373080000,29151.75,22.723660700622787,false,false,29351.335491050933,2.0829977157702073,limit,outside_band,outside_band,waiting_confirm,1788373020000
2026-09-02:NY:8d5c8af5_8ef641a7-815c-4bb5-9798-b070b67d7998_deepseek_1781246265/v10/S3,0,1788373140000,29176.25,26.027232129194214,false,false,29356.290848193792,1.8186080294046951,limit,outside_band,outside_band,waiting_confirm,1788373080000
2026-09-02:NY:8d5c8af5_8ef641a7-815c-4bb5-9798-b070b67d7998_deepseek_1781246265/v10/S3,0,1788373200000,29172.75,26.02723212919457,false,false,29356.290848193792,1.8186080294046951,limit,outside_band,outside_band,waiting_confirm,1788373140000
2026-09-02:NY:8d5c8af5_8ef641a7-815c-4bb5-9798-b070b67d7998_deepseek_1781246265/v10/S3,0,1788373260000,29170.25,24.953858405680673,false,false,29354.680787608522,1.8968342515943948,limit,outside_band,outside_band,waiting_confirm,1788373200000
2026-09-02:NY:8d5c8af5_8ef641a7-815c-4bb5-9798-b070b67d7998_deepseek_1781246265/v10/S3,0,1788373320000,29167,25.096715548537816,false,false,29354.89507332281,1.8860369693311876,limit,outside_band,outside_band,waiting_confirm,1788373260000
2026-09-02:NY:8d5c8af5_8ef641a7-815c-4bb5-9798-b070b67d7998_deepseek_1781246265/v10/S3,0,1788373380000,29168.25,25.31100126282353,false,false,29355.216501894236,1.8700695733777648,limit,outside_band,outside_band,waiting_confirm,1788373320000
2026-09-02:NY:8d5c8af5_8ef641a7-815c-4bb5-9798-b070b67d7998_deepseek_1781246265/v10/S3,0,1788373440000,29164.5,25.31100126282353,false,false,29355.216501894236,1.8700695733777648,limit,outside_band,outside_band,waiting_confirm,1788373380000
2026-09-02:NY:8d5c8af5_8ef641a7-815c-4bb5-9798-b070b67d7998_deepseek_1781246265/v10/S3,0,1788373500000,29170.5,25.311001262821133,false,false,29355.216501894232,1.870069573377944,limit,outside_band,outside_band,waiting_confirm,1788373440000
2026-09-02:NY:8d5c8af5_8ef641a7-815c-4bb5-9798-b070b67d7998_deepseek_1781246265/v10/S3,0,1788373560000,29170.75,23.860215458333908,false,false,29353.040323187503,1.9837764422533135,limit,outside_band,outside_band,waiting_confirm,1788373500000
2026-09-02:NY:8d5c8af5_8ef641a7-815c-4bb5-9798-b070b67d7998_deepseek_1781246265/v10/S3,0,1788373620000,29164.75,24.395929744048196,false,false,29353.84389461607,1.9402143648524952,limit,outside_band,outside_band,waiting_confirm,1788373560000
2026-09-02:NY:8d5c8af5_8ef641a7-815c-4bb5-9798-b070b67d7998_deepseek_1781246265/v10/S3,0,1788373680000,29157,24.860215458333908,false,false,29354.540323187503,1.9039792077692415,limit,outside_band,outside_band,waiting_confirm,1788373620000
2026-09-02:NY:8d5c8af5_8ef641a7-815c-4bb5-9798-b070b67d7998_deepseek_1781246265/v10/S4,0,1788372180000,29144.75,24.563029113567048,false,false,29102.5,3.005714285714286,limit,cancel_marketable,cancel_marketable,waiting_confirm,1788372120000
2026-09-02:NY:8d5c8af5_8ef641a7-815c-4bb5-9798-b070b67d7998_deepseek_1781246265/v10/S4,0,1788372240000,29153.75,24.563029113567048,false,false,29102.5,3.005714285714286,limit,cancel_marketable,cancel_marketable,waiting_confirm,1788372180000
2026-09-02:NY:8d5c8af5_8ef641a7-815c-4bb5-9798-b070b67d7998_deepseek_1781246265/v10/S4,0,1788372300000,29159,24.563029113567048,false,true,29102.5,3.005714285714286,limit,cancel_marketable,cancel_marketable,waiting_confirm,1788372240000
2026-09-02:NY:8d5c8af5_8ef641a7-815c-4bb5-9798-b070b67d7998_deepseek_1781246265/v10/S4,0,1788372360000,29161.75,23.59424131974083,false,true,29102.5,3.005714285714286,limit,cancel_marketable,cancel_marketable,waiting_confirm,1788372300000
2026-09-02:NY:8d5c8af5_8ef641a7-815c-4bb5-9798-b070b67d7998_deepseek_1781246265/v10/S4,0,1788372420000,29162,23.59424131974083,false,true,29102.5,3.005714285714286,limit,cancel_marketable,cancel_marketable,waiting_confirm,1788372360000
2026-09-02:NY:8d5c8af5_8ef641a7-815c-4bb5-9798-b070b67d7998_deepseek_1781246265/v10/S4,0,1788372480000,29149.75,24.058527034026547,false,true,29102.5,3.005714285714286,limit,cancel_marketable,cancel_marketable,waiting_confirm,1788372420000
2026-09-02:NY:8d5c8af5_8ef641a7-815c-4bb5-9798-b070b67d7998_deepseek_1781246265/v10/S4,0,1788372540000,29147.5,24.254955605455116,false,true,29102.5,3.005714285714286,limit,cancel_marketable,cancel_marketable,waiting_confirm,1788372480000
2026-09-02:NY:8d5c8af5_8ef641a7-815c-4bb5-9798-b070b67d7998_deepseek_1781246265/v10/S4,0,1788372600000,29150.25,24.25495560545566,false,true,29102.5,3.005714285714286,limit,cancel_marketable,cancel_marketable,waiting_confirm,1788372540000
2026-09-02:NY:8d5c8af5_8ef641a7-815c-4bb5-9798-b070b67d7998_deepseek_1781246265/v10/S4,0,1788372660000,29149.5,22.95103020506597,false,true,29102.5,3.005714285714286,limit,cancel_marketable,cancel_marketable,waiting_confirm,1788372600000
2026-09-02:NY:8d5c8af5_8ef641a7-815c-4bb5-9798-b070b67d7998_deepseek_1781246265/v10/S4,0,1788372720000,29144,23.433173062208827,false,true,29102.5,3.005714285714286,limit,cancel_marketable,cancel_marketable,waiting_confirm,1788372660000
2026-09-02:NY:8d5c8af5_8ef641a7-815c-4bb5-9798-b070b67d7998_deepseek_1781246265/v10/S4,0,1788372780000,29138.5,23.683173062208827,false,true,29102.5,3.005714285714286,limit,cancel_marketable,cancel_marketable,waiting_confirm,1788372720000
2026-09-02:NY:8d5c8af5_8ef641a7-815c-4bb5-9798-b070b67d7998_deepseek_1781246265/v10/S4,0,1788372840000,29147.25,23.683173062208827,false,true,29102.5,3.005714285714286,limit,cancel_marketable,cancel_marketable,waiting_confirm,1788372780000
2026-09-02:NY:8d5c8af5_8ef641a7-815c-4bb5-9798-b070b67d7998_deepseek_1781246265/v10/S4,0,1788372900000,29147,23.683173062209157,false,true,29102.5,3.005714285714286,limit,cancel_marketable,cancel_marketable,waiting_confirm,1788372840000
2026-09-02:NY:8d5c8af5_8ef641a7-815c-4bb5-9798-b070b67d7998_deepseek_1781246265/v10/S4,0,1788372960000,29147,22.723660700622787,false,true,29102.5,3.005714285714286,limit,cancel_marketable,cancel_marketable,waiting_confirm,1788372900000
2026-09-02:NY:8d5c8af5_8ef641a7-815c-4bb5-9798-b070b67d7998_deepseek_1781246265/v10/S4,0,1788373020000,29148,22.723660700622787,false,true,29102.5,3.005714285714286,limit,cancel_marketable,cancel_marketable,waiting_confirm,1788372960000
2026-09-02:NY:8d5c8af5_8ef641a7-815c-4bb5-9798-b070b67d7998_deepseek_1781246265/v10/S4,0,1788373080000,29151.75,22.723660700622787,false,true,29102.5,3.005714285714286,limit,cancel_marketable,cancel_marketable,waiting_confirm,1788373020000
2026-09-02:NY:8d5c8af5_8ef641a7-815c-4bb5-9798-b070b67d7998_deepseek_1781246265/v10/S4,0,1788373140000,29176.25,26.027232129194214,false,true,29102.5,3.005714285714286,limit,cancel_marketable,cancel_marketable,waiting_confirm,1788373080000
2026-09-02:NY:8d5c8af5_8ef641a7-815c-4bb5-9798-b070b67d7998_deepseek_1781246265/v10/S4,0,1788373200000,29172.75,26.02723212919457,false,true,29102.5,3.005714285714286,limit,cancel_marketable,cancel_marketable,waiting_confirm,1788373140000
2026-09-02:NY:8d5c8af5_8ef641a7-815c-4bb5-9798-b070b67d7998_deepseek_1781246265/v10/S4,0,1788373260000,29170.25,24.953858405680673,false,true,29102.5,3.005714285714286,limit,cancel_marketable,cancel_marketable,waiting_confirm,1788373200000
2026-09-02:NY:8d5c8af5_8ef641a7-815c-4bb5-9798-b070b67d7998_deepseek_1781246265/v10/S4,0,1788373320000,29167,25.096715548537816,false,true,29102.5,3.005714285714286,limit,cancel_marketable,cancel_marketable,waiting_confirm,1788373260000
2026-09-02:NY:8d5c8af5_8ef641a7-815c-4bb5-9798-b070b67d7998_deepseek_1781246265/v10/S4,0,1788373380000,29168.25,25.31100126282353,false,true,29102.5,3.005714285714286,limit,cancel_marketable,cancel_marketable,waiting_confirm,1788373320000
2026-09-02:NY:8d5c8af5_8ef641a7-815c-4bb5-9798-b070b67d7998_deepseek_1781246265/v10/S4,0,1788373440000,29164.5,25.31100126282353,false,true,29102.5,3.005714285714286,limit,cancel_marketable,cancel_marketable,waiting_confirm,1788373380000
2026-09-02:NY:8d5c8af5_8ef641a7-815c-4bb5-9798-b070b67d7998_deepseek_1781246265/v10/S4,0,1788373500000,29170.5,25.311001262821133,false,true,29102.5,3.005714285714286,limit,cancel_marketable,cancel_marketable,waiting_confirm,1788373440000
2026-09-02:NY:8d5c8af5_8ef641a7-815c-4bb5-9798-b070b67d7998_deepseek_1781246265/v10/S4,0,1788373560000,29170.75,23.860215458333908,false,true,29102.5,3.005714285714286,limit,cancel_marketable,cancel_marketable,waiting_confirm,1788373500000
2026-09-02:NY:8d5c8af5_8ef641a7-815c-4bb5-9798-b070b67d7998_deepseek_1781246265/v10/S4,0,1788373620000,29164.75,24.395929744048196,false,true,29102.5,3.005714285714286,limit,cancel_marketable,cancel_marketable,waiting_confirm,1788373560000
2026-09-02:NY:8d5c8af5_8ef641a7-815c-4bb5-9798-b070b67d7998_deepseek_1781246265/v10/S4,0,1788373680000,29157,24.860215458333908,false,true,29102.5,3.005714285714286,limit,cancel_marketable,cancel_marketable,waiting_confirm,1788373620000
2026-09-02:NY:8d5c8af5_8ef641a7-815c-4bb5-9798-b070b67d7998_deepseek_1781246265/v11/S2,0,1788373740000,29158,24.860215458333908,false,false,28926.75,1.3366666666666667,limit,outside_band,outside_band,waiting_confirm,1788373680000
2026-09-02:NY:8d5c8af5_8ef641a7-815c-4bb5-9798-b070b67d7998_deepseek_1781246265/v11/S2,0,1788373800000,29158.75,24.895929744048235,false,false,28926.75,1.3366666666666667,limit,outside_band,outside_band,waiting_confirm,1788373740000
2026-09-02:NY:8d5c8af5_8ef641a7-815c-4bb5-9798-b070b67d7998_deepseek_1781246265/v11/S2,0,1788373860000,29169.75,24.153363333759074,false,false,28965.519954999363,2.7670404493904903,limit,outside_band,outside_band,waiting_confirm,1788373800000
2026-09-02:NY:8d5c8af5_8ef641a7-815c-4bb5-9798-b070b67d7998_deepseek_1781246265/v11/S2,0,1788373920000,29166.5,24.153363333759074,false,false,28965.519954999363,2.7670404493904903,limit,outside_band,outside_band,waiting_confirm,1788373860000
2026-09-02:NY:8d5c8af5_8ef641a7-815c-4bb5-9798-b070b67d7998_deepseek_1781246265/v11/S2,0,1788373980000,29168.5,24.153363333759074,false,false,28965.519954999363,2.7670404493904903,limit,outside_band,outside_band,waiting_confirm,1788373920000
2026-09-02:NY:8d5c8af5_8ef641a7-815c-4bb5-9798-b070b67d7998_deepseek_1781246265/v11/S2,0,1788374040000,29172.5,24.3319347623305,false,false,28965.252097856504,2.7467332123872734,limit,outside_band,outside_band,waiting_confirm,1788373980000
2026-09-02:NY:8d5c8af5_8ef641a7-815c-4bb5-9798-b070b67d7998_deepseek_1781246265/v11/S2,0,1788374100000,29158.5,24.439077619473093,false,false,28965.09138357079,2.734691315849046,limit,outside_band,outside_band,waiting_confirm,1788374040000
2026-09-02:NY:8d5c8af5_8ef641a7-815c-4bb5-9798-b070b67d7998_deepseek_1781246265/v11/S2,0,1788374160000,29156.5,23.354143503796443,false,false,28966.718784744306,2.861733435973339,limit,outside_band,outside_band,waiting_confirm,1788374100000
2026-09-02:NY:8d5c8af5_8ef641a7-815c-4bb5-9798-b070b67d7998_deepseek_1781246265/v11/S2,0,1788374220000,29153.75,23.764857789510728,false,false,28966.102713315733,2.8122757529325755,limit,outside_band,outside_band,waiting_confirm,1788374160000
2026-09-02:NY:8d5c8af5_8ef641a7-815c-4bb5-9798-b070b67d7998_deepseek_1781246265/v11/S2,0,1788374280000,29146,24.175572075225013,false,false,28965.48664188716,2.7644985246003917,limit,outside_band,outside_band,waiting_confirm,1788374220000
2026-09-02:NY:8d5c8af5_8ef641a7-815c-4bb5-9798-b070b67d7998_deepseek_1781246265/v11/S2,0,1788374340000,29144.75,24.28271493236787,false,false,28965.325927601447,2.752300701114966,limit,outside_band,outside_band,waiting_confirm,1788374280000
2026-09-02:NY:8d5c8af5_8ef641a7-815c-4bb5-9798-b070b67d7998_deepseek_1781246265/v11/S2,0,1788374400000,29141.25,24.62200064665347,false,false,28964.81699903002,2.7143746071835264,limit,outside_band,outside_band,waiting_confirm,1788374340000
2026-09-02:NY:8d5c8af5_8ef641a7-815c-4bb5-9798-b070b67d7998_deepseek_1781246265/v11/S2,0,1788374460000,29138.75,23.25614345760679,false,false,28966.865784813588,2.873792615493594,limit,outside_band,outside_band,waiting_confirm,1788374400000
2026-09-02:NY:8d5c8af5_8ef641a7-815c-4bb5-9798-b070b67d7998_deepseek_1781246265/v11/S2,0,1788374520000,29135,23.702572029035363,false,false,28966.196141956447,2.819665867968381,limit,outside_band,outside_band,waiting_confirm,1788374460000
2026-09-02:NY:8d5c8af5_8ef641a7-815c-4bb5-9798-b070b67d7998_deepseek_1781246265/v11/S2,0,1788374580000,29132.75,23.702572029035363,false,false,28966.196141956447,2.819665867968381,limit,outside_band,outside_band,waiting_confirm,1788374520000
2026-09-02:NY:8d5c8af5_8ef641a7-815c-4bb5-9798-b070b67d7998_deepseek_1781246265/v11/S2,0,1788374640000,29137,23.702572029035363,false,false,28966.196141956447,2.819665867968381,limit,outside_band,outside_band,waiting_confirm,1788374580000
2026-09-02:NY:8d5c8af5_8ef641a7-815c-4bb5-9798-b070b67d7998_deepseek_1781246265/v11/S2,0,1788374700000,29136.5,23.702572029035025,false,false,28966.196141956447,2.819665867968381,limit,outside_band,outside_band,waiting_confirm,1788374640000
2026-09-02:NY:8d5c8af5_8ef641a7-815c-4bb5-9798-b070b67d7998_deepseek_1781246265/v11/S2,0,1788374760000,29138.75,22.50953116981824,false,false,28967.98570324527,2.969112631850064,limit,outside_band,outside_band,waiting_confirm,1788374700000
2026-09-02:NY:8d5c8af5_8ef641a7-815c-4bb5-9798-b070b67d7998_deepseek_1781246265/v11/S2,0,1788374820000,29131.25,22.920245455532523,false,false,28967.369631816702,2.915908272579291,limit,outside_band,outside_band,waiting_confirm,1788374760000
2026-09-02:NY:8d5c8af5_8ef641a7-815c-4bb5-9798-b070b67d7998_deepseek_1781246265/v11/S2,0,1788374880000,29133.75,22.920245455532523,false,false,28967.369631816702,2.915908272579291,limit,outside_band,outside_band,waiting_confirm,1788374820000
2026-09-02:NY:8d5c8af5_8ef641a7-815c-4bb5-9798-b070b67d7998_deepseek_1781246265/v11/S2,0,1788374940000,29147,23.25953116981824,false,false,28966.86070324527,2.8733740523563807,limit,outside_band,outside_band,waiting_confirm,1788374880000
2026-09-02:NY:8d5c8af5_8ef641a7-815c-4bb5-9798-b070b67d7998_deepseek_1781246265/v11/S2,0,1788375000000,29149.5,23.616674026960965,false,false,28966.324988959557,2.829921489242449,limit,outside_band,outside_band,waiting_confirm,1788374940000
2026-09-02:NY:8d5c8af5_8ef641a7-815c-4bb5-9798-b070b67d7998_deepseek_1781246265/v11/S2,0,1788375060000,29147.5,22.644054453606607,false,false,28967.78391831959,2.951473795042418,limit,outside_band,outside_band,waiting_confirm,1788375000000
2026-09-02:NY:8d5c8af5_8ef641a7-815c-4bb5-9798-b070b67d7998_deepseek_1781246265/v11/S2,0,1788375120000,29142.25,22.876197310749465,false,false,28967.435704033876,2.9215228573819685,limit,outside_band,outside_band,waiting_confirm,1788375060000
2026-09-02:NY:8d5c8af5_8ef641a7-815c-4bb5-9798-b070b67d7998_deepseek_1781246265/v11/S2,0,1788375180000,29135,23.394054453606607,false,false,28966.65891831959,2.8568512339694037,limit,outside_band,outside_band,waiting_confirm,1788375120000
2026-09-02:NY:8d5c8af5_8ef641a7-815c-4bb5-9798-b070b67d7998_deepseek_1781246265/v11/S2,0,1788375240000,29144.5,23.394054453606607,false,false,28966.65891831959,2.8568512339694037,limit,outside_band,outside_band,waiting_confirm,1788375180000
2026-09-02:NY:8d5c8af5_8ef641a7-815c-4bb5-9798-b070b67d7998_deepseek_1781246265/v11/S2,0,1788375300000,29139.75,23.394054453605975,false,false,28966.65891831959,2.8568512339694037,limit,outside_band,outside_band,waiting_confirm,1788375240000
2026-09-02:NY:8d5c8af5_8ef641a7-815c-4bb5-9798-b070b67d7998_deepseek_1781246265/v11/S2,0,1788375360000,29143.75,22.437336278348404,false,false,28968.093995582476,2.9786661172352953,limit,outside_band,outside_band,waiting_confirm,1788375300000
2026-09-02:NY:8d5c8af5_8ef641a7-815c-4bb5-9798-b070b67d7998_deepseek_1781246265/v11/S4,0,1788373740000,29158,24.860215458333908,false,false,29354.540323187503,1.9039792077692415,limit,outside_band,outside_band,waiting_confirm,1788373680000
2026-09-02:NY:8d5c8af5_8ef641a7-815c-4bb5-9798-b070b67d7998_deepseek_1781246265/v11/S4,0,1788373800000,29158.75,24.895929744048235,false,false,29354.59389461607,1.9012478674209947,limit,outside_band,outside_band,waiting_confirm,1788373740000
2026-09-02:NY:8d5c8af5_8ef641a7-815c-4bb5-9798-b070b67d7998_deepseek_1781246265/v11/S4,0,1788373860000,29169.75,24.153363333759074,false,false,29353.480045000637,1.95969947039127,limit,outside_band,outside_band,waiting_confirm,1788373800000
2026-09-02:NY:8d5c8af5_8ef641a7-815c-4bb5-9798-b070b67d7998_deepseek_1781246265/v11/S4,0,1788373920000,29166.5,24.153363333759074,false,false,29353.480045000637,1.95969947039127,limit,outside_band,outside_band,waiting_confirm,1788373860000
2026-09-02:NY:8d5c8af5_8ef641a7-815c-4bb5-9798-b070b67d7998_deepseek_1781246265/v11/S4,0,1788373980000,29168.5,24.153363333759074,false,false,29353.480045000637,1.95969947039127,limit,outside_band,outside_band,waiting_confirm,1788373920000
2026-09-02:NY:8d5c8af5_8ef641a7-815c-4bb5-9798-b070b67d7998_deepseek_1781246265/v11/S4,0,1788374040000,29172.5,24.3319347623305,false,false,29353.747902143496,1.945317287576024,limit,outside_band,outside_band,waiting_confirm,1788373980000
2026-09-02:NY:8d5c8af5_8ef641a7-815c-4bb5-9798-b070b67d7998_deepseek_1781246265/v11/S4,0,1788374100000,29158.5,24.439077619473093,false,false,29353.90861642921,1.9367888620975786,limit,outside_band,outside_band,waiting_confirm,1788374040000
2026-09-02:NY:8d5c8af5_8ef641a7-815c-4bb5-9798-b070b67d7998_deepseek_1781246265/v11/S4,0,1788374160000,29156.5,23.354143503796443,false,false,29352.281215255694,2.0267638299661552,limit,outside_band,outside_band,waiting_confirm,1788374100000
2026-09-02:NY:8d5c8af5_8ef641a7-815c-4bb5-9798-b070b67d7998_deepseek_1781246265/v11/S4,0,1788374220000,29153.75,23.764857789510728,false,false,29352.897286684267,1.991736443473445,limit,outside_band,outside_band,waiting_confirm,1788374160000
2026-09-02:NY:8d5c8af5_8ef641a7-815c-4bb5-9798-b070b67d7998_deepseek_1781246265/v11/S4,0,1788374280000,29146,24.175572075225013,false,false,29353.51335811284,1.9578992044551402,limit,outside_band,outside_band,waiting_confirm,1788374220000
2026-09-02:NY:8d5c8af5_8ef641a7-815c-4bb5-9798-b070b67d7998_deepseek_1781246265/v11/S4,0,1788374340000,29144.75,24.28271493236787,false,false,29353.674072398553,1.949260346924315,limit,outside_band,outside_band,waiting_confirm,1788374280000
2026-09-02:NY:8d5c8af5_8ef641a7-815c-4bb5-9798-b070b67d7998_deepseek_1781246265/v11/S4,0,1788374400000,29141.25,24.62200064665347,false,false,29354.18300096998,1.922399971172373,limit,outside_band,outside_band,waiting_confirm,1788374340000
2026-09-02:NY:8d5c8af5_8ef641a7-815c-4bb5-9798-b070b67d7998_deepseek_1781246265/v11/S4,0,1788374460000,29138.75,23.25614345760679,false,false,29352.134215186412,2.0353044957610495,limit,outside_band,outside_band,waiting_confirm,1788374400000
2026-09-02:NY:8d5c8af5_8ef641a7-815c-4bb5-9798-b070b67d7998_deepseek_1781246265/v11/S4,0,1788374520000,29135,23.702572029035363,false,false,29352.803858043553,1.996970340406534,limit,outside_band,outside_band,waiting_confirm,1788374460000
2026-09-02:NY:8d5c8af5_8ef641a7-815c-4bb5-9798-b070b67d7998_deepseek_1781246265/v11/S4,0,1788374580000,29132.75,23.702572029035363,false,false,29352.803858043553,1.996970340406534,limit,outside_band,outside_band,waiting_confirm,1788374520000
2026-09-02:NY:8d5c8af5_8ef641a7-815c-4bb5-9798-b070b67d7998_deepseek_1781246265/v11/S4,0,1788374640000,29137,23.702572029035363,false,false,29352.803858043553,1.996970340406534,limit,outside_band,outside_band,waiting_confirm,1788374580000
2026-09-02:NY:8d5c8af5_8ef641a7-815c-4bb5-9798-b070b67d7998_deepseek_1781246265/v11/S4,0,1788374700000,29136.5,23.702572029035025,false,false,29352.803858043553,1.996970340406534,limit,outside_band,outside_band,waiting_confirm,1788374640000
2026-09-02:NY:8d5c8af5_8ef641a7-815c-4bb5-9798-b070b67d7998_deepseek_1781246265/v11/S4,0,1788374760000,29138.75,22.50953116981824,false,false,29351.01429675473,2.1028129362728634,limit,outside_band,outside_band,waiting_confirm,1788374700000
2026-09-02:NY:8d5c8af5_8ef641a7-815c-4bb5-9798-b070b67d7998_deepseek_1781246265/v11/S4,0,1788374820000,29131.25,22.920245455532523,false,false,29351.630368183298,2.06513204342274,limit,outside_band,outside_band,waiting_confirm,1788374760000
2026-09-02:NY:8d5c8af5_8ef641a7-815c-4bb5-9798-b070b67d7998_deepseek_1781246265/v11/S4,0,1788374880000,29133.75,22.920245455532523,false,false,29351.630368183298,2.06513204342274,limit,outside_band,outside_band,waiting_confirm,1788374820000
2026-09-02:NY:8d5c8af5_8ef641a7-815c-4bb5-9798-b070b67d7998_deepseek_1781246265/v11/S4,0,1788374940000,29147,23.25953116981824,false,false,29352.13929675473,2.035008057030454,limit,outside_band,outside_band,waiting_confirm,1788374880000
2026-09-02:NY:8d5c8af5_8ef641a7-815c-4bb5-9798-b070b67d7998_deepseek_1781246265/v11/S4,0,1788375000000,29149.5,23.616674026960965,false,false,29352.675011040443,2.0042336731791908,limit,outside_band,outside_band,waiting_confirm,1788374940000
2026-09-02:NY:8d5c8af5_8ef641a7-815c-4bb5-9798-b070b67d7998_deepseek_1781246265/v11/S4,0,1788375060000,29147.5,22.644054453606607,false,false,29351.21608168041,2.0903205929976227,limit,outside_band,outside_band,waiting_confirm,1788375000000
2026-09-02:NY:8d5c8af5_8ef641a7-815c-4bb5-9798-b070b67d7998_deepseek_1781246265/v11/S4,0,1788375120000,29142.25,22.876197310749465,false,false,29351.564295966124,2.0691084575972045,limit,outside_band,outside_band,waiting_confirm,1788375060000
2026-09-02:NY:8d5c8af5_8ef641a7-815c-4bb5-9798-b070b67d7998_deepseek_1781246265/v11/S4,0,1788375180000,29135,23.394054453606607,false,false,29352.34108168041,2.023306110841174,limit,outside_band,outside_band,waiting_confirm,1788375120000
2026-09-02:NY:8d5c8af5_8ef641a7-815c-4bb5-9798-b070b67d7998_deepseek_1781246265/v11/S4,0,1788375240000,29144.5,23.394054453606607,false,false,29352.34108168041,2.023306110841174,limit,outside_band,outside_band,waiting_confirm,1788375180000
2026-09-02:NY:8d5c8af5_8ef641a7-815c-4bb5-9798-b070b67d7998_deepseek_1781246265/v11/S4,0,1788375300000,29139.75,23.394054453605975,false,false,29352.34108168041,2.023306110841174,limit,outside_band,outside_band,waiting_confirm,1788375240000
2026-09-02:NY:8d5c8af5_8ef641a7-815c-4bb5-9798-b070b67d7998_deepseek_1781246265/v11/S4,0,1788375360000,29143.75,22.437336278348404,false,false,29350.906004417524,2.1095789957476905,limit,outside_band,outside_band,waiting_confirm,1788375300000
2026-09-02:NY:8d5c8af5_8ef641a7-815c-4bb5-9798-b070b67d7998_deepseek_1781246265/v12/S3,0,1788375420000,29149.25,22.562336278348404,false,false,29200.643504417523,3.192636278648841,limit,send_limit,send_limit,waiting_confirm,1788375360000
2026-09-02:NY:8d5c8af5_8ef641a7-815c-4bb5-9798-b070b67d7998_deepseek_1781246265/v12/S3,0,1788375480000,29142.5,22.812336278348404,false,false,29201.018504417523,3.157648232710744,limit,send_limit,send_limit,waiting_confirm,1788375420000
2026-09-02:NY:8d5c8af5_8ef641a7-815c-4bb5-9798-b070b67d7998_deepseek_1781246265/v12/S3,0,1788375540000,29145.5,22.812336278348404,false,false,29201.018504417523,3.157648232710744,limit,send_limit,send_limit,waiting_confirm,1788375480000
2026-09-02:NY:8d5c8af5_8ef641a7-815c-4bb5-9798-b070b67d7998_deepseek_1781246265/v12/S3,0,1788375600000,29145.75,22.812336278348194,false,false,29201.018504417523,3.157648232710744,limit,send_limit,send_limit,waiting_confirm,1788375540000
2026-09-02:NY:8d5c8af5_8ef641a7-815c-4bb5-9798-b070b67d7998_deepseek_1781246265/v12/S3,0,1788375660000,29140.5,22.00431225846618,false,false,29199.8064683877,3.273600760033687,limit,outside_band,outside_band,waiting_confirm,1788375600000
2026-09-02:NY:8d5c8af5_8ef641a7-815c-4bb5-9798-b070b67d7998_deepseek_1781246265/v12/S3,0,1788375720000,29143,22.00431225846618,false,false,29199.8064683877,3.273600760033687,limit,send_limit,send_limit,waiting_confirm,1788375660000
2026-09-02:NY:8d5c8af5_8ef641a7-815c-4bb5-9798-b070b67d7998_deepseek_1781246265/v12/S3,0,1788375780000,29146,22.00431225846618,false,false,29199.8064683877,3.273600760033687,limit,send_limit,send_limit,waiting_confirm,1788375720000
2026-09-02:NY:8d5c8af5_8ef641a7-815c-4bb5-9798-b070b67d7998_deepseek_1781246265/v12/S3,0,1788375840000,29149.25,22.468597972751894,false,false,29200.502896959126,3.2059558598490168,limit,send_limit,send_limit,waiting_confirm,1788375780000
2026-09-02:NY:8d5c8af5_8ef641a7-815c-4bb5-9798-b070b67d7998_deepseek_1781246265/v12/S3,0,1788375900000,29150,22.468597972751876,false,false,29200.502896959126,3.2059558598490168,limit,send_limit,send_limit,waiting_confirm,1788375840000
2026-09-02:NY:8d5c8af5_8ef641a7-815c-4bb5-9798-b070b67d7998_deepseek_1781246265/v12/S3,0,1788375960000,29155.25,21.66726954612674,false,false,29199.5,3.3042813455656534,limit,send_limit,send_limit,waiting_confirm,1788375900000
2026-09-02:NY:8d5c8af5_8ef641a7-815c-4bb5-9798-b070b67d7998_deepseek_1781246265/v12/S3,0,1788376020000,29157.5,21.774412403269597,false,false,29199.5,3.3042813455656534,limit,send_limit,send_limit,waiting_confirm,1788375960000
2026-09-02:NY:8d5c8af5_8ef641a7-815c-4bb5-9798-b070b67d7998_deepseek_1781246265/v12/S3,0,1788376080000,29152.5,21.774412403269597,false,false,29199.5,3.3042813455656534,limit,send_limit,send_limit,waiting_confirm,1788376020000
2026-09-02:NY:8d5c8af5_8ef641a7-815c-4bb5-9798-b070b67d7998_deepseek_1781246265/v12/S3,0,1788376140000,29152.25,21.774412403269597,false,false,29199.5,3.3042813455656534,limit,send_limit,send_limit,waiting_confirm,1788376080000
2026-09-02:NY:8d5c8af5_8ef641a7-815c-4bb5-9798-b070b67d7998_deepseek_1781246265/v12/S3,0,1788376200000,29165.75,22.22084097469801,true,false,29200.131261462047,3.24170149164705,limit,send_limit,send_limit,passes_known_local_checks,1788376140000
2026-09-02:NY:8d5c8af5_8ef641a7-815c-4bb5-9798-b070b67d7998_deepseek_1781246265/v12/S3,0,1788376260000,29167.5,21.008638047933864,true,false,29199.5,3.3042813455656534,limit,cancel_marketable,cancel_marketable,passes_known_local_checks,1788376200000
2026-09-02:NY:8d5c8af5_8ef641a7-815c-4bb5-9798-b070b67d7998_deepseek_1781246265/v12/S3,0,1788376320000,29163,21.205066619362437,true,false,29199.5,3.3042813455656534,limit,send_limit,send_limit,passes_known_local_checks,1788376260000
2026-09-02:NY:8d5c8af5_8ef641a7-815c-4bb5-9798-b070b67d7998_deepseek_1781246265/v12/S3,0,1788376380000,29169,21.437209476505295,true,false,29199.5,3.3042813455656534,limit,cancel_marketable,cancel_marketable,passes_known_local_checks,1788376320000
2026-09-02:NY:8d5c8af5_8ef641a7-815c-4bb5-9798-b070b67d7998_deepseek_1781246265/v12/S3,0,1788376440000,29167,21.437209476505295,true,false,29199.5,3.3042813455656534,limit,cancel_marketable,cancel_marketable,passes_known_local_checks,1788376380000
2026-09-02:NY:8d5c8af5_8ef641a7-815c-4bb5-9798-b070b67d7998_deepseek_1781246265/v12/S3,0,1788376500000,29165.75,21.437209476504652,true,false,29199.5,3.3042813455656534,limit,send_limit,send_limit,passes_known_local_checks,1788376440000
2026-09-02:NY:8d5c8af5_8ef641a7-815c-4bb5-9798-b070b67d7998_deepseek_1781246265/v12/S3,0,1788376560000,29159.5,20.548837371040033,true,false,29199.5,3.3042813455656534,limit,send_limit,send_limit,passes_known_local_checks,1788376500000
2026-09-02:NY:8d5c8af5_8ef641a7-815c-4bb5-9798-b070b67d7998_deepseek_1781246265/v12/S3,0,1788376620000,29162,20.691694513897176,true,false,29199.5,3.3042813455656534,limit,send_limit,send_limit,passes_known_local_checks,1788376560000
2026-09-02:NY:8d5c8af5_8ef641a7-815c-4bb5-9798-b070b67d7998_deepseek_1781246265/v12/S3,0,1788376680000,29160.25,20.691694513897176,true,false,29199.5,3.3042813455656534,limit,send_limit,send_limit,passes_known_local_checks,1788376620000
2026-09-02:NY:8d5c8af5_8ef641a7-815c-4bb5-9798-b070b67d7998_deepseek_1781246265/v12/S3,0,1788376740000,29162,20.691694513897176,true,false,29199.5,3.3042813455656534,limit,send_limit,send_limit,passes_known_local_checks,1788376680000
2026-09-02:NY:8d5c8af5_8ef641a7-815c-4bb5-9798-b070b67d7998_deepseek_1781246265/v12/S3,0,1788376800000,29170.25,20.852408799611123,true,true,29199.5,3.3042813455656534,limit,cancel_marketable,cancel_marketable,invalidation_refused,1788376740000
2026-09-02:NY:8d5c8af5_8ef641a7-815c-4bb5-9798-b070b67d7998_deepseek_1781246265/v12/S3,0,1788376860000,29154.5,20.755808171067468,true,true,29199.5,3.3042813455656534,limit,send_limit,send_limit,invalidation_refused,1788376800000
2026-09-02:NY:8d5c8af5_8ef641a7-815c-4bb5-9798-b070b67d7998_deepseek_1781246265/v12/S3,0,1788376920000,29164,20.755808171067468,true,true,29199.5,3.3042813455656534,limit,send_limit,send_limit,invalidation_refused,1788376860000
2026-09-02:NY:8d5c8af5_8ef641a7-815c-4bb5-9798-b070b67d7998_deepseek_1781246265/v12/S3,0,1788376980000,29166.25,20.755808171067468,true,true,29199.5,3.3042813455656534,limit,send_limit,send_limit,invalidation_refused,1788376920000
2026-09-02:NY:8d5c8af5_8ef641a7-815c-4bb5-9798-b070b67d7998_deepseek_1781246265/v12/S3,0,1788377040000,29160.75,20.755808171067468,true,true,29199.5,3.3042813455656534,limit,send_limit,send_limit,invalidation_refused,1788376980000
2026-09-02:NY:8d5c8af5_8ef641a7-815c-4bb5-9798-b070b67d7998_deepseek_1781246265/v12/S3,0,1788377100000,29156.75,20.755808171067226,true,false,29199.5,3.3042813455656534,limit,send_limit,send_limit,passes_known_local_checks,1788377040000
2026-09-02:NY:8d5c8af5_8ef641a7-815c-4bb5-9798-b070b67d7998_deepseek_1781246265/v12/S3,0,1788377160000,29151,19.916107587419567,true,false,29199.5,3.3042813455656534,limit,send_limit,send_limit,passes_known_local_checks,1788377100000
2026-09-02:NY:8d5c8af5_8ef641a7-815c-4bb5-9798-b070b67d7998_deepseek_1781246265/v12/S3,0,1788377220000,29159.25,20.041107587419567,true,false,29199.5,3.3042813455656534,limit,send_limit,send_limit,passes_known_local_checks,1788377160000
2026-09-02:NY:8d5c8af5_8ef641a7-815c-4bb5-9798-b070b67d7998_deepseek_1781246265/v12/S3,0,1788377280000,29160,20.041107587419567,true,false,29199.5,3.3042813455656534,limit,send_limit,send_limit,passes_known_local_checks,1788377220000
2026-09-02:NY:8d5c8af5_8ef641a7-815c-4bb5-9798-b070b67d7998_deepseek_1781246265/v12/S3,0,1788377340000,29165.25,20.576821873133856,true,false,29199.5,3.3042813455656534,limit,send_limit,send_limit,passes_known_local_checks,1788377280000
2026-09-02:NY:8d5c8af5_8ef641a7-815c-4bb5-9798-b070b67d7998_deepseek_1781246265/v12/S3,0,1788377400000,29167.75,20.791107587419614,true,true,29199.5,3.3042813455656534,limit,cancel_marketable,cancel_marketable,invalidation_refused,1788377340000
2026-09-02:NY:8d5c8af5_8ef641a7-815c-4bb5-9798-b070b67d7998_deepseek_1781246265/v12/S3,0,1788377460000,29164.75,19.752457045461068,true,true,29199.5,3.3042813455656534,limit,send_limit,send_limit,invalidation_refused,1788377400000
2026-09-02:NY:8d5c8af5_8ef641a7-815c-4bb5-9798-b070b67d7998_deepseek_1781246265/v12/S3,0,1788377520000,29169.25,19.877457045461068,true,true,29199.5,3.3042813455656534,limit,cancel_marketable,cancel_marketable,invalidation_refused,1788377460000
2026-09-02:NY:8d5c8af5_8ef641a7-815c-4bb5-9798-b070b67d7998_deepseek_1781246265/v12/S3,0,1788377580000,29166,19.913171331175356,true,true,29199.5,3.3042813455656534,limit,send_limit,send_limit,invalidation_refused,1788377520000
2026-09-02:NY:8d5c8af5_8ef641a7-815c-4bb5-9798-b070b67d7998_deepseek_1781246265/v12/S3,0,1788377640000,29163.75,20.181028474032498,true,true,29199.5,3.3042813455656534,limit,send_limit,send_limit,invalidation_refused,1788377580000
2026-09-02:NY:8d5c8af5_8ef641a7-815c-4bb5-9798-b070b67d7998_deepseek_1781246265/v12/S3,0,1788377700000,29171.25,20.2345999026039,true,true,29199.5,3.3042813455656534,limit,cancel_marketable,cancel_marketable,invalidation_refused,1788377640000
2026-09-02:NY:8d5c8af5_8ef641a7-815c-4bb5-9798-b070b67d7998_deepseek_1781246265/v12/S3,0,1788377760000,29165,19.432128480989338,true,true,29199.5,3.3042813455656534,limit,send_limit,send_limit,invalidation_refused,1788377700000
2026-09-02:NY:8d5c8af5_8ef641a7-815c-4bb5-9798-b070b67d7998_deepseek_1781246265/v12/S3,0,1788377820000,29164,19.64641419527505,true,true,29199.5,3.3042813455656534,limit,send_limit,send_limit,invalidation_refused,1788377760000
2026-09-02:NY:8d5c8af5_8ef641a7-815c-4bb5-9798-b070b67d7998_deepseek_1781246265/v12/S3,0,1788377880000,29157.75,19.860699909560765,true,true,29199.5,3.3042813455656534,limit,send_limit,send_limit,invalidation_refused,1788377820000
2026-09-02:NY:8d5c8af5_8ef641a7-815c-4bb5-9798-b070b67d7998_deepseek_1781246265/v12/S3,0,1788377940000,29160.75,20.02141419527505,true,true,29199.5,3.3042813455656534,limit,send_limit,send_limit,invalidation_refused,1788377880000
2026-09-02:NY:8d5c8af5_8ef641a7-815c-4bb5-9798-b070b67d7998_deepseek_1781246265/v12/S3,0,1788378000000,29160.25,20.02141419527501,true,false,29199.5,3.3042813455656534,limit,send_limit,send_limit,passes_known_local_checks,1788377940000
2026-09-02:NY:8d5c8af5_8ef641a7-815c-4bb5-9798-b070b67d7998_deepseek_1781246265/v12/S3,0,1788378060000,29160.75,19.091313181326797,true,false,29199.5,3.3042813455656534,limit,send_limit,send_limit,passes_known_local_checks,1788378000000
2026-09-02:NY:8d5c8af5_8ef641a7-815c-4bb5-9798-b070b67d7998_deepseek_1781246265/v12/S3,0,1788378120000,29163.75,19.10917032418394,true,false,29199.5,3.3042813455656534,limit,send_limit,send_limit,passes_known_local_checks,1788378060000
2026-09-02:NY:8d5c8af5_8ef641a7-815c-4bb5-9798-b070b67d7998_deepseek_1781246265/v12/S3,0,1788378180000,29162.75,19.10917032418394,true,false,29199.5,3.3042813455656534,limit,send_limit,send_limit,passes_known_local_checks,1788378120000
2026-09-02:NY:8d5c8af5_8ef641a7-815c-4bb5-9798-b070b67d7998_deepseek_1781246265/v12/S3,0,1788378240000,29175.25,20.019884609898224,true,false,29199.5,3.3042813455656534,limit,cancel_marketable,cancel_marketable,passes_known_local_checks,1788378180000
2026-09-02:ASIA:8d5c8af5_8ef641a7-815c-4bb5-9798-b070b67d7998_deepseek_1781246265/v3/S3,0,1788389460000,29181,16.164683186746824,false,false,29223.92702478012,2.0901533470428157,limit,send_limit,send_limit,waiting_confirm,1788389400000
2026-09-02:ASIA:8d5c8af5_8ef641a7-815c-4bb5-9798-b070b67d7998_deepseek_1781246265/v3/S3,0,1788389520000,29181.25,16.164683186746824,false,false,29223.92702478012,2.0901533470428157,limit,send_limit,send_limit,waiting_confirm,1788389460000
2026-09-02:ASIA:8d5c8af5_8ef641a7-815c-4bb5-9798-b070b67d7998_deepseek_1781246265/v3/S3,0,1788389580000,29182,16.37896890103254,false,false,29224.24845335155,2.0628079136615933,limit,send_limit,send_limit,waiting_confirm,1788389520000
2026-09-02:ASIA:8d5c8af5_8ef641a7-815c-4bb5-9798-b070b67d7998_deepseek_1781246265/v3/S3,0,1788389640000,29180,16.396826043889682,false,false,29224.275239065835,2.0605613901269035,limit,send_limit,send_limit,waiting_confirm,1788389580000
2026-09-02:ASIA:8d5c8af5_8ef641a7-815c-4bb5-9798-b070b67d7998_deepseek_1781246265/v3/S3,0,1788389700000,29180.25,16.396826043889597,false,false,29224.275239065835,2.0605613901269035,limit,send_limit,send_limit,waiting_confirm,1788389640000
2026-09-02:ASIA:8d5c8af5_8ef641a7-815c-4bb5-9798-b070b67d7998_deepseek_1781246265/v3/S3,0,1788389760000,29182.25,15.54705275504034,false,false,29223.00057913256,2.173187883196323,limit,send_limit,send_limit,waiting_confirm,1788389700000
2026-09-02:ASIA:8d5c8af5_8ef641a7-815c-4bb5-9798-b070b67d7998_deepseek_1781246265/v3/S3,0,1788389820000,29181,15.636338469326054,false,false,29223.134507703988,2.1607786716147634,limit,send_limit,send_limit,waiting_confirm,1788389760000
2026-09-02:ASIA:8d5c8af5_8ef641a7-815c-4bb5-9798-b070b67d7998_deepseek_1781246265/v3/S3,0,1788389880000,29180.75,15.636338469326054,false,false,29223.134507703988,2.1607786716147634,limit,send_limit,send_limit,waiting_confirm,1788389820000
2026-09-02:ASIA:8d5c8af5_8ef641a7-815c-4bb5-9798-b070b67d7998_deepseek_1781246265/v3/S3,0,1788389940000,29180.75,15.779195612183198,false,false,29223.348793418274,2.1412160351559084,limit,send_limit,send_limit,waiting_confirm,1788389880000
2026-09-02:ASIA:8d5c8af5_8ef641a7-815c-4bb5-9798-b070b67d7998_deepseek_1781246265/v3/S3,0,1788390000000,29181.5,15.77919561218353,false,false,29223.348793418274,2.1412160351559084,limit,send_limit,send_limit,waiting_confirm,1788389940000
2026-09-02:ASIA:8d5c8af5_8ef641a7-815c-4bb5-9798-b070b67d7998_deepseek_1781246265/v3/S3,0,1788390060000,29182.5,15.29496735417042,false,false,29222.622451031257,2.2090054777039523,limit,send_limit,send_limit,waiting_confirm,1788390000000
2026-09-02:ASIA:8d5c8af5_8ef641a7-815c-4bb5-9798-b070b67d7998_deepseek_1781246265/v3/S3,0,1788390120000,29181.5,15.29496735417042,false,false,29222.622451031257,2.2090054777039523,limit,send_limit,send_limit,waiting_confirm,1788390060000
2026-09-02:ASIA:8d5c8af5_8ef641a7-815c-4bb5-9798-b070b67d7998_deepseek_1781246265/v3/S3,0,1788390180000,29183.25,15.29496735417042,false,false,29222.622451031257,2.2090054777039523,limit,send_limit,send_limit,waiting_confirm,1788390120000
2026-09-02:ASIA:8d5c8af5_8ef641a7-815c-4bb5-9798-b070b67d7998_deepseek_1781246265/v3/S3,0,1788390240000,29183,15.29496735417042,false,false,29222.622451031257,2.2090054777039523,limit,send_limit,send_limit,waiting_confirm,1788390180000
2026-09-02:ASIA:8d5c8af5_8ef641a7-815c-4bb5-9798-b070b67d7998_deepseek_1781246265/v4/S1,0,1788390300000,29185.25,15.294967354170396,false,false,29231.692451031256,2.6043424880191477,limit,send_limit,send_limit,waiting_confirm,1788390240000
2026-09-02:ASIA:8d5c8af5_8ef641a7-815c-4bb5-9798-b070b67d7998_deepseek_1781246265/v4/S1,0,1788390360000,29182.25,14.595326828872512,false,false,29230.64299024331,2.7291840601017427,limit,outside_band,outside_band,waiting_confirm,1788390300000
2026-09-02:ASIA:8d5c8af5_8ef641a7-815c-4bb5-9798-b070b67d7998_deepseek_1781246265/v4/S1,0,1788390420000,29184.75,14.631041114586797,false,false,29230.69656167188,2.72252213778686,limit,send_limit,send_limit,waiting_confirm,1788390360000
2026-09-02:ASIA:8d5c8af5_8ef641a7-815c-4bb5-9798-b070b67d7998_deepseek_1781246265/v4/S1,0,1788390480000,29183.75,14.631041114586797,false,false,29230.69656167188,2.72252213778686,limit,send_limit,send_limit,waiting_confirm,1788390420000
2026-09-02:ASIA:8d5c8af5_8ef641a7-815c-4bb5-9798-b070b67d7998_deepseek_1781246265/v4/S1,0,1788390540000,29182.25,14.631041114586797,false,false,29230.69656167188,2.72252213778686,limit,outside_band,outside_band,waiting_confirm,1788390480000
2026-09-02:ASIA:8d5c8af5_8ef641a7-815c-4bb5-9798-b070b67d7998_deepseek_1781246265/v4/S1,0,1788390600000,29179.75,14.773898257444028,false,false,29230.910847386167,2.696196537921942,limit,outside_band,outside_band,waiting_confirm,1788390540000
2026-09-02:ASIA:8d5c8af5_8ef641a7-815c-4bb5-9798-b070b67d7998_deepseek_1781246265/v4/S1,0,1788390660000,29182.25,14.343619810483741,false,false,29230.265429715724,2.77707676720641,limit,outside_band,outside_band,waiting_confirm,1788390600000
2026-09-02:ASIA:8d5c8af5_8ef641a7-815c-4bb5-9798-b070b67d7998_deepseek_1781246265/v4/S1,0,1788390720000,29180.5,14.343619810483741,false,false,29230.265429715724,2.77707676720641,limit,outside_band,outside_band,waiting_confirm,1788390660000
2026-09-02:ASIA:8d5c8af5_8ef641a7-815c-4bb5-9798-b070b67d7998_deepseek_1781246265/v4/S1,0,1788390780000,29176.75,14.736476953340883,false,false,29230.85471543001,2.703043166929016,limit,outside_band,outside_band,waiting_confirm,1788390720000
2026-09-02:ASIA:8d5c8af5_8ef641a7-815c-4bb5-9798-b070b67d7998_deepseek_1781246265/v4/S1,0,1788390840000,29171,14.879334096198026,false,false,29231.069001144297,2.6770911302752647,limit,outside_band,outside_band,waiting_confirm,1788390780000
2026-09-02:ASIA:8d5c8af5_8ef641a7-815c-4bb5-9798-b070b67d7998_deepseek_1781246265/v4/S1,0,1788390900000,29172.5,14.879334096197761,false,false,29231.069001144297,2.6770911302752647,limit,outside_band,outside_band,waiting_confirm,1788390840000
2026-09-02:ASIA:8d5c8af5_8ef641a7-815c-4bb5-9798-b070b67d7998_deepseek_1781246265/v4/S1,0,1788390960000,29172.5,14.012953089326492,false,false,29229.76942963399,2.84260805551918,limit,outside_band,outside_band,waiting_confirm,1788390900000
2026-09-02:ASIA:8d5c8af5_8ef641a7-815c-4bb5-9798-b070b67d7998_deepseek_1781246265/v4/S1,0,1788391020000,29169.25,14.262953089326492,false,false,29230.14442963399,2.79278302914287,limit,outside_band,outside_band,waiting_confirm,1788390960000
2026-09-02:ASIA:8d5c8af5_8ef641a7-815c-4bb5-9798-b070b67d7998_deepseek_1781246265/v4/S1,0,1788391080000,29170.25,14.262953089326492,false,false,29230.14442963399,2.79278302914287,limit,outside_band,outside_band,waiting_confirm,1788391020000
2026-09-02:ASIA:8d5c8af5_8ef641a7-815c-4bb5-9798-b070b67d7998_deepseek_1781246265/v4/S1,0,1788391140000,29170,14.262953089326492,false,false,29230.14442963399,2.79278302914287,limit,outside_band,outside_band,waiting_confirm,1788391080000
2026-09-02:ASIA:8d5c8af5_8ef641a7-815c-4bb5-9798-b070b67d7998_deepseek_1781246265/v4/S1,0,1788391200000,29170.5,14.262953089326482,false,false,29230.14442963399,2.79278302914287,limit,outside_band,outside_band,waiting_confirm,1788391140000
2026-09-02:ASIA:8d5c8af5_8ef641a7-815c-4bb5-9798-b070b67d7998_deepseek_1781246265/v4/S1,0,1788391260000,29172.25,13.440599297231733,false,false,29228.910898945847,2.9636575313675286,limit,outside_band,outside_band,waiting_confirm,1788391200000
2026-09-02:ASIA:8d5c8af5_8ef641a7-815c-4bb5-9798-b070b67d7998_deepseek_1781246265/v4/S3,0,1788390300000,29185.25,15.294967354170396,false,false,29184.09,2.571957822741511,limit,cancel_marketable,cancel_marketable,waiting_confirm,1788390240000
2026-09-02:ASIA:8d5c8af5_8ef641a7-815c-4bb5-9798-b070b67d7998_deepseek_1781246265/v4/S3,0,1788390360000,29182.25,14.595326828872512,false,false,29184.09,2.571957822741511,limit,cancel_marketable,cancel_marketable,waiting_confirm,1788390300000
2026-09-02:ASIA:8d5c8af5_8ef641a7-815c-4bb5-9798-b070b67d7998_deepseek_1781246265/v4/S3,0,1788390420000,29184.75,14.631041114586797,false,false,29184.09,2.571957822741511,limit,cancel_marketable,cancel_marketable,waiting_confirm,1788390360000
2026-09-02:ASIA:8d5c8af5_8ef641a7-815c-4bb5-9798-b070b67d7998_deepseek_1781246265/v4/S3,0,1788390480000,29183.75,14.631041114586797,false,false,29184.09,2.571957822741511,limit,cancel_marketable,cancel_marketable,waiting_confirm,1788390420000
2026-09-02:ASIA:8d5c8af5_8ef641a7-815c-4bb5-9798-b070b67d7998_deepseek_1781246265/v4/S3,0,1788390540000,29182.25,14.631041114586797,false,false,29184.09,2.571957822741511,limit,cancel_marketable,cancel_marketable,waiting_confirm,1788390480000
2026-09-02:ASIA:8d5c8af5_8ef641a7-815c-4bb5-9798-b070b67d7998_deepseek_1781246265/v4/S3,0,1788390600000,29179.75,14.773898257444028,false,true,29184.09,2.571957822741511,limit,cancel_marketable,cancel_marketable,waiting_confirm,1788390540000
2026-09-02:ASIA:8d5c8af5_8ef641a7-815c-4bb5-9798-b070b67d7998_deepseek_1781246265/v4/S3,0,1788390660000,29182.25,14.343619810483741,false,true,29184.09,2.571957822741511,limit,cancel_marketable,cancel_marketable,waiting_confirm,1788390600000
2026-09-02:ASIA:8d5c8af5_8ef641a7-815c-4bb5-9798-b070b67d7998_deepseek_1781246265/v4/S3,0,1788390720000,29180.5,14.343619810483741,false,true,29184.09,2.571957822741511,limit,cancel_marketable,cancel_marketable,waiting_confirm,1788390660000
2026-09-02:ASIA:8d5c8af5_8ef641a7-815c-4bb5-9798-b070b67d7998_deepseek_1781246265/v4/S3,0,1788390780000,29176.75,14.736476953340883,false,true,29184.09,2.571957822741511,limit,cancel_marketable,cancel_marketable,waiting_confirm,1788390720000
2026-09-02:ASIA:8d5c8af5_8ef641a7-815c-4bb5-9798-b070b67d7998_deepseek_1781246265/v4/S3,0,1788390840000,29171,14.879334096198026,false,true,29184.09,2.571957822741511,limit,cancel_marketable,cancel_marketable,waiting_confirm,1788390780000
2026-09-02:ASIA:8d5c8af5_8ef641a7-815c-4bb5-9798-b070b67d7998_deepseek_1781246265/v4/S3,0,1788390900000,29172.5,14.879334096197761,false,true,29184.09,2.571957822741511,limit,cancel_marketable,cancel_marketable,waiting_confirm,1788390840000
2026-09-02:ASIA:8d5c8af5_8ef641a7-815c-4bb5-9798-b070b67d7998_deepseek_1781246265/v4/S3,0,1788390960000,29172.5,14.012953089326492,false,true,29184.09,2.571957822741511,limit,cancel_marketable,cancel_marketable,waiting_confirm,1788390900000
2026-09-02:ASIA:8d5c8af5_8ef641a7-815c-4bb5-9798-b070b67d7998_deepseek_1781246265/v4/S3,0,1788391020000,29169.25,14.262953089326492,false,true,29184.09,2.571957822741511,limit,cancel_marketable,cancel_marketable,waiting_confirm,1788390960000
2026-09-02:ASIA:8d5c8af5_8ef641a7-815c-4bb5-9798-b070b67d7998_deepseek_1781246265/v4/S3,0,1788391080000,29170.25,14.262953089326492,false,true,29184.09,2.571957822741511,limit,cancel_marketable,cancel_marketable,waiting_confirm,1788391020000
2026-09-02:ASIA:8d5c8af5_8ef641a7-815c-4bb5-9798-b070b67d7998_deepseek_1781246265/v4/S3,0,1788391140000,29170,14.262953089326492,false,true,29184.09,2.571957822741511,limit,cancel_marketable,cancel_marketable,waiting_confirm,1788391080000
2026-09-02:ASIA:8d5c8af5_8ef641a7-815c-4bb5-9798-b070b67d7998_deepseek_1781246265/v4/S3,0,1788391200000,29170.5,14.262953089326482,false,true,29184.09,2.571957822741511,limit,cancel_marketable,cancel_marketable,waiting_confirm,1788391140000
2026-09-02:ASIA:8d5c8af5_8ef641a7-815c-4bb5-9798-b070b67d7998_deepseek_1781246265/v4/S3,0,1788391260000,29172.25,13.440599297231733,false,true,29184.09,2.571957822741511,limit,cancel_marketable,cancel_marketable,waiting_confirm,1788391200000
2026-09-02:ASIA:8d5c8af5_8ef641a7-815c-4bb5-9798-b070b67d7998_deepseek_1781246265/v5/S1,0,1788391320000,29171.25,13.637027868660306,false,false,29218.025541802992,2.3744176745733965,limit,outside_band,outside_band,waiting_confirm,1788391260000
2026-09-02:ASIA:8d5c8af5_8ef641a7-815c-4bb5-9798-b070b67d7998_deepseek_1781246265/v5/S1,0,1788391380000,29171,13.690599297231733,false,false,29218.105898945847,2.3651265585245485,limit,outside_band,outside_band,waiting_confirm,1788391320000
2026-09-02:ASIA:8d5c8af5_8ef641a7-815c-4bb5-9798-b070b67d7998_deepseek_1781246265/v5/S1,0,1788391440000,29171,13.690599297231733,false,false,29218.105898945847,2.3651265585245485,limit,outside_band,outside_band,waiting_confirm,1788391380000
2026-09-02:ASIA:8d5c8af5_8ef641a7-815c-4bb5-9798-b070b67d7998_deepseek_1781246265/v5/S1,0,1788391500000,29173.25,13.815599297231739,false,false,29218.293398945847,2.3437274998623003,limit,send_limit,send_limit,waiting_confirm,1788391440000
2026-09-02:ASIA:8d5c8af5_8ef641a7-815c-4bb5-9798-b070b67d7998_deepseek_1781246265/v5/S1,0,1788391560000,29174.25,12.989485061715186,false,false,29217.054227592573,2.4927854988982787,limit,send_limit,send_limit,waiting_confirm,1788391500000
2026-09-02:ASIA:8d5c8af5_8ef641a7-815c-4bb5-9798-b070b67d7998_deepseek_1781246265/v5/S1,0,1788391620000,29174.75,13.114485061715186,false,false,29217.241727592573,2.4690256497013077,limit,send_limit,send_limit,waiting_confirm,1788391560000
2026-09-02:ASIA:8d5c8af5_8ef641a7-815c-4bb5-9798-b070b67d7998_deepseek_1781246265/v5/S1,0,1788391680000,29178.75,13.382342204572328,false,false,29217.64351330686,2.4196063368440366,limit,send_limit,send_limit,waiting_confirm,1788391620000
2026-09-02:ASIA:8d5c8af5_8ef641a7-815c-4bb5-9798-b070b67d7998_deepseek_1781246265/v5/S1,0,1788391740000,29179,13.382342204572328,false,false,29217.64351330686,2.4196063368440366,limit,send_limit,send_limit,waiting_confirm,1788391680000
2026-09-02:ASIA:8d5c8af5_8ef641a7-815c-4bb5-9798-b070b67d7998_deepseek_1781246265/v5/S1,0,1788391800000,29180,13.382342204572558,false,false,29217.64351330686,2.4196063368440366,limit,send_limit,send_limit,waiting_confirm,1788391740000
2026-09-02:ASIA:8d5c8af5_8ef641a7-815c-4bb5-9798-b070b67d7998_deepseek_1781246265/v5/S1,0,1788391860000,29184.5,12.92646061853166,false,false,29216.959690927797,2.504939360862583,limit,send_limit,send_limit,waiting_confirm,1788391800000
2026-09-02:ASIA:8d5c8af5_8ef641a7-815c-4bb5-9798-b070b67d7998_deepseek_1781246265/v5/S1,0,1788391920000,29182,12.92646061853166,false,false,29216.959690927797,2.504939360862583,limit,send_limit,send_limit,waiting_confirm,1788391860000
2026-09-02:ASIA:8d5c8af5_8ef641a7-815c-4bb5-9798-b070b67d7998_deepseek_1781246265/v5/S1,0,1788391980000,29180,12.92646061853166,false,false,29216.959690927797,2.504939360862583,limit,send_limit,send_limit,waiting_confirm,1788391920000
2026-09-02:ASIA:8d5c8af5_8ef641a7-815c-4bb5-9798-b070b67d7998_deepseek_1781246265/v5/S1,0,1788392040000,29179.25,12.997889189960231,false,false,29217.06683378494,2.4911737226544015,limit,send_limit,send_limit,waiting_confirm,1788391980000
2026-09-02:ASIA:8d5c8af5_8ef641a7-815c-4bb5-9798-b070b67d7998_deepseek_1781246265/v5/S1,0,1788392100000,29179,13.212174904245744,false,false,29217.38826235637,2.45076985694403,limit,send_limit,send_limit,waiting_confirm,1788392040000
2026-09-02:ASIA:8d5c8af5_8ef641a7-815c-4bb5-9798-b070b67d7998_deepseek_1781246265/v5/S1,0,1788392160000,29178.75,12.375590982513904,false,false,29216.13338647377,2.616440705397358,limit,send_limit,send_limit,waiting_confirm,1788392100000
2026-09-02:ASIA:8d5c8af5_8ef641a7-815c-4bb5-9798-b070b67d7998_deepseek_1781246265/v5/S1,0,1788392220000,29177.25,12.500590982513904,false,false,29216.32088647377,2.590277535301469,limit,send_limit,send_limit,waiting_confirm,1788392160000
2026-09-02:ASIA:8d5c8af5_8ef641a7-815c-4bb5-9798-b070b67d7998_deepseek_1781246265/v5/S1,0,1788392280000,29175.75,12.625590982513904,false,false,29216.50838647377,2.5646324235311684,limit,send_limit,send_limit,waiting_confirm,1788392220000
2026-09-02:ASIA:8d5c8af5_8ef641a7-815c-4bb5-9798-b070b67d7998_deepseek_1781246265/v5/S1,0,1788392340000,29176.75,12.625590982513904,false,false,29216.50838647377,2.5646324235311684,limit,send_limit,send_limit,waiting_confirm,1788392280000
2026-09-02:ASIA:8d5c8af5_8ef641a7-815c-4bb5-9798-b070b67d7998_deepseek_1781246265/v5/S1,0,1788392400000,29185,13.304162411085258,false,false,29217.526243616627,2.4338247684816006,limit,send_limit,send_limit,waiting_confirm,1788392340000
2026-09-02:ASIA:8d5c8af5_8ef641a7-815c-4bb5-9798-b070b67d7998_deepseek_1781246265/v5/S1,0,1788392460000,29186,12.639579381722026,false,false,29216.52936907258,2.5617941089738236,limit,send_limit,send_limit,waiting_confirm,1788392400000
2026-09-02:ASIA:8d5c8af5_8ef641a7-815c-4bb5-9798-b070b67d7998_deepseek_1781246265/v5/S1,0,1788392520000,29185.25,12.657436524579168,false,false,29216.556154786867,2.5581799234879563,limit,send_limit,send_limit,waiting_confirm,1788392460000
2026-09-02:ASIA:8d5c8af5_8ef641a7-815c-4bb5-9798-b070b67d7998_deepseek_1781246265/v5/S1,0,1788392580000,29185.25,12.657436524579168,false,false,29216.556154786867,2.5581799234879563,limit,send_limit,send_limit,waiting_confirm,1788392520000
2026-09-02:ASIA:8d5c8af5_8ef641a7-815c-4bb5-9798-b070b67d7998_deepseek_1781246265/v6/S2,0,1788392640000,29185.5,12.657436524579168,false,false,29228.236154786868,1.454217576436162,limit,send_limit,send_limit,waiting_confirm,1788392580000
2026-09-02:ASIA:8d5c8af5_8ef641a7-815c-4bb5-9798-b070b67d7998_deepseek_1781246265/v6/S2,0,1788392700000,29188.5,12.782436524579262,false,false,29228.423654786868,1.4399967198173949,limit,send_limit,send_limit,waiting_confirm,1788392640000
2026-09-02:ASIA:8d5c8af5_8ef641a7-815c-4bb5-9798-b070b67d7998_deepseek_1781246265/v6/S2,0,1788392760000,29203.75,13.422976772823601,false,false,29229.384465159237,1.3712805272770732,limit,send_limit,send_limit,waiting_confirm,1788392700000
2026-09-02:ASIA:8d5c8af5_8ef641a7-815c-4bb5-9798-b070b67d7998_deepseek_1781246265/v6/S2,0,1788392820000,29205.25,14.119405344252172,true,false,29230.42910801638,1.3036431930300807,limit,send_limit,send_limit,rr_refused,1788392760000
2026-09-02:ASIA:8d5c8af5_8ef641a7-815c-4bb5-9798-b070b67d7998_deepseek_1781246265/v6/S2,0,1788392880000,29210.5,14.119405344252172,true,false,29230.42910801638,1.3036431930300807,limit,cancel_marketable,cancel_marketable,rr_refused,1788392820000
2026-09-02:ASIA:8d5c8af5_8ef641a7-815c-4bb5-9798-b070b67d7998_deepseek_1781246265/v6/S2,0,1788392940000,29205.75,14.119405344252172,true,false,29230.42910801638,1.3036431930300807,limit,send_limit,send_limit,rr_refused,1788392880000
2026-09-02:ASIA:8d5c8af5_8ef641a7-815c-4bb5-9798-b070b67d7998_deepseek_1781246265/v6/S2,0,1788393000000,29204.75,14.119405344252161,true,false,29230.42910801638,1.3036431930300807,limit,send_limit,send_limit,rr_refused,1788392940000
2026-09-02:ASIA:8d5c8af5_8ef641a7-815c-4bb5-9798-b070b67d7998_deepseek_1781246265/v6/S2,0,1788393060000,29207,13.468019248234151,true,false,29229.45202887235,1.3666944134402663,limit,send_limit,send_limit,rr_refused,1788393000000
2026-09-02:ASIA:8d5c8af5_8ef641a7-815c-4bb5-9798-b070b67d7998_deepseek_1781246265/v6/S2,0,1788393120000,29210,13.700162105377007,true,false,29229.800243158064,1.3435364140285495,limit,cancel_marketable,cancel_marketable,rr_refused,1788393060000
2026-09-02:ASIA:8d5c8af5_8ef641a7-815c-4bb5-9798-b070b67d7998_deepseek_1781246265/v6/S2,0,1788393180000,29208,13.700162105377007,true,false,29229.800243158064,1.3435364140285495,limit,send_limit,send_limit,rr_refused,1788393120000
2026-09-02:ASIA:8d5c8af5_8ef641a7-815c-4bb5-9798-b070b67d7998_deepseek_1781246265/v6/S2,0,1788393240000,29206,13.771590676805578,true,false,29229.90738601521,1.3365679461899131,limit,send_limit,send_limit,rr_refused,1788393180000
2026-09-02:ASIA:8d5c8af5_8ef641a7-815c-4bb5-9798-b070b67d7998_deepseek_1781246265/v6/S2,0,1788393300000,29205,13.77159067680563,true,false,29229.90738601521,1.3365679461899131,limit,send_limit,send_limit,rr_refused,1788393240000
2026-09-02:ASIA:8d5c8af5_8ef641a7-815c-4bb5-9798-b070b67d7998_deepseek_1781246265/v6/S2,0,1788393360000,29204.75,13.109334199890942,true,false,29228.914001299836,1.4040885971783845,limit,send_limit,send_limit,rr_refused,1788393300000
2026-09-02:ASIA:8d5c8af5_8ef641a7-815c-4bb5-9798-b070b67d7998_deepseek_1781246265/v6/S2,0,1788393420000,29203.25,13.2164770570338,true,false,29229.07471558555,1.3927059826333945,limit,send_limit,send_limit,rr_refused,1788393360000
2026-09-02:ASIA:8d5c8af5_8ef641a7-815c-4bb5-9798-b070b67d7998_deepseek_1781246265/v6/S2,0,1788393480000,29203,13.3414770570338,true,false,29229.26221558555,1.3796573338904579,limit,send_limit,send_limit,rr_refused,1788393420000
2026-09-02:ASIA:8d5c8af5_8ef641a7-815c-4bb5-9798-b070b67d7998_deepseek_1781246265/v6/S2,0,1788393540000,29207.25,13.3414770570338,true,false,29229.26221558555,1.3796573338904579,limit,send_limit,send_limit,rr_refused,1788393480000
2026-09-02:ASIA:8d5c8af5_8ef641a7-815c-4bb5-9798-b070b67d7998_deepseek_1781246265/v6/S2,0,1788393600000,29200.5,13.34147705703426,true,false,29229.26221558555,1.3796573338904579,limit,send_limit,send_limit,rr_refused,1788393540000
2026-09-02:ASIA:8d5c8af5_8ef641a7-815c-4bb5-9798-b070b67d7998_deepseek_1781246265/v6/S2,0,1788393660000,29190.25,13.424228695817527,true,false,29229.386343043727,1.3711526437568355,limit,send_limit,send_limit,rr_refused,1788393600000
2026-09-02:ASIA:8d5c8af5_8ef641a7-815c-4bb5-9798-b070b67d7998_deepseek_1781246265/v6/S2,0,1788393720000,29192.5,13.81708583867467,true,false,29229.975628758013,1.332167063415428,limit,send_limit,send_limit,rr_refused,1788393660000
2026-09-02:ASIA:8d5c8af5_8ef641a7-815c-4bb5-9798-b070b67d7998_deepseek_1781246265/v7/S1,0,1788393780000,29190,13.81708583867467,false,false,29238.975628758013,3.341273782742356,limit,outside_band,outside_band,waiting_confirm,1788393720000
2026-09-02:ASIA:8d5c8af5_8ef641a7-815c-4bb5-9798-b070b67d7998_deepseek_1781246265/v7/S1,0,1788393840000,29186.25,13.81708583867467,false,false,29238.975628758013,3.341273782742356,limit,outside_band,outside_band,waiting_confirm,1788393780000
2026-09-02:ASIA:8d5c8af5_8ef641a7-815c-4bb5-9798-b070b67d7998_deepseek_1781246265/v7/S1,0,1788393900000,29190.25,13.817085838674865,false,false,29238.975628758013,3.341273782742356,limit,outside_band,outside_band,waiting_confirm,1788393840000
2026-09-02:ASIA:8d5c8af5_8ef641a7-815c-4bb5-9798-b070b67d7998_deepseek_1781246265/v7/S1,0,1788393960000,29190.25,13.508722564483804,false,false,29238.513083846727,3.417544956326418,limit,outside_band,outside_band,waiting_confirm,1788393900000
2026-09-02:ASIA:8d5c8af5_8ef641a7-815c-4bb5-9798-b070b67d7998_deepseek_1781246265/v7/S1,0,1788394020000,29193.25,13.687293993055233,false,false,29238.78094098958,3.372957919227395,limit,send_limit,send_limit,waiting_confirm,1788393960000
2026-09-02:ASIA:8d5c8af5_8ef641a7-815c-4bb5-9798-b070b67d7998_deepseek_1781246265/v7/S1,0,1788394080000,29179.5,14.026579707340947,false,false,29239.289869561013,3.291370214971342,limit,outside_band,outside_band,waiting_confirm,1788394020000
2026-09-02:ASIA:8d5c8af5_8ef641a7-815c-4bb5-9798-b070b67d7998_deepseek_1781246265/v7/S1,0,1788394140000,29178,14.473008278769518,false,false,29239.959512418154,3.1898459378613646,limit,outside_band,outside_band,waiting_confirm,1788394080000
2026-09-02:ASIA:8d5c8af5_8ef641a7-815c-4bb5-9798-b070b67d7998_deepseek_1781246265/v7/S1,0,1788394200000,29177.25,14.473008278770179,false,false,29239.959512418154,3.1898459378613646,limit,outside_band,outside_band,waiting_confirm,1788394140000
2026-09-02:ASIA:8d5c8af5_8ef641a7-815c-4bb5-9798-b070b67d7998_deepseek_1781246265/v7/S1,0,1788394260000,29182.25,14.046364830286594,false,false,29239.319547245428,3.2867341283295293,limit,outside_band,outside_band,waiting_confirm,1788394200000
2026-09-02:ASIA:8d5c8af5_8ef641a7-815c-4bb5-9798-b070b67d7998_deepseek_1781246265/v7/S1,0,1788394320000,29187.25,14.278507687429451,false,false,29239.667761531146,3.233297742123857,limit,outside_band,outside_band,waiting_confirm,1788394260000
2026-09-02:ASIA:8d5c8af5_8ef641a7-815c-4bb5-9798-b070b67d7998_deepseek_1781246265/v7/S1,0,1788394380000,29169,14.867793401715165,false,false,29240.551690102573,3.1051458289257776,limit,outside_band,outside_band,waiting_confirm,1788394320000
2026-09-02:ASIA:8d5c8af5_8ef641a7-815c-4bb5-9798-b070b67d7998_deepseek_1781246265/v7/S1,0,1788394440000,29174,15.135650544572309,false,false,29240.95347581686,3.0501937482443076,limit,outside_band,outside_band,waiting_confirm,1788394380000
2026-09-02:ASIA:8d5c8af5_8ef641a7-815c-4bb5-9798-b070b67d7998_deepseek_1781246265/v7/S1,0,1788394500000,29169,15.135650544573107,false,false,29240.95347581686,3.0501937482443076,limit,outside_band,outside_band,waiting_confirm,1788394440000
2026-09-02:ASIA:8d5c8af5_8ef641a7-815c-4bb5-9798-b070b67d7998_deepseek_1781246265/v7/S1,0,1788394560000,29150.75,15.447389791389313,false,false,29241.421084687085,2.988638682012124,limit,outside_band,outside_band,waiting_confirm,1788394500000
2026-09-02:ASIA:8d5c8af5_8ef641a7-815c-4bb5-9798-b070b67d7998_deepseek_1781246265/v7/S1,0,1788394620000,29154,15.518818362817884,false,false,29241.528227544226,2.974882854308085,limit,outside_band,outside_band,waiting_confirm,1788394560000
2026-09-02:ASIA:8d5c8af5_8ef641a7-815c-4bb5-9798-b070b67d7998_deepseek_1781246265/v7/S1,0,1788394680000,29150.25,15.590246934246455,false,false,29241.63537040137,2.961253074526476,limit,outside_band,outside_band,waiting_confirm,1788394620000
2026-09-02:ASIA:8d5c8af5_8ef641a7-815c-4bb5-9798-b070b67d7998_deepseek_1781246265/v7/S1,0,1788394740000,29149.25,15.590246934246455,false,false,29241.63537040137,2.961253074526476,limit,outside_band,outside_band,waiting_confirm,1788394680000
2026-09-02:ASIA:8d5c8af5_8ef641a7-815c-4bb5-9798-b070b67d7998_deepseek_1781246265/v7/S1,0,1788394800000,29151.25,15.590246934246803,false,false,29241.63537040137,2.961253074526476,limit,outside_band,outside_band,waiting_confirm,1788394740000
2026-09-02:ASIA:8d5c8af5_8ef641a7-815c-4bb5-9798-b070b67d7998_deepseek_1781246265/v7/S1,0,1788394860000,29144.75,14.958800724657745,false,false,29240.688201086985,3.0862545411524924,limit,outside_band,outside_band,waiting_confirm,1788394800000
2026-09-02:ASIA:8d5c8af5_8ef641a7-815c-4bb5-9798-b070b67d7998_deepseek_1781246265/v7/S1,0,1788394920000,29147.25,14.958800724657745,false,false,29240.688201086985,3.0862545411524924,limit,outside_band,outside_band,waiting_confirm,1788394860000
2026-09-02:ASIA:8d5c8af5_8ef641a7-815c-4bb5-9798-b070b67d7998_deepseek_1781246265/v7/S1,0,1788394980000,29143.75,15.190943581800601,false,false,29241.036415372702,3.0390914440610146,limit,outside_band,outside_band,waiting_confirm,1788394920000
2026-09-02:ASIA:8d5c8af5_8ef641a7-815c-4bb5-9798-b070b67d7998_deepseek_1781246265/v7/S1,0,1788395040000,29154.75,15.601657867514888,false,false,29241.65248680127,2.9590872366708716,limit,outside_band,outside_band,waiting_confirm,1788394980000
2026-09-02:ASIA:8d5c8af5_8ef641a7-815c-4bb5-9798-b070b67d7998_deepseek_1781246265/v7/S1,0,1788395100000,29154.5,15.601657867515636,false,false,29241.652486801275,2.9590872366704115,limit,outside_band,outside_band,waiting_confirm,1788395040000
2026-09-02:ASIA:8d5c8af5_8ef641a7-815c-4bb5-9798-b070b67d7998_deepseek_1781246265/v7/S1,0,1788395160000,29152.5,14.844396591264518,false,false,29240.516594886896,3.110039965776417,limit,outside_band,outside_band,waiting_confirm,1788395100000
2026-09-02:ASIA:8d5c8af5_8ef641a7-815c-4bb5-9798-b070b67d7998_deepseek_1781246265/v7/S1,0,1788395220000,29156,15.112253734121662,false,false,29240.918380601182,3.054916062084636,limit,outside_band,outside_band,waiting_confirm,1788395160000
2026-09-02:ASIA:8d5c8af5_8ef641a7-815c-4bb5-9798-b070b67d7998_deepseek_1781246265/v7/S1,0,1788395280000,29155.5,15.112253734121662,false,false,29240.918380601182,3.054916062084636,limit,outside_band,outside_band,waiting_confirm,1788395220000
2026-09-02:ASIA:8d5c8af5_8ef641a7-815c-4bb5-9798-b070b67d7998_deepseek_1781246265/v7/S1,0,1788395340000,29161,15.380110876978804,false,false,29241.32016631547,3.0017122136465706,limit,outside_band,outside_band,waiting_confirm,1788395280000
2026-09-02:ASIA:8d5c8af5_8ef641a7-815c-4bb5-9798-b070b67d7998_deepseek_1781246265/v7/S1,0,1788395400000,29156.25,15.380110876979684,false,false,29241.32016631547,3.0017122136465706,limit,outside_band,outside_band,waiting_confirm,1788395340000
2026-09-02:ASIA:8d5c8af5_8ef641a7-815c-4bb5-9798-b070b67d7998_deepseek_1781246265/v7/S1,0,1788395460000,29155.5,15.227960100052565,false,false,29241.09194015008,3.0317039421784253,limit,outside_band,outside_band,waiting_confirm,1788395400000
2026-09-02:ASIA:8d5c8af5_8ef641a7-815c-4bb5-9798-b070b67d7998_deepseek_1781246265/v7/S1,0,1788395520000,29153.25,15.227960100052565,false,false,29241.09194015008,3.0317039421784253,limit,outside_band,outside_band,waiting_confirm,1788395460000
2026-09-02:ASIA:8d5c8af5_8ef641a7-815c-4bb5-9798-b070b67d7998_deepseek_1781246265/v7/S1,0,1788395580000,29150,15.424388671481136,false,false,29241.38658300722,2.9930953926250536,limit,outside_band,outside_band,waiting_confirm,1788395520000
2026-09-02:ASIA:8d5c8af5_8ef641a7-815c-4bb5-9798-b070b67d7998_deepseek_1781246265/v7/S1,0,1788395640000,29151.75,15.424388671481136,false,false,29241.38658300722,2.9930953926250536,limit,outside_band,outside_band,waiting_confirm,1788395580000
2026-09-02:ASIA:8d5c8af5_8ef641a7-815c-4bb5-9798-b070b67d7998_deepseek_1781246265/v7/S1,0,1788395700000,29150.25,15.424388671481998,false,false,29241.386583007225,2.993095392624583,limit,outside_band,outside_band,waiting_confirm,1788395640000
2026-09-02:ASIA:8d5c8af5_8ef641a7-815c-4bb5-9798-b070b67d7998_deepseek_1781246265/v7/S1,0,1788395760000,29153,14.64407519494757,false,false,29240.216112792423,3.1525832838247,limit,outside_band,outside_band,waiting_confirm,1788395700000
2026-09-02:ASIA:8d5c8af5_8ef641a7-815c-4bb5-9798-b070b67d7998_deepseek_1781246265/v7/S1,0,1788395820000,29150.75,14.64407519494757,false,false,29240.216112792423,3.1525832838247,limit,outside_band,outside_band,waiting_confirm,1788395760000
2026-09-02:ASIA:8d5c8af5_8ef641a7-815c-4bb5-9798-b070b67d7998_deepseek_1781246265/v7/S1,0,1788395880000,29154.5,14.715503766376141,false,false,29240.323255649564,3.137280748223816,limit,outside_band,outside_band,waiting_confirm,1788395820000
2026-09-02:ASIA:8d5c8af5_8ef641a7-815c-4bb5-9798-b070b67d7998_deepseek_1781246265/v7/S1,0,1788395940000,29160.75,15.161932337804712,false,false,29240.992898506705,3.0449065223407086,limit,outside_band,outside_band,waiting_confirm,1788395880000
2026-09-02:ASIA:8d5c8af5_8ef641a7-815c-4bb5-9798-b070b67d7998_deepseek_1781246265/v7/S1,0,1788396000000,29158.75,15.251218052091218,false,false,29241.126827078137,3.0270806245758792,limit,outside_band,outside_band,waiting_confirm,1788395940000
2026-09-02:ASIA:8d5c8af5_8ef641a7-815c-4bb5-9798-b070b67d7998_deepseek_1781246265/v7/S1,0,1788396060000,29156,14.608273905513274,false,false,29240.16241085827,3.160309490722558,limit,outside_band,outside_band,waiting_confirm,1788396000000
2026-09-02:ASIA:8d5c8af5_8ef641a7-815c-4bb5-9798-b070b67d7998_deepseek_1781246265/v7/S1,0,1788396120000,29156,14.965416762656131,false,false,29240.698125143983,3.0848901436457856,limit,outside_band,outside_band,waiting_confirm,1788396060000
2026-09-02:ASIA:8d5c8af5_8ef641a7-815c-4bb5-9798-b070b67d7998_deepseek_1781246265/v7/S1,0,1788396180000,29151.5,14.965416762656131,false,false,29240.698125143983,3.0848901436457856,limit,outside_band,outside_band,waiting_confirm,1788396120000
2026-09-02:ASIA:8d5c8af5_8ef641a7-815c-4bb5-9798-b070b67d7998_deepseek_1781246265/v7/S1,0,1788396240000,29157.5,15.001131048370416,false,false,29240.751696572555,3.0775457209063113,limit,outside_band,outside_band,waiting_confirm,1788396180000
2026-09-02:ASIA:8d5c8af5_8ef641a7-815c-4bb5-9798-b070b67d7998_deepseek_1781246265/v7/S1,0,1788396300000,29156.25,15.00113104837112,false,false,29240.751696572555,3.0775457209063113,limit,outside_band,outside_band,waiting_confirm,1788396240000
2026-09-02:ASIA:8d5c8af5_8ef641a7-815c-4bb5-9798-b070b67d7998_deepseek_1781246265/v7/S1,0,1788396360000,29155.5,14.393907402058897,false,false,29239.84086110309,3.2073755497454077,limit,outside_band,outside_band,waiting_confirm,1788396300000
2026-09-02:ASIA:8d5c8af5_8ef641a7-815c-4bb5-9798-b070b67d7998_deepseek_1781246265/v7/S1,0,1788396420000,29154.75,14.429621687773182,false,false,29239.89443253166,3.1994370791985234,limit,outside_band,outside_band,waiting_confirm,1788396360000
2026-09-02:ASIA:8d5c8af5_8ef641a7-815c-4bb5-9798-b070b67d7998_deepseek_1781246265/v7/S1,0,1788396480000,29154.5,14.572478830630326,false,false,29240.108718245945,3.1680723096765453,limit,outside_band,outside_band,waiting_confirm,1788396420000
2026-09-02:ASIA:8d5c8af5_8ef641a7-815c-4bb5-9798-b070b67d7998_deepseek_1781246265/v7/S1,0,1788396540000,29156.25,14.643907402058897,false,false,29240.21586110309,3.1526194067692814,limit,outside_band,outside_band,waiting_confirm,1788396480000
2026-09-02:ASIA:8d5c8af5_8ef641a7-815c-4bb5-9798-b070b67d7998_deepseek_1781246265/v7/S1,0,1788396600000,29156,14.64390740205852,false,false,29240.215861103086,3.1526194067698032,limit,outside_band,outside_band,waiting_confirm,1788396540000
2026-09-02:ASIA:8d5c8af5_8ef641a7-815c-4bb5-9798-b070b67d7998_deepseek_1781246265/v7/S1,0,1788396660000,29158.5,13.972914016197198,false,false,29239.209371024295,3.3040113617783766,limit,outside_band,outside_band,waiting_confirm,1788396600000
2026-09-02:ASIA:8d5c8af5_8ef641a7-815c-4bb5-9798-b070b67d7998_deepseek_1781246265/v7/S1,0,1788396720000,29156,14.240771159054342,false,false,29239.61115673858,3.2418656371227317,limit,outside_band,outside_band,waiting_confirm,1788396660000
2026-09-02:ASIA:8d5c8af5_8ef641a7-815c-4bb5-9798-b070b67d7998_deepseek_1781246265/v7/S1,0,1788396780000,29156.75,14.240771159054342,false,false,29239.61115673858,3.2418656371227317,limit,outside_band,outside_band,waiting_confirm,1788396720000
2026-09-02:ASIA:8d5c8af5_8ef641a7-815c-4bb5-9798-b070b67d7998_deepseek_1781246265/v7/S1,0,1788396840000,29157.25,14.240771159054342,false,false,29239.61115673858,3.2418656371227317,limit,outside_band,outside_band,waiting_confirm,1788396780000
2026-09-02:ASIA:8d5c8af5_8ef641a7-815c-4bb5-9798-b070b67d7998_deepseek_1781246265/v7/S1,0,1788396900000,29156.75,14.240771159053358,false,false,29239.61115673858,3.2418656371227317,limit,outside_band,outside_band,waiting_confirm,1788396840000
2026-09-02:ASIA:8d5c8af5_8ef641a7-815c-4bb5-9798-b070b67d7998_deepseek_1781246265/v7/S1,0,1788396960000,29157.25,13.473573219120976,false,false,29238.46035982868,3.426460517626452,limit,outside_band,outside_band,waiting_confirm,1788396900000
2026-09-02:ASIA:8d5c8af5_8ef641a7-815c-4bb5-9798-b070b67d7998_deepseek_1781246265/v7/S1,0,1788397020000,29153,13.670001790549547,false,false,29238.755002685823,3.3772246246951454,limit,outside_band,outside_band,waiting_confirm,1788396960000
2026-09-02:ASIA:8d5c8af5_8ef641a7-815c-4bb5-9798-b070b67d7998_deepseek_1781246265/v7/S1,0,1788397080000,29151.5,14.06285893340669,false,false,29239.34428840011,3.2828791702517393,limit,outside_band,outside_band,waiting_confirm,1788397020000
2026-09-02:ASIA:8d5c8af5_8ef641a7-815c-4bb5-9798-b070b67d7998_deepseek_1781246265/v7/S1,0,1788397140000,29153,14.06285893340669,false,false,29239.34428840011,3.2828791702517393,limit,outside_band,outside_band,waiting_confirm,1788397080000
2026-09-02:ASIA:8d5c8af5_8ef641a7-815c-4bb5-9798-b070b67d7998_deepseek_1781246265/v7/S1,0,1788397200000,29151.25,14.062858933406332,false,false,29239.34428840011,3.2828791702517393,limit,outside_band,outside_band,waiting_confirm,1788397140000
2026-09-02:ASIA:8d5c8af5_8ef641a7-815c-4bb5-9798-b070b67d7998_deepseek_1781246265/v7/S1,0,1788397260000,29156.25,13.826226152448738,false,false,29238.989339228672,3.3390649160249875,limit,outside_band,outside_band,waiting_confirm,1788397200000
2026-09-02:ASIA:8d5c8af5_8ef641a7-815c-4bb5-9798-b070b67d7998_deepseek_1781246265/v7/S1,0,1788397320000,29158.5,14.058369009591596,false,false,29239.337553514386,3.2839276473089964,limit,outside_band,outside_band,waiting_confirm,1788397260000
2026-09-02:ASIA:8d5c8af5_8ef641a7-815c-4bb5-9798-b070b67d7998_deepseek_1781246265/v7/S1,0,1788397380000,29161.5,14.058369009591596,false,false,29239.337553514386,3.2839276473089964,limit,outside_band,outside_band,waiting_confirm,1788397320000
2026-09-02:ASIA:8d5c8af5_8ef641a7-815c-4bb5-9798-b070b67d7998_deepseek_1781246265/v7/S1,0,1788397440000,29164.75,14.326226152448738,false,false,29239.739339228672,3.222528122577315,limit,outside_band,outside_band,waiting_confirm,1788397380000
2026-09-02:ASIA:8d5c8af5_8ef641a7-815c-4bb5-9798-b070b67d7998_deepseek_1781246265/v7/S1,0,1788397500000,29172.5,14.844083295304998,false,false,29240.51612494296,3.110105605596185,limit,outside_band,outside_band,waiting_confirm,1788397440000
2026-09-02:ASIA:8d5c8af5_8ef641a7-815c-4bb5-9798-b070b67d7998_deepseek_1781246265/v8/S1,0,1788397560000,29181.25,14.944505917068925,false,false,29179.4467588756,2.4548597906315006,limit,cancel_marketable,cancel_marketable,waiting_confirm,1788397500000
2026-09-02:ASIA:8d5c8af5_8ef641a7-815c-4bb5-9798-b070b67d7998_deepseek_1781246265/v8/S1,0,1788397620000,29178.75,14.998077345640354,false,false,29179.52711601846,2.4460913103190918,limit,cancel_marketable,cancel_marketable,waiting_confirm,1788397560000
2026-09-02:ASIA:8d5c8af5_8ef641a7-815c-4bb5-9798-b070b67d7998_deepseek_1781246265/v8/S1,0,1788397680000,29181.5,14.998077345640354,false,false,29179.52711601846,2.4460913103190918,limit,cancel_marketable,cancel_marketable,waiting_confirm,1788397620000
2026-09-02:ASIA:8d5c8af5_8ef641a7-815c-4bb5-9798-b070b67d7998_deepseek_1781246265/v8/S1,0,1788397740000,29181.75,14.998077345640354,false,false,29179.52711601846,2.4460913103190918,limit,cancel_marketable,cancel_marketable,waiting_confirm,1788397680000
2026-09-02:ASIA:8d5c8af5_8ef641a7-815c-4bb5-9798-b070b67d7998_deepseek_1781246265/v8/S1,0,1788397800000,29175.5,14.998077345639965,false,true,29179.52711601846,2.4460913103190918,limit,cancel_marketable,cancel_marketable,waiting_confirm,1788397740000
2026-09-02:ASIA:8d5c8af5_8ef641a7-815c-4bb5-9798-b070b67d7998_deepseek_1781246265/v8/S1,0,1788397860000,29166.25,14.712500392379967,false,true,29179.098750588568,2.4935711597784325,limit,cancel_marketable,cancel_marketable,waiting_confirm,1788397800000
2026-09-02:ASIA:8d5c8af5_8ef641a7-815c-4bb5-9798-b070b67d7998_deepseek_1781246265/v8/S1,0,1788397920000,29178.25,15.033928963808538,false,true,29179.580893445713,2.4402580825664835,limit,cancel_marketable,cancel_marketable,waiting_confirm,1788397860000
2026-09-02:ASIA:8d5c8af5_8ef641a7-815c-4bb5-9798-b070b67d7998_deepseek_1781246265/v8/S1,0,1788397980000,29177.5,15.033928963808538,false,true,29179.580893445713,2.4402580825664835,limit,cancel_marketable,cancel_marketable,waiting_confirm,1788397920000
2026-09-02:ASIA:8d5c8af5_8ef641a7-815c-4bb5-9798-b070b67d7998_deepseek_1781246265/v8/S1,0,1788398040000,29180.25,15.176786106665682,false,true,29179.79517916,2.4172882459317555,limit,cancel_marketable,cancel_marketable,waiting_confirm,1788397980000
2026-09-02:ASIA:8d5c8af5_8ef641a7-815c-4bb5-9798-b070b67d7998_deepseek_1781246265/v8/S1,0,1788398100000,29183.5,15.551786106665682,false,true,29180.35767916,2.3590002084030104,limit,cancel_marketable,cancel_marketable,waiting_confirm,1788398040000
2026-09-02:ASIA:8d5c8af5_8ef641a7-815c-4bb5-9798-b070b67d7998_deepseek_1781246265/v8/S1,0,1788398160000,29190,15.119515670475277,false,true,29179.709273505712,2.4264445678180873,limit,cancel_marketable,cancel_marketable,waiting_confirm,1788398100000
2026-09-02:ASIA:8d5c8af5_8ef641a7-815c-4bb5-9798-b070b67d7998_deepseek_1781246265/v8/S1,0,1788398220000,29193,15.494515670475277,false,true,29180.271773505712,2.367719485196395,limit,cancel_marketable,cancel_marketable,waiting_confirm,1788398160000
2026-09-02:ASIA:8d5c8af5_8ef641a7-815c-4bb5-9798-b070b67d7998_deepseek_1781246265/v8/S1,0,1788398280000,29194,15.565944241903848,false,true,29180.378916362853,2.3568545599634345,limit,cancel_marketable,cancel_marketable,waiting_confirm,1788398220000
2026-09-02:ASIA:8d5c8af5_8ef641a7-815c-4bb5-9798-b070b67d7998_deepseek_1781246265/v8/S1,0,1788398340000,29192.5,15.565944241903848,false,true,29180.378916362853,2.3568545599634345,limit,cancel_marketable,cancel_marketable,waiting_confirm,1788398280000
2026-09-02:ASIA:8d5c8af5_8ef641a7-815c-4bb5-9798-b070b67d7998_deepseek_1781246265/v8/S1,0,1788398400000,29194.5,15.798087099046244,false,true,29180.727130648567,2.322222078955508,limit,cancel_marketable,cancel_marketable,waiting_confirm,1788398340000
2026-09-02:ASIA:8d5c8af5_8ef641a7-815c-4bb5-9798-b070b67d7998_deepseek_1781246265/v8/S1,0,1788398460000,29195.5,15.13393802054294,false,true,29179.730907030815,2.424132213100432,limit,cancel_marketable,cancel_marketable,waiting_confirm,1788398400000
2026-09-02:ASIA:8d5c8af5_8ef641a7-815c-4bb5-9798-b070b67d7998_deepseek_1781246265/v8/S1,0,1788398520000,29193.25,15.223223734828654,false,true,29179.864835602242,2.4099144376845185,limit,cancel_marketable,cancel_marketable,waiting_confirm,1788398460000
2026-09-02:ASIA:8d5c8af5_8ef641a7-815c-4bb5-9798-b070b67d7998_deepseek_1781246265/v8/S1,0,1788398580000,29193.25,15.223223734828654,false,true,29179.864835602242,2.4099144376845185,limit,cancel_marketable,cancel_marketable,waiting_confirm,1788398520000
2026-09-02:ASIA:8d5c8af5_8ef641a7-815c-4bb5-9798-b070b67d7998_deepseek_1781246265/v8/S1,0,1788398640000,29183.75,16.00893802054294,false,true,29181.043407030815,2.291636498285315,limit,cancel_marketable,cancel_marketable,waiting_confirm,1788398580000
2026-09-02:ASIA:8d5c8af5_8ef641a7-815c-4bb5-9798-b070b67d7998_deepseek_1781246265/v8/S1,0,1788398700000,29167.25,17.062509449113673,false,true,29182.62376417367,2.150133119402961,limit,cancel_marketable,cancel_marketable,waiting_confirm,1788398640000
2026-09-02:ASIA:8d5c8af5_8ef641a7-815c-4bb5-9798-b070b67d7998_deepseek_1781246265/v8/S1,0,1788398760000,29158.25,16.57590163131984,false,true,29181.893852446978,2.213253160078393,limit,cancel_marketable,cancel_marketable,waiting_confirm,1788398700000
2026-09-02:ASIA:8d5c8af5_8ef641a7-815c-4bb5-9798-b070b67d7998_deepseek_1781246265/v8/S1,0,1788398820000,29163,16.57590163131984,false,true,29181.893852446978,2.213253160078393,limit,cancel_marketable,cancel_marketable,waiting_confirm,1788398760000
2026-09-02:ASIA:8d5c8af5_8ef641a7-815c-4bb5-9798-b070b67d7998_deepseek_1781246265/v8/S1,0,1788398880000,29159.5,16.57590163131984,false,true,29181.893852446978,2.213253160078393,limit,cancel_marketable,cancel_marketable,waiting_confirm,1788398820000
2026-09-02:ASIA:8d5c8af5_8ef641a7-815c-4bb5-9798-b070b67d7998_deepseek_1781246265/v8/S1,0,1788398940000,29173,17.040187345605553,false,true,29182.59028101841,2.152949725410412,limit,cancel_marketable,cancel_marketable,waiting_confirm,1788398880000
2026-09-02:ASIA:8d5c8af5_8ef641a7-815c-4bb5-9798-b070b67d7998_deepseek_1781246265/v8/S1,0,1788399000000,29176,17.30804448846238,false,true,29182.99206673269,2.1196309433525395,limit,cancel_marketable,cancel_marketable,waiting_confirm,1788398940000
2026-09-02:ASIA:8d5c8af5_8ef641a7-815c-4bb5-9798-b070b67d7998_deepseek_1781246265/v8/S1,0,1788399060000,29180.25,16.82175559642935,false,true,29182.262633394643,2.18090593793036,limit,cancel_marketable,cancel_marketable,waiting_confirm,1788399000000
2026-09-02:ASIA:8d5c8af5_8ef641a7-815c-4bb5-9798-b070b67d7998_deepseek_1781246265/v8/S1,0,1788399120000,29189.25,17.89318416785792,false,true,29183.869776251784,2.0503151547822074,limit,cancel_marketable,cancel_marketable,waiting_confirm,1788399060000
2026-09-02:ASIA:8d5c8af5_8ef641a7-815c-4bb5-9798-b070b67d7998_deepseek_1781246265/v8/S1,0,1788399180000,29187,17.89318416785792,false,true,29183.869776251784,2.0503151547822074,limit,cancel_marketable,cancel_marketable,waiting_confirm,1788399120000
2026-09-02:ASIA:8d5c8af5_8ef641a7-815c-4bb5-9798-b070b67d7998_deepseek_1781246265/v8/S1,0,1788399240000,29193.25,17.89318416785792,false,true,29183.869776251784,2.0503151547822074,limit,cancel_marketable,cancel_marketable,waiting_confirm,1788399180000
2026-09-02:ASIA:8d5c8af5_8ef641a7-815c-4bb5-9798-b070b67d7998_deepseek_1781246265/v8/S1,0,1788399300000,29198.75,18.12532702500052,false,true,29184.217990537498,2.0240554344793815,limit,cancel_marketable,cancel_marketable,waiting_confirm,1788399240000
2026-09-02:ASIA:8d5c8af5_8ef641a7-815c-4bb5-9798-b070b67d7998_deepseek_1781246265/v8/S1,0,1788399360000,29187.5,17.973517951786196,false,true,29183.990276927678,2.041151140532312,limit,cancel_marketable,cancel_marketable,waiting_confirm,1788399300000
2026-09-02:ASIA:8d5c8af5_8ef641a7-815c-4bb5-9798-b070b67d7998_deepseek_1781246265/v8/S1,0,1788399420000,29187,17.973517951786196,false,true,29183.990276927678,2.041151140532312,limit,cancel_marketable,cancel_marketable,waiting_confirm,1788399360000
2026-09-02:ASIA:8d5c8af5_8ef641a7-815c-4bb5-9798-b070b67d7998_deepseek_1781246265/v8/S1,0,1788399480000,29179.75,18.63423223750048,false,true,29184.98134835625,1.9687780102275894,limit,cancel_marketable,cancel_marketable,recorded_dormant_requires_fresh_authorization,1788399420000
2026-09-02:ASIA:8d5c8af5_8ef641a7-815c-4bb5-9798-b070b67d7998_deepseek_1781246265/v8/S2,0,1788397560000,29181.25,14.944505917068925,false,false,29163.666758875603,1.7509221657693703,limit,cancel_marketable,cancel_marketable,waiting_confirm,1788397500000
2026-09-02:ASIA:8d5c8af5_8ef641a7-815c-4bb5-9798-b070b67d7998_deepseek_1781246265/v8/S2,0,1788397620000,29178.75,14.998077345640354,false,false,29163.74711601846,1.7446680706891946,limit,cancel_marketable,cancel_marketable,waiting_confirm,1788397560000
2026-09-02:ASIA:8d5c8af5_8ef641a7-815c-4bb5-9798-b070b67d7998_deepseek_1781246265/v8/S2,0,1788397680000,29181.5,14.998077345640354,false,false,29163.74711601846,1.7446680706891946,limit,cancel_marketable,cancel_marketable,waiting_confirm,1788397620000
2026-09-02:ASIA:8d5c8af5_8ef641a7-815c-4bb5-9798-b070b67d7998_deepseek_1781246265/v8/S2,0,1788397740000,29181.75,14.998077345640354,false,false,29163.74711601846,1.7446680706891946,limit,cancel_marketable,cancel_marketable,waiting_confirm,1788397680000
2026-09-02:ASIA:8d5c8af5_8ef641a7-815c-4bb5-9798-b070b67d7998_deepseek_1781246265/v8/S2,0,1788397800000,29175.5,14.998077345639965,false,true,29163.74711601846,1.7446680706891946,limit,cancel_marketable,cancel_marketable,waiting_confirm,1788397740000
2026-09-02:ASIA:8d5c8af5_8ef641a7-815c-4bb5-9798-b070b67d7998_deepseek_1781246265/v8/S2,0,1788397860000,29166.25,14.712500392379967,false,true,29163.31875058857,1.778532946053163,limit,cancel_marketable,cancel_marketable,waiting_confirm,1788397800000
2026-09-02:ASIA:8d5c8af5_8ef641a7-815c-4bb5-9798-b070b67d7998_deepseek_1781246265/v8/S2,0,1788397920000,29178.25,15.033928963808538,false,true,29163.800893445714,1.7405075366297746,limit,cancel_marketable,cancel_marketable,waiting_confirm,1788397860000
2026-09-02:ASIA:8d5c8af5_8ef641a7-815c-4bb5-9798-b070b67d7998_deepseek_1781246265/v8/S2,0,1788397980000,29177.5,15.033928963808538,false,true,29163.800893445714,1.7405075366297746,limit,cancel_marketable,cancel_marketable,waiting_confirm,1788397920000
2026-09-02:ASIA:8d5c8af5_8ef641a7-815c-4bb5-9798-b070b67d7998_deepseek_1781246265/v8/S2,0,1788398040000,29180.25,15.176786106665682,false,true,29164.01517916,1.724124362217398,limit,cancel_marketable,cancel_marketable,waiting_confirm,1788397980000
2026-09-02:ASIA:8d5c8af5_8ef641a7-815c-4bb5-9798-b070b67d7998_deepseek_1781246265/v8/S2,0,1788398100000,29183.5,15.551786106665682,false,true,29164.57767916,1.6825505756827206,limit,cancel_marketable,cancel_marketable,waiting_confirm,1788398040000
2026-09-02:ASIA:8d5c8af5_8ef641a7-815c-4bb5-9798-b070b67d7998_deepseek_1781246265/v8/S2,0,1788398160000,29190,15.119515670475277,false,true,29163.929273505713,1.7306550842606203,limit,cancel_marketable,cancel_marketable,waiting_confirm,1788398100000
2026-09-02:ASIA:8d5c8af5_8ef641a7-815c-4bb5-9798-b070b67d7998_deepseek_1781246265/v8/S2,0,1788398220000,29193,15.494515670475277,false,true,29164.491773505713,1.688769576484835,limit,cancel_marketable,cancel_marketable,waiting_confirm,1788398160000
2026-09-02:ASIA:8d5c8af5_8ef641a7-815c-4bb5-9798-b070b67d7998_deepseek_1781246265/v8/S2,0,1788398280000,29194,15.565944241903848,false,true,29164.598916362855,1.6810201976842951,limit,cancel_marketable,cancel_marketable,waiting_confirm,1788398220000
2026-09-02:ASIA:8d5c8af5_8ef641a7-815c-4bb5-9798-b070b67d7998_deepseek_1781246265/v8/S2,0,1788398340000,29192.5,15.565944241903848,false,true,29164.598916362855,1.6810201976842951,limit,cancel_marketable,cancel_marketable,waiting_confirm,1788398280000
2026-09-02:ASIA:8d5c8af5_8ef641a7-815c-4bb5-9798-b070b67d7998_deepseek_1781246265/v8/S2,0,1788398400000,29194.5,15.798087099046244,false,true,29164.94713064857,1.656318673432775,limit,cancel_marketable,cancel_marketable,waiting_confirm,1788398340000
2026-09-02:ASIA:8d5c8af5_8ef641a7-815c-4bb5-9798-b070b67d7998_deepseek_1781246265/v8/S2,0,1788398460000,29195.5,15.13393802054294,false,true,29163.950907030816,1.729005803456187,limit,cancel_marketable,cancel_marketable,waiting_confirm,1788398400000
2026-09-02:ASIA:8d5c8af5_8ef641a7-815c-4bb5-9798-b070b67d7998_deepseek_1781246265/v8/S2,0,1788398520000,29193.25,15.223223734828654,false,true,29164.084835602243,1.7188650132494887,limit,cancel_marketable,cancel_marketable,waiting_confirm,1788398460000
2026-09-02:ASIA:8d5c8af5_8ef641a7-815c-4bb5-9798-b070b67d7998_deepseek_1781246265/v8/S2,0,1788398580000,29193.25,15.223223734828654,false,true,29164.084835602243,1.7188650132494887,limit,cancel_marketable,cancel_marketable,waiting_confirm,1788398520000
2026-09-02:ASIA:8d5c8af5_8ef641a7-815c-4bb5-9798-b070b67d7998_deepseek_1781246265/v8/S2,0,1788398640000,29183.75,16.00893802054294,false,true,29165.263407030816,1.634503590000009,limit,cancel_marketable,cancel_marketable,waiting_confirm,1788398580000
2026-09-02:ASIA:8d5c8af5_8ef641a7-815c-4bb5-9798-b070b67d7998_deepseek_1781246265/v8/S2,0,1788398700000,29167.25,17.062509449113673,false,true,29166.84376417367,1.533576684291623,limit,cancel_marketable,cancel_marketable,waiting_confirm,1788398640000
2026-09-02:ASIA:8d5c8af5_8ef641a7-815c-4bb5-9798-b070b67d7998_deepseek_1781246265/v8/S2,0,1788398760000,29158.25,16.57590163131984,false,true,29166.11385244698,1.5785968841191853,limit,cancel_marketable,cancel_marketable,waiting_confirm,1788398700000
2026-09-02:ASIA:8d5c8af5_8ef641a7-815c-4bb5-9798-b070b67d7998_deepseek_1781246265/v8/S2,0,1788398820000,29163,16.57590163131984,false,true,29166.11385244698,1.5785968841191853,limit,cancel_marketable,cancel_marketable,waiting_confirm,1788398760000
2026-09-02:ASIA:8d5c8af5_8ef641a7-815c-4bb5-9798-b070b67d7998_deepseek_1781246265/v8/S2,0,1788398880000,29159.5,16.57590163131984,false,true,29166.11385244698,1.5785968841191853,limit,cancel_marketable,cancel_marketable,waiting_confirm,1788398820000
2026-09-02:ASIA:8d5c8af5_8ef641a7-815c-4bb5-9798-b070b67d7998_deepseek_1781246265/v8/S2,0,1788398940000,29173,17.040187345605553,false,true,29166.81028101841,1.5355856209769303,limit,cancel_marketable,cancel_marketable,waiting_confirm,1788398880000
2026-09-02:ASIA:8d5c8af5_8ef641a7-815c-4bb5-9798-b070b67d7998_deepseek_1781246265/v8/S2,0,1788399000000,29176,17.30804448846238,false,true,29167.212066732693,1.511821088980355,limit,cancel_marketable,cancel_marketable,waiting_confirm,1788398940000
2026-09-02:ASIA:8d5c8af5_8ef641a7-815c-4bb5-9798-b070b67d7998_deepseek_1781246265/v8/S2,0,1788399060000,29180.25,16.82175559642935,false,true,29166.482633394644,1.5555253146241768,limit,cancel_marketable,cancel_marketable,waiting_confirm,1788399000000
2026-09-02:ASIA:8d5c8af5_8ef641a7-815c-4bb5-9798-b070b67d7998_deepseek_1781246265/v8/S2,0,1788399120000,29189.25,17.89318416785792,false,true,29168.089776251785,1.4623817885735662,limit,cancel_marketable,cancel_marketable,waiting_confirm,1788399060000
2026-09-02:ASIA:8d5c8af5_8ef641a7-815c-4bb5-9798-b070b67d7998_deepseek_1781246265/v8/S2,0,1788399180000,29187,17.89318416785792,false,true,29168.089776251785,1.4623817885735662,limit,cancel_marketable,cancel_marketable,waiting_confirm,1788399120000
2026-09-02:ASIA:8d5c8af5_8ef641a7-815c-4bb5-9798-b070b67d7998_deepseek_1781246265/v8/S2,0,1788399240000,29193.25,17.89318416785792,false,true,29168.089776251785,1.4623817885735662,limit,cancel_marketable,cancel_marketable,waiting_confirm,1788399180000
2026-09-02:ASIA:8d5c8af5_8ef641a7-815c-4bb5-9798-b070b67d7998_deepseek_1781246265/v8/S2,0,1788399300000,29198.75,18.12532702500052,false,true,29168.4379905375,1.4436521134529785,limit,cancel_marketable,cancel_marketable,waiting_confirm,1788399240000
2026-09-02:ASIA:8d5c8af5_8ef641a7-815c-4bb5-9798-b070b67d7998_deepseek_1781246265/v8/S2,0,1788399360000,29187.5,17.973517951786196,false,true,29168.21027692768,1.4558455799726504,limit,cancel_marketable,cancel_marketable,waiting_confirm,1788399300000
2026-09-02:ASIA:8d5c8af5_8ef641a7-815c-4bb5-9798-b070b67d7998_deepseek_1781246265/v8/S2,0,1788399420000,29187,17.973517951786196,false,true,29168.21027692768,1.4558455799726504,limit,cancel_marketable,cancel_marketable,waiting_confirm,1788399360000
2026-09-02:ASIA:8d5c8af5_8ef641a7-815c-4bb5-9798-b070b67d7998_deepseek_1781246265/v8/S2,0,1788399480000,29179.75,18.63423223750048,false,true,29169.20134835625,1.404225638768572,limit,cancel_marketable,cancel_marketable,recorded_dormant_requires_fresh_authorization,1788399420000
2026-09-02:ASIA:8d5c8af5_8ef641a7-815c-4bb5-9798-b070b67d7998_deepseek_1781246265/v8/S3,0,1788397560000,29181.25,14.944505917068925,false,false,29198.076758875603,1.7580596828782324,limit,cancel_marketable,cancel_marketable,waiting_confirm,1788397500000
2026-09-02:ASIA:8d5c8af5_8ef641a7-815c-4bb5-9798-b070b67d7998_deepseek_1781246265/v8/S3,0,1788397620000,29178.75,14.998077345640354,true,false,29198.15711601846,1.75178009339773,limit,cancel_marketable,cancel_marketable,rr_refused,1788397560000
2026-09-02:ASIA:8d5c8af5_8ef641a7-815c-4bb5-9798-b070b67d7998_deepseek_1781246265/v8/S3,0,1788397680000,29181.5,14.998077345640354,true,false,29198.15711601846,1.75178009339773,limit,cancel_marketable,cancel_marketable,rr_refused,1788397620000
2026-09-02:ASIA:8d5c8af5_8ef641a7-815c-4bb5-9798-b070b67d7998_deepseek_1781246265/v8/S3,0,1788397740000,29181.75,14.998077345640354,true,false,29198.15711601846,1.75178009339773,limit,cancel_marketable,cancel_marketable,rr_refused,1788397680000
2026-09-02:ASIA:8d5c8af5_8ef641a7-815c-4bb5-9798-b070b67d7998_deepseek_1781246265/v8/S3,0,1788397800000,29175.5,14.998077345639965,true,false,29198.15711601846,1.75178009339773,limit,send_limit,send_limit,rr_refused,1788397740000
2026-09-02:ASIA:8d5c8af5_8ef641a7-815c-4bb5-9798-b070b67d7998_deepseek_1781246265/v8/S3,0,1788397860000,29166.25,14.712500392379967,true,false,29197.72875058857,1.7857830166612711,limit,send_limit,send_limit,rr_refused,1788397800000
2026-09-02:ASIA:8d5c8af5_8ef641a7-815c-4bb5-9798-b070b67d7998_deepseek_1781246265/v8/S3,0,1788397920000,29178.25,15.033928963808538,true,false,29198.210893445714,1.7476025991994693,limit,cancel_marketable,cancel_marketable,rr_refused,1788397860000
2026-09-02:ASIA:8d5c8af5_8ef641a7-815c-4bb5-9798-b070b67d7998_deepseek_1781246265/v8/S3,0,1788397980000,29177.5,15.033928963808538,true,false,29198.210893445714,1.7476025991994693,limit,cancel_marketable,cancel_marketable,rr_refused,1788397920000
2026-09-02:ASIA:8d5c8af5_8ef641a7-815c-4bb5-9798-b070b67d7998_deepseek_1781246265/v8/S3,0,1788398040000,29180.25,15.176786106665682,true,false,29198.42517916,1.7311526398722905,limit,cancel_marketable,cancel_marketable,rr_refused,1788397980000
2026-09-02:ASIA:8d5c8af5_8ef641a7-815c-4bb5-9798-b070b67d7998_deepseek_1781246265/v8/S3,0,1788398100000,29183.5,15.551786106665682,true,true,29198.98767916,1.6894093805772172,limit,cancel_marketable,cancel_marketable,rr_refused,1788398040000
2026-09-02:ASIA:8d5c8af5_8ef641a7-815c-4bb5-9798-b070b67d7998_deepseek_1781246265/v8/S3,0,1788398160000,29190,15.119515670475277,true,true,29198.339273505713,1.7377099839671541,limit,cancel_marketable,cancel_marketable,rr_refused,1788398100000
2026-09-02:ASIA:8d5c8af5_8ef641a7-815c-4bb5-9798-b070b67d7998_deepseek_1781246265/v8/S3,0,1788398220000,29193,15.494515670475277,true,true,29198.901773505713,1.695653732720181,limit,cancel_marketable,cancel_marketable,rr_refused,1788398160000
2026-09-02:ASIA:8d5c8af5_8ef641a7-815c-4bb5-9798-b070b67d7998_deepseek_1781246265/v8/S3,0,1788398280000,29194,15.565944241903848,true,true,29199.008916362855,1.6878727640952311,limit,cancel_marketable,cancel_marketable,rr_refused,1788398220000
2026-09-02:ASIA:8d5c8af5_8ef641a7-815c-4bb5-9798-b070b67d7998_deepseek_1781246265/v8/S3,0,1788398340000,29192.5,15.565944241903848,true,true,29199.008916362855,1.6878727640952311,limit,cancel_marketable,cancel_marketable,rr_refused,1788398280000
2026-09-02:ASIA:8d5c8af5_8ef641a7-815c-4bb5-9798-b070b67d7998_deepseek_1781246265/v8/S3,0,1788398400000,29194.5,15.798087099046244,true,true,29199.35713064857,1.6630705457321127,limit,cancel_marketable,cancel_marketable,rr_refused,1788398340000
2026-09-02:ASIA:8d5c8af5_8ef641a7-815c-4bb5-9798-b070b67d7998_deepseek_1781246265/v8/S3,0,1788398460000,29195.5,15.13393802054294,true,true,29198.360907030816,1.7360539799798238,limit,cancel_marketable,cancel_marketable,rr_refused,1788398400000
2026-09-02:ASIA:8d5c8af5_8ef641a7-815c-4bb5-9798-b070b67d7998_deepseek_1781246265/v8/S3,0,1788398520000,29193.25,15.223223734828654,true,true,29198.494835602243,1.7258718515200535,limit,cancel_marketable,cancel_marketable,rr_refused,1788398460000
2026-09-02:ASIA:8d5c8af5_8ef641a7-815c-4bb5-9798-b070b67d7998_deepseek_1781246265/v8/S3,0,1788398580000,29193.25,15.223223734828654,true,true,29198.494835602243,1.7258718515200535,limit,cancel_marketable,cancel_marketable,rr_refused,1788398520000
2026-09-02:ASIA:8d5c8af5_8ef641a7-815c-4bb5-9798-b070b67d7998_deepseek_1781246265/v8/S3,0,1788398640000,29183.75,16.00893802054294,true,true,29199.673407030816,1.6411665345707038,limit,cancel_marketable,cancel_marketable,rr_refused,1788398580000
2026-09-02:ASIA:8d5c8af5_8ef641a7-815c-4bb5-9798-b070b67d7998_deepseek_1781246265/v8/S3,0,1788398700000,29167.25,17.062509449113673,true,false,29201.25376417367,1.5398282070810863,limit,send_limit,send_limit,rr_refused,1788398640000
2026-09-02:ASIA:8d5c8af5_8ef641a7-815c-4bb5-9798-b070b67d7998_deepseek_1781246265/v8/S3,0,1788398760000,29158.25,16.57590163131984,true,false,29200.52385244698,1.5850319287423404,limit,send_limit,send_limit,rr_refused,1788398700000
2026-09-02:ASIA:8d5c8af5_8ef641a7-815c-4bb5-9798-b070b67d7998_deepseek_1781246265/v8/S3,0,1788398820000,29163,16.57590163131984,true,false,29200.52385244698,1.5850319287423404,limit,send_limit,send_limit,rr_refused,1788398760000
2026-09-02:ASIA:8d5c8af5_8ef641a7-815c-4bb5-9798-b070b67d7998_deepseek_1781246265/v8/S3,0,1788398880000,29159.5,16.57590163131984,true,false,29200.52385244698,1.5850319287423404,limit,send_limit,send_limit,rr_refused,1788398820000
2026-09-02:ASIA:8d5c8af5_8ef641a7-815c-4bb5-9798-b070b67d7998_deepseek_1781246265/v8/S3,0,1788398940000,29173,17.040187345605553,true,false,29201.22028101841,1.5418453330624355,limit,send_limit,send_limit,rr_refused,1788398880000
2026-09-02:ASIA:8d5c8af5_8ef641a7-815c-4bb5-9798-b070b67d7998_deepseek_1781246265/v8/S3,0,1788399000000,29176,17.30804448846238,true,true,29201.622066732692,1.517983926540524,limit,cancel_marketable,cancel_marketable,rr_refused,1788398940000
2026-09-02:ASIA:8d5c8af5_8ef641a7-815c-4bb5-9798-b070b67d7998_deepseek_1781246265/v8/S3,0,1788399060000,29180.25,16.82175559642935,true,true,29200.892633394644,1.5618663095372884,limit,cancel_marketable,cancel_marketable,rr_refused,1788399000000
2026-09-02:ASIA:8d5c8af5_8ef641a7-815c-4bb5-9798-b070b67d7998_deepseek_1781246265/v8/S3,0,1788399120000,29189.25,17.89318416785792,true,true,29202.499776251785,1.468343090132077,limit,cancel_marketable,cancel_marketable,rr_refused,1788399060000
2026-09-02:ASIA:8d5c8af5_8ef641a7-815c-4bb5-9798-b070b67d7998_deepseek_1781246265/v8/S3,0,1788399180000,29187,17.89318416785792,true,true,29202.499776251785,1.468343090132077,limit,cancel_marketable,cancel_marketable,rr_refused,1788399120000
2026-09-02:ASIA:8d5c8af5_8ef641a7-815c-4bb5-9798-b070b67d7998_deepseek_1781246265/v8/S3,0,1788399240000,29193.25,17.89318416785792,true,true,29202.499776251785,1.468343090132077,limit,cancel_marketable,cancel_marketable,rr_refused,1788399180000
2026-09-02:ASIA:8d5c8af5_8ef641a7-815c-4bb5-9798-b070b67d7998_deepseek_1781246265/v8/S3,0,1788399300000,29198.75,18.12532702500052,true,true,29202.8479905375,1.4495370647434822,limit,cancel_marketable,cancel_marketable,rr_refused,1788399240000
2026-09-02:ASIA:8d5c8af5_8ef641a7-815c-4bb5-9798-b070b67d7998_deepseek_1781246265/v8/S3,0,1788399360000,29187.5,17.973517951786196,true,true,29202.62027692768,1.4617802371139348,limit,cancel_marketable,cancel_marketable,rr_refused,1788399300000
2026-09-02:ASIA:8d5c8af5_8ef641a7-815c-4bb5-9798-b070b67d7998_deepseek_1781246265/v8/S3,0,1788399420000,29187,17.973517951786196,true,true,29202.62027692768,1.4617802371139348,limit,cancel_marketable,cancel_marketable,rr_refused,1788399360000
2026-09-02:ASIA:8d5c8af5_8ef641a7-815c-4bb5-9798-b070b67d7998_deepseek_1781246265/v8/S3,0,1788399480000,29179.75,18.63423223750048,true,true,29203.61134835625,1.4099498706718272,limit,cancel_marketable,cancel_marketable,recorded_dormant_requires_fresh_authorization,1788399420000
2026-09-02:ASIA:8d5c8af5_8ef641a7-815c-4bb5-9798-b070b67d7998_deepseek_1781246265/v10/S1,0,1788401040000,29149.25,19.51087063827239,false,false,29229.766305957408,2.02451242347525,limit,outside_band,outside_band,waiting_confirm,1788400980000
2026-09-02:ASIA:8d5c8af5_8ef641a7-815c-4bb5-9798-b070b67d7998_deepseek_1781246265/v10/S1,0,1788401100000,29146.75,19.510870638271992,false,false,29229.766305957408,2.02451242347525,limit,outside_band,outside_band,waiting_confirm,1788401040000
2026-09-02:ASIA:8d5c8af5_8ef641a7-815c-4bb5-9798-b070b67d7998_deepseek_1781246265/v10/S1,0,1788401160000,29153.25,18.688665592681136,false,false,29228.532998389022,2.1135805445343316,limit,outside_band,outside_band,waiting_confirm,1788401100000
2026-09-02:ASIA:8d5c8af5_8ef641a7-815c-4bb5-9798-b070b67d7998_deepseek_1781246265/v10/S1,0,1788401220000,29152.5,19.08152273553828,false,false,29229.12228410331,2.070065400306432,limit,outside_band,outside_band,waiting_confirm,1788401160000
2026-09-02:ASIA:8d5c8af5_8ef641a7-815c-4bb5-9798-b070b67d7998_deepseek_1781246265/v10/S1,0,1788401280000,29157.5,19.08152273553828,false,false,29229.12228410331,2.070065400306432,limit,outside_band,outside_band,waiting_confirm,1788401220000
2026-09-02:ASIA:8d5c8af5_8ef641a7-815c-4bb5-9798-b070b67d7998_deepseek_1781246265/v10/S1,0,1788401340000,29163.25,19.617237021252567,false,false,29229.925855531877,2.013535339212605,limit,outside_band,outside_band,waiting_confirm,1788401280000
2026-09-02:ASIA:8d5c8af5_8ef641a7-815c-4bb5-9798-b070b67d7998_deepseek_1781246265/v10/S1,0,1788401400000,29165,19.617237021252542,false,false,29229.925855531877,2.013535339212605,limit,outside_band,outside_band,waiting_confirm,1788401340000
2026-09-02:ASIA:8d5c8af5_8ef641a7-815c-4bb5-9798-b070b67d7998_deepseek_1781246265/v10/S1,0,1788401460000,29181.5,19.591005805448788,false,false,29229.886508708172,2.016231345764561,limit,send_limit,send_limit,waiting_confirm,1788401400000
2026-09-02:ASIA:8d5c8af5_8ef641a7-815c-4bb5-9798-b070b67d7998_deepseek_1781246265/v10/S1,0,1788401520000,29185.5,19.769577234020215,false,false,29230.15436585103,1.9980194585054756,limit,send_limit,send_limit,waiting_confirm,1788401460000
2026-09-02:ASIA:8d5c8af5_8ef641a7-815c-4bb5-9798-b070b67d7998_deepseek_1781246265/v10/S1,0,1788401580000,29185.5,19.841005805448788,false,false,29230.261508708172,1.9908264927352488,limit,send_limit,send_limit,waiting_confirm,1788401520000
2026-09-02:ASIA:8d5c8af5_8ef641a7-815c-4bb5-9798-b070b67d7998_deepseek_1781246265/v10/S1,0,1788401640000,29181,19.841005805448788,false,false,29230.261508708172,1.9908264927352488,limit,send_limit,send_limit,waiting_confirm,1788401580000
2026-09-02:ASIA:8d5c8af5_8ef641a7-815c-4bb5-9798-b070b67d7998_deepseek_1781246265/v10/S1,0,1788401700000,29182.5,19.841005805448884,false,false,29230.261508708172,1.9908264927352488,limit,send_limit,send_limit,waiting_confirm,1788401640000
2026-09-02:ASIA:8d5c8af5_8ef641a7-815c-4bb5-9798-b070b67d7998_deepseek_1781246265/v10/S1,0,1788401760000,29178.75,18.923791105059678,false,false,29228.885686657588,2.087319595778091,limit,send_limit,send_limit,waiting_confirm,1788401700000
2026-09-02:ASIA:8d5c8af5_8ef641a7-815c-4bb5-9798-b070b67d7998_deepseek_1781246265/v10/S1,0,1788401820000,29183.5,19.013076819345393,false,false,29229.01961522902,2.0775175094126896,limit,send_limit,send_limit,waiting_confirm,1788401760000
2026-09-02:ASIA:8d5c8af5_8ef641a7-815c-4bb5-9798-b070b67d7998_deepseek_1781246265/v10/S1,0,1788401880000,29182.5,19.030933962202536,false,false,29229.046400943305,2.075568129154832,limit,send_limit,send_limit,waiting_confirm,1788401820000
2026-09-02:ASIA:8d5c8af5_8ef641a7-815c-4bb5-9798-b070b67d7998_deepseek_1781246265/v10/S1,0,1788401940000,29190.75,19.477362533631105,false,false,29229.716043800447,2.0279953167065767,limit,send_limit,send_limit,waiting_confirm,1788401880000
2026-09-02:ASIA:8d5c8af5_8ef641a7-815c-4bb5-9798-b070b67d7998_deepseek_1781246265/v10/S1,0,1788402000000,29192.25,19.72736253363073,false,false,29230.091043800447,2.0022950322254496,limit,send_limit,send_limit,waiting_confirm,1788401940000
2026-09-02:ASIA:8d5c8af5_8ef641a7-815c-4bb5-9798-b070b67d7998_deepseek_1781246265/v10/S1,0,1788402060000,29190.5,18.728979495514245,false,false,29228.59346924327,2.1090310878636482,limit,send_limit,send_limit,waiting_confirm,1788402000000
2026-09-02:ASIA:8d5c8af5_8ef641a7-815c-4bb5-9798-b070b67d7998_deepseek_1781246265/v10/S1,0,1788402120000,29187,19.014693781228534,false,false,29229.022040671844,2.077340842532719,limit,send_limit,send_limit,waiting_confirm,1788402060000
2026-09-02:ASIA:8d5c8af5_8ef641a7-815c-4bb5-9798-b070b67d7998_deepseek_1781246265/v10/S1,0,1788402180000,29188.75,19.014693781228534,false,false,29229.022040671844,2.077340842532719,limit,send_limit,send_limit,waiting_confirm,1788402120000
2026-09-02:ASIA:8d5c8af5_8ef641a7-815c-4bb5-9798-b070b67d7998_deepseek_1781246265/v10/S1,0,1788402240000,29177,19.603979495514245,false,false,29229.90596924327,2.014897026853078,limit,send_limit,send_limit,waiting_confirm,1788402180000
2026-09-02:ASIA:8d5c8af5_8ef641a7-815c-4bb5-9798-b070b67d7998_deepseek_1781246265/v10/S1,0,1788402300000,29180,19.62183663837115,false,false,29229.932754957557,2.013063339991101,limit,send_limit,send_limit,waiting_confirm,1788402240000
2026-09-02:ASIA:8d5c8af5_8ef641a7-815c-4bb5-9798-b070b67d7998_deepseek_1781246265/v10/S1,0,1788402360000,29179.25,18.79170544991607,false,false,29228.687558174875,2.101991227207882,limit,send_limit,send_limit,waiting_confirm,1788402300000
2026-09-02:ASIA:8d5c8af5_8ef641a7-815c-4bb5-9798-b070b67d7998_deepseek_1781246265/v10/S1,0,1788402420000,29175,18.79170544991607,false,false,29228.687558174875,2.101991227207882,limit,outside_band,outside_band,waiting_confirm,1788402360000
2026-09-02:ASIA:8d5c8af5_8ef641a7-815c-4bb5-9798-b070b67d7998_deepseek_1781246265/v10/S1,0,1788402480000,29189.25,19.452419735630354,false,false,29229.678629603444,2.030595706695083,limit,send_limit,send_limit,waiting_confirm,1788402420000
2026-09-02:ASIA:8d5c8af5_8ef641a7-815c-4bb5-9798-b070b67d7998_deepseek_1781246265/v10/S1,0,1788402540000,29186.75,19.452419735630354,false,false,29229.678629603444,2.030595706695083,limit,send_limit,send_limit,waiting_confirm,1788402480000
2026-09-02:ASIA:8d5c8af5_8ef641a7-815c-4bb5-9798-b070b67d7998_deepseek_1781246265/v10/S1,0,1788402600000,29187.5,19.452419735630574,false,false,29229.678629603444,2.030595706695083,limit,send_limit,send_limit,waiting_confirm,1788402540000
2026-09-02:ASIA:8d5c8af5_8ef641a7-815c-4bb5-9798-b070b67d7998_deepseek_1781246265/v10/S1,0,1788402660000,29191.5,18.83081832594268,false,false,29228.746227488915,2.097625250071091,limit,send_limit,send_limit,waiting_confirm,1788402600000
2026-09-02:ASIA:8d5c8af5_8ef641a7-815c-4bb5-9798-b070b67d7998_deepseek_1781246265/v11/S1,0,1788402720000,29190.5,18.83081832594268,false,false,29227.9,2.0510563380280638,limit,send_limit,send_limit,waiting_confirm,1788402660000
2026-09-02:ASIA:8d5c8af5_8ef641a7-815c-4bb5-9798-b070b67d7998_deepseek_1781246265/v11/S1,0,1788402780000,29187.75,18.83081832594268,false,false,29227.9,2.0510563380280638,limit,send_limit,send_limit,waiting_confirm,1788402720000
2026-09-02:ASIA:8d5c8af5_8ef641a7-815c-4bb5-9798-b070b67d7998_deepseek_1781246265/v11/S1,0,1788402840000,29195.5,19.062961183085537,false,false,29228.09444177463,2.0371091857328794,limit,send_limit,send_limit,waiting_confirm,1788402780000
2026-09-02:ASIA:8d5c8af5_8ef641a7-815c-4bb5-9798-b070b67d7998_deepseek_1781246265/v11/S1,0,1788402900000,29192,19.20581832594277,false,false,29228.308727488915,2.0219567151105036,limit,send_limit,send_limit,waiting_confirm,1788402840000
2026-09-02:ASIA:8d5c8af5_8ef641a7-815c-4bb5-9798-b070b67d7998_deepseek_1781246265/v11/S1,0,1788402960000,29184.25,18.512545588375424,false,false,29227.9,2.0510563380280638,limit,send_limit,send_limit,waiting_confirm,1788402900000
2026-09-02:ASIA:8d5c8af5_8ef641a7-815c-4bb5-9798-b070b67d7998_deepseek_1781246265/v11/S1,0,1788403020000,29181.75,18.780402731232567,false,false,29227.9,2.0510563380280638,limit,send_limit,send_limit,waiting_confirm,1788402960000
2026-09-02:ASIA:8d5c8af5_8ef641a7-815c-4bb5-9798-b070b67d7998_deepseek_1781246265/v11/S1,0,1788403080000,29182.25,18.780402731232567,false,false,29227.9,2.0510563380280638,limit,send_limit,send_limit,waiting_confirm,1788403020000
2026-09-02:ASIA:8d5c8af5_8ef641a7-815c-4bb5-9798-b070b67d7998_deepseek_1781246265/v11/S1,0,1788403140000,29186.75,18.780402731232567,false,false,29227.9,2.0510563380280638,limit,send_limit,send_limit,waiting_confirm,1788403080000
2026-09-02:ASIA:8d5c8af5_8ef641a7-815c-4bb5-9798-b070b67d7998_deepseek_1781246265/v11/S1,0,1788403200000,29184.75,18.78040273123249,false,false,29227.9,2.0510563380280638,limit,send_limit,send_limit,waiting_confirm,1788403140000
2026-09-02:ASIA:8d5c8af5_8ef641a7-815c-4bb5-9798-b070b67d7998_deepseek_1781246265/v11/S1,0,1788403260000,29183,17.68894539328731,false,false,29227.9,2.0510563380280638,limit,send_limit,send_limit,waiting_confirm,1788403200000
2026-09-02:ASIA:8d5c8af5_8ef641a7-815c-4bb5-9798-b070b67d7998_deepseek_1781246265/v11/S1,0,1788403320000,29182.25,17.74251682185874,false,false,29227.9,2.0510563380280638,limit,send_limit,send_limit,waiting_confirm,1788403260000
2026-09-02:ASIA:8d5c8af5_8ef641a7-815c-4bb5-9798-b070b67d7998_deepseek_1781246265/v11/S1,0,1788403380000,29181,17.903231107573024,false,false,29227.9,2.0510563380280638,limit,send_limit,send_limit,waiting_confirm,1788403320000
2026-09-02:ASIA:8d5c8af5_8ef641a7-815c-4bb5-9798-b070b67d7998_deepseek_1781246265/v11/S1,0,1788403440000,29181.25,17.903231107573024,false,false,29227.9,2.0510563380280638,limit,send_limit,send_limit,waiting_confirm,1788403380000
2026-09-02:ASIA:8d5c8af5_8ef641a7-815c-4bb5-9798-b070b67d7998_deepseek_1781246265/v11/S1,0,1788403500000,29173.25,18.492516821858878,false,false,29227.9,2.0510563380280638,limit,outside_band,outside_band,waiting_confirm,1788403440000
2026-09-02:ASIA:8d5c8af5_8ef641a7-815c-4bb5-9798-b070b67d7998_deepseek_1781246265/v11/S1,0,1788403560000,29169,17.671622763154673,false,false,29227.9,2.0510563380280638,limit,outside_band,outside_band,waiting_confirm,1788403500000
2026-09-02:ASIA:8d5c8af5_8ef641a7-815c-4bb5-9798-b070b67d7998_deepseek_1781246265/v11/S1,0,1788403620000,29172.5,17.671622763154673,false,false,29227.9,2.0510563380280638,limit,outside_band,outside_band,waiting_confirm,1788403560000
2026-09-02:ASIA:8d5c8af5_8ef641a7-815c-4bb5-9798-b070b67d7998_deepseek_1781246265/v11/S1,0,1788403680000,29176,18.1001941917261,false,false,29227.9,2.0510563380280638,limit,send_limit,send_limit,waiting_confirm,1788403620000
2026-09-02:ASIA:8d5c8af5_8ef641a7-815c-4bb5-9798-b070b67d7998_deepseek_1781246265/v11/S1,0,1788403740000,29176.75,18.1001941917261,false,false,29227.9,2.0510563380280638,limit,send_limit,send_limit,waiting_confirm,1788403680000
2026-09-02:ASIA:8d5c8af5_8ef641a7-815c-4bb5-9798-b070b67d7998_deepseek_1781246265/v12/S1,0,1788403800000,29185,18.51090847744071,false,false,29237.75,2.3207157604953768,limit,send_limit,send_limit,waiting_confirm,1788403740000
2026-09-02:ASIA:8d5c8af5_8ef641a7-815c-4bb5-9798-b070b67d7998_deepseek_1781246265/v12/S1,0,1788403860000,29182.75,18.099415014766375,false,false,29237.75,2.3207157604953768,limit,outside_band,outside_band,waiting_confirm,1788403800000
2026-09-02:ASIA:8d5c8af5_8ef641a7-815c-4bb5-9798-b070b67d7998_deepseek_1781246265/v12/S1,0,1788403920000,29186,18.099415014766375,false,false,29237.75,2.3207157604953768,limit,send_limit,send_limit,waiting_confirm,1788403860000
2026-09-02:ASIA:8d5c8af5_8ef641a7-815c-4bb5-9798-b070b67d7998_deepseek_1781246265/v12/S1,0,1788403980000,29187.25,18.099415014766375,false,false,29237.75,2.3207157604953768,limit,send_limit,send_limit,waiting_confirm,1788403920000
2026-09-02:ASIA:8d5c8af5_8ef641a7-815c-4bb5-9798-b070b67d7998_deepseek_1781246265/v12/S1,0,1788404040000,29181.25,18.099415014766375,false,false,29237.75,2.3207157604953768,limit,outside_band,outside_band,waiting_confirm,1788403980000
2026-09-02:ASIA:8d5c8af5_8ef641a7-815c-4bb5-9798-b070b67d7998_deepseek_1781246265/v12/S1,0,1788404100000,29180.5,18.099415014766155,false,false,29237.75,2.3207157604953768,limit,outside_band,outside_band,waiting_confirm,1788404040000
2026-09-02:ASIA:8d5c8af5_8ef641a7-815c-4bb5-9798-b070b67d7998_deepseek_1781246265/v12/S1,0,1788404160000,29182.25,17.16374251371143,false,false,29237.75,2.3207157604953768,limit,outside_band,outside_band,waiting_confirm,1788404100000
2026-09-02:ASIA:8d5c8af5_8ef641a7-815c-4bb5-9798-b070b67d7998_deepseek_1781246265/v12/S1,0,1788404220000,29182.25,17.306599656568572,false,false,29237.75,2.3207157604953768,limit,outside_band,outside_band,waiting_confirm,1788404160000
2026-09-02:ASIA:8d5c8af5_8ef641a7-815c-4bb5-9798-b070b67d7998_deepseek_1781246265/v12/S1,0,1788404280000,29182.75,17.306599656568572,false,false,29237.75,2.3207157604953768,limit,outside_band,outside_band,waiting_confirm,1788404220000
2026-09-02:ASIA:8d5c8af5_8ef641a7-815c-4bb5-9798-b070b67d7998_deepseek_1781246265/v12/S1,0,1788404340000,29182.75,17.306599656568572,false,false,29237.75,2.3207157604953768,limit,outside_band,outside_band,waiting_confirm,1788404280000
2026-09-02:ASIA:8d5c8af5_8ef641a7-815c-4bb5-9798-b070b67d7998_deepseek_1781246265/v12/S1,0,1788404400000,29182,17.306599656568775,false,false,29237.75,2.3207157604953768,limit,outside_band,outside_band,waiting_confirm,1788404340000
2026-09-02:ASIA:8d5c8af5_8ef641a7-815c-4bb5-9798-b070b67d7998_deepseek_1781246265/v12/S1,0,1788404460000,29180.75,16.534699681099575,false,false,29237.75,2.3207157604953768,limit,outside_band,outside_band,waiting_confirm,1788404400000
2026-09-02:ASIA:8d5c8af5_8ef641a7-815c-4bb5-9798-b070b67d7998_deepseek_1781246265/v12/S1,0,1788404520000,29183,16.552556823956717,false,false,29237.75,2.3207157604953768,limit,outside_band,outside_band,waiting_confirm,1788404460000
2026-09-02:ASIA:8d5c8af5_8ef641a7-815c-4bb5-9798-b070b67d7998_deepseek_1781246265/v12/S1,0,1788404580000,29182.75,16.570413966813863,false,false,29237.75,2.3207157604953768,limit,outside_band,outside_band,waiting_confirm,1788404520000
2026-09-02:ASIA:8d5c8af5_8ef641a7-815c-4bb5-9798-b070b67d7998_deepseek_1781246265/v12/S1,0,1788404640000,29191.75,17.070413966813863,false,false,29237.75,2.3207157604953768,limit,send_limit,send_limit,waiting_confirm,1788404580000
2026-09-02:ASIA:8d5c8af5_8ef641a7-815c-4bb5-9798-b070b67d7998_deepseek_1781246265/v12/S1,0,1788404700000,29194.25,17.284699681099575,false,false,29237.75,2.3207157604953768,limit,send_limit,send_limit,waiting_confirm,1788404640000
2026-09-02:ASIA:8d5c8af5_8ef641a7-815c-4bb5-9798-b070b67d7998_deepseek_1781246265/v12/S1,0,1788404760000,29191.75,16.38936398959246,false,false,29237.75,2.3207157604953768,limit,send_limit,send_limit,waiting_confirm,1788404700000
2026-09-02:ASIA:8d5c8af5_8ef641a7-815c-4bb5-9798-b070b67d7998_deepseek_1781246265/v12/S1,0,1788404820000,29190.25,16.478649703878176,false,false,29237.75,2.3207157604953768,limit,send_limit,send_limit,waiting_confirm,1788404760000
2026-09-02:ASIA:8d5c8af5_8ef641a7-815c-4bb5-9798-b070b67d7998_deepseek_1781246265/v12/S1,0,1788404880000,29195.5,16.585792561021034,false,false,29237.75,2.3207157604953768,limit,send_limit,send_limit,waiting_confirm,1788404820000
2026-09-02:ASIA:8d5c8af5_8ef641a7-815c-4bb5-9798-b070b67d7998_deepseek_1781246265/v12/S1,0,1788404940000,29193.75,16.782221132449603,false,false,29237.75,2.3207157604953768,limit,send_limit,send_limit,waiting_confirm,1788404880000
2026-09-02:ASIA:8d5c8af5_8ef641a7-815c-4bb5-9798-b070b67d7998_deepseek_1781246265/v12/S1,0,1788405000000,29194.75,16.782221132449887,false,false,29237.75,2.3207157604953768,limit,send_limit,send_limit,waiting_confirm,1788404940000
2026-09-02:ASIA:8d5c8af5_8ef641a7-815c-4bb5-9798-b070b67d7998_deepseek_1781246265/v12/S1,0,1788405060000,29198.25,16.012062480132037,false,false,29237.75,2.3207157604953768,limit,send_limit,send_limit,waiting_confirm,1788405000000
2026-09-02:ASIA:8d5c8af5_8ef641a7-815c-4bb5-9798-b070b67d7998_deepseek_1781246265/v12/S1,0,1788405120000,29197.75,16.012062480132037,false,false,29237.75,2.3207157604953768,limit,send_limit,send_limit,waiting_confirm,1788405060000
2026-09-02:ASIA:8d5c8af5_8ef641a7-815c-4bb5-9798-b070b67d7998_deepseek_1781246265/v12/S2,0,1788403800000,29185,18.51090847744071,false,false,29161.5,3.0948275862068964,limit,cancel_marketable,cancel_marketable,waiting_confirm,1788403740000
2026-09-02:ASIA:8d5c8af5_8ef641a7-815c-4bb5-9798-b070b67d7998_deepseek_1781246265/v12/S2,0,1788403860000,29182.75,18.099415014766375,false,false,29161.5,3.0948275862068964,limit,cancel_marketable,cancel_marketable,waiting_confirm,1788403800000
2026-09-02:ASIA:8d5c8af5_8ef641a7-815c-4bb5-9798-b070b67d7998_deepseek_1781246265/v12/S2,0,1788403920000,29186,18.099415014766375,false,false,29161.5,3.0948275862068964,limit,cancel_marketable,cancel_marketable,waiting_confirm,1788403860000
2026-09-02:ASIA:8d5c8af5_8ef641a7-815c-4bb5-9798-b070b67d7998_deepseek_1781246265/v12/S2,0,1788403980000,29187.25,18.099415014766375,false,false,29161.5,3.0948275862068964,limit,cancel_marketable,cancel_marketable,waiting_confirm,1788403920000
2026-09-02:ASIA:8d5c8af5_8ef641a7-815c-4bb5-9798-b070b67d7998_deepseek_1781246265/v12/S2,0,1788404040000,29181.25,18.099415014766375,false,false,29161.5,3.0948275862068964,limit,cancel_marketable,cancel_marketable,waiting_confirm,1788403980000
2026-09-02:ASIA:8d5c8af5_8ef641a7-815c-4bb5-9798-b070b67d7998_deepseek_1781246265/v12/S2,0,1788404100000,29180.5,18.099415014766155,false,true,29161.5,3.0948275862068964,limit,cancel_marketable,cancel_marketable,waiting_confirm,1788404040000
2026-09-02:ASIA:8d5c8af5_8ef641a7-815c-4bb5-9798-b070b67d7998_deepseek_1781246265/v12/S2,0,1788404160000,29182.25,17.16374251371143,false,true,29161.5,3.0948275862068964,limit,cancel_marketable,cancel_marketable,waiting_confirm,1788404100000
2026-09-02:ASIA:8d5c8af5_8ef641a7-815c-4bb5-9798-b070b67d7998_deepseek_1781246265/v12/S2,0,1788404220000,29182.25,17.306599656568572,false,true,29161.5,3.0948275862068964,limit,cancel_marketable,cancel_marketable,waiting_confirm,1788404160000
2026-09-02:ASIA:8d5c8af5_8ef641a7-815c-4bb5-9798-b070b67d7998_deepseek_1781246265/v12/S2,0,1788404280000,29182.75,17.306599656568572,false,true,29161.5,3.0948275862068964,limit,cancel_marketable,cancel_marketable,waiting_confirm,1788404220000
2026-09-02:ASIA:8d5c8af5_8ef641a7-815c-4bb5-9798-b070b67d7998_deepseek_1781246265/v12/S2,0,1788404340000,29182.75,17.306599656568572,false,true,29161.5,3.0948275862068964,limit,cancel_marketable,cancel_marketable,waiting_confirm,1788404280000
2026-09-02:ASIA:8d5c8af5_8ef641a7-815c-4bb5-9798-b070b67d7998_deepseek_1781246265/v12/S2,0,1788404400000,29182,17.306599656568775,false,true,29161.5,3.0948275862068964,limit,cancel_marketable,cancel_marketable,waiting_confirm,1788404340000
2026-09-02:ASIA:8d5c8af5_8ef641a7-815c-4bb5-9798-b070b67d7998_deepseek_1781246265/v12/S2,0,1788404460000,29180.75,16.534699681099575,false,true,29161.5,3.0948275862068964,limit,cancel_marketable,cancel_marketable,waiting_confirm,1788404400000
2026-09-02:ASIA:8d5c8af5_8ef641a7-815c-4bb5-9798-b070b67d7998_deepseek_1781246265/v12/S2,0,1788404520000,29183,16.552556823956717,false,true,29161.5,3.0948275862068964,limit,cancel_marketable,cancel_marketable,waiting_confirm,1788404460000
2026-09-02:ASIA:8d5c8af5_8ef641a7-815c-4bb5-9798-b070b67d7998_deepseek_1781246265/v12/S2,0,1788404580000,29182.75,16.570413966813863,false,true,29161.5,3.0948275862068964,limit,cancel_marketable,cancel_marketable,waiting_confirm,1788404520000
2026-09-02:ASIA:8d5c8af5_8ef641a7-815c-4bb5-9798-b070b67d7998_deepseek_1781246265/v12/S2,0,1788404640000,29191.75,17.070413966813863,false,true,29161.5,3.0948275862068964,limit,cancel_marketable,cancel_marketable,waiting_confirm,1788404580000
2026-09-02:ASIA:8d5c8af5_8ef641a7-815c-4bb5-9798-b070b67d7998_deepseek_1781246265/v12/S2,0,1788404700000,29194.25,17.284699681099575,false,true,29161.5,3.0948275862068964,limit,cancel_marketable,cancel_marketable,waiting_confirm,1788404640000
2026-09-02:ASIA:8d5c8af5_8ef641a7-815c-4bb5-9798-b070b67d7998_deepseek_1781246265/v12/S2,0,1788404760000,29191.75,16.38936398959246,false,true,29161.5,3.0948275862068964,limit,cancel_marketable,cancel_marketable,waiting_confirm,1788404700000
2026-09-02:ASIA:8d5c8af5_8ef641a7-815c-4bb5-9798-b070b67d7998_deepseek_1781246265/v12/S2,0,1788404820000,29190.25,16.478649703878176,false,true,29161.5,3.0948275862068964,limit,cancel_marketable,cancel_marketable,waiting_confirm,1788404760000
2026-09-02:ASIA:8d5c8af5_8ef641a7-815c-4bb5-9798-b070b67d7998_deepseek_1781246265/v12/S2,0,1788404880000,29195.5,16.585792561021034,false,true,29161.5,3.0948275862068964,limit,cancel_marketable,cancel_marketable,waiting_confirm,1788404820000
2026-09-02:ASIA:8d5c8af5_8ef641a7-815c-4bb5-9798-b070b67d7998_deepseek_1781246265/v12/S2,0,1788404940000,29193.75,16.782221132449603,false,true,29161.5,3.0948275862068964,limit,cancel_marketable,cancel_marketable,waiting_confirm,1788404880000
2026-09-02:ASIA:8d5c8af5_8ef641a7-815c-4bb5-9798-b070b67d7998_deepseek_1781246265/v12/S2,0,1788405000000,29194.75,16.782221132449887,false,true,29161.5,3.0948275862068964,limit,cancel_marketable,cancel_marketable,waiting_confirm,1788404940000
2026-09-02:ASIA:8d5c8af5_8ef641a7-815c-4bb5-9798-b070b67d7998_deepseek_1781246265/v12/S2,0,1788405060000,29198.25,16.012062480132037,false,true,29161.5,3.0948275862068964,limit,cancel_marketable,cancel_marketable,waiting_confirm,1788405000000
2026-09-02:ASIA:8d5c8af5_8ef641a7-815c-4bb5-9798-b070b67d7998_deepseek_1781246265/v12/S2,0,1788405120000,29197.75,16.012062480132037,false,true,29161.5,3.0948275862068964,limit,cancel_marketable,cancel_marketable,waiting_confirm,1788405060000
2026-09-02:ASIA:8d5c8af5_8ef641a7-815c-4bb5-9798-b070b67d7998_deepseek_1781246265/v13/S1,0,1788405180000,29196.25,16.02991962298918,false,false,29226,2.5283018867924527,limit,send_limit,send_limit,waiting_confirm,1788405120000
2026-09-02:ASIA:8d5c8af5_8ef641a7-815c-4bb5-9798-b070b67d7998_deepseek_1781246265/v13/S1,0,1788405240000,29203.75,16.351348194417753,true,false,29226,2.5283018867924527,limit,cancel_marketable,cancel_marketable,passes_known_local_checks,1788405180000
2026-09-02:ASIA:8d5c8af5_8ef641a7-815c-4bb5-9798-b070b67d7998_deepseek_1781246265/v13/S1,0,1788405300000,29204.5,16.351348194418044,true,true,29226,2.5283018867924527,limit,cancel_marketable,cancel_marketable,invalidation_refused,1788405240000
2026-09-02:ASIA:8d5c8af5_8ef641a7-815c-4bb5-9798-b070b67d7998_deepseek_1781246265/v13/S1,0,1788405360000,29205.5,15.861966180531041,true,true,29226,2.5283018867924527,limit,cancel_marketable,cancel_marketable,invalidation_refused,1788405300000
2026-09-02:ASIA:8d5c8af5_8ef641a7-815c-4bb5-9798-b070b67d7998_deepseek_1781246265/v13/S1,0,1788405420000,29208.5,15.861966180531041,true,true,29226,2.5283018867924527,limit,cancel_marketable,cancel_marketable,invalidation_refused,1788405360000
2026-09-02:ASIA:8d5c8af5_8ef641a7-815c-4bb5-9798-b070b67d7998_deepseek_1781246265/v13/S1,0,1788405480000,29211.75,15.861966180531041,true,true,29226,2.5283018867924527,limit,cancel_marketable,cancel_marketable,invalidation_refused,1788405420000
2026-09-02:ASIA:8d5c8af5_8ef641a7-815c-4bb5-9798-b070b67d7998_deepseek_1781246265/v13/S1,0,1788405540000,29226.5,17.058394751959614,true,true,29226,2.5283018867924527,limit,cancel_marketable,cancel_marketable,invalidation_refused,1788405480000
2026-09-02:ASIA:8d5c8af5_8ef641a7-815c-4bb5-9798-b070b67d7998_deepseek_1781246265/v13/S1,0,1788405600000,29227.75,17.50482332338844,true,true,29226,2.5283018867924527,limit,cancel_marketable,cancel_marketable,invalidation_refused,1788405540000
2026-09-02:ASIA:8d5c8af5_8ef641a7-815c-4bb5-9798-b070b67d7998_deepseek_1781246265/v13/S1,0,1788405660000,29229.75,16.71876451457498,true,true,29226,2.5283018867924527,limit,cancel_marketable,cancel_marketable,invalidation_refused,1788405600000
2026-09-02:ASIA:8d5c8af5_8ef641a7-815c-4bb5-9798-b070b67d7998_deepseek_1781246265/v13/S1,0,1788405720000,29228,16.77233594314641,true,true,29226,2.5283018867924527,limit,cancel_marketable,cancel_marketable,invalidation_refused,1788405660000
2026-09-02:ASIA:8d5c8af5_8ef641a7-815c-4bb5-9798-b070b67d7998_deepseek_1781246265/v13/S1,0,1788405780000,29217,17.379478800289267,true,true,29226,2.5283018867924527,limit,cancel_marketable,cancel_marketable,invalidation_refused,1788405720000
2026-09-02:ASIA:8d5c8af5_8ef641a7-815c-4bb5-9798-b070b67d7998_deepseek_1781246265/v13/S1,0,1788405840000,29216.25,17.52233594314641,true,true,29226,2.5283018867924527,limit,cancel_marketable,cancel_marketable,invalidation_refused,1788405780000
2026-09-02:ASIA:8d5c8af5_8ef641a7-815c-4bb5-9798-b070b67d7998_deepseek_1781246265/v13/S1,0,1788405900000,29216,17.593764514575152,true,true,29226,2.5283018867924527,limit,cancel_marketable,cancel_marketable,invalidation_refused,1788405840000
2026-09-02:ASIA:8d5c8af5_8ef641a7-815c-4bb5-9798-b070b67d7998_deepseek_1781246265/v13/S1,0,1788405960000,29215.75,16.640638477819785,true,true,29226,2.5283018867924527,limit,cancel_marketable,cancel_marketable,invalidation_refused,1788405900000
2026-09-02:ASIA:8d5c8af5_8ef641a7-815c-4bb5-9798-b070b67d7998_deepseek_1781246265/v13/S1,0,1788406020000,29222.75,17.533495620676927,true,true,29226,2.5283018867924527,limit,cancel_marketable,cancel_marketable,invalidation_refused,1788405960000
2026-09-02:ASIA:8d5c8af5_8ef641a7-815c-4bb5-9798-b070b67d7998_deepseek_1781246265/v13/S1,0,1788406080000,29222.25,17.533495620676927,true,true,29226,2.5283018867924527,limit,cancel_marketable,cancel_marketable,invalidation_refused,1788406020000
2026-09-02:ASIA:8d5c8af5_8ef641a7-815c-4bb5-9798-b070b67d7998_deepseek_1781246265/v13/S1,0,1788406140000,29219.75,17.533495620676927,true,true,29226,2.5283018867924527,limit,cancel_marketable,cancel_marketable,invalidation_refused,1788406080000
2026-09-02:ASIA:8d5c8af5_8ef641a7-815c-4bb5-9798-b070b67d7998_deepseek_1781246265/v13/S1,0,1788406200000,29219.5,17.533495620676913,true,true,29226,2.5283018867924527,limit,cancel_marketable,cancel_marketable,invalidation_refused,1788406140000
2026-09-02:ASIA:8d5c8af5_8ef641a7-815c-4bb5-9798-b070b67d7998_deepseek_1781246265/v13/S1,0,1788406260000,29226,17.29896021919999,true,true,29226,2.5283018867924527,limit,cancel_marketable,cancel_marketable,invalidation_refused,1788406200000
2026-09-02:ASIA:8d5c8af5_8ef641a7-815c-4bb5-9798-b070b67d7998_deepseek_1781246265/v13/S1,0,1788406320000,29223,17.29896021919999,true,true,29226,2.5283018867924527,limit,cancel_marketable,cancel_marketable,invalidation_refused,1788406260000
2026-09-02:ASIA:8d5c8af5_8ef641a7-815c-4bb5-9798-b070b67d7998_deepseek_1781246265/v13/S1,0,1788406380000,29226,17.29896021919999,true,true,29226,2.5283018867924527,limit,cancel_marketable,cancel_marketable,invalidation_refused,1788406320000
2026-09-02:ASIA:8d5c8af5_8ef641a7-815c-4bb5-9798-b070b67d7998_deepseek_1781246265/v13/S1,0,1788406440000,29225.5,17.29896021919999,true,true,29226,2.5283018867924527,limit,cancel_marketable,cancel_marketable,invalidation_refused,1788406380000
2026-09-02:ASIA:8d5c8af5_8ef641a7-815c-4bb5-9798-b070b67d7998_deepseek_1781246265/v13/S1,0,1788406500000,29222.75,17.298960219199923,true,true,29226,2.5283018867924527,limit,cancel_marketable,cancel_marketable,invalidation_refused,1788406440000
2026-09-02:ASIA:8d5c8af5_8ef641a7-815c-4bb5-9798-b070b67d7998_deepseek_1781246265/v13/S1,0,1788406560000,29222.5,16.58117734639993,true,true,29226,2.5283018867924527,limit,cancel_marketable,cancel_marketable,recorded_dormant_requires_fresh_authorization,1788406500000
2026-09-02:ASIA:8d5c8af5_8ef641a7-815c-4bb5-9798-b070b67d7998_deepseek_1781246265/v13/S1,0,1788406620000,29225,16.58117734639993,true,true,29226,2.5283018867924527,limit,cancel_marketable,cancel_marketable,recorded_dormant_requires_fresh_authorization,1788406560000
2026-09-02:ASIA:8d5c8af5_8ef641a7-815c-4bb5-9798-b070b67d7998_deepseek_1781246265/v13/S1,0,1788406680000,29227.25,16.7776059178285,true,true,29226,2.5283018867924527,limit,cancel_marketable,cancel_marketable,recorded_dormant_requires_fresh_authorization,1788406620000
2026-09-02:ASIA:8d5c8af5_8ef641a7-815c-4bb5-9798-b070b67d7998_deepseek_1781246265/v13/S1,0,1788406740000,29225.25,16.83117734639993,true,true,29226,2.5283018867924527,limit,cancel_marketable,cancel_marketable,recorded_dormant_requires_fresh_authorization,1788406680000
2026-09-02:ASIA:8d5c8af5_8ef641a7-815c-4bb5-9798-b070b67d7998_deepseek_1781246265/v13/S1,0,1788406800000,29227.5,16.831177346399738,true,true,29226,2.5283018867924527,limit,cancel_marketable,cancel_marketable,recorded_dormant_requires_fresh_authorization,1788406740000
2026-09-02:ASIA:8d5c8af5_8ef641a7-815c-4bb5-9798-b070b67d7998_deepseek_1781246265/v13/S1,0,1788406860000,29225.75,15.825378964514043,true,true,29226,2.5283018867924527,limit,cancel_marketable,cancel_marketable,recorded_dormant_requires_fresh_authorization,1788406800000
2026-09-02:ASIA:8d5c8af5_8ef641a7-815c-4bb5-9798-b070b67d7998_deepseek_1781246265/v13/S1,0,1788406920000,29228.5,16.20037896451404,true,true,29226,2.5283018867924527,limit,cancel_marketable,cancel_marketable,recorded_dormant_requires_fresh_authorization,1788406860000
2026-09-02:ASIA:8d5c8af5_8ef641a7-815c-4bb5-9798-b070b67d7998_deepseek_1781246265/v13/S1,0,1788406980000,29231.25,16.20037896451404,true,true,29226,2.5283018867924527,limit,cancel_marketable,cancel_marketable,recorded_dormant_requires_fresh_authorization,1788406920000
2026-09-02:ASIA:8d5c8af5_8ef641a7-815c-4bb5-9798-b070b67d7998_deepseek_1781246265/v13/S1,0,1788407040000,29228.25,16.4325218216569,true,true,29226,2.5283018867924527,limit,cancel_marketable,cancel_marketable,recorded_dormant_requires_fresh_authorization,1788406980000
2026-09-02:ASIA:8d5c8af5_8ef641a7-815c-4bb5-9798-b070b67d7998_deepseek_1781246265/v13/S1,0,1788407100000,29227.5,16.432521821656653,true,true,29226,2.5283018867924527,limit,cancel_marketable,cancel_marketable,recorded_dormant_requires_fresh_authorization,1788407040000
2026-09-02:ASIA:8d5c8af5_8ef641a7-815c-4bb5-9798-b070b67d7998_deepseek_1781246265/v13/S1,0,1788407160000,29225.5,15.776627405824035,true,true,29226,2.5283018867924527,limit,cancel_marketable,cancel_marketable,recorded_dormant_requires_fresh_authorization,1788407100000
2026-09-02:ASIA:8d5c8af5_8ef641a7-815c-4bb5-9798-b070b67d7998_deepseek_1781246265/v13/S1,0,1788407220000,29222.25,15.776627405824035,true,true,29226,2.5283018867924527,limit,cancel_marketable,cancel_marketable,recorded_dormant_requires_fresh_authorization,1788407160000
2026-09-02:ASIA:8d5c8af5_8ef641a7-815c-4bb5-9798-b070b67d7998_deepseek_1781246265/v13/S1,0,1788407280000,29222.75,15.79448454868118,true,true,29226,2.5283018867924527,limit,cancel_marketable,cancel_marketable,recorded_dormant_requires_fresh_authorization,1788407220000
2026-09-02:ASIA:8d5c8af5_8ef641a7-815c-4bb5-9798-b070b67d7998_deepseek_1781246265/v13/S1,0,1788407340000,29227,15.901627405824035,true,true,29226,2.5283018867924527,limit,cancel_marketable,cancel_marketable,recorded_dormant_requires_fresh_authorization,1788407280000
2026-09-02:ASIA:8d5c8af5_8ef641a7-815c-4bb5-9798-b070b67d7998_deepseek_1781246265/v13/S1,0,1788407400000,29230.5,16.312341691537636,true,true,29226,2.5283018867924527,limit,cancel_marketable,cancel_marketable,recorded_dormant_requires_fresh_authorization,1788407340000
2026-09-02:ASIA:8d5c8af5_8ef641a7-815c-4bb5-9798-b070b67d7998_deepseek_1781246265/v13/S1,0,1788407460000,29235,15.66503157071352,true,true,29226,2.5283018867924527,limit,cancel_marketable,cancel_marketable,recorded_dormant_requires_fresh_authorization,1788407400000
2026-09-02:ASIA:8d5c8af5_8ef641a7-815c-4bb5-9798-b070b67d7998_deepseek_1781246265/v13/S1,0,1788407520000,29233.25,15.66503157071352,true,true,29226,2.5283018867924527,limit,cancel_marketable,cancel_marketable,recorded_dormant_requires_fresh_authorization,1788407460000
2026-09-02:ASIA:8d5c8af5_8ef641a7-815c-4bb5-9798-b070b67d7998_deepseek_1781246265/v13/S1,0,1788407580000,29235.25,15.66503157071352,true,true,29226,2.5283018867924527,limit,cancel_marketable,cancel_marketable,recorded_dormant_requires_fresh_authorization,1788407520000
2026-09-02:ASIA:8d5c8af5_8ef641a7-815c-4bb5-9798-b070b67d7998_deepseek_1781246265/v13/S1,0,1788407640000,29232.75,15.66503157071352,true,true,29226,2.5283018867924527,limit,cancel_marketable,cancel_marketable,recorded_dormant_requires_fresh_authorization,1788407580000
2026-09-02:ASIA:8d5c8af5_8ef641a7-815c-4bb5-9798-b070b67d7998_deepseek_1781246265/v13/S1,0,1788407700000,29237,15.825745856427721,true,true,29226,2.5283018867924527,limit,cancel_marketable,cancel_marketable,recorded_dormant_requires_fresh_authorization,1788407640000
2026-09-02:ASIA:8d5c8af5_8ef641a7-815c-4bb5-9798-b070b67d7998_deepseek_1781246265/v13/S1,0,1788407760000,29236.5,15.141764009540026,true,true,29226,2.5283018867924527,limit,cancel_marketable,cancel_marketable,recorded_dormant_requires_fresh_authorization,1788407700000
2026-09-02:ASIA:8d5c8af5_8ef641a7-815c-4bb5-9798-b070b67d7998_deepseek_1781246265/v13/S1,0,1788407820000,29235.25,15.48104972382574,true,true,29226,2.5283018867924527,limit,cancel_marketable,cancel_marketable,recorded_dormant_requires_fresh_authorization,1788407760000
2026-09-02:ASIA:8d5c8af5_8ef641a7-815c-4bb5-9798-b070b67d7998_deepseek_1781246265/v13/S1,0,1788407880000,29232.5,15.48104972382574,true,true,29226,2.5283018867924527,limit,cancel_marketable,cancel_marketable,recorded_dormant_requires_fresh_authorization,1788407820000
2026-09-02:ASIA:8d5c8af5_8ef641a7-815c-4bb5-9798-b070b67d7998_deepseek_1781246265/v13/S1,0,1788407940000,29231.5,15.534621152397168,true,true,29226,2.5283018867924527,limit,cancel_marketable,cancel_marketable,recorded_dormant_requires_fresh_authorization,1788407880000
2026-09-02:ASIA:8d5c8af5_8ef641a7-815c-4bb5-9798-b070b67d7998_deepseek_1781246265/v13/S1,0,1788408000000,29236.25,15.534621152397023,true,true,29226,2.5283018867924527,limit,cancel_marketable,cancel_marketable,recorded_dormant_requires_fresh_authorization,1788407940000
2026-09-02:ASIA:8d5c8af5_8ef641a7-815c-4bb5-9798-b070b67d7998_deepseek_1781246265/v13/S1,0,1788408060000,29238.5,14.978576784368665,true,true,29226,2.5283018867924527,limit,cancel_marketable,cancel_marketable,recorded_dormant_requires_fresh_authorization,1788408000000
2026-09-02:ASIA:8d5c8af5_8ef641a7-815c-4bb5-9798-b070b67d7998_deepseek_1781246265/v13/S1,0,1788408120000,29235.25,14.978576784368665,true,true,29226,2.5283018867924527,limit,cancel_marketable,cancel_marketable,recorded_dormant_requires_fresh_authorization,1788408060000
2026-09-02:ASIA:8d5c8af5_8ef641a7-815c-4bb5-9798-b070b67d7998_deepseek_1781246265/v13/S1,0,1788408180000,29234,14.978576784368665,true,true,29226,2.5283018867924527,limit,cancel_marketable,cancel_marketable,recorded_dormant_requires_fresh_authorization,1788408120000
2026-09-02:ASIA:8d5c8af5_8ef641a7-815c-4bb5-9798-b070b67d7998_deepseek_1781246265/v13/S1,0,1788408240000,29232.5,14.978576784368665,true,true,29226,2.5283018867924527,limit,cancel_marketable,cancel_marketable,recorded_dormant_requires_fresh_authorization,1788408180000
2026-09-02:ASIA:8d5c8af5_8ef641a7-815c-4bb5-9798-b070b67d7998_deepseek_1781246265/v13/S1,0,1788408300000,29230,15.157148212940038,true,true,29226,2.5283018867924527,limit,cancel_marketable,cancel_marketable,recorded_dormant_requires_fresh_authorization,1788408240000
2026-09-02:ASIA:8d5c8af5_8ef641a7-815c-4bb5-9798-b070b67d7998_deepseek_1781246265/v13/S1,0,1788408360000,29234,14.431637626301464,true,true,29226,2.5283018867924527,limit,cancel_marketable,cancel_marketable,recorded_dormant_requires_fresh_authorization,1788408300000
2026-09-02:ASIA:8d5c8af5_8ef641a7-815c-4bb5-9798-b070b67d7998_deepseek_1781246265/v13/S1,0,1788408420000,29236.75,14.681637626301464,true,true,29226,2.5283018867924527,limit,cancel_marketable,cancel_marketable,recorded_dormant_requires_fresh_authorization,1788408360000
2026-09-02:ASIA:8d5c8af5_8ef641a7-815c-4bb5-9798-b070b67d7998_deepseek_1781246265/v13/S1,0,1788408480000,29235.75,14.788780483444322,true,true,29226,2.5283018867924527,limit,cancel_marketable,cancel_marketable,recorded_dormant_requires_fresh_authorization,1788408420000
2026-09-02:ASIA:8d5c8af5_8ef641a7-815c-4bb5-9798-b070b67d7998_deepseek_1781246265/v13/S1,0,1788408540000,29245.25,15.717351912015749,true,true,29226,2.5283018867924527,limit,cancel_marketable,cancel_marketable,recorded_dormant_requires_fresh_authorization,1788408480000
2026-09-02:ASIA:8d5c8af5_8ef641a7-815c-4bb5-9798-b070b67d7998_deepseek_1781246265/v13/S1,0,1788408600000,29249.75,15.717351912016072,true,true,29226,2.5283018867924527,limit,cancel_marketable,cancel_marketable,recorded_dormant_requires_fresh_authorization,1788408540000
2026-09-02:ASIA:8d5c8af5_8ef641a7-815c-4bb5-9798-b070b67d7998_deepseek_1781246265/v13/S1,0,1788408660000,29249.75,14.987541061157781,true,true,29226,2.5283018867924527,limit,cancel_marketable,cancel_marketable,recorded_dormant_requires_fresh_authorization,1788408600000
2026-09-02:ASIA:8d5c8af5_8ef641a7-815c-4bb5-9798-b070b67d7998_deepseek_1781246265/v13/S1,0,1788408720000,29249,15.094683918300637,true,true,29226,2.5283018867924527,limit,cancel_marketable,cancel_marketable,recorded_dormant_requires_fresh_authorization,1788408660000
2026-09-02:ASIA:8d5c8af5_8ef641a7-815c-4bb5-9798-b070b67d7998_deepseek_1781246265/v13/S1,0,1788408780000,29240.25,15.826826775443495,true,true,29226,2.5283018867924527,limit,cancel_marketable,cancel_marketable,recorded_dormant_requires_fresh_authorization,1788408720000
2026-09-02:ASIA:8d5c8af5_8ef641a7-815c-4bb5-9798-b070b67d7998_deepseek_1781246265/v13/S1,0,1788408840000,29247,15.826826775443495,true,true,29226,2.5283018867924527,limit,cancel_marketable,cancel_marketable,recorded_dormant_requires_fresh_authorization,1788408780000
2026-09-02:ASIA:8d5c8af5_8ef641a7-815c-4bb5-9798-b070b67d7998_deepseek_1781246265/v13/S1,0,1788408900000,29246.25,15.82682677544331,true,true,29226,2.5283018867924527,limit,cancel_marketable,cancel_marketable,recorded_dormant_requires_fresh_authorization,1788408840000
2026-09-02:ASIA:8d5c8af5_8ef641a7-815c-4bb5-9798-b070b67d7998_deepseek_1781246265/v13/S1,0,1788408960000,29245.5,15.035624862911645,true,true,29226,2.5283018867924527,limit,cancel_marketable,cancel_marketable,recorded_dormant_requires_fresh_authorization,1788408900000
2026-09-02:ASIA:8d5c8af5_8ef641a7-815c-4bb5-9798-b070b67d7998_deepseek_1781246265/v13/S1,0,1788409020000,29245.75,15.124910577197358,true,true,29226,2.5283018867924527,limit,cancel_marketable,cancel_marketable,recorded_dormant_requires_fresh_authorization,1788408960000
2026-09-02:ASIA:8d5c8af5_8ef641a7-815c-4bb5-9798-b070b67d7998_deepseek_1781246265/v13/S1,0,1788409080000,29245.25,15.142767720054502,true,true,29226,2.5283018867924527,limit,cancel_marketable,cancel_marketable,recorded_dormant_requires_fresh_authorization,1788409020000
2026-09-02:ASIA:8d5c8af5_8ef641a7-815c-4bb5-9798-b070b67d7998_deepseek_1781246265/v13/S1,0,1788409140000,29244.25,15.214196291483074,true,true,29226,2.5283018867924527,limit,cancel_marketable,cancel_marketable,recorded_dormant_requires_fresh_authorization,1788409080000
2026-09-02:ASIA:8d5c8af5_8ef641a7-815c-4bb5-9798-b070b67d7998_deepseek_1781246265/v13/S1,0,1788409200000,29244.5,15.214196291482606,true,true,29226,2.5283018867924527,limit,cancel_marketable,cancel_marketable,recorded_dormant_requires_fresh_authorization,1788409140000
2026-09-02:ASIA:8d5c8af5_8ef641a7-815c-4bb5-9798-b070b67d7998_deepseek_1781246265/v13/S1,0,1788409260000,29242.5,14.502467984948135,true,true,29226,2.5283018867924527,limit,cancel_marketable,cancel_marketable,recorded_dormant_requires_fresh_authorization,1788409200000
2026-09-02:ASIA:8d5c8af5_8ef641a7-815c-4bb5-9798-b070b67d7998_deepseek_1781246265/v13/S1,0,1788409320000,29240,14.66318227066242,true,true,29226,2.5283018867924527,limit,cancel_marketable,cancel_marketable,recorded_dormant_requires_fresh_authorization,1788409260000
2026-09-02:ASIA:8d5c8af5_8ef641a7-815c-4bb5-9798-b070b67d7998_deepseek_1781246265/v13/S1,0,1788409380000,29237.75,15.03818227066242,true,true,29226,2.5283018867924527,limit,cancel_marketable,cancel_marketable,recorded_dormant_requires_fresh_authorization,1788409320000
2026-09-02:ASIA:8d5c8af5_8ef641a7-815c-4bb5-9798-b070b67d7998_deepseek_1781246265/v13/S1,0,1788409440000,29242.5,15.03818227066242,true,true,29226,2.5283018867924527,limit,cancel_marketable,cancel_marketable,recorded_dormant_requires_fresh_authorization,1788409380000
2026-09-02:ASIA:8d5c8af5_8ef641a7-815c-4bb5-9798-b070b67d7998_deepseek_1781246265/v13/S1,0,1788409500000,29242.5,15.038182270662537,true,true,29226,2.5283018867924527,limit,cancel_marketable,cancel_marketable,recorded_dormant_requires_fresh_authorization,1788409440000
2026-09-02:ASIA:8d5c8af5_8ef641a7-815c-4bb5-9798-b070b67d7998_deepseek_1781246265/v13/S1,0,1788409560000,29243.75,14.160454965615212,true,true,29226,2.5283018867924527,limit,cancel_marketable,cancel_marketable,recorded_dormant_requires_fresh_authorization,1788409500000
2026-09-02:ASIA:8d5c8af5_8ef641a7-815c-4bb5-9798-b070b67d7998_deepseek_1781246265/v13/S1,0,1788409620000,29243.25,14.356883537043784,true,true,29226,2.5283018867924527,limit,cancel_marketable,cancel_marketable,recorded_dormant_requires_fresh_authorization,1788409560000
2026-09-02:ASIA:8d5c8af5_8ef641a7-815c-4bb5-9798-b070b67d7998_deepseek_1781246265/v13/S1,0,1788409680000,29239.5,14.624740679900926,true,true,29226,2.5283018867924527,limit,cancel_marketable,cancel_marketable,recorded_dormant_requires_fresh_authorization,1788409620000
2026-09-02:ASIA:8d5c8af5_8ef641a7-815c-4bb5-9798-b070b67d7998_deepseek_1781246265/v13/S1,0,1788409740000,29230.75,15.160454965615212,true,true,29226,2.5283018867924527,limit,cancel_marketable,cancel_marketable,recorded_dormant_requires_fresh_authorization,1788409680000
2026-09-02:ASIA:8d5c8af5_8ef641a7-815c-4bb5-9798-b070b67d7998_deepseek_1781246265/v13/S1,0,1788409800000,29227,15.392597822758065,true,true,29226,2.5283018867924527,limit,cancel_marketable,cancel_marketable,recorded_dormant_requires_fresh_authorization,1788409740000
2026-09-02:ASIA:8d5c8af5_8ef641a7-815c-4bb5-9798-b070b67d7998_deepseek_1781246265/v13/S1,0,1788409860000,29228,14.525269406846775,true,true,29226,2.5283018867924527,limit,cancel_marketable,cancel_marketable,recorded_dormant_requires_fresh_authorization,1788409800000
2026-09-02:ASIA:8d5c8af5_8ef641a7-815c-4bb5-9798-b070b67d7998_deepseek_1781246265/v13/S1,0,1788409920000,29231.75,14.739555121132488,true,true,29226,2.5283018867924527,limit,cancel_marketable,cancel_marketable,recorded_dormant_requires_fresh_authorization,1788409860000
2026-09-02:ASIA:8d5c8af5_8ef641a7-815c-4bb5-9798-b070b67d7998_deepseek_1781246265/v13/S1,0,1788409980000,29233.25,14.882412263989632,true,true,29226,2.5283018867924527,limit,cancel_marketable,cancel_marketable,recorded_dormant_requires_fresh_authorization,1788409920000
2026-09-02:ASIA:8d5c8af5_8ef641a7-815c-4bb5-9798-b070b67d7998_deepseek_1781246265/v13/S1,0,1788410040000,29236,15.007412263989632,true,true,29226,2.5283018867924527,limit,cancel_marketable,cancel_marketable,recorded_dormant_requires_fresh_authorization,1788409980000
2026-09-02:ASIA:8d5c8af5_8ef641a7-815c-4bb5-9798-b070b67d7998_deepseek_1781246265/v13/S1,0,1788410100000,29231.5,15.00741226398946,true,true,29226,2.5283018867924527,limit,cancel_marketable,cancel_marketable,recorded_dormant_requires_fresh_authorization,1788410040000
2026-09-02:ASIA:8d5c8af5_8ef641a7-815c-4bb5-9798-b070b67d7998_deepseek_1781246265/v13/S1,0,1788410160000,29230.25,14.328311387990214,true,true,29226,2.5283018867924527,limit,cancel_marketable,cancel_marketable,recorded_dormant_requires_fresh_authorization,1788410100000
2026-09-02:ASIA:8d5c8af5_8ef641a7-815c-4bb5-9798-b070b67d7998_deepseek_1781246265/v13/S1,0,1788410220000,29222.5,15.024739959418785,true,true,29226,2.5283018867924527,limit,cancel_marketable,cancel_marketable,recorded_dormant_requires_fresh_authorization,1788410160000
2026-09-02:ASIA:8d5c8af5_8ef641a7-815c-4bb5-9798-b070b67d7998_deepseek_1781246265/v13/S1,0,1788410280000,29225.25,15.024739959418785,true,true,29226,2.5283018867924527,limit,cancel_marketable,cancel_marketable,recorded_dormant_requires_fresh_authorization,1788410220000
2026-09-02:ASIA:8d5c8af5_8ef641a7-815c-4bb5-9798-b070b67d7998_deepseek_1781246265/v13/S1,0,1788410340000,29221.25,15.024739959418785,true,true,29226,2.5283018867924527,limit,cancel_marketable,cancel_marketable,recorded_dormant_requires_fresh_authorization,1788410280000
2026-09-02:ASIA:8d5c8af5_8ef641a7-815c-4bb5-9798-b070b67d7998_deepseek_1781246265/v13/S1,0,1788410400000,29223.5,15.024739959418962,true,true,29226,2.5283018867924527,limit,cancel_marketable,cancel_marketable,recorded_dormant_requires_fresh_authorization,1788410340000
2026-09-02:ASIA:8d5c8af5_8ef641a7-815c-4bb5-9798-b070b67d7998_deepseek_1781246265/v13/S1,0,1788410460000,29224.75,14.308687105174752,true,true,29226,2.5283018867924527,limit,cancel_marketable,cancel_marketable,recorded_dormant_requires_fresh_authorization,1788410400000
2026-09-02:ASIA:8d5c8af5_8ef641a7-815c-4bb5-9798-b070b67d7998_deepseek_1781246265/v13/S1,0,1788410520000,29217.5,14.647972819460465,true,true,29226,2.5283018867924527,limit,cancel_marketable,cancel_marketable,recorded_dormant_requires_fresh_authorization,1788410460000
2026-09-02:ASIA:8d5c8af5_8ef641a7-815c-4bb5-9798-b070b67d7998_deepseek_1781246265/v13/S1,0,1788410580000,29216.25,14.808687105174752,true,true,29226,2.5283018867924527,limit,cancel_marketable,cancel_marketable,recorded_dormant_requires_fresh_authorization,1788410520000
2026-09-02:ASIA:8d5c8af5_8ef641a7-815c-4bb5-9798-b070b67d7998_deepseek_1781246265/v13/S1,0,1788410640000,29219,14.808687105174752,true,true,29226,2.5283018867924527,limit,cancel_marketable,cancel_marketable,recorded_dormant_requires_fresh_authorization,1788410580000
2026-09-02:ASIA:8d5c8af5_8ef641a7-815c-4bb5-9798-b070b67d7998_deepseek_1781246265/v13/S1,0,1788410700000,29218.5,14.808687105174153,true,true,29226,2.5283018867924527,limit,cancel_marketable,cancel_marketable,recorded_dormant_requires_fresh_authorization,1788410640000
2026-09-02:ASIA:8d5c8af5_8ef641a7-815c-4bb5-9798-b070b67d7998_deepseek_1781246265/v13/S1,0,1788410760000,29220.25,14.072352311947428,true,true,29226,2.5283018867924527,limit,cancel_marketable,cancel_marketable,recorded_dormant_requires_fresh_authorization,1788410700000
2026-09-02:ASIA:8d5c8af5_8ef641a7-815c-4bb5-9798-b070b67d7998_deepseek_1781246265/v13/S1,0,1788410820000,29225,14.518780883376,true,true,29226,2.5283018867924527,limit,cancel_marketable,cancel_marketable,recorded_dormant_requires_fresh_authorization,1788410760000
2026-09-02:ASIA:8d5c8af5_8ef641a7-815c-4bb5-9798-b070b67d7998_deepseek_1781246265/v13/S1,0,1788410880000,29224.75,14.518780883376,true,true,29226,2.5283018867924527,limit,cancel_marketable,cancel_marketable,recorded_dormant_requires_fresh_authorization,1788410820000
2026-09-02:ASIA:8d5c8af5_8ef641a7-815c-4bb5-9798-b070b67d7998_deepseek_1781246265/v13/S1,0,1788410940000,29222.75,14.643780883376,true,true,29226,2.5283018867924527,limit,cancel_marketable,cancel_marketable,recorded_dormant_requires_fresh_authorization,1788410880000
2026-09-02:ASIA:8d5c8af5_8ef641a7-815c-4bb5-9798-b070b67d7998_deepseek_1781246265/v13/S1,0,1788411000000,29222,14.643780883375978,true,true,29226,2.5283018867924527,limit,cancel_marketable,cancel_marketable,recorded_dormant_requires_fresh_authorization,1788410940000
2026-09-02:ASIA:8d5c8af5_8ef641a7-815c-4bb5-9798-b070b67d7998_deepseek_1781246265/v13/S1,0,1788411060000,29220,13.91922510599198,true,true,29226,2.5283018867924527,limit,cancel_marketable,cancel_marketable,recorded_dormant_requires_fresh_authorization,1788411000000
2026-09-02:ASIA:8d5c8af5_8ef641a7-815c-4bb5-9798-b070b67d7998_deepseek_1781246265/v13/S1,0,1788411120000,29221.25,13.954939391706265,true,true,29226,2.5283018867924527,limit,cancel_marketable,cancel_marketable,recorded_dormant_requires_fresh_authorization,1788411060000
2026-09-02:ASIA:8d5c8af5_8ef641a7-815c-4bb5-9798-b070b67d7998_deepseek_1781246265/v13/S1,0,1788411180000,29219.75,14.026367963134836,true,true,29226,2.5283018867924527,limit,cancel_marketable,cancel_marketable,recorded_dormant_requires_fresh_authorization,1788411120000
2026-09-02:ASIA:8d5c8af5_8ef641a7-815c-4bb5-9798-b070b67d7998_deepseek_1781246265/v13/S1,0,1788411240000,29218.25,14.079939391706265,true,true,29226,2.5283018867924527,limit,cancel_marketable,cancel_marketable,recorded_dormant_requires_fresh_authorization,1788411180000
2026-09-02:ASIA:8d5c8af5_8ef641a7-815c-4bb5-9798-b070b67d7998_deepseek_1781246265/v13/S1,0,1788411300000,29217,14.204939391706377,true,true,29226,2.5283018867924527,limit,cancel_marketable,cancel_marketable,recorded_dormant_requires_fresh_authorization,1788411240000
2026-09-02:ASIA:8d5c8af5_8ef641a7-815c-4bb5-9798-b070b67d7998_deepseek_1781246265/v13/S1,0,1788411360000,29213.25,13.743872292298779,true,true,29226,2.5283018867924527,limit,cancel_marketable,cancel_marketable,recorded_dormant_requires_fresh_authorization,1788411300000
2026-09-02:ASIA:8d5c8af5_8ef641a7-815c-4bb5-9798-b070b67d7998_deepseek_1781246265/v13/S1,0,1788411420000,29210.5,13.922443720870207,true,true,29226,2.5283018867924527,limit,cancel_marketable,cancel_marketable,recorded_dormant_requires_fresh_authorization,1788411360000
2026-09-02:ASIA:8d5c8af5_8ef641a7-815c-4bb5-9798-b070b67d7998_deepseek_1781246265/v13/S1,0,1788411480000,29206.25,14.083158006584494,true,true,29226,2.5283018867924527,limit,cancel_marketable,cancel_marketable,recorded_dormant_requires_fresh_authorization,1788411420000
2026-09-02:ASIA:8d5c8af5_8ef641a7-815c-4bb5-9798-b070b67d7998_deepseek_1781246265/v13/S1,0,1788411540000,29207,14.118872292298779,true,true,29226,2.5283018867924527,limit,cancel_marketable,cancel_marketable,recorded_dormant_requires_fresh_authorization,1788411480000
2026-09-02:ASIA:8d5c8af5_8ef641a7-815c-4bb5-9798-b070b67d7998_deepseek_1781246265/v13/S1,0,1788411600000,29207.5,14.172443720870493,true,true,29226,2.5283018867924527,limit,cancel_marketable,cancel_marketable,recorded_dormant_requires_fresh_authorization,1788411540000
2026-09-02:ASIA:8d5c8af5_8ef641a7-815c-4bb5-9798-b070b67d7998_deepseek_1781246265/v13/S1,0,1788411660000,29206.75,13.427983455094031,true,true,29226,2.5283018867924527,limit,cancel_marketable,cancel_marketable,recorded_dormant_requires_fresh_authorization,1788411600000
2026-09-02:ASIA:8d5c8af5_8ef641a7-815c-4bb5-9798-b070b67d7998_deepseek_1781246265/v13/S1,0,1788411720000,29189.75,14.517269169379745,true,true,29226,2.5283018867924527,limit,send_limit,send_limit,recorded_dormant_requires_fresh_authorization,1788411660000
2026-09-02:ASIA:8d5c8af5_8ef641a7-815c-4bb5-9798-b070b67d7998_deepseek_1781246265/v13/S1,0,1788411780000,29190.25,14.570840597951173,true,true,29226,2.5283018867924527,limit,send_limit,send_limit,recorded_dormant_requires_fresh_authorization,1788411720000
2026-09-02:ASIA:8d5c8af5_8ef641a7-815c-4bb5-9798-b070b67d7998_deepseek_1781246265/v13/S1,0,1788411840000,29182.5,15.177983455094031,true,true,29226,2.5283018867924527,limit,send_limit,send_limit,recorded_dormant_requires_fresh_authorization,1788411780000
2026-09-02:ASIA:8d5c8af5_8ef641a7-815c-4bb5-9798-b070b67d7998_deepseek_1781246265/v13/S1,0,1788411900000,29177,15.463697740808206,true,false,29226,2.5283018867924527,limit,send_limit,send_limit,recorded_dormant_requires_fresh_authorization,1788411840000
2026-09-02:ASIA:8d5c8af5_8ef641a7-815c-4bb5-9798-b070b67d7998_deepseek_1781246265/v13/S1,0,1788411960000,29177.25,14.93057647360762,true,false,29226,2.5283018867924527,limit,send_limit,send_limit,recorded_dormant_requires_fresh_authorization,1788411900000
2026-09-02:ASIA:8d5c8af5_8ef641a7-815c-4bb5-9798-b070b67d7998_deepseek_1781246265/v13/S1,0,1788412020000,29169.25,15.18057647360762,true,false,29226,2.5283018867924527,limit,outside_band,outside_band,recorded_dormant_requires_fresh_authorization,1788411960000
2026-09-02:ASIA:8d5c8af5_8ef641a7-815c-4bb5-9798-b070b67d7998_deepseek_1781246265/v13/S1,0,1788412080000,29169,15.323433616464763,true,false,29226,2.5283018867924527,limit,outside_band,outside_band,recorded_dormant_requires_fresh_authorization,1788412020000
2026-09-02:ASIA:8d5c8af5_8ef641a7-815c-4bb5-9798-b070b67d7998_deepseek_1781246265/v14/S1,0,1788412140000,29166,15.62700504503619,false,false,29252.190507567553,1.8177934021779574,limit,outside_band,outside_band,waiting_confirm,1788412080000
2026-09-02:ASIA:8d5c8af5_8ef641a7-815c-4bb5-9798-b070b67d7998_deepseek_1781246265/v14/S1,0,1788412200000,29162,15.966290759322089,false,false,29252.699436138984,1.7791650606187366,limit,outside_band,outside_band,waiting_confirm,1788412140000
2026-09-02:ASIA:8d5c8af5_8ef641a7-815c-4bb5-9798-b070b67d7998_deepseek_1781246265/v14/S1,0,1788412260000,29158,15.682984276513368,false,false,29252.27447641477,1.8113049255051947,limit,outside_band,outside_band,waiting_confirm,1788412200000
2026-09-02:ASIA:8d5c8af5_8ef641a7-815c-4bb5-9798-b070b67d7998_deepseek_1781246265/v14/S1,0,1788412320000,29157.25,15.897269990799083,false,false,29252.5959049862,1.786889615833856,limit,outside_band,outside_band,waiting_confirm,1788412260000
2026-09-02:ASIA:8d5c8af5_8ef641a7-815c-4bb5-9798-b070b67d7998_deepseek_1781246265/v14/S1,0,1788412380000,29153,15.915127133656226,false,false,29252.622690700486,1.7848846841187316,limit,outside_band,outside_band,waiting_confirm,1788412320000
2026-09-02:ASIA:8d5c8af5_8ef641a7-815c-4bb5-9798-b070b67d7998_deepseek_1781246265/v14/S1,0,1788412440000,29152.5,16.25441284794194,false,false,29253.131619271913,1.747627978470069,limit,outside_band,outside_band,waiting_confirm,1788412380000
2026-09-02:ASIA:8d5c8af5_8ef641a7-815c-4bb5-9798-b070b67d7998_deepseek_1781246265/v14/S1,0,1788412500000,29148.5,16.754412847942067,false,false,29253.881619271913,1.6954737193405192,limit,outside_band,outside_band,waiting_confirm,1788412440000
2026-09-02:ASIA:8d5c8af5_8ef641a7-815c-4bb5-9798-b070b67d7998_deepseek_1781246265/v14/S1,0,1788412560000,29144.75,16.218383358803347,false,false,29253.077575038205,1.7515103717934664,limit,outside_band,outside_band,waiting_confirm,1788412500000
2026-09-02:ASIA:8d5c8af5_8ef641a7-815c-4bb5-9798-b070b67d7998_deepseek_1781246265/v14/S1,0,1788412620000,29138,16.575526215946205,false,false,29253.61328932392,1.713771635155635,limit,outside_band,outside_band,waiting_confirm,1788412560000
2026-09-02:ASIA:8d5c8af5_8ef641a7-815c-4bb5-9798-b070b67d7998_deepseek_1781246265/v14/S1,0,1788412680000,29125.75,17.593383358803347,false,false,29255.140075038205,1.614622161487351,limit,outside_band,outside_band,waiting_confirm,1788412620000
2026-09-02:ASIA:8d5c8af5_8ef641a7-815c-4bb5-9798-b070b67d7998_deepseek_1781246265/v14/S1,0,1788412740000,29123.5,17.896954787374778,false,false,29255.59543218106,1.5872346443378207,limit,outside_band,outside_band,waiting_confirm,1788412680000
2026-09-02:ASIA:8d5c8af5_8ef641a7-815c-4bb5-9798-b070b67d7998_deepseek_1781246265/v14/S1,0,1788412800000,29110.25,18.70052621594612,false,false,29256.80078932392,1.5190303384321042,limit,outside_band,outside_band,waiting_confirm,1788412740000
2026-09-02:ASIA:8d5c8af5_8ef641a7-815c-4bb5-9798-b070b67d7998_deepseek_1781246265/v14/S1,0,1788412860000,29104.75,18.400488629092827,false,false,29256.35073294364,1.543799582678095,limit,outside_band,outside_band,waiting_confirm,1788412800000
2026-09-02:ASIA:8d5c8af5_8ef641a7-815c-4bb5-9798-b070b67d7998_deepseek_1781246265/v14/S1,0,1788412920000,29099.5,18.811202914807115,false,false,29256.966804372212,1.510093043773686,limit,outside_band,outside_band,waiting_confirm,1788412860000
2026-09-02:ASIA:8d5c8af5_8ef641a7-815c-4bb5-9798-b070b67d7998_deepseek_1781246265/v14/S1,0,1788412980000,29089.75,19.454060057664257,false,false,29257.931090086495,1.4601921954834978,limit,outside_band,outside_band,waiting_confirm,1788412920000
2026-09-02:ASIA:8d5c8af5_8ef641a7-815c-4bb5-9798-b070b67d7998_deepseek_1781246265/v14/S1,0,1788413040000,29090.75,20.239774343378542,false,false,29259.109661515067,1.40350708386039,limit,outside_band,outside_band,waiting_confirm,1788412980000
2026-09-02:ASIA:8d5c8af5_8ef641a7-815c-4bb5-9798-b070b67d7998_deepseek_1781246265/v14/S1,0,1788413100000,29093.5,20.23977434337894,false,false,29259.109661515067,1.40350708386039,limit,outside_band,outside_band,waiting_confirm,1788413040000
2026-09-02:ASIA:8d5c8af5_8ef641a7-815c-4bb5-9798-b070b67d7998_deepseek_1781246265/v14/S1,0,1788413160000,29080.5,20.776219033137586,false,false,29259.914328549705,1.367268347593011,limit,outside_band,outside_band,waiting_confirm,1788413100000
2026-09-02:ASIA:8d5c8af5_8ef641a7-815c-4bb5-9798-b070b67d7998_deepseek_1781246265/v14/S1,0,1788413220000,29080.25,20.776219033137586,false,false,29259.914328549705,1.367268347593011,limit,outside_band,outside_band,waiting_confirm,1788413160000
2026-09-02:ASIA:8d5c8af5_8ef641a7-815c-4bb5-9798-b070b67d7998_deepseek_1781246265/v14/S1,0,1788413280000,29087.75,21.04407617599473,false,false,29260.31611426399,1.3498652271118408,limit,outside_band,outside_band,waiting_confirm,1788413220000
2026-09-02:ASIA:8d5c8af5_8ef641a7-815c-4bb5-9798-b070b67d7998_deepseek_1781246265/v14/S1,0,1788413340000,29104,21.151219033137586,false,false,29260.476828549705,1.3430273981922165,limit,outside_band,outside_band,waiting_confirm,1788413280000
2026-09-02:ASIA:8d5c8af5_8ef641a7-815c-4bb5-9798-b070b67d7998_deepseek_1781246265/v14/S1,0,1788413400000,29103,21.31193331885195,false,false,29260.717899978277,1.3328995657817622,limit,outside_band,outside_band,waiting_confirm,1788413340000
2026-09-02:ASIA:8d5c8af5_8ef641a7-815c-4bb5-9798-b070b67d7998_deepseek_1781246265/v14/S1,0,1788413460000,29106.5,21.146795224648237,false,false,29260.470192836972,1.3433083531048216,limit,outside_band,outside_band,waiting_confirm,1788413400000
2026-09-02:ASIA:8d5c8af5_8ef641a7-815c-4bb5-9798-b070b67d7998_deepseek_1781246265/v14/S1,0,1788413520000,29104.5,21.432509510362525,false,false,29260.898764265545,1.32540086605032,limit,outside_band,outside_band,waiting_confirm,1788413460000
2026-09-02:ASIA:8d5c8af5_8ef641a7-815c-4bb5-9798-b070b67d7998_deepseek_1781246265/v14/S1,0,1788413580000,29110.5,21.432509510362525,false,false,29260.898764265545,1.32540086605032,limit,outside_band,outside_band,waiting_confirm,1788413520000
2026-09-02:ASIA:8d5c8af5_8ef641a7-815c-4bb5-9798-b070b67d7998_deepseek_1781246265/v14/S1,0,1788413640000,29121.5,21.71822379607681,false,false,29261.327335694114,1.3079645432054108,limit,outside_band,outside_band,waiting_confirm,1788413580000
2026-09-02:ASIA:8d5c8af5_8ef641a7-815c-4bb5-9798-b070b67d7998_deepseek_1781246265/v14/S4,0,1788412140000,29166,15.62700504503619,false,false,29278.440507567553,1.7277782865103561,limit,outside_band,outside_band,waiting_confirm,1788412080000
2026-09-02:ASIA:8d5c8af5_8ef641a7-815c-4bb5-9798-b070b67d7998_deepseek_1781246265/v14/S4,0,1788412200000,29162,15.966290759322089,false,false,29278.949436138984,1.6910627776357157,limit,outside_band,outside_band,waiting_confirm,1788412140000
2026-09-02:ASIA:8d5c8af5_8ef641a7-815c-4bb5-9798-b070b67d7998_deepseek_1781246265/v14/S4,0,1788412260000,29158,15.682984276513368,false,false,29278.52447641477,1.7216111120150055,limit,outside_band,outside_band,waiting_confirm,1788412200000
2026-09-02:ASIA:8d5c8af5_8ef641a7-815c-4bb5-9798-b070b67d7998_deepseek_1781246265/v14/S4,0,1788412320000,29157.25,15.897269990799083,false,false,29278.8459049862,1.698404821433236,limit,outside_band,outside_band,waiting_confirm,1788412260000
2026-09-02:ASIA:8d5c8af5_8ef641a7-815c-4bb5-9798-b070b67d7998_deepseek_1781246265/v14/S4,0,1788412380000,29153,15.915127133656226,false,false,29278.872690700486,1.696499171715739,limit,outside_band,outside_band,waiting_confirm,1788412320000
2026-09-02:ASIA:8d5c8af5_8ef641a7-815c-4bb5-9798-b070b67d7998_deepseek_1781246265/v14/S4,0,1788412440000,29152.5,16.25441284794194,false,false,29279.381619271913,1.6610873768607564,limit,outside_band,outside_band,waiting_confirm,1788412380000
2026-09-02:ASIA:8d5c8af5_8ef641a7-815c-4bb5-9798-b070b67d7998_deepseek_1781246265/v14/S4,0,1788412500000,29148.5,16.754412847942067,false,false,29280.131619271913,1.6115157388709243,limit,outside_band,outside_band,waiting_confirm,1788412440000
2026-09-02:ASIA:8d5c8af5_8ef641a7-815c-4bb5-9798-b070b67d7998_deepseek_1781246265/v14/S4,0,1788412560000,29144.75,16.218383358803347,false,false,29279.327575038205,1.6647775183673883,limit,outside_band,outside_band,waiting_confirm,1788412500000
2026-09-02:ASIA:8d5c8af5_8ef641a7-815c-4bb5-9798-b070b67d7998_deepseek_1781246265/v14/S4,0,1788412620000,29138,16.575526215946205,false,false,29279.86328932392,1.6289075621638645,limit,outside_band,outside_band,waiting_confirm,1788412560000
2026-09-02:ASIA:8d5c8af5_8ef641a7-815c-4bb5-9798-b070b67d7998_deepseek_1781246265/v14/S4,0,1788412680000,29125.75,17.593383358803347,false,false,29281.390075038205,1.5346678606016622,limit,outside_band,outside_band,waiting_confirm,1788412620000
2026-09-02:ASIA:8d5c8af5_8ef641a7-815c-4bb5-9798-b070b67d7998_deepseek_1781246265/v14/S4,0,1788412740000,29123.5,17.896954787374778,false,false,29281.84543218106,1.5086365429636437,limit,outside_band,outside_band,waiting_confirm,1788412680000
2026-09-02:ASIA:8d5c8af5_8ef641a7-815c-4bb5-9798-b070b67d7998_deepseek_1781246265/v14/S4,0,1788412800000,29110.25,18.70052621594612,false,false,29283.05078932392,1.4438096387350243,limit,outside_band,outside_band,waiting_confirm,1788412740000
2026-09-02:ASIA:8d5c8af5_8ef641a7-815c-4bb5-9798-b070b67d7998_deepseek_1781246265/v14/S4,0,1788412860000,29104.75,18.400488629092827,false,false,29282.60073294364,1.46735233744337,limit,outside_band,outside_band,waiting_confirm,1788412800000
2026-09-02:ASIA:8d5c8af5_8ef641a7-815c-4bb5-9798-b070b67d7998_deepseek_1781246265/v14/S4,0,1788412920000,29099.5,18.811202914807115,false,false,29283.216804372212,1.4353149090080601,limit,outside_band,outside_band,waiting_confirm,1788412860000
2026-09-02:ASIA:8d5c8af5_8ef641a7-815c-4bb5-9798-b070b67d7998_deepseek_1781246265/v14/S4,0,1788412980000,29089.75,19.454060057664257,false,false,29284.181090086495,1.3878850954489756,limit,outside_band,outside_band,waiting_confirm,1788412920000
2026-09-02:ASIA:8d5c8af5_8ef641a7-815c-4bb5-9798-b070b67d7998_deepseek_1781246265/v14/S4,0,1788413040000,29090.75,20.239774343378542,false,false,29285.359661515067,1.3340069677621456,limit,outside_band,outside_band,waiting_confirm,1788412980000
2026-09-02:ASIA:8d5c8af5_8ef641a7-815c-4bb5-9798-b070b67d7998_deepseek_1781246265/v14/S4,0,1788413100000,29093.5,20.23977434337894,false,false,29285.359661515067,1.3340069677621456,limit,outside_band,outside_band,waiting_confirm,1788413040000
2026-09-02:ASIA:8d5c8af5_8ef641a7-815c-4bb5-9798-b070b67d7998_deepseek_1781246265/v14/S4,0,1788413160000,29080.5,20.776219033137586,false,false,29286.164328549705,1.2995627335723112,limit,outside_band,outside_band,waiting_confirm,1788413100000
2026-09-02:ASIA:8d5c8af5_8ef641a7-815c-4bb5-9798-b070b67d7998_deepseek_1781246265/v14/S4,0,1788413220000,29080.25,20.776219033137586,false,false,29286.164328549705,1.2995627335723112,limit,outside_band,outside_band,waiting_confirm,1788413160000
2026-09-02:ASIA:8d5c8af5_8ef641a7-815c-4bb5-9798-b070b67d7998_deepseek_1781246265/v14/S4,0,1788413280000,29087.75,21.04407617599473,false,false,29286.56611426399,1.2830213963395636,limit,outside_band,outside_band,waiting_confirm,1788413220000
2026-09-02:ASIA:8d5c8af5_8ef641a7-815c-4bb5-9798-b070b67d7998_deepseek_1781246265/v14/S4,0,1788413340000,29104,21.151219033137586,false,false,29286.726828549705,1.2765221691336313,limit,outside_band,outside_band,waiting_confirm,1788413280000
2026-09-02:ASIA:8d5c8af5_8ef641a7-815c-4bb5-9798-b070b67d7998_deepseek_1781246265/v14/S4,0,1788413400000,29103,21.31193331885195,false,false,29286.967899978277,1.266895855765328,limit,outside_band,outside_band,waiting_confirm,1788413340000
2026-09-02:ASIA:8d5c8af5_8ef641a7-815c-4bb5-9798-b070b67d7998_deepseek_1781246265/v14/S4,0,1788413460000,29106.5,21.146795224648237,false,false,29286.720192836972,1.2767892114701838,limit,outside_band,outside_band,waiting_confirm,1788413400000
2026-09-02:ASIA:8d5c8af5_8ef641a7-815c-4bb5-9798-b070b67d7998_deepseek_1781246265/v14/S4,0,1788413520000,29104.5,21.432509510362525,false,false,29287.148764265545,1.2597684833381184,limit,outside_band,outside_band,waiting_confirm,1788413460000
2026-09-02:ASIA:8d5c8af5_8ef641a7-815c-4bb5-9798-b070b67d7998_deepseek_1781246265/v14/S4,0,1788413580000,29110.5,21.432509510362525,false,false,29287.148764265545,1.2597684833381184,limit,outside_band,outside_band,waiting_confirm,1788413520000
2026-09-02:ASIA:8d5c8af5_8ef641a7-815c-4bb5-9798-b070b67d7998_deepseek_1781246265/v14/S4,0,1788413640000,29121.5,21.71822379607681,false,false,29287.577335694114,1.2431955878859051,limit,outside_band,outside_band,waiting_confirm,1788413580000
2026-09-03:NY:8d5c8af5_8ef641a7-815c-4bb5-9798-b070b67d7998_deepseek_1781246265/v1/S1,0,1788442200000,29248.75,31.49232068907954,false,false,29306.908481033617,1.7134335869604902,limit,send_limit,send_limit,waiting_confirm,1788442140000
2026-09-03:NY:8d5c8af5_8ef641a7-815c-4bb5-9798-b070b67d7998_deepseek_1781246265/v1/S1,0,1788442260000,29282.75,32.45715492557386,true,false,29308.355732388358,1.662499381838422,limit,cancel_marketable,cancel_marketable,rr_refused,1788442200000
2026-09-03:NY:8d5c8af5_8ef641a7-815c-4bb5-9798-b070b67d7998_deepseek_1781246265/v1/S1,0,1788442320000,29245.5,32.45715492557386,true,false,29308.355732388358,1.662499381838422,limit,send_limit,send_limit,rr_refused,1788442260000
2026-09-03:NY:8d5c8af5_8ef641a7-815c-4bb5-9798-b070b67d7998_deepseek_1781246265/v1/S1,0,1788442380000,29239.75,33.689297782716714,true,false,29310.20394667407,1.6016955992381503,limit,send_limit,send_limit,rr_refused,1788442320000
2026-09-03:NY:8d5c8af5_8ef641a7-815c-4bb5-9798-b070b67d7998_deepseek_1781246265/v1/S1,0,1788442440000,29260,33.689297782716714,true,false,29310.20394667407,1.6016955992381503,limit,cancel_marketable,cancel_marketable,rr_refused,1788442380000
2026-09-03:NY:8d5c8af5_8ef641a7-815c-4bb5-9798-b070b67d7998_deepseek_1781246265/v1/S1,0,1788442500000,29253.75,33.68929778271667,true,false,29310.20394667407,1.6016955992381503,limit,send_limit,send_limit,rr_refused,1788442440000
2026-09-03:NY:8d5c8af5_8ef641a7-815c-4bb5-9798-b070b67d7998_deepseek_1781246265/v1/S1,0,1788442560000,29250.25,33.08649079823691,true,false,29309.299736197354,1.6308770950975007,limit,send_limit,send_limit,rr_refused,1788442500000
2026-09-03:NY:8d5c8af5_8ef641a7-815c-4bb5-9798-b070b67d7998_deepseek_1781246265/v1/S1,0,1788442620000,29220.75,36.407919369665485,true,false,29314.281879054495,1.4820951302413345,limit,outside_band,outside_band,rr_refused,1788442560000
2026-09-03:NY:8d5c8af5_8ef641a7-815c-4bb5-9798-b070b67d7998_deepseek_1781246265/v1/S1,0,1788442680000,29260.75,36.407919369665485,true,false,29314.281879054495,1.4820951302413345,limit,cancel_marketable,cancel_marketable,rr_refused,1788442620000
2026-09-03:NY:8d5c8af5_8ef641a7-815c-4bb5-9798-b070b67d7998_deepseek_1781246265/v1/S1,0,1788442740000,29281.75,37.90791936966548,true,false,29316.531879054495,1.4234492659383455,limit,cancel_marketable,cancel_marketable,rr_refused,1788442680000
2026-09-03:NY:8d5c8af5_8ef641a7-815c-4bb5-9798-b070b67d7998_deepseek_1781246265/v1/S1,0,1788442800000,29329.25,40.943633655379834,true,true,29321.085450483068,1.3179094081921885,limit,cancel_marketable,cancel_marketable,rr_refused,1788442740000
2026-09-03:NY:8d5c8af5_8ef641a7-815c-4bb5-9798-b070b67d7998_deepseek_1781246265/v1/S1,0,1788442860000,29330.5,40.233374108566984,true,true,29320.02006116285,1.341175111348874,limit,cancel_marketable,cancel_marketable,rr_refused,1788442800000
2026-09-03:NY:8d5c8af5_8ef641a7-815c-4bb5-9798-b070b67d7998_deepseek_1781246265/v1/S1,0,1788442920000,29353.5,41.304802679995554,true,true,29321.62720401999,1.306385613751718,limit,cancel_marketable,cancel_marketable,rr_refused,1788442860000
2026-09-03:NY:8d5c8af5_8ef641a7-815c-4bb5-9798-b070b67d7998_deepseek_1781246265/v1/S1,0,1788442980000,29335.5,41.304802679995554,true,true,29321.62720401999,1.306385613751718,limit,cancel_marketable,cancel_marketable,rr_refused,1788442920000
2026-09-03:NY:8d5c8af5_8ef641a7-815c-4bb5-9798-b070b67d7998_deepseek_1781246265/v1/S1,0,1788443040000,29324.25,41.304802679995554,true,true,29321.62720401999,1.306385613751718,limit,cancel_marketable,cancel_marketable,rr_refused,1788442980000
2026-09-03:NY:8d5c8af5_8ef641a7-815c-4bb5-9798-b070b67d7998_deepseek_1781246265/v1/S1,0,1788443100000,29345.25,41.30480267999563,true,true,29321.62720401999,1.306385613751718,limit,cancel_marketable,cancel_marketable,rr_refused,1788443040000
2026-09-03:LONDON:8d5c8af5_8ef641a7-815c-4bb5-9798-b070b67d7998_deepseek_1781246265/v2/S1,0,1788441360000,29238,28.804069302973435,false,false,29263.17610395446,1.7467439341336333,limit,cancel_marketable,cancel_marketable,waiting_confirm,1788441300000
2026-09-03:LONDON:8d5c8af5_8ef641a7-815c-4bb5-9798-b070b67d7998_deepseek_1781246265/v2/S1,0,1788441420000,29236.5,28.89335501725915,false,false,29263.31003252589,1.7413461781534436,limit,cancel_marketable,cancel_marketable,waiting_confirm,1788441360000
2026-09-03:LONDON:8d5c8af5_8ef641a7-815c-4bb5-9798-b070b67d7998_deepseek_1781246265/v2/S1,0,1788441480000,29228.5,29.375497874402008,false,false,29264.033246811603,1.7127652967263844,limit,cancel_marketable,cancel_marketable,waiting_confirm,1788441420000
2026-09-03:LONDON:8d5c8af5_8ef641a7-815c-4bb5-9798-b070b67d7998_deepseek_1781246265/v2/S1,0,1788441540000,29217.75,30.286212160116293,true,false,29265.399318240175,1.6612619982762824,limit,send_limit,send_limit,rr_refused,1788441480000
2026-09-03:LONDON:8d5c8af5_8ef641a7-815c-4bb5-9798-b070b67d7998_deepseek_1781246265/v2/S1,0,1788441600000,29206.25,31.161212160116186,true,false,29266.711818240175,1.614614125882145,limit,send_limit,send_limit,rr_refused,1788441540000
2026-09-03:LONDON:8d5c8af5_8ef641a7-815c-4bb5-9798-b070b67d7998_deepseek_1781246265/v2/S1,0,1788441660000,29209,29.63183986296503,true,false,29264.417759794447,1.697948340906745,limit,send_limit,send_limit,rr_refused,1788441600000
2026-09-03:LONDON:8d5c8af5_8ef641a7-815c-4bb5-9798-b070b67d7998_deepseek_1781246265/v2/S1,0,1788441720000,29211.75,29.774697005822173,true,false,29264.632045508733,1.6898016904587447,limit,send_limit,send_limit,rr_refused,1788441660000
2026-09-03:LONDON:8d5c8af5_8ef641a7-815c-4bb5-9798-b070b67d7998_deepseek_1781246265/v2/S1,0,1788441780000,29212.75,30.00683986296503,true,false,29264.980259794447,1.6767288245982013,limit,send_limit,send_limit,rr_refused,1788441720000
2026-09-03:LONDON:8d5c8af5_8ef641a7-815c-4bb5-9798-b070b67d7998_deepseek_1781246265/v2/S1,0,1788441840000,29210.5,30.078268434393603,true,false,29265.087402651592,1.6727470014797026,limit,send_limit,send_limit,rr_refused,1788441780000
2026-09-03:LONDON:8d5c8af5_8ef641a7-815c-4bb5-9798-b070b67d7998_deepseek_1781246265/v2/S1,0,1788441900000,29224.75,30.70326843439335,true,true,29266.024902651592,1.6386963310060119,limit,cancel_marketable,cancel_marketable,rr_refused,1788441840000
2026-09-03:LONDON:8d5c8af5_8ef641a7-815c-4bb5-9798-b070b67d7998_deepseek_1781246265/v2/S1,0,1788441960000,29232.5,30.081606403365253,true,true,29265.092409605048,1.6725613871374618,limit,cancel_marketable,cancel_marketable,rr_refused,1788441900000
2026-09-03:LONDON:8d5c8af5_8ef641a7-815c-4bb5-9798-b070b67d7998_deepseek_1781246265/v2/S1,0,1788442020000,29230.5,30.331606403365253,true,true,29265.467409605048,1.658775755699953,limit,cancel_marketable,cancel_marketable,rr_refused,1788441960000
2026-09-03:LONDON:8d5c8af5_8ef641a7-815c-4bb5-9798-b070b67d7998_deepseek_1781246265/v2/S1,0,1788442080000,29245,30.831606403365253,true,true,29266.217409605048,1.6318751827295004,limit,cancel_marketable,cancel_marketable,rr_refused,1788442020000
2026-09-03:LONDON:8d5c8af5_8ef641a7-815c-4bb5-9798-b070b67d7998_deepseek_1781246265/v2/S1,0,1788442140000,29247.25,31.29589211765097,true,true,29266.91383817648,1.60766573274823,limit,cancel_marketable,cancel_marketable,rr_refused,1788442080000
2026-09-03:NY:8d5c8af5_8ef641a7-815c-4bb5-9798-b070b67d7998_deepseek_1781246265/v2/S1,0,1788443160000,29332.5,40.015173917138796,false,false,29345.02276087571,2.340778697116892,limit,cancel_marketable,cancel_marketable,waiting_confirm,1788443100000
2026-09-03:NY:8d5c8af5_8ef641a7-815c-4bb5-9798-b070b67d7998_deepseek_1781246265/v2/S1,0,1788443220000,29343.5,40.71160248856737,false,false,29346.06740373285,2.3007364225707367,limit,cancel_marketable,cancel_marketable,waiting_confirm,1788443160000
2026-09-03:NY:8d5c8af5_8ef641a7-815c-4bb5-9798-b070b67d7998_deepseek_1781246265/v2/S1,0,1788443280000,29343,40.97945963142451,false,false,29346.469189447136,2.285697944997807,limit,cancel_marketable,cancel_marketable,waiting_confirm,1788443220000
2026-09-03:NY:8d5c8af5_8ef641a7-815c-4bb5-9798-b070b67d7998_deepseek_1781246265/v2/S1,0,1788443340000,29341.75,40.97945963142451,false,false,29346.469189447136,2.285697944997807,limit,cancel_marketable,cancel_marketable,waiting_confirm,1788443280000
2026-09-03:NY:8d5c8af5_8ef641a7-815c-4bb5-9798-b070b67d7998_deepseek_1781246265/v2/S1,0,1788443400000,29359.25,41.87231677428155,false,true,29347.808475161422,2.2369592581081563,limit,cancel_marketable,cancel_marketable,waiting_confirm,1788443340000
2026-09-03:NY:8d5c8af5_8ef641a7-815c-4bb5-9798-b070b67d7998_deepseek_1781246265/v2/S1,0,1788443460000,29361.5,40.34572271897572,false,true,29345.518584078465,2.321600912173277,limit,cancel_marketable,cancel_marketable,waiting_confirm,1788443400000
2026-09-03:NY:8d5c8af5_8ef641a7-815c-4bb5-9798-b070b67d7998_deepseek_1781246265/v2/S1,0,1788443520000,29372,40.89929414754715,false,true,29346.34894122132,2.290178073214616,limit,cancel_marketable,cancel_marketable,waiting_confirm,1788443460000
2026-09-03:NY:8d5c8af5_8ef641a7-815c-4bb5-9798-b070b67d7998_deepseek_1781246265/v2/S1,0,1788443580000,29345.25,41.11357986183287,false,true,29346.670369792748,2.278241568392902,limit,cancel_marketable,cancel_marketable,waiting_confirm,1788443520000
2026-09-03:NY:8d5c8af5_8ef641a7-815c-4bb5-9798-b070b67d7998_deepseek_1781246265/v2/S1,0,1788443640000,29333.25,42.31000843326144,false,true,29348.465012649893,2.213818198935433,limit,cancel_marketable,cancel_marketable,waiting_confirm,1788443580000
2026-09-03:NY:8d5c8af5_8ef641a7-815c-4bb5-9798-b070b67d7998_deepseek_1781246265/v2/S1,0,1788443700000,29348.75,42.50643700468989,false,true,29348.759655507034,2.2035878155662223,limit,cancel_marketable,cancel_marketable,waiting_confirm,1788443640000
2026-09-03:NY:8d5c8af5_8ef641a7-815c-4bb5-9798-b070b67d7998_deepseek_1781246265/v2/S1,0,1788443760000,29329,41.4166915043549,false,true,29347.125037256534,2.2615680602303962,limit,cancel_marketable,cancel_marketable,waiting_confirm,1788443700000
2026-09-03:NY:8d5c8af5_8ef641a7-815c-4bb5-9798-b070b67d7998_deepseek_1781246265/v2/S1,0,1788443820000,29306.25,43.023834361497755,false,true,29349.535751542247,2.1770878411173933,limit,cancel_marketable,cancel_marketable,waiting_confirm,1788443760000
2026-09-03:NY:8d5c8af5_8ef641a7-815c-4bb5-9798-b070b67d7998_deepseek_1781246265/v2/S1,0,1788443880000,29298.25,43.61312007578347,false,true,29350.419680113675,2.147671767209247,limit,cancel_marketable,cancel_marketable,waiting_confirm,1788443820000
2026-09-03:NY:8d5c8af5_8ef641a7-815c-4bb5-9798-b070b67d7998_deepseek_1781246265/v2/S1,0,1788443940000,29320.25,43.61312007578347,false,true,29350.419680113675,2.147671767209247,limit,cancel_marketable,cancel_marketable,waiting_confirm,1788443880000
2026-09-03:NY:8d5c8af5_8ef641a7-815c-4bb5-9798-b070b67d7998_deepseek_1781246265/v2/S1,0,1788444000000,29332.25,43.6131200757834,false,true,29350.419680113675,2.147671767209247,limit,cancel_marketable,cancel_marketable,waiting_confirm,1788443940000
2026-09-03:NY:8d5c8af5_8ef641a7-815c-4bb5-9798-b070b67d7998_deepseek_1781246265/v2/S1,0,1788444060000,29285,44.67646864179887,true,true,29352.014702962697,2.09655484227406,limit,send_limit,send_limit,invalidation_refused,1788444000000
2026-09-03:NY:8d5c8af5_8ef641a7-815c-4bb5-9798-b070b67d7998_deepseek_1781246265/v2/S1,0,1788444120000,29265,45.74789721322744,true,true,29353.621845819842,2.0474529404071315,limit,send_limit,send_limit,invalidation_refused,1788444060000
2026-09-03:NY:8d5c8af5_8ef641a7-815c-4bb5-9798-b070b67d7998_deepseek_1781246265/v2/S1,0,1788444180000,29278.25,46.6050400703703,true,true,29354.907560105556,2.0097969345211686,limit,send_limit,send_limit,invalidation_refused,1788444120000
2026-09-03:NY:8d5c8af5_8ef641a7-815c-4bb5-9798-b070b67d7998_deepseek_1781246265/v2/S1,0,1788444240000,29291.5,46.6050400703703,true,true,29354.907560105556,2.0097969345211686,limit,cancel_marketable,cancel_marketable,invalidation_refused,1788444180000
2026-09-03:NY:8d5c8af5_8ef641a7-815c-4bb5-9798-b070b67d7998_deepseek_1781246265/v2/S1,0,1788444300000,29267.5,46.60504007037033,true,false,29354.907560105556,2.0097969345211686,limit,send_limit,send_limit,passes_known_local_checks,1788444240000
2026-09-03:NY:8d5c8af5_8ef641a7-815c-4bb5-9798-b070b67d7998_deepseek_1781246265/v2/S1,0,1788444360000,29282.75,45.043965779629595,true,false,29352.565948669446,2.0794498229777085,limit,send_limit,send_limit,passes_known_local_checks,1788444300000
2026-09-03:NY:8d5c8af5_8ef641a7-815c-4bb5-9798-b070b67d7998_deepseek_1781246265/v2/S1,0,1788444420000,29279.25,45.09753720820102,true,false,29352.6463058123,2.0769796415763975,limit,send_limit,send_limit,passes_known_local_checks,1788444360000
2026-09-03:NY:8d5c8af5_8ef641a7-815c-4bb5-9798-b070b67d7998_deepseek_1781246265/v2/S1,0,1788444480000,29253.5,45.52610863677245,true,false,29353.28916295516,2.0574274734082767,limit,outside_band,outside_band,passes_known_local_checks,1788444420000
2026-09-03:NY:8d5c8af5_8ef641a7-815c-4bb5-9798-b070b67d7998_deepseek_1781246265/v2/S1,0,1788444540000,29256.5,46.293965779629595,true,false,29354.440948669446,2.0233018513155825,limit,outside_band,outside_band,passes_known_local_checks,1788444480000
2026-09-03:NY:8d5c8af5_8ef641a7-815c-4bb5-9798-b070b67d7998_deepseek_1781246265/v2/S1,0,1788444600000,29267.5,46.29396577962964,true,false,29354.440948669446,2.0233018513155825,limit,send_limit,send_limit,passes_known_local_checks,1788444540000
2026-09-03:NY:8d5c8af5_8ef641a7-815c-4bb5-9798-b070b67d7998_deepseek_1781246265/v2/S1,0,1788444660000,29261,44.93368250965609,true,false,29352.400523764485,2.0845535339004693,limit,send_limit,send_limit,passes_known_local_checks,1788444600000
2026-09-03:NY:8d5c8af5_8ef641a7-815c-4bb5-9798-b070b67d7998_deepseek_1781246265/v2/S1,0,1788444720000,29287.75,45.71939679537037,true,false,29353.579095193054,2.0487292753642308,limit,cancel_marketable,cancel_marketable,passes_known_local_checks,1788444660000
2026-09-03:NY:8d5c8af5_8ef641a7-815c-4bb5-9798-b070b67d7998_deepseek_1781246265/v2/S1,0,1788444780000,29286.75,46.57653965251323,true,false,29354.86480947877,2.011026739329925,limit,cancel_marketable,cancel_marketable,passes_known_local_checks,1788444720000
2026-09-03:NY:8d5c8af5_8ef641a7-815c-4bb5-9798-b070b67d7998_deepseek_1781246265/v2/S1,0,1788444840000,29285.75,46.57653965251323,true,false,29354.86480947877,2.011026739329925,limit,cancel_marketable,cancel_marketable,passes_known_local_checks,1788444780000
2026-09-03:NY:8d5c8af5_8ef641a7-815c-4bb5-9798-b070b67d7998_deepseek_1781246265/v2/S1,0,1788444900000,29301.5,46.86225393822757,true,true,29355.29338090734,1.9987657185703627,limit,cancel_marketable,cancel_marketable,rr_refused,1788444840000
2026-09-03:NY:8d5c8af5_8ef641a7-815c-4bb5-9798-b070b67d7998_deepseek_1781246265/v3/S2,0,1788444960000,29315.25,45.657807228354166,false,false,29419.53671084253,2.0704746695462406,limit,outside_band,outside_band,waiting_confirm,1788444900000
2026-09-03:NY:8d5c8af5_8ef641a7-815c-4bb5-9798-b070b67d7998_deepseek_1781246265/v3/S2,0,1788445020000,29315.75,45.657807228354166,false,false,29419.53671084253,2.0704746695462406,limit,outside_band,outside_band,waiting_confirm,1788444960000
2026-09-03:NY:8d5c8af5_8ef641a7-815c-4bb5-9798-b070b67d7998_deepseek_1781246265/v3/S2,0,1788445080000,29326.5,45.92566437121131,false,false,29419.938496556817,2.058398819649748,limit,send_limit,send_limit,waiting_confirm,1788445020000
2026-09-03:NY:8d5c8af5_8ef641a7-815c-4bb5-9798-b070b67d7998_deepseek_1781246265/v3/S2,0,1788445140000,29319.75,45.92566437121131,false,false,29419.938496556817,2.058398819649748,limit,outside_band,outside_band,waiting_confirm,1788445080000
2026-09-03:NY:8d5c8af5_8ef641a7-815c-4bb5-9798-b070b67d7998_deepseek_1781246265/v3/S2,0,1788445200000,29342.75,47.372092942640016,false,false,29422.10813941396,1.995549013377958,limit,send_limit,send_limit,waiting_confirm,1788445140000
2026-09-03:NY:8d5c8af5_8ef641a7-815c-4bb5-9798-b070b67d7998_deepseek_1781246265/v3/S2,0,1788445260000,29348,45.25622916102287,true,false,29418.934343741534,2.088846885518911,limit,send_limit,send_limit,passes_known_local_checks,1788445200000
2026-09-03:NY:8d5c8af5_8ef641a7-815c-4bb5-9798-b070b67d7998_deepseek_1781246265/v3/S2,0,1788445320000,29333.5,46.27408630388002,true,false,29420.46112945582,2.042900052364849,limit,send_limit,send_limit,passes_known_local_checks,1788445260000
2026-09-03:NY:8d5c8af5_8ef641a7-815c-4bb5-9798-b070b67d7998_deepseek_1781246265/v3/S2,0,1788445380000,29347.75,46.27408630388002,true,false,29420.46112945582,2.042900052364849,limit,send_limit,send_limit,passes_known_local_checks,1788445320000
2026-09-03:NY:8d5c8af5_8ef641a7-815c-4bb5-9798-b070b67d7998_deepseek_1781246265/v3/S2,0,1788445440000,29354.25,46.54194344673716,true,false,29420.862915170106,2.0311428000748566,limit,cancel_marketable,cancel_marketable,passes_known_local_checks,1788445380000
2026-09-03:NY:8d5c8af5_8ef641a7-815c-4bb5-9798-b070b67d7998_deepseek_1781246265/v3/S2,0,1788445500000,29350.75,46.54194344673716,true,false,29420.862915170106,2.0311428000748566,limit,send_limit,send_limit,passes_known_local_checks,1788445440000
2026-09-03:NY:8d5c8af5_8ef641a7-815c-4bb5-9798-b070b67d7998_deepseek_1781246265/v3/S2,0,1788445560000,29344.75,45.07466177197022,true,false,29418.75,2.094534711964516,limit,send_limit,send_limit,passes_known_local_checks,1788445500000
2026-09-03:NY:8d5c8af5_8ef641a7-815c-4bb5-9798-b070b67d7998_deepseek_1781246265/v3/S2,0,1788445620000,29348.25,45.46751891482736,true,false,29419.25127837224,2.0791399132734125,limit,send_limit,send_limit,passes_known_local_checks,1788445560000
2026-09-03:NY:8d5c8af5_8ef641a7-815c-4bb5-9798-b070b67d7998_deepseek_1781246265/v3/S2,0,1788445680000,29361.75,45.663947486255935,true,false,29419.545921229383,2.070196260666831,limit,cancel_marketable,cancel_marketable,passes_known_local_checks,1788445620000
2026-09-03:NY:8d5c8af5_8ef641a7-815c-4bb5-9798-b070b67d7998_deepseek_1781246265/v3/S2,0,1788445740000,29350,45.87823320054165,true,false,29419.86734980081,2.060526893442333,limit,send_limit,send_limit,passes_known_local_checks,1788445680000
2026-09-03:NY:8d5c8af5_8ef641a7-815c-4bb5-9798-b070b67d7998_deepseek_1781246265/v3/S2,0,1788445800000,29343.25,45.878233200541715,true,false,29419.86734980081,2.060526893442333,limit,send_limit,send_limit,passes_known_local_checks,1788445740000
2026-09-03:NY:8d5c8af5_8ef641a7-815c-4bb5-9798-b070b67d7998_deepseek_1781246265/v3/S2,0,1788445860000,29355.75,44.22621654336017,true,false,29418.75,2.094534711964516,limit,cancel_marketable,cancel_marketable,passes_known_local_checks,1788445800000
2026-09-03:NY:8d5c8af5_8ef641a7-815c-4bb5-9798-b070b67d7998_deepseek_1781246265/v3/S2,0,1788445920000,29327.75,45.33335940050302,true,false,29419.050039100755,2.085292918580433,limit,send_limit,send_limit,passes_known_local_checks,1788445860000
2026-09-03:NY:8d5c8af5_8ef641a7-815c-4bb5-9798-b070b67d7998_deepseek_1781246265/v3/S2,0,1788445980000,29319.5,46.33335940050302,true,false,29420.550039100755,2.0402866219172613,limit,outside_band,outside_band,passes_known_local_checks,1788445920000
2026-09-03:NY:8d5c8af5_8ef641a7-815c-4bb5-9798-b070b67d7998_deepseek_1781246265/v3/S2,0,1788446040000,29308.25,46.422645114788736,true,false,29420.683967672183,2.036362492907947,limit,outside_band,outside_band,passes_known_local_checks,1788445980000
2026-09-03:NY:8d5c8af5_8ef641a7-815c-4bb5-9798-b070b67d7998_deepseek_1781246265/v3/S2,0,1788446100000,29287.75,48.06550225764575,true,false,29423.14825338647,1.966760543281202,limit,outside_band,outside_band,rr_refused,1788446040000
2026-09-03:NY:8d5c8af5_8ef641a7-815c-4bb5-9798-b070b67d7998_deepseek_1781246265/v3/S2,0,1788446160000,29313,47.007252096385336,true,false,29421.560878144577,2.011037214842904,limit,outside_band,outside_band,passes_known_local_checks,1788446100000
2026-09-03:NY:8d5c8af5_8ef641a7-815c-4bb5-9798-b070b67d7998_deepseek_1781246265/v3/S2,0,1788446220000,29302.25,47.04296638209962,true,false,29421.61444957315,2.0095104667826096,limit,outside_band,outside_band,passes_known_local_checks,1788446160000
2026-09-03:NY:8d5c8af5_8ef641a7-815c-4bb5-9798-b070b67d7998_deepseek_1781246265/v3/S2,0,1788446280000,29296,47.04296638209962,true,false,29421.61444957315,2.0095104667826096,limit,outside_band,outside_band,passes_known_local_checks,1788446220000
2026-09-03:NY:8d5c8af5_8ef641a7-815c-4bb5-9798-b070b67d7998_deepseek_1781246265/v3/S2,0,1788446340000,29291.5,47.203680667813906,true,false,29421.85552100172,2.0026686901513844,limit,outside_band,outside_band,passes_known_local_checks,1788446280000
2026-09-03:NY:8d5c8af5_8ef641a7-815c-4bb5-9798-b070b67d7998_deepseek_1781246265/v3/S2,0,1788446400000,29284.5,47.41796638209962,true,false,29422.17694957315,1.9936184646041288,limit,outside_band,outside_band,rr_refused,1788446340000
2026-09-03:NY:8d5c8af5_8ef641a7-815c-4bb5-9798-b070b67d7998_deepseek_1781246265/v3/S2,0,1788446460000,29274.25,45.53096878337822,true,false,29419.346453175065,2.076242519307996,limit,outside_band,outside_band,passes_known_local_checks,1788446400000
2026-09-03:NY:8d5c8af5_8ef641a7-815c-4bb5-9798-b070b67d7998_deepseek_1781246265/v3/S2,0,1788446520000,29297.5,45.85239735480679,true,false,29419.82859603221,2.061687911361126,limit,outside_band,outside_band,passes_known_local_checks,1788446460000
2026-09-03:NY:8d5c8af5_8ef641a7-815c-4bb5-9798-b070b67d7998_deepseek_1781246265/v3/S2,0,1788446580000,29296.75,46.83454021194965,true,false,29421.301810317924,2.0184533232422543,limit,outside_band,outside_band,passes_known_local_checks,1788446520000
2026-09-03:NY:8d5c8af5_8ef641a7-815c-4bb5-9798-b070b67d7998_deepseek_1781246265/v3/S2,0,1788446640000,29290,46.83454021194965,true,false,29421.301810317924,2.0184533232422543,limit,outside_band,outside_band,passes_known_local_checks,1788446580000
2026-09-03:NY:8d5c8af5_8ef641a7-815c-4bb5-9798-b070b67d7998_deepseek_1781246265/v6/S2,0,1788450600000,29513.5,41.57020548494578,false,false,29364.25,1.1853595890411095,limit,outside_band,outside_band,waiting_confirm,1788450540000
2026-09-03:NY:8d5c8af5_8ef641a7-815c-4bb5-9798-b070b67d7998_deepseek_1781246265/v6/S2,0,1788450660000,29515.5,39.10090509316394,false,false,29364.25,1.1853595890411095,limit,outside_band,outside_band,waiting_confirm,1788450600000
2026-09-03:NY:8d5c8af5_8ef641a7-815c-4bb5-9798-b070b67d7998_deepseek_1781246265/v6/S2,0,1788450720000,29523,39.77947652173537,false,false,29364.25,1.1853595890411095,limit,outside_band,outside_band,waiting_confirm,1788450660000
2026-09-03:NY:8d5c8af5_8ef641a7-815c-4bb5-9798-b070b67d7998_deepseek_1781246265/v6/S2,0,1788450780000,29526.75,40.31519080744965,false,false,29364.25,1.1853595890411095,limit,outside_band,outside_band,waiting_confirm,1788450720000
2026-09-03:NY:8d5c8af5_8ef641a7-815c-4bb5-9798-b070b67d7998_deepseek_1781246265/v6/S2,0,1788450840000,29520.25,40.31519080744965,false,false,29364.25,1.1853595890411095,limit,outside_band,outside_band,waiting_confirm,1788450780000
2026-09-03:NY:8d5c8af5_8ef641a7-815c-4bb5-9798-b070b67d7998_deepseek_1781246265/v6/S2,0,1788450900000,29528,40.31519080744979,false,false,29364.25,1.1853595890411095,limit,outside_band,outside_band,waiting_confirm,1788450840000
2026-09-03:NY:8d5c8af5_8ef641a7-815c-4bb5-9798-b070b67d7998_deepseek_1781246265/v6/S2,0,1788450960000,29527.75,37.971248606917655,false,false,29414,2.0648769574944406,limit,outside_band,outside_band,waiting_confirm,1788450900000
2026-09-03:NY:8d5c8af5_8ef641a7-815c-4bb5-9798-b070b67d7998_deepseek_1781246265/v6/S2,0,1788451020000,29525.75,38.18553432120337,false,false,29414,2.0648769574944406,limit,outside_band,outside_band,waiting_confirm,1788450960000
2026-09-03:NY:8d5c8af5_8ef641a7-815c-4bb5-9798-b070b67d7998_deepseek_1781246265/v6/S2,0,1788451080000,29529.75,38.43553432120337,false,false,29414,2.0648769574944406,limit,outside_band,outside_band,waiting_confirm,1788451020000
2026-09-03:NY:8d5c8af5_8ef641a7-815c-4bb5-9798-b070b67d7998_deepseek_1781246265/v6/S2,0,1788451140000,29531.5,38.43553432120337,false,false,29414,2.0648769574944406,limit,outside_band,outside_band,waiting_confirm,1788451080000
2026-09-03:NY:8d5c8af5_8ef641a7-815c-4bb5-9798-b070b67d7998_deepseek_1781246265/v6/S2,0,1788451200000,29538.25,38.774820035488894,false,false,29364.25,1.1853595890411095,limit,outside_band,outside_band,waiting_confirm,1788451140000
2026-09-03:NY:8d5c8af5_8ef641a7-815c-4bb5-9798-b070b67d7998_deepseek_1781246265/v6/S2,0,1788451260000,29529.5,36.969475747239684,false,false,29414,2.0648769574944406,limit,outside_band,outside_band,waiting_confirm,1788451200000
2026-09-03:NY:8d5c8af5_8ef641a7-815c-4bb5-9798-b070b67d7998_deepseek_1781246265/v6/S2,0,1788451320000,29527.75,37.0587614615254,false,false,29414,2.0648769574944406,limit,outside_band,outside_band,waiting_confirm,1788451260000
2026-09-03:NY:8d5c8af5_8ef641a7-815c-4bb5-9798-b070b67d7998_deepseek_1781246265/v6/S2,0,1788451380000,29529.25,37.14804717581111,false,false,29414,2.0648769574944406,limit,outside_band,outside_band,waiting_confirm,1788451320000
2026-09-03:NY:8d5c8af5_8ef641a7-815c-4bb5-9798-b070b67d7998_deepseek_1781246265/v6/S2,0,1788451440000,29529.5,37.219475747239684,false,false,29414,2.0648769574944406,limit,outside_band,outside_band,waiting_confirm,1788451380000
2026-09-03:NY:8d5c8af5_8ef641a7-815c-4bb5-9798-b070b67d7998_deepseek_1781246265/v6/S2,0,1788451500000,29512.5,37.93376146152578,false,false,29414,2.0648769574944406,limit,outside_band,outside_band,waiting_confirm,1788451440000
2026-09-03:NY:8d5c8af5_8ef641a7-815c-4bb5-9798-b070b67d7998_deepseek_1781246265/v6/S2,0,1788451560000,29513,35.79563564284537,false,false,29414,2.0648769574944406,limit,outside_band,outside_band,waiting_confirm,1788451500000
2026-09-03:NY:8d5c8af5_8ef641a7-815c-4bb5-9798-b070b67d7998_deepseek_1781246265/v6/S2,0,1788451620000,29506.5,36.313492785702515,false,false,29414,2.0648769574944406,limit,outside_band,outside_band,waiting_confirm,1788451560000
2026-09-03:NY:8d5c8af5_8ef641a7-815c-4bb5-9798-b070b67d7998_deepseek_1781246265/v6/S2,0,1788451680000,29506.5,36.313492785702515,false,false,29414,2.0648769574944406,limit,outside_band,outside_band,waiting_confirm,1788451620000
2026-09-03:NY:8d5c8af5_8ef641a7-815c-4bb5-9798-b070b67d7998_deepseek_1781246265/v6/S2,0,1788451740000,29509,36.313492785702515,false,false,29414,2.0648769574944406,limit,outside_band,outside_band,waiting_confirm,1788451680000
2026-09-03:NY:8d5c8af5_8ef641a7-815c-4bb5-9798-b070b67d7998_deepseek_1781246265/v6/S2,0,1788451800000,29510.25,36.3492070714165,false,false,29414,2.0648769574944406,limit,outside_band,outside_band,waiting_confirm,1788451740000
2026-09-03:NY:8d5c8af5_8ef641a7-815c-4bb5-9798-b070b67d7998_deepseek_1781246265/v6/S2,0,1788451860000,29519.25,34.69926370917246,false,false,29414,2.0648769574944406,limit,outside_band,outside_band,waiting_confirm,1788451800000
2026-09-03:NY:8d5c8af5_8ef641a7-815c-4bb5-9798-b070b67d7998_deepseek_1781246265/v6/S2,0,1788451920000,29507.5,34.806406566315324,false,false,29414,2.0648769574944406,limit,outside_band,outside_band,waiting_confirm,1788451860000
2026-09-03:NY:8d5c8af5_8ef641a7-815c-4bb5-9798-b070b67d7998_deepseek_1781246265/v6/S2,0,1788451980000,29508.5,34.94926370917246,false,false,29414,2.0648769574944406,limit,outside_band,outside_band,waiting_confirm,1788451920000
2026-09-03:NY:8d5c8af5_8ef641a7-815c-4bb5-9798-b070b67d7998_deepseek_1781246265/v6/S2,0,1788452040000,29510.25,34.94926370917246,false,false,29414,2.0648769574944406,limit,outside_band,outside_band,waiting_confirm,1788451980000
2026-09-03:NY:8d5c8af5_8ef641a7-815c-4bb5-9798-b070b67d7998_deepseek_1781246265/v6/S2,0,1788452100000,29519.25,35.14569228060129,false,false,29414,2.0648769574944406,limit,outside_band,outside_band,waiting_confirm,1788452040000
2026-09-03:NY:8d5c8af5_8ef641a7-815c-4bb5-9798-b070b67d7998_deepseek_1781246265/v6/S2,0,1788452160000,29519,33.3138571177012,false,false,29414,2.0648769574944406,limit,outside_band,outside_band,waiting_confirm,1788452100000
2026-09-03:NY:8d5c8af5_8ef641a7-815c-4bb5-9798-b070b67d7998_deepseek_1781246265/v6/S2,0,1788452220000,29515.75,33.510285689129766,false,false,29414,2.0648769574944406,limit,outside_band,outside_band,waiting_confirm,1788452160000
2026-09-03:NY:8d5c8af5_8ef641a7-815c-4bb5-9798-b070b67d7998_deepseek_1781246265/v6/S2,0,1788452280000,29519.5,33.510285689129766,false,false,29414,2.0648769574944406,limit,outside_band,outside_band,waiting_confirm,1788452220000
2026-09-03:NY:8d5c8af5_8ef641a7-815c-4bb5-9798-b070b67d7998_deepseek_1781246265/v6/S2,0,1788452340000,29516.5,33.510285689129766,false,false,29414,2.0648769574944406,limit,outside_band,outside_band,waiting_confirm,1788452280000
2026-09-03:NY:8d5c8af5_8ef641a7-815c-4bb5-9798-b070b67d7998_deepseek_1781246265/v6/S2,0,1788452400000,29524,33.93885711770077,false,false,29414,2.0648769574944406,limit,outside_band,outside_band,waiting_confirm,1788452340000
2026-09-03:NY:8d5c8af5_8ef641a7-815c-4bb5-9798-b070b67d7998_deepseek_1781246265/v6/S2,0,1788452460000,29519.5,32.46108160929357,false,false,29414,2.0648769574944406,limit,outside_band,outside_band,waiting_confirm,1788452400000
2026-09-03:NY:8d5c8af5_8ef641a7-815c-4bb5-9798-b070b67d7998_deepseek_1781246265/v6/S2,0,1788452520000,29516.5,32.46108160929357,false,false,29414,2.0648769574944406,limit,outside_band,outside_band,waiting_confirm,1788452460000
2026-09-03:NY:8d5c8af5_8ef641a7-815c-4bb5-9798-b070b67d7998_deepseek_1781246265/v6/S2,0,1788452580000,29508,32.99679589500786,false,false,29414,2.0648769574944406,limit,outside_band,outside_band,waiting_confirm,1788452520000
2026-09-03:NY:8d5c8af5_8ef641a7-815c-4bb5-9798-b070b67d7998_deepseek_1781246265/v6/S2,0,1788452640000,29512,32.99679589500786,false,false,29414,2.0648769574944406,limit,outside_band,outside_band,waiting_confirm,1788452580000
2026-09-03:NY:8d5c8af5_8ef641a7-815c-4bb5-9798-b070b67d7998_deepseek_1781246265/v6/S2,0,1788452700000,29501.5,33.461081609293906,false,false,29414,2.0648769574944406,limit,send_limit,send_limit,waiting_confirm,1788452640000
2026-09-03:NY:8d5c8af5_8ef641a7-815c-4bb5-9798-b070b67d7998_deepseek_1781246265/v6/S2,0,1788452760000,29496.5,31.624575780058628,false,false,29414,2.0648769574944406,limit,send_limit,send_limit,waiting_confirm,1788452700000
2026-09-03:NY:8d5c8af5_8ef641a7-815c-4bb5-9798-b070b67d7998_deepseek_1781246265/v6/S2,0,1788452820000,29491.5,32.08886149434434,false,false,29414,2.0648769574944406,limit,send_limit,send_limit,waiting_confirm,1788452760000
2026-09-03:NY:8d5c8af5_8ef641a7-815c-4bb5-9798-b070b67d7998_deepseek_1781246265/v6/S3,0,1788450600000,29513.5,41.57020548494578,false,false,29620,2.3475409836065575,limit,outside_band,outside_band,waiting_confirm,1788450540000
2026-09-03:NY:8d5c8af5_8ef641a7-815c-4bb5-9798-b070b67d7998_deepseek_1781246265/v6/S3,0,1788450660000,29515.5,39.10090509316394,false,false,29620,2.3475409836065575,limit,outside_band,outside_band,waiting_confirm,1788450600000
2026-09-03:NY:8d5c8af5_8ef641a7-815c-4bb5-9798-b070b67d7998_deepseek_1781246265/v6/S3,0,1788450720000,29523,39.77947652173537,false,false,29620,2.3475409836065575,limit,send_limit,send_limit,waiting_confirm,1788450660000
2026-09-03:NY:8d5c8af5_8ef641a7-815c-4bb5-9798-b070b67d7998_deepseek_1781246265/v6/S3,0,1788450780000,29526.75,40.31519080744965,false,false,29620,2.3475409836065575,limit,send_limit,send_limit,waiting_confirm,1788450720000
2026-09-03:NY:8d5c8af5_8ef641a7-815c-4bb5-9798-b070b67d7998_deepseek_1781246265/v6/S3,0,1788450840000,29520.25,40.31519080744965,false,false,29620,2.3475409836065575,limit,send_limit,send_limit,waiting_confirm,1788450780000
2026-09-03:NY:8d5c8af5_8ef641a7-815c-4bb5-9798-b070b67d7998_deepseek_1781246265/v6/S3,0,1788450900000,29528,40.31519080744979,false,false,29620,2.3475409836065575,limit,send_limit,send_limit,waiting_confirm,1788450840000
2026-09-03:NY:8d5c8af5_8ef641a7-815c-4bb5-9798-b070b67d7998_deepseek_1781246265/v6/S3,0,1788450960000,29527.75,37.971248606917655,false,false,29620,2.3475409836065575,limit,send_limit,send_limit,waiting_confirm,1788450900000
2026-09-03:NY:8d5c8af5_8ef641a7-815c-4bb5-9798-b070b67d7998_deepseek_1781246265/v6/S3,0,1788451020000,29525.75,38.18553432120337,false,false,29620,2.3475409836065575,limit,send_limit,send_limit,waiting_confirm,1788450960000
2026-09-03:NY:8d5c8af5_8ef641a7-815c-4bb5-9798-b070b67d7998_deepseek_1781246265/v6/S3,0,1788451080000,29529.75,38.43553432120337,false,false,29620,2.3475409836065575,limit,send_limit,send_limit,waiting_confirm,1788451020000
2026-09-03:NY:8d5c8af5_8ef641a7-815c-4bb5-9798-b070b67d7998_deepseek_1781246265/v6/S3,0,1788451140000,29531.5,38.43553432120337,false,false,29620,2.3475409836065575,limit,send_limit,send_limit,waiting_confirm,1788451080000
2026-09-03:NY:8d5c8af5_8ef641a7-815c-4bb5-9798-b070b67d7998_deepseek_1781246265/v6/S3,0,1788451200000,29538.25,38.774820035488894,false,false,29620,2.3475409836065575,limit,send_limit,send_limit,waiting_confirm,1788451140000
2026-09-03:NY:8d5c8af5_8ef641a7-815c-4bb5-9798-b070b67d7998_deepseek_1781246265/v6/S3,0,1788451260000,29529.5,36.969475747239684,false,false,29620,2.3475409836065575,limit,send_limit,send_limit,waiting_confirm,1788451200000
2026-09-03:NY:8d5c8af5_8ef641a7-815c-4bb5-9798-b070b67d7998_deepseek_1781246265/v6/S3,0,1788451320000,29527.75,37.0587614615254,false,false,29620,2.3475409836065575,limit,send_limit,send_limit,waiting_confirm,1788451260000
2026-09-03:NY:8d5c8af5_8ef641a7-815c-4bb5-9798-b070b67d7998_deepseek_1781246265/v6/S3,0,1788451380000,29529.25,37.14804717581111,false,false,29620,2.3475409836065575,limit,send_limit,send_limit,waiting_confirm,1788451320000
2026-09-03:NY:8d5c8af5_8ef641a7-815c-4bb5-9798-b070b67d7998_deepseek_1781246265/v6/S3,0,1788451440000,29529.5,37.219475747239684,false,false,29620,2.3475409836065575,limit,send_limit,send_limit,waiting_confirm,1788451380000
2026-09-03:NY:8d5c8af5_8ef641a7-815c-4bb5-9798-b070b67d7998_deepseek_1781246265/v6/S3,0,1788451500000,29512.5,37.93376146152578,false,false,29620,2.3475409836065575,limit,outside_band,outside_band,waiting_confirm,1788451440000
2026-09-03:NY:8d5c8af5_8ef641a7-815c-4bb5-9798-b070b67d7998_deepseek_1781246265/v6/S3,0,1788451560000,29513,35.79563564284537,false,false,29620,2.3475409836065575,limit,outside_band,outside_band,waiting_confirm,1788451500000
2026-09-03:NY:8d5c8af5_8ef641a7-815c-4bb5-9798-b070b67d7998_deepseek_1781246265/v6/S3,0,1788451620000,29506.5,36.313492785702515,false,false,29620,2.3475409836065575,limit,outside_band,outside_band,waiting_confirm,1788451560000
2026-09-03:NY:8d5c8af5_8ef641a7-815c-4bb5-9798-b070b67d7998_deepseek_1781246265/v6/S3,0,1788451680000,29506.5,36.313492785702515,false,false,29620,2.3475409836065575,limit,outside_band,outside_band,waiting_confirm,1788451620000
2026-09-03:NY:8d5c8af5_8ef641a7-815c-4bb5-9798-b070b67d7998_deepseek_1781246265/v6/S3,0,1788451740000,29509,36.313492785702515,false,false,29620,2.3475409836065575,limit,outside_band,outside_band,waiting_confirm,1788451680000
2026-09-03:NY:8d5c8af5_8ef641a7-815c-4bb5-9798-b070b67d7998_deepseek_1781246265/v6/S3,0,1788451800000,29510.25,36.3492070714165,false,false,29620,2.3475409836065575,limit,outside_band,outside_band,waiting_confirm,1788451740000
2026-09-03:NY:8d5c8af5_8ef641a7-815c-4bb5-9798-b070b67d7998_deepseek_1781246265/v6/S3,0,1788451860000,29519.25,34.69926370917246,false,false,29620,2.3475409836065575,limit,send_limit,send_limit,waiting_confirm,1788451800000
2026-09-03:NY:8d5c8af5_8ef641a7-815c-4bb5-9798-b070b67d7998_deepseek_1781246265/v6/S3,0,1788451920000,29507.5,34.806406566315324,false,false,29620,2.3475409836065575,limit,outside_band,outside_band,waiting_confirm,1788451860000
2026-09-03:NY:8d5c8af5_8ef641a7-815c-4bb5-9798-b070b67d7998_deepseek_1781246265/v6/S3,0,1788451980000,29508.5,34.94926370917246,false,false,29620,2.3475409836065575,limit,outside_band,outside_band,waiting_confirm,1788451920000
2026-09-03:NY:8d5c8af5_8ef641a7-815c-4bb5-9798-b070b67d7998_deepseek_1781246265/v6/S3,0,1788452040000,29510.25,34.94926370917246,false,false,29620,2.3475409836065575,limit,outside_band,outside_band,waiting_confirm,1788451980000
2026-09-03:NY:8d5c8af5_8ef641a7-815c-4bb5-9798-b070b67d7998_deepseek_1781246265/v6/S3,0,1788452100000,29519.25,35.14569228060129,false,false,29620,2.3475409836065575,limit,send_limit,send_limit,waiting_confirm,1788452040000
2026-09-03:NY:8d5c8af5_8ef641a7-815c-4bb5-9798-b070b67d7998_deepseek_1781246265/v6/S3,0,1788452160000,29519,33.3138571177012,false,false,29620,2.3475409836065575,limit,send_limit,send_limit,waiting_confirm,1788452100000
2026-09-03:NY:8d5c8af5_8ef641a7-815c-4bb5-9798-b070b67d7998_deepseek_1781246265/v6/S3,0,1788452220000,29515.75,33.510285689129766,false,false,29620,2.3475409836065575,limit,outside_band,outside_band,waiting_confirm,1788452160000
2026-09-03:NY:8d5c8af5_8ef641a7-815c-4bb5-9798-b070b67d7998_deepseek_1781246265/v6/S3,0,1788452280000,29519.5,33.510285689129766,false,false,29620,2.3475409836065575,limit,send_limit,send_limit,waiting_confirm,1788452220000
2026-09-03:NY:8d5c8af5_8ef641a7-815c-4bb5-9798-b070b67d7998_deepseek_1781246265/v6/S3,0,1788452340000,29516.5,33.510285689129766,false,false,29620,2.3475409836065575,limit,outside_band,outside_band,waiting_confirm,1788452280000
2026-09-03:NY:8d5c8af5_8ef641a7-815c-4bb5-9798-b070b67d7998_deepseek_1781246265/v6/S3,0,1788452400000,29524,33.93885711770077,false,false,29620,2.3475409836065575,limit,send_limit,send_limit,waiting_confirm,1788452340000
2026-09-03:NY:8d5c8af5_8ef641a7-815c-4bb5-9798-b070b67d7998_deepseek_1781246265/v6/S3,0,1788452460000,29519.5,32.46108160929357,false,false,29620,2.3475409836065575,limit,send_limit,send_limit,waiting_confirm,1788452400000
2026-09-03:NY:8d5c8af5_8ef641a7-815c-4bb5-9798-b070b67d7998_deepseek_1781246265/v6/S3,0,1788452520000,29516.5,32.46108160929357,false,false,29620,2.3475409836065575,limit,outside_band,outside_band,waiting_confirm,1788452460000
2026-09-03:NY:8d5c8af5_8ef641a7-815c-4bb5-9798-b070b67d7998_deepseek_1781246265/v6/S3,0,1788452580000,29508,32.99679589500786,false,false,29620,2.3475409836065575,limit,outside_band,outside_band,waiting_confirm,1788452520000
2026-09-03:NY:8d5c8af5_8ef641a7-815c-4bb5-9798-b070b67d7998_deepseek_1781246265/v6/S3,0,1788452640000,29512,32.99679589500786,false,false,29620,2.3475409836065575,limit,outside_band,outside_band,waiting_confirm,1788452580000
2026-09-03:NY:8d5c8af5_8ef641a7-815c-4bb5-9798-b070b67d7998_deepseek_1781246265/v6/S3,0,1788452700000,29501.5,33.461081609293906,false,false,29620,2.3475409836065575,limit,outside_band,outside_band,waiting_confirm,1788452640000
2026-09-03:NY:8d5c8af5_8ef641a7-815c-4bb5-9798-b070b67d7998_deepseek_1781246265/v6/S3,0,1788452760000,29496.5,31.624575780058628,false,false,29620,2.3475409836065575,limit,outside_band,outside_band,waiting_confirm,1788452700000
2026-09-03:NY:8d5c8af5_8ef641a7-815c-4bb5-9798-b070b67d7998_deepseek_1781246265/v6/S3,0,1788452820000,29491.5,32.08886149434434,false,false,29620,2.3475409836065575,limit,outside_band,outside_band,waiting_confirm,1788452760000
2026-09-03:NY:8d5c8af5_8ef641a7-815c-4bb5-9798-b070b67d7998_deepseek_1781246265/v7/S3,0,1788452880000,29500.25,32.08886149434434,false,false,29592.5,3.007999999999988,limit,outside_band,outside_band,waiting_confirm,1788452820000
2026-09-03:NY:8d5c8af5_8ef641a7-815c-4bb5-9798-b070b67d7998_deepseek_1781246265/v7/S3,0,1788452940000,29497.25,32.08886149434434,false,false,29592.5,3.007999999999988,limit,outside_band,outside_band,waiting_confirm,1788452880000
2026-09-03:NY:8d5c8af5_8ef641a7-815c-4bb5-9798-b070b67d7998_deepseek_1781246265/v7/S3,0,1788453000000,29496.5,32.088861494344606,false,false,29592.5,3.007999999999988,limit,outside_band,outside_band,waiting_confirm,1788452940000
2026-09-03:NY:8d5c8af5_8ef641a7-815c-4bb5-9798-b070b67d7998_deepseek_1781246265/v7/S3,0,1788453060000,29497.25,30.386085673319993,false,false,29592.5,3.007999999999988,limit,outside_band,outside_band,waiting_confirm,1788453000000
2026-09-03:NY:8d5c8af5_8ef641a7-815c-4bb5-9798-b070b67d7998_deepseek_1781246265/v7/S3,0,1788453120000,29490.25,30.903942816177135,false,false,29592.5,3.007999999999988,limit,outside_band,outside_band,waiting_confirm,1788453060000
2026-09-03:NY:8d5c8af5_8ef641a7-815c-4bb5-9798-b070b67d7998_deepseek_1781246265/v7/S3,0,1788453180000,29486.25,31.011085673319993,false,false,29592.5,3.007999999999988,limit,outside_band,outside_band,waiting_confirm,1788453120000
2026-09-03:NY:8d5c8af5_8ef641a7-815c-4bb5-9798-b070b67d7998_deepseek_1781246265/v7/S3,0,1788453240000,29494,31.011085673319993,false,false,29592.5,3.007999999999988,limit,outside_band,outside_band,waiting_confirm,1788453180000
2026-09-03:NY:8d5c8af5_8ef641a7-815c-4bb5-9798-b070b67d7998_deepseek_1781246265/v7/S3,0,1788453300000,29489.25,31.011085673319872,false,false,29592.5,3.007999999999988,limit,outside_band,outside_band,waiting_confirm,1788453240000
2026-09-03:NY:8d5c8af5_8ef641a7-815c-4bb5-9798-b070b67d7998_deepseek_1781246265/v7/S3,0,1788453360000,29485.25,29.331722410939882,false,false,29592.5,3.007999999999988,limit,outside_band,outside_band,waiting_confirm,1788453300000
2026-09-03:NY:8d5c8af5_8ef641a7-815c-4bb5-9798-b070b67d7998_deepseek_1781246265/v7/S3,0,1788453420000,29490.75,29.581722410939882,false,false,29592.5,3.007999999999988,limit,outside_band,outside_band,waiting_confirm,1788453360000
2026-09-03:NY:8d5c8af5_8ef641a7-815c-4bb5-9798-b070b67d7998_deepseek_1781246265/v7/S3,0,1788453480000,29499.5,30.11743669665417,false,false,29592.5,3.007999999999988,limit,outside_band,outside_band,waiting_confirm,1788453420000
2026-09-03:NY:8d5c8af5_8ef641a7-815c-4bb5-9798-b070b67d7998_deepseek_1781246265/v7/S3,0,1788453540000,29513.75,31.278150982368455,false,false,29592.5,3.007999999999988,limit,outside_band,outside_band,waiting_confirm,1788453480000
2026-09-03:NY:8d5c8af5_8ef641a7-815c-4bb5-9798-b070b67d7998_deepseek_1781246265/v7/S3,0,1788453600000,29521.75,31.90315098236884,false,false,29592.5,3.007999999999988,limit,send_limit,send_limit,waiting_confirm,1788453540000
2026-09-03:NY:8d5c8af5_8ef641a7-815c-4bb5-9798-b070b67d7998_deepseek_1781246265/v7/S3,0,1788453660000,29519.75,30.017211626485352,false,false,29592.5,3.007999999999988,limit,send_limit,send_limit,waiting_confirm,1788453600000
2026-09-03:NY:8d5c8af5_8ef641a7-815c-4bb5-9798-b070b67d7998_deepseek_1781246265/v7/S3,0,1788453720000,29532.5,30.749354483628206,false,false,29592.5,3.007999999999988,limit,send_limit,send_limit,waiting_confirm,1788453660000
2026-09-03:NY:8d5c8af5_8ef641a7-815c-4bb5-9798-b070b67d7998_deepseek_1781246265/v7/S3,0,1788453780000,29524.5,30.749354483628206,false,false,29592.5,3.007999999999988,limit,send_limit,send_limit,waiting_confirm,1788453720000
2026-09-03:NY:8d5c8af5_8ef641a7-815c-4bb5-9798-b070b67d7998_deepseek_1781246265/v7/S3,0,1788453840000,29527.75,30.749354483628206,false,false,29592.5,3.007999999999988,limit,send_limit,send_limit,waiting_confirm,1788453780000
2026-09-03:NY:8d5c8af5_8ef641a7-815c-4bb5-9798-b070b67d7998_deepseek_1781246265/v7/S3,0,1788453900000,29528.25,30.749354483627975,false,false,29592.5,3.007999999999988,limit,send_limit,send_limit,waiting_confirm,1788453840000
2026-09-03:NY:8d5c8af5_8ef641a7-815c-4bb5-9798-b070b67d7998_deepseek_1781246265/v7/S3,0,1788453960000,29527.25,29.177972020511692,false,false,29592.5,3.007999999999988,limit,send_limit,send_limit,waiting_confirm,1788453900000
2026-09-03:NY:8d5c8af5_8ef641a7-815c-4bb5-9798-b070b67d7998_deepseek_1781246265/v7/S3,0,1788454020000,29529,29.177972020511692,false,false,29592.5,3.007999999999988,limit,send_limit,send_limit,waiting_confirm,1788453960000
2026-09-03:NY:8d5c8af5_8ef641a7-815c-4bb5-9798-b070b67d7998_deepseek_1781246265/v7/S3,0,1788454080000,29524,29.177972020511692,false,false,29592.5,3.007999999999988,limit,send_limit,send_limit,waiting_confirm,1788454020000
2026-09-03:NY:8d5c8af5_8ef641a7-815c-4bb5-9798-b070b67d7998_deepseek_1781246265/v7/S3,0,1788454140000,29527.5,29.177972020511692,false,false,29592.5,3.007999999999988,limit,send_limit,send_limit,waiting_confirm,1788454080000
2026-09-03:NY:8d5c8af5_8ef641a7-815c-4bb5-9798-b070b67d7998_deepseek_1781246265/v7/S3,0,1788454200000,29530.75,29.39225773479762,false,false,29592.5,3.007999999999988,limit,send_limit,send_limit,waiting_confirm,1788454140000
2026-09-03:NY:8d5c8af5_8ef641a7-815c-4bb5-9798-b070b67d7998_deepseek_1781246265/v7/S3,0,1788454260000,29530.25,27.846382182312077,false,false,29592.5,3.007999999999988,limit,send_limit,send_limit,waiting_confirm,1788454200000
2026-09-03:NY:8d5c8af5_8ef641a7-815c-4bb5-9798-b070b67d7998_deepseek_1781246265/v7/S3,0,1788454320000,29525.5,28.203525039454934,false,false,29592.5,3.007999999999988,limit,send_limit,send_limit,waiting_confirm,1788454260000
2026-09-03:NY:8d5c8af5_8ef641a7-815c-4bb5-9798-b070b67d7998_deepseek_1781246265/v7/S3,0,1788454380000,29519.75,28.328525039454934,false,false,29592.5,3.007999999999988,limit,send_limit,send_limit,waiting_confirm,1788454320000
2026-09-03:NY:8d5c8af5_8ef641a7-815c-4bb5-9798-b070b67d7998_deepseek_1781246265/v7/S3,0,1788454440000,29518.25,28.471382182312077,false,false,29592.5,3.007999999999988,limit,outside_band,outside_band,waiting_confirm,1788454380000
2026-09-03:NY:8d5c8af5_8ef641a7-815c-4bb5-9798-b070b67d7998_deepseek_1781246265/v7/S3,0,1788454500000,29520.5,28.471382182311462,false,false,29592.5,3.007999999999988,limit,send_limit,send_limit,waiting_confirm,1788454440000
2026-09-03:NY:8d5c8af5_8ef641a7-815c-4bb5-9798-b070b67d7998_deepseek_1781246265/v7/S3,0,1788454560000,29525.75,26.937712026432074,false,false,29592.5,3.007999999999988,limit,send_limit,send_limit,waiting_confirm,1788454500000
2026-09-03:NY:8d5c8af5_8ef641a7-815c-4bb5-9798-b070b67d7998_deepseek_1781246265/v7/S3,0,1788454620000,29523.75,27.09842631214636,false,false,29592.5,3.007999999999988,limit,send_limit,send_limit,waiting_confirm,1788454560000
2026-09-03:NY:8d5c8af5_8ef641a7-815c-4bb5-9798-b070b67d7998_deepseek_1781246265/v7/S3,0,1788454680000,29539.25,27.91985488357493,false,false,29592.5,3.007999999999988,limit,send_limit,send_limit,waiting_confirm,1788454620000
2026-09-03:NY:8d5c8af5_8ef641a7-815c-4bb5-9798-b070b67d7998_deepseek_1781246265/v7/S3,0,1788454740000,29532,28.47342631214636,true,false,29592.5,3.007999999999988,limit,send_limit,send_limit,passes_known_local_checks,1788454680000
2026-09-03:NY:8d5c8af5_8ef641a7-815c-4bb5-9798-b070b67d7998_deepseek_1781246265/v7/S3,0,1788454800000,29527.75,28.473426312146152,true,false,29592.5,3.007999999999988,limit,send_limit,send_limit,passes_known_local_checks,1788454740000
2026-09-03:NY:8d5c8af5_8ef641a7-815c-4bb5-9798-b070b67d7998_deepseek_1781246265/v7/S3,0,1788454860000,29520.5,27.457467289849998,true,false,29592.5,3.007999999999988,limit,send_limit,send_limit,passes_known_local_checks,1788454800000
2026-09-03:NY:8d5c8af5_8ef641a7-815c-4bb5-9798-b070b67d7998_deepseek_1781246265/v7/S3,0,1788454920000,29529.5,27.47532443270714,true,false,29592.5,3.007999999999988,limit,send_limit,send_limit,passes_known_local_checks,1788454860000
2026-09-03:NY:8d5c8af5_8ef641a7-815c-4bb5-9798-b070b67d7998_deepseek_1781246265/v7/S3,0,1788454980000,29510.25,28.153895861278567,true,false,29592.5,3.007999999999988,limit,outside_band,outside_band,passes_known_local_checks,1788454920000
2026-09-03:NY:8d5c8af5_8ef641a7-815c-4bb5-9798-b070b67d7998_deepseek_1781246265/v7/S3,0,1788455040000,29512,28.261038718421425,true,false,29592.5,3.007999999999988,limit,outside_band,outside_band,passes_known_local_checks,1788454980000
2026-09-03:NY:8d5c8af5_8ef641a7-815c-4bb5-9798-b070b67d7998_deepseek_1781246265/v7/S3,0,1788455100000,29519.25,28.261038718421705,true,false,29592.5,3.007999999999988,limit,send_limit,send_limit,passes_known_local_checks,1788455040000
2026-09-03:NY:8d5c8af5_8ef641a7-815c-4bb5-9798-b070b67d7998_deepseek_1781246265/v7/S3,0,1788455160000,29518,26.65310738139158,true,false,29592.5,3.007999999999988,limit,outside_band,outside_band,passes_known_local_checks,1788455100000
2026-09-03:NY:8d5c8af5_8ef641a7-815c-4bb5-9798-b070b67d7998_deepseek_1781246265/v7/S3,0,1788455220000,29506.75,27.206678809963012,true,false,29592.5,3.007999999999988,limit,outside_band,outside_band,passes_known_local_checks,1788455160000
2026-09-03:NY:8d5c8af5_8ef641a7-815c-4bb5-9798-b070b67d7998_deepseek_1781246265/v7/S3,0,1788455280000,29504.75,27.420964524248724,true,false,29592.5,3.007999999999988,limit,outside_band,outside_band,passes_known_local_checks,1788455220000
2026-09-03:NY:8d5c8af5_8ef641a7-815c-4bb5-9798-b070b67d7998_deepseek_1781246265/v7/S3,0,1788455340000,29498,27.992393095677297,true,false,29592.5,3.007999999999988,limit,outside_band,outside_band,passes_known_local_checks,1788455280000
2026-09-03:NY:8d5c8af5_8ef641a7-815c-4bb5-9798-b070b67d7998_deepseek_1781246265/v7/S3,0,1788455400000,29493,28.24239309567747,true,false,29592.5,3.007999999999988,limit,outside_band,outside_band,passes_known_local_checks,1788455340000
2026-09-03:NY:8d5c8af5_8ef641a7-815c-4bb5-9798-b070b67d7998_deepseek_1781246265/v7/S3,0,1788455460000,29498.25,26.850079303129082,true,false,29592.5,3.007999999999988,limit,outside_band,outside_band,passes_known_local_checks,1788455400000
2026-09-03:NY:8d5c8af5_8ef641a7-815c-4bb5-9798-b070b67d7998_deepseek_1781246265/v7/S3,0,1788455520000,29498.25,27.04650787455765,true,false,29592.5,3.007999999999988,limit,outside_band,outside_band,passes_known_local_checks,1788455460000
2026-09-03:NY:8d5c8af5_8ef641a7-815c-4bb5-9798-b070b67d7998_deepseek_1781246265/v7/S3,0,1788455580000,29492.75,27.100079303129082,true,false,29592.5,3.007999999999988,limit,outside_band,outside_band,passes_known_local_checks,1788455520000
2026-09-03:NY:8d5c8af5_8ef641a7-815c-4bb5-9798-b070b67d7998_deepseek_1781246265/v7/S3,0,1788455640000,29491,27.100079303129082,true,false,29592.5,3.007999999999988,limit,outside_band,outside_band,passes_known_local_checks,1788455580000
2026-09-03:NY:8d5c8af5_8ef641a7-815c-4bb5-9798-b070b67d7998_deepseek_1781246265/v7/S3,0,1788455700000,29490.5,27.314365017414644,true,false,29592.5,3.007999999999988,limit,outside_band,outside_band,recorded_dormant_requires_fresh_authorization,1788455640000
2026-09-03:NY:8d5c8af5_8ef641a7-815c-4bb5-9798-b070b67d7998_deepseek_1781246265/v7/S3,0,1788455760000,29492.75,25.88119608759931,true,false,29592.5,3.007999999999988,limit,outside_band,outside_band,recorded_dormant_requires_fresh_authorization,1788455700000
2026-09-03:NY:8d5c8af5_8ef641a7-815c-4bb5-9798-b070b67d7998_deepseek_1781246265/v7/S3,0,1788455820000,29492,25.952624659027883,true,false,29592.5,3.007999999999988,limit,outside_band,outside_band,recorded_dormant_requires_fresh_authorization,1788455760000
2026-09-03:NY:8d5c8af5_8ef641a7-815c-4bb5-9798-b070b67d7998_deepseek_1781246265/v7/S3,0,1788455880000,29498.25,26.113338944742168,true,false,29592.5,3.007999999999988,limit,outside_band,outside_band,recorded_dormant_requires_fresh_authorization,1788455820000
2026-09-03:NY:8d5c8af5_8ef641a7-815c-4bb5-9798-b070b67d7998_deepseek_1781246265/v7/S3,0,1788455940000,29493,26.18476751617074,true,false,29592.5,3.007999999999988,limit,outside_band,outside_band,recorded_dormant_requires_fresh_authorization,1788455880000
2026-09-03:NY:8d5c8af5_8ef641a7-815c-4bb5-9798-b070b67d7998_deepseek_1781246265/v7/S3,0,1788456000000,29486.5,26.559767516170286,true,false,29592.5,3.007999999999988,limit,outside_band,outside_band,recorded_dormant_requires_fresh_authorization,1788455940000
2026-09-03:NY:8d5c8af5_8ef641a7-815c-4bb5-9798-b070b67d7998_deepseek_1781246265/v7/S3,0,1788456060000,29482,25.359069836443837,true,false,29592.5,3.007999999999988,limit,outside_band,outside_band,recorded_dormant_requires_fresh_authorization,1788456000000
2026-09-03:NY:8d5c8af5_8ef641a7-815c-4bb5-9798-b070b67d7998_deepseek_1781246265/v7/S3,0,1788456120000,29479.5,25.43049840787241,true,false,29592.5,3.007999999999988,limit,outside_band,outside_band,recorded_dormant_requires_fresh_authorization,1788456060000
2026-09-03:NY:8d5c8af5_8ef641a7-815c-4bb5-9798-b070b67d7998_deepseek_1781246265/v7/S3,0,1788456180000,29482.25,25.43049840787241,true,false,29592.5,3.007999999999988,limit,outside_band,outside_band,recorded_dormant_requires_fresh_authorization,1788456120000
2026-09-03:NY:8d5c8af5_8ef641a7-815c-4bb5-9798-b070b67d7998_deepseek_1781246265/v7/S3,0,1788456240000,29485,25.484069836443837,true,false,29592.5,3.007999999999988,limit,outside_band,outside_band,recorded_dormant_requires_fresh_authorization,1788456180000
2026-09-03:NY:8d5c8af5_8ef641a7-815c-4bb5-9798-b070b67d7998_deepseek_1781246265/v7/S3,0,1788456300000,29482.5,25.484069836443954,true,false,29592.5,3.007999999999988,limit,outside_band,outside_band,recorded_dormant_requires_fresh_authorization,1788456240000
2026-09-03:NY:8d5c8af5_8ef641a7-815c-4bb5-9798-b070b67d7998_deepseek_1781246265/v7/S3,0,1788456360000,29491.5,24.395921990983673,true,false,29592.5,3.007999999999988,limit,outside_band,outside_band,recorded_dormant_requires_fresh_authorization,1788456300000
2026-09-03:NY:8d5c8af5_8ef641a7-815c-4bb5-9798-b070b67d7998_deepseek_1781246265/v7/S3,0,1788456420000,29494,24.681636276697958,true,false,29592.5,3.007999999999988,limit,outside_band,outside_band,recorded_dormant_requires_fresh_authorization,1788456360000
2026-09-03:NY:8d5c8af5_8ef641a7-815c-4bb5-9798-b070b67d7998_deepseek_1781246265/v7/S3,0,1788456480000,29495.25,25.0744934195551,true,false,29592.5,3.007999999999988,limit,outside_band,outside_band,recorded_dormant_requires_fresh_authorization,1788456420000
2026-09-03:NY:8d5c8af5_8ef641a7-815c-4bb5-9798-b070b67d7998_deepseek_1781246265/v7/S3,0,1788456540000,29503,25.50306484812653,true,false,29592.5,3.007999999999988,limit,outside_band,outside_band,recorded_dormant_requires_fresh_authorization,1788456480000
2026-09-03:NY:8d5c8af5_8ef641a7-815c-4bb5-9798-b070b67d7998_deepseek_1781246265/v7/S3,0,1788456600000,29502.5,25.503064848126577,true,false,29592.5,3.007999999999988,limit,outside_band,outside_band,recorded_dormant_requires_fresh_authorization,1788456540000
2026-09-03:NY:8d5c8af5_8ef641a7-815c-4bb5-9798-b070b67d7998_deepseek_1781246265/v7/S3,0,1788456660000,29511,24.342131644688966,true,false,29592.5,3.007999999999988,limit,outside_band,outside_band,recorded_dormant_requires_fresh_authorization,1788456600000
2026-09-03:NY:8d5c8af5_8ef641a7-815c-4bb5-9798-b070b67d7998_deepseek_1781246265/v7/S3,0,1788456720000,29510.5,24.484988787546108,true,false,29592.5,3.007999999999988,limit,outside_band,outside_band,recorded_dormant_requires_fresh_authorization,1788456660000
2026-09-03:NY:8d5c8af5_8ef641a7-815c-4bb5-9798-b070b67d7998_deepseek_1781246265/v7/S3,0,1788456780000,29512.75,24.592131644688966,true,false,29592.5,3.007999999999988,limit,outside_band,outside_band,recorded_dormant_requires_fresh_authorization,1788456720000
2026-09-03:NY:8d5c8af5_8ef641a7-815c-4bb5-9798-b070b67d7998_deepseek_1781246265/v7/S3,0,1788456840000,29516.25,24.717131644688966,true,false,29592.5,3.007999999999988,limit,outside_band,outside_band,recorded_dormant_requires_fresh_authorization,1788456780000
2026-09-03:NY:8d5c8af5_8ef641a7-815c-4bb5-9798-b070b67d7998_deepseek_1781246265/v7/S3,0,1788456900000,29514.25,24.877845930403403,true,false,29592.5,3.007999999999988,limit,outside_band,outside_band,recorded_dormant_requires_fresh_authorization,1788456840000
2026-09-03:NY:8d5c8af5_8ef641a7-815c-4bb5-9798-b070b67d7998_deepseek_1781246265/v7/S3,0,1788456960000,29520.25,23.743714078231733,true,false,29592.5,3.007999999999988,limit,send_limit,send_limit,recorded_dormant_requires_fresh_authorization,1788456900000
2026-09-03:NY:8d5c8af5_8ef641a7-815c-4bb5-9798-b070b67d7998_deepseek_1781246265/v7/S3,0,1788457020000,29522.75,24.35085693537459,true,false,29592.5,3.007999999999988,limit,send_limit,send_limit,recorded_dormant_requires_fresh_authorization,1788456960000
2026-09-03:NY:8d5c8af5_8ef641a7-815c-4bb5-9798-b070b67d7998_deepseek_1781246265/v7/S3,0,1788457080000,29516.5,24.35085693537459,true,false,29592.5,3.007999999999988,limit,outside_band,outside_band,recorded_dormant_requires_fresh_authorization,1788457020000
2026-09-03:NY:8d5c8af5_8ef641a7-815c-4bb5-9798-b070b67d7998_deepseek_1781246265/v7/S3,0,1788457140000,29518.75,24.35085693537459,true,false,29592.5,3.007999999999988,limit,send_limit,send_limit,recorded_dormant_requires_fresh_authorization,1788457080000
2026-09-03:NY:8d5c8af5_8ef641a7-815c-4bb5-9798-b070b67d7998_deepseek_1781246265/v7/S3,0,1788457200000,29520.25,24.350856935374786,true,false,29592.5,3.007999999999988,limit,send_limit,send_limit,recorded_dormant_requires_fresh_authorization,1788457140000
2026-09-03:NY:8d5c8af5_8ef641a7-815c-4bb5-9798-b070b67d7998_deepseek_1781246265/v7/S3,0,1788457260000,29526.75,23.27222429713373,true,false,29592.5,3.007999999999988,limit,send_limit,send_limit,recorded_dormant_requires_fresh_authorization,1788457200000
2026-09-03:NY:8d5c8af5_8ef641a7-815c-4bb5-9798-b070b67d7998_deepseek_1781246265/v7/S3,0,1788457320000,29528,23.432938582848013,true,false,29592.5,3.007999999999988,limit,send_limit,send_limit,recorded_dormant_requires_fresh_authorization,1788457260000
2026-09-03:NY:8d5c8af5_8ef641a7-815c-4bb5-9798-b070b67d7998_deepseek_1781246265/v7/S3,0,1788457380000,29529.25,23.54008143999087,true,false,29592.5,3.007999999999988,limit,send_limit,send_limit,recorded_dormant_requires_fresh_authorization,1788457320000
2026-09-03:NY:8d5c8af5_8ef641a7-815c-4bb5-9798-b070b67d7998_deepseek_1781246265/v7/S3,0,1788457440000,29527.5,23.54008143999087,true,false,29592.5,3.007999999999988,limit,send_limit,send_limit,recorded_dormant_requires_fresh_authorization,1788457380000
2026-09-03:NY:8d5c8af5_8ef641a7-815c-4bb5-9798-b070b67d7998_deepseek_1781246265/v7/S3,0,1788457500000,29528.5,23.540081439990796,true,false,29592.5,3.007999999999988,limit,send_limit,send_limit,recorded_dormant_requires_fresh_authorization,1788457440000
2026-09-03:NY:8d5c8af5_8ef641a7-815c-4bb5-9798-b070b67d7998_deepseek_1781246265/v7/S3,0,1788457560000,29530.25,22.501504194277167,true,false,29592.5,3.007999999999988,limit,send_limit,send_limit,recorded_dormant_requires_fresh_authorization,1788457500000
2026-09-03:NY:8d5c8af5_8ef641a7-815c-4bb5-9798-b070b67d7998_deepseek_1781246265/v7/S3,0,1788457620000,29530.25,22.626504194277167,true,false,29592.5,3.007999999999988,limit,send_limit,send_limit,recorded_dormant_requires_fresh_authorization,1788457560000
2026-09-03:NY:8d5c8af5_8ef641a7-815c-4bb5-9798-b070b67d7998_deepseek_1781246265/v7/S3,0,1788457680000,29530.25,22.626504194277167,true,false,29592.5,3.007999999999988,limit,send_limit,send_limit,recorded_dormant_requires_fresh_authorization,1788457620000
2026-09-03:NY:8d5c8af5_8ef641a7-815c-4bb5-9798-b070b67d7998_deepseek_1781246265/v7/S3,0,1788457740000,29525,22.787218479991452,true,false,29592.5,3.007999999999988,limit,send_limit,send_limit,recorded_dormant_requires_fresh_authorization,1788457680000
2026-09-03:NY:8d5c8af5_8ef641a7-815c-4bb5-9798-b070b67d7998_deepseek_1781246265/v7/S3,0,1788457800000,29530.5,22.840789908562932,true,false,29592.5,3.007999999999988,limit,send_limit,send_limit,recorded_dormant_requires_fresh_authorization,1788457740000
2026-09-03:NY:8d5c8af5_8ef641a7-815c-4bb5-9798-b070b67d7998_deepseek_1781246265/v7/S3,0,1788457860000,29532,21.81644777223701,true,false,29592.5,3.007999999999988,limit,send_limit,send_limit,recorded_dormant_requires_fresh_authorization,1788457800000
2026-09-03:NY:8d5c8af5_8ef641a7-815c-4bb5-9798-b070b67d7998_deepseek_1781246265/v7/S3,0,1788457920000,29543.75,22.69144777223701,true,false,29592.5,3.007999999999988,limit,send_limit,send_limit,recorded_dormant_requires_fresh_authorization,1788457860000
2026-09-03:NY:8d5c8af5_8ef641a7-815c-4bb5-9798-b070b67d7998_deepseek_1781246265/v7/S3,0,1788457980000,29548.25,22.995019200808436,true,false,29592.5,3.007999999999988,limit,cancel_marketable,cancel_marketable,recorded_dormant_requires_fresh_authorization,1788457920000
2026-09-03:NY:8d5c8af5_8ef641a7-815c-4bb5-9798-b070b67d7998_deepseek_1781246265/v7/S3,0,1788458040000,29546.25,23.20930491509415,true,false,29592.5,3.007999999999988,limit,cancel_marketable,cancel_marketable,recorded_dormant_requires_fresh_authorization,1788457980000
2026-09-03:NY:8d5c8af5_8ef641a7-815c-4bb5-9798-b070b67d7998_deepseek_1781246265/v7/S3,0,1788458100000,29546,23.209304915094297,true,true,29592.5,3.007999999999988,limit,cancel_marketable,cancel_marketable,recorded_dormant_requires_fresh_authorization,1788458040000
2026-09-03:NY:8d5c8af5_8ef641a7-815c-4bb5-9798-b070b67d7998_deepseek_1781246265/v7/S3,0,1788458160000,29549.75,22.051497421158988,true,true,29592.5,3.007999999999988,limit,cancel_marketable,cancel_marketable,recorded_dormant_requires_fresh_authorization,1788458100000
2026-09-03:NY:8d5c8af5_8ef641a7-815c-4bb5-9798-b070b67d7998_deepseek_1781246265/v7/S3,0,1788458220000,29550.25,22.176497421158988,true,true,29592.5,3.007999999999988,limit,cancel_marketable,cancel_marketable,recorded_dormant_requires_fresh_authorization,1788458160000
2026-09-03:NY:8d5c8af5_8ef641a7-815c-4bb5-9798-b070b67d7998_deepseek_1781246265/v7/S3,0,1788458280000,29544,22.19435456401613,true,true,29592.5,3.007999999999988,limit,cancel_marketable,cancel_marketable,recorded_dormant_requires_fresh_authorization,1788458220000
2026-09-03:NY:8d5c8af5_8ef641a7-815c-4bb5-9798-b070b67d7998_deepseek_1781246265/v7/S3,0,1788458340000,29541,22.408640278301846,true,true,29592.5,3.007999999999988,limit,send_limit,send_limit,recorded_dormant_requires_fresh_authorization,1788458280000
2026-09-03:NY:8d5c8af5_8ef641a7-815c-4bb5-9798-b070b67d7998_deepseek_1781246265/v7/S3,0,1788458400000,29543.5,22.480068849730486,true,false,29592.5,3.007999999999988,limit,send_limit,send_limit,recorded_dormant_requires_fresh_authorization,1788458340000
2026-09-03:NY:8d5c8af5_8ef641a7-815c-4bb5-9798-b070b67d7998_deepseek_1781246265/v7/S3,0,1788458460000,29562.75,22.49934964617831,true,false,29592.5,3.007999999999988,limit,cancel_marketable,cancel_marketable,recorded_dormant_requires_fresh_authorization,1788458400000
2026-09-03:NY:8d5c8af5_8ef641a7-815c-4bb5-9798-b070b67d7998_deepseek_1781246265/v7/S3,0,1788458520000,29569.75,23.410063931892598,true,false,29592.5,3.007999999999988,limit,cancel_marketable,cancel_marketable,recorded_dormant_requires_fresh_authorization,1788458460000
2026-09-03:NY:8d5c8af5_8ef641a7-815c-4bb5-9798-b070b67d7998_deepseek_1781246265/v7/S3,0,1788458580000,29565.75,23.410063931892598,true,false,29592.5,3.007999999999988,limit,cancel_marketable,cancel_marketable,recorded_dormant_requires_fresh_authorization,1788458520000
2026-09-03:NY:8d5c8af5_8ef641a7-815c-4bb5-9798-b070b67d7998_deepseek_1781246265/v7/S3,0,1788458640000,29570.5,23.410063931892598,true,false,29592.5,3.007999999999988,limit,cancel_marketable,cancel_marketable,recorded_dormant_requires_fresh_authorization,1788458580000
2026-09-03:NY:8d5c8af5_8ef641a7-815c-4bb5-9798-b070b67d7998_deepseek_1781246265/v7/S3,0,1788458700000,29574.25,23.41006393189297,true,true,29592.5,3.007999999999988,limit,cancel_marketable,cancel_marketable,recorded_dormant_requires_fresh_authorization,1788458640000
2026-09-03:NY:8d5c8af5_8ef641a7-815c-4bb5-9798-b070b67d7998_deepseek_1781246265/v7/S3,0,1788458760000,29572.75,22.0593450796149,true,true,29592.5,3.007999999999988,limit,cancel_marketable,cancel_marketable,recorded_dormant_requires_fresh_authorization,1788458700000
2026-09-03:NY:8d5c8af5_8ef641a7-815c-4bb5-9798-b070b67d7998_deepseek_1781246265/v7/S3,0,1788458820000,29570.25,22.505773651043473,true,true,29592.5,3.007999999999988,limit,cancel_marketable,cancel_marketable,recorded_dormant_requires_fresh_authorization,1788458760000
2026-09-03:NY:8d5c8af5_8ef641a7-815c-4bb5-9798-b070b67d7998_deepseek_1781246265/v7/S3,0,1788458880000,29568.25,22.737916508186327,true,true,29592.5,3.007999999999988,limit,cancel_marketable,cancel_marketable,recorded_dormant_requires_fresh_authorization,1788458820000
2026-09-03:NY:8d5c8af5_8ef641a7-815c-4bb5-9798-b070b67d7998_deepseek_1781246265/v7/S3,0,1788458940000,29571.25,22.737916508186327,true,true,29592.5,3.007999999999988,limit,cancel_marketable,cancel_marketable,recorded_dormant_requires_fresh_authorization,1788458880000
2026-09-03:NY:8d5c8af5_8ef641a7-815c-4bb5-9798-b070b67d7998_deepseek_1781246265/v7/S3,0,1788459000000,29574.25,22.73791650818642,true,true,29592.5,3.007999999999988,limit,cancel_marketable,cancel_marketable,recorded_dormant_requires_fresh_authorization,1788458940000
2026-09-03:NY:8d5c8af5_8ef641a7-815c-4bb5-9798-b070b67d7998_deepseek_1781246265/v7/S3,0,1788459060000,29575.5,21.470922471887388,true,true,29592.5,3.007999999999988,limit,cancel_marketable,cancel_marketable,recorded_dormant_requires_fresh_authorization,1788459000000
2026-09-03:NY:8d5c8af5_8ef641a7-815c-4bb5-9798-b070b67d7998_deepseek_1781246265/v7/S3,0,1788459120000,29573.75,21.703065329030245,true,true,29592.5,3.007999999999988,limit,cancel_marketable,cancel_marketable,recorded_dormant_requires_fresh_authorization,1788459060000
2026-09-03:NY:8d5c8af5_8ef641a7-815c-4bb5-9798-b070b67d7998_deepseek_1781246265/v7/S3,0,1788459180000,29570,21.720922471887388,true,true,29592.5,3.007999999999988,limit,cancel_marketable,cancel_marketable,recorded_dormant_requires_fresh_authorization,1788459120000
2026-09-03:NY:8d5c8af5_8ef641a7-815c-4bb5-9798-b070b67d7998_deepseek_1781246265/v7/S3,0,1788459240000,29574.25,21.77449390045882,true,true,29592.5,3.007999999999988,limit,cancel_marketable,cancel_marketable,recorded_dormant_requires_fresh_authorization,1788459180000
2026-09-03:NY:8d5c8af5_8ef641a7-815c-4bb5-9798-b070b67d7998_deepseek_1781246265/v7/S3,0,1788459300000,29573,21.77449390045918,true,true,29592.5,3.007999999999988,limit,cancel_marketable,cancel_marketable,recorded_dormant_requires_fresh_authorization,1788459240000
2026-09-03:NY:8d5c8af5_8ef641a7-815c-4bb5-9798-b070b67d7998_deepseek_1781246265/v7/S3,0,1788459360000,29583.25,21.094172907569238,true,true,29592.5,3.007999999999988,limit,cancel_marketable,cancel_marketable,recorded_dormant_requires_fresh_authorization,1788459300000
2026-09-03:NY:8d5c8af5_8ef641a7-815c-4bb5-9798-b070b67d7998_deepseek_1781246265/v7/S3,0,1788459420000,29580.5,21.094172907569238,true,true,29592.5,3.007999999999988,limit,cancel_marketable,cancel_marketable,recorded_dormant_requires_fresh_authorization,1788459360000
2026-09-03:NY:8d5c8af5_8ef641a7-815c-4bb5-9798-b070b67d7998_deepseek_1781246265/v7/S3,0,1788459480000,29582.75,21.094172907569238,true,true,29592.5,3.007999999999988,limit,cancel_marketable,cancel_marketable,recorded_dormant_requires_fresh_authorization,1788459420000
2026-09-03:NY:8d5c8af5_8ef641a7-815c-4bb5-9798-b070b67d7998_deepseek_1781246265/v7/S3,0,1788459540000,29575,21.094172907569238,true,true,29592.5,3.007999999999988,limit,cancel_marketable,cancel_marketable,recorded_dormant_requires_fresh_authorization,1788459480000
2026-09-03:NY:8d5c8af5_8ef641a7-815c-4bb5-9798-b070b67d7998_deepseek_1781246265/v7/S3,0,1788459600000,29571.75,21.469172907568773,true,true,29592.5,3.007999999999988,limit,cancel_marketable,cancel_marketable,recorded_dormant_requires_fresh_authorization,1788459540000
2026-09-03:NY:8d5c8af5_8ef641a7-815c-4bb5-9798-b070b67d7998_deepseek_1781246265/v7/S3,0,1788459660000,29572.25,20.399946271313862,true,true,29592.5,3.007999999999988,limit,cancel_marketable,cancel_marketable,recorded_dormant_requires_fresh_authorization,1788459600000
2026-09-03:NY:8d5c8af5_8ef641a7-815c-4bb5-9798-b070b67d7998_deepseek_1781246265/v7/S3,0,1788459720000,29572.25,20.47137484274243,true,true,29592.5,3.007999999999988,limit,cancel_marketable,cancel_marketable,recorded_dormant_requires_fresh_authorization,1788459660000
2026-09-03:NY:8d5c8af5_8ef641a7-815c-4bb5-9798-b070b67d7998_deepseek_1781246265/v7/S3,0,1788459780000,29571.5,20.47137484274243,true,true,29592.5,3.007999999999988,limit,cancel_marketable,cancel_marketable,recorded_dormant_requires_fresh_authorization,1788459720000
2026-09-03:NY:8d5c8af5_8ef641a7-815c-4bb5-9798-b070b67d7998_deepseek_1781246265/v7/S3,0,1788459840000,29564.5,20.75708912845672,true,true,29592.5,3.007999999999988,limit,cancel_marketable,cancel_marketable,recorded_dormant_requires_fresh_authorization,1788459780000
2026-09-03:NY:8d5c8af5_8ef641a7-815c-4bb5-9798-b070b67d7998_deepseek_1781246265/v7/S3,0,1788459900000,29572.75,20.757089128456695,true,true,29592.5,3.007999999999988,limit,cancel_marketable,cancel_marketable,recorded_dormant_requires_fresh_authorization,1788459840000
2026-09-03:NY:8d5c8af5_8ef641a7-815c-4bb5-9798-b070b67d7998_deepseek_1781246265/v7/S3,0,1788459960000,29575,19.81015419070979,true,true,29592.5,3.007999999999988,limit,cancel_marketable,cancel_marketable,recorded_dormant_requires_fresh_authorization,1788459900000
2026-09-03:NY:8d5c8af5_8ef641a7-815c-4bb5-9798-b070b67d7998_deepseek_1781246265/v7/S3,0,1788460020000,29570.25,20.006582762138358,true,true,29592.5,3.007999999999988,limit,cancel_marketable,cancel_marketable,recorded_dormant_requires_fresh_authorization,1788459960000
2026-09-03:NY:8d5c8af5_8ef641a7-815c-4bb5-9798-b070b67d7998_deepseek_1781246265/v7/S3,0,1788460080000,29568.5,20.20301133356693,true,true,29592.5,3.007999999999988,limit,cancel_marketable,cancel_marketable,recorded_dormant_requires_fresh_authorization,1788460020000
2026-09-03:NY:8d5c8af5_8ef641a7-815c-4bb5-9798-b070b67d7998_deepseek_1781246265/v7/S3,0,1788460140000,29571.25,20.20301133356693,true,true,29592.5,3.007999999999988,limit,cancel_marketable,cancel_marketable,recorded_dormant_requires_fresh_authorization,1788460080000
2026-09-03:NY:8d5c8af5_8ef641a7-815c-4bb5-9798-b070b67d7998_deepseek_1781246265/v7/S3,0,1788460200000,29570.25,20.20301133356722,true,true,29592.5,3.007999999999988,limit,cancel_marketable,cancel_marketable,recorded_dormant_requires_fresh_authorization,1788460140000
2026-09-03:NY:8d5c8af5_8ef641a7-815c-4bb5-9798-b070b67d7998_deepseek_1781246265/v7/S3,0,1788460260000,29572.5,19.367081952598134,true,true,29592.5,3.007999999999988,limit,cancel_marketable,cancel_marketable,recorded_dormant_requires_fresh_authorization,1788460200000
2026-09-03:NY:8d5c8af5_8ef641a7-815c-4bb5-9798-b070b67d7998_deepseek_1781246265/v7/S3,0,1788460320000,29566.5,19.52779623831242,true,true,29592.5,3.007999999999988,limit,cancel_marketable,cancel_marketable,recorded_dormant_requires_fresh_authorization,1788460260000
2026-09-03:NY:8d5c8af5_8ef641a7-815c-4bb5-9798-b070b67d7998_deepseek_1781246265/v7/S3,0,1788460380000,29566.5,19.52779623831242,true,true,29592.5,3.007999999999988,limit,cancel_marketable,cancel_marketable,recorded_dormant_requires_fresh_authorization,1788460320000
2026-09-03:NY:8d5c8af5_8ef641a7-815c-4bb5-9798-b070b67d7998_deepseek_1781246265/v7/S3,0,1788460440000,29577,19.742081952598134,true,true,29592.5,3.007999999999988,limit,cancel_marketable,cancel_marketable,recorded_dormant_requires_fresh_authorization,1788460380000
2026-09-03:NY:8d5c8af5_8ef641a7-815c-4bb5-9798-b070b67d7998_deepseek_1781246265/v7/S3,0,1788460500000,29576.75,19.81351052402666,true,true,29592.5,3.007999999999988,limit,cancel_marketable,cancel_marketable,recorded_dormant_requires_fresh_authorization,1788460440000
2026-09-03:NY:8d5c8af5_8ef641a7-815c-4bb5-9798-b070b67d7998_deepseek_1781246265/v7/S3,0,1788460560000,29574.25,19.00540262945333,true,true,29592.5,3.007999999999988,limit,cancel_marketable,cancel_marketable,recorded_dormant_requires_fresh_authorization,1788460500000
2026-09-03:NY:8d5c8af5_8ef641a7-815c-4bb5-9798-b070b67d7998_deepseek_1781246265/v7/S3,0,1788460620000,29571.5,19.112545486596186,true,true,29592.5,3.007999999999988,limit,cancel_marketable,cancel_marketable,recorded_dormant_requires_fresh_authorization,1788460560000
2026-09-03:NY:8d5c8af5_8ef641a7-815c-4bb5-9798-b070b67d7998_deepseek_1781246265/v7/S3,0,1788460680000,29573,19.112545486596186,true,true,29592.5,3.007999999999988,limit,cancel_marketable,cancel_marketable,recorded_dormant_requires_fresh_authorization,1788460620000
2026-09-03:NY:8d5c8af5_8ef641a7-815c-4bb5-9798-b070b67d7998_deepseek_1781246265/v7/S3,0,1788460740000,29574,19.112545486596186,true,true,29592.5,3.007999999999988,limit,cancel_marketable,cancel_marketable,recorded_dormant_requires_fresh_authorization,1788460680000
2026-09-03:NY:8d5c8af5_8ef641a7-815c-4bb5-9798-b070b67d7998_deepseek_1781246265/v7/S3,0,1788460800000,29576,19.112545486596385,true,true,29592.5,3.007999999999988,limit,cancel_marketable,cancel_marketable,recorded_dormant_requires_fresh_authorization,1788460740000
2026-09-03:NY:8d5c8af5_8ef641a7-815c-4bb5-9798-b070b67d7998_deepseek_1781246265/v7/S3,0,1788460860000,29568.75,18.425935094696644,true,true,29592.5,3.007999999999988,limit,cancel_marketable,cancel_marketable,recorded_dormant_requires_fresh_authorization,1788460800000
2026-09-03:NY:8d5c8af5_8ef641a7-815c-4bb5-9798-b070b67d7998_deepseek_1781246265/v7/S3,0,1788460920000,29567.75,18.443792237553787,true,true,29592.5,3.007999999999988,limit,cancel_marketable,cancel_marketable,recorded_dormant_requires_fresh_authorization,1788460860000
2026-09-03:NY:8d5c8af5_8ef641a7-815c-4bb5-9798-b070b67d7998_deepseek_1781246265/v7/S3,0,1788460980000,29566.5,18.818792237553787,true,true,29592.5,3.007999999999988,limit,cancel_marketable,cancel_marketable,recorded_dormant_requires_fresh_authorization,1788460920000
2026-09-03:NY:8d5c8af5_8ef641a7-815c-4bb5-9798-b070b67d7998_deepseek_1781246265/v7/S3,0,1788461040000,29564.5,18.943792237553787,true,true,29592.5,3.007999999999988,limit,cancel_marketable,cancel_marketable,recorded_dormant_requires_fresh_authorization,1788460980000
2026-09-03:NY:8d5c8af5_8ef641a7-815c-4bb5-9798-b070b67d7998_deepseek_1781246265/v7/S3,0,1788461100000,29560.5,18.997363666125484,true,true,29592.5,3.007999999999988,limit,cancel_marketable,cancel_marketable,recorded_dormant_requires_fresh_authorization,1788461040000
2026-09-03:NY:8d5c8af5_8ef641a7-815c-4bb5-9798-b070b67d7998_deepseek_1781246265/v7/S3,0,1788461160000,29565.25,18.104694832830805,true,true,29592.5,3.007999999999988,limit,cancel_marketable,cancel_marketable,recorded_dormant_requires_fresh_authorization,1788461100000
2026-09-03:NY:8d5c8af5_8ef641a7-815c-4bb5-9798-b070b67d7998_deepseek_1781246265/v7/S3,0,1788461220000,29566.5,18.354694832830805,true,true,29592.5,3.007999999999988,limit,cancel_marketable,cancel_marketable,recorded_dormant_requires_fresh_authorization,1788461160000
2026-09-03:NY:8d5c8af5_8ef641a7-815c-4bb5-9798-b070b67d7998_deepseek_1781246265/v7/S3,0,1788461280000,29570.75,18.497551975687948,true,true,29592.5,3.007999999999988,limit,cancel_marketable,cancel_marketable,recorded_dormant_requires_fresh_authorization,1788461220000
2026-09-03:NY:8d5c8af5_8ef641a7-815c-4bb5-9798-b070b67d7998_deepseek_1781246265/v7/S3,0,1788461340000,29567.25,18.51540911854509,true,true,29592.5,3.007999999999988,limit,cancel_marketable,cancel_marketable,recorded_dormant_requires_fresh_authorization,1788461280000
2026-09-03:NY:8d5c8af5_8ef641a7-815c-4bb5-9798-b070b67d7998_deepseek_1781246265/v7/S3,0,1788461400000,29576,18.83683768997389,true,true,29592.5,3.007999999999988,limit,cancel_marketable,cancel_marketable,recorded_dormant_requires_fresh_authorization,1788461340000
2026-09-03:NY:8d5c8af5_8ef641a7-815c-4bb5-9798-b070b67d7998_deepseek_1781246265/v7/S3,0,1788461460000,29573,18.187777854975756,true,true,29592.5,3.007999999999988,limit,cancel_marketable,cancel_marketable,recorded_dormant_requires_fresh_authorization,1788461400000
2026-09-03:NY:8d5c8af5_8ef641a7-815c-4bb5-9798-b070b67d7998_deepseek_1781246265/v7/S3,0,1788461520000,29568.5,18.616349283547184,true,true,29592.5,3.007999999999988,limit,cancel_marketable,cancel_marketable,recorded_dormant_requires_fresh_authorization,1788461460000
2026-09-03:NY:8d5c8af5_8ef641a7-815c-4bb5-9798-b070b67d7998_deepseek_1781246265/v7/S3,0,1788461580000,29566.5,18.759206426404326,true,true,29592.5,3.007999999999988,limit,cancel_marketable,cancel_marketable,recorded_dormant_requires_fresh_authorization,1788461520000
2026-09-03:NY:8d5c8af5_8ef641a7-815c-4bb5-9798-b070b67d7998_deepseek_1781246265/v7/S3,0,1788461640000,29569.75,18.759206426404326,true,true,29592.5,3.007999999999988,limit,cancel_marketable,cancel_marketable,recorded_dormant_requires_fresh_authorization,1788461580000
2026-09-03:NY:8d5c8af5_8ef641a7-815c-4bb5-9798-b070b67d7998_deepseek_1781246265/v7/S3,0,1788461700000,29569.75,18.759206426404575,true,true,29592.5,3.007999999999988,limit,cancel_marketable,cancel_marketable,recorded_dormant_requires_fresh_authorization,1788461640000
2026-09-03:NY:8d5c8af5_8ef641a7-815c-4bb5-9798-b070b67d7998_deepseek_1781246265/v7/S3,0,1788461760000,29563.75,18.04426311023282,true,true,29592.5,3.007999999999988,limit,cancel_marketable,cancel_marketable,recorded_dormant_requires_fresh_authorization,1788461700000
2026-09-03:NY:8d5c8af5_8ef641a7-815c-4bb5-9798-b070b67d7998_deepseek_1781246265/v7/S3,0,1788461820000,29563.5,18.04426311023282,true,true,29592.5,3.007999999999988,limit,cancel_marketable,cancel_marketable,recorded_dormant_requires_fresh_authorization,1788461760000
2026-09-03:NY:8d5c8af5_8ef641a7-815c-4bb5-9798-b070b67d7998_deepseek_1781246265/v7/S3,0,1788461880000,29561,18.115691681661392,true,true,29592.5,3.007999999999988,limit,cancel_marketable,cancel_marketable,recorded_dormant_requires_fresh_authorization,1788461820000
2026-09-03:NY:8d5c8af5_8ef641a7-815c-4bb5-9798-b070b67d7998_deepseek_1781246265/v7/S3,0,1788461940000,29565.75,18.115691681661392,true,true,29592.5,3.007999999999988,limit,cancel_marketable,cancel_marketable,recorded_dormant_requires_fresh_authorization,1788461880000
2026-09-03:NY:8d5c8af5_8ef641a7-815c-4bb5-9798-b070b67d7998_deepseek_1781246265/v7/S3,0,1788462000000,29568.5,18.11569168166156,true,true,29592.5,3.007999999999988,limit,cancel_marketable,cancel_marketable,recorded_dormant_requires_fresh_authorization,1788461940000
2026-09-03:NY:8d5c8af5_8ef641a7-815c-4bb5-9798-b070b67d7998_deepseek_1781246265/v7/S3,0,1788462060000,29556,18.035999418685734,true,true,29592.5,3.007999999999988,limit,cancel_marketable,cancel_marketable,recorded_dormant_requires_fresh_authorization,1788462000000
2026-09-03:NY:8d5c8af5_8ef641a7-815c-4bb5-9798-b070b67d7998_deepseek_1781246265/v7/S3,0,1788462120000,29557.5,18.053856561542876,true,true,29592.5,3.007999999999988,limit,cancel_marketable,cancel_marketable,recorded_dormant_requires_fresh_authorization,1788462060000
2026-09-03:NY:8d5c8af5_8ef641a7-815c-4bb5-9798-b070b67d7998_deepseek_1781246265/v7/S3,0,1788462180000,29555,18.12528513297145,true,true,29592.5,3.007999999999988,limit,cancel_marketable,cancel_marketable,recorded_dormant_requires_fresh_authorization,1788462120000
2026-09-03:NY:8d5c8af5_8ef641a7-815c-4bb5-9798-b070b67d7998_deepseek_1781246265/v7/S3,0,1788462240000,29554,18.12528513297145,true,true,29592.5,3.007999999999988,limit,cancel_marketable,cancel_marketable,recorded_dormant_requires_fresh_authorization,1788462180000
2026-09-03:NY:8d5c8af5_8ef641a7-815c-4bb5-9798-b070b67d7998_deepseek_1781246265/v7/S3,0,1788462300000,29557,18.1252851329718,true,true,29592.5,3.007999999999988,limit,cancel_marketable,cancel_marketable,recorded_dormant_requires_fresh_authorization,1788462240000
2026-09-03:NY:8d5c8af5_8ef641a7-815c-4bb5-9798-b070b67d7998_deepseek_1781246265/v7/S3,0,1788462360000,29556.5,17.473479052045242,true,true,29592.5,3.007999999999988,limit,cancel_marketable,cancel_marketable,recorded_dormant_requires_fresh_authorization,1788462300000
2026-09-03:NY:8d5c8af5_8ef641a7-815c-4bb5-9798-b070b67d7998_deepseek_1781246265/v7/S3,0,1788462420000,29556,17.491336194902384,true,true,29592.5,3.007999999999988,limit,cancel_marketable,cancel_marketable,recorded_dormant_requires_fresh_authorization,1788462360000
2026-09-03:NY:8d5c8af5_8ef641a7-815c-4bb5-9798-b070b67d7998_deepseek_1781246265/v7/S3,0,1788462480000,29554,17.491336194902384,true,true,29592.5,3.007999999999988,limit,cancel_marketable,cancel_marketable,recorded_dormant_requires_fresh_authorization,1788462420000
2026-09-03:NY:8d5c8af5_8ef641a7-815c-4bb5-9798-b070b67d7998_deepseek_1781246265/v7/S3,0,1788462540000,29552.5,17.902050480616673,true,true,29592.5,3.007999999999988,limit,cancel_marketable,cancel_marketable,recorded_dormant_requires_fresh_authorization,1788462480000
2026-09-03:NY:8d5c8af5_8ef641a7-815c-4bb5-9798-b070b67d7998_deepseek_1781246265/v7/S3,0,1788462600000,29549.5,17.902050480615483,true,true,29592.5,3.007999999999988,limit,cancel_marketable,cancel_marketable,recorded_dormant_requires_fresh_authorization,1788462540000
2026-09-03:NY:8d5c8af5_8ef641a7-815c-4bb5-9798-b070b67d7998_deepseek_1781246265/v7/S3,0,1788462660000,29550.5,16.962618303428663,true,true,29592.5,3.007999999999988,limit,cancel_marketable,cancel_marketable,recorded_dormant_requires_fresh_authorization,1788462600000
2026-09-03:NY:8d5c8af5_8ef641a7-815c-4bb5-9798-b070b67d7998_deepseek_1781246265/v7/S3,0,1788462720000,29544,17.248332589142947,true,true,29592.5,3.007999999999988,limit,cancel_marketable,cancel_marketable,recorded_dormant_requires_fresh_authorization,1788462660000
2026-09-03:NY:8d5c8af5_8ef641a7-815c-4bb5-9798-b070b67d7998_deepseek_1781246265/v7/S3,0,1788462780000,29544.75,17.373332589142947,true,true,29592.5,3.007999999999988,limit,cancel_marketable,cancel_marketable,recorded_dormant_requires_fresh_authorization,1788462720000
2026-09-03:NY:8d5c8af5_8ef641a7-815c-4bb5-9798-b070b67d7998_deepseek_1781246265/v7/S3,0,1788462840000,29539.5,17.676904017714374,true,true,29592.5,3.007999999999988,limit,send_limit,send_limit,recorded_dormant_requires_fresh_authorization,1788462780000
2026-09-03:NY:8d5c8af5_8ef641a7-815c-4bb5-9798-b070b67d7998_deepseek_1781246265/v7/S3,0,1788462900000,29538.75,18.034046874857136,true,false,29592.5,3.007999999999988,limit,send_limit,send_limit,recorded_dormant_requires_fresh_authorization,1788462840000
2026-09-03:NY:8d5c8af5_8ef641a7-815c-4bb5-9798-b070b67d7998_deepseek_1781246265/v7/S3,0,1788462960000,29539,17.424472098081626,true,false,29592.5,3.007999999999988,limit,send_limit,send_limit,recorded_dormant_requires_fresh_authorization,1788462900000
2026-09-03:NY:8d5c8af5_8ef641a7-815c-4bb5-9798-b070b67d7998_deepseek_1781246265/v7/S3,0,1788463020000,29533.75,17.424472098081626,true,false,29592.5,3.007999999999988,limit,send_limit,send_limit,recorded_dormant_requires_fresh_authorization,1788462960000
2026-09-03:NY:8d5c8af5_8ef641a7-815c-4bb5-9798-b070b67d7998_deepseek_1781246265/v7/S3,0,1788463080000,29535.75,17.603043526653057,true,false,29592.5,3.007999999999988,limit,send_limit,send_limit,recorded_dormant_requires_fresh_authorization,1788463020000
2026-09-03:NY:8d5c8af5_8ef641a7-815c-4bb5-9798-b070b67d7998_deepseek_1781246265/v7/S3,0,1788463140000,29536.5,17.603043526653057,true,false,29592.5,3.007999999999988,limit,send_limit,send_limit,recorded_dormant_requires_fresh_authorization,1788463080000
2026-09-03:NY:8d5c8af5_8ef641a7-815c-4bb5-9798-b070b67d7998_deepseek_1781246265/v7/S3,0,1788463200000,29543.25,17.674472098081093,true,false,29592.5,3.007999999999988,limit,send_limit,send_limit,recorded_dormant_requires_fresh_authorization,1788463140000
2026-09-03:NY:8d5c8af5_8ef641a7-815c-4bb5-9798-b070b67d7998_deepseek_1781246265/v7/S3,0,1788463260000,29537.75,17.269152662503874,true,false,29592.5,3.007999999999988,limit,send_limit,send_limit,recorded_dormant_requires_fresh_authorization,1788463200000
2026-09-03:NY:8d5c8af5_8ef641a7-815c-4bb5-9798-b070b67d7998_deepseek_1781246265/v7/S3,0,1788463320000,29538.5,17.269152662503874,true,false,29592.5,3.007999999999988,limit,send_limit,send_limit,recorded_dormant_requires_fresh_authorization,1788463260000
2026-09-03:NY:8d5c8af5_8ef641a7-815c-4bb5-9798-b070b67d7998_deepseek_1781246265/v7/S3,0,1788463380000,29537,17.269152662503874,true,false,29592.5,3.007999999999988,limit,send_limit,send_limit,recorded_dormant_requires_fresh_authorization,1788463320000
2026-09-03:NY:8d5c8af5_8ef641a7-815c-4bb5-9798-b070b67d7998_deepseek_1781246265/v7/S3,0,1788463440000,29535,17.269152662503874,true,false,29592.5,3.007999999999988,limit,send_limit,send_limit,recorded_dormant_requires_fresh_authorization,1788463380000
2026-09-03:NY:8d5c8af5_8ef641a7-815c-4bb5-9798-b070b67d7998_deepseek_1781246265/v7/S3,0,1788463500000,29531,17.608438376789415,true,false,29592.5,3.007999999999988,limit,send_limit,send_limit,recorded_dormant_requires_fresh_authorization,1788463440000
2026-09-03:NY:8d5c8af5_8ef641a7-815c-4bb5-9798-b070b67d7998_deepseek_1781246265/v7/S3,0,1788463560000,29532.5,16.707835635590172,true,false,29592.5,3.007999999999988,limit,send_limit,send_limit,recorded_dormant_requires_fresh_authorization,1788463500000
2026-09-03:NY:8d5c8af5_8ef641a7-815c-4bb5-9798-b070b67d7998_deepseek_1781246265/v7/S3,0,1788463620000,29534.5,16.993549921304457,true,false,29592.5,3.007999999999988,limit,send_limit,send_limit,recorded_dormant_requires_fresh_authorization,1788463560000
2026-09-03:NY:8d5c8af5_8ef641a7-815c-4bb5-9798-b070b67d7998_deepseek_1781246265/v7/S3,0,1788463680000,29531,17.029264207018745,true,false,29592.5,3.007999999999988,limit,send_limit,send_limit,recorded_dormant_requires_fresh_authorization,1788463620000
2026-09-03:NY:8d5c8af5_8ef641a7-815c-4bb5-9798-b070b67d7998_deepseek_1781246265/v7/S3,0,1788463740000,29530.75,17.1364070641616,true,false,29592.5,3.007999999999988,limit,send_limit,send_limit,recorded_dormant_requires_fresh_authorization,1788463680000
2026-09-03:NY:8d5c8af5_8ef641a7-815c-4bb5-9798-b070b67d7998_deepseek_1781246265/v7/S3,0,1788463800000,29533.5,17.1364070641611,true,false,29592.5,3.007999999999988,limit,send_limit,send_limit,recorded_dormant_requires_fresh_authorization,1788463740000
2026-09-03:NY:8d5c8af5_8ef641a7-815c-4bb5-9798-b070b67d7998_deepseek_1781246265/v7/S3,0,1788463860000,29532.25,16.62666370243531,true,false,29592.5,3.007999999999988,limit,send_limit,send_limit,recorded_dormant_requires_fresh_authorization,1788463800000
2026-09-03:NY:8d5c8af5_8ef641a7-815c-4bb5-9798-b070b67d7998_deepseek_1781246265/v7/S3,0,1788463920000,29536.25,16.62666370243531,true,false,29592.5,3.007999999999988,limit,send_limit,send_limit,recorded_dormant_requires_fresh_authorization,1788463860000
2026-09-03:NY:8d5c8af5_8ef641a7-815c-4bb5-9798-b070b67d7998_deepseek_1781246265/v7/S3,0,1788463980000,29532.25,16.62666370243531,true,false,29592.5,3.007999999999988,limit,send_limit,send_limit,recorded_dormant_requires_fresh_authorization,1788463920000
2026-09-03:NY:8d5c8af5_8ef641a7-815c-4bb5-9798-b070b67d7998_deepseek_1781246265/v7/S3,0,1788464040000,29530,16.75166370243531,true,false,29592.5,3.007999999999988,limit,send_limit,send_limit,recorded_dormant_requires_fresh_authorization,1788463980000
2026-09-03:NY:8d5c8af5_8ef641a7-815c-4bb5-9798-b070b67d7998_deepseek_1781246265/v7/S3,0,1788464100000,29526,17.12666370243512,true,false,29592.5,3.007999999999988,limit,send_limit,send_limit,recorded_dormant_requires_fresh_authorization,1788464040000
2026-09-03:NY:8d5c8af5_8ef641a7-815c-4bb5-9798-b070b67d7998_deepseek_1781246265/v7/S3,0,1788464160000,29528.75,16.439044866546897,true,false,29592.5,3.007999999999988,limit,send_limit,send_limit,recorded_dormant_requires_fresh_authorization,1788464100000
2026-09-03:NY:8d5c8af5_8ef641a7-815c-4bb5-9798-b070b67d7998_deepseek_1781246265/v7/S3,0,1788464220000,29531.75,16.528330580832613,true,false,29592.5,3.007999999999988,limit,send_limit,send_limit,recorded_dormant_requires_fresh_authorization,1788464160000
2026-09-03:NY:8d5c8af5_8ef641a7-815c-4bb5-9798-b070b67d7998_deepseek_1781246265/v7/S3,0,1788464280000,29535.25,16.689044866546897,true,false,29592.5,3.007999999999988,limit,send_limit,send_limit,recorded_dormant_requires_fresh_authorization,1788464220000
2026-09-03:NY:8d5c8af5_8ef641a7-815c-4bb5-9798-b070b67d7998_deepseek_1781246265/v7/S3,0,1788464340000,29531.5,16.689044866546897,true,false,29592.5,3.007999999999988,limit,send_limit,send_limit,recorded_dormant_requires_fresh_authorization,1788464280000
2026-09-03:NY:8d5c8af5_8ef641a7-815c-4bb5-9798-b070b67d7998_deepseek_1781246265/v7/S3,0,1788464400000,29532,16.68904486654649,true,false,29592.5,3.007999999999988,limit,send_limit,send_limit,recorded_dormant_requires_fresh_authorization,1788464340000
2026-09-03:NY:8d5c8af5_8ef641a7-815c-4bb5-9798-b070b67d7998_deepseek_1781246265/v7/S3,0,1788464460000,29534.5,16.282684518936026,true,false,29592.5,3.007999999999988,limit,send_limit,send_limit,recorded_dormant_requires_fresh_authorization,1788464400000
2026-09-03:NY:8d5c8af5_8ef641a7-815c-4bb5-9798-b070b67d7998_deepseek_1781246265/v7/S3,0,1788464520000,29526.5,16.621970233221738,true,false,29592.5,3.007999999999988,limit,send_limit,send_limit,recorded_dormant_requires_fresh_authorization,1788464460000
2026-09-03:NY:8d5c8af5_8ef641a7-815c-4bb5-9798-b070b67d7998_deepseek_1781246265/v7/S3,0,1788464580000,29527.25,16.961255947507453,true,false,29592.5,3.007999999999988,limit,send_limit,send_limit,recorded_dormant_requires_fresh_authorization,1788464520000
2026-09-03:NY:8d5c8af5_8ef641a7-815c-4bb5-9798-b070b67d7998_deepseek_1781246265/v7/S3,0,1788464640000,29525.75,16.961255947507453,true,false,29592.5,3.007999999999988,limit,send_limit,send_limit,recorded_dormant_requires_fresh_authorization,1788464580000
2026-09-03:ASIA:8d5c8af5_8ef641a7-815c-4bb5-9798-b070b67d7998_deepseek_1781246265/v4/S1,0,1788483240000,29539,10.64315131425936,false,false,29574.88,0.9590773809523013,limit,send_limit,send_limit,waiting_confirm,1788483180000
2026-09-03:ASIA:8d5c8af5_8ef641a7-815c-4bb5-9798-b070b67d7998_deepseek_1781246265/v4/S1,0,1788483300000,29538,10.643151314259066,false,false,29574.88,0.9590773809523013,limit,send_limit,send_limit,waiting_confirm,1788483240000
2026-09-03:ASIA:8d5c8af5_8ef641a7-815c-4bb5-9798-b070b67d7998_deepseek_1781246265/v4/S1,0,1788483360000,29533.75,10.222211934669133,false,false,29574.88,0.9590773809523013,limit,send_limit,send_limit,waiting_confirm,1788483300000
2026-09-03:ASIA:8d5c8af5_8ef641a7-815c-4bb5-9798-b070b67d7998_deepseek_1781246265/v4/S1,0,1788483420000,29532,10.45435479181199,false,false,29574.88,0.9590773809523013,limit,send_limit,send_limit,waiting_confirm,1788483360000
2026-09-03:ASIA:8d5c8af5_8ef641a7-815c-4bb5-9798-b070b67d7998_deepseek_1781246265/v4/S1,0,1788483480000,29533.5,10.45435479181199,false,false,29574.88,0.9590773809523013,limit,send_limit,send_limit,waiting_confirm,1788483420000
2026-09-03:ASIA:8d5c8af5_8ef641a7-815c-4bb5-9798-b070b67d7998_deepseek_1781246265/v4/S1,0,1788483540000,29533.25,10.45435479181199,false,false,29574.88,0.9590773809523013,limit,send_limit,send_limit,waiting_confirm,1788483480000
2026-09-03:ASIA:8d5c8af5_8ef641a7-815c-4bb5-9798-b070b67d7998_deepseek_1781246265/v4/S1,0,1788483600000,29530.25,10.49006907752628,false,false,29574.88,0.9590773809523013,limit,send_limit,send_limit,waiting_confirm,1788483540000
2026-09-03:ASIA:8d5c8af5_8ef641a7-815c-4bb5-9798-b070b67d7998_deepseek_1781246265/v4/S1,0,1788483660000,29529.5,10.151492714845832,false,false,29574.88,0.9590773809523013,limit,send_limit,send_limit,waiting_confirm,1788483600000
2026-09-03:ASIA:8d5c8af5_8ef641a7-815c-4bb5-9798-b070b67d7998_deepseek_1781246265/v4/S1,0,1788483720000,29526.75,10.294349857702974,false,false,29574.88,0.9590773809523013,limit,send_limit,send_limit,waiting_confirm,1788483660000
2026-09-03:ASIA:8d5c8af5_8ef641a7-815c-4bb5-9798-b070b67d7998_deepseek_1781246265/v4/S1,0,1788483780000,29518.5,10.83006414341726,false,false,29574.88,0.9590773809523013,limit,outside_band,outside_band,waiting_confirm,1788483720000
2026-09-03:ASIA:8d5c8af5_8ef641a7-815c-4bb5-9798-b070b67d7998_deepseek_1781246265/v4/S1,0,1788483840000,29524.5,10.847921286274403,false,false,29574.88,0.9590773809523013,limit,send_limit,send_limit,waiting_confirm,1788483780000
2026-09-03:ASIA:8d5c8af5_8ef641a7-815c-4bb5-9798-b070b67d7998_deepseek_1781246265/v4/S1,0,1788483900000,29527,10.847921286273595,false,false,29574.88,0.9590773809523013,limit,send_limit,send_limit,waiting_confirm,1788483840000
2026-09-03:ASIA:8d5c8af5_8ef641a7-815c-4bb5-9798-b070b67d7998_deepseek_1781246265/v4/S1,0,1788483960000,29529,10.69806976582548,false,false,29574.88,0.9590773809523013,limit,send_limit,send_limit,waiting_confirm,1788483900000
2026-09-03:ASIA:8d5c8af5_8ef641a7-815c-4bb5-9798-b070b67d7998_deepseek_1781246265/v4/S1,0,1788484020000,29530,10.69806976582548,false,false,29574.88,0.9590773809523013,limit,send_limit,send_limit,waiting_confirm,1788483960000
2026-09-03:ASIA:8d5c8af5_8ef641a7-815c-4bb5-9798-b070b67d7998_deepseek_1781246265/v4/S1,0,1788484080000,29529,10.69806976582548,false,false,29574.88,0.9590773809523013,limit,send_limit,send_limit,waiting_confirm,1788484020000
2026-09-03:ASIA:8d5c8af5_8ef641a7-815c-4bb5-9798-b070b67d7998_deepseek_1781246265/v4/S1,0,1788484140000,29526.25,10.69806976582548,false,false,29574.88,0.9590773809523013,limit,send_limit,send_limit,waiting_confirm,1788484080000
2026-09-03:ASIA:8d5c8af5_8ef641a7-815c-4bb5-9798-b070b67d7998_deepseek_1781246265/v4/S1,0,1788484200000,29525.75,10.69806976582525,false,false,29574.88,0.9590773809523013,limit,send_limit,send_limit,waiting_confirm,1788484140000
2026-09-03:ASIA:8d5c8af5_8ef641a7-815c-4bb5-9798-b070b67d7998_deepseek_1781246265/v4/S1,0,1788484260000,29524.75,10.308921925409162,false,false,29574.88,0.9590773809523013,limit,send_limit,send_limit,waiting_confirm,1788484200000
2026-09-03:ASIA:8d5c8af5_8ef641a7-815c-4bb5-9798-b070b67d7998_deepseek_1781246265/v4/S1,0,1788484320000,29525.75,10.505350496837734,false,false,29574.88,0.9590773809523013,limit,send_limit,send_limit,waiting_confirm,1788484260000
2026-09-03:ASIA:8d5c8af5_8ef641a7-815c-4bb5-9798-b070b67d7998_deepseek_1781246265/v4/S1,0,1788484380000,29528.75,10.505350496837734,false,false,29574.88,0.9590773809523013,limit,send_limit,send_limit,waiting_confirm,1788484320000
2026-09-03:ASIA:8d5c8af5_8ef641a7-815c-4bb5-9798-b070b67d7998_deepseek_1781246265/v4/S1,0,1788484440000,29523,10.558921925409162,false,false,29574.88,0.9590773809523013,limit,send_limit,send_limit,waiting_confirm,1788484380000
2026-09-03:ASIA:8d5c8af5_8ef641a7-815c-4bb5-9798-b070b67d7998_deepseek_1781246265/v4/S1,0,1788484500000,29523,10.558921925408915,false,false,29574.88,0.9590773809523013,limit,send_limit,send_limit,waiting_confirm,1788484440000
2026-09-03:ASIA:8d5c8af5_8ef641a7-815c-4bb5-9798-b070b67d7998_deepseek_1781246265/v4/S1,0,1788484560000,29522.25,10.108284645022565,false,false,29574.88,0.9590773809523013,limit,outside_band,outside_band,waiting_confirm,1788484500000
2026-09-03:ASIA:8d5c8af5_8ef641a7-815c-4bb5-9798-b070b67d7998_deepseek_1781246265/v4/S1,0,1788484620000,29519.25,10.411856073593993,false,false,29574.88,0.9590773809523013,limit,outside_band,outside_band,waiting_confirm,1788484560000
2026-09-03:ASIA:8d5c8af5_8ef641a7-815c-4bb5-9798-b070b67d7998_deepseek_1781246265/v4/S1,0,1788484680000,29525.5,10.554713216451136,false,false,29574.88,0.9590773809523013,limit,send_limit,send_limit,waiting_confirm,1788484620000
2026-09-03:ASIA:8d5c8af5_8ef641a7-815c-4bb5-9798-b070b67d7998_deepseek_1781246265/v4/S1,0,1788484740000,29526.75,10.679713216451136,false,false,29574.88,0.9590773809523013,limit,send_limit,send_limit,waiting_confirm,1788484680000
2026-09-03:ASIA:8d5c8af5_8ef641a7-815c-4bb5-9798-b070b67d7998_deepseek_1781246265/v4/S1,0,1788484800000,29526.25,10.697570359307901,false,false,29574.88,0.9590773809523013,limit,send_limit,send_limit,waiting_confirm,1788484740000
2026-09-03:ASIA:8d5c8af5_8ef641a7-815c-4bb5-9798-b070b67d7998_deepseek_1781246265/v4/S1,0,1788484860000,29537.25,10.772743905071623,false,false,29574.88,0.9590773809523013,limit,send_limit,send_limit,waiting_confirm,1788484800000
2026-09-03:ASIA:8d5c8af5_8ef641a7-815c-4bb5-9798-b070b67d7998_deepseek_1781246265/v4/S1,0,1788484920000,29537.25,10.87988676221448,false,false,29574.88,0.9590773809523013,limit,send_limit,send_limit,waiting_confirm,1788484860000
2026-09-03:ASIA:8d5c8af5_8ef641a7-815c-4bb5-9798-b070b67d7998_deepseek_1781246265/v4/S1,0,1788484980000,29539.5,11.00488676221448,false,false,29574.88,0.9590773809523013,limit,send_limit,send_limit,waiting_confirm,1788484920000
2026-09-03:ASIA:8d5c8af5_8ef641a7-815c-4bb5-9798-b070b67d7998_deepseek_1781246265/v4/S1,0,1788485040000,29540.5,11.12988676221448,false,false,29574.88,0.9590773809523013,limit,send_limit,send_limit,waiting_confirm,1788484980000
2026-09-03:ASIA:8d5c8af5_8ef641a7-815c-4bb5-9798-b070b67d7998_deepseek_1781246265/v4/S1,0,1788485100000,29539.75,11.129886762214529,false,false,29574.88,0.9590773809523013,limit,send_limit,send_limit,waiting_confirm,1788485040000
2026-09-03:ASIA:8d5c8af5_8ef641a7-815c-4bb5-9798-b070b67d7998_deepseek_1781246265/v4/S1,0,1788485160000,29541.25,10.54918056491349,false,false,29574.88,0.9590773809523013,limit,send_limit,send_limit,waiting_confirm,1788485100000
2026-09-03:ASIA:8d5c8af5_8ef641a7-815c-4bb5-9798-b070b67d7998_deepseek_1781246265/v4/S1,0,1788485220000,29536,10.888466279199205,false,false,29574.88,0.9590773809523013,limit,send_limit,send_limit,waiting_confirm,1788485160000
2026-09-03:ASIA:8d5c8af5_8ef641a7-815c-4bb5-9798-b070b67d7998_deepseek_1781246265/v4/S1,0,1788485280000,29535.75,11.156323422056348,false,false,29574.88,0.9590773809523013,limit,send_limit,send_limit,waiting_confirm,1788485220000
2026-09-03:ASIA:8d5c8af5_8ef641a7-815c-4bb5-9798-b070b67d7998_deepseek_1781246265/v4/S1,0,1788485340000,29539.75,11.156323422056348,false,false,29574.88,0.9590773809523013,limit,send_limit,send_limit,waiting_confirm,1788485280000
2026-09-03:ASIA:8d5c8af5_8ef641a7-815c-4bb5-9798-b070b67d7998_deepseek_1781246265/v4/S1,0,1788485400000,29540.75,11.156323422056216,false,false,29574.88,0.9590773809523013,limit,send_limit,send_limit,waiting_confirm,1788485340000
2026-09-03:ASIA:8d5c8af5_8ef641a7-815c-4bb5-9798-b070b67d7998_deepseek_1781246265/v4/S1,0,1788485460000,29541,10.663014606195059,false,false,29574.88,0.9590773809523013,limit,send_limit,send_limit,waiting_confirm,1788485400000
2026-09-03:ASIA:8d5c8af5_8ef641a7-815c-4bb5-9798-b070b67d7998_deepseek_1781246265/v4/S1,0,1788485520000,29543.25,10.966586034766488,false,false,29574.88,0.9590773809523013,limit,send_limit,send_limit,waiting_confirm,1788485460000
2026-09-03:ASIA:8d5c8af5_8ef641a7-815c-4bb5-9798-b070b67d7998_deepseek_1781246265/v5/S3,0,1788485580000,29539.75,11.073728891909344,false,false,29603,2.0555555555555554,limit,outside_band,outside_band,waiting_confirm,1788485520000
2026-09-03:ASIA:8d5c8af5_8ef641a7-815c-4bb5-9798-b070b67d7998_deepseek_1781246265/v5/S3,0,1788485640000,29542,11.073728891909344,false,false,29603,2.0555555555555554,limit,outside_band,outside_band,waiting_confirm,1788485580000
2026-09-03:ASIA:8d5c8af5_8ef641a7-815c-4bb5-9798-b070b67d7998_deepseek_1781246265/v5/S3,0,1788485700000,29542,11.073728891909122,false,false,29603,2.0555555555555554,limit,outside_band,outside_band,waiting_confirm,1788485640000
2026-09-03:ASIA:8d5c8af5_8ef641a7-815c-4bb5-9798-b070b67d7998_deepseek_1781246265/v5/S3,0,1788485760000,29538.25,10.586319685344185,false,false,29603,2.0555555555555554,limit,outside_band,outside_band,waiting_confirm,1788485700000
2026-09-03:ASIA:8d5c8af5_8ef641a7-815c-4bb5-9798-b070b67d7998_deepseek_1781246265/v5/S3,0,1788485820000,29542,10.586319685344185,false,false,29603,2.0555555555555554,limit,outside_band,outside_band,waiting_confirm,1788485760000
2026-09-03:ASIA:8d5c8af5_8ef641a7-815c-4bb5-9798-b070b67d7998_deepseek_1781246265/v5/S3,0,1788485880000,29540.5,11.086319685344185,false,false,29603,2.0555555555555554,limit,outside_band,outside_band,waiting_confirm,1788485820000
2026-09-03:ASIA:8d5c8af5_8ef641a7-815c-4bb5-9798-b070b67d7998_deepseek_1781246265/v5/S3,0,1788485940000,29539.25,11.247033971058471,false,false,29603,2.0555555555555554,limit,outside_band,outside_band,waiting_confirm,1788485880000
2026-09-03:ASIA:8d5c8af5_8ef641a7-815c-4bb5-9798-b070b67d7998_deepseek_1781246265/v5/S3,0,1788486000000,29538.5,11.247033971058318,false,false,29603,2.0555555555555554,limit,outside_band,outside_band,waiting_confirm,1788485940000
2026-09-03:ASIA:8d5c8af5_8ef641a7-815c-4bb5-9798-b070b67d7998_deepseek_1781246265/v5/S3,0,1788486060000,29539.75,10.836531544554152,false,false,29603,2.0555555555555554,limit,outside_band,outside_band,waiting_confirm,1788486000000
2026-09-03:ASIA:8d5c8af5_8ef641a7-815c-4bb5-9798-b070b67d7998_deepseek_1781246265/v5/S3,0,1788486120000,29538.25,10.836531544554152,false,false,29603,2.0555555555555554,limit,outside_band,outside_band,waiting_confirm,1788486060000
2026-09-03:ASIA:8d5c8af5_8ef641a7-815c-4bb5-9798-b070b67d7998_deepseek_1781246265/v5/S3,0,1788486180000,29539,10.836531544554152,false,false,29603,2.0555555555555554,limit,outside_band,outside_band,waiting_confirm,1788486120000
2026-09-03:ASIA:8d5c8af5_8ef641a7-815c-4bb5-9798-b070b67d7998_deepseek_1781246265/v5/S3,0,1788486240000,29539.5,11.050817258839867,false,false,29603,2.0555555555555554,limit,outside_band,outside_band,waiting_confirm,1788486180000
2026-09-03:ASIA:8d5c8af5_8ef641a7-815c-4bb5-9798-b070b67d7998_deepseek_1781246265/v5/S3,0,1788486300000,29545,11.318674401696992,false,false,29603,2.0555555555555554,limit,outside_band,outside_band,waiting_confirm,1788486240000
2026-09-03:ASIA:8d5c8af5_8ef641a7-815c-4bb5-9798-b070b67d7998_deepseek_1781246265/v5/S3,0,1788486360000,29537.75,11.17091194443292,false,false,29603,2.0555555555555554,limit,outside_band,outside_band,waiting_confirm,1788486300000
2026-09-03:ASIA:8d5c8af5_8ef641a7-815c-4bb5-9798-b070b67d7998_deepseek_1781246265/v5/S3,0,1788486420000,29537,11.17091194443292,false,false,29603,2.0555555555555554,limit,outside_band,outside_band,waiting_confirm,1788486360000
2026-09-03:ASIA:8d5c8af5_8ef641a7-815c-4bb5-9798-b070b67d7998_deepseek_1781246265/v5/S3,0,1788486480000,29537.25,11.206626230147206,false,false,29603,2.0555555555555554,limit,outside_band,outside_band,waiting_confirm,1788486420000
2026-09-03:ASIA:8d5c8af5_8ef641a7-815c-4bb5-9798-b070b67d7998_deepseek_1781246265/v5/S3,0,1788486540000,29535,11.36734051586149,false,false,29603,2.0555555555555554,limit,outside_band,outside_band,waiting_confirm,1788486480000
2026-09-03:ASIA:8d5c8af5_8ef641a7-815c-4bb5-9798-b070b67d7998_deepseek_1781246265/v5/S3,0,1788486600000,29532.75,11.563769087290012,false,false,29603,2.0555555555555554,limit,outside_band,outside_band,waiting_confirm,1788486540000
2026-09-03:ASIA:8d5c8af5_8ef641a7-815c-4bb5-9798-b070b67d7998_deepseek_1781246265/v5/S3,0,1788486660000,29530.75,11.219928438197869,false,false,29603,2.0555555555555554,limit,outside_band,outside_band,waiting_confirm,1788486600000
2026-09-03:ASIA:8d5c8af5_8ef641a7-815c-4bb5-9798-b070b67d7998_deepseek_1781246265/v5/S3,0,1788486720000,29527.75,11.219928438197869,false,false,29603,2.0555555555555554,limit,outside_band,outside_band,waiting_confirm,1788486660000
2026-09-03:ASIA:8d5c8af5_8ef641a7-815c-4bb5-9798-b070b67d7998_deepseek_1781246265/v5/S3,0,1788486780000,29531,11.237785581055011,false,false,29603,2.0555555555555554,limit,outside_band,outside_band,waiting_confirm,1788486720000
2026-09-03:ASIA:8d5c8af5_8ef641a7-815c-4bb5-9798-b070b67d7998_deepseek_1781246265/v5/S3,0,1788486840000,29535,11.809214152483582,false,false,29603,2.0555555555555554,limit,outside_band,outside_band,waiting_confirm,1788486780000
2026-09-03:ASIA:8d5c8af5_8ef641a7-815c-4bb5-9798-b070b67d7998_deepseek_1781246265/v5/S3,0,1788486900000,29527.5,11.809214152483232,false,false,29603,2.0555555555555554,limit,outside_band,outside_band,waiting_confirm,1788486840000
2026-09-03:ASIA:8d5c8af5_8ef641a7-815c-4bb5-9798-b070b67d7998_deepseek_1781246265/v5/S3,0,1788486960000,29530.75,11.519270284448714,false,false,29603,2.0555555555555554,limit,outside_band,outside_band,waiting_confirm,1788486900000
2026-09-03:ASIA:8d5c8af5_8ef641a7-815c-4bb5-9798-b070b67d7998_deepseek_1781246265/v5/S3,0,1788487020000,29538,12.054984570163,false,false,29603.082476855245,2.046179862205564,limit,outside_band,outside_band,waiting_confirm,1788486960000
2026-09-03:ASIA:8d5c8af5_8ef641a7-815c-4bb5-9798-b070b67d7998_deepseek_1781246265/v5/S3,0,1788487080000,29542.25,12.73355599873443,false,false,29604.100333998103,1.9371389004859223,limit,outside_band,outside_band,waiting_confirm,1788487020000
2026-09-03:ASIA:8d5c8af5_8ef641a7-815c-4bb5-9798-b070b67d7998_deepseek_1781246265/v5/S3,0,1788487140000,29547,12.804984570163,false,false,29604.207476855245,1.9263331815441893,limit,outside_band,outside_band,waiting_confirm,1788487080000
2026-09-03:ASIA:8d5c8af5_8ef641a7-815c-4bb5-9798-b070b67d7998_deepseek_1781246265/v5/S3,0,1788487200000,29547.75,12.804984570163217,false,false,29604.207476855245,1.9263331815441893,limit,outside_band,outside_band,waiting_confirm,1788487140000
2026-09-03:ASIA:8d5c8af5_8ef641a7-815c-4bb5-9798-b070b67d7998_deepseek_1781246265/v5/S3,0,1788487260000,29545.75,12.193914243722988,false,false,29603.290871365585,2.0228669952606295,limit,outside_band,outside_band,waiting_confirm,1788487200000
2026-09-03:ASIA:8d5c8af5_8ef641a7-815c-4bb5-9798-b070b67d7998_deepseek_1781246265/v5/S3,0,1788487320000,29540,12.71177138658013,false,false,29604.06765707987,1.940458643923205,limit,outside_band,outside_band,waiting_confirm,1788487260000
2026-09-03:ASIA:8d5c8af5_8ef641a7-815c-4bb5-9798-b070b67d7998_deepseek_1781246265/v5/S3,0,1788487380000,29544.5,12.71177138658013,false,false,29604.06765707987,1.940458643923205,limit,outside_band,outside_band,waiting_confirm,1788487320000
2026-09-03:ASIA:8d5c8af5_8ef641a7-815c-4bb5-9798-b070b67d7998_deepseek_1781246265/v5/S3,0,1788487440000,29542.5,12.71177138658013,false,false,29604.06765707987,1.940458643923205,limit,outside_band,outside_band,waiting_confirm,1788487380000
2026-09-03:ASIA:8d5c8af5_8ef641a7-815c-4bb5-9798-b070b67d7998_deepseek_1781246265/v5/S3,0,1788487500000,29539.5,12.711771386579509,false,false,29604.067657079868,1.9404586439235751,limit,outside_band,outside_band,waiting_confirm,1788487440000
2026-09-03:ASIA:8d5c8af5_8ef641a7-815c-4bb5-9798-b070b67d7998_deepseek_1781246265/v5/S3,0,1788487560000,29544.75,12.303787716109543,false,false,29603.455681574163,2.004802686441944,limit,outside_band,outside_band,waiting_confirm,1788487500000
2026-09-03:ASIA:8d5c8af5_8ef641a7-815c-4bb5-9798-b070b67d7998_deepseek_1781246265/v5/S3,0,1788487620000,29544.5,12.303787716109543,false,false,29603.455681574163,2.004802686441944,limit,outside_band,outside_band,waiting_confirm,1788487560000
2026-09-03:ASIA:8d5c8af5_8ef641a7-815c-4bb5-9798-b070b67d7998_deepseek_1781246265/v5/S3,0,1788487680000,29543.75,12.303787716109543,false,false,29603.455681574163,2.004802686441944,limit,outside_band,outside_band,waiting_confirm,1788487620000
2026-09-03:ASIA:8d5c8af5_8ef641a7-815c-4bb5-9798-b070b67d7998_deepseek_1781246265/v5/S3,0,1788487740000,29542,12.303787716109543,false,false,29603.455681574163,2.004802686441944,limit,outside_band,outside_band,waiting_confirm,1788487680000
2026-09-03:ASIA:8d5c8af5_8ef641a7-815c-4bb5-9798-b070b67d7998_deepseek_1781246265/v5/S3,0,1788487800000,29546.25,12.375216287537869,false,false,29603.56282443131,1.9932311560085179,limit,outside_band,outside_band,waiting_confirm,1788487740000
2026-09-03:ASIA:8d5c8af5_8ef641a7-815c-4bb5-9798-b070b67d7998_deepseek_1781246265/v5/S3,0,1788487860000,29545.25,11.723415124142306,false,false,29603,2.0555555555555554,limit,outside_band,outside_band,waiting_confirm,1788487800000
2026-09-03:ASIA:8d5c8af5_8ef641a7-815c-4bb5-9798-b070b67d7998_deepseek_1781246265/v5/S3,0,1788487920000,29549,11.866272266999449,false,false,29603,2.0555555555555554,limit,outside_band,outside_band,waiting_confirm,1788487860000
2026-09-03:ASIA:8d5c8af5_8ef641a7-815c-4bb5-9798-b070b67d7998_deepseek_1781246265/v5/S3,0,1788487980000,29550.25,12.116272266999449,false,false,29603.1744084005,2.0358296778992417,limit,outside_band,outside_band,waiting_confirm,1788487920000
2026-09-03:ASIA:8d5c8af5_8ef641a7-815c-4bb5-9798-b070b67d7998_deepseek_1781246265/v5/S3,0,1788488040000,29548.5,12.116272266999449,false,false,29603.1744084005,2.0358296778992417,limit,outside_band,outside_band,waiting_confirm,1788487980000
2026-09-03:ASIA:8d5c8af5_8ef641a7-815c-4bb5-9798-b070b67d7998_deepseek_1781246265/v5/S3,0,1788488100000,29550,12.116272266999484,false,false,29603.1744084005,2.0358296778992417,limit,outside_band,outside_band,waiting_confirm,1788488040000
2026-09-03:ASIA:8d5c8af5_8ef641a7-815c-4bb5-9798-b070b67d7998_deepseek_1781246265/v5/S3,0,1788488160000,29549.5,11.375824247928092,false,false,29603,2.0555555555555554,limit,outside_band,outside_band,waiting_confirm,1788488100000
2026-09-03:ASIA:8d5c8af5_8ef641a7-815c-4bb5-9798-b070b67d7998_deepseek_1781246265/v5/S3,0,1788488220000,29549.5,11.48296710507095,false,false,29603,2.0555555555555554,limit,outside_band,outside_band,waiting_confirm,1788488160000
2026-09-03:ASIA:8d5c8af5_8ef641a7-815c-4bb5-9798-b070b67d7998_deepseek_1781246265/v5/S3,0,1788488280000,29550.5,11.518681390785234,false,false,29603,2.0555555555555554,limit,outside_band,outside_band,waiting_confirm,1788488220000
2026-09-03:ASIA:8d5c8af5_8ef641a7-815c-4bb5-9798-b070b67d7998_deepseek_1781246265/v5/S3,0,1788488340000,29550.5,11.518681390785234,false,false,29603,2.0555555555555554,limit,outside_band,outside_band,waiting_confirm,1788488280000
2026-09-03:ASIA:8d5c8af5_8ef641a7-815c-4bb5-9798-b070b67d7998_deepseek_1781246265/v5/S3,0,1788488400000,29550.75,11.518681390784874,false,false,29603,2.0555555555555554,limit,outside_band,outside_band,waiting_confirm,1788488340000
2026-09-03:ASIA:8d5c8af5_8ef641a7-815c-4bb5-9798-b070b67d7998_deepseek_1781246265/v5/S3,0,1788488460000,29549.5,10.963775577157381,false,false,29603,2.0555555555555554,limit,outside_band,outside_band,recorded_dormant_requires_fresh_authorization,1788488400000
2026-09-03:ASIA:8d5c8af5_8ef641a7-815c-4bb5-9798-b070b67d7998_deepseek_1781246265/v5/S3,0,1788488520000,29551.5,11.160204148585953,false,false,29603,2.0555555555555554,limit,outside_band,outside_band,recorded_dormant_requires_fresh_authorization,1788488460000
2026-09-03:ASIA:8d5c8af5_8ef641a7-815c-4bb5-9798-b070b67d7998_deepseek_1781246265/v5/S3,0,1788488580000,29551.5,11.160204148585953,false,false,29603,2.0555555555555554,limit,outside_band,outside_band,recorded_dormant_requires_fresh_authorization,1788488520000
2026-09-03:ASIA:8d5c8af5_8ef641a7-815c-4bb5-9798-b070b67d7998_deepseek_1781246265/v5/S3,0,1788488640000,29553.25,11.249489862871668,false,false,29603,2.0555555555555554,limit,outside_band,outside_band,recorded_dormant_requires_fresh_authorization,1788488580000
2026-09-03:ASIA:8d5c8af5_8ef641a7-815c-4bb5-9798-b070b67d7998_deepseek_1781246265/v5/S3,0,1788488700000,29554.5,11.374489862871675,false,false,29603,2.0555555555555554,limit,outside_band,outside_band,recorded_dormant_requires_fresh_authorization,1788488640000
2026-09-03:ASIA:8d5c8af5_8ef641a7-815c-4bb5-9798-b070b67d7998_deepseek_1781246265/v5/S3,0,1788488760000,29555.25,10.812026301237983,false,false,29603,2.0555555555555554,limit,outside_band,outside_band,recorded_dormant_requires_fresh_authorization,1788488700000
2026-09-03:ASIA:8d5c8af5_8ef641a7-815c-4bb5-9798-b070b67d7998_deepseek_1781246265/v5/S3,0,1788488820000,29556,10.829883444095127,false,false,29603,2.0555555555555554,limit,outside_band,outside_band,recorded_dormant_requires_fresh_authorization,1788488760000
2026-09-03:ASIA:8d5c8af5_8ef641a7-815c-4bb5-9798-b070b67d7998_deepseek_1781246265/v5/S3,0,1788488880000,29553.5,10.84774058695227,false,false,29603,2.0555555555555554,limit,outside_band,outside_band,recorded_dormant_requires_fresh_authorization,1788488820000
2026-09-03:ASIA:8d5c8af5_8ef641a7-815c-4bb5-9798-b070b67d7998_deepseek_1781246265/v5/S3,0,1788488940000,29554,10.84774058695227,false,false,29603,2.0555555555555554,limit,outside_band,outside_band,recorded_dormant_requires_fresh_authorization,1788488880000
2026-09-03:ASIA:8d5c8af5_8ef641a7-815c-4bb5-9798-b070b67d7998_deepseek_1781246265/v5/S3,0,1788489000000,29555.25,10.847740586952265,false,false,29603,2.0555555555555554,limit,outside_band,outside_band,recorded_dormant_requires_fresh_authorization,1788488940000
2026-09-03:ASIA:8d5c8af5_8ef641a7-815c-4bb5-9798-b070b67d7998_deepseek_1781246265/v5/S3,0,1788489060000,29565,10.858616259312816,false,false,29603,2.0555555555555554,limit,send_limit,send_limit,recorded_dormant_requires_fresh_authorization,1788489000000
2026-09-03:ASIA:8d5c8af5_8ef641a7-815c-4bb5-9798-b070b67d7998_deepseek_1781246265/v5/S3,0,1788489120000,29559.25,10.912187687884245,false,false,29603,2.0555555555555554,limit,outside_band,outside_band,recorded_dormant_requires_fresh_authorization,1788489060000
2026-09-03:ASIA:8d5c8af5_8ef641a7-815c-4bb5-9798-b070b67d7998_deepseek_1781246265/v5/S3,0,1788489180000,29562.25,10.912187687884245,false,false,29603,2.0555555555555554,limit,send_limit,send_limit,recorded_dormant_requires_fresh_authorization,1788489120000
2026-09-03:ASIA:8d5c8af5_8ef641a7-815c-4bb5-9798-b070b67d7998_deepseek_1781246265/v5/S3,0,1788489240000,29559.5,10.912187687884245,false,false,29603,2.0555555555555554,limit,outside_band,outside_band,recorded_dormant_requires_fresh_authorization,1788489180000
2026-09-03:ASIA:8d5c8af5_8ef641a7-815c-4bb5-9798-b070b67d7998_deepseek_1781246265/v5/S3,0,1788489300000,29549,11.340759116455342,false,false,29603,2.0555555555555554,limit,outside_band,outside_band,recorded_dormant_requires_fresh_authorization,1788489240000
2026-09-03:ASIA:8d5c8af5_8ef641a7-815c-4bb5-9798-b070b67d7998_deepseek_1781246265/v5/S3,0,1788489360000,29549.25,11.048562036708532,false,false,29603,2.0555555555555554,limit,outside_band,outside_band,recorded_dormant_requires_fresh_authorization,1788489300000
2026-09-03:ASIA:8d5c8af5_8ef641a7-815c-4bb5-9798-b070b67d7998_deepseek_1781246265/v5/S3,0,1788489420000,29551.5,11.119990608137103,false,false,29603,2.0555555555555554,limit,outside_band,outside_band,recorded_dormant_requires_fresh_authorization,1788489360000
2026-09-03:ASIA:8d5c8af5_8ef641a7-815c-4bb5-9798-b070b67d7998_deepseek_1781246265/v5/S3,0,1788489480000,29549.25,11.119990608137103,false,false,29603,2.0555555555555554,limit,outside_band,outside_band,recorded_dormant_requires_fresh_authorization,1788489420000
2026-09-03:ASIA:8d5c8af5_8ef641a7-815c-4bb5-9798-b070b67d7998_deepseek_1781246265/v5/S3,0,1788489540000,29550.25,11.119990608137103,false,false,29603,2.0555555555555554,limit,outside_band,outside_band,recorded_dormant_requires_fresh_authorization,1788489480000
2026-09-03:ASIA:8d5c8af5_8ef641a7-815c-4bb5-9798-b070b67d7998_deepseek_1781246265/v5/S3,0,1788489600000,29551.5,11.119990608137282,false,false,29603,2.0555555555555554,limit,outside_band,outside_band,recorded_dormant_requires_fresh_authorization,1788489540000
2026-09-03:ASIA:8d5c8af5_8ef641a7-815c-4bb5-9798-b070b67d7998_deepseek_1781246265/v5/S3,0,1788489660000,29553,10.557848421841763,false,false,29603,2.0555555555555554,limit,outside_band,outside_band,recorded_dormant_requires_fresh_authorization,1788489600000
2026-09-03:ASIA:8d5c8af5_8ef641a7-815c-4bb5-9798-b070b67d7998_deepseek_1781246265/v5/S3,0,1788489720000,29553.75,10.593562707556048,false,false,29603,2.0555555555555554,limit,outside_band,outside_band,recorded_dormant_requires_fresh_authorization,1788489660000
2026-09-03:ASIA:8d5c8af5_8ef641a7-815c-4bb5-9798-b070b67d7998_deepseek_1781246265/v5/S3,0,1788489780000,29553.5,10.629276993270334,false,false,29603,2.0555555555555554,limit,outside_band,outside_band,recorded_dormant_requires_fresh_authorization,1788489720000
2026-09-03:ASIA:8d5c8af5_8ef641a7-815c-4bb5-9798-b070b67d7998_deepseek_1781246265/v5/S3,0,1788489840000,29552.75,10.629276993270334,false,false,29603,2.0555555555555554,limit,outside_band,outside_band,recorded_dormant_requires_fresh_authorization,1788489780000
2026-09-03:ASIA:8d5c8af5_8ef641a7-815c-4bb5-9798-b070b67d7998_deepseek_1781246265/v5/S3,0,1788489900000,29546.25,11.004276993270215,false,false,29603,2.0555555555555554,limit,outside_band,outside_band,recorded_dormant_requires_fresh_authorization,1788489840000
2026-09-03:ASIA:8d5c8af5_8ef641a7-815c-4bb5-9798-b070b67d7998_deepseek_1781246265/v5/S3,0,1788489960000,29546.25,10.4146857794652,false,false,29603,2.0555555555555554,limit,outside_band,outside_band,recorded_dormant_requires_fresh_authorization,1788489900000
2026-09-03:ASIA:8d5c8af5_8ef641a7-815c-4bb5-9798-b070b67d7998_deepseek_1781246265/v5/S3,0,1788490020000,29553.25,10.84325720803663,false,false,29603,2.0555555555555554,limit,outside_band,outside_band,recorded_dormant_requires_fresh_authorization,1788489960000
2026-09-03:ASIA:8d5c8af5_8ef641a7-815c-4bb5-9798-b070b67d7998_deepseek_1781246265/v5/S3,0,1788490080000,29553.75,11.003971493750914,false,false,29603,2.0555555555555554,limit,outside_band,outside_band,recorded_dormant_requires_fresh_authorization,1788490020000
2026-09-03:ASIA:8d5c8af5_8ef641a7-815c-4bb5-9798-b070b67d7998_deepseek_1781246265/v5/S3,0,1788490140000,29557.25,11.236114350893772,false,false,29603,2.0555555555555554,limit,outside_band,outside_band,recorded_dormant_requires_fresh_authorization,1788490080000
2026-09-03:ASIA:8d5c8af5_8ef641a7-815c-4bb5-9798-b070b67d7998_deepseek_1781246265/v5/S3,0,1788490200000,29559,11.325400065179663,false,false,29603,2.0555555555555554,limit,outside_band,outside_band,recorded_dormant_requires_fresh_authorization,1788490140000
2026-09-03:ASIA:8d5c8af5_8ef641a7-815c-4bb5-9798-b070b67d7998_deepseek_1781246265/v5/S3,0,1788490260000,29561,10.962871489095402,false,false,29603,2.0555555555555554,limit,send_limit,send_limit,recorded_dormant_requires_fresh_authorization,1788490200000
2026-09-03:ASIA:8d5c8af5_8ef641a7-815c-4bb5-9798-b070b67d7998_deepseek_1781246265/v5/S3,0,1788490320000,29563,11.177157203381116,false,false,29603,2.0555555555555554,limit,send_limit,send_limit,recorded_dormant_requires_fresh_authorization,1788490260000
2026-09-03:ASIA:8d5c8af5_8ef641a7-815c-4bb5-9798-b070b67d7998_deepseek_1781246265/v5/S3,0,1788490380000,29563,11.195014346238258,false,false,29603,2.0555555555555554,limit,send_limit,send_limit,recorded_dormant_requires_fresh_authorization,1788490320000
2026-09-03:ASIA:8d5c8af5_8ef641a7-815c-4bb5-9798-b070b67d7998_deepseek_1781246265/v5/S3,0,1788490440000,29564.5,11.212871489095402,false,false,29603,2.0555555555555554,limit,send_limit,send_limit,recorded_dormant_requires_fresh_authorization,1788490380000
2026-09-03:ASIA:8d5c8af5_8ef641a7-815c-4bb5-9798-b070b67d7998_deepseek_1781246265/v5/S3,0,1788490500000,29565.5,11.4450143462381,false,false,29603,2.0555555555555554,limit,send_limit,send_limit,recorded_dormant_requires_fresh_authorization,1788490440000
2026-09-03:ASIA:8d5c8af5_8ef641a7-815c-4bb5-9798-b070b67d7998_deepseek_1781246265/v5/S3,0,1788490560000,29564,10.859656178649663,false,false,29603,2.0555555555555554,limit,send_limit,send_limit,recorded_dormant_requires_fresh_authorization,1788490500000
2026-09-03:ASIA:8d5c8af5_8ef641a7-815c-4bb5-9798-b070b67d7998_deepseek_1781246265/v5/S3,0,1788490620000,29564,10.877513321506807,false,false,29603,2.0555555555555554,limit,send_limit,send_limit,recorded_dormant_requires_fresh_authorization,1788490560000
2026-09-03:ASIA:8d5c8af5_8ef641a7-815c-4bb5-9798-b070b67d7998_deepseek_1781246265/v5/S3,0,1788490680000,29563.5,10.966799035792521,false,false,29603,2.0555555555555554,limit,send_limit,send_limit,recorded_dormant_requires_fresh_authorization,1788490620000
2026-09-03:ASIA:8d5c8af5_8ef641a7-815c-4bb5-9798-b070b67d7998_deepseek_1781246265/v5/S3,0,1788490740000,29562.5,10.966799035792521,false,false,29603,2.0555555555555554,limit,send_limit,send_limit,recorded_dormant_requires_fresh_authorization,1788490680000
2026-09-03:ASIA:8d5c8af5_8ef641a7-815c-4bb5-9798-b070b67d7998_deepseek_1781246265/v5/S3,0,1788490800000,29564.75,10.9667990357928,false,false,29603,2.0555555555555554,limit,send_limit,send_limit,recorded_dormant_requires_fresh_authorization,1788490740000
2026-09-03:ASIA:8d5c8af5_8ef641a7-815c-4bb5-9798-b070b67d7998_deepseek_1781246265/v5/S3,0,1788490860000,29563.75,10.433456247521885,false,false,29603,2.0555555555555554,limit,send_limit,send_limit,recorded_dormant_requires_fresh_authorization,1788490800000
2026-09-03:ASIA:8d5c8af5_8ef641a7-815c-4bb5-9798-b070b67d7998_deepseek_1781246265/v5/S3,0,1788490920000,29564.75,10.540599104664741,false,false,29603,2.0555555555555554,limit,send_limit,send_limit,recorded_dormant_requires_fresh_authorization,1788490860000
2026-09-03:ASIA:8d5c8af5_8ef641a7-815c-4bb5-9798-b070b67d7998_deepseek_1781246265/v5/S3,0,1788490980000,29564.75,10.576313390379028,false,false,29603,2.0555555555555554,limit,send_limit,send_limit,recorded_dormant_requires_fresh_authorization,1788490920000
2026-09-03:ASIA:8d5c8af5_8ef641a7-815c-4bb5-9798-b070b67d7998_deepseek_1781246265/v5/S3,0,1788491040000,29565.25,10.576313390379028,false,false,29603,2.0555555555555554,limit,send_limit,send_limit,recorded_dormant_requires_fresh_authorization,1788490980000
2026-09-03:ASIA:8d5c8af5_8ef641a7-815c-4bb5-9798-b070b67d7998_deepseek_1781246265/v5/S3,0,1788491100000,29563.25,10.576313390378502,false,false,29603,2.0555555555555554,limit,send_limit,send_limit,recorded_dormant_requires_fresh_authorization,1788491040000
2026-09-03:ASIA:8d5c8af5_8ef641a7-815c-4bb5-9798-b070b67d7998_deepseek_1781246265/v5/S3,0,1788491160000,29563.25,9.98157671963718,false,false,29603,2.0555555555555554,limit,send_limit,send_limit,recorded_dormant_requires_fresh_authorization,1788491100000
2026-09-03:ASIA:8d5c8af5_8ef641a7-815c-4bb5-9798-b070b67d7998_deepseek_1781246265/v5/S3,0,1788491220000,29563,10.070862433922896,false,false,29603,2.0555555555555554,limit,send_limit,send_limit,recorded_dormant_requires_fresh_authorization,1788491160000
2026-09-03:ASIA:8d5c8af5_8ef641a7-815c-4bb5-9798-b070b67d7998_deepseek_1781246265/v5/S3,0,1788491280000,29561.5,10.16014814820861,false,false,29603,2.0555555555555554,limit,send_limit,send_limit,recorded_dormant_requires_fresh_authorization,1788491220000
2026-09-03:ASIA:8d5c8af5_8ef641a7-815c-4bb5-9798-b070b67d7998_deepseek_1781246265/v5/S3,0,1788491340000,29562.25,10.16014814820861,false,false,29603,2.0555555555555554,limit,send_limit,send_limit,recorded_dormant_requires_fresh_authorization,1788491280000
2026-09-03:ASIA:8d5c8af5_8ef641a7-815c-4bb5-9798-b070b67d7998_deepseek_1781246265/v5/S3,0,1788491400000,29562.5,10.160148148208416,false,false,29603,2.0555555555555554,limit,send_limit,send_limit,recorded_dormant_requires_fresh_authorization,1788491340000
2026-09-03:ASIA:8d5c8af5_8ef641a7-815c-4bb5-9798-b070b67d7998_deepseek_1781246265/v5/S3,0,1788491460000,29560,9.773708994764958,false,false,29603,2.0555555555555554,limit,send_limit,send_limit,recorded_dormant_requires_fresh_authorization,1788491400000
2026-09-03:ASIA:8d5c8af5_8ef641a7-815c-4bb5-9798-b070b67d7998_deepseek_1781246265/v5/S3,0,1788491520000,29558,9.898708994764958,false,false,29603,2.0555555555555554,limit,outside_band,outside_band,recorded_dormant_requires_fresh_authorization,1788491460000
2026-09-03:ASIA:8d5c8af5_8ef641a7-815c-4bb5-9798-b070b67d7998_deepseek_1781246265/v5/S3,0,1788491580000,29559,9.898708994764958,false,false,29603,2.0555555555555554,limit,outside_band,outside_band,recorded_dormant_requires_fresh_authorization,1788491520000
2026-09-03:ASIA:8d5c8af5_8ef641a7-815c-4bb5-9798-b070b67d7998_deepseek_1781246265/v5/S3,0,1788491640000,29560.5,9.898708994764958,false,false,29603,2.0555555555555554,limit,send_limit,send_limit,recorded_dormant_requires_fresh_authorization,1788491580000
2026-09-03:ASIA:8d5c8af5_8ef641a7-815c-4bb5-9798-b070b67d7998_deepseek_1781246265/v5/S3,0,1788491700000,29560,9.898708994764188,false,false,29603,2.0555555555555554,limit,send_limit,send_limit,recorded_dormant_requires_fresh_authorization,1788491640000
2026-09-03:ASIA:8d5c8af5_8ef641a7-815c-4bb5-9798-b070b67d7998_deepseek_1781246265/v5/S3,0,1788491760000,29565.25,9.602372637995318,false,false,29603,2.0555555555555554,limit,send_limit,send_limit,recorded_dormant_requires_fresh_authorization,1788491700000
2026-09-03:ASIA:8d5c8af5_8ef641a7-815c-4bb5-9798-b070b67d7998_deepseek_1781246265/v5/S3,0,1788491820000,29567.75,10.066658352281033,false,false,29603,2.0555555555555554,limit,send_limit,send_limit,recorded_dormant_requires_fresh_authorization,1788491760000
2026-09-03:ASIA:8d5c8af5_8ef641a7-815c-4bb5-9798-b070b67d7998_deepseek_1781246265/v5/S3,0,1788491880000,29567.25,10.066658352281033,false,false,29603,2.0555555555555554,limit,send_limit,send_limit,recorded_dormant_requires_fresh_authorization,1788491820000
2026-09-03:ASIA:8d5c8af5_8ef641a7-815c-4bb5-9798-b070b67d7998_deepseek_1781246265/v5/S3,0,1788491940000,29567.5,10.066658352281033,false,false,29603,2.0555555555555554,limit,send_limit,send_limit,recorded_dormant_requires_fresh_authorization,1788491880000
2026-09-03:ASIA:8d5c8af5_8ef641a7-815c-4bb5-9798-b070b67d7998_deepseek_1781246265/v5/S3,0,1788492000000,29576.5,10.49522978085246,false,false,29603,2.0555555555555554,limit,send_limit,send_limit,recorded_dormant_requires_fresh_authorization,1788491940000
2026-09-03:ASIA:8d5c8af5_8ef641a7-815c-4bb5-9798-b070b67d7998_deepseek_1781246265/v5/S3,0,1788492060000,29576.25,9.99557051079157,false,false,29603,2.0555555555555554,limit,send_limit,send_limit,recorded_dormant_requires_fresh_authorization,1788492000000
2026-09-03:ASIA:8d5c8af5_8ef641a7-815c-4bb5-9798-b070b67d7998_deepseek_1781246265/v5/S3,0,1788492120000,29575.25,10.031284796505856,false,false,29603,2.0555555555555554,limit,send_limit,send_limit,recorded_dormant_requires_fresh_authorization,1788492060000
2026-09-03:ASIA:8d5c8af5_8ef641a7-815c-4bb5-9798-b070b67d7998_deepseek_1781246265/v5/S3,0,1788492180000,29573.25,10.209856225077285,false,false,29603,2.0555555555555554,limit,send_limit,send_limit,recorded_dormant_requires_fresh_authorization,1788492120000
2026-09-03:ASIA:8d5c8af5_8ef641a7-815c-4bb5-9798-b070b67d7998_deepseek_1781246265/v5/S3,0,1788492240000,29571.75,10.263427653648714,false,false,29603,2.0555555555555554,limit,send_limit,send_limit,recorded_dormant_requires_fresh_authorization,1788492180000
2026-09-03:ASIA:8d5c8af5_8ef641a7-815c-4bb5-9798-b070b67d7998_deepseek_1781246265/v5/S3,0,1788492300000,29566,10.834856225077557,false,false,29603,2.0555555555555554,limit,send_limit,send_limit,recorded_dormant_requires_fresh_authorization,1788492240000
2026-09-03:ASIA:8d5c8af5_8ef641a7-815c-4bb5-9798-b070b67d7998_deepseek_1781246265/v5/S3,0,1788492360000,29564.75,10.275223637572017,false,false,29603,2.0555555555555554,limit,send_limit,send_limit,recorded_dormant_requires_fresh_authorization,1788492300000
2026-09-03:ASIA:8d5c8af5_8ef641a7-815c-4bb5-9798-b070b67d7998_deepseek_1781246265/v5/S3,0,1788492420000,29570,10.507366494714875,false,false,29603,2.0555555555555554,limit,send_limit,send_limit,recorded_dormant_requires_fresh_authorization,1788492360000
2026-09-03:ASIA:8d5c8af5_8ef641a7-815c-4bb5-9798-b070b67d7998_deepseek_1781246265/v5/S3,0,1788492480000,29568.5,10.59665220900059,false,false,29603,2.0555555555555554,limit,send_limit,send_limit,recorded_dormant_requires_fresh_authorization,1788492420000
2026-09-03:ASIA:8d5c8af5_8ef641a7-815c-4bb5-9798-b070b67d7998_deepseek_1781246265/v5/S3,0,1788492540000,29568.25,10.59665220900059,false,false,29603,2.0555555555555554,limit,send_limit,send_limit,recorded_dormant_requires_fresh_authorization,1788492480000
2026-09-03:ASIA:8d5c8af5_8ef641a7-815c-4bb5-9798-b070b67d7998_deepseek_1781246265/v5/S3,0,1788492600000,29569,10.596652209000917,false,false,29603,2.0555555555555554,limit,send_limit,send_limit,recorded_dormant_requires_fresh_authorization,1788492540000
2026-09-03:ASIA:8d5c8af5_8ef641a7-815c-4bb5-9798-b070b67d7998_deepseek_1781246265/v5/S3,0,1788492660000,29571.25,10.107605622643709,false,false,29603,2.0555555555555554,limit,send_limit,send_limit,recorded_dormant_requires_fresh_authorization,1788492600000
2026-09-03:ASIA:8d5c8af5_8ef641a7-815c-4bb5-9798-b070b67d7998_deepseek_1781246265/v5/S3,0,1788492720000,29575.75,10.393319908357995,false,false,29603,2.0555555555555554,limit,send_limit,send_limit,recorded_dormant_requires_fresh_authorization,1788492660000
2026-09-03:ASIA:8d5c8af5_8ef641a7-815c-4bb5-9798-b070b67d7998_deepseek_1781246265/v5/S3,0,1788492780000,29575,10.464748479786566,false,false,29603,2.0555555555555554,limit,send_limit,send_limit,recorded_dormant_requires_fresh_authorization,1788492720000
2026-09-03:ASIA:8d5c8af5_8ef641a7-815c-4bb5-9798-b070b67d7998_deepseek_1781246265/v5/S3,0,1788492840000,29573.5,10.464748479786566,false,false,29603,2.0555555555555554,limit,send_limit,send_limit,recorded_dormant_requires_fresh_authorization,1788492780000
2026-09-03:ASIA:8d5c8af5_8ef641a7-815c-4bb5-9798-b070b67d7998_deepseek_1781246265/v5/S3,0,1788492900000,29576.25,10.482605622643648,false,false,29603,2.0555555555555554,limit,send_limit,send_limit,recorded_dormant_requires_fresh_authorization,1788492840000
2026-09-03:ASIA:8d5c8af5_8ef641a7-815c-4bb5-9798-b070b67d7998_deepseek_1781246265/v5/S3,0,1788492960000,29577.75,10.03741950674053,false,false,29603,2.0555555555555554,limit,send_limit,send_limit,recorded_dormant_requires_fresh_authorization,1788492900000
2026-09-03:ASIA:8d5c8af5_8ef641a7-815c-4bb5-9798-b070b67d7998_deepseek_1781246265/v5/S3,0,1788493020000,29577.25,10.03741950674053,false,false,29603,2.0555555555555554,limit,send_limit,send_limit,recorded_dormant_requires_fresh_authorization,1788492960000
2026-09-03:ASIA:8d5c8af5_8ef641a7-815c-4bb5-9798-b070b67d7998_deepseek_1781246265/v5/S3,0,1788493080000,29577.25,10.03741950674053,false,false,29603,2.0555555555555554,limit,send_limit,send_limit,recorded_dormant_requires_fresh_authorization,1788493020000
2026-09-03:ASIA:8d5c8af5_8ef641a7-815c-4bb5-9798-b070b67d7998_deepseek_1781246265/v5/S3,0,1788493140000,29576.75,10.03741950674053,false,false,29603,2.0555555555555554,limit,send_limit,send_limit,recorded_dormant_requires_fresh_authorization,1788493080000
2026-09-03:ASIA:8d5c8af5_8ef641a7-815c-4bb5-9798-b070b67d7998_deepseek_1781246265/v5/S3,0,1788493200000,29577,10.1267052210264,false,false,29603,2.0555555555555554,limit,send_limit,send_limit,recorded_dormant_requires_fresh_authorization,1788493140000
2026-09-03:ASIA:8d5c8af5_8ef641a7-815c-4bb5-9798-b070b67d7998_deepseek_1781246265/v5/S3,0,1788493260000,29576.25,9.564083419524513,false,false,29603,2.0555555555555554,limit,send_limit,send_limit,recorded_dormant_requires_fresh_authorization,1788493200000
2026-09-03:ASIA:8d5c8af5_8ef641a7-815c-4bb5-9798-b070b67d7998_deepseek_1781246265/v5/S3,0,1788493320000,29574.5,9.760511990953086,false,false,29603,2.0555555555555554,limit,send_limit,send_limit,recorded_dormant_requires_fresh_authorization,1788493260000
2026-09-03:ASIA:8d5c8af5_8ef641a7-815c-4bb5-9798-b070b67d7998_deepseek_1781246265/v5/S3,0,1788493380000,29574,9.760511990953086,false,false,29603,2.0555555555555554,limit,send_limit,send_limit,recorded_dormant_requires_fresh_authorization,1788493320000
2026-09-03:ASIA:8d5c8af5_8ef641a7-815c-4bb5-9798-b070b67d7998_deepseek_1781246265/v5/S3,0,1788493440000,29571.5,9.903369133810228,false,false,29603,2.0555555555555554,limit,send_limit,send_limit,recorded_dormant_requires_fresh_authorization,1788493380000
2026-09-03:ASIA:8d5c8af5_8ef641a7-815c-4bb5-9798-b070b67d7998_deepseek_1781246265/v5/S3,0,1788493500000,29568.25,10.26051199095306,false,false,29603,2.0555555555555554,limit,send_limit,send_limit,recorded_dormant_requires_fresh_authorization,1788493440000
2026-09-03:ASIA:8d5c8af5_8ef641a7-815c-4bb5-9798-b070b67d7998_deepseek_1781246265/v5/S3,0,1788493560000,29567,9.884761134456411,false,false,29603,2.0555555555555554,limit,send_limit,send_limit,recorded_dormant_requires_fresh_authorization,1788493500000
2026-09-03:ASIA:8d5c8af5_8ef641a7-815c-4bb5-9798-b070b67d7998_deepseek_1781246265/v5/S3,0,1788493620000,29564.25,9.974046848742125,false,false,29603,2.0555555555555554,limit,send_limit,send_limit,recorded_dormant_requires_fresh_authorization,1788493560000
2026-09-03:ASIA:8d5c8af5_8ef641a7-815c-4bb5-9798-b070b67d7998_deepseek_1781246265/v5/S3,0,1788493680000,29565.25,10.009761134456411,false,false,29603,2.0555555555555554,limit,send_limit,send_limit,recorded_dormant_requires_fresh_authorization,1788493620000
2026-09-03:ASIA:8d5c8af5_8ef641a7-815c-4bb5-9798-b070b67d7998_deepseek_1781246265/v5/S3,0,1788493740000,29566,10.009761134456411,false,false,29603,2.0555555555555554,limit,send_limit,send_limit,recorded_dormant_requires_fresh_authorization,1788493680000
2026-09-03:ASIA:8d5c8af5_8ef641a7-815c-4bb5-9798-b070b67d7998_deepseek_1781246265/v5/S3,0,1788493800000,29570.5,10.045475420170613,false,false,29603,2.0555555555555554,limit,send_limit,send_limit,recorded_dormant_requires_fresh_authorization,1788493740000
2026-09-03:ASIA:8d5c8af5_8ef641a7-815c-4bb5-9798-b070b67d7998_deepseek_1781246265/v5/S3,0,1788493860000,29572.25,9.631512890158428,false,false,29603,2.0555555555555554,limit,send_limit,send_limit,recorded_dormant_requires_fresh_authorization,1788493800000
2026-09-03:ASIA:8d5c8af5_8ef641a7-815c-4bb5-9798-b070b67d7998_deepseek_1781246265/v5/S3,0,1788493920000,29570.25,9.64937003301557,false,false,29603,2.0555555555555554,limit,send_limit,send_limit,recorded_dormant_requires_fresh_authorization,1788493860000
2026-09-03:ASIA:8d5c8af5_8ef641a7-815c-4bb5-9798-b070b67d7998_deepseek_1781246265/v5/S3,0,1788493980000,29569,9.685084318729855,false,false,29603,2.0555555555555554,limit,send_limit,send_limit,recorded_dormant_requires_fresh_authorization,1788493920000
2026-09-03:ASIA:8d5c8af5_8ef641a7-815c-4bb5-9798-b070b67d7998_deepseek_1781246265/v5/S3,0,1788494040000,29571.5,9.685084318729855,false,false,29603,2.0555555555555554,limit,send_limit,send_limit,recorded_dormant_requires_fresh_authorization,1788493980000
2026-09-03:ASIA:8d5c8af5_8ef641a7-815c-4bb5-9798-b070b67d7998_deepseek_1781246265/v5/S3,0,1788494100000,29571,9.685084318730048,false,false,29603,2.0555555555555554,limit,send_limit,send_limit,recorded_dormant_requires_fresh_authorization,1788494040000
2026-09-03:ASIA:8d5c8af5_8ef641a7-815c-4bb5-9798-b070b67d7998_deepseek_1781246265/v5/S3,0,1788494160000,29569.75,9.171864010249331,false,false,29603,2.0555555555555554,limit,send_limit,send_limit,recorded_dormant_requires_fresh_authorization,1788494100000
2026-09-03:ASIA:8d5c8af5_8ef641a7-815c-4bb5-9798-b070b67d7998_deepseek_1781246265/v5/S3,0,1788494220000,29572.5,9.261149724535045,false,false,29603,2.0555555555555554,limit,send_limit,send_limit,recorded_dormant_requires_fresh_authorization,1788494160000
2026-09-03:ASIA:8d5c8af5_8ef641a7-815c-4bb5-9798-b070b67d7998_deepseek_1781246265/v5/S3,0,1788494280000,29572.25,9.279006867392187,false,false,29603,2.0555555555555554,limit,send_limit,send_limit,recorded_dormant_requires_fresh_authorization,1788494220000
2026-09-03:ASIA:8d5c8af5_8ef641a7-815c-4bb5-9798-b070b67d7998_deepseek_1781246265/v5/S3,0,1788494340000,29571.75,9.296864010249331,false,false,29603,2.0555555555555554,limit,send_limit,send_limit,recorded_dormant_requires_fresh_authorization,1788494280000
2026-09-03:ASIA:8d5c8af5_8ef641a7-815c-4bb5-9798-b070b67d7998_deepseek_1781246265/v5/S3,0,1788494400000,29570.25,9.29686401024937,false,false,29603,2.0555555555555554,limit,send_limit,send_limit,recorded_dormant_requires_fresh_authorization,1788494340000
2026-09-03:ASIA:8d5c8af5_8ef641a7-815c-4bb5-9798-b070b67d7998_deepseek_1781246265/v5/S3,0,1788494460000,29568.5,9.114945152374416,false,false,29603,2.0555555555555554,limit,send_limit,send_limit,recorded_dormant_requires_fresh_authorization,1788494400000
2026-09-03:ASIA:8d5c8af5_8ef641a7-815c-4bb5-9798-b070b67d7998_deepseek_1781246265/v5/S3,0,1788494520000,29566,9.186373723802987,false,false,29603,2.0555555555555554,limit,send_limit,send_limit,recorded_dormant_requires_fresh_authorization,1788494460000
2026-09-03:ASIA:8d5c8af5_8ef641a7-815c-4bb5-9798-b070b67d7998_deepseek_1781246265/v5/S3,0,1788494580000,29560.5,9.507802295231558,false,false,29603,2.0555555555555554,limit,send_limit,send_limit,recorded_dormant_requires_fresh_authorization,1788494520000
2026-09-03:ASIA:8d5c8af5_8ef641a7-815c-4bb5-9798-b070b67d7998_deepseek_1781246265/v5/S3,0,1788494640000,29559.5,9.793516580945845,false,false,29603,2.0555555555555554,limit,outside_band,outside_band,recorded_dormant_requires_fresh_authorization,1788494580000
2026-09-03:ASIA:8d5c8af5_8ef641a7-815c-4bb5-9798-b070b67d7998_deepseek_1781246265/v5/S3,0,1788494700000,29559.75,9.793516580946141,false,false,29603,2.0555555555555554,limit,outside_band,outside_band,recorded_dormant_requires_fresh_authorization,1788494640000
2026-09-03:ASIA:8d5c8af5_8ef641a7-815c-4bb5-9798-b070b67d7998_deepseek_1781246265/v5/S3,0,1788494760000,29561,9.272551110878558,false,false,29603,2.0555555555555554,limit,send_limit,send_limit,recorded_dormant_requires_fresh_authorization,1788494700000
2026-09-03:ASIA:8d5c8af5_8ef641a7-815c-4bb5-9798-b070b67d7998_deepseek_1781246265/v5/S3,0,1788494820000,29559,9.451122539449987,false,false,29603,2.0555555555555554,limit,outside_band,outside_band,recorded_dormant_requires_fresh_authorization,1788494760000
2026-09-03:ASIA:8d5c8af5_8ef641a7-815c-4bb5-9798-b070b67d7998_deepseek_1781246265/v5/S3,0,1788494880000,29558.25,9.46897968230713,false,false,29603,2.0555555555555554,limit,outside_band,outside_band,recorded_dormant_requires_fresh_authorization,1788494820000
2026-09-03:ASIA:8d5c8af5_8ef641a7-815c-4bb5-9798-b070b67d7998_deepseek_1781246265/v5/S3,0,1788494940000,29565.5,9.701122539449987,false,false,29603,2.0555555555555554,limit,send_limit,send_limit,recorded_dormant_requires_fresh_authorization,1788494880000
2026-09-03:ASIA:8d5c8af5_8ef641a7-815c-4bb5-9798-b070b67d7998_deepseek_1781246265/v5/S3,0,1788495000000,29566,9.754693968021233,false,false,29603,2.0555555555555554,limit,send_limit,send_limit,recorded_dormant_requires_fresh_authorization,1788494940000
2026-09-03:ASIA:8d5c8af5_8ef641a7-815c-4bb5-9798-b070b67d7998_deepseek_1781246265/v5/S3,0,1788495060000,29563,9.450787256019717,false,false,29603,2.0555555555555554,limit,send_limit,send_limit,recorded_dormant_requires_fresh_authorization,1788495000000
2026-09-03:ASIA:8d5c8af5_8ef641a7-815c-4bb5-9798-b070b67d7998_deepseek_1781246265/v5/S3,0,1788495120000,29566.75,9.450787256019717,false,false,29603,2.0555555555555554,limit,send_limit,send_limit,recorded_dormant_requires_fresh_authorization,1788495060000
2026-09-03:ASIA:8d5c8af5_8ef641a7-815c-4bb5-9798-b070b67d7998_deepseek_1781246265/v5/S3,0,1788495180000,29570.25,9.629358684591145,false,false,29603,2.0555555555555554,limit,send_limit,send_limit,recorded_dormant_requires_fresh_authorization,1788495120000
2026-09-03:ASIA:8d5c8af5_8ef641a7-815c-4bb5-9798-b070b67d7998_deepseek_1781246265/v5/S3,0,1788495240000,29575.25,9.96864439887686,false,false,29603,2.0555555555555554,limit,send_limit,send_limit,recorded_dormant_requires_fresh_authorization,1788495180000
2026-09-03:ASIA:8d5c8af5_8ef641a7-815c-4bb5-9798-b070b67d7998_deepseek_1781246265/v5/S3,0,1788495300000,29575.5,10.111501541734116,false,false,29603,2.0555555555555554,limit,send_limit,send_limit,recorded_dormant_requires_fresh_authorization,1788495240000
2026-09-03:ASIA:8d5c8af5_8ef641a7-815c-4bb5-9798-b070b67d7998_deepseek_1781246265/v5/S3,0,1788495360000,29573.5,9.76425143161025,false,false,29603,2.0555555555555554,limit,send_limit,send_limit,recorded_dormant_requires_fresh_authorization,1788495300000
2026-09-03:ASIA:8d5c8af5_8ef641a7-815c-4bb5-9798-b070b67d7998_deepseek_1781246265/v5/S3,0,1788495420000,29573.5,9.76425143161025,false,false,29603,2.0555555555555554,limit,send_limit,send_limit,recorded_dormant_requires_fresh_authorization,1788495360000
2026-09-03:ASIA:8d5c8af5_8ef641a7-815c-4bb5-9798-b070b67d7998_deepseek_1781246265/v5/S3,0,1788495480000,29569.25,9.996394288753107,false,false,29603,2.0555555555555554,limit,send_limit,send_limit,recorded_dormant_requires_fresh_authorization,1788495420000
2026-09-03:ASIA:8d5c8af5_8ef641a7-815c-4bb5-9798-b070b67d7998_deepseek_1781246265/v5/S3,0,1788495540000,29570.25,10.032108574467392,false,false,29603,2.0555555555555554,limit,send_limit,send_limit,recorded_dormant_requires_fresh_authorization,1788495480000
2026-09-03:ASIA:8d5c8af5_8ef641a7-815c-4bb5-9798-b070b67d7998_deepseek_1781246265/v5/S3,0,1788495600000,29568.75,10.032108574467276,false,false,29603,2.0555555555555554,limit,send_limit,send_limit,recorded_dormant_requires_fresh_authorization,1788495540000
2026-09-03:ASIA:8d5c8af5_8ef641a7-815c-4bb5-9798-b070b67d7998_deepseek_1781246265/v5/S3,0,1788495660000,29570.75,9.583386533433899,false,false,29603,2.0555555555555554,limit,send_limit,send_limit,recorded_dormant_requires_fresh_authorization,1788495600000
2026-09-03:ASIA:8d5c8af5_8ef641a7-815c-4bb5-9798-b070b67d7998_deepseek_1781246265/v5/S3,0,1788495720000,29575.75,9.994100819148185,false,false,29603,2.0555555555555554,limit,send_limit,send_limit,recorded_dormant_requires_fresh_authorization,1788495660000
2026-09-03:ASIA:8d5c8af5_8ef641a7-815c-4bb5-9798-b070b67d7998_deepseek_1781246265/v5/S3,0,1788495780000,29577,10.02981510486247,false,false,29603,2.0555555555555554,limit,send_limit,send_limit,recorded_dormant_requires_fresh_authorization,1788495720000
2026-09-03:ASIA:8d5c8af5_8ef641a7-815c-4bb5-9798-b070b67d7998_deepseek_1781246265/v5/S3,0,1788495840000,29576,10.02981510486247,false,false,29603,2.0555555555555554,limit,send_limit,send_limit,recorded_dormant_requires_fresh_authorization,1788495780000
2026-09-03:ASIA:8d5c8af5_8ef641a7-815c-4bb5-9798-b070b67d7998_deepseek_1781246265/v5/S3,0,1788495900000,29582.75,10.547672247718788,false,false,29603,2.0555555555555554,limit,send_limit,send_limit,recorded_dormant_requires_fresh_authorization,1788495840000
2026-09-03:ASIA:8d5c8af5_8ef641a7-815c-4bb5-9798-b070b67d7998_deepseek_1781246265/v5/S3,0,1788495960000,29581,10.11569565859602,false,false,29603,2.0555555555555554,limit,send_limit,send_limit,recorded_dormant_requires_fresh_authorization,1788495900000
2026-09-03:ASIA:8d5c8af5_8ef641a7-815c-4bb5-9798-b070b67d7998_deepseek_1781246265/v5/S3,0,1788496020000,29582.75,10.151409944310304,false,false,29603,2.0555555555555554,limit,send_limit,send_limit,recorded_dormant_requires_fresh_authorization,1788495960000
2026-09-03:ASIA:8d5c8af5_8ef641a7-815c-4bb5-9798-b070b67d7998_deepseek_1781246265/v5/S3,0,1788496080000,29590.5,10.93712423002459,true,false,29603,2.0555555555555554,limit,cancel_marketable,cancel_marketable,recorded_dormant_requires_fresh_authorization,1788496020000
2026-09-03:ASIA:8d5c8af5_8ef641a7-815c-4bb5-9798-b070b67d7998_deepseek_1781246265/v5/S3,0,1788496140000,29592.5,10.93712423002459,true,false,29603,2.0555555555555554,limit,cancel_marketable,cancel_marketable,recorded_dormant_requires_fresh_authorization,1788496080000
2026-09-03:ASIA:8d5c8af5_8ef641a7-815c-4bb5-9798-b070b67d7998_deepseek_1781246265/v5/S3,0,1788496200000,29593.25,10.972838515738848,true,true,29603,2.0555555555555554,limit,cancel_marketable,cancel_marketable,recorded_dormant_requires_fresh_authorization,1788496140000
2026-09-03:ASIA:8d5c8af5_8ef641a7-815c-4bb5-9798-b070b67d7998_deepseek_1781246265/v5/S3,0,1788496260000,29594.5,10.474778621757503,true,true,29603,2.0555555555555554,limit,cancel_marketable,cancel_marketable,recorded_dormant_requires_fresh_authorization,1788496200000
2026-09-03:ASIA:8d5c8af5_8ef641a7-815c-4bb5-9798-b070b67d7998_deepseek_1781246265/v5/S3,0,1788496320000,29596.25,10.77835005032893,true,true,29603,2.0555555555555554,limit,cancel_marketable,cancel_marketable,recorded_dormant_requires_fresh_authorization,1788496260000
2026-09-03:ASIA:8d5c8af5_8ef641a7-815c-4bb5-9798-b070b67d7998_deepseek_1781246265/v5/S3,0,1788496380000,29594,10.77835005032893,true,true,29603,2.0555555555555554,limit,cancel_marketable,cancel_marketable,recorded_dormant_requires_fresh_authorization,1788496320000
2026-09-03:ASIA:8d5c8af5_8ef641a7-815c-4bb5-9798-b070b67d7998_deepseek_1781246265/v5/S3,0,1788496440000,29594.25,10.77835005032893,true,true,29603,2.0555555555555554,limit,cancel_marketable,cancel_marketable,recorded_dormant_requires_fresh_authorization,1788496380000
2026-09-03:ASIA:8d5c8af5_8ef641a7-815c-4bb5-9798-b070b67d7998_deepseek_1781246265/v5/S3,0,1788496500000,29599.75,10.885492907471797,true,true,29603,2.0555555555555554,limit,cancel_marketable,cancel_marketable,recorded_dormant_requires_fresh_authorization,1788496440000
2026-09-03:ASIA:8d5c8af5_8ef641a7-815c-4bb5-9798-b070b67d7998_deepseek_1781246265/v5/S3,0,1788496560000,29596,10.393671985509526,true,true,29603,2.0555555555555554,limit,cancel_marketable,cancel_marketable,recorded_dormant_requires_fresh_authorization,1788496500000
2026-09-03:ASIA:8d5c8af5_8ef641a7-815c-4bb5-9798-b070b67d7998_deepseek_1781246265/v5/S3,0,1788496620000,29598.25,10.393671985509526,true,true,29603,2.0555555555555554,limit,cancel_marketable,cancel_marketable,recorded_dormant_requires_fresh_authorization,1788496560000
2026-09-03:ASIA:8d5c8af5_8ef641a7-815c-4bb5-9798-b070b67d7998_deepseek_1781246265/v5/S3,0,1788496680000,29597.25,10.393671985509526,true,true,29603,2.0555555555555554,limit,cancel_marketable,cancel_marketable,recorded_dormant_requires_fresh_authorization,1788496620000
2026-09-03:ASIA:8d5c8af5_8ef641a7-815c-4bb5-9798-b070b67d7998_deepseek_1781246265/v5/S3,0,1788496740000,29589.25,10.875814842652384,true,true,29603,2.0555555555555554,limit,cancel_marketable,cancel_marketable,recorded_dormant_requires_fresh_authorization,1788496680000
2026-09-03:ASIA:8d5c8af5_8ef641a7-815c-4bb5-9798-b070b67d7998_deepseek_1781246265/v5/S3,0,1788496800000,29587.5,11.018671985509433,true,true,29603,2.0555555555555554,limit,cancel_marketable,cancel_marketable,recorded_dormant_requires_fresh_authorization,1788496740000
2026-09-03:ASIA:8d5c8af5_8ef641a7-815c-4bb5-9798-b070b67d7998_deepseek_1781246265/v5/S3,0,1788496860000,29586.25,10.46376684368733,true,true,29603,2.0555555555555554,limit,cancel_marketable,cancel_marketable,recorded_dormant_requires_fresh_authorization,1788496800000
2026-09-03:ASIA:8d5c8af5_8ef641a7-815c-4bb5-9798-b070b67d7998_deepseek_1781246265/v5/S3,0,1788496920000,29588.5,10.481623986544474,true,true,29603,2.0555555555555554,limit,cancel_marketable,cancel_marketable,recorded_dormant_requires_fresh_authorization,1788496860000
2026-09-03:ASIA:8d5c8af5_8ef641a7-815c-4bb5-9798-b070b67d7998_deepseek_1781246265/v5/S3,0,1788496980000,29586.5,10.517338272258758,true,true,29603,2.0555555555555554,limit,cancel_marketable,cancel_marketable,recorded_dormant_requires_fresh_authorization,1788496920000
2026-09-03:ASIA:8d5c8af5_8ef641a7-815c-4bb5-9798-b070b67d7998_deepseek_1781246265/v5/S3,0,1788497040000,29586.75,10.517338272258758,true,true,29603,2.0555555555555554,limit,cancel_marketable,cancel_marketable,recorded_dormant_requires_fresh_authorization,1788496980000
2026-09-03:ASIA:8d5c8af5_8ef641a7-815c-4bb5-9798-b070b67d7998_deepseek_1781246265/v5/S3,0,1788497100000,29587.75,10.517338272259,true,true,29603,2.0555555555555554,limit,cancel_marketable,cancel_marketable,recorded_dormant_requires_fresh_authorization,1788497040000
2026-09-03:ASIA:8d5c8af5_8ef641a7-815c-4bb5-9798-b070b67d7998_deepseek_1781246265/v5/S3,0,1788497160000,29588.5,10.0160998242405,true,true,29603,2.0555555555555554,limit,cancel_marketable,cancel_marketable,recorded_dormant_requires_fresh_authorization,1788497100000
2026-09-03:ASIA:8d5c8af5_8ef641a7-815c-4bb5-9798-b070b67d7998_deepseek_1781246265/v5/S3,0,1788497220000,29587,10.087528395669072,true,true,29603,2.0555555555555554,limit,cancel_marketable,cancel_marketable,recorded_dormant_requires_fresh_authorization,1788497160000
2026-09-03:ASIA:8d5c8af5_8ef641a7-815c-4bb5-9798-b070b67d7998_deepseek_1781246265/v5/S3,0,1788497280000,29585.75,10.176814109954787,true,true,29603,2.0555555555555554,limit,cancel_marketable,cancel_marketable,recorded_dormant_requires_fresh_authorization,1788497220000
2026-09-03:ASIA:8d5c8af5_8ef641a7-815c-4bb5-9798-b070b67d7998_deepseek_1781246265/v5/S3,0,1788497340000,29585.75,10.2660998242405,true,true,29603,2.0555555555555554,limit,cancel_marketable,cancel_marketable,recorded_dormant_requires_fresh_authorization,1788497280000
2026-09-03:ASIA:8d5c8af5_8ef641a7-815c-4bb5-9798-b070b67d7998_deepseek_1781246265/v5/S3,0,1788497400000,29583.5,10.337528395669068,true,false,29603,2.0555555555555554,limit,send_limit,send_limit,recorded_dormant_requires_fresh_authorization,1788497340000
2026-09-03:ASIA:8d5c8af5_8ef641a7-815c-4bb5-9798-b070b67d7998_deepseek_1781246265/v5/S3,0,1788497460000,29587.5,9.991990653121277,true,false,29603,2.0555555555555554,limit,cancel_marketable,cancel_marketable,recorded_dormant_requires_fresh_authorization,1788497400000
2026-09-03:ASIA:8d5c8af5_8ef641a7-815c-4bb5-9798-b070b67d7998_deepseek_1781246265/v5/S3,0,1788497520000,29586,9.991990653121277,true,false,29603,2.0555555555555554,limit,cancel_marketable,cancel_marketable,recorded_dormant_requires_fresh_authorization,1788497460000
2026-09-03:ASIA:8d5c8af5_8ef641a7-815c-4bb5-9798-b070b67d7998_deepseek_1781246265/v5/S3,0,1788497580000,29586.75,9.991990653121277,true,false,29603,2.0555555555555554,limit,cancel_marketable,cancel_marketable,recorded_dormant_requires_fresh_authorization,1788497520000
2026-09-03:ASIA:8d5c8af5_8ef641a7-815c-4bb5-9798-b070b67d7998_deepseek_1781246265/v5/S3,0,1788497640000,29588,9.991990653121277,true,false,29603,2.0555555555555554,limit,cancel_marketable,cancel_marketable,recorded_dormant_requires_fresh_authorization,1788497580000
2026-09-03:ASIA:8d5c8af5_8ef641a7-815c-4bb5-9798-b070b67d7998_deepseek_1781246265/v5/S3,0,1788497700000,29587,10.045562081693046,true,true,29603,2.0555555555555554,limit,cancel_marketable,cancel_marketable,recorded_dormant_requires_fresh_authorization,1788497640000
2026-09-03:ASIA:8d5c8af5_8ef641a7-815c-4bb5-9798-b070b67d7998_deepseek_1781246265/v5/S3,0,1788497760000,29590.5,9.73873621871497,true,true,29603,2.0555555555555554,limit,cancel_marketable,cancel_marketable,recorded_dormant_requires_fresh_authorization,1788497700000
2026-09-03:ASIA:8d5c8af5_8ef641a7-815c-4bb5-9798-b070b67d7998_deepseek_1781246265/v5/S3,0,1788497820000,29592.25,10.024450504429256,true,true,29603,2.0555555555555554,limit,cancel_marketable,cancel_marketable,recorded_dormant_requires_fresh_authorization,1788497760000
2026-09-03:ASIA:8d5c8af5_8ef641a7-815c-4bb5-9798-b070b67d7998_deepseek_1781246265/v5/S3,0,1788497880000,29593.5,10.024450504429256,true,true,29603,2.0555555555555554,limit,cancel_marketable,cancel_marketable,recorded_dormant_requires_fresh_authorization,1788497820000
2026-09-03:ASIA:8d5c8af5_8ef641a7-815c-4bb5-9798-b070b67d7998_deepseek_1781246265/v5/S3,0,1788497940000,29596.75,10.149450504429256,true,true,29603,2.0555555555555554,limit,cancel_marketable,cancel_marketable,recorded_dormant_requires_fresh_authorization,1788497880000
2026-09-03:ASIA:8d5c8af5_8ef641a7-815c-4bb5-9798-b070b67d7998_deepseek_1781246265/v5/S3,0,1788498000000,29597.25,10.29230764728615,true,true,29603,2.0555555555555554,limit,cancel_marketable,cancel_marketable,recorded_dormant_requires_fresh_authorization,1788497940000
2026-09-03:ASIA:8d5c8af5_8ef641a7-815c-4bb5-9798-b070b67d7998_deepseek_1781246265/v5/S3,0,1788498060000,29596.25,9.985714243908566,true,true,29603,2.0555555555555554,limit,cancel_marketable,cancel_marketable,recorded_dormant_requires_fresh_authorization,1788498000000
2026-09-03:ASIA:8d5c8af5_8ef641a7-815c-4bb5-9798-b070b67d7998_deepseek_1781246265/v5/S3,0,1788498120000,29595.5,9.985714243908566,true,true,29603,2.0555555555555554,limit,cancel_marketable,cancel_marketable,recorded_dormant_requires_fresh_authorization,1788498060000
2026-09-03:ASIA:8d5c8af5_8ef641a7-815c-4bb5-9798-b070b67d7998_deepseek_1781246265/v5/S3,0,1788498180000,29597.75,9.985714243908566,true,true,29603,2.0555555555555554,limit,cancel_marketable,cancel_marketable,recorded_dormant_requires_fresh_authorization,1788498120000
2026-09-03:ASIA:8d5c8af5_8ef641a7-815c-4bb5-9798-b070b67d7998_deepseek_1781246265/v5/S3,0,1788498240000,29599,10.00357138676571,true,true,29603,2.0555555555555554,limit,cancel_marketable,cancel_marketable,recorded_dormant_requires_fresh_authorization,1788498180000
2026-09-03:ASIA:8d5c8af5_8ef641a7-815c-4bb5-9798-b070b67d7998_deepseek_1781246265/v5/S3,0,1788498300000,29599.5,10.467857101051589,true,true,29603,2.0555555555555554,limit,cancel_marketable,cancel_marketable,recorded_dormant_requires_fresh_authorization,1788498240000
2026-09-03:ASIA:8d5c8af5_8ef641a7-815c-4bb5-9798-b070b67d7998_deepseek_1781246265/v5/S3,0,1788498360000,29602.5,9.952295879547904,true,true,29603,2.0555555555555554,limit,cancel_marketable,cancel_marketable,recorded_dormant_requires_fresh_authorization,1788498300000
2026-09-03:ASIA:8d5c8af5_8ef641a7-815c-4bb5-9798-b070b67d7998_deepseek_1781246265/v5/S3,0,1788498420000,29606.5,10.327295879547904,true,true,29603,2.0555555555555554,limit,cancel_marketable,cancel_marketable,recorded_dormant_requires_fresh_authorization,1788498360000
2026-09-03:ASIA:8d5c8af5_8ef641a7-815c-4bb5-9798-b070b67d7998_deepseek_1781246265/v5/S3,0,1788498480000,29609.75,10.559438736690762,true,true,29603,2.0555555555555554,limit,cancel_marketable,cancel_marketable,recorded_dormant_requires_fresh_authorization,1788498420000
2026-09-03:ASIA:8d5c8af5_8ef641a7-815c-4bb5-9798-b070b67d7998_deepseek_1781246265/v5/S3,0,1788498540000,29613,10.898724450976475,true,true,29603,2.0555555555555554,limit,cancel_marketable,cancel_marketable,recorded_dormant_requires_fresh_authorization,1788498480000
2026-09-03:ASIA:8d5c8af5_8ef641a7-815c-4bb5-9798-b070b67d7998_deepseek_1781246265/v5/S3,0,1788498600000,29612,10.8987244509767,true,true,29603,2.0555555555555554,limit,cancel_marketable,cancel_marketable,recorded_dormant_requires_fresh_authorization,1788498540000
2026-09-03:ASIA:8d5c8af5_8ef641a7-815c-4bb5-9798-b070b67d7998_deepseek_1781246265/v5/S3,0,1788498660000,29610,10.459529847335507,true,true,29603,2.0555555555555554,limit,cancel_marketable,cancel_marketable,recorded_dormant_requires_fresh_authorization,1788498600000
2026-09-03:ASIA:8d5c8af5_8ef641a7-815c-4bb5-9798-b070b67d7998_deepseek_1781246265/v5/S3,0,1788498720000,29613.75,10.495244133049793,true,true,29603,2.0555555555555554,limit,cancel_marketable,cancel_marketable,recorded_dormant_requires_fresh_authorization,1788498660000
2026-09-03:ASIA:8d5c8af5_8ef641a7-815c-4bb5-9798-b070b67d7998_deepseek_1781246265/v5/S3,0,1788498780000,29617.5,10.816672704478364,true,true,29603,2.0555555555555554,limit,cancel_marketable,cancel_marketable,recorded_dormant_requires_fresh_authorization,1788498720000
2026-09-03:ASIA:8d5c8af5_8ef641a7-815c-4bb5-9798-b070b67d7998_deepseek_1781246265/v5/S3,0,1788498840000,29618.75,11.013101275906935,true,true,29603,2.0555555555555554,limit,cancel_marketable,cancel_marketable,recorded_dormant_requires_fresh_authorization,1788498780000
2026-09-03:ASIA:8d5c8af5_8ef641a7-815c-4bb5-9798-b070b67d7998_deepseek_1781246265/v5/S3,0,1788498900000,29620.75,11.19167270447826,true,true,29603,2.0555555555555554,limit,cancel_marketable,cancel_marketable,recorded_dormant_requires_fresh_authorization,1788498840000
2026-09-03:ASIA:8d5c8af5_8ef641a7-815c-4bb5-9798-b070b67d7998_deepseek_1781246265/v5/S3,0,1788498960000,29622,10.713696082729813,true,true,29603,2.0555555555555554,limit,cancel_marketable,cancel_marketable,recorded_dormant_requires_fresh_authorization,1788498900000
2026-09-03:ASIA:8d5c8af5_8ef641a7-815c-4bb5-9798-b070b67d7998_deepseek_1781246265/v5/S3,0,1788499020000,29624.5,10.785124654158384,true,true,29603,2.0555555555555554,limit,cancel_marketable,cancel_marketable,recorded_dormant_requires_fresh_authorization,1788498960000
2026-09-03:ASIA:8d5c8af5_8ef641a7-815c-4bb5-9798-b070b67d7998_deepseek_1781246265/v5/S3,0,1788499080000,29631.75,11.2494103684441,true,true,29603,2.0555555555555554,limit,cancel_marketable,cancel_marketable,recorded_dormant_requires_fresh_authorization,1788499020000
2026-09-03:ASIA:8d5c8af5_8ef641a7-815c-4bb5-9798-b070b67d7998_deepseek_1781246265/v5/S3,0,1788499140000,29637,11.69583893987267,true,true,29603,2.0555555555555554,limit,cancel_marketable,cancel_marketable,recorded_dormant_requires_fresh_authorization,1788499080000
2026-09-03:ASIA:8d5c8af5_8ef641a7-815c-4bb5-9798-b070b67d7998_deepseek_1781246265/v5/S3,0,1788499200000,29640.75,11.999410368443966,true,true,29603,2.0555555555555554,limit,cancel_marketable,cancel_marketable,recorded_dormant_requires_fresh_authorization,1788499140000
2026-09-03:ASIA:8d5c8af5_8ef641a7-815c-4bb5-9798-b070b67d7998_deepseek_1781246265/v5/S3,0,1788499260000,29636.75,11.660166770697968,true,true,29603,2.0555555555555554,limit,cancel_marketable,cancel_marketable,recorded_dormant_requires_fresh_authorization,1788499200000
2026-09-03:ASIA:8d5c8af5_8ef641a7-815c-4bb5-9798-b070b67d7998_deepseek_1781246265/v5/S3,0,1788499320000,29636.25,11.92802391355511,true,true,29603,2.0555555555555554,limit,cancel_marketable,cancel_marketable,recorded_dormant_requires_fresh_authorization,1788499260000
2026-09-03:ASIA:8d5c8af5_8ef641a7-815c-4bb5-9798-b070b67d7998_deepseek_1781246265/v5/S3,0,1788499380000,29637.75,11.92802391355511,true,true,29603,2.0555555555555554,limit,cancel_marketable,cancel_marketable,recorded_dormant_requires_fresh_authorization,1788499320000
2026-09-03:ASIA:8d5c8af5_8ef641a7-815c-4bb5-9798-b070b67d7998_deepseek_1781246265/v5/S3,0,1788499440000,29633.5,12.106595342126539,true,true,29603.15989301319,2.0374569372805915,limit,cancel_marketable,cancel_marketable,recorded_dormant_requires_fresh_authorization,1788499380000
2026-09-03:ASIA:8d5c8af5_8ef641a7-815c-4bb5-9798-b070b67d7998_deepseek_1781246265/v5/S3,0,1788499500000,29635.5,12.106595342126562,true,true,29603.15989301319,2.0374569372805915,limit,cancel_marketable,cancel_marketable,recorded_dormant_requires_fresh_authorization,1788499440000
2026-09-03:ASIA:8d5c8af5_8ef641a7-815c-4bb5-9798-b070b67d7998_deepseek_1781246265/v5/S3,0,1788499560000,29632.75,11.723981389117522,true,true,29603,2.0555555555555554,limit,cancel_marketable,cancel_marketable,recorded_dormant_requires_fresh_authorization,1788499500000
2026-09-03:ASIA:8d5c8af5_8ef641a7-815c-4bb5-9798-b070b67d7998_deepseek_1781246265/v5/S3,0,1788499620000,29632.5,11.723981389117522,true,true,29603,2.0555555555555554,limit,cancel_marketable,cancel_marketable,recorded_dormant_requires_fresh_authorization,1788499560000
2026-09-03:ASIA:8d5c8af5_8ef641a7-815c-4bb5-9798-b070b67d7998_deepseek_1781246265/v5/S3,0,1788499680000,29625.25,12.259695674831807,true,true,29603.389543512247,2.0120129667905777,limit,cancel_marketable,cancel_marketable,recorded_dormant_requires_fresh_authorization,1788499620000
2026-09-03:ASIA:8d5c8af5_8ef641a7-815c-4bb5-9798-b070b67d7998_deepseek_1781246265/v5/S3,0,1788499740000,29622.5,12.473981389117522,true,true,29603.710972083678,1.9774493721935535,limit,cancel_marketable,cancel_marketable,recorded_dormant_requires_fresh_authorization,1788499680000
2026-09-03:ASIA:8d5c8af5_8ef641a7-815c-4bb5-9798-b070b67d7998_deepseek_1781246265/v5/S3,0,1788499800000,29622.25,12.545409960546214,true,true,29603.81811494082,1.9661905624639187,limit,cancel_marketable,cancel_marketable,recorded_dormant_requires_fresh_authorization,1788499740000
2026-09-03:ASIA:8d5c8af5_8ef641a7-815c-4bb5-9798-b070b67d7998_deepseek_1781246265/v5/S3,0,1788499860000,29618.5,12.149309249078627,true,true,29603.223963873617,2.0302937525882934,limit,cancel_marketable,cancel_marketable,recorded_dormant_requires_fresh_authorization,1788499800000
2026-09-03:ASIA:8d5c8af5_8ef641a7-815c-4bb5-9798-b070b67d7998_deepseek_1781246265/v5/S3,0,1788499920000,29620.25,12.149309249078627,true,true,29603.223963873617,2.0302937525882934,limit,cancel_marketable,cancel_marketable,recorded_dormant_requires_fresh_authorization,1788499860000
2026-09-03:ASIA:8d5c8af5_8ef641a7-815c-4bb5-9798-b070b67d7998_deepseek_1781246265/v5/S3,0,1788499980000,29622,12.149309249078627,true,true,29603.223963873617,2.0302937525882934,limit,cancel_marketable,cancel_marketable,recorded_dormant_requires_fresh_authorization,1788499920000
2026-09-03:ASIA:8d5c8af5_8ef641a7-815c-4bb5-9798-b070b67d7998_deepseek_1781246265/v5/S3,0,1788500040000,29623.75,12.256452106221484,true,true,29603.38467815933,2.0125454293699865,limit,cancel_marketable,cancel_marketable,recorded_dormant_requires_fresh_authorization,1788499980000
2026-09-03:ASIA:8d5c8af5_8ef641a7-815c-4bb5-9798-b070b67d7998_deepseek_1781246265/v5/S3,0,1788500100000,29623,12.256452106220442,true,true,29603.38467815933,2.0125454293699865,limit,cancel_marketable,cancel_marketable,recorded_dormant_requires_fresh_authorization,1788500040000
2026-09-03:ASIA:8d5c8af5_8ef641a7-815c-4bb5-9798-b070b67d7998_deepseek_1781246265/v5/S3,0,1788500160000,29619.25,11.773848384347554,true,true,29603,2.0555555555555554,limit,cancel_marketable,cancel_marketable,recorded_dormant_requires_fresh_authorization,1788500100000
2026-09-03:ASIA:8d5c8af5_8ef641a7-815c-4bb5-9798-b070b67d7998_deepseek_1781246265/v5/S3,0,1788500220000,29615.75,12.113134098633267,true,true,29603.16970114795,2.036357103439655,limit,cancel_marketable,cancel_marketable,recorded_dormant_requires_fresh_authorization,1788500160000
2026-09-03:ASIA:8d5c8af5_8ef641a7-815c-4bb5-9798-b070b67d7998_deepseek_1781246265/v5/S3,0,1788500280000,29616.75,12.113134098633267,true,true,29603.16970114795,2.036357103439655,limit,cancel_marketable,cancel_marketable,recorded_dormant_requires_fresh_authorization,1788500220000
2026-09-03:ASIA:8d5c8af5_8ef641a7-815c-4bb5-9798-b070b67d7998_deepseek_1781246265/v5/S3,0,1788500340000,29619.25,12.113134098633267,true,true,29603.16970114795,2.036357103439655,limit,cancel_marketable,cancel_marketable,recorded_dormant_requires_fresh_authorization,1788500280000
2026-09-03:ASIA:8d5c8af5_8ef641a7-815c-4bb5-9798-b070b67d7998_deepseek_1781246265/v5/S3,0,1788500400000,29618,12.113134098633328,true,true,29603.16970114795,2.036357103439655,limit,cancel_marketable,cancel_marketable,recorded_dormant_requires_fresh_authorization,1788500340000
2026-09-03:ASIA:8d5c8af5_8ef641a7-815c-4bb5-9798-b070b67d7998_deepseek_1781246265/v6/S3,0,1788500460000,29613.5,11.783624520159519,false,false,29567.32456321976,2.1029183302307253,limit,outside_band,outside_band,waiting_confirm,1788500400000
2026-09-03:ASIA:8d5c8af5_8ef641a7-815c-4bb5-9798-b070b67d7998_deepseek_1781246265/v6/S3,0,1788500520000,29612,11.837195948730947,false,false,29567.244206076903,2.093401182790604,limit,outside_band,outside_band,waiting_confirm,1788500460000
2026-09-03:ASIA:8d5c8af5_8ef641a7-815c-4bb5-9798-b070b67d7998_deepseek_1781246265/v6/S3,0,1788500580000,29609.5,12.051481663016661,false,false,29566.922777505475,2.056178708385983,limit,send_limit,send_limit,waiting_confirm,1788500520000
2026-09-03:ASIA:8d5c8af5_8ef641a7-815c-4bb5-9798-b070b67d7998_deepseek_1781246265/v6/S3,0,1788500640000,29607.75,12.265767377302376,false,false,29566.601348934048,2.020256803977498,limit,send_limit,send_limit,waiting_confirm,1788500580000
2026-09-03:ASIA:8d5c8af5_8ef641a7-815c-4bb5-9798-b070b67d7998_deepseek_1781246265/v6/S3,0,1788500700000,29609.75,12.26576737730233,false,false,29566.601348934048,2.020256803977498,limit,send_limit,send_limit,waiting_confirm,1788500640000
2026-09-03:ASIA:8d5c8af5_8ef641a7-815c-4bb5-9798-b070b67d7998_deepseek_1781246265/v6/S3,0,1788500760000,29610.25,11.639641136066448,false,false,29567.5405382959,2.1289316148429194,limit,outside_band,outside_band,waiting_confirm,1788500700000
2026-09-03:ASIA:8d5c8af5_8ef641a7-815c-4bb5-9798-b070b67d7998_deepseek_1781246265/v6/S3,0,1788500820000,29608.5,11.782498278923592,false,false,29567.326252581614,2.103119339666996,limit,send_limit,send_limit,waiting_confirm,1788500760000
2026-09-03:ASIA:8d5c8af5_8ef641a7-815c-4bb5-9798-b070b67d7998_deepseek_1781246265/v6/S3,0,1788500880000,29606.5,11.871783993209306,false,false,29567.192324010186,2.0873021286584215,limit,send_limit,send_limit,waiting_confirm,1788500820000
2026-09-03:ASIA:8d5c8af5_8ef641a7-815c-4bb5-9798-b070b67d7998_deepseek_1781246265/v6/S3,0,1788500940000,29603.25,12.157498278923592,false,false,29566.763752581614,2.0382482836091618,limit,send_limit,send_limit,waiting_confirm,1788500880000
2026-09-03:ASIA:8d5c8af5_8ef641a7-815c-4bb5-9798-b070b67d7998_deepseek_1781246265/v6/S3,0,1788501000000,29601.25,12.300355421780713,false,false,29566.549466867327,2.0145759329944015,limit,send_limit,send_limit,waiting_confirm,1788500940000
2026-09-03:ASIA:8d5c8af5_8ef641a7-815c-4bb5-9798-b070b67d7998_deepseek_1781246265/v6/S3,0,1788501060000,29595,12.118187177367805,false,false,29566.822719233947,2.04486031097763,limit,send_limit,send_limit,waiting_confirm,1788501000000
2026-09-03:ASIA:8d5c8af5_8ef641a7-815c-4bb5-9798-b070b67d7998_deepseek_1781246265/v6/S3,0,1788501120000,29597.75,12.118187177367805,false,false,29566.822719233947,2.04486031097763,limit,send_limit,send_limit,waiting_confirm,1788501060000
2026-09-03:ASIA:8d5c8af5_8ef641a7-815c-4bb5-9798-b070b67d7998_deepseek_1781246265/v6/S3,0,1788501180000,29597.75,12.118187177367805,false,false,29566.822719233947,2.04486031097763,limit,send_limit,send_limit,waiting_confirm,1788501120000
2026-09-03:ASIA:8d5c8af5_8ef641a7-815c-4bb5-9798-b070b67d7998_deepseek_1781246265/v6/S3,0,1788501240000,29595.5,12.118187177367805,false,false,29566.822719233947,2.04486031097763,limit,send_limit,send_limit,waiting_confirm,1788501180000
2026-09-03:ASIA:8d5c8af5_8ef641a7-815c-4bb5-9798-b070b67d7998_deepseek_1781246265/v6/S3,0,1788501300000,29600,12.118187177367536,false,false,29566.822719233947,2.04486031097763,limit,send_limit,send_limit,waiting_confirm,1788501240000
2026-09-03:ASIA:8d5c8af5_8ef641a7-815c-4bb5-9798-b070b67d7998_deepseek_1781246265/v6/S3,0,1788501360000,29605.5,12.00260237898414,false,false,29566.996096431525,2.0645522710465647,limit,send_limit,send_limit,waiting_confirm,1788501300000
2026-09-03:ASIA:8d5c8af5_8ef641a7-815c-4bb5-9798-b070b67d7998_deepseek_1781246265/v6/S3,0,1788501420000,29615.5,12.645459521841284,false,false,29566.03181071724,1.9595966407705256,limit,outside_band,outside_band,waiting_confirm,1788501360000
2026-09-03:ASIA:8d5c8af5_8ef641a7-815c-4bb5-9798-b070b67d7998_deepseek_1781246265/v6/S3,0,1788501480000,29619.25,12.87760237898414,false,false,29565.683596431525,1.9242712479180675,limit,outside_band,outside_band,waiting_confirm,1788501420000
2026-09-03:ASIA:8d5c8af5_8ef641a7-815c-4bb5-9798-b070b67d7998_deepseek_1781246265/v6/S3,0,1788501540000,29619.5,12.94903095041271,false,false,29565.57645357438,1.9136567126058213,limit,outside_band,outside_band,waiting_confirm,1788501480000
2026-09-03:ASIA:8d5c8af5_8ef641a7-815c-4bb5-9798-b070b67d7998_deepseek_1781246265/v6/S3,0,1788501600000,29619.5,13.038316664698575,false,false,29565.442525002953,1.9005520909836182,limit,outside_band,outside_band,waiting_confirm,1788501540000
2026-09-03:ASIA:8d5c8af5_8ef641a7-815c-4bb5-9798-b070b67d7998_deepseek_1781246265/v6/S3,0,1788501660000,29622.5,12.999865474362963,false,false,29565.500201788454,1.9061735714778012,limit,outside_band,outside_band,waiting_confirm,1788501600000
2026-09-03:ASIA:8d5c8af5_8ef641a7-815c-4bb5-9798-b070b67d7998_deepseek_1781246265/v6/S3,0,1788501720000,29625,12.999865474362963,false,false,29565.500201788454,1.9061735714778012,limit,outside_band,outside_band,waiting_confirm,1788501660000
2026-09-03:ASIA:8d5c8af5_8ef641a7-815c-4bb5-9798-b070b67d7998_deepseek_1781246265/v6/S3,0,1788501780000,29634.25,13.428436902934392,false,false,29564.8573446456,1.845337635282411,limit,outside_band,outside_band,waiting_confirm,1788501720000
2026-09-03:ASIA:8d5c8af5_8ef641a7-815c-4bb5-9798-b070b67d7998_deepseek_1781246265/v6/S3,0,1788501840000,29626.25,13.428436902934392,false,false,29564.8573446456,1.845337635282411,limit,outside_band,outside_band,waiting_confirm,1788501780000
2026-09-03:ASIA:8d5c8af5_8ef641a7-815c-4bb5-9798-b070b67d7998_deepseek_1781246265/v6/S3,0,1788501900000,29625.25,13.428436902934266,false,false,29564.8573446456,1.845337635282411,limit,outside_band,outside_band,waiting_confirm,1788501840000
2026-09-03:ASIA:8d5c8af5_8ef641a7-815c-4bb5-9798-b070b67d7998_deepseek_1781246265/v6/S3,0,1788501960000,29623.25,12.754977124153246,false,false,29565.86753431377,1.942771026462565,limit,outside_band,outside_band,waiting_confirm,1788501900000
2026-09-03:ASIA:8d5c8af5_8ef641a7-815c-4bb5-9798-b070b67d7998_deepseek_1781246265/v6/S3,0,1788502020000,29625.25,12.933548552724675,false,false,29565.599677170914,1.9159474987844751,limit,outside_band,outside_band,waiting_confirm,1788501960000
2026-09-03:ASIA:8d5c8af5_8ef641a7-815c-4bb5-9798-b070b67d7998_deepseek_1781246265/v6/S3,0,1788502080000,29629.25,13.02283426701039,false,false,29565.465748599483,1.902811591695528,limit,outside_band,outside_band,waiting_confirm,1788502020000
2026-09-03:ASIA:8d5c8af5_8ef641a7-815c-4bb5-9798-b070b67d7998_deepseek_1781246265/v6/S3,0,1788502140000,29629.25,13.14783426701039,false,false,29565.278248599483,1.8847210496236124,limit,outside_band,outside_band,waiting_confirm,1788502080000
2026-09-03:ASIA:8d5c8af5_8ef641a7-815c-4bb5-9798-b070b67d7998_deepseek_1781246265/v6/S3,0,1788502200000,29628.75,13.201405695581752,false,false,29565.197891456628,1.8770728338644254,limit,outside_band,outside_band,waiting_confirm,1788502140000
2026-09-03:ASIA:8d5c8af5_8ef641a7-815c-4bb5-9798-b070b67d7998_deepseek_1781246265/v6/S3,0,1788502260000,29631.75,12.919162431611626,false,false,29565.621256352584,1.9180810003106108,limit,outside_band,outside_band,waiting_confirm,1788502200000
2026-09-03:ASIA:8d5c8af5_8ef641a7-815c-4bb5-9798-b070b67d7998_deepseek_1781246265/v6/S3,0,1788502320000,29639.75,13.151305288754484,false,false,29565.273042066867,1.8842236155209633,limit,outside_band,outside_band,waiting_confirm,1788502260000
2026-09-03:ASIA:8d5c8af5_8ef641a7-815c-4bb5-9798-b070b67d7998_deepseek_1781246265/v6/S3,0,1788502380000,29643.75,13.437019574468769,false,false,29564.844470638298,1.844158956729052,limit,outside_band,outside_band,waiting_confirm,1788502320000
2026-09-03:ASIA:8d5c8af5_8ef641a7-815c-4bb5-9798-b070b67d7998_deepseek_1781246265/v6/S3,0,1788502440000,29638,13.437019574468769,false,false,29564.844470638298,1.844158956729052,limit,outside_band,outside_band,waiting_confirm,1788502380000
2026-09-03:ASIA:8d5c8af5_8ef641a7-815c-4bb5-9798-b070b67d7998_deepseek_1781246265/v6/S3,0,1788502500000,29641.5,13.437019574468843,false,false,29564.844470638298,1.844158956729052,limit,outside_band,outside_band,waiting_confirm,1788502440000
2026-09-03:ASIA:8d5c8af5_8ef641a7-815c-4bb5-9798-b070b67d7998_deepseek_1781246265/v6/S3,0,1788502560000,29638.5,12.995089604863926,false,false,29565.507365592704,1.9068741157986604,limit,outside_band,outside_band,waiting_confirm,1788502500000
2026-09-03:ASIA:8d5c8af5_8ef641a7-815c-4bb5-9798-b070b67d7998_deepseek_1781246265/v6/S3,0,1788502620000,29627.5,13.548661033435355,false,false,29564.677008449846,1.8289630199504818,limit,outside_band,outside_band,waiting_confirm,1788502560000
2026-09-03:ASIA:8d5c8af5_8ef641a7-815c-4bb5-9798-b070b67d7998_deepseek_1781246265/v6/S3,0,1788502680000,29624.5,13.905803890578213,false,false,29564.141294164132,1.781989750106251,limit,outside_band,outside_band,waiting_confirm,1788502620000
2026-09-03:ASIA:8d5c8af5_8ef641a7-815c-4bb5-9798-b070b67d7998_deepseek_1781246265/v6/S3,0,1788502740000,29629.75,13.905803890578213,false,false,29564.141294164132,1.781989750106251,limit,outside_band,outside_band,waiting_confirm,1788502680000
2026-09-03:ASIA:8d5c8af5_8ef641a7-815c-4bb5-9798-b070b67d7998_deepseek_1781246265/v6/S3,0,1788502800000,29630.25,13.905803890578202,false,false,29564.141294164132,1.781989750106251,limit,outside_band,outside_band,waiting_confirm,1788502740000
2026-09-04:LONDON:8d5c8af5_8ef641a7-815c-4bb5-9798-b070b67d7998_deepseek_1781246265/v1/S2,0,1788505200000,29576,14.467203842204611,true,true,29557.799194236693,2.7648742933524035,limit,cancel_marketable,cancel_marketable,invalidation_refused,1788505140000
2026-09-04:LONDON:8d5c8af5_8ef641a7-815c-4bb5-9798-b070b67d7998_deepseek_1781246265/v1/S2,0,1788505260000,29582.25,14.130260710618568,true,true,29557.84,2.770083102493093,limit,send_limit,send_limit,invalidation_refused,1788505200000
2026-09-04:LONDON:8d5c8af5_8ef641a7-815c-4bb5-9798-b070b67d7998_deepseek_1781246265/v1/S2,0,1788505320000,29587,14.308832139189997,true,true,29557.84,2.770083102493093,limit,send_limit,send_limit,invalidation_refused,1788505260000
2026-09-04:LONDON:8d5c8af5_8ef641a7-815c-4bb5-9798-b070b67d7998_deepseek_1781246265/v1/S2,0,1788505380000,29584.5,14.362403567761424,true,true,29557.84,2.770083102493093,limit,send_limit,send_limit,invalidation_refused,1788505320000
2026-09-04:LONDON:8d5c8af5_8ef641a7-815c-4bb5-9798-b070b67d7998_deepseek_1781246265/v1/S2,0,1788505440000,29583,14.362403567761424,true,true,29557.84,2.770083102493093,limit,send_limit,send_limit,invalidation_refused,1788505380000
2026-09-04:LONDON:8d5c8af5_8ef641a7-815c-4bb5-9798-b070b67d7998_deepseek_1781246265/v2/S1,0,1788505500000,29594.5,15.112403567761532,false,false,29672.258605351642,2.3089201646103095,limit,outside_band,outside_band,waiting_confirm,1788505440000
2026-09-04:LONDON:8d5c8af5_8ef641a7-815c-4bb5-9798-b070b67d7998_deepseek_1781246265/v2/S1,0,1788505560000,29593.25,14.836517598635709,false,false,29671.844776397953,2.3518546789270296,limit,outside_band,outside_band,waiting_confirm,1788505500000
2026-09-04:LONDON:8d5c8af5_8ef641a7-815c-4bb5-9798-b070b67d7998_deepseek_1781246265/v2/S1,0,1788505620000,29592.75,14.872231884349995,false,false,29671.898347826525,2.3462069180114877,limit,outside_band,outside_band,waiting_confirm,1788505560000
2026-09-04:LONDON:8d5c8af5_8ef641a7-815c-4bb5-9798-b070b67d7998_deepseek_1781246265/v2/S1,0,1788505680000,29596.75,14.961517598635709,false,false,29672.032276397953,2.3322054800454475,limit,outside_band,outside_band,waiting_confirm,1788505620000
2026-09-04:LONDON:8d5c8af5_8ef641a7-815c-4bb5-9798-b070b67d7998_deepseek_1781246265/v2/S1,0,1788505740000,29602.75,15.443660455778566,false,false,29672.755490683667,2.2593952666370156,limit,outside_band,outside_band,waiting_confirm,1788505680000
2026-09-04:LONDON:8d5c8af5_8ef641a7-815c-4bb5-9798-b070b67d7998_deepseek_1781246265/v2/S1,0,1788505800000,29604.75,15.53294617006406,false,false,29672.889419255098,2.2464079223154254,limit,outside_band,outside_band,waiting_confirm,1788505740000
2026-09-04:LONDON:8d5c8af5_8ef641a7-815c-4bb5-9798-b070b67d7998_deepseek_1781246265/v2/S1,0,1788505860000,29605.25,14.95916430077377,false,false,29672.02874645116,2.332572370471885,limit,outside_band,outside_band,waiting_confirm,1788505800000
2026-09-04:LONDON:8d5c8af5_8ef641a7-815c-4bb5-9798-b070b67d7998_deepseek_1781246265/v2/S1,0,1788505920000,29616,15.494878586488056,false,false,29672.832317879733,2.251926863354747,limit,outside_band,outside_band,waiting_confirm,1788505860000
2026-09-04:LONDON:8d5c8af5_8ef641a7-815c-4bb5-9798-b070b67d7998_deepseek_1781246265/v2/S1,0,1788505980000,29613.75,15.494878586488056,false,false,29672.832317879733,2.251926863354747,limit,outside_band,outside_band,waiting_confirm,1788505920000
2026-09-04:LONDON:8d5c8af5_8ef641a7-815c-4bb5-9798-b070b67d7998_deepseek_1781246265/v2/S1,0,1788506040000,29617,15.494878586488056,false,false,29672.832317879733,2.251926863354747,limit,outside_band,outside_band,waiting_confirm,1788505980000
2026-09-04:LONDON:8d5c8af5_8ef641a7-815c-4bb5-9798-b070b67d7998_deepseek_1781246265/v2/S1,0,1788506100000,29619.75,15.887735729345072,false,false,29673.42160359402,2.1962433116811444,limit,outside_band,outside_band,waiting_confirm,1788506040000
2026-09-04:LONDON:8d5c8af5_8ef641a7-815c-4bb5-9798-b070b67d7998_deepseek_1781246265/v2/S1,0,1788506160000,29619.25,15.110040320106139,false,false,29672.255060480158,2.309281285431421,limit,outside_band,outside_band,waiting_confirm,1788506100000
2026-09-04:LONDON:8d5c8af5_8ef641a7-815c-4bb5-9798-b070b67d7998_deepseek_1781246265/v2/S1,0,1788506220000,29619,15.913611748677567,false,false,29673.460417623017,2.192672152896566,limit,outside_band,outside_band,waiting_confirm,1788506160000
2026-09-04:LONDON:8d5c8af5_8ef641a7-815c-4bb5-9798-b070b67d7998_deepseek_1781246265/v2/S1,0,1788506280000,29615.75,15.913611748677567,false,false,29673.460417623017,2.192672152896566,limit,outside_band,outside_band,waiting_confirm,1788506220000
2026-09-04:LONDON:8d5c8af5_8ef641a7-815c-4bb5-9798-b070b67d7998_deepseek_1781246265/v2/S1,0,1788506340000,29615.75,15.913611748677567,false,false,29673.460417623017,2.192672152896566,limit,outside_band,outside_band,waiting_confirm,1788506280000
2026-09-04:LONDON:8d5c8af5_8ef641a7-815c-4bb5-9798-b070b67d7998_deepseek_1781246265/v2/S1,0,1788506400000,29617.25,15.913611748677706,false,false,29673.460417623017,2.192672152896566,limit,outside_band,outside_band,waiting_confirm,1788506340000
2026-09-04:LONDON:8d5c8af5_8ef641a7-815c-4bb5-9798-b070b67d7998_deepseek_1781246265/v2/S1,0,1788506460000,29620.5,15.276925195200727,false,false,29672.5053877928,2.2840547353270164,limit,outside_band,outside_band,waiting_confirm,1788506400000
2026-09-04:LONDON:8d5c8af5_8ef641a7-815c-4bb5-9798-b070b67d7998_deepseek_1781246265/v2/S1,0,1788506520000,29617.25,15.312639480915012,false,false,29672.558959221373,2.278727542486893,limit,outside_band,outside_band,waiting_confirm,1788506460000
2026-09-04:LONDON:8d5c8af5_8ef641a7-815c-4bb5-9798-b070b67d7998_deepseek_1781246265/v2/S1,0,1788506580000,29617.75,15.384068052343583,false,false,29672.666102078514,2.268147359632877,limit,outside_band,outside_band,waiting_confirm,1788506520000
2026-09-04:LONDON:8d5c8af5_8ef641a7-815c-4bb5-9798-b070b67d7998_deepseek_1781246265/v2/S1,0,1788506640000,29615.25,15.437639480915012,false,false,29672.746459221373,2.2602764740341676,limit,outside_band,outside_band,waiting_confirm,1788506580000
2026-09-04:LONDON:8d5c8af5_8ef641a7-815c-4bb5-9798-b070b67d7998_deepseek_1781246265/v2/S1,0,1788506700000,29617.25,15.437639480915092,false,false,29672.746459221373,2.2602764740341676,limit,outside_band,outside_band,waiting_confirm,1788506640000
2026-09-04:LONDON:8d5c8af5_8ef641a7-815c-4bb5-9798-b070b67d7998_deepseek_1781246265/v2/S1,0,1788506760000,29612.25,14.781379517992585,false,false,29671.76206927699,2.360627659337211,limit,outside_band,outside_band,waiting_confirm,1788506700000
2026-09-04:LONDON:8d5c8af5_8ef641a7-815c-4bb5-9798-b070b67d7998_deepseek_1781246265/v2/S1,0,1788506820000,29613,14.995665232278299,false,false,29672.083497848416,2.3268946587462644,limit,outside_band,outside_band,waiting_confirm,1788506760000
2026-09-04:LONDON:8d5c8af5_8ef641a7-815c-4bb5-9798-b070b67d7998_deepseek_1781246265/v2/S1,0,1788506880000,29632,16.1206652322783,false,false,29673.770997848416,2.1645095180978395,limit,send_limit,send_limit,waiting_confirm,1788506820000
2026-09-04:LONDON:8d5c8af5_8ef641a7-815c-4bb5-9798-b070b67d7998_deepseek_1781246265/v2/S1,0,1788506940000,29632,16.174236660849726,false,false,29673.851354991275,2.1573403471827213,limit,send_limit,send_limit,waiting_confirm,1788506880000
2026-09-04:LONDON:8d5c8af5_8ef641a7-815c-4bb5-9798-b070b67d7998_deepseek_1781246265/v2/S1,0,1788507000000,29636.25,16.37066523227839,false,false,29674.145997848416,2.131454821062221,limit,send_limit,send_limit,waiting_confirm,1788506940000
2026-09-04:LONDON:8d5c8af5_8ef641a7-815c-4bb5-9798-b070b67d7998_deepseek_1781246265/v2/S1,0,1788507060000,29637.5,15.737046287115648,false,false,29673.195569430674,2.2172733495675394,limit,send_limit,send_limit,waiting_confirm,1788507000000
2026-09-04:LONDON:8d5c8af5_8ef641a7-815c-4bb5-9798-b070b67d7998_deepseek_1781246265/v2/S1,0,1788507120000,29641.75,15.87990342997279,false,false,29673.40985514496,2.197326544660943,limit,send_limit,send_limit,waiting_confirm,1788507060000
2026-09-04:LONDON:8d5c8af5_8ef641a7-815c-4bb5-9798-b070b67d7998_deepseek_1781246265/v2/S1,0,1788507180000,29637,15.87990342997279,false,false,29673.40985514496,2.197326544660943,limit,send_limit,send_limit,waiting_confirm,1788507120000
2026-09-04:LONDON:8d5c8af5_8ef641a7-815c-4bb5-9798-b070b67d7998_deepseek_1781246265/v2/S1,0,1788507240000,29643.5,16.147760572829934,false,false,29673.811640859247,2.16087755177904,limit,send_limit,send_limit,waiting_confirm,1788507180000
2026-09-04:LONDON:8d5c8af5_8ef641a7-815c-4bb5-9798-b070b67d7998_deepseek_1781246265/v2/S1,0,1788507300000,29643.5,16.147760572828947,false,false,29673.811640859243,2.160877551779364,limit,send_limit,send_limit,recorded_dormant_requires_fresh_authorization,1788507240000
2026-09-04:LONDON:8d5c8af5_8ef641a7-815c-4bb5-9798-b070b67d7998_deepseek_1781246265/v2/S1,0,1788507360000,29639.5,15.583634817626878,false,false,29672.96545222644,2.239101066066251,limit,send_limit,send_limit,recorded_dormant_requires_fresh_authorization,1788507300000
2026-09-04:LONDON:8d5c8af5_8ef641a7-815c-4bb5-9798-b070b67d7998_deepseek_1781246265/v2/S1,0,1788507420000,29630.5,16.226491960484022,false,false,29673.929737940725,2.1503929141498697,limit,send_limit,send_limit,recorded_dormant_requires_fresh_authorization,1788507360000
2026-09-04:LONDON:8d5c8af5_8ef641a7-815c-4bb5-9798-b070b67d7998_deepseek_1781246265/v2/S1,0,1788507480000,29632.25,16.369349103341165,false,false,29674.14402365501,2.1316261943617416,limit,send_limit,send_limit,recorded_dormant_requires_fresh_authorization,1788507420000
2026-09-04:LONDON:8d5c8af5_8ef641a7-815c-4bb5-9798-b070b67d7998_deepseek_1781246265/v2/S1,0,1788507540000,29637.25,16.369349103341165,false,false,29674.14402365501,2.1316261943617416,limit,send_limit,send_limit,recorded_dormant_requires_fresh_authorization,1788507480000
2026-09-04:LONDON:8d5c8af5_8ef641a7-815c-4bb5-9798-b070b67d7998_deepseek_1781246265/v2/S1,0,1788507600000,29639.75,16.36934910334114,false,false,29674.14402365501,2.1316261943617416,limit,send_limit,send_limit,recorded_dormant_requires_fresh_authorization,1788507540000
2026-09-04:LONDON:8d5c8af5_8ef641a7-815c-4bb5-9798-b070b67d7998_deepseek_1781246265/v2/S1,0,1788507660000,29639.5,15.575109881673916,false,false,29672.95266482251,2.240326623595117,limit,send_limit,send_limit,recorded_dormant_requires_fresh_authorization,1788507600000
2026-09-04:LONDON:8d5c8af5_8ef641a7-815c-4bb5-9798-b070b67d7998_deepseek_1781246265/v2/S1,0,1788507720000,29642.75,15.735824167388202,false,false,29673.193736251083,2.217445553671527,limit,send_limit,send_limit,recorded_dormant_requires_fresh_authorization,1788507660000
2026-09-04:LONDON:8d5c8af5_8ef641a7-815c-4bb5-9798-b070b67d7998_deepseek_1781246265/v2/S1,0,1788507780000,29650.75,16.28939559595963,true,false,29674.02409339394,2.1420888901482495,limit,cancel_marketable,cancel_marketable,recorded_dormant_requires_fresh_authorization,1788507720000
2026-09-04:LONDON:8d5c8af5_8ef641a7-815c-4bb5-9798-b070b67d7998_deepseek_1781246265/v2/S1,0,1788507840000,29644.5,16.28939559595963,true,false,29674.02409339394,2.1420888901482495,limit,send_limit,send_limit,recorded_dormant_requires_fresh_authorization,1788507780000
2026-09-04:LONDON:8d5c8af5_8ef641a7-815c-4bb5-9798-b070b67d7998_deepseek_1781246265/v2/S1,0,1788507900000,29648,16.289395595959714,true,false,29674.02409339394,2.1420888901482495,limit,send_limit,send_limit,recorded_dormant_requires_fresh_authorization,1788507840000
2026-09-04:LONDON:8d5c8af5_8ef641a7-815c-4bb5-9798-b070b67d7998_deepseek_1781246265/v2/S1,0,1788507960000,29649,15.715153053391163,true,false,29673.162729580086,2.2203622971272736,limit,send_limit,send_limit,recorded_dormant_requires_fresh_authorization,1788507900000
2026-09-04:LONDON:8d5c8af5_8ef641a7-815c-4bb5-9798-b070b67d7998_deepseek_1781246265/v2/S1,0,1788508020000,29651,15.893724481962591,true,false,29673.430586722945,2.195415767583716,limit,cancel_marketable,cancel_marketable,recorded_dormant_requires_fresh_authorization,1788507960000
2026-09-04:LONDON:8d5c8af5_8ef641a7-815c-4bb5-9798-b070b67d7998_deepseek_1781246265/v2/S1,0,1788508080000,29655.5,16.19729591053402,true,false,29673.8859438658,2.154269053678392,limit,cancel_marketable,cancel_marketable,recorded_dormant_requires_fresh_authorization,1788508020000
2026-09-04:LONDON:8d5c8af5_8ef641a7-815c-4bb5-9798-b070b67d7998_deepseek_1781246265/v2/S1,0,1788508140000,29656.5,16.19729591053402,true,false,29673.8859438658,2.154269053678392,limit,cancel_marketable,cancel_marketable,recorded_dormant_requires_fresh_authorization,1788508080000
2026-09-04:LONDON:8d5c8af5_8ef641a7-815c-4bb5-9798-b070b67d7998_deepseek_1781246265/v2/S1,0,1788508200000,29657,16.250867339105607,true,true,29673.96630100866,2.1471674468332425,limit,cancel_marketable,cancel_marketable,recorded_dormant_requires_fresh_authorization,1788508140000
2026-09-04:LONDON:8d5c8af5_8ef641a7-815c-4bb5-9798-b070b67d7998_deepseek_1781246265/v2/S1,0,1788508260000,29653.5,15.393662529169491,true,true,29672.680493793756,2.2667336812933043,limit,cancel_marketable,cancel_marketable,recorded_dormant_requires_fresh_authorization,1788508200000
2026-09-04:LONDON:8d5c8af5_8ef641a7-815c-4bb5-9798-b070b67d7998_deepseek_1781246265/v2/S1,0,1788508320000,29653.75,15.518662529169491,true,true,29672.867993793756,2.2484755543684445,limit,cancel_marketable,cancel_marketable,recorded_dormant_requires_fresh_authorization,1788508260000
2026-09-04:LONDON:8d5c8af5_8ef641a7-815c-4bb5-9798-b070b67d7998_deepseek_1781246265/v2/S1,0,1788508380000,29654.25,15.518662529169491,true,true,29672.867993793756,2.2484755543684445,limit,cancel_marketable,cancel_marketable,recorded_dormant_requires_fresh_authorization,1788508320000
2026-09-04:LONDON:8d5c8af5_8ef641a7-815c-4bb5-9798-b070b67d7998_deepseek_1781246265/v2/S1,0,1788508440000,29655,15.643662529169491,true,true,29673.055493793756,2.2305092089699823,limit,cancel_marketable,cancel_marketable,recorded_dormant_requires_fresh_authorization,1788508380000
2026-09-04:LONDON:8d5c8af5_8ef641a7-815c-4bb5-9798-b070b67d7998_deepseek_1781246265/v2/S1,0,1788508500000,29647.5,15.947233957741151,true,false,29673.51085093661,2.188049252039521,limit,send_limit,send_limit,recorded_dormant_requires_fresh_authorization,1788508440000
2026-09-04:LONDON:8d5c8af5_8ef641a7-815c-4bb5-9798-b070b67d7998_deepseek_1781246265/v2/S1,0,1788508560000,29646.25,15.236717246473926,true,false,29672.44507586971,2.2900820937273036,limit,send_limit,send_limit,recorded_dormant_requires_fresh_authorization,1788508500000
2026-09-04:LONDON:8d5c8af5_8ef641a7-815c-4bb5-9798-b070b67d7998_deepseek_1781246265/v2/S1,0,1788508620000,29647.75,15.558145817902497,true,false,29672.927218726854,2.242769398213352,limit,send_limit,send_limit,recorded_dormant_requires_fresh_authorization,1788508560000
2026-09-04:LONDON:8d5c8af5_8ef641a7-815c-4bb5-9798-b070b67d7998_deepseek_1781246265/v2/S1,0,1788508680000,29644.5,15.558145817902497,true,false,29672.927218726854,2.242769398213352,limit,send_limit,send_limit,recorded_dormant_requires_fresh_authorization,1788508620000
2026-09-04:LONDON:8d5c8af5_8ef641a7-815c-4bb5-9798-b070b67d7998_deepseek_1781246265/v2/S1,0,1788508740000,29648.25,15.558145817902497,true,false,29672.927218726854,2.242769398213352,limit,send_limit,send_limit,recorded_dormant_requires_fresh_authorization,1788508680000
2026-09-04:LONDON:8d5c8af5_8ef641a7-815c-4bb5-9798-b070b67d7998_deepseek_1781246265/v2/S1,0,1788508800000,29653,15.79028867504536,true,true,29673.275433012568,2.2097970500360926,limit,cancel_marketable,cancel_marketable,recorded_dormant_requires_fresh_authorization,1788508740000
2026-09-04:LONDON:8d5c8af5_8ef641a7-815c-4bb5-9798-b070b67d7998_deepseek_1781246265/v2/S1,0,1788508860000,29649.75,15.573125198256406,true,true,29672.949687797383,2.240612137199167,limit,cancel_marketable,cancel_marketable,recorded_dormant_requires_fresh_authorization,1788508800000
2026-09-04:LONDON:8d5c8af5_8ef641a7-815c-4bb5-9798-b070b67d7998_deepseek_1781246265/v2/S1,0,1788508920000,29647.75,15.608839483970693,true,true,29673.003259225956,2.2354854356191707,limit,send_limit,send_limit,recorded_dormant_requires_fresh_authorization,1788508860000
2026-09-04:LONDON:8d5c8af5_8ef641a7-815c-4bb5-9798-b070b67d7998_deepseek_1781246265/v2/S1,0,1788508980000,29657.75,16.573125198256406,true,true,29674.449687797383,2.105416625767502,limit,cancel_marketable,cancel_marketable,recorded_dormant_requires_fresh_authorization,1788508920000
2026-09-04:LONDON:8d5c8af5_8ef641a7-815c-4bb5-9798-b070b67d7998_deepseek_1781246265/v2/S1,0,1788509040000,29643.5,16.680268055399264,true,true,29674.6104020831,2.091892841136706,limit,send_limit,send_limit,recorded_dormant_requires_fresh_authorization,1788508980000
2026-09-04:LONDON:8d5c8af5_8ef641a7-815c-4bb5-9798-b070b67d7998_deepseek_1781246265/v2/S1,0,1788509100000,29649.5,16.68026805539927,true,false,29674.6104020831,2.091892841136706,limit,send_limit,send_limit,recorded_dormant_requires_fresh_authorization,1788509040000
2026-09-04:LONDON:8d5c8af5_8ef641a7-815c-4bb5-9798-b070b67d7998_deepseek_1781246265/v2/S1,0,1788509160000,29657.5,16.560248908585038,true,false,29674.430373362877,2.107053675699626,limit,cancel_marketable,cancel_marketable,recorded_dormant_requires_fresh_authorization,1788509100000
2026-09-04:LONDON:8d5c8af5_8ef641a7-815c-4bb5-9798-b070b67d7998_deepseek_1781246265/v2/S1,0,1788509220000,29660.5,17.042391765727896,true,false,29675.15358764859,2.0474434464947397,limit,cancel_marketable,cancel_marketable,recorded_dormant_requires_fresh_authorization,1788509160000
2026-09-04:LONDON:8d5c8af5_8ef641a7-815c-4bb5-9798-b070b67d7998_deepseek_1781246265/v2/S1,0,1788509280000,29668,17.399534622870753,true,false,29675.689301934308,2.0054176211969414,limit,cancel_marketable,cancel_marketable,recorded_dormant_requires_fresh_authorization,1788509220000
2026-09-04:LONDON:8d5c8af5_8ef641a7-815c-4bb5-9798-b070b67d7998_deepseek_1781246265/v2/S1,0,1788509340000,29663.5,17.399534622870753,true,false,29675.689301934308,2.0054176211969414,limit,cancel_marketable,cancel_marketable,recorded_dormant_requires_fresh_authorization,1788509280000
2026-09-04:LONDON:8d5c8af5_8ef641a7-815c-4bb5-9798-b070b67d7998_deepseek_1781246265/v2/S1,0,1788509400000,29657.5,17.39953462287094,true,true,29675.689301934308,2.0054176211969414,limit,cancel_marketable,cancel_marketable,recorded_dormant_requires_fresh_authorization,1788509340000
2026-09-04:LONDON:8d5c8af5_8ef641a7-815c-4bb5-9798-b070b67d7998_deepseek_1781246265/v2/S1,0,1788509460000,29661.5,16.76385357838016,true,true,29674.73578036757,2.0814625450043005,limit,cancel_marketable,cancel_marketable,recorded_dormant_requires_fresh_authorization,1788509400000
2026-09-04:LONDON:8d5c8af5_8ef641a7-815c-4bb5-9798-b070b67d7998_deepseek_1781246265/v2/S1,0,1788509520000,29663.75,16.87099643552302,true,true,29674.896494653283,2.0682437736673966,limit,cancel_marketable,cancel_marketable,recorded_dormant_requires_fresh_authorization,1788509460000
2026-09-04:LONDON:8d5c8af5_8ef641a7-815c-4bb5-9798-b070b67d7998_deepseek_1781246265/v2/S1,0,1788509580000,29655.5,17.26385357838016,true,true,29675.48578036757,2.021178711630881,limit,cancel_marketable,cancel_marketable,recorded_dormant_requires_fresh_authorization,1788509520000
2026-09-04:LONDON:8d5c8af5_8ef641a7-815c-4bb5-9798-b070b67d7998_deepseek_1781246265/v2/S1,0,1788509640000,29652,17.51385357838016,true,true,29675.86078036757,1.99232756955376,limit,cancel_marketable,cancel_marketable,recorded_dormant_requires_fresh_authorization,1788509580000
2026-09-04:LONDON:8d5c8af5_8ef641a7-815c-4bb5-9798-b070b67d7998_deepseek_1781246265/v2/S1,0,1788509700000,29650.5,17.513853578379944,true,true,29675.86078036757,1.99232756955376,limit,cancel_marketable,cancel_marketable,recorded_dormant_requires_fresh_authorization,1788509640000
2026-09-04:LONDON:8d5c8af5_8ef641a7-815c-4bb5-9798-b070b67d7998_deepseek_1781246265/v2/S1,0,1788509760000,29648.5,16.887864037067093,true,true,29674.9217960556,2.0661780114255484,limit,send_limit,send_limit,recorded_dormant_requires_fresh_authorization,1788509700000
2026-09-04:LONDON:8d5c8af5_8ef641a7-815c-4bb5-9798-b070b67d7998_deepseek_1781246265/v2/S1,0,1788509820000,29653,16.887864037067093,true,true,29674.9217960556,2.0661780114255484,limit,cancel_marketable,cancel_marketable,recorded_dormant_requires_fresh_authorization,1788509760000
2026-09-04:LONDON:8d5c8af5_8ef641a7-815c-4bb5-9798-b070b67d7998_deepseek_1781246265/v2/S1,0,1788509880000,29649,16.905721179924235,true,true,29674.948581769888,2.0639955528645473,limit,send_limit,send_limit,recorded_dormant_requires_fresh_authorization,1788509820000
2026-09-04:LONDON:8d5c8af5_8ef641a7-815c-4bb5-9798-b070b67d7998_deepseek_1781246265/v2/S1,0,1788509940000,29649.5,16.977149751352805,true,true,29675.05572462703,2.0553116303019774,limit,send_limit,send_limit,recorded_dormant_requires_fresh_authorization,1788509880000
2026-09-04:LONDON:8d5c8af5_8ef641a7-815c-4bb5-9798-b070b67d7998_deepseek_1781246265/v2/S1,0,1788510000000,29653,16.977149751352155,true,true,29675.05572462703,2.0553116303019774,limit,cancel_marketable,cancel_marketable,recorded_dormant_requires_fresh_authorization,1788509940000
2026-09-04:LONDON:8d5c8af5_8ef641a7-815c-4bb5-9798-b070b67d7998_deepseek_1781246265/v2/S1,0,1788510060000,29660.5,16.496639054827,true,true,29674.33495858224,2.1151783231339287,limit,cancel_marketable,cancel_marketable,recorded_dormant_requires_fresh_authorization,1788510000000
2026-09-04:LONDON:8d5c8af5_8ef641a7-815c-4bb5-9798-b070b67d7998_deepseek_1781246265/v2/S1,0,1788510120000,29659,16.675210483398427,true,true,29674.6028157251,2.0925273098094745,limit,cancel_marketable,cancel_marketable,recorded_dormant_requires_fresh_authorization,1788510060000
2026-09-04:LONDON:8d5c8af5_8ef641a7-815c-4bb5-9798-b070b67d7998_deepseek_1781246265/v2/S1,0,1788510180000,29651.25,16.818067626255573,true,true,29674.817101439385,2.0747528258750685,limit,cancel_marketable,cancel_marketable,recorded_dormant_requires_fresh_authorization,1788510120000
2026-09-04:LONDON:8d5c8af5_8ef641a7-815c-4bb5-9798-b070b67d7998_deepseek_1781246265/v2/S1,0,1788510240000,29652,16.818067626255573,true,true,29674.817101439385,2.0747528258750685,limit,cancel_marketable,cancel_marketable,recorded_dormant_requires_fresh_authorization,1788510180000
2026-09-04:LONDON:8d5c8af5_8ef641a7-815c-4bb5-9798-b070b67d7998_deepseek_1781246265/v2/S1,0,1788510300000,29645,17.282353340541263,true,false,29675.513530010812,2.0190151564300987,limit,send_limit,send_limit,recorded_dormant_requires_fresh_authorization,1788510240000
2026-09-04:LONDON:8d5c8af5_8ef641a7-815c-4bb5-9798-b070b67d7998_deepseek_1781246265/v2/S1,0,1788510360000,29655,16.90504238764546,true,false,29674.947563581467,2.0640784289802228,limit,cancel_marketable,cancel_marketable,recorded_dormant_requires_fresh_authorization,1788510300000
2026-09-04:LONDON:8d5c8af5_8ef641a7-815c-4bb5-9798-b070b67d7998_deepseek_1781246265/v2/S1,0,1788510420000,29662.25,17.5478995305026,true,false,29675.911849295753,1.9884621103899807,limit,cancel_marketable,cancel_marketable,recorded_dormant_requires_fresh_authorization,1788510360000
2026-09-04:LONDON:8d5c8af5_8ef641a7-815c-4bb5-9798-b070b67d7998_deepseek_1781246265/v2/S1,0,1788510480000,29669.25,18.012185244788316,true,false,29676.608277867184,1.937207110582392,limit,cancel_marketable,cancel_marketable,recorded_dormant_requires_fresh_authorization,1788510420000
2026-09-04:LONDON:8d5c8af5_8ef641a7-815c-4bb5-9798-b070b67d7998_deepseek_1781246265/v2/S1,0,1788510540000,29671.75,18.012185244788316,true,false,29676.608277867184,1.937207110582392,limit,cancel_marketable,cancel_marketable,recorded_dormant_requires_fresh_authorization,1788510480000
2026-09-04:LONDON:8d5c8af5_8ef641a7-815c-4bb5-9798-b070b67d7998_deepseek_1781246265/v2/S1,0,1788510600000,29670,18.012185244787744,true,true,29676.60827786718,1.937207110582653,limit,cancel_marketable,cancel_marketable,recorded_dormant_requires_fresh_authorization,1788510540000
2026-09-04:LONDON:8d5c8af5_8ef641a7-815c-4bb5-9798-b070b67d7998_deepseek_1781246265/v2/S1,0,1788510660000,29671.25,17.01131487016005,true,true,29675.10697230524,2.0511837914741484,limit,cancel_marketable,cancel_marketable,recorded_dormant_requires_fresh_authorization,1788510600000
2026-09-04:LONDON:8d5c8af5_8ef641a7-815c-4bb5-9798-b070b67d7998_deepseek_1781246265/v2/S1,0,1788510720000,29668.25,17.13631487016005,true,true,29675.29447230524,2.0362215329093996,limit,cancel_marketable,cancel_marketable,recorded_dormant_requires_fresh_authorization,1788510660000
2026-09-04:LONDON:8d5c8af5_8ef641a7-815c-4bb5-9798-b070b67d7998_deepseek_1781246265/v2/S1,0,1788510780000,29659,17.797029155874334,true,true,29676.28554373381,1.9606268567479772,limit,cancel_marketable,cancel_marketable,recorded_dormant_requires_fresh_authorization,1788510720000
2026-09-04:LONDON:8d5c8af5_8ef641a7-815c-4bb5-9798-b070b67d7998_deepseek_1781246265/v2/S1,0,1788510840000,29658.5,17.832743441588622,true,true,29676.339115162384,1.956700237830831,limit,cancel_marketable,cancel_marketable,recorded_dormant_requires_fresh_authorization,1788510780000
2026-09-04:LONDON:8d5c8af5_8ef641a7-815c-4bb5-9798-b070b67d7998_deepseek_1781246265/v2/S1,0,1788510900000,29657,18.06488629873146,true,true,29676.687329448097,1.9315556575511659,limit,cancel_marketable,cancel_marketable,recorded_dormant_requires_fresh_authorization,1788510840000
2026-09-04:LONDON:8d5c8af5_8ef641a7-815c-4bb5-9798-b070b67d7998_deepseek_1781246265/v2/S1,0,1788510960000,29652.75,17.34596584882207,true,true,29675.60894877323,2.0116108631509424,limit,cancel_marketable,cancel_marketable,recorded_dormant_requires_fresh_authorization,1788510900000
2026-09-04:LONDON:8d5c8af5_8ef641a7-815c-4bb5-9798-b070b67d7998_deepseek_1781246265/v2/S1,0,1788511020000,29647.25,17.810251563107784,true,true,29676.305377344663,1.9591712789509639,limit,send_limit,send_limit,recorded_dormant_requires_fresh_authorization,1788510960000
2026-09-04:LONDON:8d5c8af5_8ef641a7-815c-4bb5-9798-b070b67d7998_deepseek_1781246265/v2/S1,0,1788511080000,29644.75,17.98882299167921,true,true,29676.573234487518,1.9397229796232363,limit,send_limit,send_limit,recorded_dormant_requires_fresh_authorization,1788511020000
2026-09-04:LONDON:8d5c8af5_8ef641a7-815c-4bb5-9798-b070b67d7998_deepseek_1781246265/v2/S1,0,1788511140000,29648,17.98882299167921,true,true,29676.573234487518,1.9397229796232363,limit,send_limit,send_limit,recorded_dormant_requires_fresh_authorization,1788511080000
2026-09-04:LONDON:8d5c8af5_8ef641a7-815c-4bb5-9798-b070b67d7998_deepseek_1781246265/v2/S1,0,1788511200000,29649.75,17.988822991678866,true,true,29676.573234487518,1.9397229796232363,limit,cancel_marketable,cancel_marketable,recorded_dormant_requires_fresh_authorization,1788511140000
2026-09-04:LONDON:8d5c8af5_8ef641a7-815c-4bb5-9798-b070b67d7998_deepseek_1781246265/v2/S1,0,1788511260000,29654,17.346764206558948,true,true,29675.61014630984,2.011518281901828,limit,cancel_marketable,cancel_marketable,recorded_dormant_requires_fresh_authorization,1788511200000
2026-09-04:LONDON:8d5c8af5_8ef641a7-815c-4bb5-9798-b070b67d7998_deepseek_1781246265/v2/S1,0,1788511320000,29652.25,17.632478492273233,true,true,29676.03871773841,1.9789239129724667,limit,cancel_marketable,cancel_marketable,recorded_dormant_requires_fresh_authorization,1788511260000
2026-09-04:LONDON:8d5c8af5_8ef641a7-815c-4bb5-9798-b070b67d7998_deepseek_1781246265/v2/S1,0,1788511380000,29655.25,17.632478492273233,true,true,29676.03871773841,1.9789239129724667,limit,cancel_marketable,cancel_marketable,recorded_dormant_requires_fresh_authorization,1788511320000
2026-09-04:LONDON:8d5c8af5_8ef641a7-815c-4bb5-9798-b070b67d7998_deepseek_1781246265/v2/S1,0,1788511440000,29653.25,17.632478492273233,true,true,29676.03871773841,1.9789239129724667,limit,cancel_marketable,cancel_marketable,recorded_dormant_requires_fresh_authorization,1788511380000
2026-09-04:LONDON:8d5c8af5_8ef641a7-815c-4bb5-9798-b070b67d7998_deepseek_1781246265/v2/S1,0,1788511500000,29658.5,17.793192777987453,true,true,29676.27978916698,1.9610495861374122,limit,cancel_marketable,cancel_marketable,recorded_dormant_requires_fresh_authorization,1788511440000
2026-09-04:LONDON:8d5c8af5_8ef641a7-815c-4bb5-9798-b070b67d7998_deepseek_1781246265/v2/S1,0,1788511560000,29657.75,17.040107579559777,true,true,29675.15016136934,2.0477179014520486,limit,cancel_marketable,cancel_marketable,recorded_dormant_requires_fresh_authorization,1788511500000
2026-09-04:LONDON:8d5c8af5_8ef641a7-815c-4bb5-9798-b070b67d7998_deepseek_1781246265/v2/S1,0,1788511620000,29657.75,17.32582186527406,true,true,29675.578732797912,2.0139496760767344,limit,cancel_marketable,cancel_marketable,recorded_dormant_requires_fresh_authorization,1788511560000
2026-09-04:LONDON:8d5c8af5_8ef641a7-815c-4bb5-9798-b070b67d7998_deepseek_1781246265/v2/S1,0,1788511680000,29651.75,17.468679008131208,true,true,29675.7930185122,1.9974797932396204,limit,cancel_marketable,cancel_marketable,recorded_dormant_requires_fresh_authorization,1788511620000
2026-09-04:LONDON:8d5c8af5_8ef641a7-815c-4bb5-9798-b070b67d7998_deepseek_1781246265/v2/S1,0,1788511740000,29656,17.468679008131208,true,true,29675.7930185122,1.9974797932396204,limit,cancel_marketable,cancel_marketable,recorded_dormant_requires_fresh_authorization,1788511680000
2026-09-04:LONDON:8d5c8af5_8ef641a7-815c-4bb5-9798-b070b67d7998_deepseek_1781246265/v2/S1,0,1788511800000,29650.25,17.468679008131314,true,true,29675.7930185122,1.9974797932396204,limit,cancel_marketable,cancel_marketable,recorded_dormant_requires_fresh_authorization,1788511740000
2026-09-04:LONDON:8d5c8af5_8ef641a7-815c-4bb5-9798-b070b67d7998_deepseek_1781246265/v2/S1,0,1788511860000,29650.5,16.756630507550504,true,true,29674.724945761325,2.0823597749924434,limit,cancel_marketable,cancel_marketable,recorded_dormant_requires_fresh_authorization,1788511800000
2026-09-04:LONDON:8d5c8af5_8ef641a7-815c-4bb5-9798-b070b67d7998_deepseek_1781246265/v2/S1,0,1788511920000,29653.5,16.810201936121935,true,true,29674.805302904184,2.075723626993027,limit,cancel_marketable,cancel_marketable,recorded_dormant_requires_fresh_authorization,1788511860000
2026-09-04:LONDON:8d5c8af5_8ef641a7-815c-4bb5-9798-b070b67d7998_deepseek_1781246265/v2/S1,0,1788511980000,29653,16.917344793264792,true,true,29674.966017189898,2.0625774174221974,limit,cancel_marketable,cancel_marketable,recorded_dormant_requires_fresh_authorization,1788511920000
2026-09-04:LONDON:8d5c8af5_8ef641a7-815c-4bb5-9798-b070b67d7998_deepseek_1781246265/v2/S1,0,1788512040000,29654.25,16.917344793264792,true,true,29674.966017189898,2.0625774174221974,limit,cancel_marketable,cancel_marketable,recorded_dormant_requires_fresh_authorization,1788511980000
2026-09-04:LONDON:8d5c8af5_8ef641a7-815c-4bb5-9798-b070b67d7998_deepseek_1781246265/v2/S1,0,1788512100000,29658.5,17.399487650407632,true,true,29675.68923147561,2.005423035115413,limit,cancel_marketable,cancel_marketable,recorded_dormant_requires_fresh_authorization,1788512040000
2026-09-04:LONDON:8d5c8af5_8ef641a7-815c-4bb5-9798-b070b67d7998_deepseek_1781246265/v2/S1,0,1788512160000,29656.25,16.620952818235658,true,true,29674.521429227352,2.0993581845110745,limit,cancel_marketable,cancel_marketable,recorded_dormant_requires_fresh_authorization,1788512100000
2026-09-04:LONDON:8d5c8af5_8ef641a7-815c-4bb5-9798-b070b67d7998_deepseek_1781246265/v2/S1,0,1788512220000,29662.75,16.870952818235658,true,true,29674.896429227352,2.0682491207977014,limit,cancel_marketable,cancel_marketable,recorded_dormant_requires_fresh_authorization,1788512160000
2026-09-04:LONDON:8d5c8af5_8ef641a7-815c-4bb5-9798-b070b67d7998_deepseek_1781246265/v2/S1,0,1788512280000,29663.75,16.978095675378515,true,true,29675.05714351307,2.055197119894496,limit,cancel_marketable,cancel_marketable,recorded_dormant_requires_fresh_authorization,1788512220000
2026-09-04:LONDON:8d5c8af5_8ef641a7-815c-4bb5-9798-b070b67d7998_deepseek_1781246265/v2/S1,0,1788512340000,29656,16.995952818235658,true,true,29675.083929227352,2.05303778531892,limit,cancel_marketable,cancel_marketable,recorded_dormant_requires_fresh_authorization,1788512280000
2026-09-04:LONDON:8d5c8af5_8ef641a7-815c-4bb5-9798-b070b67d7998_deepseek_1781246265/v2/S1,0,1788512400000,29658.5,16.995952818235683,true,true,29675.083929227352,2.05303778531892,limit,cancel_marketable,cancel_marketable,recorded_dormant_requires_fresh_authorization,1788512340000
2026-09-04:LONDON:8d5c8af5_8ef641a7-815c-4bb5-9798-b070b67d7998_deepseek_1781246265/v2/S1,0,1788512460000,29654.5,16.38909904550456,true,true,29674.173648568256,2.1290574446132253,limit,cancel_marketable,cancel_marketable,recorded_dormant_requires_fresh_authorization,1788512400000
2026-09-04:LONDON:8d5c8af5_8ef641a7-815c-4bb5-9798-b070b67d7998_deepseek_1781246265/v2/S1,0,1788512520000,29651.25,16.603384759790277,true,true,29674.495077139687,2.101579517559291,limit,cancel_marketable,cancel_marketable,recorded_dormant_requires_fresh_authorization,1788512460000
2026-09-04:LONDON:8d5c8af5_8ef641a7-815c-4bb5-9798-b070b67d7998_deepseek_1781246265/v2/S1,0,1788512580000,29650.75,16.603384759790277,true,true,29674.495077139687,2.101579517559291,limit,cancel_marketable,cancel_marketable,recorded_dormant_requires_fresh_authorization,1788512520000
2026-09-04:LONDON:8d5c8af5_8ef641a7-815c-4bb5-9798-b070b67d7998_deepseek_1781246265/v2/S1,0,1788512640000,29650.5,16.603384759790277,true,true,29674.495077139687,2.101579517559291,limit,cancel_marketable,cancel_marketable,recorded_dormant_requires_fresh_authorization,1788512580000
2026-09-04:LONDON:8d5c8af5_8ef641a7-815c-4bb5-9798-b070b67d7998_deepseek_1781246265/v2/S1,0,1788512700000,29646.5,16.728384759790185,true,false,29674.682577139687,2.085875823301473,limit,send_limit,send_limit,recorded_dormant_requires_fresh_authorization,1788512640000
2026-09-04:LONDON:8d5c8af5_8ef641a7-815c-4bb5-9798-b070b67d7998_deepseek_1781246265/v2/S1,0,1788512760000,29647.5,15.783500134090886,true,false,29673.265250201137,2.210747491804203,limit,send_limit,send_limit,recorded_dormant_requires_fresh_authorization,1788512700000
2026-09-04:LONDON:8d5c8af5_8ef641a7-815c-4bb5-9798-b070b67d7998_deepseek_1781246265/v2/S1,0,1788512820000,29641,16.087071562662313,true,false,29673.720607343992,2.1690295338974117,limit,send_limit,send_limit,recorded_dormant_requires_fresh_authorization,1788512760000
2026-09-04:LONDON:8d5c8af5_8ef641a7-815c-4bb5-9798-b070b67d7998_deepseek_1781246265/v2/S1,0,1788512880000,29646,16.4977858483766,true,false,29674.336678772564,2.1150312929275756,limit,send_limit,send_limit,recorded_dormant_requires_fresh_authorization,1788512820000
2026-09-04:LONDON:8d5c8af5_8ef641a7-815c-4bb5-9798-b070b67d7998_deepseek_1781246265/v2/S1,0,1788512940000,29644.5,16.4977858483766,true,false,29674.336678772564,2.1150312929275756,limit,send_limit,send_limit,recorded_dormant_requires_fresh_authorization,1788512880000
2026-09-04:LONDON:8d5c8af5_8ef641a7-815c-4bb5-9798-b070b67d7998_deepseek_1781246265/v2/S1,0,1788513000000,29643,16.622785848376704,true,false,29674.524178772564,2.099126683794819,limit,send_limit,send_limit,recorded_dormant_requires_fresh_authorization,1788512940000
2026-09-04:LONDON:8d5c8af5_8ef641a7-815c-4bb5-9798-b070b67d7998_deepseek_1781246265/v2/S1,0,1788513060000,29640.25,15.685444002064083,true,false,29673.118166003096,2.2245677794483827,limit,send_limit,send_limit,recorded_dormant_requires_fresh_authorization,1788513000000
2026-09-04:LONDON:8d5c8af5_8ef641a7-815c-4bb5-9798-b070b67d7998_deepseek_1781246265/v2/S1,0,1788513120000,29636.75,15.98901543063551,true,false,29673.573523145955,2.182331581622877,limit,send_limit,send_limit,recorded_dormant_requires_fresh_authorization,1788513060000
2026-09-04:LONDON:8d5c8af5_8ef641a7-815c-4bb5-9798-b070b67d7998_deepseek_1781246265/v2/S1,0,1788513180000,29636,16.16758685920694,true,false,29673.84138028881,2.158227671030802,limit,send_limit,send_limit,recorded_dormant_requires_fresh_authorization,1788513120000
2026-09-04:LONDON:8d5c8af5_8ef641a7-815c-4bb5-9798-b070b67d7998_deepseek_1781246265/v2/S1,0,1788513240000,29630,16.56044400206408,true,false,29674.430666003096,2.1070288531505894,limit,send_limit,send_limit,recorded_dormant_requires_fresh_authorization,1788513180000
2026-09-04:LONDON:8d5c8af5_8ef641a7-815c-4bb5-9798-b070b67d7998_deepseek_1781246265/v2/S1,0,1788513300000,29628.5,16.6854440020642,true,false,29674.618166003096,2.091243920690222,limit,send_limit,send_limit,recorded_dormant_requires_fresh_authorization,1788513240000
2026-09-04:LONDON:8d5c8af5_8ef641a7-815c-4bb5-9798-b070b67d7998_deepseek_1781246265/v2/S1,0,1788513360000,29628.5,15.886483716202473,true,false,29673.419725574306,2.196416397528136,limit,send_limit,send_limit,recorded_dormant_requires_fresh_authorization,1788513300000
2026-09-04:LONDON:8d5c8af5_8ef641a7-815c-4bb5-9798-b070b67d7998_deepseek_1781246265/v2/S1,0,1788513420000,29632.25,15.99362657334533,true,false,29673.58043986002,2.181702390843873,limit,send_limit,send_limit,recorded_dormant_requires_fresh_authorization,1788513360000
2026-09-04:LONDON:8d5c8af5_8ef641a7-815c-4bb5-9798-b070b67d7998_deepseek_1781246265/v2/S1,0,1788513480000,29634.75,16.154340859059616,true,false,29673.82151128859,2.1599973429907307,limit,send_limit,send_limit,recorded_dormant_requires_fresh_authorization,1788513420000
2026-09-04:LONDON:8d5c8af5_8ef641a7-815c-4bb5-9798-b070b67d7998_deepseek_1781246265/v2/S1,0,1788513540000,29641.25,16.636483716202473,true,false,29674.544725574306,2.0973983402122354,limit,send_limit,send_limit,recorded_dormant_requires_fresh_authorization,1788513480000
2026-09-04:LONDON:8d5c8af5_8ef641a7-815c-4bb5-9798-b070b67d7998_deepseek_1781246265/v2/S1,0,1788513600000,29640.75,16.761483716202573,true,false,29674.732225574306,2.08175683752873,limit,send_limit,send_limit,recorded_dormant_requires_fresh_authorization,1788513540000
2026-09-04:LONDON:8d5c8af5_8ef641a7-815c-4bb5-9798-b070b67d7998_deepseek_1781246265/v2/S1,0,1788513660000,29629,16.474949165045246,true,false,29674.30242374757,2.1179630348944896,limit,send_limit,send_limit,recorded_dormant_requires_fresh_authorization,1788513600000
2026-09-04:LONDON:8d5c8af5_8ef641a7-815c-4bb5-9798-b070b67d7998_deepseek_1781246265/v2/S1,0,1788513720000,29621.5,17.332092022188103,true,false,29675.588138033283,2.0132210981030387,limit,outside_band,outside_band,recorded_dormant_requires_fresh_authorization,1788513660000
2026-09-04:LONDON:8d5c8af5_8ef641a7-815c-4bb5-9798-b070b67d7998_deepseek_1781246265/v2/S1,0,1788513780000,29620.75,17.38566345075953,true,false,29675.668495176138,2.007017646014012,limit,outside_band,outside_band,recorded_dormant_requires_fresh_authorization,1788513720000
2026-09-04:LONDON:8d5c8af5_8ef641a7-815c-4bb5-9798-b070b67d7998_deepseek_1781246265/v2/S1,0,1788513840000,29623.75,17.38566345075953,true,false,29675.668495176138,2.007017646014012,limit,outside_band,outside_band,recorded_dormant_requires_fresh_authorization,1788513780000
2026-09-04:LONDON:8d5c8af5_8ef641a7-815c-4bb5-9798-b070b67d7998_deepseek_1781246265/v2/S1,0,1788513900000,29620,17.385663450759704,true,false,29675.668495176138,2.007017646014012,limit,outside_band,outside_band,recorded_dormant_requires_fresh_authorization,1788513840000
2026-09-04:LONDON:8d5c8af5_8ef641a7-815c-4bb5-9798-b070b67d7998_deepseek_1781246265/v2/S1,0,1788513960000,29619.5,16.483116061419725,true,false,29674.31467409213,2.1169136468683356,limit,outside_band,outside_band,recorded_dormant_requires_fresh_authorization,1788513900000
2026-09-04:LONDON:8d5c8af5_8ef641a7-815c-4bb5-9798-b070b67d7998_deepseek_1781246265/v2/S1,0,1788514020000,29622.5,16.536687489991156,true,false,29674.395031234988,2.110055798928963,limit,outside_band,outside_band,recorded_dormant_requires_fresh_authorization,1788513960000
2026-09-04:LONDON:8d5c8af5_8ef641a7-815c-4bb5-9798-b070b67d7998_deepseek_1781246265/v2/S1,0,1788514080000,29626.75,16.875973204276868,true,false,29674.903959806416,2.0676338431546184,limit,send_limit,send_limit,recorded_dormant_requires_fresh_authorization,1788514020000
2026-09-04:LONDON:8d5c8af5_8ef641a7-815c-4bb5-9798-b070b67d7998_deepseek_1781246265/v2/S1,0,1788514140000,29618.5,17.000973204276868,true,false,29675.091459806416,2.0524315234233392,limit,outside_band,outside_band,recorded_dormant_requires_fresh_authorization,1788514080000
2026-09-04:LONDON:8d5c8af5_8ef641a7-815c-4bb5-9798-b070b67d7998_deepseek_1781246265/v2/S1,0,1788514200000,29625,17.000973204276825,true,false,29675.091459806416,2.0524315234233392,limit,send_limit,send_limit,recorded_dormant_requires_fresh_authorization,1788514140000
2026-09-04:LONDON:8d5c8af5_8ef641a7-815c-4bb5-9798-b070b67d7998_deepseek_1781246265/v2/S1,0,1788514260000,29627.25,16.072332261114195,true,false,29673.69849839167,2.171018665272203,limit,send_limit,send_limit,recorded_dormant_requires_fresh_authorization,1788514200000
2026-09-04:LONDON:8d5c8af5_8ef641a7-815c-4bb5-9798-b070b67d7998_deepseek_1781246265/v2/S1,0,1788514320000,29624.5,16.53661797539991,true,false,29674.3949269631,2.1100646689207903,limit,outside_band,outside_band,recorded_dormant_requires_fresh_authorization,1788514260000
2026-09-04:LONDON:8d5c8af5_8ef641a7-815c-4bb5-9798-b070b67d7998_deepseek_1781246265/v2/S1,0,1788514380000,29630,16.66161797539991,true,false,29674.5824269631,2.094234388571996,limit,send_limit,send_limit,recorded_dormant_requires_fresh_authorization,1788514320000
2026-09-04:LONDON:8d5c8af5_8ef641a7-815c-4bb5-9798-b070b67d7998_deepseek_1781246265/v2/S1,0,1788514440000,29629.75,17.00090368968562,true,false,29675.09135553453,2.052439915561836,limit,send_limit,send_limit,recorded_dormant_requires_fresh_authorization,1788514380000
2026-09-04:LONDON:8d5c8af5_8ef641a7-815c-4bb5-9798-b070b67d7998_deepseek_1781246265/v2/S1,0,1788514500000,29630.5,17.00090368968587,true,false,29675.09135553453,2.052439915561836,limit,send_limit,send_limit,recorded_dormant_requires_fresh_authorization,1788514440000
2026-09-04:LONDON:8d5c8af5_8ef641a7-815c-4bb5-9798-b070b67d7998_deepseek_1781246265/v2/S1,0,1788514560000,29631.75,16.072267711851165,true,false,29673.698401567777,2.171027384493092,limit,send_limit,send_limit,recorded_dormant_requires_fresh_authorization,1788514500000
2026-09-04:LONDON:8d5c8af5_8ef641a7-815c-4bb5-9798-b070b67d7998_deepseek_1781246265/v2/S1,0,1788514620000,29633.75,16.125839140422592,true,false,29673.778758710632,2.1638150442583166,limit,send_limit,send_limit,recorded_dormant_requires_fresh_authorization,1788514560000
2026-09-04:LONDON:8d5c8af5_8ef641a7-815c-4bb5-9798-b070b67d7998_deepseek_1781246265/v2/S1,0,1788514680000,29635.5,16.250839140422592,true,false,29673.966258710632,2.1471711726283575,limit,send_limit,send_limit,recorded_dormant_requires_fresh_authorization,1788514620000
2026-09-04:LONDON:8d5c8af5_8ef641a7-815c-4bb5-9798-b070b67d7998_deepseek_1781246265/v2/S1,0,1788514740000,29634.25,16.375839140422592,true,false,29674.153758710632,2.1307813928877857,limit,send_limit,send_limit,recorded_dormant_requires_fresh_authorization,1788514680000
2026-09-04:LONDON:8d5c8af5_8ef641a7-815c-4bb5-9798-b070b67d7998_deepseek_1781246265/v2/S1,0,1788514800000,29637.25,16.41155342613709,true,false,29674.207330139205,2.1261444561222165,limit,send_limit,send_limit,recorded_dormant_requires_fresh_authorization,1788514740000
2026-09-04:LONDON:8d5c8af5_8ef641a7-815c-4bb5-9798-b070b67d7998_deepseek_1781246265/v2/S1,0,1788514860000,29641.25,15.846442467127298,true,false,29673.359663700692,2.201966365997694,limit,send_limit,send_limit,recorded_dormant_requires_fresh_authorization,1788514800000
2026-09-04:LONDON:8d5c8af5_8ef641a7-815c-4bb5-9798-b070b67d7998_deepseek_1781246265/v2/S1,0,1788514920000,29639.25,15.935728181413012,true,false,29673.49359227212,2.1896290483940337,limit,send_limit,send_limit,recorded_dormant_requires_fresh_authorization,1788514860000
2026-09-04:LONDON:8d5c8af5_8ef641a7-815c-4bb5-9798-b070b67d7998_deepseek_1781246265/v2/S1,0,1788514980000,29641.5,15.935728181413012,true,false,29673.49359227212,2.1896290483940337,limit,send_limit,send_limit,recorded_dormant_requires_fresh_authorization,1788514920000
2026-09-04:LONDON:8d5c8af5_8ef641a7-815c-4bb5-9798-b070b67d7998_deepseek_1781246265/v2/S1,0,1788515040000,29644,15.98929960998444,true,false,29673.57394941498,2.182292794835248,limit,send_limit,send_limit,recorded_dormant_requires_fresh_authorization,1788514980000
2026-09-04:LONDON:8d5c8af5_8ef641a7-815c-4bb5-9798-b070b67d7998_deepseek_1781246265/v2/S1,0,1788515100000,29643,15.989299609984666,true,false,29673.57394941498,2.182292794835248,limit,send_limit,send_limit,recorded_dormant_requires_fresh_authorization,1788515040000
2026-09-04:LONDON:8d5c8af5_8ef641a7-815c-4bb5-9798-b070b67d7998_deepseek_1781246265/v2/S1,0,1788515160000,29643.5,15.222206780700047,true,false,29672.42331017105,2.2922650990115447,limit,send_limit,send_limit,recorded_dormant_requires_fresh_authorization,1788515100000
2026-09-04:LONDON:8d5c8af5_8ef641a7-815c-4bb5-9798-b070b67d7998_deepseek_1781246265/v2/S1,0,1788515220000,29648,15.329349637842904,true,false,29672.584024456766,2.276243556164391,limit,send_limit,send_limit,recorded_dormant_requires_fresh_authorization,1788515160000
2026-09-04:LONDON:8d5c8af5_8ef641a7-815c-4bb5-9798-b070b67d7998_deepseek_1781246265/v2/S1,0,1788515280000,29647.5,15.418635352128618,true,false,29672.717953028194,2.263062361645075,limit,send_limit,send_limit,recorded_dormant_requires_fresh_authorization,1788515220000
2026-09-04:LONDON:8d5c8af5_8ef641a7-815c-4bb5-9798-b070b67d7998_deepseek_1781246265/v2/S1,0,1788515340000,29651,15.472206780700047,true,false,29672.79831017105,2.255226667269037,limit,cancel_marketable,cancel_marketable,recorded_dormant_requires_fresh_authorization,1788515280000
2026-09-04:LONDON:8d5c8af5_8ef641a7-815c-4bb5-9798-b070b67d7998_deepseek_1781246265/v2/S1,0,1788515400000,29651,15.615063923557342,true,true,29673.012595885335,2.2345943317397507,limit,cancel_marketable,cancel_marketable,recorded_dormant_requires_fresh_authorization,1788515340000
2026-09-04:LONDON:8d5c8af5_8ef641a7-815c-4bb5-9798-b070b67d7998_deepseek_1781246265/v2/S1,0,1788515460000,29647.5,14.838987929017533,true,true,29671.848481893525,2.3514631523557092,limit,send_limit,send_limit,recorded_dormant_requires_fresh_authorization,1788515400000
2026-09-04:LONDON:8d5c8af5_8ef641a7-815c-4bb5-9798-b070b67d7998_deepseek_1781246265/v2/S1,0,1788515520000,29650.25,15.088987929017533,true,true,29672.223481893525,2.3125032306661675,limit,cancel_marketable,cancel_marketable,recorded_dormant_requires_fresh_authorization,1788515460000
2026-09-04:LONDON:8d5c8af5_8ef641a7-815c-4bb5-9798-b070b67d7998_deepseek_1781246265/v2/S1,0,1788515580000,29651.5,15.142559357588961,true,true,29672.303839036384,2.304322044202259,limit,cancel_marketable,cancel_marketable,recorded_dormant_requires_fresh_authorization,1788515520000
2026-09-04:LONDON:8d5c8af5_8ef641a7-815c-4bb5-9798-b070b67d7998_deepseek_1781246265/v2/S1,0,1788515640000,29657,15.535416500446104,true,true,29672.89312475067,2.246050714657743,limit,cancel_marketable,cancel_marketable,recorded_dormant_requires_fresh_authorization,1788515580000
2026-09-04:LONDON:8d5c8af5_8ef641a7-815c-4bb5-9798-b070b67d7998_deepseek_1781246265/v2/S1,0,1788515700000,29656.25,15.785416500446148,true,true,29673.26812475067,2.210479104706966,limit,cancel_marketable,cancel_marketable,recorded_dormant_requires_fresh_authorization,1788515640000
2026-09-04:LONDON:8d5c8af5_8ef641a7-815c-4bb5-9798-b070b67d7998_deepseek_1781246265/v2/S1,0,1788515760000,29654.75,15.193601036128566,true,true,29672.380401554194,2.296580859952833,limit,cancel_marketable,cancel_marketable,recorded_dormant_requires_fresh_authorization,1788515700000
2026-09-04:LONDON:8d5c8af5_8ef641a7-815c-4bb5-9798-b070b67d7998_deepseek_1781246265/v2/S1,0,1788515820000,29656.25,15.390029607557137,true,true,29672.675044411335,2.2672687592622114,limit,cancel_marketable,cancel_marketable,recorded_dormant_requires_fresh_authorization,1788515760000
2026-09-04:LONDON:8d5c8af5_8ef641a7-815c-4bb5-9798-b070b67d7998_deepseek_1781246265/v2/S1,0,1788515880000,29656.75,15.53288675041428,true,true,29672.88933012562,2.2464165157454286,limit,cancel_marketable,cancel_marketable,recorded_dormant_requires_fresh_authorization,1788515820000
2026-09-04:LONDON:8d5c8af5_8ef641a7-815c-4bb5-9798-b070b67d7998_deepseek_1781246265/v2/S1,0,1788515940000,29659.25,15.53288675041428,true,true,29672.88933012562,2.2464165157454286,limit,cancel_marketable,cancel_marketable,recorded_dormant_requires_fresh_authorization,1788515880000
2026-09-04:LONDON:8d5c8af5_8ef641a7-815c-4bb5-9798-b070b67d7998_deepseek_1781246265/v2/S1,0,1788516000000,29657.25,15.532886750414567,true,true,29672.88933012562,2.2464165157454286,limit,cancel_marketable,cancel_marketable,recorded_dormant_requires_fresh_authorization,1788515940000
2026-09-04:LONDON:8d5c8af5_8ef641a7-815c-4bb5-9798-b070b67d7998_deepseek_1781246265/v2/S1,0,1788516060000,29663.75,15.280537696813527,true,true,29672.51080654522,2.2835147575083368,limit,cancel_marketable,cancel_marketable,recorded_dormant_requires_fresh_authorization,1788516000000
2026-09-04:LONDON:8d5c8af5_8ef641a7-815c-4bb5-9798-b070b67d7998_deepseek_1781246265/v2/S1,0,1788516120000,29660.5,15.459109125384956,true,true,29672.778663688077,2.257137397137357,limit,cancel_marketable,cancel_marketable,recorded_dormant_requires_fresh_authorization,1788516060000
2026-09-04:LONDON:8d5c8af5_8ef641a7-815c-4bb5-9798-b070b67d7998_deepseek_1781246265/v2/S1,0,1788516180000,29660.25,15.459109125384956,true,true,29672.778663688077,2.257137397137357,limit,cancel_marketable,cancel_marketable,recorded_dormant_requires_fresh_authorization,1788516120000
2026-09-04:LONDON:8d5c8af5_8ef641a7-815c-4bb5-9798-b070b67d7998_deepseek_1781246265/v2/S1,0,1788516240000,29657.75,15.459109125384956,true,true,29672.778663688077,2.257137397137357,limit,cancel_marketable,cancel_marketable,recorded_dormant_requires_fresh_authorization,1788516180000
2026-09-04:LONDON:8d5c8af5_8ef641a7-815c-4bb5-9798-b070b67d7998_deepseek_1781246265/v2/S1,0,1788516300000,29662.5,15.459109125384511,true,true,29672.778663688077,2.257137397137357,limit,cancel_marketable,cancel_marketable,recorded_dormant_requires_fresh_authorization,1788516240000
2026-09-04:LONDON:8d5c8af5_8ef641a7-815c-4bb5-9798-b070b67d7998_deepseek_1781246265/v2/S1,0,1788516360000,29663.5,14.604887044999902,true,true,29671.4973305675,2.389154618301381,limit,cancel_marketable,cancel_marketable,recorded_dormant_requires_fresh_authorization,1788516300000
2026-09-04:LONDON:8d5c8af5_8ef641a7-815c-4bb5-9798-b070b67d7998_deepseek_1781246265/v2/S1,0,1788516420000,29659.25,14.890601330714189,true,true,29671.92590199607,2.3433125740437815,limit,cancel_marketable,cancel_marketable,recorded_dormant_requires_fresh_authorization,1788516360000
2026-09-04:LONDON:8d5c8af5_8ef641a7-815c-4bb5-9798-b070b67d7998_deepseek_1781246265/v2/S1,0,1788516480000,29657.75,15.015601330714189,true,true,29672.11340199607,2.3238052585987226,limit,cancel_marketable,cancel_marketable,recorded_dormant_requires_fresh_authorization,1788516420000
2026-09-04:LONDON:8d5c8af5_8ef641a7-815c-4bb5-9798-b070b67d7998_deepseek_1781246265/v2/S1,0,1788516540000,29658.5,15.015601330714189,true,true,29672.11340199607,2.3238052585987226,limit,cancel_marketable,cancel_marketable,recorded_dormant_requires_fresh_authorization,1788516480000
2026-09-04:LONDON:8d5c8af5_8ef641a7-815c-4bb5-9798-b070b67d7998_deepseek_1781246265/v2/S1,0,1788516600000,29661,15.015601330714343,true,true,29672.11340199607,2.3238052585987226,limit,cancel_marketable,cancel_marketable,recorded_dormant_requires_fresh_authorization,1788516540000
2026-09-04:LONDON:8d5c8af5_8ef641a7-815c-4bb5-9798-b070b67d7998_deepseek_1781246265/v2/S1,0,1788516660000,29662,14.318058378520462,true,true,29671.067087567782,2.437015718952285,limit,cancel_marketable,cancel_marketable,recorded_dormant_requires_fresh_authorization,1788516600000
2026-09-04:LONDON:8d5c8af5_8ef641a7-815c-4bb5-9798-b070b67d7998_deepseek_1781246265/v2/S1,0,1788516720000,29664.5,14.514486949949033,true,true,29671.361730424924,2.404034910338728,limit,cancel_marketable,cancel_marketable,recorded_dormant_requires_fresh_authorization,1788516660000
2026-09-04:LONDON:8d5c8af5_8ef641a7-815c-4bb5-9798-b070b67d7998_deepseek_1781246265/v2/S1,0,1788516780000,29661.75,14.514486949949033,true,true,29671.361730424924,2.404034910338728,limit,cancel_marketable,cancel_marketable,recorded_dormant_requires_fresh_authorization,1788516720000
2026-09-04:LONDON:8d5c8af5_8ef641a7-815c-4bb5-9798-b070b67d7998_deepseek_1781246265/v2/S1,0,1788516840000,29658.5,14.728772664234748,true,true,29671.68315899635,2.3690591286037708,limit,cancel_marketable,cancel_marketable,recorded_dormant_requires_fresh_authorization,1788516780000
2026-09-04:LONDON:8d5c8af5_8ef641a7-815c-4bb5-9798-b070b67d7998_deepseek_1781246265/v2/S1,0,1788516900000,29661.25,14.72877266423498,true,true,29671.68315899635,2.3690591286037708,limit,cancel_marketable,cancel_marketable,recorded_dormant_requires_fresh_authorization,1788516840000
2026-09-04:LONDON:8d5c8af5_8ef641a7-815c-4bb5-9798-b070b67d7998_deepseek_1781246265/v2/S1,0,1788516960000,29659,13.998146045361052,true,true,29670.69,2.480568720379325,limit,cancel_marketable,cancel_marketable,recorded_dormant_requires_fresh_authorization,1788516900000
2026-09-04:LONDON:8d5c8af5_8ef641a7-815c-4bb5-9798-b070b67d7998_deepseek_1781246265/v2/S1,0,1788517020000,29661.25,14.087431759646766,true,true,29670.72114763947,2.476912323599399,limit,cancel_marketable,cancel_marketable,recorded_dormant_requires_fresh_authorization,1788516960000
2026-09-04:LONDON:8d5c8af5_8ef641a7-815c-4bb5-9798-b070b67d7998_deepseek_1781246265/v2/S1,0,1788517080000,29662.5,14.141003188218194,true,true,29670.80150478233,2.4675288498912167,limit,cancel_marketable,cancel_marketable,recorded_dormant_requires_fresh_authorization,1788517020000
2026-09-04:LONDON:8d5c8af5_8ef641a7-815c-4bb5-9798-b070b67d7998_deepseek_1781246265/v2/S1,0,1788517140000,29662.25,14.141003188218194,true,true,29670.80150478233,2.4675288498912167,limit,cancel_marketable,cancel_marketable,recorded_dormant_requires_fresh_authorization,1788517080000
2026-09-04:LONDON:8d5c8af5_8ef641a7-815c-4bb5-9798-b070b67d7998_deepseek_1781246265/v2/S1,0,1788517200000,29666,14.26600318821809,true,true,29670.98900478233,2.445908140701195,limit,cancel_marketable,cancel_marketable,recorded_dormant_requires_fresh_authorization,1788517140000
2026-09-04:LONDON:8d5c8af5_8ef641a7-815c-4bb5-9798-b070b67d7998_deepseek_1781246265/v2/S1,0,1788517260000,29663.25,13.58628867477394,true,true,29670.69,2.480568720379325,limit,cancel_marketable,cancel_marketable,recorded_dormant_requires_fresh_authorization,1788517200000
2026-09-04:LONDON:8d5c8af5_8ef641a7-815c-4bb5-9798-b070b67d7998_deepseek_1781246265/v2/S1,0,1788517320000,29662.25,13.693431531916797,true,true,29670.69,2.480568720379325,limit,cancel_marketable,cancel_marketable,recorded_dormant_requires_fresh_authorization,1788517260000
2026-09-04:LONDON:8d5c8af5_8ef641a7-815c-4bb5-9798-b070b67d7998_deepseek_1781246265/v2/S1,0,1788517380000,29663.75,13.693431531916797,true,true,29670.69,2.480568720379325,limit,cancel_marketable,cancel_marketable,recorded_dormant_requires_fresh_authorization,1788517320000
2026-09-04:LONDON:8d5c8af5_8ef641a7-815c-4bb5-9798-b070b67d7998_deepseek_1781246265/v2/S1,0,1788517440000,29662.75,13.693431531916797,true,true,29670.69,2.480568720379325,limit,cancel_marketable,cancel_marketable,recorded_dormant_requires_fresh_authorization,1788517380000
2026-09-04:LONDON:8d5c8af5_8ef641a7-815c-4bb5-9798-b070b67d7998_deepseek_1781246265/v2/S1,0,1788517500000,29669.25,13.943431531916616,true,true,29670.69,2.480568720379325,limit,cancel_marketable,cancel_marketable,recorded_dormant_requires_fresh_authorization,1788517440000
2026-09-04:LONDON:8d5c8af5_8ef641a7-815c-4bb5-9798-b070b67d7998_deepseek_1781246265/v2/S1,0,1788517560000,29676,14.376043565351143,true,true,29671.154065348026,2.427186115200288,limit,cancel_marketable,cancel_marketable,recorded_dormant_requires_fresh_authorization,1788517500000
2026-09-04:LONDON:8d5c8af5_8ef641a7-815c-4bb5-9798-b070b67d7998_deepseek_1781246265/v2/S1,0,1788517620000,29666.25,14.501043565351143,true,true,29671.341565348026,2.406263602759529,limit,cancel_marketable,cancel_marketable,recorded_dormant_requires_fresh_authorization,1788517560000
2026-09-04:LONDON:8d5c8af5_8ef641a7-815c-4bb5-9798-b070b67d7998_deepseek_1781246265/v2/S1,0,1788517680000,29673.25,14.501043565351143,true,true,29671.341565348026,2.406263602759529,limit,cancel_marketable,cancel_marketable,recorded_dormant_requires_fresh_authorization,1788517620000
2026-09-04:LONDON:8d5c8af5_8ef641a7-815c-4bb5-9798-b070b67d7998_deepseek_1781246265/v2/S1,0,1788517740000,29680.25,14.501043565351143,true,true,29671.341565348026,2.406263602759529,limit,cancel_marketable,cancel_marketable,recorded_dormant_requires_fresh_authorization,1788517680000
2026-09-04:LONDON:8d5c8af5_8ef641a7-815c-4bb5-9798-b070b67d7998_deepseek_1781246265/v2/S1,0,1788517800000,29677.75,14.501043565350924,true,true,29671.341565348026,2.406263602759529,limit,cancel_marketable,cancel_marketable,recorded_dormant_requires_fresh_authorization,1788517740000
2026-09-04:LONDON:8d5c8af5_8ef641a7-815c-4bb5-9798-b070b67d7998_deepseek_1781246265/v2/S1,0,1788517860000,29676.5,13.875969024968715,true,true,29670.69,2.480568720379325,limit,cancel_marketable,cancel_marketable,recorded_dormant_requires_fresh_authorization,1788517800000
2026-09-04:LONDON:8d5c8af5_8ef641a7-815c-4bb5-9798-b070b67d7998_deepseek_1781246265/v2/S1,0,1788517920000,29679.75,14.108111882111572,true,true,29670.752167823168,2.4732815861473285,limit,cancel_marketable,cancel_marketable,recorded_dormant_requires_fresh_authorization,1788517860000
2026-09-04:LONDON:8d5c8af5_8ef641a7-815c-4bb5-9798-b070b67d7998_deepseek_1781246265/v2/S1,0,1788517980000,29673,14.108111882111572,true,true,29670.752167823168,2.4732815861473285,limit,cancel_marketable,cancel_marketable,recorded_dormant_requires_fresh_authorization,1788517920000
2026-09-04:LONDON:8d5c8af5_8ef641a7-815c-4bb5-9798-b070b67d7998_deepseek_1781246265/v2/S1,0,1788518040000,29673.25,14.268826167825859,true,true,29670.99323925174,2.4454242362283884,limit,cancel_marketable,cancel_marketable,recorded_dormant_requires_fresh_authorization,1788517980000
2026-09-04:LONDON:8d5c8af5_8ef641a7-815c-4bb5-9798-b070b67d7998_deepseek_1781246265/v2/S1,0,1788518100000,29671.5,14.268826167825733,true,true,29670.99323925174,2.4454242362283884,limit,cancel_marketable,cancel_marketable,recorded_dormant_requires_fresh_authorization,1788518040000
2026-09-04:LONDON:8d5c8af5_8ef641a7-815c-4bb5-9798-b070b67d7998_deepseek_1781246265/v2/S1,0,1788518160000,29671.25,13.66033858440961,true,true,29670.69,2.480568720379325,limit,cancel_marketable,cancel_marketable,recorded_dormant_requires_fresh_authorization,1788518100000
2026-09-04:LONDON:8d5c8af5_8ef641a7-815c-4bb5-9798-b070b67d7998_deepseek_1781246265/v2/S1,0,1788518220000,29674.25,13.874624298695323,true,true,29670.69,2.480568720379325,limit,cancel_marketable,cancel_marketable,recorded_dormant_requires_fresh_authorization,1788518160000
2026-09-04:LONDON:8d5c8af5_8ef641a7-815c-4bb5-9798-b070b67d7998_deepseek_1781246265/v2/S1,0,1788518280000,29676.25,13.999624298695323,true,true,29670.69,2.480568720379325,limit,cancel_marketable,cancel_marketable,recorded_dormant_requires_fresh_authorization,1788518220000
2026-09-04:LONDON:8d5c8af5_8ef641a7-815c-4bb5-9798-b070b67d7998_deepseek_1781246265/v2/S1,0,1788518340000,29679.75,14.053195727266752,true,true,29670.69,2.480568720379325,limit,cancel_marketable,cancel_marketable,recorded_dormant_requires_fresh_authorization,1788518280000
2026-09-04:LONDON:8d5c8af5_8ef641a7-815c-4bb5-9798-b070b67d7998_deepseek_1781246265/v2/S1,0,1788518400000,29681.5,14.231767155838213,true,true,29670.93765073376,2.451792033360938,limit,cancel_marketable,cancel_marketable,recorded_dormant_requires_fresh_authorization,1788518340000
2026-09-04:LONDON:8d5c8af5_8ef641a7-815c-4bb5-9798-b070b67d7998_deepseek_1781246265/v2/S1,0,1788518460000,29674.25,13.750926644706912,true,true,29670.69,2.480568720379325,limit,cancel_marketable,cancel_marketable,recorded_dormant_requires_fresh_authorization,1788518400000
2026-09-04:LONDON:8d5c8af5_8ef641a7-815c-4bb5-9798-b070b67d7998_deepseek_1781246265/v2/S1,0,1788518520000,29675.75,13.840212358992627,true,true,29670.69,2.480568720379325,limit,cancel_marketable,cancel_marketable,recorded_dormant_requires_fresh_authorization,1788518460000
2026-09-04:LONDON:8d5c8af5_8ef641a7-815c-4bb5-9798-b070b67d7998_deepseek_1781246265/v2/S1,0,1788518580000,29679.25,13.840212358992627,true,true,29670.69,2.480568720379325,limit,cancel_marketable,cancel_marketable,recorded_dormant_requires_fresh_authorization,1788518520000
2026-09-04:LONDON:8d5c8af5_8ef641a7-815c-4bb5-9798-b070b67d7998_deepseek_1781246265/v2/S1,0,1788518640000,29681.25,14.018783787564056,true,true,29670.69,2.480568720379325,limit,cancel_marketable,cancel_marketable,recorded_dormant_requires_fresh_authorization,1788518580000
2026-09-04:LONDON:8d5c8af5_8ef641a7-815c-4bb5-9798-b070b67d7998_deepseek_1781246265/v2/S1,0,1788518700000,29679.75,14.018783787564212,true,true,29670.69,2.480568720379325,limit,cancel_marketable,cancel_marketable,recorded_dormant_requires_fresh_authorization,1788518640000
2026-09-04:LONDON:8d5c8af5_8ef641a7-815c-4bb5-9798-b070b67d7998_deepseek_1781246265/v2/S1,0,1788518760000,29682.5,13.338870659881055,true,true,29670.69,2.480568720379325,limit,cancel_marketable,cancel_marketable,recorded_dormant_requires_fresh_authorization,1788518700000
2026-09-04:LONDON:8d5c8af5_8ef641a7-815c-4bb5-9798-b070b67d7998_deepseek_1781246265/v2/S1,0,1788518820000,29695,14.285299231309626,true,true,29671.017948846966,2.442604300290366,limit,cancel_marketable,cancel_marketable,recorded_dormant_requires_fresh_authorization,1788518760000
2026-09-04:LONDON:8d5c8af5_8ef641a7-815c-4bb5-9798-b070b67d7998_deepseek_1781246265/v2/S1,0,1788518880000,29693.75,14.410299231309626,true,true,29671.205448846966,2.421416292141799,limit,cancel_marketable,cancel_marketable,recorded_dormant_requires_fresh_authorization,1788518820000
2026-09-04:LONDON:8d5c8af5_8ef641a7-815c-4bb5-9798-b070b67d7998_deepseek_1781246265/v2/S1,0,1788518940000,29687.75,14.410299231309626,true,true,29671.205448846966,2.421416292141799,limit,cancel_marketable,cancel_marketable,recorded_dormant_requires_fresh_authorization,1788518880000
2026-09-04:LONDON:8d5c8af5_8ef641a7-815c-4bb5-9798-b070b67d7998_deepseek_1781246265/v2/S1,0,1788519000000,29683.75,14.410299231309706,true,true,29671.205448846966,2.421416292141799,limit,cancel_marketable,cancel_marketable,recorded_dormant_requires_fresh_authorization,1788518940000
2026-09-04:LONDON:8d5c8af5_8ef641a7-815c-4bb5-9798-b070b67d7998_deepseek_1781246265/v2/S1,0,1788519060000,29679.5,13.827420714787584,true,true,29670.69,2.480568720379325,limit,cancel_marketable,cancel_marketable,recorded_dormant_requires_fresh_authorization,1788519000000
2026-09-04:LONDON:8d5c8af5_8ef641a7-815c-4bb5-9798-b070b67d7998_deepseek_1781246265/v2/S1,0,1788519120000,29680,13.86313500050187,true,true,29670.69,2.480568720379325,limit,cancel_marketable,cancel_marketable,recorded_dormant_requires_fresh_authorization,1788519060000
2026-09-04:LONDON:8d5c8af5_8ef641a7-815c-4bb5-9798-b070b67d7998_deepseek_1781246265/v2/S1,0,1788519180000,29679,13.970277857644728,true,true,29670.69,2.480568720379325,limit,cancel_marketable,cancel_marketable,recorded_dormant_requires_fresh_authorization,1788519120000
2026-09-04:LONDON:8d5c8af5_8ef641a7-815c-4bb5-9798-b070b67d7998_deepseek_1781246265/v2/S1,0,1788519240000,29678.5,14.077420714787584,true,true,29670.70613107218,2.478673759936869,limit,cancel_marketable,cancel_marketable,recorded_dormant_requires_fresh_authorization,1788519180000
2026-09-04:LONDON:8d5c8af5_8ef641a7-815c-4bb5-9798-b070b67d7998_deepseek_1781246265/v2/S1,0,1788519300000,29682.5,14.077420714787747,true,true,29670.70613107218,2.478673759936869,limit,cancel_marketable,cancel_marketable,recorded_dormant_requires_fresh_authorization,1788519240000
2026-09-04:LONDON:8d5c8af5_8ef641a7-815c-4bb5-9798-b070b67d7998_deepseek_1781246265/v2/S1,0,1788519360000,29682.25,13.357604949445767,true,true,29670.69,2.480568720379325,limit,cancel_marketable,cancel_marketable,recorded_dormant_requires_fresh_authorization,1788519300000
2026-09-04:LONDON:8d5c8af5_8ef641a7-815c-4bb5-9798-b070b67d7998_deepseek_1781246265/v2/S1,0,1788519420000,29679.25,13.536176378017194,true,true,29670.69,2.480568720379325,limit,cancel_marketable,cancel_marketable,recorded_dormant_requires_fresh_authorization,1788519360000
2026-09-04:LONDON:8d5c8af5_8ef641a7-815c-4bb5-9798-b070b67d7998_deepseek_1781246265/v2/S1,0,1788519480000,29678.25,13.607604949445767,true,true,29670.69,2.480568720379325,limit,cancel_marketable,cancel_marketable,recorded_dormant_requires_fresh_authorization,1788519420000
2026-09-04:LONDON:8d5c8af5_8ef641a7-815c-4bb5-9798-b070b67d7998_deepseek_1781246265/v2/S1,0,1788519540000,29682.25,13.607604949445767,true,true,29670.69,2.480568720379325,limit,cancel_marketable,cancel_marketable,recorded_dormant_requires_fresh_authorization,1788519480000
2026-09-04:LONDON:8d5c8af5_8ef641a7-815c-4bb5-9798-b070b67d7998_deepseek_1781246265/v2/S1,0,1788519600000,29681,13.60760494944598,true,true,29670.69,2.480568720379325,limit,cancel_marketable,cancel_marketable,recorded_dormant_requires_fresh_authorization,1788519540000
2026-09-04:LONDON:8d5c8af5_8ef641a7-815c-4bb5-9798-b070b67d7998_deepseek_1781246265/v2/S1,0,1788519660000,29665.5,14.22491888162841,true,true,29670.92737832244,2.452972394689733,limit,cancel_marketable,cancel_marketable,recorded_dormant_requires_fresh_authorization,1788519600000
2026-09-04:LONDON:8d5c8af5_8ef641a7-815c-4bb5-9798-b070b67d7998_deepseek_1781246265/v2/S1,0,1788519720000,29661.75,14.47491888162841,true,true,29671.30237832244,2.410606485513496,limit,cancel_marketable,cancel_marketable,recorded_dormant_requires_fresh_authorization,1788519660000
2026-09-04:LONDON:8d5c8af5_8ef641a7-815c-4bb5-9798-b070b67d7998_deepseek_1781246265/v2/S1,0,1788519780000,29663,14.47491888162841,true,true,29671.30237832244,2.410606485513496,limit,cancel_marketable,cancel_marketable,recorded_dormant_requires_fresh_authorization,1788519720000
2026-09-04:LONDON:8d5c8af5_8ef641a7-815c-4bb5-9798-b070b67d7998_deepseek_1781246265/v2/S1,0,1788519840000,29655,14.885633167342695,true,true,29671.918449751014,2.3440946677287027,limit,cancel_marketable,cancel_marketable,recorded_dormant_requires_fresh_authorization,1788519780000
2026-09-04:LONDON:8d5c8af5_8ef641a7-815c-4bb5-9798-b070b67d7998_deepseek_1781246265/v2/S1,0,1788519900000,29656.5,15.171347453057276,true,true,29672.347021179587,2.29994952269721,limit,cancel_marketable,cancel_marketable,recorded_dormant_requires_fresh_authorization,1788519840000
2026-09-04:LONDON:8d5c8af5_8ef641a7-815c-4bb5-9798-b070b67d7998_deepseek_1781246265/v2/S1,0,1788519960000,29660.25,14.78410834926747,true,true,29671.7661625239,2.3601919377885223,limit,cancel_marketable,cancel_marketable,recorded_dormant_requires_fresh_authorization,1788519900000
2026-09-04:LONDON:8d5c8af5_8ef641a7-815c-4bb5-9798-b070b67d7998_deepseek_1781246265/v2/S1,0,1788520020000,29657.75,14.855536920696041,true,true,29671.873305381043,2.3488436345053096,limit,cancel_marketable,cancel_marketable,recorded_dormant_requires_fresh_authorization,1788519960000
2026-09-04:LONDON:8d5c8af5_8ef641a7-815c-4bb5-9798-b070b67d7998_deepseek_1781246265/v2/S1,0,1788520080000,29659,14.855536920696041,true,true,29671.873305381043,2.3488436345053096,limit,cancel_marketable,cancel_marketable,recorded_dormant_requires_fresh_authorization,1788520020000
2026-09-04:LONDON:8d5c8af5_8ef641a7-815c-4bb5-9798-b070b67d7998_deepseek_1781246265/v2/S1,0,1788520140000,29656.5,14.855536920696041,true,true,29671.873305381043,2.3488436345053096,limit,cancel_marketable,cancel_marketable,recorded_dormant_requires_fresh_authorization,1788520080000
2026-09-04:LONDON:8d5c8af5_8ef641a7-815c-4bb5-9798-b070b67d7998_deepseek_1781246265/v2/S1,0,1788520200000,29651.75,14.980536920696393,true,true,29672.060805381047,2.329244506925763,limit,cancel_marketable,cancel_marketable,recorded_dormant_requires_fresh_authorization,1788520140000
2026-09-04:LONDON:8d5c8af5_8ef641a7-815c-4bb5-9798-b070b67d7998_deepseek_1781246265/v2/S1,0,1788520260000,29654.5,14.214069997789508,true,true,29670.911104996685,2.454844624991915,limit,cancel_marketable,cancel_marketable,recorded_dormant_requires_fresh_authorization,1788520200000
2026-09-04:LONDON:8d5c8af5_8ef641a7-815c-4bb5-9798-b070b67d7998_deepseek_1781246265/v2/S1,0,1788520320000,29653.5,14.499784283503795,true,true,29671.339676425257,2.406472582701002,limit,cancel_marketable,cancel_marketable,recorded_dormant_requires_fresh_authorization,1788520260000
2026-09-04:LONDON:8d5c8af5_8ef641a7-815c-4bb5-9798-b070b67d7998_deepseek_1781246265/v2/S1,0,1788520380000,29659,14.53549856921808,true,true,29671.393247853826,2.400559785904336,limit,cancel_marketable,cancel_marketable,recorded_dormant_requires_fresh_authorization,1788520320000
2026-09-04:LONDON:8d5c8af5_8ef641a7-815c-4bb5-9798-b070b67d7998_deepseek_1781246265/v2/S1,0,1788520440000,29660.75,14.892641426360937,true,true,29671.92896213954,2.3429915710971367,limit,cancel_marketable,cancel_marketable,recorded_dormant_requires_fresh_authorization,1788520380000
2026-09-04:LONDON:8d5c8af5_8ef641a7-815c-4bb5-9798-b070b67d7998_deepseek_1781246265/v2/S1,0,1788520500000,29659.75,14.892641426361237,true,true,29671.928962139544,2.342991571096755,limit,cancel_marketable,cancel_marketable,recorded_dormant_requires_fresh_authorization,1788520440000
2026-09-04:LONDON:8d5c8af5_8ef641a7-815c-4bb5-9798-b070b67d7998_deepseek_1781246265/v2/S1,0,1788520560000,29661.25,14.168167038764008,true,true,29670.842250558147,2.4627979919959517,limit,cancel_marketable,cancel_marketable,recorded_dormant_requires_fresh_authorization,1788520500000
2026-09-04:LONDON:8d5c8af5_8ef641a7-815c-4bb5-9798-b070b67d7998_deepseek_1781246265/v2/S1,0,1788520620000,29662.5,14.221738467335436,true,true,29670.922607701003,2.453520954099798,limit,cancel_marketable,cancel_marketable,recorded_dormant_requires_fresh_authorization,1788520560000
2026-09-04:LONDON:8d5c8af5_8ef641a7-815c-4bb5-9798-b070b67d7998_deepseek_1781246265/v2/S1,0,1788520680000,29661,14.275309895906863,true,true,29671.00296484386,2.4443135446983884,limit,cancel_marketable,cancel_marketable,recorded_dormant_requires_fresh_authorization,1788520620000
2026-09-04:LONDON:8d5c8af5_8ef641a7-815c-4bb5-9798-b070b67d7998_deepseek_1781246265/v2/S1,0,1788520740000,29663.5,14.471738467335436,true,true,29671.297607701003,2.4111362578928115,limit,cancel_marketable,cancel_marketable,recorded_dormant_requires_fresh_authorization,1788520680000
2026-09-04:LONDON:8d5c8af5_8ef641a7-815c-4bb5-9798-b070b67d7998_deepseek_1781246265/v2/S1,0,1788520800000,29658.75,14.54316703876394,true,true,29671.404750558147,2.3992939942397027,limit,cancel_marketable,cancel_marketable,recorded_dormant_requires_fresh_authorization,1788520740000
2026-09-04:LONDON:8d5c8af5_8ef641a7-815c-4bb5-9798-b070b67d7998_deepseek_1781246265/v2/S1,0,1788520860000,29659.75,13.79008367885223,true,true,29670.69,2.480568720379325,limit,cancel_marketable,cancel_marketable,recorded_dormant_requires_fresh_authorization,1788520800000
2026-09-04:LONDON:8d5c8af5_8ef641a7-815c-4bb5-9798-b070b67d7998_deepseek_1781246265/v2/S1,0,1788520920000,29658,13.96865510742366,true,true,29670.69,2.480568720379325,limit,cancel_marketable,cancel_marketable,recorded_dormant_requires_fresh_authorization,1788520860000
2026-09-04:LONDON:8d5c8af5_8ef641a7-815c-4bb5-9798-b070b67d7998_deepseek_1781246265/v2/S1,0,1788520980000,29666.75,14.486512250280802,true,true,29671.319768375422,2.408677308277245,limit,cancel_marketable,cancel_marketable,recorded_dormant_requires_fresh_authorization,1788520920000
2026-09-04:LONDON:8d5c8af5_8ef641a7-815c-4bb5-9798-b070b67d7998_deepseek_1781246265/v2/S1,0,1788521040000,29662.25,14.486512250280802,true,true,29671.319768375422,2.408677308277245,limit,cancel_marketable,cancel_marketable,recorded_dormant_requires_fresh_authorization,1788520980000
2026-09-04:LONDON:8d5c8af5_8ef641a7-815c-4bb5-9798-b070b67d7998_deepseek_1781246265/v2/S1,0,1788521100000,29663.25,14.486512250280962,true,true,29671.319768375422,2.408677308277245,limit,cancel_marketable,cancel_marketable,recorded_dormant_requires_fresh_authorization,1788521040000
2026-09-04:LONDON:8d5c8af5_8ef641a7-815c-4bb5-9798-b070b67d7998_deepseek_1781246265/v2/S1,0,1788521160000,29667.25,14.076761375260892,true,true,29670.705142062892,2.478789858202412,limit,cancel_marketable,cancel_marketable,recorded_dormant_requires_fresh_authorization,1788521100000
2026-09-04:LONDON:8d5c8af5_8ef641a7-815c-4bb5-9798-b070b67d7998_deepseek_1781246265/v2/S1,0,1788521220000,29674.75,14.594618518118036,true,true,29671.48192777718,2.3908355871045286,limit,cancel_marketable,cancel_marketable,recorded_dormant_requires_fresh_authorization,1788521160000
2026-09-04:LONDON:8d5c8af5_8ef641a7-815c-4bb5-9798-b070b67d7998_deepseek_1781246265/v2/S1,0,1788521280000,29671.75,14.594618518118036,true,true,29671.48192777718,2.3908355871045286,limit,cancel_marketable,cancel_marketable,recorded_dormant_requires_fresh_authorization,1788521220000
2026-09-04:LONDON:8d5c8af5_8ef641a7-815c-4bb5-9798-b070b67d7998_deepseek_1781246265/v2/S1,0,1788521340000,29670,14.594618518118036,true,true,29671.48192777718,2.3908355871045286,limit,cancel_marketable,cancel_marketable,recorded_dormant_requires_fresh_authorization,1788521280000
2026-09-04:LONDON:8d5c8af5_8ef641a7-815c-4bb5-9798-b070b67d7998_deepseek_1781246265/v2/S1,0,1788521400000,29663.25,14.612475660975178,true,true,29671.508713491465,2.387913871878565,limit,cancel_marketable,cancel_marketable,recorded_dormant_requires_fresh_authorization,1788521340000
2026-09-04:LONDON:8d5c8af5_8ef641a7-815c-4bb5-9798-b070b67d7998_deepseek_1781246265/v2/S1,0,1788521460000,29663.25,13.979441685191237,true,true,29670.69,2.480568720379325,limit,cancel_marketable,cancel_marketable,recorded_dormant_requires_fresh_authorization,1788521400000
2026-09-04:LONDON:8d5c8af5_8ef641a7-815c-4bb5-9798-b070b67d7998_deepseek_1781246265/v2/S1,0,1788521520000,29669,14.300870256619808,true,true,29671.04130538493,2.439944752116164,limit,cancel_marketable,cancel_marketable,recorded_dormant_requires_fresh_authorization,1788521460000
2026-09-04:LONDON:8d5c8af5_8ef641a7-815c-4bb5-9798-b070b67d7998_deepseek_1781246265/v2/S1,0,1788521580000,29675,14.604441685191237,true,true,29671.49666252779,2.389227475139475,limit,cancel_marketable,cancel_marketable,recorded_dormant_requires_fresh_authorization,1788521520000
2026-09-04:LONDON:8d5c8af5_8ef641a7-815c-4bb5-9798-b070b67d7998_deepseek_1781246265/v2/S1,0,1788521640000,29669.75,14.604441685191237,true,true,29671.49666252779,2.389227475139475,limit,cancel_marketable,cancel_marketable,recorded_dormant_requires_fresh_authorization,1788521580000
2026-09-04:LONDON:8d5c8af5_8ef641a7-815c-4bb5-9798-b070b67d7998_deepseek_1781246265/v2/S1,0,1788521700000,29668.5,14.604441685191334,true,true,29671.49666252779,2.389227475139475,limit,cancel_marketable,cancel_marketable,recorded_dormant_requires_fresh_authorization,1788521640000
2026-09-04:LONDON:8d5c8af5_8ef641a7-815c-4bb5-9798-b070b67d7998_deepseek_1781246265/v2/S1,0,1788521760000,29672.25,13.900552993391953,true,true,29670.69,2.480568720379325,limit,cancel_marketable,cancel_marketable,recorded_dormant_requires_fresh_authorization,1788521700000
2026-09-04:LONDON:8d5c8af5_8ef641a7-815c-4bb5-9798-b070b67d7998_deepseek_1781246265/v2/S1,0,1788521820000,29672.25,14.150552993391953,true,true,29670.81582949009,2.4658635849514563,limit,cancel_marketable,cancel_marketable,recorded_dormant_requires_fresh_authorization,1788521760000
2026-09-04:LONDON:8d5c8af5_8ef641a7-815c-4bb5-9798-b070b67d7998_deepseek_1781246265/v2/S1,0,1788521880000,29668.5,14.150552993391953,true,true,29670.81582949009,2.4658635849514563,limit,cancel_marketable,cancel_marketable,recorded_dormant_requires_fresh_authorization,1788521820000
2026-09-04:LONDON:8d5c8af5_8ef641a7-815c-4bb5-9798-b070b67d7998_deepseek_1781246265/v2/S1,0,1788521940000,29673.25,14.150552993391953,true,true,29670.81582949009,2.4658635849514563,limit,cancel_marketable,cancel_marketable,recorded_dormant_requires_fresh_authorization,1788521880000
2026-09-04:LONDON:8d5c8af5_8ef641a7-815c-4bb5-9798-b070b67d7998_deepseek_1781246265/v2/S1,0,1788522000000,29669.75,14.23983870767734,true,true,29670.949758061517,2.4504022868264217,limit,cancel_marketable,cancel_marketable,recorded_dormant_requires_fresh_authorization,1788521940000
2026-09-04:LONDON:8d5c8af5_8ef641a7-815c-4bb5-9798-b070b67d7998_deepseek_1781246265/v2/S1,0,1788522060000,29670.75,13.63342165712896,true,true,29670.69,2.480568720379325,limit,cancel_marketable,cancel_marketable,recorded_dormant_requires_fresh_authorization,1788522000000
2026-09-04:LONDON:8d5c8af5_8ef641a7-815c-4bb5-9798-b070b67d7998_deepseek_1781246265/v2/S1,0,1788522120000,29671.5,13.686993085700388,true,true,29670.69,2.480568720379325,limit,cancel_marketable,cancel_marketable,recorded_dormant_requires_fresh_authorization,1788522060000
2026-09-04:LONDON:8d5c8af5_8ef641a7-815c-4bb5-9798-b070b67d7998_deepseek_1781246265/v2/S1,0,1788522180000,29670.25,13.865564514271815,true,true,29670.69,2.480568720379325,limit,cancel_marketable,cancel_marketable,recorded_dormant_requires_fresh_authorization,1788522120000
2026-09-04:LONDON:8d5c8af5_8ef641a7-815c-4bb5-9798-b070b67d7998_deepseek_1781246265/v2/S1,0,1788522240000,29670,13.865564514271815,true,true,29670.69,2.480568720379325,limit,cancel_marketable,cancel_marketable,recorded_dormant_requires_fresh_authorization,1788522180000
2026-09-04:LONDON:8d5c8af5_8ef641a7-815c-4bb5-9798-b070b67d7998_deepseek_1781246265/v2/S1,0,1788522300000,29671.5,13.865564514271835,true,true,29670.69,2.480568720379325,limit,cancel_marketable,cancel_marketable,recorded_dormant_requires_fresh_authorization,1788522240000
2026-09-04:LONDON:8d5c8af5_8ef641a7-815c-4bb5-9798-b070b67d7998_deepseek_1781246265/v2/S1,0,1788522360000,29669,13.375167048966704,true,true,29670.69,2.480568720379325,limit,cancel_marketable,cancel_marketable,recorded_dormant_requires_fresh_authorization,1788522300000
2026-09-04:LONDON:8d5c8af5_8ef641a7-815c-4bb5-9798-b070b67d7998_deepseek_1781246265/v2/S1,0,1788522420000,29674.25,13.518024191823846,true,true,29670.69,2.480568720379325,limit,cancel_marketable,cancel_marketable,recorded_dormant_requires_fresh_authorization,1788522360000
2026-09-04:LONDON:8d5c8af5_8ef641a7-815c-4bb5-9798-b070b67d7998_deepseek_1781246265/v2/S1,0,1788522480000,29677.75,13.66088133468099,true,true,29670.69,2.480568720379325,limit,cancel_marketable,cancel_marketable,recorded_dormant_requires_fresh_authorization,1788522420000
2026-09-04:LONDON:8d5c8af5_8ef641a7-815c-4bb5-9798-b070b67d7998_deepseek_1781246265/v2/S1,0,1788522540000,29674.75,13.750167048966704,true,true,29670.69,2.480568720379325,limit,cancel_marketable,cancel_marketable,recorded_dormant_requires_fresh_authorization,1788522480000
2026-09-04:LONDON:8d5c8af5_8ef641a7-815c-4bb5-9798-b070b67d7998_deepseek_1781246265/v2/S1,0,1788522600000,29677,13.750167048966459,true,true,29670.69,2.480568720379325,limit,cancel_marketable,cancel_marketable,recorded_dormant_requires_fresh_authorization,1788522540000
2026-09-04:LONDON:8d5c8af5_8ef641a7-815c-4bb5-9798-b070b67d7998_deepseek_1781246265/v2/S1,0,1788522660000,29678.75,13.000155116897426,true,true,29670.69,2.480568720379325,limit,cancel_marketable,cancel_marketable,recorded_dormant_requires_fresh_authorization,1788522600000
2026-09-04:LONDON:8d5c8af5_8ef641a7-815c-4bb5-9798-b070b67d7998_deepseek_1781246265/v2/S1,0,1788522720000,29679.75,13.071583688325997,true,true,29670.69,2.480568720379325,limit,cancel_marketable,cancel_marketable,recorded_dormant_requires_fresh_authorization,1788522660000
2026-09-04:LONDON:8d5c8af5_8ef641a7-815c-4bb5-9798-b070b67d7998_deepseek_1781246265/v2/S1,0,1788522780000,29676.75,13.071583688325997,true,true,29670.69,2.480568720379325,limit,cancel_marketable,cancel_marketable,recorded_dormant_requires_fresh_authorization,1788522720000
2026-09-04:LONDON:8d5c8af5_8ef641a7-815c-4bb5-9798-b070b67d7998_deepseek_1781246265/v2/S1,0,1788522840000,29683.5,13.393012259754569,true,true,29670.69,2.480568720379325,limit,cancel_marketable,cancel_marketable,recorded_dormant_requires_fresh_authorization,1788522780000
2026-09-04:LONDON:8d5c8af5_8ef641a7-815c-4bb5-9798-b070b67d7998_deepseek_1781246265/v2/S1,0,1788522900000,29682,13.393012259754398,true,true,29670.69,2.480568720379325,limit,cancel_marketable,cancel_marketable,recorded_dormant_requires_fresh_authorization,1788522840000
2026-09-04:LONDON:8d5c8af5_8ef641a7-815c-4bb5-9798-b070b67d7998_deepseek_1781246265/v2/S1,0,1788522960000,29683.25,12.6863685269148,true,true,29670.69,2.480568720379325,limit,cancel_marketable,cancel_marketable,recorded_dormant_requires_fresh_authorization,1788522900000
2026-09-04:LONDON:8d5c8af5_8ef641a7-815c-4bb5-9798-b070b67d7998_deepseek_1781246265/v2/S1,0,1788523020000,29685,13.0613685269148,true,true,29670.69,2.480568720379325,limit,cancel_marketable,cancel_marketable,recorded_dormant_requires_fresh_authorization,1788522960000
2026-09-04:LONDON:8d5c8af5_8ef641a7-815c-4bb5-9798-b070b67d7998_deepseek_1781246265/v2/S1,0,1788523080000,29685.5,13.0613685269148,true,true,29670.69,2.480568720379325,limit,cancel_marketable,cancel_marketable,recorded_dormant_requires_fresh_authorization,1788523020000
2026-09-04:LONDON:8d5c8af5_8ef641a7-815c-4bb5-9798-b070b67d7998_deepseek_1781246265/v2/S1,0,1788523140000,29682.75,13.0613685269148,true,true,29670.69,2.480568720379325,limit,cancel_marketable,cancel_marketable,recorded_dormant_requires_fresh_authorization,1788523080000
2026-09-04:LONDON:8d5c8af5_8ef641a7-815c-4bb5-9798-b070b67d7998_deepseek_1781246265/v2/S1,0,1788523200000,29681.75,13.222082812629248,true,true,29670.69,2.480568720379325,limit,cancel_marketable,cancel_marketable,recorded_dormant_requires_fresh_authorization,1788523140000
2026-09-04:LONDON:8d5c8af5_8ef641a7-815c-4bb5-9798-b070b67d7998_deepseek_1781246265/v2/S1,0,1788523260000,29676.25,13.027648326012875,true,true,29670.69,2.480568720379325,limit,cancel_marketable,cancel_marketable,recorded_dormant_requires_fresh_authorization,1788523200000
2026-09-04:LONDON:8d5c8af5_8ef641a7-815c-4bb5-9798-b070b67d7998_deepseek_1781246265/v2/S1,0,1788523320000,29660.25,14.331219754584302,true,true,29671.086829631877,2.4347776344837238,limit,cancel_marketable,cancel_marketable,recorded_dormant_requires_fresh_authorization,1788523260000
2026-09-04:LONDON:8d5c8af5_8ef641a7-815c-4bb5-9798-b070b67d7998_deepseek_1781246265/v2/S1,0,1788523380000,29661.5,14.581219754584302,true,true,29671.461829631877,2.393032539157967,limit,cancel_marketable,cancel_marketable,recorded_dormant_requires_fresh_authorization,1788523320000
2026-09-04:LONDON:8d5c8af5_8ef641a7-815c-4bb5-9798-b070b67d7998_deepseek_1781246265/v2/S1,0,1788523440000,29663.25,14.581219754584302,true,true,29671.461829631877,2.393032539157967,limit,cancel_marketable,cancel_marketable,recorded_dormant_requires_fresh_authorization,1788523380000
2026-09-04:LONDON:8d5c8af5_8ef641a7-815c-4bb5-9798-b070b67d7998_deepseek_1781246265/v2/S1,0,1788523500000,29657,14.581219754584266,true,true,29671.461829631877,2.393032539157967,limit,cancel_marketable,cancel_marketable,recorded_dormant_requires_fresh_authorization,1788523440000
2026-09-04:LONDON:8d5c8af5_8ef641a7-815c-4bb5-9798-b070b67d7998_deepseek_1781246265/v2/S1,0,1788523560000,29640.75,14.771846914971105,true,true,29671.747770372458,2.3621510251346756,limit,send_limit,send_limit,recorded_dormant_requires_fresh_authorization,1788523500000
2026-09-04:LONDON:8d5c8af5_8ef641a7-815c-4bb5-9798-b070b67d7998_deepseek_1781246265/v2/S1,0,1788523620000,29635.25,15.111132629256819,true,true,29672.256698943886,2.309114358891655,limit,send_limit,send_limit,recorded_dormant_requires_fresh_authorization,1788523560000
2026-09-04:LONDON:8d5c8af5_8ef641a7-815c-4bb5-9798-b070b67d7998_deepseek_1781246265/v2/S1,0,1788523680000,29644.75,15.664704057828247,true,true,29673.087056086744,2.227513089587754,limit,send_limit,send_limit,recorded_dormant_requires_fresh_authorization,1788523620000
2026-09-04:LONDON:8d5c8af5_8ef641a7-815c-4bb5-9798-b070b67d7998_deepseek_1781246265/v2/S1,0,1788523740000,29660.75,16.075418343542534,true,true,29673.703127515313,2.1706018834247787,limit,cancel_marketable,cancel_marketable,recorded_dormant_requires_fresh_authorization,1788523680000
2026-09-04:LONDON:8d5c8af5_8ef641a7-815c-4bb5-9798-b070b67d7998_deepseek_1781246265/v2/S1,0,1788523800000,29660.5,16.307561200685196,true,true,29674.051341801027,2.139702736903961,limit,cancel_marketable,cancel_marketable,recorded_dormant_requires_fresh_authorization,1788523740000
2026-09-04:LONDON:8d5c8af5_8ef641a7-815c-4bb5-9798-b070b67d7998_deepseek_1781246265/v2/S1,0,1788523860000,29645.5,16.64273540063625,true,true,29674.554103100956,2.0966104725787575,limit,send_limit,send_limit,recorded_dormant_requires_fresh_authorization,1788523800000
2026-09-04:LONDON:8d5c8af5_8ef641a7-815c-4bb5-9798-b070b67d7998_deepseek_1781246265/v2/S1,0,1788523920000,29643.25,17.035592543493397,true,true,29675.14338881524,2.048260619303361,limit,send_limit,send_limit,recorded_dormant_requires_fresh_authorization,1788523860000
2026-09-04:LONDON:8d5c8af5_8ef641a7-815c-4bb5-9798-b070b67d7998_deepseek_1781246265/v2/S1,0,1788523980000,29641,17.035592543493397,true,true,29675.14338881524,2.048260619303361,limit,send_limit,send_limit,recorded_dormant_requires_fresh_authorization,1788523920000
2026-09-04:LONDON:8d5c8af5_8ef641a7-815c-4bb5-9798-b070b67d7998_deepseek_1781246265/v2/S1,0,1788524040000,29642,17.035592543493397,true,true,29675.14338881524,2.048260619303361,limit,send_limit,send_limit,recorded_dormant_requires_fresh_authorization,1788523980000
2026-09-04:LONDON:8d5c8af5_8ef641a7-815c-4bb5-9798-b070b67d7998_deepseek_1781246265/v2/S1,0,1788524100000,29642.5,17.035592543493156,true,false,29675.14338881524,2.048260619303361,limit,send_limit,send_limit,recorded_dormant_requires_fresh_authorization,1788524040000
2026-09-04:LONDON:8d5c8af5_8ef641a7-815c-4bb5-9798-b070b67d7998_deepseek_1781246265/v2/S1,0,1788524160000,29639.5,16.372335933243644,true,false,29674.148503899865,2.1312373185846836,limit,send_limit,send_limit,recorded_dormant_requires_fresh_authorization,1788524100000
2026-09-04:LONDON:8d5c8af5_8ef641a7-815c-4bb5-9798-b070b67d7998_deepseek_1781246265/v2/S1,0,1788524220000,29637,16.51519307610079,true,false,29674.36278961415,2.1128020225102557,limit,send_limit,send_limit,recorded_dormant_requires_fresh_authorization,1788524160000
2026-09-04:LONDON:8d5c8af5_8ef641a7-815c-4bb5-9798-b070b67d7998_deepseek_1781246265/v2/S1,0,1788524280000,29636.5,16.783050218957932,true,false,29674.764575328438,2.0790817448616887,limit,send_limit,send_limit,recorded_dormant_requires_fresh_authorization,1788524220000
2026-09-04:LONDON:8d5c8af5_8ef641a7-815c-4bb5-9798-b070b67d7998_deepseek_1781246265/v2/S1,0,1788524340000,29640.75,16.783050218957932,true,false,29674.764575328438,2.0790817448616887,limit,send_limit,send_limit,recorded_dormant_requires_fresh_authorization,1788524280000
2026-09-04:LONDON:8d5c8af5_8ef641a7-815c-4bb5-9798-b070b67d7998_deepseek_1781246265/v2/S1,0,1788524400000,29655.5,17.658050218957776,true,true,29676.077075328438,1.976058109511461,limit,cancel_marketable,cancel_marketable,recorded_dormant_requires_fresh_authorization,1788524340000
2026-09-04:LONDON:8d5c8af5_8ef641a7-815c-4bb5-9798-b070b67d7998_deepseek_1781246265/v2/S1,0,1788524460000,29658.75,16.878903774746508,true,true,29674.90835566212,2.067274853805411,limit,cancel_marketable,cancel_marketable,recorded_dormant_requires_fresh_authorization,1788524400000
2026-09-04:LONDON:8d5c8af5_8ef641a7-815c-4bb5-9798-b070b67d7998_deepseek_1781246265/v2/S1,0,1788524520000,29661.75,17.182475203317935,true,true,29675.363712804978,2.0307512695606658,limit,cancel_marketable,cancel_marketable,recorded_dormant_requires_fresh_authorization,1788524460000
2026-09-04:LONDON:8d5c8af5_8ef641a7-815c-4bb5-9798-b070b67d7998_deepseek_1781246265/v2/S1,0,1788524580000,29658,17.21818948903222,true,true,29675.41728423355,2.0265390478806022,limit,cancel_marketable,cancel_marketable,recorded_dormant_requires_fresh_authorization,1788524520000
2026-09-04:LONDON:8d5c8af5_8ef641a7-815c-4bb5-9798-b070b67d7998_deepseek_1781246265/v2/S1,0,1788524640000,29658,17.21818948903222,true,true,29675.41728423355,2.0265390478806022,limit,cancel_marketable,cancel_marketable,recorded_dormant_requires_fresh_authorization,1788524580000
2026-09-04:LONDON:8d5c8af5_8ef641a7-815c-4bb5-9798-b070b67d7998_deepseek_1781246265/v2/S1,0,1788524700000,29667.5,17.414618060460633,true,true,29675.71192709069,2.0036806556531497,limit,cancel_marketable,cancel_marketable,recorded_dormant_requires_fresh_authorization,1788524640000
2026-09-04:LONDON:8d5c8af5_8ef641a7-815c-4bb5-9798-b070b67d7998_deepseek_1781246265/v2/S1,0,1788524760000,29671.25,17.099288198999158,true,true,29675.2389322985,2.040630751832948,limit,cancel_marketable,cancel_marketable,recorded_dormant_requires_fresh_authorization,1788524700000
2026-09-04:LONDON:8d5c8af5_8ef641a7-815c-4bb5-9798-b070b67d7998_deepseek_1781246265/v2/S1,0,1788524820000,29667,17.099288198999158,true,true,29675.2389322985,2.040630751832948,limit,cancel_marketable,cancel_marketable,recorded_dormant_requires_fresh_authorization,1788524760000
2026-09-04:LONDON:8d5c8af5_8ef641a7-815c-4bb5-9798-b070b67d7998_deepseek_1781246265/v2/S1,0,1788524880000,29670.75,17.099288198999158,true,true,29675.2389322985,2.040630751832948,limit,cancel_marketable,cancel_marketable,recorded_dormant_requires_fresh_authorization,1788524820000
2026-09-04:LONDON:8d5c8af5_8ef641a7-815c-4bb5-9798-b070b67d7998_deepseek_1781246265/v2/S1,0,1788524940000,29673.5,17.099288198999158,true,true,29675.2389322985,2.040630751832948,limit,cancel_marketable,cancel_marketable,recorded_dormant_requires_fresh_authorization,1788524880000
2026-09-04:LONDON:8d5c8af5_8ef641a7-815c-4bb5-9798-b070b67d7998_deepseek_1781246265/v2/S1,0,1788525000000,29678,20.86714534185612,true,true,29680.890718012783,1.6721661138452402,limit,cancel_marketable,cancel_marketable,recorded_dormant_requires_fresh_authorization,1788524940000
2026-09-04:LONDON:8d5c8af5_8ef641a7-815c-4bb5-9798-b070b67d7998_deepseek_1781246265/v2/S1,0,1788525060000,29565.25,31.787349246009253,true,true,29697.271023869012,1.0977113273361505,limit,outside_band,outside_band,recorded_dormant_requires_fresh_authorization,1788525000000
2026-09-04:LONDON:8d5c8af5_8ef641a7-815c-4bb5-9798-b070b67d7998_deepseek_1781246265/v2/S1,0,1788525120000,29564.75,31.787349246009253,true,true,29697.271023869012,1.0977113273361505,limit,outside_band,outside_band,recorded_dormant_requires_fresh_authorization,1788525060000
2026-09-04:LONDON:8d5c8af5_8ef641a7-815c-4bb5-9798-b070b67d7998_deepseek_1781246265/v2/S1,0,1788525180000,29546.5,32.376634960294965,true,true,29698.154952440444,1.0777319315649725,limit,outside_band,outside_band,recorded_dormant_requires_fresh_authorization,1788525120000
2026-09-04:LONDON:8d5c8af5_8ef641a7-815c-4bb5-9798-b070b67d7998_deepseek_1781246265/v2/S1,0,1788525240000,29546,32.76949210315211,true,true,29698.74423815473,1.0648115394494,limit,outside_band,outside_band,recorded_dormant_requires_fresh_authorization,1788525180000
2026-09-04:LONDON:8d5c8af5_8ef641a7-815c-4bb5-9798-b070b67d7998_deepseek_1781246265/v2/S1,0,1788525300000,29553.75,32.76949210315205,true,false,29698.74423815473,1.0648115394494,limit,outside_band,outside_band,recorded_dormant_requires_fresh_authorization,1788525240000
2026-09-04:LONDON:8d5c8af5_8ef641a7-815c-4bb5-9798-b070b67d7998_deepseek_1781246265/v2/S1,0,1788525360000,29568.25,31.946671238641187,true,false,29697.510006857963,1.092236905456591,limit,outside_band,outside_band,recorded_dormant_requires_fresh_authorization,1788525300000
2026-09-04:LONDON:8d5c8af5_8ef641a7-815c-4bb5-9798-b070b67d7998_deepseek_1781246265/v2/S1,0,1788525420000,29560.25,32.07167123864119,true,false,29697.697506857963,1.0879798895946433,limit,outside_band,outside_band,recorded_dormant_requires_fresh_authorization,1788525360000
2026-09-04:LONDON:8d5c8af5_8ef641a7-815c-4bb5-9798-b070b67d7998_deepseek_1781246265/v2/S1,0,1788525480000,29555.25,32.57167123864119,true,false,29698.447506857963,1.0712785683510484,limit,outside_band,outside_band,recorded_dormant_requires_fresh_authorization,1788525420000
2026-09-04:LONDON:8d5c8af5_8ef641a7-815c-4bb5-9798-b070b67d7998_deepseek_1781246265/v2/S1,0,1788525540000,29547.25,32.82167123864119,true,false,29698.822506857963,1.0631187266373074,limit,outside_band,outside_band,recorded_dormant_requires_fresh_authorization,1788525480000
2026-09-04:LONDON:8d5c8af5_8ef641a7-815c-4bb5-9798-b070b67d7998_deepseek_1781246265/v2/S1,0,1788525600000,29556.25,32.91095695292683,true,false,29698.95643542939,1.0602345408321556,limit,outside_band,outside_band,recorded_dormant_requires_fresh_authorization,1788525540000
2026-09-04:LONDON:8d5c8af5_8ef641a7-815c-4bb5-9798-b070b67d7998_deepseek_1781246265/v2/S1,0,1788525660000,29578.25,32.64946002771777,true,false,29698.564190041576,1.0687261995668977,limit,outside_band,outside_band,recorded_dormant_requires_fresh_authorization,1788525600000
2026-09-04:LONDON:8d5c8af5_8ef641a7-815c-4bb5-9798-b070b67d7998_deepseek_1781246265/v2/S1,0,1788525720000,29575.75,32.68517431343206,true,false,29698.61776147015,1.0675584287459012,limit,outside_band,outside_band,recorded_dormant_requires_fresh_authorization,1788525660000
2026-09-04:LONDON:8d5c8af5_8ef641a7-815c-4bb5-9798-b070b67d7998_deepseek_1781246265/v2/S1,0,1788525780000,29578.75,32.98874574200349,true,false,29699.073118613007,1.0577344651483302,limit,outside_band,outside_band,recorded_dormant_requires_fresh_authorization,1788525720000
2026-09-04:LONDON:8d5c8af5_8ef641a7-815c-4bb5-9798-b070b67d7998_deepseek_1781246265/v2/S1,0,1788525840000,29567,33.72088859914634,true,false,29700.17133289872,1.0347690936654628,limit,outside_band,outside_band,recorded_dormant_requires_fresh_authorization,1788525780000
2026-09-04:LONDON:8d5c8af5_8ef641a7-815c-4bb5-9798-b070b67d7998_deepseek_1781246265/v2/S1,0,1788525900000,29556.75,33.720888599146306,true,false,29700.17133289872,1.0347690936654628,limit,outside_band,outside_band,recorded_dormant_requires_fresh_authorization,1788525840000
2026-09-04:LONDON:8d5c8af5_8ef641a7-815c-4bb5-9798-b070b67d7998_deepseek_1781246265/v2/S1,0,1788525960000,29540,32.72296798492157,true,false,29698.674451977382,1.0663254430164255,limit,outside_band,outside_band,recorded_dormant_requires_fresh_authorization,1788525900000
2026-09-04:LONDON:8d5c8af5_8ef641a7-815c-4bb5-9798-b070b67d7998_deepseek_1781246265/v2/S1,0,1788526020000,29515.5,34.56225369920728,true,false,29701.43338054881,1.0095792258516634,limit,outside_band,outside_band,recorded_dormant_requires_fresh_authorization,1788525960000
2026-09-04:LONDON:8d5c8af5_8ef641a7-815c-4bb5-9798-b070b67d7998_deepseek_1781246265/v2/S1,0,1788526080000,29507.75,35.20511084206443,true,false,29702.397666263096,0.9911439702567906,limit,outside_band,outside_band,recorded_dormant_requires_fresh_authorization,1788526020000
2026-09-04:LONDON:8d5c8af5_8ef641a7-815c-4bb5-9798-b070b67d7998_deepseek_1781246265/v2/S1,0,1788526140000,29514.5,35.294396556350144,true,false,29702.531594834527,0.9886366318127182,limit,outside_band,outside_band,recorded_dormant_requires_fresh_authorization,1788526080000
2026-09-04:LONDON:8d5c8af5_8ef641a7-815c-4bb5-9798-b070b67d7998_deepseek_1781246265/v2/S1,0,1788526200000,29518.25,35.29439655635012,true,false,29702.531594834527,0.9886366318127182,limit,outside_band,outside_band,recorded_dormant_requires_fresh_authorization,1788526140000
2026-09-04:LONDON:8d5c8af5_8ef641a7-815c-4bb5-9798-b070b67d7998_deepseek_1781246265/v2/S1,0,1788526260000,29531.75,34.523368230896544,true,false,29701.375052346346,1.0107163675329092,limit,outside_band,outside_band,recorded_dormant_requires_fresh_authorization,1788526200000
2026-09-04:LONDON:8d5c8af5_8ef641a7-815c-4bb5-9798-b070b67d7998_deepseek_1781246265/v2/S1,0,1788526320000,29537,34.73765394518226,true,false,29701.696480917773,1.0044815746163198,limit,outside_band,outside_band,recorded_dormant_requires_fresh_authorization,1788526260000
2026-09-04:LONDON:8d5c8af5_8ef641a7-815c-4bb5-9798-b070b67d7998_deepseek_1781246265/v2/S1,0,1788526380000,29534.25,34.73765394518226,true,false,29701.696480917773,1.0044815746163198,limit,outside_band,outside_band,recorded_dormant_requires_fresh_authorization,1788526320000
2026-09-04:LONDON:8d5c8af5_8ef641a7-815c-4bb5-9798-b070b67d7998_deepseek_1781246265/v2/S1,0,1788526440000,29546.25,35.023368230896544,true,false,29702.125052346346,0.9962871961169905,limit,outside_band,outside_band,recorded_dormant_requires_fresh_authorization,1788526380000
2026-09-04:LONDON:8d5c8af5_8ef641a7-815c-4bb5-9798-b070b67d7998_deepseek_1781246265/v2/S1,0,1788526500000,29529.75,35.130511088039434,true,false,29702.28576663206,0.9932486676862778,limit,outside_band,outside_band,recorded_dormant_requires_fresh_authorization,1788526440000
2026-09-04:LONDON:8d5c8af5_8ef641a7-815c-4bb5-9798-b070b67d7998_deepseek_1781246265/v2/S1,0,1788526560000,29534.75,33.3354745817509,true,false,29699.593211872627,1.046732760553981,limit,outside_band,outside_band,recorded_dormant_requires_fresh_authorization,1788526500000
2026-09-04:NY:8d5c8af5_8ef641a7-815c-4bb5-9798-b070b67d7998_deepseek_1781246265/v2/S1,0,1788529500000,29616.5,35.28045633166839,true,false,29481.5,0.838150289017341,limit,send_limit,send_limit,rr_refused,1788529440000
2026-09-04:NY:8d5c8af5_8ef641a7-815c-4bb5-9798-b070b67d7998_deepseek_1781246265/v2/S1,0,1788529560000,29593,35.742566593692075,true,false,29481.5,0.838150289017341,limit,cancel_marketable,cancel_marketable,rr_refused,1788529500000
2026-09-04:NY:8d5c8af5_8ef641a7-815c-4bb5-9798-b070b67d7998_deepseek_1781246265/v2/S1,0,1788529620000,29622,36.01042373654922,true,false,29481.5,0.838150289017341,limit,send_limit,send_limit,rr_refused,1788529560000
2026-09-04:NY:8d5c8af5_8ef641a7-815c-4bb5-9798-b070b67d7998_deepseek_1781246265/v2/S1,0,1788529680000,29628,36.724709450834936,true,false,29481.5,0.838150289017341,limit,send_limit,send_limit,rr_refused,1788529620000
2026-09-04:NY:8d5c8af5_8ef641a7-815c-4bb5-9798-b070b67d7998_deepseek_1781246265/v2/S1,0,1788529740000,29633.25,37.93899516512065,true,false,29481.5,0.838150289017341,limit,send_limit,send_limit,rr_refused,1788529680000
2026-09-04:NY:8d5c8af5_8ef641a7-815c-4bb5-9798-b070b67d7998_deepseek_1781246265/v2/S1,0,1788529800000,29634,37.93899516512062,true,false,29481.5,0.838150289017341,limit,send_limit,send_limit,rr_refused,1788529740000
2026-09-04:NY:8d5c8af5_8ef641a7-815c-4bb5-9798-b070b67d7998_deepseek_1781246265/v2/S1,0,1788529860000,29643,36.71120979618344,true,false,29481.5,0.838150289017341,limit,outside_band,outside_band,rr_refused,1788529800000
2026-09-04:NY:8d5c8af5_8ef641a7-815c-4bb5-9798-b070b67d7998_deepseek_1781246265/v2/S1,0,1788529920000,29625.75,37.1933526533263,true,false,29481.5,0.838150289017341,limit,send_limit,send_limit,rr_refused,1788529860000
2026-09-04:NY:8d5c8af5_8ef641a7-815c-4bb5-9798-b070b67d7998_deepseek_1781246265/v2/S1,0,1788529980000,29634,37.71120979618344,true,false,29481.5,0.838150289017341,limit,send_limit,send_limit,rr_refused,1788529920000
2026-09-04:NY:8d5c8af5_8ef641a7-815c-4bb5-9798-b070b67d7998_deepseek_1781246265/v2/S1,0,1788530040000,29650.5,38.58620979618344,true,false,29481.5,0.838150289017341,limit,outside_band,outside_band,rr_refused,1788529980000
2026-09-04:NY:8d5c8af5_8ef641a7-815c-4bb5-9798-b070b67d7998_deepseek_1781246265/v2/S1,0,1788530100000,29659.75,39.21120979618352,true,false,29481.5,0.838150289017341,limit,outside_band,outside_band,rr_refused,1788530040000
2026-09-04:NY:8d5c8af5_8ef641a7-815c-4bb5-9798-b070b67d7998_deepseek_1781246265/v2/S1,1,1788529500000,29616.5,35.28045633166839,false,false,29481.5,0.838150289017341,limit,send_limit,send_limit,waiting_confirm,1788529440000
2026-09-04:NY:8d5c8af5_8ef641a7-815c-4bb5-9798-b070b67d7998_deepseek_1781246265/v2/S1,1,1788529560000,29593,35.742566593692075,false,false,29481.5,0.838150289017341,limit,cancel_marketable,cancel_marketable,waiting_confirm,1788529500000
2026-09-04:NY:8d5c8af5_8ef641a7-815c-4bb5-9798-b070b67d7998_deepseek_1781246265/v2/S1,1,1788529620000,29622,36.01042373654922,false,false,29481.5,0.838150289017341,limit,send_limit,send_limit,waiting_confirm,1788529560000
2026-09-04:NY:8d5c8af5_8ef641a7-815c-4bb5-9798-b070b67d7998_deepseek_1781246265/v2/S1,1,1788529680000,29628,36.724709450834936,false,false,29481.5,0.838150289017341,limit,send_limit,send_limit,waiting_confirm,1788529620000
2026-09-04:NY:8d5c8af5_8ef641a7-815c-4bb5-9798-b070b67d7998_deepseek_1781246265/v2/S1,1,1788529740000,29633.25,37.93899516512065,false,false,29481.5,0.838150289017341,limit,send_limit,send_limit,waiting_confirm,1788529680000
2026-09-04:NY:8d5c8af5_8ef641a7-815c-4bb5-9798-b070b67d7998_deepseek_1781246265/v2/S1,1,1788529800000,29634,37.93899516512062,false,false,29481.5,0.838150289017341,limit,send_limit,send_limit,waiting_confirm,1788529740000
2026-09-04:NY:8d5c8af5_8ef641a7-815c-4bb5-9798-b070b67d7998_deepseek_1781246265/v2/S1,1,1788529860000,29643,36.71120979618344,false,false,29481.5,0.838150289017341,limit,outside_band,outside_band,waiting_confirm,1788529800000
2026-09-04:NY:8d5c8af5_8ef641a7-815c-4bb5-9798-b070b67d7998_deepseek_1781246265/v2/S1,1,1788529920000,29625.75,37.1933526533263,false,false,29481.5,0.838150289017341,limit,send_limit,send_limit,waiting_confirm,1788529860000
2026-09-04:NY:8d5c8af5_8ef641a7-815c-4bb5-9798-b070b67d7998_deepseek_1781246265/v2/S1,1,1788529980000,29634,37.71120979618344,false,false,29481.5,0.838150289017341,limit,send_limit,send_limit,waiting_confirm,1788529920000
2026-09-04:NY:8d5c8af5_8ef641a7-815c-4bb5-9798-b070b67d7998_deepseek_1781246265/v2/S1,1,1788530040000,29650.5,38.58620979618344,true,false,29481.5,0.838150289017341,limit,outside_band,outside_band,rr_refused,1788529980000
2026-09-04:NY:8d5c8af5_8ef641a7-815c-4bb5-9798-b070b67d7998_deepseek_1781246265/v2/S1,1,1788530100000,29659.75,39.21120979618352,true,false,29481.5,0.838150289017341,limit,outside_band,outside_band,rr_refused,1788530040000
2026-09-04:NY:8d5c8af5_8ef641a7-815c-4bb5-9798-b070b67d7998_deepseek_1781246265/v2/S2,0,1788529500000,29616.5,35.28045633166839,true,false,29772.9206844975,2.248648163377748,limit,outside_band,outside_band,passes_known_local_checks,1788529440000
2026-09-04:NY:8d5c8af5_8ef641a7-815c-4bb5-9798-b070b67d7998_deepseek_1781246265/v2/S2,0,1788529560000,29593,35.742566593692075,true,false,29773.61384989054,2.219575729833957,limit,outside_band,outside_band,passes_known_local_checks,1788529500000
2026-09-04:NY:8d5c8af5_8ef641a7-815c-4bb5-9798-b070b67d7998_deepseek_1781246265/v2/S2,0,1788529620000,29622,36.01042373654922,true,false,29774.015635604825,2.203065809881371,limit,outside_band,outside_band,passes_known_local_checks,1788529560000
2026-09-04:NY:8d5c8af5_8ef641a7-815c-4bb5-9798-b070b67d7998_deepseek_1781246265/v2/S2,0,1788529680000,29628,36.724709450834936,true,false,29775.087064176252,2.16021677283903,limit,outside_band,outside_band,passes_known_local_checks,1788529620000
2026-09-04:NY:8d5c8af5_8ef641a7-815c-4bb5-9798-b070b67d7998_deepseek_1781246265/v2/S2,0,1788529740000,29633.25,37.93899516512065,true,false,29776.90849274768,2.091076292032913,limit,outside_band,outside_band,passes_known_local_checks,1788529680000
2026-09-04:NY:8d5c8af5_8ef641a7-815c-4bb5-9798-b070b67d7998_deepseek_1781246265/v2/S2,0,1788529800000,29634,37.93899516512062,true,false,29776.90849274768,2.091076292032913,limit,outside_band,outside_band,passes_known_local_checks,1788529740000
2026-09-04:NY:8d5c8af5_8ef641a7-815c-4bb5-9798-b070b67d7998_deepseek_1781246265/v2/S2,0,1788529860000,29643,36.71120979618344,true,false,29775.066814694273,2.1610111400246845,limit,outside_band,outside_band,passes_known_local_checks,1788529800000
2026-09-04:NY:8d5c8af5_8ef641a7-815c-4bb5-9798-b070b67d7998_deepseek_1781246265/v2/S2,0,1788529920000,29625.75,37.1933526533263,true,false,29775.79002897999,2.132997637313997,limit,outside_band,outside_band,passes_known_local_checks,1788529860000
2026-09-04:NY:8d5c8af5_8ef641a7-815c-4bb5-9798-b070b67d7998_deepseek_1781246265/v2/S2,0,1788529980000,29634,37.71120979618344,true,false,29776.566814694273,2.1037069285792205,limit,outside_band,outside_band,passes_known_local_checks,1788529920000
2026-09-04:NY:8d5c8af5_8ef641a7-815c-4bb5-9798-b070b67d7998_deepseek_1781246265/v2/S2,0,1788530040000,29650.5,38.58620979618344,true,false,29777.879314694273,2.056002228578109,limit,outside_band,outside_band,passes_known_local_checks,1788529980000
2026-09-04:NY:8d5c8af5_8ef641a7-815c-4bb5-9798-b070b67d7998_deepseek_1781246265/v2/S2,0,1788530100000,29659.75,39.21120979618352,true,false,29778.816814694273,2.023230952212481,limit,outside_band,outside_band,passes_known_local_checks,1788530040000
2026-09-04:NY:8d5c8af5_8ef641a7-815c-4bb5-9798-b070b67d7998_deepseek_1781246265/v2/S2,1,1788529500000,29616.5,35.28045633166839,false,false,29772.9206844975,2.248648163377748,limit,outside_band,outside_band,waiting_confirm,1788529440000
2026-09-04:NY:8d5c8af5_8ef641a7-815c-4bb5-9798-b070b67d7998_deepseek_1781246265/v2/S2,1,1788529560000,29593,35.742566593692075,false,false,29773.61384989054,2.219575729833957,limit,outside_band,outside_band,waiting_confirm,1788529500000
2026-09-04:NY:8d5c8af5_8ef641a7-815c-4bb5-9798-b070b67d7998_deepseek_1781246265/v2/S2,1,1788529620000,29622,36.01042373654922,false,false,29774.015635604825,2.203065809881371,limit,outside_band,outside_band,waiting_confirm,1788529560000
2026-09-04:NY:8d5c8af5_8ef641a7-815c-4bb5-9798-b070b67d7998_deepseek_1781246265/v2/S2,1,1788529680000,29628,36.724709450834936,false,false,29775.087064176252,2.16021677283903,limit,outside_band,outside_band,waiting_confirm,1788529620000
2026-09-04:NY:8d5c8af5_8ef641a7-815c-4bb5-9798-b070b67d7998_deepseek_1781246265/v2/S2,1,1788529740000,29633.25,37.93899516512065,false,false,29776.90849274768,2.091076292032913,limit,outside_band,outside_band,waiting_confirm,1788529680000
2026-09-04:NY:8d5c8af5_8ef641a7-815c-4bb5-9798-b070b67d7998_deepseek_1781246265/v2/S2,1,1788529800000,29634,37.93899516512062,false,false,29776.90849274768,2.091076292032913,limit,outside_band,outside_band,waiting_confirm,1788529740000
2026-09-04:NY:8d5c8af5_8ef641a7-815c-4bb5-9798-b070b67d7998_deepseek_1781246265/v2/S2,1,1788529860000,29643,36.71120979618344,false,false,29775.066814694273,2.1610111400246845,limit,outside_band,outside_band,waiting_confirm,1788529800000
2026-09-04:NY:8d5c8af5_8ef641a7-815c-4bb5-9798-b070b67d7998_deepseek_1781246265/v2/S2,1,1788529920000,29625.75,37.1933526533263,false,false,29775.79002897999,2.132997637313997,limit,outside_band,outside_band,waiting_confirm,1788529860000
2026-09-04:NY:8d5c8af5_8ef641a7-815c-4bb5-9798-b070b67d7998_deepseek_1781246265/v2/S2,1,1788529980000,29634,37.71120979618344,false,false,29776.566814694273,2.1037069285792205,limit,outside_band,outside_band,waiting_confirm,1788529920000
2026-09-04:NY:8d5c8af5_8ef641a7-815c-4bb5-9798-b070b67d7998_deepseek_1781246265/v2/S2,1,1788530040000,29650.5,38.58620979618344,false,false,29777.879314694273,2.056002228578109,limit,outside_band,outside_band,waiting_confirm,1788529980000
2026-09-04:NY:8d5c8af5_8ef641a7-815c-4bb5-9798-b070b67d7998_deepseek_1781246265/v2/S2,1,1788530100000,29659.75,39.21120979618352,false,false,29778.816814694273,2.023230952212481,limit,outside_band,outside_band,waiting_confirm,1788530040000
2026-09-04:NY:8d5c8af5_8ef641a7-815c-4bb5-9798-b070b67d7998_deepseek_1781246265/v3/S1,0,1788530160000,29675.75,38.16040909645613,false,false,29720.5,2.439797211660369,limit,cancel_marketable,cancel_marketable,waiting_confirm,1788530100000
2026-09-04:NY:8d5c8af5_8ef641a7-815c-4bb5-9798-b070b67d7998_deepseek_1781246265/v3/S1,0,1788530220000,29678.25,38.83898052502756,false,false,29720.5,2.439797211660369,limit,cancel_marketable,cancel_marketable,waiting_confirm,1788530160000
2026-09-04:NY:8d5c8af5_8ef641a7-815c-4bb5-9798-b070b67d7998_deepseek_1781246265/v3/S1,0,1788530280000,29685.5,38.94612338217041,false,false,29720.5,2.439797211660369,limit,cancel_marketable,cancel_marketable,waiting_confirm,1788530220000
2026-09-04:NY:8d5c8af5_8ef641a7-815c-4bb5-9798-b070b67d7998_deepseek_1781246265/v3/S1,0,1788530340000,29688.5,39.28540909645613,false,false,29720.5,2.439797211660369,limit,cancel_marketable,cancel_marketable,waiting_confirm,1788530280000
2026-09-04:NY:8d5c8af5_8ef641a7-815c-4bb5-9798-b070b67d7998_deepseek_1781246265/v3/S1,0,1788530400000,29691.25,39.28540909645618,false,true,29720.5,2.439797211660369,limit,cancel_marketable,cancel_marketable,waiting_confirm,1788530340000
2026-09-04:NY:8d5c8af5_8ef641a7-815c-4bb5-9798-b070b67d7998_deepseek_1781246265/v3/S1,0,1788530460000,29682,37.693594160995026,false,true,29720.5,2.439797211660369,limit,cancel_marketable,cancel_marketable,waiting_confirm,1788530400000
2026-09-04:NY:8d5c8af5_8ef641a7-815c-4bb5-9798-b070b67d7998_deepseek_1781246265/v3/S1,0,1788530520000,29658.25,39.140022732423596,true,true,29720.5,2.439797211660369,limit,cancel_marketable,cancel_marketable,invalidation_refused,1788530460000
2026-09-04:NY:8d5c8af5_8ef641a7-815c-4bb5-9798-b070b67d7998_deepseek_1781246265/v3/S1,0,1788530580000,29669,39.140022732423596,true,true,29720.5,2.439797211660369,limit,cancel_marketable,cancel_marketable,invalidation_refused,1788530520000
2026-09-04:NY:8d5c8af5_8ef641a7-815c-4bb5-9798-b070b67d7998_deepseek_1781246265/v3/S1,0,1788530640000,29673.5,39.140022732423596,true,true,29720.5,2.439797211660369,limit,cancel_marketable,cancel_marketable,invalidation_refused,1788530580000
2026-09-04:NY:8d5c8af5_8ef641a7-815c-4bb5-9798-b070b67d7998_deepseek_1781246265/v3/S1,0,1788530700000,29668.5,39.14002273242355,true,true,29720.5,2.439797211660369,limit,cancel_marketable,cancel_marketable,invalidation_refused,1788530640000
2026-09-04:NY:8d5c8af5_8ef641a7-815c-4bb5-9798-b070b67d7998_deepseek_1781246265/v3/S1,0,1788530760000,29662.25,37.397878251536156,true,true,29720.5,2.439797211660369,limit,cancel_marketable,cancel_marketable,invalidation_refused,1788530700000
2026-09-04:NY:8d5c8af5_8ef641a7-815c-4bb5-9798-b070b67d7998_deepseek_1781246265/v3/S1,0,1788530820000,29674,37.80859253725044,true,true,29720.5,2.439797211660369,limit,cancel_marketable,cancel_marketable,invalidation_refused,1788530760000
2026-09-04:NY:8d5c8af5_8ef641a7-815c-4bb5-9798-b070b67d7998_deepseek_1781246265/v3/S1,0,1788530880000,29651.75,38.36216396582187,true,true,29720.5,2.439797211660369,limit,send_limit,send_limit,invalidation_refused,1788530820000
2026-09-04:NY:8d5c8af5_8ef641a7-815c-4bb5-9798-b070b67d7998_deepseek_1781246265/v3/S1,0,1788530940000,29653.75,38.522878251536156,true,true,29720.5,2.439797211660369,limit,send_limit,send_limit,invalidation_refused,1788530880000
2026-09-04:NY:8d5c8af5_8ef641a7-815c-4bb5-9798-b070b67d7998_deepseek_1781246265/v3/S1,0,1788531000000,29644.25,38.82644968010769,true,false,29720.5,2.439797211660369,limit,send_limit,send_limit,passes_known_local_checks,1788530940000
2026-09-04:NY:8d5c8af5_8ef641a7-815c-4bb5-9798-b070b67d7998_deepseek_1781246265/v3/S1,0,1788531060000,29630.5,37.874560417242854,true,false,29720.5,2.439797211660369,limit,outside_band,outside_band,passes_known_local_checks,1788531000000
2026-09-04:NY:8d5c8af5_8ef641a7-815c-4bb5-9798-b070b67d7998_deepseek_1781246265/v3/S1,0,1788531120000,29626.5,38.249560417242854,true,false,29720.5,2.439797211660369,limit,outside_band,outside_band,passes_known_local_checks,1788531060000
2026-09-04:NY:8d5c8af5_8ef641a7-815c-4bb5-9798-b070b67d7998_deepseek_1781246265/v3/S1,0,1788531180000,29606.25,40.374560417242854,true,false,29720.5,2.439797211660369,limit,outside_band,outside_band,passes_known_local_checks,1788531120000
2026-09-04:NY:8d5c8af5_8ef641a7-815c-4bb5-9798-b070b67d7998_deepseek_1781246265/v3/S1,0,1788531240000,29622.5,40.374560417242854,true,false,29720.5,2.439797211660369,limit,outside_band,outside_band,passes_known_local_checks,1788531180000
2026-09-04:NY:8d5c8af5_8ef641a7-815c-4bb5-9798-b070b67d7998_deepseek_1781246265/v3/S1,0,1788531300000,29648.25,40.37456041724295,true,false,29720.5,2.439797211660369,limit,send_limit,send_limit,passes_known_local_checks,1788531240000
2026-09-04:NY:8d5c8af5_8ef641a7-815c-4bb5-9798-b070b67d7998_deepseek_1781246265/v3/S1,0,1788531360000,29634.5,39.115663244582734,true,false,29720.5,2.439797211660369,limit,send_limit,send_limit,passes_known_local_checks,1788531300000
2026-09-04:NY:8d5c8af5_8ef641a7-815c-4bb5-9798-b070b67d7998_deepseek_1781246265/v3/S1,0,1788531420000,29620.75,39.669234673154165,true,false,29720.5,2.439797211660369,limit,outside_band,outside_band,passes_known_local_checks,1788531360000
2026-09-04:NY:8d5c8af5_8ef641a7-815c-4bb5-9798-b070b67d7998_deepseek_1781246265/v3/S1,0,1788531480000,29618,40.02637753029702,true,false,29720.5,2.439797211660369,limit,outside_band,outside_band,passes_known_local_checks,1788531420000
2026-09-04:NY:8d5c8af5_8ef641a7-815c-4bb5-9798-b070b67d7998_deepseek_1781246265/v3/S1,0,1788531540000,29621.75,40.13352038743988,true,false,29720.5,2.439797211660369,limit,outside_band,outside_band,passes_known_local_checks,1788531480000
2026-09-04:NY:8d5c8af5_8ef641a7-815c-4bb5-9798-b070b67d7998_deepseek_1781246265/v3/S1,0,1788531600000,29601.25,41.04423467315432,true,false,29720.5,2.439797211660369,limit,outside_band,outside_band,passes_known_local_checks,1788531540000
2026-09-04:NY:8d5c8af5_8ef641a7-815c-4bb5-9798-b070b67d7998_deepseek_1781246265/v3/S1,0,1788531660000,29588.5,40.0410750536433,true,false,29720.5,2.439797211660369,limit,outside_band,outside_band,passes_known_local_checks,1788531600000
2026-09-04:NY:8d5c8af5_8ef641a7-815c-4bb5-9798-b070b67d7998_deepseek_1781246265/v3/S1,0,1788531720000,29606.25,40.20178933935758,true,false,29720.5,2.439797211660369,limit,outside_band,outside_band,passes_known_local_checks,1788531660000
2026-09-04:NY:8d5c8af5_8ef641a7-815c-4bb5-9798-b070b67d7998_deepseek_1781246265/v3/S1,0,1788531780000,29609.5,40.487503625071874,true,false,29720.5,2.439797211660369,limit,outside_band,outside_band,passes_known_local_checks,1788531720000
2026-09-04:NY:8d5c8af5_8ef641a7-815c-4bb5-9798-b070b67d7998_deepseek_1781246265/v3/S1,0,1788531840000,29609.25,40.487503625071874,true,false,29720.5,2.439797211660369,limit,outside_band,outside_band,passes_known_local_checks,1788531780000
2026-09-04:NY:8d5c8af5_8ef641a7-815c-4bb5-9798-b070b67d7998_deepseek_1781246265/v3/S1,0,1788531900000,29596,40.48750362507167,true,false,29720.5,2.439797211660369,limit,outside_band,outside_band,passes_known_local_checks,1788531840000
2026-09-04:NY:8d5c8af5_8ef641a7-815c-4bb5-9798-b070b67d7998_deepseek_1781246265/v3/S1,0,1788531960000,29585.5,38.97053908042369,true,false,29720.5,2.439797211660369,limit,outside_band,outside_band,passes_known_local_checks,1788531900000
2026-09-04:NY:8d5c8af5_8ef641a7-815c-4bb5-9798-b070b67d7998_deepseek_1781246265/v3/S1,0,1788532020000,29578.5,40.36339622328084,true,false,29720.5,2.439797211660369,limit,outside_band,outside_band,passes_known_local_checks,1788531960000
2026-09-04:NY:8d5c8af5_8ef641a7-815c-4bb5-9798-b070b67d7998_deepseek_1781246265/v3/S1,0,1788532080000,29577,40.36339622328084,true,false,29720.5,2.439797211660369,limit,outside_band,outside_band,passes_known_local_checks,1788532020000
2026-09-04:NY:8d5c8af5_8ef641a7-815c-4bb5-9798-b070b67d7998_deepseek_1781246265/v3/S1,0,1788532140000,29589.5,40.36339622328084,true,false,29720.5,2.439797211660369,limit,outside_band,outside_band,passes_known_local_checks,1788532080000
2026-09-04:NY:8d5c8af5_8ef641a7-815c-4bb5-9798-b070b67d7998_deepseek_1781246265/v3/S1,0,1788532200000,29595.75,40.36339622328087,true,false,29720.5,2.439797211660369,limit,outside_band,outside_band,passes_known_local_checks,1788532140000
2026-09-04:NY:8d5c8af5_8ef641a7-815c-4bb5-9798-b070b67d7998_deepseek_1781246265/v3/S1,0,1788532260000,29567.75,39.658867921617954,true,false,29720.5,2.439797211660369,limit,outside_band,outside_band,passes_known_local_checks,1788532200000
2026-09-04:NY:8d5c8af5_8ef641a7-815c-4bb5-9798-b070b67d7998_deepseek_1781246265/v3/S1,0,1788532320000,29564.25,40.58743935018938,true,false,29720.5,2.439797211660369,limit,outside_band,outside_band,passes_known_local_checks,1788532260000
2026-09-04:NY:8d5c8af5_8ef641a7-815c-4bb5-9798-b070b67d7998_deepseek_1781246265/v3/S1,0,1788532380000,29576.5,40.58743935018938,true,false,29720.5,2.439797211660369,limit,outside_band,outside_band,passes_known_local_checks,1788532320000
2026-09-04:NY:8d5c8af5_8ef641a7-815c-4bb5-9798-b070b67d7998_deepseek_1781246265/v3/S1,0,1788532440000,29567.5,40.58743935018938,true,false,29720.5,2.439797211660369,limit,outside_band,outside_band,passes_known_local_checks,1788532380000
2026-09-04:NY:8d5c8af5_8ef641a7-815c-4bb5-9798-b070b67d7998_deepseek_1781246265/v3/S1,0,1788532500000,29559,40.58743935018975,true,false,29720.5,2.439797211660369,limit,outside_band,outside_band,passes_known_local_checks,1788532440000
2026-09-04:NY:8d5c8af5_8ef641a7-815c-4bb5-9798-b070b67d7998_deepseek_1781246265/v3/S1,0,1788532560000,29571.5,38.8490508251762,true,false,29720.5,2.439797211660369,limit,outside_band,outside_band,passes_known_local_checks,1788532500000
2026-09-04:NY:8d5c8af5_8ef641a7-815c-4bb5-9798-b070b67d7998_deepseek_1781246265/v3/S1,0,1788532620000,29582.75,39.77762225374762,true,false,29720.5,2.439797211660369,limit,outside_band,outside_band,passes_known_local_checks,1788532560000
2026-09-04:NY:8d5c8af5_8ef641a7-815c-4bb5-9798-b070b67d7998_deepseek_1781246265/v3/S1,0,1788532680000,29582.5,39.9740508251762,true,false,29720.5,2.439797211660369,limit,outside_band,outside_band,passes_known_local_checks,1788532620000
2026-09-04:NY:8d5c8af5_8ef641a7-815c-4bb5-9798-b070b67d7998_deepseek_1781246265/v3/S1,0,1788532740000,29578.5,39.9740508251762,true,false,29720.5,2.439797211660369,limit,outside_band,outside_band,passes_known_local_checks,1788532680000
2026-09-04:NY:8d5c8af5_8ef641a7-815c-4bb5-9798-b070b67d7998_deepseek_1781246265/v3/S1,0,1788532800000,29588,39.97405082517645,true,false,29720.5,2.439797211660369,limit,outside_band,outside_band,passes_known_local_checks,1788532740000
2026-09-04:NY:8d5c8af5_8ef641a7-815c-4bb5-9798-b070b67d7998_deepseek_1781246265/v3/S1,0,1788532860000,29570.75,38.52947576623527,true,false,29720.5,2.439797211660369,limit,outside_band,outside_band,passes_known_local_checks,1788532800000
2026-09-04:NY:8d5c8af5_8ef641a7-815c-4bb5-9798-b070b67d7998_deepseek_1781246265/v3/S1,0,1788532920000,29572.75,38.97590433766384,true,false,29720.5,2.439797211660369,limit,outside_band,outside_band,passes_known_local_checks,1788532860000
2026-09-04:NY:8d5c8af5_8ef641a7-815c-4bb5-9798-b070b67d7998_deepseek_1781246265/v3/S1,0,1788532980000,29545.5,40.42233290909241,true,false,29720.5,2.439797211660369,limit,outside_band,outside_band,passes_known_local_checks,1788532920000
2026-09-04:NY:8d5c8af5_8ef641a7-815c-4bb5-9798-b070b67d7998_deepseek_1781246265/v3/S1,0,1788533040000,29533.75,41.17233290909241,true,false,29720.5,2.439797211660369,limit,outside_band,outside_band,passes_known_local_checks,1788532980000
2026-09-04:NY:8d5c8af5_8ef641a7-815c-4bb5-9798-b070b67d7998_deepseek_1781246265/v3/S1,0,1788533100000,29533.5,41.261618623378254,true,false,29720.5,2.439797211660369,limit,outside_band,outside_band,passes_known_local_checks,1788533040000
2026-09-04:NY:8d5c8af5_8ef641a7-815c-4bb5-9798-b070b67d7998_deepseek_1781246265/v3/S1,0,1788533160000,29532.25,39.49293157885124,true,false,29720.5,2.439797211660369,limit,outside_band,outside_band,passes_known_local_checks,1788533100000
2026-09-04:NY:8d5c8af5_8ef641a7-815c-4bb5-9798-b070b67d7998_deepseek_1781246265/v3/S1,0,1788533220000,29540.5,39.49293157885124,true,false,29720.5,2.439797211660369,limit,outside_band,outside_band,passes_known_local_checks,1788533160000
2026-09-04:NY:8d5c8af5_8ef641a7-815c-4bb5-9798-b070b67d7998_deepseek_1781246265/v3/S1,0,1788533280000,29533.75,39.671503007422665,true,false,29720.5,2.439797211660369,limit,outside_band,outside_band,passes_known_local_checks,1788533220000
2026-09-04:NY:8d5c8af5_8ef641a7-815c-4bb5-9798-b070b67d7998_deepseek_1781246265/v3/S1,0,1788533340000,29525.5,40.11793157885124,true,false,29720.5,2.439797211660369,limit,outside_band,outside_band,passes_known_local_checks,1788533280000
2026-09-04:NY:8d5c8af5_8ef641a7-815c-4bb5-9798-b070b67d7998_deepseek_1781246265/v3/S1,0,1788533400000,29511,40.760788721708806,true,false,29720.5,2.439797211660369,limit,outside_band,outside_band,passes_known_local_checks,1788533340000
2026-09-04:NY:8d5c8af5_8ef641a7-815c-4bb5-9798-b070b67d7998_deepseek_1781246265/v3/S1,0,1788533460000,29523.5,39.06358952730103,true,false,29720.5,2.439797211660369,limit,outside_band,outside_band,passes_known_local_checks,1788533400000
2026-09-04:NY:8d5c8af5_8ef641a7-815c-4bb5-9798-b070b67d7998_deepseek_1781246265/v3/S1,0,1788533520000,29524.5,39.70644667015818,true,false,29720.5,2.439797211660369,limit,outside_band,outside_band,passes_known_local_checks,1788533460000
2026-09-04:NY:8d5c8af5_8ef641a7-815c-4bb5-9798-b070b67d7998_deepseek_1781246265/v3/S1,0,1788533580000,29525.5,39.70644667015818,true,false,29720.5,2.439797211660369,limit,outside_band,outside_band,passes_known_local_checks,1788533520000
2026-09-04:NY:8d5c8af5_8ef641a7-815c-4bb5-9798-b070b67d7998_deepseek_1781246265/v3/S1,0,1788533640000,29520.5,39.70644667015818,true,false,29720.5,2.439797211660369,limit,outside_band,outside_band,passes_known_local_checks,1788533580000
2026-09-04:NY:8d5c8af5_8ef641a7-815c-4bb5-9798-b070b67d7998_deepseek_1781246265/v3/S1,0,1788533700000,29516.75,39.74216095587279,true,false,29720.5,2.439797211660369,limit,outside_band,outside_band,passes_known_local_checks,1788533640000
2026-09-04:NY:8d5c8af5_8ef641a7-815c-4bb5-9798-b070b67d7998_deepseek_1781246265/v3/S1,0,1788533760000,29521.25,38.08200660188187,true,false,29720.5,2.439797211660369,limit,outside_band,outside_band,passes_known_local_checks,1788533700000
2026-09-04:NY:8d5c8af5_8ef641a7-815c-4bb5-9798-b070b67d7998_deepseek_1781246265/v3/S1,0,1788533820000,29500.5,38.90343517331045,true,false,29720.5,2.439797211660369,limit,outside_band,outside_band,passes_known_local_checks,1788533760000
2026-09-04:NY:8d5c8af5_8ef641a7-815c-4bb5-9798-b070b67d7998_deepseek_1781246265/v3/S1,0,1788533880000,29520.25,38.90343517331045,true,false,29720.5,2.439797211660369,limit,outside_band,outside_band,passes_known_local_checks,1788533820000
2026-09-04:NY:8d5c8af5_8ef641a7-815c-4bb5-9798-b070b67d7998_deepseek_1781246265/v3/S1,0,1788533940000,29529.25,39.17129231616759,true,false,29720.5,2.439797211660369,limit,outside_band,outside_band,passes_known_local_checks,1788533880000
2026-09-04:NY:8d5c8af5_8ef641a7-815c-4bb5-9798-b070b67d7998_deepseek_1781246265/v3/S1,0,1788534000000,29520.75,39.17129231616804,true,false,29720.5,2.439797211660369,limit,outside_band,outside_band,passes_known_local_checks,1788533940000
2026-09-04:NY:8d5c8af5_8ef641a7-815c-4bb5-9798-b070b67d7998_deepseek_1781246265/v3/S1,0,1788534060000,29524.25,37.40905715072746,true,false,29720.5,2.439797211660369,limit,outside_band,outside_band,passes_known_local_checks,1788534000000
2026-09-04:NY:8d5c8af5_8ef641a7-815c-4bb5-9798-b070b67d7998_deepseek_1781246265/v3/S1,0,1788534120000,29521.25,37.42691429358461,true,false,29720.5,2.439797211660369,limit,outside_band,outside_band,passes_known_local_checks,1788534060000
2026-09-04:NY:8d5c8af5_8ef641a7-815c-4bb5-9798-b070b67d7998_deepseek_1781246265/v3/S1,0,1788534180000,29510.75,39.12334286501318,true,false,29720.5,2.439797211660369,limit,outside_band,outside_band,passes_known_local_checks,1788534120000
2026-09-04:NY:8d5c8af5_8ef641a7-815c-4bb5-9798-b070b67d7998_deepseek_1781246265/v3/S1,0,1788534240000,29504.25,39.12334286501318,true,false,29720.5,2.439797211660369,limit,outside_band,outside_band,passes_known_local_checks,1788534180000
2026-09-04:NY:8d5c8af5_8ef641a7-815c-4bb5-9798-b070b67d7998_deepseek_1781246265/v3/S1,0,1788534300000,29516.25,39.12334286501369,true,false,29720.5,2.439797211660369,limit,outside_band,outside_band,passes_known_local_checks,1788534240000
2026-09-04:NY:8d5c8af5_8ef641a7-815c-4bb5-9798-b070b67d7998_deepseek_1781246265/v3/S1,0,1788534360000,29511.25,37.31096123179843,true,false,29720.5,2.439797211660369,limit,outside_band,outside_band,passes_known_local_checks,1788534300000
2026-09-04:NY:8d5c8af5_8ef641a7-815c-4bb5-9798-b070b67d7998_deepseek_1781246265/v3/S1,0,1788534420000,29513,37.346675517512715,true,false,29720.5,2.439797211660369,limit,outside_band,outside_band,passes_known_local_checks,1788534360000
2026-09-04:NY:8d5c8af5_8ef641a7-815c-4bb5-9798-b070b67d7998_deepseek_1781246265/v3/S1,0,1788534480000,29524.25,37.86453266036985,true,false,29720.5,2.439797211660369,limit,outside_band,outside_band,passes_known_local_checks,1788534420000
2026-09-04:NY:8d5c8af5_8ef641a7-815c-4bb5-9798-b070b67d7998_deepseek_1781246265/v3/S1,0,1788534540000,29526,38.36453266036985,true,false,29720.5,2.439797211660369,limit,outside_band,outside_band,passes_known_local_checks,1788534480000
2026-09-04:NY:8d5c8af5_8ef641a7-815c-4bb5-9798-b070b67d7998_deepseek_1781246265/v3/S1,0,1788534600000,29526,38.364532660370465,true,false,29720.5,2.439797211660369,limit,outside_band,outside_band,passes_known_local_checks,1788534540000
2026-09-04:NY:8d5c8af5_8ef641a7-815c-4bb5-9798-b070b67d7998_deepseek_1781246265/v3/S1,0,1788534660000,29520,36.76706604177257,true,false,29720.5,2.439797211660369,limit,outside_band,outside_band,passes_known_local_checks,1788534600000
2026-09-04:NY:8d5c8af5_8ef641a7-815c-4bb5-9798-b070b67d7998_deepseek_1781246265/v3/S1,0,1788534720000,29524.75,37.08849461320114,true,false,29720.5,2.439797211660369,limit,outside_band,outside_band,passes_known_local_checks,1788534660000
2026-09-04:NY:8d5c8af5_8ef641a7-815c-4bb5-9798-b070b67d7998_deepseek_1781246265/v3/S1,0,1788534780000,29539.5,37.71349461320114,true,false,29720.5,2.439797211660369,limit,outside_band,outside_band,passes_known_local_checks,1788534720000
2026-09-04:NY:8d5c8af5_8ef641a7-815c-4bb5-9798-b070b67d7998_deepseek_1781246265/v3/S1,0,1788534840000,29534.5,37.73135175605829,true,false,29720.5,2.439797211660369,limit,outside_band,outside_band,passes_known_local_checks,1788534780000
2026-09-04:NY:8d5c8af5_8ef641a7-815c-4bb5-9798-b070b67d7998_deepseek_1781246265/v3/S1,0,1788534900000,29540.25,37.80278032748733,true,false,29720.5,2.439797211660369,limit,outside_band,outside_band,passes_known_local_checks,1788534840000
2026-09-04:NY:8d5c8af5_8ef641a7-815c-4bb5-9798-b070b67d7998_deepseek_1781246265/v3/S1,0,1788534960000,29535.75,35.85258173266681,true,false,29720.5,2.439797211660369,limit,outside_band,outside_band,passes_known_local_checks,1788534900000
2026-09-04:NY:8d5c8af5_8ef641a7-815c-4bb5-9798-b070b67d7998_deepseek_1781246265/v3/S1,0,1788535020000,29529.25,36.12043887552395,true,false,29720.5,2.439797211660369,limit,outside_band,outside_band,passes_known_local_checks,1788534960000
2026-09-04:NY:8d5c8af5_8ef641a7-815c-4bb5-9798-b070b67d7998_deepseek_1781246265/v3/S1,0,1788535080000,29519.25,37.12043887552396,true,false,29720.5,2.439797211660369,limit,outside_band,outside_band,passes_known_local_checks,1788535020000
2026-09-04:NY:8d5c8af5_8ef641a7-815c-4bb5-9798-b070b67d7998_deepseek_1781246265/v3/S1,0,1788535140000,29500.5,38.656153161238244,true,false,29720.5,2.439797211660369,limit,outside_band,outside_band,passes_known_local_checks,1788535080000
2026-09-04:NY:8d5c8af5_8ef641a7-815c-4bb5-9798-b070b67d7998_deepseek_1781246265/v3/S1,0,1788535200000,29501.25,38.65615316123823,true,false,29720.5,2.439797211660369,limit,outside_band,outside_band,passes_known_local_checks,1788535140000
2026-09-04:NY:8d5c8af5_8ef641a7-815c-4bb5-9798-b070b67d7998_deepseek_1781246265/v3/S1,0,1788535260000,29495.5,37.25214222114978,true,false,29720.5,2.439797211660369,limit,outside_band,outside_band,passes_known_local_checks,1788535200000
2026-09-04:NY:8d5c8af5_8ef641a7-815c-4bb5-9798-b070b67d7998_deepseek_1781246265/v3/S1,0,1788535320000,29489.5,37.51999936400693,true,false,29720.5,2.439797211660369,limit,outside_band,outside_band,passes_known_local_checks,1788535260000
2026-09-04:NY:8d5c8af5_8ef641a7-815c-4bb5-9798-b070b67d7998_deepseek_1781246265/v3/S1,0,1788535380000,29504.25,37.55571364972121,true,false,29720.5,2.439797211660369,limit,outside_band,outside_band,passes_known_local_checks,1788535320000
2026-09-04:NY:8d5c8af5_8ef641a7-815c-4bb5-9798-b070b67d7998_deepseek_1781246265/v3/S1,0,1788535440000,29501.5,37.80571364972121,true,false,29720.5,2.439797211660369,limit,outside_band,outside_band,passes_known_local_checks,1788535380000
2026-09-04:NY:8d5c8af5_8ef641a7-815c-4bb5-9798-b070b67d7998_deepseek_1781246265/v3/S1,0,1788535500000,29502.75,37.84142793543572,true,false,29720.5,2.439797211660369,limit,outside_band,outside_band,passes_known_local_checks,1788535440000
2026-09-04:NY:8d5c8af5_8ef641a7-815c-4bb5-9798-b070b67d7998_deepseek_1781246265/v3/S1,0,1788535560000,29505.25,36.37061165433317,true,false,29720.5,2.439797211660369,limit,outside_band,outside_band,passes_known_local_checks,1788535500000
2026-09-04:NY:8d5c8af5_8ef641a7-815c-4bb5-9798-b070b67d7998_deepseek_1781246265/v3/S1,0,1788535620000,29500.5,36.37061165433317,true,false,29720.5,2.439797211660369,limit,outside_band,outside_band,passes_known_local_checks,1788535560000
2026-09-04:NY:8d5c8af5_8ef641a7-815c-4bb5-9798-b070b67d7998_deepseek_1781246265/v3/S1,0,1788535680000,29503.75,36.37061165433317,true,false,29720.5,2.439797211660369,limit,outside_band,outside_band,passes_known_local_checks,1788535620000
2026-09-04:NY:8d5c8af5_8ef641a7-815c-4bb5-9798-b070b67d7998_deepseek_1781246265/v3/S1,0,1788535740000,29506.75,36.37061165433317,true,false,29720.5,2.439797211660369,limit,outside_band,outside_band,passes_known_local_checks,1788535680000
2026-09-04:NY:8d5c8af5_8ef641a7-815c-4bb5-9798-b070b67d7998_deepseek_1781246265/v3/S1,0,1788535800000,29507.25,36.37061165433326,true,false,29720.5,2.439797211660369,limit,outside_band,outside_band,passes_known_local_checks,1788535740000
2026-09-04:NY:8d5c8af5_8ef641a7-815c-4bb5-9798-b070b67d7998_deepseek_1781246265/v3/S1,0,1788535860000,29485,35.9869965361666,true,false,29720.5,2.439797211660369,limit,outside_band,outside_band,passes_known_local_checks,1788535800000
2026-09-04:NY:8d5c8af5_8ef641a7-815c-4bb5-9798-b070b67d7998_deepseek_1781246265/v3/S1,0,1788535920000,29487.75,36.129853679023746,true,false,29720.5,2.439797211660369,limit,outside_band,outside_band,passes_known_local_checks,1788535860000
2026-09-04:NY:8d5c8af5_8ef641a7-815c-4bb5-9798-b070b67d7998_deepseek_1781246265/v3/S1,0,1788535980000,29487.75,36.129853679023746,true,false,29720.5,2.439797211660369,limit,outside_band,outside_band,passes_known_local_checks,1788535920000
2026-09-04:NY:8d5c8af5_8ef641a7-815c-4bb5-9798-b070b67d7998_deepseek_1781246265/v3/S1,0,1788536040000,29498.25,36.129853679023746,true,false,29720.5,2.439797211660369,limit,outside_band,outside_band,passes_known_local_checks,1788535980000
2026-09-04:NY:8d5c8af5_8ef641a7-815c-4bb5-9798-b070b67d7998_deepseek_1781246265/v3/S1,0,1788536100000,29491.75,36.129853679023306,true,false,29720.5,2.439797211660369,limit,outside_band,outside_band,passes_known_local_checks,1788536040000
2026-09-04:NY:8d5c8af5_8ef641a7-815c-4bb5-9798-b070b67d7998_deepseek_1781246265/v3/S1,0,1788536160000,29499,34.76343555909307,true,false,29720.5,2.439797211660369,limit,outside_band,outside_band,passes_known_local_checks,1788536100000
2026-09-04:NY:8d5c8af5_8ef641a7-815c-4bb5-9798-b070b67d7998_deepseek_1781246265/v3/S1,0,1788536220000,29495.25,34.76343555909307,true,false,29720.5,2.439797211660369,limit,outside_band,outside_band,passes_known_local_checks,1788536160000
2026-09-04:NY:8d5c8af5_8ef641a7-815c-4bb5-9798-b070b67d7998_deepseek_1781246265/v3/S1,0,1788536280000,29493.75,34.76343555909307,true,false,29720.5,2.439797211660369,limit,outside_band,outside_band,passes_known_local_checks,1788536220000
2026-09-04:NY:8d5c8af5_8ef641a7-815c-4bb5-9798-b070b67d7998_deepseek_1781246265/v3/S1,0,1788536340000,29501.5,34.76343555909307,true,false,29720.5,2.439797211660369,limit,outside_band,outside_band,passes_known_local_checks,1788536280000
2026-09-04:NY:8d5c8af5_8ef641a7-815c-4bb5-9798-b070b67d7998_deepseek_1781246265/v3/S1,0,1788536400000,29501.5,34.76343555909269,true,false,29720.5,2.439797211660369,limit,outside_band,outside_band,passes_known_local_checks,1788536340000
2026-09-04:NY:8d5c8af5_8ef641a7-815c-4bb5-9798-b070b67d7998_deepseek_1781246265/v3/S1,0,1788536460000,29501.25,32.833904447728926,true,false,29720.5,2.439797211660369,limit,outside_band,outside_band,passes_known_local_checks,1788536400000
2026-09-04:NY:8d5c8af5_8ef641a7-815c-4bb5-9798-b070b67d7998_deepseek_1781246265/v3/S1,0,1788536520000,29511.25,33.31604730487179,true,false,29720.5,2.439797211660369,limit,outside_band,outside_band,passes_known_local_checks,1788536460000
2026-09-04:NY:8d5c8af5_8ef641a7-815c-4bb5-9798-b070b67d7998_deepseek_1781246265/v3/S1,0,1788536580000,29521.5,34.17319016201464,true,false,29720.5,2.439797211660369,limit,outside_band,outside_band,passes_known_local_checks,1788536520000
2026-09-04:NY:8d5c8af5_8ef641a7-815c-4bb5-9798-b070b67d7998_deepseek_1781246265/v3/S1,0,1788536640000,29520.75,34.19104730487179,true,false,29720.5,2.439797211660369,limit,outside_band,outside_band,passes_known_local_checks,1788536580000
2026-09-04:NY:8d5c8af5_8ef641a7-815c-4bb5-9798-b070b67d7998_deepseek_1781246265/v3/S1,0,1788536700000,29520.5,34.19104730487151,true,false,29720.5,2.439797211660369,limit,outside_band,outside_band,passes_known_local_checks,1788536640000
2026-09-04:NY:8d5c8af5_8ef641a7-815c-4bb5-9798-b070b67d7998_deepseek_1781246265/v3/S1,0,1788536760000,29520,32.480972497380684,true,false,29720.5,2.439797211660369,limit,outside_band,outside_band,passes_known_local_checks,1788536700000
2026-09-04:NY:8d5c8af5_8ef641a7-815c-4bb5-9798-b070b67d7998_deepseek_1781246265/v3/S1,0,1788536820000,29507.75,32.855972497380684,true,false,29720.5,2.439797211660369,limit,outside_band,outside_band,passes_known_local_checks,1788536760000
2026-09-04:NY:8d5c8af5_8ef641a7-815c-4bb5-9798-b070b67d7998_deepseek_1781246265/v3/S1,0,1788536880000,29494.75,33.980972497380684,true,false,29720.5,2.439797211660369,limit,outside_band,outside_band,passes_known_local_checks,1788536820000
2026-09-04:NY:8d5c8af5_8ef641a7-815c-4bb5-9798-b070b67d7998_deepseek_1781246265/v3/S1,0,1788536940000,29496.25,34.284543925952114,true,false,29720.5,2.439797211660369,limit,outside_band,outside_band,passes_known_local_checks,1788536880000
2026-09-04:NY:8d5c8af5_8ef641a7-815c-4bb5-9798-b070b67d7998_deepseek_1781246265/v3/S1,0,1788537000000,29501.75,34.2845439259516,true,false,29720.5,2.439797211660369,limit,outside_band,outside_band,passes_known_local_checks,1788536940000
2026-09-04:NY:8d5c8af5_8ef641a7-815c-4bb5-9798-b070b67d7998_deepseek_1781246265/v3/S1,0,1788537060000,29499.25,33.15707650266935,true,false,29720.5,2.439797211660369,limit,outside_band,outside_band,passes_known_local_checks,1788537000000
2026-09-04:NY:8d5c8af5_8ef641a7-815c-4bb5-9798-b070b67d7998_deepseek_1781246265/v3/S1,0,1788537120000,29502,33.22850507409792,true,false,29720.5,2.439797211660369,limit,outside_band,outside_band,passes_known_local_checks,1788537060000
2026-09-04:NY:8d5c8af5_8ef641a7-815c-4bb5-9798-b070b67d7998_deepseek_1781246265/v3/S1,0,1788537180000,29501.75,33.22850507409792,true,false,29720.5,2.439797211660369,limit,outside_band,outside_band,passes_known_local_checks,1788537120000
2026-09-04:NY:8d5c8af5_8ef641a7-815c-4bb5-9798-b070b67d7998_deepseek_1781246265/v3/S1,0,1788537240000,29502.25,33.37136221695506,true,false,29720.5,2.439797211660369,limit,outside_band,outside_band,passes_known_local_checks,1788537180000
2026-09-04:NY:8d5c8af5_8ef641a7-815c-4bb5-9798-b070b67d7998_deepseek_1781246265/v3/S1,0,1788537300000,29504,33.37136221695482,true,false,29720.5,2.439797211660369,limit,outside_band,outside_band,passes_known_local_checks,1788537240000
2026-09-04:NY:8d5c8af5_8ef641a7-815c-4bb5-9798-b070b67d7998_deepseek_1781246265/v3/S1,0,1788537360000,29508.75,31.666264915743763,true,false,29720.5,2.439797211660369,limit,outside_band,outside_band,passes_known_local_checks,1788537300000
2026-09-04:NY:8d5c8af5_8ef641a7-815c-4bb5-9798-b070b67d7998_deepseek_1781246265/v3/S1,0,1788537420000,29506.5,31.666264915743763,true,false,29720.5,2.439797211660369,limit,outside_band,outside_band,passes_known_local_checks,1788537360000
2026-09-04:NY:8d5c8af5_8ef641a7-815c-4bb5-9798-b070b67d7998_deepseek_1781246265/v3/S1,0,1788537480000,29512.5,32.237693487172336,true,false,29720.5,2.439797211660369,limit,outside_band,outside_band,passes_known_local_checks,1788537420000
2026-09-04:NY:8d5c8af5_8ef641a7-815c-4bb5-9798-b070b67d7998_deepseek_1781246265/v3/S1,0,1788537540000,29509.75,32.237693487172336,true,false,29720.5,2.439797211660369,limit,outside_band,outside_band,passes_known_local_checks,1788537480000
2026-09-04:NY:8d5c8af5_8ef641a7-815c-4bb5-9798-b070b67d7998_deepseek_1781246265/v3/S1,0,1788537600000,29515.25,32.54126491574349,true,false,29720.5,2.439797211660369,limit,outside_band,outside_band,passes_known_local_checks,1788537540000
2026-09-04:NY:8d5c8af5_8ef641a7-815c-4bb5-9798-b070b67d7998_deepseek_1781246265/v3/S1,0,1788537660000,29519,31.002603136047526,true,false,29720.5,2.439797211660369,limit,outside_band,outside_band,passes_known_local_checks,1788537600000
2026-09-04:NY:8d5c8af5_8ef641a7-815c-4bb5-9798-b070b67d7998_deepseek_1781246265/v3/S1,0,1788537720000,29513.5,31.09188885033324,true,false,29720.5,2.439797211660369,limit,outside_band,outside_band,passes_known_local_checks,1788537660000
2026-09-04:NY:8d5c8af5_8ef641a7-815c-4bb5-9798-b070b67d7998_deepseek_1781246265/v3/S1,0,1788537780000,29513.25,31.09188885033324,true,false,29720.5,2.439797211660369,limit,outside_band,outside_band,passes_known_local_checks,1788537720000
2026-09-04:NY:8d5c8af5_8ef641a7-815c-4bb5-9798-b070b67d7998_deepseek_1781246265/v3/S2,0,1788530160000,29675.75,38.16040909645613,false,false,29648.260613644685,1.9133267976446828,stop_entry,cancel_wrong_side,send_valid_stop,waiting_confirm,1788530100000
2026-09-04:NY:8d5c8af5_8ef641a7-815c-4bb5-9798-b070b67d7998_deepseek_1781246265/v3/S2,0,1788530220000,29678.25,38.83898052502756,false,false,29649.278470787543,1.8798982966682716,stop_entry,cancel_wrong_side,send_valid_stop,waiting_confirm,1788530160000
2026-09-04:NY:8d5c8af5_8ef641a7-815c-4bb5-9798-b070b67d7998_deepseek_1781246265/v3/S2,0,1788530280000,29685.5,38.94612338217041,false,false,29649.439185073257,1.874726596453955,stop_entry,cancel_wrong_side,send_valid_stop,waiting_confirm,1788530220000
2026-09-04:NY:8d5c8af5_8ef641a7-815c-4bb5-9798-b070b67d7998_deepseek_1781246265/v3/S2,0,1788530340000,29688.5,39.28540909645613,false,false,29649.948113644685,1.8585356500696297,stop_entry,cancel_wrong_side,send_valid_stop,waiting_confirm,1788530280000
2026-09-04:NY:8d5c8af5_8ef641a7-815c-4bb5-9798-b070b67d7998_deepseek_1781246265/v3/S2,0,1788530400000,29691.25,39.28540909645618,false,true,29649.948113644685,1.8585356500696297,stop_entry,cancel_wrong_side,send_valid_stop,waiting_confirm,1788530340000
2026-09-04:NY:8d5c8af5_8ef641a7-815c-4bb5-9798-b070b67d7998_deepseek_1781246265/v3/S2,0,1788530460000,29682,37.693594160995026,false,true,29647.56039124149,1.9370223232489918,stop_entry,cancel_wrong_side,send_valid_stop,waiting_confirm,1788530400000
2026-09-04:NY:8d5c8af5_8ef641a7-815c-4bb5-9798-b070b67d7998_deepseek_1781246265/v3/S2,0,1788530520000,29658.25,39.140022732423596,false,true,29649.730034098637,1.8654392163356697,stop_entry,cancel_wrong_side,send_valid_stop,waiting_confirm,1788530460000
2026-09-04:NY:8d5c8af5_8ef641a7-815c-4bb5-9798-b070b67d7998_deepseek_1781246265/v3/S2,0,1788530580000,29669,39.140022732423596,false,true,29649.730034098637,1.8654392163356697,stop_entry,cancel_wrong_side,send_valid_stop,waiting_confirm,1788530520000
2026-09-04:NY:8d5c8af5_8ef641a7-815c-4bb5-9798-b070b67d7998_deepseek_1781246265/v3/S2,0,1788530640000,29673.5,39.140022732423596,false,true,29649.730034098637,1.8654392163356697,stop_entry,cancel_wrong_side,send_valid_stop,waiting_confirm,1788530580000
2026-09-04:NY:8d5c8af5_8ef641a7-815c-4bb5-9798-b070b67d7998_deepseek_1781246265/v3/S2,0,1788530700000,29668.5,39.14002273242355,false,true,29649.730034098637,1.8654392163356697,stop_entry,cancel_wrong_side,send_valid_stop,waiting_confirm,1788530640000
2026-09-04:NY:8d5c8af5_8ef641a7-815c-4bb5-9798-b070b67d7998_deepseek_1781246265/v3/S2,0,1788530760000,29662.25,37.397878251536156,false,true,29647.116817377304,1.9523389226054677,stop_entry,cancel_wrong_side,send_valid_stop,waiting_confirm,1788530700000
2026-09-04:NY:8d5c8af5_8ef641a7-815c-4bb5-9798-b070b67d7998_deepseek_1781246265/v3/S2,0,1788530820000,29674,37.80859253725044,false,true,29647.732888805876,1.9311306883851265,stop_entry,cancel_wrong_side,send_valid_stop,waiting_confirm,1788530760000
2026-09-04:NY:8d5c8af5_8ef641a7-815c-4bb5-9798-b070b67d7998_deepseek_1781246265/v3/S2,0,1788530880000,29651.75,38.36216396582187,false,true,29648.56324594873,1.9032642005906095,stop_entry,cancel_wrong_side,send_valid_stop,waiting_confirm,1788530820000
2026-09-04:NY:8d5c8af5_8ef641a7-815c-4bb5-9798-b070b67d7998_deepseek_1781246265/v3/S2,0,1788530940000,29653.75,38.522878251536156,false,true,29648.804317377304,1.8953239385850669,stop_entry,cancel_wrong_side,send_valid_stop,waiting_confirm,1788530880000
2026-09-04:NY:8d5c8af5_8ef641a7-815c-4bb5-9798-b070b67d7998_deepseek_1781246265/v3/S2,0,1788531000000,29644.25,38.82644968010769,false,true,29649.259674520163,1.8805050148775346,stop_entry,cancel_wrong_side,send_valid_stop,waiting_confirm,1788530940000
2026-09-04:NY:8d5c8af5_8ef641a7-815c-4bb5-9798-b070b67d7998_deepseek_1781246265/v3/S2,0,1788531060000,29630.5,37.874560417242854,false,true,29647.831840625866,1.9277671484232441,stop_entry,cancel_wrong_side,send_valid_stop,waiting_confirm,1788531000000
2026-09-04:NY:8d5c8af5_8ef641a7-815c-4bb5-9798-b070b67d7998_deepseek_1781246265/v3/S2,0,1788531120000,29626.5,38.249560417242854,false,true,29648.394340625866,1.908867253293134,stop_entry,cancel_wrong_side,send_valid_stop,waiting_confirm,1788531060000
2026-09-04:NY:8d5c8af5_8ef641a7-815c-4bb5-9798-b070b67d7998_deepseek_1781246265/v3/S2,0,1788531180000,29606.25,40.374560417242854,false,true,29651.581840625866,1.8083994619084511,stop_entry,cancel_wrong_side,send_valid_stop,waiting_confirm,1788531120000
2026-09-04:NY:8d5c8af5_8ef641a7-815c-4bb5-9798-b070b67d7998_deepseek_1781246265/v3/S2,0,1788531240000,29622.5,40.374560417242854,false,true,29651.581840625866,1.8083994619084511,stop_entry,cancel_wrong_side,send_valid_stop,waiting_confirm,1788531180000
2026-09-04:NY:8d5c8af5_8ef641a7-815c-4bb5-9798-b070b67d7998_deepseek_1781246265/v3/S2,0,1788531300000,29648.25,40.37456041724295,false,true,29651.581840625866,1.8083994619084511,stop_entry,cancel_wrong_side,send_valid_stop,waiting_confirm,1788531240000
2026-09-04:NY:8d5c8af5_8ef641a7-815c-4bb5-9798-b070b67d7998_deepseek_1781246265/v3/S2,0,1788531360000,29634.5,39.115663244582734,false,true,29649.693494866875,1.8666009285537286,stop_entry,cancel_wrong_side,send_valid_stop,waiting_confirm,1788531300000
2026-09-04:NY:8d5c8af5_8ef641a7-815c-4bb5-9798-b070b67d7998_deepseek_1781246265/v3/S2,0,1788531420000,29620.75,39.669234673154165,false,true,29650.52385200973,1.8405531121261292,stop_entry,cancel_wrong_side,send_valid_stop,waiting_confirm,1788531360000
2026-09-04:NY:8d5c8af5_8ef641a7-815c-4bb5-9798-b070b67d7998_deepseek_1781246265/v3/S2,0,1788531480000,29618,40.02637753029702,false,true,29651.059566295447,1.8241304319399405,stop_entry,cancel_wrong_side,send_valid_stop,waiting_confirm,1788531420000
2026-09-04:NY:8d5c8af5_8ef641a7-815c-4bb5-9798-b070b67d7998_deepseek_1781246265/v3/S2,0,1788531540000,29621.75,40.13352038743988,false,true,29651.22028058116,1.8192606237498818,stop_entry,cancel_wrong_side,send_valid_stop,waiting_confirm,1788531480000
2026-09-04:NY:8d5c8af5_8ef641a7-815c-4bb5-9798-b070b67d7998_deepseek_1781246265/v3/S2,0,1788531600000,29601.25,41.04423467315432,false,true,29652.586352009734,1.7788937694844424,stop_entry,cancel_wrong_side,send_valid_stop,waiting_confirm,1788531540000
2026-09-04:NY:8d5c8af5_8ef641a7-815c-4bb5-9798-b070b67d7998_deepseek_1781246265/v3/S2,0,1788531660000,29588.5,40.0410750536433,true,true,29651.081612580467,1.823460864512641,stop_entry,send_stop_price_zero,cancel_already_through,rr_refused,1788531600000
2026-09-04:NY:8d5c8af5_8ef641a7-815c-4bb5-9798-b070b67d7998_deepseek_1781246265/v3/S2,0,1788531720000,29606.25,40.20178933935758,false,true,29651.322684009036,1.8161712334991766,stop_entry,cancel_wrong_side,send_valid_stop,waiting_confirm,1788531660000
2026-09-04:NY:8d5c8af5_8ef641a7-815c-4bb5-9798-b070b67d7998_deepseek_1781246265/v3/S2,0,1788531780000,29609.5,40.487503625071874,false,true,29651.751255437608,1.8033547834774475,stop_entry,cancel_wrong_side,send_valid_stop,waiting_confirm,1788531720000
2026-09-04:NY:8d5c8af5_8ef641a7-815c-4bb5-9798-b070b67d7998_deepseek_1781246265/v3/S2,0,1788531840000,29609.25,40.487503625071874,false,true,29651.751255437608,1.8033547834774475,stop_entry,cancel_wrong_side,send_valid_stop,waiting_confirm,1788531780000
2026-09-04:NY:8d5c8af5_8ef641a7-815c-4bb5-9798-b070b67d7998_deepseek_1781246265/v3/S2,0,1788531900000,29596,40.48750362507167,false,true,29651.751255437608,1.8033547834774475,stop_entry,cancel_wrong_side,send_valid_stop,waiting_confirm,1788531840000
2026-09-04:NY:8d5c8af5_8ef641a7-815c-4bb5-9798-b070b67d7998_deepseek_1781246265/v3/S2,0,1788531960000,29585.5,38.97053908042369,true,true,29649.475808620635,1.8735520487067716,stop_entry,send_stop_price_zero,cancel_already_through,rr_refused,1788531900000
2026-09-04:NY:8d5c8af5_8ef641a7-815c-4bb5-9798-b070b67d7998_deepseek_1781246265/v3/S2,0,1788532020000,29578.5,40.36339622328084,true,true,29651.56509433492,1.808899650798506,stop_entry,send_stop_price_zero,cancel_already_through,rr_refused,1788531960000
2026-09-04:NY:8d5c8af5_8ef641a7-815c-4bb5-9798-b070b67d7998_deepseek_1781246265/v3/S2,0,1788532080000,29577,40.36339622328084,true,true,29651.56509433492,1.808899650798506,stop_entry,send_stop_price_zero,cancel_already_through,rr_refused,1788532020000
2026-09-04:NY:8d5c8af5_8ef641a7-815c-4bb5-9798-b070b67d7998_deepseek_1781246265/v3/S2,0,1788532140000,29589.5,40.36339622328084,true,true,29651.56509433492,1.808899650798506,stop_entry,send_stop_price_zero,cancel_already_through,rr_refused,1788532080000
2026-09-04:NY:8d5c8af5_8ef641a7-815c-4bb5-9798-b070b67d7998_deepseek_1781246265/v3/S2,0,1788532200000,29595.75,40.36339622328087,false,true,29651.56509433492,1.808899650798506,stop_entry,cancel_wrong_side,send_valid_stop,waiting_confirm,1788532140000
2026-09-04:NY:8d5c8af5_8ef641a7-815c-4bb5-9798-b070b67d7998_deepseek_1781246265/v3/S2,0,1788532260000,29567.75,39.658867921617954,true,true,29650.508301882426,1.8410342291575021,stop_entry,send_stop_price_zero,cancel_already_through,rr_refused,1788532200000
2026-09-04:NY:8d5c8af5_8ef641a7-815c-4bb5-9798-b070b67d7998_deepseek_1781246265/v3/S2,0,1788532320000,29564.25,40.58743935018938,true,true,29651.901159025285,1.7989145041492378,stop_entry,send_stop_price_zero,cancel_already_through,rr_refused,1788532260000
2026-09-04:NY:8d5c8af5_8ef641a7-815c-4bb5-9798-b070b67d7998_deepseek_1781246265/v3/S2,0,1788532380000,29576.5,40.58743935018938,true,true,29651.901159025285,1.7989145041492378,stop_entry,send_stop_price_zero,cancel_already_through,rr_refused,1788532320000
2026-09-04:NY:8d5c8af5_8ef641a7-815c-4bb5-9798-b070b67d7998_deepseek_1781246265/v3/S2,0,1788532440000,29567.5,40.58743935018938,true,true,29651.901159025285,1.7989145041492378,stop_entry,send_stop_price_zero,cancel_already_through,rr_refused,1788532380000
2026-09-04:NY:8d5c8af5_8ef641a7-815c-4bb5-9798-b070b67d7998_deepseek_1781246265/v3/S2,0,1788532500000,29559,40.58743935018975,true,false,29651.901159025285,1.7989145041492378,stop_entry,send_stop_price_zero,cancel_already_through,rr_refused,1788532440000
2026-09-04:NY:8d5c8af5_8ef641a7-815c-4bb5-9798-b070b67d7998_deepseek_1781246265/v3/S2,0,1788532560000,29571.5,38.8490508251762,true,false,29649.293576237764,1.8794109967293822,stop_entry,send_stop_price_zero,cancel_already_through,rr_refused,1788532500000
2026-09-04:NY:8d5c8af5_8ef641a7-815c-4bb5-9798-b070b67d7998_deepseek_1781246265/v3/S2,0,1788532620000,29582.75,39.77762225374762,true,false,29650.686433380622,1.835537902883423,stop_entry,send_stop_price_zero,cancel_already_through,rr_refused,1788532560000
2026-09-04:NY:8d5c8af5_8ef641a7-815c-4bb5-9798-b070b67d7998_deepseek_1781246265/v3/S2,0,1788532680000,29582.5,39.9740508251762,true,false,29650.981076237764,1.8265182493676626,stop_entry,send_stop_price_zero,cancel_already_through,rr_refused,1788532620000
2026-09-04:NY:8d5c8af5_8ef641a7-815c-4bb5-9798-b070b67d7998_deepseek_1781246265/v3/S2,0,1788532740000,29578.5,39.9740508251762,true,false,29650.981076237764,1.8265182493676626,stop_entry,send_stop_price_zero,cancel_already_through,rr_refused,1788532680000
2026-09-04:NY:8d5c8af5_8ef641a7-815c-4bb5-9798-b070b67d7998_deepseek_1781246265/v3/S2,0,1788532800000,29588,39.97405082517645,true,false,29650.981076237764,1.8265182493676626,stop_entry,send_stop_price_zero,cancel_already_through,rr_refused,1788532740000
2026-09-04:NY:8d5c8af5_8ef641a7-815c-4bb5-9798-b070b67d7998_deepseek_1781246265/v3/S2,0,1788532860000,29570.75,38.52947576623527,true,false,29648.81421364935,1.8949993967299184,stop_entry,send_stop_price_zero,cancel_already_through,rr_refused,1788532800000
2026-09-04:NY:8d5c8af5_8ef641a7-815c-4bb5-9798-b070b67d7998_deepseek_1781246265/v3/S2,0,1788532920000,29572.75,38.97590433766384,true,false,29649.483856506497,1.8732941434992636,stop_entry,send_stop_price_zero,cancel_already_through,rr_refused,1788532860000
2026-09-04:NY:8d5c8af5_8ef641a7-815c-4bb5-9798-b070b67d7998_deepseek_1781246265/v3/S2,0,1788532980000,29545.5,40.42233290909241,true,false,29651.653499363638,1.8062622337394048,stop_entry,send_stop_price_zero,cancel_already_through,rr_refused,1788532920000
2026-09-04:NY:8d5c8af5_8ef641a7-815c-4bb5-9798-b070b67d7998_deepseek_1781246265/v3/S2,0,1788533040000,29533.75,41.17233290909241,true,false,29652.778499363638,1.773359151023744,stop_entry,send_stop_price_zero,cancel_already_through,rr_refused,1788532980000
2026-09-04:NY:8d5c8af5_8ef641a7-815c-4bb5-9798-b070b67d7998_deepseek_1781246265/v3/S2,0,1788533100000,29533.5,41.261618623378254,true,false,29652.91242793507,1.7695217921471436,stop_entry,send_stop_price_zero,cancel_already_through,rr_refused,1788533040000
2026-09-04:NY:8d5c8af5_8ef641a7-815c-4bb5-9798-b070b67d7998_deepseek_1781246265/v3/S2,0,1788533160000,29532.25,39.49293157885124,true,false,29650.259397368278,1.848769651033759,stop_entry,send_stop_price_zero,cancel_already_through,rr_refused,1788533100000
2026-09-04:NY:8d5c8af5_8ef641a7-815c-4bb5-9798-b070b67d7998_deepseek_1781246265/v3/S2,0,1788533220000,29540.5,39.49293157885124,true,false,29650.259397368278,1.848769651033759,stop_entry,send_stop_price_zero,cancel_already_through,rr_refused,1788533160000
2026-09-04:NY:8d5c8af5_8ef641a7-815c-4bb5-9798-b070b67d7998_deepseek_1781246265/v3/S2,0,1788533280000,29533.75,39.671503007422665,true,false,29650.527254511133,1.840447873116238,stop_entry,send_stop_price_zero,cancel_already_through,rr_refused,1788533220000
2026-09-04:NY:8d5c8af5_8ef641a7-815c-4bb5-9798-b070b67d7998_deepseek_1781246265/v3/S2,0,1788533340000,29525.5,40.11793157885124,true,false,29651.196897368278,1.8199675421906099,stop_entry,send_stop_price_zero,cancel_already_through,rr_refused,1788533280000
2026-09-04:NY:8d5c8af5_8ef641a7-815c-4bb5-9798-b070b67d7998_deepseek_1781246265/v3/S2,0,1788533400000,29511,40.760788721708806,true,false,29652.161183082564,1.7912639971671325,stop_entry,send_stop_price_zero,cancel_already_through,rr_refused,1788533340000
2026-09-04:NY:8d5c8af5_8ef641a7-815c-4bb5-9798-b070b67d7998_deepseek_1781246265/v3/S2,0,1788533460000,29523.5,39.06358952730103,true,false,29649.61538429095,1.869089200886314,stop_entry,send_stop_price_zero,cancel_already_through,rr_refused,1788533400000
2026-09-04:NY:8d5c8af5_8ef641a7-815c-4bb5-9798-b070b67d7998_deepseek_1781246265/v3/S2,0,1788533520000,29524.5,39.70644667015818,true,false,29650.579670005238,1.838828186764126,stop_entry,send_stop_price_zero,cancel_already_through,rr_refused,1788533460000
2026-09-04:NY:8d5c8af5_8ef641a7-815c-4bb5-9798-b070b67d7998_deepseek_1781246265/v3/S2,0,1788533580000,29525.5,39.70644667015818,true,false,29650.579670005238,1.838828186764126,stop_entry,send_stop_price_zero,cancel_already_through,rr_refused,1788533520000
2026-09-04:NY:8d5c8af5_8ef641a7-815c-4bb5-9798-b070b67d7998_deepseek_1781246265/v3/S2,0,1788533640000,29520.5,39.70644667015818,true,false,29650.579670005238,1.838828186764126,stop_entry,send_stop_price_zero,cancel_already_through,rr_refused,1788533580000
2026-09-04:NY:8d5c8af5_8ef641a7-815c-4bb5-9798-b070b67d7998_deepseek_1781246265/v3/S2,0,1788533700000,29516.75,39.74216095587279,true,false,29650.63324143381,1.8371757241485234,stop_entry,send_stop_price_zero,cancel_already_through,rr_refused,1788533640000
2026-09-04:NY:8d5c8af5_8ef641a7-815c-4bb5-9798-b070b67d7998_deepseek_1781246265/v3/S2,0,1788533760000,29521.25,38.08200660188187,true,false,29648.143009902822,1.9172659176453968,stop_entry,send_stop_price_zero,cancel_already_through,rr_refused,1788533700000
2026-09-04:NY:8d5c8af5_8ef641a7-815c-4bb5-9798-b070b67d7998_deepseek_1781246265/v3/S2,0,1788533820000,29500.5,38.90343517331045,true,false,29649.375152759967,1.8767837083811816,stop_entry,send_stop_price_zero,cancel_already_through,rr_refused,1788533760000
2026-09-04:NY:8d5c8af5_8ef641a7-815c-4bb5-9798-b070b67d7998_deepseek_1781246265/v3/S2,0,1788533880000,29520.25,38.90343517331045,true,false,29649.375152759967,1.8767837083811816,stop_entry,send_stop_price_zero,cancel_already_through,rr_refused,1788533820000
2026-09-04:NY:8d5c8af5_8ef641a7-815c-4bb5-9798-b070b67d7998_deepseek_1781246265/v3/S2,0,1788533940000,29529.25,39.17129231616759,true,false,29649.776938474253,1.8639500771128825,stop_entry,send_stop_price_zero,cancel_already_through,rr_refused,1788533880000
2026-09-04:NY:8d5c8af5_8ef641a7-815c-4bb5-9798-b070b67d7998_deepseek_1781246265/v3/S2,0,1788534000000,29520.75,39.17129231616804,true,false,29649.776938474253,1.8639500771128825,stop_entry,send_stop_price_zero,cancel_already_through,rr_refused,1788533940000
2026-09-04:NY:8d5c8af5_8ef641a7-815c-4bb5-9798-b070b67d7998_deepseek_1781246265/v3/S2,0,1788534060000,29524.25,37.40905715072746,true,false,29647.133585726093,1.9517555077410498,stop_entry,send_stop_price_zero,cancel_already_through,rr_refused,1788534000000
2026-09-04:NY:8d5c8af5_8ef641a7-815c-4bb5-9798-b070b67d7998_deepseek_1781246265/v3/S2,0,1788534120000,29521.25,37.42691429358461,true,false,29647.16037144038,1.9508242854486846,stop_entry,send_stop_price_zero,cancel_already_through,rr_refused,1788534060000
2026-09-04:NY:8d5c8af5_8ef641a7-815c-4bb5-9798-b070b67d7998_deepseek_1781246265/v3/S2,0,1788534180000,29510.75,39.12334286501318,true,false,29649.70501429752,1.8662345287121926,stop_entry,send_stop_price_zero,cancel_already_through,rr_refused,1788534120000
2026-09-04:NY:8d5c8af5_8ef641a7-815c-4bb5-9798-b070b67d7998_deepseek_1781246265/v3/S2,0,1788534240000,29504.25,39.12334286501318,true,false,29649.70501429752,1.8662345287121926,stop_entry,send_stop_price_zero,cancel_already_through,rr_refused,1788534180000
2026-09-04:NY:8d5c8af5_8ef641a7-815c-4bb5-9798-b070b67d7998_deepseek_1781246265/v3/S2,0,1788534300000,29516.25,39.12334286501369,true,false,29649.70501429752,1.8662345287121926,stop_entry,send_stop_price_zero,cancel_already_through,rr_refused,1788534240000
2026-09-04:NY:8d5c8af5_8ef641a7-815c-4bb5-9798-b070b67d7998_deepseek_1781246265/v3/S2,0,1788534360000,29511.25,37.31096123179843,true,false,29646.986441847697,1.9568869555445476,stop_entry,send_stop_price_zero,cancel_already_through,rr_refused,1788534300000
2026-09-04:NY:8d5c8af5_8ef641a7-815c-4bb5-9798-b070b67d7998_deepseek_1781246265/v3/S2,0,1788534420000,29513,37.346675517512715,true,false,29647.04001327627,1.9550156023685612,stop_entry,send_stop_price_zero,cancel_already_through,rr_refused,1788534360000
2026-09-04:NY:8d5c8af5_8ef641a7-815c-4bb5-9798-b070b67d7998_deepseek_1781246265/v3/S2,0,1788534480000,29524.25,37.86453266036985,true,false,29647.816798990556,1.928277683716154,stop_entry,send_stop_price_zero,cancel_already_through,rr_refused,1788534420000
2026-09-04:NY:8d5c8af5_8ef641a7-815c-4bb5-9798-b070b67d7998_deepseek_1781246265/v3/S2,0,1788534540000,29526,38.36453266036985,true,false,29648.566798990556,1.9031466896703433,stop_entry,send_stop_price_zero,cancel_already_through,rr_refused,1788534480000
2026-09-04:NY:8d5c8af5_8ef641a7-815c-4bb5-9798-b070b67d7998_deepseek_1781246265/v3/S2,0,1788534600000,29526,38.364532660370465,true,false,29648.566798990556,1.9031466896703433,stop_entry,send_stop_price_zero,cancel_already_through,rr_refused,1788534540000
2026-09-04:NY:8d5c8af5_8ef641a7-815c-4bb5-9798-b070b67d7998_deepseek_1781246265/v3/S2,0,1788534660000,29520,36.76706604177257,true,false,29646.170599062658,1.9858351833236323,stop_entry,send_stop_price_zero,cancel_already_through,rr_refused,1788534600000
2026-09-04:NY:8d5c8af5_8ef641a7-815c-4bb5-9798-b070b67d7998_deepseek_1781246265/v3/S2,0,1788534720000,29524.75,37.08849461320114,true,false,29646.652741919803,1.9686248820502055,stop_entry,send_stop_price_zero,cancel_already_through,rr_refused,1788534660000
2026-09-04:NY:8d5c8af5_8ef641a7-815c-4bb5-9798-b070b67d7998_deepseek_1781246265/v3/S2,0,1788534780000,29539.5,37.71349461320114,true,false,29647.590241919803,1.9360002058195738,stop_entry,send_stop_price_zero,cancel_already_through,rr_refused,1788534720000
2026-09-04:NY:8d5c8af5_8ef641a7-815c-4bb5-9798-b070b67d7998_deepseek_1781246265/v3/S2,0,1788534840000,29534.5,37.73135175605829,true,false,29647.61702763409,1.9350839536674918,stop_entry,send_stop_price_zero,cancel_already_through,rr_refused,1788534780000
2026-09-04:NY:8d5c8af5_8ef641a7-815c-4bb5-9798-b070b67d7998_deepseek_1781246265/v3/S2,0,1788534900000,29540.25,37.80278032748733,true,false,29647.72417049123,1.9314276013779141,stop_entry,send_stop_price_zero,cancel_already_through,rr_refused,1788534840000
2026-09-04:NY:8d5c8af5_8ef641a7-815c-4bb5-9798-b070b67d7998_deepseek_1781246265/v3/S2,0,1788534960000,29535.75,35.85258173266681,true,false,29645.25,2.0195463765443726,stop_entry,send_stop_price_zero,cancel_already_through,passes_known_local_checks,1788534900000
2026-09-04:NY:8d5c8af5_8ef641a7-815c-4bb5-9798-b070b67d7998_deepseek_1781246265/v3/S2,0,1788535020000,29529.25,36.12043887552395,true,false,29645.25,2.0195463765443726,stop_entry,send_stop_price_zero,cancel_already_through,passes_known_local_checks,1788534960000
2026-09-04:NY:8d5c8af5_8ef641a7-815c-4bb5-9798-b070b67d7998_deepseek_1781246265/v3/S2,0,1788535080000,29519.25,37.12043887552396,true,false,29646.700658313286,1.9669307676606336,stop_entry,send_stop_price_zero,cancel_already_through,rr_refused,1788535020000
2026-09-04:NY:8d5c8af5_8ef641a7-815c-4bb5-9798-b070b67d7998_deepseek_1781246265/v3/S2,0,1788535140000,29500.5,38.656153161238244,true,false,29649.00422974186,1.888789425807259,stop_entry,send_stop_price_zero,cancel_already_through,rr_refused,1788535080000
2026-09-04:NY:8d5c8af5_8ef641a7-815c-4bb5-9798-b070b67d7998_deepseek_1781246265/v3/S2,0,1788535200000,29501.25,38.65615316123823,true,false,29649.00422974186,1.888789425807259,stop_entry,send_stop_price_zero,cancel_already_through,rr_refused,1788535140000
2026-09-04:NY:8d5c8af5_8ef641a7-815c-4bb5-9798-b070b67d7998_deepseek_1781246265/v3/S2,0,1788535260000,29495.5,37.25214222114978,true,false,29646.898213331726,1.9599767685810983,stop_entry,send_stop_price_zero,cancel_already_through,rr_refused,1788535200000
2026-09-04:NY:8d5c8af5_8ef641a7-815c-4bb5-9798-b070b67d7998_deepseek_1781246265/v3/S2,0,1788535320000,29489.5,37.51999936400693,true,false,29647.299999046012,1.9459843968807191,stop_entry,send_stop_price_zero,cancel_already_through,rr_refused,1788535260000
2026-09-04:NY:8d5c8af5_8ef641a7-815c-4bb5-9798-b070b67d7998_deepseek_1781246265/v3/S2,0,1788535380000,29504.25,37.55571364972121,true,false,29647.35357047458,1.9441338277931342,stop_entry,send_stop_price_zero,cancel_already_through,rr_refused,1788535320000
2026-09-04:NY:8d5c8af5_8ef641a7-815c-4bb5-9798-b070b67d7998_deepseek_1781246265/v3/S2,0,1788535440000,29501.5,37.80571364972121,true,false,29647.72857047458,1.9312777430898664,stop_entry,send_stop_price_zero,cancel_already_through,rr_refused,1788535380000
2026-09-04:NY:8d5c8af5_8ef641a7-815c-4bb5-9798-b070b67d7998_deepseek_1781246265/v3/S2,0,1788535500000,29502.75,37.84142793543572,true,false,29647.782141903153,1.9294550263248076,stop_entry,send_stop_price_zero,cancel_already_through,rr_refused,1788535440000
2026-09-04:NY:8d5c8af5_8ef641a7-815c-4bb5-9798-b070b67d7998_deepseek_1781246265/v3/S2,0,1788535560000,29505.25,36.37061165433317,true,false,29645.5759174815,2.007481590555984,stop_entry,send_stop_price_zero,cancel_already_through,passes_known_local_checks,1788535500000
2026-09-04:NY:8d5c8af5_8ef641a7-815c-4bb5-9798-b070b67d7998_deepseek_1781246265/v3/S2,0,1788535620000,29500.5,36.37061165433317,true,false,29645.5759174815,2.007481590555984,stop_entry,send_stop_price_zero,cancel_already_through,passes_known_local_checks,1788535560000
2026-09-04:NY:8d5c8af5_8ef641a7-815c-4bb5-9798-b070b67d7998_deepseek_1781246265/v3/S2,0,1788535680000,29503.75,36.37061165433317,true,false,29645.5759174815,2.007481590555984,stop_entry,send_stop_price_zero,cancel_already_through,passes_known_local_checks,1788535620000
2026-09-04:NY:8d5c8af5_8ef641a7-815c-4bb5-9798-b070b67d7998_deepseek_1781246265/v3/S2,0,1788535740000,29506.75,36.37061165433317,true,false,29645.5759174815,2.007481590555984,stop_entry,send_stop_price_zero,cancel_already_through,passes_known_local_checks,1788535680000
2026-09-04:NY:8d5c8af5_8ef641a7-815c-4bb5-9798-b070b67d7998_deepseek_1781246265/v3/S2,0,1788535800000,29507.25,36.37061165433326,true,false,29645.5759174815,2.007481590555984,stop_entry,send_stop_price_zero,cancel_already_through,passes_known_local_checks,1788535740000
2026-09-04:NY:8d5c8af5_8ef641a7-815c-4bb5-9798-b070b67d7998_deepseek_1781246265/v3/S2,0,1788535860000,29485,35.9869965361666,true,false,29645.25,2.0195463765443726,stop_entry,send_stop_price_zero,cancel_already_through,passes_known_local_checks,1788535800000
2026-09-04:NY:8d5c8af5_8ef641a7-815c-4bb5-9798-b070b67d7998_deepseek_1781246265/v3/S2,0,1788535920000,29487.75,36.129853679023746,true,false,29645.25,2.0195463765443726,stop_entry,send_stop_price_zero,cancel_already_through,passes_known_local_checks,1788535860000
2026-09-04:NY:8d5c8af5_8ef641a7-815c-4bb5-9798-b070b67d7998_deepseek_1781246265/v3/S2,0,1788535980000,29487.75,36.129853679023746,true,false,29645.25,2.0195463765443726,stop_entry,send_stop_price_zero,cancel_already_through,passes_known_local_checks,1788535920000
2026-09-04:NY:8d5c8af5_8ef641a7-815c-4bb5-9798-b070b67d7998_deepseek_1781246265/v3/S2,0,1788536040000,29498.25,36.129853679023746,true,false,29645.25,2.0195463765443726,stop_entry,send_stop_price_zero,cancel_already_through,passes_known_local_checks,1788535980000
2026-09-04:NY:8d5c8af5_8ef641a7-815c-4bb5-9798-b070b67d7998_deepseek_1781246265/v3/S2,0,1788536100000,29491.75,36.129853679023306,true,false,29645.25,2.0195463765443726,stop_entry,send_stop_price_zero,cancel_already_through,passes_known_local_checks,1788536040000
2026-09-04:NY:8d5c8af5_8ef641a7-815c-4bb5-9798-b070b67d7998_deepseek_1781246265/v3/S2,0,1788536160000,29499,34.76343555909307,true,false,29645.25,2.0195463765443726,stop_entry,send_stop_price_zero,cancel_already_through,passes_known_local_checks,1788536100000
2026-09-04:NY:8d5c8af5_8ef641a7-815c-4bb5-9798-b070b67d7998_deepseek_1781246265/v3/S2,0,1788536220000,29495.25,34.76343555909307,true,false,29645.25,2.0195463765443726,stop_entry,send_stop_price_zero,cancel_already_through,passes_known_local_checks,1788536160000
2026-09-04:NY:8d5c8af5_8ef641a7-815c-4bb5-9798-b070b67d7998_deepseek_1781246265/v3/S2,0,1788536280000,29493.75,34.76343555909307,true,false,29645.25,2.0195463765443726,stop_entry,send_stop_price_zero,cancel_already_through,passes_known_local_checks,1788536220000
2026-09-04:NY:8d5c8af5_8ef641a7-815c-4bb5-9798-b070b67d7998_deepseek_1781246265/v3/S2,0,1788536340000,29501.5,34.76343555909307,true,false,29645.25,2.0195463765443726,stop_entry,send_stop_price_zero,cancel_already_through,passes_known_local_checks,1788536280000
2026-09-04:NY:8d5c8af5_8ef641a7-815c-4bb5-9798-b070b67d7998_deepseek_1781246265/v3/S2,0,1788536400000,29501.5,34.76343555909269,true,false,29645.25,2.0195463765443726,stop_entry,send_stop_price_zero,cancel_already_through,passes_known_local_checks,1788536340000
2026-09-04:NY:8d5c8af5_8ef641a7-815c-4bb5-9798-b070b67d7998_deepseek_1781246265/v3/S2,0,1788536460000,29501.25,32.833904447728926,true,false,29645.25,2.0195463765443726,stop_entry,send_stop_price_zero,cancel_already_through,passes_known_local_checks,1788536400000
2026-09-04:NY:8d5c8af5_8ef641a7-815c-4bb5-9798-b070b67d7998_deepseek_1781246265/v3/S2,0,1788536520000,29511.25,33.31604730487179,true,false,29645.25,2.0195463765443726,stop_entry,send_stop_price_zero,cancel_already_through,passes_known_local_checks,1788536460000
2026-09-04:NY:8d5c8af5_8ef641a7-815c-4bb5-9798-b070b67d7998_deepseek_1781246265/v3/S2,0,1788536580000,29521.5,34.17319016201464,true,false,29645.25,2.0195463765443726,stop_entry,send_stop_price_zero,cancel_already_through,passes_known_local_checks,1788536520000
2026-09-04:NY:8d5c8af5_8ef641a7-815c-4bb5-9798-b070b67d7998_deepseek_1781246265/v3/S2,0,1788536640000,29520.75,34.19104730487179,true,false,29645.25,2.0195463765443726,stop_entry,send_stop_price_zero,cancel_already_through,passes_known_local_checks,1788536580000
2026-09-04:NY:8d5c8af5_8ef641a7-815c-4bb5-9798-b070b67d7998_deepseek_1781246265/v3/S2,0,1788536700000,29520.5,34.19104730487151,true,false,29645.25,2.0195463765443726,stop_entry,send_stop_price_zero,cancel_already_through,passes_known_local_checks,1788536640000
2026-09-04:NY:8d5c8af5_8ef641a7-815c-4bb5-9798-b070b67d7998_deepseek_1781246265/v3/S2,0,1788536760000,29520,32.480972497380684,true,false,29645.25,2.0195463765443726,stop_entry,send_stop_price_zero,cancel_already_through,passes_known_local_checks,1788536700000
2026-09-04:NY:8d5c8af5_8ef641a7-815c-4bb5-9798-b070b67d7998_deepseek_1781246265/v3/S2,0,1788536820000,29507.75,32.855972497380684,true,false,29645.25,2.0195463765443726,stop_entry,send_stop_price_zero,cancel_already_through,passes_known_local_checks,1788536760000
2026-09-04:NY:8d5c8af5_8ef641a7-815c-4bb5-9798-b070b67d7998_deepseek_1781246265/v3/S2,0,1788536880000,29494.75,33.980972497380684,true,false,29645.25,2.0195463765443726,stop_entry,send_stop_price_zero,cancel_already_through,passes_known_local_checks,1788536820000
2026-09-04:NY:8d5c8af5_8ef641a7-815c-4bb5-9798-b070b67d7998_deepseek_1781246265/v3/S2,0,1788536940000,29496.25,34.284543925952114,true,false,29645.25,2.0195463765443726,stop_entry,send_stop_price_zero,cancel_already_through,passes_known_local_checks,1788536880000
2026-09-04:NY:8d5c8af5_8ef641a7-815c-4bb5-9798-b070b67d7998_deepseek_1781246265/v3/S2,0,1788537000000,29501.75,34.2845439259516,true,false,29645.25,2.0195463765443726,stop_entry,send_stop_price_zero,cancel_already_through,passes_known_local_checks,1788536940000
2026-09-04:NY:8d5c8af5_8ef641a7-815c-4bb5-9798-b070b67d7998_deepseek_1781246265/v3/S2,0,1788537060000,29499.25,33.15707650266935,true,false,29645.25,2.0195463765443726,stop_entry,send_stop_price_zero,cancel_already_through,passes_known_local_checks,1788537000000
2026-09-04:NY:8d5c8af5_8ef641a7-815c-4bb5-9798-b070b67d7998_deepseek_1781246265/v3/S2,0,1788537120000,29502,33.22850507409792,true,false,29645.25,2.0195463765443726,stop_entry,send_stop_price_zero,cancel_already_through,passes_known_local_checks,1788537060000
2026-09-04:NY:8d5c8af5_8ef641a7-815c-4bb5-9798-b070b67d7998_deepseek_1781246265/v3/S2,0,1788537180000,29501.75,33.22850507409792,true,false,29645.25,2.0195463765443726,stop_entry,send_stop_price_zero,cancel_already_through,passes_known_local_checks,1788537120000
2026-09-04:NY:8d5c8af5_8ef641a7-815c-4bb5-9798-b070b67d7998_deepseek_1781246265/v3/S2,0,1788537240000,29502.25,33.37136221695506,true,false,29645.25,2.0195463765443726,stop_entry,send_stop_price_zero,cancel_already_through,passes_known_local_checks,1788537180000
2026-09-04:NY:8d5c8af5_8ef641a7-815c-4bb5-9798-b070b67d7998_deepseek_1781246265/v3/S2,0,1788537300000,29504,33.37136221695482,true,false,29645.25,2.0195463765443726,stop_entry,send_stop_price_zero,cancel_already_through,passes_known_local_checks,1788537240000
2026-09-04:NY:8d5c8af5_8ef641a7-815c-4bb5-9798-b070b67d7998_deepseek_1781246265/v3/S2,0,1788537360000,29508.75,31.666264915743763,true,false,29645.25,2.0195463765443726,stop_entry,send_stop_price_zero,cancel_already_through,passes_known_local_checks,1788537300000
2026-09-04:NY:8d5c8af5_8ef641a7-815c-4bb5-9798-b070b67d7998_deepseek_1781246265/v3/S2,0,1788537420000,29506.5,31.666264915743763,true,false,29645.25,2.0195463765443726,stop_entry,send_stop_price_zero,cancel_already_through,passes_known_local_checks,1788537360000
2026-09-04:NY:8d5c8af5_8ef641a7-815c-4bb5-9798-b070b67d7998_deepseek_1781246265/v3/S2,0,1788537480000,29512.5,32.237693487172336,true,false,29645.25,2.0195463765443726,stop_entry,send_stop_price_zero,cancel_already_through,passes_known_local_checks,1788537420000
2026-09-04:NY:8d5c8af5_8ef641a7-815c-4bb5-9798-b070b67d7998_deepseek_1781246265/v3/S2,0,1788537540000,29509.75,32.237693487172336,true,false,29645.25,2.0195463765443726,stop_entry,send_stop_price_zero,cancel_already_through,passes_known_local_checks,1788537480000
2026-09-04:NY:8d5c8af5_8ef641a7-815c-4bb5-9798-b070b67d7998_deepseek_1781246265/v3/S2,0,1788537600000,29515.25,32.54126491574349,true,false,29645.25,2.0195463765443726,stop_entry,send_stop_price_zero,cancel_already_through,passes_known_local_checks,1788537540000
2026-09-04:NY:8d5c8af5_8ef641a7-815c-4bb5-9798-b070b67d7998_deepseek_1781246265/v3/S2,0,1788537660000,29519,31.002603136047526,true,false,29645.25,2.0195463765443726,stop_entry,send_stop_price_zero,cancel_already_through,passes_known_local_checks,1788537600000
2026-09-04:NY:8d5c8af5_8ef641a7-815c-4bb5-9798-b070b67d7998_deepseek_1781246265/v3/S2,0,1788537720000,29513.5,31.09188885033324,true,false,29645.25,2.0195463765443726,stop_entry,send_stop_price_zero,cancel_already_through,passes_known_local_checks,1788537660000
2026-09-04:NY:8d5c8af5_8ef641a7-815c-4bb5-9798-b070b67d7998_deepseek_1781246265/v3/S2,0,1788537780000,29513.25,31.09188885033324,true,false,29645.25,2.0195463765443726,stop_entry,send_stop_price_zero,cancel_already_through,passes_known_local_checks,1788537720000
2026-09-04:NY:8d5c8af5_8ef641a7-815c-4bb5-9798-b070b67d7998_deepseek_1781246265/v4/S1,0,1788537840000,29508,31.377603136047526,false,false,29636,2.0294117647058822,limit,outside_band,outside_band,waiting_confirm,1788537780000
2026-09-04:NY:8d5c8af5_8ef641a7-815c-4bb5-9798-b070b67d7998_deepseek_1781246265/v4/S1,0,1788537900000,29514.25,31.377603136046883,false,false,29636,2.0294117647058822,limit,outside_band,outside_band,waiting_confirm,1788537840000
2026-09-04:NY:8d5c8af5_8ef641a7-815c-4bb5-9798-b070b67d7998_deepseek_1781246265/v4/S1,0,1788537960000,29521,29.86848862632925,false,false,29636,2.0294117647058822,limit,outside_band,outside_band,waiting_confirm,1788537900000
2026-09-04:NY:8d5c8af5_8ef641a7-815c-4bb5-9798-b070b67d7998_deepseek_1781246265/v4/S1,0,1788538020000,29519.5,30.297060054900676,false,false,29636,2.0294117647058822,limit,outside_band,outside_band,waiting_confirm,1788537960000
2026-09-04:NY:8d5c8af5_8ef641a7-815c-4bb5-9798-b070b67d7998_deepseek_1781246265/v4/S1,0,1788538080000,29528.75,30.707774340614964,false,false,29636,2.0294117647058822,limit,outside_band,outside_band,waiting_confirm,1788538020000
2026-09-04:NY:8d5c8af5_8ef641a7-815c-4bb5-9798-b070b67d7998_deepseek_1781246265/v4/S1,0,1788538140000,29535,31.18991719775782,false,false,29636,2.0294117647058822,limit,outside_band,outside_band,waiting_confirm,1788538080000
2026-09-04:NY:8d5c8af5_8ef641a7-815c-4bb5-9798-b070b67d7998_deepseek_1781246265/v4/S1,0,1788538200000,29532,31.189917197757634,false,false,29636,2.0294117647058822,limit,outside_band,outside_band,waiting_confirm,1788538140000
2026-09-04:NY:8d5c8af5_8ef641a7-815c-4bb5-9798-b070b67d7998_deepseek_1781246265/v4/S1,0,1788538260000,29537,29.837065969346376,false,false,29636,2.0294117647058822,limit,outside_band,outside_band,waiting_confirm,1788538200000
2026-09-04:NY:8d5c8af5_8ef641a7-815c-4bb5-9798-b070b67d7998_deepseek_1781246265/v4/S1,0,1788538320000,29540.75,29.97992311220352,false,false,29636,2.0294117647058822,limit,outside_band,outside_band,waiting_confirm,1788538260000
2026-09-04:NY:8d5c8af5_8ef641a7-815c-4bb5-9798-b070b67d7998_deepseek_1781246265/v4/S1,0,1788538380000,29544,30.35492311220352,false,false,29636,2.0294117647058822,limit,outside_band,outside_band,waiting_confirm,1788538320000
2026-09-04:NY:8d5c8af5_8ef641a7-815c-4bb5-9798-b070b67d7998_deepseek_1781246265/v4/S1,0,1788538440000,29543,30.74778025506066,false,false,29636,2.0294117647058822,limit,outside_band,outside_band,waiting_confirm,1788538380000
2026-09-04:NY:8d5c8af5_8ef641a7-815c-4bb5-9798-b070b67d7998_deepseek_1781246265/v4/S1,0,1788538500000,29547.75,30.74778025506071,false,false,29636,2.0294117647058822,limit,outside_band,outside_band,waiting_confirm,1788538440000
2026-09-04:NY:8d5c8af5_8ef641a7-815c-4bb5-9798-b070b67d7998_deepseek_1781246265/v4/S1,0,1788538560000,29542.25,29.19436737969923,false,false,29636,2.0294117647058822,limit,outside_band,outside_band,waiting_confirm,1788538500000
2026-09-04:NY:8d5c8af5_8ef641a7-815c-4bb5-9798-b070b67d7998_deepseek_1781246265/v4/S1,0,1788538620000,29539.5,29.230081665413515,false,false,29636,2.0294117647058822,limit,outside_band,outside_band,waiting_confirm,1788538560000
2026-09-04:NY:8d5c8af5_8ef641a7-815c-4bb5-9798-b070b67d7998_deepseek_1781246265/v4/S1,0,1788538680000,29541.5,29.462224522556372,false,false,29636,2.0294117647058822,limit,outside_band,outside_band,waiting_confirm,1788538620000
2026-09-04:NY:8d5c8af5_8ef641a7-815c-4bb5-9798-b070b67d7998_deepseek_1781246265/v4/S1,0,1788538740000,29543.75,29.462224522556372,false,false,29636,2.0294117647058822,limit,outside_band,outside_band,waiting_confirm,1788538680000
2026-09-04:NY:8d5c8af5_8ef641a7-815c-4bb5-9798-b070b67d7998_deepseek_1781246265/v4/S1,0,1788538800000,29544,29.462224522556312,false,false,29636,2.0294117647058822,limit,outside_band,outside_band,waiting_confirm,1788538740000
2026-09-04:NY:8d5c8af5_8ef641a7-815c-4bb5-9798-b070b67d7998_deepseek_1781246265/v4/S1,0,1788538860000,29554.5,28.339922770945147,false,false,29636,2.0294117647058822,limit,outside_band,outside_band,waiting_confirm,1788538800000
2026-09-04:NY:8d5c8af5_8ef641a7-815c-4bb5-9798-b070b67d7998_deepseek_1781246265/v4/S1,0,1788538920000,29557,28.875637056659432,false,false,29636,2.0294117647058822,limit,outside_band,outside_band,waiting_confirm,1788538860000
2026-09-04:NY:8d5c8af5_8ef641a7-815c-4bb5-9798-b070b67d7998_deepseek_1781246265/v4/S1,0,1788538980000,29552.5,28.875637056659432,false,false,29636,2.0294117647058822,limit,outside_band,outside_band,waiting_confirm,1788538920000
2026-09-04:NY:8d5c8af5_8ef641a7-815c-4bb5-9798-b070b67d7998_deepseek_1781246265/v4/S1,0,1788539040000,29552.5,28.875637056659432,false,false,29636,2.0294117647058822,limit,outside_band,outside_band,waiting_confirm,1788538980000
2026-09-04:NY:8d5c8af5_8ef641a7-815c-4bb5-9798-b070b67d7998_deepseek_1781246265/v4/S1,0,1788539100000,29554.25,28.875637056659226,false,false,29636,2.0294117647058822,limit,outside_band,outside_band,waiting_confirm,1788539040000
2026-09-04:NY:8d5c8af5_8ef641a7-815c-4bb5-9798-b070b67d7998_deepseek_1781246265/v4/S1,0,1788539160000,29551.5,27.31309155261214,false,false,29636,2.0294117647058822,limit,outside_band,outside_band,waiting_confirm,1788539100000
2026-09-04:NY:8d5c8af5_8ef641a7-815c-4bb5-9798-b070b67d7998_deepseek_1781246265/v4/S1,0,1788539220000,29548.25,27.420234409754993,false,false,29636,2.0294117647058822,limit,outside_band,outside_band,waiting_confirm,1788539160000
2026-09-04:NY:8d5c8af5_8ef641a7-815c-4bb5-9798-b070b67d7998_deepseek_1781246265/v4/S1,0,1788539280000,29559.75,27.77737726689785,false,false,29636,2.0294117647058822,limit,outside_band,outside_band,waiting_confirm,1788539220000
2026-09-04:NY:8d5c8af5_8ef641a7-815c-4bb5-9798-b070b67d7998_deepseek_1781246265/v4/S2,0,1788537840000,29508,31.377603136047526,true,false,29770,2.7,limit,outside_band,outside_band,passes_known_local_checks,1788537780000
2026-09-04:NY:8d5c8af5_8ef641a7-815c-4bb5-9798-b070b67d7998_deepseek_1781246265/v4/S2,0,1788537900000,29514.25,31.377603136046883,true,false,29770,2.7,limit,outside_band,outside_band,passes_known_local_checks,1788537840000
2026-09-04:NY:8d5c8af5_8ef641a7-815c-4bb5-9798-b070b67d7998_deepseek_1781246265/v4/S2,0,1788537960000,29521,29.86848862632925,true,false,29770,2.7,limit,outside_band,outside_band,passes_known_local_checks,1788537900000
2026-09-04:NY:8d5c8af5_8ef641a7-815c-4bb5-9798-b070b67d7998_deepseek_1781246265/v4/S2,0,1788538020000,29519.5,30.297060054900676,true,false,29770,2.7,limit,outside_band,outside_band,passes_known_local_checks,1788537960000
2026-09-04:NY:8d5c8af5_8ef641a7-815c-4bb5-9798-b070b67d7998_deepseek_1781246265/v4/S2,0,1788538080000,29528.75,30.707774340614964,true,false,29770,2.7,limit,outside_band,outside_band,passes_known_local_checks,1788538020000
2026-09-04:NY:8d5c8af5_8ef641a7-815c-4bb5-9798-b070b67d7998_deepseek_1781246265/v4/S2,0,1788538140000,29535,31.18991719775782,true,false,29770,2.7,limit,outside_band,outside_band,passes_known_local_checks,1788538080000
2026-09-04:NY:8d5c8af5_8ef641a7-815c-4bb5-9798-b070b67d7998_deepseek_1781246265/v4/S2,0,1788538200000,29532,31.189917197757634,true,false,29770,2.7,limit,outside_band,outside_band,passes_known_local_checks,1788538140000
2026-09-04:NY:8d5c8af5_8ef641a7-815c-4bb5-9798-b070b67d7998_deepseek_1781246265/v4/S2,0,1788538260000,29537,29.837065969346376,true,false,29770,2.7,limit,outside_band,outside_band,passes_known_local_checks,1788538200000
2026-09-04:NY:8d5c8af5_8ef641a7-815c-4bb5-9798-b070b67d7998_deepseek_1781246265/v4/S2,0,1788538320000,29540.75,29.97992311220352,true,false,29770,2.7,limit,outside_band,outside_band,passes_known_local_checks,1788538260000
2026-09-04:NY:8d5c8af5_8ef641a7-815c-4bb5-9798-b070b67d7998_deepseek_1781246265/v4/S2,0,1788538380000,29544,30.35492311220352,true,false,29770,2.7,limit,outside_band,outside_band,passes_known_local_checks,1788538320000
2026-09-04:NY:8d5c8af5_8ef641a7-815c-4bb5-9798-b070b67d7998_deepseek_1781246265/v4/S2,0,1788538440000,29543,30.74778025506066,true,false,29770,2.7,limit,outside_band,outside_band,passes_known_local_checks,1788538380000
2026-09-04:NY:8d5c8af5_8ef641a7-815c-4bb5-9798-b070b67d7998_deepseek_1781246265/v4/S2,0,1788538500000,29547.75,30.74778025506071,true,false,29770,2.7,limit,outside_band,outside_band,passes_known_local_checks,1788538440000
2026-09-04:NY:8d5c8af5_8ef641a7-815c-4bb5-9798-b070b67d7998_deepseek_1781246265/v4/S2,0,1788538560000,29542.25,29.19436737969923,true,false,29770,2.7,limit,outside_band,outside_band,passes_known_local_checks,1788538500000
2026-09-04:NY:8d5c8af5_8ef641a7-815c-4bb5-9798-b070b67d7998_deepseek_1781246265/v4/S2,0,1788538620000,29539.5,29.230081665413515,true,false,29770,2.7,limit,outside_band,outside_band,passes_known_local_checks,1788538560000
2026-09-04:NY:8d5c8af5_8ef641a7-815c-4bb5-9798-b070b67d7998_deepseek_1781246265/v4/S2,0,1788538680000,29541.5,29.462224522556372,true,false,29770,2.7,limit,outside_band,outside_band,passes_known_local_checks,1788538620000
2026-09-04:NY:8d5c8af5_8ef641a7-815c-4bb5-9798-b070b67d7998_deepseek_1781246265/v4/S2,0,1788538740000,29543.75,29.462224522556372,true,false,29770,2.7,limit,outside_band,outside_band,passes_known_local_checks,1788538680000
2026-09-04:NY:8d5c8af5_8ef641a7-815c-4bb5-9798-b070b67d7998_deepseek_1781246265/v4/S2,0,1788538800000,29544,29.462224522556312,true,false,29770,2.7,limit,outside_band,outside_band,passes_known_local_checks,1788538740000
2026-09-04:NY:8d5c8af5_8ef641a7-815c-4bb5-9798-b070b67d7998_deepseek_1781246265/v4/S2,0,1788538860000,29554.5,28.339922770945147,true,false,29770,2.7,limit,outside_band,outside_band,passes_known_local_checks,1788538800000
2026-09-04:NY:8d5c8af5_8ef641a7-815c-4bb5-9798-b070b67d7998_deepseek_1781246265/v4/S2,0,1788538920000,29557,28.875637056659432,true,false,29770,2.7,limit,outside_band,outside_band,passes_known_local_checks,1788538860000
2026-09-04:NY:8d5c8af5_8ef641a7-815c-4bb5-9798-b070b67d7998_deepseek_1781246265/v4/S2,0,1788538980000,29552.5,28.875637056659432,true,false,29770,2.7,limit,outside_band,outside_band,passes_known_local_checks,1788538920000
2026-09-04:NY:8d5c8af5_8ef641a7-815c-4bb5-9798-b070b67d7998_deepseek_1781246265/v4/S2,0,1788539040000,29552.5,28.875637056659432,true,false,29770,2.7,limit,outside_band,outside_band,passes_known_local_checks,1788538980000
2026-09-04:NY:8d5c8af5_8ef641a7-815c-4bb5-9798-b070b67d7998_deepseek_1781246265/v4/S2,0,1788539100000,29554.25,28.875637056659226,true,false,29770,2.7,limit,outside_band,outside_band,passes_known_local_checks,1788539040000
2026-09-04:NY:8d5c8af5_8ef641a7-815c-4bb5-9798-b070b67d7998_deepseek_1781246265/v4/S2,0,1788539160000,29551.5,27.31309155261214,true,false,29770,2.7,limit,outside_band,outside_band,passes_known_local_checks,1788539100000
2026-09-04:NY:8d5c8af5_8ef641a7-815c-4bb5-9798-b070b67d7998_deepseek_1781246265/v4/S2,0,1788539220000,29548.25,27.420234409754993,true,false,29770,2.7,limit,outside_band,outside_band,passes_known_local_checks,1788539160000
2026-09-04:NY:8d5c8af5_8ef641a7-815c-4bb5-9798-b070b67d7998_deepseek_1781246265/v4/S2,0,1788539280000,29559.75,27.77737726689785,true,false,29770,2.7,limit,outside_band,outside_band,passes_known_local_checks,1788539220000
2026-09-04:NY:8d5c8af5_8ef641a7-815c-4bb5-9798-b070b67d7998_deepseek_1781246265/v4/S2,1,1788537840000,29508,31.377603136047526,false,false,29770,2.7,limit,outside_band,outside_band,waiting_confirm,1788537780000
2026-09-04:NY:8d5c8af5_8ef641a7-815c-4bb5-9798-b070b67d7998_deepseek_1781246265/v4/S2,1,1788537900000,29514.25,31.377603136046883,false,false,29770,2.7,limit,outside_band,outside_band,waiting_confirm,1788537840000
2026-09-04:NY:8d5c8af5_8ef641a7-815c-4bb5-9798-b070b67d7998_deepseek_1781246265/v4/S2,1,1788537960000,29521,29.86848862632925,false,false,29770,2.7,limit,outside_band,outside_band,waiting_confirm,1788537900000
2026-09-04:NY:8d5c8af5_8ef641a7-815c-4bb5-9798-b070b67d7998_deepseek_1781246265/v4/S2,1,1788538020000,29519.5,30.297060054900676,false,false,29770,2.7,limit,outside_band,outside_band,waiting_confirm,1788537960000
2026-09-04:NY:8d5c8af5_8ef641a7-815c-4bb5-9798-b070b67d7998_deepseek_1781246265/v4/S2,1,1788538080000,29528.75,30.707774340614964,false,false,29770,2.7,limit,outside_band,outside_band,waiting_confirm,1788538020000
2026-09-04:NY:8d5c8af5_8ef641a7-815c-4bb5-9798-b070b67d7998_deepseek_1781246265/v4/S2,1,1788538140000,29535,31.18991719775782,false,false,29770,2.7,limit,outside_band,outside_band,waiting_confirm,1788538080000
2026-09-04:NY:8d5c8af5_8ef641a7-815c-4bb5-9798-b070b67d7998_deepseek_1781246265/v4/S2,1,1788538200000,29532,31.189917197757634,false,false,29770,2.7,limit,outside_band,outside_band,waiting_confirm,1788538140000
2026-09-04:NY:8d5c8af5_8ef641a7-815c-4bb5-9798-b070b67d7998_deepseek_1781246265/v4/S2,1,1788538260000,29537,29.837065969346376,false,false,29770,2.7,limit,outside_band,outside_band,waiting_confirm,1788538200000
2026-09-04:NY:8d5c8af5_8ef641a7-815c-4bb5-9798-b070b67d7998_deepseek_1781246265/v4/S2,1,1788538320000,29540.75,29.97992311220352,false,false,29770,2.7,limit,outside_band,outside_band,waiting_confirm,1788538260000
2026-09-04:NY:8d5c8af5_8ef641a7-815c-4bb5-9798-b070b67d7998_deepseek_1781246265/v4/S2,1,1788538380000,29544,30.35492311220352,false,false,29770,2.7,limit,outside_band,outside_band,waiting_confirm,1788538320000
2026-09-04:NY:8d5c8af5_8ef641a7-815c-4bb5-9798-b070b67d7998_deepseek_1781246265/v4/S2,1,1788538440000,29543,30.74778025506066,false,false,29770,2.7,limit,outside_band,outside_band,waiting_confirm,1788538380000
2026-09-04:NY:8d5c8af5_8ef641a7-815c-4bb5-9798-b070b67d7998_deepseek_1781246265/v4/S2,1,1788538500000,29547.75,30.74778025506071,false,false,29770,2.7,limit,outside_band,outside_band,waiting_confirm,1788538440000
2026-09-04:NY:8d5c8af5_8ef641a7-815c-4bb5-9798-b070b67d7998_deepseek_1781246265/v4/S2,1,1788538560000,29542.25,29.19436737969923,false,false,29770,2.7,limit,outside_band,outside_band,waiting_confirm,1788538500000
2026-09-04:NY:8d5c8af5_8ef641a7-815c-4bb5-9798-b070b67d7998_deepseek_1781246265/v4/S2,1,1788538620000,29539.5,29.230081665413515,false,false,29770,2.7,limit,outside_band,outside_band,waiting_confirm,1788538560000
2026-09-04:NY:8d5c8af5_8ef641a7-815c-4bb5-9798-b070b67d7998_deepseek_1781246265/v4/S2,1,1788538680000,29541.5,29.462224522556372,false,false,29770,2.7,limit,outside_band,outside_band,waiting_confirm,1788538620000
2026-09-04:NY:8d5c8af5_8ef641a7-815c-4bb5-9798-b070b67d7998_deepseek_1781246265/v4/S2,1,1788538740000,29543.75,29.462224522556372,false,false,29770,2.7,limit,outside_band,outside_band,waiting_confirm,1788538680000
2026-09-04:NY:8d5c8af5_8ef641a7-815c-4bb5-9798-b070b67d7998_deepseek_1781246265/v4/S2,1,1788538800000,29544,29.462224522556312,false,false,29770,2.7,limit,outside_band,outside_band,waiting_confirm,1788538740000
2026-09-04:NY:8d5c8af5_8ef641a7-815c-4bb5-9798-b070b67d7998_deepseek_1781246265/v4/S2,1,1788538860000,29554.5,28.339922770945147,false,false,29770,2.7,limit,outside_band,outside_band,waiting_confirm,1788538800000
2026-09-04:NY:8d5c8af5_8ef641a7-815c-4bb5-9798-b070b67d7998_deepseek_1781246265/v4/S2,1,1788538920000,29557,28.875637056659432,false,false,29770,2.7,limit,outside_band,outside_band,waiting_confirm,1788538860000
2026-09-04:NY:8d5c8af5_8ef641a7-815c-4bb5-9798-b070b67d7998_deepseek_1781246265/v4/S2,1,1788538980000,29552.5,28.875637056659432,false,false,29770,2.7,limit,outside_band,outside_band,waiting_confirm,1788538920000
2026-09-04:NY:8d5c8af5_8ef641a7-815c-4bb5-9798-b070b67d7998_deepseek_1781246265/v4/S2,1,1788539040000,29552.5,28.875637056659432,false,false,29770,2.7,limit,outside_band,outside_band,waiting_confirm,1788538980000
2026-09-04:NY:8d5c8af5_8ef641a7-815c-4bb5-9798-b070b67d7998_deepseek_1781246265/v4/S2,1,1788539100000,29554.25,28.875637056659226,false,false,29770,2.7,limit,outside_band,outside_band,waiting_confirm,1788539040000
2026-09-04:NY:8d5c8af5_8ef641a7-815c-4bb5-9798-b070b67d7998_deepseek_1781246265/v4/S2,1,1788539160000,29551.5,27.31309155261214,false,false,29770,2.7,limit,outside_band,outside_band,waiting_confirm,1788539100000
2026-09-04:NY:8d5c8af5_8ef641a7-815c-4bb5-9798-b070b67d7998_deepseek_1781246265/v4/S2,1,1788539220000,29548.25,27.420234409754993,false,false,29770,2.7,limit,outside_band,outside_band,waiting_confirm,1788539160000
2026-09-04:NY:8d5c8af5_8ef641a7-815c-4bb5-9798-b070b67d7998_deepseek_1781246265/v4/S2,1,1788539280000,29559.75,27.77737726689785,false,false,29770,2.7,limit,outside_band,outside_band,waiting_confirm,1788539220000
2026-09-04:NY:8d5c8af5_8ef641a7-815c-4bb5-9798-b070b67d7998_deepseek_1781246265/v5/S1,0,1788539340000,29558,27.848805838326424,true,false,29765,3.6944444444444446,limit,outside_band,outside_band,passes_known_local_checks,1788539280000
2026-09-04:NY:8d5c8af5_8ef641a7-815c-4bb5-9798-b070b67d7998_deepseek_1781246265/v5/S1,0,1788539400000,29554,27.848805838326577,true,false,29765,3.6944444444444446,limit,outside_band,outside_band,passes_known_local_checks,1788539340000
2026-09-04:NY:8d5c8af5_8ef641a7-815c-4bb5-9798-b070b67d7998_deepseek_1781246265/v5/S1,0,1788539460000,29556.75,26.48460542130325,true,false,29765,3.6944444444444446,limit,outside_band,outside_band,passes_known_local_checks,1788539400000
2026-09-04:NY:8d5c8af5_8ef641a7-815c-4bb5-9798-b070b67d7998_deepseek_1781246265/v5/S1,0,1788539520000,29562.25,26.93103399273182,true,false,29765,3.6944444444444446,limit,outside_band,outside_band,passes_known_local_checks,1788539460000
2026-09-04:NY:8d5c8af5_8ef641a7-815c-4bb5-9798-b070b67d7998_deepseek_1781246265/v5/S1,0,1788539580000,29566.75,27.23460542130325,true,false,29765,3.6944444444444446,limit,outside_band,outside_band,passes_known_local_checks,1788539520000
2026-09-04:NY:8d5c8af5_8ef641a7-815c-4bb5-9798-b070b67d7998_deepseek_1781246265/v5/S1,0,1788539640000,29565,27.23460542130325,true,false,29765,3.6944444444444446,limit,outside_band,outside_band,passes_known_local_checks,1788539580000
2026-09-04:NY:8d5c8af5_8ef641a7-815c-4bb5-9798-b070b67d7998_deepseek_1781246265/v5/S1,0,1788539700000,29570.75,27.502462564160556,true,false,29765,3.6944444444444446,limit,outside_band,outside_band,passes_known_local_checks,1788539640000
2026-09-04:NY:8d5c8af5_8ef641a7-815c-4bb5-9798-b070b67d7998_deepseek_1781246265/v5/S1,0,1788539760000,29570.5,26.055858095291946,true,false,29765,3.6944444444444446,limit,outside_band,outside_band,passes_known_local_checks,1788539700000
2026-09-04:NY:8d5c8af5_8ef641a7-815c-4bb5-9798-b070b67d7998_deepseek_1781246265/v5/S1,0,1788539820000,29563,26.430858095291946,true,false,29765,3.6944444444444446,limit,outside_band,outside_band,passes_known_local_checks,1788539760000
2026-09-04:NY:8d5c8af5_8ef641a7-815c-4bb5-9798-b070b67d7998_deepseek_1781246265/v5/S1,0,1788539880000,29563,26.680858095291946,true,false,29765,3.6944444444444446,limit,outside_band,outside_band,passes_known_local_checks,1788539820000
2026-09-04:NY:8d5c8af5_8ef641a7-815c-4bb5-9798-b070b67d7998_deepseek_1781246265/v5/S1,0,1788539940000,29559.25,26.680858095291946,true,false,29765,3.6944444444444446,limit,outside_band,outside_band,passes_known_local_checks,1788539880000
2026-09-04:NY:8d5c8af5_8ef641a7-815c-4bb5-9798-b070b67d7998_deepseek_1781246265/v5/S1,0,1788540000000,29562,26.734429523863565,true,false,29765,3.6944444444444446,limit,outside_band,outside_band,passes_known_local_checks,1788539940000
2026-09-04:NY:8d5c8af5_8ef641a7-815c-4bb5-9798-b070b67d7998_deepseek_1781246265/v5/S1,0,1788540060000,29564.75,25.27125598644474,true,false,29765,3.6944444444444446,limit,outside_band,outside_band,passes_known_local_checks,1788540000000
2026-09-04:NY:8d5c8af5_8ef641a7-815c-4bb5-9798-b070b67d7998_deepseek_1781246265/v5/S1,0,1788540120000,29562.75,25.449827415016166,true,false,29765,3.6944444444444446,limit,outside_band,outside_band,passes_known_local_checks,1788540060000
2026-09-04:NY:8d5c8af5_8ef641a7-815c-4bb5-9798-b070b67d7998_deepseek_1781246265/v5/S1,0,1788540180000,29562.75,25.556970272159024,true,false,29765,3.6944444444444446,limit,outside_band,outside_band,passes_known_local_checks,1788540120000
2026-09-04:NY:8d5c8af5_8ef641a7-815c-4bb5-9798-b070b67d7998_deepseek_1781246265/v5/S1,0,1788540240000,29563,25.556970272159024,true,false,29765,3.6944444444444446,limit,outside_band,outside_band,passes_known_local_checks,1788540180000
2026-09-04:NY:8d5c8af5_8ef641a7-815c-4bb5-9798-b070b67d7998_deepseek_1781246265/v5/S1,0,1788540300000,29568,25.664113129301903,true,false,29765,3.6944444444444446,limit,outside_band,outside_band,passes_known_local_checks,1788540240000
2026-09-04:NY:8d5c8af5_8ef641a7-815c-4bb5-9798-b070b67d7998_deepseek_1781246265/v5/S1,0,1788540360000,29567.25,24.259533620066055,true,false,29765,3.6944444444444446,limit,outside_band,outside_band,passes_known_local_checks,1788540300000
2026-09-04:NY:8d5c8af5_8ef641a7-815c-4bb5-9798-b070b67d7998_deepseek_1781246265/v5/S1,0,1788540420000,29569.25,24.259533620066055,true,false,29765,3.6944444444444446,limit,outside_band,outside_band,passes_known_local_checks,1788540360000
2026-09-04:NY:8d5c8af5_8ef641a7-815c-4bb5-9798-b070b67d7998_deepseek_1781246265/v5/S1,0,1788540480000,29579.5,24.99167647720891,true,false,29765,3.6944444444444446,limit,outside_band,outside_band,passes_known_local_checks,1788540420000
2026-09-04:NY:8d5c8af5_8ef641a7-815c-4bb5-9798-b070b67d7998_deepseek_1781246265/v5/S1,0,1788540540000,29578.75,24.99167647720891,true,false,29765,3.6944444444444446,limit,outside_band,outside_band,passes_known_local_checks,1788540480000
2026-09-04:NY:8d5c8af5_8ef641a7-815c-4bb5-9798-b070b67d7998_deepseek_1781246265/v5/S1,0,1788540600000,29587.5,25.634533620066055,true,false,29765,3.6944444444444446,limit,outside_band,outside_band,passes_known_local_checks,1788540540000
2026-09-04:NY:8d5c8af5_8ef641a7-815c-4bb5-9798-b070b67d7998_deepseek_1781246265/v5/S1,0,1788540660000,29595,24.42849550434705,true,false,29765,3.6944444444444446,limit,outside_band,outside_band,passes_known_local_checks,1788540600000
2026-09-04:NY:8d5c8af5_8ef641a7-815c-4bb5-9798-b070b67d7998_deepseek_1781246265/v5/S1,0,1788540720000,29591.25,24.42849550434705,true,false,29765,3.6944444444444446,limit,outside_band,outside_band,passes_known_local_checks,1788540660000
2026-09-04:NY:8d5c8af5_8ef641a7-815c-4bb5-9798-b070b67d7998_deepseek_1781246265/v5/S1,0,1788540780000,29591.5,24.42849550434705,true,false,29765,3.6944444444444446,limit,outside_band,outside_band,passes_known_local_checks,1788540720000
2026-09-04:NY:8d5c8af5_8ef641a7-815c-4bb5-9798-b070b67d7998_deepseek_1781246265/v5/S1,0,1788540840000,29585.75,24.55349550434705,true,false,29765,3.6944444444444446,limit,outside_band,outside_band,passes_known_local_checks,1788540780000
2026-09-04:NY:8d5c8af5_8ef641a7-815c-4bb5-9798-b070b67d7998_deepseek_1781246265/v5/S1,0,1788540900000,29585.25,24.624924075775606,true,false,29765,3.6944444444444446,limit,outside_band,outside_band,passes_known_local_checks,1788540840000
2026-09-04:NY:8d5c8af5_8ef641a7-815c-4bb5-9798-b070b67d7998_deepseek_1781246265/v5/S1,0,1788540960000,29586.5,23.38385807036306,true,false,29765,3.6944444444444446,limit,outside_band,outside_band,passes_known_local_checks,1788540900000
2026-09-04:NY:8d5c8af5_8ef641a7-815c-4bb5-9798-b070b67d7998_deepseek_1781246265/v5/S1,0,1788541020000,29580,23.669572356077346,true,false,29765,3.6944444444444446,limit,outside_band,outside_band,passes_known_local_checks,1788540960000
2026-09-04:NY:8d5c8af5_8ef641a7-815c-4bb5-9798-b070b67d7998_deepseek_1781246265/v5/S1,0,1788541080000,29583.5,23.669572356077346,true,false,29765,3.6944444444444446,limit,outside_band,outside_band,passes_known_local_checks,1788541020000
2026-09-04:NY:8d5c8af5_8ef641a7-815c-4bb5-9798-b070b67d7998_deepseek_1781246265/v5/S1,0,1788541140000,29585.75,23.669572356077346,true,false,29765,3.6944444444444446,limit,outside_band,outside_band,passes_known_local_checks,1788541080000
2026-09-04:NY:8d5c8af5_8ef641a7-815c-4bb5-9798-b070b67d7998_deepseek_1781246265/v5/S1,0,1788541200000,29575.75,23.830286641792043,true,false,29765,3.6944444444444446,limit,outside_band,outside_band,recorded_dormant_requires_fresh_authorization,1788541140000
2026-09-04:NY:8d5c8af5_8ef641a7-815c-4bb5-9798-b070b67d7998_deepseek_1781246265/v5/S1,0,1788541260000,29569.75,23.288837595949754,true,false,29765,3.6944444444444446,limit,outside_band,outside_band,recorded_dormant_requires_fresh_authorization,1788541200000
2026-09-04:NY:8d5c8af5_8ef641a7-815c-4bb5-9798-b070b67d7998_deepseek_1781246265/v5/S1,0,1788541320000,29568.25,23.360266167378324,true,false,29765,3.6944444444444446,limit,outside_band,outside_band,recorded_dormant_requires_fresh_authorization,1788541260000
2026-09-04:NY:8d5c8af5_8ef641a7-815c-4bb5-9798-b070b67d7998_deepseek_1781246265/v5/S1,0,1788541380000,29556.75,24.145980453092612,true,false,29765,3.6944444444444446,limit,outside_band,outside_band,recorded_dormant_requires_fresh_authorization,1788541320000
2026-09-04:NY:8d5c8af5_8ef641a7-815c-4bb5-9798-b070b67d7998_deepseek_1781246265/v5/S1,0,1788541440000,29550.75,24.306694738806897,true,false,29765,3.6944444444444446,limit,outside_band,outside_band,recorded_dormant_requires_fresh_authorization,1788541380000
2026-09-04:NY:8d5c8af5_8ef641a7-815c-4bb5-9798-b070b67d7998_deepseek_1781246265/v5/S1,0,1788541500000,29550.75,24.681694738807266,true,false,29765,3.6944444444444446,limit,outside_band,outside_band,recorded_dormant_requires_fresh_authorization,1788541440000
2026-09-04:NY:8d5c8af5_8ef641a7-815c-4bb5-9798-b070b67d7998_deepseek_1781246265/v5/S1,0,1788541560000,29557,23.668716543178174,true,false,29765,3.6944444444444446,limit,outside_band,outside_band,recorded_dormant_requires_fresh_authorization,1788541500000
2026-09-04:NY:8d5c8af5_8ef641a7-815c-4bb5-9798-b070b67d7998_deepseek_1781246265/v5/S1,0,1788541620000,29551.5,23.68657368603532,true,false,29765,3.6944444444444446,limit,outside_band,outside_band,recorded_dormant_requires_fresh_authorization,1788541560000
2026-09-04:NY:8d5c8af5_8ef641a7-815c-4bb5-9798-b070b67d7998_deepseek_1781246265/v5/S1,0,1788541680000,29552,23.704430828892463,true,false,29765,3.6944444444444446,limit,outside_band,outside_band,recorded_dormant_requires_fresh_authorization,1788541620000
2026-09-04:NY:8d5c8af5_8ef641a7-815c-4bb5-9798-b070b67d7998_deepseek_1781246265/v5/S1,0,1788541740000,29542,24.31157368603532,true,false,29765,3.6944444444444446,limit,outside_band,outside_band,recorded_dormant_requires_fresh_authorization,1788541680000
2026-09-04:NY:8d5c8af5_8ef641a7-815c-4bb5-9798-b070b67d7998_deepseek_1781246265/v5/S1,0,1788541800000,29539.5,24.490145114607248,true,false,29765,3.6944444444444446,limit,outside_band,outside_band,recorded_dormant_requires_fresh_authorization,1788541740000
2026-09-04:NY:8d5c8af5_8ef641a7-815c-4bb5-9798-b070b67d7998_deepseek_1781246265/v5/S1,1,1788539340000,29558,27.848805838326424,false,false,29765,3.6944444444444446,limit,outside_band,outside_band,waiting_confirm,1788539280000
2026-09-04:NY:8d5c8af5_8ef641a7-815c-4bb5-9798-b070b67d7998_deepseek_1781246265/v5/S1,1,1788539400000,29554,27.848805838326577,true,false,29765,3.6944444444444446,limit,outside_band,outside_band,passes_known_local_checks,1788539340000
2026-09-04:NY:8d5c8af5_8ef641a7-815c-4bb5-9798-b070b67d7998_deepseek_1781246265/v5/S1,1,1788539460000,29556.75,26.48460542130325,true,false,29765,3.6944444444444446,limit,outside_band,outside_band,passes_known_local_checks,1788539400000
2026-09-04:NY:8d5c8af5_8ef641a7-815c-4bb5-9798-b070b67d7998_deepseek_1781246265/v5/S1,1,1788539520000,29562.25,26.93103399273182,true,false,29765,3.6944444444444446,limit,outside_band,outside_band,passes_known_local_checks,1788539460000
2026-09-04:NY:8d5c8af5_8ef641a7-815c-4bb5-9798-b070b67d7998_deepseek_1781246265/v5/S1,1,1788539580000,29566.75,27.23460542130325,true,false,29765,3.6944444444444446,limit,outside_band,outside_band,passes_known_local_checks,1788539520000
2026-09-04:NY:8d5c8af5_8ef641a7-815c-4bb5-9798-b070b67d7998_deepseek_1781246265/v5/S1,1,1788539640000,29565,27.23460542130325,true,false,29765,3.6944444444444446,limit,outside_band,outside_band,passes_known_local_checks,1788539580000
2026-09-04:NY:8d5c8af5_8ef641a7-815c-4bb5-9798-b070b67d7998_deepseek_1781246265/v5/S1,1,1788539700000,29570.75,27.502462564160556,true,false,29765,3.6944444444444446,limit,outside_band,outside_band,passes_known_local_checks,1788539640000
2026-09-04:NY:8d5c8af5_8ef641a7-815c-4bb5-9798-b070b67d7998_deepseek_1781246265/v5/S1,1,1788539760000,29570.5,26.055858095291946,true,false,29765,3.6944444444444446,limit,outside_band,outside_band,passes_known_local_checks,1788539700000
2026-09-04:NY:8d5c8af5_8ef641a7-815c-4bb5-9798-b070b67d7998_deepseek_1781246265/v5/S1,1,1788539820000,29563,26.430858095291946,true,false,29765,3.6944444444444446,limit,outside_band,outside_band,passes_known_local_checks,1788539760000
2026-09-04:NY:8d5c8af5_8ef641a7-815c-4bb5-9798-b070b67d7998_deepseek_1781246265/v5/S1,1,1788539880000,29563,26.680858095291946,true,false,29765,3.6944444444444446,limit,outside_band,outside_band,passes_known_local_checks,1788539820000
2026-09-04:NY:8d5c8af5_8ef641a7-815c-4bb5-9798-b070b67d7998_deepseek_1781246265/v5/S1,1,1788539940000,29559.25,26.680858095291946,true,false,29765,3.6944444444444446,limit,outside_band,outside_band,passes_known_local_checks,1788539880000
2026-09-04:NY:8d5c8af5_8ef641a7-815c-4bb5-9798-b070b67d7998_deepseek_1781246265/v5/S1,1,1788540000000,29562,26.734429523863565,true,false,29765,3.6944444444444446,limit,outside_band,outside_band,passes_known_local_checks,1788539940000
2026-09-04:NY:8d5c8af5_8ef641a7-815c-4bb5-9798-b070b67d7998_deepseek_1781246265/v5/S1,1,1788540060000,29564.75,25.27125598644474,true,false,29765,3.6944444444444446,limit,outside_band,outside_band,passes_known_local_checks,1788540000000
2026-09-04:NY:8d5c8af5_8ef641a7-815c-4bb5-9798-b070b67d7998_deepseek_1781246265/v5/S1,1,1788540120000,29562.75,25.449827415016166,true,false,29765,3.6944444444444446,limit,outside_band,outside_band,passes_known_local_checks,1788540060000
2026-09-04:NY:8d5c8af5_8ef641a7-815c-4bb5-9798-b070b67d7998_deepseek_1781246265/v5/S1,1,1788540180000,29562.75,25.556970272159024,true,false,29765,3.6944444444444446,limit,outside_band,outside_band,passes_known_local_checks,1788540120000
2026-09-04:NY:8d5c8af5_8ef641a7-815c-4bb5-9798-b070b67d7998_deepseek_1781246265/v5/S1,1,1788540240000,29563,25.556970272159024,true,false,29765,3.6944444444444446,limit,outside_band,outside_band,passes_known_local_checks,1788540180000
2026-09-04:NY:8d5c8af5_8ef641a7-815c-4bb5-9798-b070b67d7998_deepseek_1781246265/v5/S1,1,1788540300000,29568,25.664113129301903,true,false,29765,3.6944444444444446,limit,outside_band,outside_band,passes_known_local_checks,1788540240000
2026-09-04:NY:8d5c8af5_8ef641a7-815c-4bb5-9798-b070b67d7998_deepseek_1781246265/v5/S1,1,1788540360000,29567.25,24.259533620066055,true,false,29765,3.6944444444444446,limit,outside_band,outside_band,passes_known_local_checks,1788540300000
2026-09-04:NY:8d5c8af5_8ef641a7-815c-4bb5-9798-b070b67d7998_deepseek_1781246265/v5/S1,1,1788540420000,29569.25,24.259533620066055,true,false,29765,3.6944444444444446,limit,outside_band,outside_band,passes_known_local_checks,1788540360000
2026-09-04:NY:8d5c8af5_8ef641a7-815c-4bb5-9798-b070b67d7998_deepseek_1781246265/v5/S1,1,1788540480000,29579.5,24.99167647720891,true,false,29765,3.6944444444444446,limit,outside_band,outside_band,passes_known_local_checks,1788540420000
2026-09-04:NY:8d5c8af5_8ef641a7-815c-4bb5-9798-b070b67d7998_deepseek_1781246265/v5/S1,1,1788540540000,29578.75,24.99167647720891,true,false,29765,3.6944444444444446,limit,outside_band,outside_band,passes_known_local_checks,1788540480000
2026-09-04:NY:8d5c8af5_8ef641a7-815c-4bb5-9798-b070b67d7998_deepseek_1781246265/v5/S1,1,1788540600000,29587.5,25.634533620066055,true,false,29765,3.6944444444444446,limit,outside_band,outside_band,passes_known_local_checks,1788540540000
2026-09-04:NY:8d5c8af5_8ef641a7-815c-4bb5-9798-b070b67d7998_deepseek_1781246265/v5/S1,1,1788540660000,29595,24.42849550434705,true,false,29765,3.6944444444444446,limit,outside_band,outside_band,passes_known_local_checks,1788540600000
2026-09-04:NY:8d5c8af5_8ef641a7-815c-4bb5-9798-b070b67d7998_deepseek_1781246265/v5/S1,1,1788540720000,29591.25,24.42849550434705,true,false,29765,3.6944444444444446,limit,outside_band,outside_band,passes_known_local_checks,1788540660000
2026-09-04:NY:8d5c8af5_8ef641a7-815c-4bb5-9798-b070b67d7998_deepseek_1781246265/v5/S1,1,1788540780000,29591.5,24.42849550434705,true,false,29765,3.6944444444444446,limit,outside_band,outside_band,passes_known_local_checks,1788540720000
2026-09-04:NY:8d5c8af5_8ef641a7-815c-4bb5-9798-b070b67d7998_deepseek_1781246265/v5/S1,1,1788540840000,29585.75,24.55349550434705,true,false,29765,3.6944444444444446,limit,outside_band,outside_band,passes_known_local_checks,1788540780000
2026-09-04:NY:8d5c8af5_8ef641a7-815c-4bb5-9798-b070b67d7998_deepseek_1781246265/v5/S1,1,1788540900000,29585.25,24.624924075775606,true,false,29765,3.6944444444444446,limit,outside_band,outside_band,passes_known_local_checks,1788540840000
2026-09-04:NY:8d5c8af5_8ef641a7-815c-4bb5-9798-b070b67d7998_deepseek_1781246265/v5/S1,1,1788540960000,29586.5,23.38385807036306,true,false,29765,3.6944444444444446,limit,outside_band,outside_band,passes_known_local_checks,1788540900000
2026-09-04:NY:8d5c8af5_8ef641a7-815c-4bb5-9798-b070b67d7998_deepseek_1781246265/v5/S1,1,1788541020000,29580,23.669572356077346,true,false,29765,3.6944444444444446,limit,outside_band,outside_band,passes_known_local_checks,1788540960000
2026-09-04:NY:8d5c8af5_8ef641a7-815c-4bb5-9798-b070b67d7998_deepseek_1781246265/v5/S1,1,1788541080000,29583.5,23.669572356077346,true,false,29765,3.6944444444444446,limit,outside_band,outside_band,passes_known_local_checks,1788541020000
2026-09-04:NY:8d5c8af5_8ef641a7-815c-4bb5-9798-b070b67d7998_deepseek_1781246265/v5/S1,1,1788541140000,29585.75,23.669572356077346,true,false,29765,3.6944444444444446,limit,outside_band,outside_band,passes_known_local_checks,1788541080000
2026-09-04:NY:8d5c8af5_8ef641a7-815c-4bb5-9798-b070b67d7998_deepseek_1781246265/v5/S1,1,1788541200000,29575.75,23.830286641792043,true,false,29765,3.6944444444444446,limit,outside_band,outside_band,recorded_dormant_requires_fresh_authorization,1788541140000
2026-09-04:NY:8d5c8af5_8ef641a7-815c-4bb5-9798-b070b67d7998_deepseek_1781246265/v5/S1,1,1788541260000,29569.75,23.288837595949754,true,false,29765,3.6944444444444446,limit,outside_band,outside_band,recorded_dormant_requires_fresh_authorization,1788541200000
2026-09-04:NY:8d5c8af5_8ef641a7-815c-4bb5-9798-b070b67d7998_deepseek_1781246265/v5/S1,1,1788541320000,29568.25,23.360266167378324,true,false,29765,3.6944444444444446,limit,outside_band,outside_band,recorded_dormant_requires_fresh_authorization,1788541260000
2026-09-04:NY:8d5c8af5_8ef641a7-815c-4bb5-9798-b070b67d7998_deepseek_1781246265/v5/S1,1,1788541380000,29556.75,24.145980453092612,true,false,29765,3.6944444444444446,limit,outside_band,outside_band,recorded_dormant_requires_fresh_authorization,1788541320000
2026-09-04:NY:8d5c8af5_8ef641a7-815c-4bb5-9798-b070b67d7998_deepseek_1781246265/v5/S1,1,1788541440000,29550.75,24.306694738806897,true,false,29765,3.6944444444444446,limit,outside_band,outside_band,recorded_dormant_requires_fresh_authorization,1788541380000
2026-09-04:NY:8d5c8af5_8ef641a7-815c-4bb5-9798-b070b67d7998_deepseek_1781246265/v5/S1,1,1788541500000,29550.75,24.681694738807266,true,false,29765,3.6944444444444446,limit,outside_band,outside_band,recorded_dormant_requires_fresh_authorization,1788541440000
2026-09-04:NY:8d5c8af5_8ef641a7-815c-4bb5-9798-b070b67d7998_deepseek_1781246265/v5/S1,1,1788541560000,29557,23.668716543178174,true,false,29765,3.6944444444444446,limit,outside_band,outside_band,recorded_dormant_requires_fresh_authorization,1788541500000
2026-09-04:NY:8d5c8af5_8ef641a7-815c-4bb5-9798-b070b67d7998_deepseek_1781246265/v5/S1,1,1788541620000,29551.5,23.68657368603532,true,false,29765,3.6944444444444446,limit,outside_band,outside_band,recorded_dormant_requires_fresh_authorization,1788541560000
2026-09-04:NY:8d5c8af5_8ef641a7-815c-4bb5-9798-b070b67d7998_deepseek_1781246265/v5/S1,1,1788541680000,29552,23.704430828892463,true,false,29765,3.6944444444444446,limit,outside_band,outside_band,recorded_dormant_requires_fresh_authorization,1788541620000
2026-09-04:NY:8d5c8af5_8ef641a7-815c-4bb5-9798-b070b67d7998_deepseek_1781246265/v5/S1,1,1788541740000,29542,24.31157368603532,true,false,29765,3.6944444444444446,limit,outside_band,outside_band,recorded_dormant_requires_fresh_authorization,1788541680000
2026-09-04:NY:8d5c8af5_8ef641a7-815c-4bb5-9798-b070b67d7998_deepseek_1781246265/v5/S1,1,1788541800000,29539.5,24.490145114607248,true,false,29765,3.6944444444444446,limit,outside_band,outside_band,recorded_dormant_requires_fresh_authorization,1788541740000
2026-09-04:NY:8d5c8af5_8ef641a7-815c-4bb5-9798-b070b67d7998_deepseek_1781246265/v6/S1,0,1788541860000,29539.75,23.33013474927816,false,false,29614.55520212392,2.176869838620888,limit,outside_band,outside_band,waiting_confirm,1788541800000
2026-09-04:NY:8d5c8af5_8ef641a7-815c-4bb5-9798-b070b67d7998_deepseek_1781246265/v6/S1,0,1788541920000,29532.75,23.758706177849586,false,false,29615.198059266775,2.1376023713789807,limit,outside_band,outside_band,waiting_confirm,1788541860000
2026-09-04:NY:8d5c8af5_8ef641a7-815c-4bb5-9798-b070b67d7998_deepseek_1781246265/v6/S1,0,1788541980000,29539.5,23.865849034992443,false,false,29615.35877355249,2.128005862779251,limit,outside_band,outside_band,waiting_confirm,1788541920000
2026-09-04:NY:8d5c8af5_8ef641a7-815c-4bb5-9798-b070b67d7998_deepseek_1781246265/v6/S1,0,1788542040000,29537.75,23.865849034992443,false,false,29615.35877355249,2.128005862779251,limit,outside_band,outside_band,waiting_confirm,1788541980000
2026-09-04:NY:8d5c8af5_8ef641a7-815c-4bb5-9798-b070b67d7998_deepseek_1781246265/v6/S1,0,1788542100000,29535.25,23.865849034992788,false,false,29615.35877355249,2.128005862779251,limit,outside_band,outside_band,waiting_confirm,1788542040000
2026-09-04:NY:8d5c8af5_8ef641a7-815c-4bb5-9798-b070b67d7998_deepseek_1781246265/v6/S1,0,1788542160000,29534.25,22.69685981820759,false,false,29614.5,2.1803091013166327,limit,outside_band,outside_band,waiting_confirm,1788542100000
2026-09-04:NY:8d5c8af5_8ef641a7-815c-4bb5-9798-b070b67d7998_deepseek_1781246265/v6/S1,0,1788542220000,29536,22.83971696106473,false,false,29614.5,2.1803091013166327,limit,outside_band,outside_band,waiting_confirm,1788542160000
2026-09-04:NY:8d5c8af5_8ef641a7-815c-4bb5-9798-b070b67d7998_deepseek_1781246265/v6/S1,0,1788542280000,29540.75,23.143288389636158,false,false,29614.5,2.1803091013166327,limit,outside_band,outside_band,waiting_confirm,1788542220000
2026-09-04:NY:8d5c8af5_8ef641a7-815c-4bb5-9798-b070b67d7998_deepseek_1781246265/v6/S1,0,1788542340000,29537.5,23.143288389636158,false,false,29614.5,2.1803091013166327,limit,outside_band,outside_band,waiting_confirm,1788542280000
2026-09-04:NY:8d5c8af5_8ef641a7-815c-4bb5-9798-b070b67d7998_deepseek_1781246265/v6/S1,0,1788542400000,29531.5,23.37543124677859,false,false,29614.62314687017,2.1726515387246548,limit,outside_band,outside_band,waiting_confirm,1788542340000
2026-09-04:NY:8d5c8af5_8ef641a7-815c-4bb5-9798-b070b67d7998_deepseek_1781246265/v6/S2,0,1788541860000,29539.75,23.33013474927816,true,false,29755,2.4285714285714284,limit,outside_band,outside_band,passes_known_local_checks,1788541800000
2026-09-04:NY:8d5c8af5_8ef641a7-815c-4bb5-9798-b070b67d7998_deepseek_1781246265/v6/S2,0,1788541920000,29532.75,23.758706177849586,true,false,29755.638059266774,2.385090595526551,limit,outside_band,outside_band,passes_known_local_checks,1788541860000
2026-09-04:NY:8d5c8af5_8ef641a7-815c-4bb5-9798-b070b67d7998_deepseek_1781246265/v6/S2,0,1788541980000,29539.5,23.865849034992443,true,false,29755.798773552488,2.3743830183281127,limit,outside_band,outside_band,passes_known_local_checks,1788541920000
2026-09-04:NY:8d5c8af5_8ef641a7-815c-4bb5-9798-b070b67d7998_deepseek_1781246265/v6/S2,0,1788542040000,29537.75,23.865849034992443,true,false,29755.798773552488,2.3743830183281127,limit,outside_band,outside_band,passes_known_local_checks,1788541980000
2026-09-04:NY:8d5c8af5_8ef641a7-815c-4bb5-9798-b070b67d7998_deepseek_1781246265/v6/S2,0,1788542100000,29535.25,23.865849034992788,true,false,29755.798773552488,2.3743830183281127,limit,outside_band,outside_band,passes_known_local_checks,1788542040000
2026-09-04:NY:8d5c8af5_8ef641a7-815c-4bb5-9798-b070b67d7998_deepseek_1781246265/v6/S2,0,1788542160000,29534.25,22.69685981820759,true,false,29755,2.4285714285714284,limit,outside_band,outside_band,passes_known_local_checks,1788542100000
2026-09-04:NY:8d5c8af5_8ef641a7-815c-4bb5-9798-b070b67d7998_deepseek_1781246265/v6/S2,0,1788542220000,29536,22.83971696106473,true,false,29755,2.4285714285714284,limit,outside_band,outside_band,passes_known_local_checks,1788542160000
2026-09-04:NY:8d5c8af5_8ef641a7-815c-4bb5-9798-b070b67d7998_deepseek_1781246265/v6/S2,0,1788542280000,29540.75,23.143288389636158,true,false,29755,2.4285714285714284,limit,outside_band,outside_band,passes_known_local_checks,1788542220000
2026-09-04:NY:8d5c8af5_8ef641a7-815c-4bb5-9798-b070b67d7998_deepseek_1781246265/v6/S2,0,1788542340000,29537.5,23.143288389636158,true,false,29755,2.4285714285714284,limit,outside_band,outside_band,passes_known_local_checks,1788542280000
2026-09-04:NY:8d5c8af5_8ef641a7-815c-4bb5-9798-b070b67d7998_deepseek_1781246265/v6/S2,0,1788542400000,29531.5,23.37543124677859,true,false,29755.06314687017,2.4241977000734436,limit,outside_band,outside_band,passes_known_local_checks,1788542340000
2026-09-04:NY:8d5c8af5_8ef641a7-815c-4bb5-9798-b070b67d7998_deepseek_1781246265/v6/S2,1,1788541860000,29539.75,23.33013474927816,false,false,29755,2.4285714285714284,limit,outside_band,outside_band,waiting_confirm,1788541800000
2026-09-04:NY:8d5c8af5_8ef641a7-815c-4bb5-9798-b070b67d7998_deepseek_1781246265/v6/S2,1,1788541920000,29532.75,23.758706177849586,true,false,29755.638059266774,2.385090595526551,limit,outside_band,outside_band,passes_known_local_checks,1788541860000
2026-09-04:NY:8d5c8af5_8ef641a7-815c-4bb5-9798-b070b67d7998_deepseek_1781246265/v6/S2,1,1788541980000,29539.5,23.865849034992443,true,false,29755.798773552488,2.3743830183281127,limit,outside_band,outside_band,passes_known_local_checks,1788541920000
2026-09-04:NY:8d5c8af5_8ef641a7-815c-4bb5-9798-b070b67d7998_deepseek_1781246265/v6/S2,1,1788542040000,29537.75,23.865849034992443,true,false,29755.798773552488,2.3743830183281127,limit,outside_band,outside_band,passes_known_local_checks,1788541980000
2026-09-04:NY:8d5c8af5_8ef641a7-815c-4bb5-9798-b070b67d7998_deepseek_1781246265/v6/S2,1,1788542100000,29535.25,23.865849034992788,true,false,29755.798773552488,2.3743830183281127,limit,outside_band,outside_band,passes_known_local_checks,1788542040000
2026-09-04:NY:8d5c8af5_8ef641a7-815c-4bb5-9798-b070b67d7998_deepseek_1781246265/v6/S2,1,1788542160000,29534.25,22.69685981820759,true,false,29755,2.4285714285714284,limit,outside_band,outside_band,passes_known_local_checks,1788542100000
2026-09-04:NY:8d5c8af5_8ef641a7-815c-4bb5-9798-b070b67d7998_deepseek_1781246265/v6/S2,1,1788542220000,29536,22.83971696106473,true,false,29755,2.4285714285714284,limit,outside_band,outside_band,passes_known_local_checks,1788542160000
2026-09-04:NY:8d5c8af5_8ef641a7-815c-4bb5-9798-b070b67d7998_deepseek_1781246265/v6/S2,1,1788542280000,29540.75,23.143288389636158,true,false,29755,2.4285714285714284,limit,outside_band,outside_band,passes_known_local_checks,1788542220000
2026-09-04:NY:8d5c8af5_8ef641a7-815c-4bb5-9798-b070b67d7998_deepseek_1781246265/v6/S2,1,1788542340000,29537.5,23.143288389636158,true,false,29755,2.4285714285714284,limit,outside_band,outside_band,passes_known_local_checks,1788542280000
2026-09-04:NY:8d5c8af5_8ef641a7-815c-4bb5-9798-b070b67d7998_deepseek_1781246265/v6/S2,1,1788542400000,29531.5,23.37543124677859,true,false,29755.06314687017,2.4241977000734436,limit,outside_band,outside_band,passes_known_local_checks,1788542340000
