plan_rowid,plan_id,version,session,scenario,condition,evaluations,met_flips,record_supported_met_flips,arm_confirm_flips,validation_pass_flips,first_changed_decision,coverage
1,2026-08-15:NY,1,NY,S0,hold,0,0,0,0,0,,NOT_REPLAYED
2,2026-08-15:NY,2,NY,S1,reclaim,0,0,0,0,0,,NOT_REPLAYED
2,2026-08-15:NY,2,NY,S2,reject,0,0,0,0,0,,NOT_REPLAYED
2,2026-08-15:NY,2,NY,S3,breakout_retest,0,0,0,0,0,,NOT_REPLAYED
3,2026-08-16:NY,1,NY,S1,sweep_reclaim,0,0,0,0,0,,NOT_REPLAYED
3,2026-08-16:NY,1,NY,S2,reject,0,0,0,0,0,,NOT_REPLAYED
3,2026-08-16:NY,1,NY,S3,breakout_retest,0,0,0,0,0,,NOT_REPLAYED
4,2026-08-16:NY,2,NY,S1,sweep_reclaim,0,0,0,0,0,,NOT_REPLAYED
4,2026-08-16:NY,2,NY,S2,reject,0,0,0,0,0,,NOT_REPLAYED
4,2026-08-16:NY,2,NY,S3,breakout_retest,0,0,0,0,0,,NOT_REPLAYED
5,2026-08-16:ASIA,1,ASIA,S1,reclaim,0,0,0,0,0,,NOT_REPLAYED
5,2026-08-16:ASIA,1,ASIA,S2,breakout_retest,0,0,0,0,0,,NOT_REPLAYED
5,2026-08-16:ASIA,1,ASIA,S3,reject,0,0,0,0,0,,NOT_REPLAYED
6,2026-08-16:ASIA,2,ASIA,S1,reject,0,0,0,0,0,,NOT_REPLAYED
6,2026-08-16:ASIA,2,ASIA,S2,hold,0,0,0,0,0,,NOT_REPLAYED
6,2026-08-16:ASIA,2,ASIA,S3,acceptance,0,0,0,0,0,,NOT_REPLAYED
7,2026-08-16:ASIA,3,ASIA,S1,reclaim,0,0,0,0,0,,NOT_REPLAYED
7,2026-08-16:ASIA,3,ASIA,S2,hold,0,0,0,0,0,,NOT_REPLAYED
7,2026-08-16:ASIA,3,ASIA,S3,reject,0,0,0,0,0,,NOT_REPLAYED
8,2026-08-16:ASIA,4,ASIA,S1,hold,0,0,0,0,0,,NOT_REPLAYED
8,2026-08-16:ASIA,4,ASIA,S2,reject,0,0,0,0,0,,NOT_REPLAYED
8,2026-08-16:ASIA,4,ASIA,S3,acceptance,0,0,0,0,0,,NOT_REPLAYED
9,2026-08-16:ASIA,5,ASIA,S1,hold,0,0,0,0,0,,NOT_REPLAYED
9,2026-08-16:ASIA,5,ASIA,S2,reject,0,0,0,0,0,,NOT_REPLAYED
10,2026-08-16:ASIA,6,ASIA,S0,hold,0,0,0,0,0,,NOT_REPLAYED
11,2026-08-17:ASIA,1,ASIA,S1,hold,0,0,0,0,0,,NOT_REPLAYED
11,2026-08-17:ASIA,1,ASIA,S2,reject,0,0,0,0,0,,NOT_REPLAYED
11,2026-08-17:ASIA,1,ASIA,S3,sweep_reclaim,0,0,0,0,0,,NOT_REPLAYED
12,2026-08-17:LONDON,1,LONDON,S1,hold,0,0,0,0,0,,NOT_REPLAYED
12,2026-08-17:LONDON,1,LONDON,S2,sweep_reclaim,0,0,0,0,0,,NOT_REPLAYED
12,2026-08-17:LONDON,1,LONDON,S3,reject,0,0,0,0,0,,NOT_REPLAYED
13,2026-08-17:NY,1,NY,S1,hold,0,0,0,0,0,,NOT_REPLAYED
13,2026-08-17:NY,1,NY,S2,acceptance,0,0,0,0,0,,NOT_REPLAYED
13,2026-08-17:NY,1,NY,S3,breakout_retest,0,0,0,0,0,,NOT_REPLAYED
14,2026-08-17:NY,2,NY,S1,hold,0,0,0,0,0,,NOT_REPLAYED
14,2026-08-17:NY,2,NY,S2,sweep_reclaim,0,0,0,0,0,,NOT_REPLAYED
14,2026-08-17:NY,2,NY,S3,reject,0,0,0,0,0,,NOT_REPLAYED
15,2026-08-17:NY,3,NY,S1,reclaim,0,0,0,0,0,,NOT_REPLAYED
15,2026-08-17:NY,3,NY,S2,breakout_retest,0,0,0,0,0,,NOT_REPLAYED
15,2026-08-17:NY,3,NY,S3,reject,0,0,0,0,0,,NOT_REPLAYED
16,2026-08-17:ASIA,2,ASIA,S1,sweep_reclaim,0,0,0,0,0,,NOT_REPLAYED
16,2026-08-17:ASIA,2,ASIA,S2,reject,0,0,0,0,0,,NOT_REPLAYED
17,2026-08-17:ASIA,3,ASIA,S1,reclaim,0,0,0,0,0,,NOT_REPLAYED
17,2026-08-17:ASIA,3,ASIA,S2,reject,0,0,0,0,0,,NOT_REPLAYED
17,2026-08-17:ASIA,3,ASIA,S3,sweep_reclaim,0,0,0,0,0,,NOT_REPLAYED
18,2026-08-17:ASIA,4,ASIA,S0,hold,0,0,0,0,0,,NOT_REPLAYED
19,2026-08-17:ASIA,5,ASIA,S1,sweep_reclaim,0,0,0,0,0,,NOT_REPLAYED
19,2026-08-17:ASIA,5,ASIA,S2,reject,0,0,0,0,0,,NOT_REPLAYED
19,2026-08-17:ASIA,5,ASIA,S3,breakout_retest,0,0,0,0,0,,NOT_REPLAYED
20,2026-08-17:ASIA,6,ASIA,S1,reject,0,0,0,0,0,,NOT_REPLAYED
20,2026-08-17:ASIA,6,ASIA,S2,sweep_reclaim,0,0,0,0,0,,NOT_REPLAYED
21,2026-08-18:LONDON:8d5c8af5_8ef641a7-815c-4bb5-9798-b070b67d7998_deepseek_1781246265,1,LONDON,S1,reclaim,0,0,0,0,0,,NOT_REPLAYED
21,2026-08-18:LONDON:8d5c8af5_8ef641a7-815c-4bb5-9798-b070b67d7998_deepseek_1781246265,1,LONDON,S2,breakout_retest,0,0,0,0,0,,NOT_REPLAYED
21,2026-08-18:LONDON:8d5c8af5_8ef641a7-815c-4bb5-9798-b070b67d7998_deepseek_1781246265,1,LONDON,S3,reject,0,0,0,0,0,,NOT_REPLAYED
22,2026-08-18:NY:8d5c8af5_8ef641a7-815c-4bb5-9798-b070b67d7998_deepseek_1781246265,1,NY,S1,sweep_reclaim,0,0,0,0,0,,NOT_REPLAYED
22,2026-08-18:NY:8d5c8af5_8ef641a7-815c-4bb5-9798-b070b67d7998_deepseek_1781246265,1,NY,S2,reclaim,0,0,0,0,0,,NOT_REPLAYED
22,2026-08-18:NY:8d5c8af5_8ef641a7-815c-4bb5-9798-b070b67d7998_deepseek_1781246265,1,NY,S3,reject,0,0,0,0,0,,NOT_REPLAYED
23,2026-08-18:ASIA:8d5c8af5_8ef641a7-815c-4bb5-9798-b070b67d7998_deepseek_1781246265,1,ASIA,S1,acceptance,0,0,0,0,0,,NOT_REPLAYED
23,2026-08-18:ASIA:8d5c8af5_8ef641a7-815c-4bb5-9798-b070b67d7998_deepseek_1781246265,1,ASIA,S2,reject,0,0,0,0,0,,NOT_REPLAYED
23,2026-08-18:ASIA:8d5c8af5_8ef641a7-815c-4bb5-9798-b070b67d7998_deepseek_1781246265,1,ASIA,S3,reclaim,0,0,0,0,0,,NOT_REPLAYED
24,2026-08-18:ASIA:8d5c8af5_8ef641a7-815c-4bb5-9798-b070b67d7998_deepseek_1781246265,2,ASIA,S1,breakout_retest,0,0,0,0,0,,NOT_REPLAYED
24,2026-08-18:ASIA:8d5c8af5_8ef641a7-815c-4bb5-9798-b070b67d7998_deepseek_1781246265,2,ASIA,S2,reject,0,0,0,0,0,,NOT_REPLAYED
24,2026-08-18:ASIA:8d5c8af5_8ef641a7-815c-4bb5-9798-b070b67d7998_deepseek_1781246265,2,ASIA,S3,reclaim,0,0,0,0,0,,NOT_REPLAYED
25,2026-08-18:ASIA:8d5c8af5_8ef641a7-815c-4bb5-9798-b070b67d7998_deepseek_1781246265,3,ASIA,S0,hold,0,0,0,0,0,,NOT_REPLAYED
26,2026-08-18:ASIA:8d5c8af5_8ef641a7-815c-4bb5-9798-b070b67d7998_deepseek_1781246265,4,ASIA,S0,hold,0,0,0,0,0,,NOT_REPLAYED
27,2026-08-18:ASIA:8d5c8af5_8ef641a7-815c-4bb5-9798-b070b67d7998_deepseek_1781246265,5,ASIA,S0,hold,0,0,0,0,0,,NOT_REPLAYED
28,2026-08-18:ASIA:8d5c8af5_8ef641a7-815c-4bb5-9798-b070b67d7998_deepseek_1781246265,6,ASIA,S1,sweep_reclaim,0,0,0,0,0,,NOT_REPLAYED
28,2026-08-18:ASIA:8d5c8af5_8ef641a7-815c-4bb5-9798-b070b67d7998_deepseek_1781246265,6,ASIA,S2,reject,0,0,0,0,0,,NOT_REPLAYED
29,2026-08-19:LONDON:8d5c8af5_8ef641a7-815c-4bb5-9798-b070b67d7998_deepseek_1781246265,1,LONDON,S1,reject,0,0,0,0,0,,NOT_REPLAYED
29,2026-08-19:LONDON:8d5c8af5_8ef641a7-815c-4bb5-9798-b070b67d7998_deepseek_1781246265,1,LONDON,S2,acceptance,0,0,0,0,0,,NOT_REPLAYED
29,2026-08-19:LONDON:8d5c8af5_8ef641a7-815c-4bb5-9798-b070b67d7998_deepseek_1781246265,1,LONDON,S3,reclaim,0,0,0,0,0,,NOT_REPLAYED
30,2026-08-19:LONDON:8d5c8af5_8ef641a7-815c-4bb5-9798-b070b67d7998_deepseek_1781246265,2,LONDON,S1,reject,0,0,0,0,0,,NOT_REPLAYED
30,2026-08-19:LONDON:8d5c8af5_8ef641a7-815c-4bb5-9798-b070b67d7998_deepseek_1781246265,2,LONDON,S2,acceptance,0,0,0,0,0,,NOT_REPLAYED
30,2026-08-19:LONDON:8d5c8af5_8ef641a7-815c-4bb5-9798-b070b67d7998_deepseek_1781246265,2,LONDON,S3,reclaim,0,0,0,0,0,,NOT_REPLAYED
31,2026-08-19:LONDON:8d5c8af5_8ef641a7-815c-4bb5-9798-b070b67d7998_deepseek_1781246265,3,LONDON,S1,reject,0,0,0,0,0,,NOT_REPLAYED
31,2026-08-19:LONDON:8d5c8af5_8ef641a7-815c-4bb5-9798-b070b67d7998_deepseek_1781246265,3,LONDON,S2,breakout_retest,0,0,0,0,0,,NOT_REPLAYED
31,2026-08-19:LONDON:8d5c8af5_8ef641a7-815c-4bb5-9798-b070b67d7998_deepseek_1781246265,3,LONDON,S3,acceptance,0,0,0,0,0,,NOT_REPLAYED
32,2026-08-19:NY:8d5c8af5_8ef641a7-815c-4bb5-9798-b070b67d7998_deepseek_1781246265,1,NY,S1,breakout_retest,0,0,0,0,0,,NOT_REPLAYED
32,2026-08-19:NY:8d5c8af5_8ef641a7-815c-4bb5-9798-b070b67d7998_deepseek_1781246265,1,NY,S2,reclaim,0,0,0,0,0,,NOT_REPLAYED
32,2026-08-19:NY:8d5c8af5_8ef641a7-815c-4bb5-9798-b070b67d7998_deepseek_1781246265,1,NY,S3,acceptance,0,0,0,0,0,,NOT_REPLAYED
33,2026-08-19:NY:8d5c8af5_8ef641a7-815c-4bb5-9798-b070b67d7998_deepseek_1781246265,2,NY,S1,reject,0,0,0,0,0,,NOT_REPLAYED
33,2026-08-19:NY:8d5c8af5_8ef641a7-815c-4bb5-9798-b070b67d7998_deepseek_1781246265,2,NY,S2,breakout_retest,0,0,0,0,0,,NOT_REPLAYED
33,2026-08-19:NY:8d5c8af5_8ef641a7-815c-4bb5-9798-b070b67d7998_deepseek_1781246265,2,NY,S3,sweep_reclaim,0,0,0,0,0,,NOT_REPLAYED
34,2026-08-19:NY:8d5c8af5_8ef641a7-815c-4bb5-9798-b070b67d7998_deepseek_1781246265,3,NY,S1,reject,0,0,0,0,0,,NOT_REPLAYED
34,2026-08-19:NY:8d5c8af5_8ef641a7-815c-4bb5-9798-b070b67d7998_deepseek_1781246265,3,NY,S2,acceptance,0,0,0,0,0,,NOT_REPLAYED
34,2026-08-19:NY:8d5c8af5_8ef641a7-815c-4bb5-9798-b070b67d7998_deepseek_1781246265,3,NY,S3,sweep_reclaim,0,0,0,0,0,,NOT_REPLAYED
35,2026-08-19:ASIA:8d5c8af5_8ef641a7-815c-4bb5-9798-b070b67d7998_deepseek_1781246265,1,ASIA,S1,reclaim,47,0,0,0,0,,retained_tape_replay
35,2026-08-19:ASIA:8d5c8af5_8ef641a7-815c-4bb5-9798-b070b67d7998_deepseek_1781246265,1,ASIA,S2,reject,47,0,0,0,0,,retained_tape_replay
35,2026-08-19:ASIA:8d5c8af5_8ef641a7-815c-4bb5-9798-b070b67d7998_deepseek_1781246265,1,ASIA,S3,acceptance,47,0,0,0,0,,retained_tape_replay
36,2026-08-19:ASIA:8d5c8af5_8ef641a7-815c-4bb5-9798-b070b67d7998_deepseek_1781246265,2,ASIA,S1,hold,4,0,0,0,0,,retained_tape_replay
36,2026-08-19:ASIA:8d5c8af5_8ef641a7-815c-4bb5-9798-b070b67d7998_deepseek_1781246265,2,ASIA,S2,breakout_retest,4,0,0,0,0,,retained_tape_replay
36,2026-08-19:ASIA:8d5c8af5_8ef641a7-815c-4bb5-9798-b070b67d7998_deepseek_1781246265,2,ASIA,S3,reject,4,0,0,0,0,,retained_tape_replay
37,2026-08-19:ASIA:8d5c8af5_8ef641a7-815c-4bb5-9798-b070b67d7998_deepseek_1781246265,3,ASIA,S1,reject,5,0,0,0,0,,retained_tape_replay
37,2026-08-19:ASIA:8d5c8af5_8ef641a7-815c-4bb5-9798-b070b67d7998_deepseek_1781246265,3,ASIA,S2,acceptance,5,0,0,0,0,,retained_tape_replay
37,2026-08-19:ASIA:8d5c8af5_8ef641a7-815c-4bb5-9798-b070b67d7998_deepseek_1781246265,3,ASIA,S3,reclaim,5,0,0,0,0,,retained_tape_replay
38,2026-08-19:ASIA:8d5c8af5_8ef641a7-815c-4bb5-9798-b070b67d7998_deepseek_1781246265,4,ASIA,S1,reject,134,0,0,0,0,,retained_tape_replay
38,2026-08-19:ASIA:8d5c8af5_8ef641a7-815c-4bb5-9798-b070b67d7998_deepseek_1781246265,4,ASIA,S2,acceptance,134,0,0,0,0,,retained_tape_replay
38,2026-08-19:ASIA:8d5c8af5_8ef641a7-815c-4bb5-9798-b070b67d7998_deepseek_1781246265,4,ASIA,S3,reclaim,134,0,0,0,0,,retained_tape_replay
39,2026-08-20:LONDON:8d5c8af5_8ef641a7-815c-4bb5-9798-b070b67d7998_deepseek_1781246265,1,LONDON,S1,breakout_retest,39,0,0,0,0,,retained_tape_replay
39,2026-08-20:LONDON:8d5c8af5_8ef641a7-815c-4bb5-9798-b070b67d7998_deepseek_1781246265,1,LONDON,S2,reject,39,2,2,0,0,30516,retained_tape_replay
39,2026-08-20:LONDON:8d5c8af5_8ef641a7-815c-4bb5-9798-b070b67d7998_deepseek_1781246265,1,LONDON,S3,acceptance,39,1,1,0,0,30529,retained_tape_replay
40,2026-08-20:LONDON:8d5c8af5_8ef641a7-815c-4bb5-9798-b070b67d7998_deepseek_1781246265,2,LONDON,S1,breakout_retest,71,0,0,0,0,,retained_tape_replay
40,2026-08-20:LONDON:8d5c8af5_8ef641a7-815c-4bb5-9798-b070b67d7998_deepseek_1781246265,2,LONDON,S2,reject,71,0,0,0,0,,retained_tape_replay
40,2026-08-20:LONDON:8d5c8af5_8ef641a7-815c-4bb5-9798-b070b67d7998_deepseek_1781246265,2,LONDON,S3,reject,71,0,0,0,0,,retained_tape_replay
41,2026-08-20:NY:8d5c8af5_8ef641a7-815c-4bb5-9798-b070b67d7998_deepseek_1781246265,1,NY,S1,acceptance,6,0,0,0,0,,retained_tape_replay
41,2026-08-20:NY:8d5c8af5_8ef641a7-815c-4bb5-9798-b070b67d7998_deepseek_1781246265,1,NY,S2,reject,6,1,0,0,0,30709,retained_tape_replay
41,2026-08-20:NY:8d5c8af5_8ef641a7-815c-4bb5-9798-b070b67d7998_deepseek_1781246265,1,NY,S3,reclaim,6,4,4,0,0,30710,retained_tape_replay
42,2026-08-20:NY:8d5c8af5_8ef641a7-815c-4bb5-9798-b070b67d7998_deepseek_1781246265,2,NY,S1,acceptance,77,2,2,0,0,30720,retained_tape_replay
42,2026-08-20:NY:8d5c8af5_8ef641a7-815c-4bb5-9798-b070b67d7998_deepseek_1781246265,2,NY,S2,reject,77,0,0,0,0,,retained_tape_replay
42,2026-08-20:NY:8d5c8af5_8ef641a7-815c-4bb5-9798-b070b67d7998_deepseek_1781246265,2,NY,S3,acceptance,77,1,1,0,0,30723,retained_tape_replay
43,2026-08-20:ASIA:8d5c8af5_8ef641a7-815c-4bb5-9798-b070b67d7998_deepseek_1781246265,1,ASIA,S1,acceptance,28,2,2,0,0,30940,retained_tape_replay
43,2026-08-20:ASIA:8d5c8af5_8ef641a7-815c-4bb5-9798-b070b67d7998_deepseek_1781246265,1,ASIA,S2,reject,28,3,3,0,0,30937,retained_tape_replay
43,2026-08-20:ASIA:8d5c8af5_8ef641a7-815c-4bb5-9798-b070b67d7998_deepseek_1781246265,1,ASIA,S3,reclaim,28,1,1,0,0,31000,retained_tape_replay
44,2026-08-20:ASIA:8d5c8af5_8ef641a7-815c-4bb5-9798-b070b67d7998_deepseek_1781246265,2,ASIA,S1,reject,17,0,0,0,0,,retained_tape_replay
44,2026-08-20:ASIA:8d5c8af5_8ef641a7-815c-4bb5-9798-b070b67d7998_deepseek_1781246265,2,ASIA,S2,breakout_retest,17,0,0,0,0,,retained_tape_replay
44,2026-08-20:ASIA:8d5c8af5_8ef641a7-815c-4bb5-9798-b070b67d7998_deepseek_1781246265,2,ASIA,S3,reclaim,17,4,4,0,0,31065,retained_tape_replay
45,2026-08-20:ASIA:8d5c8af5_8ef641a7-815c-4bb5-9798-b070b67d7998_deepseek_1781246265,3,ASIA,S1,reject,36,0,0,0,0,,retained_tape_replay
45,2026-08-20:ASIA:8d5c8af5_8ef641a7-815c-4bb5-9798-b070b67d7998_deepseek_1781246265,3,ASIA,S2,acceptance,36,0,0,0,0,,retained_tape_replay
45,2026-08-20:ASIA:8d5c8af5_8ef641a7-815c-4bb5-9798-b070b67d7998_deepseek_1781246265,3,ASIA,S3,reject,36,0,0,0,0,,retained_tape_replay
46,2026-08-21:LONDON:8d5c8af5_8ef641a7-815c-4bb5-9798-b070b67d7998_deepseek_1781246265,1,LONDON,S1,sweep_reclaim,4,0,0,0,0,,retained_tape_replay
46,2026-08-21:LONDON:8d5c8af5_8ef641a7-815c-4bb5-9798-b070b67d7998_deepseek_1781246265,1,LONDON,S2,reject,4,0,0,0,0,,retained_tape_replay
46,2026-08-21:LONDON:8d5c8af5_8ef641a7-815c-4bb5-9798-b070b67d7998_deepseek_1781246265,1,LONDON,S3,acceptance,4,0,0,0,0,,retained_tape_replay
47,2026-08-21:LONDON:8d5c8af5_8ef641a7-815c-4bb5-9798-b070b67d7998_deepseek_1781246265,2,LONDON,S1,reject,49,6,4,0,0,31233,retained_tape_replay
47,2026-08-21:LONDON:8d5c8af5_8ef641a7-815c-4bb5-9798-b070b67d7998_deepseek_1781246265,2,LONDON,S2,breakout_retest,49,0,0,0,0,,retained_tape_replay
47,2026-08-21:LONDON:8d5c8af5_8ef641a7-815c-4bb5-9798-b070b67d7998_deepseek_1781246265,2,LONDON,S3,reclaim,49,5,5,0,0,31209,retained_tape_replay
48,2026-08-21:LONDON:8d5c8af5_8ef641a7-815c-4bb5-9798-b070b67d7998_deepseek_1781246265,3,LONDON,S1,reclaim,18,0,0,0,0,,retained_tape_replay
48,2026-08-21:LONDON:8d5c8af5_8ef641a7-815c-4bb5-9798-b070b67d7998_deepseek_1781246265,3,LONDON,S2,acceptance,18,2,2,0,0,31319,retained_tape_replay
48,2026-08-21:LONDON:8d5c8af5_8ef641a7-815c-4bb5-9798-b070b67d7998_deepseek_1781246265,3,LONDON,S3,hold,18,0,0,0,0,,retained_tape_replay
49,2026-08-21:LONDON:8d5c8af5_8ef641a7-815c-4bb5-9798-b070b67d7998_deepseek_1781246265,4,LONDON,S1,reject,1,1,1,0,0,31390,retained_tape_replay
49,2026-08-21:LONDON:8d5c8af5_8ef641a7-815c-4bb5-9798-b070b67d7998_deepseek_1781246265,4,LONDON,S2,breakout_retest,1,0,0,0,0,,retained_tape_replay
49,2026-08-21:LONDON:8d5c8af5_8ef641a7-815c-4bb5-9798-b070b67d7998_deepseek_1781246265,4,LONDON,S3,reclaim,1,0,0,0,0,,retained_tape_replay
50,2026-08-21:NY:8d5c8af5_8ef641a7-815c-4bb5-9798-b070b67d7998_deepseek_1781246265,1,NY,S1,reject,156,3,3,0,0,31392,retained_tape_replay
50,2026-08-21:NY:8d5c8af5_8ef641a7-815c-4bb5-9798-b070b67d7998_deepseek_1781246265,1,NY,S2,acceptance,156,2,2,0,0,31398,retained_tape_replay
50,2026-08-21:NY:8d5c8af5_8ef641a7-815c-4bb5-9798-b070b67d7998_deepseek_1781246265,1,NY,S3,breakout_retest,156,0,0,0,0,,retained_tape_replay
51,2026-08-23:ASIA:8d5c8af5_8ef641a7-815c-4bb5-9798-b070b67d7998_deepseek_1781246265,1,ASIA,S0,hold,0,0,0,0,0,,NOT_REPLAYED
52,2026-08-23:ASIA:8d5c8af5_8ef641a7-815c-4bb5-9798-b070b67d7998_deepseek_1781246265,2,ASIA,S0,hold,0,0,0,0,0,,NOT_REPLAYED
53,2026-08-23:ASIA:8d5c8af5_8ef641a7-815c-4bb5-9798-b070b67d7998_deepseek_1781246265,3,ASIA,S0,hold,0,0,0,0,0,,NOT_REPLAYED
54,2026-08-23:ASIA:8d5c8af5_8ef641a7-815c-4bb5-9798-b070b67d7998_deepseek_1781246265,4,ASIA,S0,hold,0,0,0,0,0,,NOT_REPLAYED
55,2026-08-24:LONDON:8d5c8af5_8ef641a7-815c-4bb5-9798-b070b67d7998_deepseek_1781246265,1,LONDON,S0,hold,0,0,0,0,0,,NOT_REPLAYED
56,2026-08-24:NY:8d5c8af5_8ef641a7-815c-4bb5-9798-b070b67d7998_deepseek_1781246265,1,NY,S1,reject,6,0,0,0,0,,retained_tape_replay
56,2026-08-24:NY:8d5c8af5_8ef641a7-815c-4bb5-9798-b070b67d7998_deepseek_1781246265,1,NY,S2,breakout_retest,6,0,0,0,0,,retained_tape_replay
56,2026-08-24:NY:8d5c8af5_8ef641a7-815c-4bb5-9798-b070b67d7998_deepseek_1781246265,1,NY,S3,sweep_reclaim,6,1,0,0,0,32035,retained_tape_replay
57,2026-08-24:NY:8d5c8af5_8ef641a7-815c-4bb5-9798-b070b67d7998_deepseek_1781246265,2,NY,S1,acceptance,12,0,0,0,0,,retained_tape_replay
57,2026-08-24:NY:8d5c8af5_8ef641a7-815c-4bb5-9798-b070b67d7998_deepseek_1781246265,2,NY,S2,reject,12,1,1,0,0,32041,retained_tape_replay
57,2026-08-24:NY:8d5c8af5_8ef641a7-815c-4bb5-9798-b070b67d7998_deepseek_1781246265,2,NY,S3,sweep_reclaim,12,1,1,0,0,32041,retained_tape_replay
58,2026-08-24:NY:8d5c8af5_8ef641a7-815c-4bb5-9798-b070b67d7998_deepseek_1781246265,3,NY,S1,reject,6,0,0,0,0,,retained_tape_replay
58,2026-08-24:NY:8d5c8af5_8ef641a7-815c-4bb5-9798-b070b67d7998_deepseek_1781246265,3,NY,S2,acceptance,6,0,0,0,0,,retained_tape_replay
58,2026-08-24:NY:8d5c8af5_8ef641a7-815c-4bb5-9798-b070b67d7998_deepseek_1781246265,3,NY,S3,reject,6,0,0,0,0,,retained_tape_replay
59,2026-08-24:NY:8d5c8af5_8ef641a7-815c-4bb5-9798-b070b67d7998_deepseek_1781246265,4,NY,S1,reject,9,0,0,0,0,,retained_tape_replay
59,2026-08-24:NY:8d5c8af5_8ef641a7-815c-4bb5-9798-b070b67d7998_deepseek_1781246265,4,NY,S2,breakout_retest,9,0,0,0,0,,retained_tape_replay
59,2026-08-24:NY:8d5c8af5_8ef641a7-815c-4bb5-9798-b070b67d7998_deepseek_1781246265,4,NY,S3,reclaim,9,0,0,0,0,,retained_tape_replay
60,2026-08-24:NY:8d5c8af5_8ef641a7-815c-4bb5-9798-b070b67d7998_deepseek_1781246265,5,NY,S1,reject,2,0,0,0,0,,retained_tape_replay
60,2026-08-24:NY:8d5c8af5_8ef641a7-815c-4bb5-9798-b070b67d7998_deepseek_1781246265,5,NY,S2,acceptance,2,0,0,0,0,,retained_tape_replay
60,2026-08-24:NY:8d5c8af5_8ef641a7-815c-4bb5-9798-b070b67d7998_deepseek_1781246265,5,NY,S3,sweep_reclaim,2,1,1,0,0,32098,retained_tape_replay
61,2026-08-24:NY:8d5c8af5_8ef641a7-815c-4bb5-9798-b070b67d7998_deepseek_1781246265,6,NY,S1,acceptance,2,0,0,0,0,,retained_tape_replay
61,2026-08-24:NY:8d5c8af5_8ef641a7-815c-4bb5-9798-b070b67d7998_deepseek_1781246265,6,NY,S2,reject,2,0,0,0,0,,retained_tape_replay
61,2026-08-24:NY:8d5c8af5_8ef641a7-815c-4bb5-9798-b070b67d7998_deepseek_1781246265,6,NY,S3,reject,2,0,0,0,0,,retained_tape_replay
62,2026-08-24:NY:8d5c8af5_8ef641a7-815c-4bb5-9798-b070b67d7998_deepseek_1781246265,7,NY,S1,reject,4,1,1,0,0,32105,retained_tape_replay
62,2026-08-24:NY:8d5c8af5_8ef641a7-815c-4bb5-9798-b070b67d7998_deepseek_1781246265,7,NY,S2,acceptance,4,0,0,0,0,,retained_tape_replay
62,2026-08-24:NY:8d5c8af5_8ef641a7-815c-4bb5-9798-b070b67d7998_deepseek_1781246265,7,NY,S3,sweep_reclaim,4,1,1,0,0,32103,retained_tape_replay
63,2026-08-24:NY:8d5c8af5_8ef641a7-815c-4bb5-9798-b070b67d7998_deepseek_1781246265,8,NY,S1,acceptance,53,0,0,0,0,,retained_tape_replay
63,2026-08-24:NY:8d5c8af5_8ef641a7-815c-4bb5-9798-b070b67d7998_deepseek_1781246265,8,NY,S2,reject,53,2,2,0,0,32107,retained_tape_replay
63,2026-08-24:NY:8d5c8af5_8ef641a7-815c-4bb5-9798-b070b67d7998_deepseek_1781246265,8,NY,S3,sweep_reclaim,53,2,2,0,0,32107,retained_tape_replay
64,2026-08-24:ASIA:8d5c8af5_8ef641a7-815c-4bb5-9798-b070b67d7998_deepseek_1781246265,1,ASIA,S1,reject,16,2,2,0,0,32244,retained_tape_replay
64,2026-08-24:ASIA:8d5c8af5_8ef641a7-815c-4bb5-9798-b070b67d7998_deepseek_1781246265,1,ASIA,S2,acceptance,16,0,0,0,0,,retained_tape_replay
64,2026-08-24:ASIA:8d5c8af5_8ef641a7-815c-4bb5-9798-b070b67d7998_deepseek_1781246265,1,ASIA,S3,breakout_retest,16,2,2,0,0,32247,retained_tape_replay
65,2026-08-24:ASIA:8d5c8af5_8ef641a7-815c-4bb5-9798-b070b67d7998_deepseek_1781246265,2,ASIA,S0,hold,0,0,0,0,0,,NOT_REPLAYED
66,2026-08-24:ASIA:8d5c8af5_8ef641a7-815c-4bb5-9798-b070b67d7998_deepseek_1781246265,3,ASIA,S1,breakout_retest,84,1,1,0,0,32284,retained_tape_replay
66,2026-08-24:ASIA:8d5c8af5_8ef641a7-815c-4bb5-9798-b070b67d7998_deepseek_1781246265,3,ASIA,S2,reject,84,0,0,0,0,,retained_tape_replay
66,2026-08-24:ASIA:8d5c8af5_8ef641a7-815c-4bb5-9798-b070b67d7998_deepseek_1781246265,3,ASIA,S3,sweep_reclaim,84,0,0,0,0,,retained_tape_replay
67,2026-08-24:ASIA:8d5c8af5_8ef641a7-815c-4bb5-9798-b070b67d7998_deepseek_1781246265,4,ASIA,S1,reject,79,1,1,0,0,32399,retained_tape_replay
67,2026-08-24:ASIA:8d5c8af5_8ef641a7-815c-4bb5-9798-b070b67d7998_deepseek_1781246265,4,ASIA,S2,reject,79,0,0,0,0,,retained_tape_replay
67,2026-08-24:ASIA:8d5c8af5_8ef641a7-815c-4bb5-9798-b070b67d7998_deepseek_1781246265,4,ASIA,S3,breakout_retest,79,0,0,0,0,,retained_tape_replay
68,2026-08-24:ASIA:8d5c8af5_8ef641a7-815c-4bb5-9798-b070b67d7998_deepseek_1781246265,5,ASIA,S1,reclaim,6,0,0,0,0,,retained_tape_replay
68,2026-08-24:ASIA:8d5c8af5_8ef641a7-815c-4bb5-9798-b070b67d7998_deepseek_1781246265,5,ASIA,S2,reject,6,1,1,0,0,32478,retained_tape_replay
68,2026-08-24:ASIA:8d5c8af5_8ef641a7-815c-4bb5-9798-b070b67d7998_deepseek_1781246265,5,ASIA,S3,sweep_reclaim,6,0,0,0,0,,retained_tape_replay
68,2026-08-24:ASIA:8d5c8af5_8ef641a7-815c-4bb5-9798-b070b67d7998_deepseek_1781246265,5,ASIA,S4,acceptance,6,1,1,0,0,32482,retained_tape_replay
69,2026-08-25:LONDON:8d5c8af5_8ef641a7-815c-4bb5-9798-b070b67d7998_deepseek_1781246265,1,LONDON,S1,hold,21,0,0,0,0,,retained_tape_replay
69,2026-08-25:LONDON:8d5c8af5_8ef641a7-815c-4bb5-9798-b070b67d7998_deepseek_1781246265,1,LONDON,S2,reject,21,1,1,0,0,32486,retained_tape_replay
69,2026-08-25:LONDON:8d5c8af5_8ef641a7-815c-4bb5-9798-b070b67d7998_deepseek_1781246265,1,LONDON,S3,acceptance,21,0,0,0,0,,retained_tape_replay
69,2026-08-25:LONDON:8d5c8af5_8ef641a7-815c-4bb5-9798-b070b67d7998_deepseek_1781246265,1,LONDON,S4,breakout_retest,21,0,0,0,0,,retained_tape_replay
69,2026-08-25:LONDON:8d5c8af5_8ef641a7-815c-4bb5-9798-b070b67d7998_deepseek_1781246265,1,LONDON,S5,reclaim,21,1,1,0,0,32486,retained_tape_replay
70,2026-08-25:LONDON:8d5c8af5_8ef641a7-815c-4bb5-9798-b070b67d7998_deepseek_1781246265,2,LONDON,S1,breakout_retest,57,0,0,0,0,,retained_tape_replay
70,2026-08-25:LONDON:8d5c8af5_8ef641a7-815c-4bb5-9798-b070b67d7998_deepseek_1781246265,2,LONDON,S2,hold,57,1,1,0,0,32544,retained_tape_replay
70,2026-08-25:LONDON:8d5c8af5_8ef641a7-815c-4bb5-9798-b070b67d7998_deepseek_1781246265,2,LONDON,S3,sweep_reclaim,57,1,1,0,0,32544,retained_tape_replay
71,2026-08-25:NY:8d5c8af5_8ef641a7-815c-4bb5-9798-b070b67d7998_deepseek_1781246265,1,NY,S1,reclaim,16,2,2,0,0,32677,retained_tape_replay
71,2026-08-25:NY:8d5c8af5_8ef641a7-815c-4bb5-9798-b070b67d7998_deepseek_1781246265,1,NY,S2,hold,16,1,1,0,0,32673,retained_tape_replay
71,2026-08-25:NY:8d5c8af5_8ef641a7-815c-4bb5-9798-b070b67d7998_deepseek_1781246265,1,NY,S3,breakout_retest,16,1,1,0,0,32680,retained_tape_replay
71,2026-08-25:NY:8d5c8af5_8ef641a7-815c-4bb5-9798-b070b67d7998_deepseek_1781246265,1,NY,S4,sweep_reclaim,16,1,1,0,0,32673,retained_tape_replay
72,2026-08-25:NY:8d5c8af5_8ef641a7-815c-4bb5-9798-b070b67d7998_deepseek_1781246265,2,NY,S1,acceptance,120,2,1,0,0,32694,retained_tape_replay
72,2026-08-25:NY:8d5c8af5_8ef641a7-815c-4bb5-9798-b070b67d7998_deepseek_1781246265,2,NY,S2,acceptance,120,0,0,0,0,,retained_tape_replay
72,2026-08-25:NY:8d5c8af5_8ef641a7-815c-4bb5-9798-b070b67d7998_deepseek_1781246265,2,NY,S3,reject,120,1,1,0,0,32694,retained_tape_replay
72,2026-08-25:NY:8d5c8af5_8ef641a7-815c-4bb5-9798-b070b67d7998_deepseek_1781246265,2,NY,S4,reject,120,1,1,0,0,32694,retained_tape_replay
73,2026-08-25:ASIA:8d5c8af5_8ef641a7-815c-4bb5-9798-b070b67d7998_deepseek_1781246265,1,ASIA,S1,breakout_retest,5,0,0,0,0,,retained_tape_replay
73,2026-08-25:ASIA:8d5c8af5_8ef641a7-815c-4bb5-9798-b070b67d7998_deepseek_1781246265,1,ASIA,S2,hold,5,1,1,0,0,32870,retained_tape_replay
73,2026-08-25:ASIA:8d5c8af5_8ef641a7-815c-4bb5-9798-b070b67d7998_deepseek_1781246265,1,ASIA,S3,hold,5,1,1,0,0,32870,retained_tape_replay
73,2026-08-25:ASIA:8d5c8af5_8ef641a7-815c-4bb5-9798-b070b67d7998_deepseek_1781246265,1,ASIA,S4,sweep_reclaim,5,1,1,0,0,32870,retained_tape_replay
74,2026-08-25:ASIA:8d5c8af5_8ef641a7-815c-4bb5-9798-b070b67d7998_deepseek_1781246265,2,ASIA,S0,hold,0,0,0,0,0,,NOT_REPLAYED
75,2026-08-25:ASIA:8d5c8af5_8ef641a7-815c-4bb5-9798-b070b67d7998_deepseek_1781246265,3,ASIA,S1,reclaim,3,0,0,0,0,,retained_tape_replay
75,2026-08-25:ASIA:8d5c8af5_8ef641a7-815c-4bb5-9798-b070b67d7998_deepseek_1781246265,3,ASIA,S2,breakout_retest,3,0,0,0,0,,retained_tape_replay
75,2026-08-25:ASIA:8d5c8af5_8ef641a7-815c-4bb5-9798-b070b67d7998_deepseek_1781246265,3,ASIA,S3,reject,3,0,0,0,0,,retained_tape_replay
75,2026-08-25:ASIA:8d5c8af5_8ef641a7-815c-4bb5-9798-b070b67d7998_deepseek_1781246265,3,ASIA,S4,acceptance,3,0,0,0,0,,retained_tape_replay
76,2026-08-25:ASIA:8d5c8af5_8ef641a7-815c-4bb5-9798-b070b67d7998_deepseek_1781246265,4,ASIA,S1,sweep_reclaim,3,1,1,0,0,32898,retained_tape_replay
76,2026-08-25:ASIA:8d5c8af5_8ef641a7-815c-4bb5-9798-b070b67d7998_deepseek_1781246265,4,ASIA,S2,breakout_retest,3,0,0,0,0,,retained_tape_replay
76,2026-08-25:ASIA:8d5c8af5_8ef641a7-815c-4bb5-9798-b070b67d7998_deepseek_1781246265,4,ASIA,S3,breakout_retest,3,0,0,0,0,,retained_tape_replay
77,2026-08-25:ASIA:8d5c8af5_8ef641a7-815c-4bb5-9798-b070b67d7998_deepseek_1781246265,5,ASIA,S1,sweep_reclaim,11,0,0,0,0,,retained_tape_replay
77,2026-08-25:ASIA:8d5c8af5_8ef641a7-815c-4bb5-9798-b070b67d7998_deepseek_1781246265,5,ASIA,S2,breakout_retest,11,0,0,0,0,,retained_tape_replay
77,2026-08-25:ASIA:8d5c8af5_8ef641a7-815c-4bb5-9798-b070b67d7998_deepseek_1781246265,5,ASIA,S3,acceptance,11,2,2,0,0,32902,retained_tape_replay
77,2026-08-25:ASIA:8d5c8af5_8ef641a7-815c-4bb5-9798-b070b67d7998_deepseek_1781246265,5,ASIA,S4,reject,11,3,3,0,0,32901,retained_tape_replay
78,2026-08-25:ASIA:8d5c8af5_8ef641a7-815c-4bb5-9798-b070b67d7998_deepseek_1781246265,6,ASIA,S1,sweep_reclaim,3,0,0,0,0,,retained_tape_replay
78,2026-08-25:ASIA:8d5c8af5_8ef641a7-815c-4bb5-9798-b070b67d7998_deepseek_1781246265,6,ASIA,S2,reject,3,1,1,0,0,32913,retained_tape_replay
78,2026-08-25:ASIA:8d5c8af5_8ef641a7-815c-4bb5-9798-b070b67d7998_deepseek_1781246265,6,ASIA,S3,acceptance,3,0,0,0,0,,retained_tape_replay
78,2026-08-25:ASIA:8d5c8af5_8ef641a7-815c-4bb5-9798-b070b67d7998_deepseek_1781246265,6,ASIA,S4,acceptance,3,0,0,0,0,,retained_tape_replay
79,2026-08-25:ASIA:8d5c8af5_8ef641a7-815c-4bb5-9798-b070b67d7998_deepseek_1781246265,7,ASIA,S1,sweep_reclaim,13,0,0,0,0,,retained_tape_replay
79,2026-08-25:ASIA:8d5c8af5_8ef641a7-815c-4bb5-9798-b070b67d7998_deepseek_1781246265,7,ASIA,S2,breakout_retest,13,1,1,0,0,32936,retained_tape_replay
79,2026-08-25:ASIA:8d5c8af5_8ef641a7-815c-4bb5-9798-b070b67d7998_deepseek_1781246265,7,ASIA,S3,acceptance,13,0,0,0,0,,retained_tape_replay
79,2026-08-25:ASIA:8d5c8af5_8ef641a7-815c-4bb5-9798-b070b67d7998_deepseek_1781246265,7,ASIA,S4,reject,13,0,0,0,0,,retained_tape_replay
80,2026-08-25:ASIA:8d5c8af5_8ef641a7-815c-4bb5-9798-b070b67d7998_deepseek_1781246265,8,ASIA,S0,hold,0,0,0,0,0,,NOT_REPLAYED
81,2026-08-25:ASIA:8d5c8af5_8ef641a7-815c-4bb5-9798-b070b67d7998_deepseek_1781246265,9,ASIA,S0,hold,0,0,0,0,0,,NOT_REPLAYED
82,2026-08-25:ASIA:8d5c8af5_8ef641a7-815c-4bb5-9798-b070b67d7998_deepseek_1781246265,10,ASIA,S1,breakout_retest,4,0,0,0,0,,retained_tape_replay
82,2026-08-25:ASIA:8d5c8af5_8ef641a7-815c-4bb5-9798-b070b67d7998_deepseek_1781246265,10,ASIA,S2,reject,4,1,1,0,0,33063,retained_tape_replay
82,2026-08-25:ASIA:8d5c8af5_8ef641a7-815c-4bb5-9798-b070b67d7998_deepseek_1781246265,10,ASIA,S3,acceptance,4,0,0,0,0,,retained_tape_replay
83,2026-08-25:ASIA:8d5c8af5_8ef641a7-815c-4bb5-9798-b070b67d7998_deepseek_1781246265,11,ASIA,S1,reject,12,1,1,0,0,33067,retained_tape_replay
83,2026-08-25:ASIA:8d5c8af5_8ef641a7-815c-4bb5-9798-b070b67d7998_deepseek_1781246265,11,ASIA,S2,acceptance,12,0,0,0,0,,retained_tape_replay
83,2026-08-25:ASIA:8d5c8af5_8ef641a7-815c-4bb5-9798-b070b67d7998_deepseek_1781246265,11,ASIA,S3,hold,12,1,1,0,0,33068,retained_tape_replay
84,2026-08-25:ASIA:8d5c8af5_8ef641a7-815c-4bb5-9798-b070b67d7998_deepseek_1781246265,12,ASIA,S1,reject,15,0,0,0,0,,retained_tape_replay
84,2026-08-25:ASIA:8d5c8af5_8ef641a7-815c-4bb5-9798-b070b67d7998_deepseek_1781246265,12,ASIA,S2,acceptance,15,0,0,0,0,,retained_tape_replay
84,2026-08-25:ASIA:8d5c8af5_8ef641a7-815c-4bb5-9798-b070b67d7998_deepseek_1781246265,12,ASIA,S3,sweep_reclaim,15,0,0,0,0,,retained_tape_replay
85,2026-08-25:ASIA:8d5c8af5_8ef641a7-815c-4bb5-9798-b070b67d7998_deepseek_1781246265,13,ASIA,S1,acceptance,4,0,0,0,0,,retained_tape_replay
85,2026-08-25:ASIA:8d5c8af5_8ef641a7-815c-4bb5-9798-b070b67d7998_deepseek_1781246265,13,ASIA,S2,reject,4,1,1,0,0,33095,retained_tape_replay
85,2026-08-25:ASIA:8d5c8af5_8ef641a7-815c-4bb5-9798-b070b67d7998_deepseek_1781246265,13,ASIA,S3,sweep_reclaim,4,1,1,0,0,33095,retained_tape_replay
85,2026-08-25:ASIA:8d5c8af5_8ef641a7-815c-4bb5-9798-b070b67d7998_deepseek_1781246265,13,ASIA,S4,breakout_retest,4,0,0,0,0,,retained_tape_replay
86,2026-08-25:ASIA:8d5c8af5_8ef641a7-815c-4bb5-9798-b070b67d7998_deepseek_1781246265,14,ASIA,S1,acceptance,3,0,0,0,0,,retained_tape_replay
86,2026-08-25:ASIA:8d5c8af5_8ef641a7-815c-4bb5-9798-b070b67d7998_deepseek_1781246265,14,ASIA,S2,reject,3,0,0,0,0,,retained_tape_replay
86,2026-08-25:ASIA:8d5c8af5_8ef641a7-815c-4bb5-9798-b070b67d7998_deepseek_1781246265,14,ASIA,S3,acceptance,3,0,0,0,0,,retained_tape_replay
86,2026-08-25:ASIA:8d5c8af5_8ef641a7-815c-4bb5-9798-b070b67d7998_deepseek_1781246265,14,ASIA,S4,reject,3,0,0,0,0,,retained_tape_replay
86,2026-08-25:ASIA:8d5c8af5_8ef641a7-815c-4bb5-9798-b070b67d7998_deepseek_1781246265,14,ASIA,S5,acceptance,3,0,0,0,0,,retained_tape_replay
87,2026-08-25:ASIA:8d5c8af5_8ef641a7-815c-4bb5-9798-b070b67d7998_deepseek_1781246265,15,ASIA,S1,reject,11,1,1,0,0,33102,retained_tape_replay
87,2026-08-25:ASIA:8d5c8af5_8ef641a7-815c-4bb5-9798-b070b67d7998_deepseek_1781246265,15,ASIA,S2,breakout_retest,11,0,0,0,0,,retained_tape_replay
87,2026-08-25:ASIA:8d5c8af5_8ef641a7-815c-4bb5-9798-b070b67d7998_deepseek_1781246265,15,ASIA,S3,sweep_reclaim,11,1,1,0,0,33102,retained_tape_replay
87,2026-08-25:ASIA:8d5c8af5_8ef641a7-815c-4bb5-9798-b070b67d7998_deepseek_1781246265,15,ASIA,S4,breakout_retest,11,0,0,0,0,,retained_tape_replay
88,2026-08-25:ASIA:8d5c8af5_8ef641a7-815c-4bb5-9798-b070b67d7998_deepseek_1781246265,16,ASIA,S1,hold,0,0,0,0,0,,NOT_REPLAYED
88,2026-08-25:ASIA:8d5c8af5_8ef641a7-815c-4bb5-9798-b070b67d7998_deepseek_1781246265,16,ASIA,S2,breakout_retest,0,0,0,0,0,,NOT_REPLAYED
88,2026-08-25:ASIA:8d5c8af5_8ef641a7-815c-4bb5-9798-b070b67d7998_deepseek_1781246265,16,ASIA,S3,sweep_reclaim,0,0,0,0,0,,NOT_REPLAYED
88,2026-08-25:ASIA:8d5c8af5_8ef641a7-815c-4bb5-9798-b070b67d7998_deepseek_1781246265,16,ASIA,S4,reject,0,0,0,0,0,,NOT_REPLAYED
89,2026-08-26:LONDON:8d5c8af5_8ef641a7-815c-4bb5-9798-b070b67d7998_deepseek_1781246265,1,LONDON,S1,sweep_reclaim,3,1,1,0,0,33114,retained_tape_replay
89,2026-08-26:LONDON:8d5c8af5_8ef641a7-815c-4bb5-9798-b070b67d7998_deepseek_1781246265,1,LONDON,S2,breakout_retest,3,1,1,0,0,33114,retained_tape_replay
89,2026-08-26:LONDON:8d5c8af5_8ef641a7-815c-4bb5-9798-b070b67d7998_deepseek_1781246265,1,LONDON,S3,sweep_reclaim,3,0,0,0,0,,retained_tape_replay
90,2026-08-26:LONDON:8d5c8af5_8ef641a7-815c-4bb5-9798-b070b67d7998_deepseek_1781246265,2,LONDON,S1,reject,0,0,0,0,0,,NOT_REPLAYED
90,2026-08-26:LONDON:8d5c8af5_8ef641a7-815c-4bb5-9798-b070b67d7998_deepseek_1781246265,2,LONDON,S2,breakout_retest,0,0,0,0,0,,NOT_REPLAYED
90,2026-08-26:LONDON:8d5c8af5_8ef641a7-815c-4bb5-9798-b070b67d7998_deepseek_1781246265,2,LONDON,S3,sweep_reclaim,0,0,0,0,0,,NOT_REPLAYED
90,2026-08-26:LONDON:8d5c8af5_8ef641a7-815c-4bb5-9798-b070b67d7998_deepseek_1781246265,2,LONDON,S4,sweep_reclaim,0,0,0,0,0,,NOT_REPLAYED
91,2026-08-26:LONDON:8d5c8af5_8ef641a7-815c-4bb5-9798-b070b67d7998_deepseek_1781246265,3,LONDON,S1,reject,0,0,0,0,0,,NOT_REPLAYED
91,2026-08-26:LONDON:8d5c8af5_8ef641a7-815c-4bb5-9798-b070b67d7998_deepseek_1781246265,3,LONDON,S2,breakout_retest,0,0,0,0,0,,NOT_REPLAYED
91,2026-08-26:LONDON:8d5c8af5_8ef641a7-815c-4bb5-9798-b070b67d7998_deepseek_1781246265,3,LONDON,S3,sweep_reclaim,0,0,0,0,0,,NOT_REPLAYED
91,2026-08-26:LONDON:8d5c8af5_8ef641a7-815c-4bb5-9798-b070b67d7998_deepseek_1781246265,3,LONDON,S4,reclaim,0,0,0,0,0,,NOT_REPLAYED
92,2026-08-26:LONDON:8d5c8af5_8ef641a7-815c-4bb5-9798-b070b67d7998_deepseek_1781246265,4,LONDON,S1,breakout_retest,0,0,0,0,0,,NOT_REPLAYED
92,2026-08-26:LONDON:8d5c8af5_8ef641a7-815c-4bb5-9798-b070b67d7998_deepseek_1781246265,4,LONDON,S2,sweep_reclaim,0,0,0,0,0,,NOT_REPLAYED
92,2026-08-26:LONDON:8d5c8af5_8ef641a7-815c-4bb5-9798-b070b67d7998_deepseek_1781246265,4,LONDON,S3,sweep_reclaim,0,0,0,0,0,,NOT_REPLAYED
93,2026-08-26:LONDON:8d5c8af5_8ef641a7-815c-4bb5-9798-b070b67d7998_deepseek_1781246265,5,LONDON,S1,reject,0,0,0,0,0,,NOT_REPLAYED
93,2026-08-26:LONDON:8d5c8af5_8ef641a7-815c-4bb5-9798-b070b67d7998_deepseek_1781246265,5,LONDON,S2,breakout_retest,0,0,0,0,0,,NOT_REPLAYED
93,2026-08-26:LONDON:8d5c8af5_8ef641a7-815c-4bb5-9798-b070b67d7998_deepseek_1781246265,5,LONDON,S3,sweep_reclaim,0,0,0,0,0,,NOT_REPLAYED
93,2026-08-26:LONDON:8d5c8af5_8ef641a7-815c-4bb5-9798-b070b67d7998_deepseek_1781246265,5,LONDON,S4,sweep_reclaim,0,0,0,0,0,,NOT_REPLAYED
93,2026-08-26:LONDON:8d5c8af5_8ef641a7-815c-4bb5-9798-b070b67d7998_deepseek_1781246265,5,LONDON,S5,breakout_retest,0,0,0,0,0,,NOT_REPLAYED
94,2026-08-26:LONDON:8d5c8af5_8ef641a7-815c-4bb5-9798-b070b67d7998_deepseek_1781246265,6,LONDON,S1,breakout_retest,0,0,0,0,0,,NOT_REPLAYED
94,2026-08-26:LONDON:8d5c8af5_8ef641a7-815c-4bb5-9798-b070b67d7998_deepseek_1781246265,6,LONDON,S2,sweep_reclaim,0,0,0,0,0,,NOT_REPLAYED
94,2026-08-26:LONDON:8d5c8af5_8ef641a7-815c-4bb5-9798-b070b67d7998_deepseek_1781246265,6,LONDON,S3,breakout_retest,0,0,0,0,0,,NOT_REPLAYED
94,2026-08-26:LONDON:8d5c8af5_8ef641a7-815c-4bb5-9798-b070b67d7998_deepseek_1781246265,6,LONDON,S4,sweep_reclaim,0,0,0,0,0,,NOT_REPLAYED
95,2026-08-26:LONDON:8d5c8af5_8ef641a7-815c-4bb5-9798-b070b67d7998_deepseek_1781246265,7,LONDON,S1,hold,1,0,0,0,0,,retained_tape_replay
95,2026-08-26:LONDON:8d5c8af5_8ef641a7-815c-4bb5-9798-b070b67d7998_deepseek_1781246265,7,LONDON,S2,hold,1,0,0,0,0,,retained_tape_replay
95,2026-08-26:LONDON:8d5c8af5_8ef641a7-815c-4bb5-9798-b070b67d7998_deepseek_1781246265,7,LONDON,S3,reclaim,1,0,0,0,0,,retained_tape_replay
95,2026-08-26:LONDON:8d5c8af5_8ef641a7-815c-4bb5-9798-b070b67d7998_deepseek_1781246265,7,LONDON,S4,breakout_retest,1,0,0,0,0,,retained_tape_replay
96,2026-08-26:LONDON:8d5c8af5_8ef641a7-815c-4bb5-9798-b070b67d7998_deepseek_1781246265,8,LONDON,S0,hold,0,0,0,0,0,,NOT_REPLAYED
97,2026-08-26:LONDON:8d5c8af5_8ef641a7-815c-4bb5-9798-b070b67d7998_deepseek_1781246265,9,LONDON,S1,breakout_retest,2,1,1,0,0,33229,retained_tape_replay
97,2026-08-26:LONDON:8d5c8af5_8ef641a7-815c-4bb5-9798-b070b67d7998_deepseek_1781246265,9,LONDON,S2,hold,2,0,0,0,0,,retained_tape_replay
97,2026-08-26:LONDON:8d5c8af5_8ef641a7-815c-4bb5-9798-b070b67d7998_deepseek_1781246265,9,LONDON,S3,sweep_reclaim,2,1,1,0,0,33229,retained_tape_replay
97,2026-08-26:LONDON:8d5c8af5_8ef641a7-815c-4bb5-9798-b070b67d7998_deepseek_1781246265,9,LONDON,S4,acceptance,2,0,0,0,0,,retained_tape_replay
98,2026-08-26:LONDON:8d5c8af5_8ef641a7-815c-4bb5-9798-b070b67d7998_deepseek_1781246265,10,LONDON,S1,hold,16,0,0,0,0,,retained_tape_replay
98,2026-08-26:LONDON:8d5c8af5_8ef641a7-815c-4bb5-9798-b070b67d7998_deepseek_1781246265,10,LONDON,S2,breakout_retest,16,0,0,0,0,,retained_tape_replay
98,2026-08-26:LONDON:8d5c8af5_8ef641a7-815c-4bb5-9798-b070b67d7998_deepseek_1781246265,10,LONDON,S3,reject,16,2,2,0,0,33246,retained_tape_replay
98,2026-08-26:LONDON:8d5c8af5_8ef641a7-815c-4bb5-9798-b070b67d7998_deepseek_1781246265,10,LONDON,S4,breakout_retest,16,2,2,0,0,33246,retained_tape_replay
99,2026-08-26:LONDON:8d5c8af5_8ef641a7-815c-4bb5-9798-b070b67d7998_deepseek_1781246265,11,LONDON,S1,hold,15,9,9,0,0,33260,retained_tape_replay
99,2026-08-26:LONDON:8d5c8af5_8ef641a7-815c-4bb5-9798-b070b67d7998_deepseek_1781246265,11,LONDON,S2,sweep_reclaim,15,1,1,0,0,33260,retained_tape_replay
99,2026-08-26:LONDON:8d5c8af5_8ef641a7-815c-4bb5-9798-b070b67d7998_deepseek_1781246265,11,LONDON,S3,sweep_reclaim,15,1,1,0,0,33263,retained_tape_replay
99,2026-08-26:LONDON:8d5c8af5_8ef641a7-815c-4bb5-9798-b070b67d7998_deepseek_1781246265,11,LONDON,S4,reclaim,15,3,3,0,0,33268,retained_tape_replay
99,2026-08-26:LONDON:8d5c8af5_8ef641a7-815c-4bb5-9798-b070b67d7998_deepseek_1781246265,11,LONDON,S5,hold,15,0,0,0,0,,retained_tape_replay
100,2026-08-26:LONDON:8d5c8af5_8ef641a7-815c-4bb5-9798-b070b67d7998_deepseek_1781246265,12,LONDON,S0,hold,0,0,0,0,0,,NOT_REPLAYED
101,2026-08-26:LONDON:8d5c8af5_8ef641a7-815c-4bb5-9798-b070b67d7998_deepseek_1781246265,13,LONDON,S1,hold,5,0,0,0,0,,retained_tape_replay
101,2026-08-26:LONDON:8d5c8af5_8ef641a7-815c-4bb5-9798-b070b67d7998_deepseek_1781246265,13,LONDON,S2,reject,5,2,2,0,0,33277,retained_tape_replay
101,2026-08-26:LONDON:8d5c8af5_8ef641a7-815c-4bb5-9798-b070b67d7998_deepseek_1781246265,13,LONDON,S3,hold,5,2,2,0,0,33277,retained_tape_replay
101,2026-08-26:LONDON:8d5c8af5_8ef641a7-815c-4bb5-9798-b070b67d7998_deepseek_1781246265,13,LONDON,S4,reclaim,5,0,0,0,0,,retained_tape_replay
102,2026-08-26:LONDON:8d5c8af5_8ef641a7-815c-4bb5-9798-b070b67d7998_deepseek_1781246265,14,LONDON,S1,acceptance,13,1,1,0,0,33290,retained_tape_replay
102,2026-08-26:LONDON:8d5c8af5_8ef641a7-815c-4bb5-9798-b070b67d7998_deepseek_1781246265,14,LONDON,S2,reject,13,2,2,0,0,33282,retained_tape_replay
102,2026-08-26:LONDON:8d5c8af5_8ef641a7-815c-4bb5-9798-b070b67d7998_deepseek_1781246265,14,LONDON,S3,sweep_reclaim,13,5,5,0,0,33281,retained_tape_replay
102,2026-08-26:LONDON:8d5c8af5_8ef641a7-815c-4bb5-9798-b070b67d7998_deepseek_1781246265,14,LONDON,S4,reclaim,13,0,0,0,0,,retained_tape_replay
103,2026-08-26:LONDON:8d5c8af5_8ef641a7-815c-4bb5-9798-b070b67d7998_deepseek_1781246265,15,LONDON,S1,reject,0,0,0,0,0,,NOT_REPLAYED
103,2026-08-26:LONDON:8d5c8af5_8ef641a7-815c-4bb5-9798-b070b67d7998_deepseek_1781246265,15,LONDON,S2,acceptance,0,0,0,0,0,,NOT_REPLAYED
103,2026-08-26:LONDON:8d5c8af5_8ef641a7-815c-4bb5-9798-b070b67d7998_deepseek_1781246265,15,LONDON,S3,sweep_reclaim,0,0,0,0,0,,NOT_REPLAYED
104,2026-08-26:NY:8d5c8af5_8ef641a7-815c-4bb5-9798-b070b67d7998_deepseek_1781246265,1,NY,S1,reject,7,0,0,0,0,,retained_tape_replay
104,2026-08-26:NY:8d5c8af5_8ef641a7-815c-4bb5-9798-b070b67d7998_deepseek_1781246265,1,NY,S2,breakout_retest,7,0,0,0,0,,retained_tape_replay
104,2026-08-26:NY:8d5c8af5_8ef641a7-815c-4bb5-9798-b070b67d7998_deepseek_1781246265,1,NY,S3,reject,7,0,0,0,0,,retained_tape_replay
105,2026-08-26:NY:8d5c8af5_8ef641a7-815c-4bb5-9798-b070b67d7998_deepseek_1781246265,2,NY,S1,sweep_reclaim,7,1,1,0,0,33304,retained_tape_replay
105,2026-08-26:NY:8d5c8af5_8ef641a7-815c-4bb5-9798-b070b67d7998_deepseek_1781246265,2,NY,S2,breakout_retest,7,1,1,0,0,33304,retained_tape_replay
105,2026-08-26:NY:8d5c8af5_8ef641a7-815c-4bb5-9798-b070b67d7998_deepseek_1781246265,2,NY,S3,sweep_reclaim,7,1,1,0,0,33303,retained_tape_replay
105,2026-08-26:NY:8d5c8af5_8ef641a7-815c-4bb5-9798-b070b67d7998_deepseek_1781246265,2,NY,S4,reject,7,3,3,0,0,33302,retained_tape_replay
106,2026-08-26:NY:8d5c8af5_8ef641a7-815c-4bb5-9798-b070b67d7998_deepseek_1781246265,3,NY,S1,breakout_retest,5,3,3,0,0,33312,retained_tape_replay
106,2026-08-26:NY:8d5c8af5_8ef641a7-815c-4bb5-9798-b070b67d7998_deepseek_1781246265,3,NY,S2,reject,5,1,1,0,0,33311,retained_tape_replay
106,2026-08-26:NY:8d5c8af5_8ef641a7-815c-4bb5-9798-b070b67d7998_deepseek_1781246265,3,NY,S3,reject,5,1,1,0,0,33311,retained_tape_replay
106,2026-08-26:NY:8d5c8af5_8ef641a7-815c-4bb5-9798-b070b67d7998_deepseek_1781246265,3,NY,S4,sweep_reclaim,5,0,0,0,0,,retained_tape_replay
106,2026-08-26:NY:8d5c8af5_8ef641a7-815c-4bb5-9798-b070b67d7998_deepseek_1781246265,3,NY,S5,hold,5,1,1,0,0,33311,retained_tape_replay
107,2026-08-26:NY:8d5c8af5_8ef641a7-815c-4bb5-9798-b070b67d7998_deepseek_1781246265,4,NY,S1,breakout_retest,7,0,0,0,0,,retained_tape_replay
107,2026-08-26:NY:8d5c8af5_8ef641a7-815c-4bb5-9798-b070b67d7998_deepseek_1781246265,4,NY,S2,sweep_reclaim,7,0,0,0,0,,retained_tape_replay
107,2026-08-26:NY:8d5c8af5_8ef641a7-815c-4bb5-9798-b070b67d7998_deepseek_1781246265,4,NY,S3,reject,7,1,0,0,0,33319,retained_tape_replay
107,2026-08-26:NY:8d5c8af5_8ef641a7-815c-4bb5-9798-b070b67d7998_deepseek_1781246265,4,NY,S4,hold,7,0,0,0,0,,retained_tape_replay
108,2026-08-26:NY:8d5c8af5_8ef641a7-815c-4bb5-9798-b070b67d7998_deepseek_1781246265,5,NY,S1,hold,2,0,0,0,0,,retained_tape_replay
108,2026-08-26:NY:8d5c8af5_8ef641a7-815c-4bb5-9798-b070b67d7998_deepseek_1781246265,5,NY,S2,breakout_retest,2,0,0,0,0,,retained_tape_replay
108,2026-08-26:NY:8d5c8af5_8ef641a7-815c-4bb5-9798-b070b67d7998_deepseek_1781246265,5,NY,S3,reject,2,1,1,0,0,33325,retained_tape_replay
108,2026-08-26:NY:8d5c8af5_8ef641a7-815c-4bb5-9798-b070b67d7998_deepseek_1781246265,5,NY,S4,reject,2,1,1,0,0,33325,retained_tape_replay
109,2026-08-26:NY:8d5c8af5_8ef641a7-815c-4bb5-9798-b070b67d7998_deepseek_1781246265,6,NY,S1,reject,16,2,2,0,0,33327,retained_tape_replay
109,2026-08-26:NY:8d5c8af5_8ef641a7-815c-4bb5-9798-b070b67d7998_deepseek_1781246265,6,NY,S2,reject,16,2,2,0,0,33327,retained_tape_replay
109,2026-08-26:NY:8d5c8af5_8ef641a7-815c-4bb5-9798-b070b67d7998_deepseek_1781246265,6,NY,S3,breakout_retest,16,0,0,0,0,,retained_tape_replay
110,2026-08-26:NY:8d5c8af5_8ef641a7-815c-4bb5-9798-b070b67d7998_deepseek_1781246265,7,NY,S1,reject,11,1,1,0,0,33344,retained_tape_replay
110,2026-08-26:NY:8d5c8af5_8ef641a7-815c-4bb5-9798-b070b67d7998_deepseek_1781246265,7,NY,S2,reject,11,0,0,0,0,,retained_tape_replay
110,2026-08-26:NY:8d5c8af5_8ef641a7-815c-4bb5-9798-b070b67d7998_deepseek_1781246265,7,NY,S3,breakout_retest,11,2,2,0,0,33349,retained_tape_replay
110,2026-08-26:NY:8d5c8af5_8ef641a7-815c-4bb5-9798-b070b67d7998_deepseek_1781246265,7,NY,S4,sweep_reclaim,11,0,0,0,0,,retained_tape_replay
111,2026-08-26:NY:8d5c8af5_8ef641a7-815c-4bb5-9798-b070b67d7998_deepseek_1781246265,8,NY,S0,hold,0,0,0,0,0,,NOT_REPLAYED
112,2026-08-26:ASIA:8d5c8af5_8ef641a7-815c-4bb5-9798-b070b67d7998_deepseek_1781246265,1,ASIA,S1,breakout_retest,25,0,0,0,0,,retained_tape_replay
112,2026-08-26:ASIA:8d5c8af5_8ef641a7-815c-4bb5-9798-b070b67d7998_deepseek_1781246265,1,ASIA,S2,hold,25,0,0,0,0,,retained_tape_replay
112,2026-08-26:ASIA:8d5c8af5_8ef641a7-815c-4bb5-9798-b070b67d7998_deepseek_1781246265,1,ASIA,S3,breakout_retest,25,0,0,0,0,,retained_tape_replay
113,2026-08-26:ASIA:8d5c8af5_8ef641a7-815c-4bb5-9798-b070b67d7998_deepseek_1781246265,2,ASIA,S0,hold,0,0,0,0,0,,NOT_REPLAYED
114,2026-08-26:ASIA:8d5c8af5_8ef641a7-815c-4bb5-9798-b070b67d7998_deepseek_1781246265,3,ASIA,S1,sweep_reclaim,23,0,0,0,0,,retained_tape_replay
114,2026-08-26:ASIA:8d5c8af5_8ef641a7-815c-4bb5-9798-b070b67d7998_deepseek_1781246265,3,ASIA,S2,acceptance,23,2,2,0,0,33551,retained_tape_replay
114,2026-08-26:ASIA:8d5c8af5_8ef641a7-815c-4bb5-9798-b070b67d7998_deepseek_1781246265,3,ASIA,S3,reject,23,0,0,0,0,,retained_tape_replay
115,2026-08-26:ASIA:8d5c8af5_8ef641a7-815c-4bb5-9798-b070b67d7998_deepseek_1781246265,4,ASIA,S1,reject,8,0,0,0,0,,retained_tape_replay
115,2026-08-26:ASIA:8d5c8af5_8ef641a7-815c-4bb5-9798-b070b67d7998_deepseek_1781246265,4,ASIA,S2,breakout_retest,8,0,0,0,0,,retained_tape_replay
115,2026-08-26:ASIA:8d5c8af5_8ef641a7-815c-4bb5-9798-b070b67d7998_deepseek_1781246265,4,ASIA,S3,sweep_reclaim,8,0,0,0,0,,retained_tape_replay
116,2026-08-26:ASIA:8d5c8af5_8ef641a7-815c-4bb5-9798-b070b67d7998_deepseek_1781246265,5,ASIA,S1,sweep_reclaim,7,0,0,0,0,,retained_tape_replay
116,2026-08-26:ASIA:8d5c8af5_8ef641a7-815c-4bb5-9798-b070b67d7998_deepseek_1781246265,5,ASIA,S2,reject,7,0,0,0,0,,retained_tape_replay
116,2026-08-26:ASIA:8d5c8af5_8ef641a7-815c-4bb5-9798-b070b67d7998_deepseek_1781246265,5,ASIA,S3,breakout_retest,7,0,0,0,0,,retained_tape_replay
117,2026-08-26:ASIA:8d5c8af5_8ef641a7-815c-4bb5-9798-b070b67d7998_deepseek_1781246265,6,ASIA,S1,reject,8,0,0,0,0,,retained_tape_replay
117,2026-08-26:ASIA:8d5c8af5_8ef641a7-815c-4bb5-9798-b070b67d7998_deepseek_1781246265,6,ASIA,S2,sweep_reclaim,8,1,0,0,0,33594,retained_tape_replay
117,2026-08-26:ASIA:8d5c8af5_8ef641a7-815c-4bb5-9798-b070b67d7998_deepseek_1781246265,6,ASIA,S3,breakout_retest,8,0,0,0,0,,retained_tape_replay
118,2026-08-26:ASIA:8d5c8af5_8ef641a7-815c-4bb5-9798-b070b67d7998_deepseek_1781246265,7,ASIA,S1,sweep_reclaim,17,0,0,0,0,,retained_tape_replay
118,2026-08-26:ASIA:8d5c8af5_8ef641a7-815c-4bb5-9798-b070b67d7998_deepseek_1781246265,7,ASIA,S2,reject,17,0,0,0,0,,retained_tape_replay
118,2026-08-26:ASIA:8d5c8af5_8ef641a7-815c-4bb5-9798-b070b67d7998_deepseek_1781246265,7,ASIA,S3,acceptance,17,1,1,0,0,33598,retained_tape_replay
119,2026-08-26:ASIA:8d5c8af5_8ef641a7-815c-4bb5-9798-b070b67d7998_deepseek_1781246265,8,ASIA,S1,sweep_reclaim,18,2,2,0,0,33614,retained_tape_replay
119,2026-08-26:ASIA:8d5c8af5_8ef641a7-815c-4bb5-9798-b070b67d7998_deepseek_1781246265,8,ASIA,S2,sweep_reclaim,18,2,2,0,0,33614,retained_tape_replay
119,2026-08-26:ASIA:8d5c8af5_8ef641a7-815c-4bb5-9798-b070b67d7998_deepseek_1781246265,8,ASIA,S3,reject,18,1,1,0,0,33615,retained_tape_replay
119,2026-08-26:ASIA:8d5c8af5_8ef641a7-815c-4bb5-9798-b070b67d7998_deepseek_1781246265,8,ASIA,S4,acceptance,18,1,1,0,0,33615,retained_tape_replay
120,2026-08-26:ASIA:8d5c8af5_8ef641a7-815c-4bb5-9798-b070b67d7998_deepseek_1781246265,9,ASIA,S1,reject,10,0,0,0,0,,retained_tape_replay
120,2026-08-26:ASIA:8d5c8af5_8ef641a7-815c-4bb5-9798-b070b67d7998_deepseek_1781246265,9,ASIA,S2,sweep_reclaim,10,2,2,0,0,33635,retained_tape_replay
120,2026-08-26:ASIA:8d5c8af5_8ef641a7-815c-4bb5-9798-b070b67d7998_deepseek_1781246265,9,ASIA,S3,breakout_retest,10,0,0,0,0,,retained_tape_replay
121,2026-08-26:ASIA:8d5c8af5_8ef641a7-815c-4bb5-9798-b070b67d7998_deepseek_1781246265,10,ASIA,S1,reject,54,0,0,0,0,,retained_tape_replay
121,2026-08-26:ASIA:8d5c8af5_8ef641a7-815c-4bb5-9798-b070b67d7998_deepseek_1781246265,10,ASIA,S2,sweep_reclaim,54,0,0,0,0,,retained_tape_replay
121,2026-08-26:ASIA:8d5c8af5_8ef641a7-815c-4bb5-9798-b070b67d7998_deepseek_1781246265,10,ASIA,S3,breakout_retest,54,0,0,0,0,,retained_tape_replay
122,2026-08-27:LONDON:8d5c8af5_8ef641a7-815c-4bb5-9798-b070b67d7998_deepseek_1781246265,1,LONDON,S1,sweep_reclaim,11,1,1,0,0,33726,retained_tape_replay
122,2026-08-27:LONDON:8d5c8af5_8ef641a7-815c-4bb5-9798-b070b67d7998_deepseek_1781246265,1,LONDON,S2,reject,11,0,0,0,0,,retained_tape_replay
122,2026-08-27:LONDON:8d5c8af5_8ef641a7-815c-4bb5-9798-b070b67d7998_deepseek_1781246265,1,LONDON,S3,breakout_retest,11,0,0,0,0,,retained_tape_replay
123,2026-08-27:LONDON:8d5c8af5_8ef641a7-815c-4bb5-9798-b070b67d7998_deepseek_1781246265,2,LONDON,S1,sweep_reclaim,22,1,1,0,0,33736,retained_tape_replay
123,2026-08-27:LONDON:8d5c8af5_8ef641a7-815c-4bb5-9798-b070b67d7998_deepseek_1781246265,2,LONDON,S2,sweep_reclaim,22,1,1,0,0,33736,retained_tape_replay
123,2026-08-27:LONDON:8d5c8af5_8ef641a7-815c-4bb5-9798-b070b67d7998_deepseek_1781246265,2,LONDON,S3,breakout_retest,22,0,0,0,0,,retained_tape_replay
123,2026-08-27:LONDON:8d5c8af5_8ef641a7-815c-4bb5-9798-b070b67d7998_deepseek_1781246265,2,LONDON,S4,sweep_reclaim,22,1,1,0,0,33736,retained_tape_replay
124,2026-08-27:LONDON:8d5c8af5_8ef641a7-815c-4bb5-9798-b070b67d7998_deepseek_1781246265,3,LONDON,S1,sweep_reclaim,7,3,3,0,0,33759,retained_tape_replay
124,2026-08-27:LONDON:8d5c8af5_8ef641a7-815c-4bb5-9798-b070b67d7998_deepseek_1781246265,3,LONDON,S2,sweep_reclaim,7,0,0,0,0,,retained_tape_replay
124,2026-08-27:LONDON:8d5c8af5_8ef641a7-815c-4bb5-9798-b070b67d7998_deepseek_1781246265,3,LONDON,S3,breakout_retest,7,2,2,0,0,33760,retained_tape_replay
124,2026-08-27:LONDON:8d5c8af5_8ef641a7-815c-4bb5-9798-b070b67d7998_deepseek_1781246265,3,LONDON,S4,breakout_retest,7,0,0,0,0,,retained_tape_replay
125,2026-08-27:LONDON:8d5c8af5_8ef641a7-815c-4bb5-9798-b070b67d7998_deepseek_1781246265,4,LONDON,S1,breakout_retest,15,1,1,0,0,33768,retained_tape_replay
125,2026-08-27:LONDON:8d5c8af5_8ef641a7-815c-4bb5-9798-b070b67d7998_deepseek_1781246265,4,LONDON,S2,breakout_retest,15,0,0,0,0,,retained_tape_replay
125,2026-08-27:LONDON:8d5c8af5_8ef641a7-815c-4bb5-9798-b070b67d7998_deepseek_1781246265,4,LONDON,S3,sweep_reclaim,15,0,0,0,0,,retained_tape_replay
126,2026-08-27:LONDON:8d5c8af5_8ef641a7-815c-4bb5-9798-b070b67d7998_deepseek_1781246265,5,LONDON,S1,sweep_reclaim,13,2,2,0,0,33782,retained_tape_replay
126,2026-08-27:LONDON:8d5c8af5_8ef641a7-815c-4bb5-9798-b070b67d7998_deepseek_1781246265,5,LONDON,S2,acceptance,13,6,6,0,0,33786,retained_tape_replay
126,2026-08-27:LONDON:8d5c8af5_8ef641a7-815c-4bb5-9798-b070b67d7998_deepseek_1781246265,5,LONDON,S3,reject,13,0,0,0,0,,retained_tape_replay
127,2026-08-27:LONDON:8d5c8af5_8ef641a7-815c-4bb5-9798-b070b67d7998_deepseek_1781246265,6,LONDON,S1,reject,102,3,3,0,0,33816,retained_tape_replay
127,2026-08-27:LONDON:8d5c8af5_8ef641a7-815c-4bb5-9798-b070b67d7998_deepseek_1781246265,6,LONDON,S2,sweep_reclaim,102,2,2,0,0,33801,retained_tape_replay
127,2026-08-27:LONDON:8d5c8af5_8ef641a7-815c-4bb5-9798-b070b67d7998_deepseek_1781246265,6,LONDON,S3,breakout_retest,102,2,2,0,0,33872,retained_tape_replay
128,2026-08-27:LONDON:8d5c8af5_8ef641a7-815c-4bb5-9798-b070b67d7998_deepseek_1781246265,7,LONDON,S1,reject,9,0,0,0,0,,retained_tape_replay
128,2026-08-27:LONDON:8d5c8af5_8ef641a7-815c-4bb5-9798-b070b67d7998_deepseek_1781246265,7,LONDON,S2,acceptance,9,0,0,0,0,,retained_tape_replay
129,2026-08-27:NY:8d5c8af5_8ef641a7-815c-4bb5-9798-b070b67d7998_deepseek_1781246265,1,NY,S0,hold,0,0,0,0,0,,NOT_REPLAYED
130,2026-08-27:NY:8d5c8af5_8ef641a7-815c-4bb5-9798-b070b67d7998_deepseek_1781246265,2,NY,S0,hold,0,0,0,0,0,,NOT_REPLAYED
131,2026-08-27:NY:8d5c8af5_8ef641a7-815c-4bb5-9798-b070b67d7998_deepseek_1781246265,3,NY,S1,sweep_reclaim,4,0,0,0,0,,retained_tape_replay
131,2026-08-27:NY:8d5c8af5_8ef641a7-815c-4bb5-9798-b070b67d7998_deepseek_1781246265,3,NY,S2,reject,4,0,0,0,0,,retained_tape_replay
131,2026-08-27:NY:8d5c8af5_8ef641a7-815c-4bb5-9798-b070b67d7998_deepseek_1781246265,3,NY,S3,acceptance,4,0,0,0,0,,retained_tape_replay
132,2026-08-27:NY:8d5c8af5_8ef641a7-815c-4bb5-9798-b070b67d7998_deepseek_1781246265,4,NY,S1,reject,5,1,1,0,0,34007,retained_tape_replay
132,2026-08-27:NY:8d5c8af5_8ef641a7-815c-4bb5-9798-b070b67d7998_deepseek_1781246265,4,NY,S2,sweep_reclaim,5,1,1,0,0,34007,retained_tape_replay
132,2026-08-27:NY:8d5c8af5_8ef641a7-815c-4bb5-9798-b070b67d7998_deepseek_1781246265,4,NY,S3,reject,5,0,0,0,0,,retained_tape_replay
133,2026-08-27:NY:8d5c8af5_8ef641a7-815c-4bb5-9798-b070b67d7998_deepseek_1781246265,5,NY,S1,sweep_reclaim,20,2,2,0,0,34015,retained_tape_replay
133,2026-08-27:NY:8d5c8af5_8ef641a7-815c-4bb5-9798-b070b67d7998_deepseek_1781246265,5,NY,S2,breakout_retest,20,2,2,0,0,34015,retained_tape_replay
133,2026-08-27:NY:8d5c8af5_8ef641a7-815c-4bb5-9798-b070b67d7998_deepseek_1781246265,5,NY,S3,reject,20,2,2,0,0,34015,retained_tape_replay
133,2026-08-27:NY:8d5c8af5_8ef641a7-815c-4bb5-9798-b070b67d7998_deepseek_1781246265,5,NY,S4,sweep_reclaim,20,2,2,0,0,34015,retained_tape_replay
134,2026-08-27:ASIA:8d5c8af5_8ef641a7-815c-4bb5-9798-b070b67d7998_deepseek_1781246265,1,ASIA,S0,hold,0,0,0,0,0,,NOT_REPLAYED
135,2026-08-27:ASIA:8d5c8af5_8ef641a7-815c-4bb5-9798-b070b67d7998_deepseek_1781246265,2,ASIA,S1,sweep_reclaim,10,0,0,0,0,,retained_tape_replay
135,2026-08-27:ASIA:8d5c8af5_8ef641a7-815c-4bb5-9798-b070b67d7998_deepseek_1781246265,2,ASIA,S2,breakout_retest,10,0,0,0,0,,retained_tape_replay
135,2026-08-27:ASIA:8d5c8af5_8ef641a7-815c-4bb5-9798-b070b67d7998_deepseek_1781246265,2,ASIA,S3,reject,10,1,0,0,0,34085,retained_tape_replay
136,2026-08-27:ASIA:8d5c8af5_8ef641a7-815c-4bb5-9798-b070b67d7998_deepseek_1781246265,3,ASIA,S1,breakout_retest,10,0,0,0,0,,retained_tape_replay
136,2026-08-27:ASIA:8d5c8af5_8ef641a7-815c-4bb5-9798-b070b67d7998_deepseek_1781246265,3,ASIA,S2,reclaim,10,1,1,0,0,34093,retained_tape_replay
136,2026-08-27:ASIA:8d5c8af5_8ef641a7-815c-4bb5-9798-b070b67d7998_deepseek_1781246265,3,ASIA,S3,sweep_reclaim,10,2,2,0,0,34095,retained_tape_replay
136,2026-08-27:ASIA:8d5c8af5_8ef641a7-815c-4bb5-9798-b070b67d7998_deepseek_1781246265,3,ASIA,S4,sweep_reclaim,10,1,1,0,0,34093,retained_tape_replay
137,2026-08-27:ASIA:8d5c8af5_8ef641a7-815c-4bb5-9798-b070b67d7998_deepseek_1781246265,4,ASIA,S1,reject,44,1,1,0,0,34103,retained_tape_replay
137,2026-08-27:ASIA:8d5c8af5_8ef641a7-815c-4bb5-9798-b070b67d7998_deepseek_1781246265,4,ASIA,S2,sweep_reclaim,44,1,1,0,0,34105,retained_tape_replay
137,2026-08-27:ASIA:8d5c8af5_8ef641a7-815c-4bb5-9798-b070b67d7998_deepseek_1781246265,4,ASIA,S3,breakout_retest,44,1,1,0,0,34115,retained_tape_replay
137,2026-08-27:ASIA:8d5c8af5_8ef641a7-815c-4bb5-9798-b070b67d7998_deepseek_1781246265,4,ASIA,S4,hold,44,1,1,0,0,34105,retained_tape_replay
137,2026-08-27:ASIA:8d5c8af5_8ef641a7-815c-4bb5-9798-b070b67d7998_deepseek_1781246265,4,ASIA,S5,sweep_reclaim,44,1,1,0,0,34105,retained_tape_replay
138,2026-08-27:ASIA:8d5c8af5_8ef641a7-815c-4bb5-9798-b070b67d7998_deepseek_1781246265,5,ASIA,S1,sweep_reclaim,14,0,0,0,0,,retained_tape_replay
138,2026-08-27:ASIA:8d5c8af5_8ef641a7-815c-4bb5-9798-b070b67d7998_deepseek_1781246265,5,ASIA,S2,reject,14,0,0,0,0,,retained_tape_replay
138,2026-08-27:ASIA:8d5c8af5_8ef641a7-815c-4bb5-9798-b070b67d7998_deepseek_1781246265,5,ASIA,S3,sweep_reclaim,14,0,0,0,0,,retained_tape_replay
139,2026-08-27:ASIA:8d5c8af5_8ef641a7-815c-4bb5-9798-b070b67d7998_deepseek_1781246265,6,ASIA,S1,sweep_reclaim,15,0,0,0,0,,retained_tape_replay
139,2026-08-27:ASIA:8d5c8af5_8ef641a7-815c-4bb5-9798-b070b67d7998_deepseek_1781246265,6,ASIA,S2,reject,15,0,0,0,0,,retained_tape_replay
139,2026-08-27:ASIA:8d5c8af5_8ef641a7-815c-4bb5-9798-b070b67d7998_deepseek_1781246265,6,ASIA,S3,breakout_retest,15,0,0,0,0,,retained_tape_replay
140,2026-08-27:ASIA:8d5c8af5_8ef641a7-815c-4bb5-9798-b070b67d7998_deepseek_1781246265,7,ASIA,S1,sweep_reclaim,19,1,1,0,0,34177,retained_tape_replay
140,2026-08-27:ASIA:8d5c8af5_8ef641a7-815c-4bb5-9798-b070b67d7998_deepseek_1781246265,7,ASIA,S2,reject,19,2,1,0,0,34176,retained_tape_replay
140,2026-08-27:ASIA:8d5c8af5_8ef641a7-815c-4bb5-9798-b070b67d7998_deepseek_1781246265,7,ASIA,S3,breakout_retest,19,1,1,0,0,34201,retained_tape_replay
140,2026-08-27:ASIA:8d5c8af5_8ef641a7-815c-4bb5-9798-b070b67d7998_deepseek_1781246265,7,ASIA,S4,sweep_reclaim,19,2,2,0,0,34176,retained_tape_replay
141,2026-08-27:ASIA:8d5c8af5_8ef641a7-815c-4bb5-9798-b070b67d7998_deepseek_1781246265,8,ASIA,S1,sweep_reclaim,43,2,2,2,0,34205,retained_tape_replay
141,2026-08-27:ASIA:8d5c8af5_8ef641a7-815c-4bb5-9798-b070b67d7998_deepseek_1781246265,8,ASIA,S2,reject,43,2,2,0,0,34205,retained_tape_replay
141,2026-08-27:ASIA:8d5c8af5_8ef641a7-815c-4bb5-9798-b070b67d7998_deepseek_1781246265,8,ASIA,S3,hold,43,1,1,0,0,34208,retained_tape_replay
142,2026-08-27:ASIA:8d5c8af5_8ef641a7-815c-4bb5-9798-b070b67d7998_deepseek_1781246265,9,ASIA,S1,reject,22,2,2,0,0,34250,retained_tape_replay
142,2026-08-27:ASIA:8d5c8af5_8ef641a7-815c-4bb5-9798-b070b67d7998_deepseek_1781246265,9,ASIA,S2,sweep_reclaim,22,6,6,6,0,34248,retained_tape_replay
142,2026-08-27:ASIA:8d5c8af5_8ef641a7-815c-4bb5-9798-b070b67d7998_deepseek_1781246265,9,ASIA,S3,breakout_retest,22,0,0,0,0,,retained_tape_replay
142,2026-08-27:ASIA:8d5c8af5_8ef641a7-815c-4bb5-9798-b070b67d7998_deepseek_1781246265,9,ASIA,S4,sweep_reclaim,22,2,2,0,0,34250,retained_tape_replay
143,2026-08-27:ASIA:8d5c8af5_8ef641a7-815c-4bb5-9798-b070b67d7998_deepseek_1781246265,10,ASIA,S1,sweep_reclaim,22,1,1,1,0,34270,retained_tape_replay
143,2026-08-27:ASIA:8d5c8af5_8ef641a7-815c-4bb5-9798-b070b67d7998_deepseek_1781246265,10,ASIA,S2,reject,22,1,1,1,0,34270,retained_tape_replay
143,2026-08-27:ASIA:8d5c8af5_8ef641a7-815c-4bb5-9798-b070b67d7998_deepseek_1781246265,10,ASIA,S3,breakout_retest,22,1,1,1,0,34275,retained_tape_replay
143,2026-08-27:ASIA:8d5c8af5_8ef641a7-815c-4bb5-9798-b070b67d7998_deepseek_1781246265,10,ASIA,S4,hold,22,1,1,0,0,34270,retained_tape_replay
144,2026-08-27:ASIA:8d5c8af5_8ef641a7-815c-4bb5-9798-b070b67d7998_deepseek_1781246265,11,ASIA,S1,sweep_reclaim,9,2,2,0,0,34294,retained_tape_replay
144,2026-08-27:ASIA:8d5c8af5_8ef641a7-815c-4bb5-9798-b070b67d7998_deepseek_1781246265,11,ASIA,S2,reject,9,2,2,0,0,34294,retained_tape_replay
144,2026-08-27:ASIA:8d5c8af5_8ef641a7-815c-4bb5-9798-b070b67d7998_deepseek_1781246265,11,ASIA,S3,breakout_retest,9,0,0,0,0,,retained_tape_replay
144,2026-08-27:ASIA:8d5c8af5_8ef641a7-815c-4bb5-9798-b070b67d7998_deepseek_1781246265,11,ASIA,S4,sweep_reclaim,9,7,7,0,0,34292,retained_tape_replay
145,2026-08-27:ASIA:8d5c8af5_8ef641a7-815c-4bb5-9798-b070b67d7998_deepseek_1781246265,12,ASIA,S1,reject,10,0,0,0,0,,retained_tape_replay
145,2026-08-27:ASIA:8d5c8af5_8ef641a7-815c-4bb5-9798-b070b67d7998_deepseek_1781246265,12,ASIA,S2,breakout_retest,10,0,0,0,0,,retained_tape_replay
145,2026-08-27:ASIA:8d5c8af5_8ef641a7-815c-4bb5-9798-b070b67d7998_deepseek_1781246265,12,ASIA,S3,sweep_reclaim,10,5,5,5,0,34301,retained_tape_replay
146,2026-08-27:ASIA:8d5c8af5_8ef641a7-815c-4bb5-9798-b070b67d7998_deepseek_1781246265,13,ASIA,S1,reject,0,0,0,0,0,,NOT_REPLAYED
146,2026-08-27:ASIA:8d5c8af5_8ef641a7-815c-4bb5-9798-b070b67d7998_deepseek_1781246265,13,ASIA,S2,breakout_retest,0,0,0,0,0,,NOT_REPLAYED
146,2026-08-27:ASIA:8d5c8af5_8ef641a7-815c-4bb5-9798-b070b67d7998_deepseek_1781246265,13,ASIA,S3,reject,0,0,0,0,0,,NOT_REPLAYED
146,2026-08-27:ASIA:8d5c8af5_8ef641a7-815c-4bb5-9798-b070b67d7998_deepseek_1781246265,13,ASIA,S4,sweep_reclaim,0,0,0,0,0,,NOT_REPLAYED
146,2026-08-27:ASIA:8d5c8af5_8ef641a7-815c-4bb5-9798-b070b67d7998_deepseek_1781246265,13,ASIA,S5,sweep_reclaim,0,0,0,0,0,,NOT_REPLAYED
147,2026-08-28:LONDON:8d5c8af5_8ef641a7-815c-4bb5-9798-b070b67d7998_deepseek_1781246265,1,LONDON,S1,reject,134,0,0,0,0,,retained_tape_replay
147,2026-08-28:LONDON:8d5c8af5_8ef641a7-815c-4bb5-9798-b070b67d7998_deepseek_1781246265,1,LONDON,S2,sweep_reclaim,134,0,0,0,0,,retained_tape_replay
147,2026-08-28:LONDON:8d5c8af5_8ef641a7-815c-4bb5-9798-b070b67d7998_deepseek_1781246265,1,LONDON,S3,breakout_retest,134,2,2,0,0,34355,retained_tape_replay
148,2026-08-28:LONDON:8d5c8af5_8ef641a7-815c-4bb5-9798-b070b67d7998_deepseek_1781246265,2,LONDON,S1,sweep_reclaim,24,0,0,0,0,,retained_tape_replay
148,2026-08-28:LONDON:8d5c8af5_8ef641a7-815c-4bb5-9798-b070b67d7998_deepseek_1781246265,2,LONDON,S2,acceptance,24,0,0,0,0,,retained_tape_replay
148,2026-08-28:LONDON:8d5c8af5_8ef641a7-815c-4bb5-9798-b070b67d7998_deepseek_1781246265,2,LONDON,S3,sweep_reclaim,24,0,0,0,0,,retained_tape_replay
149,2026-08-28:LONDON:8d5c8af5_8ef641a7-815c-4bb5-9798-b070b67d7998_deepseek_1781246265,3,LONDON,S1,reject,2,0,0,0,0,,retained_tape_replay
149,2026-08-28:LONDON:8d5c8af5_8ef641a7-815c-4bb5-9798-b070b67d7998_deepseek_1781246265,3,LONDON,S2,sweep_reclaim,2,0,0,0,0,,retained_tape_replay
149,2026-08-28:LONDON:8d5c8af5_8ef641a7-815c-4bb5-9798-b070b67d7998_deepseek_1781246265,3,LONDON,S3,breakout_retest,2,0,0,0,0,,retained_tape_replay
149,2026-08-28:LONDON:8d5c8af5_8ef641a7-815c-4bb5-9798-b070b67d7998_deepseek_1781246265,3,LONDON,S4,sweep_reclaim,2,0,0,0,0,,retained_tape_replay
150,2026-08-28:LONDON:8d5c8af5_8ef641a7-815c-4bb5-9798-b070b67d7998_deepseek_1781246265,4,LONDON,S1,sweep_reclaim,7,4,4,0,0,34490,retained_tape_replay
150,2026-08-28:LONDON:8d5c8af5_8ef641a7-815c-4bb5-9798-b070b67d7998_deepseek_1781246265,4,LONDON,S2,breakout_retest,7,0,0,0,0,,retained_tape_replay
150,2026-08-28:LONDON:8d5c8af5_8ef641a7-815c-4bb5-9798-b070b67d7998_deepseek_1781246265,4,LONDON,S3,sweep_reclaim,7,4,4,0,0,34490,retained_tape_replay
150,2026-08-28:LONDON:8d5c8af5_8ef641a7-815c-4bb5-9798-b070b67d7998_deepseek_1781246265,4,LONDON,S4,breakout_retest,7,0,0,0,0,,retained_tape_replay
151,2026-08-28:LONDON:8d5c8af5_8ef641a7-815c-4bb5-9798-b070b67d7998_deepseek_1781246265,5,LONDON,S1,reject,14,0,0,0,0,,retained_tape_replay
151,2026-08-28:LONDON:8d5c8af5_8ef641a7-815c-4bb5-9798-b070b67d7998_deepseek_1781246265,5,LONDON,S2,sweep_reclaim,14,2,2,0,0,34497,retained_tape_replay
151,2026-08-28:LONDON:8d5c8af5_8ef641a7-815c-4bb5-9798-b070b67d7998_deepseek_1781246265,5,LONDON,S3,breakout_retest,14,0,0,0,0,,retained_tape_replay
152,2026-08-28:LONDON:8d5c8af5_8ef641a7-815c-4bb5-9798-b070b67d7998_deepseek_1781246265,6,LONDON,S1,sweep_reclaim,6,0,0,0,0,,retained_tape_replay
152,2026-08-28:LONDON:8d5c8af5_8ef641a7-815c-4bb5-9798-b070b67d7998_deepseek_1781246265,6,LONDON,S2,reject,6,0,0,0,0,,retained_tape_replay
152,2026-08-28:LONDON:8d5c8af5_8ef641a7-815c-4bb5-9798-b070b67d7998_deepseek_1781246265,6,LONDON,S3,sweep_reclaim,6,0,0,0,0,,retained_tape_replay
153,2026-08-28:NY:8d5c8af5_8ef641a7-815c-4bb5-9798-b070b67d7998_deepseek_1781246265,1,NY,S1,reject,7,0,0,0,0,,retained_tape_replay
153,2026-08-28:NY:8d5c8af5_8ef641a7-815c-4bb5-9798-b070b67d7998_deepseek_1781246265,1,NY,S2,breakout_retest,7,0,0,0,0,,retained_tape_replay
153,2026-08-28:NY:8d5c8af5_8ef641a7-815c-4bb5-9798-b070b67d7998_deepseek_1781246265,1,NY,S3,breakout_retest,7,0,0,0,0,,retained_tape_replay
153,2026-08-28:NY:8d5c8af5_8ef641a7-815c-4bb5-9798-b070b67d7998_deepseek_1781246265,1,NY,S4,sweep_reclaim,7,1,1,1,0,34520,retained_tape_replay
154,2026-08-28:NY:8d5c8af5_8ef641a7-815c-4bb5-9798-b070b67d7998_deepseek_1781246265,2,NY,S1,sweep_reclaim,13,1,1,0,0,34530,retained_tape_replay
154,2026-08-28:NY:8d5c8af5_8ef641a7-815c-4bb5-9798-b070b67d7998_deepseek_1781246265,2,NY,S2,breakout_retest,13,0,0,0,0,,retained_tape_replay
154,2026-08-28:NY:8d5c8af5_8ef641a7-815c-4bb5-9798-b070b67d7998_deepseek_1781246265,2,NY,S3,breakout_retest,13,0,0,0,0,,retained_tape_replay
155,2026-08-28:NY:8d5c8af5_8ef641a7-815c-4bb5-9798-b070b67d7998_deepseek_1781246265,3,NY,S1,reject,5,0,0,0,0,,retained_tape_replay
155,2026-08-28:NY:8d5c8af5_8ef641a7-815c-4bb5-9798-b070b67d7998_deepseek_1781246265,3,NY,S2,reject,5,0,0,0,0,,retained_tape_replay
155,2026-08-28:NY:8d5c8af5_8ef641a7-815c-4bb5-9798-b070b67d7998_deepseek_1781246265,3,NY,S3,sweep_reclaim,5,2,2,0,0,34545,retained_tape_replay
156,2026-08-28:NY:8d5c8af5_8ef641a7-815c-4bb5-9798-b070b67d7998_deepseek_1781246265,4,NY,S1,reject,36,1,1,0,0,34588,retained_tape_replay
156,2026-08-28:NY:8d5c8af5_8ef641a7-815c-4bb5-9798-b070b67d7998_deepseek_1781246265,4,NY,S2,breakout_retest,36,1,1,0,0,34588,retained_tape_replay
156,2026-08-28:NY:8d5c8af5_8ef641a7-815c-4bb5-9798-b070b67d7998_deepseek_1781246265,4,NY,S3,sweep_reclaim,36,1,1,0,0,34590,retained_tape_replay
157,2026-08-28:NY:8d5c8af5_8ef641a7-815c-4bb5-9798-b070b67d7998_deepseek_1781246265,5,NY,S1,sweep_reclaim,2,0,0,0,0,,retained_tape_replay
157,2026-08-28:NY:8d5c8af5_8ef641a7-815c-4bb5-9798-b070b67d7998_deepseek_1781246265,5,NY,S2,reject,2,0,0,0,0,,retained_tape_replay
157,2026-08-28:NY:8d5c8af5_8ef641a7-815c-4bb5-9798-b070b67d7998_deepseek_1781246265,5,NY,S3,reject,2,2,2,0,0,34624,retained_tape_replay
158,2026-08-28:NY:8d5c8af5_8ef641a7-815c-4bb5-9798-b070b67d7998_deepseek_1781246265,6,NY,S1,sweep_reclaim,0,0,0,0,0,,NOT_REPLAYED
158,2026-08-28:NY:8d5c8af5_8ef641a7-815c-4bb5-9798-b070b67d7998_deepseek_1781246265,6,NY,S2,hold,0,0,0,0,0,,NOT_REPLAYED
158,2026-08-28:NY:8d5c8af5_8ef641a7-815c-4bb5-9798-b070b67d7998_deepseek_1781246265,6,NY,S3,breakout_retest,0,0,0,0,0,,NOT_REPLAYED
159,2026-08-28:NY:8d5c8af5_8ef641a7-815c-4bb5-9798-b070b67d7998_deepseek_1781246265,7,NY,S1,sweep_reclaim,29,0,0,0,0,,retained_tape_replay
159,2026-08-28:NY:8d5c8af5_8ef641a7-815c-4bb5-9798-b070b67d7998_deepseek_1781246265,7,NY,S2,breakout_retest,29,0,0,0,0,,retained_tape_replay
159,2026-08-28:NY:8d5c8af5_8ef641a7-815c-4bb5-9798-b070b67d7998_deepseek_1781246265,7,NY,S3,reject,29,0,0,0,0,,retained_tape_replay
162,2026-08-30:ASIA:8d5c8af5_8ef641a7-815c-4bb5-9798-b070b67d7998_deepseek_1781246265,1,ASIA,S1,sweep_reclaim,12,0,0,0,0,,retained_tape_replay
162,2026-08-30:ASIA:8d5c8af5_8ef641a7-815c-4bb5-9798-b070b67d7998_deepseek_1781246265,1,ASIA,S2,reject,12,0,0,0,0,,retained_tape_replay
162,2026-08-30:ASIA:8d5c8af5_8ef641a7-815c-4bb5-9798-b070b67d7998_deepseek_1781246265,1,ASIA,S3,breakout_retest,12,0,0,0,0,,retained_tape_replay
162,2026-08-30:ASIA:8d5c8af5_8ef641a7-815c-4bb5-9798-b070b67d7998_deepseek_1781246265,1,ASIA,S4,sweep_reclaim,12,0,0,0,0,,retained_tape_replay
163,2026-08-30:ASIA:8d5c8af5_8ef641a7-815c-4bb5-9798-b070b67d7998_deepseek_1781246265,2,ASIA,S1,breakdown_continue,128,0,0,0,22,,retained_tape_replay
163,2026-08-30:ASIA:8d5c8af5_8ef641a7-815c-4bb5-9798-b070b67d7998_deepseek_1781246265,2,ASIA,S2,sweep_reclaim,128,1,0,0,0,34787,retained_tape_replay
163,2026-08-30:ASIA:8d5c8af5_8ef641a7-815c-4bb5-9798-b070b67d7998_deepseek_1781246265,2,ASIA,S3,reject,128,0,0,0,0,,retained_tape_replay
164,2026-08-30:ASIA:8d5c8af5_8ef641a7-815c-4bb5-9798-b070b67d7998_deepseek_1781246265,3,ASIA,S0,hold,0,0,0,0,0,,NOT_REPLAYED
165,2026-08-31:LONDON:8d5c8af5_8ef641a7-815c-4bb5-9798-b070b67d7998_deepseek_1781246265,1,LONDON,S0,hold,0,0,0,0,0,,NOT_REPLAYED
166,2026-08-31:LONDON:8d5c8af5_8ef641a7-815c-4bb5-9798-b070b67d7998_deepseek_1781246265,2,LONDON,S1,reject,23,0,0,0,0,,retained_tape_replay
166,2026-08-31:LONDON:8d5c8af5_8ef641a7-815c-4bb5-9798-b070b67d7998_deepseek_1781246265,2,LONDON,S2,reject,23,0,0,0,0,,retained_tape_replay
166,2026-08-31:LONDON:8d5c8af5_8ef641a7-815c-4bb5-9798-b070b67d7998_deepseek_1781246265,2,LONDON,S3,breakout_retest,23,0,0,0,0,,retained_tape_replay
166,2026-08-31:LONDON:8d5c8af5_8ef641a7-815c-4bb5-9798-b070b67d7998_deepseek_1781246265,2,LONDON,S4,reject,23,0,0,0,0,,retained_tape_replay
167,2026-08-31:LONDON:8d5c8af5_8ef641a7-815c-4bb5-9798-b070b67d7998_deepseek_1781246265,3,LONDON,S0,hold,0,0,0,0,0,,NOT_REPLAYED
168,2026-08-31:NY:8d5c8af5_8ef641a7-815c-4bb5-9798-b070b67d7998_deepseek_1781246265,1,NY,S0,hold,0,0,0,0,0,,NOT_REPLAYED
169,2026-08-31:NY:8d5c8af5_8ef641a7-815c-4bb5-9798-b070b67d7998_deepseek_1781246265,2,NY,S0,hold,0,0,0,0,0,,NOT_REPLAYED
170,2026-08-31:NY:8d5c8af5_8ef641a7-815c-4bb5-9798-b070b67d7998_deepseek_1781246265,3,NY,S1,reject,54,0,0,0,0,,retained_tape_replay
170,2026-08-31:NY:8d5c8af5_8ef641a7-815c-4bb5-9798-b070b67d7998_deepseek_1781246265,3,NY,S2,reject,54,0,0,0,0,,retained_tape_replay
170,2026-08-31:NY:8d5c8af5_8ef641a7-815c-4bb5-9798-b070b67d7998_deepseek_1781246265,3,NY,S3,sweep_reclaim,54,0,0,0,0,,retained_tape_replay
171,2026-08-31:NY:8d5c8af5_8ef641a7-815c-4bb5-9798-b070b67d7998_deepseek_1781246265,4,NY,S1,sweep_reclaim,13,0,0,0,0,,retained_tape_replay
171,2026-08-31:NY:8d5c8af5_8ef641a7-815c-4bb5-9798-b070b67d7998_deepseek_1781246265,4,NY,S2,reclaim,13,0,0,0,0,,retained_tape_replay
171,2026-08-31:NY:8d5c8af5_8ef641a7-815c-4bb5-9798-b070b67d7998_deepseek_1781246265,4,NY,S3,reject,13,0,0,0,0,,retained_tape_replay
172,2026-08-31:NY:8d5c8af5_8ef641a7-815c-4bb5-9798-b070b67d7998_deepseek_1781246265,5,NY,S1,reject,0,0,0,0,0,,NOT_REPLAYED
172,2026-08-31:NY:8d5c8af5_8ef641a7-815c-4bb5-9798-b070b67d7998_deepseek_1781246265,5,NY,S2,breakout_retest,0,0,0,0,0,,NOT_REPLAYED
172,2026-08-31:NY:8d5c8af5_8ef641a7-815c-4bb5-9798-b070b67d7998_deepseek_1781246265,5,NY,S3,sweep_reclaim,0,0,0,0,0,,NOT_REPLAYED
172,2026-08-31:NY:8d5c8af5_8ef641a7-815c-4bb5-9798-b070b67d7998_deepseek_1781246265,5,NY,S4,sweep_reclaim,0,0,0,0,0,,NOT_REPLAYED
173,2026-08-31:NY:8d5c8af5_8ef641a7-815c-4bb5-9798-b070b67d7998_deepseek_1781246265,6,NY,S1,breakout_retest,21,0,0,0,0,,retained_tape_replay
173,2026-08-31:NY:8d5c8af5_8ef641a7-815c-4bb5-9798-b070b67d7998_deepseek_1781246265,6,NY,S2,sweep_reclaim,21,0,0,0,0,,retained_tape_replay
173,2026-08-31:NY:8d5c8af5_8ef641a7-815c-4bb5-9798-b070b67d7998_deepseek_1781246265,6,NY,S3,reject,21,0,0,0,0,,retained_tape_replay
173,2026-08-31:NY:8d5c8af5_8ef641a7-815c-4bb5-9798-b070b67d7998_deepseek_1781246265,6,NY,S4,sweep_reclaim,21,0,0,0,0,,retained_tape_replay
174,2026-08-31:NY:8d5c8af5_8ef641a7-815c-4bb5-9798-b070b67d7998_deepseek_1781246265,7,NY,S1,hold,5,0,0,0,0,,retained_tape_replay
174,2026-08-31:NY:8d5c8af5_8ef641a7-815c-4bb5-9798-b070b67d7998_deepseek_1781246265,7,NY,S2,reject,5,0,0,0,0,,retained_tape_replay
174,2026-08-31:NY:8d5c8af5_8ef641a7-815c-4bb5-9798-b070b67d7998_deepseek_1781246265,7,NY,S3,reject,5,0,0,0,0,,retained_tape_replay
175,2026-08-31:ASIA:8d5c8af5_8ef641a7-815c-4bb5-9798-b070b67d7998_deepseek_1781246265,1,ASIA,S0,hold,0,0,0,0,0,,NOT_REPLAYED
176,2026-08-31:ASIA:8d5c8af5_8ef641a7-815c-4bb5-9798-b070b67d7998_deepseek_1781246265,2,ASIA,S0,hold,0,0,0,0,0,,NOT_REPLAYED
177,2026-09-01:LONDON:8d5c8af5_8ef641a7-815c-4bb5-9798-b070b67d7998_deepseek_1781246265,1,LONDON,S0,hold,0,0,0,0,0,,NOT_REPLAYED
178,2026-09-01:LONDON:8d5c8af5_8ef641a7-815c-4bb5-9798-b070b67d7998_deepseek_1781246265,2,LONDON,S1,reject,56,0,0,0,0,,retained_tape_replay
178,2026-09-01:LONDON:8d5c8af5_8ef641a7-815c-4bb5-9798-b070b67d7998_deepseek_1781246265,2,LONDON,S2,reject,56,0,0,0,0,,retained_tape_replay
178,2026-09-01:LONDON:8d5c8af5_8ef641a7-815c-4bb5-9798-b070b67d7998_deepseek_1781246265,2,LONDON,S3,sweep_reclaim,56,0,0,0,0,,retained_tape_replay
179,2026-09-01:LONDON:8d5c8af5_8ef641a7-815c-4bb5-9798-b070b67d7998_deepseek_1781246265,3,LONDON,S1,acceptance,15,0,0,0,0,,retained_tape_replay
179,2026-09-01:LONDON:8d5c8af5_8ef641a7-815c-4bb5-9798-b070b67d7998_deepseek_1781246265,3,LONDON,S2,reject,15,0,0,0,0,,retained_tape_replay
180,2026-09-01:LONDON:8d5c8af5_8ef641a7-815c-4bb5-9798-b070b67d7998_deepseek_1781246265,4,LONDON,S1,reject,21,0,0,0,0,,retained_tape_replay
180,2026-09-01:LONDON:8d5c8af5_8ef641a7-815c-4bb5-9798-b070b67d7998_deepseek_1781246265,4,LONDON,S2,sweep_reclaim,21,0,0,0,0,,retained_tape_replay
180,2026-09-01:LONDON:8d5c8af5_8ef641a7-815c-4bb5-9798-b070b67d7998_deepseek_1781246265,4,LONDON,S3,reject,21,0,0,0,0,,retained_tape_replay
181,2026-09-01:LONDON:8d5c8af5_8ef641a7-815c-4bb5-9798-b070b67d7998_deepseek_1781246265,5,LONDON,S1,breakdown_continue,24,0,0,0,0,,retained_tape_replay
181,2026-09-01:LONDON:8d5c8af5_8ef641a7-815c-4bb5-9798-b070b67d7998_deepseek_1781246265,5,LONDON,S2,sweep_reclaim,24,0,0,0,0,,retained_tape_replay
181,2026-09-01:LONDON:8d5c8af5_8ef641a7-815c-4bb5-9798-b070b67d7998_deepseek_1781246265,5,LONDON,S3,reject,24,0,0,0,0,,retained_tape_replay
182,2026-09-01:LONDON:8d5c8af5_8ef641a7-815c-4bb5-9798-b070b67d7998_deepseek_1781246265,6,LONDON,S1,reject,17,0,0,0,0,,retained_tape_replay
182,2026-09-01:LONDON:8d5c8af5_8ef641a7-815c-4bb5-9798-b070b67d7998_deepseek_1781246265,6,LONDON,S2,reject,17,0,0,0,0,,retained_tape_replay
183,2026-09-01:NY:8d5c8af5_8ef641a7-815c-4bb5-9798-b070b67d7998_deepseek_1781246265,1,NY,S1,breakdown_continue,11,1,1,0,1,35691,retained_tape_replay
183,2026-09-01:NY:8d5c8af5_8ef641a7-815c-4bb5-9798-b070b67d7998_deepseek_1781246265,1,NY,S2,reject,11,0,0,0,0,,retained_tape_replay
183,2026-09-01:NY:8d5c8af5_8ef641a7-815c-4bb5-9798-b070b67d7998_deepseek_1781246265,1,NY,S3,reject,11,0,0,0,0,,retained_tape_replay
183,2026-09-01:NY:8d5c8af5_8ef641a7-815c-4bb5-9798-b070b67d7998_deepseek_1781246265,1,NY,S4,sweep_reclaim,11,0,0,0,0,,retained_tape_replay
184,2026-09-01:NY:8d5c8af5_8ef641a7-815c-4bb5-9798-b070b67d7998_deepseek_1781246265,2,NY,S1,reject,9,0,0,0,0,,retained_tape_replay
184,2026-09-01:NY:8d5c8af5_8ef641a7-815c-4bb5-9798-b070b67d7998_deepseek_1781246265,2,NY,S2,reject,9,0,0,0,0,,retained_tape_replay
184,2026-09-01:NY:8d5c8af5_8ef641a7-815c-4bb5-9798-b070b67d7998_deepseek_1781246265,2,NY,S3,sweep_reclaim,9,0,0,0,0,,retained_tape_replay
184,2026-09-01:NY:8d5c8af5_8ef641a7-815c-4bb5-9798-b070b67d7998_deepseek_1781246265,2,NY,S4,reclaim,9,0,0,0,0,,retained_tape_replay
185,2026-09-01:NY:8d5c8af5_8ef641a7-815c-4bb5-9798-b070b67d7998_deepseek_1781246265,3,NY,S1,reject,12,0,0,0,0,,retained_tape_replay
185,2026-09-01:NY:8d5c8af5_8ef641a7-815c-4bb5-9798-b070b67d7998_deepseek_1781246265,3,NY,S2,reject,12,0,0,0,0,,retained_tape_replay
186,2026-09-01:NY:8d5c8af5_8ef641a7-815c-4bb5-9798-b070b67d7998_deepseek_1781246265,4,NY,S1,reject,62,0,0,0,0,,retained_tape_replay
186,2026-09-01:NY:8d5c8af5_8ef641a7-815c-4bb5-9798-b070b67d7998_deepseek_1781246265,4,NY,S2,reject,62,0,0,0,0,,retained_tape_replay
186,2026-09-01:NY:8d5c8af5_8ef641a7-815c-4bb5-9798-b070b67d7998_deepseek_1781246265,4,NY,S3,sweep_reclaim,62,0,0,0,0,,retained_tape_replay
187,2026-09-01:NY:8d5c8af5_8ef641a7-815c-4bb5-9798-b070b67d7998_deepseek_1781246265,5,NY,S1,reject,48,0,0,0,0,,retained_tape_replay
187,2026-09-01:NY:8d5c8af5_8ef641a7-815c-4bb5-9798-b070b67d7998_deepseek_1781246265,5,NY,S2,reject,48,0,0,0,0,,retained_tape_replay
187,2026-09-01:NY:8d5c8af5_8ef641a7-815c-4bb5-9798-b070b67d7998_deepseek_1781246265,5,NY,S3,sweep_reclaim,48,0,0,0,0,,retained_tape_replay
188,2026-09-01:ASIA:8d5c8af5_8ef641a7-815c-4bb5-9798-b070b67d7998_deepseek_1781246265,1,ASIA,S0,hold,0,0,0,0,0,,NOT_REPLAYED
189,2026-09-01:ASIA:8d5c8af5_8ef641a7-815c-4bb5-9798-b070b67d7998_deepseek_1781246265,2,ASIA,S0,hold,0,0,0,0,0,,NOT_REPLAYED
190,2026-09-01:ASIA:8d5c8af5_8ef641a7-815c-4bb5-9798-b070b67d7998_deepseek_1781246265,3,ASIA,S0,hold,0,0,0,0,0,,NOT_REPLAYED
191,2026-09-01:ASIA:8d5c8af5_8ef641a7-815c-4bb5-9798-b070b67d7998_deepseek_1781246265,4,ASIA,S0,hold,0,0,0,0,0,,NOT_REPLAYED
192,2026-09-01:ASIA:8d5c8af5_8ef641a7-815c-4bb5-9798-b070b67d7998_deepseek_1781246265,5,ASIA,S1,sweep_reclaim,4,0,0,0,0,,retained_tape_replay
192,2026-09-01:ASIA:8d5c8af5_8ef641a7-815c-4bb5-9798-b070b67d7998_deepseek_1781246265,5,ASIA,S2,breakout_retest,4,0,0,0,0,,retained_tape_replay
193,2026-09-01:ASIA:8d5c8af5_8ef641a7-815c-4bb5-9798-b070b67d7998_deepseek_1781246265,6,ASIA,S1,sweep_reclaim,19,0,0,0,0,,retained_tape_replay
193,2026-09-01:ASIA:8d5c8af5_8ef641a7-815c-4bb5-9798-b070b67d7998_deepseek_1781246265,6,ASIA,S2,reject,19,0,0,0,0,,retained_tape_replay
193,2026-09-01:ASIA:8d5c8af5_8ef641a7-815c-4bb5-9798-b070b67d7998_deepseek_1781246265,6,ASIA,S3,reclaim,19,0,0,0,0,,retained_tape_replay
194,2026-09-01:ASIA:8d5c8af5_8ef641a7-815c-4bb5-9798-b070b67d7998_deepseek_1781246265,7,ASIA,S1,reject,7,0,0,0,0,,retained_tape_replay
194,2026-09-01:ASIA:8d5c8af5_8ef641a7-815c-4bb5-9798-b070b67d7998_deepseek_1781246265,7,ASIA,S2,reclaim,7,0,0,0,0,,retained_tape_replay
194,2026-09-01:ASIA:8d5c8af5_8ef641a7-815c-4bb5-9798-b070b67d7998_deepseek_1781246265,7,ASIA,S3,reject,7,0,0,0,0,,retained_tape_replay
195,2026-09-01:ASIA:8d5c8af5_8ef641a7-815c-4bb5-9798-b070b67d7998_deepseek_1781246265,8,ASIA,S1,sweep_reclaim,0,0,0,0,0,,NOT_REPLAYED
195,2026-09-01:ASIA:8d5c8af5_8ef641a7-815c-4bb5-9798-b070b67d7998_deepseek_1781246265,8,ASIA,S2,reclaim,0,0,0,0,0,,NOT_REPLAYED
195,2026-09-01:ASIA:8d5c8af5_8ef641a7-815c-4bb5-9798-b070b67d7998_deepseek_1781246265,8,ASIA,S3,breakout_retest,0,0,0,0,0,,NOT_REPLAYED
196,2026-09-01:ASIA:8d5c8af5_8ef641a7-815c-4bb5-9798-b070b67d7998_deepseek_1781246265,9,ASIA,S1,sweep_reclaim,6,0,0,0,0,,retained_tape_replay
196,2026-09-01:ASIA:8d5c8af5_8ef641a7-815c-4bb5-9798-b070b67d7998_deepseek_1781246265,9,ASIA,S2,reclaim,6,0,0,0,0,,retained_tape_replay
197,2026-09-02:LONDON:8d5c8af5_8ef641a7-815c-4bb5-9798-b070b67d7998_deepseek_1781246265,1,LONDON,S0,hold,0,0,0,0,0,,NOT_REPLAYED
198,2026-09-01:ASIA:8d5c8af5_8ef641a7-815c-4bb5-9798-b070b67d7998_deepseek_1781246265,10,ASIA,S1,sweep_reclaim,4,0,0,0,0,,retained_tape_replay
198,2026-09-01:ASIA:8d5c8af5_8ef641a7-815c-4bb5-9798-b070b67d7998_deepseek_1781246265,10,ASIA,S2,reject,4,0,0,0,0,,retained_tape_replay
199,2026-09-02:LONDON:8d5c8af5_8ef641a7-815c-4bb5-9798-b070b67d7998_deepseek_1781246265,2,LONDON,S1,sweep_reclaim,3,0,0,0,0,,retained_tape_replay
199,2026-09-02:LONDON:8d5c8af5_8ef641a7-815c-4bb5-9798-b070b67d7998_deepseek_1781246265,2,LONDON,S2,breakout_retest,3,0,0,0,0,,retained_tape_replay
199,2026-09-02:LONDON:8d5c8af5_8ef641a7-815c-4bb5-9798-b070b67d7998_deepseek_1781246265,2,LONDON,S3,reject,3,0,0,0,0,,retained_tape_replay
200,2026-09-02:LONDON:8d5c8af5_8ef641a7-815c-4bb5-9798-b070b67d7998_deepseek_1781246265,3,LONDON,S1,hold,8,0,0,0,0,,retained_tape_replay
200,2026-09-02:LONDON:8d5c8af5_8ef641a7-815c-4bb5-9798-b070b67d7998_deepseek_1781246265,3,LONDON,S2,reclaim,8,1,1,0,0,36329,retained_tape_replay
200,2026-09-02:LONDON:8d5c8af5_8ef641a7-815c-4bb5-9798-b070b67d7998_deepseek_1781246265,3,LONDON,S3,breakout_retest,8,0,0,0,0,,retained_tape_replay
200,2026-09-02:LONDON:8d5c8af5_8ef641a7-815c-4bb5-9798-b070b67d7998_deepseek_1781246265,3,LONDON,S4,reject,8,0,0,0,0,,retained_tape_replay
200,2026-09-02:LONDON:8d5c8af5_8ef641a7-815c-4bb5-9798-b070b67d7998_deepseek_1781246265,3,LONDON,S5,sweep_reclaim,8,0,0,0,0,,retained_tape_replay
201,2026-09-02:LONDON:8d5c8af5_8ef641a7-815c-4bb5-9798-b070b67d7998_deepseek_1781246265,4,LONDON,S1,reclaim,6,0,0,0,0,,retained_tape_replay
201,2026-09-02:LONDON:8d5c8af5_8ef641a7-815c-4bb5-9798-b070b67d7998_deepseek_1781246265,4,LONDON,S2,sweep_reclaim,6,0,0,0,0,,retained_tape_replay
201,2026-09-02:LONDON:8d5c8af5_8ef641a7-815c-4bb5-9798-b070b67d7998_deepseek_1781246265,4,LONDON,S3,reject,6,0,0,0,0,,retained_tape_replay
201,2026-09-02:LONDON:8d5c8af5_8ef641a7-815c-4bb5-9798-b070b67d7998_deepseek_1781246265,4,LONDON,S4,breakout_retest,6,0,0,0,0,,retained_tape_replay
201,2026-09-02:LONDON:8d5c8af5_8ef641a7-815c-4bb5-9798-b070b67d7998_deepseek_1781246265,4,LONDON,S5,reject,6,0,0,0,0,,retained_tape_replay
202,2026-09-02:LONDON:8d5c8af5_8ef641a7-815c-4bb5-9798-b070b67d7998_deepseek_1781246265,5,LONDON,S1,reject,8,0,0,0,0,,retained_tape_replay
202,2026-09-02:LONDON:8d5c8af5_8ef641a7-815c-4bb5-9798-b070b67d7998_deepseek_1781246265,5,LONDON,S2,sweep_reclaim,8,0,0,0,0,,retained_tape_replay
202,2026-09-02:LONDON:8d5c8af5_8ef641a7-815c-4bb5-9798-b070b67d7998_deepseek_1781246265,5,LONDON,S3,reject,8,0,0,0,0,,retained_tape_replay
203,2026-09-02:NY:8d5c8af5_8ef641a7-815c-4bb5-9798-b070b67d7998_deepseek_1781246265,1,NY,S1,sweep_reclaim,5,0,0,0,0,,retained_tape_replay
203,2026-09-02:NY:8d5c8af5_8ef641a7-815c-4bb5-9798-b070b67d7998_deepseek_1781246265,1,NY,S2,reclaim,5,0,0,0,0,,retained_tape_replay
203,2026-09-02:NY:8d5c8af5_8ef641a7-815c-4bb5-9798-b070b67d7998_deepseek_1781246265,1,NY,S3,reject,5,0,0,0,0,,retained_tape_replay
203,2026-09-02:NY:8d5c8af5_8ef641a7-815c-4bb5-9798-b070b67d7998_deepseek_1781246265,1,NY,S4,reject,5,0,0,0,0,,retained_tape_replay
204,2026-09-02:LONDON:8d5c8af5_8ef641a7-815c-4bb5-9798-b070b67d7998_deepseek_1781246265,6,LONDON,S1,reject,4,0,0,0,0,,retained_tape_replay
204,2026-09-02:LONDON:8d5c8af5_8ef641a7-815c-4bb5-9798-b070b67d7998_deepseek_1781246265,6,LONDON,S2,reject,4,0,0,0,0,,retained_tape_replay
204,2026-09-02:LONDON:8d5c8af5_8ef641a7-815c-4bb5-9798-b070b67d7998_deepseek_1781246265,6,LONDON,S3,sweep_reclaim,4,0,0,0,0,,retained_tape_replay
204,2026-09-02:LONDON:8d5c8af5_8ef641a7-815c-4bb5-9798-b070b67d7998_deepseek_1781246265,6,LONDON,S4,breakout_retest,4,0,0,0,0,,retained_tape_replay
205,2026-09-02:NY:8d5c8af5_8ef641a7-815c-4bb5-9798-b070b67d7998_deepseek_1781246265,2,NY,S1,sweep_reclaim,18,0,0,0,0,,retained_tape_replay
205,2026-09-02:NY:8d5c8af5_8ef641a7-815c-4bb5-9798-b070b67d7998_deepseek_1781246265,2,NY,S2,breakout_retest,18,0,0,0,0,,retained_tape_replay
205,2026-09-02:NY:8d5c8af5_8ef641a7-815c-4bb5-9798-b070b67d7998_deepseek_1781246265,2,NY,S3,reclaim,18,2,0,0,0,36380,retained_tape_replay
206,2026-09-02:NY:8d5c8af5_8ef641a7-815c-4bb5-9798-b070b67d7998_deepseek_1781246265,3,NY,S1,reclaim,8,0,0,0,0,,retained_tape_replay
206,2026-09-02:NY:8d5c8af5_8ef641a7-815c-4bb5-9798-b070b67d7998_deepseek_1781246265,3,NY,S2,sweep_reclaim,8,0,0,0,0,,retained_tape_replay
206,2026-09-02:NY:8d5c8af5_8ef641a7-815c-4bb5-9798-b070b67d7998_deepseek_1781246265,3,NY,S3,breakout_retest,8,0,0,0,0,,retained_tape_replay
206,2026-09-02:NY:8d5c8af5_8ef641a7-815c-4bb5-9798-b070b67d7998_deepseek_1781246265,3,NY,S4,reject,8,0,0,0,0,,retained_tape_replay
207,2026-09-02:NY:8d5c8af5_8ef641a7-815c-4bb5-9798-b070b67d7998_deepseek_1781246265,4,NY,S1,reject,12,0,0,0,0,,retained_tape_replay
207,2026-09-02:NY:8d5c8af5_8ef641a7-815c-4bb5-9798-b070b67d7998_deepseek_1781246265,4,NY,S2,reject,12,0,0,0,0,,retained_tape_replay
208,2026-09-02:NY:8d5c8af5_8ef641a7-815c-4bb5-9798-b070b67d7998_deepseek_1781246265,5,NY,S1,reclaim,5,0,0,0,0,,retained_tape_replay
208,2026-09-02:NY:8d5c8af5_8ef641a7-815c-4bb5-9798-b070b67d7998_deepseek_1781246265,5,NY,S2,reject,5,0,0,0,0,,retained_tape_replay
208,2026-09-02:NY:8d5c8af5_8ef641a7-815c-4bb5-9798-b070b67d7998_deepseek_1781246265,5,NY,S3,sweep_reclaim,5,0,0,0,0,,retained_tape_replay
208,2026-09-02:NY:8d5c8af5_8ef641a7-815c-4bb5-9798-b070b67d7998_deepseek_1781246265,5,NY,S4,breakout_retest,5,0,0,0,0,,retained_tape_replay
209,2026-09-02:NY:8d5c8af5_8ef641a7-815c-4bb5-9798-b070b67d7998_deepseek_1781246265,6,NY,S1,reclaim,15,0,0,0,0,,retained_tape_replay
209,2026-09-02:NY:8d5c8af5_8ef641a7-815c-4bb5-9798-b070b67d7998_deepseek_1781246265,6,NY,S2,hold,15,1,1,0,0,36432,retained_tape_replay
209,2026-09-02:NY:8d5c8af5_8ef641a7-815c-4bb5-9798-b070b67d7998_deepseek_1781246265,6,NY,S3,breakout_retest,15,0,0,0,0,,retained_tape_replay
209,2026-09-02:NY:8d5c8af5_8ef641a7-815c-4bb5-9798-b070b67d7998_deepseek_1781246265,6,NY,S4,sweep_reclaim,15,0,0,0,0,,retained_tape_replay
210,2026-09-02:NY:8d5c8af5_8ef641a7-815c-4bb5-9798-b070b67d7998_deepseek_1781246265,7,NY,S1,sweep_reclaim,14,0,0,0,0,,retained_tape_replay
210,2026-09-02:NY:8d5c8af5_8ef641a7-815c-4bb5-9798-b070b67d7998_deepseek_1781246265,7,NY,S2,reclaim,14,1,1,0,0,36447,retained_tape_replay
210,2026-09-02:NY:8d5c8af5_8ef641a7-815c-4bb5-9798-b070b67d7998_deepseek_1781246265,7,NY,S3,breakout_retest,14,0,0,0,0,,retained_tape_replay
210,2026-09-02:NY:8d5c8af5_8ef641a7-815c-4bb5-9798-b070b67d7998_deepseek_1781246265,7,NY,S4,reject,14,0,0,0,0,,retained_tape_replay
211,2026-09-02:NY:8d5c8af5_8ef641a7-815c-4bb5-9798-b070b67d7998_deepseek_1781246265,8,NY,S1,reclaim,19,0,0,0,0,,retained_tape_replay
211,2026-09-02:NY:8d5c8af5_8ef641a7-815c-4bb5-9798-b070b67d7998_deepseek_1781246265,8,NY,S2,reject,19,0,0,0,0,,retained_tape_replay
212,2026-09-02:NY:8d5c8af5_8ef641a7-815c-4bb5-9798-b070b67d7998_deepseek_1781246265,9,NY,S1,sweep_reclaim,18,0,0,0,0,,retained_tape_replay
212,2026-09-02:NY:8d5c8af5_8ef641a7-815c-4bb5-9798-b070b67d7998_deepseek_1781246265,9,NY,S2,breakout_retest,18,0,0,0,0,,retained_tape_replay
212,2026-09-02:NY:8d5c8af5_8ef641a7-815c-4bb5-9798-b070b67d7998_deepseek_1781246265,9,NY,S3,reject,18,0,0,0,0,,retained_tape_replay
213,2026-09-02:NY:8d5c8af5_8ef641a7-815c-4bb5-9798-b070b67d7998_deepseek_1781246265,10,NY,S1,reject,13,0,0,0,0,,retained_tape_replay
213,2026-09-02:NY:8d5c8af5_8ef641a7-815c-4bb5-9798-b070b67d7998_deepseek_1781246265,10,NY,S2,sweep_reclaim,13,0,0,0,0,,retained_tape_replay
213,2026-09-02:NY:8d5c8af5_8ef641a7-815c-4bb5-9798-b070b67d7998_deepseek_1781246265,10,NY,S3,reject,13,0,0,0,0,,retained_tape_replay
213,2026-09-02:NY:8d5c8af5_8ef641a7-815c-4bb5-9798-b070b67d7998_deepseek_1781246265,10,NY,S4,reject,13,0,0,0,0,,retained_tape_replay
214,2026-09-02:NY:8d5c8af5_8ef641a7-815c-4bb5-9798-b070b67d7998_deepseek_1781246265,11,NY,S1,reclaim,13,2,2,0,0,36512,retained_tape_replay
214,2026-09-02:NY:8d5c8af5_8ef641a7-815c-4bb5-9798-b070b67d7998_deepseek_1781246265,11,NY,S2,reject,13,0,0,0,0,,retained_tape_replay
214,2026-09-02:NY:8d5c8af5_8ef641a7-815c-4bb5-9798-b070b67d7998_deepseek_1781246265,11,NY,S3,sweep_reclaim,13,0,0,0,0,,retained_tape_replay
214,2026-09-02:NY:8d5c8af5_8ef641a7-815c-4bb5-9798-b070b67d7998_deepseek_1781246265,11,NY,S4,reject,13,0,0,0,0,,retained_tape_replay
215,2026-09-02:NY:8d5c8af5_8ef641a7-815c-4bb5-9798-b070b67d7998_deepseek_1781246265,12,NY,S1,sweep_reclaim,23,1,1,0,0,36525,retained_tape_replay
215,2026-09-02:NY:8d5c8af5_8ef641a7-815c-4bb5-9798-b070b67d7998_deepseek_1781246265,12,NY,S2,reclaim,23,1,1,0,0,36525,retained_tape_replay
215,2026-09-02:NY:8d5c8af5_8ef641a7-815c-4bb5-9798-b070b67d7998_deepseek_1781246265,12,NY,S3,reject,23,0,0,0,0,,retained_tape_replay
216,2026-09-02:ASIA:8d5c8af5_8ef641a7-815c-4bb5-9798-b070b67d7998_deepseek_1781246265,1,ASIA,S1,reclaim,8,1,1,0,0,36587,retained_tape_replay
216,2026-09-02:ASIA:8d5c8af5_8ef641a7-815c-4bb5-9798-b070b67d7998_deepseek_1781246265,1,ASIA,S2,sweep_reclaim,8,0,0,0,0,,retained_tape_replay
216,2026-09-02:ASIA:8d5c8af5_8ef641a7-815c-4bb5-9798-b070b67d7998_deepseek_1781246265,1,ASIA,S3,breakout_retest,8,0,0,0,0,,retained_tape_replay
216,2026-09-02:ASIA:8d5c8af5_8ef641a7-815c-4bb5-9798-b070b67d7998_deepseek_1781246265,1,ASIA,S4,sweep_reclaim,8,0,0,0,0,,retained_tape_replay
217,2026-09-02:ASIA:8d5c8af5_8ef641a7-815c-4bb5-9798-b070b67d7998_deepseek_1781246265,2,ASIA,S1,sweep_reclaim,15,0,0,0,0,,retained_tape_replay
217,2026-09-02:ASIA:8d5c8af5_8ef641a7-815c-4bb5-9798-b070b67d7998_deepseek_1781246265,2,ASIA,S2,sweep_reclaim,15,0,0,0,0,,retained_tape_replay
218,2026-09-02:ASIA:8d5c8af5_8ef641a7-815c-4bb5-9798-b070b67d7998_deepseek_1781246265,3,ASIA,S1,sweep_reclaim,7,0,0,0,0,,retained_tape_replay
218,2026-09-02:ASIA:8d5c8af5_8ef641a7-815c-4bb5-9798-b070b67d7998_deepseek_1781246265,3,ASIA,S2,sweep_reclaim,7,0,0,0,0,,retained_tape_replay
218,2026-09-02:ASIA:8d5c8af5_8ef641a7-815c-4bb5-9798-b070b67d7998_deepseek_1781246265,3,ASIA,S3,reject,7,0,0,0,0,,retained_tape_replay
219,2026-09-02:ASIA:8d5c8af5_8ef641a7-815c-4bb5-9798-b070b67d7998_deepseek_1781246265,4,ASIA,S1,reject,8,0,0,0,0,,retained_tape_replay
219,2026-09-02:ASIA:8d5c8af5_8ef641a7-815c-4bb5-9798-b070b67d7998_deepseek_1781246265,4,ASIA,S2,sweep_reclaim,8,0,0,0,0,,retained_tape_replay
219,2026-09-02:ASIA:8d5c8af5_8ef641a7-815c-4bb5-9798-b070b67d7998_deepseek_1781246265,4,ASIA,S3,reject,8,0,0,0,0,,retained_tape_replay
220,2026-09-02:ASIA:8d5c8af5_8ef641a7-815c-4bb5-9798-b070b67d7998_deepseek_1781246265,5,ASIA,S1,reject,11,0,0,0,0,,retained_tape_replay
220,2026-09-02:ASIA:8d5c8af5_8ef641a7-815c-4bb5-9798-b070b67d7998_deepseek_1781246265,5,ASIA,S2,sweep_reclaim,11,0,0,0,0,,retained_tape_replay
220,2026-09-02:ASIA:8d5c8af5_8ef641a7-815c-4bb5-9798-b070b67d7998_deepseek_1781246265,5,ASIA,S3,breakout_retest,11,0,0,0,0,,retained_tape_replay
220,2026-09-02:ASIA:8d5c8af5_8ef641a7-815c-4bb5-9798-b070b67d7998_deepseek_1781246265,5,ASIA,S4,reject,11,0,0,0,0,,retained_tape_replay
221,2026-09-02:ASIA:8d5c8af5_8ef641a7-815c-4bb5-9798-b070b67d7998_deepseek_1781246265,6,ASIA,S1,sweep_reclaim,7,0,0,0,0,,retained_tape_replay
221,2026-09-02:ASIA:8d5c8af5_8ef641a7-815c-4bb5-9798-b070b67d7998_deepseek_1781246265,6,ASIA,S2,reject,7,0,0,0,0,,retained_tape_replay
221,2026-09-02:ASIA:8d5c8af5_8ef641a7-815c-4bb5-9798-b070b67d7998_deepseek_1781246265,6,ASIA,S3,reject,7,0,0,0,0,,retained_tape_replay
222,2026-09-02:ASIA:8d5c8af5_8ef641a7-815c-4bb5-9798-b070b67d7998_deepseek_1781246265,7,ASIA,S1,reject,32,0,0,0,0,,retained_tape_replay
222,2026-09-02:ASIA:8d5c8af5_8ef641a7-815c-4bb5-9798-b070b67d7998_deepseek_1781246265,7,ASIA,S2,sweep_reclaim,32,0,0,0,0,,retained_tape_replay
224,2026-09-02:ASIA:8d5c8af5_8ef641a7-815c-4bb5-9798-b070b67d7998_deepseek_1781246265,8,ASIA,S1,reject,15,0,0,0,0,,retained_tape_replay
224,2026-09-02:ASIA:8d5c8af5_8ef641a7-815c-4bb5-9798-b070b67d7998_deepseek_1781246265,8,ASIA,S2,reject,15,0,0,0,0,,retained_tape_replay
224,2026-09-02:ASIA:8d5c8af5_8ef641a7-815c-4bb5-9798-b070b67d7998_deepseek_1781246265,8,ASIA,S3,reject,15,0,0,0,0,,retained_tape_replay
225,2026-09-02:ASIA:8d5c8af5_8ef641a7-815c-4bb5-9798-b070b67d7998_deepseek_1781246265,9,ASIA,S1,reject,11,0,0,0,0,,retained_tape_replay
225,2026-09-02:ASIA:8d5c8af5_8ef641a7-815c-4bb5-9798-b070b67d7998_deepseek_1781246265,9,ASIA,S2,reject,11,0,0,0,0,,retained_tape_replay
226,2026-09-02:ASIA:8d5c8af5_8ef641a7-815c-4bb5-9798-b070b67d7998_deepseek_1781246265,10,ASIA,S1,reject,13,0,0,0,0,,retained_tape_replay
226,2026-09-02:ASIA:8d5c8af5_8ef641a7-815c-4bb5-9798-b070b67d7998_deepseek_1781246265,10,ASIA,S2,reject,13,0,0,0,0,,retained_tape_replay
226,2026-09-02:ASIA:8d5c8af5_8ef641a7-815c-4bb5-9798-b070b67d7998_deepseek_1781246265,10,ASIA,S3,reclaim,13,0,0,0,0,,retained_tape_replay
227,2026-09-02:ASIA:8d5c8af5_8ef641a7-815c-4bb5-9798-b070b67d7998_deepseek_1781246265,11,ASIA,S1,reject,9,0,0,0,0,,retained_tape_replay
227,2026-09-02:ASIA:8d5c8af5_8ef641a7-815c-4bb5-9798-b070b67d7998_deepseek_1781246265,11,ASIA,S2,sweep_reclaim,9,0,0,0,0,,retained_tape_replay
227,2026-09-02:ASIA:8d5c8af5_8ef641a7-815c-4bb5-9798-b070b67d7998_deepseek_1781246265,11,ASIA,S3,sweep_reclaim,9,0,0,0,0,,retained_tape_replay
227,2026-09-02:ASIA:8d5c8af5_8ef641a7-815c-4bb5-9798-b070b67d7998_deepseek_1781246265,11,ASIA,S4,reject,9,0,0,0,0,,retained_tape_replay
228,2026-09-02:ASIA:8d5c8af5_8ef641a7-815c-4bb5-9798-b070b67d7998_deepseek_1781246265,12,ASIA,S1,reject,11,0,0,0,0,,retained_tape_replay
228,2026-09-02:ASIA:8d5c8af5_8ef641a7-815c-4bb5-9798-b070b67d7998_deepseek_1781246265,12,ASIA,S2,reject,11,0,0,0,0,,retained_tape_replay
228,2026-09-02:ASIA:8d5c8af5_8ef641a7-815c-4bb5-9798-b070b67d7998_deepseek_1781246265,12,ASIA,S3,sweep_reclaim,11,0,0,0,0,,retained_tape_replay
229,2026-09-02:ASIA:8d5c8af5_8ef641a7-815c-4bb5-9798-b070b67d7998_deepseek_1781246265,13,ASIA,S1,reject,13,0,0,0,0,,retained_tape_replay
229,2026-09-02:ASIA:8d5c8af5_8ef641a7-815c-4bb5-9798-b070b67d7998_deepseek_1781246265,13,ASIA,S2,sweep_reclaim,13,0,0,0,0,,retained_tape_replay
229,2026-09-02:ASIA:8d5c8af5_8ef641a7-815c-4bb5-9798-b070b67d7998_deepseek_1781246265,13,ASIA,S3,sweep_reclaim,13,0,0,0,0,,retained_tape_replay
230,2026-09-02:ASIA:8d5c8af5_8ef641a7-815c-4bb5-9798-b070b67d7998_deepseek_1781246265,14,ASIA,S1,reject,13,0,0,0,0,,retained_tape_replay
230,2026-09-02:ASIA:8d5c8af5_8ef641a7-815c-4bb5-9798-b070b67d7998_deepseek_1781246265,14,ASIA,S2,sweep_reclaim,13,0,0,0,0,,retained_tape_replay
230,2026-09-02:ASIA:8d5c8af5_8ef641a7-815c-4bb5-9798-b070b67d7998_deepseek_1781246265,14,ASIA,S3,reject,13,0,0,0,0,,retained_tape_replay
230,2026-09-02:ASIA:8d5c8af5_8ef641a7-815c-4bb5-9798-b070b67d7998_deepseek_1781246265,14,ASIA,S4,reject,13,0,0,0,0,,retained_tape_replay
231,2026-09-02:ASIA:8d5c8af5_8ef641a7-815c-4bb5-9798-b070b67d7998_deepseek_1781246265,15,ASIA,S1,reject,5,0,0,0,0,,retained_tape_replay
231,2026-09-02:ASIA:8d5c8af5_8ef641a7-815c-4bb5-9798-b070b67d7998_deepseek_1781246265,15,ASIA,S2,reject,5,0,0,0,0,,retained_tape_replay
232,2026-09-03:LONDON:8d5c8af5_8ef641a7-815c-4bb5-9798-b070b67d7998_deepseek_1781246265,1,LONDON,S1,reject,123,0,0,0,0,,retained_tape_replay
232,2026-09-03:LONDON:8d5c8af5_8ef641a7-815c-4bb5-9798-b070b67d7998_deepseek_1781246265,1,LONDON,S2,sweep_reclaim,123,0,0,0,0,,retained_tape_replay
233,2026-09-03:NY:8d5c8af5_8ef641a7-815c-4bb5-9798-b070b67d7998_deepseek_1781246265,1,NY,S1,reject,7,0,0,0,0,,retained_tape_replay
233,2026-09-03:NY:8d5c8af5_8ef641a7-815c-4bb5-9798-b070b67d7998_deepseek_1781246265,1,NY,S2,breakout_retest,7,0,0,0,0,,retained_tape_replay
233,2026-09-03:NY:8d5c8af5_8ef641a7-815c-4bb5-9798-b070b67d7998_deepseek_1781246265,1,NY,S3,sweep_reclaim,7,0,0,0,0,,retained_tape_replay
234,2026-09-03:LONDON:8d5c8af5_8ef641a7-815c-4bb5-9798-b070b67d7998_deepseek_1781246265,2,LONDON,S1,reject,7,0,0,0,0,,retained_tape_replay
234,2026-09-03:LONDON:8d5c8af5_8ef641a7-815c-4bb5-9798-b070b67d7998_deepseek_1781246265,2,LONDON,S2,sweep_reclaim,7,0,0,0,0,,retained_tape_replay
234,2026-09-03:LONDON:8d5c8af5_8ef641a7-815c-4bb5-9798-b070b67d7998_deepseek_1781246265,2,LONDON,S3,sweep_reclaim,7,0,0,0,0,,retained_tape_replay
235,2026-09-03:NY:8d5c8af5_8ef641a7-815c-4bb5-9798-b070b67d7998_deepseek_1781246265,2,NY,S1,reject,9,0,0,0,0,,retained_tape_replay
235,2026-09-03:NY:8d5c8af5_8ef641a7-815c-4bb5-9798-b070b67d7998_deepseek_1781246265,2,NY,S2,reject,9,0,0,0,0,,retained_tape_replay
235,2026-09-03:NY:8d5c8af5_8ef641a7-815c-4bb5-9798-b070b67d7998_deepseek_1781246265,2,NY,S3,sweep_reclaim,9,1,1,0,0,37069,retained_tape_replay
236,2026-09-03:NY:8d5c8af5_8ef641a7-815c-4bb5-9798-b070b67d7998_deepseek_1781246265,3,NY,S1,reclaim,13,0,0,0,0,,retained_tape_replay
236,2026-09-03:NY:8d5c8af5_8ef641a7-815c-4bb5-9798-b070b67d7998_deepseek_1781246265,3,NY,S2,reject,13,0,0,0,0,,retained_tape_replay
236,2026-09-03:NY:8d5c8af5_8ef641a7-815c-4bb5-9798-b070b67d7998_deepseek_1781246265,3,NY,S3,reject,13,0,0,0,0,,retained_tape_replay
236,2026-09-03:NY:8d5c8af5_8ef641a7-815c-4bb5-9798-b070b67d7998_deepseek_1781246265,3,NY,S4,sweep_reclaim,13,0,0,0,0,,retained_tape_replay
237,2026-09-03:NY:8d5c8af5_8ef641a7-815c-4bb5-9798-b070b67d7998_deepseek_1781246265,4,NY,S1,breakout_retest,15,0,0,0,0,,retained_tape_replay
237,2026-09-03:NY:8d5c8af5_8ef641a7-815c-4bb5-9798-b070b67d7998_deepseek_1781246265,4,NY,S2,breakout_retest,15,0,0,0,0,,retained_tape_replay
237,2026-09-03:NY:8d5c8af5_8ef641a7-815c-4bb5-9798-b070b67d7998_deepseek_1781246265,4,NY,S3,reclaim,15,2,2,0,0,37092,retained_tape_replay
238,2026-09-03:NY:8d5c8af5_8ef641a7-815c-4bb5-9798-b070b67d7998_deepseek_1781246265,5,NY,S1,reclaim,18,2,2,0,0,37107,retained_tape_replay
238,2026-09-03:NY:8d5c8af5_8ef641a7-815c-4bb5-9798-b070b67d7998_deepseek_1781246265,5,NY,S2,reject,18,0,0,0,0,,retained_tape_replay
239,2026-09-03:NY:8d5c8af5_8ef641a7-815c-4bb5-9798-b070b67d7998_deepseek_1781246265,6,NY,S1,reclaim,18,1,1,0,0,37125,retained_tape_replay
239,2026-09-03:NY:8d5c8af5_8ef641a7-815c-4bb5-9798-b070b67d7998_deepseek_1781246265,6,NY,S2,reject,18,0,0,0,0,,retained_tape_replay
239,2026-09-03:NY:8d5c8af5_8ef641a7-815c-4bb5-9798-b070b67d7998_deepseek_1781246265,6,NY,S3,reject,18,0,0,0,0,,retained_tape_replay
240,2026-09-03:NY:8d5c8af5_8ef641a7-815c-4bb5-9798-b070b67d7998_deepseek_1781246265,7,NY,S1,breakout_retest,23,0,0,0,0,,retained_tape_replay
240,2026-09-03:NY:8d5c8af5_8ef641a7-815c-4bb5-9798-b070b67d7998_deepseek_1781246265,7,NY,S2,reclaim,23,0,0,0,0,,retained_tape_replay
240,2026-09-03:NY:8d5c8af5_8ef641a7-815c-4bb5-9798-b070b67d7998_deepseek_1781246265,7,NY,S3,reject,23,0,0,0,0,,retained_tape_replay
241,2026-09-03:ASIA:8d5c8af5_8ef641a7-815c-4bb5-9798-b070b67d7998_deepseek_1781246265,1,ASIA,S1,breakout_retest,54,0,0,0,0,,retained_tape_replay
241,2026-09-03:ASIA:8d5c8af5_8ef641a7-815c-4bb5-9798-b070b67d7998_deepseek_1781246265,1,ASIA,S2,reclaim,54,1,1,0,0,37197,retained_tape_replay
241,2026-09-03:ASIA:8d5c8af5_8ef641a7-815c-4bb5-9798-b070b67d7998_deepseek_1781246265,1,ASIA,S3,sweep_reclaim,54,0,0,0,0,,retained_tape_replay
241,2026-09-03:ASIA:8d5c8af5_8ef641a7-815c-4bb5-9798-b070b67d7998_deepseek_1781246265,1,ASIA,S4,reclaim,54,1,1,0,0,37250,retained_tape_replay
242,2026-09-03:ASIA:8d5c8af5_8ef641a7-815c-4bb5-9798-b070b67d7998_deepseek_1781246265,2,ASIA,S1,sweep_reclaim,18,0,0,0,0,,retained_tape_replay
242,2026-09-03:ASIA:8d5c8af5_8ef641a7-815c-4bb5-9798-b070b67d7998_deepseek_1781246265,2,ASIA,S2,sweep_reclaim,18,0,0,0,0,,retained_tape_replay
242,2026-09-03:ASIA:8d5c8af5_8ef641a7-815c-4bb5-9798-b070b67d7998_deepseek_1781246265,2,ASIA,S3,breakout_retest,18,0,0,0,0,,retained_tape_replay
243,2026-09-03:ASIA:8d5c8af5_8ef641a7-815c-4bb5-9798-b070b67d7998_deepseek_1781246265,3,ASIA,S1,reclaim,12,0,0,0,0,,retained_tape_replay
243,2026-09-03:ASIA:8d5c8af5_8ef641a7-815c-4bb5-9798-b070b67d7998_deepseek_1781246265,3,ASIA,S2,breakout_retest,12,0,0,0,0,,retained_tape_replay
243,2026-09-03:ASIA:8d5c8af5_8ef641a7-815c-4bb5-9798-b070b67d7998_deepseek_1781246265,3,ASIA,S3,sweep_reclaim,12,2,0,0,0,37274,retained_tape_replay
244,2026-09-03:ASIA:8d5c8af5_8ef641a7-815c-4bb5-9798-b070b67d7998_deepseek_1781246265,4,ASIA,S1,reject,19,0,0,0,0,,retained_tape_replay
244,2026-09-03:ASIA:8d5c8af5_8ef641a7-815c-4bb5-9798-b070b67d7998_deepseek_1781246265,4,ASIA,S2,breakout_retest,19,0,0,0,0,,retained_tape_replay
245,2026-09-03:ASIA:8d5c8af5_8ef641a7-815c-4bb5-9798-b070b67d7998_deepseek_1781246265,5,ASIA,S1,sweep_reclaim,23,1,1,0,0,37304,retained_tape_replay
245,2026-09-03:ASIA:8d5c8af5_8ef641a7-815c-4bb5-9798-b070b67d7998_deepseek_1781246265,5,ASIA,S2,breakout_retest,23,1,1,0,0,37323,retained_tape_replay
245,2026-09-03:ASIA:8d5c8af5_8ef641a7-815c-4bb5-9798-b070b67d7998_deepseek_1781246265,5,ASIA,S3,reject,23,0,0,0,0,,retained_tape_replay
246,2026-09-03:ASIA:8d5c8af5_8ef641a7-815c-4bb5-9798-b070b67d7998_deepseek_1781246265,6,ASIA,S1,breakout_retest,19,1,1,0,0,37426,retained_tape_replay
246,2026-09-03:ASIA:8d5c8af5_8ef641a7-815c-4bb5-9798-b070b67d7998_deepseek_1781246265,6,ASIA,S2,sweep_reclaim,19,0,0,0,0,,retained_tape_replay
246,2026-09-03:ASIA:8d5c8af5_8ef641a7-815c-4bb5-9798-b070b67d7998_deepseek_1781246265,6,ASIA,S3,reject,19,0,0,0,0,,retained_tape_replay
246,2026-09-03:ASIA:8d5c8af5_8ef641a7-815c-4bb5-9798-b070b67d7998_deepseek_1781246265,6,ASIA,S4,sweep_reclaim,19,0,0,0,0,,retained_tape_replay
247,2026-09-03:ASIA:8d5c8af5_8ef641a7-815c-4bb5-9798-b070b67d7998_deepseek_1781246265,7,ASIA,S1,breakout_retest,15,0,0,0,0,,retained_tape_replay
247,2026-09-03:ASIA:8d5c8af5_8ef641a7-815c-4bb5-9798-b070b67d7998_deepseek_1781246265,7,ASIA,S2,reclaim,15,1,1,0,0,37435,retained_tape_replay
247,2026-09-03:ASIA:8d5c8af5_8ef641a7-815c-4bb5-9798-b070b67d7998_deepseek_1781246265,7,ASIA,S3,sweep_reclaim,15,0,0,0,0,,retained_tape_replay
248,2026-09-04:LONDON:8d5c8af5_8ef641a7-815c-4bb5-9798-b070b67d7998_deepseek_1781246265,1,LONDON,S1,reclaim,2,0,0,0,0,,retained_tape_replay
248,2026-09-04:LONDON:8d5c8af5_8ef641a7-815c-4bb5-9798-b070b67d7998_deepseek_1781246265,1,LONDON,S2,reject,2,0,0,0,0,,retained_tape_replay
248,2026-09-04:LONDON:8d5c8af5_8ef641a7-815c-4bb5-9798-b070b67d7998_deepseek_1781246265,1,LONDON,S3,sweep_reclaim,2,0,0,0,0,,retained_tape_replay
248,2026-09-04:LONDON:8d5c8af5_8ef641a7-815c-4bb5-9798-b070b67d7998_deepseek_1781246265,1,LONDON,S4,reclaim,2,0,0,0,0,,retained_tape_replay
249,2026-09-04:LONDON:8d5c8af5_8ef641a7-815c-4bb5-9798-b070b67d7998_deepseek_1781246265,2,LONDON,S1,reject,23,0,0,0,0,,retained_tape_replay
249,2026-09-04:LONDON:8d5c8af5_8ef641a7-815c-4bb5-9798-b070b67d7998_deepseek_1781246265,2,LONDON,S2,acceptance,23,0,0,0,0,,retained_tape_replay
250,2026-09-04:LONDON:8d5c8af5_8ef641a7-815c-4bb5-9798-b070b67d7998_deepseek_1781246265,3,LONDON,S1,sweep_reclaim,17,0,0,0,0,,retained_tape_replay
250,2026-09-04:LONDON:8d5c8af5_8ef641a7-815c-4bb5-9798-b070b67d7998_deepseek_1781246265,3,LONDON,S2,reject,17,0,0,0,0,,retained_tape_replay
250,2026-09-04:LONDON:8d5c8af5_8ef641a7-815c-4bb5-9798-b070b67d7998_deepseek_1781246265,3,LONDON,S3,sweep_reclaim,17,0,0,0,0,,retained_tape_replay
251,2026-09-04:NY:8d5c8af5_8ef641a7-815c-4bb5-9798-b070b67d7998_deepseek_1781246265,1,NY,S0,hold,0,0,0,0,0,,NOT_REPLAYED
252,2026-09-04:NY:8d5c8af5_8ef641a7-815c-4bb5-9798-b070b67d7998_deepseek_1781246265,2,NY,S1,sweep_reclaim,5,0,0,0,0,,retained_tape_replay
252,2026-09-04:NY:8d5c8af5_8ef641a7-815c-4bb5-9798-b070b67d7998_deepseek_1781246265,2,NY,S2,sweep_reclaim,5,0,0,0,0,,retained_tape_replay
253,2026-09-04:NY:8d5c8af5_8ef641a7-815c-4bb5-9798-b070b67d7998_deepseek_1781246265,3,NY,S1,reject,65,0,0,0,0,,retained_tape_replay
253,2026-09-04:NY:8d5c8af5_8ef641a7-815c-4bb5-9798-b070b67d7998_deepseek_1781246265,3,NY,S2,reclaim,65,3,3,3,0,37677,retained_tape_replay
254,2026-09-04:NY:8d5c8af5_8ef641a7-815c-4bb5-9798-b070b67d7998_deepseek_1781246265,4,NY,S1,reject,12,0,0,0,0,,retained_tape_replay
254,2026-09-04:NY:8d5c8af5_8ef641a7-815c-4bb5-9798-b070b67d7998_deepseek_1781246265,4,NY,S2,sweep_reclaim,12,0,0,0,0,,retained_tape_replay
254,2026-09-04:NY:8d5c8af5_8ef641a7-815c-4bb5-9798-b070b67d7998_deepseek_1781246265,4,NY,S3,reject,12,0,0,0,0,,retained_tape_replay
255,2026-09-04:NY:8d5c8af5_8ef641a7-815c-4bb5-9798-b070b67d7998_deepseek_1781246265,5,NY,S1,sweep_reclaim,18,0,0,0,0,,retained_tape_replay
255,2026-09-04:NY:8d5c8af5_8ef641a7-815c-4bb5-9798-b070b67d7998_deepseek_1781246265,5,NY,S2,breakout_retest,18,0,0,0,0,,retained_tape_replay
256,2026-09-04:NY:8d5c8af5_8ef641a7-815c-4bb5-9798-b070b67d7998_deepseek_1781246265,6,NY,S1,reject,8,0,0,0,0,,retained_tape_replay
256,2026-09-04:NY:8d5c8af5_8ef641a7-815c-4bb5-9798-b070b67d7998_deepseek_1781246265,6,NY,S2,sweep_reclaim,8,0,0,0,0,,retained_tape_replay
256,2026-09-04:NY:8d5c8af5_8ef641a7-815c-4bb5-9798-b070b67d7998_deepseek_1781246265,6,NY,S3,sweep_reclaim,8,0,0,0,0,,retained_tape_replay
258,2026-09-06:ASIA:8d5c8af5_8ef641a7-815c-4bb5-9798-b070b67d7998_deepseek_1781246265,1,ASIA,S1,reject,24,0,0,0,0,,retained_tape_replay
258,2026-09-06:ASIA:8d5c8af5_8ef641a7-815c-4bb5-9798-b070b67d7998_deepseek_1781246265,1,ASIA,S2,reclaim,24,2,2,2,0,37769,retained_tape_replay
258,2026-09-06:ASIA:8d5c8af5_8ef641a7-815c-4bb5-9798-b070b67d7998_deepseek_1781246265,1,ASIA,S3,reject,24,0,0,0,0,,retained_tape_replay
259,2026-09-06:ASIA:8d5c8af5_8ef641a7-815c-4bb5-9798-b070b67d7998_deepseek_1781246265,2,ASIA,S1,sweep_reclaim,67,0,0,0,0,,retained_tape_replay
259,2026-09-06:ASIA:8d5c8af5_8ef641a7-815c-4bb5-9798-b070b67d7998_deepseek_1781246265,2,ASIA,S2,reclaim,67,1,1,1,0,37794,retained_tape_replay
259,2026-09-06:ASIA:8d5c8af5_8ef641a7-815c-4bb5-9798-b070b67d7998_deepseek_1781246265,2,ASIA,S3,reject,67,0,0,0,0,,retained_tape_replay
260,2026-09-06:ASIA:8d5c8af5_8ef641a7-815c-4bb5-9798-b070b67d7998_deepseek_1781246265,3,ASIA,S1,sweep_reclaim,95,0,0,0,0,,retained_tape_replay
260,2026-09-06:ASIA:8d5c8af5_8ef641a7-815c-4bb5-9798-b070b67d7998_deepseek_1781246265,3,ASIA,S2,reject,95,0,0,0,0,,retained_tape_replay
261,2026-09-06:ASIA:8d5c8af5_8ef641a7-815c-4bb5-9798-b070b67d7998_deepseek_1781246265,4,ASIA,S1,reject,6,0,0,0,0,,retained_tape_replay
261,2026-09-06:ASIA:8d5c8af5_8ef641a7-815c-4bb5-9798-b070b67d7998_deepseek_1781246265,4,ASIA,S2,reclaim,6,0,0,0,0,,retained_tape_replay
262,2026-09-06:ASIA:8d5c8af5_8ef641a7-815c-4bb5-9798-b070b67d7998_deepseek_1781246265,5,ASIA,S1,reject,3,0,0,0,0,,retained_tape_replay
262,2026-09-06:ASIA:8d5c8af5_8ef641a7-815c-4bb5-9798-b070b67d7998_deepseek_1781246265,5,ASIA,S2,reject,3,0,0,0,0,,retained_tape_replay
262,2026-09-06:ASIA:8d5c8af5_8ef641a7-815c-4bb5-9798-b070b67d7998_deepseek_1781246265,5,ASIA,S3,sweep_reclaim,3,0,0,0,0,,retained_tape_replay
263,2026-09-06:ASIA:8d5c8af5_8ef641a7-815c-4bb5-9798-b070b67d7998_deepseek_1781246265,6,ASIA,S1,sweep_reclaim,0,0,0,0,0,,NOT_REPLAYED
263,2026-09-06:ASIA:8d5c8af5_8ef641a7-815c-4bb5-9798-b070b67d7998_deepseek_1781246265,6,ASIA,S2,reject,0,0,0,0,0,,NOT_REPLAYED
263,2026-09-06:ASIA:8d5c8af5_8ef641a7-815c-4bb5-9798-b070b67d7998_deepseek_1781246265,6,ASIA,S3,reject,0,0,0,0,0,,NOT_REPLAYED
263,2026-09-06:ASIA:8d5c8af5_8ef641a7-815c-4bb5-9798-b070b67d7998_deepseek_1781246265,6,ASIA,S4,sweep_reclaim,0,0,0,0,0,,NOT_REPLAYED
264,2026-09-07:ASIA:8d5c8af5_8ef641a7-815c-4bb5-9798-b070b67d7998_deepseek_1781246265,1,ASIA,S1,sweep_reclaim,16,1,1,0,0,37984,retained_tape_replay
264,2026-09-07:ASIA:8d5c8af5_8ef641a7-815c-4bb5-9798-b070b67d7998_deepseek_1781246265,1,ASIA,S2,reject,16,0,0,0,0,,retained_tape_replay
264,2026-09-07:ASIA:8d5c8af5_8ef641a7-815c-4bb5-9798-b070b67d7998_deepseek_1781246265,1,ASIA,S3,hold,16,0,0,0,0,,retained_tape_replay
265,2026-09-07:ASIA:8d5c8af5_8ef641a7-815c-4bb5-9798-b070b67d7998_deepseek_1781246265,2,ASIA,S1,reject,1,0,0,0,0,,retained_tape_replay
265,2026-09-07:ASIA:8d5c8af5_8ef641a7-815c-4bb5-9798-b070b67d7998_deepseek_1781246265,2,ASIA,S2,reject,1,0,0,0,0,,retained_tape_replay
265,2026-09-07:ASIA:8d5c8af5_8ef641a7-815c-4bb5-9798-b070b67d7998_deepseek_1781246265,2,ASIA,S3,reject,1,0,0,0,0,,retained_tape_replay
265,2026-09-07:ASIA:8d5c8af5_8ef641a7-815c-4bb5-9798-b070b67d7998_deepseek_1781246265,2,ASIA,S4,sweep_reclaim,1,0,0,0,0,,retained_tape_replay
266,2026-09-07:ASIA:8d5c8af5_8ef641a7-815c-4bb5-9798-b070b67d7998_deepseek_1781246265,3,ASIA,S1,reject,33,0,0,0,0,,retained_tape_replay
266,2026-09-07:ASIA:8d5c8af5_8ef641a7-815c-4bb5-9798-b070b67d7998_deepseek_1781246265,3,ASIA,S2,reject,33,0,0,0,0,,retained_tape_replay
266,2026-09-07:ASIA:8d5c8af5_8ef641a7-815c-4bb5-9798-b070b67d7998_deepseek_1781246265,3,ASIA,S3,sweep_reclaim,33,0,0,0,0,,retained_tape_replay
267,2026-09-07:ASIA:8d5c8af5_8ef641a7-815c-4bb5-9798-b070b67d7998_deepseek_1781246265,4,ASIA,S1,reject,19,0,0,0,0,,retained_tape_replay
267,2026-09-07:ASIA:8d5c8af5_8ef641a7-815c-4bb5-9798-b070b67d7998_deepseek_1781246265,4,ASIA,S2,breakout_retest,19,0,0,0,0,,retained_tape_replay
268,2026-09-07:ASIA:8d5c8af5_8ef641a7-815c-4bb5-9798-b070b67d7998_deepseek_1781246265,5,ASIA,S1,reject,50,0,0,0,0,,retained_tape_replay
268,2026-09-07:ASIA:8d5c8af5_8ef641a7-815c-4bb5-9798-b070b67d7998_deepseek_1781246265,5,ASIA,S2,reject,50,0,0,0,0,,retained_tape_replay
268,2026-09-07:ASIA:8d5c8af5_8ef641a7-815c-4bb5-9798-b070b67d7998_deepseek_1781246265,5,ASIA,S3,hold,50,0,0,0,0,,retained_tape_replay
268,2026-09-07:ASIA:8d5c8af5_8ef641a7-815c-4bb5-9798-b070b67d7998_deepseek_1781246265,5,ASIA,S4,reclaim,50,0,0,0,0,,retained_tape_replay
269,2026-09-08:LONDON:8d5c8af5_8ef641a7-815c-4bb5-9798-b070b67d7998_deepseek_1781246265,1,LONDON,S1,reject,5,0,0,0,0,,retained_tape_replay
269,2026-09-08:LONDON:8d5c8af5_8ef641a7-815c-4bb5-9798-b070b67d7998_deepseek_1781246265,1,LONDON,S2,reclaim,5,0,0,0,0,,retained_tape_replay
269,2026-09-08:LONDON:8d5c8af5_8ef641a7-815c-4bb5-9798-b070b67d7998_deepseek_1781246265,1,LONDON,S3,reject,5,0,0,0,0,,retained_tape_replay
270,2026-09-08:LONDON:8d5c8af5_8ef641a7-815c-4bb5-9798-b070b67d7998_deepseek_1781246265,2,LONDON,S1,sweep_reclaim,22,0,0,0,0,,retained_tape_replay
270,2026-09-08:LONDON:8d5c8af5_8ef641a7-815c-4bb5-9798-b070b67d7998_deepseek_1781246265,2,LONDON,S2,reject,22,0,0,0,0,,retained_tape_replay
270,2026-09-08:LONDON:8d5c8af5_8ef641a7-815c-4bb5-9798-b070b67d7998_deepseek_1781246265,2,LONDON,S3,reject,22,0,0,0,0,,retained_tape_replay
270,2026-09-08:LONDON:8d5c8af5_8ef641a7-815c-4bb5-9798-b070b67d7998_deepseek_1781246265,2,LONDON,S4,reject,22,0,0,0,0,,retained_tape_replay
271,2026-09-08:LONDON:8d5c8af5_8ef641a7-815c-4bb5-9798-b070b67d7998_deepseek_1781246265,3,LONDON,S1,reject,6,0,0,0,0,,retained_tape_replay
271,2026-09-08:LONDON:8d5c8af5_8ef641a7-815c-4bb5-9798-b070b67d7998_deepseek_1781246265,3,LONDON,S2,reject,6,0,0,0,0,,retained_tape_replay
272,2026-09-08:LONDON:8d5c8af5_8ef641a7-815c-4bb5-9798-b070b67d7998_deepseek_1781246265,4,LONDON,S1,reject,27,0,0,0,0,,retained_tape_replay
272,2026-09-08:LONDON:8d5c8af5_8ef641a7-815c-4bb5-9798-b070b67d7998_deepseek_1781246265,4,LONDON,S2,sweep_reclaim,27,0,0,0,0,,retained_tape_replay
272,2026-09-08:LONDON:8d5c8af5_8ef641a7-815c-4bb5-9798-b070b67d7998_deepseek_1781246265,4,LONDON,S3,reject,27,0,0,0,0,,retained_tape_replay
273,2026-09-08:LONDON:8d5c8af5_8ef641a7-815c-4bb5-9798-b070b67d7998_deepseek_1781246265,5,LONDON,S1,reclaim,123,2,2,2,0,38216,retained_tape_replay
273,2026-09-08:LONDON:8d5c8af5_8ef641a7-815c-4bb5-9798-b070b67d7998_deepseek_1781246265,5,LONDON,S2,breakup_continue,123,0,0,0,0,,retained_tape_replay
273,2026-09-08:LONDON:8d5c8af5_8ef641a7-815c-4bb5-9798-b070b67d7998_deepseek_1781246265,5,LONDON,S3,sweep_reclaim,123,0,0,0,0,,retained_tape_replay
274,2026-09-08:NY:8d5c8af5_8ef641a7-815c-4bb5-9798-b070b67d7998_deepseek_1781246265,1,NY,S1,reject,8,0,0,0,0,,retained_tape_replay
274,2026-09-08:NY:8d5c8af5_8ef641a7-815c-4bb5-9798-b070b67d7998_deepseek_1781246265,1,NY,S2,reject,8,0,0,0,0,,retained_tape_replay
274,2026-09-08:NY:8d5c8af5_8ef641a7-815c-4bb5-9798-b070b67d7998_deepseek_1781246265,1,NY,S3,breakout_retest,8,0,0,0,0,,retained_tape_replay
